"p_val","avg_log2FC","pct.1","pct.2","p_val_adj","cluster","gene"
3.2755749954207e-28,5.52355916378121,0.373,0.016,8.19843665603847e-24,"0","Grin2c"
5.6923499290621e-41,4.99581270069707,0.458,0.029,1.42473826374495e-36,"0","Acsbg1"
6.42891552262761e-28,4.96059008521746,0.331,0.021,1.60909326615846e-23,"0","C030005K06Rik"
2.98038473343282e-20,4.7037406592829,0.319,0.022,7.45960494930901e-16,"0","Atp13a4"
8.44926924190708e-62,4.52566859268264,0.749,0.09,2.11476759855692e-57,"0","Nhsl1"
3.61268088663899e-44,4.50292733651211,0.533,0.052,9.04217899116872e-40,"0","Htra1"
7.36506978271791e-24,4.48587754483399,0.388,0.037,1.84340331591647e-19,"0","Gm13872"
3.92892431342151e-32,4.47655721172177,0.403,0.029,9.83370466406269e-28,"0","Fgfr3"
3.90041175159748e-26,4.32420202848385,0.378,0.045,9.76234057307333e-22,"0","Gm31356"
4.33254703944796e-34,4.30983646004043,0.492,0.047,1.08439319850343e-29,"0","Slc7a11"
2.17696230204374e-19,4.26135360128881,0.279,0.027,5.44871894578528e-15,"0","Gm40578"
2.79696470162755e-14,4.22061955156185,0.273,0.028,7.00052295170359e-10,"0","Dbx2"
1.29017297331294e-47,4.20424487443691,0.576,0.063,3.22917393490497e-43,"0","Phkg1"
7.28985180429614e-36,4.17279981787667,0.569,0.059,1.82457700809728e-31,"0","Gli3"
1.43789150594143e-18,4.16690556271708,0.25,0.024,3.59889865022081e-14,"0","Folh1"
2.00705156583361e-51,4.16649539285409,0.641,0.084,5.02344936412494e-47,"0","Paqr8"
1.53788014265641e-19,4.15948848529864,0.299,0.029,3.84916020905473e-15,"0","Slc7a10"
2.83825333882954e-30,4.14326371495375,0.382,0.041,7.10386428175645e-26,"0","Frmpd1"
1.79121908951674e-47,4.08068921773391,0.626,0.079,4.48324225915145e-43,"0","Nwd1"
4.20978535428688e-16,4.06654797995741,0.26,0.034,1.05366717632446e-11,"0","Celrr"
1.44843519567237e-24,4.06242691869659,0.346,0.031,3.62528845124836e-20,"0","Csrp1"
4.84066498621345e-27,4.06100462822111,0.418,0.051,1.21157003939937e-22,"0","Slc39a12"
1.48619219248194e-37,4.05604066687209,0.553,0.054,3.71979043856305e-33,"0","Gm6145"
6.01479055266031e-37,4.05445975153188,0.518,0.059,1.50544192742535e-32,"0","Daam2"
4.12398419901644e-26,4.05217334779037,0.354,0.044,1.03219200517182e-21,"0","Hif3a"
3.2409205049213e-19,4.02790354381834,0.274,0.032,8.11169993176753e-15,"0","4930505G20Rik"
1.35972567043251e-26,3.99993055916714,0.376,0.03,3.40325738052553e-22,"0","Gli2"
3.57424290403052e-33,3.98697070995352,0.465,0.076,8.94597256449799e-29,"0","Lrig1"
1.1480915452442e-31,3.97127829535508,0.413,0.044,2.87355832859171e-27,"0","Tnfaip8"
7.92802797350833e-26,3.96255427170716,0.352,0.041,1.9843061214894e-21,"0","F3"
3.34343500989139e-35,3.93918352269129,0.505,0.048,8.36828348625715e-31,"0","Prdm16"
1.12863901927268e-19,3.93606103722597,0.335,0.057,2.8248706013376e-15,"0","Gm12239"
3.47367748902707e-85,3.92928396589875,0.962,0.339,8.69426738728586e-81,"0","Slc1a2"
2.45951068452595e-88,3.88088118362405,0.985,0.512,6.15590929229999e-84,"0","Wdr17"
5.65075624684639e-29,3.86438345530745,0.43,0.04,1.41432778102318e-24,"0","Gja1"
2.62401412093844e-66,3.83311718106327,0.81,0.138,6.56764494329683e-62,"0","Rorb"
2.89598114725766e-16,3.81173909080107,0.316,0.051,7.2483512134712e-12,"0","Fam20a"
6.69857467556145e-27,3.7844028875771,0.375,0.047,1.67658625554628e-22,"0","Palld"
9.3433256957419e-22,3.78238605975113,0.358,0.041,2.33854098838724e-17,"0","Fgd6"
8.68848430860396e-72,3.76011944674064,0.855,0.239,2.17464073760048e-67,"0","Slc4a4"
1.26264685519367e-25,3.71412691186462,0.409,0.042,3.16027881386424e-21,"0","Mfge8"
1.70593250921742e-79,3.67390375497188,0.916,0.228,4.26977847732028e-75,"0","Gm20713"
1.22687522080871e-20,3.61394500492456,0.343,0.05,3.07074599016212e-16,"0","Plcd4"
2.79056796834705e-93,3.60946838933225,0.981,0.376,6.98451256797584e-89,"0","Gpc5"
8.7612916649588e-64,3.60863540723915,0.819,0.152,2.19286369082254e-59,"0","Plpp3"
2.61098951493336e-78,3.59684568673927,0.909,0.185,6.53504565692671e-74,"0","Slc1a3"
1.14233696202297e-26,3.59123590011435,0.414,0.053,2.85915518224728e-22,"0","Pla2g7"
7.14609800732213e-17,3.56701192043714,0.31,0.033,1.78859687025266e-12,"0","S1pr1"
4.14300548758396e-67,3.4795255934724,0.843,0.156,1.03695284348739e-62,"0","Atp1a2"
2.69260292208885e-42,3.40579413837894,0.572,0.093,6.73931585369618e-38,"0","Hepacam"
3.57049836841262e-14,3.39795925411228,0.287,0.059,8.93660036629994e-10,"0","Vegfa"
2.17558953140802e-23,3.38930748354317,0.375,0.056,5.44528303816114e-19,"0","Gramd3"
5.37144477211669e-29,3.37150909124645,0.483,0.072,1.34441891201309e-24,"0","Glul"
2.13941780571537e-63,3.30354668558312,0.773,0.173,5.35474882592501e-59,"0","Sparcl1"
1.02244873169188e-36,3.27994176183959,0.508,0.076,2.5590869305516e-32,"0","Glis3"
1.60443938549972e-19,3.27893959916846,0.456,0.123,4.01575133796724e-15,"0","Slc6a11"
2.46865045276312e-17,3.26649693223877,0.259,0.035,6.17878521822081e-13,"0","Gpr37l1"
3.21554194954334e-30,3.2662197612083,0.485,0.117,8.04817994551204e-26,"0","Phka1"
1.69717441394549e-80,3.26345642948419,0.954,0.406,4.24785784066418e-76,"0","Gm3764"
1.55727601040912e-24,3.24589669064098,0.496,0.07,3.89770612645299e-20,"0","8030451A03Rik"
1.40206766906437e-19,3.24299370996462,0.286,0.044,3.50923516890122e-15,"0","Prrx1"
4.54708561741691e-15,3.23543919033154,0.262,0.045,1.13809005918328e-10,"0","Ptpn13"
9.37208952510041e-22,3.22274888455297,0.398,0.078,2.34574028723738e-17,"0","Rgma"
2.81302286179318e-36,3.22156789475958,0.598,0.162,7.04071492078216e-32,"0","Prex2"
6.81687743592629e-31,3.21198950788801,0.524,0.112,1.70619625343799e-26,"0","Bmpr1b"
1.79899655707966e-41,3.21198539204641,0.576,0.097,4.50270848271469e-37,"0","Lama2"
6.52722246189279e-15,3.20888013558164,0.316,0.066,1.63369850998715e-10,"0","Prdx6"
2.7057273046661e-17,3.19005243782767,0.254,0.078,6.77216487084877e-13,"0","Aifm3"
9.90666698165891e-15,3.17872302203512,0.282,0.06,2.47953967883941e-10,"0","Rapgef3"
1.25442841749058e-56,3.17303651146592,0.847,0.363,3.13970888613716e-52,"0","Grm3"
7.85757209233939e-25,3.16422299947952,0.494,0.118,1.96667171899163e-20,"0","Gm29683"
2.39152642792975e-15,3.14191691549207,0.374,0.056,5.98575149646537e-11,"0","Tnc"
1.05167422977529e-14,3.14182151147815,0.287,0.066,2.63223542970457e-10,"0","9430041J12Rik"
1.22011668189988e-14,3.11341420152772,0.267,0.067,3.05383004312722e-10,"0","Gpam"
3.79034965602671e-31,3.09274312836148,0.518,0.135,9.48686615406925e-27,"0","Arhgef26"
2.36296405549605e-12,3.09097255886693,0.273,0.042,5.91426273450107e-08,"0","Gm26512"
8.10385412762268e-20,3.07356496128766,0.331,0.055,2.02831364960268e-15,"0","Tcf7l1"
5.61525576802725e-31,3.06666973580913,0.518,0.139,1.40544236617954e-26,"0","Clybl"
2.11998301488109e-38,3.06493841736508,0.668,0.146,5.30610548794587e-34,"0","Apoe"
8.60416642223018e-32,3.05541344833454,0.494,0.088,2.15353681381999e-27,"0","Bcan"
7.34358291987493e-18,3.05429061325381,0.285,0.05,1.8380253690155e-13,"0","Ednrb"
1.34318449902397e-22,3.01484126441206,0.348,0.056,3.3618564826071e-18,"0","Ndrg2"
2.22011480488741e-41,2.99755098405611,0.619,0.179,5.55672534515269e-37,"0","Myo6"
1.23263728133229e-43,2.9953458930129,0.695,0.246,3.0851678514466e-39,"0","Sfxn5"
1.28750308652218e-09,2.99361785467564,0.267,0.044,3.22249147525637e-05,"0","Egfros"
3.46653831015079e-17,2.97735949796516,0.342,0.066,8.67639873647642e-13,"0","Il18"
1.81519849794297e-16,2.97214402729453,0.412,0.104,4.54326032050147e-12,"0","Gm5089"
2.21486396862432e-16,2.96419810720258,0.373,0.095,5.54358302706982e-12,"0","Appl2"
2.75402691025764e-25,2.95219241090364,0.406,0.064,6.89305395368386e-21,"0","Gm973"
2.38570796232936e-22,2.92986113123431,0.449,0.105,5.97118845891416e-18,"0","Rfx4"
3.52238401986809e-28,2.90456925410505,0.498,0.086,8.81617496332783e-24,"0","Plekhg1"
4.28056410566501e-28,2.90429213192801,0.481,0.078,1.07138239000689e-23,"0","Egfr"
6.13561564458182e-31,2.90114207116433,0.486,0.106,1.53568323968238e-26,"0","Lhfp"
2.07851678692729e-16,2.88320405148519,0.274,0.05,5.20231966600031e-12,"0","Sat1"
6.60282828688868e-26,2.8830432997702,0.457,0.053,1.65262189192537e-21,"0","Slco1c1"
3.72827653280715e-14,2.87546647121849,0.302,0.077,9.33150333396302e-10,"0","Dpf3"
8.72915506078752e-13,2.86634989755059,0.299,0.083,2.18482022016451e-08,"0","Msmo1"
2.21061983010723e-15,2.8618277481764,0.323,0.097,5.53296037277538e-11,"0","Tprkb"
2.15211136838452e-71,2.82577573249014,0.94,0.392,5.38651954392961e-67,"0","Msi2"
6.99063373623454e-20,2.81888836141626,0.404,0.129,1.74968571784214e-15,"0","Slc27a1"
4.608903462741e-21,2.79779438155735,0.396,0.133,1.15356244768945e-16,"0","Ptch1"
4.39575512621511e-17,2.79509863784913,0.413,0.133,1.10021355054038e-12,"0","Nim1k"
7.39147866504235e-20,2.78437047343595,0.485,0.147,1.85001319507345e-15,"0","Acsl3"
2.06214904241061e-19,2.77484242082921,0.455,0.14,5.16135283824951e-15,"0","Arhgef4"
6.74722295276581e-22,2.75688016572936,0.429,0.114,1.68876243284775e-17,"0","Fads2"
1.30101302717499e-45,2.7494186113508,0.801,0.426,3.25630550571628e-41,"0","Tspan7"
3.46151242232189e-24,2.74344158611076,0.482,0.123,8.66381944182945e-20,"0","Clu"
2.69297386780143e-28,2.74062012348818,0.564,0.204,6.7402442937202e-24,"0","Gm14858"
1.33482899728007e-30,2.70582762251475,0.57,0.203,3.3409434972923e-26,"0","Mapk4"
6.96304096048043e-44,2.70442948524974,0.805,0.334,1.74277952199865e-39,"0","Rgs20"
1.30265090945159e-27,2.6832306493079,0.522,0.188,3.26040496126638e-23,"0","Glud1"
1.93492870403323e-19,2.67574100931013,0.391,0.092,4.84293305332478e-15,"0","Zfp521"
6.9710541676227e-23,2.67184361219912,0.449,0.152,1.74478514761429e-18,"0","Mmd2"
2.33885533967329e-39,2.64773271141428,0.785,0.393,5.85392102966828e-35,"0","Gm48747"
2.62036340979598e-32,2.60021618978842,0.636,0.234,6.55850757837837e-28,"0","Sash1"
2.74690846072714e-20,2.58705695914327,0.325,0.095,6.87523718635396e-16,"0","St3gal4"
1.24618930742604e-24,2.58575812483073,0.457,0.17,3.11908721755664e-20,"0","Vcl"
7.93662473874816e-27,2.56386306423243,0.565,0.242,1.98645780586128e-22,"0","Camk2g"
6.15728157489166e-44,2.53922714095826,0.738,0.295,1.54110600537963e-39,"0","Ptn"
3.92737522769195e-10,2.5330763766288,0.302,0.119,9.82982745739017e-06,"0","Cyp7b1"
1.04626502615749e-44,2.52994280201021,0.799,0.412,2.61869673396957e-40,"0","Hdac8"
7.62374278374067e-21,2.50828052907268,0.504,0.186,1.90814658134245e-16,"0","Bcl2"
2.26677213046287e-23,2.50593546260349,0.531,0.153,5.67350396533552e-19,"0","Cdh20"
5.59853446807721e-55,2.49598031575585,0.87,0.474,1.40125719201505e-50,"0","Dtna"
4.84943090566639e-19,2.4866926989197,0.447,0.105,1.21376406137924e-14,"0","Acss1"
2.62945583822436e-19,2.48639739029477,0.362,0.128,6.58126501749174e-15,"0","Igsf8"
1.33884591044872e-45,2.47028543341763,0.812,0.448,3.3509974292621e-41,"0","Trim9"
8.55412078049007e-19,2.4694857959568,0.391,0.123,2.14101089014886e-14,"0","Ddah1"
1.80100764332367e-10,2.46929212233393,0.256,0.085,4.50774203047481e-06,"0","Soat1"
9.85953249894507e-62,2.46616771342242,0.906,0.353,2.46774238916096e-57,"0","Nfia"
3.74918156968841e-20,2.45141105116488,0.538,0.233,9.38382655077313e-16,"0","Adk"
3.01135510065573e-23,2.44819119841315,0.57,0.254,7.53712068143122e-19,"0","Ttyh1"
1.77512016277685e-08,2.44763936547848,0.306,0.128,0.000444294825541417,"0","Lix1"
2.10501691660527e-60,2.42952625276978,0.953,0.522,5.26864684057132e-56,"0","Ptprz1"
1.02839739978837e-15,2.40867000787894,0.309,0.094,2.5739758519303e-11,"0","Asrgl1"
9.43813516356737e-14,2.38041973592375,0.36,0.152,2.36227085008928e-09,"0","Fam228b"
4.15638995145953e-44,2.37612295689104,0.685,0.138,1.04030284095081e-39,"0","Mertk"
1.89538670101333e-86,2.36414152553507,0.995,0.788,4.74396337396627e-82,"0","Ntm"
1.22749242143318e-12,2.3482806264572,0.37,0.123,3.0722907816051e-08,"0","Pard3bos1"
2.53896210487315e-18,2.34264867307969,0.346,0.058,6.35476825228701e-14,"0","Ccdc141"
2.75075130582549e-71,2.3305900150559,0.978,0.588,6.88485544335061e-67,"0","Npas3"
9.1303328380718e-17,2.32795540650292,0.473,0.196,2.28523100604099e-12,"0","Pygb"
1.7366420353344e-35,2.32296417190706,0.717,0.324,4.34664135023847e-31,"0","Trps1"
4.06165582918971e-17,2.29352263475939,0.392,0.126,1.01659183748789e-12,"0","Nxn"
1.8763817768176e-74,2.28498916022738,0.976,0.691,4.69639594919676e-70,"0","Rora"
1.89183555076646e-55,2.28393081011341,0.897,0.578,4.73507520001336e-51,"0","Cpe"
9.51800801853952e-09,2.28132936638637,0.282,0.068,0.000238226222696026,"0","Irak2"
1.61341073845665e-14,2.27189526661147,0.34,0.134,4.03820573728316e-10,"0","Ston2"
4.31488501755781e-17,2.27123536259592,0.384,0.124,1.07997257104455e-12,"0","Insyn2a"
2.5747493757187e-07,2.21065987898162,0.265,0.111,0.00644434021248634,"0","Tnfrsf19"
1.72357357047584e-16,2.20309916593412,0.389,0.109,4.31393228954398e-12,"0","Kank1"
5.77673073549727e-21,2.20098608313914,0.485,0.206,1.44585793578761e-16,"0","Mcc"
1.10510953673283e-15,2.19741315442175,0.412,0.17,2.76597865948861e-11,"0","Arap2"
1.58433368792184e-18,2.18885890465296,0.503,0.189,3.96542878749956e-14,"0","Prkd1"
1.19833257043343e-13,2.17991277082514,0.39,0.187,2.99930659053783e-09,"0","Tiam2"
6.26087815076104e-14,2.16185668225435,0.386,0.192,1.56703519235398e-09,"0","Clmn"
1.98847472712531e-15,2.16073760631145,0.41,0.213,4.97695339452195e-11,"0","Hacd2"
1.44254848398293e-20,2.15578446869064,0.373,0.118,3.61055460056088e-16,"0","Myo10"
6.65842196167069e-19,2.15367747238425,0.332,0.084,1.66653643278656e-14,"0","Abca1"
7.5609218301062e-10,2.1430218681862,0.286,0.091,1.89242312485728e-05,"0","Pdlim5"
5.3079986499063e-26,2.139526426302,0.599,0.252,1.32853898208505e-21,"0","Pard3b"
9.32559086337995e-11,2.1246434561216,0.396,0.164,2.33410213719537e-06,"0","Gng12"
1.14686565383473e-08,2.12388072175822,0.307,0.119,0.000287049004498294,"0","Cachd1"
5.17009336610479e-22,2.11567476017466,0.511,0.267,1.29402266860237e-17,"0","Ddhd1"
5.45932622129391e-16,2.09498894371079,0.579,0.26,1.36641475992765e-11,"0","Cspg5"
1.90194393277114e-19,2.08695988403705,0.504,0.21,4.7603754693329e-15,"0","Lpp"
7.29548400214281e-24,2.07923463441969,0.554,0.222,1.82598669089632e-19,"0","Dock1"
4.76403356095767e-15,2.0690676393041,0.371,0.174,1.19238995997209e-10,"0","Eps15"
1.25424211751886e-10,2.06398444327753,0.352,0.159,3.13924259593796e-06,"0","Igsf11"
1.87156267694917e-11,2.03920703844926,0.28,0.075,4.68433422413607e-07,"0","Pnpla7"
3.07289399878487e-11,2.033462939533,0.308,0.13,7.69114638955866e-07,"0","Cables1"
2.18806260356223e-13,2.03127511030479,0.411,0.215,5.47650189045591e-09,"0","Phyhipl"
7.99795811289367e-25,2.02983704478678,0.645,0.36,2.00180893607616e-20,"0","Grk3"
1.37074177299779e-14,2.02758094076804,0.515,0.274,3.43082958363617e-10,"0","Zhx3"
2.76746414065727e-15,2.01767367095547,0.414,0.105,6.92668599765109e-11,"0","Tcf7l2"
6.1828411287925e-18,1.98499125677703,0.487,0.256,1.54750330612547e-13,"0","Sumo1"
8.59424723675828e-12,1.9658726444788,0.354,0.169,2.15105414088823e-07,"0","Fgfr1"
7.84531983843729e-10,1.95189485608323,0.344,0.144,1.96360510236247e-05,"0","Tspan9"
6.96726198173026e-28,1.945422505675,0.818,0.548,1.74383600140727e-23,"0","Luzp2"
6.52365954418326e-12,1.92743780574397,0.451,0.213,1.63280674731363e-07,"0","Tmem164"
1.55093952927997e-15,1.92437697094028,0.319,0.102,3.88184654783485e-11,"0","Itga6"
1.04274667124976e-08,1.91018148333065,0.351,0.192,0.000260989064347101,"0","Cep85l"
6.35648021361173e-09,1.90777623407621,0.303,0.114,0.000159096343266488,"0","Gm13684"
5.40958425384295e-13,1.90299516347405,0.442,0.262,1.35396484289435e-08,"0","Ahcyl1"
4.11357520755322e-38,1.89290321334538,0.776,0.468,1.02958673869849e-33,"0","Pitpnc1"
1.06211118384911e-09,1.87703469003806,0.331,0.154,2.65835808205594e-05,"0","Zhx2"
4.54217108811157e-45,1.87311491634717,0.855,0.591,1.13686000164345e-40,"0","Gpm6b"
3.27555779000091e-13,1.87179108137748,0.349,0.123,8.19839359259327e-09,"0","Stard13"
4.89215102590424e-12,1.84060569932036,0.374,0.213,1.22445648027357e-07,"0","Gm47423"
9.84053350906165e-12,1.82636231023093,0.566,0.373,2.46298713198304e-07,"0","Fars2"
6.47369271720123e-08,1.82327422324136,0.384,0.257,0.0016203005501883,"0","Gm26827"
4.84980771441482e-11,1.81630209640679,0.427,0.243,1.21385837284088e-06,"0","Znrf3"
6.47311018692186e-10,1.81357646014415,0.383,0.202,1.62015474868467e-05,"0","Eps8"
1.01111871106619e-30,1.81348649983647,0.817,0.47,2.53072902192758e-26,"0","Nckap5"
5.18085513378958e-26,1.79822960061209,0.701,0.426,1.29671623143619e-21,"0","Fnbp1"
1.73743679991835e-54,1.79066005222114,0.932,0.739,4.34863056651565e-50,"0","Son"
6.64067090890385e-33,1.77743266242471,0.791,0.548,1.66209352178955e-28,"0","Stox2"
9.18386519855374e-11,1.77601452993901,0.418,0.21,2.29862962054602e-06,"0","Tead1"
4.76859962016159e-49,1.76792682358778,0.923,0.533,1.19353279893025e-44,"0","Zbtb20"
8.67297043349088e-08,1.76537609930139,0.286,0.141,0.00217075776979843,"0","Gm11713"
1.18020058331438e-09,1.76263545174546,0.387,0.197,2.95392403997756e-05,"0","Slc6a1"
3.27176580577216e-09,1.7596828133395,0.41,0.218,8.18890263526714e-05,"0","Mgll"
8.0707413950453e-08,1.74784057529784,0.492,0.331,0.00202002586376589,"0","Gm48765"
7.84321457013949e-11,1.73558846785342,0.426,0.254,1.96307817476021e-06,"0","Phkb"
1.43115124842583e-30,1.724833553881,0.809,0.468,3.58202845968502e-26,"0","Nfib"
2.22860223928431e-08,1.70400104026198,0.347,0.171,0.00055779685447047,"0","Plce1"
4.34656078235163e-09,1.69779967794744,0.413,0.273,0.000108790069821479,"0","Rasa2"
1.44281443346737e-22,1.69291103376223,0.718,0.525,3.61122024552549e-18,"0","Farp1"
1.60406152891305e-22,1.68490992793883,0.52,0.208,4.01480560071646e-18,"0","Cst3"
1.02485086307727e-09,1.67720292651491,0.439,0.28,2.56509922519611e-05,"0","Gm16168"
7.83603927662892e-37,1.67419030978734,0.886,0.6,1.96128227054745e-32,"0","Gm35188"
1.01006248674185e-36,1.66398908761713,0.841,0.406,2.52808539806617e-32,"0","Maml2"
1.97335974733351e-07,1.65959515249897,0.355,0.241,0.00493912211160104,"0","Rab30"
2.34270221519318e-10,1.65268013648323,0.315,0.195,5.863549374407e-06,"0","Map2k6"
8.16939896678304e-09,1.64986880005426,0.392,0.252,0.000204471886739613,"0","Add3"
4.13828652035681e-08,1.6476117813374,0.374,0.242,0.00103577173318011,"0","Efr3b"
3.77223417522724e-18,1.64231364719265,0.553,0.368,9.44152491717626e-14,"0","Spire1"
6.23280345828147e-44,1.62370564886011,0.875,0.496,1.56000837757327e-39,"0","Qk"
3.55513964177008e-17,1.61950755449718,0.46,0.266,8.89815900938632e-13,"0","Plcb4"
7.87122726906322e-09,1.56323563809416,0.406,0.271,0.000197008947317383,"0","Npas2"
4.00282346459491e-16,1.55797082420788,0.639,0.43,1.00186668495346e-11,"0","Phlpp1"
1.07995769994605e-08,1.53474891556306,0.26,0.129,0.000270302612719496,"0","Peli2"
3.08883625668736e-10,1.52294487346276,0.553,0.349,7.73104826686279e-06,"0","Csgalnact1"
1.93055185536415e-07,1.51911496505129,0.427,0.252,0.00483197823879094,"0","Tle4"
1.20762654560785e-07,1.51668118771954,0.387,0.232,0.00302256848100189,"0","Gm11146"
1.29096426076822e-09,1.51336864365226,0.449,0.292,3.23115444827677e-05,"0","Ghr"
4.12657991180429e-26,1.50898599076956,0.852,0.704,1.03284168612549e-21,"0","Gabrb1"
1.02781008463907e-14,1.49269771518014,0.554,0.332,2.57250586084312e-10,"0","Arhgap5"
6.94385826865192e-21,1.48439314783634,0.643,0.479,1.73797828606089e-16,"0","Phactr3"
1.52263486114781e-13,1.47096104674025,0.519,0.327,3.81100279396684e-09,"0","Mir9-3hg"
1.75457829165961e-09,1.46915546078052,0.452,0.313,4.39153400619484e-05,"0","Carmil1"
5.6002913976615e-09,1.4509744912872,0.499,0.335,0.00014016969339207,"0","Mical2"
2.09600308167014e-10,1.38891004158007,0.439,0.245,5.2460861131122e-06,"0","Pde7b"
3.65835687604018e-64,1.38065560521437,0.998,0.92,9.15650142504098e-60,"0","Nrxn1"
1.67209003984037e-43,1.37807172962831,0.961,0.754,4.18507416071646e-39,"0","Mir99ahg"
4.78378003078522e-54,1.37510555306656,0.966,0.863,1.19733230390523e-49,"0","Macf1"
1.06298304409871e-08,1.37420979253164,0.421,0.313,0.000266054026107466,"0","Sycp2"
2.20797790395628e-07,1.37334761699082,0.323,0.239,0.00552634789581217,"0","Bmpr1a"
1.73762482662194e-09,1.36571661093806,0.465,0.365,4.34910117855206e-05,"0","Wwc1"
1.51412288555456e-12,1.29627073508218,0.447,0.33,3.7896981702545e-08,"0","Tmtc2"
3.27664779753097e-10,1.29618551935917,0.569,0.458,8.20112177244026e-06,"0","Arhgef12"
6.58264206138602e-28,1.29513257585989,0.79,0.605,1.64756948154431e-23,"0","Syne1"
5.18367961615821e-14,1.26330915675513,0.621,0.498,1.29742317112824e-09,"0","Fmn2"
1.25450028644497e-07,1.25913121522349,0.639,0.47,0.00313988876694312,"0","Cdh10"
5.43569189506352e-10,1.25903118764828,0.512,0.358,1.36049932441545e-05,"0","Gm48742"
1.93958764186627e-10,1.24389987785939,0.521,0.412,4.85459390882708e-06,"0","Gsdme"
1.84073555506998e-10,1.18443424287516,0.388,0.182,4.60717702078464e-06,"0","E130114P18Rik"
1.25195145222987e-07,1.18389460793569,0.669,0.601,0.00313350928978613,"0","Gnao1"
9.08439455794189e-12,1.17443987884565,0.625,0.513,2.27373311390728e-07,"0","Sik3"
2.34081940101724e-07,1.16323354838792,0.386,0.307,0.00585883687880605,"0","Mpp6"
5.1595969409085e-20,1.14653528291902,0.83,0.676,1.29139551833999e-15,"0","Mir100hg"
2.28392618106748e-30,1.13161541106781,0.891,0.795,5.71643883859379e-26,"0","Fgfr2"
3.58583491749638e-11,1.11036208596619,0.563,0.475,8.97498621500168e-07,"0","Abr"
1.69733339037683e-19,1.09789007538226,0.786,0.645,4.24825574277417e-15,"0","Nrcam"
3.9714965276038e-10,1.09655860912624,0.517,0.436,9.94025865893955e-06,"0","Fut9"
2.40346056432841e-08,1.09147230321964,0.388,0.264,0.000601562144645758,"0","Utrn"
8.0477010419242e-65,1.08934024462157,1,1,2.01425909378321e-60,"0","Malat1"
1.22831443528028e-07,1.08331774891121,0.602,0.511,0.00307434820006301,"0","Enah"
1.17073943305477e-28,1.07533335341945,0.822,0.722,2.93024372699279e-24,"0","Tnik"
2.55701087274056e-30,1.07408140541304,0.969,0.826,6.39994251338234e-26,"0","Ctnnd2"
1.06122951025813e-17,1.07069141043386,0.691,0.457,2.65615134122508e-13,"0","Zeb1"
2.25588799581355e-11,1.0234043085644,0.525,0.404,5.64626206472174e-07,"0","Adcy2"
1.84754400467926e-11,1.01394776604776,0.375,0.164,4.62421788931173e-07,"0","Itpr2"
1.09616063211889e-17,1.01001379863018,0.847,0.714,2.74358044613037e-13,"0","Pbx1"
2.4913986286451e-18,0.998230430617404,0.799,0.687,6.23572162763583e-14,"0","Ntrk2"
3.45968590694846e-22,0.995472141014713,0.84,0.581,8.6592478565013e-18,"0","Ptprt"
3.9822767224131e-11,0.941997554223639,0.731,0.651,9.96724040852775e-07,"0","4930402H24Rik"
2.14321081613011e-11,0.925817838126676,0.617,0.446,5.36424235169205e-07,"0","Tox"
5.76571706672323e-11,0.914600656453297,0.736,0.671,1.44310132463016e-06,"0","Pnisr"
4.77017153492319e-16,0.911262725366862,0.731,0.662,1.19392623347592e-11,"0","Kif1b"
5.47422284468897e-18,0.895483071519661,0.727,0.294,1.3701432357972e-13,"0","Sox6"
8.78495747462681e-11,0.883074494202308,0.78,0.668,2.19878700632434e-06,"0","B3galt1"
5.48321449102003e-15,0.867045618799298,0.72,0.64,1.3723937549574e-10,"0","Trpm3"
2.09250649655918e-09,0.817905603516214,0.807,0.728,5.23733451023796e-05,"0","Ncam1"
2.56226199680001e-08,0.759254713979064,0.744,0.606,0.000641308555179075,"0","Sema6d"
5.27877685219952e-15,0.750197711832088,0.831,0.751,1.32122505833702e-10,"0","Ppp2r2b"
6.61350132140171e-14,0.748274265843284,0.707,0.686,1.65529324573363e-09,"0","Fry"
1.66125836839687e-08,0.733975255728133,0.778,0.644,0.000415796357026054,"0","Dgkb"
2.87975865895701e-08,0.651482157740696,0.601,0.594,0.000720774794750349,"0","Snrnp70"
5.69717494592833e-10,0.563111878955968,0.861,0.839,1.4259459172164e-05,"0","Gria2"
3.35589375576667e-07,0.534300229337845,0.644,0.609,0.0083994664813084,"0","Chd9"
4.83103386850221e-13,2.34526730093662,0.337,0.078,1.20915946694742e-08,"1","Scn5a"
3.55468496218979e-11,2.15996912256994,0.261,0.068,8.89702099186482e-07,"1","Baiap3"
2.4537471920091e-08,2.0450099930475,0.261,0.077,0.000614148384687958,"1","Klhl1"
8.86839210391837e-10,1.98218164074435,0.3,0.087,2.21966985968973e-05,"1","Cacna2d2"
1.01931928763044e-11,1.87623882611936,0.275,0.07,2.55125424501024e-07,"1","Zfhx4"
2.08729743531815e-09,1.85706610463619,0.265,0.079,5.22429675085779e-05,"1","Tcerg1l"
3.43927605763576e-18,1.85518222287203,0.634,0.296,8.60816404465654e-14,"1","D030068K23Rik"
7.30489816123001e-08,1.78777288430622,0.316,0.12,0.00182834296077426,"1","Glra3"
2.13550799626136e-13,1.77279173183763,0.411,0.139,5.34496296384257e-09,"1","B230217J21Rik"
3.3698417530734e-13,1.76795501179753,0.491,0.257,8.43437692376741e-09,"1","Hs3st4"
4.12526244583519e-13,1.66883613355695,0.393,0.143,1.03251193756809e-08,"1","Pdcd7"
2.65959859894898e-13,1.64503844838079,0.622,0.327,6.65670933330941e-09,"1","Zfp804b"
1.35629536851449e-13,1.58959349830803,0.314,0.123,3.39467167785492e-09,"1","Vwa5b2"
3.07541042509884e-11,1.58080609426601,0.502,0.217,7.69744475297989e-07,"1","Vat1l"
5.85590880103441e-11,1.56812857743905,0.408,0.169,1.4656754138109e-06,"1","Efna5"
7.43731611411903e-22,1.48376174422036,0.755,0.431,1.86148585020285e-17,"1","Cdh18"
1.63923600214226e-18,1.47701188513979,0.583,0.22,4.10284378976186e-14,"1","Nhs"
1.22498548544319e-08,1.45150770146723,0.341,0.143,0.000306601617151577,"1","Gm28905"
2.30946869074992e-15,1.43545974199212,0.662,0.34,5.78036918607797e-11,"1","Zfp804a"
1.19912166758493e-08,1.42558710911048,0.425,0.153,0.000300128162179831,"1","Gad2"
2.09465510152861e-35,1.38403738343045,0.91,0.529,5.24271225361595e-31,"1","Unc5d"
3.68541689996317e-09,1.36277622542732,0.52,0.279,9.22422995891781e-05,"1","Chrm3"
2.17274716005181e-10,1.35721667988542,0.29,0.117,5.43816886689368e-06,"1","Gm15155"
4.85381930050051e-09,1.32729484130634,0.522,0.237,0.000121486243272227,"1","Kif26b"
2.98902697542716e-08,1.29826186706658,0.267,0.107,0.000748123561679665,"1","Ece2"
1.86071420156766e-11,1.29358994692885,0.355,0.155,4.6571815751037e-07,"1","Tmem130"
4.85726259726195e-24,1.26757696129944,0.872,0.568,1.21572425546869e-19,"1","Sgcz"
2.60759156863144e-30,1.25856022734057,0.899,0.528,6.52654093712762e-26,"1","Usp29"
6.01557242752335e-13,1.25378092483838,0.585,0.344,1.50563762288482e-08,"1","Hs6st3"
1.40255244970919e-17,1.25099705518421,0.63,0.302,3.51044852637714e-13,"1","Tmem132d"
1.1170397117537e-09,1.24715255443737,0.463,0.225,2.79583869454834e-05,"1","Nrp2"
3.40283398560433e-12,1.2443428803064,0.524,0.221,8.51695318256907e-08,"1","Bcl11a"
2.10450910426723e-10,1.23289548949133,0.57,0.357,5.26737583707045e-06,"1","Thsd7b"
2.11880158550751e-07,1.22275385813879,0.255,0.112,0.00530314848836674,"1","Tmem91"
6.77040161045147e-11,1.21060966188206,0.585,0.324,1.6945638190799e-06,"1","Grik1"
3.3203114538996e-07,1.2106025424158,0.705,0.475,0.0083104075379653,"1","Mgat4c"
1.69725094515469e-12,1.19944754890222,0.608,0.314,4.24804939062768e-08,"1","Zfp385b"
1.3653643012378e-10,1.1906269488961,0.598,0.308,3.41737030956809e-06,"1","Gse1"
6.95478646729122e-14,1.18716321755678,0.523,0.228,1.74071350489832e-09,"1","Grik4"
1.3155834992867e-20,1.18522704225524,0.743,0.379,3.29277394036469e-16,"1","Xkr6"
8.89722419173008e-09,1.17867328482497,0.332,0.183,0.000222688624294812,"1","Hs6st2"
1.32852125162966e-10,1.17723824741759,0.6,0.317,3.32515584070387e-06,"1","Gm45321"
1.33353603848626e-15,1.17632449159871,0.753,0.421,3.33770735072726e-11,"1","Rbms3"
7.91895507830009e-11,1.17284055356242,0.424,0.24,1.98203526654773e-06,"1","5530401A14Rik"
4.34838678667544e-09,1.14253059461893,0.439,0.217,0.0001088357728837,"1","Cep112"
3.1463030494103e-14,1.14094720830959,0.573,0.319,7.87488190236904e-10,"1","Nell1"
1.70769737376279e-10,1.12804665652479,0.677,0.389,4.2741957567909e-06,"1","4930555F03Rik"
3.86031373509808e-15,1.1116900657152,0.566,0.317,9.66197924757698e-11,"1","Mirg"
2.9317076868241e-45,1.10732493063184,1,0.944,7.33777116935204e-41,"1","Meg3"
1.10682216238381e-07,1.07783847036554,0.423,0.248,0.00277026519023044,"1","Gm11418"
1.88710678840405e-09,1.06284442021492,0.465,0.217,4.7232395806965e-05,"1","Nova1"
8.17839051992769e-09,1.05840946518784,0.468,0.256,0.00020469693632327,"1","Epb41l4b"
2.56485867465722e-09,1.04770290805043,0.315,0.146,6.41958477679956e-05,"1","Patj"
6.91874367849987e-10,1.0383083722497,0.523,0.3,1.73169235529173e-05,"1","1700024B18Rik"
3.55229477230396e-07,1.0343478836723,0.531,0.311,0.00889103858559957,"1","Slc35f3"
5.93804408325376e-14,1.03342117362205,0.74,0.412,1.48623305359758e-09,"1","Klhl29"
3.98688588896834e-07,1.03214278184178,0.309,0.159,0.00997877669149885,"1","Nipal2"
2.12967397957281e-08,1.02470613423819,0.415,0.208,0.00053303610034728,"1","Grb10"
9.1679582480933e-09,1.01551141761145,0.385,0.217,0.000229464826991527,"1","Alk"
1.75764537524458e-10,1.00747514649307,0.666,0.372,4.39921060969967e-06,"1","B830012L14Rik"
2.26024965137575e-09,1.0061943111951,0.325,0.154,5.65717885242837e-05,"1","Sv2c"
8.08633308984365e-08,1.00420526144934,0.319,0.183,0.00202392830905697,"1","Gm5149"
3.833724751548e-08,0.996144399376448,0.556,0.29,0.00095954296806495,"1","Runx1t1"
1.78207840504666e-19,0.985966609987043,0.917,0.631,4.46036403999128e-15,"1","Cntn5"
3.8427635671796e-11,0.981814904416908,0.552,0.26,9.61805293229382e-07,"1","Kcnip1"
5.16398928573965e-12,0.975184463875638,0.687,0.436,1.29249487832778e-07,"1","Spock3"
4.07928212530117e-09,0.97488172968435,0.462,0.277,0.000102100352314163,"1","Gm30382"
8.85553077580501e-11,0.966354629040091,0.421,0.229,2.21645079787624e-06,"1","Pgap1"
6.36421749462348e-24,0.96375304628946,0.964,0.632,1.59289999672931e-19,"1","Rian"
5.74985250599606e-08,0.963304063793869,0.635,0.422,0.00143913058372575,"1","Sorcs1"
3.87990234780538e-10,0.96045950452198,0.619,0.383,9.7110075863221e-06,"1","Cntn3"
1.90979545553913e-07,0.957451790030051,0.604,0.361,0.00478002704566889,"1","C130073E24Rik"
4.88605239365222e-10,0.941303498533648,0.357,0.191,1.22293005360721e-05,"1","Dzank1"
2.22401082556101e-16,0.937906574919751,0.977,0.741,5.56647669529665e-12,"1","Cntnap2"
1.27905788293422e-07,0.936019845444183,0.703,0.56,0.00320135397519605,"1","Hdac9"
8.76195539368865e-11,0.935832685792642,0.611,0.353,2.19302981548633e-06,"1","Tshz2"
3.05909406183133e-22,0.920668716109705,0.926,0.675,7.65660652735763e-18,"1","Lingo2"
5.38175015695206e-08,0.918974465976836,0.67,0.403,0.00134699824678353,"1","Pakap"
1.74172263791985e-14,0.914069642852504,0.522,0.304,4.35935759044959e-10,"1","Esrrg"
1.00909664255427e-21,0.913763414667771,0.977,0.717,2.52566798664909e-17,"1","Ube3a"
1.70640324206987e-07,0.913604413500587,0.719,0.474,0.00427095667457667,"1","Galnt13"
1.88125286643235e-21,0.911810923885919,0.858,0.521,4.70858779939353e-17,"1","A230006K03Rik"
7.73564878403754e-17,0.911597526852865,0.956,0.762,1.93615553415676e-12,"1","Grid2"
7.15611599262394e-15,0.907866027323573,0.71,0.417,1.79110427179385e-10,"1","Chd5"
2.26113191591493e-18,0.90045528525191,0.883,0.586,5.65938707234347e-14,"1","Camta1"
3.08293738261685e-08,0.885416188810753,0.627,0.44,0.000771628397495171,"1","Gm15398"
7.1363459571173e-17,0.875690268267135,0.951,0.753,1.78615602960689e-12,"1","Asic2"
2.16120868666331e-07,0.874310463217246,0.682,0.451,0.00540928922184961,"1","Cntnap5b"
1.89162283415285e-07,0.868930389625979,0.378,0.228,0.00473454279160117,"1","Gm15414"
2.4645334352684e-17,0.867629017901271,0.676,0.346,6.16848073513328e-13,"1","Gm32509"
1.66859984357983e-10,0.854469843117856,0.396,0.171,4.17633854849597e-06,"1","C79798"
4.94952626485288e-14,0.852550617587822,0.866,0.586,1.23881692883003e-09,"1","March1"
6.24861283337249e-08,0.850831780680067,0.742,0.473,0.0015639653060648,"1","Pdzrn4"
6.64336213708399e-19,0.84930111894684,0.958,0.793,1.66276710929075e-14,"1","Lrrtm4"
1.3278380684316e-10,0.825150886794269,0.818,0.611,3.32344590147744e-06,"1","Galntl6"
1.15852728527364e-11,0.824051018086811,0.699,0.426,2.89967794231139e-07,"1","5330434G04Rik"
5.84128400033092e-22,0.823956634390751,0.97,0.725,1.46201497244283e-17,"1","Ahi1"
2.76004892092241e-09,0.823441298816082,0.625,0.395,6.90812644417671e-05,"1","Gm5441"
3.43744742927505e-12,0.813716048038734,0.741,0.455,8.60358717073253e-08,"1","Ksr2"
3.18958968216525e-12,0.803799098584376,0.658,0.399,7.98322401549139e-08,"1","Atp1a3"
4.03894319904389e-10,0.801722517388135,0.758,0.469,1.0109070932887e-05,"1","Cdr1os"
5.38933739316549e-18,0.796745071629737,0.971,0.683,1.34889725613539e-13,"1","Snhg14"
1.50621218814863e-11,0.793240146406566,0.542,0.338,3.7698984857172e-07,"1","Svop"
2.16155749632585e-08,0.785595422896542,0.525,0.305,0.000541016225755397,"1","Rmst"
5.55978273877844e-09,0.78406082826578,0.577,0.335,0.000139155802168886,"1","Gap43"
1.94719401312758e-09,0.781855821198787,0.663,0.415,4.87363189545701e-05,"1","Rasgrf1"
9.64838681001395e-13,0.771920115454599,0.69,0.431,2.41489473467839e-08,"1","Atp2b2"
6.63155718492788e-12,0.758435605476778,0.841,0.533,1.6598124478156e-07,"1","Agbl4"
3.26789122075993e-24,0.745795704148442,0.996,0.885,8.17920493644002e-20,"1","Snhg11"
2.45085982707351e-20,0.744442237479816,0.929,0.64,6.13425706118228e-16,"1","Gm26871"
4.12727020721272e-15,0.744252836754153,0.634,0.393,1.03301446016327e-10,"1","Sorcs3"
3.16792403613281e-07,0.741214125280425,0.405,0.239,0.00792899707003682,"1","Susd4"
1.68319668746149e-11,0.739848737613698,0.721,0.448,4.21287298904737e-07,"1","Gm16599"
4.36411104161521e-09,0.737805991347291,0.428,0.255,0.000109229335260587,"1","Elmod1"
1.10133199893855e-08,0.734760950529148,0.713,0.441,0.000275652386014329,"1","Cacna1b"
1.86589431213943e-08,0.725585752544295,0.635,0.4,0.000467014687385377,"1","Chsy3"
1.16097650983818e-07,0.713521852092003,0.711,0.435,0.00290580810647397,"1","Dync1i1"
2.39539251869218e-08,0.703225028778249,0.503,0.246,0.000599542793503465,"1","Zfhx3"
3.02744780229365e-10,0.693176064518801,0.892,0.672,7.57739910436077e-06,"1","Ralyl"
8.16393519258874e-08,0.688186565024131,0.695,0.472,0.00204335133935303,"1","Tenm3"
2.86226574365057e-09,0.687863939072302,0.611,0.401,7.16396492978301e-05,"1","Klhdc10"
3.09301456428786e-07,0.687322023931414,0.761,0.513,0.00774150615295608,"1","5730522E02Rik"
6.25823016689972e-14,0.687056335079713,0.968,0.727,1.56637242847333e-09,"1","Dpp6"
3.76114682282621e-07,0.685904583778378,0.795,0.593,0.00941377438285173,"1","Kcnq5"
3.24599037571165e-22,0.668701118364175,0.87,0.527,8.12438931136869e-18,"1","Dscam"
4.66718720774774e-08,0.666692710424976,0.817,0.562,0.00116815028622718,"1","Tenm1"
1.87496948740938e-11,0.665110249994671,0.908,0.637,4.69286113003693e-07,"1","Cacna1a"
3.56314433031551e-10,0.664061018409929,0.437,0.296,8.91819394434668e-06,"1","Prr16"
3.80323207759942e-08,0.661947193894536,0.413,0.268,0.000951910956702359,"1","Gm32250"
6.93012255716523e-08,0.660559534572008,0.399,0.28,0.00173454037483288,"1","Gm11417"
6.15022341432761e-08,0.65965237742534,0.712,0.502,0.00153933941837206,"1","Cacna2d3"
1.28183178249489e-14,0.658571716407687,0.985,0.851,3.20829676840647e-10,"1","Nrxn3"
9.77097340327117e-09,0.653395043766567,0.316,0.211,0.000244557693310474,"1","Jakmip1"
9.01618986085175e-10,0.651801537305151,0.819,0.565,2.25666216027258e-05,"1","Cntnap5a"
4.74924187809179e-13,0.648704736126227,0.878,0.594,1.18868774966759e-08,"1","Tenm4"
3.39862319637183e-11,0.647275537934509,0.698,0.449,8.50641399819906e-07,"1","Meis2"
1.5338503379074e-07,0.639334813553091,0.635,0.399,0.00383907401074844,"1","Spock1"
3.32848422245569e-11,0.638958318510816,0.603,0.391,8.33086316038435e-07,"1","Cers6"
1.52683541226107e-08,0.635992591520636,0.609,0.411,0.000382151635334823,"1","Macrod2os1"
5.58619734535408e-09,0.635184345943349,0.778,0.549,0.000139816933356867,"1","Camk2d"
6.3383801024198e-12,0.632555982233971,0.911,0.641,1.58643315583465e-07,"1","Gabrg3"
1.63337284543589e-07,0.628036286085635,0.605,0.413,0.00408816889484149,"1","D830024N08Rik"
4.66459410928129e-09,0.625449468791909,0.615,0.41,0.000116750125961201,"1","Srrm3"
3.94589691989738e-07,0.618090786301069,0.577,0.375,0.00987618540081114,"1","Vsnl1"
5.71863014021895e-12,0.617734622048657,0.944,0.728,1.4313159377954e-07,"1","Grm7"
2.63381452035718e-07,0.616797366996698,0.537,0.342,0.00659217436300199,"1","Ripor2"
2.43245549129553e-13,0.61269406958062,0.589,0.379,6.08819284916357e-09,"1","Xpr1"
3.54035584851249e-07,0.610828277947855,0.836,0.581,0.00886115665324192,"1","Kcnb2"
5.55597165318354e-16,0.605364142060017,0.955,0.66,1.39060414507531e-11,"1","Gabrb3"
9.48852355357888e-09,0.604172333414217,0.516,0.329,0.000237488256022526,"1","Rgs17"
7.4750726528244e-16,0.603950205495579,0.948,0.733,1.87093593427542e-11,"1","Ttc3"
2.42709738737923e-09,0.600133328458557,0.901,0.628,6.07478205087147e-05,"1","Gria4"
1.7379611353251e-10,0.593694842955883,0.696,0.474,4.34994292560519e-06,"1","Gm15738"
2.00210784354776e-08,0.589300948723872,0.564,0.352,0.000501107572161569,"1","Ablim2"
1.43656478554585e-09,0.582956945207096,0.993,0.869,3.5955780017427e-05,"1","Rbfox1"
2.12551357757446e-07,0.581430303287326,0.563,0.359,0.00531994793331113,"1","Dnajc6"
1.72251726401624e-09,0.580906315659079,0.69,0.493,4.31128846010624e-05,"1","Dpyd"
3.55016298904858e-08,0.580062925061622,0.672,0.434,0.000888570294528968,"1","Grin1"
2.68538208877346e-14,0.57912629562151,0.895,0.675,6.7212428299911e-10,"1","Ctnna3"
3.60673658157466e-08,0.575756075859537,0.613,0.414,0.000902730099002321,"1","Stau2"
1.05767750727297e-12,0.575021869786618,0.862,0.678,2.64726103295351e-08,"1","Dab1"
2.05259180705286e-09,0.571886041849188,0.777,0.5,5.13743203387261e-05,"1","Rbfox3"
3.43613008689086e-09,0.570117026092306,0.9,0.74,8.60028999447913e-05,"1","Pcdh7"
4.81318291187764e-14,0.563942492662073,0.929,0.727,1.20469155101385e-09,"1","Kirrel3"
1.37084450783647e-09,0.561196264884631,0.57,0.374,3.43108671866389e-05,"1","Cdh8"
8.75818448283662e-10,0.56050526557444,0.771,0.513,2.19208599420918e-05,"1","Unc79"
3.00849300496640e-13,0.560154575694911,0.989,0.768,7.52995714213041e-09,"1","Ank3"
2.90811839343694e-08,0.54761948378022,0.915,0.746,0.000727872952693332,"1","Dpp10"
9.23753351693789e-09,0.544382679195962,0.915,0.636,0.000231206226395438,"1","Lrfn5"
2.211509011383e-13,0.537893562876406,0.913,0.682,5.5351859045905e-09,"1","Tmem178b"
1.12275736912642e-11,0.53728848317603,0.573,0.382,2.81014941918652e-07,"1","Jakmip2"
1.90573100225721e-07,0.528767818513175,0.698,0.481,0.00476985412554957,"1","Cplane1"
1.89551181421495e-09,0.526611131132806,0.671,0.428,4.7442765197986e-05,"1","Pacsin1"
8.46382464637649e-13,0.525695828142635,0.587,0.312,2.11841067074157e-08,"1","Pbx3"
1.04754957296053e-13,0.519349671013743,0.901,0.629,2.62191182616291e-09,"1","Myt1l"
3.82150840894643e-07,0.518245614204615,0.554,0.383,0.00956485339675201,"1","Osbpl6"
2.99780414688637e-08,0.518086811026342,0.722,0.488,0.000750320399924188,"1","Mical3"
1.31042943964351e-10,0.512998512272747,0.88,0.634,3.27987384448374e-06,"1","Ppfia2"
5.05536261127611e-18,0.51209485574276,0.985,0.858,1.2653067079763e-13,"1","Ctnna2"
9.34648234751284e-08,0.509795401638221,0.676,0.448,0.00233933106675899,"1","Scn2a"
1.61160241759178e-13,0.508142733037211,0.998,0.864,4.03367969099046e-09,"1","Dlg2"
9.64530513376982e-08,0.507032180101646,0.682,0.503,0.00241412342193125,"1","Gnas"
7.59658584125294e-09,0.503623188568632,0.964,0.834,0.00019013494702072,"1","AC149090.1"
6.40720332583616e-09,0.501400279985562,0.882,0.638,0.000160365892042353,"1","A230057D06Rik"
1.79547720346747e-46,4.12281865887593,0.623,0.05,4.49389989255873e-42,"2","B020031H02Rik"
1.14834085146564e-52,4.03935950990185,0.645,0.057,2.87418231713335e-48,"2","Gm45680"
7.99373804631584e-23,3.99077093407168,0.331,0.029,2.00075269561239e-18,"2","Gm49906"
6.43967575045696e-78,3.4929595362365,0.954,0.158,1.61178644358187e-73,"2","Foxp2"
6.87136992815419e-16,3.27456785597737,0.276,0.038,1.71983517931771e-11,"2","Gm28494"
5.79330125910432e-80,3.02552191659419,0.96,0.285,1.45000537214122e-75,"2","Pbx3"
3.12355806817228e-63,3.00230294642951,0.89,0.234,7.8179534888284e-59,"2","Olfm3"
1.93062920287937e-40,2.92438944050695,0.721,0.148,4.83217183188677e-36,"2","C79798"
1.27578444469298e-37,2.9071142348151,0.638,0.131,3.19316088662205e-33,"2","Sv2c"
3.27296829656656e-32,2.90370371983264,0.595,0.128,8.19191234947644e-28,"2","Chst9"
6.85352821489834e-47,2.73056048014601,0.729,0.164,1.7153695769069e-42,"2","Tshz1"
5.19510297579082e-34,2.63432102707462,0.669,0.206,1.30028232381069e-29,"2","Vwc2l"
7.40489723727958e-56,2.557418532691,0.831,0.261,1.85337172951871e-51,"2","6530403H02Rik"
3.50127183448652e-11,2.43447412749182,0.26,0.059,8.7633332745363e-07,"2","Grm4"
2.67087247579325e-31,2.41163749623785,0.624,0.179,6.68492671966293e-27,"2","Otof"
3.66243814571283e-70,2.35867991900759,0.991,0.427,9.16671643490464e-66,"2","Meis2"
3.81581839469729e-44,2.35183866841388,0.759,0.265,9.55061186008785e-40,"2","Ankfn1"
1.25011648871248e-23,2.3347011768727,0.477,0.133,3.12891655959847e-19,"2","Gm28905"
3.95475490062811e-24,2.2860927688089,0.483,0.135,9.89835604078209e-20,"2","Sntg2"
6.09409239072591e-20,2.27978965501892,0.434,0.116,1.52529038447479e-15,"2","Adamts3"
9.86807352453469e-25,2.25895407664209,0.476,0.126,2.46988012245579e-20,"2","Dchs2"
3.13356175347204e-65,2.24363781846767,0.961,0.444,7.84299171276517e-61,"2","Grm8"
2.30250414971072e-25,2.24298817483959,0.517,0.133,5.76293763631095e-21,"2","Rarb"
1.00023612760028e-42,2.22818662466386,0.758,0.27,2.50349100377073e-38,"2","Sphkap"
8.57340637104129e-12,2.21709734361689,0.261,0.07,2.14583788060792e-07,"2","Tmod1"
4.08610343833659e-11,2.1997730579594,0.302,0.07,1.02271082958127e-06,"2","Kirrel"
7.43648685573781e-16,2.19589417109105,0.34,0.094,1.86127829512262e-11,"2","Gdpd5"
4.30189523662415e-12,2.14103349617226,0.348,0.109,1.07672135877466e-07,"2","Gprin3"
7.64508053353338e-24,2.09657903881052,0.509,0.164,1.91348720673807e-19,"2","Cpne5"
5.05148355053142e-27,2.08297177586399,0.636,0.185,1.26433581786251e-22,"2","Kcnh5"
6.74679431099333e-78,2.0021635860396,0.998,0.819,1.68865514809852e-73,"2","Kcnd2"
4.92748696021873e-18,1.99841267909931,0.59,0.193,1.23330071127315e-13,"2","Trhde"
6.40927807079398e-12,1.93634596121104,0.338,0.087,1.60417820833902e-07,"2","Col11a1"
1.9169131219157e-11,1.93632271457885,0.353,0.112,4.79784185284281e-07,"2","Gm15155"
8.0509228039953e-28,1.92935867449996,0.691,0.26,2.01506546861198e-23,"2","Cux2"
3.2031938762149e-08,1.89799186923645,0.285,0.078,0.000801727395277828,"2","Rgs9"
3.39380337968764e-66,1.88305700261358,0.998,0.606,8.4943504790202e-62,"2","Erbb4"
1.34541077445669e-28,1.87427913128304,0.667,0.256,3.36742862738765e-24,"2","March3"
1.51743733377739e-28,1.84974257117362,0.698,0.294,3.79799390271142e-24,"2","Htr1f"
6.45109285006846e-15,1.84644474678147,0.382,0.13,1.61464402944364e-10,"2","Gm15345"
8.05157714262332e-13,1.84315966848414,0.293,0.102,2.01522924302719e-08,"2","Gng4"
4.88961673989231e-45,1.81506304709546,0.918,0.455,1.22382217382765e-40,"2","Inpp4b"
6.91327933152706e-13,1.8147201719476,0.347,0.132,1.73032468388791e-08,"2","Lrrk2"
3.88247478031082e-22,1.81041295300175,0.585,0.231,9.71744612763994e-18,"2","Kcnh1"
2.51946170524501e-25,1.80618887277126,0.734,0.29,6.30596070205773e-21,"2","8030451O07Rik"
1.8436538663568e-31,1.78407860291975,0.664,0.211,4.61448126210443e-27,"2","Bcl11a"
7.83139999111846e-15,1.77325947286096,0.365,0.12,1.96012110377704e-10,"2","Gm12064"
6.28812302428945e-18,1.76218211252903,0.508,0.2,1.57385431174941e-13,"2","Sdk2"
4.06417610574119e-35,1.74470389464895,0.872,0.455,1.01722263750596e-30,"2","Pex5l"
9.60681796620489e-15,1.69843087603824,0.53,0.243,2.40449046876142e-10,"2","5330417C22Rik"
2.13826744133558e-50,1.67158843276811,0.973,0.61,5.35186957891882e-46,"2","Epha6"
1.58311654557117e-17,1.61555724298878,0.461,0.132,3.96238240191007e-13,"2","Dlx6os1"
8.68436253537144e-41,1.61186644606289,0.933,0.486,2.17360909897812e-36,"2","Cacna2d3"
1.07471481255609e-14,1.58731609519407,0.56,0.241,2.68990370434665e-10,"2","Gnal"
1.5698396558706e-09,1.58394588911088,0.281,0.118,3.92915167467853e-05,"2","Hccs"
4.33713131171905e-17,1.58394206134789,0.561,0.271,1.08554059601016e-12,"2","Gm37459"
3.77411438624037e-15,1.57998744087971,0.471,0.204,9.44623089732102e-11,"2","Gm1604a"
2.75776601473741e-13,1.55973420737373,0.491,0.162,6.90241255828627e-09,"2","Sema5b"
3.90656528111444e-15,1.5574845597324,0.492,0.218,9.77774224210133e-11,"2","Vat1l"
1.81366202222538e-21,1.55658697396822,0.771,0.414,4.5394146754279e-17,"2","Slc2a13"
1.73473387211569e-23,1.54825955314546,0.763,0.364,4.34186540851835e-19,"2","4930419G24Rik"
1.59347221487974e-18,1.52450704777036,0.661,0.301,3.98830160662251e-14,"2","Oprm1"
1.7692523765556e-20,1.50382860808136,0.805,0.352,4.42826177328102e-16,"2","Ntng1"
1.58949777902147e-12,1.49684464434303,0.391,0.12,3.97835399111285e-08,"2","Sox1ot"
8.95027468182944e-18,1.4912413630358,0.613,0.305,2.24016425011509e-13,"2","Rit2"
1.98549035785508e-10,1.47774961275915,0.476,0.217,4.96948381667549e-06,"2","Pcdh19"
1.26326766444881e-07,1.47738964447145,0.317,0.161,0.00316183263734892,"2","4930547E14Rik"
1.36500357129293e-14,1.46942870267209,0.554,0.24,3.41646743858908e-10,"2","Gm15261"
2.18997695808187e-08,1.46447771862118,0.367,0.157,0.000548129332838311,"2","Glce"
1.38488516259376e-48,1.45604503040328,0.99,0.523,3.46622907345592e-44,"2","Sox2ot"
1.69726473841898e-39,1.43996214066287,0.978,0.636,4.24808391378885e-35,"2","Gabrg3"
1.56943490961376e-43,1.43898262198874,0.987,0.693,3.92813863527228e-39,"2","Robo1"
7.94899227053274e-08,1.4340969130144,0.416,0.19,0.00198955327539164,"2","Lrtm1"
3.94102674532034e-16,1.43314633198088,0.625,0.265,9.86399584086228e-12,"2","Unc13c"
1.0029566912918e-35,1.42938553290794,0.93,0.528,2.51030030263425e-31,"2","Unc5d"
1.57597937681936e-13,1.41730045903647,0.522,0.247,3.94451878224117e-09,"2","Mpped2"
4.55823593228361e-09,1.41136998979452,0.402,0.191,0.000114088087149126,"2","Ablim3"
6.7891506538634e-42,1.40880172963005,0.957,0.354,1.69925651715547e-37,"2","Gm38505"
3.45404814709608e-24,1.40627156647317,0.832,0.545,8.64513710736679e-20,"2","Plekha5"
2.0696017713059e-10,1.39030167847276,0.381,0.176,5.18000627340153e-06,"2","Glra2"
5.74741632482843e-16,1.35736055903038,0.615,0.313,1.43852083194131e-11,"2","Necab1"
2.53255422042642e-17,1.35284393890851,0.775,0.43,6.33872995830529e-13,"2","Cdh18"
3.5302680105423e-18,1.34816678586157,0.735,0.346,8.83590780358632e-14,"2","Thsd7b"
1.11335117451357e-10,1.34074103746812,0.518,0.266,2.78660665469001e-06,"2","Atp2b4"
1.78916719125846e-23,1.3340440360798,0.622,0.286,4.4781065630008e-19,"2","Runx1t1"
2.05361945982021e-13,1.33268347011725,0.484,0.224,5.14000414598401e-09,"2","Kctd1"
1.5632328897517e-09,1.33067484853435,0.438,0.206,3.91261559975952e-05,"2","Grb10"
1.05370871271705e-31,1.32090237438987,0.943,0.66,2.6373275370595e-27,"2","B3galt1"
1.18283416501686e-22,1.31730333273107,0.847,0.482,2.9605156316207e-18,"2","Dpyd"
9.42673782474595e-41,1.31207629880202,0.982,0.672,2.35941821015566e-36,"2","Lingo2"
1.72694195173517e-16,1.30495763127776,0.576,0.224,4.32236301099796e-12,"2","Chn2"
4.89429469250907e-22,1.30171332397044,0.723,0.409,1.2249930185881e-17,"2","Tiam1"
4.22758461216705e-17,1.29529472515052,0.789,0.465,1.05812215257929e-12,"2","Tenm3"
5.26122775552596e-16,1.28077813897127,0.639,0.329,1.31683269493059e-11,"2","Slit2"
6.43985760995829e-22,1.2752641394709,0.716,0.321,1.61183196119646e-17,"2","Zfp804b"
4.31012533317485e-30,1.26663063487894,0.856,0.494,1.07878126964033e-25,"2","Cacnb4"
2.75612922439309e-21,1.2593344820703,0.81,0.428,6.89831583573346e-17,"2","Spock3"
3.18038543088306e-29,1.23049275654587,0.875,0.548,7.9601866949572e-25,"2","Slc35f1"
1.11964653078984e-10,1.22940469732435,0.551,0.27,2.8023633019139e-06,"2","Fam184a"
6.38881851384648e-13,1.22554833319566,0.539,0.294,1.59905738583063e-08,"2","Shtn1"
2.0086329291396e-15,1.22010023680607,0.755,0.385,5.02740735834351e-11,"2","Sorcs3"
2.65197660688307e-07,1.21711806713364,0.477,0.259,0.00663763224936763,"2","Lin7a"
2.04422094043656e-15,1.2147608094309,0.678,0.347,5.11648059181867e-11,"2","Csgalnact1"
1.44456178089749e-13,1.20821324403872,0.649,0.338,3.61559368140834e-09,"2","Neto1"
2.20603922064901e-39,1.20146480613579,0.959,0.648,5.52149556536241e-35,"2","Prkg1"
2.53030828813629e-18,1.19922070964786,0.586,0.265,6.33310861437633e-14,"2","Grik3"
1.1328444197085e-12,1.19855302710157,0.464,0.209,2.83539629808841e-08,"2","Fras1"
5.81563297251455e-34,1.18291308590715,0.981,0.655,1.45559477669067e-29,"2","Schip1"
2.48464356437073e-09,1.18247129474654,0.353,0.176,6.21881437726349e-05,"2","Tle1"
2.13761390865751e-12,1.18187544900418,0.428,0.221,5.35023385197887e-08,"2","Slc16a2"
1.17868500388727e-33,1.18037330352627,0.988,0.723,2.95013069622946e-29,"2","Kirrel3"
4.52767270333321e-12,1.17876149568926,0.552,0.311,1.13323120091727e-07,"2","Kcnj6"
1.45002091279419e-43,1.17665664229453,0.996,0.74,3.62925734263258e-39,"2","Syt1"
1.4995206507792e-54,1.1757231965451,0.999,0.85,3.75315023683527e-50,"2","Nrxn3"
1.5211635365356e-07,1.17181651120574,0.259,0.143,0.00380732021559495,"2","Gm11844"
1.72730066731952e-31,1.16695255475788,0.934,0.59,4.32326084023402e-27,"2","Tenm4"
3.88362661841169e-13,1.1663923815488,0.559,0.284,9.72032906322261e-09,"2","Epha3"
3.09235992304819e-13,1.15797214350798,0.663,0.387,7.73986765139732e-09,"2","Cers6"
2.92517963827067e-25,1.15280709783197,0.867,0.558,7.32143211662766e-21,"2","Ssbp2"
6.05741606569654e-19,1.14149166869779,0.662,0.272,1.51611066708319e-14,"2","Kcnc2"
1.20607876222909e-08,1.12991950642605,0.415,0.231,0.000301869453398318,"2","Garem1"
5.9975201262777e-36,1.12818118110934,0.968,0.749,1.50111931240605e-31,"2","Plcb1"
1.37238519314862e-08,1.12468844228206,0.407,0.208,0.000343494289993169,"2","2010300C02Rik"
6.49793075355871e-22,1.12133095581114,0.867,0.562,1.62636708830821e-17,"2","Samd12"
1.45488022791416e-10,1.12121830843163,0.67,0.385,3.64141972244634e-06,"2","Xkr6"
8.59725474862082e-27,1.11878657563942,0.895,0.556,2.15180689103231e-22,"2","Tenm1"
1.10216448732674e-08,1.1155143394895,0.422,0.2,0.000275860749533009,"2","Arhgap6"
1.28039001856883e-08,1.10224653199622,0.694,0.45,0.000320468817747593,"2","9630028H03Rik"
2.70528432064121e-17,1.10167007037606,0.736,0.448,6.77105612613288e-13,"2","Pak7"
1.97421874444798e-21,1.10164329679354,0.797,0.451,4.94127209547884e-17,"2","Cnksr2"
6.79557410075627e-21,1.09351176950315,0.934,0.722,1.70086424167829e-16,"2","Phactr1"
2.95472087648197e-09,1.09314514221472,0.345,0.191,7.39537088174673e-05,"2","Usp12"
2.29976522940284e-17,1.08640273452621,0.733,0.451,5.75608239267238e-13,"2","Shisa9"
6.80168721216186e-29,1.08404327020629,0.851,0.504,1.70239429233199e-24,"2","Cdh4"
1.7439255119503e-23,1.08182445582807,0.869,0.531,4.3648711638604e-19,"2","Usp29"
3.75004113803374e-08,1.06160485627999,0.523,0.327,0.000938597796438464,"2","Zfp407"
6.93683994951818e-11,1.06136139933838,0.536,0.311,1.7362216709649e-06,"2","Slc35f3"
1.27607417135369e-46,1.05217767120045,1,0.864,3.19388604348115e-42,"2","Dlg2"
1.92463872847739e-12,1.03955049995508,0.511,0.321,4.81717827350606e-08,"2","Abl2"
7.79033983202877e-09,1.03865695794212,0.471,0.288,0.000194984415655848,"2","Wscd2"
6.97207660311481e-27,1.03690276994719,0.903,0.558,1.7450410529936e-22,"2","Cacna1e"
2.0581685918774e-10,1.03625939931936,0.631,0.372,5.15139016860993e-06,"2","Slc35f4"
1.42436430271333e-07,1.03317989131028,0.375,0.157,0.00356504141326119,"2","Gad2"
4.99867641390677e-14,1.02684333436763,0.42,0.237,1.25111871963673e-09,"2","9330182L06Rik"
2.7059794002327e-32,1.02458698583593,0.973,0.637,6.77279584084241e-28,"2","Gm26871"
2.86319300884049e-07,1.024083749347,0.363,0.229,0.00716628578182685,"2","Gm15810"
5.00564825045982e-14,1.0220856513543,0.611,0.364,1.25286370060759e-09,"2","Cpne4"
2.75543511638019e-12,1.01937038259055,0.598,0.345,6.89657855278798e-08,"2","Pde2a"
1.21423688947491e-11,1.01753630125616,0.608,0.362,3.03911351066675e-07,"2","Kcnj3"
7.11104489175463e-08,1.01489190594238,0.327,0.178,0.00177982342595727,"2","Arhgap18"
1.70783769653371e-11,0.995824754664808,0.539,0.328,4.27454697065423e-07,"2","Rgs17"
9.49924828945381e-08,0.994405337222289,0.345,0.189,0.00237756685436739,"2","Gm40841"
3.39930877516936e-15,0.994402324004942,0.66,0.368,8.5081299333714e-11,"2","Cux1"
3.56810068264266e-40,0.994321907807926,0.994,0.732,8.93059919858631e-36,"2","Gria1"
2.47379973969755e-10,0.991365828628081,0.682,0.434,6.19167336848899e-06,"2","Grin1"
1.91370563046698e-07,0.991173428007577,0.401,0.242,0.00478981382249581,"2","Tmem117"
1.2537009964841e-16,0.98973815144905,0.641,0.387,3.13788822410006e-12,"2","Mrtfb"
2.93901188312184e-12,0.972934307586326,0.678,0.432,7.35605284226565e-08,"2","Atp2b2"
9.51522707202166e-11,0.972736730786764,0.334,0.172,2.3815661838563e-06,"2","Itm2c"
3.08025804622005e-22,0.970979810569668,0.895,0.55,7.70957786388417e-18,"2","Frmpd4"
6.50721906867711e-13,0.970336970482724,0.611,0.373,1.62869186069919e-08,"2","Csrnp3"
7.55886173723376e-08,0.969815754466157,0.379,0.226,0.00189190750421224,"2","Bcr"
1.52001657344142e-07,0.964631100520439,0.535,0.338,0.00380444948166654,"2","Svop"
7.6534302443485e-24,0.959142276916911,0.864,0.589,1.91557705585798e-19,"2","Dock3"
3.26274434078143e-13,0.958937959333664,0.763,0.471,8.16632281054184e-09,"2","Galnt13"
8.78510291753963e-09,0.948322970001344,0.477,0.281,0.0002198823409231,"2","Ildr2"
3.77888227188611e-11,0.94591223491973,0.716,0.448,9.45816443830373e-07,"2","Gm16599"
1.29099218267043e-10,0.927787030556354,0.56,0.269,3.23122433400582e-06,"2","Synpr"
4.19825517537862e-11,0.922931594738749,0.712,0.416,1.05078128784552e-06,"2","Msra"
9.27769901187504e-27,0.921280088885327,0.994,0.808,2.3221152856822e-22,"2","Csmd3"
4.01842646203321e-18,0.920340451314262,0.813,0.509,1.00577195918229e-13,"2","5730522E02Rik"
6.55533303341326e-16,0.917511770059382,0.8,0.499,1.64073430493301e-11,"2","Rbfox3"
1.03838508126439e-16,0.916728786089848,0.859,0.559,2.59897401989665e-12,"2","Dnm3"
2.50253159989011e-12,0.908873542246183,0.728,0.47,6.26358634136495e-08,"2","Sipa1l1"
7.77345891899082e-15,0.895806846648915,0.717,0.411,1.94561903283421e-10,"2","Rasgrf1"
1.15182147270145e-07,0.895639401059424,0.327,0.208,0.00288289396402445,"2","Pde4a"
8.32188884294617e-17,0.890802523146721,0.915,0.669,2.082885558501e-12,"2","Rims2"
5.08119911269544e-21,0.888194609998298,0.887,0.614,1.27177332591654e-16,"2","Pde4b"
8.09437973061843e-09,0.886018545113019,0.448,0.272,0.000202594230277649,"2","Flrt2"
1.28513280023973e-19,0.874000264831948,0.93,0.628,3.21655888572001e-15,"2","Trpm3"
2.5613492719935e-07,0.866095734519164,0.347,0.225,0.00641080109287252,"2","Pcbp3"
1.54758979327154e-10,0.865918777609675,0.52,0.306,3.87346249357933e-06,"2","Pde8b"
3.7004123318216e-27,0.859736926250483,0.959,0.78,9.26176202531627e-23,"2","Ppp3ca"
6.59518240052428e-39,0.855565915376614,0.952,0.396,1.65070820302722e-34,"2","Adarb2"
3.54768806405792e-16,0.850338050448549,0.762,0.477,8.87950845553057e-12,"2","Pde1a"
1.79511366769884e-15,0.849138641609699,0.886,0.566,4.49298999888343e-11,"2","Cdh13"
9.27665475773009e-10,0.843153759303124,0.533,0.345,2.32185391931226e-05,"2","Sergef"
2.88979818549906e-09,0.837879410846667,0.582,0.378,7.2328758784856e-05,"2","Ica1"
2.49750391929452e-13,0.827518880651679,0.732,0.472,6.25100255960227e-09,"2","Gm15738"
6.38051159958608e-15,0.801920437439468,0.739,0.511,1.5969782482604e-10,"2","Gpr158"
4.31099107571408e-10,0.790867194768386,0.584,0.368,1.07899795634048e-05,"2","Nyap2"
8.65987551399772e-09,0.787589155040834,0.495,0.302,0.000216748024239849,"2","Itpr1"
8.14828460462182e-17,0.782107588684477,0.912,0.628,2.03943415369079e-12,"2","Myt1l"
1.41057119399536e-11,0.781363391525661,0.572,0.375,3.53051864145099e-07,"2","Nsg2"
8.3842491324858e-11,0.766226311001007,0.75,0.538,2.09849371536987e-06,"2","Atp8a1"
3.60117619891808e-22,0.765964900870622,0.914,0.662,9.01338390827206e-18,"2","Prkce"
8.7513839395576e-14,0.757453842612071,0.83,0.592,2.19038388623187e-09,"2","Fat3"
1.17062653617016e-19,0.746809273919911,0.977,0.726,2.9299611573803e-15,"2","Lrrc7"
1.75047948615311e-11,0.742252325044519,0.651,0.399,4.38127510589263e-07,"2","Adcy2"
1.22615738711893e-09,0.720292062827196,0.712,0.49,3.06894932421997e-05,"2","Nalcn"
2.48699534333755e-16,0.719541587240982,0.944,0.729,6.22470064483956e-12,"2","Dpp6"
3.48038590824533e-11,0.710647427933557,0.57,0.359,8.71105788974725e-07,"2","Pam"
1.69478499534499e-15,0.706516684940386,0.849,0.602,4.24187736484898e-11,"2","Ntrk3"
7.99672436780225e-10,0.702673138107417,0.852,0.644,2.00150014201723e-05,"2","Dgkb"
3.85602064873045e-08,0.692570546022155,0.638,0.42,0.000965123408170745,"2","Nell2"
2.42328673905772e-07,0.681566147553034,0.535,0.367,0.00606524437918756,"2","Immp1l"
3.16914071561552e-21,0.679349486265018,0.953,0.689,7.93204229711409e-17,"2","Cacna1c"
9.9614508920314e-10,0.678433640602925,0.783,0.573,2.49325154376654e-05,"2","Dok6"
6.41973092781825e-22,0.676970371500019,0.945,0.631,1.60679445392363e-17,"2","Dlgap2"
1.60421713326455e-14,0.675611761719808,0.927,0.665,4.01519506284784e-10,"2","Erc2"
1.10104406182855e-19,0.671981908060803,0.976,0.726,2.75580318235068e-15,"2","Grm7"
1.9090106331894e-20,0.670608263106351,0.997,0.875,4.77806271380975e-16,"2","Fgf14"
5.77299651827462e-19,0.668003205089977,0.877,0.663,1.44492329855895e-14,"2","Akap6"
2.05759659132035e-22,0.666130348777927,0.879,0.563,5.14995850841571e-18,"2","Grin2a"
4.73859807879019e-10,0.664738253236721,0.72,0.517,1.1860237131404e-05,"2","Unc79"
9.75648631158173e-18,0.662776848423347,0.775,0.535,2.44195095892579e-13,"2","Snap25"
1.43200873642408e-09,0.662728039270775,0.822,0.607,3.58417466639584e-05,"2","Camk1d"
3.25354441591478e-09,0.661183283467143,0.588,0.413,8.1432963185931e-05,"2","Srrm3"
2.03989206242348e-18,0.65701758121588,0.983,0.763,5.10564584303972e-14,"2","Grm5"
2.71071497900399e-11,0.648885103946714,0.688,0.435,6.7846485209491e-07,"2","Gm15398"
9.15646854132028e-22,0.642342103534744,0.98,0.803,2.29177251120705e-17,"2","Macrod2"
2.73762543512645e-15,0.641337438226108,0.94,0.662,6.852002701578e-11,"2","Gabrb3"
5.48044596094805e-09,0.635075327545919,0.605,0.399,0.000137170081956569,"2","Prickle1"
1.55369387196156e-07,0.628029245987283,0.761,0.55,0.0038887403921326,"2","Cttnbp2"
2.6512180845631e-13,0.62389106817971,0.745,0.546,6.63573374385298e-09,"2","Rbfox2"
6.57837494201188e-14,0.6238408060619,0.941,0.734,1.64650146423615e-09,"2","Ttc3"
2.27377580335975e-15,0.617841520338606,0.95,0.729,5.69103345822912e-11,"2","Kalrn"
1.15531214705411e-11,0.616731773154128,0.698,0.495,2.89163077286173e-07,"2","Smyd3"
6.32287765365171e-09,0.605287260379303,0.478,0.266,0.000158255304793249,"2","Sema6a"
4.28869785790013e-16,0.600168236218336,0.919,0.713,1.07341818685382e-11,"2","Pbx1"
2.09899527143925e-16,0.593682282860687,0.782,0.432,5.25357526488531e-12,"2","Etl4"
2.47754437611211e-08,0.592717251199718,0.82,0.586,0.0006201045818971,"2","Dgki"
9.57821879445812e-18,0.589771866035882,0.992,0.768,2.39733238206492e-13,"2","Ank3"
4.45224469294917e-09,0.577743236304987,0.893,0.634,0.000111435232419825,"2","Ppfia2"
1.2101931900424e-08,0.576162733603086,0.766,0.504,0.000302899253535711,"2","Caln1"
3.85684725868175e-07,0.571759263112343,0.567,0.421,0.00965330300375455,"2","Lrba"
4.05229685181521e-10,0.566656341863467,0.935,0.63,1.01424937904083e-05,"2","Cntn5"
3.98060003149191e-11,0.559435677711853,0.994,0.877,9.96304381882111e-07,"2","Lrp1b"
1.2365276842783e-10,0.546210715447818,0.669,0.391,3.09490514098016e-06,"2","Clstn2"
6.39079955274566e-19,0.545976409887335,0.998,0.932,1.59955322005671e-14,"2","Celf2"
4.75839815681475e-12,0.545639529981791,0.846,0.614,1.19097947466916e-07,"2","Enox1"
1.89291595923683e-11,0.538062509035892,0.596,0.373,4.73777935437386e-07,"2","Cdh8"
3.06653130157559e-14,0.534900665800754,0.967,0.658,7.67522119471353e-10,"2","Celf4"
1.99597104952851e-22,0.527761128248705,0.816,0.452,4.99571593986492e-18,"2","Elmo1"
1.08026202355512e-10,0.526728685630696,0.912,0.66,2.70378781875611e-06,"2","Cadps"
5.44184494234978e-11,0.522307057127792,0.662,0.46,1.36203937062073e-06,"2","Hcn1"
3.16246752676141e-15,0.521760208608727,0.998,0.887,7.91533997273114e-11,"2","Kcnip4"
3.01616268271263e-11,0.520571997998741,0.988,0.864,7.54915357856144e-07,"2","Auts2"
6.18326302333984e-51,7.24052750354221,0.534,0.015,1.54760890211173e-46,"3","Gm10790"
2.40836292200032e-27,7.22661952231662,0.342,0.009,6.0278915574746e-23,"3","Asb2"
1.77282020617522e-64,7.21365461828083,0.709,0.021,4.43719169403595e-60,"3","Arhgap45"
3.6257155201441e-18,7.20017639925052,0.261,0.007,9.07480337536868e-14,"3","Cd37"
3.77947150941817e-26,7.09317314164128,0.293,0.009,9.45963924092274e-22,"3","Cd86"
6.23383645518939e-32,7.08114666628479,0.395,0.013,1.56026692636935e-27,"3","Ctss"
6.7575866472395e-19,7.07733708793747,0.267,0.007,1.69135636193757e-14,"3","Abi3"
6.45564066010488e-62,7.04070873212451,0.644,0.019,1.61578230081765e-57,"3","Siglech"
1.87932379169779e-37,6.98048956210529,0.443,0.012,4.70375951824041e-33,"3","Gm2629"
1.76549342057503e-39,6.96238055330417,0.512,0.016,4.41885348235723e-35,"3","Gm50035"
1.46737301633297e-96,6.94660212834795,0.914,0.039,3.6726879225798e-92,"3","Inpp5d"
1.13282853532499e-35,6.93478362564715,0.434,0.013,2.83535654106492e-31,"3","Fcrls"
1.34361869032392e-56,6.88294787276839,0.647,0.022,3.36294322001173e-52,"3","Ikzf1"
1.49272562910151e-37,6.86808299981755,0.499,0.021,3.73614297707816e-33,"3","Ifitm10"
1.8610593667315e-21,6.83061577339535,0.258,0.01,4.65804548899227e-17,"3","P2ry6"
5.00657881221412e-24,6.81221732167336,0.321,0.009,1.25309661090907e-19,"3","Pik3ap1"
1.61464249515416e-21,6.80946181268477,0.331,0.01,4.04128870112135e-17,"3","Itgam"
2.3926603821947e-33,6.80765555484325,0.424,0.015,5.98858967059511e-29,"3","Csf3r"
1.23091994905547e-37,6.78955266398702,0.45,0.015,3.08086954049092e-33,"3","Cyth4"
1.60832872658309e-61,6.7824582929195,0.664,0.024,4.02548596976481e-57,"3","Csf1r"
8.43159844191039e-44,6.77891113412811,0.522,0.018,2.11034477402575e-39,"3","Gm2245"
8.59422889236346e-56,6.70206511246733,0.619,0.023,2.15104954946965e-51,"3","Fyb"
7.29366379379481e-49,6.6892741734005,0.575,0.021,1.8255311109489e-44,"3","Runx1"
1.51433740599424e-54,6.68382538010277,0.616,0.025,3.79023509346298e-50,"3","Dock8"
1.37794131232011e-39,6.67672375551867,0.488,0.019,3.44884931060601e-35,"3","Fgd2"
3.2072459032177e-24,6.66861129251701,0.318,0.01,8.02741577116358e-20,"3","Rbm47"
9.95398902083615e-56,6.64167397061301,0.639,0.026,2.49138391202508e-51,"3","Ly86"
1.04050523961307e-22,6.61021035950593,0.291,0.008,2.60428056422756e-18,"3","Spi1"
5.00711609539064e-30,6.59284126621231,0.398,0.016,1.25323108751532e-25,"3","Nckap1l"
3.63674825653004e-15,6.47193476386038,0.254,0.01,9.10241721126903e-11,"3","Cd84"
1.2780799008106e-40,6.45194082488465,0.492,0.017,3.19890618373885e-36,"3","Cfh"
1.52812334032866e-31,6.44279737439212,0.428,0.019,3.82473990850861e-27,"3","Abca9"
1.2446929431945e-78,6.43461299246026,0.831,0.054,3.11534196752152e-74,"3","Hexb"
3.12449345009714e-19,6.41638345562403,0.271,0.009,7.82029465624813e-15,"3","Rhoh"
5.41557560409696e-18,6.40112291474764,0.258,0.011,1.35546441794943e-13,"3","Wdfy4"
8.94002216277966e-60,6.36887641169,0.686,0.029,2.23759814712212e-55,"3","Slco2b1"
4.33111264847048e-29,6.36571588477692,0.364,0.016,1.08403418478568e-24,"3","Bank1"
2.00632459428184e-41,6.36429368609428,0.492,0.023,5.02162982702802e-37,"3","Myo1f"
2.40611830438251e-24,6.32610719781903,0.283,0.011,6.02227350403898e-20,"3","C1qb"
4.71755190672118e-43,6.31819179113088,0.543,0.031,1.18075606673325e-38,"3","Selplg"
1.01386883184804e-22,6.31274279576722,0.341,0.016,2.53761229923245e-18,"3","Gm5086"
1.82967192608822e-28,6.31114087057523,0.393,0.017,4.57948586380621e-24,"3","Unc93b1"
1.48738621856089e-18,6.26380959090358,0.278,0.013,3.72277896643605e-14,"3","Mir142hg"
2.6539798171706e-33,6.19680583394492,0.396,0.026,6.6426460843963e-29,"3","Blnk"
3.6248758447408e-63,6.16451905943826,0.689,0.039,9.07270175180174e-59,"3","Apbb1ip"
1.27018239972058e-32,6.15206260176924,0.44,0.021,3.17913952826065e-28,"3","Hk2"
4.68094013547377e-69,6.14791124298187,0.763,0.032,1.17159250650773e-64,"3","Adap2"
5.28438270662859e-18,6.13170444754429,0.254,0.01,1.32262814764207e-13,"3","C1qc"
3.05552806745892e-24,6.10282804027456,0.328,0.015,7.64768120004292e-20,"3","Vsir"
3.13388790156565e-27,6.10050829365952,0.332,0.016,7.84380802882868e-23,"3","Il6ra"
4.44196661469827e-36,6.00723117088531,0.483,0.025,1.11177982399283e-31,"3","Tbxas1"
1.15293159534284e-61,5.98325067010626,0.682,0.031,2.88567248998359e-57,"3","Adap2os"
2.77093045032521e-22,5.95915719548938,0.34,0.014,6.93536182411898e-18,"3","8030442B05Rik"
6.33901848769216e-24,5.95066106341537,0.335,0.023,1.58659293728447e-19,"3","Gm31243"
8.44742823057128e-24,5.89870206570989,0.341,0.024,2.11430681182968e-19,"3","Ccr5"
2.39356243411316e-20,5.83161404505452,0.283,0.014,5.99084741634183e-16,"3","Rcsd1"
2.10218063153502e-17,5.73672725490599,0.251,0.014,5.26154790266901e-13,"3","Ptgs1"
7.15518291250926e-26,5.67729940059041,0.319,0.022,1.79087073117194e-21,"3","Plcg2"
4.24798184224278e-30,5.67234535221215,0.395,0.026,1.06322737529495e-25,"3","Lair1"
3.88845819216424e-21,5.66315219069041,0.315,0.02,9.73242200916787e-17,"3","Fermt3"
9.66161529820101e-66,5.61857774835935,0.716,0.084,2.41820569298673e-61,"3","Tgfbr1"
2.71195463737619e-14,5.52823536563033,0.251,0.023,6.78775126188887e-10,"3","Cd180"
1.27256991828785e-36,5.43010364522441,0.481,0.037,3.18511524848267e-32,"3","Cdh23"
8.14529787813183e-29,5.25825983506397,0.402,0.024,2.03868660591762e-24,"3","Rasgrp3"
7.00583781914673e-51,5.15901987556855,0.64,0.093,1.75349114775424e-46,"3","Cx3cr1"
5.74544466649941e-20,5.12448419709661,0.302,0.041,1.43802734557814e-15,"3","Arhgap22"
3.17352884559623e-20,5.11309929583859,0.287,0.017,7.94302534764281e-16,"3","Anxa3"
1.2078351228031e-16,5.07718549712609,0.267,0.029,3.02309052886388e-12,"3","Rps6ka1"
2.4971672528999e-25,5.0201310223066,0.353,0.027,6.25015991728315e-21,"3","Tgfbr2"
3.18561243202805e-46,4.98405013878083,0.66,0.08,7.97326935612302e-42,"3","Ccnd3"
4.36506335341636e-47,4.96190204302691,0.606,0.037,1.09253170672658e-42,"3","Fli1"
5.89017391161801e-17,4.96175608939411,0.257,0.031,1.47425162833887e-12,"3","Nrros"
2.00441210012954e-45,4.92514449435582,0.584,0.06,5.01684304541423e-41,"3","Itgb5"
2.27418188108991e-18,4.92047251387206,0.344,0.044,5.69204983017993e-14,"3","Rgs10"
8.23898357749355e-39,4.91663463978078,0.569,0.059,2.06213519961086e-34,"3","Entpd1"
2.49231255579661e-31,4.91425543119252,0.508,0.087,6.23800909590333e-27,"3","E230029C05Rik"
4.55518643717066e-16,4.9083350928072,0.261,0.024,1.14011761335944e-11,"3","Lrrk1"
4.09054833660114e-37,4.85257967383564,0.504,0.052,1.0238233431679e-32,"3","Agmo"
2.81064608666706e-26,4.78007239706275,0.372,0.033,7.03476609031899e-22,"3","Gm20528"
2.84125134718623e-19,4.77868008907743,0.292,0.031,7.11136799687242e-15,"3","Pros1"
6.19875497590544e-48,4.75339915174672,0.639,0.093,1.55148638291937e-43,"3","Lrmda"
2.68062842314505e-19,4.73465791321842,0.298,0.046,6.70934488028975e-15,"3","Tnfrsf11a"
5.25304881769672e-15,4.71264652390492,0.263,0.04,1.31478558858131e-10,"3","Pik3cd"
9.42537029724752e-34,4.70574400294296,0.531,0.092,2.35907593169808e-29,"3","Lgmn"
5.4779191826842e-19,4.68485008224516,0.278,0.03,1.37106839223403e-14,"3","Gm34408"
1.13276549575762e-19,4.65604001050902,0.315,0.03,2.83519875933175e-15,"3","Col27a1"
1.21104140904564e-52,4.56338904818928,0.639,0.092,3.03111554270033e-48,"3","Dock2"
8.77174201816006e-23,4.53428110732071,0.354,0.068,2.19547930972528e-18,"3","Mylip"
1.24428625393491e-64,4.42567846186829,0.812,0.232,3.11432406497368e-60,"3","Pde3b"
7.43975433904538e-22,4.42457660061909,0.336,0.062,1.86209611351967e-17,"3","Hck"
4.65851740816487e-53,4.4244568848945,0.704,0.163,1.16598032208959e-48,"3","Zfp710"
1.60393386580366e-14,4.37573677052951,0.272,0.047,4.01448607271999e-10,"3","Ptprc"
4.49901376081733e-28,4.35552837256351,0.438,0.088,1.12605815419497e-23,"3","Phyhd1"
1.9656173915959e-29,4.353825295224,0.48,0.067,4.91974376942539e-25,"3","0610040J01Rik"
1.22771591800007e-18,4.35228903756796,0.398,0.092,3.07285017116238e-14,"3","Otulinl"
5.16000821987408e-22,4.340596754723,0.376,0.087,1.29149845735228e-17,"3","P3h2"
6.52093657208238e-16,4.26842426174816,0.256,0.043,1.6321252146265e-11,"3","Slc16a6"
1.05573068772954e-22,4.25981987637385,0.394,0.07,2.64238833831827e-18,"3","Skap2"
2.32999101322648e-17,4.25218418554255,0.287,0.038,5.83173450700456e-13,"3","Dapp1"
8.46813586706618e-14,4.2356114039753,0.27,0.041,2.11948972616799e-09,"3","Vrk2"
2.50558581432901e-26,4.19636613235757,0.455,0.094,6.27123073468409e-22,"3","Lpcat2"
4.93626951248308e-19,4.19475238696101,0.344,0.061,1.23549889627939e-14,"3","Insyn2b"
1.21297750305084e-52,4.18898959408395,0.739,0.184,3.03596139238594e-48,"3","Rreb1"
6.09940355364626e-18,4.18001968334034,0.263,0.037,1.52661971544212e-13,"3","Cdk6"
9.91841919025383e-12,4.17606619546451,0.274,0.04,2.48248113912863e-07,"3","Cflar"
3.85941320679237e-75,4.16813717391499,0.879,0.22,9.65972531528063e-71,"3","Zfhx3"
2.74708236569127e-60,4.14719597482275,0.806,0.19,6.87567245308868e-56,"3","Epb41l2"
1.32881640103753e-39,4.03160892692407,0.572,0.133,3.32589457015683e-35,"3","Gm32036"
7.03840784965731e-11,4.02400229761721,0.305,0.063,1.76164310069073e-06,"3","Ctsd"
1.6038506270679e-17,4.01594715031459,0.256,0.057,4.01427773448825e-13,"3","B4galt1"
3.64344877043626e-13,3.98672741183601,0.263,0.041,9.11918792752492e-09,"3","P2rx7"
5.15162209914278e-36,3.98609445695984,0.556,0.139,1.28939949519445e-31,"3","Serinc3"
3.40752528637256e-35,3.94717344222337,0.605,0.178,8.52869503926189e-31,"3","Hpgds"
3.33604549393872e-15,3.88451329461217,0.282,0.056,8.34978826677922e-11,"3","Plekho1"
1.06447454037887e-47,3.88157192877261,0.721,0.257,2.66427332711427e-43,"3","Numb"
8.76288494454061e-24,3.87480758304623,0.453,0.102,2.19326247276907e-19,"3","Bmp2k"
8.55470836467846e-30,3.86663149013247,0.437,0.099,2.14115795659537e-25,"3","Itga9"
6.2865601802312e-44,3.79324287242932,0.678,0.209,1.57346314751007e-39,"3","Pip4k2a"
5.62409867781508e-18,3.77984855449711,0.402,0.107,1.40765565807034e-13,"3","Cttnbp2nl"
6.36549209646611e-20,3.77751006991341,0.356,0.084,1.5932190168245e-15,"3","Ivns1abp"
3.15013640315147e-23,3.77732428081465,0.401,0.074,7.8844764034478e-19,"3","Pld1"
4.77519898674936e-12,3.76446575917153,0.252,0.068,1.1951845543935e-07,"3","Kcnk13"
1.04142768566482e-27,3.76214209835114,0.5,0.111,2.60658935445047e-23,"3","St3gal6"
3.59566060222887e-63,3.73070876693769,0.801,0.151,8.99957892131863e-59,"3","Mertk"
1.20893940143809e-36,3.72268441144316,0.53,0.15,3.0258544278594e-32,"3","Wasf2"
2.54650407061895e-84,3.72048655019636,0.947,0.499,6.37364503835217e-80,"3","Plxdc2"
2.68350574735367e-16,3.69212390909713,0.338,0.097,6.7165465350515e-12,"3","Fam102b"
1.39589009906821e-38,3.68683821363342,0.631,0.216,3.49377332895783e-34,"3","Pag1"
2.48597858356903e-11,3.64229452666942,0.261,0.053,6.22215579681493e-07,"3","Fmnl3"
3.02877251873277e-78,3.59384542357502,0.93,0.445,7.58071473713625e-74,"3","Elmo1"
1.15983800090198e-37,3.55680224811563,0.636,0.233,2.90295853245757e-33,"3","Mbnl1"
3.20810547406392e-51,3.5413397645845,0.779,0.268,8.0295671910346e-47,"3","Dleu2"
2.8808860239144e-26,3.51687905096608,0.564,0.214,7.21056962925534e-22,"3","Sirpa"
5.71859281027913e-36,3.50748098535202,0.665,0.245,1.43130659448476e-31,"3","Lyn"
1.97924840869793e-09,3.48267019376115,0.311,0.096,4.95386084213005e-05,"3","B430010I23Rik"
6.08109556117718e-09,3.46770120209969,0.271,0.084,0.000152203740800704,"3","Scamp2"
1.39567334608303e-12,3.44940508530964,0.309,0.097,3.4932308179112e-08,"3","Pmepa1"
6.2141456905279e-57,3.44891282298655,0.808,0.309,1.55533852488223e-52,"3","Maml3"
9.29732560767475e-19,3.42951255682313,0.313,0.113,2.32702762634491e-14,"3","Rtn4rl1"
2.34181269023445e-66,3.42143030134697,0.911,0.515,5.8613229823878e-62,"3","Srgap2"
1.89638275576694e-34,3.39546293520008,0.631,0.267,4.74645639940907e-30,"3","Gm46367"
4.33847613881236e-18,3.37597695025775,0.346,0.131,1.08587719278335e-13,"3","Gtf2h2"
1.02047351923088e-32,3.35405727020792,0.586,0.258,2.55414317128297e-28,"3","4933406I18Rik"
2.62840999436226e-33,3.34357068620944,0.621,0.22,6.5786473748893e-29,"3","Ankrd44"
1.75137013716092e-41,3.33928272940535,0.717,0.323,4.38350431630007e-37,"3","Ophn1"
1.59132124401033e-12,3.3242732399271,0.339,0.095,3.98291794163344e-08,"3","Nek7"
8.03890896561033e-27,3.29407020549898,0.552,0.214,2.01205852500261e-22,"3","Gm16337"
2.19863288801477e-63,3.29210184193206,0.852,0.447,5.50295825541216e-59,"3","Ldlrad4"
6.49550386340248e-26,3.27312375904705,0.488,0.114,1.62575966197101e-21,"3","Maf"
2.33127469740586e-41,3.25369971961857,0.626,0.189,5.83494744013713e-37,"3","Frmd4b"
5.14820381097933e-13,3.24828136146055,0.395,0.105,1.28854393185002e-08,"3","Itga6"
1.14127701488993e-48,3.23616492871441,0.797,0.413,2.85650224056801e-44,"3","Mef2a"
5.65713069502767e-11,3.20428765333543,0.379,0.145,1.41592324165848e-06,"3","Cerk"
2.18408451003171e-07,3.20073565856705,0.279,0.106,0.00546654512015836,"3","Sft2d1"
3.5949851887877e-44,3.18760095416031,0.74,0.323,8.99788842901672e-40,"3","Tmcc3"
4.27730065372889e-16,3.15930118528546,0.415,0.182,1.0705655806218e-11,"3","Mgat4a"
4.13485380451681e-14,3.14575382182304,0.326,0.079,1.03491255873251e-09,"3","Pnpla7"
3.33235733613138e-19,3.11055436547718,0.503,0.234,8.34055717660322e-15,"3","Smap2"
5.51969141991581e-20,3.10689406098627,0.508,0.225,1.38152356549073e-15,"3","Picalm"
1.82733154769372e-07,3.08698661086169,0.257,0.097,0.00457362813072262,"3","Cradd"
1.05756750507721e-16,3.0751466515292,0.299,0.104,2.64698570845774e-12,"3","Sipa1l2"
6.85293081099992e-13,3.06940185522666,0.279,0.077,1.71522005268517e-08,"3","Irak2"
2.36634783760433e-11,3.06341684363123,0.262,0.099,5.92273200273987e-07,"3","Heatr5a"
6.41883802681769e-15,3.06001216330843,0.408,0.168,1.6065709697322e-10,"3","Nrip1"
8.14728763088104e-08,3.04988972748082,0.385,0.188,0.00203918462113322,"3","Slc7a8"
1.40732291895291e-19,3.0353600633784,0.322,0.122,3.52238853384723e-15,"3","9130015G15Rik"
3.02603757737679e-07,3.02304642287387,0.354,0.166,0.00757386945241636,"3","Fkbp5"
5.87668103218524e-19,2.99904160780712,0.55,0.229,1.47087449554564e-14,"3","Rrbp1"
5.57638294238215e-30,2.98750836133659,0.594,0.29,1.39571288664883e-25,"3","Bin1"
2.21150642074298e-19,2.97460496571814,0.47,0.221,5.5351794204776e-15,"3","Gm26542"
4.71390949438066e-37,2.96797219909921,0.65,0.324,1.17984440734854e-32,"3","Gab2"
4.40244862202825e-47,2.95987306094448,0.818,0.478,1.10188886560745e-42,"3","Lysmd4"
3.74300383714645e-21,2.95666919041582,0.545,0.233,9.36836430399386e-17,"3","Akap13"
7.78202055212277e-10,2.9563946365728,0.336,0.155,1.94776192399081e-05,"3","Tm6sf1"
6.67809196660054e-12,2.94653849468062,0.367,0.183,1.67145963832045e-07,"3","Ints6l"
1.94688944644179e-08,2.94404871673766,0.295,0.135,0.000487286959549916,"3","Gns"
3.05324739474597e-08,2.93920198124392,0.255,0.078,0.000764197290430968,"3","Crlf3"
5.57498031569535e-32,2.93476255989369,0.663,0.363,1.39536182321539e-27,"3","Snx29"
1.54520375437349e-10,2.93446360739019,0.318,0.118,3.8674904768214e-06,"3","Mitf"
4.50402590135681e-09,2.89808639370748,0.326,0.148,0.00011273126428506,"3","Tbc1d16"
1.32388791651779e-18,2.88881532344131,0.421,0.167,3.31355906625237e-14,"3","Prex1"
1.65867256449606e-27,2.84135501870751,0.517,0.224,4.15149156167718e-23,"3","Ubash3b"
3.69095777233747e-14,2.83930559042034,0.508,0.275,9.23809820838346e-10,"3","P2ry12"
2.74609866367767e-08,2.82823476641834,0.325,0.125,0.000687321034531884,"3","Marcks"
4.85669096349312e-17,2.81825065570035,0.483,0.237,1.21558118125269e-12,"3","Abhd12"
1.0099179747093e-08,2.80325880849746,0.32,0.168,0.000252772369889992,"3","Sh3pxd2a"
1.35234470237067e-08,2.77365037025731,0.361,0.178,0.000338478355556356,"3","Elk3"
8.69089698664301e-12,2.75484538863494,0.325,0.164,2.17524460678688e-07,"3","Arhgap17"
1.25959483903431e-10,2.74498602945666,0.339,0.165,3.15263992261896e-06,"3","Wdfy2"
7.98969000617675e-12,2.73810236226284,0.286,0.105,1.99973951164598e-07,"3","2610203C22Rik"
4.3038191931675e-13,2.72810080921304,0.584,0.352,1.07720290585789e-08,"3","Rnf216"
5.27001369608259e-14,2.7069668592639,0.459,0.26,1.31903172799251e-09,"3","Zfp652"
1.05791518843835e-15,2.70433433031206,0.451,0.214,2.64785592514235e-11,"3","4930444A19Rik"
1.68884103415276e-25,2.68440979959987,0.637,0.37,4.22700022438094e-21,"3","Slc9a9"
3.3021792312945e-17,2.67774669539329,0.516,0.315,8.26502439800699e-13,"3","Nr6a1"
1.27889372490665e-09,2.66414012819604,0.331,0.197,3.20094310406887e-05,"3","Myo1d"
1.18781816401527e-07,2.63412828325975,0.356,0.191,0.00297299008271382,"3","Pou2f2"
2.25194300667882e-11,2.63050016494991,0.328,0.154,5.63638815141642e-07,"3","Tsc22d4"
1.30021913428873e-08,2.62851324256839,0.264,0.129,0.000325431847121125,"3","Gna12"
1.76181598083443e-16,2.59665899449136,0.563,0.349,4.40964921843049e-12,"3","Plcl2"
5.49327635743588e-19,2.58283216294805,0.546,0.348,1.37491213950263e-14,"3","Dennd4a"
1.11075379612503e-09,2.58174178439809,0.281,0.172,2.78010567632133e-05,"3","Gm17231"
1.8814968386347e-07,2.5681043720247,0.295,0.096,0.00470919843741879,"3","Abca1"
3.71974172146123e-10,2.56572100805963,0.308,0.177,9.31014155464531e-06,"3","Snx24"
4.75959055297996e-12,2.55916520605186,0.383,0.224,1.19127791950535e-07,"3","Aftph"
1.07611313511591e-34,2.52345293494638,0.713,0.381,2.69340356588161e-30,"3","Plcl1"
1.03675237882296e-10,2.49504629957367,0.341,0.193,2.594887528956e-06,"3","Asph"
1.0227690383979e-20,2.48158281487895,0.558,0.217,2.5598886262061e-16,"3","Cst3"
5.25578243730032e-11,2.47639452120937,0.451,0.223,1.3154697862319e-06,"3","Etv6"
2.57517262431877e-35,2.47414697440459,0.683,0.398,6.44539956140744e-31,"3","Rapgef5"
7.8072367477059e-39,2.43653467418883,0.801,0.558,1.95407328558331e-34,"3","Foxn3"
2.36429819835854e-35,2.43195609889229,0.721,0.474,5.91760196067158e-31,"3","Dip2b"
5.29842103601521e-22,2.43063509525151,0.568,0.373,1.32614180110425e-17,"3","Med12l"
4.03183806720029e-10,2.42811267174508,0.465,0.311,1.00912874983956e-05,"3","Tacc1"
1.89251152351389e-07,2.42809131270705,0.324,0.194,0.0047367670922029,"3","Pwwp2a"
8.76284774309739e-10,2.42624765828899,0.318,0.208,2.19325316161985e-05,"3","Camk1"
1.66197697502687e-07,2.40438457684043,0.278,0.165,0.00415976217079475,"3","Gdi2"
4.69776786449128e-11,2.39983764309369,0.343,0.206,1.17580431880352e-06,"3","Stard9"
6.82311081130829e-23,2.3932153424879,0.552,0.372,1.70775640496235e-18,"3","Lrch1"
3.58123562168879e-12,2.37975636983355,0.436,0.289,8.96347463752487e-08,"3","Arsb"
1.3140356170048e-09,2.34037109976395,0.304,0.199,3.28889974580132e-05,"3","Comt"
1.22992752304367e-12,2.33900216990271,0.516,0.317,3.078385597426e-08,"3","Ppm1h"
3.84074210889198e-09,2.33107383119844,0.444,0.234,9.61299342434575e-05,"3","Chn2"
3.41849230244039e-24,2.30721991340471,0.624,0.438,8.55614438377806e-20,"3","Fam49b"
6.45652416995255e-14,2.28734656256015,0.501,0.334,1.61600343449742e-09,"3","Rap1gds1"
6.83783538521097e-41,2.27052602556543,0.8,0.599,1.71144181856445e-36,"3","Chd9"
2.35052941482121e-09,2.23627778566256,0.483,0.336,5.88314007235601e-05,"3","Cyfip1"
1.70659594133939e-31,2.22502675000888,0.751,0.567,4.27143898157837e-27,"3","Ssh2"
2.75984526009972e-20,2.20679068202667,0.55,0.377,6.90761670150359e-16,"3","Tbc1d5"
4.2225657249669e-27,2.17920117514234,0.716,0.545,1.05686597530196e-22,"3","Fchsd2"
5.02552429514412e-09,2.16547182454279,0.36,0.157,0.000125783847583162,"3","Tns3"
1.25039439494428e-43,2.16335209264924,0.89,0.66,3.12961213110604e-39,"3","Slc8a1"
2.82211017067893e-14,2.15292650198238,0.515,0.344,7.06345954619229e-10,"3","Arhgap5"
3.06618885925651e-32,2.15088211450705,0.665,0.383,7.67436409583312e-28,"3","Dock10"
9.69608676422266e-16,2.14539807199824,0.586,0.424,2.42683355621729e-11,"3","Wnk1"
2.04994634585027e-56,2.13930327972845,0.892,0.723,5.13081070902865e-52,"3","Tanc2"
3.93391242909015e-47,2.13490727407077,0.879,0.726,9.84618941876973e-43,"3","Nav2"
2.03341239461852e-07,2.11860775368767,0.25,0.106,0.0050894278824907,"3","Wipf1"
1.53175410674115e-15,2.06930490175267,0.565,0.405,3.83382735376241e-11,"3","Asap1"
3.80972594003527e-35,2.06081613121857,0.817,0.572,9.53536305531429e-31,"3","Mef2c"
2.83873206111851e-07,2.04829336938288,0.403,0.288,0.00710506247577353,"3","Lims1"
3.27291676861532e-20,2.03172944904098,0.688,0.516,8.19178338016728e-16,"3","Ptprj"
4.56634743551186e-15,1.98726894684546,0.587,0.426,1.14291109963426e-10,"3","Diaph2"
2.92591704361897e-40,1.98417248681847,0.818,0.543,7.32327776847392e-36,"3","Zeb2"
1.74018882577598e-41,1.97308644827397,0.861,0.665,4.3555186120347e-37,"3","Dock4"
8.73114598733957e-11,1.96908511325502,0.581,0.436,2.18531852917122e-06,"3","Zswim6"
8.22270162321565e-09,1.94256919197632,0.512,0.397,0.000205805998927464,"3","Fgf13"
9.27408327075458e-29,1.93721008658051,0.803,0.617,2.32121030183716e-24,"3","Gm35188"
3.53748815145832e-07,1.92332874527463,0.481,0.343,0.00885397909428502,"3","Specc1"
6.14756886097701e-09,1.88072969510459,0.471,0.414,0.000153867501021394,"3","Rptor"
2.33851219786478e-08,1.84261503947463,0.371,0.322,0.000585306218003576,"3","Tmem135"
1.74522481010619e-07,1.78910476074421,0.306,0.147,0.00436812317721478,"3","Arhgap31"
4.22281487532023e-11,1.73455225667729,0.378,0.172,1.0569283351439e-06,"3","Itpr2"
1.51754809863812e-07,1.69912690520284,0.356,0.286,0.00379827113608136,"3","Rnf180"
1.18268982404299e-31,1.67423572874233,0.825,0.514,2.96015436059721e-27,"3","Qk"
3.71703165544333e-09,1.62912719468907,0.529,0.48,9.30335853040911e-05,"3","Atp8a2"
2.56611119080984e-08,1.49598962302619,0.516,0.509,0.000642271969947796,"3","Phf14"
8.37724943730574e-19,1.30706858503609,0.627,0.476,2.09674176166325e-14,"3","Inpp4b"
1.60752343354534e-13,1.23424260037729,0.654,0.678,4.02347040182064e-09,"3","Dst"
3.40442485517172e-09,1.22979918881609,0.534,0.57,8.52093497000929e-05,"3","Gnaq"
2.13774045852888e-09,1.12357485256958,0.671,0.694,5.35055059365194e-05,"3","5330438D12Rik"
1.67473207620447e-09,1.00597633633227,0.594,0.397,4.19168691353217e-05,"3","Nfia"
5.38957023751449e-10,0.842598380675066,0.743,0.76,1.3489555347475e-05,"3","Son"
6.44043120806564e-16,0.817049624140061,0.818,0.794,1.61197552706675e-11,"3","Nav3"
3.79593957765595e-20,0.816188468495184,0.866,0.874,9.50085716891509e-16,"3","Macf1"
1.14521182733472e-12,0.54989058286976,0.814,0.773,2.86635068263607e-08,"3","Mir99ahg"
7.25827212322883e-77,5.63061955747922,0.794,0.041,1.81667292972294e-72,"4","Pdgfra"
6.26527728420189e-34,5.01199840700531,0.475,0.03,1.56813625146289e-29,"4","Gm2164"
3.41336289850137e-42,4.94119818707166,0.494,0.028,8.54330599865907e-38,"4","Cspg4"
1.63560560220996e-20,4.88957186769891,0.302,0.02,4.09375726177131e-16,"4","Shc4"
4.62220594138382e-19,4.67954912532979,0.273,0.018,1.15689192506896e-14,"4","Matn4"
2.75785403608594e-39,4.56745178827763,0.513,0.047,6.90263286691951e-35,"4","Stk32a"
1.7131187776445e-37,4.02846123194106,0.493,0.043,4.28776498856642e-33,"4","Sox10"
8.88915554605934e-24,4.0179799311001,0.395,0.05,2.22486674162319e-19,"4","Sema3d"
3.58973344960775e-37,4.01763824569513,0.523,0.082,8.98474385102323e-33,"4","Gm42948"
5.13032165693205e-34,3.90177674145878,0.474,0.057,1.28406820751352e-29,"4","Plpp4"
1.78336834477621e-96,3.88353864785984,0.992,0.464,4.46359263014037e-92,"4","Lhfpl3"
8.31527591710989e-32,3.79139638226071,0.531,0.102,2.08123040929343e-27,"4","Myt1"
1.13266627625564e-25,3.67776354519737,0.396,0.069,2.83495042284025e-21,"4","Emid1"
3.47755175301282e-19,3.65987425322715,0.352,0.062,8.70396428261578e-15,"4","Armh4"
2.07312428462404e-29,3.65100154372831,0.412,0.044,5.18882277198552e-25,"4","Prkcq"
1.32211678923739e-35,3.64443815380554,0.439,0.076,3.30912611178226e-31,"4","Tes"
1.29221543048046e-20,3.59092323980934,0.327,0.049,3.23428600094954e-16,"4","Calcrl"
1.09672782210636e-17,3.55201525211235,0.258,0.046,2.74500006595001e-13,"4","Gm36146"
4.50780149311012e-69,3.53340357454549,0.894,0.339,1.12825763571053e-64,"4","Epn2"
1.38508769544302e-51,3.47853874700994,0.723,0.179,3.46673599292434e-47,"4","Megf11"
2.18920240101941e-17,3.46424828664505,0.315,0.055,5.47935468951148e-13,"4","Pstpip2"
4.10297857963166e-52,3.44383994644837,0.766,0.186,1.02693450869601e-47,"4","Gm4876"
2.11636482704006e-14,3.38993451762284,0.305,0.062,5.29704952559856e-10,"4","6330576A10Rik"
3.12942343403567e-34,3.35039615211523,0.524,0.109,7.83263391304787e-30,"4","Sulf2"
6.98765042091361e-15,3.34347525590392,0.273,0.042,1.74893902385047e-10,"4","Ntn1"
1.99777179432296e-23,3.30722575639583,0.365,0.043,5.00022302401093e-19,"4","Afap1l2"
2.20325830167948e-15,3.25419632470274,0.317,0.05,5.51453520327357e-11,"4","Car8"
2.27719396166878e-20,3.24730184243327,0.286,0.041,5.69958876666078e-16,"4","Rgcc"
1.30689897003657e-31,3.2344500619339,0.499,0.088,3.27103743210454e-27,"4","Vcan"
7.34420308176539e-45,3.15404190227743,0.694,0.123,1.83818058933506e-40,"4","Arhgap31"
2.09669428407465e-15,3.14349914617295,0.329,0.063,5.24781612361045e-11,"4","Smoc1"
2.77941343624747e-19,3.07475165299889,0.323,0.047,6.9565938895838e-15,"4","Zcchc24"
1.10046503431482e-21,3.06497960614299,0.378,0.08,2.75435393438657e-17,"4","Kcnh8"
2.48362748074642e-79,2.97424029986212,0.957,0.483,6.21627122156023e-75,"4","Xylt1"
2.68487945690936e-22,2.91243447920832,0.423,0.09,6.71998479269845e-18,"4","Gfra1"
4.94187494548827e-27,2.91091673846578,0.416,0.094,1.23690188010626e-22,"4","Vxn"
1.62233337504176e-26,2.82311282180566,0.48,0.093,4.06053820439202e-22,"4","Wipf1"
5.62799040765376e-35,2.80974886011044,0.535,0.112,1.40862971913166e-30,"4","Kank1"
1.275326455531e-19,2.80628530431205,0.413,0.147,3.19201458554853e-15,"4","Arhgef3"
2.45666485129182e-28,2.79397760881895,0.519,0.097,6.14878645629829e-24,"4","Abtb2"
2.42392792125153e-12,2.7532582584271,0.298,0.084,6.06684919410045e-08,"4","Sh3bp4"
9.16322451163245e-81,2.74582296099644,0.965,0.524,2.29346346301648e-76,"4","Dscam"
2.91557062521663e-38,2.70636475099829,0.707,0.268,7.29738171785471e-34,"4","Chst11"
4.52098163094591e-52,2.68713808294448,0.795,0.318,1.13155649240945e-47,"4","Mir9-3hg"
1.27197685956388e-48,2.66011032027978,0.759,0.286,3.18363088180244e-44,"4","Sh3d19"
3.13888318171801e-28,2.63848404653698,0.587,0.218,7.856310715522e-24,"4","Cacng4"
1.56226858435988e-55,2.5997151195068,0.813,0.306,3.91020203979435e-51,"4","Pcdh11x"
1.30149392233972e-36,2.5639149219201,0.776,0.342,3.2575091382241e-32,"4","Gm32509"
1.67156356307972e-67,2.5542019848597,0.926,0.301,4.18375644203223e-63,"4","Sox6"
1.28756757483836e-12,2.54691691901516,0.258,0.053,3.22265288306292e-08,"4","Scrg1"
1.67241621806883e-12,2.5115197135009,0.279,0.051,4.18589055220449e-08,"4","Zfp36l1"
5.49151141799055e-61,2.50028243035536,0.917,0.253,1.37447039280885e-56,"4","Nxph1"
7.86650863345834e-17,2.46999632766398,0.422,0.159,1.96890844586829e-12,"4","Adam12"
2.99950789285586e-73,2.45448030357312,0.976,0.582,7.50746830502893e-69,"4","Pcdh15"
9.22844704360285e-19,2.44566196640043,0.377,0.095,2.30978801054336e-14,"4","Svil"
2.81977669743002e-14,2.39895789760912,0.341,0.107,7.0576190959976e-10,"4","Sox5os4"
4.00457570701841e-14,2.39131863181097,0.44,0.195,1.00230525370964e-09,"4","Lnx1"
9.82328074193337e-31,2.36598957473792,0.595,0.263,2.4586689368985e-26,"4","Kcnip3"
3.15927222756852e-25,2.36087626098724,0.513,0.176,7.90734245838126e-21,"4","Ppfibp1"
3.16253737083766e-13,2.33748710237864,0.254,0.053,7.91551478546958e-09,"4","Cobll1"
6.54594378737737e-49,2.32471592566225,0.723,0.337,1.63838427054268e-44,"4","Zfp462"
2.64685683447507e-29,2.32277923124721,0.57,0.198,6.62481797100766e-25,"4","Sema5a"
1.09133482406532e-13,2.3225513775702,0.325,0.145,2.73150193115308e-09,"4","Cfap20"
5.7521620271703e-28,2.31009103119908,0.6,0.178,1.43970863378045e-23,"4","E130114P18Rik"
1.44717328093573e-14,2.3068443848199,0.349,0.091,3.62213000485404e-10,"4","Enpp2"
5.19653945619336e-71,2.30025876824856,0.944,0.577,1.30064186049064e-66,"4","Tnr"
1.91139718552563e-14,2.27984898109875,0.412,0.178,4.7840360156521e-10,"4","Tpm1"
7.31731062290972e-29,2.2716139296644,0.685,0.267,1.83144967580807e-24,"4","Cspg5"
7.56276025687138e-15,2.26799734804464,0.353,0.146,1.89288326469234e-10,"4","Pcmtd2"
7.38287502922384e-19,2.26177327990469,0.397,0.11,1.84785979106443e-14,"4","Gm45025"
1.12625211615863e-36,2.25228271297597,0.753,0.298,2.81889642153344e-32,"4","Tmem132d"
7.50510208501887e-27,2.25102048427971,0.667,0.334,1.87845200085937e-22,"4","Usp24"
4.40934540700253e-10,2.22653389457271,0.335,0.128,1.10361506191866e-05,"4","Phldb1"
9.05026897080872e-10,2.21847088648637,0.266,0.111,2.26519182070371e-05,"4","Ugdh"
4.17410415219553e-22,2.21252871857047,0.461,0.158,1.04473652825302e-17,"4","Tmem163"
5.60884006340767e-21,2.20447323146487,0.526,0.181,1.40383657947031e-16,"4","Serpine2"
6.87755670783474e-49,2.19090184415274,0.858,0.457,1.72138366840396e-44,"4","Zeb1"
1.82388484062576e-10,2.13191724358162,0.258,0.087,4.5650013676022e-06,"4","Tgfa"
3.22746181285335e-12,2.11892774443891,0.37,0.144,8.07801417139066e-08,"4","Snx25"
5.03995736621661e-18,2.10936272864374,0.498,0.255,1.26145092919036e-13,"4","Olfm2"
1.98066437483616e-10,2.08666504863854,0.264,0.102,4.95740486377743e-06,"4","Tanc1"
1.86591647513169e-17,2.07932597482785,0.426,0.11,4.67020234560711e-13,"4","Bcan"
8.30657110750781e-12,2.015223881492,0.349,0.132,2.07905168249813e-07,"4","Lima1"
9.15112686015554e-08,2.00983357680656,0.263,0.092,0.00229043554182833,"4","Adamts6"
4.71027211511227e-19,2.00847540753327,0.543,0.157,1.17893400769145e-14,"4","Chd7"
3.74154532874438e-13,2.00579749923283,0.417,0.189,9.36471380331432e-09,"4","Galnt10"
8.74124733623513e-10,1.95947990034591,0.278,0.117,2.18784679578629e-05,"4","Mtss2"
3.26952959541695e-09,1.94089670069321,0.276,0.143,8.18330562436907e-05,"4","Mb21d2"
9.62780615003366e-16,1.93721188920091,0.49,0.221,2.40974360129192e-11,"4","Kif13a"
7.50963730042756e-50,1.93571143607952,0.947,0.36,1.87958711992401e-45,"4","Gm38505"
2.50161745306893e-24,1.93184156180701,0.57,0.161,6.26129832328623e-20,"4","Itpr2"
8.56112815948965e-43,1.90353002770305,0.806,0.474,2.14276476703866e-38,"4","Pid1"
1.32392431843316e-17,1.8797483500913,0.52,0.231,3.31365017660637e-13,"4","Grik4"
1.92554342062386e-08,1.87655317009421,0.254,0.093,0.000481944262747947,"4","Cpq"
1.85129616710756e-26,1.86954507659347,0.578,0.245,4.63360917665352e-22,"4","Pde7b"
1.60356309255485e-09,1.86924854397473,0.286,0.106,4.01355806435552e-05,"4","2610203C22Rik"
1.13929112125871e-09,1.86749346183143,0.452,0.255,2.85153174739842e-05,"4","Evi5l"
7.85573132589188e-24,1.86309656223172,0.666,0.388,1.96621099355748e-19,"4","Plppr1"
2.35876402635228e-60,1.86178531601943,0.961,0.541,5.90375048155712e-56,"4","Ptprz1"
1.71736508851894e-17,1.857530946007,0.546,0.321,4.29839308005405e-13,"4","1700025G04Rik"
2.40604592692656e-09,1.85396386948093,0.317,0.152,6.02209235050449e-05,"4","Rnf144a"
3.59043714016392e-15,1.85245178400994,0.279,0.088,8.98650511811628e-11,"4","Gsap"
2.07930949666493e-15,1.85182775243178,0.552,0.325,5.20430373920265e-11,"4","4932443L11Rik"
8.41855524232605e-19,1.84241440535033,0.446,0.167,2.10708019160179e-14,"4","Sema5b"
2.24114750308586e-08,1.84176122359714,0.342,0.204,0.00056093680854736,"4","Gm47591"
7.71845553035212e-19,1.8196453942004,0.643,0.356,1.93185223469183e-14,"4","4930445B16Rik"
4.34655263906996e-15,1.80220576331182,0.57,0.3,1.08789866003282e-10,"4","Hip1"
1.0544884373148e-45,1.79266936165661,0.867,0.424,2.63927910975521e-41,"4","Maml2"
7.59988842119402e-10,1.78993187849521,0.271,0.099,1.90217607294065e-05,"4","Itgav"
1.14060478440915e-12,1.78776707650051,0.324,0.079,2.85481971489765e-08,"4","0610040J01Rik"
1.64402230379968e-07,1.78395605014584,0.318,0.128,0.00411482342418022,"4","Pde1c"
2.02209344626838e-30,1.77399517091884,0.439,0.069,5.06109768666514e-26,"4","Bcas1"
4.51155392245038e-11,1.76575799289852,0.285,0.132,1.12919683125011e-06,"4","Cdh6"
2.5245020582823e-36,1.76457702931185,0.845,0.44,6.31857620167477e-32,"4","Sox5"
3.75772598047705e-21,1.7639243443573,0.331,0.052,9.40521235653601e-17,"4","Bcas1os2"
8.91721108748426e-11,1.7623284436661,0.323,0.121,2.23188876308644e-06,"4","Gm13684"
8.47638793040915e-47,1.75089008385642,0.925,0.6,2.12155513510211e-42,"4","Sema6d"
2.96567271271136e-30,1.75006277606205,0.736,0.472,7.42278223264527e-26,"4","Agap1"
1.36360069672969e-15,1.74415179381135,0.539,0.285,3.41295618384475e-11,"4","2610035D17Rik"
1.72984864019407e-55,1.7236607166208,0.971,0.528,4.32963816154173e-51,"4","Sox2ot"
8.25856459421997e-26,1.72104667658129,0.803,0.526,2.06703613228732e-21,"4","Rev3l"
1.15989407997818e-13,1.71901373297981,0.466,0.174,2.90309889277739e-09,"4","Cdh20"
4.39533638880351e-16,1.69757594268821,0.54,0.311,1.10010874475363e-11,"4","Srgap1"
6.43370525482807e-10,1.6971675666992,0.427,0.222,1.61029208823092e-05,"4","Nova1"
1.52300477591247e-28,1.64467759112007,0.788,0.5,3.81192865363133e-24,"4","Ncald"
3.19843158445544e-51,1.63412919291648,0.939,0.405,8.00535441273352e-47,"4","Gpc5"
4.79954545255439e-10,1.63092335493776,0.449,0.261,1.20127823131984e-05,"4","Ptpre"
4.9866637283801e-36,1.59990618352312,0.867,0.544,1.24811206457625e-31,"4","Dscaml1"
2.01063684874998e-34,1.58504554152228,0.781,0.267,5.03242296873633e-30,"4","Gm20713"
2.05939552828009e-13,1.5842528248563,0.342,0.134,5.15446106773223e-09,"4","Stard13"
6.22529431219541e-22,1.5461963463541,0.631,0.36,1.55812891339939e-17,"4","Grin3a"
3.42512493761066e-12,1.54291093396177,0.305,0.11,8.57274520634572e-08,"4","Zfp521"
8.57930662259988e-67,1.5358295484541,0.993,0.825,2.14731465457052e-62,"4","Lrrc4c"
1.10420418372855e-40,1.53037322475116,0.873,0.599,2.76371265145419e-36,"4","Sntg1"
2.2244387624908e-25,1.52378728966786,0.827,0.554,5.56754777863822e-21,"4","Slc35f1"
2.8242917332954e-17,1.51927252219577,0.568,0.344,7.06891977926505e-13,"4","Spon1"
6.48250832525202e-10,1.51385675974,0.265,0.112,1.62250700872733e-05,"4","Itga9"
1.64251214649335e-62,1.51047053574973,0.982,0.793,4.11104365145822e-58,"4","Anks1b"
2.74641229969133e-14,1.50025747243885,0.401,0.169,6.87399534489743e-10,"4","Prex1"
2.51649967840966e-14,1.4899712808273,0.531,0.345,6.29854704509154e-10,"4","Arhgap35"
2.67246455402431e-14,1.48628690413623,0.379,0.204,6.68891153226745e-10,"4","Stard9"
9.82280603047286e-13,1.47037181726835,0.501,0.285,2.45855012136705e-08,"4","Zmiz1"
4.36747708485616e-10,1.45618883754319,0.25,0.108,1.09313583956865e-05,"4","Asrgl1"
3.18622247815488e-24,1.45415960661747,0.789,0.566,7.97479624057386e-20,"4","Mmp16"
9.05823945367357e-41,1.43599454027171,0.826,0.484,2.26718675285996e-36,"4","Nckap5"
3.16643243957479e-33,1.43293911430522,0.892,0.555,7.92526375301175e-29,"4","Luzp2"
1.42822621139935e-15,1.41842383091563,0.421,0.154,3.57470738451144e-11,"4","Tns3"
9.06127817284505e-37,1.38565833829038,0.89,0.587,2.26794731388139e-32,"4","March1"
2.12881965224745e-14,1.37815668550242,0.52,0.274,5.32822270761014e-10,"4","Unc13c"
2.72459646154084e-07,1.37688909227695,0.392,0.259,0.00681939248359056,"4","Samd4"
2.71820515831410e-11,1.37647748480335,0.74,0.559,6.80339569074437e-07,"4","Ankrd11"
4.93773344234982e-09,1.37542332404717,0.44,0.317,0.000123586530328574,"4","Sycp2"
3.68769782863662e-36,1.37524125520679,0.931,0.609,9.22993889529459e-32,"4","Brinp3"
2.76720049248896e-14,1.37216502632936,0.514,0.265,6.92602611265062e-10,"4","Kcnip1"
4.07801814503863e-42,1.37144968928263,0.911,0.588,1.02068716152172e-37,"4","Ptprt"
3.72902084864029e-12,1.36984623734503,0.7,0.53,9.33336628206179e-08,"4","Nrxn2"
9.23826174578135e-10,1.36877856280161,0.39,0.176,2.31224453235161e-05,"4","Ust"
4.19045903415865e-16,1.35493546533341,0.531,0.326,1.04882999165957e-11,"4","Gm15584"
2.25045977774157e-20,1.34452624128327,0.694,0.462,5.63267577770937e-16,"4","Brinp1"
2.72038501949742e-07,1.33428713740473,0.344,0.244,0.00680885166530008,"4","Kcnk10"
5.30347695295724e-32,1.33250031838576,0.846,0.576,1.32740724655567e-27,"4","Astn2"
5.96983277910543e-08,1.3129138034524,0.349,0.243,0.0014941894462823,"4","Sgk1"
2.32256957297197e-20,1.31113029550263,0.795,0.584,5.81315938419155e-16,"4","Csmd2"
1.92959681222355e-26,1.3060118384101,0.811,0.6,4.82958786131433e-22,"4","Cntn1"
2.58462392395185e-07,1.30045761070217,0.293,0.142,0.00646905521925908,"4","Insyn2a"
5.34764248601449e-17,1.28314006934396,0.702,0.391,1.33846143782457e-12,"4","Sorcs3"
6.00922142823121e-25,1.27188366416359,0.764,0.543,1.50404803127199e-20,"4","Fchsd2"
1.86520007820225e-09,1.26603675735991,0.393,0.224,4.66840927573241e-05,"4","Rab31"
8.94935147684678e-09,1.26103097558286,0.412,0.217,0.000223993318113998,"4","Alk"
7.51012816164308e-15,1.25823546377975,0.645,0.487,1.87970997757765e-10,"4","Phactr3"
4.71108878459544e-51,1.25431538830238,0.981,0.765,1.17913841189639e-46,"4","Opcml"
1.0724601149758e-10,1.2474023477641,0.34,0.181,2.68426042177293e-06,"4","Arhgap24"
6.53760455930131e-11,1.24717144225228,0.612,0.473,1.63629704514753e-06,"4","Cask"
5.64371957423211e-09,1.20739381727922,0.461,0.348,0.000141256657223455,"4","Ankrd28"
2.62855568188702e-35,1.20652887636422,0.892,0.616,6.57901201619501e-31,"4","Pde4b"
1.55353446629892e-30,1.20363702901254,0.96,0.786,3.88834141569957e-26,"4","Nav3"
2.79812636250536e-09,1.18352110256948,0.331,0.214,7.00343047271466e-05,"4","Eps8"
1.63713427178393e-34,1.1788061232287,0.937,0.672,4.09758336884799e-30,"4","Sgcd"
5.29943859379804e-08,1.12301337426833,0.288,0.125,0.00132639648564171,"4","Gab1"
8.00814070757209e-39,1.1038172835826,0.967,0.763,2.00435753769822e-34,"4","Grid2"
2.76246563930818e-08,1.07954270785012,0.436,0.244,0.000691417524862446,"4","Dock1"
2.32676422377116e-11,1.07344323303162,0.665,0.439,5.82365817567684e-07,"4","Gm15398"
1.36157816964122e-28,1.02587994148111,0.946,0.684,3.40789400079502e-24,"4","Dcc"
1.48439046956121e-20,0.993466745476414,0.83,0.664,3.71528090626474e-16,"4","Grid1"
3.30266866963736e-09,0.982865036739876,0.587,0.324,8.26624941323534e-05,"4","Ptn"
1.61190866598647e-29,0.976814052286684,0.863,0.513,4.03444620009753e-25,"4","Qk"
2.87550132693465e-08,0.976155313858501,0.627,0.524,0.000719709227118473,"4","Nav1"
1.99620771105658e-14,0.974567159653334,0.735,0.569,4.99630828000351e-10,"4","Dnm3"
6.31453616911761e-30,0.96716431941943,0.925,0.609,1.58046525776845e-25,"4","Npas3"
5.15239853756717e-17,0.955493823388706,0.737,0.59,1.28959382996769e-12,"4","Klf12"
5.31998012668649e-14,0.95104653506747,0.584,0.399,1.33153782590836e-09,"4","Ptprk"
2.75106790360856e-08,0.950339232858036,0.56,0.376,0.000688564785594186,"4","Slc9a9"
4.45313522728184e-18,0.92966155864064,0.694,0.421,1.11457521603637e-13,"4","Sorcs1"
1.23268985471846e-12,0.926563406034527,0.71,0.494,3.08529943737484e-08,"4","Dpyd"
3.25426694886936e-09,0.914855441992731,0.655,0.5,8.14510474632511e-05,"4","Lrrtm3"
7.18122423655999e-13,0.905146998871827,0.697,0.565,1.7973886141686e-08,"4","Prkcb"
2.83830023480486e-14,0.890677690415265,0.765,0.551,7.10398165769309e-10,"4","Unc5c"
2.68046849826092e-07,0.858642586446333,0.395,0.275,0.00670894460429726,"4","Pacrg"
1.50668676801661e-27,0.851594032472716,0.886,0.57,3.77108631166878e-23,"4","Sgcz"
1.25821750147323e-25,0.850750535065413,0.954,0.673,3.14919258443736e-21,"4","Ctnna3"
4.98414016049768e-11,0.844874078313578,0.657,0.558,1.24748044077096e-06,"4","Cttnbp2"
1.11345628115008e-10,0.839409206714913,0.484,0.397,2.78686972609053e-06,"4","Gm48091"
7.9078175953503e-17,0.834128913490415,0.745,0.444,1.97924766594023e-12,"4","Gm3764"
3.22674024846342e-07,0.824226450762044,0.607,0.479,0.00807620816787908,"4","Cdh10"
1.59810219519367e-18,0.818177200644886,0.887,0.727,3.99988998435023e-14,"4","Nav2"
8.45088869377847e-09,0.80816577085417,0.599,0.454,0.000211517293116581,"4","Tox"
6.76011051434992e-36,0.798372205460388,0.992,0.905,1.69198806063664e-31,"4","Pcdh9"
1.07261053192624e-28,0.79352348450573,0.996,0.908,2.6846369003582e-24,"4","Nlgn1"
1.34016585357567e-31,0.79153131523756,0.983,0.822,3.35430111491453e-27,"4","Kcnd2"
1.33858192318643e-16,0.777256674676539,0.839,0.754,3.35033669554331e-12,"4","Ppp2r2b"
7.13233340955415e-24,0.77326668274804,0.931,0.707,1.78515172907731e-19,"4","Rora"
1.16734724985634e-15,0.757449277253888,0.819,0.573,2.92175343166544e-11,"4","Cdh13"
1.08858933473298e-09,0.753526782215118,0.401,0.267,2.72463024590317e-05,"4","Sash1"
6.95994159817225e-15,0.751379123570795,0.83,0.701,1.74200378260653e-10,"4","Dmd"
5.02256658872461e-08,0.726726965125829,0.516,0.373,0.00125709819149188,"4","Thsd7a"
4.90429813879001e-10,0.723030422389255,0.595,0.509,1.22749678115775e-05,"4","Tcf12"
2.59595190754035e-18,0.718838724874165,0.961,0.855,6.49740802938273e-14,"4","Mdga2"
5.04144965639831e-18,0.709224750684728,0.904,0.746,1.26182443449993e-13,"4","Pde4d"
1.58047949586538e-07,0.70855304135075,0.567,0.328,0.00395578213020145,"4","Grik1"
2.19612233983132e-24,0.692914642535245,0.976,0.798,5.49667460436381e-20,"4","Ntm"
1.06769960988696e-08,0.684360771211912,0.65,0.476,0.000267234535358607,"4","Inpp4b"
1.58304406292523e-07,0.626315675790242,0.565,0.391,0.00396220098509556,"4","Dock10"
1.4248173939537e-10,0.608432737812361,0.774,0.517,3.56617545532672e-06,"4","Cntn4"
4.90785174995788e-28,0.608235961128976,0.999,0.978,1.22838621449696e-23,"4","Lsamp"
1.94555490501214e-15,0.604452738084778,0.957,0.811,4.86952937175488e-11,"4","Csmd3"
2.13150146118783e-12,0.600050250963542,0.955,0.846,5.33493500720702e-08,"4","Adgrl3"
5.3987361353283e-11,0.585679404165613,0.83,0.683,1.35124966731132e-06,"4","Ptprg"
3.09614828812167e-21,0.578882354464159,0.955,0.795,7.74934955033972e-17,"4","Lrrtm4"
6.86009489546428e-18,0.576868366462086,0.962,0.848,1.71701315138576e-13,"4","Il1rapl1"
6.18194839833081e-11,0.560794111096528,0.78,0.604,1.54727986461822e-06,"4","Gpc6"
1.45071145790216e-08,0.553598105729196,0.667,0.393,0.000363098570798332,"4","Nfia"
8.49604696101112e-18,0.542221283691041,0.992,0.923,2.12647559387147e-13,"4","Nrxn1"
1.95770094349401e-12,0.540470650958714,0.961,0.861,4.89992969147116e-08,"4","Ctnna2"
1.21254520122695e-29,0.538774430372859,0.968,0.612,3.03487938415094e-25,"4","Erbb4"
4.88140794168315e-21,0.535909120729929,0.993,0.924,1.22176759372388e-16,"4","Csmd1"
2.44024314765844e-07,0.513038466404405,0.852,0.712,0.0061076845742743,"4","Tcf4"
3.61493611015772e-12,1.38919369314517,0.341,0.09,9.04782359011375e-08,"5","Gm34544"
1.86331489801059e-11,1.31013027428723,0.25,0.049,4.66369085823069e-07,"5","2310075C17Rik"
6.82826764822103e-10,1.28806551134001,0.273,0.056,1.70904710967324e-05,"5","Hsd3b3"
5.36114311115483e-09,1.25336131529437,0.286,0.057,0.000134184050929094,"5","Gm11639"
6.49898928947672e-25,1.23562527048639,0.788,0.237,1.62663202926313e-20,"5","Gm42303"
1.26752686866987e-10,1.14534689760529,0.347,0.08,3.17249299959382e-06,"5","1500035N22Rik"
1.08224236082997e-17,1.12803627437366,0.483,0.119,2.70874440492133e-13,"5","Gm44532"
2.25669627979052e-27,1.12302704763341,0.852,0.302,5.64828511868769e-23,"5","Gm28376"
1.11337166986684e-30,1.12257411285253,0.99,0.509,2.78665795250973e-26,"5","Tafa1"
1.17680109198871e-23,1.10698933983607,0.707,0.203,2.94541545313854e-19,"5","Gm49678"
6.18285915983464e-15,1.10010352582421,0.552,0.16,1.54750781911501e-10,"5","Pcsk2os2"
2.48360923176502e-16,1.09850627908118,0.44,0.104,6.21622554618467e-12,"5","Gm28258"
3.52359024236824e-08,1.09608443840554,0.332,0.078,0.000881919401762348,"5","Gm49127"
5.3176647837495e-23,1.09310252727552,0.861,0.309,1.33095831872466e-18,"5","Adamtsl1"
4.22506002840834e-21,1.0875161828824,0.6,0.18,1.05749027451032e-16,"5","4921534H16Rik"
4.95009361262699e-09,1.07228810642211,0.373,0.093,0.000123895893030441,"5","Gm12027"
1.66690797124426e-25,1.06149829911045,0.668,0.2,4.17210396122725e-21,"5","C1ql3"
3.09839271815434e-18,1.06068971713736,0.539,0.149,7.7549671342685e-14,"5","4930567K20Rik"
2.81758357108359e-16,1.04851076045124,0.487,0.13,7.05212992006512e-12,"5","Gm13986"
4.96850740843185e-13,1.04635175277152,0.309,0.073,1.24356771925641e-08,"5","Kcng1"
3.04999938773319e-08,1.03703678897293,0.326,0.086,0.000763384346755741,"5","Hipk4"
2.14238075456457e-14,1.03500476599914,0.505,0.145,5.36216479059966e-10,"5","Gm48239"
4.41132950748193e-11,1.03165757179797,0.397,0.097,1.10411166242765e-06,"5","Gm16152"
4.66068912009312e-21,1.03120095854643,0.721,0.237,1.16652387986811e-16,"5","Gm43507"
2.08477073270017e-26,1.03035733510879,0.988,0.435,5.21797266687526e-22,"5","Slit3"
4.46096728007119e-09,1.018452131659,0.433,0.116,0.000111653550052902,"5","Syt17"
4.09501656642458e-12,1.00889198151446,0.301,0.074,1.02494169641041e-07,"5","Gm10681"
6.03044836041797e-11,1.00529295583125,0.253,0.057,1.50936092012901e-06,"5","AC171003.1"
3.38166660734873e-15,0.998950909060209,0.384,0.096,8.46397335153313e-11,"5","Adamts2"
1.59977437270041e-12,0.996867477265656,0.328,0.076,4.00407527743186e-08,"5","Gm43190"
3.9935119023579e-13,0.986681741687245,0.712,0.231,9.99536094041158e-09,"5","Gm11418"
4.33553719702271e-08,0.986421700353759,0.395,0.109,0.00108514160504281,"5","Gm16126"
2.35578998675596e-18,0.983762773613302,0.646,0.204,5.8963067578515e-14,"5","Gm48749"
2.80252868851547e-16,0.983575098645975,0.492,0.121,7.01444905448536e-12,"5","Gm43948"
8.31637565725478e-13,0.976579820947151,0.516,0.137,2.0815056632543e-08,"5","Cdh7"
1.25593787826175e-11,0.969885029498186,0.573,0.167,3.14348691550134e-07,"5","Gm45645"
2.45763185399827e-08,0.960818181968972,0.284,0.07,0.000615120676737227,"5","4933424G06Rik"
3.96530099332414e-26,0.958889132540297,0.932,0.466,9.92475185619098e-22,"5","Sorbs2os"
6.97804572562245e-20,0.958828390118757,0.57,0.167,1.74653506466604e-15,"5","Pou6f2"
1.46771727139103e-13,0.956390521508554,0.766,0.274,3.6735495585646e-09,"5","Gm11099"
1.39025001409608e-19,0.952039647643771,0.62,0.19,3.47965676028109e-15,"5","Gm26854"
3.67708635829836e-15,0.951582735099035,0.476,0.134,9.20337944618498e-11,"5","Gm48727"
8.99365285230264e-13,0.947216332298978,0.35,0.094,2.25102137240283e-08,"5","Gm41505"
1.44843566253084e-17,0.944542241064052,0.548,0.16,3.62528961974843e-13,"5","4930590L20Rik"
9.84564863845438e-24,0.938967578473402,0.995,0.603,2.46426739771875e-19,"5","Gm20642"
1.33665158866167e-11,0.922344707458865,0.535,0.159,3.34550526126129e-07,"5","Gm14372"
5.41101412974718e-14,0.91766759951322,0.589,0.175,1.35432272653442e-09,"5","Inhba"
1.71512928692871e-17,0.917419715235316,0.686,0.235,4.29279709225386e-13,"5","Sidt1"
5.23450286574476e-23,0.91736024691101,0.739,0.247,1.31014372226726e-18,"5","Sv2b"
1.77745468991924e-09,0.916432431703556,0.333,0.083,4.44879134339886e-05,"5","Gm14329"
1.16294415481868e-14,0.914020871561138,0.401,0.109,2.91073292509567e-10,"5","Rsph14"
1.11809680392689e-14,0.91354544404349,0.684,0.257,2.7984844905486e-10,"5","4930587E11Rik"
4.89896898442908e-10,0.908970996019132,0.669,0.221,1.22616294711275e-05,"5","A230004M16Rik"
5.24273003435921e-24,0.908932582032792,0.985,0.536,1.31220290029977e-19,"5","Nrg3os"
1.88570118095511e-21,0.907783764011905,0.833,0.341,4.71972148581254e-17,"5","Gm28750"
3.59236749332661e-13,0.90159790606403,0.785,0.269,8.99133659904717e-09,"5","Trpc5"
7.15246854523324e-23,0.894854915141879,0.584,0.179,1.79019135218643e-18,"5","Gm13883"
7.42879697437625e-14,0.88388837128534,0.481,0.141,1.85935359471663e-09,"5","Gm16226"
6.89687794627207e-28,0.876838350620328,0.984,0.567,1.72621958117244e-23,"5","Pigk"
5.18890122954788e-13,0.872940244553185,0.645,0.212,1.29873008874354e-08,"5","Gm15810"
9.07644150969188e-25,0.871616573737463,0.928,0.447,2.27174254546078e-20,"5","Gm1992"
1.25105317389544e-08,0.870357649857671,0.406,0.117,0.000313126098894291,"5","Bche"
1.42974236667188e-13,0.867585873194978,0.602,0.198,3.57850216954305e-09,"5","Apobec4"
1.38616055356355e-18,0.865434245157672,0.66,0.225,3.4694212495142e-14,"5","A530046M15Rik"
2.9739932372799e-18,0.861055084926469,0.832,0.341,7.44360767358787e-14,"5","Gm49003"
1.07482749825494e-15,0.860716732470198,0.723,0.272,2.69018574538228e-11,"5","Glp2r"
9.89172858837877e-13,0.860387363428848,0.743,0.268,2.47580074838532e-08,"5","Fstl4"
1.92574330804414e-10,0.851383661061867,0.402,0.113,4.81994292570367e-06,"5","Gm15496"
1.73542636423072e-13,0.849108211911728,0.591,0.204,4.34359864703308e-09,"5","Gm42609"
1.6519151150299e-10,0.846676910672362,0.311,0.086,4.13457834140832e-06,"5","Gm7580"
1.84720434292215e-07,0.84530718309383,0.279,0.07,0.00462336774989985,"5","Gm47134"
2.35640387946611e-12,0.839936768550684,0.385,0.104,5.89784326991572e-08,"5","Gm14703"
7.87839344723525e-16,0.829381557149498,0.708,0.264,1.97188309590851e-11,"5","Gm37459"
5.73956397588694e-10,0.825414768038305,0.764,0.304,1.43655546752474e-05,"5","Rapgef4os1"
1.68720168067056e-20,0.825254244720568,0.546,0.17,4.22289708655035e-16,"5","Gm5149"
8.32999081050139e-17,0.82246698185515,0.942,0.518,2.08491339996039e-12,"5","Kctd16"
4.54167579142797e-10,0.819273162112336,0.439,0.129,1.13673603383651e-05,"5","Gm14330"
3.11441493624801e-13,0.818260994449754,0.378,0.102,7.79506914393514e-09,"5","Gm14377"
4.08499317533583e-13,0.816446547625856,0.641,0.216,1.02243294185481e-08,"5","Gm27153"
5.942210569325e-09,0.813655061418707,0.257,0.069,0.000148727588339635,"5","Gm26953"
9.16612806185047e-10,0.812554299967955,0.424,0.122,2.29419019260055e-05,"5","Gm20641"
2.59937596050179e-18,0.806208460291606,0.81,0.34,6.50597809153993e-14,"5","Gm48321"
8.33626116754451e-18,0.803813256575202,0.866,0.383,2.08648280762472e-13,"5","1700111E14Rik"
6.43839710775984e-11,0.803658830198762,0.258,0.067,1.61146641210121e-06,"5","Taf7l"
7.67007312772491e-18,0.798774109361945,0.939,0.434,1.91974260313827e-13,"5","4930509J09Rik"
5.59533217189302e-18,0.798509347601605,0.813,0.277,1.4004556893031e-13,"5","B130024G19Rik"
3.66323382410427e-17,0.794761388331892,0.949,0.506,9.16870793835058e-13,"5","Cntn4"
4.83494602953281e-19,0.793249665945234,0.811,0.311,1.21013864173177e-14,"5","Lmo3"
1.73242195816869e-17,0.793224350555568,0.779,0.3,4.33607891910042e-13,"5","Gm6994"
3.56039657151861e-11,0.79263442570355,0.255,0.065,8.91131657885393e-07,"5","Fyb2"
3.55674584266326e-08,0.791080232049898,0.33,0.091,0.000890217916960188,"5","1700080N15Rik"
8.62549017423126e-11,0.789470800282015,0.457,0.138,2.15887393570834e-06,"5","Gm10115"
2.00632215020795e-19,0.789323197785889,0.912,0.468,5.02162370975547e-15,"5","Pcsk2"
7.52520605179506e-12,0.787506921889741,0.356,0.104,1.88348382270378e-07,"5","Trpc7"
4.27209995112218e-16,0.784727059065645,0.831,0.377,1.06926389676637e-11,"5","1700109K24Rik"
7.71443507226432e-17,0.783086237375478,0.578,0.188,1.93084595423704e-12,"5","Gm33228"
4.35703552406102e-11,0.778351085440846,0.476,0.142,1.09052242131723e-06,"5","Gm19461"
1.28089640106935e-17,0.774827653237265,0.695,0.231,3.20595560223647e-13,"5","Epha4"
1.22185919450934e-13,0.770709770720682,0.654,0.247,3.05819137793743e-09,"5","4933413L06Rik"
7.98178608657854e-13,0.769599194082395,0.659,0.227,1.99776123960974e-08,"5","5530401A14Rik"
1.78076567695101e-21,0.761829118416241,0.996,0.64,4.45707841284068e-17,"5","Arpp21"
2.85606050436873e-11,0.761770637785138,0.47,0.14,7.14843383638449e-07,"5","Ptpru"
1.87480699447124e-09,0.761118676700427,0.801,0.332,4.69245442646206e-05,"5","Prkcg"
2.4671668725215e-12,0.760134168675727,0.573,0.191,6.17507196523406e-08,"5","Nwd2"
1.12938446363508e-10,0.757987989086038,0.437,0.136,2.82673637403225e-06,"5","L3mbtl4"
4.90328979631379e-11,0.756163785517532,0.336,0.088,1.22724440311938e-06,"5","Arhgap15"
3.82168875673293e-14,0.755081378069328,0.446,0.136,9.56530478922684e-10,"5","Plxna4os3"
3.89426931303878e-17,0.754159014981412,0.601,0.193,9.74696666360476e-13,"5","Pifo"
9.31889808254587e-15,0.753180504123665,0.432,0.123,2.33242700108041e-10,"5","Matn2"
1.5705823207017e-13,0.749831532744907,0.324,0.087,3.93101049048429e-09,"5","Arhgap20os"
5.7115412623976e-12,0.749783273858291,0.4,0.114,1.42954166256549e-07,"5","Gm49226"
2.29039280542412e-12,0.749324571487334,0.764,0.331,5.73262415269602e-08,"5","Gm16351"
9.17158123443617e-15,0.743767005577311,0.892,0.385,2.29555506716703e-10,"5","Spock1"
7.77770990595858e-18,0.741367117662889,0.955,0.484,1.94668301236237e-13,"5","Aff3"
5.22951480785017e-19,0.738803888806212,0.838,0.363,1.30889526125682e-14,"5","4930419G24Rik"
1.21253312717182e-07,0.738622926215909,0.336,0.098,0.00303484916399834,"5","4930527B05Rik"
8.86454862662944e-17,0.738422256170758,0.359,0.105,2.21870787575908e-12,"5","Ceacam2"
9.14687987802012e-17,0.738159535803888,0.848,0.396,2.28937256466965e-12,"5","Gm15577"
3.81631776755662e-13,0.736343668206368,0.444,0.137,9.55186174041745e-09,"5","Rasal1"
5.39310291064972e-12,0.735610145292947,0.505,0.158,1.34983972750652e-07,"5","5031415H12Rik"
3.65000153041591e-17,0.732466976840133,0.579,0.189,9.13558883047797e-13,"5","Faah"
9.12147700957513e-15,0.731760456126171,0.928,0.466,2.28301448072656e-10,"5","Gm43376"
1.03999978775521e-10,0.730102877549287,0.366,0.106,2.60301546877253e-06,"5","Rapgefl1"
8.20029795435852e-15,0.728664451487644,0.652,0.254,2.05245257499639e-10,"5","Gm32250"
1.12918622582637e-12,0.728339834343525,0.559,0.191,2.82624020462082e-08,"5","Gm32647"
2.78475578091105e-09,0.726426946802028,0.332,0.094,6.96996524404227e-05,"5","Usp46os1"
4.50409700578795e-12,0.724671082355242,0.921,0.45,1.12733043957867e-07,"5","Ldb2"
1.75878182901002e-14,0.722942640921293,0.777,0.348,4.40205503982917e-10,"5","4930445B16Rik"
4.34873167472743e-16,0.71998813295057,0.757,0.312,1.08844405086753e-11,"5","Gm15584"
4.80687466628652e-09,0.719693597457446,0.317,0.083,0.000120311266022485,"5","Nrn1"
2.79532276065386e-08,0.7173987809454,0.373,0.114,0.000699641333764056,"5","Gm3227"
1.72832408057919e-13,0.715974512792499,0.998,0.718,4.32582234128166e-09,"5","Ube3a"
3.64163865020939e-18,0.713111497884751,0.919,0.443,9.11465737760909e-14,"5","Fam189a1"
1.32902755032279e-11,0.712663405563536,0.648,0.231,3.3264230557029e-07,"5","Cdh9"
1.53904483797539e-11,0.709466853494816,0.481,0.146,3.85207532496861e-07,"5","Gm12002"
1.41480658882681e-18,0.708863402175722,0.665,0.25,3.54111941117462e-14,"5","Phf24"
1.98810198424066e-16,0.703466113969487,0.975,0.56,4.97602045635596e-12,"5","Grin2a"
2.40650988304355e-16,0.701679181624499,0.668,0.239,6.02325358626969e-12,"5","Lingo1"
3.838129843879e-15,0.70143886564972,0.867,0.403,9.60645518624475e-11,"5","Ak5"
4.17529403629862e-13,0.692621009821902,0.431,0.129,1.04503434434518e-08,"5","Gm15965"
1.8101284365589e-11,0.691396502106361,0.526,0.171,4.53057046386326e-07,"5","Slc24a4"
1.83102210488245e-10,0.691212153467123,0.265,0.077,4.58286522631029e-06,"5","Doc2b"
1.39870308611059e-14,0.688354083216788,0.856,0.397,3.50081395422621e-10,"5","Macrod2os1"
2.24109483640941e-14,0.686298556824068,0.894,0.464,5.6092362660491e-10,"5","Gm15738"
6.04638374276038e-10,0.682558011969503,0.851,0.441,1.5133493869755e-05,"5","Car10"
1.98077958153777e-16,0.679666342865762,0.992,0.767,4.95769321463087e-12,"5","Tenm2"
1.20010371934808e-11,0.679162466517344,0.353,0.102,3.0037395991563e-07,"5","Synpo"
3.8010057415859e-16,0.678886051836302,0.741,0.296,9.51353727061535e-12,"5","Gm50152"
6.92988408707478e-16,0.676753914004181,0.684,0.275,1.73448068815395e-11,"5","Gm48383"
2.1870757106755e-13,0.675961247720979,0.591,0.205,5.47403179624971e-09,"5","Gm19938"
2.15170056304587e-16,0.675054841863465,0.766,0.304,5.38549133924751e-12,"5","Gm11659"
1.77624354442657e-09,0.673575583122507,0.398,0.113,4.44575996734526e-05,"5","Lca5"
1.29547926024263e-12,0.672049732641347,0.38,0.111,3.24245504046127e-08,"5","Gm37982"
4.69907874166308e-16,0.670838145498773,0.81,0.342,1.17613241825085e-11,"5","Flrt3"
3.53485801855251e-15,0.668062906813571,0.719,0.3,8.84739613463508e-11,"5","Gm41609"
1.04009600201402e-08,0.667761513776994,0.304,0.082,0.000260325628344088,"5","Dlk2"
3.57731151052793e-12,0.666014922655766,0.773,0.345,8.95365297970037e-08,"5","Tshz2"
3.37331169021759e-11,0.665994971447598,0.44,0.133,8.44306182944561e-07,"5","Nell1os"
1.63778304707825e-08,0.665416693862301,0.26,0.069,0.000409920718853215,"5","Cd226"
2.3518174399959e-14,0.665003725865227,0.557,0.192,5.88636387056574e-10,"5","Osbp2"
2.44040653424754e-15,0.662547563646075,0.966,0.558,6.10809351456817e-11,"5","Cntnap5a"
1.68744515907219e-12,0.661723268828369,0.442,0.136,4.22350648864179e-08,"5","4933411O13Rik"
1.03084535057214e-13,0.661423738796206,0.984,0.657,2.580102827947e-09,"5","Schip1"
2.92669140557948e-16,0.660780992182634,0.932,0.472,7.32521591902488e-12,"5","Zfpm2"
2.73435918470547e-09,0.660525346045665,0.336,0.101,6.84382760339932e-05,"5","Gm47523"
1.09672080809693e-09,0.657916577163264,0.553,0.192,2.7449825105858e-05,"5","4930567K12Rik"
4.32153059701405e-22,0.657469258082583,1,0.854,1.08163589312665e-17,"5","Ptprd"
3.30314759884601e-21,0.656279300966805,0.709,0.263,8.26744812515167e-17,"5","Gm30382"
1.18493081701875e-13,0.654142543891195,0.641,0.238,2.96576334191623e-09,"5","Gm16105"
3.14495625791182e-17,0.653323794448467,0.961,0.555,7.87151101792749e-13,"5","Sobp"
8.5485050178841e-14,0.653276738768987,0.541,0.181,2.13960532092621e-09,"5","Cnih3"
6.39479986097987e-12,0.650621407796532,0.363,0.105,1.60055445720465e-07,"5","Polq"
1.90368000835731e-12,0.648473412516755,0.595,0.207,4.7647206929175e-08,"5","Gm16083"
7.0610685495042e-20,0.647728823088391,0.645,0.237,1.76731484725541e-15,"5","Gm15261"
6.19109998122324e-10,0.647654914527515,0.743,0.301,1.54957041430036e-05,"5","Kcnj6"
1.68621245451559e-15,0.645927895697811,0.933,0.49,4.22042115240708e-11,"5","Atrnl1"
2.02635801916828e-07,0.645025578666653,0.359,0.108,0.00507177148617629,"5","Cacna1i"
9.35982832096235e-10,0.643727326482405,0.314,0.087,2.34267143045367e-05,"5","Gm10754"
1.55265095854163e-14,0.643681682663117,0.826,0.359,3.88613008413385e-10,"5","4930532I03Rik"
5.60274460165058e-13,0.643344492931102,0.912,0.465,1.40231094634712e-08,"5","Pdzrn4"
7.74497057990478e-10,0.64194646411892,0.359,0.112,1.93848868644437e-05,"5","Nphp4"
1.37879565176293e-16,0.641531819208918,0.606,0.21,3.45098763679744e-12,"5","Dmtn"
1.7360270468748e-14,0.640341163405511,0.489,0.137,4.34510209562293e-10,"5","Slc17a7"
2.19342873680654e-12,0.640042402900537,0.69,0.255,5.48993278535308e-08,"5","Slit1"
9.43339422852906e-13,0.639612851282842,0.318,0.09,2.36108424145854e-08,"5","Chil5"
2.57225920505575e-11,0.638319352554667,0.55,0.209,6.43810756433403e-07,"5","Cpne6"
4.53549578297432e-10,0.636982674762895,0.306,0.085,1.13518923952064e-05,"5","Zfp831"
3.81203903247446e-11,0.635891018589721,0.377,0.115,9.54115249438033e-07,"5","Icam5"
1.04891869152641e-12,0.635182689170145,0.474,0.148,2.62533859302144e-08,"5","E330018M18Rik"
1.01403273076436e-09,0.63420181052391,0.494,0.159,2.53802252183011e-05,"5","Syndig1"
1.18664679414331e-08,0.632329213016779,0.325,0.096,0.000297005826106128,"5","Mmp17"
5.781067772264e-19,0.632198877986092,0.529,0.167,1.44694345271996e-14,"5","4921511C10Rik"
9.5298235722892e-10,0.631626733563891,0.343,0.109,2.38521954190826e-05,"5","Gm48956"
3.78354040515328e-07,0.628688790894471,0.454,0.14,0.00946982328005814,"5","Gm48715"
1.36847857820958e-11,0.626181767528053,0.614,0.227,3.42516503340077e-07,"5","Rtl1"
2.76634934819288e-09,0.625268624391622,0.514,0.17,6.92389578359196e-05,"5","Gm26954"
3.67458135180995e-13,0.625055631201878,0.988,0.671,9.19710966544512e-09,"5","Ctnna3"
1.40304226741974e-17,0.624456806243633,0.783,0.324,3.51167449112487e-13,"5","C2cd2"
1.39068335717637e-13,0.624237703023544,0.875,0.418,3.48074137467674e-09,"5","A830018L16Rik"
3.09478476295079e-07,0.623941146131121,0.345,0.109,0.00774593678318954,"5","Hs3st2"
4.50890785133322e-13,0.623230086018865,0.853,0.406,1.12853454611019e-08,"5","Rimbp2"
6.58554108747161e-13,0.623161089947564,0.33,0.105,1.64829507878327e-08,"5","C230057M02Rik"
7.2398859486893e-21,0.622966890488307,0.737,0.298,1.81207105409745e-16,"5","Dgkg"
2.16399017435533e-12,0.620911333068104,0.947,0.495,5.41625100739397e-08,"5","Caln1"
3.80826551876224e-13,0.620153502474771,0.846,0.386,9.53170776691001e-09,"5","Rgs6"
6.27427970324999e-18,0.619651304113624,0.73,0.3,1.57038946692644e-13,"5","Oprm1"
4.32779746672788e-15,0.619637976953978,0.998,0.726,1.08320442794732e-10,"5","Grin2b"
9.06569012870888e-12,0.619283502887311,0.363,0.1,2.26905158231455e-07,"5","Kcnh3"
1.40250657574647e-11,0.613084360673501,0.649,0.232,3.51033370843584e-07,"5","Itgbl1"
1.0769229734519e-13,0.61223981442346,1,0.888,2.69543051025275e-09,"5","Kcnip4"
7.89789443348961e-11,0.611674549747635,0.854,0.361,1.97676399775812e-06,"5","Camk4"
8.29679446658111e-11,0.610099636128346,0.885,0.432,2.07660468704059e-06,"5","Slco3a1"
2.97252310685413e-07,0.609391499122138,0.418,0.141,0.0074399280841452,"5","Slc6a7"
1.9093141951536e-12,0.608929078662837,0.87,0.447,4.77882249904994e-08,"5","Gm44151"
7.10278283973223e-13,0.608713313521048,0.501,0.169,1.77775551695658e-08,"5","Gm28307"
3.05951121902398e-09,0.608602938260161,0.517,0.187,7.65765063009512e-05,"5","1700110K17Rik"
4.84407259931134e-10,0.60704667816707,0.411,0.133,1.21242293088164e-05,"5","Srrm4os"
1.28263001349545e-09,0.605170644397566,0.523,0.174,3.21029466077777e-05,"5","Rnf112"
2.49711773982767e-10,0.604584744081483,0.465,0.156,6.25003599101467e-06,"5","D130043K22Rik"
1.29536456733718e-09,0.603658578325471,0.365,0.111,3.24216797558822e-05,"5","Cdon"
2.00414500746486e-16,0.603268901547165,0.945,0.495,5.0161745391838e-12,"5","St6galnac5"
2.12054437575774e-08,0.603212453289665,0.312,0.094,0.000530751051808404,"5","Gm35835"
2.47577169201003e-11,0.603028336398736,0.447,0.138,6.19660896793191e-07,"5","Ppp1r1a"
9.44672368790098e-11,0.601253633079236,0.549,0.187,2.36442047184474e-06,"5","Gm10544"
4.49329853327676e-16,0.601098716170254,0.59,0.216,1.12462768989384e-11,"5","Gm15414"
2.44719785990532e-10,0.599852979416909,0.54,0.196,6.12509152355703e-06,"5","Myrip"
1.20138343939909e-08,0.599088784173256,0.299,0.085,0.000300694261047198,"5","Gm13524"
4.93894457489737e-09,0.597588611703943,0.558,0.201,0.000123616843765106,"5","Cacng3"
4.26534817584233e-09,0.597075747180144,0.405,0.127,0.000106757399493158,"5","C630031E19Rik"
1.43720795124398e-13,0.595349000139476,0.604,0.227,3.59718778116856e-09,"5","Samd5"
3.94625902457267e-10,0.593914996167736,0.548,0.192,9.87709171260294e-06,"5","Cpne7"
1.94736971104721e-13,0.593388689585683,0.851,0.394,4.87407164978007e-09,"5","Fndc9"
5.81836265936287e-12,0.593355370278096,0.383,0.123,1.45627799001193e-07,"5","Gm28960"
4.11838302549492e-11,0.592852465139542,0.437,0.145,1.03079008745112e-06,"5","Carmil3"
7.16302582481448e-13,0.591099549092501,0.412,0.134,1.79283373369282e-08,"5","Ptpn3"
1.00618184493596e-19,0.590991313297493,0.86,0.369,2.51837253969021e-15,"5","Aff2"
2.8009724825262e-16,0.590922358027733,0.417,0.132,7.01055402651483e-12,"5","9330175M20Rik"
2.90902348748768e-23,0.590363192683497,1,0.932,7.28099488683293e-19,"5","Celf2"
5.81035526961668e-10,0.589702761772715,0.487,0.155,1.45427382043236e-05,"5","Tmem150c"
4.71379392219569e-09,0.586573242833448,0.413,0.134,0.000117981548078636,"5","Gm11844"
7.13223072011148e-13,0.583960107093566,0.731,0.304,1.7851260269367e-08,"5","Timp4"
2.88770273906701e-10,0.583291460909023,0.469,0.159,7.22763118561082e-06,"5","Gm29237"
1.8477255709125e-12,0.582212643061576,0.704,0.299,4.62467233143688e-08,"5","Cntn6"
3.58291246312679e-08,0.580983130713589,0.467,0.159,0.000896767160396006,"5","Spink10"
2.31632152519239e-11,0.580210863466095,0.942,0.562,5.79752114540403e-07,"5","Gm36975"
2.70314028733376e-13,0.579471918598111,0.903,0.438,6.76568982516768e-09,"5","Hecw1"
6.05312663300734e-11,0.578217980242991,0.425,0.139,1.51503706497541e-06,"5","Slc6a15"
2.54610482943249e-20,0.577978834070712,0.672,0.275,6.37264577758659e-16,"5","Pcnx2"
2.66050374506104e-10,0.577734432835375,0.54,0.187,6.65897482351327e-06,"5","Lrrc40"
2.67884730306939e-10,0.576275060412801,0.989,0.634,6.70488691485237e-06,"5","Lrfn5"
3.8580057882171e-11,0.574938089265363,0.91,0.445,9.65620268732858e-07,"5","Galnt17"
4.05999139560774e-09,0.574096547418202,0.393,0.12,0.000101617524640666,"5","Rhof"
9.42299459181707e-15,0.57324651351548,0.813,0.352,2.35848131638589e-10,"5","Grm1"
2.53258142007494e-13,0.57291508560568,0.68,0.266,6.33879803630557e-09,"5","Gm17227"
1.06208627899923e-09,0.57287498665276,0.541,0.201,2.65829574770717e-05,"5","2010300C02Rik"
9.2615656651582e-08,0.571245959123337,0.442,0.144,0.00231807727033245,"5","Klf8"
2.95609837034767e-11,0.568432663053991,0.821,0.384,7.39881861114319e-07,"5","Clstn2"
2.58180021327319e-12,0.568096779735672,0.574,0.206,6.46198775380148e-08,"5","Gm15336"
2.46419396532389e-11,0.567213021529237,0.376,0.115,6.16763107580917e-07,"5","Gm26673"
2.54300692919955e-11,0.566842980782633,0.356,0.111,6.36489204309356e-07,"5","Gm48677"
8.97158168636064e-09,0.566741553864297,0.29,0.075,0.00022454971802792,"5","Gm26911"
3.33905153241759e-11,0.564065463239513,0.703,0.297,8.35731208048798e-07,"5","Ano3"
2.67393676968482e-11,0.563895366966975,0.519,0.189,6.69259634084414e-07,"5","4930428E07Rik"
6.32054160888117e-14,0.56354109478735,0.373,0.124,1.58196835928687e-09,"5","Gm9866"
2.33094147843432e-09,0.562710349107867,0.304,0.097,5.83411342637325e-05,"5","Gm41414"
4.30579982780297e-09,0.561933936355225,0.568,0.214,0.000107769863890081,"5","Cdh22"
3.16929531321704e-11,0.561904651644228,0.375,0.115,7.93242923945092e-07,"5","Jph1"
6.86626903047403e-10,0.559969844222749,0.288,0.095,1.71855847563734e-05,"5","Grin2d"
8.84886502088569e-14,0.557827506719798,0.71,0.28,2.21478242607748e-09,"5","Prr16"
3.6950356769705e-07,0.557734630227857,0.369,0.113,0.00924830479588946,"5","Fat4"
4.93114391465299e-14,0.557608465224345,0.926,0.51,1.2342160103985e-09,"5","Camk2a"
1.55133342337335e-11,0.556661041991008,0.522,0.185,3.88283242536115e-07,"5","4930595D18Rik"
1.18400495516459e-08,0.556039803208486,0.851,0.434,0.000296344600228145,"5","Acp1"
3.6258804939221e-15,0.555030624532046,0.593,0.227,9.07521628823761e-11,"5","March4"
1.13033504825426e-13,0.554942341604939,1,0.828,2.82911559227558e-09,"5","Nrg3"
3.30810161065275e-12,0.55474799468027,0.866,0.409,8.27984752130277e-08,"5","Msra"
8.56221108913493e-14,0.553249860380673,0.392,0.13,2.14303581349958e-09,"5","March11"
1.66729523822087e-15,0.552777888507006,0.73,0.302,4.17307325174303e-11,"5","Miat"
1.39448676372757e-13,0.552206569191223,0.561,0.209,3.49026092093372e-09,"5","Fntb"
1.93196545223617e-10,0.551822321020201,0.392,0.119,4.8355163304019e-06,"5","Angptl3"
2.32097517105091e-14,0.548500761781378,0.818,0.377,5.80916875562333e-10,"5","Fam135b"
2.50956049865541e-10,0.548482917544865,0.994,0.661,6.28117897208462e-06,"5","Gabrb3"
1.84685168691728e-11,0.548057017842149,0.758,0.311,4.62248508718527e-07,"5","Htr2c"
1.54850522143104e-10,0.547832260963129,0.433,0.148,3.87575371871975e-06,"5","Hacd4"
2.33325410828553e-10,0.547718550256702,0.391,0.127,5.83990170762786e-06,"5","Cxcl17"
4.74787903487678e-15,0.547534928139506,0.319,0.097,1.18834664363931e-10,"5","Tmem178"
2.08155225062052e-11,0.547263735005761,0.911,0.47,5.20991712807809e-07,"5","Pde1a"
6.26683510782071e-23,0.54697995099952,0.689,0.292,1.56852615913645e-18,"5","1700024B18Rik"
6.72858374380901e-09,0.544716696064359,0.801,0.373,0.000168409722523796,"5","Sh3gl2"
3.36342695248517e-19,0.544431065814894,0.704,0.274,8.41832131937514e-15,"5","6530403H02Rik"
2.1269980836489e-12,0.543985735025666,0.953,0.629,5.32366350356484e-08,"5","Epha5"
2.865801764832e-10,0.543713633830998,0.436,0.143,7.17281523719801e-06,"5","Alas2"
6.68979775596324e-16,0.543349033720948,0.675,0.255,1.67438948034004e-11,"5","Iqgap2"
2.58950885379602e-12,0.543267494219574,0.425,0.145,6.48128171016606e-08,"5","Pla2g3"
1.64712276273139e-10,0.542095660313901,0.836,0.395,4.12258356284039e-06,"5","Lrfn2"
4.75617249373947e-14,0.54013717759547,0.789,0.326,1.19042241345805e-09,"5","Rtl4"
3.76947986314306e-14,0.539668465366752,0.806,0.377,9.43463114946077e-10,"5","Gm48091"
2.19163948198634e-07,0.539499821222722,0.318,0.086,0.00548545445946362,"5","Ntng2"
3.55990188724507e-15,0.537875342725692,0.991,0.639,8.91007843358569e-11,"5","Gm26871"
1.56475063670068e-13,0.537853249576707,0.375,0.113,3.91641436859814e-09,"5","Hccs"
3.26288565396507e-14,0.535307087197587,0.92,0.453,8.16667650330918e-10,"5","Edil3"
1.41164956786411e-11,0.535090529328845,0.752,0.31,3.53321770340707e-07,"5","Gm45321"
9.18423754071571e-13,0.533325720919327,0.427,0.14,2.29872281406573e-08,"5","2810432F15Rik"
1.34096131027246e-10,0.532626512640647,0.282,0.079,3.35629206348093e-06,"5","5730480H06Rik"
1.60991566778042e-12,0.531625017962077,0.938,0.504,4.02945792488761e-08,"5","Khdrbs2"
1.66534539602028e-08,0.53119036300042,0.43,0.144,0.000416819299169915,"5","Gm11817"
7.33256884978673e-10,0.531075687370263,0.289,0.085,1.83526865741312e-05,"5","Tll1"
4.70759853103266e-13,0.53036612955679,0.667,0.264,1.17826483633217e-08,"5","Bicdl1"
1.86488789478487e-11,0.529950983161697,0.948,0.547,4.66762791185706e-07,"5","Ryr2"
1.53796220585762e-12,0.529765653593563,0.608,0.237,3.84936560504105e-08,"5","4930415C11Rik"
3.25814089022429e-10,0.529319571326207,0.697,0.283,8.15480083414238e-06,"5","Gm28379"
2.30838052640969e-11,0.528683248532808,0.521,0.179,5.77764561955081e-07,"5","4921511I17Rik"
5.80029107325784e-15,0.528117995333815,0.996,0.726,1.45175485272571e-10,"5","Ahi1"
1.73054241270932e-15,0.52626329977941,0.387,0.12,4.33137460477016e-11,"5","4930405A21Rik"
2.01409966338734e-12,0.526219538959964,0.419,0.129,5.04109004749216e-08,"5","Tek"
5.18356699241356e-08,0.52606719761474,0.556,0.207,0.00129739498253119,"5","Far2"
4.12433165103617e-15,0.525514774730869,0.678,0.263,1.03227896893784e-10,"5","Hace1"
6.80224676449172e-09,0.525348896128019,0.531,0.198,0.000170253434268463,"5","Jakmip1"
2.27682678951667e-16,0.525151546108852,0.991,0.704,5.69866977148127e-12,"5","Kcnma1"
2.31771027925588e-12,0.524964388175263,0.557,0.202,5.80099705794955e-08,"5","Gm43915"
6.36233987093199e-10,0.524024713732932,0.444,0.155,1.59243004629557e-05,"5","Sema3a"
6.22150800243505e-09,0.522409642349435,0.954,0.531,0.000155718123792947,"5","Cacna2d1"
1.28214059488765e-10,0.521156946319522,0.887,0.474,3.20906969494429e-06,"5","Stxbp5l"
5.77850479953489e-08,0.52049607918082,0.912,0.48,0.00144630196627559,"5","Gabra2"
5.95786158683951e-09,0.520082608751133,0.926,0.474,0.000149119317657006,"5","Gm20754"
1.41691617738041e-08,0.518686951486918,0.898,0.457,0.000354639950036542,"5","Ryr3"
1.09718725826907e-08,0.518384632886901,0.447,0.153,0.000274614998872165,"5","Gabra5"
1.22664352609784e-08,0.517993983801616,0.613,0.238,0.000307016608147029,"5","Gm12296"
8.54214492194992e-09,0.51788375180921,0.346,0.105,0.000213801345251485,"5","Pdlim7"
2.33525926248055e-11,0.516698664995339,0.422,0.142,5.84492040806257e-07,"5","Celf3"
3.72054629368751e-08,0.516441745061699,0.547,0.209,0.000931215531847046,"5","Sez6l2"
7.2573148646319e-14,0.515616882295236,0.746,0.338,1.81643333746872e-09,"5","Pde2a"
3.27543468047626e-10,0.51331297864597,0.926,0.498,8.19808546176402e-06,"5","Gabbr2"
5.0243557320523e-13,0.51306110407239,0.647,0.246,1.25754599617537e-08,"5","Map3k5"
1.18976515244166e-07,0.512308009811382,0.25,0.075,0.00297786320004622,"5","Gm17529"
3.21687281685579e-13,0.51184620772168,0.451,0.154,8.05151097330835e-09,"5","4930547E14Rik"
3.31665067397616e-08,0.511077319039622,0.274,0.08,0.000830124497189493,"5","Gm45345"
1.89204304466666e-11,0.510604541524004,0.606,0.234,4.73559453649618e-07,"5","4430402I18Rik"
3.58398859130053e-11,0.509149487720509,0.951,0.518,8.97036504516609e-07,"5","A230006K03Rik"
4.58857515062235e-10,0.509031180230025,0.357,0.106,1.14847447444927e-05,"5","Arhgap10"
1.56346276461529e-16,0.508979083855803,0.998,0.703,3.91319095355562e-12,"5","Xkr4"
3.14112736495338e-22,0.508698314845025,0.913,0.415,7.8619276817418e-18,"5","Tmem108"
1.42050856878499e-07,0.508562362827659,0.271,0.081,0.00355539089681194,"5","A830036E02Rik"
1.74671312879457e-10,0.507830267463099,0.269,0.079,4.37184829005993e-06,"5","Gm41361"
1.21692382523914e-11,0.507630623755421,0.385,0.116,3.04583864219104e-07,"5","Gm47802"
1.67376843329981e-07,0.506657594564014,0.611,0.253,0.0041892750117061,"5","Prkag2"
1.94515246943799e-11,0.506185848950912,0.334,0.095,4.86852211575636e-07,"5","Gm21954"
7.29790741112927e-08,0.505961731270457,0.32,0.098,0.00182659324593154,"5","Trpc6"
1.765571972668e-08,0.505078550191375,0.438,0.155,0.000441905009039075,"5","Rab40b"
3.68118938575843e-10,0.504793348270749,0.621,0.236,9.21364891361477e-06,"5","Gm38251"
7.66774810260138e-13,0.50338724334717,0.51,0.188,1.9191606726001e-08,"5","Slc6a17"
2.40353522033546e-14,0.502303330488375,0.53,0.184,6.01580830297763e-10,"5","Tifa"
1.1493263841617e-09,0.502085049586008,0.674,0.273,2.87664900691832e-05,"5","4930545L23Rik"
3.69654807601958e-10,0.50105761748491,0.541,0.197,9.25209017946941e-06,"5","Asxl3"
1.42997549158432e-13,2.77170107238183,0.279,0.057,3.57908565788639e-09,"6","D5Ertd615e"
7.2383127723323e-37,2.61848059563908,0.603,0.127,1.81167730378705e-32,"6","L3mbtl4"
9.06365337873592e-24,2.56851804073933,0.452,0.095,2.26854180416381e-19,"6","Gm27151"
2.4779475850741e-69,2.56542897804333,0.967,0.334,6.20205501068197e-65,"6","Tshz2"
2.16356387827019e-39,2.26386185143683,0.718,0.196,5.41518403092247e-35,"6","Fras1"
6.31416136610337e-52,2.21639541433425,0.88,0.286,1.58037144832201e-47,"6","Rmst"
6.5739242988297e-18,2.1910523775878,0.435,0.113,1.64538751275409e-13,"6","Gm50304"
1.79612236484857e-24,2.16498410895076,0.498,0.13,4.49551466697949e-20,"6","Gm13986"
9.13788120824364e-48,2.13928194867067,0.842,0.292,2.2871202876113e-43,"6","Cntn6"
3.23286982570059e-50,2.13635117904302,0.911,0.307,8.091549886746e-46,"6","Adamtsl1"
1.7390044435477e-57,2.10483420063303,0.928,0.381,4.35255422175553e-53,"6","Rgs6"
1.46844875486891e-20,2.06501495214373,0.588,0.188,3.6753803885614e-16,"6","Gm33228"
1.29244244814693e-16,2.05154755030038,0.262,0.067,3.23485420346695e-12,"6","Gm29530"
6.33894979935698e-63,2.0241407611785,0.998,0.767,1.58657574528106e-58,"6","Tenm2"
3.39295443782289e-32,2.00284020144467,0.667,0.2,8.4922256624269e-28,"6","Cpne8"
5.40030198980613e-56,1.94019532080003,0.969,0.517,1.35164158502858e-51,"6","Kctd16"
1.04130817603237e-21,1.90343228550453,0.461,0.124,2.60629023379141e-17,"6","Gm43948"
7.70839835894299e-25,1.88843590755698,0.49,0.128,1.92933502525984e-20,"6","Satb1"
4.06332752933105e-46,1.88503151703939,0.962,0.629,1.01701024731627e-41,"6","Trpm3"
1.6709529137859e-21,1.80108815100699,0.669,0.274,4.18222804791474e-17,"6","Fstl4"
8.55444380996654e-23,1.778621508107,0.687,0.266,2.14109174119652e-18,"6","Gm30382"
1.50331698256394e-73,1.77677447554518,1,0.888,3.76265207565929e-69,"6","Kcnip4"
5.01079321217285e-52,1.7584250990463,0.968,0.506,1.25415143307474e-47,"6","Cntn4"
8.895169016177e-32,1.73613679150043,0.8,0.313,2.22637185305894e-27,"6","Lmo3"
1.16495372422043e-38,1.72580155703178,0.947,0.449,2.91576267635131e-34,"6","Ldb2"
9.93522678426417e-18,1.69594265343934,0.442,0.143,2.48668791183348e-13,"6","Cdh7"
9.92751794815922e-14,1.69438841385396,0.291,0.08,2.48475846724477e-09,"6","A830036E02Rik"
4.17757201955807e-24,1.67769959812535,0.655,0.222,1.04560450077519e-19,"6","Lypd1"
1.53484556447139e-23,1.66640386084659,0.485,0.153,3.84156496331545e-19,"6","Sema3a"
2.04205035314873e-23,1.6534658914852,0.668,0.242,5.11104782889595e-19,"6","Gm43507"
2.58627985335031e-13,1.63636833561249,0.484,0.174,6.47319984495048e-09,"6","Gm5149"
1.06040229134651e-18,1.63156894375525,0.562,0.191,2.65408089501119e-14,"6","Gm32647"
2.04536735729626e-20,1.62312931956646,0.742,0.3,5.11934995857682e-16,"6","Oprm1"
3.75814161688023e-21,1.62210606324497,0.672,0.245,9.40625265288952e-17,"6","Gm42303"
1.85350183961472e-09,1.59900449269892,0.291,0.099,4.63912975437169e-05,"6","Gm12027"
3.33045143624557e-54,1.5954055009509,0.982,0.511,8.33578689977903e-50,"6","Tafa1"
5.74725026352088e-26,1.5792942171785,0.675,0.233,1.43847926845664e-21,"6","Epha4"
5.64733531808103e-09,1.57785112028465,0.389,0.145,0.00014134715567625,"6","Ptpru"
2.64077172323043e-19,1.56570107687094,0.732,0.315,6.60958754607344e-15,"6","Gm15584"
4.44352107073921e-34,1.55669584308353,0.953,0.608,1.11216888879532e-29,"6","Brinp3"
4.15293192814453e-13,1.54288302778372,0.378,0.12,1.0394373322953e-08,"6","Mlip"
2.04646418457312e-23,1.54227307109105,0.716,0.292,5.12209520756806e-19,"6","Fstl5"
1.30481313588722e-48,1.53821867828797,0.972,0.437,3.26581679781211e-44,"6","Slit3"
1.50988247251783e-48,1.53278103209295,0.981,0.628,3.77908484046488e-44,"6","Epha5"
2.09712413959516e-14,1.52046778365567,0.387,0.143,5.24889200899273e-10,"6","Gm10115"
2.83130910281716e-30,1.51357212425158,0.748,0.282,7.08648355344107e-26,"6","B130024G19Rik"
1.33820205572559e-59,1.50697998331127,1,0.854,3.34938592527559e-55,"6","Ptprd"
3.02622409817302e-12,1.5037754559009,0.298,0.1,7.57433629531725e-08,"6","Trpc6"
6.60964030807574e-43,1.46535649175086,0.953,0.557,1.65432687270828e-38,"6","Sobp"
3.12838987121155e-28,1.44951719854959,0.778,0.358,7.83004700865539e-24,"6","Ntng1"
2.81770302326569e-55,1.44818803632292,0.996,0.87,7.0524288969317e-51,"6","Negr1"
1.36989845684303e-40,1.44356304923321,0.906,0.436,3.42871884763243e-36,"6","Tox"
3.20280658636264e-16,1.43343261293375,0.602,0.21,8.01630460500706e-12,"6","Gm49678"
1.57141986393285e-16,1.42927452634772,0.547,0.23,3.93310677743753e-12,"6","March4"
8.55037305655433e-18,1.4270983477367,0.696,0.298,2.14007287232498e-13,"6","Ano3"
3.86087953381228e-46,1.41329421027811,0.99,0.754,9.66339538517875e-42,"6","Ncam2"
9.23965918826243e-19,1.407295906165,0.516,0.174,2.3125942982302e-14,"6","Fign"
1.14782305584555e-44,1.3920849643216,0.996,0.641,2.87288632647581e-40,"6","Arpp21"
8.35048694254099e-48,1.38524507134331,0.995,0.649,2.09004337684859e-43,"6","Prkg1"
2.23332924981987e-11,1.38319443889355,0.345,0.122,5.58979977937415e-07,"6","Syt17"
2.40451527254404e-11,1.38285042891016,0.332,0.129,6.01826127565048e-07,"6","Gm44532"
2.56214118506361e-08,1.37839938598426,0.337,0.119,0.000641278317209572,"6","Ipcef1"
3.0781336277451e-26,1.36796467883025,0.801,0.4,7.70426065688322e-22,"6","Gm15577"
3.57047052716007e-12,1.36092592756853,0.315,0.111,8.93653068242895e-08,"6","Gm45341"
2.4457446338026e-57,1.35780646542402,0.998,0.878,6.12145424394453e-53,"6","Lrp1b"
2.55886816444884e-13,1.35203807349152,0.496,0.187,6.40459112879901e-09,"6","Gm45323"
6.33875831172584e-15,1.33531935542782,0.332,0.118,1.58652781784186e-10,"6","Jph1"
3.33745957327702e-08,1.33134562244555,0.252,0.078,0.000835332756595505,"6","Gm26911"
1.29667478637796e-35,1.33055472717309,0.853,0.463,3.2454473228254e-31,"6","Thrb"
1.33387986984903e-24,1.32765277218335,0.855,0.442,3.33856792624514e-20,"6","Hecw1"
3.74059491992537e-24,1.32468282583185,0.63,0.243,9.36233502508121e-20,"6","Gm2516"
1.5171316274135e-29,1.31188054182083,0.791,0.352,3.79722875025326e-25,"6","C130073E24Rik"
7.82303959326878e-27,1.30553166637079,0.811,0.384,1.95802857979924e-22,"6","4930555F03Rik"
1.1526290241153e-08,1.28647421536881,0.268,0.099,0.000288491518445818,"6","Gm19744"
1.33243258229201e-08,1.28636551675194,0.316,0.128,0.000333494551021868,"6","Gm9866"
3.91855776826316e-21,1.28277609652324,0.738,0.312,9.80775823818586e-17,"6","Gm45321"
1.00356278153453e-08,1.27970738260778,0.269,0.115,0.000251181728590279,"6","Gm28258"
4.22089892531967e-27,1.27890856781441,0.792,0.355,1.05644879201826e-22,"6","Cpne4"
1.97099103534715e-22,1.27615372771299,0.751,0.377,4.93319346237039e-18,"6","Sh3gl2"
1.61335410578504e-17,1.27281579715423,0.543,0.18,4.03806399136939e-13,"6","Cald1"
1.18225877373008e-11,1.26909102216102,0.546,0.245,2.95907548476901e-07,"6","Sidt1"
2.74528766663361e-24,1.26709871270162,0.853,0.472,6.87118050081727e-20,"6","Sorbs2os"
7.90118668658539e-10,1.25105876633293,0.363,0.151,1.97758801578546e-05,"6","Tshz3"
1.05793558567716e-18,1.2447256681956,0.718,0.311,2.64790697739136e-14,"6","Gm28376"
1.40079750354573e-07,1.23733889384123,0.385,0.146,0.0035060560716246,"6","Tmem200a"
5.72548435925735e-08,1.2364011916011,0.275,0.114,0.00143303148027852,"6","Hs3st2"
5.01875335730454e-24,1.23283847948461,0.73,0.346,1.25614377779975e-19,"6","Gm48321"
9.77954050583534e-21,1.22659024309046,0.861,0.449,2.44772119320553e-16,"6","Galnt17"
4.77996320216991e-17,1.22595377895717,0.645,0.285,1.19637698987111e-12,"6","Prr16"
6.75396138753299e-20,1.20856495967675,0.489,0.175,1.69044899568563e-15,"6","Pdzrn3"
4.30489139437808e-15,1.20623352941204,0.463,0.202,1.07747126709889e-10,"6","Asxl3"
1.96395760555122e-15,1.19358895181865,0.458,0.19,4.91558949093415e-11,"6","4921534H16Rik"
5.99171654896609e-22,1.18944512619186,0.828,0.384,1.49966673504072e-17,"6","Clstn2"
1.07355355313734e-10,1.18373150168007,0.57,0.256,2.68699718814746e-06,"6","Phf24"
1.05581253442056e-27,1.17819459807999,0.904,0.488,2.64259319240123e-23,"6","Aff3"
5.26069815902941e-08,1.17394542080854,0.337,0.144,0.00131670014222347,"6","Rasal1"
1.72578732497892e-14,1.17267209979468,0.476,0.166,4.31947309568975e-10,"6","Nrip1"
4.51336366148672e-11,1.16385929271269,0.42,0.159,1.12964979083351e-06,"6","Gabra1"
7.34473081426182e-48,1.16377994544784,0.997,0.933,1.83831267550159e-43,"6","Celf2"
9.4760155335116e-13,1.16217909118824,0.417,0.18,2.37175192788262e-08,"6","Scml4"
5.24208323292338e-22,1.15301037604894,0.865,0.488,1.31204101236839e-17,"6","Tafa2"
4.38272612755866e-27,1.1491471652453,0.905,0.477,1.09695252246666e-22,"6","Gm20754"
1.08013245884117e-10,1.14317769870873,0.317,0.118,2.70346353123356e-06,"6","Rilpl1"
2.13784958732325e-27,1.14122528798752,0.794,0.374,5.35082373211137e-23,"6","Aff2"
3.30177538441133e-07,1.13923124781147,0.478,0.227,0.00826401360964312,"6","Gm27153"
1.85735403938573e-36,1.13856855111283,0.951,0.566,4.64877142517853e-32,"6","Mef2c"
2.71260493233436e-36,1.1378078212968,0.972,0.635,6.78937888513966e-32,"6","Lrfn5"
5.56597115012858e-14,1.13337162002274,0.499,0.208,1.39310691916568e-09,"6","Vwc2"
4.49004879179937e-36,1.13123657542702,0.99,0.757,1.12381431209946e-31,"6","Grik2"
9.56997803713739e-14,1.1284944345301,0.604,0.26,2.39526980291512e-09,"6","Iqgap2"
2.44419796424182e-07,1.12639100675409,0.332,0.15,0.00611758308470084,"6","Lin28b"
3.96384694235485e-24,1.12159718404951,0.917,0.589,9.92111251201995e-20,"6","Sorbs2"
9.18352995999641e-30,1.1163608943386,0.966,0.633,2.2985457136875e-25,"6","Kcnq3"
9.16551985353452e-17,1.11028495934618,0.86,0.439,2.29403796414115e-12,"6","4930509J09Rik"
2.40634022474772e-10,1.10480135706249,0.361,0.139,6.02282894852108e-06,"6","Tbc1d1"
5.65533539304457e-13,1.10460394313332,0.569,0.276,1.41547389552513e-08,"6","Neto2"
7.61467396249239e-12,1.10303751012012,0.56,0.271,1.90587674607222e-07,"6","Hace1"
3.22114070994883e-17,1.09575021402195,0.433,0.174,8.06219308293092e-13,"6","Man2a1"
4.53131757835189e-19,1.09544974242195,0.82,0.45,1.13414347668569e-14,"6","Fam189a1"
2.42116706694139e-11,1.08849600093797,0.454,0.201,6.05993905184759e-07,"6","Myrip"
1.59193406764322e-19,1.08568062457048,0.861,0.495,3.98445177790422e-15,"6","Atrnl1"
3.26442363376353e-09,1.07572617879835,0.445,0.214,8.17052591294673e-05,"6","Gm42609"
2.16972622039573e-29,1.06576450247734,0.904,0.474,5.43060775702846e-25,"6","Zfpm2"
4.76576401493584e-24,1.05400457789148,0.939,0.579,1.19282307529829e-19,"6","Kcnh7"
3.32289845275866e-07,1.05232071057782,0.36,0.159,0.00831688253740966,"6","Gabra5"
1.79397987050698e-26,1.05137822946327,0.899,0.507,4.49015221789191e-22,"6","Khdrbs2"
1.87657399790952e-15,1.0492050508598,0.658,0.312,4.69687705936774e-11,"6","A830082K12Rik"
1.26028844734778e-10,1.04804865045695,0.391,0.169,3.15437595486675e-06,"6","Dpy19l1"
3.15489523262813e-08,1.04320679681232,0.252,0.122,0.000789638727774494,"6","Gm3227"
5.46287419971915e-11,1.03362747647759,0.496,0.234,1.36730278344771e-06,"6","Samd5"
2.12457302041059e-13,1.01370338107403,0.627,0.313,5.31759381278567e-09,"6","Rapgef4os1"
3.69280666982909e-23,1.00492318946312,0.857,0.489,9.24272581391522e-19,"6","Oxr1"
4.91019154783842e-10,1.00216174857124,0.272,0.109,1.22897184250848e-05,"6","Stum"
2.43365695609558e-11,0.999703595276362,0.42,0.201,6.09119999541162e-07,"6","Nwd2"
5.85378761661157e-21,0.999157867900812,0.861,0.503,1.46514450256171e-16,"6","Gabbr2"
1.63976106421558e-08,0.994542084533961,0.337,0.137,0.000410415796762518,"6","Hpcal1"
6.17867159289214e-13,0.992160130889947,0.624,0.336,1.54645971298497e-08,"6","Pknox2"
2.90150723703206e-15,0.991104872353037,0.279,0.104,7.26218246356753e-11,"6","Boc"
2.07732421570683e-19,0.988089427437708,0.897,0.545,5.19933477949261e-15,"6","Robo2"
1.81281663534172e-18,0.981361362395435,0.836,0.483,4.5372987565968e-14,"6","Rapgef4"
3.06684863772574e-14,0.97964964912114,0.412,0.219,7.67601545536375e-10,"6","Gm16083"
6.40171504524837e-15,0.978732320183739,0.452,0.202,1.60228525867521e-10,"6","Gm26854"
2.18229461523751e-16,0.974262565931667,0.754,0.478,5.46206519247796e-12,"6","Pcsk2"
2.74709827352037e-26,0.969636720782599,0.96,0.671,6.87571226879414e-22,"6","Sgcd"
5.84242617792148e-09,0.968027112244686,0.394,0.182,0.000146230084807197,"6","Pitpnm3"
1.65622948669179e-12,0.962362908730117,0.534,0.253,4.14537678224089e-08,"6","Map3k5"
1.42803668527522e-22,0.957237535407673,0.811,0.39,3.57423301957536e-18,"6","Spock1"
1.27212529871844e-07,0.957031730244268,0.465,0.22,0.00318400241016239,"6","Dmtn"
2.18566072608084e-18,0.952917232519281,0.765,0.41,5.47049023130773e-14,"6","Ak5"
1.71748361333235e-13,0.944220427765868,0.59,0.282,4.29868973580955e-09,"6","Trpc5"
3.45251387234908e-22,0.943533556346434,0.81,0.446,8.64129697110251e-18,"6","Cntnap5b"
8.29903903276002e-20,0.932265406223561,0.742,0.448,2.07716647950951e-15,"6","Car10"
8.11500239966521e-25,0.931316939698553,0.984,0.66,2.0311039506122e-20,"6","Celf4"
2.14743667896321e-09,0.921075749120705,0.441,0.209,5.37481926377703e-05,"6","Cacng3"
1.56906942837282e-18,0.919648646918563,0.709,0.377,3.92722387227434e-14,"6","Gabrb2"
2.03950397207204e-08,0.911868293261544,0.426,0.2,0.000510467449169911,"6","Zfp697"
2.40806509013362e-07,0.908426309566095,0.611,0.426,0.00602714611409545,"6","Sorcs1"
3.26724239285547e-16,0.905876648273464,0.678,0.355,8.17758098507796e-12,"6","Khdrbs3"
6.39985390088343e-11,0.90109646751162,0.452,0.21,1.60181943285211e-06,"6","Olfm1"
2.98877247024637e-14,0.89249944568395,0.562,0.268,7.48059861577965e-10,"6","Stmn2"
3.42481245819552e-27,0.89091460695335,0.993,0.785,8.57196310161757e-23,"6","Nrg1"
2.1041732408046e-08,0.881838143897163,0.436,0.218,0.000526653520440982,"6","Gm48749"
2.09974322459826e-24,0.874656936700645,0.978,0.728,5.25544731684699e-20,"6","Grm7"
1.20182799580812e-15,0.873633595341513,0.809,0.472,3.00805529070814e-11,"6","Pdzrn4"
5.026606383221e-08,0.87324056045422,0.76,0.469,0.00125810931165638,"6","Syn3"
2.85745327367346e-12,0.861456392029361,0.821,0.574,7.15191979867729e-08,"6","Cdh13"
8.26680452335903e-22,0.858333525628398,0.831,0.517,2.06909850415153e-17,"6","Camk2a"
8.89530788574176e-14,0.855334167351366,0.694,0.372,2.2264066107223e-09,"6","Camk4"
2.6817688041208e-09,0.838814496373204,0.487,0.235,6.71219913983396e-05,"6","Kcnk10"
3.94504578818445e-17,0.837047895373058,0.778,0.456,9.87405510324686e-13,"6","Cnksr2"
2.67065652320543e-19,0.836929630657034,0.921,0.578,6.68438621193086e-15,"6","Kcnb2"
3.89463651132237e-15,0.830025992106434,0.714,0.402,9.74788572418877e-11,"6","Gucy1a2"
1.6948706356133e-08,0.826579060920234,0.665,0.362,0.000424209171387652,"6","Grm1"
6.08123264593004e-08,0.825524888377231,0.37,0.176,0.00152207171894983,"6","Pgbd5"
1.33451364295398e-19,0.823453791331393,0.972,0.691,3.34015419694952e-15,"6","Cacna1c"
1.26713717148663e-11,0.823127208636266,0.708,0.415,3.17151762651389e-07,"6","Rimbp2"
1.20454714172988e-11,0.820769281856809,0.745,0.41,3.01486104103572e-07,"6","D430041D05Rik"
5.85732290792474e-13,0.820738727988612,0.342,0.143,1.46602935062448e-08,"6","Bmpr1b"
2.54712061219039e-10,0.817677246921847,0.48,0.237,6.37518818025134e-06,"6","Osbpl10"
1.85223279117524e-07,0.815092645946101,0.595,0.342,0.0046359534530325,"6","Gm16351"
1.15569168651332e-12,0.814520011908621,0.745,0.431,2.89258072217419e-08,"6","Syt16"
1.23291417631707e-12,0.812429479210597,0.501,0.241,3.08586089190399e-08,"6","Epha7"
9.06711940295546e-12,0.809956939717753,0.367,0.182,2.26940931536572e-07,"6","Slc24a4"
2.12203853104649e-10,0.806885261804777,0.501,0.266,5.31125023935625e-06,"6","Plekha6"
2.34998053765834e-12,0.803665755310667,0.775,0.428,5.88176628770505e-08,"6","Ccdc85a"
1.57439027023804e-17,0.803158779038796,0.966,0.641,3.94054140737878e-13,"6","Gm26871"
4.36946065615845e-13,0.800958344229202,0.352,0.179,1.0936323076299e-08,"6","4921511C10Rik"
1.0503956659336e-18,0.794466025686685,0.904,0.535,2.62903531226521e-14,"6","Cacna2d1"
7.90877532955998e-26,0.794185998362412,0.977,0.759,1.97948737723557e-21,"6","Nbea"
1.16521676255356e-11,0.792282388878483,0.519,0.28,2.91642103499531e-07,"6","Rap1gap2"
3.70960452680342e-09,0.790373052647555,0.36,0.146,9.28476917013629e-05,"6","Slc17a7"
2.00155110654722e-10,0.785599856323478,0.628,0.351,5.00968226457704e-06,"6","Ptprr"
3.44351702894784e-07,0.783714036963419,0.515,0.274,0.00861877877175354,"6","Gm11417"
2.52139516616545e-08,0.783343688763674,0.463,0.233,0.000631079996139549,"6","Rasgrf2"
2.12804156587742e-13,0.78145373243655,0.642,0.368,5.3262752352346e-09,"6","Nrg2"
9.16869230541104e-10,0.774676713883907,0.58,0.312,2.29483199712133e-05,"6","Kcnj6"
2.00587439385802e-08,0.774186286127787,0.518,0.264,0.000502050302038723,"6","Syt7"
3.11644523754372e-12,0.773789821947878,0.782,0.476,7.80015078504818e-08,"6","Gm43376"
1.11239260533054e-13,0.772295948343739,0.72,0.418,2.78420745188181e-09,"6","Magi3"
1.08374817600922e-09,0.769360369653527,0.688,0.4,2.71251330973349e-05,"6","Fnbp1l"
4.37349475603516e-19,0.767371842920407,0.969,0.663,1.09464200248804e-14,"6","Gabrb3"
1.24319176399046e-18,0.766832679098855,0.901,0.565,3.11158466609173e-14,"6","Grin2a"
2.27546763140163e-09,0.764885978011674,0.383,0.194,5.69526793463515e-05,"6","Ablim3"
2.75690949732945e-10,0.763889764451808,0.654,0.336,6.90026878086589e-06,"6","Kcnt2"
3.55626299025857e-08,0.763381188990342,0.371,0.184,0.000890097063831817,"6","Rnf112"
2.8958283694255e-08,0.760378943466672,0.355,0.174,0.000724796882583509,"6","Adcy1"
4.81400314095639e-10,0.752724641240102,0.522,0.261,1.20489684614997e-05,"6","Sv2b"
1.40436920892887e-09,0.752386648867175,0.477,0.26,3.51499569302807e-05,"6","Gabrg2"
2.35845021748524e-11,0.75122893750373,0.617,0.316,5.9029650493438e-07,"6","Necab1"
1.35942020073003e-11,0.749499285599627,0.748,0.44,3.4024928204072e-07,"6","Neo1"
1.12041182575072e-07,0.747754292568646,0.633,0.365,0.00280427875867148,"6","Timp3"
4.70921208433013e-08,0.745346300112886,0.369,0.193,0.00117866869258699,"6","Gm13883"
2.99261721690503e-11,0.74442978526797,0.968,0.738,7.49022163219161e-07,"6","Pcdh7"
2.23811740537239e-33,0.743767257053407,0.999,0.924,5.60178405390656e-29,"6","Csmd1"
4.22015184973832e-24,0.736071588021572,0.989,0.743,1.056261806471e-19,"6","Cntnap2"
3.44344651420752e-16,0.732821830856014,0.879,0.585,8.61860228041001e-12,"6","Dgki"
2.0575088818162e-12,0.731627225131883,0.615,0.337,5.14973898029777e-08,"6","Rtl4"
1.45184846166556e-27,0.73132259877262,0.997,0.829,3.63383151470273e-23,"6","Nrg3"
2.53110682752155e-09,0.730574290700826,0.544,0.302,6.33510727860369e-05,"6","Add2"
3.13789052676996e-08,0.715352521456431,0.591,0.332,0.000785382619945254,"6","Rgl1"
2.74548151586373e-10,0.712726751026214,0.576,0.309,6.87166568605532e-06,"6","Arhgef28"
3.37801472114662e-08,0.708987325705097,0.523,0.289,0.000845483304555788,"6","Gm11099"
1.66244935480172e-07,0.707234768569762,0.594,0.338,0.00416094449013324,"6","Mtus2"
7.4576148881549e-08,0.705473581644669,0.57,0.325,0.00186656643035629,"6","Scn3a"
5.12642937711156e-08,0.705009155881376,0.308,0.161,0.00128309400879725,"6","Ppfia3"
5.22592463883473e-19,0.704325001764211,0.991,0.743,1.30799667785394e-14,"6","Syt1"
2.9323634313772e-12,0.702928527606476,0.744,0.442,7.33941243239398e-08,"6","Cacna1b"
1.01033346762199e-13,0.70082371281845,0.837,0.555,2.52876363611108e-09,"6","Ryr2"
8.01792206332784e-15,0.698034453014122,0.894,0.563,2.00680571323032e-10,"6","Cntnap5a"
3.85910826149348e-09,0.695921111447837,0.846,0.502,9.65896206769204e-05,"6","Caln1"
2.77972257971218e-07,0.694575993220734,0.463,0.236,0.00695736764476161,"6","Fbxw7"
2.18860759747696e-15,0.694525227730142,0.912,0.541,5.47786595572507e-11,"6","Nrg3os"
7.89414022959451e-22,0.692348924252244,0.977,0.763,1.97582435806521e-17,"6","Grid2"
9.39065989674191e-13,0.692230833170067,0.697,0.42,2.35038826555553e-08,"6","Rapgef2"
1.22204260728038e-16,0.690899073237481,0.876,0.606,3.05865044176206e-12,"6","Camk1d"
2.76076341197818e-15,0.688242583629552,0.943,0.661,6.90991474384019e-11,"6","Cadps"
4.43039158019751e-15,0.684946800281235,0.755,0.459,1.10888270860763e-10,"6","Ablim1"
4.53364418766772e-12,0.683011087578274,0.711,0.429,1.13472580373135e-07,"6","Jazf1"
4.67104903381788e-14,0.681350462494858,0.813,0.508,1.16911686267428e-09,"6","Gpr158"
8.99664441758539e-09,0.677713464084038,0.662,0.339,0.000225177013127745,"6","Spon1"
1.70505054524542e-09,0.676510295348861,0.52,0.284,4.26757100969477e-05,"6","Acvr2a"
3.41760097775805e-11,0.675548707756396,0.822,0.504,8.55391348723063e-07,"6","St6galnac5"
3.31922950328483e-15,0.675035919978182,0.839,0.508,8.30769952377161e-11,"6","Cdh4"
4.97334025133634e-13,0.674177783506746,0.771,0.463,1.24477733150697e-08,"6","Edil3"
5.73239782868063e-17,0.668665425059218,0.971,0.73,1.43476185254047e-12,"6","Kalrn"
6.39758549343035e-20,0.666632388474484,0.783,0.412,1.60125167315068e-15,"6","Egfem1"
2.80151153760015e-15,0.664429318145564,0.982,0.728,7.01190322745943e-11,"6","Grin2b"
8.62015504183586e-13,0.661210550713849,0.92,0.572,2.1575386054211e-08,"6","Pigk"
1.59330053009279e-07,0.660663997668451,0.401,0.22,0.00398787189676923,"6","Adarb1"
2.75372562176601e-15,0.660479117506165,0.648,0.319,6.89229985871815e-11,"6","Htr2c"
1.18819870840748e-12,0.659875634218854,0.461,0.236,2.97394254727309e-08,"6","Nr2f1"
3.56083295856915e-11,0.65981613982677,0.758,0.425,8.91240881200274e-07,"6","Tmem108"
1.63145165963745e-07,0.659000144506645,0.483,0.278,0.00408336035890657,"6","Arfgef3"
1.14577945328505e-09,0.65827771359219,0.457,0.237,2.86777139362716e-05,"6","Iqgap1"
4.66480173222438e-18,0.657508543681031,0.992,0.778,1.16755322555844e-13,"6","Fam155a"
9.21175764084977e-11,0.656801691916627,0.623,0.295,2.30561081992829e-06,"6","Sh3d19"
2.55504981544791e-13,0.649684926012714,0.783,0.501,6.39503418308458e-09,"6","Ncald"
1.82136306062399e-15,0.649678804191779,0.895,0.553,4.55868960443578e-11,"6","Frmpd4"
4.04877496504909e-09,0.649151631384784,0.822,0.565,0.000101336788600214,"6","Syn2"
3.6044327003234e-09,0.645275314788267,0.627,0.38,9.02153460563944e-05,"6","Iqsec2"
3.41997997005561e-07,0.644153077040215,0.508,0.291,0.00855986786705218,"6","Unc13a"
3.26048888855119e-12,0.639237812910293,0.756,0.465,8.16067763915477e-08,"6","Shank2"
3.88930580931329e-09,0.63667662415216,0.571,0.327,9.73454351013023e-05,"6","Sdccag8"
5.99468291503268e-10,0.630063278174127,0.513,0.275,1.50040918680353e-05,"6","Cux2"
4.13357930566358e-12,0.629610363872568,0.581,0.266,1.03459356441454e-07,"6","Man1a"
5.54670709266418e-12,0.628402467818266,0.694,0.385,1.38828531822292e-07,"6","Fam135b"
1.68106796494221e-15,0.625389898182809,0.958,0.606,4.20754500945387e-11,"6","Gm20642"
1.11058481379668e-12,0.62096333763651,0.854,0.566,2.77968273045172e-08,"6","Samd12"
1.22953408848277e-14,0.620569351333137,0.976,0.754,3.07740087006354e-10,"6","Asic2"
3.86242989071134e-16,0.619587698253263,0.94,0.635,9.66727577346142e-12,"6","Dlgap2"
6.76507313618734e-08,0.614045861307729,0.489,0.281,0.00169323015525633,"6","Mcf2l"
1.88476062390106e-07,0.610918223856993,0.647,0.397,0.00471736736556196,"6","1700111E14Rik"
1.18662268591712e-21,0.609796372481535,0.997,0.889,2.96999792058195e-17,"6","Cadm2"
1.80837938826801e-07,0.606238081143519,0.282,0.156,0.004526192770896,"6","Gm29587"
2.37447063260766e-08,0.606070237829269,0.56,0.287,0.00059430625463537,"6","Epha3"
5.85412888540798e-10,0.606022840249208,0.43,0.228,1.46522991872876e-05,"6","Eml1"
4.75329658543866e-10,0.605376677840722,0.644,0.389,1.18970260236944e-05,"6","Reep1"
1.74473954524782e-16,0.604492348818343,0.86,0.495,4.36690860780077e-12,"6","Cacna2d3"
3.64728115797785e-08,0.604198990904609,0.683,0.43,0.000912878001030275,"6","Pacsin1"
4.66993393458945e-14,0.600944055035227,0.897,0.597,1.16883776448839e-09,"6","Gpc6"
4.25027307319694e-11,0.600727112925941,0.947,0.641,1.06380084749046e-06,"6","Gabrg3"
6.70523461468837e-11,0.600483937249041,0.723,0.438,1.67825317171035e-06,"6","Dync1i1"
1.2376737960939e-14,0.600463424230831,0.995,0.877,3.09777374424343e-10,"6","Fgf14"
4.27719370012904e-08,0.599456685337661,0.42,0.235,0.0010705388112053,"6","Cdkl5"
4.24099223102118e-11,0.596871736903505,0.901,0.582,1.06147794550229e-06,"6","Map1b"
2.99639548325861e-07,0.593390218107509,0.758,0.491,0.00749967825504798,"6","Dpyd"
2.85011304655456e-11,0.592953101912713,0.806,0.479,7.13354794422141e-07,"6","Mctp1"
3.02507026025525e-16,0.592804134205848,0.802,0.524,7.57144835439286e-12,"6","Sybu"
1.77102355180471e-10,0.588780707128705,0.767,0.49,4.43269484781201e-06,"6","Gabra2"
1.08143893434163e-09,0.586976569552785,0.494,0.284,2.70673350876367e-05,"6","Fam49a"
3.05400388123654e-12,0.584945436616564,0.919,0.588,7.64386631434695e-08,"6","Kcnq5"
3.85322602652426e-10,0.582877258026604,0.777,0.47,9.64423942178756e-06,"6","Tenm3"
1.55935101919077e-11,0.582528618867983,0.712,0.412,3.90289966593258e-07,"6","9530059O14Rik"
1.48391302912581e-08,0.58178667695101,0.568,0.356,0.000371408592059899,"6","Camk2b"
4.12384917563295e-09,0.579184508949295,0.476,0.258,0.000103215821016917,"6","Cobl"
3.20501773598472e-12,0.578534718666541,0.686,0.423,8.02183889139617e-08,"6","Sptbn4"
2.30985028635435e-11,0.578230124022839,0.701,0.431,5.78132428171631e-07,"6","Gm47271"
2.83632425606002e-14,0.568708886229782,0.951,0.707,7.09903598049263e-10,"6","Kcnma1"
2.58349918403973e-13,0.568146510125813,0.982,0.846,6.46624010773304e-09,"6","Il1rapl1"
2.62519513354558e-12,0.555899380917294,0.941,0.741,6.57060089975123e-08,"6","Cadm1"
3.04662154903081e-09,0.5548382632358,0.519,0.293,7.62538907506921e-05,"6","Eda"
4.70426465484763e-08,0.553846317311866,0.584,0.337,0.00117743040046181,"6","Mical2"
1.70915245242718e-08,0.552166284251093,0.358,0.194,0.000427783767317999,"6","Cacng2"
1.63493366749522e-12,0.550636547595421,0.946,0.667,4.09207547637378e-08,"6","Erc2"
1.43883324737914e-14,0.549675548136323,0.949,0.632,3.60125573486526e-10,"6","Cntn5"
5.52332434773852e-10,0.545722764478388,0.96,0.722,1.38243285099547e-05,"6","Phactr1"
1.31611933098694e-10,0.542289573798575,0.544,0.3,3.29411507352722e-06,"6","Col25a1"
2.19839105202775e-12,0.538507656445469,0.788,0.536,5.50235296412025e-08,"6","Akt3"
3.7298796350603e-08,0.534354982128602,0.609,0.355,0.000933551573859242,"6","Gm49003"
2.66010042875791e-10,0.533560798471439,0.291,0.145,6.65796536313818e-06,"6","Rras2"
2.47918529129411e-07,0.531324520424957,0.811,0.556,0.00620515286558002,"6","Nedd4l"
4.92840081658357e-09,0.526715283597384,0.96,0.673,0.00012335294403827,"6","Ctnna3"
3.09604170742556e-11,0.526593696671547,0.926,0.663,7.74908278951544e-07,"6","Prkce"
7.98051753847085e-08,0.525302947479242,0.633,0.39,0.00199744373470387,"6","1700109K24Rik"
1.39433967706246e-07,0.524895022258858,0.766,0.458,0.00348989277771962,"6","Brinp1"
1.40805041317282e-12,0.52368276684424,0.964,0.706,3.52420937913026e-08,"6","Tcf4"
1.97346752844346e-19,0.521874912379569,0.984,0.817,4.93939187694113e-15,"6","Frmd4a"
4.80059699875417e-09,0.516798035425866,0.542,0.325,0.000120154142281818,"6","Dmxl2"
1.77111391114591e-09,0.514621356383215,0.464,0.247,4.4329210082071e-05,"6","Pdzd2"
1.28737291170175e-08,0.510742946928516,0.751,0.467,0.000322216566069831,"6","Ryr3"
6.26248865361798e-13,0.505946993307833,0.692,0.329,1.56743828511405e-08,"6","Il1rapl2"
3.76635699612301e-09,0.505536328700799,0.684,0.419,9.42681492559628e-05,"6","Nell2"
3.24581998131328e-11,0.502700300505777,0.962,0.73,8.123962831229e-07,"6","Fgf12"
2.12816267111167e-09,0.501045095003146,0.776,0.493,5.3265783495254e-05,"6","Foxp1"
7.21255937143189e-26,3.59867004282101,0.348,0.027,1.80523148507569e-21,"7","Rspo2"
1.44259600659005e-25,3.11088826734213,0.472,0.083,3.61067354489423e-21,"7","Gm34544"
2.23343156179648e-29,3.08438972236219,0.358,0.034,5.59005585602041e-25,"7","2310002F09Rik"
4.23628110679261e-30,2.8105026627957,0.536,0.088,1.06029879821912e-25,"7","Adamts2"
2.75924342665451e-23,2.5174408022654,0.417,0.073,6.90611037257357e-19,"7","Gm49127"
1.37461379491649e-68,2.49643800933485,0.958,0.305,3.44052086729648e-64,"7","Adamtsl1"
4.12219569826296e-11,2.31737863609485,0.275,0.059,1.03174436131824e-06,"7","Npsr1"
7.0106085134157e-42,2.23747191608021,0.729,0.158,1.75468520482281e-37,"7","Pou6f2"
4.89062875597208e-46,2.23525289219737,0.809,0.193,1.22407547133225e-41,"7","C1ql3"
1.33647729641184e-31,2.2320086789331,0.691,0.23,3.3450690251892e-27,"7","Cdh9"
4.49915899526745e-43,2.20267928723595,0.73,0.203,1.12609450492549e-38,"7","Gm49678"
1.93522189957895e-19,2.19092020419726,0.358,0.071,4.84366689245616e-15,"7","Kcng1"
4.97527786462573e-15,2.10397003119664,0.301,0.057,1.24526229673717e-10,"7","Gm11639"
1.63722942420779e-57,1.9725169434439,0.94,0.314,4.09782152584967e-53,"7","Il1rapl2"
1.00865657416652e-33,1.92125916954222,0.677,0.204,2.52456653948138e-29,"7","Gm48749"
6.47835605269189e-21,1.92109479651555,0.521,0.132,1.62146773642825e-16,"7","Gm48727"
4.47211976163147e-14,1.92068949675634,0.27,0.061,1.11932685513874e-09,"7","Gm15679"
1.61055639371947e-39,1.90745540913145,0.861,0.359,4.03106159784046e-35,"7","Cdh8"
3.56635829791893e-21,1.90485291987775,0.402,0.102,8.92623818386129e-17,"7","Trpc7"
5.35918574844051e-13,1.85055257024375,0.263,0.058,1.34135060097717e-08,"7","D5Ertd615e"
3.2779283172772e-17,1.84502468025019,0.395,0.098,8.20432678531311e-13,"7","Gm16152"
8.1530765196401e-24,1.84277409207207,0.403,0.081,2.04063352210072e-19,"7","Ntng2"
2.40609804077136e-19,1.8286416248009,0.445,0.114,6.02222278624665e-15,"7","Galnt9"
4.99454724125326e-39,1.82137063944165,0.836,0.251,1.25008522901328e-34,"7","Man1a"
3.78104681947952e-25,1.80510372114996,0.56,0.137,9.46358208447528e-21,"7","Gm16226"
1.21417684605673e-14,1.75101843997898,0.282,0.068,3.0389632279954e-10,"7","4933432K03Rik"
2.79947228078685e-38,1.73743696420693,0.794,0.245,7.00679917158141e-34,"7","Sv2b"
4.33789860982115e-61,1.72855025623683,0.998,0.657,1.08573264305214e-56,"7","Schip1"
3.64471489952848e-24,1.7198760653493,0.473,0.121,9.12235692202983e-20,"7","Gm44532"
1.47549656277723e-62,1.71861597931995,0.996,0.511,3.69302034697514e-58,"7","Tafa1"
1.75263996872218e-14,1.69430429881371,0.534,0.186,4.38668257771474e-10,"7","4921534H16Rik"
6.3972582600379e-20,1.68090257323466,0.421,0.106,1.60116976990489e-15,"7","Gm28258"
1.04466267720949e-23,1.67185415709055,0.42,0.105,2.61468621478763e-19,"7","Hs3st2"
5.21189814330018e-14,1.67018763697781,0.27,0.063,1.3044859862866e-09,"7","Glis1"
5.42785122505474e-31,1.66413510435266,0.7,0.233,1.35853688311895e-26,"7","Gm11418"
1.38795267841379e-11,1.66272813327579,0.289,0.058,3.47390675880188e-07,"7","Piezo1"
1.76276611520263e-42,1.65646686051987,0.865,0.329,4.41202730974067e-38,"7","Prkcg"
1.61626748499252e-19,1.65250172391671,0.472,0.135,4.04535588818778e-15,"7","Plxna4os3"
1.19861069758293e-21,1.61766916769791,0.67,0.228,3.00000271498031e-17,"7","5530401A14Rik"
4.902862982341e-12,1.60834831679118,0.323,0.082,1.22713757585013e-07,"7","1500035N22Rik"
6.26876298317679e-09,1.60705754279582,0.28,0.078,0.000156900868705932,"7","Ankrd33b"
4.14136506769124e-15,1.57673834725204,0.545,0.161,1.03654226279244e-10,"7","4930590L20Rik"
2.09595773346608e-22,1.57301573452408,0.554,0.153,5.24597261109226e-18,"7","Etv1"
1.60842575850023e-20,1.53812143157427,0.691,0.235,4.02572883095022e-16,"7","Gm12296"
3.24037479147983e-37,1.51480303030486,0.814,0.35,8.11033406559487e-33,"7","Plxna2"
2.85379367618717e-27,1.51005284566064,0.815,0.306,7.14276019212887e-23,"7","Gm28376"
2.46008949772478e-10,1.50202747646433,0.325,0.099,6.15735800385535e-06,"7","4930527B05Rik"
8.11617324284809e-26,1.49816660190856,0.641,0.226,2.03139700095245e-21,"7","Samd5"
8.09294175663556e-44,1.49352483237602,0.962,0.485,2.02558239226831e-39,"7","Aff3"
9.5633461746342e-22,1.48781408642635,0.437,0.104,2.39360991404919e-17,"7","Ror1"
3.0100045319733e-26,1.46208844932347,0.574,0.165,7.53374034307597e-22,"7","Gm28307"
4.38097559983807e-37,1.46144746381498,0.915,0.449,1.09651438288347e-32,"7","Gm1992"
4.09641925673334e-35,1.46130811534887,0.922,0.407,1.02529277576779e-30,"7","Msra"
1.26962567163254e-28,1.46074023395767,0.774,0.271,3.17774609352909e-24,"7","Trpc5"
5.19614100113433e-50,1.44874241435943,0.984,0.436,1.30054213117391e-45,"7","Slit3"
5.10251939086822e-24,1.44733244003198,0.686,0.249,1.27710957834041e-19,"7","Dlc1"
7.66531092086526e-09,1.44239303500321,0.29,0.088,0.000191855067038337,"7","Gm7580"
2.34641081623763e-13,1.4410881598014,0.718,0.391,5.87283163196116e-09,"7","Clstn2"
8.75705389831218e-18,1.44085744031769,0.501,0.144,2.19180302020856e-13,"7","2900026A02Rik"
2.12922237307725e-18,1.4407368061885,0.517,0.163,5.32923067757505e-14,"7","Pcsk2os2"
7.87804017011604e-40,1.44067298062279,0.931,0.538,1.97179467417834e-35,"7","Plxna4"
5.55361202948902e-25,1.44040933434903,0.713,0.239,1.39001355486081e-20,"7","Gm43507"
2.15723517199246e-22,1.43562539912895,0.578,0.192,5.39934391197993e-18,"7","Osbp2"
3.18325612003449e-36,1.43351699399095,0.84,0.323,7.96737174283432e-32,"7","Rasgef1b"
3.48548607849052e-25,1.43271947896598,0.8,0.323,8.72382310585391e-21,"7","Slit2"
2.03718566506904e-14,1.43260618858559,0.295,0.067,5.0988720011013e-10,"7","Tgfb2"
1.11959382046967e-48,1.42673626981681,0.989,0.584,2.80223137325353e-44,"7","Kcnq5"
1.36508521773205e-13,1.42668325545851,0.293,0.084,3.41667179146156e-09,"7","Gm15680"
5.96840240826556e-30,1.4246758814852,0.841,0.342,1.49383143876479e-25,"7","Gm28750"
8.5174891384712e-41,1.41881009102896,0.976,0.569,2.13184235646796e-36,"7","Pigk"
5.94846166555585e-17,1.41082977470808,0.367,0.109,1.48884047027197e-12,"7","Cacna1i"
4.47752402437769e-35,1.40889434361178,0.787,0.28,1.12067948806149e-30,"7","B130024G19Rik"
2.99507053569182e-18,1.40379056667684,0.507,0.169,7.49636204378306e-14,"7","Dok5"
2.65583553461966e-45,1.39797137386738,0.959,0.472,6.64729075959954e-41,"7","Zfpm2"
4.12695187765145e-22,1.38056917229532,0.772,0.349,1.03293478545738e-17,"7","4930445B16Rik"
2.39642159688296e-27,1.37044482091513,0.879,0.408,5.99800361483835e-23,"7","Klhl29"
9.41056067772526e-23,1.36954876583922,0.531,0.17,2.35536923202786e-18,"7","Galnt14"
1.37066190558752e-18,1.3658027371753,0.462,0.141,3.43062968349501e-14,"7","Ptpru"
5.45238662658696e-21,1.36438841469235,0.596,0.208,1.36467784876845e-16,"7","Gm16083"
1.92827787890153e-48,1.35080133753848,0.995,0.641,4.82628670310263e-44,"7","Arpp21"
2.19958629571129e-23,1.35044066072168,0.579,0.207,5.50534453953578e-19,"7","Gm19938"
7.93232344944482e-22,1.35031600529605,0.502,0.159,1.98538123616154e-17,"7","Syndig1"
3.19260279572955e-13,1.35020265671882,0.412,0.13,7.9907655374315e-09,"7","March11"
3.45352695884738e-34,1.34567662855466,0.787,0.314,8.6438326252991e-30,"7","Shisa6"
2.71951343705522e-13,1.33390494407137,0.326,0.097,6.80667018160552e-09,"7","Tmem178"
7.01654233752774e-32,1.3338706888654,0.812,0.33,1.75617038165982e-27,"7","Spon1"
1.42609151529764e-22,1.33056108329341,0.65,0.239,3.56936445363846e-18,"7","Sidt1"
5.98558954974252e-37,1.32037523470922,0.905,0.385,1.49813320840506e-32,"7","Spock1"
1.33222572153801e-11,1.3118876214896,0.274,0.066,3.33442775843748e-07,"7","Sema3e"
3.44028985923042e-28,1.29905009196976,0.752,0.298,8.61070148866781e-24,"7","Dgkg"
5.05474978709006e-17,1.29686010682052,0.55,0.182,1.26515332421077e-12,"7","Cnih3"
8.49233712083539e-09,1.29368628033802,0.253,0.078,0.000212554705797389,"7","Gm10681"
5.04774980201094e-19,1.28681249829002,0.476,0.139,1.26340129794532e-14,"7","Slc17a7"
6.22883453055549e-26,1.28650762453407,0.594,0.208,1.55901499465273e-21,"7","Cpne6"
4.8977913151233e-20,1.28595999213462,0.668,0.24,1.22586818826221e-15,"7","Lingo1"
2.74370889566937e-20,1.2760894228913,0.557,0.192,6.86722899497087e-16,"7","Cpne7"
3.69790940156128e-12,1.26739691097235,0.277,0.049,9.25549744116773e-08,"7","Ptprc"
2.12375797663782e-26,1.2655184497021,0.782,0.314,5.3155538397268e-22,"7","Lmo3"
1.42192791065653e-18,1.26428397669848,0.467,0.135,3.55894336758222e-14,"7","Kitl"
3.21834452880366e-46,1.25050839294542,0.993,0.704,8.05519452114269e-42,"7","Xkr4"
2.53261126573232e-12,1.2480959276733,0.403,0.126,6.33887273700143e-08,"7","Matn2"
1.77665671212776e-07,1.2460259109681,0.318,0.119,0.00444679408478456,"7","Vav3"
3.81877954412133e-19,1.24378410372317,0.479,0.155,9.55802332098127e-15,"7","Mthfd1l"
2.10806874087913e-21,1.24332601202262,0.658,0.26,5.27628525154638e-17,"7","4930587E11Rik"
4.48936816350187e-18,1.23982057955867,0.376,0.098,1.12364395764288e-13,"7","Palmd"
2.69166459763162e-13,1.23971605697085,0.292,0.091,6.73696732141218e-09,"7","Arhgap15"
1.85422146371003e-11,1.23908170153284,0.36,0.098,4.64093090151984e-07,"7","Fbn2"
1.75086950845698e-09,1.23792244850769,0.324,0.114,4.38225129271696e-05,"7","Rsph14"
8.41451115634666e-14,1.23770865475874,0.419,0.14,2.10606799732201e-09,"7","Slc6a15"
1.71912601728654e-33,1.23740069004187,0.902,0.47,4.30280050866649e-29,"7","Pcsk2"
4.34047643173848e-35,1.22753303732657,0.958,0.495,1.08637784609982e-30,"7","Caln1"
6.7943961818741e-31,1.22447776594149,0.947,0.497,1.70056942036127e-26,"7","St6galnac5"
6.1455046486361e-15,1.21889782263428,0.454,0.155,1.53815835850713e-10,"7","Sema3a"
1.54873688217225e-18,1.21499851065396,0.518,0.174,3.87633354238893e-14,"7","Scml4"
5.53719575749633e-26,1.21425088451772,0.763,0.309,1.38590472614376e-21,"7","Slc44a5"
9.29475923436788e-40,1.20799138690076,0.972,0.597,2.32638528876994e-35,"7","Ntrk3"
9.04255275401517e-32,1.2055244466047,0.927,0.451,2.26326052880246e-27,"7","Ldb2"
3.03616332546284e-20,1.20302611909539,0.475,0.175,7.59921318730095e-16,"7","Gm5149"
1.86686134939302e-25,1.20287614268361,0.682,0.256,4.6725672713958e-21,"7","Slit1"
3.28279506374007e-33,1.18957955575876,0.987,0.826,8.21650776503502e-29,"7","Lrrc4c"
1.27204290489352e-09,1.18406106232554,0.335,0.11,3.183796186658e-05,"7","Gm48956"
9.40446061120132e-19,1.18194146913017,0.659,0.275,2.35384244637758e-14,"7","Fstl4"
1.19525188103632e-20,1.18110723754876,0.783,0.375,2.9915959330458e-16,"7","Sh3gl2"
5.76558626013161e-25,1.18043447585461,0.8,0.332,1.44306858504834e-20,"7","Dgkh"
2.2860941172586e-16,1.17510767509648,0.486,0.177,5.72186496608656e-12,"7","Rnf112"
4.05313615743682e-09,1.17480924861954,0.506,0.197,0.000101445944884486,"7","Clmp"
7.19130343720493e-24,1.17233237399308,0.843,0.408,1.79991133729802e-19,"7","Rimbp2"
3.62995859486786e-15,1.16379205406866,0.719,0.389,9.08542336709476e-11,"7","Garnl3"
8.27502394429226e-25,1.16325873338764,0.874,0.434,2.07115574301691e-20,"7","Slco3a1"
1.60080347898852e-26,1.15984870222293,0.658,0.263,4.00665102756037e-22,"7","Unc13b"
5.82709129298182e-26,1.15819487080567,0.938,0.558,1.45846267972042e-21,"7","Sobp"
1.32145742841775e-09,1.15397992816543,0.272,0.1,3.30747579758679e-05,"7","Gm41505"
1.82920867059351e-31,1.14998653943888,0.918,0.458,4.5783263816285e-27,"7","Ryr3"
6.88486766177168e-09,1.14505615188062,0.302,0.113,0.000172321352706483,"7","Cacna1h"
1.11121931326278e-11,1.14011542762908,0.297,0.08,2.78127081916541e-07,"7","Cnr1"
5.46294832648314e-32,1.13749012461651,0.992,0.682,1.36732133663547e-27,"7","Dcc"
8.58248069715141e-17,1.13463645503989,0.411,0.141,2.14810909369003e-12,"7","Gm17171"
8.71883802093277e-10,1.13138757549129,0.27,0.087,2.18223796825926e-05,"7","Tll1"
1.83461098501474e-35,1.13100924637147,0.998,0.753,4.59184783439339e-31,"7","Asic2"
2.84995327557721e-20,1.12617021790188,0.637,0.253,7.1331480534422e-16,"7","Prkag2"
1.86617624926106e-12,1.12473932898554,0.406,0.14,4.67085253427551e-08,"7","Rasal1"
3.45276382009237e-13,1.11696000841247,0.429,0.149,8.64192256530919e-09,"7","Hacd4"
5.71741794192849e-11,1.11519280093634,0.518,0.193,1.43101253668528e-06,"7","Faah"
2.17445169774907e-28,1.1151870162619,0.794,0.327,5.44243515429614e-24,"7","Kcnt2"
1.40142200006719e-12,1.1135316596069,0.764,0.346,3.50761912396817e-08,"7","Gm49003"
1.32531571402932e-08,1.10739881366883,0.321,0.116,0.000331713270064398,"7","Fat4"
3.71801809039151e-25,1.10705184311341,0.902,0.472,9.3058274784409e-21,"7","Pde1a"
3.52430260491072e-12,1.10644375355142,0.364,0.142,8.82097698983104e-08,"7","L3mbtl4"
8.68382887217893e-09,1.10418947562058,0.316,0.115,0.000217347552841766,"7","Gm16126"
1.64142217085368e-36,1.10210684911299,0.917,0.492,4.10831555142967e-32,"7","Atrnl1"
1.20135948724634e-12,1.09933107086519,0.402,0.147,3.00688266062887e-08,"7","Klf8"
1.68684366406787e-20,1.09883301041834,0.499,0.186,4.22200100679546e-16,"7","Gm13883"
6.52919734866225e-21,1.09798514580856,0.492,0.174,1.63419280439667e-16,"7","Slc24a4"
2.56187855163818e-22,1.08566311004275,0.582,0.236,6.41212582689521e-18,"7","Epha7"
2.81481626270602e-08,1.08279545636717,0.364,0.119,0.000704520362392689,"7","Chrm2"
6.96800111853224e-11,1.07930661156389,0.295,0.106,1.74402099995744e-06,"7","Coro2a"
6.36840055462758e-16,1.07455133473937,0.364,0.125,1.59394697481774e-11,"7","Gm9866"
1.89665150546583e-08,1.07390701741265,0.297,0.091,0.000474712905303043,"7","Angpt1"
6.61675771634447e-11,1.06502809110997,0.359,0.135,1.65610828882386e-06,"7","Gm14330"
7.19130541138893e-24,1.06480135818144,0.735,0.297,1.79991183141653e-19,"7","Htr1f"
4.92667641020036e-19,1.06381933228888,0.596,0.228,1.23309783870905e-14,"7","Iqgap1"
1.2718919128049e-07,1.05917813452156,0.253,0.087,0.00318341826855937,"7","Actn2"
5.82990090165733e-22,1.05868943105483,0.72,0.318,1.45916589667581e-17,"7","Focad"
5.77237967575948e-11,1.05859712263237,0.281,0.088,1.44476890904584e-06,"7","Ccdc171"
1.1453081918275e-17,1.05628361853485,0.667,0.281,2.86659187332504e-13,"7","Gpi1"
1.22094705307204e-27,1.05534683353273,0.852,0.422,3.055908379134e-23,"7","Gm47271"
9.373533327142e-26,1.05444144189948,0.981,0.605,2.34610165645037e-21,"7","Gm20642"
7.45838052136191e-34,1.05360196204915,0.915,0.437,1.86675806069167e-29,"7","Sox5"
4.7611091596969e-14,1.05184987291434,0.462,0.161,1.19165801158054e-09,"7","Lmo4"
5.45188123324653e-21,1.05061655087037,0.673,0.291,1.36455135386927e-16,"7","Cdh11"
3.01694207074037e-09,1.04843345337497,0.25,0.081,7.55110430885606e-05,"7","Gm43190"
2.85877191671725e-08,1.04680391113512,0.255,0.075,0.000715522023035162,"7","Ell2"
3.01867037126514e-27,1.04169850846435,0.657,0.26,7.55543007223953e-23,"7","Snca"
2.43931515730558e-08,1.04022695981273,0.388,0.153,0.000610536190722014,"7","Gm48239"
4.9269250875765e-16,1.03975790378936,0.686,0.307,1.23316008016952e-11,"7","Gm6994"
5.34354260952127e-11,1.03048670639699,0.35,0.117,1.33743527973708e-06,"7","Jph1"
3.3753468547182e-18,1.02985499537181,0.607,0.235,8.44815564267418e-14,"7","Itgbl1"
1.1429946045412e-31,1.02064910811514,0.857,0.384,2.86080119570617e-27,"7","Ptprk"
1.86306033603137e-21,1.01454875335662,0.812,0.379,4.66305371505292e-17,"7","Fam135b"
1.37564638726375e-11,1.01108524747066,0.272,0.095,3.44310534268245e-07,"7","St8sia5"
2.86908583950121e-23,1.0082945167858,0.803,0.434,7.18103494768757e-19,"7","Etl4"
5.36134748534772e-21,1.00761656293584,0.871,0.447,1.34189166210768e-16,"7","Fam189a1"
1.77434866491367e-07,1.00368878046193,0.309,0.119,0.00444101727341242,"7","Gm15496"
2.07190467968656e-15,1.00231491796805,0.819,0.397,5.18577022278748e-11,"7","Lrfn2"
4.26991531846e-26,1.00173101387431,0.884,0.451,1.06871710505735e-21,"7","Brinp1"
2.44464643409955e-08,1.00137787112246,0.462,0.174,0.000611870555990775,"7","Cacna1g"
1.67340131051693e-32,1.00037590624201,0.969,0.562,4.18835614009282e-28,"7","Grin2a"
1.96413371661204e-19,0.997437430582391,0.834,0.372,4.91603027930828e-15,"7","Aff2"
7.47253931064601e-08,0.992591828381489,0.308,0.11,0.00187030186406159,"7","Rapgefl1"
1.91762209159114e-26,0.989458681911446,0.927,0.509,4.79961633304346e-22,"7","Cntn4"
6.10651555646962e-57,0.989132044606623,1,0.978,1.52839977862878e-52,"7","Lsamp"
1.20984127781344e-28,0.987441376656965,0.965,0.538,3.02811173423927e-24,"7","Nrg3os"
5.5582091191071e-13,0.985803174356054,0.461,0.163,1.39116416042132e-08,"7","Dnah9"
3.20863984596593e-31,0.985348959589232,0.953,0.559,8.03090467046813e-27,"7","Cacna1e"
1.45601210735576e-11,0.984868199503887,0.522,0.224,3.64425270350072e-07,"7","Gm27153"
9.71511615601342e-13,0.984153348659899,0.364,0.133,2.4315964226886e-08,"7","Tek"
2.81676596487265e-13,0.980986506092477,0.544,0.199,7.05008353347976e-09,"7","Pvt1"
2.32834948329182e-13,0.977699420342741,0.488,0.202,5.8276259217311e-09,"7","Larp1b"
4.15519423043553e-09,0.97734040837115,0.29,0.103,0.000104000356393571,"7","Adam19"
9.09216126731637e-13,0.976755754066967,0.549,0.219,2.27567704359661e-08,"7","Gm15810"
1.75743593539e-14,0.975157790286753,0.336,0.121,4.39868640268763e-10,"7","Sec24d"
1.76716368266233e-10,0.973613373971961,0.278,0.099,4.42303398133555e-06,"7","Mmp17"
9.65134210200381e-26,0.973104111158075,0.828,0.407,2.41563441471053e-21,"7","Ak5"
7.71772048716736e-21,0.971919055437954,0.713,0.308,1.93166826073312e-16,"7","Rapgef4os1"
3.54179365379194e-24,0.968156639683085,0.975,0.766,8.86475533607585e-20,"7","Opcml"
5.1653030144955e-12,0.967135400615014,0.352,0.148,1.29282369149808e-07,"7","Cdh7"
5.51078842164976e-08,0.965681666196184,0.372,0.149,0.00137929523405472,"7","Gm19461"
2.21352443478083e-07,0.963169449974983,0.316,0.118,0.00554023030781295,"7","Gm3227"
2.45407885063937e-15,0.955921483813649,0.752,0.329,6.14231395526529e-11,"7","Rtl4"
1.94747482947523e-11,0.950103744455246,0.439,0.167,4.87433475069356e-07,"7","Epha10"
1.51006886554326e-08,0.947347277435197,0.35,0.133,0.000377955136356823,"7","Adgra1"
1.24340862669947e-15,0.946933083480678,0.792,0.375,3.1121274517661e-11,"7","Cntn3"
8.51918157152732e-08,0.944410778709625,0.274,0.098,0.00213226595553757,"7","Socs6"
2.28268748429332e-11,0.934719224412119,0.252,0.094,5.71333850443774e-07,"7","Rftn1"
2.19986854765413e-19,0.932695178078871,0.685,0.349,5.50605098792352e-15,"7","Slc24a2"
1.53422249886231e-16,0.931951970821162,0.495,0.201,3.84000549240247e-12,"7","Asxl3"
9.27325073890551e-09,0.930985911354913,0.5,0.211,0.000232100192744066,"7","Gm42609"
2.06709372561384e-30,0.930537917909271,0.968,0.63,5.17372888583887e-26,"7","Hivep2"
5.46237684436439e-11,0.93022159458782,0.498,0.199,1.36717830037596e-06,"7","Myrip"
7.3048086490265e-19,0.929295968510946,0.785,0.367,1.82832055676484e-14,"7","Camk4"
3.41958889007334e-10,0.929157385674651,0.303,0.103,8.55888903296457e-06,"7","Boc"
2.04374668038944e-12,0.926820645911494,0.364,0.138,5.11529356634674e-08,"7","Nell1os"
1.06479140566566e-18,0.925341844633328,0.732,0.345,2.66506640924059e-14,"7","Pfkp"
6.21266048952066e-20,0.924372437263286,0.867,0.435,1.55496679392213e-15,"7","Cacna1b"
2.79855011830373e-15,0.924129552831731,0.488,0.196,7.00449109110241e-11,"7","Ephb2"
2.98390729294462e-26,0.923829637775112,0.86,0.477,7.4684215635111e-22,"7","Stxbp5l"
7.02831831672061e-23,0.92179859086616,0.829,0.423,1.759117791492e-18,"7","Dock9"
3.22765705183935e-30,0.920390289979958,0.976,0.635,8.07850283504871e-26,"7","Lrfn5"
3.12428823857758e-11,0.920208528590235,0.404,0.168,7.81978103233583e-07,"7","Dpy19l1"
2.01066960705971e-17,0.918026147368842,0.754,0.353,5.03250495950975e-13,"7","Grin3a"
5.62983497641347e-22,0.915975715046254,0.834,0.435,1.40909139624653e-17,"7","Neo1"
8.77480225660487e-14,0.91202704376306,0.391,0.144,2.19624525680563e-09,"7","Rasgrp1"
8.99022904220873e-11,0.905947711920474,0.302,0.103,2.25016442697442e-06,"7","Mmd"
6.63073612791476e-09,0.904910618148751,0.379,0.144,0.000165960694545579,"7","Slc6a7"
2.17606883914656e-20,0.903125574905867,0.722,0.366,5.44648269749993e-16,"7","Myo16"
4.13444307722161e-10,0.898412775251873,0.428,0.177,1.0348097577978e-05,"7","Gm45645"
8.96858121130803e-18,0.896283893715059,0.842,0.425,2.24474619137829e-13,"7","Ccdc85a"
2.00670206196952e-23,0.896024409634403,0.674,0.306,5.0225745909035e-19,"7","Miat"
2.45374286240833e-19,0.892995604464423,0.82,0.403,6.14147301032181e-15,"7","St6galnac3"
6.38510627462656e-20,0.892427783328774,0.679,0.306,1.59812824947628e-15,"7","Kcnj6"
4.41993438252267e-16,0.889935285794363,0.704,0.346,1.1062653766016e-11,"7","Ptprr"
2.21918990396214e-21,0.889725597588577,0.858,0.403,5.55441041062683e-17,"7","9530059O14Rik"
1.72071509025275e-11,0.889384616952428,0.416,0.165,4.3067777993936e-07,"7","5031415H12Rik"
1.05599477343092e-24,0.888148543832326,0.839,0.431,2.64304931842025e-20,"7","Dync1i1"
3.30991821668233e-07,0.887914533319797,0.339,0.129,0.00828439430453421,"7","Tmem120b"
2.21622273019173e-07,0.885632106196496,0.306,0.121,0.00554698387139688,"7","Gm49226"
1.1161674888934e-22,0.884353299189602,0.789,0.36,2.79365560795128e-18,"7","Sorcs2"
5.24638804134528e-14,0.884008650572961,0.483,0.167,1.31311846286831e-09,"7","Nptxr"
1.63777155460221e-13,0.883961138080694,0.6,0.255,4.09917842401386e-09,"7","Phf24"
1.22203166632718e-12,0.88297659164528,0.477,0.198,3.0586230576503e-08,"7","Hs3st5"
2.59042084529456e-08,0.87708385739941,0.326,0.125,0.000648356433368776,"7","Rhof"
1.36752390348893e-13,0.875536942707738,0.533,0.234,3.42277557804244e-09,"7","A530046M15Rik"
8.89089383363637e-20,0.874139348858681,0.612,0.265,2.22530181762085e-15,"7","Stmn2"
1.38859787617996e-23,0.872226398187409,0.893,0.456,3.47552162429083e-19,"7","Edil3"
6.73192763018706e-17,0.868900215615352,0.95,0.611,1.68493416655952e-12,"7","Enox1"
9.25677846839252e-09,0.868470387041256,0.289,0.111,0.000231687908285396,"7","Gm13963"
1.73354828505901e-12,0.866941627355732,0.313,0.112,4.33889800267419e-08,"7","Anxa6"
4.6446331045979e-17,0.865383392859996,0.61,0.271,1.16250521974981e-12,"7","Gm30382"
1.24820956813104e-07,0.862303749195843,0.444,0.185,0.00312414372807517,"7","Inhba"
5.08471500546504e-11,0.86012950756369,0.398,0.169,1.27265331871784e-06,"7","Gm14372"
1.99233725200899e-15,0.858801059174804,0.492,0.191,4.98662090805331e-11,"7","Ajap1"
1.58176075083165e-10,0.858797825158754,0.25,0.097,3.95898898325654e-06,"7","1700080N15Rik"
8.80177163678722e-26,0.858350605432203,0.978,0.706,2.20299542297147e-21,"7","Kcnma1"
4.85163116962758e-26,0.855455935756833,0.818,0.397,1.21431476544609e-21,"7","Pakap"
4.5738319400473e-37,0.848243564364227,0.999,0.829,1.14478439627444e-32,"7","Nrg3"
1.20060070570756e-18,0.835540511812546,0.662,0.304,3.00498350631544e-14,"7","Arhgef28"
6.79254368959921e-29,0.834760186644416,0.974,0.745,1.70010576006979e-24,"7","Dpp10"
6.98539095422319e-24,0.834492224350124,0.814,0.389,1.74837350193252e-19,"7","Rgs6"
3.53867017978424e-21,0.832086011544824,0.73,0.352,8.85693759298197e-17,"7","Dnajc6"
2.52322721268588e-14,0.830119144824803,0.489,0.236,6.31538539063148e-10,"7","Rtl1"
2.52035853637154e-15,0.829586792372951,0.55,0.236,6.30820538068433e-11,"7","Dlgap3"
7.93509833690084e-13,0.823815926719976,0.502,0.194,1.98607576274291e-08,"7","Serpini1"
4.02120718918344e-23,0.823481154444497,0.799,0.381,1.00646794738072e-18,"7","Galnt18"
1.818508390844e-09,0.820539197444581,0.274,0.108,4.55154465144346e-05,"7","Synpo"
2.39912343215808e-20,0.820307584553012,0.845,0.45,6.00476603834845e-16,"7","Gm44151"
1.06682892873828e-22,0.818643026665457,0.965,0.595,2.67016612573904e-18,"7","Nkain3"
5.02528209033242e-44,0.818212754085799,1,0.932,1.2577778543893e-39,"7","Celf2"
4.98611884041384e-11,0.817967106540882,0.528,0.232,1.24797568456718e-06,"7","March4"
1.43442822820001e-11,0.815966529991559,0.359,0.138,3.59023041236181e-07,"7","Gm11844"
1.03909048967581e-21,0.815298570441499,0.936,0.631,2.60073958660958e-17,"7","Epha5"
1.03061781351009e-21,0.814012668618602,0.895,0.504,2.5795333254344e-17,"7","Gpr158"
1.20114734323918e-11,0.812390152161426,0.739,0.382,3.00635168539336e-07,"7","Gm48091"
3.45561933265759e-13,0.811679192103931,0.671,0.352,8.64906962770868e-09,"7","Tshz2"
1.29365186859423e-21,0.809492223784366,0.859,0.419,3.23788126190449e-17,"7","Tmem108"
5.04769997357572e-16,0.808966621991474,0.923,0.579,1.26338882638627e-11,"7","Prickle2"
6.37741834984905e-12,0.803368492620037,0.396,0.164,1.59620403878372e-07,"7","Spink10"
1.46541910869129e-15,0.802342515616357,0.854,0.443,3.66779748714343e-11,"7","Cntnap5b"
6.36986652286531e-11,0.801874825012817,0.455,0.172,1.59431389200796e-06,"7","A330093E20Rik"
9.34409590156674e-09,0.800962308343754,0.408,0.168,0.000233873376320314,"7","Nrbp2"
8.48502171038865e-14,0.80059663561013,0.861,0.576,2.12371608389318e-09,"7","Astn2"
6.24354718842315e-20,0.800424504722358,0.865,0.449,1.56269742579043e-15,"7","Galnt17"
3.01495351523886e-13,0.796120600971211,0.607,0.28,7.54612715329135e-09,"7","Sipa1l3"
5.81587125479857e-09,0.793292279407144,0.255,0.098,0.000145565441636353,"7","Gm35835"
4.05883526140496e-11,0.791530926634099,0.315,0.117,1.01588587757705e-06,"7","Ppp4r4"
3.61074402342328e-08,0.790060443821637,0.295,0.121,0.000903733121622612,"7","Gm26673"
1.91836533719406e-19,0.788008894562254,0.871,0.484,4.80147660246301e-15,"7","Gabra2"
1.3123454466668e-29,0.787043690243603,0.997,0.743,3.28466941846233e-25,"7","Cntnap2"
8.37754989887746e-13,0.783919854398552,0.482,0.2,2.09681696419004e-08,"7","Elavl4"
1.21931227170638e-10,0.782573983066954,0.745,0.354,3.0518166848539e-06,"7","Smpd3"
5.55288849891024e-17,0.781630228153091,0.719,0.338,1.38983246239224e-12,"7","Neto1"
2.31327655178355e-17,0.781618119793045,0.791,0.397,5.78989988145904e-13,"7","Chl1"
3.18837032370117e-20,0.780779456186924,0.839,0.453,7.98017208319167e-16,"7","Cnksr2"
1.43328263399513e-10,0.780625358527961,0.291,0.124,3.5873631046264e-06,"7","Bche"
2.45031675841062e-13,0.78052405655233,0.361,0.139,6.13289781462594e-09,"7","Gm13986"
5.24743468905303e-19,0.779073044053253,0.902,0.597,1.31338042832308e-14,"7","Gpc6"
4.49252691978565e-12,0.778942251339681,0.599,0.281,1.12443456275315e-07,"7","Pcnx2"
9.82607267273611e-10,0.777343452854947,0.313,0.139,2.45936772925912e-05,"7","Srrm4os"
3.41209721634614e-09,0.776704862715937,0.443,0.209,8.54013812279275e-05,"7","Apobec4"
2.27982321085803e-07,0.776670624700264,0.266,0.103,0.00570616951445656,"7","Adam11"
1.47190278141846e-12,0.776227377451332,0.553,0.245,3.68402547161227e-08,"7","Gm16105"
4.77554727831572e-11,0.772813589043303,0.669,0.311,1.19527172828964e-06,"7","Gm11659"
8.97608807747186e-18,0.77232049577565,0.829,0.459,2.24662508491043e-13,"7","Apba2"
3.5455761898007e-13,0.767543945772905,0.365,0.145,8.87422264545216e-09,"7","Plekha7"
1.07639730401352e-21,0.765158932803571,0.992,0.719,2.69411481221544e-17,"7","Ube3a"
2.90447889080466e-08,0.76481330995316,0.306,0.12,0.000726962021579499,"7","Icam5"
1.05334244956416e-22,0.762686239536517,0.882,0.502,2.63641081701413e-18,"7","Gabbr2"
2.58231964647304e-12,0.762062482442921,0.486,0.219,6.46328784315738e-08,"7","Dmtn"
1.27954025898282e-13,0.759043048028056,0.686,0.307,3.2025613142081e-09,"7","Ano4"
6.26797955247983e-10,0.757149773673515,0.363,0.145,1.56881260219018e-05,"7","Gm10115"
4.98709051970758e-11,0.756508808362776,0.462,0.204,1.24821888617761e-06,"7","Gm1043"
6.12625464906698e-16,0.754012809413348,0.835,0.473,1.53334027611498e-11,"7","Sorbs2os"
3.12208451724405e-11,0.753803741447382,0.807,0.43,7.81426533821014e-07,"7","Amph"
6.48645147209356e-23,0.753386731962108,0.895,0.513,1.6234939389503e-18,"7","Camk2a"
1.18711305774606e-11,0.752630012845379,0.681,0.338,2.9712252722326e-07,"7","Pcdh10"
2.72961259613514e-16,0.752044460062812,0.576,0.253,6.83194736686665e-12,"7","4933413L06Rik"
2.89115984127203e-07,0.746522680337755,0.346,0.135,0.00723628396671977,"7","Gm15965"
1.50256955064408e-14,0.746411720230032,0.745,0.383,3.76078132830706e-10,"7","Reep1"
2.16881428786586e-09,0.746295323481073,0.439,0.169,5.42832528109945e-05,"7","Ccnd2"
5.13088640839973e-14,0.745737261934698,0.736,0.384,1.28420955915837e-09,"7","1700109K24Rik"
2.30605880737934e-19,0.745013685861757,0.838,0.443,5.77183458898976e-15,"7","Hecw1"
8.24065047356047e-11,0.744189654406172,0.399,0.174,2.06255240702745e-06,"7","Crmp1"
1.02330329951419e-13,0.733428950502661,0.782,0.408,2.56122582835406e-09,"7","D430041D05Rik"
2.87389031087727e-12,0.732774760391881,0.573,0.268,7.19306005909473e-08,"7","Matk"
1.16775362816181e-09,0.729780291376623,0.566,0.272,2.9227705559262e-05,"7","Bicdl1"
2.21223693112273e-12,0.729261545088691,0.556,0.263,5.53700781490708e-08,"7","Plekha6"
4.81624907974554e-17,0.729036439060969,0.723,0.329,1.20545898216951e-12,"7","Mical2"
1.68292466279829e-11,0.726843538518453,0.609,0.308,4.21219213851785e-07,"7","Gm41609"
6.82292251898079e-12,0.726522004328085,0.408,0.181,1.7077092772757e-07,"7","Pitpnm3"
1.78806733209789e-41,0.726499926521885,0.999,0.924,4.47535372550782e-37,"7","Csmd1"
6.80498194201427e-21,0.72486529597712,0.991,0.728,1.70321893026675e-16,"7","Grm7"
3.28761303511281e-13,0.722472554661563,0.703,0.359,8.22856666558384e-09,"7","Kcnj3"
1.35926458126677e-07,0.721398276631197,0.328,0.141,0.00340210332045261,"7","A330102I10Rik"
4.61348543805872e-15,0.720427313479449,0.512,0.22,1.15470927029172e-10,"7","Fhod3"
3.44948449804034e-15,0.718773396474736,0.554,0.267,8.63371475014518e-11,"7","Flrt2"
6.08791003685752e-11,0.717620817763199,0.392,0.145,1.52374300312507e-06,"7","Pls3"
3.63508030150216e-07,0.715050126151965,0.275,0.112,0.00909824248662976,"7","Nt5dc3"
1.36695596106475e-07,0.70961761073145,0.353,0.145,0.00342135407494896,"7","Lipe"
9.19518700645089e-20,0.709068673765355,0.922,0.583,2.30146335584459e-15,"7","Otud7a"
2.98114067500461e-07,0.708736392342022,0.47,0.222,0.00746149699546905,"7","Dgkz"
6.13211241296355e-15,0.706136655387124,0.574,0.276,1.53480641584065e-10,"7","Map6"
2.78051154484543e-20,0.705410688716374,0.86,0.489,6.95934234559362e-16,"7","Gria3"
6.36054936658227e-12,0.704164138402738,0.449,0.195,1.59198190096188e-07,"7","Otof"
3.8735517725457e-08,0.703735817145108,0.443,0.194,0.000969511273150464,"7","Nhsl2"
9.15379386052226e-10,0.70278700225211,0.444,0.194,2.29110306535012e-05,"7","Nup93"
3.58192516449623e-11,0.702037106492496,0.459,0.201,8.96520049421761e-07,"7","Sh3bp5"
2.54738893513826e-14,0.701271168941212,0.722,0.393,6.37585976575756e-10,"7","1700111E14Rik"
7.11341567478598e-11,0.700120836084143,0.378,0.154,1.78041680924218e-06,"7","Plec"
6.85737590025838e-10,0.699661128161147,0.31,0.134,1.71633261407567e-05,"7","Mmp24"
2.15131679093385e-24,0.699659410031637,0.993,0.727,5.38453079602834e-20,"7","Grin2b"
7.64111442278617e-16,0.699628553695044,0.479,0.197,1.91249452887915e-11,"7","Zfp697"
7.39071804168141e-10,0.699249761587227,0.688,0.332,1.84982281865244e-05,"7","Mtus2"
8.4608984345653e-13,0.69681786997759,0.486,0.226,2.11767826918735e-08,"7","Zfyve28"
2.76245180548703e-16,0.692370633758973,0.847,0.488,6.91414062395348e-12,"7","Nnat"
1.05916859972489e-12,0.691979123286,0.783,0.425,2.65099308825142e-08,"7","A830018L16Rik"
1.40790625611661e-15,0.691689166215127,0.675,0.297,3.52384856843427e-11,"7","D030068K23Rik"
1.20113177469423e-26,0.690961715981752,0.983,0.66,3.00631271888219e-22,"7","Celf4"
8.15005454788e-08,0.690734838745502,0.251,0.084,0.00203987715278889,"7","Sel1l3"
1.04915064557678e-11,0.690115511042022,0.369,0.15,2.62591915081412e-07,"7","Igsf9b"
2.01204287087296e-11,0.688325636394712,0.345,0.149,5.03594210150794e-07,"7","Rerg"
9.0759385295433e-12,0.686930936081728,0.586,0.286,2.27161665455939e-07,"7","Gm11099"
4.75838698117617e-19,0.684369930901298,0.982,0.659,1.19097667751858e-14,"7","Cadps"
2.61765324511337e-18,0.684178275182126,0.64,0.279,6.55172430719425e-14,"7","6530403H02Rik"
1.14543658494461e-08,0.6811936537924,0.449,0.204,0.000286691322845786,"7","Jakmip1"
2.6926549347692e-10,0.674301035598099,0.555,0.263,6.73944603623384e-06,"7","Nin"
1.70236142270387e-13,0.673751597509646,0.918,0.58,4.26084040488552e-09,"7","Kcnh7"
4.02656001882288e-10,0.671292029978212,0.449,0.202,1.00780770711118e-05,"7","Pde4a"
1.4793609825628e-07,0.670848268343892,0.293,0.112,0.00370269260325642,"7","Gm45904"
2.13193988444097e-13,0.669793174526539,0.573,0.283,5.33603233676729e-09,"7","Gm48383"
2.55536636821707e-07,0.669351839335817,0.252,0.114,0.00639582648301051,"7","Pak6"
3.56009790965119e-12,0.669306605241719,0.522,0.24,8.91056905806597e-08,"7","4430402I18Rik"
2.46313308846148e-08,0.668788464063595,0.352,0.16,0.000616497580711024,"7","4930547E14Rik"
1.99395745808941e-14,0.667292880215877,0.895,0.549,4.99067612185198e-10,"7","Cdk14"
5.1441351940656e-15,0.665966598138402,0.9,0.551,1.28752559772268e-10,"7","Ryr2"
6.21877738132092e-17,0.664956894836364,0.945,0.634,1.55649779077081e-12,"7","Kcnq3"
4.99502376403067e-08,0.66271085612929,0.336,0.138,0.00125020449789924,"7","Chrna7"
4.23236014329412e-17,0.660371223311926,0.861,0.471,1.05931742026508e-12,"7","Gm43376"
2.26468220111376e-11,0.660093526507501,0.443,0.212,5.66827308116763e-07,"7","Hook2"
1.36703397764168e-16,0.65928317605791,0.976,0.674,3.42154934263935e-12,"7","Ptprn2"
5.12750860149826e-11,0.658464880639581,0.518,0.256,1.283364127869e-06,"7","Lrrn2"
4.89640243334168e-15,0.656796072587668,0.864,0.535,1.22552056504109e-10,"7","Agbl4"
1.30863674595359e-07,0.65414147477502,0.523,0.253,0.00327538691144724,"7","Kcnq2"
1.68028869831717e-14,0.653318649905902,0.803,0.466,4.20559458301805e-10,"7","Syn3"
1.63305517083218e-12,0.652721780622614,0.865,0.478,4.08737378707585e-08,"7","Kcnd3"
3.3774282474181e-07,0.651393004508294,0.259,0.11,0.00845336516046276,"7","Stk40"
8.38868106270904e-18,0.645421793597317,0.982,0.768,2.09960298318545e-13,"7","Tenm2"
1.526103065868e-09,0.644829951314976,0.528,0.233,3.81968336356101e-05,"7","Kcnk10"
7.11576589811982e-29,0.64453845029532,0.984,0.614,1.78100504664041e-24,"7","Epha6"
1.01029236688176e-07,0.641253277109268,0.387,0.158,0.00252866076506837,"7","Nr2f2"
1.12206806625221e-12,0.639118354230968,0.294,0.111,2.80842416302265e-08,"7","Arhgap10"
6.58949558172688e-08,0.637363826180252,0.306,0.139,0.00164928484915042,"7","Tmem63c"
7.70789645740277e-10,0.637035241322498,0.678,0.357,1.92920940432334e-05,"7","Lgi1"
1.77545709048703e-09,0.63549493384098,0.565,0.284,4.44379155177998e-05,"7","Wscd2"
3.20414700441326e-07,0.633773531603044,0.358,0.148,0.00801965953734595,"7","Tmem200a"
1.57751710654578e-22,0.632569839522278,0.999,0.87,3.94836756597342e-18,"7","Rbfox1"
1.01340687719236e-11,0.632019317989156,0.651,0.349,2.53645607292476e-07,"7","Ablim2"
1.99002016756344e-09,0.63031855592028,0.678,0.362,4.98082147739455e-05,"7","Timp3"
2.31603356886511e-13,0.628123830093862,0.511,0.245,5.79680041951247e-09,"7","Usp46"
3.11124074882357e-10,0.62621263557017,0.574,0.251,7.78712447023052e-06,"7","Gm42303"
4.83358897235148e-10,0.622322440597703,0.577,0.269,1.20979898388985e-05,"7","Bcl11b"
1.03350311786157e-14,0.622263071403602,0.346,0.128,2.58675495369573e-10,"7","Col4a1"
8.36664228579356e-14,0.620817432842756,0.635,0.303,2.09408689771127e-09,"7","Flnb"
1.8655455183312e-10,0.618695931832045,0.415,0.176,4.66927387783117e-06,"7","Man2a1"
1.78760308827284e-08,0.618429130914099,0.527,0.255,0.000447419176963809,"7","Ssbp3"
1.18208997504457e-09,0.618311457931926,0.318,0.123,2.95865299853906e-05,"7","Tpd52"
1.29044177456327e-07,0.617653775994463,0.69,0.349,0.00322984671755442,"7","Camk2b"
3.17549465053364e-17,0.617546731515799,0.961,0.666,7.94794556082065e-13,"7","Erc2"
6.35878690059055e-17,0.617494943816056,0.866,0.44,1.59154077334881e-12,"7","4930509J09Rik"
1.75605013176259e-15,0.616761175419185,0.934,0.58,4.39521787478858e-11,"7","Map1b"
2.42138322267889e-10,0.610594843117407,0.5,0.232,6.060480068043e-06,"7","Exoc6"
1.26496779412062e-07,0.609760700673642,0.466,0.207,0.00316608789190451,"7","Ptk2b"
4.22871870042744e-10,0.608310121318876,0.544,0.277,1.05840600352998e-05,"7","Gm16183"
1.08492966549802e-09,0.607030860532834,0.45,0.212,2.715470459775e-05,"7","Rnf165"
2.76955844604015e-09,0.605820059341272,0.42,0.204,6.93192783459389e-05,"7","Gm26854"
1.81435942616705e-18,0.605146033996524,0.583,0.218,4.5411602077535e-14,"7","Cntnap4"
1.09669804384506e-10,0.604123333430333,0.348,0.134,2.74492553393981e-06,"7","Lix1"
3.41819843035752e-20,0.604015927599735,0.969,0.675,8.55540885134183e-16,"7","Ptprg"
2.72547630991206e-07,0.603567862832488,0.308,0.14,0.00682159465607889,"7","Fam78b"
1.47187628327865e-10,0.602516492119174,0.303,0.117,3.68395914941812e-06,"7","Pxdn"
2.37921705200504e-14,0.601317353902168,0.676,0.316,5.95494235946341e-10,"7","Nell1"
8.49939004465345e-20,0.601275797105377,0.978,0.722,2.12731233427631e-15,"7","Phactr1"
3.70566380583643e-10,0.600336071483101,0.522,0.27,9.27490593962801e-06,"7","Homer1"
6.37752980287316e-09,0.599004466447496,0.386,0.172,0.000159623193436112,"7","Dpysl3"
1.39664838736454e-11,0.598185471921271,0.547,0.262,3.4956712487347e-07,"7","Tspoap1"
1.6554605644809e-11,0.597798016026558,0.786,0.446,4.14345224683925e-07,"7","Scn8a"
9.18120003247391e-10,0.597642405921092,0.271,0.109,2.2979625561279e-05,"7","Stum"
1.23195736950222e-17,0.597614745597155,0.761,0.426,3.08346610012711e-13,"7","Jazf1"
8.83447470910725e-12,0.59632606674551,0.84,0.503,2.21118067494245e-07,"7","Elavl3"
2.20966635332325e-23,0.593877773708948,0.999,0.866,5.53057391573277e-19,"7","Ank2"
7.51625030728996e-12,0.593218251257355,0.707,0.37,1.88124228941161e-07,"7","Aig1"
1.66205671588349e-07,0.592998429661372,0.326,0.151,0.00415996175418478,"7","Gm11817"
7.55321332048051e-14,0.591775546564406,0.882,0.546,1.89049376198307e-09,"7","Pde10a"
7.10499489188092e-13,0.587483437771701,0.87,0.555,1.77830917148888e-08,"7","Prkcb"
1.33693036226692e-12,0.585764379248008,0.583,0.276,3.34620300371789e-08,"7","Klhl3"
1.40245907984167e-09,0.584072079645088,0.408,0.193,3.51021483093572e-05,"7","4930595D18Rik"
2.39677961985432e-09,0.583848661586014,0.544,0.282,5.99889971053337e-05,"7","4930545L23Rik"
8.69709595840072e-08,0.583589147803133,0.752,0.449,0.00217679614742812,"7","9630028H03Rik"
3.60487560836063e-13,0.582389589846539,0.94,0.619,9.02264316016582e-09,"7","App"
2.38578151309509e-08,0.581572405961733,0.769,0.418,0.000597137254912571,"7","Sptbn4"
4.76638968228958e-09,0.580675094654467,0.373,0.164,0.000119297967358026,"7","2610316D01Rik"
1.38098785464808e-07,0.579380939784304,0.633,0.334,0.00345647450139867,"7","Gap43"
2.79706622920152e-07,0.578120764694379,0.571,0.288,0.00700077706506849,"7","Unc13a"
2.82340716891031e-17,0.57772610285161,0.979,0.705,7.06670580306561e-13,"7","Tcf4"
7.05022210032776e-16,0.576934373189222,0.989,0.728,1.76460008949104e-11,"7","Lrrc7"
1.15617473632326e-07,0.575031787349094,0.335,0.148,0.00289378974754348,"7","Gm48715"
3.19196504398386e-09,0.573859014572191,0.336,0.162,7.9891693085872e-05,"7","Rab40b"
1.99199038797019e-16,0.569528230621067,0.984,0.729,4.98575274205059e-12,"7","Kalrn"
1.65529907011441e-11,0.569122230489167,0.762,0.418,4.14304804258935e-07,"7","Chd5"
4.17924550701473e-13,0.56831193163855,0.85,0.483,1.04602335795072e-08,"7","Rapgef4"
5.03443094883888e-14,0.568095934642995,0.778,0.457,1.26006772218488e-09,"7","Aopep"
3.70800814072217e-10,0.567978628050024,0.424,0.18,9.28077357541352e-06,"7","Col4a2"
7.85168478560463e-10,0.566968217974904,0.555,0.277,1.96519818498898e-05,"7","Neto2"
4.64973824130907e-08,0.565234266590512,0.276,0.113,0.00116378298441725,"7","Gm17135"
3.26496856823503e-08,0.564943141951526,0.739,0.402,0.000817188982943545,"7","Fndc9"
2.62661440917504e-11,0.564380498199131,0.616,0.303,6.5741532047242e-07,"7","Stk39"
4.18175393696923e-10,0.563913725528031,0.329,0.142,1.04665119288403e-05,"7","Stx1a"
2.15753069134468e-17,0.562274758334624,0.553,0.264,5.40008356736659e-13,"7","Iqgap2"
5.63136664709591e-12,0.557781940763066,0.647,0.345,1.40947475810164e-07,"7","Pde2a"
7.97277506176333e-11,0.557253385482628,0.62,0.321,1.99550587020874e-06,"7","Htr2c"
2.31575225671574e-12,0.554722779156637,0.907,0.522,5.79609632333383e-08,"7","A230006K03Rik"
2.42032803625683e-13,0.552220348343052,0.642,0.313,6.05783904194721e-09,"7","Kif5a"
1.31466381193195e-08,0.551276883281744,0.759,0.426,0.000329047205488447,"7","Pacsin1"
7.74910203461917e-08,0.549433904602391,0.596,0.307,0.00193952274824483,"7","Dbn1"
2.45560938410505e-14,0.548687058709115,0.642,0.311,6.14614472747653e-10,"7","Srrm4"
9.90316298585868e-14,0.548206180393597,0.968,0.74,2.47866266373057e-09,"7","Cadm1"
1.2844915626433e-10,0.545140040221671,0.575,0.286,3.21495393213991e-06,"7","Pakap.1"
2.16937732932489e-12,0.544378290555105,0.697,0.374,5.42973451756727e-08,"7","B830012L14Rik"
7.47801774755891e-13,0.543365744000128,0.906,0.588,1.87167306203652e-08,"7","Camta1"
1.13648303831845e-08,0.542568316202112,0.306,0.126,0.000284450339660725,"7","Mindy3"
3.45507422135838e-10,0.541917336051689,0.554,0.252,8.64770526863788e-06,"7","Map3k5"
8.36388141355579e-09,0.539523489495632,0.29,0.134,0.000209339587899888,"7","Crtac1"
2.7913146184912e-08,0.538795497355784,0.415,0.192,0.000698638135862163,"7","Lmo7"
1.4490525137295e-12,0.535902916135471,0.513,0.251,3.62683353661355e-08,"7","Cacng8"
1.01715976593577e-12,0.534181061917581,0.848,0.534,2.54584917816064e-08,"7","Snap25"
1.19923747941701e-14,0.533358211866672,0.877,0.569,3.00157148723285e-10,"7","Dok6"
2.11577254087698e-09,0.528138052022487,0.783,0.429,5.295567092561e-05,"7","Gramd1b"
3.18098114942987e-10,0.5281020983777,0.944,0.638,7.96167771890802e-06,"7","Cacna1a"
2.42755691581074e-14,0.528032670548236,0.63,0.315,6.07593220458271e-10,"7","Necab1"
3.37554044747549e-08,0.527319898681073,0.421,0.188,0.000844864018598641,"7","Usp12"
1.61791721695278e-08,0.526271794961582,0.807,0.47,0.000404948500231112,"7","Gm15738"
8.18845056361844e-08,0.524502059365099,0.672,0.351,0.00204948729156806,"7","Stxbp5"
2.8994597102539e-07,0.52314288010822,0.373,0.187,0.00725705770879449,"7","Gpr45"
2.45780162580953e-07,0.52081226728339,0.395,0.196,0.00615163168923868,"7","Slc6a17"
5.24991897976654e-11,0.520722348218717,0.544,0.262,1.31400222144577e-06,"7","Syt7"
2.09155847742071e-07,0.520581738849255,0.306,0.141,0.0052349617131363,"7","Hspa4l"
2.50708367422546e-20,0.519677525404802,0.987,0.728,6.2749797282189e-16,"7","Fgf12"
7.28747335802065e-11,0.519548659545834,0.554,0.271,1.82398170677899e-06,"7","Hace1"
1.50826612071235e-11,0.519157972409135,0.732,0.402,3.77503927353094e-07,"7","Gucy1a2"
4.34654098601937e-14,0.518817374897085,0.808,0.462,1.08789574339079e-09,"7","Shank2"
1.54417958299476e-08,0.518744648026003,0.386,0.199,0.000386492707827759,"7","Mast1"
2.59450346713332e-08,0.518688544818951,0.302,0.13,0.000649378272788799,"7","Gm49179"
4.92873420512809e-17,0.518073731090053,0.967,0.716,1.23361288420151e-12,"7","Large1"
1.04557124989519e-09,0.517936721477551,0.704,0.368,2.61696028136266e-05,"7","4930532I03Rik"
2.4517375364559e-08,0.517384513029401,0.526,0.254,0.000613645387999548,"7","Tbcd"
8.6609661983593e-08,0.516584873084189,0.835,0.471,0.00216775322978735,"7","Pdzrn4"
3.03067129767611e-09,0.515948561834266,0.753,0.415,7.58546719095355e-05,"7","Nell2"
1.53166158969235e-08,0.513698280159735,0.509,0.25,0.000383359579284099,"7","Angpt2"
1.01341990322546e-10,0.51277795886791,0.381,0.179,2.53648867578301e-06,"7","Pcsk5"
1.3765754110034e-13,0.510483057147129,0.994,0.879,3.4454305962004e-09,"7","Lrp1b"
1.2251475101221e-17,0.510004696492684,0.994,0.765,3.06642170308461e-13,"7","Grm5"
4.26649191988288e-15,0.507602043750312,0.734,0.405,1.06786026262749e-10,"7","Gsdme"
2.65728535891889e-08,0.50741075276983,0.406,0.192,0.000665091952483809,"7","Gabra4"
2.26885474587528e-10,0.507281567947344,0.537,0.272,5.67871654345125e-06,"7","Bsn"
5.2819177824135e-20,0.506314803850378,0.923,0.552,1.32201120176028e-15,"7","Frmpd4"
1.51796140184657e-07,0.506010044423953,0.276,0.134,0.00379930559268177,"7","Slc4a8"
7.19651441701436e-08,0.504064828005237,0.436,0.196,0.00180121559343452,"7","Pgm2l1"
2.02150894783662e-07,0.502574792620953,0.465,0.227,0.00505963474554029,"7","Slc16a7"
4.2093344429379e-09,0.502530462441317,0.536,0.231,0.000105355431772293,"7","Gm11146"
1.32135474740016e-09,0.502052867532986,0.751,0.433,3.30721879726785e-05,"7","Grin1"
1.73347819859404e-10,0.501869408644674,0.851,0.508,4.33872258326101e-06,"7","Cdh4"
6.47303094331592e-11,0.501014266199291,0.446,0.219,1.62013491480254e-06,"7","Rab11fip4"
1.53134033334243e-34,5.0761549841627,0.434,0.015,3.83279172032278e-30,"8","Moxd1"
6.92352744938566e-21,4.95331684697139,0.293,0.009,1.73288968530674e-16,"8","Lhx6"
2.54891594588676e-19,4.76107987947167,0.311,0.012,6.37968172095998e-15,"8","4930488N15Rik"
5.88608908159598e-48,4.20460743742012,0.647,0.053,1.47322923623266e-43,"8","Cntnap3"
1.5022841282141e-33,4.15255392295565,0.532,0.054,3.76006694450708e-29,"8","Col19a1"
2.74733875658366e-41,3.87345427948118,0.602,0.085,6.87631417385324e-37,"8","Ndst4"
4.70242390196012e-21,3.81337002942931,0.339,0.038,1.1769696784216e-16,"8","Sst"
6.23352125439762e-19,3.75970795588168,0.293,0.025,1.56018803476318e-14,"8","Mkx"
4.01437707845224e-24,3.56170452004164,0.408,0.047,1.00475843896581e-19,"8","Tmem132cos"
9.87307431062971e-83,3.54004217777474,0.985,0.254,2.47113176920751e-78,"8","Nxph1"
1.46514291919365e-68,3.46458362199097,0.884,0.181,3.6671062124498e-64,"8","Kcnmb2"
3.47671896121074e-32,3.40035858237816,0.513,0.072,8.70187988801437e-28,"8","Tmem132c"
3.50805016450469e-33,3.39451580786777,0.483,0.062,8.78029875673879e-29,"8","Calb1"
1.79459673410745e-27,3.25690599966043,0.452,0.062,4.49169616579753e-23,"8","Elfn1"
2.47862227660644e-34,3.11517842190938,0.609,0.132,6.20374369611827e-30,"8","Gm17171"
1.3435663123516e-62,3.05718878968682,0.843,0.205,3.36281212318481e-58,"8","Cntnap4"
8.59204069556123e-66,3.02213936859995,0.888,0.266,2.15050186569202e-61,"8","Kcnc2"
9.41713378628273e-52,3.00687056266999,0.769,0.103,2.3570144153687e-47,"8","Maf"
1.34682131321615e-30,2.90385891278475,0.497,0.101,3.37095906484871e-26,"8","Gm45904"
8.79636149671544e-19,2.84565808988308,0.375,0.06,2.20164131901291e-14,"8","Rab3b"
2.36184816559762e-20,2.76830846143918,0.422,0.061,5.91146977367428e-16,"8","Mpped1"
3.89412381828637e-24,2.70414978877307,0.436,0.057,9.74660250478895e-20,"8","6330576A10Rik"
7.92525228991251e-17,2.69400186975987,0.408,0.085,1.9836113956422e-12,"8","Gm44129"
1.14230742570833e-51,2.66742675819889,0.876,0.432,2.85908125580539e-47,"8","Etl4"
2.95227802226586e-16,2.64211884573397,0.409,0.105,7.38925666192923e-12,"8","Gm13963"
4.14974063172357e-36,2.56785252930333,0.811,0.358,1.03863858271409e-31,"8","Thsd7a"
5.54986527065874e-17,2.51425494296098,0.284,0.03,1.38907577859317e-12,"8","Gm15655"
1.20381129839034e-44,2.48576842379325,0.797,0.197,3.01301929874119e-40,"8","Alk"
4.68788903154533e-19,2.46953746923692,0.342,0.057,1.17333174570548e-14,"8","Pde3a"
5.91196431396111e-17,2.42309300113485,0.415,0.081,1.47970554814133e-12,"8","Osbpl3"
3.68823074503327e-44,2.39157808163781,0.722,0.193,9.23127273174377e-40,"8","Ptchd4"
6.7039633407827e-47,2.39043476277621,0.851,0.248,1.6779349845645e-42,"8","Kcnip1"
8.4522082374251e-41,2.37479379187223,0.851,0.37,2.11550319974513e-36,"8","Gm38505"
2.74136099508795e-35,2.37082592898607,0.69,0.187,6.86135243460562e-31,"8","Elavl2"
3.25255129201902e-11,2.32149864864974,0.26,0.061,8.1408106287944e-07,"8","Mrap2"
5.78185342182819e-33,2.31637173979892,0.704,0.198,1.44714009294938e-28,"8","Vwc2"
1.05730552809348e-33,2.30596927484573,0.586,0.102,2.64633000626517e-29,"8","Gm45025"
2.27773739456544e-19,2.25285063598222,0.655,0.333,5.70094892485784e-15,"8","Il1rapl2"
4.62176537236287e-23,2.24776258399216,0.503,0.12,1.1567816550487e-18,"8","Btbd11"
2.23854583925804e-29,2.2194169897707,0.67,0.23,5.60285638107894e-25,"8","Klhl32"
4.92350590640929e-31,2.21558131819761,0.64,0.165,1.23230429331518e-26,"8","Kctd8"
2.11501563591136e-30,2.21327629343347,0.661,0.19,5.29367263512255e-26,"8","Fgf1"
6.60366025079326e-18,2.16056286306152,0.454,0.145,1.65283012417104e-13,"8","Scn9a"
5.58738172640227e-14,2.14592534019372,0.374,0.107,1.39846577230123e-09,"8","Sox5os4"
6.79420273914053e-20,2.12426449135538,0.502,0.13,1.70052100357948e-15,"8","Gm47027"
5.63717052052191e-31,2.09338493260704,0.749,0.25,1.41092740958143e-26,"8","Grip1os2"
1.8967673744482e-11,2.060043428409,0.395,0.117,4.74741906150639e-07,"8","Fmn1"
4.26439509815519e-12,2.05161889130938,0.252,0.069,1.06733544911726e-07,"8","Ltbp1"
3.57914258946848e-12,2.03617035386075,0.286,0.084,8.95823598718066e-08,"8","Col26a1"
9.19630433698125e-38,2.02622208035969,0.754,0.193,2.30174301250304e-33,"8","Zfp536"
1.42633749391317e-58,2.00410246532094,0.977,0.628,3.56998011351527e-54,"8","Gria4"
3.73074530999483e-12,1.98364844902805,0.251,0.049,9.33768243638606e-08,"8","Rnf144b"
9.66805856509778e-46,1.98133986794175,0.929,0.417,2.41981837825832e-41,"8","Rbms3"
1.93345785262426e-10,1.95326588551381,0.277,0.079,4.83925165933325e-06,"8","4930473D10Rik"
9.93298954777389e-24,1.9432067634992,0.653,0.295,2.48612795391233e-19,"8","Col25a1"
8.11341634213841e-13,1.9396686028111,0.357,0.103,2.03070697627382e-08,"8","Grip1os1"
3.77310838665287e-17,1.93910021185143,0.384,0.129,9.44371298095347e-13,"8","Gpr176"
2.81749663275436e-34,1.92297330807946,0.928,0.533,7.05191232212088e-30,"8","Sox2ot"
3.47894472489379e-39,1.92276339934418,0.862,0.313,8.70745075193668e-35,"8","Grik1"
3.6325847873877e-48,1.91025423615735,0.933,0.476,9.09199646435266e-44,"8","Frmd5"
1.63745479491361e-62,1.90236251958945,0.993,0.699,4.09838560618928e-58,"8","Grip1"
3.60388623477473e-20,1.891964350356,0.436,0.134,9.02016685701768e-16,"8","Adamts17"
2.70507407855335e-18,1.8855824891458,0.453,0.11,6.77052991121117e-14,"8","Gad1"
2.70219889397081e-17,1.86536556597268,0.528,0.15,6.76333361171953e-13,"8","9630014M24Rik"
1.15148023864333e-30,1.84230159764528,0.567,0.15,2.88203988930039e-26,"8","Gad2"
2.25839940025403e-11,1.82826920291851,0.279,0.089,5.65254785889582e-07,"8","Myo5b"
4.49664383915533e-12,1.81704189412155,0.277,0.096,1.12546498650219e-07,"8","Cemip"
6.86024351928071e-31,1.80554823717629,0.799,0.35,1.71705035044077e-26,"8","Pam"
3.956327187478e-12,1.80452742724464,0.284,0.102,9.90229131753869e-08,"8","Trpc6"
1.5837362634333e-10,1.80372510736038,0.308,0.076,3.96393349374722e-06,"8","Gm42695"
2.7632319587983e-27,1.79955130752647,0.707,0.294,6.91609326967627e-23,"8","Epb41l3"
3.99878352839985e-42,1.79725775843955,0.936,0.305,1.0008555293232e-37,"8","Sox6"
6.78256417913807e-15,1.78283035539206,0.38,0.08,1.69760798839647e-10,"8","Tmem44"
1.85530757834542e-19,1.77836658870674,0.51,0.159,4.64364933784076e-15,"8","Rph3a"
4.22866658961528e-16,1.76024034592406,0.398,0.141,1.05839296071481e-11,"8","Cdh12"
5.24735889262339e-09,1.75876314683814,0.269,0.086,0.000131336145723471,"8","2410021H03Rik"
2.95340097672644e-32,1.74585950469717,0.854,0.431,7.39206730464861e-28,"8","Spock3"
1.3952122400892e-19,1.74510933437822,0.469,0.17,3.49207671571927e-15,"8","Efna5"
3.56284237120603e-26,1.74291789077533,0.73,0.272,8.91743817089157e-22,"8","Chrm3"
1.25793036489497e-17,1.72317490804936,0.602,0.215,3.14847391029561e-13,"8","Vstm2a"
4.29255202406582e-19,1.72111912616113,0.683,0.264,1.07438284610343e-14,"8","Grik3"
1.08724754077339e-18,1.71948710492682,0.499,0.18,2.72127186980171e-14,"8","Zmat4"
2.08501426997895e-33,1.71903628965283,0.93,0.608,5.21858221633032e-29,"8","Galntl6"
4.37547394730994e-16,1.70117207119766,0.436,0.151,1.09513737427221e-11,"8","Rab27b"
3.28385821541638e-07,1.69093927073983,0.266,0.076,0.00821916872736566,"8","Epb41l4a"
4.08024979351041e-11,1.68408490630705,0.27,0.076,1.02124572081772e-06,"8","Cplx1"
1.2706596023069e-15,1.68235332864306,0.47,0.173,3.18033391861393e-11,"8","Gm28307"
1.38323343056275e-11,1.67825929526249,0.367,0.127,3.4620949533555e-07,"8","Gm13629"
1.37486620513619e-33,1.66101306095593,0.726,0.273,3.44115262483537e-29,"8","Ptprm"
4.09431102626801e-10,1.64895175129419,0.259,0.061,1.02476510676462e-05,"8","Gm5820"
2.44904676007701e-11,1.63691401566727,0.36,0.12,6.12971913579676e-07,"8","Adra1a"
4.95089345775858e-32,1.62082240436451,0.862,0.43,1.2391591235424e-27,"8","Gm15398"
2.25496279052688e-07,1.5956795913526,0.375,0.161,0.00564394636840974,"8","Sema3a"
8.49459666311951e-53,1.58946896938251,0.975,0.635,2.12611259881218e-48,"8","Dlgap2"
1.59647621971233e-10,1.58517523290724,0.349,0.119,3.99582033031798e-06,"8","Ankrd24"
2.43647489837721e-18,1.57632298349398,0.324,0.109,6.09825302314832e-14,"8","Rims4"
2.40938527596121e-09,1.56625321125526,0.389,0.149,6.03045040720331e-05,"8","Pla2g3"
6.52926509551196e-32,1.53895712303347,0.954,0.615,1.63420976075569e-27,"8","Erbb4"
3.34100155315332e-08,1.52159126606211,0.333,0.139,0.000836219278738745,"8","Srrm4os"
2.27722836309848e-56,1.51825841560951,0.989,0.736,5.69967486999918e-52,"8","Gria1"
9.03634336942087e-12,1.50775587820859,0.389,0.12,2.26170638193235e-07,"8","1110004F10Rik"
3.29016823156605e-15,1.50318326481247,0.518,0.203,8.23496206678667e-11,"8","Trhde"
1.20195403842297e-28,1.49947733394243,0.877,0.593,3.00837076276885e-24,"8","Ptprt"
5.27965566718415e-22,1.49305955291966,0.619,0.224,1.32144501693952e-17,"8","Nhs"
1.30631619910511e-20,1.48469723576732,0.706,0.314,3.26957881474017e-16,"8","Zfp385b"
7.67376371747173e-15,1.48160387818152,0.585,0.248,1.920666320846e-10,"8","Gm2516"
1.58325917115182e-13,1.47179133678025,0.316,0.089,3.96273937947589e-09,"8","Cacna2d2"
8.2255550990664e-15,1.45814981709901,0.627,0.313,2.05877418574533e-10,"8","Srrm4"
1.99079812197302e-07,1.44026882344309,0.287,0.112,0.00498276861948626,"8","Gm50138"
7.99270345317222e-23,1.42890963834091,0.818,0.444,2.00049374729447e-18,"8","4930509J09Rik"
7.82053724815617e-20,1.42313906632828,0.794,0.437,1.95740226784101e-15,"8","4930517O19Rik"
8.97113623275652e-17,1.41068244053606,0.624,0.298,2.24538568769663e-12,"8","Cntnap5c"
2.00989046254374e-23,1.40633290442799,0.81,0.393,5.03055483870073e-19,"8","C530008M17Rik"
9.90129967115746e-08,1.40527625344765,0.294,0.111,0.002478196294694,"8","Gm13944"
5.6496030148149e-15,1.39847343111122,0.562,0.255,1.41403913857802e-10,"8","4933413L06Rik"
3.06124596845343e-10,1.39390094937189,0.344,0.138,7.66199253444208e-06,"8","Kcnc1"
1.59873647623321e-09,1.3878725459862,0.41,0.144,4.00147752636411e-05,"8","Ccdc136"
1.35792495884509e-20,1.38667004053895,0.702,0.303,3.39875037949337e-16,"8","Dgkg"
1.30481444700095e-11,1.38631556972552,0.67,0.366,3.26582007939868e-07,"8","Nyap2"
1.01951081578552e-08,1.36382532012175,0.497,0.243,0.000255173362082957,"8","Epha7"
1.24804660039523e-09,1.36092022929293,0.276,0.1,3.12373583612922e-05,"8","Gm20616"
1.94808626598313e-20,1.35501012916826,0.763,0.389,4.87586511512918e-16,"8","4930555F03Rik"
1.34874267640997e-08,1.35286073063102,0.436,0.197,0.000337576804478652,"8","Plcxd3"
3.47138611940577e-43,1.32908264102681,0.971,0.707,8.68853231826071e-39,"8","Tcf4"
3.33075430004133e-13,1.3286441038458,0.442,0.19,8.33654493757344e-09,"8","Cacng2"
1.79587430737442e-15,1.32405760712686,0.536,0.244,4.49489380392744e-11,"8","4930415C11Rik"
3.8616118971937e-08,1.31883790666594,0.309,0.128,0.000966522841748612,"8","Frmpd3"
8.03849095327209e-18,1.31016466149367,0.555,0.198,2.01195390069447e-13,"8","Slc6a1"
1.13507837580833e-09,1.306864817551,0.424,0.189,2.84098766681066e-05,"8","Pde9a"
7.64088535456091e-14,1.30160048725141,0.68,0.422,1.91243719539305e-09,"8","Sh3rf3"
7.68893999618702e-14,1.27572163795652,0.457,0.181,1.92446479164565e-09,"8","Rcan2"
2.82745119342088e-13,1.27036244445084,0.43,0.174,7.07682759201312e-09,"8","Spats2l"
6.03243212439091e-11,1.26131169205537,0.579,0.293,1.5098574364138e-06,"8","Cit"
1.29227846779928e-14,1.2538657059978,0.64,0.301,3.23444377705481e-10,"8","Esrrg"
6.20881737056766e-14,1.25305773396941,0.639,0.318,1.55400489967938e-09,"8","Slc44a5"
1.51678284174349e-08,1.24360240065225,0.328,0.124,0.000379635577459978,"8","1810034E14Rik"
6.55603675796475e-10,1.23781033209132,0.499,0.216,1.640910440151e-05,"8","Gm48749"
4.63326454669271e-19,1.2373713728048,0.653,0.319,1.15965978339172e-14,"8","Gm45321"
4.3777250466405e-24,1.23623519962949,0.816,0.454,1.09570080192365e-19,"8","Hcn1"
1.11128562742212e-10,1.23029034020511,0.364,0.124,2.78143679687481e-06,"8","Tox2"
2.83148240888038e-13,1.22820279880563,0.423,0.14,7.08691732118669e-09,"8","Dlx6os1"
5.57465833073894e-12,1.2238292936178,0.347,0.148,1.39528123360065e-07,"8","Sntg2"
1.37929537387817e-49,1.22011106944655,0.998,0.852,3.45223839127968e-45,"8","Nrxn3"
1.78041507137822e-08,1.21801550095713,0.375,0.156,0.000445620088215254,"8","Mtcl1"
1.36917803071916e-14,1.21596006951706,0.517,0.236,3.42691569308698e-10,"8","Ank1"
1.36327557519509e-12,1.20971910912657,0.379,0.155,3.41214243715579e-08,"8","Metap1d"
4.32543422141194e-12,1.19818377297485,0.574,0.288,1.08261293127719e-07,"8","Epha3"
7.71953365498883e-10,1.195798497076,0.475,0.216,1.93212207850716e-05,"8","Gm16083"
2.64034759125031e-14,1.17716976005974,0.784,0.495,6.6085259861404e-10,"8","Tafa2"
1.29681466229889e-17,1.17622760678423,0.601,0.286,3.24579741826789e-13,"8","Adgrl2"
3.09214765795108e-10,1.17208709688484,0.422,0.211,7.73933637308575e-06,"8","Gm1604a"
3.14705330583822e-30,1.16118480338963,0.967,0.731,7.87675971918247e-26,"8","Fgf12"
1.10716456327566e-09,1.15856705068312,0.452,0.203,2.77112218542264e-05,"8","Gm26854"
2.91502941893887e-16,1.15377018280905,0.828,0.483,7.29602713266211e-12,"8","Gm20754"
1.14717479102914e-15,1.15224560734321,0.429,0.187,2.87126378446684e-11,"8","Ppargc1a"
9.84797518687873e-14,1.13843260690434,0.469,0.19,2.46484970952388e-09,"8","Tox3"
3.0886704750639e-10,1.13304611850493,0.485,0.245,7.73063333203743e-06,"8","Pip5k1b"
1.01658776023452e-08,1.13223002737982,0.341,0.156,0.000254441750509097,"8","Abca5"
2.63338301142565e-24,1.1133406206857,0.878,0.583,6.59109433929727e-20,"8","Klf12"
7.84880718246876e-09,1.11155034911423,0.466,0.234,0.00019644779497001,"8","Rasgrf2"
1.43114702827055e-18,1.1107837212095,0.597,0.272,3.58201789705836e-14,"8","Cux2"
1.89690029801224e-21,1.10979594400175,0.981,0.745,4.74775175589484e-17,"8","Cntnap2"
3.66804245451866e-59,1.10777098362464,1,0.945,9.18074345941475e-55,"8","Meg3"
9.94906663044924e-12,1.09769952138601,0.808,0.457,2.49015188693514e-07,"8","Gm1992"
4.60544940207607e-17,1.09604081168971,0.709,0.403,1.15269793084562e-12,"8","Chl1"
1.17190477665084e-14,1.09020252640169,0.674,0.37,2.93316046547939e-10,"8","Scn1a"
1.75151694100399e-18,1.08989740792564,0.672,0.361,4.3838717516389e-14,"8","C130073E24Rik"
8.2150013772931e-08,1.08756938244809,0.341,0.15,0.00205613269472269,"8","Pdcd7"
4.48469317630012e-12,1.07925788767171,0.364,0.126,1.12247385509616e-07,"8","Sox1ot"
7.48994962490904e-43,1.05783469689373,0.993,0.857,1.87465949161848e-38,"8","Dlgap1"
2.71691986682194e-09,1.05536934016192,0.463,0.238,6.80017873466863e-05,"8","Rtl1"
1.09570365006313e-14,1.05414138544728,0.713,0.386,2.74243666574301e-10,"8","Fam135b"
1.09629986449499e-23,1.05281382729589,0.949,0.586,2.74392893084452e-19,"8","Pcdh15"
2.64298788796405e-16,1.05031194973362,0.75,0.427,6.61513438478522e-12,"8","5330434G04Rik"
2.62731960306962e-14,1.03161624003611,0.686,0.369,6.57591823452296e-10,"8","Myo16"
4.8004380559033e-10,1.02357359128135,0.603,0.354,1.20150164101204e-05,"8","Pfkp"
1.95291972202058e-10,1.02030908366891,0.263,0.103,4.8879627722453e-06,"8","Cdc14b"
1.67991611908706e-07,1.01955514056509,0.446,0.237,0.00420466205446299,"8","A230004M16Rik"
2.58300440569138e-14,1.01635362380941,0.821,0.492,6.46500172700496e-10,"8","Gria3"
2.23690365853745e-18,1.01338568422884,0.789,0.456,5.59874616695339e-14,"8","A330076H08Rik"
3.13075696379933e-28,1.00646707831953,0.989,0.72,7.83597160469333e-24,"8","Ube3a"
4.32641137305839e-15,1.00329228670578,0.897,0.576,1.08285750256278e-10,"8","Astn2"
1.42388329788395e-14,0.999895058836541,0.903,0.601,3.56383750627373e-10,"8","Nkain3"
5.90375829801975e-19,0.987224125009199,0.716,0.401,1.47765166441136e-14,"8","Atp1a3"
1.28435983863756e-24,0.983683045185199,0.971,0.706,3.21462424012595e-20,"8","Xkr4"
3.4962359848764e-10,0.979827035173471,0.574,0.32,8.75072904654715e-06,"8","Mirg"
6.70021623584678e-14,0.976511589698289,0.692,0.409,1.67699712167009e-09,"8","Gsdme"
2.84558766815417e-07,0.95379126835694,0.532,0.304,0.00712222137462308,"8","Fstl5"
5.4473676665018e-21,0.949623695799571,0.678,0.389,1.36342165324874e-16,"8","Mast2"
1.66811001978218e-11,0.945905721634603,0.461,0.224,4.17511256851282e-07,"8","Fhod3"
4.15887116787677e-12,0.937011227523763,0.675,0.377,1.04092386460788e-07,"8","B830012L14Rik"
4.54065759759033e-18,0.932983318916418,0.868,0.586,1.13648119010088e-13,"8","Pclo"
5.88878223820832e-27,0.930646069804882,0.979,0.835,1.47390330640116e-22,"8","Magi2"
9.27367738658229e-11,0.930318350534826,0.822,0.55,2.32110871308768e-06,"8","Pde10a"
5.51706488243734e-11,0.928079136876025,0.715,0.446,1.38086616942524e-06,"8","Tmem132b"
1.51347500678098e-07,0.927824994380592,0.347,0.167,0.00378807659447212,"8","Pnkd"
1.1474454044876e-09,0.923492130686956,0.594,0.346,2.87194110289201e-05,"8","Neto1"
4.88330051641505e-11,0.90723930705737,0.513,0.28,1.22224128625352e-06,"8","Neto2"
5.50328591880895e-21,0.905153967582724,0.917,0.64,1.37741743261869e-16,"8","A230057D06Rik"
1.41343158480971e-09,0.900962239873868,0.389,0.155,3.53767791362022e-05,"8","Tm6sf1"
4.58152434758499e-08,0.900793822544006,0.328,0.157,0.00114670972895705,"8","Dzip1"
1.64420402197075e-12,0.90039779028944,0.561,0.302,4.11527824659059e-08,"8","Mpp6"
1.81015677731371e-19,0.900314114976625,0.964,0.637,4.53064139793849e-15,"8","Rian"
6.05267494738732e-12,0.899276277756411,0.525,0.277,1.51492401258157e-07,"8","Clvs1"
1.66052553961736e-34,0.891827711750834,0.999,0.886,4.1561293731083e-30,"8","Snhg11"
2.02103470002354e-07,0.889077858866335,0.473,0.266,0.00505844775068892,"8","Ttll11"
2.18121650161221e-15,0.882444349481097,0.6,0.315,5.4593667818852e-11,"8","Ppm1h"
5.66245622182436e-08,0.881623939302137,0.689,0.436,0.00141725616776042,"8","Iqsec1"
3.28014760904017e-15,0.881172209931101,0.655,0.352,8.20988145066663e-11,"8","Gm48321"
2.77011989081728e-10,0.874738775503103,0.623,0.348,6.93333307472658e-06,"8","Peg3"
6.372577263553e-11,0.87108813557186,0.786,0.495,1.59499236329468e-06,"8","Oxr1"
5.76081761007169e-14,0.867859910978708,0.548,0.226,1.44187503962484e-09,"8","Ubash3b"
1.02890570558845e-10,0.866152820530959,0.496,0.25,2.57524809051733e-06,"8","Abat"
1.14364541857836e-07,0.866015892757924,0.615,0.379,0.00286243011815978,"8","Scai"
1.35657601606639e-07,0.850227258254552,0.635,0.393,0.00339537411061257,"8","Cers6"
1.571608817661e-07,0.848635176081332,0.617,0.427,0.00393357970972371,"8","Sorcs1"
8.76597613251313e-08,0.845650881503367,0.343,0.148,0.00219403616620671,"8","Rbms1"
6.50018331861626e-14,0.840821957397566,0.782,0.499,1.62693088281646e-09,"8","Limch1"
1.01646437426777e-11,0.83276448566788,0.716,0.433,2.54410868235481e-07,"8","Rab3c"
1.29612610861327e-07,0.819607198937849,0.536,0.32,0.00324407403724816,"8","Slc4a3"
2.89517932287323e-13,0.815441400860575,0.831,0.545,7.24634432721941e-09,"8","Plxna4"
1.90337484126514e-18,0.80382031342375,0.582,0.343,4.76395689020252e-14,"8","Ripor2"
1.97921489652984e-17,0.803647464641211,0.938,0.719,4.95377696452454e-13,"8","Large1"
1.01839748015979e-11,0.803396185167799,0.783,0.502,2.54894705309194e-07,"8","Trim2"
7.1803198559181e-10,0.801106901810108,0.681,0.389,1.79716225673774e-05,"8","Xkr6"
4.2657701815877e-19,0.80057104396903,0.928,0.64,1.06767961874958e-14,"8","Cacna1a"
3.41489700323294e-09,0.797695522888519,0.455,0.262,8.54714570939174e-05,"8","Gabrg2"
4.80254531492686e-09,0.797410697608131,0.627,0.406,0.000120202906687304,"8","Kcnab1"
1.35111472519146e-10,0.797183351421037,0.78,0.504,3.3817050456817e-06,"8","Cpeb3"
7.78793013836245e-11,0.795981167975988,0.506,0.264,1.94924103433074e-06,"8","Utrn"
6.17361233355629e-09,0.79027040460622,0.55,0.313,0.00015451934309658,"8","Gm41609"
8.44483716075905e-17,0.780339814896747,0.922,0.619,2.11365829296638e-12,"8","Epha6"
5.21196687692334e-19,0.778454803018814,0.976,0.767,1.30450318962514e-14,"8","Grm5"
5.11057962411947e-30,0.766134065822608,0.995,0.866,1.27912697412086e-25,"8","Dlg2"
2.56332261697582e-07,0.764376643834765,0.547,0.317,0.00641574017802878,"8","Timp4"
6.85045583451938e-09,0.764181988250314,0.75,0.515,0.000171460059082186,"8","Cdh4"
4.49847424744418e-10,0.737562298936478,0.563,0.307,1.1259231193928e-05,"8","8030451O07Rik"
5.45238279295646e-09,0.735985895675082,0.417,0.223,0.000136467688924907,"8","Cep83"
3.5635772736114e-20,0.727917423997555,0.965,0.688,8.91927755812198e-16,"8","Snhg14"
1.36788737418167e-08,0.726220781009548,0.485,0.258,0.00034236853088393,"8","Olfm2"
1.72022589915127e-09,0.720019257132284,0.769,0.504,4.30555340298571e-05,"8","Cacnb4"
5.94745547498229e-08,0.718820642257033,0.682,0.424,0.00148858863083332,"8","Chd5"
6.88528956627656e-12,0.712134301525295,0.658,0.41,1.72331912554336e-07,"8","Gm15577"
1.20695980959552e-09,0.705980661456261,0.462,0.233,3.02089970743664e-05,"8","Gm15614"
5.48866725188536e-17,0.702083798131993,0.962,0.731,1.37375852647439e-12,"8","Dpp6"
1.06600862041876e-12,0.699734423532788,0.991,0.871,2.66811297604613e-08,"8","Rbfox1"
6.53915328375188e-09,0.699099854460605,0.51,0.278,0.000163668467539026,"8","Ggact"
2.11461049075404e-08,0.690407423786137,0.495,0.261,0.00052926585973083,"8","Pcca"
5.20677872968497e-08,0.68972767164595,0.87,0.601,0.00130320464825285,"8","Sntg1"
2.19816655646325e-11,0.684165095454826,0.707,0.478,5.50179107417187e-07,"8","Pde4dip"
4.36867533611338e-13,0.677881888787873,0.926,0.633,1.09343574987582e-08,"8","Epha5"
6.52955171760148e-08,0.671966929063695,0.674,0.393,0.00163428149939847,"8","Garnl3"
7.95719583800878e-13,0.671288016563151,0.897,0.656,1.99160654629522e-08,"8","Mapk10"
8.06932421064917e-12,0.668741644804418,0.55,0.259,2.01967115668338e-07,"8","Dlc1"
4.08430440990281e-10,0.663339728137947,0.491,0.293,1.02226055075458e-05,"8","Unc13a"
1.2741124956915e-12,0.662418807991684,0.771,0.47,3.18897616546626e-08,"8","Thrb"
6.27523839795048e-12,0.658817131075166,0.87,0.546,1.57062941862303e-07,"8","Dscaml1"
2.99101703377826e-08,0.653424828822343,0.515,0.311,0.000748621653384361,"8","Smarca2"
5.97802128677428e-10,0.650350236066982,0.77,0.508,1.49623894786674e-05,"8","Elavl3"
4.83069471845484e-12,0.64513134602002,0.946,0.662,1.20907458108206e-07,"8","Cadps"
1.70487950248044e-08,0.628850181072287,0.729,0.474,0.00042671429067583,"8","Tenm3"
9.42428755355013e-08,0.624462721034076,0.792,0.606,0.00235880493177806,"8","Alcam"
2.07843420951325e-10,0.620970064920605,0.848,0.584,5.20211298299072e-06,"8","Kcnb2"
5.31878197614924e-09,0.619371531622023,0.625,0.392,0.000133123794081039,"8","Fgf13"
2.01061043296664e-07,0.615871236440535,0.583,0.389,0.00503235685267221,"8","3110021N24Rik"
5.26765148117112e-08,0.612110322884264,0.712,0.465,0.00131844048922232,"8","Gm37679"
2.50871074872372e-09,0.603401221277739,0.804,0.556,6.2790521329806e-05,"8","Eml6"
4.24885618320932e-12,0.602023565939529,0.958,0.683,1.06344621409546e-07,"8","Rims1"
3.08227262631541e-11,0.601282888975561,0.462,0.252,7.71462015640483e-07,"8","Gnal"
1.36721734347799e-08,0.598497274971988,0.66,0.439,0.000342200828899107,"8","Mllt3"
1.62639439480042e-08,0.598351542221041,0.641,0.416,0.000407070253074598,"8","Stau2"
1.1406007097142e-13,0.59575200402766,0.851,0.593,2.85480951634368e-09,"8","Camta1"
3.40262451940809e-09,0.593764975692187,0.82,0.566,8.51642890962651e-05,"8","Tenm1"
5.05701908233693e-08,0.592446949716712,0.482,0.279,0.00126572130611811,"8","Gm30382"
8.80547150604861e-08,0.587169096241879,0.308,0.123,0.00220392146324891,"8","Dock11"
7.07801473554357e-08,0.585624298070532,0.779,0.53,0.0017715563081592,"8","Rev3l"
3.29408117808873e-08,0.585147013620229,0.729,0.483,0.000824475578063828,"8","Cplane1"
2.76585547377243e-07,0.581131369228968,0.938,0.745,0.00692265966530501,"8","Pde4d"
1.34495626576216e-10,0.570483241230592,0.815,0.547,3.36629103757612e-06,"8","Zeb2"
2.62215672528407e-09,0.564535165046346,0.804,0.567,6.5629960677135e-05,"8","Syn2"
2.6775283918287e-10,0.561593649842858,0.596,0.392,6.70158581190806e-06,"8","Ralgapa2"
4.26887058729216e-08,0.55078387760682,0.593,0.393,0.00106845561929335,"8","Upp2"
2.77791450378012e-11,0.544850891343286,0.949,0.668,6.95284221151127e-07,"8","Erc2"
3.37989787703493e-11,0.538645034076646,0.925,0.701,8.45954639643072e-07,"8","Robo1"
1.25191196260272e-11,0.529086416874139,0.973,0.745,3.13341045119835e-07,"8","Syt1"
1.30362378358747e-07,0.526579801801508,0.448,0.282,0.00326283996794109,"8","Bcl9"
1.71777140452425e-08,0.51794598121572,0.576,0.38,0.000429941004838374,"8","Dock7"
3.23990666224123e-07,0.51367447519269,0.772,0.576,0.00810916238492356,"8","Nebl"
7.97329861693546e-13,0.500682617323633,0.897,0.674,1.99563691083278e-08,"8","Rims2"
3.13654850728707e-09,2.43359914648357,0.271,0.061,7.85046725888882e-05,"9","Gm13481"
1.7535511779692e-12,2.33569865848354,0.278,0.055,4.38896324333912e-08,"9","Car12"
2.05672246866166e-10,2.00203336487994,0.273,0.058,5.14777066681326e-06,"9","Crym"
1.876764841427e-09,1.90673382432682,0.266,0.068,4.69735472160764e-05,"9","Esr1"
2.38699380677335e-10,1.90437030220348,0.275,0.061,5.97440679897301e-06,"9","F730043M19Rik"
3.60480149187374e-33,1.79435655538686,0.671,0.242,9.02245765401078e-29,"9","Gm15261"
5.93559343933539e-38,1.76693044232314,0.789,0.301,1.48561968193126e-33,"9","Dgkg"
1.51796947938677e-64,1.75083352398867,0.983,0.442,3.79932580995715e-60,"9","Slit3"
1.0441081552365e-15,1.64907655084682,0.386,0.116,2.61329830174145e-11,"9","Hccs"
3.92007976263076e-49,1.6426423116275,0.955,0.518,9.81156763788852e-45,"9","Tafa1"
1.43866568905905e-15,1.59149182945157,0.311,0.086,3.6008363531459e-11,"9","Nrn1"
8.06271449074178e-10,1.58192888867026,0.346,0.099,2.01801680988776e-05,"9","Nectin1"
1.34614971104966e-16,1.58097761270783,0.403,0.139,3.36927811178618e-12,"9","Gm13986"
5.5238533690463e-36,1.55543059609869,0.913,0.443,1.3825652597386e-31,"9","Car10"
2.16949977344721e-14,1.55505493142947,0.535,0.198,5.43004098296103e-10,"9","Nwd2"
8.33112023565024e-09,1.53301083994499,0.37,0.138,0.00020851960837809,"9","Chrna7"
1.28049464647798e-23,1.52755036910397,0.571,0.197,3.20495005066975e-19,"9","Arhgap6"
4.65226449316598e-24,1.52217122442345,0.695,0.287,1.16441527999451e-19,"9","Prr16"
5.18853673690621e-22,1.49804437308658,0.792,0.372,1.29863885988026e-17,"9","4930419G24Rik"
3.51179158636059e-15,1.49738059516849,0.634,0.274,8.78966316150191e-11,"9","Gm37459"
2.0032217891181e-40,1.47205660711744,0.87,0.388,5.01386381598369e-36,"9","Ptprk"
1.87791166438647e-08,1.46498044777291,0.295,0.089,0.00047002251047929,"9","Syt9"
3.08721316746976e-07,1.44536473036964,0.284,0.094,0.00772698583686005,"9","Arhgap15"
1.91323961371918e-20,1.42521028698284,0.68,0.267,4.78864742917775e-16,"9","Bcl11b"
4.3910654369691e-23,1.42402485967281,0.58,0.216,1.099039768219e-18,"9","Gm49678"
4.40428535844331e-20,1.40953509846294,0.528,0.198,1.10234858236478e-15,"9","Cpne7"
1.66408668442963e-07,1.37860921028569,0.269,0.093,0.00416504256245892,"9","Gm10649"
2.75575970283971e-15,1.36248475568197,0.349,0.102,6.89739096023751e-11,"9","Palmd"
3.97907909912186e-08,1.34183928781772,0.317,0.102,0.000995923707719211,"9","Tanc1"
6.54456285275942e-09,1.33962952872654,0.278,0.092,0.000163803863641716,"9","Gm10754"
1.28945793961256e-29,1.33514579979189,0.832,0.411,3.22738427705627e-25,"9","Ak5"
1.64323861117742e-09,1.3323542993815,0.34,0.125,4.11286191991595e-05,"9","Syt17"
9.38660759815283e-22,1.32904224054355,0.664,0.257,2.34937401574167e-17,"9","Sv2b"
1.80505615929261e-07,1.30122342753794,0.278,0.101,0.00451787506109348,"9","Gm41414"
3.04136413712107e-09,1.29482943653646,0.306,0.093,7.61223029880033e-05,"9","Rftn1"
2.87134772711955e-12,1.28737327057683,0.355,0.122,7.18669622620752e-08,"9","Zmiz1os1"
1.48962387840207e-12,1.28125296741475,0.636,0.279,3.72837960525253e-08,"9","Chrm3"
2.26513057890816e-11,1.28054425886812,0.556,0.212,5.66939532594923e-07,"9","C1ql3"
6.33505549696354e-10,1.26877959809084,0.364,0.127,1.58560104033501e-05,"9","Frmpd3"
6.10752717113494e-15,1.2519967323817,0.594,0.256,1.52865297566336e-10,"9","4933413L06Rik"
2.74371232279166e-28,1.24560148612336,0.88,0.464,6.86723757271524e-24,"9","Pex5l"
1.58650663069416e-12,1.2396783566847,0.447,0.171,3.97086744596442e-08,"9","Gm10848"
8.31076128586995e-09,1.23583276700955,0.422,0.164,0.000208010044224039,"9","Prmt8"
2.29284943111987e-19,1.23441552267937,0.722,0.353,5.73877284114992e-15,"9","Gm28750"
3.71298096145208e-27,1.23100223179546,0.946,0.679,9.29322004841842e-23,"9","Dab1"
5.23889478642966e-23,1.22266575571787,0.822,0.395,1.31124297609548e-18,"9","Spock1"
2.37574306320185e-15,1.22071751797586,0.516,0.207,5.9462473128879e-11,"9","2010300C02Rik"
3.57517259409355e-17,1.21447982731074,0.504,0.188,8.94829948575676e-13,"9","Cnih3"
1.00800736844868e-13,1.21348240971515,0.425,0.163,2.52294164249021e-09,"9","Tmem150c"
5.4774620612149e-15,1.2061253839878,0.602,0.265,1.37095397930148e-10,"9","Slit1"
3.6745027851898e-09,1.20447233347697,0.39,0.131,9.19691302105156e-05,"9","Nek10"
3.04189870970857e-07,1.19215495254496,0.346,0.15,0.00761356828052958,"9","Ptpru"
8.70467356394645e-14,1.17968445086083,0.468,0.192,2.17869274632016e-09,"9","Lmo7"
4.64809911875254e-21,1.17903514208692,0.705,0.303,1.16337272843257e-16,"9","Ano3"
5.13061727699856e-09,1.17878329856587,0.336,0.151,0.000128414219825997,"9","Cdh7"
3.59987241946319e-26,1.17847719990876,0.868,0.481,9.01012067867441e-22,"9","Zfpm2"
2.1588649398292e-07,1.17649647196596,0.382,0.16,0.00540342305789852,"9","Greb1l"
7.13867083990048e-09,1.169686046664,0.351,0.15,0.000178673792451869,"9","Gm48715"
3.1719538881516e-16,1.16891042771144,0.627,0.282,7.93908338665464e-12,"9","Acvr2a"
2.47578834100661e-10,1.15477330098806,0.355,0.163,6.19665063870545e-06,"9","4930567K20Rik"
3.72301332421019e-09,1.15288044216961,0.251,0.092,9.31833004916568e-05,"9","Ntng2"
5.20605356554963e-13,1.15105263012798,0.588,0.265,1.30302314692142e-08,"9","Iqgap2"
8.47228208634545e-17,1.14615416871417,0.614,0.288,2.1205274833914e-12,"9","Gm11099"
6.89560080613612e-28,1.14234378169487,0.813,0.385,1.72589992576781e-23,"9","Galnt18"
8.38144077837969e-14,1.14077941042856,0.636,0.293,2.09779081242065e-09,"9","B130024G19Rik"
1.20259137984767e-08,1.14031653377177,0.31,0.132,0.000300996596462073,"9","Gm44532"
1.77727139230966e-16,1.13877099648119,0.58,0.242,4.44833256781185e-12,"9","Pip5k1b"
3.06051209662546e-18,1.13442636896398,0.786,0.414,7.66015572664388e-14,"9","Rasgrf1"
5.76646150972516e-28,1.13403285488311,0.901,0.512,1.44328765126911e-23,"9","Khdrbs2"
1.98337937657685e-08,1.13306152372252,0.318,0.122,0.000496420024163419,"9","Icam5"
3.92591403992662e-13,1.12683110462286,0.584,0.249,9.82617025053234e-09,"9","Lingo1"
8.91548296987371e-14,1.11990312203636,0.43,0.145,2.23145623252969e-09,"9","Slc17a7"
4.96651218875995e-19,1.11310837939739,0.844,0.426,1.24306833572473e-14,"9","A830018L16Rik"
6.94277072328814e-31,1.11144635706581,0.996,0.643,1.73770608433179e-26,"9","Gm26871"
4.46705926409814e-27,1.10920692182232,0.766,0.372,1.11806026321112e-22,"9","Camk4"
2.86907078271945e-21,1.10797337743367,0.839,0.44,7.18099726206852e-17,"9","Slco3a1"
2.87826945668066e-10,1.09818007404394,0.344,0.141,7.20402062312602e-06,"9","Ptpn3"
6.84432587374678e-16,1.0980530179611,0.668,0.308,1.71306632294008e-11,"9","Arhgef28"
7.79045944825497e-10,1.08802321976782,0.386,0.159,1.94987409530374e-05,"9","Rhbdl3"
7.83437700437114e-27,1.08310879440197,0.946,0.574,1.96086622042405e-22,"9","Pigk"
1.17316195049088e-10,1.08308400489966,0.42,0.189,2.93630704588362e-06,"9","Inhba"
1.52573185709113e-17,1.08033015268217,0.864,0.424,3.81875426511338e-13,"9","Tmem108"
2.78693499889141e-31,1.07793068133876,0.92,0.502,6.9754196087253e-27,"9","Caln1"
4.54240612550294e-20,1.07494607471354,0.724,0.323,1.13691882915213e-15,"9","Adamtsl1"
2.5074512247647e-10,1.07294686795628,0.393,0.171,6.27589967046358e-06,"9","Gm14372"
2.77752238388992e-16,1.07244213213005,0.722,0.357,6.95186077463809e-12,"9","Khdrbs3"
2.90615789784873e-24,1.07168312006488,0.854,0.476,7.27382260252558e-20,"9","Sorbs2os"
2.29594232625345e-25,1.0693952072797,0.857,0.452,5.74651404837975e-21,"9","Fam189a1"
6.32979476043533e-21,1.0673794946221,0.831,0.446,1.58428433058936e-16,"9","4930509J09Rik"
1.95401232301007e-11,1.06472203946166,0.455,0.217,4.89069744326191e-07,"9","Gm15336"
9.19931509495135e-15,1.06061435684292,0.597,0.254,2.30249657511537e-10,"9","Gm42303"
3.70534249979148e-09,1.04281534224959,0.536,0.237,9.2741017427281e-05,"9","A530046M15Rik"
2.42446130131609e-07,1.04200502708246,0.301,0.126,0.00606818419106405,"9","Bche"
7.6779244331605e-08,1.03748991997382,0.286,0.128,0.00192170770637574,"9","Mlip"
1.91378084077558e-25,1.0361956200398,0.979,0.673,4.79000206637719e-21,"9","Ralyl"
1.17770693799868e-09,1.03419866965275,0.375,0.182,2.94768269511688e-05,"9","Gm45645"
1.54030679423112e-16,1.02766603738803,0.713,0.331,3.85523387528107e-12,"9","Cadps2"
5.42130290175951e-28,1.02450520738121,0.972,0.662,1.35689790328139e-23,"9","Schip1"
1.13240937624497e-16,1.01703208208066,0.822,0.476,2.83430742780352e-12,"9","Pdzrn4"
1.21508710474114e-15,1.01685926255039,0.773,0.406,3.0412415144566e-11,"9","Gm15577"
9.2982021006506e-11,1.01263040789557,0.472,0.201,2.32724700377184e-06,"9","Osbp2"
7.32819418350354e-30,1.01099538101599,0.979,0.709,1.8341737221891e-25,"9","Kcnma1"
6.27381906272705e-09,1.0095263349866,0.332,0.134,0.000157027417320995,"9","Crtac1"
2.58142106360858e-08,1.00662002937361,0.261,0.102,0.000646103878010593,"9","Tgfbr3"
6.29464793922545e-08,0.992632983541764,0.528,0.262,0.00157548743270874,"9","Prkag2"
2.52831228596395e-21,0.99032441048135,0.832,0.456,6.32811282053917e-17,"9","Hcn1"
2.88835436815545e-12,0.986505653570054,0.611,0.32,7.22926214805628e-08,"9","Reps2"
1.64909877017332e-33,0.982032118252927,0.991,0.73,4.1275293118668e-29,"9","Grin2b"
1.90046769287406e-16,0.980912184285384,0.694,0.344,4.75668058849447e-12,"9","Prkcg"
1.5438134527902e-08,0.980889376347368,0.332,0.139,0.000386401069098859,"9","Grb14"
2.02792479283231e-25,0.97997624087248,0.932,0.545,5.07569296397998e-21,"9","Nrg3os"
1.3088134425839e-08,0.975867289945823,0.289,0.109,0.000327582916544323,"9","Synpo"
2.68447806181694e-13,0.974634274067749,0.43,0.17,6.71898014092163e-09,"9","Zfp423"
5.67876500088125e-22,0.973632033371774,0.74,0.387,1.42133809207057e-17,"9","Fam135b"
5.35660874459597e-16,0.969996076528025,0.565,0.243,1.34070560268492e-11,"9","Epha4"
7.8351458188465e-11,0.968814879997046,0.606,0.283,1.96105864699909e-06,"9","Glp2r"
2.97144648693849e-07,0.965978978067447,0.481,0.209,0.00743723341215835,"9","Ptk2b"
2.00590526902458e-11,0.964265150194547,0.717,0.37,5.02058029784161e-07,"9","Myo16"
5.01830689074924e-16,0.963974164100525,0.757,0.38,1.25603203168563e-11,"9","Aff2"
1.12754184287514e-11,0.96330191999258,0.496,0.223,2.82212447853218e-07,"9","Slc16a2"
8.93714791980748e-18,0.958330183701695,0.842,0.484,2.23687875284861e-13,"9","Kcnd3"
6.18288721087382e-13,0.958217341425742,0.453,0.196,1.54751484000961e-08,"9","Nrp1"
4.36120439954544e-19,0.954777706911565,0.893,0.479,1.09156584916223e-14,"9","Mctp1"
3.0775715453378e-11,0.951403437999481,0.7,0.364,7.70285382082599e-07,"9","Grm1"
2.03844128387149e-23,0.950374848954956,0.907,0.504,5.10201468940196e-19,"9","St6galnac5"
5.2103252940117e-09,0.943620971677128,0.412,0.169,0.000130409231783819,"9","Dnah9"
2.34202910941825e-07,0.941149263659544,0.273,0.121,0.00586186465796293,"9","Fat4"
1.24408268964415e-08,0.940170168563054,0.269,0.098,0.000311381456391034,"9","Cemip"
5.49418265568524e-19,0.940113653875979,0.853,0.5,1.37513897689146e-14,"9","Atrnl1"
8.26785998669211e-19,0.93894353003214,0.863,0.478,2.06936267606917e-14,"9","Pde1a"
6.43915447277226e-11,0.937378555189331,0.563,0.281,1.61165597299017e-06,"9","Klhl3"
6.07836078531751e-24,0.937036203686451,0.953,0.611,1.52135292095712e-19,"9","Gm20642"
3.05977612612868e-10,0.935226619339943,0.574,0.326,7.65831366608747e-06,"9","Htr2c"
1.32716755132692e-10,0.933820302651139,0.643,0.283,3.32176766421616e-06,"9","Trpc5"
5.12470456402065e-08,0.932534039745331,0.346,0.148,0.00128266230532873,"9","Gm10115"
8.67953978891128e-10,0.928449766618755,0.786,0.417,2.1724020137666e-05,"9","Nell2"
1.24811317663113e-08,0.926283791227956,0.288,0.126,0.000312390246979006,"9","Sec24d"
2.58672691141992e-14,0.925485978572351,0.774,0.521,6.47431878659291e-10,"9","Cntn4"
1.17841404374357e-08,0.921666120918125,0.673,0.347,0.000294945251008579,"9","Pde2a"
1.6432916099002e-16,0.920953504593486,0.69,0.335,4.11299457041921e-12,"9","Mical2"
3.62804423640271e-08,0.92064184249399,0.375,0.162,0.000908063191929234,"9","Rab40b"
4.67463468764154e-26,0.916438079551748,0.866,0.488,1.1700143159698e-21,"9","Gabra2"
1.00758118690757e-22,0.911434960985328,0.906,0.539,2.52187495271095e-18,"9","Cacna2d1"
6.25526684065993e-37,0.910040376593451,1,0.872,1.56563073754877e-32,"9","Rbfox1"
1.57813991084221e-07,0.907591833701989,0.389,0.182,0.00394992638284695,"9","Gm44643"
2.01312572061522e-13,0.906390112357352,0.645,0.316,5.03865236612785e-09,"9","Rapgef4os1"
2.94134589793272e-15,0.905367782597174,0.884,0.554,7.36189464793581e-11,"9","Eml6"
5.64208203765187e-21,0.901320990226997,0.853,0.484,1.41215671320389e-16,"9","Gm20754"
1.60455368254338e-08,0.901223210796515,0.615,0.312,0.000401603741203782,"9","Slc35f3"
7.31207717730492e-12,0.901009724414777,0.53,0.249,1.83013979670765e-07,"9","Sidt1"
1.05853635145335e-08,0.89460988397925,0.351,0.163,0.000264941063405258,"9","Fam184b"
7.28145319071453e-41,0.892532431173104,1,0.978,1.82247491910394e-36,"9","Lsamp"
2.56730708446604e-30,0.882060629709381,0.987,0.645,6.42571290171005e-26,"9","Arpp21"
5.89353764086312e-13,0.879228355076437,0.637,0.314,1.47509353613163e-08,"9","Ano4"
1.46967648302391e-09,0.874475051449077,0.487,0.225,3.67845326936055e-05,"9","Crim1"
1.6928566198717e-09,0.872818753482102,0.504,0.229,4.23705083387687e-05,"9","Nrp2"
9.73397855757097e-30,0.867127083663431,1,0.787,2.43631749317444e-25,"9","Nrg1"
1.26583758342343e-08,0.865698795692427,0.43,0.204,0.000316826488755049,"9","Atp2b3"
2.54156271417358e-07,0.862965808800151,0.322,0.15,0.00636127731730506,"9","2810432F15Rik"
1.92386608161292e-07,0.85954001209262,0.45,0.218,0.00481524441566897,"9","Sez6l2"
3.53185687145604e-09,0.855022034271192,0.475,0.249,8.83988456356733e-05,"9","Gm11418"
2.63783227792493e-11,0.853061693711036,0.654,0.326,6.6022304084183e-07,"9","Lmo3"
7.61081374252779e-08,0.85122855304201,0.329,0.141,0.00190491057161728,"9","Adamts17"
6.20407594657386e-38,0.850339542814351,0.996,0.872,1.55281816866797e-33,"9","Negr1"
5.34961667603111e-22,0.849228405149299,0.93,0.645,1.33895555784383e-17,"9","Dgkb"
4.86110596222664e-19,0.848244534395208,0.84,0.474,1.21668621128571e-14,"9","Mgat4c"
2.32267417930415e-10,0.842846402763777,0.625,0.313,5.81342120338036e-06,"9","Kcnj6"
1.20824325071525e-07,0.842205251144179,0.36,0.184,0.0030241120322152,"9","Slc24a4"
1.12961510847238e-28,0.841039463778937,0.997,0.856,2.82731365499552e-24,"9","Ptprd"
1.48944453075677e-09,0.839018335572829,0.66,0.36,3.72793071603111e-05,"9","Dapk1"
1.01592675525895e-10,0.837442357072267,0.341,0.115,2.54276307573763e-06,"9","Rtn4rl1"
3.62982486292669e-17,0.836985695019014,0.925,0.568,9.08508864941921e-13,"9","Grin2a"
2.65843856615639e-20,0.832889374156729,0.866,0.489,6.65380588723283e-16,"9","Dpyd"
1.21225181903982e-12,0.830370982388668,0.523,0.243,3.03414507787477e-08,"9","Gm21798"
2.16219797569635e-17,0.828933890126684,0.696,0.369,5.4117653133704e-13,"9","Rnf150"
4.54093231465548e-10,0.826536302337399,0.479,0.224,1.13654994903512e-05,"9","Gda"
8.14942115636568e-10,0.825783282146838,0.514,0.266,2.03971862122677e-05,"9","Gm13269"
1.04216021638686e-11,0.823198206898386,0.599,0.319,2.60842280559466e-07,"9","A830082K12Rik"
3.88677477107932e-08,0.819946156435926,0.432,0.197,0.000972820857453442,"9","Tsga10"
1.71382893618392e-28,0.818944068965377,0.996,0.835,4.28954244437473e-24,"9","Nkain2"
2.69143827741351e-08,0.817504814382803,0.291,0.138,0.000673640086453827,"9","Cnnm1"
3.98124346926715e-08,0.816668953706748,0.531,0.261,0.000996465427922874,"9","Ccdc148"
1.76381643639001e-07,0.816618867159038,0.441,0.214,0.00441465615864055,"9","Camkk2"
8.91817714163318e-30,0.813853140715506,1,0.831,2.23213055677937e-25,"9","Nrg3"
2.97663978188615e-09,0.813229731765004,0.408,0.197,7.45023171008285e-05,"9","Rnf217"
1.96466914346904e-18,0.810517573829251,0.88,0.556,4.91737039918866e-14,"9","Ryr2"
4.94187524386758e-11,0.806616658056823,0.739,0.409,1.23690195478762e-06,"9","Macrod2os1"
1.69741135642556e-09,0.805106132581345,0.522,0.276,4.24845088399752e-05,"9","Bsn"
2.19567209449807e-07,0.803306335715965,0.27,0.135,0.00549554768531922,"9","Tmem120b"
2.50533583826922e-10,0.803119809471606,0.472,0.237,6.27060506960402e-06,"9","A230004M16Rik"
7.91969722863207e-12,0.802624016298248,0.807,0.53,1.98222101935432e-07,"9","Kctd16"
1.80247731640885e-26,0.796241829202201,0.974,0.757,4.51142047523971e-22,"9","Ncam2"
2.33413610940959e-09,0.796204638513691,0.451,0.219,5.84210926824126e-05,"9","Cpne6"
1.90874703275115e-14,0.793369256281856,0.696,0.375,4.77740294827286e-10,"9","Slc35f4"
4.33811962764098e-20,0.793089658482171,0.973,0.677,1.08578796160226e-15,"9","Ptprn2"
1.07373584233137e-26,0.791811716389121,0.944,0.635,2.68745343977118e-22,"9","Hivep2"
5.31796589797224e-35,0.790256339916895,1,0.933,1.33103368460347e-30,"9","Celf2"
2.60245318644361e-08,0.787780831790912,0.576,0.297,0.000651368008034972,"9","Slc8a3"
8.07808327467144e-17,0.785803344080853,0.934,0.601,2.02186346281751e-12,"9","Nkain3"
1.27608600627765e-15,0.781476105888543,0.995,0.78,3.19391566511232e-11,"9","Fam155a"
3.77076424048482e-08,0.78088605341723,0.731,0.406,0.000943784581750945,"9","Pakap"
1.55324416207104e-07,0.780515376558451,0.543,0.27,0.0038876148132476,"9","Atp2b4"
1.13494821807966e-10,0.779103099619577,0.747,0.434,2.84066189503159e-06,"9","Syt16"
3.16681124520539e-14,0.776571558221022,0.798,0.457,7.92621186562458e-10,"9","Galnt17"
2.22951385043981e-13,0.771411628693887,0.913,0.591,5.58025021626581e-09,"9","March1"
9.01225103996454e-11,0.770646557393487,0.642,0.338,2.25567631279272e-06,"9","Rasgef1b"
2.56327436738349e-07,0.769854555384585,0.442,0.193,0.00641561941412414,"9","Tox3"
8.66660539597524e-09,0.769634855445412,0.438,0.226,0.000216916466455864,"9","Cdh22"
3.75523719181093e-14,0.768932151644501,0.716,0.383,9.39898316738358e-10,"9","Nr3c2"
7.16157534413652e-20,0.761855746135797,0.973,0.733,1.79247069288393e-15,"9","Kalrn"
8.2171160721136e-14,0.759467519938272,0.986,0.796,2.05666198168931e-09,"9","Lrrtm4"
3.44818554434667e-12,0.757770915816657,0.792,0.461,8.63046359894528e-08,"9","Gm1992"
1.20817596250964e-07,0.755900639688175,0.443,0.206,0.00302394361656538,"9","Pifo"
2.46085321505875e-18,0.754334212283067,0.961,0.719,6.15926951197055e-14,"9","Large1"
3.33190680000054e-10,0.753353259635904,0.456,0.215,8.33942952972136e-06,"9","Rnf165"
2.52357562253973e-14,0.751993713111456,0.676,0.364,6.31625742565469e-10,"9","Kcnj3"
3.64186686680117e-20,0.751906447275182,0.841,0.463,9.11522858091664e-16,"9","Edil3"
2.58836108914678e-13,0.751131310921745,0.806,0.466,6.47840897002548e-09,"9","Shank2"
8.40361107765972e-11,0.750819912811677,0.804,0.468,2.10333981662745e-06,"9","Ryr3"
3.19906981550636e-09,0.750687297701369,0.806,0.484,8.00695184123087e-05,"9","Stxbp5l"
1.06523665630636e-11,0.750347736295285,0.744,0.471,2.66618082706919e-07,"9","Rfx3"
1.33942562240622e-08,0.74655679793639,0.716,0.407,0.000335244839032052,"9","Lrfn2"
2.83116176675097e-12,0.744299630318589,0.89,0.527,7.086114786001e-08,"9","A230006K03Rik"
9.23952447768771e-14,0.742451115219308,0.882,0.567,2.31256058152046e-09,"9","Cntnap5a"
3.5998489211717e-12,0.740755092202639,0.575,0.291,9.01006186480066e-08,"9","Unc13a"
2.68738758170806e-16,0.73856789573505,0.819,0.495,6.7262623782571e-12,"9","Gria3"
9.5929866746083e-17,0.737936158659386,0.902,0.594,2.40102863478771e-12,"9","Sorbs2"
2.16950276599828e-07,0.733834794002211,0.643,0.363,0.0054300484730171,"9","Grin3a"
2.9118149873288e-14,0.732520048247526,0.795,0.444,7.28798173178527e-10,"9","Tmem132b"
7.6582818825703e-09,0.732240401627401,0.286,0.14,0.000191679137238852,"9","Zfp618"
1.16646007550716e-07,0.730826811581851,0.291,0.134,0.00291953292298688,"9","Matn2"
1.032383677991e-14,0.728778734433878,0.877,0.513,2.58395310764367e-10,"9","5730522E02Rik"
1.24740409158152e-16,0.727274546626793,0.96,0.638,3.12212770081939e-12,"9","Dlgap2"
1.95328886789006e-09,0.724492760719321,0.364,0.167,4.88888670744204e-05,"9","Etv1"
1.07417727071471e-12,0.71961086327644,0.752,0.437,2.68855829087185e-08,"9","Amph"
5.4738133024466e-15,0.719223463013814,0.837,0.496,1.37004073146936e-10,"9","Aff3"
7.34007785203432e-19,0.718221285867302,0.966,0.771,1.83714808558567e-14,"9","Tenm2"
1.72099190871773e-08,0.715066401729391,0.615,0.324,0.000430747064832962,"9","Ly6h"
1.56616388840681e-08,0.71263002967494,0.711,0.431,0.000391995159629341,"9","Ahcyl2"
1.42914617749607e-08,0.712510251242255,0.514,0.258,0.000357700996765492,"9","Epb41l4b"
1.39619051999131e-08,0.711844695200731,0.55,0.326,0.000349452525248624,"9","Nell1"
6.98988221743697e-08,0.711825214232452,0.638,0.339,0.0017494976202023,"9","Mtus2"
7.5558796297952e-11,0.708511773163588,0.614,0.313,1.89116111254144e-06,"9","Miat"
3.22205096164414e-08,0.706017956163264,0.798,0.474,0.000806447135189912,"9","Gm15738"
3.79213824281309e-12,0.704827518502678,0.811,0.514,9.49134280793688e-08,"9","Cacnb2"
4.05152421864954e-10,0.703754072029808,0.758,0.454,1.01405599668579e-05,"9","Arhgap26"
9.44429256677704e-11,0.701601585065841,0.642,0.339,2.36381198653863e-06,"9","Rtl4"
4.74668025532297e-11,0.701279266810132,0.606,0.326,1.18804660110479e-06,"9","Gm15584"
2.47959351000923e-18,0.700493857970674,0.955,0.661,6.2061745962021e-14,"9","Slc8a1"
3.37279969102134e-14,0.699330251320377,0.957,0.669,8.4417803466573e-10,"9","Erc2"
1.67413849014927e-09,0.696676244477082,0.422,0.213,4.19020122699461e-05,"9","Pced1b"
1.72715309655576e-09,0.694201635278303,0.642,0.393,4.3228914853694e-05,"9","1700109K24Rik"
1.31604018459539e-16,0.690992334159595,0.939,0.637,3.29391697802379e-12,"9","Ppfia2"
4.73954371065474e-08,0.690875768411214,0.658,0.374,0.00118626039533977,"9","4930532I03Rik"
3.72299745493727e-08,0.689286952557728,0.603,0.324,0.000931829032996249,"9","Arid5b"
1.08037433755161e-12,0.685988409533278,0.602,0.338,2.70406892945792e-08,"9","Armc9"
4.31683249322792e-08,0.680752739614637,0.579,0.311,0.00108046000473002,"9","Dbn1"
1.33411056107961e-11,0.680693621230424,0.797,0.45,3.33914532332617e-07,"9","Hecw1"
3.30427366087739e-18,0.678309279104438,0.988,0.806,8.27026654581001e-14,"9","Macrod2"
2.62289905850845e-11,0.67750831622746,0.767,0.399,6.5648540535408e-07,"9","Rapgef5"
4.27454192503688e-09,0.676771493035432,0.855,0.575,0.000106987509841748,"9","Cdh13"
2.02228492073893e-14,0.676602229326577,0.975,0.708,5.06157692811747e-10,"9","Xkr4"
2.14851576164061e-07,0.672589420424169,0.514,0.274,0.00537752009981029,"9","Matk"
5.13968967123734e-09,0.672576934403062,0.447,0.217,0.000128641292781399,"9","Cpne8"
5.46589966077323e-10,0.67205574177536,0.796,0.479,1.36806002609493e-05,"9","Gm43376"
5.77536475880446e-10,0.671723382716264,0.322,0.15,1.44551604548117e-05,"9","Celf3"
1.06032898537954e-15,0.671316564064386,0.811,0.489,2.65389741750645e-11,"9","Rapgef4"
4.25436680416859e-16,0.668765904239363,0.969,0.667,1.06482546741536e-11,"9","Gabrb3"
1.43473726030495e-09,0.664312387097542,0.442,0.213,3.59100388881727e-05,"9","Olfm1"
3.20974661287992e-14,0.660139508545694,0.752,0.445,8.03367479737716e-10,"9","Acp1"
2.49534101666605e-15,0.659735233905178,0.973,0.694,6.24558903061346e-11,"9","Cacna1c"
1.4439899129527e-10,0.659180842300957,0.829,0.52,3.61416235312932e-06,"9","Camk2a"
1.88035052341265e-14,0.658646359796604,0.619,0.341,4.70632932504953e-10,"9","Kcnt2"
8.0930480895172e-09,0.65745085407153,0.664,0.398,0.000202560900632526,"9","Pcdh17"
1.96937336451104e-08,0.653061901134424,0.5,0.267,0.000492914459403469,"9","Gm32250"
8.29819667916929e-08,0.648206264806851,0.579,0.323,0.00207695564682928,"9","Gm28376"
9.96794538699181e-15,0.647746223438411,0.994,0.737,2.49487705091018e-10,"9","Gria1"
7.0325294040204e-12,0.647285562724368,0.743,0.451,1.76017178453226e-07,"9","Scn8a"
3.7685816334856e-07,0.646275956050893,0.404,0.21,0.00943238297045112,"9","Ptpn5"
1.85658843104426e-10,0.645174663892728,0.579,0.319,4.64685518406067e-06,"9","Ptprn"
1.10002070128511e-08,0.644638750016802,0.473,0.238,0.000275324181324649,"9","Hap1"
1.99085515274942e-14,0.642709049228026,0.926,0.603,4.98291136181651e-10,"9","Ntrk3"
2.99943078404643e-07,0.642706134600175,0.388,0.203,0.0075072753093898,"9","Faah"
1.45196636828635e-08,0.641551759740031,0.645,0.355,0.000363412662318391,"9","Camk2b"
2.00864720632038e-09,0.641178012081841,0.42,0.207,5.02744309269927e-05,"9","Plxnc1"
8.44097012119673e-10,0.640859058860295,0.848,0.551,2.11269041163433e-05,"9","Ppm1e"
1.26037311258077e-07,0.640159786764439,0.721,0.433,0.00315458786347841,"9","Tafa5"
8.87143317278869e-13,0.636470661526859,0.837,0.551,2.22043100881728e-08,"9","Pde10a"
2.31381448163916e-11,0.634781888526029,0.908,0.566,5.79124626609465e-07,"9","Cacna1e"
4.88068519967326e-10,0.632715429155532,0.408,0.219,1.22158669862622e-05,"9","Gm42609"
7.75827413286455e-18,0.630402441745847,0.981,0.731,1.94181843271467e-13,"9","Lrrc7"
3.18900588535995e-07,0.621735351572751,0.673,0.379,0.00798176283046742,"9","B830012L14Rik"
3.57207049198733e-07,0.620650377989753,0.531,0.281,0.00894053523439508,"9","Rasgef1a"
3.14515579403065e-09,0.620548750145784,0.646,0.363,7.87201043687931e-05,"9","Smpd3"
1.24838616503235e-29,0.61849120598858,1,0.925,3.12458573245948e-25,"9","Csmd1"
4.83521114983388e-08,0.617644052215482,0.646,0.357,0.00121020499869192,"9","Gm49003"
1.59316994689455e-19,0.615752616618655,0.996,0.866,3.98754506008236e-15,"9","Auts2"
6.49294956172904e-12,0.615713996143935,0.59,0.317,1.62512034580516e-07,"9","Srrm4"
6.64009517479413e-11,0.614806840493729,0.824,0.509,1.66194942129922e-06,"9","Gabbr2"
2.78179935147421e-07,0.611145287842441,0.522,0.288,0.00696256559680481,"9","Pcnx2"
5.68322636162875e-16,0.608654842416268,0.978,0.664,1.42245472605206e-11,"9","Celf4"
8.19753645854294e-09,0.605862569484707,0.695,0.423,0.000205176140020871,"9","Sez6l"
7.17558838058521e-09,0.600374940461334,0.406,0.206,0.000179597801577667,"9","Mpdz"
1.34742862404188e-11,0.597675499437332,0.779,0.455,3.37247910311442e-07,"9","Shisa9"
1.66771372594378e-07,0.596374243282472,0.302,0.153,0.00417412068466469,"9","Tmem200a"
1.17837845808487e-11,0.595474961765647,0.508,0.268,2.94936344274062e-07,"9","Kcnn3"
7.30484000283493e-13,0.595126038768311,0.849,0.503,1.82832840430955e-08,"9","Rbfox3"
8.16981443801284e-12,0.595112686130411,0.596,0.321,2.04482285569023e-07,"9","Mirg"
2.8490162914482e-08,0.594590925672588,0.486,0.262,0.000713080287586571,"9","Gabrg2"
1.95614764057916e-09,0.593094317101894,0.482,0.256,4.89604192960558e-05,"9","Wasf1"
5.26165951694322e-14,0.592489475450427,0.711,0.413,1.31694076049572e-09,"9","St6galnac3"
5.09849890606126e-08,0.59242171233054,0.558,0.299,0.00127610329119807,"9","Shtn1"
1.86491554405577e-08,0.587494834540113,0.773,0.495,0.00046676971152172,"9","Nnat"
3.18351523738732e-09,0.584451983401543,0.751,0.462,7.96802028765673e-05,"9","Aopep"
2.56274025761459e-26,0.581895611294682,0.999,0.909,6.41428259078356e-22,"9","Nlgn1"
7.33387385676991e-08,0.579423421615276,0.868,0.589,0.00183559528761094,"9","Otud7a"
9.4056119644938e-09,0.578875664218372,0.584,0.348,0.000235413061859315,"9","Me3"
1.95050938458693e-11,0.577236836048339,0.873,0.608,4.88192993868262e-07,"9","Tnrc6c"
5.43993628216775e-10,0.576514031493389,0.93,0.666,1.36156165206377e-05,"9","Prkce"
3.29661458590929e-08,0.576206444984528,0.656,0.4,0.000825109664707236,"9","1700111E14Rik"
1.09889737649194e-11,0.574117932078093,0.979,0.731,2.75043024362167e-07,"9","Ahi1"
6.02079129499061e-15,0.574072173593273,0.959,0.743,1.5069438532232e-10,"9","Cadm1"
2.6125615198643e-11,0.571864942864901,0.731,0.432,6.53898022806835e-07,"9","Dock9"
3.86728967817044e-09,0.570839855049227,0.858,0.574,9.6794393354928e-05,"9","Dok6"
5.79510345784617e-10,0.567277993675981,0.628,0.341,1.45045644446432e-05,"9","Gas7"
2.93815671691713e-07,0.566077126934601,0.317,0.155,0.00735391244677189,"9","9530026P05Rik"
3.38338382238452e-14,0.565848512625503,0.791,0.46,8.46827136904621e-10,"9","Brinp1"
1.02164494882215e-08,0.558919372120025,0.956,0.64,0.000255707514240696,"9","Rian"
3.0980874996927e-13,0.556471251452313,0.904,0.615,7.75420320298085e-09,"9","Brinp3"
1.06403845232197e-09,0.553238001538197,0.835,0.552,2.66318184231665e-05,"9","Camk2d"
1.97426200365279e-07,0.546534976021328,0.422,0.232,0.00494138036894258,"9","Zfyve28"
4.50538683729285e-08,0.54649273892885,0.531,0.3,0.00112765327150603,"9","Bmerb1"
1.68150399140427e-09,0.546297648010335,0.711,0.432,4.20863634008574e-05,"9","Jazf1"
7.96988999207853e-17,0.544920575272479,0.901,0.547,1.99478376611734e-12,"9","Dscaml1"
1.37518991786443e-10,0.544714188252939,0.849,0.56,3.44196284542289e-06,"9","Frmpd4"
4.04117092660267e-08,0.543699381270554,0.447,0.237,0.00101146467121938,"9","Exoc6"
1.23059375374578e-12,0.541848358709297,0.871,0.565,3.08005310625032e-08,"9","Sobp"
9.89022905217407e-08,0.539078243443562,0.708,0.425,0.00247542542946865,"9","Sptbn4"
8.36720748868918e-09,0.538264032246471,0.537,0.305,0.000209422836234402,"9","Cntnap5c"
3.27137220950499e-07,0.536290752865418,0.633,0.362,0.00818791750317003,"9","Lgi1"
7.5157399748462e-14,0.533272388017338,0.987,0.756,1.88111455830426e-09,"9","Asic2"
8.53003067210611e-11,0.533015718549838,0.987,0.722,2.13498137692144e-06,"9","Ube3a"
2.2835617513609e-08,0.528143623422599,0.539,0.314,0.000571552670748119,"9","Mcu"
1.44424102637393e-07,0.527663078413828,0.659,0.469,0.00361479086491132,"9","Ldb2"
1.24826852249048e-15,0.520982925932922,0.96,0.666,3.12429128494142e-11,"9","Ccser1"
7.95785383093332e-09,0.518617742799059,0.749,0.467,0.00019917712353443,"9","Apba2"
2.75658580212314e-07,0.518131053384941,0.381,0.189,0.006899458604134,"9","Ndst3"
8.57364649256777e-08,0.517725461172252,0.367,0.199,0.00214589798062479,"9","Prdm10"
3.69180656568134e-08,0.51756494261545,0.712,0.475,0.000924022265324383,"9","Thrb"
6.65933575270792e-09,0.514834750239435,0.925,0.616,0.000166676514554526,"9","Enox1"
5.45419120192421e-09,0.513942671219887,0.867,0.58,0.000136512951592961,"9","Rtn1"
3.43485636795859e-08,0.513854884094147,0.543,0.311,0.000859710200336356,"9","Flnb"
1.38940748777241e-15,0.510804256940667,0.991,0.773,3.47754800114556e-11,"9","Ank3"
4.17428158917093e-09,0.503053764072725,0.747,0.484,0.000104478093895359,"9","Pak3"
8.67486428175947e-08,2.21825619688972,0.637,0.74,0.00217123178108158,"10","Gm42418"
3.67396837350283e-07,0.773482134689085,0.117,0.252,0.00919557544204024,"10","Morf4l1"
9.3881069155333e-14,0.75829928081053,0.893,0.892,2.34974927988883e-09,"10","Snhg11"
2.07410961720064e-09,0.736057117909197,0.164,0.432,5.19128896089149e-05,"10","Gucy1a2"
1.04654625850546e-08,0.723102687064856,0.101,0.309,0.000261940063041331,"10","Trpc5"
1.14591276575662e-07,0.698953463863479,0.094,0.259,0.00286810506141225,"10","Gabra3"
6.0962481411175e-08,0.697261545463626,0.101,0.281,0.0015258299472403,"10","Ppp2r2c"
2.63117243334235e-11,0.687963561697401,0.096,0.262,6.58556148341257e-07,"10","Celf5"
2.62302052777717e-11,0.683914336349266,0.122,0.328,6.56515807897348e-07,"10","Esrrg"
1.56639589083172e-07,0.667034621970664,0.094,0.257,0.00392053227516272,"10","9330182L06Rik"
2.62891030972556e-08,0.659005171694819,0.095,0.274,0.00065798996142121,"10","Wasf1"
5.62543363654925e-10,0.626741395584798,0.148,0.383,1.40798978489191e-05,"10","Dnajc6"
1.33698564706833e-08,0.611820246451846,0.3,0.577,0.000334634137604732,"10","Pde10a"
2.30893624798625e-10,0.610160478993481,0.167,0.424,5.77903653508477e-06,"10","Prickle1"
2.59237806691605e-07,0.58485024170946,0.13,0.324,0.00648846306368418,"10","Gng2"
4.3014693930177e-10,0.582545703288172,0.099,0.269,1.0766147743784e-05,"10","Sidt1"
2.85127328507287e-08,0.577411305616471,0.148,0.417,0.000713645190520888,"10","Galnt18"
1.21675998336454e-08,0.575076397696556,0.115,0.315,0.00030454285623631,"10","Maco1"
6.5134964297544e-08,0.564566067273975,0.141,0.354,0.00163026302140323,"10","Plppr4"
1.41754777171775e-09,0.561985532272352,0.096,0.28,3.54798031783236e-05,"10","Gabrg2"
4.84291903785193e-08,0.55786144422109,0.189,0.449,0.00121213420598396,"10","Sptbn4"
1.03319890535963e-11,0.544417197621026,0.133,0.408,2.58599354022462e-07,"10","Gabrb2"
1.81314031665853e-08,0.540737686933017,0.171,0.442,0.000453810889856464,"10","Oxct1"
3.76581189987219e-07,0.531692393549825,0.212,0.479,0.00942545060419011,"10","Ttc14"
3.23127116413932e-08,0.531470662787353,0.194,0.485,0.00080875485967243,"10","Gm44151"
1.7213381679557e-07,0.521926394663573,0.178,0.426,0.00430833730057631,"10","Spock1"
5.09253086312697e-08,0.517872093425398,0.156,0.383,0.00127460954973205,"10","Pam"
2.38797913556933e-10,0.514983174044115,0.143,0.377,5.97687297841649e-06,"10","Vps13a"
3.38136192397815e-07,0.511727729911118,0.181,0.427,0.00846321075952491,"10","Chsy3"
1.99794499190927e-09,0.507593713523878,0.144,0.401,5.00065652024972e-05,"10","Csrnp3"
9.82190144316249e-09,0.504540473892613,0.167,0.457,0.000245832371220914,"10","Faf1"
1.50852037569667e-27,4.27034505508615,0.36,0.022,3.7756756483312e-23,"11","Vwa5b1"
3.24402332475982e-18,3.12986786932122,0.291,0.045,8.11946597954135e-14,"11","Gm36431"
3.92273864060355e-50,2.99900238674526,0.671,0.138,9.81822254356662e-46,"11","B230217J21Rik"
5.57107796724372e-23,2.61098646072413,0.45,0.082,1.39438510442143e-18,"11","Scn5a"
4.88495603519094e-15,2.55305088098481,0.278,0.056,1.22265564604794e-10,"11","6330411D24Rik"
1.2473278553634e-16,2.53915722901358,0.354,0.064,3.12193688918905e-12,"11","Nos1"
3.55480250934299e-11,2.53542907896997,0.27,0.046,8.89731520063456e-07,"11","Slc17a6"
8.92962093829754e-36,2.50163467582689,0.622,0.148,2.23499482464649e-31,"11","Zbtb7c"
5.19975725923645e-18,2.45896772428497,0.354,0.071,1.30144724441429e-13,"11","Baiap3"
7.51107790055078e-18,2.31862865393512,0.343,0.076,1.87994768772886e-13,"11","Sulf1"
9.93182827611228e-14,2.27522893857568,0.28,0.075,2.48583729922814e-09,"11","Gm33696"
1.61807612723917e-26,2.24907208386848,0.529,0.142,4.04988273886692e-22,"11","Gm28905"
3.567230679841e-52,2.11507428798942,0.848,0.328,8.92842166857404e-48,"11","Zfp804b"
5.87765698726194e-12,2.10018591891886,0.258,0.063,1.47111876734179e-07,"11","9530036O11Rik"
4.97549885667428e-09,2.02314962207128,0.259,0.068,0.0001245317608837,"11","Chst8"
5.32768950593362e-12,1.9084268986403,0.306,0.093,1.33346740644013e-07,"11","Gm10649"
2.0670016097696e-12,1.86263665522787,0.292,0.082,5.17349832909234e-08,"11","Efcab1"
1.13322126526304e-19,1.8503913730331,0.578,0.203,2.83633950482685e-15,"11","Pifo"
2.00051888551462e-09,1.7989557359027,0.27,0.088,5.00709871855455e-05,"11","Adamts18"
1.11363193325987e-40,1.77222353477116,0.78,0.32,2.78730936575613e-36,"11","Htr2c"
1.64181789202401e-17,1.75860692590429,0.445,0.149,4.10930600194689e-13,"11","Pdcd7"
8.81284583414485e-09,1.75423337633341,0.25,0.079,0.000220576718382812,"11","Tex50"
4.01073184379916e-15,1.73523503509711,0.411,0.133,1.00384607318449e-10,"11","Nek10"
3.12742645495748e-08,1.72576735808958,0.254,0.083,0.000782763567411308,"11","Zbbx"
7.86980014960396e-16,1.71090648131039,0.384,0.124,1.96973227944437e-11,"11","Glra3"
2.19324044539225e-13,1.6816503189138,0.434,0.152,5.48946151077226e-09,"11","Cfap54"
6.60577263750629e-32,1.67599343006165,0.681,0.274,1.65335883344145e-27,"11","Unc13c"
5.45666246205073e-10,1.6724026269239,0.359,0.141,1.36574804762668e-05,"11","9330175M20Rik"
2.84379067698556e-27,1.66713558698164,0.657,0.218,7.11772368542715e-23,"11","Nova1"
4.52947735954949e-08,1.65544306704401,0.289,0.102,0.00113368288832164,"11","Gm41414"
1.47840611299319e-07,1.65328612329672,0.254,0.083,0.00370030266021065,"11","Klhl1"
2.76800807178607e-24,1.64682070311953,0.638,0.241,6.92804740287335e-20,"11","Kif26b"
4.6681021100931e-39,1.58872545612689,0.834,0.3,1.1683792771352e-34,"11","Rmst"
1.65538259444968e-31,1.57896213722473,0.782,0.367,4.14325709564811e-27,"11","Ntng1"
2.19619189343428e-29,1.57076173004481,0.799,0.393,5.49684869007666e-25,"11","4930555F03Rik"
5.71947804249389e-21,1.54750996750621,0.64,0.255,1.4315281592558e-16,"11","Gm42303"
2.40274811655611e-07,1.52607857255675,0.267,0.085,0.0060138382609283,"11","Tcerg1l"
2.51712760051241e-10,1.518354565188,0.42,0.194,6.30011867132252e-06,"11","E130114P18Rik"
4.33096036037785e-39,1.51359918625099,0.915,0.475,1.08399606859897e-34,"11","Pdzrn4"
2.03742611725466e-33,1.50416294186394,0.932,0.575,5.09947382887668e-29,"11","Sgcz"
1.5943545526667e-20,1.49421106071816,0.709,0.322,3.99051000986947e-16,"11","Gm45321"
3.06562747118265e-13,1.47068083656946,0.343,0.132,7.67295899762306e-09,"11","Drc1"
1.41119993376864e-09,1.47067718131364,0.303,0.109,3.53209231422953e-05,"11","Coro2a"
2.60061936251444e-13,1.46322405275986,0.384,0.127,6.50909020243739e-09,"11","Gulp1"
4.56799393929347e-18,1.46321101336088,0.515,0.211,1.14332320306576e-13,"11","Grb10"
7.94536661444926e-38,1.40710337016342,0.942,0.446,1.9886458099305e-33,"11","Car10"
1.67684049220448e-15,1.39786764076314,0.499,0.193,4.1969640679386e-11,"11","Gm45323"
5.48644531355928e-08,1.39477812529818,0.286,0.109,0.00137320239753075,"11","Gm42722"
1.55446022348585e-20,1.39304391931486,0.632,0.258,3.89065849336272e-16,"11","Hs3st4"
1.06310752031442e-41,1.38554493500049,0.94,0.538,2.66085181259496e-37,"11","Usp29"
4.19783606750207e-13,1.38115093296055,0.36,0.143,1.05067638933509e-08,"11","A330102I10Rik"
9.51153877783753e-09,1.36785207837526,0.425,0.176,0.000238064304070496,"11","Efna5"
2.19902882113562e-15,1.3606188873583,0.561,0.254,5.50394923642033e-11,"11","Gm2516"
1.32670378957244e-26,1.35015248740426,0.776,0.345,3.32060691492085e-22,"11","Zfp804a"
1.03570435775431e-19,1.34759077039956,0.7,0.335,2.59226443702326e-15,"11","Cadps2"
7.22243341310784e-28,1.33088303267527,0.758,0.365,1.80770285896676e-23,"11","Grm1"
3.75397174509333e-23,1.33069329559755,0.539,0.177,9.39581588079411e-19,"11","Arhgap24"
5.46586654763946e-09,1.31197434457708,0.261,0.107,0.000136805173820868,"11","Adamts2"
5.26246369055485e-17,1.30865562823029,0.633,0.297,1.31714203710897e-12,"11","Slc8a3"
3.97777488350703e-36,1.30564099347753,0.951,0.592,9.95597275592975e-32,"11","March1"
4.97296517909797e-24,1.30457131547614,0.735,0.364,1.24468345467643e-19,"11","C130073E24Rik"
1.3296167316664e-19,1.29450982559206,0.629,0.304,3.32789771768783e-15,"11","Fstl5"
2.64251306465635e-10,1.26448370704616,0.389,0.151,6.61394594952839e-06,"11","Rerg"
4.63811220864143e-15,1.26143173510545,0.6,0.268,1.16087310470086e-10,"11","Iqgap2"
7.01178749305335e-09,1.25509435348227,0.357,0.154,0.000175498029163632,"11","Scn9a"
3.59779564442611e-38,1.23629678450248,0.956,0.677,9.00492271843411e-34,"11","Ralyl"
8.78766785460734e-17,1.23308805631691,0.649,0.302,2.19946538732967e-12,"11","Epb41l3"
1.33372356731522e-09,1.22339491334738,0.262,0.113,3.33817671663327e-05,"11","2810049E08Rik"
8.6358293582346e-12,1.22022769313912,0.55,0.232,2.16146173007254e-07,"11","Nhs"
3.80066827934415e-10,1.20199615804561,0.329,0.104,9.51269263637046e-06,"11","Ndst4"
5.17727046551918e-09,1.19933823480535,0.501,0.241,0.00012958190248148,"11","A530046M15Rik"
1.10783124015605e-18,1.19622412878909,0.569,0.236,2.77279081098659e-14,"11","Grik4"
6.47431184323308e-08,1.19516096136223,0.333,0.149,0.00162045551124281,"11","Abca8b"
4.09128133471913e-18,1.19309647139682,0.656,0.324,1.02400680526685e-13,"11","Nell1"
1.73197111008006e-13,1.18784659166042,0.382,0.154,4.33495049141939e-09,"11","9530026P05Rik"
2.02400351585621e-10,1.16619005050683,0.442,0.204,5.0658783998365e-06,"11","Nwd2"
6.67688725804165e-10,1.16441813663506,0.36,0.167,1.67115811181524e-05,"11","Gm27008"
2.70704612116196e-09,1.15958380509471,0.291,0.136,6.77546573665626e-05,"11","Matn2"
1.56605819442322e-10,1.15360799731498,0.648,0.321,3.91968705482188e-06,"11","Mirg"
1.01118986233489e-15,1.15117702231753,0.742,0.441,2.530907106438e-11,"11","Gm15398"
5.29686554454076e-35,1.14968863771734,0.97,0.642,1.32575247714311e-30,"11","Lrfn5"
5.17352811678638e-21,1.1435433588457,0.652,0.296,1.29488235235046e-16,"11","B130024G19Rik"
1.59624127945735e-19,1.14319050779444,0.735,0.39,3.99523229835379e-15,"11","Gm48091"
5.93759418255782e-14,1.13646483052791,0.659,0.326,1.4861204479524e-09,"11","Gm15584"
7.73193049048191e-08,1.13501573538912,0.321,0.127,0.00193522488246272,"11","Gm17276"
9.22316830426134e-16,1.12864551569386,0.513,0.238,2.30846679487357e-11,"11","Hap1"
9.16783519306301e-14,1.12777580873295,0.401,0.179,2.29461747047174e-09,"11","Spats2l"
2.93798467568966e-26,1.12591738360922,0.84,0.466,7.35348184478366e-22,"11","Edil3"
7.82155502475935e-16,1.12320855126318,0.803,0.454,1.95765700714702e-11,"11","Cntnap5b"
2.21727671579562e-08,1.12215565558766,0.341,0.155,0.000554962189196485,"11","Igsf9b"
3.76131935135434e-17,1.12191395028445,0.798,0.441,9.41420620450479e-13,"11","Dync1i1"
2.34063961030551e-08,1.11292629958672,0.273,0.112,0.000585838688063366,"11","Ece2"
4.33613517877653e-47,1.10137911997882,1,0.873,1.08529127389598e-42,"11","Rbfox1"
1.0228967569457e-07,1.09898285134066,0.259,0.127,0.0025602082929594,"11","Lrrc3b"
1.0434361346775e-13,1.09785282146872,0.561,0.29,2.61161630148431e-09,"11","Wscd2"
6.80870359268975e-47,1.09143580028555,1,0.946,1.70415042221432e-42,"11","Meg3"
1.95493994365443e-20,1.07919196243987,0.82,0.476,4.89301918497267e-16,"11","Cdr1os"
4.90605861785142e-39,1.07811182593043,0.986,0.767,1.22793741146203e-34,"11","Grid2"
1.97176357676767e-09,1.07425706810235,0.393,0.193,4.9351270562918e-05,"11","Arhgap20"
2.05213765784478e-07,1.0740842695528,0.292,0.15,0.00513629534381969,"11","Rasal1"
4.70099892828501e-12,1.07208745129833,0.596,0.332,1.17661302176046e-07,"11","Grik1"
2.01851692557514e-14,1.06966273452882,0.763,0.432,5.05214601302201e-10,"11","5330434G04Rik"
5.28433289212689e-25,1.06777758790594,0.984,0.725,1.32261567957044e-20,"11","Ube3a"
4.60443227907085e-08,1.06684570376275,0.417,0.208,0.00115244335512864,"11","Bend6"
3.03379094499369e-14,1.06663219972068,0.453,0.219,7.59327535622471e-10,"11","Alk"
9.32952875725776e-10,1.06253210206778,0.393,0.174,2.33508775265405e-05,"11","Zfp423"
1.71836682477468e-11,1.06183378045774,0.738,0.419,4.30090032572855e-07,"11","Rasgrf1"
1.66174023832834e-27,1.06161354386057,0.932,0.568,4.15916964251199e-23,"11","Cntnap5a"
3.26163044142854e-21,1.05528683489808,0.765,0.436,8.1635348318515e-17,"11","Ccdc85a"
6.43768153529546e-27,1.05158648855267,0.924,0.587,1.6112873114691e-22,"11","Kcnh7"
2.43297139626625e-07,1.05077395232833,0.374,0.187,0.0060894841077148,"11","Pitpnm3"
1.71280183334821e-22,1.0490585179601,0.773,0.352,4.28697170868725e-18,"11","Gm32509"
1.07740230466399e-17,1.03635107709002,0.698,0.377,2.6966302283435e-13,"11","Slc35f4"
3.21855484701294e-08,1.03056939431021,0.477,0.241,0.000805572092658869,"11","Rtl1"
7.71986935861081e-11,1.02903077802449,0.349,0.132,1.9322061017667e-06,"11","Btbd11"
1.02859111023272e-07,1.02143847035381,0.441,0.249,0.00257446068980148,"11","Itgbl1"
1.15147700296191e-26,1.01846705467841,0.946,0.616,2.88203179071335e-22,"11","Brinp3"
5.41139195495442e-13,1.01690533553384,0.61,0.263,1.35441729240554e-08,"11","Sv2b"
2.46579824911808e-07,1.0129467794292,0.31,0.146,0.00617164643771765,"11","Dab2ip"
7.20730833515252e-14,1.01208232810266,0.586,0.316,1.80391720320533e-09,"11","Galnt16"
8.7555641495868e-19,1.00290029481946,0.815,0.529,2.19143015100008e-14,"11","Sybu"
3.92503830021813e-07,0.995924548137679,0.382,0.205,0.00982397836161595,"11","Serpini1"
1.48810315600684e-11,0.993883124802651,0.477,0.26,3.72457338916951e-07,"11","Slc12a5"
1.54723509010265e-09,0.993372681370062,0.436,0.24,3.87257470701792e-05,"11","A230004M16Rik"
9.47267997550029e-15,0.993117934866985,0.686,0.361,2.37091707106797e-10,"11","Pam"
5.0249627128976e-10,0.988675053041561,0.34,0.15,1.25769791741114e-05,"11","N4bp2"
3.11777615162272e-08,0.982578421600964,0.466,0.228,0.00078034819298965,"11","Fhod3"
2.91737246890023e-07,0.976784568981939,0.291,0.144,0.00730189155241038,"11","2700054A10Rik"
5.12265890307187e-10,0.974826880731778,0.411,0.207,1.28215029684986e-05,"11","Clmp"
7.06417440920066e-22,0.974146171011038,0.965,0.642,1.76809221287883e-17,"11","Rian"
3.50213580228125e-10,0.973338192243287,0.406,0.18,8.76549569952973e-06,"11","Arhgap18"
4.05411440238813e-29,0.969852355716013,0.987,0.733,1.01470429377373e-24,"11","Ahi1"
3.10447261522153e-09,0.968664938553795,0.488,0.27,7.77018450863795e-05,"11","Gm32250"
9.7910260370112e-10,0.967254294069964,0.597,0.34,2.45059590680353e-05,"11","Slit2"
2.46938206009789e-11,0.96126394773852,0.447,0.224,6.18061635821901e-07,"11","Jam3"
5.86560932095379e-14,0.957745234650786,0.722,0.385,1.46810335694152e-09,"11","Aff2"
4.90021321068997e-13,0.95706130380594,0.72,0.445,1.22647436450359e-08,"11","P2ry14"
2.87996694418654e-08,0.952790239332288,0.652,0.389,0.000720826926460448,"11","Cntn3"
1.54275139180379e-32,0.948026822611161,0.994,0.857,3.86135245854571e-28,"11","Ptprd"
1.32294845217044e-10,0.939735640183716,0.532,0.284,3.3112076809374e-06,"11","Nol4l"
5.95970652033005e-11,0.934148448957849,0.512,0.248,1.49165494497341e-06,"11","Pip5k1b"
6.96112907083615e-17,0.933282093415322,0.893,0.595,1.74230099513958e-12,"11","Camta1"
5.90021653782888e-10,0.932943860982311,0.654,0.484,1.47676519725319e-05,"11","Mgat4c"
1.02381654682725e-36,0.927445670551744,0.853,0.417,2.56251043505392e-32,"11","Adarb2"
2.52265762261294e-09,0.92174747121508,0.502,0.261,6.31395976363793e-05,"11","Epb41l4b"
1.43259105165641e-12,0.918785117480313,0.493,0.21,3.58563214319083e-08,"11","Sema5a"
4.77859544508475e-10,0.918134214869751,0.422,0.167,1.19603465395026e-05,"11","Tmem163"
2.44670127063136e-19,0.91215017298642,0.863,0.523,6.12384861026324e-15,"11","Slc24a3"
6.64132769769845e-10,0.911190847399421,0.635,0.35,1.66225790945695e-05,"11","Hs6st3"
2.41949697557401e-14,0.910852815094922,0.728,0.425,6.05575898016419e-10,"11","Sorcs1"
9.01956560409908e-23,0.907025501949438,0.852,0.542,2.25750707504996e-18,"11","Agbl4"
1.00095259632027e-15,0.906667361735279,0.66,0.384,2.50528425333e-11,"11","Osbpl6"
6.27334571474371e-11,0.904929663356501,0.894,0.53,1.5701556989432e-06,"11","A230006K03Rik"
2.94438008173647e-23,0.902739597656062,0.905,0.541,7.3694889065782e-19,"11","Unc5d"
3.27020077623786e-09,0.901505420379519,0.449,0.228,8.18498552284575e-05,"11","Vat1l"
4.65450442545335e-09,0.897595642184356,0.512,0.27,0.000116497591264672,"11","Jph4"
1.49146497830516e-21,0.89538181138764,0.97,0.692,3.73298769419999e-17,"11","Snhg14"
1.90355931112433e-07,0.891218776746014,0.657,0.382,0.0047644185998131,"11","B830012L14Rik"
2.05975886989411e-12,0.887014868662125,0.558,0.306,5.15537047545796e-08,"11","Itpr1"
4.00372409988163e-12,0.886849708169256,0.586,0.341,1.00209210495937e-07,"11","Armc9"
2.93111621855478e-22,0.884222744922674,0.956,0.743,7.33629078342076e-18,"11","Pcdh7"
6.76877957653808e-19,0.881672041378127,0.979,0.647,1.69415784021172e-14,"11","Gm26871"
1.27099811217846e-08,0.873147454114974,0.524,0.273,0.000318118117497147,"11","Atp2b4"
3.29251019916477e-18,0.872562548577024,0.921,0.64,8.24082377748951e-14,"11","Cntn5"
4.78156827492143e-10,0.872438181038416,0.632,0.355,1.19677872353009e-05,"11","Dync2h1"
2.51070522421655e-15,0.868137415751919,0.739,0.397,6.28404410569161e-11,"11","Sorcs3"
2.45525604563374e-09,0.863752530670332,0.698,0.414,6.14526035661668e-05,"11","Macrod2os1"
2.1878241379444e-07,0.862884981544852,0.398,0.211,0.00547590503486105,"11","Zdhhc2"
3.93363227016545e-07,0.843706055770115,0.572,0.318,0.00984548820899711,"11","Gse1"
1.48544825091051e-07,0.840580237276199,0.51,0.29,0.00371792842720391,"11","Rassf8"
1.12592308138441e-10,0.838531657338058,0.611,0.353,2.81807288039704e-06,"11","Peg3"
1.11705239395638e-13,0.83830254902311,0.918,0.549,2.79587043683343e-09,"11","Nrg3os"
1.07596582004602e-14,0.838107135954896,0.938,0.614,2.69303485099319e-10,"11","Gm20642"
2.37391711267585e-07,0.833101154109712,0.397,0.216,0.00594167714131638,"11","Pced1b"
1.3645668314404e-08,0.828644457754929,0.613,0.359,0.000341537432241219,"11","Camk2b"
1.36279130206208e-17,0.826844075583432,0.962,0.68,3.41093034993118e-13,"11","Dab1"
6.3969740284903e-16,0.825885379760625,0.763,0.48,1.60109862959084e-11,"11","Galnt13"
1.11354821383426e-16,0.824970609374223,0.82,0.518,2.78709982440576e-12,"11","Khdrbs2"
3.57209276763001e-10,0.804178848892338,0.796,0.477,8.94059098810114e-06,"11","Gm15738"
8.46668996268499e-22,0.803441739675126,1,0.888,2.11912783076043e-17,"11","Snhg11"
3.20882965778688e-14,0.79269857843694,0.755,0.464,8.03137975047479e-10,"11","Ksr2"
4.78017175839112e-09,0.792311092312431,0.485,0.286,0.000119642918940771,"11","Map6"
8.20341663566089e-08,0.791175477987134,0.504,0.311,0.00205323314973956,"11","Nexmif"
1.06125218325172e-29,0.786856506332096,0.987,0.77,2.65620808946074e-25,"11","Opcml"
7.08814457007441e-13,0.785192736417048,0.872,0.581,1.77409170444392e-08,"11","Astn2"
1.22703853026404e-11,0.785038160276655,0.742,0.417,3.07115473739788e-07,"11","D430041D05Rik"
1.11447699408926e-13,0.776917212649633,0.908,0.645,2.789424468506e-09,"11","A230057D06Rik"
3.74518528997417e-08,0.772008720686698,0.725,0.461,0.000937382426227635,"11","Unc80"
1.55588779772036e-08,0.771452418666027,0.348,0.198,0.000389423156891429,"11","Amy1"
2.09113295049813e-07,0.769967654679225,0.494,0.289,0.00523389666180176,"11","Ccdc30"
8.75345453006783e-21,0.769048829256078,0.964,0.763,2.19090213433068e-16,"11","Grik2"
1.06052211009932e-18,0.768981005286219,0.91,0.45,2.65438078936758e-14,"11","Slit3"
7.71399042785484e-20,0.768420906801654,0.965,0.682,1.93073466418779e-15,"11","Lingo2"
3.70103259002859e-09,0.766523899063919,0.679,0.407,9.26331446958257e-05,"11","Atp1a3"
2.00268829554495e-14,0.764522905219831,0.619,0.363,5.01252853491946e-10,"11","Dnajc6"
4.80632764427337e-15,0.762764588455365,0.961,0.679,1.20297574608518e-10,"11","Ctnna3"
1.55714589143128e-19,0.76177927209128,0.894,0.576,3.89738045166335e-15,"11","Cdh13"
1.41350347341239e-20,0.758095290948389,0.883,0.543,3.53785784360387e-16,"11","Cacna2d1"
1.44122871489692e-16,0.756644972857508,0.875,0.552,3.60725135051551e-12,"11","Unc5c"
3.57017511464705e-08,0.755643616075152,0.603,0.343,0.00089357912944501,"11","Rtl4"
3.13294775148313e-12,0.75315758614263,0.645,0.389,7.84145492718712e-08,"11","Nr3c2"
2.40375927566511e-17,0.75007284599976,0.946,0.688,6.01636909106219e-13,"11","Tmem178b"
3.65184143951751e-08,0.749964458815556,0.548,0.34,0.000914019393896837,"11","Pdzd4"
3.76515458252454e-07,0.744801259290054,0.482,0.278,0.00942380540460068,"11","Matk"
1.43751242868042e-22,0.742000669525517,0.994,0.782,3.59794985774422e-18,"11","Fam155a"
3.3536705535087e-13,0.74105922284041,0.643,0.379,8.39390202837692e-09,"11","Vsnl1"
1.13921152925659e-09,0.733785498509713,0.51,0.269,2.85133253657633e-05,"11","Olfm3"
1.13364841278798e-08,0.730806569358439,0.667,0.394,0.000283740861236704,"11","Xkr6"
1.84225245468912e-11,0.726965086142049,0.768,0.464,4.61097366884139e-07,"11","Brinp1"
2.02293462700721e-08,0.721251801204997,0.417,0.238,0.000506320307793634,"11","Mgat5b"
6.04769059448875e-08,0.716247956407582,0.496,0.272,0.00151367647889459,"11","Fndc3a"
3.45401739434302e-27,0.713855730396227,0.995,0.832,8.64506013630115e-23,"11","Nrg3"
4.4938879208223e-10,0.708539746374887,0.654,0.417,1.12477520770261e-05,"11","D830024N08Rik"
1.45463853557731e-07,0.704864247353636,0.491,0.303,0.00364081479069645,"11","Slc25a23"
2.92240265100409e-07,0.701617699941343,0.559,0.328,0.00731448159519813,"11","Arid5b"
2.05923835236998e-09,0.699508106371246,0.627,0.356,5.15406767214681e-05,"11","Ablim2"
2.01359001949544e-09,0.694930624379178,0.488,0.309,5.03981445979514e-05,"11","Sgsm1"
3.46952186323044e-14,0.694472198850436,0.957,0.697,8.68386627147947e-10,"11","Cacna1c"
5.44868841901827e-08,0.691575397393442,0.468,0.295,0.00136375222439608,"11","Pakap.1"
3.95619627356709e-18,0.687830723232911,0.951,0.648,9.90196365311108e-14,"11","Gabrg3"
2.03112854227446e-14,0.686783031972078,0.776,0.505,5.08371162845873e-10,"11","Gnas"
3.25213696232765e-12,0.683545554548529,0.859,0.616,8.13977360300989e-08,"11","Galntl6"
4.47451872021928e-14,0.67214345493718,0.738,0.448,1.11992729048368e-09,"11","Cacna1b"
2.0725974695463e-17,0.668749263602461,0.954,0.74,5.18750420652743e-13,"11","Ttc3"
1.40718192749454e-08,0.667742235066703,0.643,0.419,0.000352203564632608,"11","Lcorl"
1.14150351466994e-24,0.66640329001412,0.93,0.535,2.85706914686739e-20,"11","Dscam"
5.85800358275237e-08,0.664136614500908,0.678,0.426,0.00146619971672709,"11","Sez6l"
1.57168583900349e-07,0.662879190387704,0.545,0.334,0.00393377248644184,"11","Rgs17"
8.87779077562157e-12,0.655263169875342,0.882,0.559,2.22202225323032e-07,"11","Ryr2"
8.53212403855358e-08,0.644119454546953,0.445,0.27,0.00213550532560957,"11","Ttll11"
2.1664438747958e-08,0.641026459577366,0.719,0.487,0.000542239237422641,"11","Cplane1"
9.30286005219693e-09,0.64091558484581,0.711,0.44,0.000232841284246437,"11","Grin1"
1.96895575817374e-09,0.637280614429736,0.512,0.309,4.92809936713305e-05,"11","Tusc3"
2.74834552336174e-07,0.627446077890037,0.556,0.343,0.00687883401042211,"11","Gap43"
8.84166805188994e-10,0.622486730451319,0.787,0.516,2.21298109670753e-05,"11","Gpr158"
2.04077689447509e-18,0.618429826101016,0.987,0.808,5.10786048918169e-14,"11","Macrod2"
1.37008069173853e-07,0.613341319145415,0.524,0.319,0.00342917496335237,"11","Miat"
1.4369553787302e-09,0.611841949762483,0.807,0.562,3.59655561742381e-05,"11","Cmip"
1.1705068329119e-08,0.608119951850316,0.842,0.587,0.000292966155209521,"11","Csmd2"
6.20191436327426e-17,0.601785039186337,0.741,0.463,1.55227714598392e-12,"11","Hcn1"
2.9987972344137e-10,0.597733221112213,0.961,0.67,7.50568959801404e-06,"11","Gabrb3"
1.93304480504322e-11,0.596343388208282,0.703,0.476,4.83821784254266e-07,"11","Nol4"
1.26305161280149e-10,0.596211929113847,0.649,0.406,3.16129188168084e-06,"11","C530008M17Rik"
3.15193159733775e-07,0.593384747989404,0.583,0.371,0.00788896959497666,"11","Slc4a10"
2.8279541575956e-07,0.591384702472302,0.706,0.462,0.00707808646104603,"11","Adam22"
2.02609397860996e-17,0.587610905613614,0.986,0.814,5.07111061906287e-13,"11","Csmd3"
1.85036837426402e-07,0.581627173373809,0.618,0.388,0.00463128700394541,"11","Gabrb2"
1.36746250590422e-16,0.58123469669754,0.984,0.849,3.42262190602767e-12,"11","Il1rapl1"
1.44599527679707e-07,0.576962786707637,0.814,0.507,0.00361918157829538,"11","Rbfox3"
5.45214029389991e-11,0.572214511918554,0.978,0.748,1.36461619416021e-06,"11","Cntnap2"
9.4045458916846e-10,0.56682309573582,0.736,0.473,2.35386379122974e-05,"11","Atp8a2"
2.67590929478737e-07,0.565903483243901,0.611,0.392,0.00669753337392331,"11","Map2k4"
4.58412242793318e-11,0.565417166867942,0.967,0.75,1.14736000248739e-06,"11","Dpp10"
3.10174228732366e-07,0.564010620664727,0.453,0.301,0.00776335077094239,"11","Eda"
6.92620475902406e-13,0.559694396968856,0.913,0.645,1.73355978913613e-08,"11","Cacna1a"
3.90022856850239e-07,0.558047436264957,0.472,0.302,0.00976188208410463,"11","Sdk1"
8.83760614310515e-12,0.55508790717092,0.788,0.498,2.21196444155779e-07,"11","Lrrtm3"
6.50039435655256e-10,0.54926970238285,0.739,0.474,1.62698370350154e-05,"11","Rfx3"
1.40265481550584e-15,0.547405503298988,0.989,0.837,3.51070473772958e-11,"11","Nkain2"
2.07520345080086e-07,0.535269777201073,0.567,0.377,0.00519402671700948,"11","Nrg2"
1.40157438178549e-07,0.533271817120405,0.434,0.281,0.0035080005201709,"11","Slc7a14"
7.71091857246609e-08,0.532763299591665,0.52,0.336,0.00192996580950254,"11","Zfp704"
4.784438245268e-12,0.527057508200878,0.984,0.733,1.19749704840813e-07,"11","Grm7"
2.13069256569789e-08,0.52355561921729,0.856,0.607,0.000533291042268526,"11","Alcam"
2.5016879228686e-09,0.522217120642924,0.959,0.649,6.26147470214782e-05,"11","Arpp21"
5.14912556594434e-10,0.522201119759536,0.882,0.589,1.28877463790021e-05,"11","Map1b"
7.26316317888794e-11,0.520812597372038,0.725,0.496,1.81789711204386e-06,"11","Mical3"
3.81670469870558e-11,0.518093549391066,0.433,0.212,9.5528301903902e-07,"11","Ptchd4"
3.16554630897416e-07,0.516556185386002,0.76,0.496,0.00792304585673143,"11","Gabra2"
4.80679692072479e-11,0.516107734616363,0.837,0.577,1.20309320128821e-06,"11","Nebl"
2.2792793714979e-08,0.512940229085128,0.676,0.399,0.00057048083389221,"11","Clstn2"
1.72788328751635e-07,0.507812119966358,0.548,0.347,0.00432471908032466,"11","Rnf157"
2.1866409224467e-08,0.506698036510379,0.656,0.434,0.000547294356479184,"11","Slc24a5"
7.56671653300603e-13,0.504202261823854,0.855,0.591,1.89387348104608e-08,"11","Pclo"
6.2325290514499e-22,2.96782783138334,0.352,0.045,1.5599396962874e-17,"12","Gm36251"
1.39177899183805e-12,2.26433592407613,0.301,0.063,3.48348363867146e-08,"12","Gm11639"
1.78488107881991e-17,2.06924419843038,0.379,0.083,4.46737885217835e-13,"12","A830036E02Rik"
8.7582361486849e-09,1.95359783371695,0.267,0.055,0.000219209892565434,"12","Krt12"
1.38722141055395e-20,1.93126774215317,0.514,0.142,3.47207646847549e-16,"12","L3mbtl4"
2.2623952651766e-19,1.92675466759964,0.541,0.139,5.66254910921051e-15,"12","Gm13986"
7.30871426812261e-15,1.87359782652456,0.32,0.08,1.82929809416841e-10,"12","Kcng1"
1.77382174507034e-20,1.87177632026079,0.465,0.125,4.43969844573654e-16,"12","Syt17"
2.43179657136223e-50,1.84803143784122,0.939,0.429,6.08654363846252e-46,"12","A830018L16Rik"
2.15737589454197e-20,1.84596545477073,0.564,0.15,5.3996961264491e-16,"12","Tshz3"
4.11861522850274e-19,1.80595819337069,0.358,0.094,1.03084820554195e-14,"12","Arhgap15"
1.16463781091622e-45,1.80024221874717,0.867,0.372,2.91497197694222e-41,"12","Cdh8"
2.15421120641227e-21,1.79171262729337,0.613,0.203,5.39177522852928e-17,"12","Gm26854"
1.02059092351329e-18,1.75272203841338,0.465,0.133,2.55443702246141e-14,"12","Gm43948"
2.55524958854904e-41,1.72118706889437,0.857,0.345,6.3955341951794e-37,"12","Hs6st3"
2.25197686234757e-10,1.70529476134131,0.25,0.067,5.63647288876973e-06,"12","Gm15679"
9.44231484416577e-21,1.70241428393425,0.589,0.199,2.36331698234625e-16,"12","Gm33228"
3.53426102061552e-10,1.67150832651152,0.394,0.123,8.84590190849859e-06,"12","Gm50304"
4.55109780106105e-10,1.67125005290398,0.286,0.082,1.13909426862757e-05,"12","Doc2b"
6.05197282625966e-42,1.65037708142777,0.952,0.496,1.51474827868453e-37,"12","Oxr1"
1.50155108440986e-24,1.63728707952064,0.562,0.186,3.75823220916945e-20,"12","Ndst3"
3.50638378172127e-16,1.63710588727816,0.282,0.069,8.77612796727017e-12,"12","Chst8"
5.25448207308482e-26,1.63254276479156,0.72,0.255,1.3151443180724e-21,"12","Gm42303"
2.59952854119167e-52,1.63253240088479,0.975,0.569,6.50635998574862e-48,"12","Cntnap5a"
9.12768553412417e-32,1.62476530656129,0.672,0.219,2.28456841233594e-27,"12","Gm49678"
1.67994746018497e-28,1.58302702516839,0.722,0.262,4.20474049809696e-24,"12","Sv2b"
1.82817229927261e-13,1.55094425342384,0.415,0.123,4.57573244784941e-09,"12","Galnt9"
1.74885449391411e-29,1.53829922622852,0.722,0.292,4.37720791281763e-25,"12","Prr16"
4.40818002603805e-11,1.51336508676138,0.305,0.081,1.10332337871706e-06,"12","Gm26911"
3.02668756697144e-12,1.51119902037172,0.309,0.073,7.57549631137282e-08,"12","Gm20033"
8.73677133728624e-14,1.50821036561981,0.366,0.115,2.18672649800937e-09,"12","Hs3st2"
2.13808337279609e-31,1.50805996361917,0.903,0.451,5.35140887377132e-27,"12","Car10"
6.89545376955638e-41,1.4912640187738,0.968,0.451,1.72586312398227e-36,"12","Slit3"
6.92947062127378e-57,1.48778138479843,0.998,0.858,1.73437720179862e-52,"12","Ptprd"
1.58823235294665e-11,1.46198196943166,0.28,0.088,3.97518675619016e-07,"12","Col26a1"
8.319247939283e-28,1.44040228261154,0.794,0.357,2.08222456672314e-23,"12","Ppm1l"
2.42899583111711e-18,1.42571473876759,0.545,0.185,6.07953366570301e-14,"12","Igsf21"
1.70052060870715e-39,1.42220539330654,0.952,0.525,4.25623303153311e-35,"12","Tafa1"
3.37968736531641e-11,1.41345785237794,0.368,0.127,8.45901950665045e-07,"12","Mlip"
9.78726723971764e-18,1.41178859361718,0.554,0.182,2.44965511742893e-13,"12","Pdzrn3"
1.71012276368198e-30,1.40706929683065,0.962,0.751,4.28026626521964e-26,"12","Dpp10"
3.8994289709126e-10,1.38623942807801,0.31,0.103,9.75988077129714e-06,"12","Gm41414"
2.46707583560376e-18,1.36078648109189,0.505,0.165,6.17484410893265e-14,"12","Etv1"
6.25275879430442e-14,1.35945856670628,0.606,0.251,1.56500299862645e-09,"12","Sidt1"
2.31923893757649e-15,1.33594592375363,0.455,0.162,5.8048231368602e-11,"12","Gabra5"
9.25107948690521e-12,1.33519401844534,0.421,0.149,2.3154526847775e-07,"12","Slc6a7"
5.37945145923041e-26,1.3344273565687,0.821,0.396,1.34642290573078e-21,"12","Clstn2"
1.4520077712106e-11,1.3252904991667,0.307,0.104,3.63423025056301e-07,"12","Tmem178"
4.34936903028612e-09,1.32417853307591,0.253,0.084,0.000108860357459031,"12","Ankrd33b"
5.79901552797229e-13,1.31485809970576,0.497,0.196,1.45143559649618e-08,"12","4921534H16Rik"
2.15795829310683e-12,1.30968244760212,0.421,0.183,5.40115381181709e-08,"12","Pcsk5"
1.74999518874326e-09,1.28247864011083,0.331,0.128,4.3800629579055e-05,"12","Bche"
1.82141192921741e-14,1.26673502621593,0.385,0.144,4.55881191763825e-10,"12","Nell1os"
1.0392643557804e-26,1.2589832587509,0.92,0.478,2.60117475608276e-22,"12","Pdzrn4"
2.02353578709188e-17,1.24671113752055,0.701,0.311,5.06470772151226e-13,"12","Cntn6"
2.94878877677242e-23,1.23766493272192,0.802,0.377,7.38052342938368e-19,"12","Camk4"
2.07916766627188e-28,1.22248309593938,0.743,0.302,5.20394875191188e-24,"12","Cntnap5c"
8.48810861513391e-12,1.22091218678699,0.291,0.099,2.12448870528187e-07,"12","St8sia5"
1.97670815204769e-45,1.21942468395473,0.989,0.65,4.94750283376016e-41,"12","Arpp21"
7.48756124569746e-15,1.21457901090815,0.528,0.194,1.87406170418562e-10,"12","Sorl1"
3.78908239380529e-19,1.21014262655568,0.623,0.253,9.48369432345527e-15,"12","Lingo1"
1.76998378390749e-14,1.20971730375174,0.474,0.148,4.43009241274205e-10,"12","Slc17a7"
1.089749470614e-18,1.20881110805471,0.678,0.287,2.72753394999979e-14,"12","Trpc5"
2.01199989486935e-23,1.20395823743744,0.813,0.42,5.0358345368685e-19,"12","Rimbp2"
7.97903250107446e-10,1.19577884091401,0.341,0.111,1.99707204469393e-05,"12","Stum"
7.27831739273433e-12,1.19448836289412,0.354,0.128,1.82169006022747e-07,"12","Nectin3"
5.63756020807767e-15,1.18381578463066,0.512,0.221,1.41102494447976e-10,"12","Gm48749"
3.67399864922293e-23,1.17951717710308,0.804,0.404,9.19565121914007e-19,"12","Chsy3"
3.95037981294769e-24,1.17423434471765,0.735,0.324,9.88740563382676e-20,"12","Nell1"
5.7272371100187e-22,1.16649256229828,0.863,0.42,1.43347017626658e-17,"12","Nell2"
1.69015863508624e-12,1.15119581162497,0.398,0.149,4.23029804775735e-08,"12","Gm10115"
1.83354684766673e-20,1.15059065570015,0.606,0.244,4.58918440502506e-16,"12","Kcnh1"
2.4850144201962e-08,1.14949103916327,0.307,0.117,0.000621974259230906,"12","Cacna1i"
3.32868959711512e-35,1.1485111910924,0.994,0.668,8.33137719261944e-31,"12","Celf4"
2.72811969663912e-15,1.14414576195073,0.497,0.193,6.82821078871806e-11,"12","Cnih3"
2.09850083962588e-17,1.1418874219978,0.724,0.357,5.25233775149961e-13,"12","Gm48321"
2.25769787132156e-28,1.14045852524073,0.865,0.473,5.65079200213073e-24,"12","Thrb"
6.81800450046268e-23,1.13056371792533,0.817,0.395,1.70647834642081e-18,"12","Garnl3"
1.26836189006605e-26,1.1299241945713,0.8,0.367,3.17458297464632e-22,"12","Cpne4"
1.75432044826702e-08,1.12734226513238,0.411,0.183,0.000439088864996753,"12","Galnt14"
2.48685868808133e-33,1.12679532181859,0.983,0.76,6.22435861039877e-29,"12","Ncam2"
7.62561971694726e-16,1.12572075413859,0.785,0.37,1.90861635895473e-11,"12","Ntng1"
4.04715158486414e-16,1.12412177698882,0.564,0.239,1.01296157017565e-11,"12","Samd5"
7.03950961710125e-08,1.10917281883489,0.36,0.143,0.00176191886206427,"12","Ptpn3"
7.26973225622735e-15,1.09737506588956,0.568,0.241,1.81954128641114e-10,"12","Osbpl10"
3.23374218037578e-10,1.09495482761097,0.661,0.309,8.09373330326255e-06,"12","Rmst"
1.09994365183633e-25,1.09299833725135,0.912,0.51,2.75304896618116e-21,"12","St6galnac5"
5.14305069142219e-20,1.09284949078748,0.615,0.244,1.28725415755606e-15,"12","Epha7"
1.18675869499284e-11,1.09195562567996,0.451,0.186,2.97033833769758e-07,"12","Pitpnm3"
2.41469250837608e-11,1.0890684031693,0.337,0.148,6.04373387921448e-07,"12","Gm48727"
1.44676411676735e-14,1.08705639636218,0.432,0.179,3.62110590785699e-10,"12","Pgbd5"
2.61563274697589e-12,1.08053299442776,0.389,0.157,6.54666720240597e-08,"12","2900026A02Rik"
2.0230505675847e-10,1.07491836891351,0.331,0.134,5.06349326560774e-06,"12","Gm44532"
1.98820104423981e-16,1.07442851543273,0.499,0.213,4.97626839362781e-12,"12","2010300C02Rik"
1.77176740002914e-13,1.07058270483513,0.533,0.227,4.43455662553294e-09,"12","Dgkz"
8.55880755385476e-20,1.05910468285809,0.68,0.297,2.14218394265431e-15,"12","B130024G19Rik"
1.23707841805736e-14,1.05582324500184,0.493,0.203,3.09628357255578e-10,"12","Faah"
1.28840014475893e-19,1.05102846087383,0.909,0.581,3.22473672231712e-15,"12","Pigk"
3.99575392611751e-13,1.04956645338813,0.617,0.27,1.00009725016795e-08,"12","Slit1"
6.44612289675078e-14,1.04767050956214,0.568,0.25,1.61340009982775e-09,"12","Usp46"
3.28483656268236e-11,1.04684046312069,0.596,0.264,8.22161743273769e-07,"12","Phf24"
6.87834766653242e-11,1.04279908357109,0.36,0.154,1.7215816374564e-06,"12","Gm16226"
5.17228088795642e-20,1.03768416341645,0.585,0.217,1.29457018344661e-15,"12","C1ql3"
5.01108338654793e-13,1.03412833924132,0.438,0.169,1.25422406081908e-08,"12","Rph3a"
1.33541278775523e-20,1.03191258701792,0.718,0.34,3.34240466647257e-16,"12","Rasgef1b"
1.04281613726765e-21,1.02881493243531,0.836,0.421,2.6100645099672e-17,"12","Egfem1"
4.7099611444204e-08,1.02854879878137,0.39,0.184,0.00117885617483698,"12","Pou6f2"
6.75824041327069e-11,1.02752473344092,0.417,0.207,1.69151999303752e-06,"12","Nwd2"
8.39152428583338e-57,1.02611042540319,1,0.833,2.10031461350124e-52,"12","Nrg3"
5.23383646838943e-16,1.01524293532129,0.731,0.362,1.30997692967319e-11,"12","Khdrbs3"
4.00883998766347e-08,1.01326934337502,0.364,0.155,0.00100337256051229,"12","Gm19461"
9.43213187068755e-10,1.01147276605519,0.337,0.127,2.36076828591439e-05,"12","Sec24d"
3.71926796276007e-18,1.00752812006302,0.855,0.498,9.30895578399217e-14,"12","Gria3"
3.23566395155889e-37,1.00465038240163,0.989,0.734,8.09854330435674e-33,"12","Grm7"
5.00707848302488e-16,1.003113634229,0.501,0.204,1.2532216735163e-11,"12","Osbp2"
1.12474328785497e-30,0.996806239549922,0.968,0.645,2.81511997517222e-26,"12","Lrfn5"
2.06324945429491e-11,0.987046634737202,0.596,0.259,5.16410705915472e-07,"12","Map3k5"
2.75883823545709e-08,0.98546593575502,0.269,0.116,0.000690509621952556,"12","Gm13963"
1.99749993691487e-13,0.984436160387931,0.701,0.381,4.99954259210423e-09,"12","4930419G24Rik"
3.57097509222601e-19,0.982130391505846,0.733,0.339,8.93779355833247e-15,"12","Mical2"
8.01331260548159e-26,0.981808325932998,0.931,0.617,2.00565201202599e-21,"12","Gm20642"
5.08422511526607e-12,0.980453674937009,0.396,0.171,1.27253070409994e-07,"12","Syndig1"
4.1393480548217e-21,0.976663458603656,0.794,0.434,1.03603742464132e-16,"12","Pacsin1"
1.82771056069757e-15,0.974965479483787,0.581,0.277,4.57457676236995e-11,"12","Bsn"
1.38119539858773e-15,0.974166560597457,0.55,0.24,3.45699396312523e-11,"12","Iqgap1"
1.8352351127567e-13,0.968582022878122,0.728,0.341,4.59340996371875e-09,"12","Rtl4"
9.58322385060977e-11,0.967882559746068,0.253,0.083,2.39858509756912e-06,"12","Shisal1"
4.42690565608886e-21,0.967657466088913,0.962,0.642,1.10801021666248e-16,"12","Kcnq3"
4.39531357836581e-15,0.965569773086941,0.579,0.248,1.10010303552918e-10,"12","Pip5k1b"
1.61335908666166e-43,0.964889819172253,0.998,0.838,4.03807645800548e-39,"12","Nkain2"
1.81955935829944e-13,0.96228516336414,0.579,0.265,4.55417511788767e-09,"12","Prkag2"
2.63781810956157e-15,0.960445447285172,0.623,0.319,6.60219494642166e-11,"12","Gm6994"
1.47656231878475e-08,0.959488552775934,0.303,0.122,0.000369568782768636,"12","Cdkl2"
2.0271224624694e-11,0.958114783532548,0.846,0.58,5.07368481131467e-07,"12","Sgcz"
6.56461698118418e-29,0.955685688165431,0.857,0.487,1.64305798422059e-24,"12","Stxbp5l"
2.0000101398478e-10,0.953222334518381,0.564,0.248,5.00582537902506e-06,"12","Epha4"
5.57722811735414e-24,0.952471259718374,0.983,0.671,1.39592442549257e-19,"12","Gabrb3"
1.93431265665207e-09,0.951570944276317,0.288,0.127,4.84139114833446e-05,"12","Chrm2"
3.91587196191976e-08,0.940612523888631,0.301,0.121,0.000980103593348896,"12","Syt4"
5.30228920161314e-16,0.940016577218053,0.863,0.431,1.32710996427175e-11,"12","Tmem108"
1.26042005426702e-09,0.939463942917072,0.488,0.233,3.15470535382492e-05,"12","Gm27153"
5.44736921201802e-41,0.937137554091949,1,0.934,1.36342204007599e-36,"12","Celf2"
8.40254929167492e-17,0.935043181926324,0.834,0.447,2.10307406221332e-12,"12","Cacna1b"
2.27111972107275e-15,0.93426878049949,0.789,0.474,5.684385549873e-11,"12","Pex5l"
4.02198966528693e-13,0.933345749595815,0.328,0.13,1.00666379332467e-08,"12","Cabp1"
1.09382792596619e-08,0.929515970431732,0.573,0.281,0.000273774191590077,"12","Gm37459"
1.08879388698638e-16,0.928583394446016,0.707,0.356,2.72514221973821e-12,"12","Ptprr"
9.43626102625199e-13,0.925435164641049,0.596,0.294,2.36180177226061e-08,"12","Gpi1"
1.88976085529494e-13,0.922732364678739,0.608,0.289,4.72988244471771e-09,"12","Pcnx2"
1.11175189075308e-09,0.92244880925078,0.444,0.21,2.78260380736587e-05,"12","Catspere2"
1.20981627649715e-08,0.922442919010111,0.385,0.147,0.000302804915844473,"12","Antxr1"
1.22979474353554e-08,0.920863763196324,0.255,0.09,0.000307805326359511,"12","Zbtb46"
8.77593728738279e-09,0.91968345351888,0.312,0.108,0.000219652934365904,"12","Boc"
1.55482726223223e-15,0.910294887561502,0.796,0.453,3.89157715464105e-11,"12","4930509J09Rik"
4.70511164390319e-09,0.907627403345684,0.392,0.187,0.000117764239335253,"12","Nsun2"
3.44705728886523e-10,0.907127565043717,0.51,0.229,8.62763968830077e-06,"12","Gm15810"
2.63891539837502e-14,0.906735741931024,0.941,0.639,6.60494135059284e-10,"12","Epha5"
2.11163660906322e-15,0.9037066040285,0.629,0.285,5.28521526882433e-11,"12","Chrm3"
6.20062461197683e-21,0.903505605822212,0.878,0.478,1.55195433413168e-16,"12","Mgat4c"
3.95422825204559e-20,0.897766219299916,0.69,0.343,9.89703789204492e-16,"12","Kcnt2"
1.83666859124195e-11,0.896630346069248,0.55,0.264,4.59699781701948e-07,"12","Hs3st4"
2.11609627817716e-17,0.893011824307112,0.691,0.329,5.29637737464961e-13,"12","Lmo3"
2.05077974249916e-10,0.892896321087818,0.472,0.219,5.13289661750115e-06,"12","Gm42609"
1.11753740780813e-21,0.891438686117763,0.739,0.337,2.79708437800298e-17,"12","Il1rapl2"
5.05735024372388e-18,0.883413954496608,0.684,0.349,1.26580419250165e-13,"12","Prkcg"
2.65933660325788e-19,0.881691201351102,0.842,0.463,6.65605358429414e-15,"12","Cnksr2"
1.41154647720826e-18,0.874508409280997,0.731,0.361,3.53295967780455e-14,"12","Dnajc6"
2.85928084466421e-13,0.874410212565003,0.701,0.404,7.15649402611005e-09,"12","Rgs6"
4.07135776768516e-16,0.873537070369329,0.785,0.443,1.01902013567392e-11,"12","Cdh18"
4.00075193953547e-26,0.868734703600729,0.924,0.551,1.00134820294633e-21,"12","Nrg3os"
9.04192526433482e-09,0.868613496866272,0.427,0.198,0.000226310347441036,"12","Lmo7"
3.38774256196654e-26,0.867093002583354,0.939,0.62,8.47918085834606e-22,"12","Enox1"
1.93742351313224e-10,0.863041545664116,0.56,0.275,4.84917731101869e-06,"12","Homer1"
9.79680528199203e-18,0.861499410400691,0.89,0.5,2.45204239402979e-13,"12","Aff3"
1.17308291072887e-16,0.860396900640975,0.81,0.483,2.93610921726329e-12,"12","Sorbs2os"
4.45645355653276e-15,0.856466764369689,0.794,0.402,1.11540576066459e-10,"12","Spock1"
1.83009055198099e-30,0.854536473672633,0.987,0.784,4.58053364255322e-26,"12","Fam155a"
2.40835991218264e-10,0.852817740841048,0.474,0.218,6.02788402420194e-06,"12","Rnf165"
6.15049574041551e-25,0.851946464547479,0.941,0.651,1.5394075788686e-20,"12","Atxn1"
1.77932674134049e-09,0.850908432539667,0.844,0.523,4.45347690090111e-05,"12","Cntn4"
1.45689615821879e-19,0.84914028190552,0.859,0.484,3.6464653944058e-15,"12","Pde1a"
1.75141995935359e-07,0.848990296048124,0.459,0.208,0.0043836290162661,"12","Myrip"
8.28013043947842e-09,0.848347372270111,0.547,0.271,0.000207243384769705,"12","Plekha6"
1.11944818204373e-07,0.843910541981578,0.398,0.168,0.00280186685483726,"12","Prmt8"
1.48683381909782e-21,0.843858044250832,0.943,0.573,3.72139636581993e-17,"12","Grin2a"
1.66015156940448e-19,0.843339360697487,0.912,0.598,4.15519336306248e-15,"12","Sorbs2"
1.77790860055666e-08,0.842672655537381,0.402,0.197,0.000444992743633326,"12","Gm13883"
9.21299206279747e-17,0.841107829405794,0.648,0.288,2.30591978339758e-12,"12","6530403H02Rik"
1.90235094589547e-16,0.839462134385351,0.638,0.293,4.76139418248176e-12,"12","Sphkap"
2.76163530161426e-08,0.836213764030231,0.364,0.177,0.000691209699641033,"12","4930590L20Rik"
1.65514195454739e-07,0.834682208070595,0.335,0.139,0.00414265479803667,"12","Cnnm1"
3.5115789421108e-08,0.833333219917162,0.322,0.143,0.000878913093420912,"12","Tmem63c"
7.77595320355297e-15,0.829088944140132,0.657,0.361,1.94624332731727e-10,"12","Gm49003"
3.72514856743274e-30,0.828200755084335,0.979,0.642,9.32367434942741e-26,"12","Dlgap2"
6.52373602547857e-10,0.8259228987466,0.842,0.49,1.63282588981703e-05,"12","Gm20754"
1.56554172210734e-12,0.825678890861497,0.787,0.419,3.91839437626247e-08,"12","Ak5"
8.30506980604331e-21,0.824020973119534,0.916,0.532,2.07867592175458e-16,"12","A230006K03Rik"
1.65835275568048e-09,0.81659156243225,0.291,0.135,4.15069111219268e-05,"12","Gm20641"
2.25169229608151e-14,0.814788523277139,0.903,0.545,5.63576064786242e-10,"12","Cacna2d1"
5.83547350184368e-25,0.814164310828932,0.989,0.791,1.46056066277646e-20,"12","Nrg1"
5.49363170014733e-17,0.813185940670705,0.819,0.46,1.37500107822988e-12,"12","Fam189a1"
3.89242481541401e-22,0.812790402636062,1,0.874,9.74235007049973e-18,"12","Negr1"
4.77416718866483e-11,0.810391630706203,0.484,0.233,1.19492630565092e-06,"12","Zfyve28"
2.91156930927955e-12,0.81014280058898,0.547,0.288,7.2873668241958e-08,"12","Cap2"
3.38298670917434e-07,0.808933974290694,0.347,0.155,0.00846727743439247,"12","Lin28b"
3.11134874390237e-10,0.807563932946577,0.608,0.275,7.78739477111323e-06,"12","Unc13b"
3.9729587554009e-14,0.805567420874575,0.625,0.303,9.94391846889292e-10,"12","Syn1"
3.39232687060823e-20,0.805316699159446,0.872,0.524,8.49065492444533e-16,"12","Camk2a"
3.09788080297313e-13,0.804517607495195,0.76,0.414,7.75368586176145e-09,"12","Srrm3"
6.62690212948644e-24,0.800193913438253,0.947,0.587,1.65864733398916e-19,"12","Kcnb2"
4.96220465396264e-08,0.787212505430325,0.394,0.182,0.00124199020284031,"12","Dok5"
4.44289395371183e-13,0.783695320769655,0.621,0.318,1.11201192767453e-08,"12","Miat"
4.4527201638702e-11,0.7755252134843,0.853,0.506,1.11447132981507e-06,"12","Ncald"
5.87638261501383e-09,0.774594218129669,0.72,0.413,0.000147079980471181,"12","Gm15577"
6.37898587512016e-11,0.773011458735002,0.731,0.402,1.59659637468382e-06,"12","Prickle1"
7.006918487098e-25,0.772286246157707,0.922,0.553,1.75376162813576e-20,"12","Robo2"
2.82592824287492e-07,0.772114015145588,0.36,0.176,0.00707301579909164,"12","Gm14372"
1.17641459288097e-17,0.766595865336665,0.764,0.419,2.94444808452179e-13,"12","D430041D05Rik"
3.52178121601663e-12,0.765820568795013,0.568,0.292,8.81466620556803e-08,"12","Wscd2"
1.83228623288773e-17,0.765770804259515,0.688,0.356,4.5860292122947e-13,"12","Pfkp"
3.22747054728617e-08,0.765363226730689,0.312,0.13,0.000807803603280256,"12","Mtmr12"
6.20569713311394e-15,0.761130042114355,0.632,0.32,1.55322393544709e-10,"12","Srrm4"
3.20165003398356e-07,0.76041615299548,0.461,0.227,0.00801340987005745,"12","Dmtn"
2.47952535169981e-09,0.75637189393841,0.362,0.177,6.20600400276946e-05,"12","Mir124-2hg"
1.87649161068384e-15,0.756315978059863,0.731,0.387,4.69667085238059e-11,"12","Aff2"
1.01182816732914e-18,0.755909905997542,0.85,0.507,2.5325047200081e-14,"12","Cacnb4"
4.31338375375705e-09,0.754212182992348,0.417,0.2,0.000107959681972785,"12","Rnf217"
7.32891653722088e-12,0.752881153911668,0.754,0.41,1.83435452010101e-07,"12","Gucy1a2"
1.97550668173503e-27,0.750869986452544,0.981,0.728,4.94449567371461e-23,"12","Phactr1"
4.15699240387011e-09,0.750528857527409,0.531,0.28,0.000104045362876465,"12","Bicdl1"
3.5174768844067e-09,0.749209790522881,0.354,0.163,8.80389289398154e-05,"12","L1cam"
1.57350246067582e-10,0.748837158774463,0.564,0.27,3.93831930882551e-06,"12","Nin"
1.66230883307985e-09,0.748332330862433,0.493,0.238,4.16059277831555e-05,"12","Cdkl5"
8.31260337266337e-14,0.746490323115523,0.714,0.366,2.08056149814391e-09,"12","Plxna2"
2.12772555171475e-22,0.746291186570429,0.966,0.682,5.32548428338684e-18,"12","Ptprn2"
1.65949676488986e-17,0.74516989061095,0.754,0.405,4.15355445284282e-13,"12","Adcy2"
5.11476080693976e-09,0.744940352214208,0.453,0.23,0.000128017348236895,"12","Fhod3"
2.60726667934045e-14,0.744256819455585,0.886,0.518,6.52572777172122e-10,"12","Khdrbs2"
1.63240240639172e-09,0.744230567390087,0.423,0.206,4.08573998295784e-05,"12","Cpne7"
4.08840580431292e-17,0.743499563270531,0.869,0.504,1.02328708876148e-12,"12","Atrnl1"
1.87903320848948e-08,0.742710827841949,0.314,0.143,0.000470303221752832,"12","Hpcal1"
5.67060507452903e-21,0.742521046680944,0.928,0.64,1.41929574410387e-16,"12","Hivep2"
9.8850920215971e-22,0.741034655376899,0.971,0.713,2.47413968208554e-17,"12","Kcnma1"
9.80453298751445e-15,0.740802276182319,0.958,0.8,2.45397656144499e-10,"12","Lrrtm4"
7.15003458919116e-14,0.7407716057708,0.56,0.284,1.78958215732866e-09,"12","Map6"
2.89144306819694e-21,0.738081361707376,0.68,0.31,7.23699285539012e-17,"12","Htr1f"
1.19678549509926e-13,0.732924302746184,0.585,0.289,2.99543441568393e-09,"12","Glp2r"
5.92496630094496e-17,0.731379479123672,0.781,0.461,1.48295981546351e-12,"12","Unc80"
3.695243740625e-13,0.728741110009166,0.722,0.417,9.24882555841031e-09,"12","St6galnac3"
7.66010154488237e-16,0.727568572022385,0.861,0.512,1.91724681566861e-11,"12","Gabbr2"
9.59371091532942e-18,0.723901797686367,0.844,0.483,2.4012099049978e-13,"12","Pcsk2"
3.07374607891527e-08,0.722876360315688,0.383,0.175,0.000769327906091702,"12","Actn1"
2.22260723704714e-11,0.721195388841466,0.434,0.206,5.56296365360529e-07,"12","Ephb2"
8.64548968928098e-12,0.71995630835363,0.987,0.882,2.16387961433014e-07,"12","Lrp1b"
1.08972240227998e-12,0.714821194104212,0.952,0.681,2.72746620066655e-08,"12","Ctnna3"
6.71204177333716e-16,0.712622339583,0.859,0.544,1.67995693544856e-11,"12","Agbl4"
1.95472386921382e-09,0.709048549886426,0.787,0.453,4.89247837225526e-05,"12","Scn2a"
1.12309658690405e-12,0.708527865418504,0.442,0.211,2.81099844736215e-08,"12","Larp1b"
5.50320554929697e-23,0.708346864886703,0.97,0.736,1.37739731693354e-18,"12","Kalrn"
1.51927383441022e-18,0.708127772503134,0.91,0.59,3.80259048014534e-14,"12","Map1b"
3.32887496124042e-08,0.7077675204692,0.263,0.112,0.000833184114048864,"12","Coro2a"
1.94703712747777e-12,0.706769029716186,0.842,0.498,4.87323922636412e-08,"12","Lrrtm3"
1.96367309000237e-09,0.70651841566936,0.623,0.306,4.91487737696694e-05,"12","Fstl5"
1.00839515270685e-14,0.706471850353369,0.851,0.499,2.52391222770997e-10,"12","Tafa2"
5.89735298205672e-24,0.706351786621366,0.975,0.736,1.47604847787898e-19,"12","Fgf12"
1.54161198166305e-15,0.705823546281258,0.949,0.646,3.85850062890446e-11,"12","Cacna1a"
5.03881560699976e-10,0.705096634086879,0.482,0.233,1.26116515827597e-05,"12","Slc16a7"
1.72756945038129e-12,0.704412415448805,0.598,0.306,4.32393357735932e-08,"12","Itpr1"
3.66021802514401e-09,0.70439851151919,0.63,0.325,9.16115969513295e-05,"12","Gm28376"
7.8219218566178e-08,0.701306106556751,0.36,0.178,0.00195774882149287,"12","Pcsk2os2"
2.78145491284948e-09,0.700388228688833,0.728,0.436,6.96170350137096e-05,"12","Jazf1"
1.63031202930698e-12,0.697917395013833,0.608,0.303,4.08050797815244e-08,"12","Cdh11"
1.9026541318906e-09,0.697204156055591,0.444,0.223,4.76215302670899e-05,"12","Gm16083"
4.01548045625928e-10,0.696495931327936,0.691,0.37,1.00503460339713e-05,"12","Grm1"
3.40708949214757e-15,0.6932088212088,0.699,0.374,8.52760428989616e-11,"12","Sorcs2"
2.64177351635123e-11,0.691870781528952,0.611,0.318,6.61209493407549e-07,"12","Kcnj6"
9.91220367695433e-08,0.691126702226667,0.486,0.244,0.0024809254583049,"12","Gabra3"
9.16459506318424e-09,0.690843282868289,0.51,0.279,0.000229380649836438,"12","Grik3"
8.88584589329133e-15,0.68929897783101,0.682,0.383,2.22403836863189e-10,"12","B830012L14Rik"
3.14481218497427e-11,0.685496556416979,0.844,0.466,7.8711504177721e-07,"12","Ldb2"
2.73032089116378e-07,0.681703384103674,0.356,0.185,0.00683372015849382,"12","Gm45645"
4.19916168637788e-11,0.680959081419854,0.701,0.415,1.05100817848352e-06,"12","Macrod2os1"
9.89472527799265e-11,0.677725889077231,0.697,0.459,2.47655078982878e-06,"12","Cntnap5b"
9.96949059671578e-08,0.674444882499713,0.459,0.206,0.00249526380145199,"12","Hs3st5"
6.27407171019283e-14,0.670181239697877,0.63,0.342,1.57033740834416e-09,"12","Gap43"
1.80131338671214e-09,0.669983218185758,0.461,0.232,4.50850727560181e-05,"12","Eml1"
4.03671673186329e-10,0.669132850088311,0.63,0.344,1.01034983081806e-05,"12","Pknox2"
1.18880727538672e-12,0.668748541064448,0.411,0.201,2.97546572956543e-08,"12","Slc6a17"
2.47116865015179e-10,0.667803456301458,0.547,0.295,6.18508801446492e-06,"12","Gm11099"
3.42864071531005e-10,0.665289575003413,0.914,0.589,8.58154484634953e-06,"12","Kcnh7"
1.67445537777561e-09,0.664254328782626,0.421,0.203,4.19099436503457e-05,"12","Atp11b"
1.37481413413085e-11,0.663708450815979,0.766,0.439,3.44102229631611e-07,"12","Iqsec1"
1.69204127421528e-07,0.662145209825771,0.764,0.455,0.00423501010523344,"12","Scn8a"
2.46422595243604e-11,0.659868243492486,0.76,0.427,6.16771113635217e-07,"12","Chd5"
1.06306571470359e-11,0.658159246243296,0.682,0.358,2.66074717733163e-07,"12","Camk2b"
6.80331161866103e-10,0.657930917479212,0.385,0.202,1.70280086503467e-05,"12","Nup93"
5.25538512032581e-21,0.656267785281654,0.989,0.734,1.31537034176635e-16,"12","Grin2b"
1.85173280374493e-09,0.656158906636348,0.411,0.208,4.63470203449319e-05,"12","Clmp"
1.61900895796561e-12,0.655876443081695,0.775,0.444,4.05221752089214e-08,"12","Dync1i1"
7.98399431463898e-09,0.655725167121897,0.56,0.271,0.000199831393701099,"12","Iqgap2"
3.67156355668681e-09,0.654286946030353,0.655,0.377,9.18955642603142e-05,"12","Ank"
6.2306737730373e-08,0.653970242424494,0.251,0.117,0.00155947533865351,"12","Arhgap10"
9.00549600608583e-14,0.652653559688322,0.777,0.438,2.25398559536322e-09,"12","Ccdc85a"
4.16359352913681e-14,0.652151631303246,0.463,0.213,1.04210582440765e-09,"12","Man1c1"
1.11430656755137e-13,0.644901226943777,0.947,0.692,2.78899790792433e-09,"12","Dcc"
7.81357452152097e-13,0.643853919564393,0.44,0.204,1.95565956699148e-08,"12","Camkv"
1.77260060988232e-13,0.64240078880743,0.627,0.35,4.43664206647447e-09,"12","Me3"
7.01599735678762e-08,0.641842964834441,0.547,0.285,0.00175603397843037,"12","Nol4l"
6.47037263618115e-08,0.640864162740483,0.52,0.269,0.00161946956710978,"12","Ttll11"
2.89949696498984e-13,0.639181178349065,0.714,0.393,7.25715095367308e-09,"12","Fam135b"
2.59166860807451e-09,0.638746047302237,0.554,0.322,6.48668735914969e-05,"12","Timp4"
6.14845784191455e-11,0.638287526218245,0.773,0.462,1.53889751325279e-06,"12","Rasal2"
7.93837798234594e-29,0.637960720117399,1,0.946,1.98689662520136e-24,"12","Meg3"
2.18602063429723e-08,0.633684477100849,0.267,0.111,0.000547139104558255,"12","Plekhg5"
3.5305777931908e-07,0.632811248314271,0.429,0.242,0.00883668315857724,"12","A230004M16Rik"
2.04990152026813e-11,0.631797470550873,0.773,0.399,5.13069851507911e-07,"12","Ptprk"
6.38515893998957e-08,0.631071738194287,0.375,0.188,0.00159814143108999,"12","Lzts1"
2.37556757801159e-10,0.630376259073227,0.429,0.211,5.9458080910052e-06,"12","Asxl3"
1.43436175202772e-10,0.629581039670802,0.343,0.161,3.59006402915019e-06,"12","Plec"
1.02198391706588e-13,0.628077245853253,0.699,0.389,2.5579235460242e-09,"12","Ncoa7"
3.46124576609698e-13,0.627379506775712,0.57,0.294,8.66315202796413e-09,"12","Ulk4"
3.13655147325943e-08,0.626590658722382,0.547,0.309,0.000785047468242103,"12","Add2"
1.31581783157347e-11,0.626151518471305,0.52,0.271,3.29336045064524e-07,"12","Syt7"
3.04591978276642e-09,0.624911906833393,0.84,0.495,7.62363262428607e-05,"12","Gabra2"
4.69287427852455e-12,0.623984206554012,0.903,0.572,1.17457950317191e-07,"12","Samd12"
1.34939136794583e-07,0.623045851829333,0.562,0.314,0.00337739165483162,"12","Brinp2"
5.41688109341617e-10,0.622627981786304,0.834,0.571,1.35579116887113e-05,"12","Syn2"
1.69214717441418e-08,0.61771392393713,0.716,0.407,0.000423527516284125,"12","Fnbp1l"
2.17850712451977e-08,0.615496884940876,0.476,0.246,0.000545258548196052,"12","Dlgap3"
6.44188570219769e-13,0.614454914282234,0.808,0.449,1.61233957240306e-08,"12","Tmem132b"
2.68474590765141e-08,0.612726121157062,0.417,0.212,0.000671965053226072,"12","Gm1043"
1.18857781909482e-09,0.612481521297442,0.434,0.216,2.97489142341244e-05,"12","Cacng3"
2.05316699303066e-20,0.610034415479339,0.979,0.735,5.13887166685644e-16,"12","Lrrc7"
2.54237878654173e-11,0.609605802832194,0.373,0.172,6.3633198648353e-07,"12","Lmo4"
1.64281206559694e-13,0.609476591851407,0.796,0.455,4.11179431898259e-09,"12","Hecw1"
4.90471898485317e-15,0.607737640948969,0.783,0.405,1.2276021147189e-10,"12","Rapgef5"
1.05769208077572e-12,0.606443432367996,0.832,0.512,2.64729750897355e-08,"12","Elavl3"
7.40718742985728e-23,0.605568519191263,0.874,0.466,1.85394494181898e-18,"12","Grm8"
2.47850858347409e-08,0.605148439483842,0.543,0.296,0.00062034591335773,"12","Unc13a"
5.69126898297858e-10,0.604249151110554,0.503,0.263,1.42446771374971e-05,"12","Prkar1b"
2.52970708159899e-16,0.603519610315688,0.971,0.678,6.33160385453412e-12,"12","Ralyl"
1.91781070348346e-08,0.603249464050488,0.432,0.208,0.000480008840974876,"12","Mpdz"
2.32669551230529e-09,0.600659237539807,0.695,0.396,5.82348619774892e-05,"12","Galnt18"
4.71702906185828e-14,0.600277975048643,0.96,0.645,1.18062520389251e-09,"12","Rian"
6.90712930142756e-13,0.597282816617451,0.789,0.472,1.7287853928543e-08,"12","Shank2"
7.03303263327933e-15,0.59647778329214,0.979,0.764,1.76029773778348e-10,"12","Grik2"
1.07106045692509e-23,0.596341067565696,0.998,0.926,2.68075721763781e-19,"12","Csmd1"
6.75482610846071e-09,0.595950162373648,0.716,0.44,0.000169066542668663,"12","Gramd1b"
1.19066583301488e-08,0.591321033530225,0.709,0.423,0.000298011751345293,"12","Rasgrf1"
2.02146236360721e-09,0.588999621622425,0.61,0.343,5.05951814987248e-05,"12","Svop"
1.10566032264757e-11,0.587844251402543,0.73,0.411,2.7673572215546e-07,"12","Lrfn2"
5.46663816233305e-10,0.586146634705864,0.503,0.265,1.36824486565034e-05,"12","Ppp2r2c"
4.01492700810711e-17,0.585820363034711,0.947,0.67,1.00489608085913e-12,"12","Prkce"
7.60148084878757e-10,0.583494348086263,0.579,0.316,1.90257464164304e-05,"12","Arhgef28"
2.57070405291269e-11,0.583210390150269,0.874,0.607,6.43421517403518e-07,"12","Kcnq1ot1"
4.48593369811827e-11,0.583072061708073,0.817,0.488,1.12278434530202e-06,"12","Mctp1"
1.5268081493969e-20,0.582000580663817,0.987,0.809,3.82144811712551e-16,"12","Macrod2"
6.5674873385727e-16,0.581009978340584,0.985,0.848,1.64377640597136e-11,"12","Adgrl3"
5.83454426654437e-11,0.580148818303772,0.731,0.439,1.46032808447339e-06,"12","Rab3c"
5.56592323215936e-08,0.579854721720968,0.823,0.556,0.00139309492577717,"12","Ext1"
2.21386393575198e-12,0.579474820191062,0.851,0.606,5.54108004479363e-08,"12","R3hdm1"
3.43606411509022e-07,0.579336885898336,0.326,0.155,0.00860012487365932,"12","Cyth3"
1.29664601016041e-10,0.57920354198865,0.566,0.296,3.2453752988305e-06,"12","Myh10"
7.95568284151934e-13,0.575305601606247,0.975,0.735,1.99122785840387e-08,"12","Ahi1"
2.49589930786279e-08,0.571934485893527,0.577,0.298,0.000624698637764977,"12","Eda"
3.59520669058279e-11,0.570424501335747,0.461,0.244,8.99844282585965e-07,"12","Dop1b"
1.2334263438433e-10,0.56982214485017,0.76,0.454,3.0871427960054e-06,"12","Gls"
2.94659482450051e-07,0.569696596182357,0.343,0.146,0.00737503218624232,"12","Stx1a"
1.35453097152391e-07,0.569112806537747,0.379,0.184,0.0033902555686272,"12","Cacna1g"
8.2766601635357e-08,0.567677578786839,0.587,0.323,0.00207156527233135,"12","Ptprn"
1.59638716376985e-14,0.566959572445736,0.655,0.36,3.99559743219956e-10,"12","Nos1ap"
6.21209469169444e-10,0.566474822846656,0.81,0.49,1.5548251803842e-05,"12","Kcnd3"
1.49858761404421e-10,0.565760645864069,0.695,0.394,3.75081493919125e-06,"12","Reep1"
4.69475509195047e-08,0.565527965151527,0.547,0.286,0.00117505025196428,"12","Rap1gap2"
1.3672791124288e-08,0.565370915490564,0.528,0.285,0.000342216289049804,"12","Gm16183"
3.00196681751966e-10,0.561723915399506,0.646,0.391,7.51362274756995e-06,"12","Sh3gl2"
1.61697495101106e-07,0.561347498707047,0.855,0.555,0.00404712660488558,"12","Ppm1e"
8.34758382371095e-11,0.558898684000709,0.909,0.577,2.08931675523661e-06,"12","Mef2c"
3.93206732605483e-12,0.55877311648904,0.505,0.241,9.84157131038263e-08,"12","Kcnk10"
4.42320189494865e-08,0.557188533576265,0.771,0.463,0.0011070832022867,"12","Galnt17"
2.68326653811703e-07,0.557099485846456,0.718,0.427,0.00671594781825311,"12","Sez6l"
4.20094535342582e-18,0.553953039214419,0.998,0.885,1.05145461250895e-13,"12","Adgrb3"
4.53787331440975e-11,0.553633312239051,0.766,0.471,1.13578431186362e-06,"12","Apba2"
2.35804113579247e-10,0.55273247897297,0.392,0.202,5.90194115877496e-06,"12","Ajap1"
1.64283135603651e-15,0.552692623589091,0.884,0.593,4.11184260102379e-11,"12","Otud7a"
3.76888803280317e-07,0.551699947821074,0.459,0.244,0.00943314985730305,"12","A530046M15Rik"
4.58427251397559e-08,0.551662411575747,0.438,0.253,0.00114739756752295,"12","Gm38251"
2.02005643185882e-10,0.548595152501879,0.434,0.223,5.05599924329945e-06,"12","Eml2"
4.88578066527905e-10,0.541523298596576,0.846,0.56,1.22286204271269e-05,"12","Cdk14"
2.21058409891904e-07,0.538255518835251,0.509,0.278,0.00553287094118446,"12","Stmn2"
2.37239273519951e-07,0.536887707372473,0.642,0.376,0.00593786177693084,"12","Rnf150"
1.65453379532493e-08,0.535983676649568,0.625,0.38,0.000414113263631878,"12","4930532I03Rik"
9.87167692010236e-09,0.53366110735474,0.43,0.226,0.000247078201633242,"12","Rab11fip4"
3.13888477373947e-10,0.532535993350212,0.539,0.289,7.85631470019252e-06,"12","Fstl4"
1.37174933769569e-09,0.531949244289407,0.653,0.385,3.43335141731854e-05,"12","Iqsec2"
6.66834407560651e-09,0.531639609314699,0.518,0.279,0.000166901983868355,"12","Bcl11b"
2.20139792621531e-14,0.530705895094494,0.998,0.911,5.5098788695243e-10,"12","Nlgn1"
1.38941457718048e-10,0.529165631814208,0.41,0.216,3.47756574522502e-06,"12","Lmtk3"
2.25633081246205e-07,0.528396212085701,0.476,0.246,0.00564737039051126,"12","Tmem117"
6.52280175752307e-10,0.527854759548392,0.503,0.266,1.63259205189045e-05,"12","Ccdc148"
2.81413695598111e-08,0.527486178886255,0.53,0.285,0.000704350338712511,"12","Nova2"
1.1527131934959e-11,0.525868973175874,0.941,0.674,2.88512585200089e-07,"12","Erc2"
1.29575786384667e-07,0.52551350895555,0.436,0.245,0.00324315235742184,"12","Gm49417"
1.58661854255784e-12,0.52475301689785,0.432,0.23,3.97114755016802e-08,"12","B230209E15Rik"
1.06581808910183e-12,0.524303178923435,0.783,0.463,2.66763609521297e-08,"12","Hcn1"
3.98994112382307e-10,0.524285541983052,0.973,0.727,9.98642363881677e-06,"12","Ube3a"
3.52730133641437e-18,0.521649288993766,0.937,0.596,8.82848251491153e-14,"12","Kcnq5"
2.99011886842145e-10,0.521592584160539,0.76,0.465,7.48396851577204e-06,"12","Ksr2"
1.42712578712695e-08,0.520839470175375,0.488,0.281,0.000357195313260005,"12","Hace1"
1.30316096533053e-12,0.516653013201297,0.775,0.467,3.26168158012577e-08,"12","Ablim1"
1.04036313327538e-10,0.515690651765933,0.642,0.358,2.60392488627494e-06,"12","Ablim2"
1.08860822012362e-09,0.515276853549025,0.949,0.638,2.72467751414741e-05,"12","Myt1l"
1.76504253555022e-19,0.512337290358409,0.99,0.869,4.41772496222863e-15,"12","Ank2"
2.57240935670981e-07,0.510688645453273,0.486,0.264,0.00643848337890897,"12","2210408F21Rik"
5.13467036628503e-13,0.503658280401396,0.968,0.698,1.28515664597748e-08,"12","Cacna1c"
2.81241864313118e-10,0.502149659451509,0.73,0.425,7.03920262189303e-06,"12","Klhl29"
1.44444749106324e-08,0.50206288140747,0.968,0.694,0.000361530762538219,"12","Snhg14"
6.02870104475316e-22,5.67290236161936,0.27,0.013,1.50892358449127e-17,"13","Veph1"
2.18121602607971e-19,5.14353447030853,0.288,0.015,5.4593655916749e-15,"13","Gm29260"
1.24211259044088e-20,5.12873272725912,0.288,0.019,3.10888360261448e-16,"13","Gm10561"
1.02982036195442e-11,4.20958817682131,0.257,0.033,2.57753738393571e-07,"13","Vit"
5.28052487330015e-36,3.93169966851319,0.556,0.073,1.32166257053829e-31,"13","Tnc"
7.48777663182007e-41,3.85065638060774,0.608,0.098,1.87411561317825e-36,"13","8030451A03Rik"
7.75815811784703e-28,3.74139599182573,0.381,0.077,1.94178939531593e-23,"13","Adgrv1"
2.71242436116927e-26,3.39420054496634,0.472,0.087,6.78892693357057e-22,"13","Gm973"
2.73976467009132e-12,3.18503768842554,0.25,0.054,6.85735699277156e-08,"13","Lrp4"
5.09220919563474e-16,3.1381479440149,0.312,0.057,1.27452903957542e-11,"13","Gli2"
8.85572650408447e-36,3.13322563730131,0.57,0.131,2.2164997867073e-31,"13","Lama2"
5.48081561487133e-24,3.05985646761666,0.474,0.149,1.37179334024614e-19,"13","Clu"
2.00793892274854e-12,3.00408531487608,0.267,0.067,5.02567032974731e-08,"13","Notch2"
2.1894430519722e-21,2.96160493169871,0.406,0.084,5.47995701478122e-17,"13","Prdm16"
3.49383631689524e-69,2.91911643695021,0.926,0.432,8.74472291755709e-65,"13","Msi2"
3.01177965042914e-11,2.86465800724549,0.341,0.111,7.53818328705909e-07,"13","Egfr"
5.54744422499105e-20,2.84969857102963,0.448,0.093,1.38846981507301e-15,"13","Gm6145"
8.77040717012031e-24,2.82806825875791,0.554,0.195,2.19514521060941e-19,"13","Prex2"
1.67273868156336e-11,2.81049449170794,0.331,0.117,4.18669764608494e-07,"13","Bmper"
9.9191549080641e-57,2.75272477343971,0.832,0.239,2.48266528193936e-52,"13","Slc1a3"
1.85715665765125e-13,2.73222474163557,0.423,0.147,4.64827739843532e-09,"13","Gm29683"
6.12120499490186e-68,2.68909552620333,0.933,0.561,1.53207639817399e-63,"13","Zbtb20"
1.94979295990205e-11,2.66567172258657,0.347,0.134,4.88013679933883e-07,"13","Sncaip"
3.56656353780813e-11,2.6558631277852,0.408,0.165,8.92675187877996e-07,"13","Zhx2"
3.4831589985266e-36,2.57926103532769,0.749,0.37,8.71799865741222e-32,"13","Rgs20"
1.05048759662306e-13,2.56997614914936,0.284,0.084,2.62926540558786e-09,"13","Pla2g7"
4.3144597973414e-10,2.56651093486835,0.25,0.074,1.07986614267658e-05,"13","Palld"
1.73679653382239e-12,2.55716316050731,0.383,0.137,4.34702804450405e-08,"13","Lhfp"
3.02907018169936e-30,2.51191828211076,0.629,0.206,7.58145975777533e-26,"13","Plpp3"
2.88932730782623e-10,2.47979831082616,0.259,0.073,7.23169731875827e-06,"13","Mfge8"
4.92095627976468e-26,2.44374611702865,0.549,0.188,1.2316661472623e-21,"13","Apoe"
1.1378561342904e-14,2.40744728443665,0.406,0.188,2.84794011851544e-10,"13","Arap2"
9.97756626934445e-20,2.39322381533406,0.509,0.272,2.49728506155422e-15,"13","Sumo1"
8.98162426488143e-17,2.38716972429913,0.417,0.173,2.24801073725717e-12,"13","Acsl3"
2.20944738786095e-16,2.38322088384654,0.423,0.172,5.53002586707716e-12,"13","Chd7"
3.85932277329415e-16,2.37348944942726,0.368,0.102,9.65949896927792e-12,"13","Gli3"
5.26555494645801e-08,2.36818042177946,0.276,0.105,0.00131791574754897,"13","Rgma"
4.19368730266176e-52,2.36673323407598,0.914,0.549,1.04963799498321e-47,"13","Wdr17"
2.36851879736173e-07,2.36404894732681,0.32,0.157,0.00592816569791667,"13","9530026P05Rik"
3.19478626947639e-26,2.35387202144422,0.625,0.365,7.99623055387246e-22,"13","Gm48742"
5.12006225740375e-12,2.34384290447947,0.314,0.13,1.28150038240558e-07,"13","Gm5089"
2.09092835807313e-16,2.33016622243479,0.413,0.133,5.23338458742125e-12,"13","Hepacam"
1.07880009233664e-07,2.31960947054516,0.331,0.147,0.00270012875110937,"13","Nxn"
1.94217112396957e-11,2.27268985253546,0.375,0.171,4.86106010618345e-07,"13","Clybl"
5.17451549760533e-12,2.26944647871873,0.322,0.134,1.29512948389564e-07,"13","Rfx4"
1.88413883309407e-11,2.24636302322181,0.316,0.113,4.71581108535115e-07,"13","Glis3"
2.46320746006129e-08,2.24540850160182,0.404,0.226,0.000616516195178741,"13","Tead1"
1.13952115269535e-22,2.23897395666198,0.579,0.194,2.85210749308119e-18,"13","Rorb"
3.69046148880753e-14,2.23649686065139,0.383,0.132,9.23685606033636e-10,"13","Acss1"
1.32996870538968e-34,2.22739781676263,0.771,0.506,3.32877867271983e-30,"13","Dtna"
2.02307881412599e-14,2.22690027024273,0.571,0.387,5.06356396387595e-10,"13","Fars2"
2.23362018662406e-47,2.2161666567178,0.857,0.395,5.59052796510136e-43,"13","Nfia"
1.21920940097948e-16,2.18852920540802,0.446,0.234,3.05155920971153e-12,"13","Mapk4"
1.07421586663642e-37,2.18347603482419,0.821,0.603,2.68865489260429e-33,"13","Cpe"
5.8069903549737e-64,2.17568203047134,0.975,0.769,1.45343161594637e-59,"13","Mir99ahg"
1.04032322646851e-07,2.1704134239447,0.43,0.242,0.00260382500352803,"13","Gm11146"
1.42412141361622e-50,2.14337262619047,0.865,0.387,3.56443348614005e-46,"13","Slc1a2"
5.15991686027953e-09,2.12937898748705,0.301,0.109,0.000129147559095936,"13","Phkg1"
1.35051227384983e-22,2.11239368257766,0.526,0.23,3.38019717021875e-18,"13","Cst3"
4.16680383689568e-16,2.08235649199863,0.467,0.194,1.04290933233662e-11,"13","E130114P18Rik"
6.4978489757235e-18,2.0818317856685,0.535,0.224,1.62634662013384e-13,"13","Sparcl1"
5.0839285490636e-15,2.03469706602823,0.301,0.088,1.27245647654513e-10,"13","Slco1c1"
1.4484157184477e-17,2.03223479160382,0.531,0.283,3.62523970170275e-13,"13","Sfxn5"
3.44024465687209e-32,2.03088818704658,0.749,0.491,8.61058835168516e-28,"13","Pitpnc1"
1.45508421836429e-13,2.02168403921034,0.429,0.214,3.64193029014399e-09,"13","Prkd1"
4.66206416321932e-08,1.99214640182592,0.356,0.183,0.00116686803941216,"13","Plce1"
7.43387296699627e-08,1.96357637210942,0.276,0.144,0.0018606240649095,"13","Pard3bos1"
2.05958369385473e-07,1.95282754784509,0.284,0.141,0.00515493202734901,"13","Fads2"
3.99691468224716e-15,1.95064373783445,0.53,0.279,1.00038777581964e-10,"13","Pard3b"
1.01388140238561e-10,1.93119675671161,0.335,0.169,2.53764376203095e-06,"13","Arhgef26"
1.35184883211252e-43,1.84406048342174,0.888,0.686,3.38354244189443e-39,"13","Mir100hg"
1.86978166930638e-07,1.82765709651934,0.368,0.214,0.00467987654010694,"13","Bcl2"
6.49529135783654e-11,1.82651048797405,0.33,0.129,1.62570647395291e-06,"13","Nwd1"
3.28323304834699e-08,1.76013169216423,0.328,0.135,0.000821760399670769,"13","Paqr8"
2.95039524768824e-17,1.7437476279024,0.65,0.507,7.38454426543888e-13,"13","Kif21a"
1.28058080470825e-29,1.70777467457492,0.83,0.694,3.20516569610427e-25,"13","Ntrk2"
3.90636568299669e-08,1.6834517480432,0.524,0.385,0.000977724266797241,"13","Grk3"
8.63116151442936e-08,1.67344346517623,0.356,0.219,0.00216029341544653,"13","Myo6"
9.9391625142135e-08,1.65578309016078,0.457,0.361,0.0024876729856825,"13","Gm38604"
2.74580007309652e-13,1.63713055233667,0.566,0.357,6.87246300295327e-09,"13","Trps1"
3.00560725500955e-07,1.62634727285158,0.577,0.477,0.00752273439856339,"13","Zeb1"
2.49974620560407e-40,1.60425278955723,0.888,0.555,6.25661477800644e-36,"13","Ptprz1"
1.82061569884701e-21,1.58633462486702,0.693,0.496,4.55681903264418e-17,"13","Nfib"
3.68810740282695e-18,1.56127111287235,0.653,0.59,9.23096401853557e-14,"13","Sorbs1"
7.67644949767029e-25,1.51730871138013,0.754,0.614,1.9213385447719e-20,"13","Gpm6b"
1.48110804034805e-13,1.50698770790876,0.619,0.446,3.70706531418715e-09,"13","Hdac8"
5.27799089574702e-14,1.47401541974162,0.53,0.216,1.32102834129652e-09,"13","Atp1a2"
3.16955061679451e-26,1.47034360494557,0.834,0.724,7.93306823877499e-22,"13","Pbx1"
6.38553837222627e-21,1.4591474661493,0.72,0.326,1.59823639918451e-16,"13","Sox6"
4.04763550461838e-32,1.41704131959304,0.886,0.715,1.01308269045093e-27,"13","Rora"
1.6054568306826e-18,1.38357130373825,0.707,0.442,4.01829790151549e-14,"13","Maml2"
1.69793922278617e-19,1.34099407597057,0.71,0.454,4.2497720807115e-15,"13","Gm3764"
2.79391664366818e-07,1.32021628310968,0.552,0.437,0.00699289396743709,"13","Igf1r"
8.37306354355921e-12,1.294409146344,0.663,0.5,2.09569407431744e-07,"13","Nckap5"
3.07665032440512e-24,1.26370697224335,0.905,0.793,7.70054809695358e-20,"13","Nrg1"
8.33741880682006e-09,1.1963311198031,0.537,0.545,0.000208677255315899,"13","Fam172a"
3.62758536312171e-15,1.1775991394349,0.733,0.626,9.07948340535732e-11,"13","Gm35188"
4.0422524900685e-12,1.13049494167261,0.76,0.718,1.01173537573924e-07,"13","Gabrb1"
1.2558900404097e-07,1.11894815334566,0.653,0.638,0.00314336718214143,"13","Luc7l3"
2.10757915346828e-09,1.11269927316389,0.568,0.46,5.27505986321576e-05,"13","Tox"
3.25700048624762e-15,1.09031179960349,0.815,0.757,8.15194651702918e-11,"13","Son"
5.81354037652347e-10,0.854295779753058,0.815,0.622,1.45507102084006e-05,"13","Npas3"
4.11785580546707e-08,0.839411771719523,0.714,0.528,0.00103065812955035,"13","Qk"
6.45061414694576e-15,0.75353221996329,0.73,0.457,1.61452421483905e-10,"13","Meis2"
1.10763045627129e-09,0.712910272264839,0.89,0.839,2.7722882690014e-05,"13","Ctnnd2"
9.12696337566061e-25,0.687322343137882,0.987,0.926,2.2843876632941e-20,"13","Nrxn1"
1.08986453569755e-12,0.659740800726368,0.87,0.807,2.7278219463974e-08,"13","Ntm"
8.4426810991013e-26,0.658230090321481,1,1,2.11311865229406e-21,"13","Malat1"
8.06342785065264e-23,5.67314175315721,0.289,0.007,2.01819535673985e-18,"14","Adora2a"
1.57305958379e-76,3.95283619880428,0.866,0.138,3.93721083226799e-72,"14","Rarb"
3.78029853749017e-27,2.96241246433371,0.409,0.085,9.46170920948416e-23,"14","Mei4"
4.50789628850872e-28,2.69435184202828,0.533,0.143,1.12828136205085e-23,"14","Gng7"
5.89456851881028e-31,2.68864715727848,0.553,0.127,1.47535155457303e-26,"14","Pde1c"
1.77846099963039e-13,2.41221631258423,0.335,0.094,4.45131003597491e-09,"14","Gm10754"
3.5267339359546e-13,2.40962944834378,0.37,0.12,8.82706236830078e-09,"14","Htr4"
3.37519369088746e-18,2.4041771782416,0.372,0.105,8.44777228892223e-14,"14","Gucy1a1"
7.16775285901426e-14,2.39195028101401,0.325,0.092,1.79401686308268e-09,"14","Myo5b"
1.47830745451817e-39,2.36593374778192,0.746,0.25,3.70005572791352e-35,"14","Pde7b"
2.52067485445808e-37,2.35773168350714,0.713,0.249,6.30899709322313e-33,"14","Gnal"
3.85638849885684e-17,2.31694040609224,0.435,0.119,9.65215477378879e-13,"14","Gm15155"
5.79735660588524e-14,2.31537556576013,0.335,0.085,1.45102038488702e-09,"14","Rgs9"
7.63005754603343e-38,2.28456813027468,0.795,0.312,1.90972710319671e-33,"14","Slc35f3"
4.203950053742e-60,2.28240965678184,0.933,0.497,1.05220665895109e-55,"14","Foxp1"
3.5834149769233e-07,2.25630274784004,0.287,0.091,0.00896892934574134,"14","Actn2"
2.62607011387807e-21,2.21234386004583,0.368,0.093,6.57279088802542e-17,"14","Cacna2d2"
1.04723842792821e-25,2.20950902739241,0.553,0.205,2.62113306126151e-21,"14","Adcy5"
6.41981284783192e-24,2.20065561278039,0.661,0.255,1.60681495768385e-19,"14","Elmod1"
6.87368743350108e-14,2.18495774818809,0.301,0.077,1.72041522773098e-09,"14","Zfhx4"
9.4435862550317e-25,2.184271056104,0.533,0.175,2.36363520377188e-20,"14","Efna5"
3.05792853733778e-33,2.18145434519482,0.608,0.198,7.65368933610273e-29,"14","Tmtc1"
1.16945459445885e-58,2.16604499734525,0.959,0.577,2.92702790447107e-54,"14","Sgcz"
2.66626510790293e-29,2.10982986434746,0.707,0.228,6.67339493857024e-25,"14","Bcl11a"
4.57455247260044e-09,2.04936164643504,0.278,0.084,0.000114496473836716,"14","Klhl1"
1.01843510033518e-22,2.0123012354204,0.537,0.199,2.54904121262893e-18,"14","Plcxd3"
1.7257185173701e-12,1.99368798549352,0.364,0.135,4.31930087712562e-08,"14","Cdh6"
4.45285452425683e-10,1.95972268011521,0.317,0.115,1.11450495887624e-05,"14","Arhgap10"
9.52837033471094e-23,1.94576635177227,0.689,0.351,2.3848558110748e-18,"14","Hs6st3"
1.44532968318933e-14,1.93357835639139,0.38,0.129,3.61751566405456e-10,"14","Gm12064"
1.44622406580052e-17,1.92150868149304,0.409,0.142,3.61975421429212e-13,"14","Dchs2"
2.60545345074244e-26,1.88381507907534,0.646,0.312,6.52118944186326e-22,"14","Htr1f"
7.77958287770476e-30,1.87208473413927,0.811,0.481,1.94715179846073e-25,"14","Mgat4c"
1.04463859345488e-34,1.8290564667411,0.73,0.278,2.61462593555822e-30,"14","Ephb1"
2.12872345100322e-08,1.78378837726208,0.421,0.183,0.000532798192551597,"14","Kctd8"
6.93831834772789e-20,1.75549896793854,0.543,0.251,1.73659169925281e-15,"14","Pdzd2"
6.58609061524175e-29,1.75448162703791,0.73,0.34,1.64843262008886e-24,"14","C2cd2"
3.68933253935022e-27,1.7354015832403,0.738,0.348,9.23403041273967e-23,"14","Neto1"
6.17792001269742e-38,1.73174341458592,0.941,0.554,1.54627159997804e-33,"14","Robo2"
5.98030201333579e-17,1.72505515026653,0.638,0.262,1.49680979091781e-12,"14","Hs3st4"
3.94440898810699e-53,1.69749279951758,0.976,0.45,9.87246125633299e-49,"14","Meis2"
9.58301488996238e-36,1.66314924558705,0.902,0.471,2.39853279680869e-31,"14","Ryr3"
4.46256681739052e-27,1.66005647954324,0.738,0.35,1.11693584872467e-22,"14","Zfp804a"
6.53649121603619e-24,1.64979145310398,0.724,0.356,1.6360183864617e-19,"14","A330015K06Rik"
6.67601655438673e-11,1.63267855745384,0.455,0.197,1.67094018339745e-06,"14","Lmo7"
1.16111764459087e-09,1.61702474318279,0.368,0.17,2.90616135264648e-05,"14","Prmt8"
1.51483601699232e-09,1.60678055045268,0.25,0.111,3.79148306693007e-05,"14","Gm42722"
1.3475170859857e-10,1.60083975416841,0.433,0.211,3.37270051451361e-06,"14","Pifo"
9.9838754273103e-33,1.59229566305384,0.872,0.545,2.4988641807015e-28,"14","Unc5d"
3.68597608774519e-36,1.5754929455082,0.978,0.729,9.22562955001743e-32,"14","Phactr1"
5.52787830844026e-09,1.5744038585289,0.439,0.232,0.000138357266181951,"14","Gm15810"
2.982786765719e-18,1.56374482400786,0.474,0.163,7.4656169959181e-14,"14","Gad2"
2.07388051185891e-38,1.54108186935073,0.972,0.775,5.19071553313166e-34,"14","Tenm2"
1.39342475684987e-08,1.52033037249676,0.329,0.131,0.000348760282391953,"14","Adamts3"
1.01629185060622e-42,1.51738084746297,0.965,0.596,2.54367687288231e-38,"14","Kcnq5"
2.78145091481874e-34,1.50260016664586,0.852,0.479,6.96169349469983e-30,"14","Galnt13"
3.03085071755251e-44,1.49191920994343,0.996,0.791,7.58591626096217e-40,"14","Nrg1"
1.02327550937898e-27,1.47989928497453,0.748,0.407,2.56115627242464e-23,"14","Kcnab1"
6.30494939996972e-08,1.4789430047901,0.274,0.127,0.00157806578531842,"14","Ryr1"
2.1717049008987e-13,1.4590134457771,0.535,0.25,5.43556019645937e-09,"14","Epha4"
6.38559856212827e-16,1.45448274906359,0.583,0.277,1.59825146411509e-11,"14","Bcl11b"
2.65658025866777e-12,1.4507158447738,0.411,0.158,6.64915472941956e-08,"14","Sv2c"
3.60887241314594e-13,1.44990692728637,0.427,0.177,9.03264676286298e-09,"14","Gm10848"
2.60502929656928e-38,1.44709472542157,0.888,0.517,6.52012782638325e-34,"14","Cacnb2"
1.90642203667474e-16,1.41904816892429,0.618,0.31,4.77158371559321e-12,"14","D030068K23Rik"
1.24863470739551e-31,1.41837145592996,0.898,0.519,3.12520780914023e-27,"14","5730522E02Rik"
1.37935586462394e-20,1.40611018039675,0.654,0.298,3.45238979356725e-16,"14","Runx1t1"
3.27374162690376e-14,1.40265436630111,0.624,0.31,8.19384791797743e-10,"14","Esrrg"
1.6504102275532e-23,1.39774877106911,0.86,0.556,4.1308117585429e-19,"14","Pde10a"
1.29971225513016e-08,1.39353311546417,0.445,0.229,0.000325304980336527,"14","Gda"
1.50372131799244e-08,1.39084334089501,0.376,0.19,0.000376366408680329,"14","Rcan2"
2.66387588897425e-13,1.38606843008075,0.535,0.255,6.66741496251365e-09,"14","Adk"
5.75573022849724e-25,1.38573625705916,0.72,0.366,1.44060171889057e-20,"14","Smpd3"
5.9549083047272e-14,1.34359269451191,0.756,0.509,1.49045399959017e-09,"14","Cacna2d3"
1.53627299097334e-09,1.31562531593001,0.415,0.191,3.84513766910716e-05,"14","Ndst3"
1.03764291328094e-10,1.29931577545128,0.431,0.237,2.59711644765087e-06,"14","Ric8b"
1.10800293918012e-13,1.29616497798796,0.51,0.271,2.77322055647393e-09,"14","Gm13269"
4.14854221325014e-12,1.28965563894916,0.587,0.313,1.03833863055438e-07,"14","Ano3"
1.44752982886708e-43,1.27093010933072,0.99,0.769,3.62302240867142e-39,"14","Grid2"
4.58129377823909e-22,1.26248723658851,0.661,0.329,1.14665201975546e-17,"14","Pard3"
2.5283740635116e-45,1.25047092545827,0.998,0.771,6.32826744356319e-41,"14","Grm5"
2.37698354323133e-15,1.24994715701654,0.673,0.391,5.94935211035369e-11,"14","Cntn3"
3.15155608818026e-12,1.24165911416678,0.472,0.248,7.88802973310637e-08,"14","Ammecr1"
4.08624966268819e-10,1.24006169574322,0.508,0.267,1.02274742807423e-05,"14","Lin7a"
7.76998295394246e-13,1.2315020007442,0.61,0.342,1.94474903354226e-08,"14","Slit2"
4.76617048765866e-24,1.22616760486092,0.74,0.46,1.19292481135609e-19,"14","Arhgap26"
2.41722565089376e-28,1.22326227608216,0.795,0.433,6.050074081622e-24,"14","Rbms3"
2.94502337587694e-08,1.20304626429852,0.47,0.255,0.000737109900748238,"14","Gm15261"
1.53521282291485e-10,1.20150879510462,0.526,0.31,3.84248417447358e-06,"14","Trank1"
3.88538961145162e-27,1.1919006005741,0.904,0.569,9.72474165850227e-23,"14","Tenm1"
2.64069135967357e-17,1.19178215514815,0.504,0.241,6.60938640412699e-13,"14","Grik4"
1.41992556121782e-17,1.18968000743648,0.65,0.35,3.55393168717209e-13,"14","Dgkh"
1.88434258425981e-07,1.18314841215193,0.492,0.284,0.00471632105414387,"14","Clvs1"
5.7777658289042e-12,1.17439402874606,0.591,0.384,1.44611700931643e-07,"14","Camk4"
2.35790287698406e-10,1.17012102300065,0.48,0.256,5.9015951108034e-06,"14","Abat"
7.1034815066751e-19,1.15144759303737,0.616,0.354,1.77793038630571e-14,"14","Pde2a"
2.93770084898115e-12,1.15092532648536,0.622,0.364,7.35277145491491e-08,"14","Osbpl8"
7.9307756420532e-14,1.1487908209633,0.402,0.213,1.9849938354495e-09,"14","Pvt1"
1.07079922782009e-08,1.1463098672649,0.388,0.21,0.000268010338731091,"14","Arhgap6"
7.19024763052859e-50,1.14326330834424,1,0.869,1.799647079445e-45,"14","Dlg2"
1.74161122741907e-14,1.13965210984736,0.589,0.36,4.3590787411072e-10,"14","Ablim2"
7.45493056142503e-13,1.13186985785587,0.504,0.276,1.86589457021907e-08,"14","4930587E11Rik"
1.51845666667898e-07,1.13084370661378,0.402,0.236,0.00380054519103082,"14","Zfyve28"
3.78195456084879e-10,1.12841938811916,0.4,0.216,9.46585407034844e-06,"14","2010300C02Rik"
1.75993996100822e-13,1.1192020167981,0.713,0.441,4.40495372840747e-09,"14","Atp2b2"
7.33168505386195e-13,1.11750299753088,0.581,0.363,1.83504745213111e-08,"14","Nos1ap"
6.0827750821156e-19,1.11515582494481,0.691,0.408,1.52245777530271e-14,"14","Chsy3"
7.51492432029082e-28,1.11232273339775,0.837,0.509,1.88091040812559e-23,"14","Rbfox3"
3.18000485427038e-12,1.10538108266565,0.528,0.258,7.95923414975333e-08,"14","Mpped2"
5.7175931982492e-15,1.10431593851779,0.604,0.348,1.43105640158979e-10,"14","Ripor2"
1.78132723097247e-11,1.09734966987376,0.628,0.374,4.45848392640099e-07,"14","Adam23"
5.99723065784484e-48,1.08398786086793,1,0.934,1.50104686135198e-43,"14","Celf2"
6.67813703676044e-08,1.07597601967745,0.409,0.221,0.00167147091893077,"14","Fras1"
4.45191110556306e-12,1.07389893437036,0.717,0.428,1.11426883061138e-07,"14","Sorcs1"
2.97335953426175e-26,1.07325113868124,0.935,0.571,7.44202157830372e-22,"14","Cntnap5a"
1.94301542580162e-08,1.07103274287755,0.415,0.245,0.000486317330923889,"14","9330182L06Rik"
2.67310712408808e-22,1.06684296319144,0.925,0.65,6.69051982088006e-18,"14","Dgkb"
6.98889854319318e-22,1.03824594057938,0.986,0.75,1.74925141637582e-17,"14","Cntnap2"
1.05262694677147e-07,1.03786117324819,0.305,0.155,0.00263461998507432,"14","Rerg"
4.07041701180013e-25,1.03186012573612,0.953,0.65,1.01878467388345e-20,"14","Gabrg3"
8.45952504862194e-17,1.01524216959295,0.756,0.5,2.11733452441958e-12,"14","Atp2b1"
1.53874097507652e-16,1.01263437118036,0.691,0.395,3.85131478651902e-12,"14","Xkr6"
4.06044402304254e-29,1.00809327049415,0.965,0.672,1.01628853452732e-24,"14","Gabrb3"
2.76364312282745e-07,0.997512935396817,0.348,0.17,0.00691712237212482,"14","Adam12"
1.03841816646929e-13,0.993359414155725,0.64,0.374,2.59905682885598e-09,"14","Nyap2"
7.19333760594358e-23,0.986049652967443,0.909,0.571,1.80042046939162e-18,"14","Cacna1e"
1.16442591655778e-12,0.984588865774642,0.689,0.427,2.91444162655247e-08,"14","Klhl29"
1.65106847009015e-09,0.981523984373874,0.579,0.346,4.13245927378862e-05,"14","Mtus2"
1.54748298901176e-09,0.968522419597627,0.459,0.292,3.87319517319754e-05,"14","4930545L23Rik"
4.19519781078616e-30,0.957649517865296,0.965,0.734,1.05001606006167e-25,"14","Kirrel3"
8.34402093703583e-15,0.957581830614193,0.803,0.566,2.0884250003307e-10,"14","Prkcb"
2.31022681440028e-07,0.949747163901523,0.407,0.252,0.00578226669376247,"14","Kif26b"
3.38153137852682e-12,0.948077710058713,0.622,0.397,8.46363488731478e-08,"14","Mrtfb"
4.46079587207142e-09,0.945619278409076,0.638,0.398,0.000111649259882076,"14","Plppr1"
1.9098322660562e-10,0.942673954413867,0.73,0.482,4.78011917871206e-06,"14","Gm15738"
1.42961621727653e-40,0.938981899514332,1,0.88,3.57818643022143e-36,"14","Fgf14"
5.35033547638939e-13,0.938156963833688,0.665,0.442,1.3391354663855e-08,"14","Dtnb"
1.70796138476149e-25,0.93507159096072,0.919,0.604,4.27485654991953e-21,"14","Tenm4"
2.47464643620219e-16,0.933836981084795,0.709,0.43,6.19379256517047e-12,"14","Slc2a13"
3.95579897694734e-24,0.93362709883121,0.959,0.757,9.90096925940149e-20,"14","Plcb1"
1.24616479472986e-11,0.930031633831881,0.665,0.403,3.11902586472938e-07,"14","Gm5441"
8.36069792188029e-33,0.924087452849002,0.998,0.874,2.09259908286742e-28,"14","Rbfox1"
2.94239588153049e-11,0.923847882519698,0.65,0.424,7.36452265188267e-07,"14","Tiam1"
1.81966104116853e-17,0.920357136718121,0.953,0.699,4.5544296199407e-13,"14","Cacna1c"
1.83672946742916e-13,0.918105998630485,0.748,0.467,4.59715018402844e-09,"14","Cnksr2"
3.05178419153983e-19,0.907942083819908,0.87,0.608,7.63831065300504e-15,"14","Alcam"
1.43493972430308e-12,0.906156817091303,0.657,0.431,3.59151063595818e-08,"14","Sptbn4"
3.54603414840548e-17,0.90354422369298,0.854,0.565,8.87536887004409e-13,"14","Frmpd4"
3.28375621909745e-19,0.896150498238626,0.835,0.571,8.21891344077902e-15,"14","Ssbp2"
5.47363282869529e-08,0.892322970538188,0.474,0.312,0.00136999556069415,"14","Add2"
7.75520043431129e-09,0.887189192448125,0.461,0.311,0.000194104911670377,"14","Itpr1"
1.4527866382791e-14,0.871437937308332,0.823,0.513,3.63617967694876e-10,"14","Caln1"
1.0779884402317e-18,0.867704761124152,0.795,0.51,2.69809726705591e-14,"14","Cacnb4"
1.08022480135942e-18,0.855614145114368,0.963,0.643,2.70369465532248e-14,"14","Dlgap2"
2.56008634103435e-09,0.853544875014164,0.577,0.378,6.40764010297487e-05,"14","Nrg2"
3.66646438459467e-08,0.853511216635162,0.35,0.215,0.0009176793708202,"14","Zdhhc2"
5.17176421345264e-17,0.851589751982742,0.795,0.543,1.29444086498506e-12,"14","Arl15"
4.99401085236001e-23,0.842449496235697,0.982,0.736,1.24995097623719e-18,"14","Lrrc7"
3.89842947801564e-19,0.836926660372357,0.951,0.736,9.75737914052535e-15,"14","Grm7"
1.18690964155196e-07,0.836488881248695,0.36,0.25,0.00297071614184041,"14","Tmem117"
7.61811325407192e-08,0.836022283831116,0.502,0.319,0.00190673756636166,"14","Tmem132d"
4.89589376522283e-23,0.832109672074332,0.996,0.892,1.22539325049762e-18,"14","Cadm2"
5.04729929710748e-08,0.827194258592793,0.35,0.244,0.00126328854107303,"14","Dtnbos"
2.26882901189184e-18,0.816930863052982,0.945,0.706,5.67865213386409e-14,"14","Robo1"
3.1327613952107e-13,0.81502414583203,0.795,0.518,7.84098849607285e-09,"14","Zdhhc14"
5.2841134581146e-08,0.81274788013959,0.429,0.294,0.0013225607574315,"14","4933424G05Rik"
1.0526033815248e-18,0.803037123493257,0.858,0.533,2.63456100361841e-14,"14","Kctd16"
3.34763340325554e-10,0.802844740754166,0.537,0.353,8.37879164500829e-06,"14","Me3"
3.83814805753957e-13,0.796055065315759,0.703,0.481,9.6065007732158e-09,"14","Tenm3"
2.34216514070541e-37,0.793645184746487,1,0.856,5.86220513067157e-33,"14","Nrxn3"
1.18431150875985e-11,0.790884227367791,0.612,0.424,2.96421327527503e-07,"14","Mast4"
8.78709306223237e-11,0.787675491072075,0.789,0.596,2.19932152254614e-06,"14","Dgki"
1.38865417185375e-09,0.787161296368295,0.693,0.481,3.47566252673274e-05,"14","Sipa1l1"
5.66770196581164e-17,0.775206317376842,0.953,0.692,1.418569125023e-12,"14","Dcc"
2.63218534496562e-09,0.77289435574348,0.39,0.252,6.58809669991444e-05,"14","Cdh9"
2.10560866052308e-12,0.767269499276909,0.728,0.492,5.27012791642321e-08,"14","Stxbp5l"
5.60462934289957e-18,0.76532975121428,0.955,0.641,1.40278267823433e-13,"14","Cntn5"
1.13365577634384e-14,0.756227765307866,0.953,0.788,2.83742704261099e-10,"14","Ppp3ca"
1.14961665828261e-20,0.753631175136798,0.872,0.607,2.87737553401555e-16,"14","Sntg1"
2.58708798813875e-10,0.745455211843533,0.539,0.255,6.47522252551247e-06,"14","Zfhx3"
1.99071538597246e-16,0.745424763670471,0.791,0.581,4.98256153955048e-12,"14","Dok6"
3.58288140789115e-09,0.738720408881164,0.498,0.347,8.96759387581076e-05,"14","Svop"
1.33008898487479e-08,0.738053894476454,0.547,0.38,0.000332907972024312,"14","Rnf150"
1.25602689317219e-08,0.731363862860292,0.563,0.384,0.000314370971092068,"14","Csrnp3"
8.43967338397837e-08,0.728836476831834,0.553,0.328,0.00211236585127595,"14","Zfp385b"
3.01224180975287e-08,0.725436711116893,0.703,0.477,0.000753934002563045,"14","Rfx3"
3.81377745771349e-08,0.723652969431561,0.565,0.383,0.00095455035989111,"14","Vsnl1"
6.91415283859453e-12,0.714316332611763,0.571,0.371,1.73054331397183e-07,"14","Plxna2"
6.00036055662894e-08,0.708137780040282,0.459,0.33,0.00150183024371866,"14","Reps2"
1.80375166334637e-11,0.703705359487776,0.807,0.601,4.51461003818962e-07,"14","Dock3"
8.13511191355418e-08,0.701926007742188,0.569,0.381,0.00203613716084348,"14","Myo16"
5.12821195819552e-13,0.698987355263335,0.9,0.673,1.28354017101676e-08,"14","B3galt1"
3.57354200432625e-08,0.6978864629631,0.72,0.525,0.000894421828262817,"14","Unc79"
2.93054180931709e-14,0.691455273438039,0.705,0.482,7.33485309453975e-10,"14","Cdr1os"
5.35122542189753e-12,0.688777531458013,0.616,0.36,1.33935821084673e-07,"14","Slc24a2"
1.26313463368428e-08,0.678767078113951,0.551,0.396,0.000316149967464838,"14","Dlgap4"
5.46684957359527e-10,0.675805098336931,0.904,0.681,1.36829777977516e-05,"14","Ralyl"
1.21613197044949e-11,0.675084625697942,0.722,0.497,3.04385670883802e-07,"14","Rapgef4"
4.85743048753069e-13,0.675040942133005,0.813,0.546,1.21576627672406e-08,"14","Usp29"
4.85589300504583e-11,0.672162046143819,0.73,0.519,1.21538146023292e-06,"14","Trerf1"
5.53218847861127e-09,0.668526346701005,0.512,0.282,0.000138465145431162,"14","Unc13c"
4.13454585565438e-15,0.668284784855606,0.803,0.58,1.03483548221174e-10,"14","Nebl"
2.32081434912692e-07,0.668198869593917,0.571,0.329,0.00580876623442976,"14","Pcdh11x"
7.07928990924934e-19,0.665421841714675,0.945,0.683,1.77187547138602e-14,"14","Ptprn2"
2.11067029421846e-23,0.66426005148714,0.986,0.777,5.28279667939939e-19,"14","Ank3"
6.62842561523916e-18,0.663874996033742,0.982,0.85,1.65902864723821e-13,"14","Il1rapl1"
2.68487057616908e-10,0.65064946604739,0.819,0.576,6.71996256509358e-06,"14","Samd12"
4.3945569529054e-11,0.650168216467658,0.795,0.605,1.09991365974269e-06,"14","Ppp1r9a"
3.6813331774721e-16,0.636641243293822,0.97,0.736,9.21400880989491e-12,"14","Dpp6"
1.44883497321024e-08,0.632190313975839,0.632,0.428,0.000362628905444791,"14","Nell2"
3.2889185084231e-10,0.630246422002634,0.715,0.559,8.23183413473217e-06,"14","Ext1"
5.5200302744611e-11,0.624196144060299,0.864,0.654,1.38160837739487e-06,"14","Atxn1"
5.49158156221289e-10,0.623328994338039,0.858,0.668,1.37448794920626e-05,"14","Grid1"
2.19533682664257e-09,0.622221321852737,0.927,0.691,5.4947085434037e-05,"14","Tmem178b"
4.94938755639726e-10,0.620264134992417,0.642,0.481,1.23878221149067e-05,"14","Syn3"
2.76777493637788e-16,0.619137610772782,0.996,0.75,6.9274638882602e-12,"14","Syt1"
2.02453075900953e-07,0.61717211348056,0.561,0.401,0.00506719803672495,"14","Cers6"
1.08943811083495e-13,0.608018273453751,0.758,0.502,2.72675464760881e-09,"14","Gria3"
1.48752641336343e-07,0.605228384046008,0.516,0.329,0.00372312986000732,"14","Gm28376"
8.23051901292979e-13,0.604180284628419,0.988,0.735,2.0600166037462e-08,"14","Grin2b"
5.38251934094983e-08,0.602965789402762,0.803,0.564,0.00134719076584633,"14","Ryr2"
3.30040185973112e-09,0.595630205957014,0.86,0.645,8.26057581472102e-05,"14","Ppfia2"
5.05931939671387e-08,0.580847624899684,0.559,0.388,0.00126629705180352,"14","Xpr1"
1.04143508926663e-07,0.579113577403275,0.707,0.532,0.00260660788492545,"14","Arid1b"
1.34545388708934e-09,0.57696111922504,0.681,0.481,3.36753653399592e-05,"14","Agap1"
2.5739557139841e-10,0.575354140510737,0.661,0.485,6.4423537565308e-06,"14","Pde4dip"
1.60271050485686e-08,0.574199254144753,0.89,0.64,0.000401142412260624,"14","Myt1l"
9.58079683796904e-08,0.571374968673082,0.764,0.565,0.00239797764057527,"14","Nedd4l"
1.27345042197973e-07,0.569447829427685,0.581,0.439,0.00318731906117308,"14","Rapgef6"
1.789180149951e-14,0.568356273653128,0.984,0.799,4.47813899731236e-10,"14","Anks1b"
8.53465598824524e-15,0.564893900956013,0.941,0.762,2.1361390472979e-10,"14","Asic2"
1.07649340032263e-13,0.563669202068313,0.984,0.809,2.69435533166751e-09,"14","Macrod2"
6.54150120200819e-18,0.550069371282329,0.998,0.874,1.63727233585063e-13,"14","Negr1"
6.30855265172902e-11,0.541183706822259,0.907,0.662,1.57896764320126e-06,"14","Prkg1"
8.72085569559225e-10,0.535878950370691,0.866,0.628,2.18274297204978e-05,"14","Epha6"
2.37268829110335e-16,0.530303392905616,0.986,0.742,5.93860152380257e-12,"14","Gria1"
3.14943922638256e-07,0.52651757650812,0.758,0.602,0.0078827314397129,"14","Camta1"
5.36634118893434e-09,0.515230982705014,0.661,0.496,0.000134314153617838,"14","Nptn"
7.42930695463115e-09,0.515003702450695,0.915,0.676,0.000185948123767463,"14","Erc2"
1.71642753177422e-08,0.500711799630638,0.874,0.69,0.00042960464692777,"14","Dip2c"
9.21519421051394e-30,4.6792040138901,0.357,0.015,2.30647095894953e-25,"15","Igf1"
1.75682916357203e-97,4.50556833166982,0.992,0.42,4.39716771350444e-93,"15","Adarb2"
1.77136767165343e-25,4.42906452071534,0.389,0.026,4.43355614538138e-21,"15","Adra1b"
7.52343891166239e-22,4.37027893358145,0.332,0.018,1.88304152519998e-17,"15","Npas1"
1.94639026414918e-22,4.15325085985673,0.324,0.025,4.87162019213899e-18,"15","Gm5087"
5.21604084828266e-19,3.74235515939671,0.259,0.017,1.30552286391667e-14,"15","Fbln2"
1.25759389266508e-21,3.58719418234807,0.402,0.04,3.14763175395144e-17,"15","Prox1"
4.45251002151016e-20,3.58610466819086,0.302,0.026,1.11441873328378e-15,"15","Dlx1"
1.62507427081481e-70,3.55004566580559,0.859,0.137,4.0673983924224e-66,"15","Dlx6os1"
5.79577093000475e-33,3.53050945642332,0.533,0.082,1.45062350607089e-28,"15","Cnr1"
3.55817887626928e-65,3.43158217185617,0.877,0.274,8.90576590941438e-61,"15","Synpr"
5.00523911821845e-65,3.33728887665825,0.779,0.124,1.2527612988989e-60,"15","Btbd11"
3.0580722135714e-20,3.30492139094101,0.382,0.063,7.65404894334785e-16,"15","4930447N08Rik"
1.46941264558141e-29,3.3030587282332,0.482,0.089,3.67779291062571e-25,"15","Reln"
8.33807560073133e-59,3.28874001038799,0.802,0.182,2.08693694210704e-54,"15","Zmat4"
8.50886313107896e-32,3.05308442431219,0.618,0.138,2.12968335307775e-27,"15","Gm47027"
3.29994212416719e-18,3.05270199552412,0.284,0.031,8.25942514257805e-14,"15","Gm28175"
6.77337442420652e-19,3.04478828141981,0.399,0.102,1.69530788463465e-14,"15","Parm1"
4.08476182485932e-13,2.90719886678203,0.312,0.073,1.02237503714404e-08,"15","Col19a1"
2.83982817908324e-20,2.89365648976424,0.317,0.047,7.10780594942743e-16,"15","Hmgn2"
9.34442347882503e-50,2.8784708444114,0.784,0.264,2.33881575251512e-45,"15","Grip1os2"
4.91992133514333e-49,2.84770654248419,0.704,0.164,1.23140711097302e-44,"15","Zbtb16"
6.02683700737374e-27,2.75113982863895,0.485,0.107,1.50845703457557e-22,"15","Grip1os1"
2.60475024832963e-26,2.71997819317203,0.45,0.073,6.51942939654424e-22,"15","Rgs12"
3.87019713824296e-78,2.58481886380093,1,0.707,9.6867164173083e-74,"15","Grip1"
2.97087207937194e-39,2.54725785014188,0.759,0.287,7.43579572746002e-35,"15","Kcnc2"
6.21994763436766e-65,2.50417994000676,0.927,0.397,1.55679069340588e-60,"15","Sorcs3"
1.08052821247097e-79,2.49450127621775,0.99,0.616,2.70445406299358e-75,"15","Galntl6"
1.16594326767714e-51,2.44624743983412,0.857,0.207,2.91823940466911e-47,"15","Zfp536"
2.17929883353515e-55,2.42564663004291,0.814,0.303,5.45456705045513e-51,"15","Cntnap5c"
2.85108241531105e-20,2.4251139957985,0.616,0.356,7.13597417728202e-16,"15","Zfp804a"
2.53386778539579e-32,2.39197001212768,0.796,0.371,6.34201768006712e-28,"15","Thsd7a"
3.28562480871873e-13,2.38541428736811,0.359,0.095,8.22359033374212e-09,"15","Gm44129"
1.30023033402068e-45,2.36579890241684,0.764,0.205,3.25434650302037e-41,"15","Kcnmb2"
4.52463651241252e-76,2.31336341012101,0.995,0.624,1.13247127269173e-71,"15","Erbb4"
4.84566728566338e-12,2.28704983565634,0.347,0.076,1.21282206492869e-07,"15","Elfn1"
5.84553736554296e-25,2.27712671284353,0.555,0.157,1.46307954722175e-20,"15","Metap1d"
1.99501487290396e-34,2.24226322026644,0.716,0.269,4.99332272539132e-30,"15","Kcnip1"
5.81574836425103e-39,2.22860372877372,0.869,0.423,1.45562365808839e-34,"15","Egfem1"
1.05566933783646e-18,2.2162197764704,0.492,0.176,2.64223478567087e-14,"15","4930590L20Rik"
4.40395949176557e-19,2.20728206797442,0.382,0.091,1.10226702119401e-14,"15","Dlx1as"
2.14299543001869e-11,2.17879415585386,0.525,0.259,5.36370326179378e-07,"15","Gm2516"
8.38498341913703e-19,2.14553538115825,0.417,0.131,2.09867749997581e-14,"15","Trpc4"
1.98889235530242e-13,2.1033317948545,0.299,0.101,4.97799867608643e-09,"15","St8sia5"
3.49839521903066e-24,2.10305616304894,0.477,0.119,8.75613339371184e-20,"15","Gad1"
2.28696610225804e-33,1.97747917928387,0.867,0.484,5.72404745734164e-29,"15","Gm43376"
5.76932189243193e-28,1.97239740944821,0.724,0.326,1.44400357645679e-23,"15","Slc44a5"
6.35572231109944e-11,1.95053198875841,0.304,0.118,1.59077373724508e-06,"15","Gm45341"
6.65815184818465e-73,1.94974959683503,1,0.857,1.66646882608214e-68,"15","Nrxn3"
4.34672854415716e-39,1.94184469600128,0.842,0.388,1.0879426873171e-34,"15","Nr3c2"
4.80070075233026e-23,1.93967418088206,0.545,0.163,1.20156739130074e-18,"15","Gad2"
1.34348675107521e-15,1.93021179638101,0.399,0.117,3.36261298926615e-11,"15","Bmper"
1.32328634431583e-14,1.9229248385229,0.593,0.33,3.31205339118808e-10,"15","Gm45321"
6.62066975622123e-16,1.91127232656279,0.412,0.145,1.65708743328461e-11,"15","Nell1os"
7.72364060701438e-12,1.90674844378016,0.379,0.132,1.93315000752963e-07,"15","Sox1ot"
1.22377477489993e-26,1.90639840018113,0.739,0.345,3.06298588409702e-22,"15","Kcnt2"
2.15740170505367e-14,1.89602328557362,0.688,0.402,5.39976072757883e-10,"15","4930555F03Rik"
1.59773751654047e-08,1.88546250996681,0.312,0.126,0.000399897723014915,"15","Gm15496"
2.57859895907663e-11,1.85886432685497,0.251,0.062,6.45397533467289e-07,"15","Egfros"
2.4669827232154e-17,1.8433470880644,0.417,0.143,6.17461105793583e-13,"15","Chrna7"
6.09590362324278e-10,1.83202643845277,0.251,0.077,1.52574371786144e-05,"15","Plpp4"
1.09374383284721e-30,1.82919098251254,0.731,0.299,2.73753143923329e-26,"15","Sdk1"
3.06347852397741e-07,1.8253326634703,0.299,0.114,0.00766758039766306,"15","Asic1"
1.73435296651377e-29,1.81577223128552,0.731,0.327,4.34091203988732e-25,"15","Nell1"
2.78638071922018e-30,1.79678723232794,0.822,0.429,6.97403230213619e-26,"15","Slc2a13"
1.59119893601714e-31,1.79035422042457,0.719,0.286,3.98261181695729e-27,"15","Chrm3"
3.89826535344396e-11,1.78684670161773,0.518,0.344,9.75696835313489e-07,"15","Cadps2"
3.76876906465849e-15,1.76139563635377,0.45,0.184,9.43285209193373e-11,"15","Galnt14"
3.19515447465138e-15,1.75703666037286,0.48,0.17,7.99715213460493e-11,"15","Rph3a"
2.5943199458593e-33,1.75207503075742,0.92,0.554,6.49332339249123e-29,"15","Nrg3os"
1.85277039695295e-21,1.74592958533096,0.563,0.227,4.63729902653353e-17,"15","Vstm2a"
2.68259577644798e-29,1.7413765677016,0.585,0.212,6.71426896887164e-25,"15","Sdk2"
1.35122473874667e-15,1.70609924080199,0.377,0.132,3.38198039860903e-11,"15","Frmpd3"
9.38444284561092e-10,1.70213685521783,0.603,0.372,2.34883219982796e-05,"15","C130073E24Rik"
9.95581253314641e-18,1.7004668803834,0.497,0.206,2.49184031892122e-13,"15","Elavl2"
3.01178938116011e-08,1.69856201512446,0.407,0.2,0.000753820764210564,"15","Gm45323"
3.53691081432768e-28,1.69632224391343,0.706,0.232,8.85253407718075e-24,"15","Ubash3b"
4.34110916093003e-28,1.68125673694416,0.95,0.619,1.08653621188918e-23,"15","Gm20642"
4.56431494981559e-09,1.67456902027329,0.575,0.367,0.000114240238878934,"15","Thsd7b"
1.66328603736308e-26,1.67250851396326,0.766,0.332,4.16303862291604e-22,"15","Grik1"
2.18985082050445e-20,1.67034555824987,0.585,0.236,5.48097761864058e-16,"15","Nhs"
2.49646740252287e-44,1.66147674605081,0.965,0.619,6.2484082617745e-40,"15","Npas3"
3.81182928946556e-52,1.65661831580705,0.977,0.766,9.54062752860336e-48,"15","Nbea"
2.37280496784105e-33,1.64754777877554,0.992,0.835,5.93889355400936e-29,"15","Nrg3"
4.43767979659842e-27,1.63988693503133,0.724,0.346,1.11070687629062e-22,"15","Ripor2"
4.28943219569892e-10,1.63411934996434,0.362,0.147,1.07360198426148e-05,"15","A330102I10Rik"
8.25846457278443e-11,1.62303479285084,0.327,0.128,2.06701109792221e-06,"15","Gm45352"
1.22804186984185e-27,1.59933928034766,0.922,0.674,3.07366599602718e-23,"15","Ccser1"
4.49458075760605e-35,1.58937953415992,0.872,0.433,1.12494861782122e-30,"15","Rbms3"
6.51945589306164e-17,1.54894152968874,0.59,0.304,1.6317546154744e-12,"15","Shtn1"
8.56106527772139e-45,1.54067795269355,0.942,0.607,2.14274902836089e-40,"15","Sntg1"
1.41110526849006e-20,1.52776951781529,0.681,0.307,3.53185537650376e-16,"15","Fstl5"
8.21207986298951e-11,1.52207330550285,0.533,0.249,2.05540146890764e-06,"15","Epha7"
5.21457233025064e-25,1.51865731415493,0.972,0.752,1.30515530853843e-20,"15","Cntnap2"
5.3891107774088e-12,1.51176434759977,0.347,0.155,1.34884053647765e-07,"15","Tmem200a"
6.63192488318318e-12,1.506721582377,0.374,0.112,1.65990447901192e-07,"15","Egfr"
1.70768710714963e-09,1.50244591995541,0.41,0.188,4.2741700604848e-05,"15","Pdzrn3"
8.10344138952215e-19,1.48147645401099,0.563,0.26,2.0282103453835e-14,"15","Elmod1"
1.13269073231912e-22,1.472797571459,0.671,0.361,2.83501163392153e-18,"15","Gm48321"
3.59000096327304e-23,1.45569987933919,0.764,0.429,8.98541341097609e-19,"15","Sorcs1"
5.46135877151291e-12,1.45477011389039,0.46,0.197,1.36692348692197e-07,"15","Cacng2"
1.21526859979471e-07,1.44819159265466,0.452,0.219,0.00304169577842618,"15","Vwc2"
4.72833406601648e-11,1.41476398671845,0.485,0.255,1.18345473338326e-06,"15","Gm12296"
5.33836464360649e-33,1.39355502264521,0.94,0.643,1.33613928664827e-28,"15","Cntn5"
1.57524966036331e-14,1.38904321716377,0.344,0.106,3.94269237492332e-10,"15","Svil"
2.70564485951918e-16,1.37701836959048,0.643,0.383,6.77195851889056e-12,"15","Vsnl1"
3.1862070482172e-08,1.37683544968012,0.477,0.282,0.000797475762098284,"15","Slc7a14"
2.97430399691517e-30,1.37399994321938,0.96,0.598,7.44438547387898e-26,"15","Kcnq5"
8.96956268955965e-29,1.36460587568409,0.756,0.406,2.24499184556988e-24,"15","C530008M17Rik"
2.43174048959367e-20,1.36360699874588,0.709,0.382,6.08640327140399e-16,"15","Slc35f4"
2.47878726036294e-13,1.36277130235706,0.475,0.193,6.20415663396241e-09,"15","Tmem131l"
3.89074446508255e-19,1.35667273853789,0.628,0.295,9.7381443216551e-15,"15","Arnt2"
5.3453805620058e-20,1.33936692664487,0.829,0.567,1.33789530086443e-15,"15","Frmpd4"
1.03495208453636e-13,1.32793799946433,0.425,0.172,2.59038157238605e-09,"15","Dennd2a"
1.35827752225933e-27,1.30919038840564,0.814,0.478,3.39963281046288e-23,"15","Thrb"
3.11397898181159e-12,1.29994968827394,0.389,0.17,7.79397799357622e-08,"15","Adam12"
2.5710351046006e-12,1.27063385682076,0.608,0.335,6.43504376330484e-08,"15","Shisa6"
6.53418019798986e-08,1.26899322067193,0.317,0.171,0.00163543996175488,"15","Gabra1"
6.38269716156773e-25,1.24439588817786,0.965,0.75,1.59752527256879e-20,"15","Pde4d"
5.39982260876162e-20,1.24138907819735,0.842,0.491,1.35152160074694e-15,"15","Frmd5"
1.76084222231576e-16,1.23927950464911,0.691,0.365,4.40721199823412e-12,"15","Pam"
7.68155222463666e-09,1.23029687371312,0.399,0.2,0.000192261570630431,"15","Lrtm1"
1.62840816973512e-09,1.22650410199816,0.359,0.185,4.07574280803003e-05,"15","Clstn3"
4.16048619682338e-10,1.21812737510641,0.266,0.109,1.04132809020292e-05,"15","Homer2"
2.43711940363538e-11,1.21221626272311,0.422,0.208,6.099866155359e-07,"15","Prkar2b"
1.01559561031533e-34,1.21043300617471,0.965,0.715,2.54193425305825e-30,"15","Tcf4"
3.18036204872428e-08,1.20705652227713,0.354,0.17,0.0007960128171752,"15","Mir124a-1hg"
4.15131308548827e-08,1.20408933513986,0.307,0.154,0.00103903215216686,"15","Uchl3"
8.85805726732544e-15,1.20403787599834,0.482,0.208,2.21708315343888e-10,"15","Fgf1"
1.04534065697891e-08,1.19739627998241,0.41,0.215,0.000261638313035251,"15","Trhde"
1.11519732922446e-09,1.19169552542137,0.578,0.314,2.7912273953159e-05,"15","8030451O07Rik"
1.91518703206664e-09,1.18665332165647,0.354,0.154,4.79352162255959e-05,"15","Cpne2"
1.87767664274872e-10,1.17811177987092,0.415,0.178,4.69963686913577e-06,"15","Sema5b"
1.87587510677126e-08,1.16338274090898,0.482,0.243,0.000469512780473778,"15","Grik4"
2.79838127814577e-09,1.16278634249974,0.279,0.146,7.00406850107105e-05,"15","Srrm4os"
1.3842297264012e-11,1.15998452230028,0.45,0.252,3.46458858220956e-07,"15","Kif26b"
1.68925141076316e-15,1.15842195449643,0.786,0.507,4.22802735599911e-11,"15","Limch1"
1.45386222110556e-16,1.15260695908222,0.731,0.441,3.63887175320511e-12,"15","Rab3c"
4.41266199766617e-11,1.15095274759715,0.329,0.134,1.10444517139587e-06,"15","Fxyd6"
5.85803763398528e-12,1.13990974020534,0.568,0.329,1.46620823941018e-07,"15","Zfp385b"
3.46395530564911e-13,1.1316470793902,0.721,0.359,8.66993373450916e-09,"15","Gm32509"
1.61191136689104e-08,1.1253058117334,0.508,0.264,0.000403445296019159,"15","Olfm2"
3.55471992055261e-13,1.12417984256163,0.362,0.14,8.89710848915112e-09,"15","Lima1"
2.11737181054884e-08,1.1052362703089,0.329,0.171,0.00052995699046227,"15","Dpysl5"
4.86230320460377e-10,1.09249048058025,0.503,0.284,1.21698586908028e-05,"15","Arfgef3"
1.13690747476589e-08,1.08605011184873,0.492,0.303,0.000284556571859155,"15","Cit"
6.05727824829426e-08,1.07840377123353,0.495,0.276,0.00151607617276557,"15","Cers5"
1.61406453961336e-10,1.0750366112622,0.384,0.201,4.03984213619827e-06,"15","Ablim3"
6.00345102068333e-18,1.06911044874753,0.751,0.508,1.50260375596683e-13,"15","Tcf12"
3.30989742455947e-07,1.06811033855699,0.302,0.145,0.00828434226392989,"15","Kcnc1"
4.72831708135451e-14,1.0660370985112,0.54,0.267,1.18345048229222e-09,"15","Dlc1"
9.58205904500862e-23,1.05972399719424,0.899,0.591,2.39829355837521e-18,"15","Kcnb2"
5.92925442608742e-19,1.03212395240515,0.812,0.534,1.48403309030542e-14,"15","Apba1"
5.33653582716695e-10,1.02495162962085,0.354,0.181,1.33568155218161e-05,"15","Purg"
1.54951203138556e-07,1.01012337997335,0.656,0.483,0.00387827366335493,"15","Tenm3"
9.80485259746279e-08,1.00969881758855,0.43,0.211,0.00245405655661896,"15","Elavl4"
6.55062736381697e-23,1.00650159552252,0.874,0.553,1.63955652288975e-18,"15","Zeb2"
4.6772330769703e-12,0.999082060915808,0.563,0.324,1.1706646668349e-07,"15","Srrm4"
1.00722062854918e-07,0.978633771827821,0.344,0.195,0.00252097251119575,"15","4930480K15Rik"
2.131508048953e-28,0.976626514997123,0.972,0.686,5.33495149572446e-24,"15","Lingo2"
2.14617829065479e-12,0.97368316087612,0.616,0.391,5.37166964367988e-08,"15","Gabrb2"
1.13819516756447e-08,0.966807257961445,0.349,0.18,0.000284878868489712,"15","Herc3"
1.66253549589441e-20,0.957605202818652,0.869,0.572,4.16116009267412e-16,"15","Sobp"
3.17356255113526e-19,0.952301728088743,0.475,0.13,7.94310970923644e-15,"15","Maf"
4.87138980477844e-11,0.949422828364074,0.43,0.251,1.219260154238e-06,"15","Kcnh1"
2.79515387792371e-07,0.949210542638396,0.399,0.234,0.00699599064105526,"15","Frmd3"
3.05066650968322e-07,0.948575093445293,0.299,0.165,0.00763551320708614,"15","Tmem130"
1.44547744101053e-18,0.946537219517688,0.734,0.47,3.61788548710526e-14,"15","Ablim1"
7.92467722270903e-12,0.939015559018345,0.565,0.324,1.98346746207184e-07,"15","Ppm1h"
1.6699657409466e-10,0.920668941008506,0.548,0.35,4.17975725301525e-06,"15","Gas7"
2.1759159905415e-16,0.918291780411095,0.864,0.563,5.44610013272632e-12,"15","Slc35f1"
3.61931071558651e-08,0.916298958913278,0.505,0.329,0.000905877279004147,"15","Necab1"
1.95741083741482e-09,0.914024604321965,0.553,0.337,4.89920358496554e-05,"15","Snrpn"
1.62871215647747e-07,0.894579931327924,0.369,0.209,0.00407650365644746,"15","Cpne7"
2.97166393145732e-17,0.883727801405338,0.834,0.509,7.43777765404453e-13,"15","Cacna2d3"
3.43683899242534e-08,0.879586346322441,0.558,0.362,0.000860206431414139,"15","A330015K06Rik"
3.64349032557873e-09,0.869194769395813,0.573,0.317,9.119291935891e-05,"15","Cntn6"
3.61971212747552e-09,0.85600084910522,0.53,0.329,9.05977748385848e-05,"15","Mirg"
1.15649749868072e-12,0.84903957951519,0.769,0.494,2.89459758944798e-08,"15","Kcnd3"
9.60753785682779e-17,0.848910142063782,0.93,0.708,2.40467065018543e-12,"15","Robo1"
1.54186525786156e-24,0.844229356404085,0.915,0.541,3.85913455390169e-20,"15","Dscam"
2.40521767876183e-14,0.843150207653714,0.726,0.453,6.02001932817298e-10,"15","Cacna1b"
4.81730953361009e-11,0.833074959749491,0.716,0.467,1.20572440316727e-06,"15","A330076H08Rik"
3.07468145983093e-12,0.828016107215609,0.701,0.449,7.69562022581083e-08,"15","Etl4"
3.69431549261992e-18,0.825339460900178,0.957,0.766,9.24650224647839e-14,"15","Grik2"
2.42239095973881e-08,0.822856210397493,0.528,0.319,0.000606300233313027,"15","Dgkg"
8.05457844407576e-12,0.817605175552805,0.817,0.596,2.01598043876772e-07,"15","Pclo"
5.63948043320275e-10,0.816494635023138,0.533,0.31,1.41150555762632e-05,"15","Gng2"
8.07414564916397e-17,0.813209584043788,0.899,0.649,2.02087791452925e-12,"15","A230057D06Rik"
3.57433377309628e-19,0.808645111190388,0.972,0.544,8.94620000068268e-15,"15","Sox2ot"
2.4896033177743e-08,0.805396137149891,0.48,0.275,0.000623122814405731,"15","Sema6a"
1.45122072549342e-07,0.800711257704591,0.382,0.235,0.00363226035383747,"15","Cntnap4"
7.24446326697363e-09,0.796400441204099,0.548,0.333,0.000181321671109083,"15","Htr2c"
7.75518831633975e-08,0.795099706546002,0.658,0.402,0.00194104608369668,"15","Garnl3"
1.53655827816979e-23,0.791060158083805,0.995,0.89,3.84585171443117e-19,"15","Snhg11"
4.39837288019447e-09,0.780966123099368,0.535,0.329,0.000110086874818387,"15","Reps2"
1.49991443792832e-29,0.777582290928328,1,0.947,3.7541358466908e-25,"15","Meg3"
1.26068303032522e-08,0.777515738357281,0.462,0.273,0.0003155363556601,"15","Gm13269"
5.14336600220523e-09,0.770750962983699,0.663,0.445,0.000128733307669195,"15","Kcnn2"
8.50225041803859e-14,0.769592221901045,0.683,0.433,2.12802825713088e-09,"15","Ttc28"
1.44554936046515e-09,0.769050970669319,0.558,0.34,3.61806549430824e-05,"15","Mtss1"
7.35177161570157e-14,0.765726794476488,0.786,0.537,1.84007491769395e-09,"15","Rev3l"
1.21811290765689e-08,0.760333753183008,0.616,0.425,0.000304881479657443,"15","D430041D05Rik"
6.94508724376739e-15,0.748950420611212,0.935,0.648,1.73828588624254e-10,"15","Rian"
9.82062191973955e-10,0.748283055237021,0.623,0.431,2.45800346029161e-05,"15","Magi3"
1.81756953179714e-11,0.742624539178389,0.656,0.439,4.54919478113505e-07,"15","5330434G04Rik"
1.38379761825071e-08,0.737550038792003,0.563,0.371,0.00034635070587197,"15","Epb41l1"
2.45001291707512e-08,0.731708391898032,0.671,0.429,0.000613213733014732,"15","Klhl29"
2.49333082288845e-12,0.719277569144151,0.706,0.448,6.24055771660751e-08,"15","Dync1i1"
5.21192820900473e-08,0.719216389814589,0.558,0.37,0.00130449351143179,"15","Lgi1"
3.25560750415691e-15,0.713429670173953,0.832,0.385,8.14846002215432e-11,"15","Gm38505"
2.25317848487431e-09,0.710478049537582,0.729,0.488,5.63948042979192e-05,"15","Pcsk2"
1.6172041840919e-15,0.703973257395281,0.94,0.738,4.04770035236362e-11,"15","Fgf12"
3.50098957752213e-07,0.697198878705769,0.568,0.4,0.00876262681358014,"15","Fgf13"
1.11983431252727e-08,0.695405641583046,0.764,0.575,0.000280283330082451,"15","Syn2"
1.95591693250477e-10,0.679586800331496,0.648,0.416,4.89546449036619e-06,"15","Lrfn2"
2.07262801721229e-18,0.67806626006085,0.975,0.729,5.18758066428063e-14,"15","Ube3a"
1.93886349117901e-14,0.669995632937425,0.93,0.641,4.85278143207194e-10,"15","Myt1l"
3.20458363698111e-14,0.667587190501544,0.781,0.522,8.02075238500001e-10,"15","Cacnb2"
5.04858525422012e-12,0.662548737996617,0.706,0.429,1.26361040327875e-07,"15","Msra"
2.46108185505882e-15,0.633830709912102,0.832,0.547,6.15984177502673e-11,"15","Usp29"
1.11010755694815e-09,0.633273019343501,0.618,0.423,2.77848820428552e-05,"15","Stau2"
9.59212803457279e-09,0.632191097709754,0.631,0.419,0.000240081372577322,"15","Macrod2os1"
3.92664681290613e-09,0.623484990326194,0.578,0.4,9.82800430802275e-05,"15","Mast2"
1.65463917828892e-07,0.607516920588392,0.648,0.45,0.00414139639933935,"15","Hecw2"
2.49603849352793e-07,0.597107443469126,0.681,0.46,0.00624733474545105,"15","Bach2"
2.49434527396822e-14,0.585648907222136,0.97,0.737,6.24309678621505e-10,"15","Grin2b"
2.37795783038659e-08,0.580823689795556,0.746,0.582,0.00059517906536746,"15","Ncoa1"
1.14221059171604e-09,0.579170616010128,0.726,0.506,2.85883889000607e-05,"15","Kif21a"
5.18192326277973e-14,0.573483174804792,0.902,0.686,1.29698357344114e-09,"15","Dab1"
1.19986208937414e-10,0.563177497306198,0.837,0.556,3.00313482349453e-06,"15","Dscaml1"
2.05651288368925e-14,0.552235670434319,0.95,0.771,5.14724609658584e-10,"15","Grid2"
5.49465766969159e-08,0.531252696462562,0.392,0.216,0.00137525786814711,"15","Prkd1"
6.24609292607772e-11,0.522499204276962,0.852,0.682,1.56333459846799e-06,"15","Rims2"
7.43538135063768e-14,0.515834518026348,0.975,0.864,1.8610015982511e-09,"15","Ctnna2"
1.39894452419186e-12,0.515375130580228,0.915,0.692,3.50141824959981e-08,"15","Rims1"
2.45165376179439e-09,0.50866437950542,0.608,0.433,6.13624420039519e-05,"15","Chd5"
3.23818317922412e-08,0.507975849740651,0.724,0.497,0.000810484867928004,"15","Nfib"
3.83721637982729e-07,0.506415985565441,0.412,0.281,0.00960416887706972,"15","March3"
8.88081777007908e-08,0.50426692236683,0.636,0.449,0.00222277987967309,"15","Spock3"
1.43323988715127e-82,3.25454014538138,0.96,0.194,3.58725611355091e-78,"16","Foxp2"
9.59426394321579e-32,3.02044197917388,0.553,0.123,2.40134832234748e-27,"16","Chrm2"
3.54552623339359e-35,2.98816199311628,0.594,0.125,8.87409760956082e-31,"16","Pld5"
2.33104444893441e-46,2.8874538015176,0.757,0.203,5.83437115123794e-42,"16","Kcnh5"
1.68552786722704e-19,2.79086786774853,0.447,0.105,4.21870769888256e-15,"16","Homer2"
2.63546535854034e-25,2.71860614177231,0.468,0.088,6.59630624589061e-21,"16","Gm45680"
1.8518229792698e-69,2.70092921902621,0.955,0.317,4.63492773481439e-65,"16","Pbx3"
1.3874842925558e-31,2.66026180212766,0.61,0.149,3.47273443583791e-27,"16","Chst9"
7.6244812723241e-42,2.65537665127101,0.73,0.19,1.90833141765e-37,"16","Tshz1"
5.29186228694389e-26,2.65473531853737,0.447,0.08,1.32450021179919e-21,"16","B020031H02Rik"
9.58742034116165e-55,2.59278299374501,0.882,0.335,2.39963543718935e-50,"16","Zfp804b"
7.41865920369725e-43,2.59138210732198,0.749,0.174,1.85681621209339e-38,"16","C79798"
1.91513654444508e-21,2.58579476564248,0.468,0.121,4.7933952570916e-17,"16","Gm15155"
4.42978508537349e-11,2.49447443175902,0.273,0.061,1.10873090901813e-06,"16","Gpc3"
9.48578463173798e-84,2.46950423804987,0.997,0.453,2.3741970354777e-79,"16","Meis2"
5.26403461941436e-29,2.43647319409584,0.69,0.21,1.31753522489322e-24,"16","Sdk2"
1.41989123107776e-28,2.37489520288848,0.594,0.178,3.55384576226451e-24,"16","Cpne5"
5.68104600822518e-19,2.33262537548129,0.334,0.067,1.42190900539868e-14,"16","Rai14"
3.65784289694159e-22,2.32979584723998,0.575,0.191,9.15521498675511e-18,"16","Gm40841"
5.8728800535374e-71,2.3245363887991,1,0.624,1.46992314859988e-66,"16","Erbb4"
7.50570881821266e-46,2.30112599001821,0.826,0.37,1.87860386011045e-41,"16","Cpne4"
7.7771425500855e-16,2.21538863161895,0.369,0.092,1.9465410088609e-11,"16","Kcnh8"
1.17707263945039e-38,2.21091095566724,0.789,0.311,2.94609510928037e-34,"16","Htr1f"
3.9460131531841e-18,2.16947260357298,0.537,0.182,9.87647632110449e-14,"16","Glra2"
1.48294060948481e-10,2.16877506200726,0.31,0.092,3.71165205147954e-06,"16","Tll1"
8.02738462974554e-17,2.1467613746286,0.535,0.202,2.00917409897901e-12,"16","Otof"
1.60548938936226e-60,2.13805149205669,0.979,0.627,4.01837939263479e-56,"16","Epha6"
4.11629508905978e-55,2.12945260346321,0.96,0.468,1.03026749784077e-50,"16","Grm8"
2.3464487000891e-24,2.1028900632979,0.511,0.13,5.872926451453e-20,"16","Sox1ot"
4.96103935091954e-22,2.0603682628727,0.455,0.153,1.24169853914165e-17,"16","Rerg"
3.92411884257435e-38,2.02691896797371,0.711,0.231,9.82167705107935e-34,"16","Bcl11a"
2.91774619862017e-09,1.99474831934433,0.302,0.101,7.30282696052641e-05,"16","Mdga1"
9.42279087930316e-11,1.99173477911494,0.398,0.141,2.35843032918079e-06,"16","Gm15345"
5.7695650519773e-14,1.99150724087026,0.417,0.166,1.4440644368594e-09,"16","4930547E14Rik"
5.20383477434763e-21,1.99098736628101,0.663,0.275,1.30246780567147e-16,"16","March3"
7.99771637496685e-16,1.97247618964699,0.345,0.098,2.00174843149045e-11,"16","B3glct"
1.41123845169366e-18,1.95635709961344,0.452,0.129,3.53218872074406e-14,"16","Gm12064"
3.27334894366366e-23,1.93309165443061,0.642,0.257,8.19286507109578e-19,"16","Mpped2"
9.4524821199254e-44,1.89769863827235,0.882,0.458,2.36586174979613e-39,"16","Pak7"
5.20795957267599e-13,1.88048153372843,0.412,0.165,1.30350020144507e-08,"16","Col23a1"
1.27582166271957e-18,1.87696598488753,0.594,0.223,3.1932540396208e-14,"16","Fbxl7"
9.04356894621593e-14,1.83816982518366,0.449,0.203,2.26351487154839e-09,"16","Ajap1"
4.43916095366685e-08,1.80686973419277,0.286,0.106,0.00111107759509328,"16","Gdpd5"
2.38137077250318e-16,1.78828999069651,0.561,0.212,5.96033290649821e-12,"16","Trhde"
7.410288457979e-12,1.78783096286501,0.366,0.145,1.85472109814756e-07,"16","Dchs2"
2.36503192584452e-23,1.75154532543919,0.666,0.27,5.91943840719624e-19,"16","Olfm3"
3.53870048241547e-53,1.74231063062344,0.992,0.544,8.85701343743768e-49,"16","Sox2ot"
3.50992309241955e-32,1.73555300155457,0.743,0.315,8.7849865080169e-28,"16","Tmem132d"
8.90680507578041e-20,1.73408112011717,0.516,0.146,2.22928424241708e-15,"16","Dlx6os1"
2.1940484909028e-21,1.72696206662461,0.572,0.175,5.49148396788061e-17,"16","Sema5b"
4.22504560042654e-10,1.71916661418564,0.283,0.109,1.05748666333076e-05,"16","Gucy1a1"
3.08274201447321e-23,1.70105425885439,0.642,0.314,7.71579498802501e-19,"16","Brinp2"
3.15116545189228e-29,1.68206937176601,0.77,0.286,7.8870520095412e-25,"16","Ptprm"
1.76730607670781e-46,1.67770814674609,0.957,0.382,4.42339037939198e-42,"16","Gm38505"
1.79231307211441e-24,1.65655277899882,0.69,0.312,4.48598038819516e-20,"16","8030451O07Rik"
2.95977912643317e-11,1.65521103117284,0.326,0.123,7.40803117554957e-07,"16","Gad1"
4.77523568014452e-14,1.6424094045651,0.369,0.136,1.19519373838337e-09,"16","Cdh6"
6.56207861244157e-09,1.6207812342194,0.393,0.153,0.0001642422655908,"16","Patj"
4.85148408390288e-24,1.61823838582761,0.743,0.339,1.21427795136005e-19,"16","Cadps2"
2.14321204382439e-07,1.61737865815732,0.265,0.111,0.00536424542448806,"16","Igf2r"
1.42232164150259e-22,1.60655248235966,0.711,0.359,3.55992883651682e-18,"16","A330015K06Rik"
1.19175777302079e-08,1.6046998346329,0.324,0.133,0.000298285053009374,"16","Adamts3"
5.10856092655043e-31,1.59663237291707,0.783,0.397,1.27862171430631e-26,"16","Cers6"
1.82814326875757e-36,1.59394068532975,0.901,0.476,4.57565978737332e-32,"16","Inpp4b"
9.70832809060531e-08,1.57864846385352,0.299,0.147,0.0024298974377976,"16","Ptpn3"
1.75822729436107e-50,1.56900531661561,0.992,0.738,4.40066709505633e-46,"16","Dpp6"
7.53862888244895e-40,1.55912615725818,0.917,0.601,1.88684342298815e-35,"16","Fat3"
2.58743382978677e-14,1.55893181635118,0.626,0.327,6.47608813257331e-10,"16","Necab1"
8.4795543864887e-49,1.55653918479021,0.957,0.679,2.12234766739426e-44,"16","Rims2"
2.01728640854684e-25,1.54765491076789,0.65,0.318,5.04906615195189e-21,"16","Oprm1"
4.65929698120927e-27,1.53793282599085,0.805,0.427,1.16617544142687e-22,"16","Msra"
1.63277496053369e-23,1.53008160686527,0.725,0.409,4.08667244871978e-19,"16","Chsy3"
4.37865847042727e-50,1.52615181918121,0.973,0.652,1.09593442856324e-45,"16","Gabrg3"
1.91701054189845e-50,1.52595660526637,0.96,0.673,4.79808568531764e-46,"16","B3galt1"
2.20973984154271e-28,1.52259001639766,0.842,0.4,5.53075784939725e-24,"16","Sorcs3"
5.64315155443494e-45,1.52242032621497,0.971,0.545,1.41242440255952e-40,"16","Unc5d"
5.10745883640269e-35,1.51499089545196,0.893,0.51,1.27834587216323e-30,"16","Cacnb4"
4.06612016582184e-12,1.49211049025696,0.521,0.261,1.01770921630355e-07,"16","Airn"
1.36260883915275e-08,1.46899281937779,0.326,0.155,0.000341047366351542,"16","Sntg2"
4.73486465517876e-33,1.45563497528568,0.896,0.61,1.18508927454469e-28,"16","Alcam"
5.82057698960561e-08,1.42671136230459,0.313,0.133,0.00145683221472839,"16","Tox2"
1.26351068519689e-46,1.42229909342888,0.963,0.612,3.16244089397929e-42,"16","Sema6d"
1.64813497929685e-25,1.41521586742338,0.845,0.475,4.12511703968208e-21,"16","Pex5l"
7.97032986515029e-17,1.41309224483444,0.604,0.334,1.99489386194847e-12,"16","Zfp407"
6.86500657258228e-24,1.39697014068166,0.757,0.41,1.71824249505162e-19,"16","Kcnab1"
3.50281315395355e-09,1.39625667864809,0.457,0.23,8.76719104303035e-05,"16","Cdh22"
2.92869271532888e-38,1.39601902440607,0.939,0.682,7.33022499719666e-34,"16","Sgcd"
1.69494055696696e-08,1.39136490272055,0.393,0.201,0.000424226672003261,"16","Ablim3"
7.58747853997124e-32,1.38956444078427,0.837,0.501,1.8990700037694e-27,"16","Lrrtm3"
7.6264536116725e-29,1.38539656471834,0.826,0.445,1.90882507446551e-24,"16","Cdh18"
3.69692132958117e-07,1.37685495361771,0.377,0.184,0.0092530243958087,"16","Dok5"
1.42246967591712e-10,1.37411943637929,0.369,0.173,3.56029935185295e-06,"16","Sez6"
2.00282499091315e-30,1.3716780147391,0.906,0.507,5.01287066975652e-26,"16","Cacna2d3"
1.7510618814441e-17,1.35237628936417,0.658,0.378,4.38273278306644e-13,"16","Sorcs2"
3.36017504299229e-17,1.34679552276382,0.567,0.297,8.4101821151054e-13,"16","Sphkap"
1.3396432195992e-17,1.34571332251503,0.676,0.365,3.35299301433483e-13,"16","Thsd7b"
7.68106233877222e-33,1.3250771911056,0.957,0.684,1.9224930927713e-28,"16","Ctnna3"
2.50487052991007e-11,1.32061770754642,0.404,0.159,6.26944044931192e-07,"16","Tspan9"
1.54455170358195e-50,1.30979962028293,0.989,0.828,3.86585845889525e-46,"16","Kcnd2"
7.17647993727334e-38,1.28448758553624,0.968,0.707,1.79620116350014e-33,"16","Robo1"
1.17160254302682e-07,1.27389970002016,0.364,0.2,0.00293240400494183,"16","Cacng2"
7.25392146407742e-08,1.26942916512576,0.369,0.161,0.00181558400324394,"16","Sv2c"
1.38712312913013e-20,1.2689117417098,0.588,0.279,3.47183047989979e-16,"16","Grik3"
1.13354357370892e-09,1.25772464760144,0.524,0.285,2.83714621063606e-05,"16","Gm37459"
6.81854431072361e-54,1.25424572716339,0.997,0.861,1.70661345553101e-49,"16","Dlgap1"
3.52421486420664e-15,1.24297689582522,0.69,0.384,8.82075738362279e-11,"16","4930419G24Rik"
1.4448583677451e-09,1.23939028217453,0.398,0.218,3.6163360086292e-05,"16","Grb10"
1.65178995746377e-44,1.23110384891105,1,0.857,4.13426508453606e-40,"16","Nrxn3"
3.6999044180256e-22,1.22082243650081,0.799,0.446,9.26049076787627e-18,"16","Spock3"
3.33329288762351e-08,1.20979208931616,0.473,0.286,0.000834289876843288,"16","Clvs1"
1.14566239163504e-33,1.20792746368351,0.944,0.58,2.86747840002333e-29,"16","Cdh13"
1.40640697098418e-12,1.20377327625612,0.559,0.305,3.52009600767629e-08,"16","Ptpro"
1.0068882297219e-11,1.20366773260094,0.572,0.339,2.52014055017095e-07,"16","Plppr4"
2.41214809617827e-31,1.17667742400421,0.976,0.735,6.0373654699246e-27,"16","Kirrel3"
8.66683329506694e-22,1.16440695502717,0.818,0.547,2.1692217054223e-17,"16","Atp8a1"
4.75091192682361e-08,1.16391984472085,0.313,0.168,0.00118910574616468,"16","Glce"
5.77687193249594e-50,1.16382075427854,0.997,0.744,1.44589327598441e-45,"16","Gria1"
1.58470265391666e-16,1.15044843910852,0.676,0.425,3.966352272488e-12,"16","Tiam1"
1.40371260775485e-14,1.14239456188982,0.561,0.313,3.51335228594962e-10,"16","Esrrg"
2.31260283198545e-31,1.13952908948075,0.987,0.686,5.78821362817638e-27,"16","Lingo2"
2.31333503879173e-27,1.13409967866941,0.842,0.512,5.79004626859182e-23,"16","Rbfox3"
1.33429229889996e-23,1.13319885414749,0.874,0.563,3.33960019491672e-19,"16","Slc35f1"
6.48862320540104e-10,1.13109541945661,0.417,0.253,1.62403750207983e-05,"16","Adgrb1"
3.31997475249796e-36,1.12785065510655,0.997,0.892,8.30956480802715e-32,"16","Kcnip4"
1.28910369421047e-26,1.12105181424887,0.853,0.573,3.22649763623939e-22,"16","Dnm3"
1.54335388650614e-13,1.11377616827524,0.583,0.353,3.86286044253622e-09,"16","Me3"
8.53961787833329e-09,1.094055829992,0.607,0.373,0.000213738095876804,"16","Kcnj3"
1.6300570687802e-12,1.0936020339475,0.658,0.444,4.07986983744996e-08,"16","Atp2b2"
1.14004531573498e-09,1.08645602814632,0.521,0.323,2.85341942075308e-05,"16","Kcnj6"
4.4400484291902e-29,1.08556200726648,0.971,0.652,1.11129972134202e-24,"16","Gm26871"
7.00751869683742e-47,1.07762079773858,0.984,0.737,1.75391185463144e-42,"16","Lrrc7"
5.30379932192196e-14,1.07376532606078,0.674,0.381,1.32748793228385e-09,"16","Cux1"
7.19274053575412e-11,1.06756620039502,0.516,0.298,1.8002710286939e-06,"16","Epha3"
2.31873470743163e-11,1.06088755102851,0.588,0.385,5.80356109923062e-07,"16","Csrnp3"
1.96323197585122e-07,1.05913959310253,0.489,0.262,0.00491377331235802,"16","Samd4"
5.54278147196154e-20,1.05315405341465,0.735,0.38,1.38730277461725e-15,"16","Cdh8"
4.29243767338421e-11,1.04205256975943,0.695,0.432,1.07435422527133e-06,"16","Slc2a13"
6.95282543213887e-12,1.02847456595563,0.693,0.426,1.74022267741004e-07,"16","Rasgrf1"
7.08507028713019e-28,1.02781708102641,0.933,0.641,1.77332224216581e-23,"16","Myt1l"
3.4505858343126e-19,1.02407790626496,0.834,0.52,8.63647128470101e-15,"16","Cdh4"
9.4140460304787e-32,1.02150620989766,0.965,0.691,2.35624158096851e-27,"16","Rims1"
1.82953394338164e-10,1.01806104290405,0.594,0.379,4.5791405068899e-06,"16","Nrg2"
8.65654695233553e-11,1.01241649058007,0.484,0.307,2.16664713670006e-06,"16","Kcnb1"
6.31048877310546e-25,1.01013380443995,0.88,0.546,1.57945223502057e-20,"16","Usp29"
1.65216516072955e-19,1.00103829123652,0.832,0.523,4.13520418079e-15,"16","5730522E02Rik"
2.11511932480362e-12,0.999781197187465,0.746,0.469,5.29393215805097e-08,"16","Cnksr2"
5.01518349216075e-35,0.995102712656903,0.995,0.752,1.25525027625291e-30,"16","Syt1"
1.10563433589437e-20,0.991696219867175,0.89,0.607,2.76729217931002e-16,"16","Tenm4"
4.68028381709077e-26,0.976439674415915,0.973,0.672,1.17142823657965e-21,"16","Celf4"
2.37472533921437e-24,0.971412410084889,0.853,0.494,5.94370005151964e-20,"16","Nfib"
1.21216374681654e-08,0.968864451245491,0.668,0.443,0.000303392464190711,"16","Rab3c"
2.24360441191056e-07,0.966882522167474,0.489,0.336,0.00561551748257093,"16","Scn3a"
1.04550295883899e-25,0.960481660769293,0.971,0.773,2.6167893556781e-21,"16","Grm5"
8.13820314654458e-13,0.95121838632568,0.837,0.579,2.03691086554864e-08,"16","Grin2a"
1.11854958198912e-12,0.937891673255915,0.794,0.559,2.79961774876056e-08,"16","Pde10a"
5.98003796897034e-14,0.935221541526413,0.717,0.461,1.49674370325359e-09,"16","Gm16599"
2.10239944757463e-25,0.932484343651397,0.888,0.574,5.26209557733455e-21,"16","Cacna1e"
3.22115263999142e-14,0.921469168945118,0.824,0.603,8.06222294263454e-10,"16","Dock3"
1.01451066678888e-07,0.919032196920801,0.572,0.385,0.00253921874790589,"16","Vsnl1"
1.01341536776988e-07,0.917975530512783,0.313,0.191,0.00253647732399122,"16","Lzts1"
8.78796230794591e-11,0.917665639575229,0.559,0.383,2.19953908605578e-06,"16","Zfp148"
1.29527411167293e-11,0.915774578642478,0.658,0.432,3.24194157410617e-07,"16","Chd5"
3.08028439793432e-15,0.915688478562457,0.759,0.501,7.7096438195898e-11,"16","Dpyd"
1.48660954549568e-08,0.903766225203395,0.465,0.291,0.000372083503142114,"16","Ildr2"
1.26310276663953e-07,0.903031113303254,0.337,0.216,0.00316141991462207,"16","Jakmip1"
8.05842326146344e-13,0.899530060830417,0.791,0.566,2.01694275811168e-08,"16","Astn1"
1.35601617283074e-08,0.899221175003406,0.634,0.42,0.000339397287897807,"16","Srrm3"
5.17418835160721e-17,0.88478663577554,0.789,0.56,1.29504760252377e-12,"16","Ppm1e"
1.05757904325248e-23,0.884125861841995,0.925,0.682,2.64701458735664e-19,"16","Ralyl"
4.2991170573149e-21,0.87811466930608,0.952,0.674,1.07602600827535e-16,"16","Gabrb3"
4.6486265293582e-19,0.87116926203448,0.914,0.672,1.16350473403306e-14,"16","Cadps"
2.68934116091567e-13,0.831442943779118,0.781,0.546,6.73115199165584e-09,"16","Snap25"
3.33759540142364e-13,0.827615596820667,0.567,0.389,8.35366753022322e-09,"16","Xpr1"
1.01863204413403e-09,0.826557611197943,0.676,0.491,2.54953414326306e-05,"16","Eml5"
1.01809803174506e-07,0.824907897051015,0.655,0.464,0.0025481975636547,"16","Gm42439"
7.84512258979993e-09,0.79944744543083,0.612,0.417,0.000196355573300103,"16","Lrfn2"
2.22973930383929e-14,0.785256967834221,0.92,0.674,5.58081450357936e-10,"16","Ccser1"
1.58931209530148e-09,0.779526068121766,0.58,0.413,3.97788924333007e-05,"16","Fnbp1l"
1.12694845148061e-07,0.774406591900485,0.594,0.412,0.00282063927921082,"16","Adcy2"
1.93528573764652e-10,0.770087683261568,0.561,0.385,4.84382667275547e-06,"16","Nsg2"
1.11625003284968e-15,0.76540440094229,0.848,0.645,2.79386220721947e-11,"16","Hivep2"
7.87297695482384e-19,0.755025592868844,0.826,0.55,1.97052740202286e-14,"16","Cacna2d1"
5.19554986587692e-08,0.755009464711026,0.623,0.399,0.00130039417593034,"16","Xkr6"
1.11149171725826e-07,0.745401842961271,0.717,0.556,0.00278195261912571,"16","Rbfox2"
1.10253533520894e-14,0.738674809395772,0.858,0.596,2.75953569049445e-10,"16","Dgki"
1.37458585260599e-24,0.734275351158132,0.987,0.87,3.44045093048754e-20,"16","Auts2"
3.46121007589881e-10,0.718856644841798,0.668,0.483,8.66306269896713e-06,"16","Sipa1l1"
1.64121342623745e-16,0.714010467506189,0.995,0.893,4.1077930845297e-12,"16","Cadm2"
8.11007484077663e-09,0.70578042154447,0.741,0.56,0.000202987063189798,"16","Cttnbp2"
9.37240306282342e-09,0.705297741634344,0.727,0.512,0.000234581876259407,"16","Ncald"
8.3970395489461e-12,0.700332303473617,0.909,0.644,2.10169502870572e-07,"16","Cntn5"
2.56840927802065e-13,0.685806650606786,0.866,0.655,6.42847158195787e-09,"16","Atxn1"
4.53198363290812e-27,0.684406137208128,0.995,0.864,1.13431018348057e-22,"16","Ctnna2"
7.44709630274302e-12,0.659645656862163,0.917,0.693,1.86393373361355e-07,"16","Tmem178b"
1.28586840474785e-14,0.655319236815523,0.92,0.79,3.21840003024339e-10,"16","Ppp3ca"
2.66588321669548e-11,0.638160019192907,0.866,0.673,6.67243910306711e-07,"16","Akap6"
1.09348832245883e-09,0.637805170510237,0.754,0.516,2.73689192228222e-05,"16","Caln1"
1.03093651712092e-22,0.628138470519657,0.928,0.73,2.58033100870194e-18,"16","Tanc2"
7.60729583641328e-10,0.618953643390626,0.805,0.568,1.90403007489588e-05,"16","Frmpd4"
6.39894217625442e-12,0.61870773102941,0.799,0.629,1.60159123729472e-07,"16","Pde4b"
3.72071898331476e-08,0.615930479976537,0.658,0.462,0.000931258754333851,"16","Cntnap5b"
6.18868971998224e-21,0.597925076421964,0.807,0.469,1.54896715001435e-16,"16","Elmo1"
2.22677473246115e-09,0.593447592806723,0.575,0.359,5.57339447787701e-05,"16","Trps1"
5.27443665874045e-10,0.588392523845804,0.853,0.61,1.32013875131615e-05,"16","Sntg1"
7.81436997264743e-14,0.571046038412215,0.944,0.759,1.95585866045393e-09,"16","Plcb1"
6.35912054968324e-15,0.568945290303924,0.912,0.663,1.59162428238022e-10,"16","Prkg1"
3.55286088557402e-12,0.564475405412341,0.973,0.737,8.89245551050321e-08,"16","Grin2b"
8.03083265708676e-09,0.546830184181999,0.829,0.593,0.000201003710574225,"16","Kcnb2"
5.78768270431821e-08,0.543154112633169,0.58,0.431,0.0014485991040638,"16","Nell2"
1.15560653538266e-14,0.534149966370448,0.984,0.8,2.89236759740927e-10,"16","Anks1b"
4.0994297391842e-09,0.533232503846626,0.805,0.633,0.000102604626942041,"16","App"
8.11573437397098e-11,0.53086900024951,0.965,0.852,2.0312871564612e-06,"16","Il1rapl1"
1.18937720390439e-10,0.517812973552773,0.933,0.732,2.97689220365231e-06,"16","Dclk1"
2.37006028805434e-07,0.511570020897753,0.775,0.594,0.0059320238949712,"16","Prickle2"
5.60518665375063e-13,0.503856732217121,0.989,0.881,1.40292216756725e-08,"16","Fgf14"
5.48929302320108e-13,1.50727080145807,0.755,0.533,1.373915150777e-08,"17","Tafa1"
8.16474498955568e-08,1.4148422062296,0.625,0.464,0.00204355402343589,"17","Slit3"
1.03383857345235e-50,9.33564048071478,0.567,0.003,2.58759456549388e-46,"18","Cldn14"
2.65429310269662e-48,8.966174897731,0.55,0.003,6.64343020673938e-44,"18","Galnt5"
3.99642762087929e-47,8.87689411178027,0.535,0.002,1.00026586922988e-42,"18","Gm12828"
2.02802083790713e-27,7.71209600812893,0.34,0.002,5.07593335519776e-23,"18","Opalin"
1.97000912760257e-63,7.63357786547413,0.681,0.011,4.93073584547648e-59,"18","Sec14l5"
9.96025176288198e-33,7.17069499757386,0.39,0.003,2.49295141373173e-28,"18","Ermn"
1.74669371225132e-36,7.07780686563891,0.447,0.005,4.37179969239384e-32,"18","Prima1"
1.54049534689584e-25,7.03016467396945,0.319,0.003,3.85570580374559e-21,"18","Insc"
5.48167937742258e-27,7.0279609854287,0.337,0.005,1.3720095313751e-22,"18","Carns1"
1.2842547691059e-61,7.02498328718723,0.677,0.017,3.21436126159516e-57,"18","Prr5l"
1.3879386448625e-88,6.97786593727633,0.865,0.017,3.47387163422634e-84,"18","Mag"
7.75193702378627e-75,6.77461057471722,0.784,0.025,1.94023231768347e-70,"18","Mog"
2.13307838652805e-100,6.71785604244606,0.961,0.085,5.33888189364105e-96,"18","Rnf220"
4.28914804550774e-28,6.68424429530709,0.34,0.004,1.07353086431013e-23,"18","Adamts4"
1.01138788265402e-47,6.61821128442233,0.557,0.011,2.53140273149474e-43,"18","Ninj2"
2.31203715717655e-67,6.58705033839584,0.713,0.011,5.78679780069719e-63,"18","Cldn11"
5.04268552045821e-60,6.37409317695337,0.667,0.017,1.26213375891549e-55,"18","Plekhh1"
1.8184895727777e-95,6.3359027626022,0.95,0.043,4.55149755170531e-91,"18","St18"
3.39313194948499e-52,6.26305210301467,0.603,0.019,8.49266995636597e-48,"18","D7Ertd443e"
6.04068709718453e-55,6.10428768632642,0.621,0.017,1.51192357355432e-50,"18","Aspa"
5.01063782083465e-44,5.99592565296999,0.528,0.009,1.2541125401767e-39,"18","Plekhg3"
1.07653367448724e-39,5.83499431645439,0.486,0.01,2.69445613387412e-35,"18","1700047M11Rik"
4.17849702707366e-74,5.79778501880627,0.784,0.043,1.04583602090627e-69,"18","Sytl2"
9.63808984723238e-41,5.72149546185305,0.482,0.012,2.41231750786379e-36,"18","Mal"
2.91764852741415e-40,5.61364101693112,0.511,0.015,7.30258249926488e-36,"18","Lpar1"
3.44812492308231e-104,5.61273445803116,0.996,0.102,8.63031186998271e-100,"18","Plp1"
1.00381619390226e-73,5.61233558022301,0.812,0.053,2.51245155171796e-69,"18","Tspan2"
3.56059499338506e-22,5.52273696344131,0.287,0.01,8.91181320894346e-18,"18","Onecut2"
1.86161921319542e-74,5.49368412976021,0.798,0.033,4.65944672870682e-70,"18","Ugt8a"
2.03328420073048e-22,5.42483678125634,0.312,0.031,5.08910702600831e-18,"18","Cnksr3"
1.70341885494781e-29,5.35143756112166,0.362,0.008,4.26348705204887e-25,"18","Myrf"
2.82002280826089e-47,5.33918425970016,0.55,0.015,7.05823508679619e-43,"18","Gsn"
4.08313266347904e-75,5.29197205755898,0.805,0.034,1.02196727434217e-70,"18","Fa2h"
8.46804156865161e-30,5.13558032155436,0.39,0.012,2.11946612421781e-25,"18","Gm12145"
6.09476339056251e-90,5.11756667021592,0.894,0.048,1.52545832902389e-85,"18","Mobp"
6.99943476349742e-49,5.06404669769821,0.571,0.026,1.75188852695577e-44,"18","Elovl7"
1.3923015482421e-99,4.98575444639048,0.993,0.221,3.48479154509515e-95,"18","Mbp"
1.96588689416432e-44,4.97485352731625,0.539,0.018,4.92041830740388e-40,"18","Plxnb3"
3.39041390429044e-25,4.94540872147422,0.344,0.016,8.48586696104855e-21,"18","5830418P13Rik"
5.00148069689223e-50,4.93105270662316,0.635,0.028,1.25182060362516e-45,"18","Gm10863"
8.08139737424357e-44,4.92210110194622,0.553,0.021,2.02269294879942e-39,"18","Gjc3"
2.96433316801544e-33,4.8897123019449,0.433,0.016,7.41942948622585e-29,"18","Hhip"
3.08795522835335e-48,4.77547048316096,0.596,0.029,7.72884314104559e-44,"18","Cdh19"
2.16550005709531e-82,4.75532055930044,0.869,0.093,5.42003009290384e-78,"18","Enpp2"
3.62711384752076e-63,4.70668255941033,0.723,0.051,9.07830324895972e-59,"18","Sept4"
8.37542070449022e-23,4.66511996772553,0.34,0.02,2.09628404812686e-18,"18","Bfsp2"
2.13700649590048e-21,4.631570097542,0.291,0.011,5.34871355858931e-17,"18","Fbxo32"
1.13218000241122e-48,4.59152736317338,0.592,0.045,2.83373332803504e-44,"18","Trf"
4.76254749441962e-20,4.49424830700218,0.294,0.016,1.19201801237829e-15,"18","Rnf122"
1.09062143944791e-31,4.39463498149591,0.433,0.021,2.72971640079416e-27,"18","Padi2"
4.05091522621953e-35,4.31251953162126,0.465,0.032,1.01390357197049e-30,"18","Gal3st1"
3.28564263988399e-53,4.27153418696329,0.741,0.13,8.22363496336564e-49,"18","Kndc1"
1.50446494335905e-68,4.26863202570436,0.812,0.105,3.76552530673338e-64,"18","Tubb4a"
2.66851836475012e-21,4.23716327571552,0.326,0.018,6.67903461513307e-17,"18","Tspan15"
2.69970564143525e-48,4.18939847710015,0.663,0.064,6.7570932499483e-44,"18","Creb5"
4.29335765415097e-31,4.08048216885694,0.447,0.043,1.07458448725745e-26,"18","Ccp110"
7.97240938909243e-72,4.06433797693528,0.855,0.149,1.99541434599594e-67,"18","Ppp1r16b"
2.00368234769591e-81,3.97700644353024,0.933,0.358,5.01501654804809e-77,"18","Slc24a2"
1.17178772981187e-42,3.96524553218559,0.553,0.043,2.93286750894614e-38,"18","Clic4"
2.52066123897414e-20,3.95437607369542,0.33,0.029,6.30896301502838e-16,"18","Unc5b"
3.50571738292685e-85,3.92056085148839,0.954,0.21,8.77446003772761e-81,"18","Zfp536"
3.44905720211902e-34,3.89899031496894,0.5,0.068,8.6326452711837e-30,"18","Pde8a"
1.68729763091348e-55,3.89889357980786,0.691,0.088,4.22313724041336e-51,"18","Smad7"
5.07083736236904e-64,3.87297039469668,0.89,0.271,1.26917988342735e-59,"18","Pacrg"
4.69105405542407e-51,3.86463741755793,0.67,0.088,1.17412391953209e-46,"18","Arhgef10"
1.1806547273709e-32,3.86151701681401,0.475,0.043,2.95506071713663e-28,"18","Atp8b1"
5.59625114170073e-25,3.81539634021682,0.362,0.033,1.40068569825628e-20,"18","Ccnjl"
2.44211606440214e-52,3.79251519513024,0.688,0.122,6.11237229759212e-48,"18","Mast3"
1.2985075008528e-21,3.7638747782294,0.358,0.019,3.25003442388446e-17,"18","Enpp6"
1.73957118822056e-83,3.76080195126734,0.972,0.621,4.35397272699725e-79,"18","Tmeff2"
4.57908167192694e-67,3.76071866677933,0.89,0.227,1.14609835166659e-62,"18","Arhgap23"
2.72349428653392e-64,3.73917958279288,0.826,0.202,6.81663384976575e-60,"18","Ypel2"
5.28099733328249e-32,3.71195776755587,0.457,0.041,1.32178082254727e-27,"18","Mob3b"
4.25849623793182e-25,3.65200018016729,0.436,0.051,1.06585902339195e-20,"18","Micall1"
4.51930897726865e-73,3.616999629106,0.915,0.297,1.13113784392057e-68,"18","Map7"
1.18241326824628e-36,3.61507391474164,0.55,0.071,2.95946216909362e-32,"18","Nkain1"
8.35074063455022e-57,3.58622243461587,0.894,0.422,2.09010687342158e-52,"18","Nfasc"
2.23798575416889e-56,3.58137807991079,0.77,0.13,5.60145454410931e-52,"18","Phldb1"
3.29203317958064e-19,3.57301892753107,0.28,0.037,8.23962984517239e-15,"18","Arrdc3"
9.03992502411216e-26,3.56673525604594,0.415,0.06,2.26260283428503e-21,"18","4930511M06Rik"
3.65326709884737e-86,3.55007085300804,0.986,0.627,9.14376222170508e-82,"18","Pde4b"
3.93070273293508e-28,3.54986406025046,0.362,0.044,9.83815587026321e-24,"18","Lgi3"
4.77086384934879e-68,3.47721867642874,0.844,0.199,1.19409951285351e-63,"18","Aatk"
2.59043986742357e-27,3.46556021739537,0.489,0.082,6.48361194417445e-23,"18","Synj2"
9.02139364891498e-28,3.44891016705842,0.426,0.064,2.25796461638693e-23,"18","Gm42413"
3.30942830774283e-17,3.44818433950449,0.287,0.041,8.28316811144953e-13,"18","Cpox"
5.42603177228155e-74,3.43813469000528,0.926,0.313,1.35808149228435e-69,"18","Klhl2"
1.97763793780503e-19,3.43811963078462,0.358,0.054,4.9498299945322e-15,"18","Car2"
7.39414575892685e-30,3.42598660049525,0.511,0.084,1.8506807420018e-25,"18","Gm45345"
2.71889725186741e-67,3.41355390911895,0.911,0.392,6.80512793169894e-63,"18","Dock10"
2.93728676562866e-30,3.39928116313946,0.475,0.064,7.35173504569197e-26,"18","Pstpip2"
3.31856407113654e-62,3.39152022529287,0.84,0.247,8.30603401364765e-58,"18","Plekha1"
1.15852702043702e-28,3.38899116528826,0.613,0.242,2.89967727945181e-24,"18","Fam214a"
1.46861090684942e-25,3.3711316066079,0.429,0.071,3.67578623875342e-21,"18","Gm28320"
2.10828218585026e-49,3.36541773950844,0.723,0.218,5.27681948296463e-45,"18","Pak1"
2.91237229039925e-15,3.36432706673396,0.287,0.036,7.28937660564027e-11,"18","Josd2"
8.23404466318815e-29,3.27244547441037,0.387,0.035,2.06089903874936e-24,"18","Litaf"
4.58863797977434e-16,3.27060527445253,0.319,0.041,1.14849019995772e-11,"18","Rtkn"
1.00587264948345e-15,3.26353765209984,0.262,0.044,2.51759865439212e-11,"18","Gm48249"
4.92761918625277e-44,3.25686623111488,0.621,0.081,1.2333338061272e-39,"18","Rffl"
9.97389271999778e-65,3.24361282276788,0.883,0.195,2.49636560888824e-60,"18","Cdk19"
1.50535158225937e-23,3.23129926611571,0.333,0.032,3.76774447523698e-19,"18","Ttyh2"
3.9801140132257e-14,3.23019117581117,0.27,0.045,9.9618273637026e-10,"18","Cntn2"
6.67295220168017e-56,3.17965481126006,0.787,0.123,1.67017320655853e-51,"18","Gab1"
2.17237568901413e-24,3.17459248918837,0.429,0.037,5.43723911203347e-20,"18","Cmtm5"
1.08479104561622e-34,3.14368841887767,0.663,0.168,2.71512350807284e-30,"18","Tmem163"
1.00086484058495e-28,3.13521598770247,0.408,0.042,2.50506460950007e-24,"18","Tfeb"
5.15056616723608e-23,3.11493453178399,0.348,0.038,1.28913520599752e-18,"18","Tsc22d3"
4.0770238447568e-23,3.11187904301518,0.365,0.034,1.02043829810418e-18,"18","Nkx2-2os"
3.42343382789874e-48,3.05436155595199,0.702,0.143,8.56851252784776e-44,"18","Slc12a2"
1.07070493946858e-30,3.04686245010773,0.557,0.105,2.67986739299591e-26,"18","Secisbp2l"
3.62538625117853e-32,3.03607597578675,0.535,0.062,9.07397924807475e-28,"18","Sox10"
1.60940418526491e-37,3.03390087570188,0.599,0.119,4.02817773529955e-33,"18","Ddr1"
1.71441213183342e-17,3.02048929237213,0.291,0.04,4.29100212476587e-13,"18","Parvb"
3.03735613681173e-30,3.01275644337021,0.543,0.102,7.60219867482608e-26,"18","Rcbtb1"
8.39284648202766e-23,3.00213471947088,0.422,0.064,2.1006455459867e-18,"18","Fam102a"
7.61798945773427e-18,2.99341243628773,0.305,0.05,1.90670658137631e-13,"18","Dnajb2"
1.60128296608618e-62,2.9886579869229,0.865,0.261,4.00785113581711e-58,"18","Sept7"
1.45037547683566e-55,2.97289609158272,0.784,0.117,3.63014478097198e-51,"18","Plekhg1"
1.31964566907844e-24,2.97202224120416,0.408,0.073,3.30294114513642e-20,"18","Mtmr2"
4.20634686660365e-44,2.94782783730711,0.695,0.14,1.05280655724223e-39,"18","Otud7b"
7.21362237291861e-20,2.92747967838618,0.401,0.078,1.8054975437178e-15,"18","Tmod1"
9.29190655501243e-25,2.89220012901884,0.433,0.053,2.32567129165406e-20,"18","Gatm"
2.33664626084144e-40,2.88490971378304,0.723,0.261,5.84839192626005e-36,"18","Ttll7"
1.43523165716873e-54,2.8772927549013,0.855,0.32,3.59224131472762e-50,"18","Ano4"
5.33561599672344e-48,2.86023403011061,0.677,0.058,1.33545132781991e-43,"18","Bcas1os2"
6.73049539333554e-19,2.85645150770995,0.337,0.057,1.68457569199795e-14,"18","Llgl1"
8.84699624287975e-23,2.84382809519357,0.404,0.079,2.21431468963037e-18,"18","Dbndd2"
3.11970923530357e-44,2.84314831188671,0.716,0.234,7.8083202450413e-40,"18","Sh3gl3"
4.61119973208615e-23,2.83411863264046,0.33,0.027,1.15413718094384e-18,"18","Pla2g4a"
1.71034865798824e-16,2.81751371905018,0.415,0.08,4.28083165607875e-12,"18","Ell2"
1.94179388049092e-17,2.81593277738539,0.305,0.038,4.86011590348072e-13,"18","Ppfibp2"
6.65629363379247e-21,2.770614550214,0.369,0.062,1.66600373360192e-16,"18","Gm4221"
1.31752498628288e-50,2.76969879694338,0.734,0.08,3.29763328816741e-46,"18","Bcas1"
1.12061900859607e-15,2.71452030774404,0.259,0.026,2.80479731661511e-11,"18","Plod1"
2.00365249014832e-49,2.70611275034586,0.833,0.346,5.01494181759223e-45,"18","Gas7"
1.39055352305506e-25,2.6649570382293,0.518,0.138,3.48041641285451e-21,"18","Itpk1"
7.2627385812465e-14,2.6621460657147,0.305,0.08,1.81779083950019e-09,"18","Rhou"
5.63587505413651e-40,2.6604555139513,0.78,0.282,1.41060316729983e-35,"18","Pcyt2"
1.86465273431126e-46,2.6594874791206,0.684,0.106,4.66703932870766e-42,"18","Wipf1"
5.30671514890537e-65,2.65884702279631,0.918,0.394,1.32821773461952e-60,"18","Plcl1"
4.13549541189541e-38,2.65849963633621,0.716,0.248,1.0350731466433e-33,"18","Vmp1"
3.50040178830099e-37,2.65529003718038,0.628,0.165,8.76115563593855e-33,"18","Il1rap"
2.84912360311587e-07,2.6533079259726,0.298,0.087,0.00713107146623871,"18","Pik3c2b"
1.23857487429435e-11,2.64286194381072,0.255,0.069,3.10002905287133e-07,"18","Ctps"
4.81042972394603e-24,2.63700414707166,0.539,0.152,1.20400245560645e-19,"18","Slain1"
1.00732877229396e-29,2.63376138306127,0.589,0.155,2.52124318417455e-25,"18","E130308A19Rik"
4.49683438518831e-46,2.62689011165554,0.745,0.224,1.12551267826878e-41,"18","Jam3"
6.13884171028972e-25,2.62378239947512,0.479,0.103,1.53649069166841e-20,"18","Parm1"
2.30680748766807e-80,2.62199873392586,0.996,0.908,5.7737084608844e-76,"18","Pcdh9"
4.46950909959312e-22,2.61619758256738,0.45,0.085,1.11867343253716e-17,"18","Ick"
1.88033883989157e-33,2.6055825244314,0.596,0.183,4.70630008236462e-29,"18","Slk"
2.05876162868928e-16,2.60149971909211,0.301,0.073,5.15287448044639e-12,"18","Hid1"
1.71946786555531e-27,2.58732669012887,0.44,0.059,4.30365612069838e-23,"18","Prkcq"
5.06197486140795e-27,2.58280379605332,0.454,0.087,1.2669616880618e-22,"18","Stxbp3"
4.20434031359123e-43,2.57588752904112,0.787,0.287,1.05230433708875e-38,"18","Gm16168"
2.14861434186527e-22,2.57140270854765,0.397,0.068,5.37776683625459e-18,"18","Myo1e"
6.44490021486308e-25,2.57078799893813,0.411,0.079,1.61309407477808e-20,"18","Gm37494"
2.64227092609083e-17,2.56857450909124,0.351,0.085,6.61333990091273e-13,"18","Zfhx2os"
1.7396702848099e-22,2.56385334470681,0.461,0.093,4.3542207558507e-18,"18","9130019P16Rik"
4.09572093557832e-36,2.55598132274467,0.677,0.2,1.0251179929659e-31,"18","Erbin"
3.25648650577602e-43,2.53493466660657,0.794,0.275,8.1506600753068e-39,"18","Man1a"
5.5221351135175e-14,2.5291048243184,0.266,0.04,1.3821351975623e-09,"18","Tppp"
1.02247198145146e-26,2.52889765980293,0.574,0.158,2.55914512237485e-22,"18","1810062O18Rik"
5.86077130914576e-39,2.5216740303345,0.681,0.204,1.46689245096609e-34,"18","Rap1a"
9.69591696107969e-15,2.51654879094362,0.514,0.235,2.42679105618864e-10,"18","Eml1"
4.79076224777398e-21,2.50476132762108,0.564,0.25,1.19907988299535e-16,"18","Sema4d"
7.90493875749109e-42,2.49692803657104,0.816,0.42,1.97852712161244e-37,"18","St6galnac3"
2.33686500596772e-27,2.46775652922605,0.592,0.172,5.84893942343661e-23,"18","Sirt2"
1.47962134422975e-25,2.46216841033578,0.688,0.273,3.70334426247265e-21,"18","Sema6a"
6.60875700714698e-56,2.45530803188941,0.887,0.444,1.65410579131882e-51,"18","Phlpp1"
9.09350252634687e-13,2.45498190788377,0.496,0.224,2.27601274731936e-08,"18","Pik3r3"
5.83548340334922e-15,2.45108274511846,0.333,0.099,1.46056314102428e-10,"18","Rftn1"
2.26469798532571e-65,2.44668694070227,0.972,0.527,5.66831258747171e-61,"18","Qk"
9.01908452785485e-20,2.44586279124048,0.369,0.084,2.25738666647679e-15,"18","Akr1b3"
9.61514506789708e-29,2.43519249561652,0.667,0.204,2.40657465904396e-24,"18","Abhd17b"
9.56988259616449e-09,2.40839907791127,0.259,0.074,0.000239524591499401,"18","Gm27200"
7.64404086850613e-32,2.40612461592469,0.716,0.284,1.9132269889784e-27,"18","Ephb1"
1.18602994937854e-40,2.40008207070578,0.837,0.448,2.96851436029956e-36,"18","Fnbp1"
3.155509008117e-13,2.39288032415128,0.273,0.064,7.89792349641605e-09,"18","Kif6"
1.07285320662697e-38,2.38205610732297,0.816,0.308,2.68524429086665e-34,"18","Slc22a23"
7.76384554082729e-52,2.38000900335364,0.805,0.207,1.94321290041366e-47,"18","Frmd4b"
1.85850241113722e-56,2.37731700269145,0.954,0.492,4.65164568483534e-52,"18","Frmd5"
1.13568163632621e-10,2.3768633076628,0.28,0.068,2.84249756756087e-06,"18","Gm20319"
1.99905624584303e-24,2.3574727837623,0.546,0.149,5.00343787772053e-20,"18","Snx30"
1.56096500597175e-34,2.35050565839066,0.663,0.198,3.90693931344669e-30,"18","Myo1d"
3.07714835595859e-16,2.34410904357888,0.326,0.079,7.70179462012877e-12,"18","Nfe2l3"
8.65662389088796e-46,2.32588046564129,0.805,0.301,2.16666639365035e-41,"18","Bin1"
5.37638737930055e-22,2.32113659981733,0.518,0.154,1.34565599716514e-17,"18","Pacs2"
1.39680436819741e-30,2.31633172432892,0.543,0.098,3.4960616531613e-26,"18","Daam2"
8.43086992758496e-17,2.30947558073518,0.422,0.117,2.11016243417524e-12,"18","Abca2"
8.55649571524022e-12,2.29932697126531,0.319,0.092,2.14160531256747e-07,"18","Gm16068"
2.49837728600035e-15,2.2920093174957,0.33,0.077,6.25318850913027e-11,"18","Gm26979"
4.01808343536195e-13,2.2864978844857,0.259,0.045,1.00568610303674e-08,"18","Prox1"
4.49268347224384e-09,2.28389409324398,0.291,0.085,0.000112447374626791,"18","Gm26911"
4.26829566377412e-36,2.28050961902963,0.773,0.289,1.06831172168602e-31,"18","Tmod2"
2.1110491280762e-32,2.27104816545013,0.667,0.227,5.28374486266192e-28,"18","Stxbp6"
5.25544094945435e-23,2.26094462729157,0.496,0.148,1.31538431523893e-18,"18","Klf13"
5.31797124322397e-21,2.25170125224618,0.489,0.082,1.33103502246653e-16,"18","Gramd3"
4.58849052309552e-13,2.25137354165059,0.27,0.065,1.14845329302558e-08,"18","Bcar1"
4.46653281404251e-35,2.23924918798918,0.734,0.293,1.1179284980267e-30,"18","Slc44a1"
7.55368528850424e-35,2.23056127530834,0.784,0.286,1.89061189085973e-30,"18","Cdc37l1"
1.20120089626688e-31,2.20502779390269,0.741,0.307,3.00648572326636e-27,"18","Gm26936"
2.42640465593894e-28,2.19925164555552,0.72,0.36,6.07304821334958e-24,"18","Ablim2"
7.83079034910964e-28,2.19856496534401,0.691,0.226,1.95996851647865e-23,"18","Rab31"
1.11824492924426e-15,2.19305513820113,0.475,0.143,2.79885523340547e-11,"18","Shisa4"
5.0884397267452e-11,2.18675665373746,0.323,0.075,1.27358557920706e-06,"18","Tesk2"
1.06991267963854e-39,2.18217427128339,0.823,0.305,2.6778844458673e-35,"18","Sh3d19"
9.50066368823159e-13,2.17342847522177,0.326,0.083,2.37792111452748e-08,"18","Bmp1"
6.93500962165473e-18,2.16780698424366,0.426,0.143,1.73576355820396e-13,"18","Grb14"
2.28705146164534e-39,2.15910641296103,0.784,0.342,5.72426110335212e-35,"18","Gm4258"
1.61620096747523e-35,2.15365436260943,0.798,0.416,4.04518940149376e-31,"18","Daam1"
5.44859364835227e-26,2.14713417400039,0.73,0.319,1.36372850424609e-21,"18","Naaladl2"
3.86923402942209e-13,2.14662467869503,0.465,0.144,9.68430585224056e-09,"18","Usp54"
2.12409163881632e-74,2.1428866928199,1,0.84,5.31638896279337e-70,"18","Nkain2"
5.72341532139138e-27,2.1385007448034,0.553,0.13,1.43251362079105e-22,"18","Kank1"
1.47052294707897e-12,2.13221720744452,0.323,0.086,3.68057188424396e-08,"18","Lrrn1"
2.07264378409554e-26,2.12949826519044,0.638,0.277,5.18762012721273e-22,"18","Zfhx2"
3.52530105710631e-26,2.12685619737706,0.578,0.167,8.82347601583138e-22,"18","Rnf13"
2.35318645640483e-31,2.11870956463619,0.706,0.323,5.88979038173564e-27,"18","Xrcc6"
5.53228773649287e-12,2.11815803584459,0.277,0.092,1.3846762975668e-07,"18","2410021H03Rik"
4.30335962827242e-20,2.11516292314598,0.518,0.2,1.0770878813603e-15,"18","Jakmip3"
1.00809227358079e-13,2.11188865537021,0.376,0.123,2.52315415154536e-09,"18","4933400F21Rik"
1.13835936986688e-36,2.10341231902567,0.83,0.386,2.84919966683981e-32,"18","Rtn4"
7.02821475154849e-28,2.10078692892183,0.624,0.234,1.75909187016507e-23,"18","Dip2a"
8.23767957751794e-37,2.09663894640426,0.826,0.462,2.06180882145697e-32,"18","Pak7"
7.27247142083752e-24,2.09202958499335,0.585,0.192,1.82022687192142e-19,"18","Bcl2l1"
1.71603267976858e-24,2.07192167309922,0.603,0.205,4.29505819419279e-20,"18","Osbpl1a"
2.09955329457057e-14,2.037037892278,0.489,0.218,5.25497194098068e-10,"18","Gm43915"
5.04884310565469e-19,2.02738088965458,0.454,0.133,1.26367494091431e-14,"18","Gna12"
2.79069204193286e-19,2.02677314601732,0.649,0.294,6.98482311175375e-15,"18","2610035D17Rik"
3.68077626028324e-27,2.02585442232304,0.599,0.187,9.21261490186292e-23,"18","Pdzrn3"
6.61024370603622e-12,1.99935655444031,0.348,0.116,1.6544778971838e-07,"18","Serinc5"
1.25593374390886e-18,1.99911560079502,0.585,0.306,3.14347656762947e-14,"18","Shtn1"
1.96050350671338e-26,1.99178336726448,0.613,0.214,4.90694422695291e-22,"18","Ywhaq"
1.10310386024686e-13,1.98987087467644,0.344,0.103,2.76095865181187e-09,"18","Tjap1"
4.70564087671304e-10,1.9852972214368,0.287,0.086,1.17777485503251e-05,"18","Dcbld2"
2.92297648204545e-24,1.97904541539339,0.546,0.206,7.31591783691155e-20,"18","Clmn"
1.27374152857673e-12,1.97435892119475,0.255,0.069,3.1880476718747e-08,"18","Prag1"
7.08959269891554e-19,1.96715027207597,0.45,0.132,1.77445415661157e-14,"18","Iffo1"
1.46361540458239e-14,1.96596981555668,0.316,0.084,3.66328299612927e-10,"18","Gm42695"
2.38734463893996e-15,1.96322461818318,0.468,0.172,5.97528489680282e-11,"18","Txndc16"
1.54443145993067e-13,1.96157737421052,0.468,0.174,3.86555750106048e-09,"18","Tmeff1"
8.1505288088682e-08,1.9477920251091,0.372,0.167,0.00203999585557162,"18","Tns3"
5.68882398298967e-24,1.94727562127119,0.511,0.125,1.42385575470249e-19,"18","Mitf"
2.06847182590348e-13,1.93913457181428,0.255,0.044,5.17717813305382e-09,"18","Prkd3"
1.45473777457656e-14,1.9375275803576,0.351,0.078,3.64106317598766e-10,"18","Tjp2"
5.09821115915739e-17,1.92445568483821,0.379,0.113,1.2760312710255e-12,"18","Tmbim1"
2.08559362161549e-12,1.9163786458628,0.358,0.11,5.22003227554141e-08,"18","March8"
2.3943558320045e-32,1.91453839909077,0.745,0.313,5.99283321192407e-28,"18","Srcin1"
1.82797130349352e-17,1.91169271804371,0.447,0.16,4.57522937551394e-13,"18","Tspan9"
9.33008749665246e-10,1.90687449671607,0.266,0.058,2.33522759953714e-05,"18","Sox2"
1.28116403164148e-13,1.90020228609687,0.387,0.141,3.20662545479546e-09,"18","Acss2"
4.79943252490573e-19,1.89903245864208,0.652,0.425,1.20124996665866e-14,"18","Mast4"
2.31453056751817e-21,1.89297598941908,0.55,0.209,5.79303855744123e-17,"18","Mta3"
7.0258623396836e-08,1.89277239347705,0.28,0.101,0.00175850308499941,"18","Retreg3"
1.24748886760867e-32,1.88194221322484,0.745,0.364,3.12233988673775e-28,"18","Pkp4"
2.81720062213944e-10,1.8786919630453,0.309,0.098,7.05117143715281e-06,"18","Cnp"
2.15992684530032e-12,1.87638304182749,0.454,0.155,5.40608090110217e-08,"18","Usp6nl"
1.79530379222961e-15,1.8728260266078,0.422,0.163,4.49346586157149e-11,"18","Mad1l1"
8.05741433325274e-13,1.8503299124286,0.312,0.118,2.01669023346983e-08,"18","Gss"
1.95396825240254e-17,1.82272498173398,0.489,0.167,4.89058713893832e-13,"18","Rdx"
3.33717403601812e-18,1.82235790676637,0.504,0.22,8.35261289474976e-14,"18","Lpgat1"
2.05429269830483e-32,1.82140987953896,0.809,0.389,5.14168919458717e-28,"18","Hipk2"
3.88276589971092e-12,1.81636883286763,0.309,0.088,9.71817477038647e-08,"18","Wscd1"
7.31684776790273e-13,1.81539078624689,0.326,0.116,1.83133382782837e-08,"18","Vldlr"
1.1691797843585e-16,1.81185548357846,0.323,0.059,2.9263400822709e-12,"18","Csrp1"
2.13018548221939e-44,1.81013993033312,0.95,0.554,5.33164124344691e-40,"18","Zeb2"
1.69022523626103e-12,1.79865124298105,0.362,0.131,4.23046474383774e-08,"18","Mpp5"
1.20547286899332e-09,1.79498163830137,0.344,0.117,3.01717804380338e-05,"18","Pdgfc"
5.16952292906562e-46,1.79077311053765,0.911,0.558,1.29387989391583e-41,"18","Unc5c"
7.46420878426959e-27,1.7888227074675,0.734,0.362,1.86821681661483e-22,"18","Map4"
1.59995607166466e-09,1.78689068327205,0.301,0.109,4.00453005176948e-05,"18","Mpzl1"
1.27028931862293e-10,1.78656674012477,0.337,0.136,3.17940713558134e-06,"18","Dcaf17"
2.87657844703717e-15,1.76936941136195,0.468,0.164,7.19978819508933e-11,"18","Retreg1"
1.2668370138658e-13,1.76573553994487,0.365,0.106,3.17076636200471e-09,"18","B430010I23Rik"
9.50565799930779e-20,1.76248163636504,0.582,0.249,2.37917114064675e-15,"18","1700085D07Rik"
2.76165211576927e-20,1.75700939968158,0.716,0.407,6.91213908055891e-16,"18","Prickle1"
1.79114553130823e-10,1.75366143585683,0.493,0.209,4.48305815031137e-06,"18","Agpat4"
4.58595458192731e-08,1.74495675214753,0.273,0.097,0.00114781857231059,"18","Amd1"
1.13598308687966e-07,1.73887111024695,0.27,0.096,0.00284325206815111,"18","Ldlr"
2.67298604821171e-39,1.73775922797693,0.858,0.481,6.6902167800691e-35,"18","Agap1"
4.56029606166469e-15,1.73494653621032,0.514,0.234,1.14139650127406e-10,"18","5031439G07Rik"
3.48419175270256e-33,1.7332241105797,0.656,0.216,8.72058353783924e-29,"18","Myo6"
1.09184665008473e-33,1.72344203499745,0.879,0.518,2.73278298049707e-29,"18","Sik3"
5.87352269685704e-18,1.71759354913369,0.454,0.14,1.47008399579635e-13,"18","Meis1"
1.13282359686383e-24,1.71756711360637,0.702,0.318,2.83534418059047e-20,"18","Arhgef28"
1.83107981365016e-13,1.70784014260851,0.326,0.101,4.58300966558499e-09,"18","Hip1r"
1.38891017668213e-09,1.70705971652314,0.411,0.164,3.4763032812177e-05,"18","Dixdc1"
9.82170046299115e-20,1.70628381672125,0.631,0.316,2.45827340888206e-15,"18","Prkcz"
3.16194341990111e-10,1.69567406324927,0.291,0.103,7.91402818567048e-06,"18","Adipor2"
6.64989569988136e-11,1.68930731984489,0.291,0.118,1.6644023947233e-06,"18","Npat"
2.74131915192127e-15,1.68484787622932,0.411,0.163,6.86124770534376e-11,"18","Gnb4"
8.41609214013013e-12,1.67662266374234,0.759,0.5,2.10646370175317e-07,"18","Nckap5"
2.78021761184781e-11,1.6736996600461,0.592,0.426,6.95860666069387e-07,"18","9530059O14Rik"
3.56215792804525e-21,1.64770431804684,0.752,0.476,8.91572507810445e-17,"18","Edil3"
1.63902320767036e-09,1.64406585807628,0.284,0.113,4.10231118647815e-05,"18","Polr3e"
2.48478477771076e-09,1.64253633197528,0.337,0.131,6.21916782013226e-05,"18","Tpd52"
1.08585662484957e-14,1.64046237226534,0.546,0.294,2.71779054633599e-10,"18","Glp2r"
1.82509672819398e-15,1.63892293332261,0.454,0.165,4.56803460099672e-11,"18","Arhgef2"
2.90209599834853e-13,1.63589248931301,0.511,0.189,7.26365607426654e-09,"18","Fign"
3.05664400743739e-11,1.63551313761465,0.266,0.077,7.65047428621503e-07,"18","Gm16759"
1.37863877170086e-18,1.63482480967467,0.55,0.229,3.45059498169007e-14,"18","Gkap1"
2.8864257677416e-14,1.63353124514159,0.518,0.181,7.22443505408044e-10,"18","Gng12"
2.07111132708482e-15,1.62900533651906,0.457,0.18,5.18378454056059e-11,"18","Wdr20"
7.95455425397114e-19,1.62606276367562,0.596,0.28,1.99094538422644e-14,"18","Nbas"
4.54632960602295e-10,1.62019707825652,0.252,0.064,1.13790083709148e-05,"18","Diaph3"
1.91238351937578e-20,1.61958937334512,0.603,0.274,4.78650471064564e-16,"18","Mink1"
3.19522200644644e-17,1.61377054651963,0.55,0.232,7.9973211599348e-13,"18","Kif13a"
9.15582384495075e-19,1.61209444162063,0.752,0.5,2.29161115015272e-14,"18","Mical3"
1.44843483371921e-11,1.61041260156094,0.404,0.149,3.62528754531581e-07,"18","Reep5"
5.7090450772486e-11,1.60921009114682,0.532,0.239,1.42891689238455e-06,"18","Ttll5"
6.92326051105471e-20,1.60572049027725,0.624,0.278,1.73282287331188e-15,"18","Dennd5a"
8.29721978140868e-24,1.59998897212847,0.656,0.172,2.07671113908878e-19,"18","Chd7"
6.52776157421418e-10,1.59697538523374,0.294,0.115,1.63383344441007e-05,"18","Ube2d1"
6.32896409309091e-15,1.59672735726156,0.323,0.082,1.58407642285972e-10,"18","Elf1"
3.57718225924407e-15,1.58902575970514,0.45,0.222,8.95332947666197e-11,"18","Coro2b"
5.10957669046161e-09,1.58693621904521,0.316,0.138,0.000127887594985564,"18","Mgat3"
4.51460990049829e-10,1.56893073163111,0.344,0.152,1.12996171199572e-05,"18","Heatr3"
2.62768298880551e-33,1.56798789009286,0.851,0.494,6.57682775268132e-29,"18","Baz2b"
7.57480137707809e-48,1.56728946455837,0.965,0.802,1.89589703666887e-43,"18","Fgfr2"
1.08691110668457e-07,1.5524973288826,0.387,0.147,0.00272042980892081,"18","Cpeb2"
6.63562738201673e-16,1.54440567399349,0.468,0.21,1.66083117744497e-11,"18","Cyth1"
4.01896763853633e-08,1.54243540030087,0.323,0.148,0.00100590741024926,"18","Iars"
2.81521478840793e-17,1.54242972384051,0.699,0.349,7.04620109390622e-13,"18","Ankrd28"
1.21112236868879e-18,1.54198181057184,0.574,0.296,3.03131817659116e-14,"18","Add1"
2.45596172017309e-17,1.541558414687,0.691,0.346,6.14702658942122e-13,"18","Specc1"
3.42658098818997e-23,1.525583778825,0.812,0.586,8.57638955534067e-19,"18","Mapt"
2.36419116953191e-30,1.51875221277351,0.848,0.508,5.91733407822141e-26,"18","Limch1"
8.00093960101196e-28,1.51606296561468,0.819,0.428,2.00255517273728e-23,"18","Wnk1"
5.93706024686093e-29,1.51460132059677,0.787,0.332,1.48598680918682e-24,"18","Ptn"
1.206763238264e-08,1.50975737610071,0.365,0.162,0.000302040770905097,"18","Ubl3"
1.17478179469037e-09,1.50450791206358,0.486,0.242,2.94036135393052e-05,"18","Vps8"
5.87679095410715e-12,1.49629120388869,0.479,0.224,1.47090200790348e-07,"18","Kif13b"
5.62941980163992e-19,1.49171311050107,0.408,0.153,1.40898748215246e-14,"18","St6gal1"
2.09219516158719e-13,1.48422331508448,0.411,0.203,5.23655526993657e-09,"18","Ccser2"
4.56843750862715e-34,1.48337601623332,0.83,0.499,1.14343422403429e-29,"18","Ptk2"
9.22705580754529e-11,1.47740724791692,0.429,0.187,2.30943979807051e-06,"18","Cdh20"
3.59344321680081e-24,1.46670984189287,0.755,0.425,8.99402902733073e-20,"18","Tulp4"
9.121378603136e-14,1.46619049660833,0.404,0.175,2.28298985057891e-09,"18","Igsf11"
4.66354797458209e-11,1.4637405517587,0.355,0.139,1.16723942255815e-06,"18","Strn"
8.67738907202795e-30,1.44976502385307,0.865,0.59,2.17186371083788e-25,"18","Exoc6b"
3.69294234708944e-11,1.44653498612934,0.443,0.179,9.24306540053017e-07,"18","Fnip2"
4.16500396320687e-10,1.43065768678757,0.312,0.14,1.04245884195105e-05,"18","Acsl1"
2.39980895863095e-08,1.42975789358425,0.319,0.136,0.000600648184255741,"18","Tbc1d22b"
1.4036653620762e-15,1.42576556921267,0.429,0.147,3.51323403474053e-11,"18","Kat2b"
7.7356665691839e-08,1.42248942212694,0.28,0.103,0.00193615998560104,"18","Hmgcs1"
6.53355562967109e-15,1.40377665708729,0.408,0.14,1.63528363855038e-10,"18","Zfand6"
1.8066868191957e-12,1.38759110714422,0.39,0.156,4.52195643976492e-08,"18","Usp25"
9.12575035742404e-13,1.38707135165921,0.404,0.177,2.28408405695966e-08,"18","Ppp1r21"
6.78023387140377e-11,1.38330329260226,0.585,0.316,1.69702473567365e-06,"18","Stk39"
1.71828447075306e-15,1.37445849629575,0.521,0.223,4.30069420184784e-11,"18","Kazn"
9.16674705280406e-12,1.36036423959345,0.475,0.202,2.29434511984633e-07,"18","Abl1"
1.99391085789797e-08,1.35857158443863,0.369,0.179,0.000499055948623284,"18","Nrbp2"
2.98734559872109e-10,1.35826800938833,0.397,0.161,7.47702729903902e-06,"18","Gm31763"
1.37640141399365e-28,1.35606050731162,0.84,0.508,3.44499509908471e-24,"18","Tcf12"
1.73989151209021e-10,1.34974875463334,0.358,0.174,4.35477446561058e-06,"18","Dazap1"
9.15674194443228e-08,1.34880329460473,0.316,0.143,0.00229184094127196,"18","Fkbp1a"
2.02810455250788e-09,1.34025469518103,0.397,0.214,5.07614288447197e-05,"18","Desi1"
6.18414241340413e-12,1.33623190995421,0.493,0.231,1.54782900465092e-07,"18","Rab40c"
3.97569664505702e-09,1.33591414813681,0.333,0.157,9.95077113291321e-05,"18","Arpc1a"
5.54842094838976e-12,1.33008456248878,0.493,0.225,1.38871427917247e-07,"18","4930444A19Rik"
2.07276346736825e-09,1.32625893394059,0.344,0.174,5.187919682476e-05,"18","Ptpn11"
9.03518154001858e-23,1.32301582427307,0.734,0.383,2.26141558765125e-18,"18","Tbc1d5"
2.70979824525522e-08,1.32293513428873,0.472,0.258,0.00067823540280493,"18","4930512B01Rik"
3.8320047157535e-07,1.32256436459127,0.27,0.116,0.00959112460305944,"18","Map7d1"
1.07476512558598e-12,1.32033764643897,0.521,0.265,2.69002963282915e-08,"18","Ankib1"
6.73702273001466e-11,1.31855400194039,0.358,0.141,1.68620941909537e-06,"18","Reep3"
1.89213337268684e-68,1.30837170752509,1,1,4.73582061849789e-64,"18","Malat1"
4.53439788960318e-08,1.30704306020043,0.472,0.23,0.00113491444778878,"18","Soga1"
9.56100304167017e-09,1.30169016538755,0.358,0.181,0.000239302345129963,"18","Tfdp2"
3.61107409775653e-07,1.30165198973714,0.27,0.124,0.00903815735927481,"18","Phc1"
2.34666705747446e-09,1.29915033745632,0.33,0.136,5.87347297815284e-05,"18","Zfp740"
3.78321042370118e-14,1.29235944138403,0.606,0.334,9.46899736948169e-10,"18","4932443L11Rik"
4.97942103821696e-21,1.29155145299097,0.734,0.45,1.24629929165532e-16,"18","Myo18a"
6.83796057861842e-09,1.28501785651285,0.39,0.222,0.00017114731532224,"18","Slc25a27"
5.5678136895063e-25,1.28483613513086,0.816,0.505,1.39356808834653e-20,"18","Mbnl2"
2.05395794214356e-25,1.27001544644212,0.727,0.294,5.14085133339111e-21,"18","Dleu2"
1.04905718530728e-15,1.26761870512399,0.674,0.406,2.6256852291056e-11,"18","Ptprk"
1.0509906104457e-15,1.26114182194876,0.603,0.312,2.63052439888454e-11,"18","Cdc42se2"
1.46449312177701e-27,1.2519514047321,0.887,0.629,3.66547983449567e-23,"18","Tjp1"
1.92355418769557e-10,1.25181464502041,0.429,0.227,4.81446377638325e-06,"18","Rictor"
1.36693145211402e-18,1.25130366678832,0.755,0.45,3.42129273149618e-14,"18","Map4k4"
1.03425703016658e-07,1.25090568155787,0.252,0.113,0.00258864192080393,"18","Efnb3"
4.19924017820092e-11,1.24783341690232,0.337,0.091,1.05102782420191e-06,"18","Pld1"
9.09402043697631e-26,1.24684249247201,0.83,0.545,2.2761423751708e-21,"18","Tmcc1"
6.86114831865636e-24,1.24149811252692,0.965,0.78,1.7172768126765e-19,"18","Ank3"
5.76578656806337e-10,1.23514193554866,0.362,0.167,1.44311872012058e-05,"18","Stx6"
2.8637196042117e-08,1.23139509450382,0.337,0.208,0.000716760379738146,"18","Tmtc1"
3.89836079338703e-07,1.22870923679526,0.326,0.136,0.00975720722976839,"18","Bace1"
1.62657270072819e-09,1.21885973473582,0.624,0.372,4.07114881265259e-05,"18","Atrn"
2.31686201512212e-07,1.21664354987092,0.426,0.228,0.00579887393764914,"18","Fbl"
1.61602819989239e-18,1.21435451385893,0.723,0.428,4.04475698151067e-14,"18","Dlg1"
3.01930290692422e-10,1.21428947683818,0.358,0.118,7.55701324574063e-06,"18","Abtb2"
3.68568344821882e-07,1.21127297923665,0.291,0.131,0.00922489710254689,"18","Cfl2"
3.95071092049682e-12,1.20977566811886,0.493,0.259,9.88823436291149e-08,"18","Paip2"
1.97280461487028e-12,1.20895741489435,0.638,0.451,4.93773267055883e-08,"18","Hecw2"
3.26508443711793e-07,1.20607359493182,0.532,0.328,0.00817217983766248,"18","Gm11659"
5.34019940854061e-11,1.1984347961627,0.465,0.231,1.33659850996363e-06,"18","Phyhipl"
9.13955553258411e-10,1.19337277007598,0.56,0.312,2.28753935425048e-05,"18","Dnm2"
2.79526876767728e-09,1.17945012288607,0.45,0.219,6.99627819861948e-05,"18","Ppp2r2a"
4.67499006528368e-08,1.17906686427186,0.287,0.116,0.00117010326343985,"18","St3gal4"
3.82768856119002e-14,1.17387531451702,0.418,0.162,9.58032169980249e-10,"18","Scd2"
8.95972629930565e-08,1.17322612683531,0.291,0.15,0.00224252989545321,"18","Coro7"
2.64870314768239e-17,1.17108893785195,0.695,0.396,6.62943910833426e-13,"18","Ppp2r3a"
3.19577123073615e-11,1.1663903681793,0.472,0.234,7.99869581340951e-07,"18","Dync1li2"
4.95688322200188e-09,1.15570183187473,0.305,0.153,0.000124065830163485,"18","Sptlc2"
7.55357907623001e-12,1.15026780526962,0.599,0.367,1.89058530698961e-07,"18","Far1os"
1.59594480809594e-07,1.14976928513518,0.447,0.242,0.00399449026018333,"18","Aplp1"
5.06129505049814e-10,1.14908985916464,0.383,0.175,1.26679153818918e-05,"18","Gm17231"
5.63675217494185e-09,1.14634932188624,0.408,0.219,0.00014108227018662,"18","Ncapd3"
6.11746879853038e-10,1.14350633835878,0.355,0.142,1.53114126558417e-05,"18","Lima1"
1.72979742946032e-08,1.13402226931798,0.426,0.232,0.000432950998619623,"18","Dicer1"
3.76065270648163e-12,1.11977325654369,0.66,0.457,9.41253765905288e-08,"18","Zfp638"
7.23503930552155e-09,1.11845908901051,0.411,0.237,0.000181085798777899,"18","Pde7a"
6.93897028909939e-09,1.11736355092584,0.713,0.596,0.000173675487365869,"18","Prickle2"
1.0309838355844e-10,1.11440889050177,0.518,0.274,2.58044944208419e-06,"18","6530409C15Rik"
1.59094088406905e-21,1.11082601290733,0.848,0.625,3.98196593873644e-17,"18","Ube2e2"
8.80671632915318e-11,1.10453926917612,0.404,0.142,2.20423303002375e-06,"18","Stard13"
9.49403445911345e-14,1.0967858543974,0.812,0.575,2.3762618847715e-09,"18","Dnm3"
2.52002284707184e-10,1.09652397796165,0.748,0.549,6.30736518393612e-06,"18","Atp8a1"
3.45875799617396e-25,1.09491985003552,0.901,0.655,8.6569253886238e-21,"18","4930402H24Rik"
4.96970953190161e-12,1.09417404427675,0.45,0.215,1.24386859873965e-07,"18","Scamp5"
1.64044950612673e-07,1.09159882404833,0.358,0.157,0.00410588106888458,"18","Tbc1d16"
3.22832854054175e-11,1.08144599630257,0.596,0.382,8.08018350412194e-07,"18","Ank"
1.25171020831615e-11,1.07053312064306,0.638,0.4,3.1329054803945e-07,"18","Acap2"
9.21847737635431e-21,1.06700081130018,0.794,0.517,2.30729270252772e-16,"18","Elavl3"
1.48475276731565e-09,1.06554954663647,0.443,0.262,3.71618770131434e-05,"18","Map4k5"
1.72567193111165e-12,1.0638381466349,0.628,0.352,4.31918427637936e-08,"18","Fryl"
3.57813133836635e-10,1.0632016404411,0.394,0.184,8.95570492679715e-06,"18","Zfyve1"
3.07233124705717e-08,1.06269273215896,0.418,0.207,0.000768973787825939,"18","Mat2a"
7.73280073183363e-08,1.05437915135991,0.312,0.15,0.00193544269517064,"18","Ctnna1"
2.38201780412646e-09,1.05202348413022,0.429,0.235,5.96195236194811e-05,"18","Ncor2"
1.12417825485113e-08,1.05192800285037,0.383,0.173,0.000281370575406689,"18","Wdfy2"
4.59673244811326e-08,1.05167297302277,0.433,0.215,0.00115051616443827,"18","Kdm6a"
8.69399878511066e-08,1.03714957016232,0.387,0.205,0.00217602095592535,"18","Zfp280c"
2.06101766410144e-08,1.02895344124264,0.401,0.177,0.000515852111147949,"18","Acsl3"
7.1132229787392e-09,1.02493136064738,0.667,0.465,0.000178036857934864,"18","Gm42439"
5.04567633401771e-12,1.02243430700375,0.663,0.435,1.26288232964129e-07,"18","Ralgps1"
1.9314244592623e-07,1.02111418867923,0.461,0.286,0.00483416227908761,"18","Cux2"
8.05922719116303e-12,1.02087150959686,0.67,0.424,2.0171439736762e-07,"18","Arid4b"
5.06418371823457e-09,1.01982872064258,0.348,0.152,0.000126751454283693,"18","Map1a"
9.39780455802424e-14,1.01741652345747,0.66,0.442,2.35217650282789e-09,"18","Tafa5"
8.23305594631114e-13,1.00738752959951,0.677,0.392,2.06065157280221e-08,"18","Itch"
1.7992747536756e-15,0.99737872175316,0.638,0.337,4.50340478097467e-11,"18","Tmtc2"
4.01965813841854e-13,0.985970323771512,0.564,0.241,1.00608023546478e-08,"18","Ankrd44"
2.61094201664516e-09,0.977251982473092,0.543,0.328,6.53492677346116e-05,"18","Spop"
1.19635376638469e-08,0.977128480246585,0.447,0.244,0.000299435384188425,"18","Vgll4"
3.45652019036296e-14,0.972233106520905,0.73,0.514,8.65132438445946e-10,"18","Gm11149"
1.00533864448095e-16,0.969540338994995,0.667,0.426,2.51626209327136e-12,"18","Apbb2"
3.34695388533289e-09,0.96494194266645,0.372,0.141,8.37709087959968e-05,"18","Lama2"
3.29161228180889e-10,0.963734875159023,0.55,0.364,8.23857638013946e-06,"18","Itsn2"
1.89612405833371e-07,0.956212966104492,0.309,0.162,0.00474580890560345,"18","Zfp182"
6.17543738860313e-12,0.955188748367486,0.787,0.569,1.54565022399348e-07,"18","Cdc42bpa"
3.07316954559806e-07,0.955004294559656,0.369,0.179,0.00769183605567738,"18","Glt8d1"
3.61284230049109e-15,0.95262081940964,0.826,0.569,9.04258299389915e-11,"18","Foxn3"
1.92025643315761e-09,0.931654629063713,0.511,0.3,4.80620982655017e-05,"18","Cul1"
2.56379339975992e-09,0.925115989089489,0.635,0.416,6.41691850025911e-05,"18","Nrd1"
3.18542713421664e-13,0.924238465222263,0.606,0.37,7.97280557423084e-09,"18","Klf7"
1.24133590709642e-11,0.918153103194656,0.73,0.504,3.10693964187163e-07,"18","Psd3"
2.60583667222623e-09,0.916737420455047,0.507,0.298,6.52214860691503e-05,"18","Asxl2"
5.33138564128532e-17,0.916698786897337,0.936,0.841,1.3343925121573e-12,"18","Magi2"
3.92241432624681e-09,0.912541255726369,0.461,0.245,9.81741081716313e-05,"18","Ccdc50"
3.95476409219913e-18,0.907399665129731,0.89,0.665,9.89837904636521e-14,"18","Kif1b"
2.26340652549619e-11,0.906646689911873,0.628,0.404,5.66508019266441e-07,"18","Otulin"
2.51674568193707e-13,0.900873557036338,0.791,0.61,6.29916276732029e-09,"18","Clasp2"
3.73273378419094e-07,0.899335926959145,0.507,0.318,0.0093426593884515,"18","St3gal3"
4.20736729336801e-11,0.886965661759971,0.546,0.322,1.05306195985708e-06,"18","Hook3"
3.2615961987779e-08,0.880729592006124,0.624,0.443,0.000816344912592119,"18","Tom1l2"
2.78137488115814e-08,0.872608432255862,0.514,0.313,0.000696150319005071,"18","Syt11"
2.35008487704572e-08,0.87254011931676,0.376,0.213,0.000588202743875772,"18","Lrrc8d"
1.23149118981473e-08,0.868433872502569,0.44,0.264,0.00030822992989873,"18","Cdip1"
4.32877019696534e-11,0.864124527721045,0.504,0.297,1.08344789259845e-06,"18","Krit1"
1.27652762487744e-19,0.847879210799656,0.872,0.673,3.19502099230575e-15,"18","Dst"
7.73645082024004e-16,0.837145403145745,0.759,0.485,1.93635627579788e-11,"18","Dip2b"
2.14070509420893e-24,0.832297288889708,0.94,0.547,5.35797078029553e-20,"18","Sox2ot"
3.91423574823497e-09,0.829436571032426,0.72,0.54,9.79694065425731e-05,"18","Gm48678"
3.39409286542317e-21,0.826819078981687,0.972,0.86,8.49507503286764e-17,"18","Ptprd"
2.01131230152641e-07,0.82642937211817,0.589,0.393,0.00503411355949046,"18","Dpysl2"
1.3387726128943e-07,0.816923153239834,0.596,0.425,0.00335081397281315,"18","Trip12"
9.45915113566159e-12,0.810734604872406,0.741,0.508,2.36753093774474e-07,"18","Cdh2"
6.87739261052127e-09,0.809047117951877,0.411,0.265,0.000172134259648737,"18","Evi5l"
8.30476163993555e-17,0.804144932627505,0.929,0.741,2.07859879085947e-12,"18","Rere"
8.38397916269467e-13,0.80323618754431,0.762,0.522,2.09842614463085e-08,"18","Zdhhc14"
2.18397555872376e-09,0.799556500495616,0.557,0.371,5.4662724259297e-05,"18","Rnf130"
6.3714802731356e-08,0.797676312019263,0.333,0.158,0.00159471779756311,"18","Gm32036"
3.76054117362095e-08,0.784289534935728,0.652,0.448,0.000941225850345588,"18","Bcas3"
1.31070933763883e-09,0.778227479758983,0.532,0.324,3.28057440117622e-05,"18","Rsrc1"
1.79745310165358e-15,0.777166141894974,0.883,0.655,4.49884536812873e-11,"18","Prkn"
8.51036058885841e-08,0.765485212372628,0.585,0.41,0.00213005815178537,"18","Mgat5"
1.41174435857461e-10,0.739486940717772,0.5,0.235,3.5334549550764e-06,"18","Pip4k2a"
1.67523684002169e-14,0.718162619451065,0.713,0.432,4.19295028689028e-10,"18","Sorcs1"
1.34888784463851e-24,0.697944947852235,0.972,0.627,3.37613138634573e-20,"18","Erbb4"
3.17215422250284e-07,0.681207607431456,0.777,0.576,0.00793958480350235,"18","Ssh2"
1.45853908862146e-07,0.660701080437344,0.496,0.314,0.00365057748491065,"18","Ddx17"
8.34896325701342e-10,0.623166289841208,0.975,0.871,2.08966201359789e-05,"18","Auts2"
1.03190587362419e-07,0.615231625717954,0.699,0.508,0.00258275721109399,"18","Kif21a"
1.70614759090718e-07,0.61390479669575,0.337,0.206,0.00427031680528158,"18","Dcaf8"
1.1211641058356e-11,0.589804025567956,0.84,0.634,2.80616164049593e-07,"18","App"
3.50125190640204e-08,0.561404583801617,0.465,0.246,0.000876328339653368,"18","Rrbp1"
2.33299440575475e-08,0.554682428645684,0.592,0.346,0.000583925169816357,"18","Tmcc3"
1.17944409777816e-08,0.515471291921239,0.638,0.462,0.000295203063232897,"18","Arih1"
3.83189395083307e-25,7.58137756458854,0.309,0.003,9.5908473695401e-21,"19","Bmp4"
6.18028439802761e-30,7.52461106075901,0.363,0.004,1.54686338198233e-25,"19","Gm45600"
1.13951564713283e-52,7.08961217038539,0.626,0.015,2.85209371320875e-48,"19","Enpp6"
2.55616197241752e-95,6.46318982335589,0.943,0.055,6.3978178007638e-91,"19","Bcas1os2"
6.62915356724829e-102,6.26267281425556,0.985,0.077,1.65921084634658e-97,"19","Bcas1"
1.25622751290809e-22,5.07308743275085,0.313,0.014,3.14421184205765e-18,"19","Nkx2-2"
2.28222537235746e-19,4.96027869532219,0.275,0.017,5.7121818844735e-15,"19","5830418P13Rik"
1.14833183324222e-32,4.86996237067405,0.427,0.021,2.87415974542196e-28,"19","Neu4"
1.06206081762552e-39,4.83179520819679,0.527,0.032,2.6582320204349e-35,"19","Gpr17"
3.28053182350223e-27,4.77376208918354,0.401,0.021,8.21084310104372e-23,"19","Plxnb3"
4.86483285839617e-27,4.68059502401518,0.416,0.045,1.21761901612798e-22,"19","Gm16364.1"
4.65022594993657e-29,4.57204235185811,0.366,0.022,1.16390505300962e-24,"19","Inava"
6.46355965853866e-77,4.57095020310608,0.878,0.179,1.61776434693564e-72,"19","Arhgap24"
5.17979604436437e-68,4.49577308369414,0.844,0.178,1.29645115194396e-63,"19","Ust"
3.58842918518675e-44,4.46794895279866,0.588,0.038,8.98147940760391e-40,"19","Fa2h"
9.464016658117e-46,4.23789074399213,0.622,0.049,2.3687487293601e-41,"19","St18"
5.24155916028447e-48,4.23279811618156,0.668,0.104,1.3119098422276e-43,"19","Mpzl1"
2.99153120572267e-60,4.18921708509928,0.794,0.16,7.48750345480327e-56,"19","Tns3"
6.14905603076497e-61,4.16750940108188,0.779,0.111,1.53904723394016e-56,"19","Abtb2"
1.19348088062328e-16,4.14218885619718,0.263,0.023,2.987163296112e-12,"19","C430049B03Rik"
2.22676805235658e-27,4.13480590738162,0.405,0.032,5.57337775824329e-23,"19","Gm10863"
1.26528854059608e-24,4.10910828847888,0.385,0.043,3.16689068825793e-20,"19","Col9a3"
8.47449997168349e-78,4.08336822742414,0.947,0.453,2.12108259791266e-73,"19","Fyn"
1.33662521204592e-59,4.03246090606218,0.779,0.17,3.34543924322973e-55,"19","Sirt2"
1.95027625197072e-58,4.01997429280651,0.79,0.186,4.88134643105751e-54,"19","Ppfibp1"
3.48608153838085e-41,3.9590308781519,0.576,0.057,8.72531348241342e-37,"19","Prkcq"
1.11239652732995e-07,3.95900018557315,0.355,0.237,0.00278421726825412,"19","Gm13187"
9.69638186446575e-22,3.95259621561145,0.366,0.039,2.42690741685713e-17,"19","Lims2"
1.19289703744021e-19,3.91568712861267,0.405,0.094,2.98570199500909e-15,"19","9130019P16Rik"
8.52057533231447e-22,3.898110051695,0.366,0.051,2.13261479992499e-17,"19","Gm38039"
2.93683182962615e-34,3.85585261793674,0.504,0.054,7.35059638637128e-30,"19","Cd9"
3.80509013283668e-70,3.8147557568027,0.889,0.174,9.52376009347692e-66,"19","Itpr2"
3.4203384542655e-90,3.80517646840075,1,0.593,8.56076511718111e-86,"19","Tnr"
3.82872406858373e-13,3.77768300945912,0.26,0.048,9.58291347125821e-09,"19","Dach2"
4.62975873627297e-42,3.75149571957569,0.588,0.062,1.15878231410176e-37,"19","Sox10"
8.23287048893871e-11,3.73056998074923,0.447,0.226,2.06060515467647e-06,"19","Pik3r3"
5.70486570427091e-08,3.72585613252819,0.313,0.13,0.00142787083712197,"19","Gm36988"
7.3894938546791e-17,3.68337995384023,0.256,0.026,1.84951641688763e-12,"19","Gjc3"
6.30136278705992e-26,3.63046249122732,0.504,0.107,1.57716809197323e-21,"19","Fbn2"
9.1524392552316e-34,3.5674879534628,0.523,0.057,2.29076402119192e-29,"19","Cobll1"
1.02408360014564e-32,3.55500954627041,0.5,0.09,2.56317884280453e-28,"19","Sh3bp4"
6.36645209053581e-39,3.55233813957194,0.653,0.162,1.59345929374021e-34,"19","9630013A20Rik"
3.81845063756995e-47,3.52898593373597,0.782,0.274,9.55720010077384e-43,"19","Pacrg"
3.13253846156575e-13,3.45515552390478,0.252,0.032,7.84043051545293e-09,"19","Elovl7"
6.52942365756854e-15,3.42749226091191,0.256,0.036,1.63424944725283e-10,"19","Gal3st1"
1.85686402656978e-30,3.36317778715579,0.607,0.169,4.64754497210151e-26,"19","Tmem163"
3.40593842903138e-16,3.35807637331292,0.282,0.037,8.52472329402263e-12,"19","Lgr5"
7.18226401075004e-25,3.35340622011369,0.676,0.426,1.79764885925063e-20,"19","Nfasc"
6.19625635298638e-19,3.32068110739572,0.344,0.041,1.55086100258896e-14,"19","Ugt8a"
2.86298321298044e-15,3.30463704106942,0.305,0.064,7.16576068376874e-11,"19","Prss48"
2.46285518250491e-10,3.25916126548636,0.279,0.054,6.16428023629154e-06,"19","Sox8"
6.44308950369871e-44,3.24278013381339,0.672,0.128,1.61264087188075e-39,"19","Tcf7l2"
8.8683638827997e-35,3.22502725858857,0.649,0.239,2.21966279622594e-30,"19","Gm13052"
2.8631057130777e-49,3.15735270724115,0.76,0.293,7.16606728926217e-45,"19","Slc44a1"
5.87928707551327e-16,3.09735672063445,0.607,0.442,1.47152676213022e-11,"19","Tmem108"
2.0571273951925e-22,3.06188014368094,0.416,0.057,5.1487841574273e-18,"19","Afap1l2"
5.39665866069974e-52,3.05583217345053,0.851,0.422,1.35072969618654e-47,"19","9530059O14Rik"
2.53580354751493e-09,3.04634059214342,0.256,0.056,6.34686269907511e-05,"19","Gm36146"
1.50203737761324e-34,3.01147264153805,0.672,0.213,3.75944935242818e-30,"19","Sema5a"
6.47323688266562e-47,2.99556100124961,0.775,0.298,1.62018645936238e-42,"19","Sh3rf1"
6.82010589732195e-20,2.94390491549014,0.496,0.156,1.70700430504071e-15,"19","Ppp1r16b"
2.73947733519566e-13,2.87168818253645,0.305,0.076,6.85663782226121e-09,"19","Armh4"
5.04552833024422e-44,2.86734943985,0.782,0.356,1.26284528577683e-39,"19","Rapgef1"
4.59241981353211e-18,2.85974244827957,0.405,0.092,1.14943675512895e-13,"19","Tes"
1.84732466786229e-25,2.85698984699082,0.42,0.08,4.62366891119253e-21,"19","Elf1"
4.69171046591672e-73,2.85070714098773,0.962,0.328,1.1742882125143e-68,"19","Sox6"
1.79936772949975e-16,2.79199305855028,0.405,0.108,4.50363749016493e-12,"19","Vxn"
3.03692495229057e-25,2.79161649502625,0.531,0.139,7.60111946308807e-21,"19","Lima1"
3.75733503962097e-10,2.78648384998626,0.275,0.086,9.40423387066732e-06,"19","Shisal1"
4.95745585680972e-38,2.77913205712617,0.721,0.311,1.2408016264009e-33,"19","Slc22a23"
3.36748929497433e-46,2.76624271706756,0.76,0.222,8.42848895639125e-42,"19","Epb41l2"
5.48276775460225e-10,2.76593907153102,0.317,0.092,1.3722819412994e-05,"19","Adcy10"
4.49803124334434e-11,2.76461330257304,0.263,0.057,1.12581223989666e-06,"19","Gatm"
1.0730439960602e-47,2.74994167065779,0.809,0.306,2.68572181773908e-43,"19","Sh3d19"
1.561396276176e-38,2.73847467015278,0.653,0.109,3.90801873964092e-34,"19","Plp1"
1.6777845112575e-21,2.6837910560475,0.454,0.101,4.19932685322639e-17,"19","Enpp2"
4.45426321859756e-11,2.67708951670278,0.271,0.075,1.11485754098278e-06,"19","Ptpn14"
2.97718638224046e-17,2.66645752605963,0.534,0.284,7.45159979610964e-13,"19","Fam13c"
3.30171127152119e-41,2.65707496924457,0.775,0.349,8.26385314149039e-37,"19","Arhgap35"
1.74085717146442e-14,2.64411962669111,0.279,0.053,4.35719141445829e-10,"19","Creb3l2"
1.9606478209875e-22,2.62842359925705,0.462,0.107,4.90730543114962e-18,"19","Vcan"
7.70636004069583e-28,2.62315085586909,0.641,0.3,1.92882485458576e-23,"19","Cyfip2"
1.05767162239421e-37,2.61102158739848,0.668,0.149,2.64724630369048e-33,"19","Arhgap31"
1.31427411419777e-25,2.6091576661599,0.573,0.234,3.2894966804256e-21,"19","Slc1a1"
8.67194746847683e-12,2.60591212513308,0.382,0.149,2.17050173188507e-07,"19","Fsd1l"
3.76941790495184e-24,2.60159799542002,0.573,0.223,9.43447607430396e-20,"19","Kazn"
1.3087912310054e-13,2.59996149886023,0.309,0.067,3.27577357208341e-09,"19","Sema3d"
1.22311897104854e-38,2.58879464066384,0.805,0.415,3.06134447263739e-34,"19","Fndc9"
2.13967930144634e-12,2.58586214234099,0.305,0.088,5.35540332359003e-08,"19","Ick"
5.94965444213846e-19,2.5487640865779,0.439,0.158,1.48913901032284e-14,"19","Igsf9b"
3.96448920506471e-26,2.53967249320953,0.603,0.229,9.92272003135646e-22,"19","Soga1"
3.1678195103593e-15,2.52616823328676,0.454,0.136,7.9287354524783e-11,"19","Phldb1"
1.54722177077509e-16,2.50845085368506,0.382,0.126,3.87254137007296e-12,"19","Tbc1d8"
3.57317629065323e-11,2.50832878985291,0.317,0.114,8.94330293787598e-07,"19","Tubb4a"
1.21741632831928e-11,2.5064470786025,0.397,0.134,3.04707132815032e-07,"19","4930549C15Rik"
1.5063076679104e-14,2.50569612369743,0.401,0.131,3.77013746201293e-10,"19","9130015G15Rik"
7.20258181106857e-27,2.48185779615199,0.55,0.131,1.80273420149235e-22,"19","Kank1"
5.97246779835097e-14,2.48015187094498,0.397,0.119,1.49484896524926e-09,"19","Rin2"
2.51002468767856e-31,2.47232802467237,0.672,0.213,6.28234079079068e-27,"19","Gm4876"
6.59754234620798e-19,2.46487409115917,0.427,0.126,1.65129887383239e-14,"19","Mitf"
8.25099119058277e-21,2.459953400878,0.477,0.157,2.06514058509096e-16,"19","Rnf144a"
1.13430294084181e-80,2.45690591607907,0.996,0.774,2.83904683063297e-76,"19","Opcml"
4.98669173321059e-58,2.43844056951545,0.916,0.563,1.24811907390528e-53,"19","Cdk14"
6.40453771622595e-17,2.43819406773832,0.424,0.133,1.60299174499419e-12,"19","Arhgef10l"
1.45704931527655e-17,2.41375993030099,0.557,0.32,3.64684873120568e-13,"19","Pdcd4"
8.04440782492273e-27,2.41129012039345,0.588,0.195,2.01343483449991e-22,"19","Cald1"
3.00300616759215e-67,2.393853773699,0.977,0.527,7.5162241368664e-63,"19","Qk"
1.26140312296323e-19,2.39254052703664,0.477,0.128,3.15716587646466e-15,"19","Sulf2"
6.89326693403478e-36,2.38771783932977,0.676,0.227,1.72531578091957e-31,"19","Mbp"
8.53761185398489e-27,2.38550962860942,0.557,0.186,2.13687887093388e-22,"19","Cdh20"
2.10217266134156e-24,2.36946214896213,0.634,0.289,5.2615279540718e-20,"19","Cdc37l1"
7.10584142173444e-53,2.36915687950836,0.905,0.52,1.77852104944591e-48,"19","Zdhhc14"
2.17456485359064e-57,2.36209861946976,0.95,0.544,5.44271837205201e-53,"19","Dscam"
2.78961540073191e-19,2.35860831445438,0.538,0.242,6.98212838649191e-15,"19","Camsap2"
1.01381066756006e-31,2.35700530691191,0.775,0.523,2.53746671983607e-27,"19","Ptprj"
7.76136502427227e-20,2.35525924013193,0.55,0.243,1.94259205192511e-15,"19","Chn2"
6.56043896397661e-14,2.34949763915277,0.401,0.151,1.64201226829371e-09,"19","Snx30"
2.79648519814989e-10,2.33113159808105,0.359,0.133,6.99932280244937e-06,"19","Gm38304"
5.2496099804141e-09,2.31050578223419,0.29,0.111,0.000131392488199785,"19","Gm37640"
9.19036495563603e-32,2.3033601071283,0.748,0.362,2.30025644474614e-27,"19","Gm32509"
1.48537883425203e-21,2.29895818834417,0.637,0.29,3.7177546842494e-17,"19","Gm16168"
1.42874470522775e-24,2.29241082219114,0.66,0.305,3.57600512271454e-20,"19","Ptpro"
2.57462925661028e-14,2.2805491937014,0.504,0.231,6.44403956636987e-10,"19","Phyhipl"
1.73457309083176e-10,2.27126199955547,0.344,0.139,4.3414629890428e-06,"19","Ctnnal1"
3.64752396703671e-20,2.26902661737563,0.42,0.09,9.12938773709618e-16,"19","Pld1"
1.21404520041639e-23,2.26707291002131,0.466,0.141,3.03863373212218e-19,"19","Stard13"
5.94666534333436e-18,2.26669333722972,0.492,0.204,1.48839086878316e-13,"19","Zfp827"
4.70245814860374e-16,2.25834594017187,0.477,0.226,1.17697825001403e-11,"19","Rictor"
1.19396193267267e-14,2.25548684297372,0.37,0.123,2.98836732128644e-10,"19","Gm45025"
1.02431928843345e-09,2.25054461832063,0.282,0.094,2.56376874702009e-05,"19","Arhgef10"
1.56216049724652e-48,2.24661992587818,0.893,0.443,3.9099315085583e-44,"19","Maml2"
3.67863557444322e-09,2.23026931111906,0.294,0.101,9.20725697927393e-05,"19","Zfp516"
3.25384303598788e-18,2.22370022459502,0.462,0.174,8.14404373477405e-14,"19","Klhl5"
1.94217121227792e-08,2.2188718945524,0.279,0.093,0.000486106032721041,"19","Gm13919"
6.82351321466694e-23,2.19761821500896,0.626,0.267,1.70785712249899e-18,"19","Ptpre"
9.83716776510129e-08,2.1767781308809,0.29,0.118,0.0024621447199272,"19","Serinc5"
1.38654352688244e-13,2.16589074623147,0.519,0.252,3.47037979343405e-09,"19","4430402I18Rik"
6.82252558864672e-12,2.16410058907534,0.492,0.226,1.70760992958239e-07,"19","4930444A19Rik"
4.49232373722573e-12,2.13630599088969,0.37,0.163,1.12438370819023e-07,"19","Gnb4"
3.42501001241387e-10,2.106794304793,0.302,0.094,8.57245756007067e-06,"19","Tgfa"
3.59737854335008e-12,2.10228638063262,0.351,0.131,9.0038787561509e-08,"19","Ldlrad3"
1.86294097145818e-39,2.06839539795784,0.87,0.574,4.66275495746267e-35,"19","Dnm3"
2.08677860490575e-23,2.06551865556072,0.664,0.37,5.22299817021861e-19,"19","Lrch3"
1.87417864360822e-08,2.05264350779822,0.328,0.139,0.000469088172708701,"19","Zkscan1"
1.04268234857469e-07,2.05091449295885,0.355,0.206,0.0026097296502476,"19","Nhsl2"
1.43507210148493e-18,2.02295766308983,0.519,0.292,3.59184196280664e-14,"19","D630045J12Rik"
7.77969288748293e-12,2.00864053239011,0.439,0.18,1.9471793328081e-07,"19","Sema5b"
1.2954789728965e-12,1.99860824830593,0.424,0.247,3.24245432126265e-08,"19","Susd4"
2.13871721605067e-45,1.99636164093769,0.897,0.558,5.35299532005323e-41,"19","Dscaml1"
9.52164956502378e-51,1.99193346763124,0.927,0.555,2.3831736696298e-46,"19","Zeb2"
1.28865514201705e-10,1.98902865514587,0.366,0.165,3.22537495495447e-06,"19","Usp16"
1.48746954657384e-19,1.96657907311012,0.553,0.232,3.72298752811967e-15,"19","Mgll"
5.76761102570284e-08,1.96569925731455,0.393,0.185,0.00144357536362316,"19","Tbc1d23"
5.65901684958634e-19,1.95376099995003,0.672,0.406,1.41639532728296e-14,"19","Pcdh17"
1.71192146449552e-20,1.94307629010101,0.427,0.124,4.28476823348583e-16,"19","Bcan"
6.16247922074614e-10,1.92228180882101,0.439,0.217,1.54240692416055e-05,"19","Eps8"
5.73295523466765e-17,1.92139649924759,0.424,0.111,1.43490136568497e-12,"19","Wipf1"
2.59205204577909e-09,1.92071065050461,0.298,0.114,6.48764706538049e-05,"19","Sipa1l2"
3.16393329337829e-16,1.91088736952666,0.573,0.313,7.91900863999651e-12,"19","Cdc42se2"
4.01551839710785e-15,1.9033050319523,0.534,0.233,1.00504409961212e-10,"19","Etv6"
7.35062776103096e-31,1.89836107623976,0.794,0.513,1.83978862230844e-26,"19","Gm11149"
7.58316626001655e-23,1.8859820991481,0.695,0.423,1.89799068321954e-18,"19","Lcorl"
6.39246640938276e-16,1.87369119377224,0.588,0.348,1.59997041760441e-11,"19","Ago3"
1.64773127925186e-16,1.8616393374285,0.588,0.351,4.12410661883949e-12,"19","Ankrd28"
3.62717696996859e-10,1.85578282046137,0.374,0.147,9.07846123813438e-06,"19","Insyn2a"
1.12336931852762e-09,1.84332513226814,0.355,0.146,2.81168106734279e-05,"19","Otud7b"
1.71599168387682e-11,1.83368912803982,0.496,0.243,4.29495558557529e-07,"19","Ankrd44"
1.10289114946413e-07,1.82293936905908,0.351,0.159,0.00276042625799378,"19","E130308A19Rik"
1.20338286734697e-08,1.82024330915017,0.435,0.229,0.000301194697868274,"19","Jam3"
4.05911779747742e-22,1.7909778087713,0.702,0.398,1.01595659353062e-17,"19","Gm48091"
1.67470197863743e-10,1.78706422550718,0.489,0.297,4.19161158233162e-06,"19","2610035D17Rik"
1.84516037386054e-12,1.78014350372495,0.443,0.251,4.61825189973554e-08,"19","Glrb"
6.36576306677555e-36,1.76731714969768,0.847,0.625,1.59328683798325e-31,"19","Ube2e2"
3.21618165665545e-09,1.75887599127139,0.439,0.264,8.04978106844293e-05,"19","Wasf1"
1.31047861119314e-34,1.75785249289418,0.897,0.734,3.27999691595531e-30,"19","Ncam1"
7.92075037049181e-09,1.73595347649703,0.408,0.259,0.00019824846102304,"19","4930512B01Rik"
1.28518662479987e-17,1.73183788265245,0.664,0.41,3.2166936032116e-13,"19","Gm17106"
3.73409181454008e-16,1.72285011771005,0.542,0.271,9.34605840261238e-12,"19","Sash1"
7.68254766868703e-17,1.70610232163291,0.435,0.183,1.92286485599568e-12,"19","Gng12"
7.96827074539543e-31,1.70457324741297,0.79,0.476,1.99437848486502e-26,"19","Cask"
1.03565025716602e-13,1.70392799494158,0.355,0.108,2.59212902866082e-09,"19","Svil"
4.98144742181153e-20,1.69732892894102,0.664,0.319,1.24680647520521e-15,"19","Tmem132d"
4.27999790626261e-09,1.67980050593737,0.477,0.268,0.000107124067595847,"19","Sept7"
3.17043017084134e-15,1.67617947174173,0.607,0.366,7.9352696745988e-11,"19","Csgalnact1"
1.16003800704476e-07,1.66430548567939,0.29,0.135,0.00290345912783233,"19","Iffo1"
3.33560897108916e-09,1.65408744603488,0.397,0.204,8.34869569373905e-05,"19","Ccser2"
1.27293633409682e-18,1.63085100798459,0.771,0.532,3.18603235061093e-14,"19","Slc24a3"
8.86193495795252e-16,1.62818683753721,0.637,0.392,2.21805370062594e-11,"19","Hipk2"
1.14493154218924e-13,1.62530671919723,0.511,0.252,2.86564915694545e-09,"19","Dock1"
5.93471362765884e-10,1.61660089577069,0.496,0.304,1.48539947386673e-05,"19","Gm15283"
4.36924787288968e-16,1.59688767549195,0.679,0.442,1.09357905010556e-11,"19","Dock9"
2.67335820878114e-16,1.57406109512093,0.691,0.514,6.69114826075831e-12,"19","Ncald"
1.06370580828493e-24,1.57148270097927,0.874,0.734,2.66234926755635e-20,"19","Nav2"
2.68747243935752e-09,1.56953315812123,0.347,0.15,6.72647476846793e-05,"19","Nxn"
2.96961896834812e-10,1.55998007253919,0.542,0.31,7.4326593158785e-06,"19","Gm26936"
7.79686727438812e-11,1.52444341741593,0.553,0.346,1.9514779101066e-06,"19","Gm4258"
7.00369410140507e-25,1.52174884439625,0.863,0.675,1.75295459664067e-20,"19","Dock4"
1.65077300343179e-14,1.51945927037331,0.721,0.598,4.13171975028943e-10,"19","Map1b"
3.34925814670432e-12,1.51895107965215,0.569,0.356,8.38285821538625e-08,"19","Zfp462"
4.23176740743366e-08,1.50050164609433,0.263,0.086,0.00105916906440657,"19","Gramd3"
6.58055312461711e-09,1.49974701101824,0.496,0.336,0.000164704664156042,"19","4932443L11Rik"
7.62729789563073e-22,1.48807296983639,0.756,0.57,1.90903639029741e-17,"19","Trio"
4.40734889239333e-09,1.48724924880296,0.447,0.296,0.000110311535427713,"19","Map2k5"
4.03633573025636e-12,1.48597690965912,0.485,0.266,1.01025446992586e-07,"19","Tle4"
8.42104754179315e-13,1.48241864094621,0.561,0.41,2.10770398923541e-08,"19","Chd3"
4.83411275483404e-08,1.44075555997333,0.515,0.369,0.00120993008140741,"19","Far1os"
3.5846283140263e-09,1.40739999769491,0.275,0.114,8.97196620717642e-05,"19","Asrgl1"
2.91107390030747e-13,1.3977760199404,0.691,0.588,7.28612686507958e-09,"19","Mapt"
2.09090424384194e-14,1.3830136268848,0.481,0.175,5.23332423191199e-10,"19","Chd7"
9.96235075796063e-08,1.36863255107707,0.435,0.264,0.00249347677120997,"19","Evi5l"
5.65384753940379e-34,1.35432574526392,0.95,0.752,1.41510150063737e-29,"19","Pde4d"
5.40543847597457e-09,1.3269373986583,0.489,0.369,0.000135292719615168,"19","Pkp4"
3.12934331153973e-09,1.31586853454726,0.584,0.433,7.83243337445278e-05,"19","Sez6l"
3.4973120619933e-07,1.29588493260016,0.397,0.257,0.00875342235996303,"19","Akap10"
1.64629372810965e-10,1.29266394251374,0.634,0.473,4.12050857208564e-06,"19","Brinp1"
7.41904260924976e-13,1.24526607753128,0.698,0.527,1.85691217466912e-08,"19","Nav1"
1.15443197809977e-21,1.24243946603457,0.874,0.671,2.88942779798592e-17,"19","Grid1"
1.00124942997217e-24,1.22168542976563,0.798,0.491,2.50602719827735e-20,"19","Lhfpl3"
2.55217970412093e-08,1.21362750282005,0.492,0.349,0.000638785058144429,"19","Thra"
3.30737658055628e-19,1.20835503371494,0.767,0.553,8.27803284347432e-15,"19","Fchsd2"
2.95509569758813e-15,1.2066772042949,0.802,0.617,7.39630902149334e-11,"19","Sema6d"
4.58063720828686e-21,1.18994456159071,0.836,0.584,1.14648768686212e-16,"19","Cdh13"
3.93359759713032e-21,1.18569429626769,0.84,0.629,9.84540142585747e-17,"19","Pde4b"
2.36248796626402e-07,1.15529752905694,0.5,0.395,0.00591307113076221,"19","Dpysl2"
1.31232186835968e-07,1.14450421169332,0.336,0.228,0.00328461040431745,"19","Trim24"
2.27356584507121e-33,1.14025898047867,0.947,0.748,5.69050795362873e-29,"19","Pcdh7"
3.10368563362245e-12,1.13533916554408,0.782,0.605,7.76821477239364e-08,"19","Ptprt"
3.07177005165066e-28,1.13469527475101,0.954,0.765,7.68833326227645e-24,"19","Ncam2"
3.09122011268902e-08,1.10775141423559,0.523,0.346,0.000773701482004934,"19","Ophn1"
9.46846042459592e-11,1.08580130084001,0.679,0.511,2.36986095967211e-06,"19","Tcf12"
3.65018903824325e-11,1.07808859074552,0.737,0.658,9.13605814381903e-07,"19","4930402H24Rik"
1.63745685512164e-18,1.06930416995131,0.847,0.69,4.09839076268396e-14,"19","Map2"
1.89156578270511e-24,1.06207404600869,0.855,0.571,4.73439999753263e-20,"19","Luzp2"
4.85058019729656e-08,1.05655665652394,0.687,0.561,0.00121405171758136,"19","Jmjd1c"
1.27589230215101e-10,1.01923232923322,0.588,0.333,3.19343084305375e-06,"19","Pcdh11x"
3.95736716082827e-09,1.00595514208833,0.599,0.458,9.90489426683707e-05,"19","Tmem132b"
1.36918292748853e-18,0.995738648525514,0.79,0.589,3.42692794921105e-14,"19","Astn2"
1.20071932337524e-09,0.995315999046792,0.576,0.369,3.00528039447588e-05,"19","Epn2"
1.9141129296423e-09,0.969153424172005,0.668,0.461,4.79083325160172e-05,"19","Sox5"
2.27712367634408e-19,0.94393625913036,0.634,0.287,5.69941284952161e-15,"19","Nxph1"
3.5939327074711e-07,0.876837270964665,0.626,0.539,0.00899525417352942,"19","Apba1"
2.83384154822134e-11,0.799588868106277,0.542,0.297,7.0928220110432e-07,"19","Dleu2"
2.23580004822326e-08,0.776801009622407,0.744,0.675,0.000559598394069799,"19","Dst"
7.39378046133733e-12,0.769700263043837,0.721,0.562,1.85058931166812e-07,"19","Unc5c"
1.48802076994166e-12,0.764473411445771,0.824,0.743,3.72436718508699e-08,"19","Rere"
7.9695909387659e-10,0.755636453880578,0.309,0.126,1.99470891606372e-05,"19","Lrmda"
6.03392033891065e-21,0.754978217386264,0.939,0.773,1.51022992162595e-16,"19","Grid2"
1.35982221288229e-08,0.7330562308792,0.973,0.894,0.000340349901662308,"19","Cadm2"
3.74869594535704e-16,0.728663501467004,0.874,0.757,9.38261108163413e-12,"19","Son"
1.34168111840273e-07,0.664792689485094,0.679,0.595,0.0033580936712502,"19","Csmd2"
6.26442250050982e-09,0.626866281182465,0.748,0.65,0.00015679223076526,"19","Kcnq3"
2.6433890525168e-07,0.59796396105122,0.698,0.623,0.00661613845954429,"19","Syne1"
1.79458948690445e-22,0.583149082885462,1,0.978,4.49167802677315e-18,"19","Lsamp"
9.39977281415661e-11,0.569628562712543,0.878,0.718,2.35266913765526e-06,"19","Tcf4"
3.37379150441733e-22,10.1502695222699,0.278,0.001,8.44426275640614e-18,"20","Dipk2b"
4.82118983117143e-66,9.51535350805304,0.727,0.006,1.2066956028439e-61,"20","Slco1a4"
1.04806676098046e-43,9.40910712041748,0.511,0.002,2.623206296058e-39,"20","Zfp366"
6.67071869388238e-85,9.11240485487354,0.868,0.011,1.66961418189182e-80,"20","Mecom"
2.42172766503268e-87,9.06285623820399,0.903,0.014,6.0613421728103e-83,"20","Flt1"
2.1917908866342e-68,8.66447117903398,0.736,0.01,5.48583341015674e-64,"20","Adgrl4"
2.52860923494586e-26,8.39837199877997,0.326,0.002,6.328856054146e-22,"20","Tie1"
8.22644238235254e-46,8.37135121740415,0.542,0.006,2.05899626387902e-41,"20","Cyyr1"
1.83586287099361e-60,8.35551645313336,0.67,0.005,4.59498117980991e-56,"20","Lef1"
2.02691644206764e-55,8.31592412757709,0.621,0.007,5.07316916285111e-51,"20","Abcb1a"
4.61922193887198e-26,8.14023766836927,0.33,0.002,1.15614505908027e-21,"20","Ly6c1"
2.26668540716033e-29,8.08495477541422,0.374,0.003,5.6732869055816e-25,"20","Erg"
8.06122820621561e-32,8.06559194285395,0.388,0.004,2.0176448077337e-27,"20","Ly75"
1.31845803580812e-49,7.90820340634895,0.573,0.005,3.29996861782415e-45,"20","Adgrf5"
2.14747339428075e-22,7.8978388832063,0.295,0.003,5.3749111585453e-18,"20","Ctla2a"
8.80594237887153e-49,7.73340903673004,0.581,0.011,2.20403931800775e-44,"20","Cldn5"
1.70650800700688e-34,7.66733916614573,0.423,0.004,4.27121889073753e-30,"20","Slc22a8"
1.04613270960438e-26,7.65482305354949,0.33,0.002,2.6183655588688e-22,"20","Cdh5"
2.7034864552525e-38,7.56384146071786,0.463,0.005,6.76655624885149e-34,"20","Kdr"
1.74295673788122e-27,7.44940212437387,0.361,0.005,4.36244641924291e-23,"20","Kcp"
9.03135667231475e-37,7.447962357395,0.458,0.009,2.26045826151366e-32,"20","Nostrin"
9.19302620066359e-37,7.4285807960291,0.441,0.006,2.30092252776409e-32,"20","Esam"
2.12809486738007e-36,7.10484404741903,0.449,0.007,5.32640864356558e-32,"20","Itm2a"
5.609888478751e-20,7.08063831504664,0.26,0.003,1.40409898734659e-15,"20","Klf2"
5.08246277863504e-42,7.06163523196797,0.533,0.014,1.27208960886456e-37,"20","Egfl7"
5.17775586054055e-40,6.95811292309399,0.48,0.009,1.29594051433469e-35,"20","Cgnl1"
1.95778852037673e-27,6.95808173476887,0.352,0.006,4.90014888765092e-23,"20","Cd34"
1.05748976861411e-68,6.9390192113284,0.775,0.038,2.64679114186426e-64,"20","Ptprb"
4.12022574393874e-46,6.90422038612491,0.546,0.013,1.03125130145043e-41,"20","Fn1"
2.00125431467043e-29,6.82205646856892,0.37,0.005,5.00893942418863e-25,"20","Fzd6"
4.98182287925417e-61,6.80984371616384,0.7,0.025,1.24690044844853e-56,"20","Apcdd1"
1.3854527097251e-63,6.66281208033501,0.753,0.037,3.46764958717094e-59,"20","Hmcn1"
1.08368831226614e-47,6.61128478091551,0.559,0.012,2.71236347677092e-43,"20","Eng"
3.80867781702099e-35,6.5615578262052,0.498,0.023,9.53273970822184e-31,"20","Slc16a1"
8.21688083331083e-29,6.52715318855072,0.379,0.005,2.05660310376937e-24,"20","Rassf9"
2.4561821847947e-25,6.44378076433521,0.33,0.006,6.14757839032265e-21,"20","Adgre5"
7.60833649698802e-20,6.32074597778753,0.264,0.007,1.90429054183113e-15,"20","Id1"
3.81193013884481e-40,6.25812562080953,0.498,0.018,9.54087994451467e-36,"20","Pecam1"
4.69016843096972e-28,6.22765603938363,0.374,0.012,1.17390225658741e-23,"20","Vwa1"
1.72868843551287e-50,6.20297783510743,0.595,0.029,4.32673428524516e-46,"20","Igfbp7"
4.6255627835784e-41,6.19116204258899,0.511,0.022,1.15773210910184e-36,"20","Slc2a1"
4.94011434393614e-56,6.16965762291739,0.665,0.052,1.23646121914378e-51,"20","Slc7a5"
2.71440626677638e-39,6.15122155398214,0.502,0.023,6.79388744511459e-35,"20","Pltp"
1.46578001877913e-52,6.04605975519001,0.696,0.069,3.66870080900228e-48,"20","Slc7a1"
2.36317651744504e-28,6.01568008497328,0.37,0.017,5.91479450551318e-24,"20","Rgs5"
4.52709141084482e-26,5.98806855609291,0.33,0.011,1.13308570922035e-21,"20","Ramp2"
1.25602060049727e-21,5.94710277416782,0.286,0.008,3.14369396098462e-17,"20","Slc39a8"
5.6462677259436e-26,5.93966090120375,0.352,0.014,1.41320434912642e-21,"20","Thsd1"
2.05069985996788e-23,5.9006882381431,0.348,0.016,5.13269667951361e-19,"20","Emcn"
1.34660646815631e-22,5.89599395125114,0.291,0.011,3.37042132914842e-18,"20","Lsr"
5.12078320335622e-19,5.88328913022271,0.256,0.012,1.28168082796803e-14,"20","Ushbp1"
1.58051924587532e-22,5.86949143179945,0.317,0.016,3.95588162050133e-18,"20","Nos3"
2.55953317942854e-39,5.8449768101547,0.467,0.016,6.40625559479168e-35,"20","Slc40a1"
1.57881301827873e-29,5.80928052815774,0.383,0.012,3.95161110344984e-25,"20","Ahnak"
9.24917947265309e-22,5.79109854474372,0.282,0.007,2.31497713021034e-17,"20","Hmgcs2"
1.81770636619463e-22,5.77545871187768,0.304,0.012,4.54953726394853e-18,"20","Ocln"
1.38969588149682e-40,5.76778550253814,0.533,0.022,3.4782698217984e-36,"20","Gm20631"
2.99612013086791e-23,5.75816410357434,0.357,0.028,7.4989890755493e-19,"20","Car4"
8.67998478221923e-26,5.75177532550421,0.335,0.016,2.17251339114165e-21,"20","Flvcr2"
1.07473439315688e-41,5.74927371106473,0.542,0.024,2.68995271263236e-37,"20","Pdgfd"
2.58951105144006e-31,5.74331437930995,0.463,0.027,6.48128721064934e-27,"20","Fgd5"
1.62562553594662e-48,5.69499959772208,0.586,0.025,4.06877815392079e-44,"20","Ets1"
8.11191143641569e-33,5.67946612360032,0.419,0.025,2.03033031342048e-28,"20","Hspa12b"
7.25218587634526e-71,5.67659067877226,0.824,0.077,1.81514960299046e-66,"20","Ccdc141"
2.91221368002893e-54,5.67178192989302,0.652,0.047,7.28897961974442e-50,"20","Heg1"
1.23800556920675e-21,5.66939466026866,0.286,0.011,3.09860413916757e-17,"20","Ndnf"
1.82235678781923e-21,5.62392082627888,0.269,0.005,4.56117680423275e-17,"20","Nid1"
3.93935250789972e-21,5.54477001421516,0.304,0.017,9.85980539202222e-17,"20","Sema7a"
4.24507553439846e-29,5.48978308231486,0.41,0.024,1.06249995550459e-24,"20","Lama4"
7.96838680413367e-39,5.43391333054126,0.551,0.069,1.99440753320662e-34,"20","Atp10a"
2.27934974893225e-31,5.37086621634168,0.436,0.031,5.70498448660253e-27,"20","Jcad"
2.22036064442541e-33,5.35656925908341,0.568,0.106,5.55734065693236e-29,"20","Bsg"
3.46730835826274e-39,5.3472760104998,0.489,0.019,8.6783260898958e-35,"20","Rbpms"
4.82168993335461e-26,5.31744007991174,0.339,0.016,1.20682077341933e-21,"20","Prom1"
6.13415959215113e-27,5.28990370603385,0.388,0.025,1.53531880431951e-22,"20","Lmntd1"
5.44429371461964e-36,5.27278884376447,0.467,0.026,1.36265227383215e-31,"20","Itga1"
9.31429792279879e-44,5.16767719091863,0.581,0.039,2.33127562709731e-39,"20","Epas1"
9.24648505838901e-20,5.14631685159991,0.286,0.024,2.31430274526419e-15,"20","Pglyrp1"
3.62332835298673e-34,5.13839893964693,0.467,0.032,9.06882853469049e-30,"20","Arhgap29"
2.0033760276917e-59,5.11266907158248,0.692,0.04,5.01424985970955e-55,"20","Ebf1"
4.73453027105642e-38,5.10963386028086,0.555,0.072,1.18500558154271e-33,"20","Tfrc"
2.02408397487432e-25,5.06524369601371,0.374,0.033,5.06607978071293e-21,"20","Podxl"
2.0695825883151e-27,5.06458012969802,0.379,0.025,5.17995826029387e-23,"20","Prkch"
8.68077939266068e-20,5.05793806327317,0.286,0.018,2.17271227418904e-15,"20","Mill2"
4.07936996110845e-18,5.01435919124878,0.26,0.018,1.02102550756583e-13,"20","Megf6"
5.64569809855585e-65,4.99978500206938,0.775,0.085,1.41306177708754e-60,"20","Slco1c1"
2.73368438871061e-20,4.96854206561402,0.282,0.018,6.84213865650379e-16,"20","Ddc"
1.70710304866093e-33,4.94410093904116,0.445,0.03,4.27270822049343e-29,"20","Mfsd2a"
1.52133120346308e-25,4.90789310693348,0.432,0.049,3.80773986914775e-21,"20","Kank3"
4.29738789241628e-26,4.89525624191613,0.388,0.03,1.07559321559287e-21,"20","Rhoj"
5.36341909345006e-48,4.85903064025194,0.789,0.281,1.34241016489961e-43,"20","Rundc3b"
1.33083428615286e-26,4.8269173331449,0.383,0.028,3.330945134812e-22,"20","Afap1l1"
8.67456635058799e-24,4.78342636531101,0.335,0.026,2.17115721188867e-19,"20","Nkd1"
2.26156608191253e-47,4.76958013364798,0.634,0.057,5.66047374641888e-43,"20","Cobll1"
9.88838707726619e-30,4.73858743834619,0.445,0.05,2.47496440156896e-25,"20","Eogt"
1.13065138057243e-28,4.67912787829023,0.467,0.059,2.82990734043474e-24,"20","Abcc4"
2.67722564042374e-26,4.63470758705397,0.454,0.073,6.70082805541657e-22,"20","Tbc1d4"
7.87883314165939e-21,4.59843716474043,0.269,0.014,1.97199314702593e-16,"20","Gjc1"
1.66507238557158e-43,4.55736012717027,0.696,0.146,4.1675096738471e-39,"20","Dach1"
2.25564911801087e-17,4.46642938635394,0.269,0.022,5.6456641774694e-13,"20","Cast"
1.6453646061884e-20,4.4600627729555,0.295,0.025,4.11818307282895e-16,"20","BC028528"
2.2724476213705e-25,4.44480828200451,0.388,0.038,5.68770915152823e-21,"20","Dock6"
1.58448276821961e-62,4.42396180030773,0.85,0.243,3.96580192057686e-58,"20","Gpcpd1"
1.16527967781165e-26,4.34180139014203,0.414,0.039,2.91657850559478e-22,"20","Parvb"
9.43061933746107e-29,4.33281724453114,0.445,0.053,2.36038971397313e-24,"20","Abcg2"
2.43378254561191e-51,4.33183427309046,0.731,0.136,6.09151433341204e-47,"20","Myo10"
3.34351933342887e-17,4.23701583720939,0.264,0.019,8.36849453963912e-13,"20","Morrbid"
1.62485741194398e-41,4.22435475936129,0.568,0.059,4.06685561635459e-37,"20","Wwtr1"
5.37041015590921e-27,4.22292850315131,0.454,0.067,1.34415995792252e-22,"20","Rai14"
2.27038498544791e-24,4.19591681564309,0.485,0.135,5.68254658007758e-20,"20","Col4a1"
1.27636452171434e-24,4.1722018268426,0.445,0.078,3.19461276139882e-20,"20","Nampt"
1.41219891685177e-16,4.138122297744,0.251,0.022,3.53459266898829e-12,"20","Id3"
6.16625258609638e-39,4.08643817301236,0.643,0.157,1.54335135977406e-34,"20","Slc39a10"
6.24172205295743e-30,4.08359546621756,0.467,0.06,1.56224061263472e-25,"20","Sparc"
6.3668182459949e-30,4.07719652445433,0.41,0.037,1.59355093879006e-25,"20","Tns1"
3.13477954952397e-24,4.0008918797445,0.445,0.081,7.84603973450355e-20,"20","Pdgfb"
9.56296057727961e-50,3.99552050279405,0.696,0.065,2.39351340288731e-45,"20","Fli1"
1.0938305012211e-18,3.98509866647338,0.295,0.03,2.73774836150629e-14,"20","Rgs3"
5.49137182479877e-18,3.96236683925255,0.286,0.024,1.37443545402888e-13,"20","Itih5"
8.5577188051381e-25,3.90248515372182,0.471,0.109,2.14191143973802e-20,"20","Palmd"
2.81035973799175e-14,3.89238195168968,0.26,0.033,7.03404938821954e-10,"20","Itga4"
3.3715246205282e-21,3.88266517237455,0.339,0.037,8.43858897272004e-17,"20","Selenop"
3.23344182607205e-28,3.86832882171187,0.467,0.068,8.09298154647574e-24,"20","Myo1e"
2.56488521853342e-23,3.84899686350693,0.383,0.036,6.41965121346731e-19,"20","Dab2"
1.17073809473261e-18,3.82493051857263,0.295,0.034,2.93024037730625e-14,"20","Ttyh2"
2.25443456651693e-38,3.82243956880933,0.617,0.152,5.64262427653521e-34,"20","Nxpe2"
1.11011613887597e-20,3.79027165404689,0.41,0.077,2.77850968399267e-16,"20","St8sia4"
2.20409647202566e-21,3.78861607637585,0.339,0.031,5.51663305983301e-17,"20","Slc38a3"
8.45626892217943e-18,3.77045301210824,0.322,0.059,2.11651954853229e-13,"20","Ly6e"
1.5961843366597e-23,3.7694885942012,0.392,0.03,3.99508977622556e-19,"20","Anxa3"
8.10026545096401e-60,3.75863177278227,0.885,0.435,2.02741543972178e-55,"20","Igf1r"
3.87488597723659e-14,3.75101368331398,0.282,0.051,9.69845211242545e-10,"20","Rbm20"
3.93981177084494e-39,3.74603671453631,0.736,0.302,9.86095488124781e-35,"20","Spock2"
5.97130542140421e-20,3.63585921501811,0.511,0.189,1.49455803392326e-15,"20","Col4a2"
2.7414828190413e-13,3.60879074565413,0.278,0.045,6.86165734777846e-09,"20","Tpm4"
4.25446338671722e-37,3.6085695410572,0.656,0.188,1.06484964106145e-32,"20","Abhd2"
2.39211465202508e-24,3.58877824983858,0.458,0.077,5.98722376255358e-20,"20","Rgs12"
1.54037544537167e-19,3.56965065353021,0.463,0.136,3.85540570222076e-15,"20","Myo1b"
5.42099807859462e-22,3.55380119553001,0.432,0.065,1.35682160909145e-17,"20","Lhfpl2"
1.45780439151156e-17,3.55052289909371,0.26,0.041,3.64873861151429e-13,"20","Lims2"
5.55609498502951e-28,3.52695704073483,0.441,0.043,1.39063501380304e-23,"20","Rasgrp3"
5.95235806910792e-21,3.52470109825206,0.335,0.044,1.48981570111702e-16,"20","Mob3b"
1.55678315524673e-25,3.51803905874411,0.392,0.047,3.89647255926705e-21,"20","Clic4"
5.20533244550296e-13,3.50982355917027,0.295,0.044,1.30284265778494e-08,"20","Slc31a1"
4.48267893731045e-20,3.50889619767971,0.383,0.057,1.12196971121943e-15,"20","Map3k20"
1.8726462907161e-27,3.46767150958294,0.533,0.149,4.68704640103333e-23,"20","Kitl"
1.03156310331245e-52,3.42788715332347,0.85,0.289,2.58189929128073e-48,"20","Ptprm"
3.01238386235181e-22,3.42312551060935,0.308,0.031,7.53969556908035e-18,"20","Phldb2"
2.40499678945719e-12,3.39653130400599,0.282,0.072,6.0194664643324e-08,"20","Dennd3"
1.9337878877988e-27,3.38535490837791,0.454,0.068,4.8400777043716e-23,"20","Itpkb"
3.59932612942246e-18,3.36772768732695,0.352,0.072,9.00875336933148e-14,"20","Pde8a"
7.09692707401036e-21,3.35712457228684,0.374,0.061,1.77628987735405e-16,"20","Mtus1"
1.21989802693441e-23,3.33737967507471,0.498,0.143,3.05328277161414e-19,"20","4931406P16Rik"
3.48734282972542e-11,3.32531393224365,0.251,0.053,8.72847036851975e-07,"20","Tmem204"
3.82955421653783e-26,3.27818610347693,0.537,0.129,9.58499124857253e-22,"20","Ldlrad3"
1.64096794550403e-28,3.27303739411222,0.559,0.14,4.10717867080204e-24,"20","Stard13"
4.60650850804721e-35,3.25989598662601,0.617,0.13,1.15296301447914e-30,"20","St3gal6"
8.56197813872563e-28,3.24040551385705,0.577,0.153,2.14297750834164e-23,"20","Rbms1"
1.07777606599964e-45,3.19806052720602,0.811,0.309,2.69756571559051e-41,"20","Hip1"
2.31828628720004e-16,3.18189274216435,0.401,0.143,5.80243874823297e-12,"20","Tek"
2.15812994990734e-19,3.18184820564114,0.396,0.093,5.40158345162309e-15,"20","Rhobtb1"
1.25626371338705e-17,3.16401417069035,0.388,0.09,3.14430244823644e-13,"20","Shroom2"
4.31407725723239e-33,3.13529142728925,0.564,0.122,1.0797703967127e-28,"20","Plekhg1"
7.04352833655843e-12,3.13367866641486,0.256,0.066,1.76292470735721e-07,"20","Plat"
4.11396806391711e-20,3.11864780489581,0.423,0.1,1.02968506671781e-15,"20","Ppard"
8.15560744112962e-46,3.09757851179242,0.758,0.27,2.04126698644033e-41,"20","Utrn"
5.61262779995616e-24,3.0737905587885,0.392,0.044,1.40478461205103e-19,"20","Tgfbr2"
2.61786782671901e-16,3.07357911817439,0.357,0.092,6.55226138349501e-12,"20","Gm13919"
1.28546290794837e-24,3.07219655331021,0.379,0.071,3.21738511230396e-20,"20","Ifnar2"
1.27784933298648e-17,3.06322035992634,0.374,0.074,3.19832909553187e-13,"20","Golim4"
1.64033272772885e-18,3.02813187634663,0.493,0.209,4.10558878423254e-14,"20","Slc38a2"
1.50971666477999e-18,3.0160189941366,0.282,0.042,3.77866984027783e-14,"20","Swap70"
2.75765540735009e-28,2.99988373482387,0.678,0.382,6.90213571905654e-24,"20","Sgms1"
2.08723982189507e-13,2.97239511767588,0.273,0.088,5.22415255022118e-09,"20","Arl4a"
1.63336778006833e-13,2.95379439750316,0.278,0.056,4.08815621673301e-09,"20","Syne2"
2.58170708431839e-11,2.94517896109723,0.291,0.081,6.4617546613405e-07,"20","Maoa"
1.91088065514821e-64,2.92627338393254,0.956,0.689,4.78274319177047e-60,"20","Ptprg"
3.37315953610962e-12,2.91464463608719,0.326,0.106,8.44268100292876e-08,"20","Tgfbr3"
1.5525903664485e-12,2.86700832485481,0.322,0.079,3.88597842818394e-08,"20","Shroom4"
9.17921501761008e-13,2.84132231800086,0.313,0.079,2.29746572675763e-08,"20","Tjp2"
1.98437064290004e-12,2.82992164202669,0.278,0.076,4.96668128211452e-08,"20","Ttc23"
3.95861813255045e-15,2.82178597101606,0.436,0.148,9.90802532396053e-11,"20","Dab2ip"
3.21561396499416e-14,2.8211755461545,0.361,0.109,8.04836019298388e-10,"20","Tanc1"
1.05625730786682e-21,2.80881732099576,0.471,0.165,2.64370641585986e-17,"20","Actb"
9.30943417555427e-16,2.80562475459225,0.291,0.058,2.33005827979948e-11,"20","S1pr1"
1.21424749370745e-12,2.7951881041525,0.269,0.064,3.03914005200038e-08,"20","Nedd9"
2.6855894409101e-10,2.78754473723031,0.313,0.125,6.72176181165388e-06,"20","Ltbp4"
1.89431638355767e-09,2.75394088619126,0.251,0.066,4.7412844764065e-05,"20","Gbe1"
1.87316403305195e-07,2.74317914794043,0.291,0.109,0.00468834225832574,"20","Myl6"
4.17876913238271e-39,2.73336328347865,0.643,0.15,1.04590412614407e-34,"20","Arhgap31"
1.80621579865754e-11,2.71982763491498,0.48,0.259,4.52077752245996e-07,"20","Tmsb4x"
3.83931629405256e-35,2.71104005689944,0.775,0.444,9.60942475238415e-31,"20","Tspan5"
1.70269593788725e-10,2.69930486640886,0.256,0.074,4.26167766293799e-06,"20","Polk"
9.82370207843458e-19,2.68910112432573,0.405,0.109,2.45877439321139e-14,"20","Mpzl1"
3.33318540517667e-24,2.68489592135604,0.568,0.214,8.3426297506167e-20,"20","Luzp1"
1.22290749473938e-14,2.68297673183794,0.485,0.218,3.06081516858319e-10,"20","Lrp8"
8.84484149665598e-12,2.64926193273272,0.304,0.092,2.21377537819802e-07,"20","Yes1"
8.58941200986780e-09,2.64620679963285,0.348,0.174,0.000214984393194981,"20","Lrp8os2"
1.81029189929035e-13,2.64003536101315,0.273,0.06,4.53097959473382e-09,"20","Sept4"
9.59020327289997e-16,2.60499732411617,0.467,0.166,2.40033197717413e-11,"20","Wwc2"
1.99392229686493e-18,2.59762954823746,0.489,0.148,4.99058811682324e-14,"20","Nxn"
2.30973928649758e-17,2.58649871312959,0.595,0.276,5.78104646017479e-13,"20","Sema6a"
1.80463496466032e-50,2.56364514306009,0.868,0.619,4.51682085304832e-46,"20","Sptbn1"
7.50243293948843e-13,2.55939470896732,0.326,0.124,1.87778394042456e-08,"20","Slc3a2"
3.08727365822281e-19,2.53699883754062,0.59,0.298,7.72713723916586e-15,"20","Insr"
2.15581982922814e-14,2.52630600470287,0.507,0.246,5.39580145057511e-10,"20","Nxpe4"
1.32990132187731e-11,2.51075730556955,0.405,0.179,3.32861001852673e-07,"20","Agrn"
2.35733353178739e-08,2.50943097655058,0.269,0.113,0.000590017009671066,"20","Frmd6"
3.27234663089921e-16,2.50148069869741,0.599,0.338,8.19035638247763e-12,"20","Tmtc2"
1.29803603686477e-10,2.50097575041423,0.335,0.122,3.24885439666884e-06,"20","Fam13a"
4.93812896416925e-12,2.49700330015198,0.357,0.128,1.23596429844192e-07,"20","Ptma"
4.11373257302428e-14,2.48261938442495,0.414,0.105,1.02962612570225e-09,"20","Abca1"
3.7026987614234e-12,2.47869537431946,0.414,0.169,9.26748472996662e-08,"20","Extl3"
2.50210478823135e-13,2.47289928905608,0.291,0.064,6.26251807446425e-09,"20","Fmnl3"
1.53888589369183e-13,2.45589040511719,0.568,0.378,3.85167750332128e-09,"20","Slc6a6"
9.66499565682615e-08,2.45062879288116,0.26,0.104,0.00241905176294702,"20","Adipor2"
5.11814801929885e-23,2.44012420106552,0.476,0.13,1.28102126775031e-18,"20","Gab1"
1.2877706007444e-09,2.42910799605428,0.388,0.18,3.22316103660317e-05,"20","Col4a3bp"
4.25440128721073e-12,2.42766928804703,0.308,0.083,1.06483409817597e-07,"20","Laptm4a"
6.84137066691792e-11,2.42703367630191,0.256,0.058,1.71232666422289e-06,"20","Notch1"
9.03368716186699e-18,2.41209099476141,0.507,0.214,2.26104155974369e-13,"20","Adam10"
5.71476182326347e-12,2.40172576809036,0.291,0.088,1.43034773674461e-07,"20","Rpl38"
1.25240803001124e-11,2.39642805633592,0.273,0.078,3.13465205831512e-07,"20","Map3k1"
1.81123020832004e-15,2.35896359884729,0.388,0.15,4.53332808840424e-11,"20","Ctnna1"
3.85927403753403e-10,2.33654558811403,0.458,0.228,9.65937698854391e-06,"20","Fbxl7"
9.2417874292899e-09,2.3356304957633,0.3,0.121,0.000231312697567697,"20","Gpd2"
5.2244133241564e-11,2.32478034786835,0.502,0.252,1.3076184109031e-06,"20","Efr3b"
9.84435965201309e-08,2.31505556076696,0.344,0.172,0.00246394477730236,"20","Lamc1"
4.98925492914082e-11,2.31489623443307,0.383,0.196,1.24876061621466e-06,"20","Bcl2l1"
2.10108206936248e-14,2.29822292232809,0.388,0.141,5.25879831140734e-10,"20","Myh9"
2.94933113689126e-09,2.29738411693827,0.286,0.093,7.38188090252515e-05,"20","Tmem44"
5.67757558023047e-23,2.29242545656507,0.683,0.427,1.42104039197588e-18,"20","Apbb2"
6.08145512401716e-13,2.29176011436281,0.419,0.165,1.52212740299026e-08,"20","Actg1"
2.70068024173744e-07,2.29087926135553,0.352,0.186,0.00675953257704463,"20","Arhgap18"
1.92099575626945e-09,2.28137696927959,0.286,0.104,4.8080602783668e-05,"20","Foxo1"
1.54695585910371e-08,2.27567048185727,0.264,0.07,0.000387187581975068,"20","Jam2"
3.92353181010834e-08,2.2654763857064,0.273,0.111,0.000982020776752017,"20","Myl12b"
4.52144721042419e-38,2.26506697020975,0.859,0.686,1.13167302229707e-33,"20","Fry"
1.46767579784258e-20,2.25827447175326,0.59,0.212,3.67344575442019e-16,"20","Frmd4b"
6.33260864349855e-15,2.25747169593361,0.577,0.356,1.58498861738125e-10,"20","Dgkh"
4.81865999908385e-08,2.2566308314683,0.339,0.149,0.0012060624111707,"20","Ctnnb1"
8.69780485222573e-34,2.25099400372768,0.793,0.506,2.17697357646358e-29,"20","Foxp1"
1.33083026035221e-07,2.23633490081548,0.3,0.123,0.00333093505863554,"20","Rhoa"
9.8487638347114e-14,2.23034179691022,0.361,0.108,2.46504710018992e-09,"20","Svil"
3.6943605486241e-12,2.22935220517071,0.361,0.119,9.24661501715127e-08,"20","Zfp521"
2.56294379848942e-07,2.22613581645791,0.256,0.089,0.00641479203323918,"20","Gnai2"
1.88167113033885e-07,2.20965407454676,0.352,0.157,0.00470963467212511,"20","Usp6nl"
3.08555577098880e-11,2.2088377896393,0.269,0.07,7.72283753920788e-07,"20","Fgd6"
3.03091422805793e-15,2.2037262210391,0.361,0.107,7.5860752214062e-11,"20","Pdlim5"
5.05593672795537e-11,2.20254681282999,0.41,0.2,1.26545040363995e-06,"20","Itgb1"
9.78998644133329e-16,2.19747319643223,0.577,0.353,2.45033570640131e-11,"20","Esyt2"
4.55208816385972e-08,2.18818118083165,0.286,0.118,0.00113934214653245,"20","Tmem184b"
6.73064011706305e-10,2.1831896819151,0.374,0.18,1.68461191489971e-05,"20","Cnot6l"
1.58834893680301e-07,2.1816145661275,0.326,0.157,0.00397547855392426,"20","Pls3"
9.09393778452452e-10,2.16951362323167,0.493,0.3,2.27612168808864e-05,"20","Adgrl2"
1.01143348514285e-10,2.16534252453341,0.361,0.123,2.53151686996404e-06,"20","Tnfrsf19"
6.51948099850692e-15,2.16445269779764,0.537,0.27,1.6317608991163e-10,"20","Dlc1"
6.42483016992575e-14,2.15340748429637,0.427,0.187,1.60807074323072e-09,"20","Elk3"
6.7768840442369e-10,2.14152385268782,0.476,0.291,1.69618630743205e-05,"20","Mcf2l"
3.07458301488479e-28,2.12717124423567,0.612,0.201,7.69537382795514e-24,"20","Prex2"
2.72559623028957e-09,2.11207496667981,0.414,0.193,6.82189480479175e-05,"20","Ppfibp1"
1.25861809969464e-07,2.10629838653912,0.317,0.148,0.00315019524172572,"20","Usp53"
9.4311523446476e-08,2.09463787508563,0.291,0.138,0.00236052312034185,"20","Ppp1r2"
7.54719649308286e-08,2.09279021395827,0.335,0.199,0.00188898781025371,"20","Cald1"
1.04190210669553e-15,2.09243638104874,0.489,0.235,2.60777678284823e-11,"20","Etv6"
1.76684155042552e-10,2.09061134727118,0.3,0.107,4.42222771656004e-06,"20","B430010I23Rik"
7.36403879346924e-10,2.08356801690093,0.33,0.135,1.84314526961742e-05,"20","St5"
1.61643447513121e-12,2.07587940291558,0.449,0.204,4.04577384780591e-08,"20","Nrp1"
2.61170218432781e-09,2.05589526146547,0.26,0.124,6.53682939715408e-05,"20","H3f3b"
7.00506549139554e-11,2.05355224309884,0.427,0.22,1.75329784184139e-06,"20","Actn4"
9.51368368890407e-08,2.03471542019692,0.374,0.21,0.0023811798904958,"20","Grk5"
1.88966653349457e-08,2.02321611952619,0.282,0.115,0.000472964636668357,"20","Sipa1l2"
6.75994137395966e-14,1.99046324129913,0.551,0.352,1.69194572648836e-09,"20","Bmpr2"
4.60392784205285e-20,1.96515735973233,0.674,0.443,1.15231709958741e-15,"20","Dock9"
5.7916572110701e-12,1.93752400091629,0.493,0.283,1.44959388335873e-07,"20","Plcb4"
9.91099691142878e-09,1.9243026876637,0.511,0.313,0.000248062341696151,"20","Itpr1"
2.91621107047461e-14,1.92255912447143,0.511,0.25,7.2989846882909e-10,"20","Akap13"
5.40965307276428e-09,1.92248495813192,0.419,0.222,0.000135398206758217,"20","Ctnnd1"
4.66179537053877e-30,1.89727714176712,0.806,0.631,1.16680076329215e-25,"20","Tjp1"
2.10782768273062e-15,1.87927824668117,0.357,0.121,5.27568190710646e-11,"20","Itga6"
6.33275090865659e-10,1.87869555722973,0.48,0.231,1.58502422492766e-05,"20","Mcc"
5.24783864506892e-12,1.87507935599104,0.432,0.264,1.3134815344743e-07,"20","Stk3"
2.24507281563142e-18,1.86201827470929,0.661,0.426,5.61919275024387e-14,"20","Mast4"
1.92554463765394e-10,1.85070149964876,0.463,0.3,4.81944567358405e-06,"20","Pakap.1"
1.17231343231329e-15,1.83493532102887,0.661,0.474,2.93418328973693e-11,"20","Ablim1"
1.24197279420417e-20,1.83471465252939,0.731,0.5,3.10853370661362e-16,"20","Rapgef4"
1.08435375371048e-07,1.83308636937889,0.414,0.247,0.00271402901016197,"20","Iqgap1"
4.18552819656441e-20,1.82609118079984,0.388,0.067,1.0475958523181e-15,"20","Slco2b1"
1.73051284737852e-09,1.82523299528728,0.326,0.135,4.3313006057037e-05,"20","Cachd1"
6.72423270169505e-11,1.81760225704406,0.608,0.482,1.68300820290725e-06,"20","Sema3c"
1.03504266250165e-07,1.81657850485035,0.26,0.091,0.00259060827997537,"20","Tpt1"
5.2661825776155e-09,1.80479875485194,0.357,0.19,0.000131807283735138,"20","Pak2"
7.13885624248611e-20,1.77036292779177,0.674,0.366,1.78678432893185e-15,"20","Tshz2"
1.12098528378146e-08,1.76981230178184,0.308,0.124,0.000280571406677662,"20","Cttnbp2nl"
2.04491572110756e-08,1.76172267502701,0.449,0.264,0.000511821955836012,"20","Git2"
4.14040866780866e-08,1.75757818051449,0.282,0.104,0.00103630288546583,"20","Rpl41"
3.35936985281062e-08,1.75117158236597,0.401,0.257,0.000840816680459971,"20","Pdzd2"
7.4687644306729e-11,1.74968094735031,0.551,0.327,1.86935704935312e-06,"20","Ppm1h"
6.71867159549316e-08,1.74330310190337,0.304,0.147,0.00168161631363598,"20","Cd81"
4.50294759262901e-09,1.71010006209555,0.339,0.162,0.000112704275295911,"20","Tspan9"
1.32545447065442e-07,1.70304802560098,0.304,0.16,0.00331747999460094,"20","9530026P05Rik"
3.85562884324235e-13,1.69906904841607,0.388,0.172,9.65025343175128e-09,"20","Wasf2"
2.38611169386433e-08,1.69707432960393,0.401,0.239,0.000597219895857302,"20","Susd6"
9.38459631228511e-13,1.68752842631642,0.383,0.163,2.34887061100184e-08,"20","Serinc3"
2.95644143568764e-08,1.6863491163194,0.502,0.377,0.000739967726938259,"20","Fut8"
6.87968156539668e-10,1.676673654415,0.308,0.096,1.72191549900313e-05,"20","Rnf220"
1.2542043676661e-07,1.66411044592161,0.352,0.168,0.00313914811183149,"20","Itm2b"
6.04537255951894e-08,1.66316625008041,0.419,0.281,0.001513096297922,"20","Nbeal1"
9.67413363266402e-08,1.66182820792644,0.291,0.134,0.00242133890691948,"20","Gulp1"
3.8348686900511e-09,1.64533680472104,0.568,0.414,9.59829284432889e-05,"20","Afdn"
3.44371482724583e-08,1.64346758838239,0.643,0.549,0.00086192738411136,"20","Arl15"
9.46474300774613e-09,1.62747082367552,0.374,0.192,0.000236893052740878,"20","Arap2"
2.37414140010678e-07,1.61642572221956,0.291,0.149,0.00594223851032727,"20","Xiap"
5.43209371834254e-10,1.57832909825888,0.604,0.47,1.35959873676396e-05,"20","Rasal2"
1.13429364389195e-08,1.57699703072823,0.502,0.354,0.000283902356129716,"20","Fryl"
1.11855432823006e-07,1.54224431996869,0.559,0.425,0.00279962962812701,"20","St6galnac3"
4.52042264315222e-10,1.50709588544019,0.555,0.434,1.13141658335457e-05,"20","Rapgef2"
3.59045686197193e-09,1.48913516325225,0.441,0.231,8.98655447982954e-05,"20","Sparcl1"
1.10565098770277e-08,1.41491534005885,0.295,0.155,0.000276733385712126,"20","St6gal1"
2.89890061547517e-09,1.40092281449226,0.392,0.212,7.25565835047279e-05,"20","Stard9"
3.19541846450336e-08,1.35655452123372,0.551,0.468,0.000799781287480545,"20","Arhgef12"
3.43492403162126e-07,1.31851546597873,0.344,0.205,0.00859727135874484,"20","Mfhas1"
4.96574312399846e-11,1.26484927541482,0.458,0.253,1.24287584650557e-06,"20","Dock1"
4.17032992744546e-09,1.24437642564168,0.621,0.512,0.000104379187754032,"20","Tcf12"
5.69022528060593e-08,1.24232672224928,0.648,0.571,0.00142420648548286,"20","Stox2"
2.75171881870556e-14,1.22786321637951,0.705,0.539,6.88727703133814e-10,"20","Srgap2"
6.61439575085009e-12,1.20342595037151,0.731,0.677,1.65551711248027e-07,"20","Dock4"
2.32872430540279e-12,1.1835154227275,0.718,0.636,5.82856406399264e-08,"20","App"
1.54114390133938e-08,1.16183640615325,0.458,0.273,0.000385732907066233,"20","Sash1"
1.15492100399598e-08,1.14194423171242,0.471,0.284,0.000289065178090154,"20","Pard3b"
8.14137943191796e-09,1.11046542339577,0.608,0.513,0.000203770585801475,"20","Limch1"
3.37785358624746e-09,1.08445956526047,0.709,0.607,8.45442974101878e-05,"20","Sorbs2"
7.84261144829068e-09,1.06185966609009,0.388,0.183,0.000196292721939267,"20","Itpr2"
3.83561739855635e-18,1.0365586598105,0.771,0.57,9.60016678684668e-14,"20","Zbtb20"
4.63542897282509e-11,0.813107119148908,0.872,0.873,1.16020151760839e-06,"20","Macf1"
3.26244593461244e-07,0.787566797195765,0.811,0.719,0.00816557592974148,"20","Tcf4"
1.34358407905475e-13,0.699730041364818,0.683,0.444,3.36285659146613e-09,"20","Msi2"
3.66145352015641e-10,0.660041347834741,0.621,0.407,9.16425201559948e-06,"20","Nfia"
2.67486147716903e-32,6.97174007278157,0.416,0.016,6.69491079120637e-28,"21","mt-Nd4l"
2.48870286926013e-47,6.95309870212129,0.629,0.028,6.22897441147119e-43,"21","mt-Nd5"
2.7559975673421e-81,6.87461570480657,0.961,0.15,6.89798631130054e-77,"21","mt-Co2"
6.85907787599037e-76,6.8233255321843,0.904,0.092,1.71675860158163e-71,"21","mt-Cytb"
1.60333777162632e-72,6.82214392084039,0.882,0.096,4.01299410860351e-68,"21","mt-Nd2"
1.4715355070176e-88,6.81358445385604,1,0.16,3.68310622051436e-84,"21","mt-Co1"
1.25707283514795e-83,6.75192146819592,0.955,0.124,3.14632759909181e-79,"21","mt-Nd4"
1.24798502835768e-83,6.74274810960123,1,0.284,3.12358172747644e-79,"21","mt-Co3"
6.28948066981341e-66,6.71095007775705,0.803,0.059,1.5741941168476e-61,"21","mt-Nd1"
3.2364100407104e-84,6.67133427169391,0.978,0.22,8.10041069089407e-80,"21","mt-Atp6"
7.05444537906132e-38,6.63813549793761,0.489,0.021,1.76565713392526e-33,"21","mt-Atp8"
1.93046573477496e-29,6.53313520435094,0.416,0.022,4.83176268756825e-25,"21","mt-Nd6"
4.17675218219403e-43,6.37130910644622,0.551,0.031,1.04539930368134e-38,"21","mt-Nd3"
2.98862283700665e-35,6.08075245901834,0.5,0.04,7.48022409874394e-31,"21","Ddn"
4.18247279586026e-60,6.02927995016483,0.803,0.127,1.04683111607586e-55,"21","Fth1"
1.51974460168962e-47,5.84558291185818,0.64,0.056,3.80376876356895e-43,"21","Mobp"
2.07486622805428e-41,5.71215620401625,0.624,0.093,5.19318268219706e-37,"21","Hpcal4"
1.15821784251266e-46,5.3873788134686,0.685,0.108,2.89890343802493e-42,"21","Rplp1"
1.43689853612211e-14,5.34028192900867,0.27,0.024,3.59641334606004e-10,"21","Rps5"
9.45233089593571e-41,5.27421488644291,0.629,0.109,2.36582389994375e-36,"21","Cox8a"
1.36733460818415e-34,5.24915166198616,0.573,0.088,3.42230179082412e-30,"21","Tpt1"
2.280441941016e-17,5.22680628621612,0.309,0.031,5.70771813416895e-13,"21","Uqcr11"
2.06182720653943e-44,5.19664247132137,0.646,0.095,5.16054731524755e-40,"21","Rpsa"
6.92431144480308e-20,5.15142897514091,0.326,0.043,1.73308591151976e-15,"21","Ndufb9"
1.9865148071413e-33,5.12759201641698,0.5,0.07,4.97204791079396e-29,"21","Rpl26"
4.00892542389412e-31,5.12545804137915,0.5,0.073,1.00339394434646e-26,"21","Rps21"
6.22472225402611e-51,5.11330317411519,0.815,0.228,1.55798573296019e-46,"21","Mbp"
9.04294804761722e-35,5.08460816119398,0.573,0.096,2.26335946683811e-30,"21","Cox6c"
1.99333760478399e-42,5.04650266399911,0.624,0.108,4.98912469101384e-38,"21","Rps29"
1.64711697263348e-23,4.99469384799018,0.427,0.064,4.12256907080433e-19,"21","Purb"
7.74999033133291e-57,4.95089402469048,0.837,0.241,1.93974508002931e-52,"21","Calm1"
2.18695111547681e-19,4.93231001093227,0.354,0.047,5.4737199469269e-15,"21","Ftl1"
1.11220760782577e-22,4.92325983899402,0.376,0.049,2.78374442162712e-18,"21","Rpl32"
9.73698640471309e-27,4.89982896361784,0.455,0.067,2.43707032723564e-22,"21","Rpl37"
4.29923673059566e-19,4.89605391396574,0.382,0.051,1.07605596130079e-14,"21","Rps3"
1.10500048136238e-19,4.89242108440909,0.326,0.046,2.7657057048019e-15,"21","Rps11"
3.42549174548699e-12,4.87749263701764,0.275,0.036,8.5736632897794e-08,"21","Rplp0"
8.23060706177739e-16,4.85505219747653,0.264,0.034,2.06003864149226e-11,"21","Atp5e"
2.62765170366106e-28,4.85462265987072,0.567,0.15,6.57674944909326e-24,"21","Map1a"
6.94467090976066e-21,4.84516905097216,0.365,0.051,1.738181682004e-16,"21","Rpl34"
9.81174978533468e-19,4.84466435422154,0.376,0.055,2.45578285377142e-14,"21","Gpx4"
2.28510259256865e-22,4.84297613264383,0.461,0.087,5.71938327894008e-18,"21","Rps23"
2.63782580877125e-24,4.83162642475427,0.399,0.059,6.60221421677357e-20,"21","Rplp2"
1.77488904699793e-37,4.81999078720045,0.646,0.148,4.44236979573111e-33,"21","Rpl13"
2.77769099632414e-22,4.81836197182439,0.36,0.058,6.95228279469969e-18,"21","Ids"
1.32983036630288e-22,4.81557334485728,0.326,0.044,3.32843242381949e-18,"21","Rps16"
7.27427276665683e-25,4.79585305614818,0.444,0.071,1.82067773076654e-20,"21","Rps3a1"
3.90681394940004e-15,4.79184936417759,0.287,0.056,9.77836463395335e-11,"21","Dact3"
3.59886620845289e-26,4.79078042443932,0.472,0.092,9.00760223313673e-22,"21","Camk2n1"
2.6942951807975e-22,4.7874736877701,0.393,0.065,6.74355140801806e-18,"21","Rpl8"
1.10127078917978e-14,4.77114114236003,0.287,0.039,2.75637065823806e-10,"21","Rpl39"
3.91911434645988e-22,4.76512175634221,0.365,0.056,9.80915129775443e-18,"21","Rps10"
2.37840886266042e-14,4.75989238282907,0.275,0.042,5.95291954235277e-10,"21","Nefl"
9.41926001972514e-19,4.75222455368401,0.287,0.038,2.35754659033701e-14,"21","Rpl18a"
7.04848327945038e-20,4.7517432709639,0.376,0.064,1.76416488001364e-15,"21","Rps7"
5.70536651348592e-30,4.75090080078712,0.511,0.086,1.42799618466039e-25,"21","Rpl13a"
1.57080765255405e-22,4.74402423300422,0.399,0.068,3.93157447357754e-18,"21","Rpl35a"
3.30189439987902e-19,4.73988482849346,0.371,0.071,8.2643114934572e-15,"21","Rps20"
1.61730834500626e-23,4.72941012536861,0.393,0.061,4.04796105671618e-19,"21","Rps19"
4.47733147190654e-28,4.71800171334991,0.517,0.102,1.12063129410349e-23,"21","Rpl41"
6.19183877487357e-14,4.71699306276587,0.281,0.047,1.54975532696311e-09,"21","Cox6b1"
6.70023547278251e-14,4.69934406861947,0.281,0.043,1.67700193648273e-09,"21","Rps25"
3.42582004581661e-25,4.6936335991003,0.393,0.055,8.57448499267439e-21,"21","Mt1"
3.26758649290963e-20,4.692652927158,0.433,0.096,8.1784422331035e-16,"21","Pcsk1n"
9.92417482179388e-22,4.67617549404896,0.472,0.091,2.48392171614679e-17,"21","Rpl19"
6.9667132762592e-23,4.67520300926415,0.41,0.071,1.74369866591492e-18,"21","Rps15"
5.08029698974539e-34,4.63528887432894,0.562,0.11,1.27154753356337e-29,"21","Rps2"
2.56138974902425e-24,4.61749408156058,0.416,0.075,6.4109024028328e-20,"21","Rpl23"
8.30475400526101e-14,4.59439712622545,0.27,0.045,2.07859687997678e-09,"21","Mt3"
5.82094855489568e-25,4.59345997851267,0.433,0.079,1.45692521380484e-20,"21","Rps27a"
1.31544797074079e-23,4.58148366800965,0.455,0.092,3.29243472596713e-19,"21","Rps24"
4.14785814219423e-12,4.57961503916721,0.264,0.047,1.03816741440979e-07,"21","Pfdn5"
4.696248805267e-11,4.56318198369873,0.292,0.06,1.17542411347028e-06,"21","Rpl28"
1.06480670107504e-25,4.53448329540491,0.478,0.091,2.66510469212072e-21,"21","Rpl9"
5.64290690156245e-18,4.51727862218397,0.416,0.084,1.41236316839207e-13,"21","Rpl3"
3.48312634361663e-18,4.48661844622374,0.337,0.065,8.71791692543807e-14,"21","Fau"
1.59522466208581e-16,4.48361246926697,0.382,0.08,3.99268780673456e-12,"21","Eef2"
1.15466133570677e-18,4.4658913431667,0.404,0.087,2.89000185714048e-14,"21","Rpl38"
1.21434049442313e-15,4.40813561027406,0.354,0.08,3.03937282349165e-11,"21","Rpl17"
7.11150912517344e-15,4.38377898425981,0.298,0.063,1.77993961893966e-10,"21","Dynll2"
9.82867983448929e-16,4.38301553093313,0.281,0.066,2.46002027577432e-11,"21","Cck"
1.48590235148481e-13,4.38232666275163,0.32,0.075,3.71906499553132e-09,"21","Cox6a1"
1.67922668171035e-13,4.37891491837042,0.253,0.049,4.20293646165283e-09,"21","Rpl14"
5.99985339030842e-15,4.3756541606834,0.253,0.039,1.50170330506029e-10,"21","Aldoc"
5.32593643985526e-22,4.36180997573283,0.517,0.161,1.33302863153137e-17,"21","Cbx6"
5.08513037176363e-17,4.35944129635408,0.303,0.059,1.27275728074872e-12,"21","Rpl12"
3.79988603502638e-22,4.3492443349786,0.444,0.1,9.51073475706754e-18,"21","2900097C17Rik"
6.20579641595391e-16,4.33903149080347,0.388,0.09,1.5532487849491e-11,"21","Rps14"
4.36504743140986e-18,4.33312053980833,0.438,0.124,1.09252772160757e-13,"21","Cox4i1"
1.49906938085097e-11,4.27207648083358,0.27,0.06,3.75202075333189e-07,"21","Rpl23a"
4.18485293301693e-23,4.23470883522264,0.416,0.098,1.04742684060481e-18,"21","Calm3"
1.05090629968019e-16,4.23325978329193,0.371,0.097,2.63031337746954e-12,"21","Rpl30"
1.3828649121964e-10,4.23272693858135,0.264,0.058,3.46117258873637e-06,"21","Rps17"
1.8074156660237e-15,4.22932048129184,0.326,0.076,4.52378067049073e-11,"21","Ndufa4"
2.09897334946663e-18,4.22577708173909,0.326,0.057,5.25352039638002e-14,"21","Dbi"
1.78140949155709e-11,4.21296852714762,0.365,0.128,4.45868981641823e-07,"21","Mapk8ip2"
3.73111965679724e-23,4.20512884487446,0.545,0.171,9.33861938899782e-19,"21","Rps8"
1.58180661355171e-14,4.13203766587372,0.393,0.11,3.95910377305857e-10,"21","Rpl21"
8.93282328969303e-25,4.12637929507978,0.489,0.163,2.23579634117727e-20,"21","Scd2"
1.01859710739539e-15,4.11362076167528,0.337,0.074,2.54944670009991e-11,"21","Chchd2"
5.80176063889295e-10,4.10661263952606,0.253,0.058,1.45212267030852e-05,"21","Cox7a2"
5.70406181853587e-11,4.07622514336047,0.253,0.05,1.42766963256134e-06,"21","Rpl18"
4.3808001951827e-12,4.06965251440022,0.32,0.081,1.09647048085228e-07,"21","Rps28"
1.50210055389513e-39,4.04132000805996,0.73,0.257,3.75960747634412e-35,"21","Tmsb4x"
5.47171190796493e-15,4.0383694689513,0.438,0.16,1.36951477344454e-10,"21","Fbxl16"
8.39944756752621e-10,4.03812367568927,0.281,0.069,2.10229773167613e-05,"21","Rpl24"
2.46356879912643e-09,4.0243832609983,0.253,0.071,6.16606634733353e-05,"21","Rps26"
1.74034326626039e-17,4.01591921198338,0.376,0.11,4.35590516112314e-13,"21","Ppp1r9b"
1.39034353858439e-21,4.00223540763049,0.556,0.234,3.47989084272288e-17,"21","Sptbn2"
2.31657544751825e-14,3.97222970749049,0.382,0.108,5.79815668759343e-10,"21","Rps18"
3.77592245966712e-14,3.92161951837301,0.354,0.117,9.45075632430084e-10,"21","Oaz1"
1.0793999365319e-12,3.90572828427928,0.376,0.118,2.70163010114569e-08,"21","Rpl37a"
1.39272227253665e-16,3.84087594427849,0.36,0.083,3.48584457593198e-12,"21","Ndrg2"
3.47179531375637e-09,3.82607385959506,0.331,0.125,8.68955649080081e-05,"21","Psd"
1.80722875185702e-13,3.74976728454811,0.382,0.163,4.52331284302293e-09,"21","Ncs1"
3.66997045737004e-09,3.74394443532821,0.258,0.076,9.18556905775146e-05,"21","Rpl11"
4.87020026804293e-11,3.70806501070357,0.287,0.106,1.21896242508847e-06,"21","Selenow"
3.1163561134048e-26,3.68132233394961,0.483,0.113,7.79992771624088e-22,"21","Plp1"
8.36990500227292e-11,3.65145456735244,0.264,0.078,2.09490352301889e-06,"21","Ubb"
2.00859235720195e-20,3.6451299366295,0.601,0.329,5.02730581084077e-16,"21","Kif5a"
1.3534009677131e-41,3.63901968167306,0.742,0.234,3.38742728208911e-37,"21","Cst3"
5.53765144483677e-16,3.59939953174122,0.483,0.202,1.3860187801282e-11,"21","Eef1a1"
3.58784281340451e-11,3.50725711391781,0.36,0.15,8.98001177767015e-07,"21","Ctnnb1"
9.58321526411685e-09,3.50021124878484,0.354,0.174,0.000239858294845581,"21","Agap2"
6.87634691677023e-08,3.46710442357325,0.354,0.179,0.00172108086979842,"21","Nrgn"
4.65328872207775e-10,3.38967350726754,0.382,0.183,1.16467163424884e-05,"21","Nptxr"
5.93077379235663e-61,3.35428866212094,0.966,0.733,1.48441337248894e-56,"21","Gm42418"
1.7627316489954e-07,3.32552465662319,0.315,0.157,0.00441194104427058,"21","Slc17a7"
4.37285241149796e-09,3.29937176692129,0.298,0.129,0.000109448123007383,"21","Ptma"
4.18926311336491e-16,3.28400400173594,0.562,0.329,1.0485306646441e-11,"21","Shank1"
1.73837995573929e-11,3.27441254059251,0.433,0.224,4.35099119121986e-07,"21","Cox7c"
2.38344029493612e-07,3.23549010754037,0.382,0.205,0.00596551271419562,"21","Rps12"
2.13896368885618e-08,3.18364449708775,0.388,0.217,0.000535361221683814,"21","Arf3"
9.06427044385294e-10,3.18049838826257,0.393,0.199,2.26869624939195e-05,"21","Rpl27a"
3.43190861582274e-30,3.14270331211178,0.719,0.397,8.58972407454275e-26,"21","Cmss1"
8.95151353467781e-14,3.12432375700841,0.489,0.245,2.24047432259451e-09,"21","Lypd1"
1.20858310599642e-36,3.11319741387028,0.657,0.194,3.02496265599844e-32,"21","Apoe"
9.12971358114538e-09,3.11065476638611,0.36,0.203,0.000228507601222488,"21","Nsmf"
4.35709968749366e-39,3.0839432855916,0.815,0.532,1.09053848078279e-34,"21","Camk2a"
1.51515095386187e-31,3.01531246808412,0.792,0.62,3.79227132242086e-27,"21","Sptbn1"
1.88823393677868e-12,2.99096088853169,0.393,0.166,4.72606072036337e-08,"21","Actg1"
1.21115310421871e-13,2.95989653331618,0.556,0.408,3.031395104549e-09,"21","Kif1a"
4.06192744937555e-16,2.87380632381286,0.596,0.41,1.01665982130421e-11,"21","Chd3"
8.46726499704193e-10,2.83586113575868,0.421,0.246,2.11927175610962e-05,"21","Hsp90ab1"
1.57124299401149e-07,2.77394112283252,0.348,0.167,0.00393266408971136,"21","Actb"
1.46899999939642e-10,2.74740643085147,0.489,0.349,3.67676009848931e-06,"21","Thra"
2.75909278242021e-08,2.69213540264705,0.506,0.408,0.000690573332511955,"21","Kif5c"
2.77579493025845e-18,2.64917017596491,0.511,0.23,6.94753713094387e-14,"21","Sparcl1"
1.28415389529136e-11,2.57766852361398,0.343,0.157,3.21410878452473e-07,"21","Clu"
2.51860493552819e-09,2.44352793527615,0.27,0.112,6.30381629313351e-05,"21","Glul"
6.43649514100263e-39,2.4009668687057,0.831,0.397,1.61099036884155e-34,"21","Slc1a2"
1.55231274885517e-14,2.31836410374556,0.652,0.625,3.88528357910961e-10,"21","Apc"
2.05029366124679e-26,2.06075322184701,0.758,0.608,5.13168000473459e-22,"21","Cpe"
1.67280205976767e-15,2.00262113266222,0.5,0.223,4.18685627539251e-11,"21","Atp1a2"
1.75921495421967e-07,1.85629995193595,0.534,0.515,0.00440313910891641,"21","Gnas"
1.87030070179420e-11,1.62165581561267,0.663,0.693,4.68117562652072e-07,"21","Map2"
5.32007568425832e-36,4.83250020927093,0.538,0.033,1.33156174301302e-31,"22","Hcrtr2"
1.83316633847204e-38,4.79041583947857,0.559,0.038,4.58823202856168e-34,"22","Gm28153"
1.28382071706669e-38,4.67426969224562,0.566,0.035,3.21327487274623e-34,"22","Kit"
1.74951608890587e-39,4.58035967350243,0.628,0.048,4.37886381892249e-35,"22","Pde11a"
1.89453550214782e-28,4.44971369738049,0.455,0.029,4.74183290832577e-24,"22","Crispld1"
1.03497046912989e-23,4.3725720192469,0.366,0.023,2.59042758718521e-19,"22","Gm16070"
2.17404075516844e-32,4.12568159064974,0.51,0.035,5.44140660611109e-28,"22","Hapln1"
8.97584085444383e-14,4.04941815264336,0.255,0.018,2.24656320745875e-09,"22","Myo3b"
2.98458988779314e-24,4.04302021306696,0.531,0.095,7.47013003015745e-20,"22","Reln"
1.81814000805847e-17,3.97713668547143,0.269,0.013,4.55062262616955e-13,"22","Ndnf"
4.59032420534742e-18,3.96556151285471,0.331,0.028,1.1489122453564e-13,"22","Lamp5"
5.45374154449252e-59,3.8903109907941,0.89,0.191,1.36501697117103e-54,"22","Zmat4"
3.90153827100868e-18,3.83895888020546,0.276,0.021,9.76516013850763e-14,"22","Igf1"
5.12379113185502e-61,3.62921586263166,0.952,0.216,1.28243368239199e-56,"22","Zfp536"
3.05106652402429e-37,3.33376791954572,0.697,0.145,7.6365144029804e-33,"22","Adamts17"
2.57622369002644e-49,3.32831748627945,0.876,0.166,6.44803027376718e-45,"22","Gad2"
2.78691212090978e-57,3.30250948336401,0.972,0.399,6.9753623474251e-53,"22","Fgf13"
1.51655429142019e-52,3.22111353458065,0.938,0.377,3.79578373599559e-48,"22","Nyap2"
4.31237764321755e-20,3.10935928271794,0.497,0.076,1.07934500032092e-15,"22","Mpped1"
7.02401468016692e-52,3.08825139292236,0.959,0.561,1.75804063429898e-47,"22","Unc5c"
6.08571194767222e-44,3.08582863594361,0.848,0.223,1.52319284338288e-39,"22","Alk"
3.20991014820912e-35,3.07244433935972,0.697,0.123,8.0340841099526e-31,"22","Gad1"
7.91475996779045e-27,3.07213526502448,0.566,0.109,1.98098527233827e-22,"22","Homer2"
7.63026958177179e-13,3.03081570795128,0.269,0.031,1.90978017362166e-08,"22","Dlx1"
3.53949140165045e-31,3.02612275319375,0.69,0.131,8.85899302919092e-27,"22","Pld5"
2.22978653233207e-15,2.91792124851782,0.317,0.039,5.58093271177393e-11,"22","1700016K05Rik"
1.99286563343906e-37,2.82116692238642,0.738,0.149,4.98794339393463e-33,"22","Dlx6os1"
1.41177213036579e-34,2.80540517283433,0.752,0.161,3.53352446509255e-30,"22","Sv2c"
1.35160029373624e-27,2.73758154963077,0.503,0.063,3.38292037519243e-23,"22","Egfros"
2.2448315504784e-11,2.71446496090627,0.269,0.043,5.61858888769238e-07,"22","Htr2a"
1.818339550488e-36,2.66346625857634,0.807,0.215,4.55112206091641e-32,"22","Ptchd4"
8.30076108588528e-34,2.61352352818877,0.697,0.173,2.07759749218623e-29,"22","Zbtb16"
2.78618732166587e-31,2.60623420948192,0.807,0.292,6.9735482473975e-27,"22","Ptprm"
6.11739333037263e-19,2.55737206811276,0.531,0.129,1.53112237665896e-14,"22","Adra1a"
3.85840939968233e-14,2.53172128075924,0.276,0.064,9.6572128864649e-10,"22","Htr7"
1.56520340602366e-14,2.44197123977036,0.331,0.07,3.91754760493663e-10,"22","Gm20319"
2.48082060338505e-13,2.42656734283515,0.393,0.095,6.20924588821244e-09,"22","Dlx1as"
3.25809598374853e-24,2.41940617189016,0.572,0.133,8.1546884377242e-20,"22","Tox2"
7.58724050238583e-12,2.40369197141339,0.352,0.092,1.89901042534215e-07,"22","Mei4"
1.0483488647274e-15,2.40151984810895,0.407,0.095,2.62391237352621e-11,"22","Gm15243"
1.91001499344052e-36,2.39695919687109,0.683,0.114,4.78057652708228e-32,"22","Egfr"
3.44008412409654e-30,2.39531028595367,0.676,0.175,8.61018655420123e-26,"22","Igsf11"
3.60551898207362e-11,2.39500961941832,0.29,0.068,9.02425346023207e-07,"22","Gcnt2"
3.44978223827072e-42,2.38265006083573,0.917,0.434,8.63445996416779e-38,"22","Slc2a13"
1.65874009198995e-24,2.38072006308226,0.683,0.243,4.15166057624165e-20,"22","Rasgrf2"
1.51362350509654e-15,2.37059964239409,0.421,0.096,3.78844827090613e-11,"22","Osbpl3"
3.67233448149189e-33,2.3560921240278,0.966,0.622,9.19148597372606e-29,"22","Galntl6"
3.31579488587746e-37,2.35049608602558,0.897,0.43,8.2991030198627e-33,"22","Adarb2"
4.71438168884387e-51,2.34060419184725,1,0.63,1.17996259290073e-46,"22","Erbb4"
7.70448937443283e-16,2.3380437073808,0.303,0.046,1.92835664552679e-11,"22","Prox1"
6.28800929405663e-42,2.32908212902427,0.938,0.582,1.57382584620943e-37,"22","Grin2a"
2.96673092929935e-15,2.31885961508552,0.448,0.132,7.42543084294335e-11,"22","Mlip"
3.6778160980597e-17,2.30974340755651,0.407,0.083,9.20520591183362e-13,"22","Kirrel"
3.37259339399296e-25,2.27594686555923,0.6,0.145,8.44126400582498e-21,"22","Gm47027"
5.92653487581549e-34,2.2713898183264,0.752,0.133,1.48335241406786e-29,"22","Maf"
4.27763641758785e-22,2.25675398132981,0.579,0.17,1.07064961895806e-17,"22","Il1rap"
2.61580710155659e-21,2.25452960823648,0.566,0.134,6.54710359448598e-17,"22","Sox1ot"
3.24226137995506e-18,2.24380711097379,0.572,0.163,8.11505600788952e-14,"22","Metap1d"
1.35379710436926e-30,2.24052961706181,0.731,0.212,3.38841877252583e-26,"22","Slc6a1"
3.30304925138382e-25,2.23773817871482,0.621,0.174,8.26720197128856e-21,"22","Rph3a"
5.31558973192767e-40,2.21322973390339,0.938,0.337,1.33043895400418e-35,"22","Grik1"
4.42969521777481e-25,2.21093010893228,0.669,0.254,1.10870841605686e-20,"22","Pip5k1b"
1.65410432612306e-09,2.20189657048823,0.276,0.07,4.14005771785341e-05,"22","Pla2g4e"
3.17598165085508e-35,2.19438498714672,0.876,0.369,7.94916447392519e-31,"22","Pam"
6.33670425775075e-15,2.18838770279966,0.283,0.041,1.58601370867243e-10,"22","Gm15655"
1.93262090457227e-41,2.17212879468246,0.938,0.553,4.83715686205395e-37,"22","Cacna2d1"
1.72737561503814e-09,2.16728391113677,0.283,0.073,4.32344842687897e-05,"22","Nos1"
4.76417317234131e-42,2.15279177875439,0.952,0.441,1.19242490330531e-37,"22","A830018L16Rik"
4.50727700906614e-27,2.11936638602996,0.731,0.214,1.12812636259916e-22,"22","Kcnmb2"
2.82211467238745e-18,2.07868645565803,0.628,0.215,7.06347081351855e-14,"22","Pvt1"
1.57551868671955e-14,2.06860447516193,0.4,0.119,3.94336572099036e-10,"22","Gm13963"
1.78227029017185e-30,2.06293759367598,0.814,0.271,4.46084430927113e-26,"22","Grip1os2"
4.8842767705966e-12,2.05748919369856,0.338,0.068,1.22248563291262e-07,"22","Afap1"
5.79755347091285e-12,2.05287362294845,0.366,0.107,1.45106965823478e-07,"22","Parm1"
1.89763491319563e-17,2.05035433372503,0.421,0.094,4.74959042423735e-13,"22","Gm45680"
9.69641637822577e-11,2.03296801636582,0.276,0.071,2.42691605530613e-06,"22","Rgs8"
3.76652416539187e-08,2.01723228282624,0.331,0.105,0.000942723333355931,"22","Cpeb1"
9.93602408679804e-09,2.01278518856502,0.269,0.064,0.000248688746868468,"22","Disp3"
1.90501254557909e-07,1.99921667495266,0.352,0.118,0.0047680559003299,"22","Gm13944"
2.53790074968024e-35,1.99724893897108,0.931,0.287,6.35211178637467e-31,"22","Nxph1"
2.87869616155422e-12,1.98134325427695,0.331,0.09,7.20508862275405e-08,"22","Tcerg1l"
1.5564000843241e-11,1.97971475985159,0.469,0.172,3.89551377105479e-07,"22","Gabra1"
2.74370527052283e-44,1.94193906023307,0.979,0.712,6.86721992159159e-40,"22","Grip1"
7.99711092142638e-43,1.94072208425494,0.979,0.695,2.00159689252381e-38,"22","Rims1"
1.20475230213064e-25,1.93733526271036,0.807,0.393,3.01537453700277e-21,"22","Gabrb2"
2.97467404307863e-15,1.89632097834542,0.428,0.126,7.44531166242152e-11,"22","Phka2"
8.70658415825407e-23,1.89117249745797,0.655,0.268,2.17917094896941e-18,"22","4933413L06Rik"
5.87488596839765e-19,1.88969320829426,0.586,0.201,1.47042520903025e-14,"22","Tox3"
3.08302725126812e-12,1.87981665842647,0.303,0.069,7.71650890719898e-08,"22","4930447N08Rik"
9.85986953957843e-19,1.87706208091571,0.566,0.212,2.46782674706108e-14,"22","Mpdz"
6.59489258170442e-14,1.87165287030708,0.4,0.119,1.6506356642748e-09,"22","Nt5dc3"
3.48169583546429e-20,1.86144582890394,0.662,0.233,8.71433650658356e-16,"22","Mgll"
2.13711637467101e-28,1.86128822847155,0.89,0.47,5.34898857416407e-24,"22","Hcn1"
3.39736440953449e-12,1.84530579521626,0.345,0.076,8.50326338062388e-08,"22","Col19a1"
2.2874502523883e-21,1.83148440427386,0.724,0.328,5.72525923670267e-17,"22","Rapgef4os1"
4.06398048151358e-17,1.8279754129347,0.593,0.212,1.01717367471803e-12,"22","Fgf1"
1.04361725740642e-17,1.82216599011336,0.593,0.256,2.61206963356254e-13,"22","4930415C11Rik"
1.98669452375816e-30,1.8172804246271,0.807,0.436,4.97249772351431e-26,"22","Dner"
7.17268781376109e-29,1.80866314962157,0.897,0.43,1.79525203290626e-24,"22","Egfem1"
2.44357635176074e-31,1.79980756794133,0.903,0.44,6.11602725082196e-27,"22","Rbms3"
9.37488666137129e-29,1.79940906714236,0.841,0.411,2.34644038247462e-24,"22","C530008M17Rik"
3.46418192155558e-25,1.79860647776974,0.69,0.27,8.67050093146147e-21,"22","Dlc1"
4.37577408387876e-26,1.79335035629764,0.91,0.57,1.09521249545401e-21,"22","Frmpd4"
1.8260134389674e-10,1.7879987320379,0.462,0.183,4.57032903639151e-06,"22","Efna5"
1.4141374793622e-11,1.78594646901767,0.317,0.092,3.53944469709564e-07,"22","Col26a1"
1.0280570850089e-10,1.78582984133837,0.352,0.114,2.57312407806877e-06,"22","Grip1os1"
6.06623923918483e-09,1.77983272931671,0.317,0.117,0.000151831901917557,"22","Trpc7"
7.64911365108809e-18,1.77191063156091,0.634,0.217,1.91449665573084e-13,"22","Sema5a"
7.34211634681158e-13,1.76661394251296,0.379,0.116,1.83765830044347e-08,"22","Ttc39b"
1.52735077950714e-19,1.74681406057796,0.703,0.239,3.82280626602843e-15,"22","Ubash3b"
1.32102629951444e-27,1.74410813358628,0.855,0.431,3.30639672505469e-23,"22","Sh3rf3"
2.5855889554127e-08,1.72987150789546,0.352,0.136,0.000647147059650244,"22","Frmpd3"
2.37577327411216e-11,1.72215307826748,0.448,0.165,5.94632292777532e-07,"22","Mtcl1"
4.74531046249761e-09,1.70171763009103,0.407,0.148,0.000118770375565853,"22","Dchs2"
5.3597120762843e-12,1.69519053341312,0.448,0.149,1.3414823355732e-07,"22","A330102I10Rik"
5.92476281756803e-21,1.6887502002983,0.717,0.276,1.4829088856091e-16,"22","Kcnip1"
2.70947867964848e-11,1.68132175636967,0.448,0.186,6.78155418729219e-07,"22","A330093E20Rik"
5.53670523224846e-10,1.68102927683189,0.4,0.151,1.38578195257947e-05,"22","Lrrc8b"
1.52177801559563e-18,1.67371246096494,0.752,0.299,3.80885819523431e-14,"22","Epha3"
1.33905075930941e-29,1.65969418814553,0.883,0.52,3.35151014547553e-25,"22","Gabbr2"
1.78507275585555e-08,1.6430320184047,0.462,0.18,0.000446785860063086,"22","Atp11c"
1.06177489735652e-14,1.64201507724574,0.531,0.166,2.65751639059365e-10,"22","9630014M24Rik"
1.19443502045366e-13,1.61935552738843,0.503,0.195,2.98955141269347e-09,"22","Ndst3"
9.86446234788312e-16,1.6092119799012,0.731,0.349,2.46897628105167e-11,"22","Mtus2"
1.43762989739e-21,1.59303341250268,0.828,0.54,3.59824387017742e-17,"22","Kctd16"
1.30503872746147e-29,1.5920195451883,0.931,0.56,3.26638143096331e-25,"22","Dscaml1"
7.95432152284386e-16,1.58714093777554,0.49,0.159,1.99088713395259e-11,"22","Nfix"
3.34171966672215e-12,1.57674636548605,0.441,0.13,8.36399015383886e-08,"22","Dock11"
2.83933525491985e-09,1.57659294168209,0.372,0.141,7.1065722095389e-05,"22","Acsl1"
3.90295391004278e-28,1.54258476953416,0.979,0.755,9.76870334144607e-24,"22","Cntnap2"
1.3524109802012e-15,1.54071749407876,0.724,0.447,3.38494944234558e-11,"22","Kcnn2"
8.74505314882687e-09,1.51746650346733,0.31,0.087,0.000218879935261988,"22","B020031H02Rik"
3.81718544864551e-09,1.51587824853254,0.276,0.058,9.55403345941484e-05,"22","Arhgef6"
3.6746612478767e-12,1.50842573816873,0.428,0.168,9.19730963731059e-08,"22","Greb1l"
5.10710398763711e-14,1.50558501280341,0.566,0.21,1.27825705706569e-09,"22","Elavl2"
6.46633911595069e-20,1.482970269941,0.834,0.445,1.6184600173313e-15,"22","Rab3c"
1.65108312770932e-11,1.47774877114251,0.579,0.272,4.13249596034366e-07,"22","Lin7a"
2.28393559909035e-31,1.47637155970515,0.979,0.644,5.71646241096324e-27,"22","Gria4"
1.48953993404579e-11,1.47608171752955,0.579,0.239,3.72816950092321e-07,"22","Bcl11a"
2.82443837369159e-08,1.47526062722116,0.359,0.157,0.000706928680551267,"22","Sntg2"
5.19418223186308e-28,1.4745769720515,0.924,0.612,1.30005187081301e-23,"22","Sntg1"
6.0398584851598e-22,1.47354480791936,0.897,0.516,1.51171618025065e-17,"22","Rbfox3"
6.22252788810621e-08,1.44111782660036,0.269,0.125,0.0015574365051141,"22","Nck2"
4.18733145329027e-20,1.44091552844734,0.766,0.386,1.04804718944402e-15,"22","Slc35f4"
1.34206394648775e-12,1.42492532258057,0.566,0.297,3.3590518516642e-08,"22","Trpc5"
1.09270524176228e-09,1.42178822713557,0.483,0.233,2.73493194960681e-05,"22","Vstm2a"
1.25460829012013e-20,1.41641598468557,0.786,0.429,3.14015908934167e-16,"22","Rimbp2"
2.67495672334394e-09,1.40123953574983,0.407,0.138,6.69514918285755e-05,"22","Btbd11"
3.26139696130771e-07,1.398666045408,0.297,0.117,0.00816295045445707,"22","Gm46124"
3.67916917737048e-08,1.39380722699832,0.372,0.134,0.000920859253404058,"22","Gm12064"
2.45429469423778e-10,1.38540696354207,0.421,0.152,6.14285419020773e-06,"22","Cdh12"
2.7327389926893e-09,1.38383896783089,0.317,0.09,6.83977242480205e-05,"22","Eepd1"
1.58127504543383e-13,1.36455907848261,0.717,0.331,3.95777331121634e-09,"22","Zfp385b"
3.70627904833051e-09,1.35903302044799,0.462,0.182,9.27644583006643e-05,"22","Gm10848"
8.19567587760931e-18,1.35404739376109,0.855,0.5,2.05129571540683e-13,"22","Rapgef4"
2.19680363976683e-22,1.33664015322386,0.91,0.499,5.4983798299724e-18,"22","Nfib"
1.84415865601202e-19,1.32959944889535,0.848,0.54,4.6157447001325e-15,"22","Prkca"
1.50642453210532e-08,1.2856580828383,0.428,0.187,0.000377042996140641,"22","Clstn3"
3.70619248601445e-20,1.28169514196404,0.924,0.648,9.27622917324556e-16,"22","Cntn5"
1.44145350459395e-07,1.27155753566109,0.297,0.131,0.0036078139766482,"22","Lrrc3b"
5.19166055652120e-10,1.2690699858743,0.379,0.159,1.29942072069169e-05,"22","Pla2g3"
1.55682140805194e-11,1.24988266912511,0.634,0.371,3.89656830221319e-07,"22","Dnajc6"
5.83926254590639e-08,1.24740068168758,0.338,0.144,0.00146150902261491,"22","Lancl1"
4.97312284852664e-31,1.24101490311407,0.979,0.718,1.24472291775773e-26,"22","Tcf4"
5.75857219742009e-19,1.23775379713403,0.883,0.391,1.44131303529228e-14,"22","Gm38505"
3.87530973422905e-17,1.23334841944454,0.834,0.562,9.6995127338019e-13,"22","Pde10a"
3.48726892098985e-07,1.2312502076206,0.393,0.198,0.00872828538234549,"22","Inhba"
5.08443856870467e-23,1.22973092674336,0.945,0.551,1.27258412936109e-18,"22","Unc5d"
8.9586365826132e-26,1.21688602101409,0.938,0.585,2.24225715026226e-21,"22","Sgcz"
2.98147408644864e-27,1.21577077315501,0.972,0.657,7.46233149097231e-23,"22","Atxn1"
9.84538622511831e-11,1.21348129694465,0.648,0.319,2.46420171828486e-06,"22","Brinp2"
1.02179664415961e-26,1.21245265349819,0.959,0.675,2.55745482066709e-22,"22","Cadps"
1.0213955981574e-08,1.21031020071754,0.386,0.173,0.000255645104262816,"22","Mir124a-1hg"
6.10195649673518e-16,1.20292328071395,0.779,0.442,1.52725869156785e-11,"22","5330434G04Rik"
2.03009628566792e-10,1.18680913409691,0.572,0.259,5.08112799339823e-06,"22","Gm15261"
1.99023314363416e-17,1.18641921361074,0.759,0.406,4.98135453520193e-13,"22","Kif5c"
1.19657110572561e-15,1.18518523675156,0.848,0.497,2.99489782052063e-11,"22","Frmd5"
3.19545664749564e-21,1.17948326310313,0.938,0.689,7.99790844301685e-17,"22","Dab1"
7.09457195438967e-08,1.17659585643268,0.372,0.184,0.00177570041446419,"22","Purg"
4.84617719488341e-11,1.16222456569856,0.841,0.538,1.21294969010737e-06,"22","Apba1"
2.37675393852123e-10,1.15636276761504,0.524,0.248,5.94877743272478e-06,"22","A530046M15Rik"
3.2523310928909e-13,1.15485120989504,0.683,0.293,8.14025949239664e-09,"22","Chrm3"
2.64534813365144e-07,1.15341862489591,0.434,0.201,0.00662104184371619,"22","Cacng2"
9.42385838089938e-12,1.15199335793068,0.738,0.395,2.35869751415531e-07,"22","Ctif"
6.85154828479898e-12,1.14850493665876,0.766,0.496,1.71487402020234e-07,"22","Mctp1"
3.95139025689486e-18,1.14715073825222,0.972,0.55,9.88993467398216e-14,"22","Sox2ot"
3.60189616806523e-09,1.14545736897713,0.434,0.203,9.01518591905047e-05,"22","Ablim3"
2.22498518625287e-07,1.14413981843504,0.448,0.22,0.0055689154226723,"22","Lrp8"
4.76035865474691e-09,1.12174759437446,0.572,0.322,0.00011914701676966,"22","Dgkg"
2.56985649249024e-10,1.11972277150526,0.703,0.424,6.43209381505383e-06,"22","Rgs7bp"
4.66698279496833e-10,1.09029524032769,0.731,0.458,1.16809912375262e-05,"22","Tmem132b"
4.39196311626009e-08,1.08270631384592,0.414,0.182,0.00109926444836874,"22","Adcy1"
5.71361461541917e-12,1.08052986677535,0.648,0.352,1.43006060209326e-07,"22","Gas7"
5.40041001761359e-12,1.05900684928123,0.607,0.313,1.3516686233085e-07,"22","Cntnap5c"
2.60311427209892e-10,1.05268044621565,0.641,0.329,6.51533471163639e-06,"22","Ptprn"
8.12449990565892e-09,1.05224051212725,0.634,0.364,0.000203348108138737,"22","A330015K06Rik"
4.43191232027287e-11,1.04941844924627,0.717,0.396,1.1092633346411e-06,"22","Nr3c2"
1.23842986460022e-10,1.04520819189152,0.786,0.47,3.09966610810789e-06,"22","A330076H08Rik"
1.04260563040894e-17,1.03831247890113,0.924,0.604,2.60953763235053e-13,"22","Kcnq5"
7.62218753193532e-12,1.03276723424285,0.579,0.291,1.90775731736809e-07,"22","Aplp2"
2.66434058965535e-11,1.02823515937534,0.717,0.429,6.66857806184838e-07,"22","Rasgrf1"
1.07493891225025e-10,1.01261651400514,0.359,0.134,2.69046460347115e-06,"22","Rnf24"
7.12006514477746e-09,1.01210585161755,0.441,0.228,0.000178208110508635,"22","Trim24"
7.17958289162141e-10,1.00895674117637,0.579,0.288,1.79697780194392e-05,"22","Ggact"
2.81808272621182e-18,1.00343697112223,0.917,0.558,7.05337925543557e-14,"22","Zeb2"
9.96031652985627e-09,1.00259240243863,0.441,0.223,0.000249296762425773,"22","Zfr2"
1.67325934379347e-15,0.981593959223006,0.931,0.614,4.18800081158068e-11,"22","Nkain3"
1.11939563929038e-08,0.979616675899591,0.717,0.449,0.00028017353455799,"22","Amph"
3.27793560488216e-14,0.978221714293768,0.903,0.697,8.20434502545956e-10,"22","Ntrk2"
4.44382093739316e-08,0.978049939156769,0.317,0.136,0.00111224394242013,"22","St5"
4.30595094700694e-19,0.973237824454546,0.91,0.597,1.07773646252637e-14,"22","Kcnh7"
1.59471582589803e-26,0.971484389743922,0.993,0.863,3.99141424064017e-22,"22","Dlgap1"
9.96835879816728e-11,0.958735535958818,0.8,0.462,2.49498052359329e-06,"22","Zfp608"
5.87510842693151e-08,0.944900181649343,0.641,0.383,0.00147048088817669,"22","Scn1a"
1.12384255344794e-10,0.944398784852688,0.572,0.327,2.81286552702484e-06,"22","Timp4"
1.72953209057887e-09,0.94331071378969,0.676,0.469,4.32884586950986e-05,"22","Akap8l"
7.02070746587512e-08,0.942437668752446,0.497,0.285,0.00175721287163388,"22","Bcl11b"
8.76100772562728e-10,0.939288352473776,0.607,0.305,2.19279262364725e-05,"22","Ghr"
2.58765368233439e-11,0.92973879875643,0.531,0.188,6.47663840151474e-07,"22","Cdh20"
7.20797866802163e-10,0.92747201763141,0.759,0.451,1.80408498081913e-05,"22","Spock3"
1.25990131933786e-14,0.926301409793647,0.897,0.59,3.15340701217074e-10,"22","Astn2"
3.10634690389636e-08,0.926187196363273,0.503,0.265,0.000777487566576221,"22","Elmod1"
1.15734290972774e-15,0.92139368885171,0.841,0.577,2.89671356875756e-11,"22","Syn2"
2.82444105268456e-10,0.918468382567784,0.531,0.306,7.06929351076419e-06,"22","Cit"
1.14420784766186e-07,0.915985430340427,0.566,0.324,0.00286383782191287,"22","Man1a2"
9.42302641052177e-19,0.908635542674034,0.972,0.68,2.35848928028949e-14,"22","Erc2"
3.47748057271956e-07,0.883759627621712,0.738,0.463,0.0087037861254598,"22","Bach2"
5.52319759825944e-16,0.875868325244594,0.828,0.513,1.38240112686836e-11,"22","Atrnl1"
2.07503175636857e-10,0.874488715226546,0.628,0.327,5.19359698301489e-06,"22","Ppm1h"
1.52643039795588e-11,0.87436341305559,0.89,0.653,3.82050264304376e-07,"22","A230057D06Rik"
1.74940507265601e-08,0.869725108435783,0.49,0.218,0.000437858595635074,"22","Eps8"
4.64460754826934e-09,0.866270467873482,0.724,0.465,0.000116249882325633,"22","Pak7"
1.09575942022258e-12,0.86586599448614,0.834,0.514,2.74257625287511e-08,"22","Ncald"
1.29968813622107e-12,0.854012513171872,0.869,0.549,3.25298943614773e-08,"22","Snap25"
2.80265395558836e-10,0.852533089733642,0.917,0.729,7.01476258544211e-06,"22","Large1"
2.50707883570155e-07,0.838979619771441,0.441,0.246,0.00627496761787742,"22","Vgll4"
6.08442206890494e-11,0.835044361784583,0.628,0.332,1.52286999962622e-06,"22","Gm28376"
1.37841989486975e-14,0.819792919717486,0.945,0.769,3.45004715486951e-10,"22","Grik2"
2.01541433920515e-07,0.804720165546963,0.648,0.414,0.00504438054959656,"22","Asap1"
1.25398954266673e-07,0.78986824132383,0.752,0.482,0.00313861042634056,"22","Nol4"
3.22841312267963e-09,0.77841980466545,0.524,0.326,8.08039520475485e-05,"22","Kcnj6"
4.40090714111806e-12,0.777550536783905,0.828,0.461,1.10150304835044e-07,"22","Sox5"
2.77861717073837e-07,0.775487705349339,0.676,0.414,0.00695460091664106,"22","Chsy3"
5.47209868150925e-17,0.774383165771114,0.979,0.755,1.36961157899495e-12,"22","Syt1"
1.40780386679134e-08,0.769530749850451,0.738,0.456,0.000352359229819203,"22","Slco3a1"
7.38419614494798e-10,0.764358829087328,0.793,0.516,1.84819045311903e-05,"22","Cacnb4"
2.24585806510274e-07,0.740843370174546,0.386,0.196,0.00562115815114565,"22","Slc38a1"
7.08928665879183e-16,0.726221912701713,0.959,0.794,1.77437755782901e-11,"22","Nav3"
1.66144750113526e-12,0.717077301905447,0.938,0.734,4.15843695059145e-08,"22","Phactr1"
7.19388169032275e-09,0.716430082425593,0.855,0.567,0.000180055664827088,"22","Hdac9"
2.68414805953166e-07,0.694111151434735,0.752,0.541,0.00671815417820178,"22","Rev3l"
3.57225677982215e-10,0.694065158483224,0.772,0.513,8.94100149421686e-06,"22","Chd6"
2.16421598066192e-12,0.683801142356318,0.779,0.498,5.41681617799871e-08,"22","Kcnd3"
1.30887396082759e-07,0.677870556215455,0.759,0.488,0.00327598063655537,"22","Pde4dip"
1.72989024489646e-14,0.674645495114508,0.979,0.779,4.32974229395134e-10,"22","Tenm2"
9.77081193660232e-08,0.668669581015605,0.738,0.474,0.0024455365196122,"22","Gm1992"
7.94877936579286e-14,0.668319378377143,0.986,0.891,1.98949998746429e-09,"22","Snhg11"
9.21540942264804e-08,0.666969528379457,0.841,0.619,0.00230652482439458,"22","Sgip1"
8.00759900542052e-10,0.664408193803708,0.717,0.504,2.0042219550667e-05,"22","Nalcn"
4.2123520660634e-08,0.650273996844472,0.772,0.526,0.00105430959861501,"22","Cacnb2"
1.24388540347509e-09,0.645657023907666,0.917,0.653,3.1133207763578e-05,"22","Cacna1a"
1.6761986087155e-08,0.617535981523197,0.924,0.65,0.000419535749775404,"22","Dlgap2"
8.02534380354267e-10,0.61075389228614,0.834,0.59,2.0086633005887e-05,"22","Sorbs1"
2.92926321609462e-08,0.610344745701194,0.766,0.524,0.000733165290356321,"22","Aak1"
9.73075620533232e-09,0.598220677749559,0.614,0.374,0.000243551097063263,"22","Epb41l1"
1.13642646004068e-10,0.598192875910638,0.924,0.69,2.84436178683581e-06,"22","Ptprg"
5.98759294347753e-08,0.591615526063653,0.855,0.667,0.00149863463782299,"22","Mapk10"
8.30077898095684e-14,0.587437587493022,0.993,0.882,2.07760197114369e-09,"22","Fgf14"
3.64467458729407e-07,0.566468964456172,0.814,0.569,0.00912225602453832,"22","Astn1"
4.88047647823134e-09,0.533386533371113,0.972,0.866,0.000122153445773652,"22","Ctnna2"
4.62169805407143e-11,0.513564254541063,0.979,0.756,1.15676480595354e-06,"22","Dpp10"
1.63314519562861e-07,0.512131980781733,0.979,0.776,0.00408759911013885,"22","Grm5"
1.72733886991076e-12,4.41158271254086,0.304,0.048,4.32335645749965e-08,"23","Tfap2d"
1.29341977901269e-19,3.9698730965772,0.326,0.035,3.23730036489087e-15,"23","Antxr2"
2.10007257364584e-20,3.85412511570361,0.362,0.039,5.25627164457816e-16,"23","2610307P16Rik"
1.71570829311083e-15,3.68642579466517,0.312,0.06,4.2942462868271e-11,"23","Deptor"
6.87243655554277e-28,3.36640094593038,0.739,0.299,1.7201021454868e-23,"23","Epha3"
1.31576606060259e-12,2.96350684481826,0.333,0.08,3.29323087308221e-08,"23","Pantr1"
2.91618848996173e-10,2.88511193197039,0.268,0.082,7.29892817152521e-06,"23","Zfhx4"
2.75746954086978e-09,2.77636026177744,0.297,0.11,6.90167051384298e-05,"23","Sox11"
1.77905403552592e-15,2.59562815713768,0.507,0.215,4.45279434551782e-11,"23","Frmd4b"
6.32318693974404e-29,2.56230190530517,0.819,0.527,1.58263045914854e-24,"23","5730522E02Rik"
5.86393759190424e-09,2.39242686334495,0.341,0.15,0.000146768493987771,"23","A330102I10Rik"
2.12617528747507e-13,2.36652445615563,0.514,0.267,5.32160412702135e-09,"23","Slf1"
7.62414219231815e-13,2.21206361150553,0.522,0.24,1.90824654931531e-08,"23","Bcl11a"
4.12742034214961e-11,2.20833067892665,0.529,0.247,1.03305203743663e-06,"23","Nr2f1"
2.76666134605019e-18,2.17469441471728,0.732,0.432,6.92467668302902e-14,"23","Klhl29"
1.57304907341211e-14,2.12745484794209,0.63,0.329,3.93718452584317e-10,"23","A830082K12Rik"
3.37583436583134e-07,2.10144600264277,0.435,0.273,0.00844937583423927,"23","Pik3r1"
1.06468157085199e-17,2.08887061005985,0.754,0.508,2.66479150368544e-13,"23","Tafa2"
3.46708770894047e-10,1.96722748101637,0.5,0.236,8.6777738267071e-06,"23","Cntnap4"
2.15072072652602e-11,1.91690171472333,0.645,0.347,5.38303890642198e-07,"23","Il1rapl2"
4.45840827786187e-16,1.91457794878935,0.696,0.448,1.11589500786605e-11,"23","Mllt3"
2.15879400573221e-31,1.80109461792361,0.935,0.69,5.40324551694714e-27,"23","Mir100hg"
2.57193043963612e-08,1.76641942243293,0.341,0.139,0.000643728469736524,"23","Sncaip"
8.75533833691503e-09,1.70162967377389,0.609,0.409,0.000219137363234646,"23","Ptprk"
2.4181363061016e-17,1.67818117487604,0.804,0.563,6.05235336054171e-13,"23","Robo2"
1.34719923458284e-23,1.66086309796426,0.891,0.57,3.37190496423739e-19,"23","Zbtb20"
3.34004520596805e-09,1.65333592167364,0.645,0.484,8.35979914601744e-05,"23","Syn3"
8.18569140623253e-09,1.63917290717574,0.551,0.306,0.000204879670206594,"23","Runx1t1"
1.85638774373116e-09,1.62795866865999,0.696,0.607,4.64635288378471e-05,"23","Ptprt"
1.20253649027711e-14,1.62440153347945,0.891,0.774,3.00982858151457e-10,"23","Mir99ahg"
9.28542701058709e-14,1.61637435332273,0.609,0.401,2.32404952647984e-09,"23","Fam135b"
5.95580096044372e-10,1.60804814506396,0.645,0.437,1.49067742238946e-05,"23","Ttc28"
7.57805666402735e-19,1.59791290393388,0.87,0.648,1.89671180243941e-14,"23","Cntn5"
9.9507724149522e-14,1.38730929818468,0.746,0.536,2.49057882773839e-09,"23","Tafa1"
4.62686264243301e-09,1.37869396505193,0.739,0.57,0.000115805745077456,"23","Nedd4l"
6.20469555515751e-13,1.35937831493773,0.797,0.612,1.55297325050037e-08,"23","Tenm4"
1.31893005468236e-07,1.2455124385095,0.667,0.511,0.00330115003386448,"23","Aff3"
5.68039599848797e-08,1.21583265914869,0.601,0.448,0.00142174631446155,"23","Gramd1b"
6.72645083175651e-08,1.19831667117779,0.638,0.471,0.00168356337868034,"23","Galnt17"
4.11088197237221e-14,1.19644698910508,0.964,0.861,1.02891264886504e-09,"23","Ptprd"
1.23198028359057e-13,1.06258419245483,0.87,0.726,3.08352345179884e-09,"23","Pbx1"
1.37180455664276e-17,1.04078141402276,0.971,0.872,3.43348962482116e-13,"23","Auts2"
1.33446772971065e-12,1.03863490607739,0.855,0.646,3.34003928069279e-08,"23","Myt1l"
1.17491443987138e-09,1.02085681156162,0.797,0.554,2.94069335155407e-05,"23","Cacna2d1"
2.14919355313162e-08,1.01639995356522,0.79,0.553,0.000537921654413313,"23","Unc5d"
6.83235332100651e-13,0.968497069773348,0.87,0.719,1.71006971271472e-08,"23","Tcf4"
2.62616204549485e-07,0.961788863496661,0.746,0.648,0.00657302098366906,"23","Hivep2"
2.25073298804542e-07,0.95160057914979,0.804,0.676,0.00563335959577888,"23","Akap6"
2.50786973348624e-08,0.946167720877453,0.812,0.651,0.000627694715594271,"23","Kcnq3"
1.45862696276268e-07,0.937965773537926,0.717,0.562,0.0036507974250987,"23","Dscaml1"
1.2980433424247e-10,0.9090393199282,0.964,0.877,3.24887268175479e-06,"23","Rbfox1"
2.64764272170221e-09,0.90117037723508,0.899,0.698,6.62678496814845e-05,"23","Dcc"
2.30014590403015e-08,0.837093211931161,0.884,0.658,0.000575703518319707,"23","Gm26871"
1.5181782968285e-09,0.793402231787558,0.899,0.808,3.79984845913204e-05,"23","Ntm"
5.15276183576657e-10,0.749600979044243,0.942,0.866,1.28968475987401e-05,"23","Ctnna2"
5.9018274753424e-15,2.17165848217458,0.257,0.022,1.47716839880345e-10,"24","Gna15"
7.54677697369773e-15,1.92094767934165,0.257,0.028,1.88888280874681e-10,"24","Pik3ap1"
7.00594331089088e-13,1.73294123337091,0.324,0.061,1.75351755128288e-08,"24","Tnfrsf11a"
3.89362939991446e-20,1.70532210617535,0.486,0.048,9.74536502504589e-16,"24","Gm2245"
8.9908794645173e-21,1.70191763992788,0.467,0.051,2.25032722117404e-16,"24","Myo1f"
2.74851496820936e-15,1.70052947704761,0.305,0.037,6.87925811393122e-11,"24","Fermt3"
2.52989645392246e-33,1.63535746091469,0.648,0.062,6.33207783452254e-29,"24","Ly86"
4.82070912512033e-15,1.59771492790499,0.305,0.029,1.20657528692637e-10,"24","Itgam"
3.85306539392571e-21,1.58969445437204,0.486,0.06,9.64383737445665e-17,"24","Fyb"
1.03046022306855e-29,1.57519184673797,0.657,0.078,2.57913889231828e-25,"24","Apbb1ip"
2.88453158854033e-12,1.56278884722653,0.505,0.164,7.2196941129576e-08,"24","Sv2c"
2.53735482073633e-37,1.55018925580841,0.79,0.092,6.35074538082097e-33,"24","Inpp5d"
1.24882547153216e-14,1.52299827863996,0.324,0.039,3.12568527269785e-10,"24","Nckap1l"
1.48291119091812e-19,1.52143598682512,0.467,0.063,3.71157841974897e-15,"24","Cdh23"
9.74500380299843e-14,1.50793778368908,0.333,0.043,2.43907700185248e-09,"24","Ccr5"
2.61012748497476e-10,1.49694945330613,0.41,0.089,6.53288808214332e-06,"24","Skap2"
6.07222356047632e-10,1.48512377694368,0.4,0.158,1.51981683495162e-05,"24","Chst9"
2.84952187991623e-24,1.479692850257,0.562,0.063,7.13206831324233e-20,"24","Arhgap45"
3.37540469375747e-09,1.47641042097118,0.267,0.034,8.44830040800557e-05,"24","8030442B05Rik"
3.93953224099159e-19,1.46614000157156,0.41,0.046,9.86025524597785e-15,"24","Gm50035"
3.47251368730537e-22,1.44990536972141,0.571,0.07,8.69135450795661e-18,"24","Adap2os"
2.86103310610191e-09,1.44877684027702,0.4,0.11,7.16087976126248e-05,"24","Otulinl"
1.14244255015347e-08,1.44639289602247,0.333,0.127,0.000285941945877913,"24","Gm15155"
6.55609675900353e-08,1.42435465450208,0.438,0.185,0.00164092545781099,"24","C79798"
2.23149415361808e-23,1.41817711347829,0.571,0.092,5.5852067170907e-19,"24","Itgb5"
1.62745733350857e-23,1.41181946631022,0.514,0.063,4.0733629600386e-19,"24","Csf1r"
9.49837664940437e-11,1.40329904554977,0.305,0.055,2.37734869157942e-06,"24","Vrk2"
1.19017967608618e-21,1.39991322319727,0.495,0.061,2.97890071127609e-17,"24","Dock8"
1.24289395236311e-22,1.38473010045945,0.533,0.059,3.11083927336963e-18,"24","Ikzf1"
6.59055533586066e-17,1.37150938753281,0.8,0.345,1.64955009501257e-12,"24","Zfp804b"
5.84251478178538e-10,1.37110095804564,0.276,0.042,1.46232302473306e-05,"24","Gm31243"
2.08929314776677e-15,1.36560620905111,0.371,0.05,5.22929181954544e-11,"24","Ifitm10"
2.41410280847167e-12,1.34584598413176,0.381,0.077,6.04225791932373e-08,"24","Insyn2b"
1.40164728153972e-09,1.34495124375826,0.476,0.185,3.50818298096577e-05,"24","Cpne5"
4.6137783786695e-13,1.34155554106929,0.314,0.038,1.15478259039719e-08,"24","Fcrls"
6.77559885183099e-15,1.34089739920422,0.581,0.209,1.69586463662478e-10,"24","Foxp2"
1.00117928014718e-21,1.34071781777893,0.562,0.071,2.50585162028037e-17,"24","Fli1"
3.23708550339612e-21,1.34035131815863,0.39,0.053,8.10210130645015e-17,"24","Tbxas1"
5.75292017503105e-27,1.3241392736746,0.562,0.069,1.43989839060852e-22,"24","Slco2b1"
1.90998142764258e-09,1.31261902569606,0.295,0.047,4.78049251524662e-05,"24","Tgfbr2"
8.51816648912558e-10,1.29916179243287,0.524,0.235,2.13201189056324e-05,"24","Vat1l"
3.76761801375305e-10,1.29877607525316,0.295,0.04,9.42997112662252e-06,"24","Csf3r"
2.08638422411012e-14,1.29287533763407,0.352,0.042,5.22201107452523e-10,"24","Cyth4"
7.4950000573414e-15,1.28928098573734,0.705,0.329,1.87592356435198e-10,"24","Pbx3"
2.28253699163679e-16,1.28249014783474,0.657,0.203,5.71296183636773e-12,"24","Hpgds"
7.70932028080402e-32,1.28023795639633,0.695,0.101,1.92956577308244e-27,"24","Hexb"
1.86786365388737e-23,1.2781061000442,0.781,0.267,4.67507593931471e-19,"24","Pde3b"
1.61241109270892e-11,1.27775713312236,0.286,0.036,4.03570372394114e-07,"24","Gm5086"
4.62187612463627e-21,1.27571553615265,0.59,0.125,1.15680937523521e-16,"24","Dock2"
4.48044216486893e-20,1.2684677169831,0.629,0.126,1.12140986944505e-15,"24","Lrmda"
1.30723388149028e-22,1.25799598495768,0.476,0.055,3.27187568198201e-18,"24","Runx1"
1.63071217262654e-19,1.25356029944425,0.562,0.126,4.08150949686698e-15,"24","Cx3cr1"
5.28139286333817e-16,1.25146011353455,0.448,0.057,1.32187981976491e-11,"24","Siglech"
1.4545755973482e-28,1.24032964804852,0.629,0.076,3.64065726260281e-24,"24","Adap2"
5.95149648431497e-16,1.22535818706419,0.429,0.062,1.48960005505919e-11,"24","Selplg"
1.08396395617475e-15,1.2213157303381,0.381,0.046,2.71305338590978e-11,"24","Cfh"
1.31356044268738e-12,1.22036147333323,0.305,0.049,3.28771043200225e-08,"24","Lair1"
1.06977153387701e-18,1.21638474689488,0.371,0.046,2.67753117214076e-14,"24","Hk2"
1.19278367963349e-07,1.21430668498034,0.381,0.155,0.00298541827175467,"24","Gm28905"
1.18816504158775e-07,1.20163614297048,0.343,0.135,0.00297385828258999,"24","Gm12064"
1.1406865925928e-08,1.18806185985749,0.438,0.201,0.000285502447260051,"24","Tshz1"
5.19584394644633e-16,1.16848721176987,0.581,0.159,1.30046778135605e-11,"24","Gm32036"
2.12582014012404e-10,1.1409305368095,0.314,0.079,5.32071522871647e-06,"24","Hck"
2.55474726122968e-08,1.13525555465866,0.6,0.276,0.000639427692013176,"24","Olfm3"
1.84400947453093e-08,1.12718307769294,0.371,0.152,0.000461537131380345,"24","Tubgcp5"
8.36577389793663e-15,1.1045348898871,0.371,0.048,2.09386954891456e-10,"24","Fgd2"
2.21711671519998e-16,1.10366731351399,0.39,0.047,5.54922142647402e-12,"24","Gm10790"
2.33589937362948e-17,1.10221965556283,0.79,0.339,5.84652254225722e-13,"24","Maml3"
1.74412907477887e-09,1.08993084867361,0.267,0.054,4.36538066126403e-05,"24","P2rx7"
1.48769563109125e-14,1.0885770285569,0.667,0.195,3.72355339505828e-10,"24","Zfp710"
1.23345911071612e-13,1.07914987345631,0.305,0.04,3.08722480821137e-09,"24","Unc93b1"
4.32738482062047e-14,1.0560949017205,0.476,0.165,1.0831011467531e-09,"24","Tm6sf1"
1.57535308051462e-14,1.0497007695199,0.305,0.044,3.94295122522005e-10,"24","Abca9"
3.33796101653536e-07,1.04268987120917,0.267,0.102,0.00835458262828636,"24","4930414N06Rik"
1.314295116504e-15,1.04133428082312,0.486,0.09,3.28954924709785e-11,"24","Entpd1"
4.58659793133803e-10,1.040238262959,0.267,0.038,1.1479795962346e-05,"24","Gm2629"
6.03107120317342e-13,1.03644863365535,0.486,0.118,1.50951681144227e-08,"24","Lgmn"
3.16444857301261e-22,1.02790396365199,0.905,0.474,7.92029833339326e-18,"24","Elmo1"
2.87198062519323e-13,1.0130306897784,0.771,0.464,7.18828030679613e-09,"24","Meis2"
7.9490225103846e-24,1.00783085171637,0.943,0.525,1.98956084412416e-19,"24","Plxdc2"
3.54614507421756e-15,1.00007759573197,0.905,0.483,8.87564650625913e-11,"24","Inpp4b"
9.15956973794994e-10,0.997910510499582,0.381,0.109,2.29254870971149e-05,"24","Nek7"
1.12161027721902e-09,0.994088267049734,0.257,0.054,2.8072783628515e-05,"24","Gm20528"
1.21414388171018e-11,0.990285729242608,0.629,0.271,3.0388807215324e-07,"24","Lyn"
1.1493876433648e-10,0.971647036791815,0.667,0.257,2.87680233257776e-06,"24","Mbnl1"
2.977860097822e-09,0.961864070376907,0.267,0.069,7.45328603883869e-05,"24","Plekho1"
4.78777158261684e-09,0.9438370637213,0.514,0.164,0.000119833134941317,"24","Serinc3"
3.18008883811479e-08,0.941300795889248,0.429,0.184,0.000795944435291751,"24","Snx24"
1.79220002204987e-08,0.940215880985698,0.562,0.281,0.000448569743518861,"24","Dgkd"
2.1384886675218e-08,0.913687015879979,0.667,0.361,0.000535242328594032,"24","Plcl2"
8.39700174793725e-11,0.91283328406404,0.571,0.235,2.10168556749122e-06,"24","Sirpa"
1.49615618671274e-17,0.908260252567063,0.686,0.217,3.74472931972331e-13,"24","Rreb1"
2.85597566156593e-10,0.905352008827616,0.533,0.235,7.14822148333336e-06,"24","Gm26542"
9.48710266371661e-08,0.900794925353818,0.486,0.242,0.00237452692570163,"24","Sfmbt1"
1.0339359940986e-17,0.895553821130746,0.514,0.122,2.58783839962939e-13,"24","Tgfbr1"
2.48888983460981e-10,0.874681886515257,0.752,0.477,6.22944236704489e-06,"24","Grm8"
2.9187128867829e-08,0.869496930612606,0.514,0.227,0.000730524648432893,"24","Tab2"
1.72003904552066e-14,0.864723725117932,0.781,0.298,4.30508572703366e-10,"24","Dleu2"
9.47285524448526e-10,0.851212850404231,0.476,0.201,2.37096093914222e-05,"24","Gfm2"
1.70499032017016e-11,0.848122290684322,0.867,0.498,4.26742027235389e-07,"24","Lysmd4"
4.87301312764545e-09,0.84367408082064,0.686,0.404,0.000121966645571838,"24","Cers6"
1.25020202367179e-12,0.840658916738318,0.752,0.346,3.12913064504813e-08,"24","Ophn1"
9.73350119340545e-18,0.834436429420516,0.743,0.26,2.43619801369745e-13,"24","Zfhx3"
4.09454007266168e-09,0.827522412055745,0.705,0.389,0.000102482243478649,"24","4930419G24Rik"
4.0826502903917e-08,0.823052131666899,0.314,0.106,0.00102184654118214,"24","Cradd"
1.13035319665039e-08,0.817955774667294,0.514,0.168,0.000282916101589625,"24","Tns3"
2.59512744104541e-13,0.814824705195801,0.886,0.551,6.49534447219256e-09,"24","Usp29"
3.8755529923837e-07,0.799280288303906,0.305,0.115,0.00970012158463717,"24","Ptbp3"
1.68376184962043e-09,0.79605815266749,0.581,0.237,4.21428753341498e-05,"24","Pip4k2a"
1.16844449887624e-10,0.792178526352125,0.505,0.24,2.92449973623734e-06,"24","Bcl11a"
1.0347599697994e-07,0.790113515514807,0.724,0.402,0.00258990072841092,"24","Xkr6"
4.41228514388611e-12,0.785233985206691,0.952,0.633,1.10435084866326e-07,"24","Epha6"
2.16491965208972e-09,0.780298203754183,0.924,0.657,5.41857739721537e-05,"24","Gabrg3"
1.93500029265667e-09,0.779630354189473,0.571,0.241,4.84311223249037e-05,"24","Picalm"
1.0703379037473e-11,0.769080928662456,0.771,0.436,2.67894873928911e-07,"24","Mef2a"
1.67170687191652e-08,0.767096126611918,0.352,0.113,0.000418411512971986,"24","E230029C05Rik"
2.43875747031244e-09,0.766377280461839,0.619,0.278,6.10396607244501e-05,"24","4933406I18Rik"
3.77646971484339e-07,0.756029238882973,0.619,0.289,0.00945212604928153,"24","Gm46367"
1.70523016990625e-10,0.753020228088766,0.657,0.288,4.26802059225834e-06,"24","P2ry12"
2.29506316253701e-14,0.75286171031209,0.886,0.471,5.74431358951389e-10,"24","Ldlrad4"
2.6486241584625e-07,0.73536565097341,0.457,0.233,0.00662924140621579,"24","Aftph"
9.49696056291696e-08,0.732688609679315,0.429,0.136,0.00237699425929249,"24","Maf"
4.58868751105494e-15,0.727835880133679,0.714,0.327,1.14850259714194e-10,"24","Ppm1h"
1.42572845456035e-12,0.716487028095852,0.914,0.553,3.56845574891909e-08,"24","Unc5d"
3.02320858171152e-07,0.714140207410929,0.81,0.464,0.00756678875916577,"24","Gm16599"
2.83506669320493e-07,0.713225162892151,0.362,0.123,0.00709588842642263,"24","Bmp2k"
4.90192313402635e-09,0.707718420964775,0.486,0.173,0.000122690234121545,"24","Wasf2"
1.9174016062642e-08,0.70068530147505,0.667,0.366,0.000479906448031867,"24","Rnf216"
2.16559515331644e-08,0.699454623397301,0.533,0.246,0.000542026810923571,"24","Chn2"
9.41593583285018e-13,0.693290813620543,0.61,0.241,2.35671457960407e-08,"24","Pag1"
3.5118549122746e-07,0.689649543449792,0.41,0.176,0.00878982165993211,"24","Sh3pxd2a"
9.67778115004785e-10,0.687930595111461,0.381,0.116,2.42225184404548e-05,"24","Lpcat2"
5.13017138650936e-08,0.665006377785927,0.676,0.386,0.00128403059632943,"24","Cux1"
1.92677482063749e-07,0.660146903639411,0.505,0.25,0.00482252469857357,"24","Fnip1"
3.84391824190572e-13,0.655744348153715,0.619,0.234,9.62094296766583e-09,"24","Gm16337"
1.76128576645282e-07,0.650386469631157,0.829,0.487,0.00440832214485476,"24","Gm15738"
6.15288728500183e-11,0.648037109910367,0.781,0.429,1.54000615856311e-06,"24","Rasgrf1"
3.96204367963135e-11,0.641250149053797,0.876,0.539,9.9165991257493e-07,"24","Srgap2"
1.51988945735877e-08,0.64105793846135,0.8,0.484,0.000380413132282327,"24","Nsf"
2.8029404264836e-14,0.640439893387663,0.686,0.284,7.01547959344581e-10,"24","Numb"
4.84602727259269e-08,0.639669362479725,0.838,0.517,0.00121291216605722,"24","Rbfox3"
1.34530436267729e-07,0.626321757043558,0.81,0.528,0.00336716228934498,"24","5730522E02Rik"
1.29180091995502e-09,0.619613602367487,0.943,0.673,3.23324852255542e-05,"24","Slc8a1"
1.57488330539081e-07,0.614778302686114,0.695,0.416,0.00394177542506266,"24","Rptor"
3.90495679214103e-08,0.608041846644064,0.762,0.399,0.000977371635504978,"24","Dock10"
3.86995093217606e-11,0.602342589208529,0.943,0.691,9.68610018814346e-07,"24","Lingo2"
3.59641199954682e-07,0.602272813170532,0.581,0.241,0.00900145959366573,"24","Ubash3b"
6.24632685967398e-10,0.586953914816134,0.933,0.733,1.5633931497078e-05,"24","Tanc2"
4.904904326266e-08,0.584060411463303,0.962,0.739,0.00122764850382112,"24","Kirrel3"
7.51239199374514e-08,0.570209777007137,0.962,0.83,0.00188027659211447,"24","Kcnd2"
2.9327334309612e-07,0.566526987748522,0.676,0.429,0.00734033850435278,"24","Tiam1"
1.28807187158131e-08,0.557462737998244,0.695,0.438,0.000322391508738086,"24","Rnf169"
1.36382039896091e-08,0.554561175849688,0.848,0.526,0.000341350607655925,"24","Cacnb2"
2.09912452813329e-07,0.551778550992866,0.543,0.287,0.0052538987814648,"24","Unc13c"
1.00466812458726e-09,0.545336209390544,0.914,0.579,2.51458384902946e-05,"24","Cacna1e"
9.93243318166624e-14,0.530883006035157,0.705,0.227,2.48598870103924e-09,"24","Epb41l2"
2.24117563360612e-07,0.522773386416737,0.667,0.382,0.00560943849335276,"24","Lrch1"
1.15861025219175e-07,0.51493773312311,0.486,0.274,0.00289988560021073,"24","Map3k3"
9.91479765014472e-08,0.50446218270164,0.562,0.245,0.00248157470385472,"24","Ankrd44"
1.10557744574526e-24,11.2846414254732,0.324,0,2.76714978895581e-20,"25","Gm47719"
1.09156596209551e-54,10.3732752606051,0.696,0.003,2.73208044652885e-50,"25","Unc5cl"
1.8259974869968e-69,10.3661039647077,0.833,0.003,4.57028911020429e-65,"25","Tmem212"
1.62172843630122e-28,10.3481456798675,0.373,0.001,4.05902410321832e-24,"25","Zfp474"
8.98206757643923e-52,10.2627212318499,0.647,0.001,2.24812169370697e-47,"25","Wdr63"
5.88154532830274e-62,10.14225774729,0.765,0.002,1.47209198022089e-57,"25","C230072F16Rik"
2.88057161851542e-28,9.76848204935198,0.392,0.001,7.20978270398225e-24,"25","Gm47888"
2.14373938024141e-40,9.74993167507354,0.539,0.002,5.36556529480622e-36,"25","Dthd1"
1.07378736351921e-45,9.55135375432561,0.588,0.003,2.68758239215224e-41,"25","Ccdc180"
7.62218587120255e-30,9.24794701807146,0.412,0.002,1.90775690170329e-25,"25","Gm10714"
3.31876131754095e-26,9.2467445724652,0.343,0.001,8.30652770167325e-22,"25","Ttll6"
7.14437259831576e-52,9.16138391238863,0.657,0.004,1.78816501763245e-47,"25","2010001K21Rik"
1.83152004776754e-19,9.15459624299847,0.255,0.001,4.58411152755739e-15,"25","Spata18"
1.12142460431532e-53,9.11819060195651,0.676,0.004,2.80681364214082e-49,"25","Frmpd2"
7.31138239301017e-30,8.88780694120801,0.412,0.002,1.82996589914652e-25,"25","4833427G06Rik"
1.83152004776754e-19,8.79998161619735,0.255,0.001,4.58411152755739e-15,"25","Fam216b"
4.27749209722571e-41,8.68542810339852,0.549,0.005,1.07061349701462e-36,"25","Armc4"
1.10557744574526e-24,8.65809646479048,0.324,0.001,2.76714978895581e-20,"25","Lbp"
5.38811887040769e-70,8.58630023917568,0.853,0.014,1.34859227207434e-65,"25","Dnah6"
3.36830115770824e-20,8.50632534562,0.265,0.002,8.43052096762796e-16,"25","Gm12695"
2.03468419002849e-78,8.48764795522764,0.971,0.029,5.09261105922231e-74,"25","Dnah12"
2.30328959984827e-28,8.44415397936515,0.382,0.002,5.76490353946022e-24,"25","Cdhr4"
1.53613885949822e-45,8.31850094068549,0.608,0.005,3.84480195143809e-41,"25","Ttc29"
2.20818878808258e-41,8.30973059452182,0.539,0.007,5.52687571769189e-37,"25","Cdhr3"
5.14109944246406e-51,8.30222444907962,0.657,0.008,1.28676577945433e-46,"25","Wdr49"
6.14501095383401e-30,8.29506141591138,0.402,0.002,1.53803479163511e-25,"25","Iqca"
2.106140835329e-21,8.21844957316087,0.294,0.002,5.27145989674495e-17,"25","Mia"
1.9999261044939e-22,8.19646431776292,0.294,0.002,5.00561504693778e-18,"25","Trp73"
1.8819895497155e-60,8.19203455647754,0.794,0.014,4.71043164398293e-56,"25","Ak7"
4.08257922076416e-43,8.13547359705245,0.569,0.008,1.02182875316506e-38,"25","Ttc21a"
8.17155383010759e-62,8.09463044131035,0.755,0.007,2.04525820813763e-57,"25","Ccdc170"
5.71715967459868e-44,8.04595331071778,0.569,0.009,1.4309478949553e-39,"25","Lrrc36"
7.67028167320643e-74,8.01756763562536,0.971,0.034,1.91979479998684e-69,"25","Cfap299"
1.61754452197755e-57,7.93587287630495,0.745,0.011,4.04855218405762e-53,"25","Rgs22"
1.39370235608341e-40,7.92415607738057,0.52,0.007,3.48829762704116e-36,"25","Rarres2"
2.4799973200068e-31,7.9221459033282,0.422,0.003,6.20718529224501e-27,"25","Daw1"
3.31876131754095e-26,7.91402640624574,0.343,0.002,8.30652770167325e-22,"25","Col8a2"
8.19857375186578e-54,7.88982589637556,0.735,0.016,2.05202102435448e-49,"25","Ak9"
1.26313197909542e-26,7.88250054881243,0.373,0.003,3.16149303047793e-22,"25","Crocc2"
6.14708365566796e-21,7.8807007060277,0.275,0.003,1.53855356817713e-16,"25","Gm28729"
2.43050145712671e-21,7.78876668728862,0.294,0.002,6.08330209704244e-17,"25","Lrrc74b"
5.0941915658588e-19,7.6621345033344,0.265,0.002,1.2750252070188e-14,"25","Tctex1d4"
2.67435893915725e-32,7.61440314061441,0.441,0.006,6.69365298881668e-28,"25","1700028P14Rik"
6.6027509191464e-61,7.50439028337337,0.804,0.026,1.65260252755315e-56,"25","Spag17"
2.01451746066457e-52,7.50256674243681,0.696,0.011,5.04213575229735e-48,"25","Gm16201"
9.85795737503428e-59,7.33087642176055,0.755,0.016,2.46734815139733e-54,"25","Spata17"
7.16073065116594e-30,7.25389900735524,0.412,0.004,1.79225927468032e-25,"25","Dnaaf3"
9.77714813424699e-49,7.25263239029351,0.657,0.02,2.44712240652068e-44,"25","Dnah3"
1.00837604858323e-26,7.18310254855344,0.373,0.005,2.52386441199897e-22,"25","Aebp1"
1.64491179591113e-61,7.16798457196542,0.863,0.036,4.11704973398596e-57,"25","Dnah11"
3.29819941130305e-37,7.16236627354424,0.5,0.014,8.25506330655041e-33,"25","Fbxl13"
1.08852154577856e-26,7.09522962025574,0.382,0.007,2.72446057692916e-22,"25","Cfap52"
5.22291745782996e-40,7.01350443391979,0.549,0.007,1.30724401052026e-35,"25","Tm4sf1"
4.16259873111364e-37,6.98891664469168,0.49,0.013,1.04185683641043e-32,"25","Cabcoco1"
3.07496818574922e-33,6.98127852048622,0.431,0.006,7.69633787211173e-29,"25","Ccdc153"
1.39629420782574e-54,6.97566845754231,0.755,0.037,3.49478477276706e-50,"25","Hydin"
6.52457182082591e-25,6.88157033541289,0.353,0.005,1.63303508103452e-20,"25","Nek5"
2.39354382909369e-27,6.88101573135823,0.392,0.01,5.9908008498386e-23,"25","Ect2l"
2.58112406988333e-24,6.88085361536325,0.333,0.004,6.46029543451099e-20,"25","Mlf1"
1.02874013684661e-23,6.83932378897348,0.324,0.01,2.57483368851338e-19,"25","Malrd1"
1.68941428702708e-44,6.83256460157399,0.647,0.024,4.22843501900009e-40,"25","Cfap65"
2.18583450579694e-17,6.82585346460093,0.275,0.005,5.47092518455917e-13,"25","9130017K11Rik"
3.16412579536202e-68,6.81172735263292,0.892,0.048,7.91949045321159e-64,"25","Adamts20"
9.0512910513378e-57,6.80211241746587,0.784,0.036,2.26544763723934e-52,"25","Cfap61"
1.66900148834437e-24,6.73769619411168,0.333,0.006,4.17734382517713e-20,"25","Acot6"
2.86299705891733e-59,6.73686289352937,0.824,0.038,7.16579533876418e-55,"25","Spag16"
1.76828825330252e-32,6.66197525426172,0.49,0.018,4.42584866919088e-28,"25","Stpg1"
2.81567116424008e-38,6.65033183259135,0.539,0.017,7.04734335697649e-34,"25","Ankub1"
6.57343961634251e-35,6.61880006960757,0.5,0.016,1.64526620157437e-30,"25","Adgb"
1.02974518434633e-21,6.6010701594769,0.324,0.005,2.57734922190043e-17,"25","Casc1"
4.61873758477906e-54,6.56671386516502,0.765,0.032,1.15602383009435e-49,"25","Cfap43"
2.00517983992088e-20,6.55452025412074,0.304,0.008,5.01876462133797e-16,"25","Bace2"
3.85263114268637e-32,6.52219351761735,0.461,0.014,9.64275048702971e-28,"25","1300017J02Rik"
2.67660460237738e-45,6.45689416216864,0.598,0.016,6.69927365929034e-41,"25","Ccdc114"
9.81657261009826e-21,6.45446702908796,0.284,0.007,2.45698995858149e-16,"25","Lrrc71"
4.1008989863063e-50,6.44505586274732,0.696,0.018,1.0264140072826e-45,"25","Ccdc146"
4.1309998359769e-33,6.42302928936067,0.451,0.013,1.03394794894666e-28,"25","Gm29266"
9.58384720682997e-28,6.3936814956916,0.441,0.015,2.39874111739747e-23,"25","Maats1"
1.84293076926565e-27,6.3649227770899,0.392,0.012,4.61267142239501e-23,"25","Dnah10"
4.92015345994593e-20,6.35898656658685,0.363,0.017,1.23146520948987e-15,"25","Dpy19l2"
1.09033900310418e-19,6.33243987639733,0.294,0.008,2.72900949086945e-15,"25","Ttc25"
1.6469003234471e-28,6.32154020647766,0.48,0.018,4.12202681955575e-24,"25","Cfap77"
1.39366904941674e-40,6.25934431378088,0.52,0.014,3.48821426378517e-36,"25","Enkur"
3.52779847838097e-54,6.22435809483433,0.775,0.038,8.82972681153972e-50,"25","Spef2"
1.34665011882943e-40,6.21351653086475,0.569,0.029,3.37053058241818e-36,"25","Tmem232"
1.61598879598287e-52,6.20930362407639,0.765,0.043,4.04465835746552e-48,"25","3300002A11Rik"
2.34960297755975e-17,6.19939113708681,0.275,0.011,5.8808212925343e-13,"25","Meig1"
6.83083802738884e-25,6.18334784497628,0.363,0.011,1.70969044987515e-20,"25","Cfap221"
2.59464829608647e-18,6.15304813479792,0.265,0.008,6.49414522027481e-14,"25","Cfap53"
8.94640320223627e-25,6.15169819900916,0.431,0.018,2.23919525748771e-20,"25","Dnah7a"
3.82516429885648e-55,6.13630410617137,0.775,0.051,9.57400372360787e-51,"25","Cfap46"
1.94881960375617e-28,6.12596586235338,0.431,0.011,4.87770058624131e-24,"25","Armc3"
5.69765119479405e-30,6.10621531247252,0.441,0.008,1.426065117545e-25,"25","Rassf9"
1.25920418279572e-45,5.99820060586731,0.676,0.026,3.15166214911942e-41,"25","Lmntd1"
3.4880399449474e-40,5.96814834370099,0.578,0.03,8.73021517820885e-36,"25","Nek11"
3.23870425338017e-33,5.93884056030755,0.529,0.029,8.10615287578524e-29,"25","Fhad1"
1.21270321000883e-14,5.93186398744671,0.304,0.016,3.0352748643311e-10,"25","Gm4681"
2.49124691693261e-47,5.88998603673626,0.725,0.053,6.23534190839064e-43,"25","Vwa3a"
4.2047649020784e-24,5.85288525078776,0.363,0.014,1.0524106073412e-19,"25","Cfap206"
3.85179019342124e-49,5.84174077529294,0.735,0.046,9.64064567511403e-45,"25","Ccdc162"
1.4851209762232e-31,5.7769472887806,0.49,0.018,3.71710929138905e-27,"25","Efhb"
7.84801360896502e-56,5.75060435486731,0.882,0.091,1.96427932618786e-51,"25","Cfap44"
6.50006234868478e-30,5.73172901918997,0.471,0.02,1.62690060525231e-25,"25","Cfap100"
2.17849878949411e-24,5.72445797070577,0.402,0.021,5.45256462022481e-20,"25","Iqub"
2.97415269840559e-23,5.72197096348205,0.412,0.021,7.44400678883936e-19,"25","Lrrc23"
1.24849255636399e-29,5.71241432094559,0.431,0.018,3.12485201932343e-25,"25","Efcab11"
3.02319573709132e-18,5.71043496197004,0.275,0.01,7.56675661036588e-14,"25","Tekt1"
5.73363652063659e-53,5.70031029123977,0.814,0.08,1.43507188475013e-48,"25","Lrriq1"
1.74423202747711e-30,5.65710585426209,0.471,0.025,4.36563834157246e-26,"25","Dnaic1"
1.83152004776754e-19,5.64256732289563,0.255,0.007,4.58411152755739e-15,"25","Ttc12"
3.01079989191612e-19,5.56289505333748,0.265,0.018,7.53573104947685e-15,"25","Vwa3b"
1.69584443857072e-35,5.55460964831692,0.539,0.026,4.24452904529866e-31,"25","Stk33"
8.00499172458318e-32,5.51305635921356,0.5,0.024,2.00356937874592e-27,"25","Lrrc9"
1.78902040298139e-21,5.51129473543983,0.353,0.014,4.47773916662212e-17,"25","Pawr"
2.4156189805918e-28,5.49687818277165,0.471,0.031,6.04605274652321e-24,"25","Cfap47"
1.07620212977268e-44,5.47462793744952,0.725,0.064,2.69362631060804e-40,"25","Kif6"
1.16380177113312e-21,5.46983597506225,0.353,0.018,2.91287945296909e-17,"25","Gm14066"
2.36904005115525e-35,5.45115405247307,0.608,0.051,5.92947034403648e-31,"25","Dnah5"
1.19395934007479e-14,5.41876537050325,0.265,0.013,2.9883608322732e-10,"25","Lrrc43"
9.22957271264584e-20,5.40042507170267,0.412,0.033,2.31006975424813e-15,"25","Lrguk"
4.33458950036942e-25,5.36758797516268,0.343,0.014,1.08490440604746e-20,"25","Slc25a21"
1.47962614684787e-38,5.3659995862182,0.588,0.034,3.70335628294553e-34,"25","Gm29571"
5.78762480238718e-22,5.3388766981235,0.402,0.029,1.44858461178949e-17,"25","Cfap70"
3.03598882332347e-44,5.29656296637545,0.647,0.026,7.5987764258963e-40,"25","Pltp"
2.04203647887732e-27,5.29632762526154,0.402,0.022,5.11101310298205e-23,"25","Tsnaxip1"
4.3553911140303e-25,5.27226485088969,0.451,0.033,1.09011084193064e-20,"25","Lrrc6"
2.13924335831887e-44,5.25141443948741,0.725,0.066,5.35431220153631e-40,"25","Gm13481"
9.43789525270875e-32,5.24767934128945,0.51,0.029,2.36221080280047e-27,"25","Cfap97d2"
1.98872875911548e-30,5.18605637928906,0.52,0.054,4.97758921119013e-26,"25","T2"
2.52170749689701e-15,5.06374058423982,0.284,0.02,6.31158169398352e-11,"25","Ccdc40"
3.93276226456926e-50,5.04349525167775,0.892,0.158,9.8433106719904e-46,"25","Cfap54"
4.43903273577829e-16,4.99106530923877,0.284,0.018,1.11104550343795e-11,"25","9230114K14Rik"
6.64066316010791e-31,4.95815307766197,0.51,0.026,1.66209158234341e-26,"25","Ttll8"
1.3447288993857e-26,4.93865515690026,0.392,0.03,3.36572196227246e-22,"25","Ccdc60"
7.18326019615128e-35,4.88598559401823,0.627,0.063,1.7978981944947e-30,"25","Dnah2"
5.31590411263423e-16,4.88564588854685,0.275,0.02,1.33051764035122e-11,"25","Dnah14"
4.67040989535861e-36,4.86862858561808,0.637,0.062,1.16895689270931e-31,"25","Ttll3"
1.29139423871229e-26,4.82518675552341,0.461,0.043,3.23223064007299e-22,"25","Syt10"
1.69934151931156e-16,4.78447018688765,0.304,0.018,4.2532818886849e-12,"25","Gm16499"
4.98318921668711e-12,4.75807130354499,0.255,0.019,1.24724242904462e-07,"25","Fsip1"
9.37399926777851e-24,4.75327932544798,0.51,0.064,2.34621827673228e-19,"25","Drc3"
8.63889542797882e-37,4.73072767919323,0.676,0.086,2.16222913666882e-32,"25","Zbbx"
1.45880641648169e-22,4.72582311893999,0.48,0.055,3.65124657981201e-18,"25","Fank1"
1.11463498269645e-14,4.7174536584865,0.284,0.017,2.78981989819096e-10,"25","Dnaaf4"
1.4268746358512e-31,4.69454051951337,0.559,0.073,3.57132452607196e-27,"25","Rsph10b"
4.08088290493989e-32,4.69258224546143,0.588,0.078,1.0214041822774e-27,"25","Spag6l"
1.63563639907521e-19,4.69094599113681,0.382,0.036,4.09383434324535e-15,"25","Rfx2"
2.7450709159109e-26,4.68431679249168,0.451,0.032,6.8706379954334e-22,"25","Map3k19"
1.17172682391536e-37,4.6636904383686,0.657,0.071,2.93271506757775e-33,"25","Dnah7b"
6.60560604068136e-32,4.64933218247482,0.647,0.083,1.65331713592214e-27,"25","Kif9"
5.73725204991577e-19,4.64713662899015,0.392,0.045,1.43597681557342e-14,"25","Dnah7c"
2.97274393002671e-29,4.61890982923666,0.5,0.042,7.44048078246385e-25,"25","Ddo"
1.01168373220943e-25,4.61438721472532,0.441,0.029,2.53214321334699e-21,"25","Shroom3"
3.18373654753363e-13,4.59355251987903,0.255,0.023,7.96857420482191e-09,"25","Eno4"
4.44345208852713e-17,4.58929271676112,0.333,0.038,1.11215162323745e-12,"25","Cfap45"
2.32997992050146e-15,4.58689617799207,0.284,0.033,5.8317067430231e-11,"25","Asb14"
2.56043522432391e-26,4.58650869478842,0.451,0.044,6.40851332296031e-22,"25","Gm36037"
2.11599326154035e-31,4.55289709877538,0.647,0.116,5.29611953430935e-27,"25","Wdr78"
9.71047544344673e-24,4.5420681316004,0.48,0.058,2.43043489874028e-19,"25","Ccdc173"
2.39889438922245e-34,4.53312130878262,0.588,0.051,6.00419276678487e-30,"25","Iqck"
9.31942787608094e-27,4.51852935544364,0.422,0.04,2.3325596031043e-22,"25","Kif27"
1.6783446825432e-17,4.48167231019851,0.324,0.033,4.20072890593737e-13,"25","Vwa5b1"
6.28384316911377e-55,4.47484009275962,0.843,0.095,1.57278310679749e-50,"25","Gm973"
6.66142379650825e-23,4.47465100902443,0.402,0.042,1.66728776202805e-18,"25","Togaram2"
5.56431413786944e-16,4.47364832651606,0.255,0.022,1.39269218556734e-11,"25","Gsn"
2.83219506450557e-17,4.41054061176149,0.343,0.047,7.08870102695099e-13,"25","1700088E04Rik"
2.42585035153879e-40,4.39574733339511,0.676,0.083,6.07166084486643e-36,"25","Adgrv1"
2.6778553340378e-31,4.38705879803109,0.529,0.045,6.70240411556321e-27,"25","Mob3b"
1.06197406510863e-18,4.37905476997465,0.314,0.027,2.65801488756038e-14,"25","Riiad1"
2.58127090947098e-31,4.36680968246045,0.52,0.037,6.46066295931492e-27,"25","Vit"
3.54001865895413e-21,4.35010999845287,0.451,0.042,8.8603127014963e-17,"25","Plch1"
3.951383276425e-21,4.33800707906466,0.304,0.015,9.88991720256413e-17,"25","Ahnak"
2.15229082510165e-26,4.32656819825599,0.441,0.045,5.38696870614693e-22,"25","Agbl3"
2.23231671951958e-14,4.31371200650758,0.255,0.02,5.58726551728555e-10,"25","BC006965"
2.83353769708078e-45,4.27660625417837,0.843,0.176,7.09206150202348e-41,"25","Dnah9"
3.85533697619652e-36,4.25574134092879,0.588,0.038,9.64952291772226e-32,"25","2610307P16Rik"
2.98515913406792e-16,4.22950755256228,0.431,0.079,7.4715547966586e-12,"25","Wdr66"
7.93189847195741e-18,4.16641114651527,0.343,0.035,1.98527486854622e-13,"25","Lrrc51"
1.60925356809548e-25,4.13021412199372,0.529,0.087,4.02780075558618e-21,"25","Ppil6"
9.66319002975248e-13,4.12371129033089,0.363,0.068,2.41859983254675e-08,"25","9530036O11Rik"
8.18676917772349e-22,4.04620763612547,0.363,0.028,2.04906645749241e-17,"25","Ccdc190"
9.61171951116259e-21,3.98278926700284,0.382,0.027,2.40571727644889e-16,"25","Slc2a1"
1.0979668942034e-14,3.98144454124401,0.353,0.064,2.7481013395017e-10,"25","Efcab6"
2.84795278007716e-24,3.970567127707,0.598,0.131,7.12814101325513e-20,"25","Cfap69"
4.54541808955193e-24,3.96044270118905,0.52,0.079,1.13767269363395e-19,"25","Cep128"
4.57607293605406e-13,3.95731359102863,0.255,0.022,1.14534529516497e-08,"25","Pamr1"
2.11241599442893e-23,3.94095053127956,0.569,0.12,5.28716599245616e-19,"25","Gm17135"
1.83842443383921e-15,3.92470250971209,0.422,0.08,4.60139251545615e-11,"25","Lyrm1"
1.44555457886139e-12,3.92372772132169,0.304,0.049,3.61807855543218e-08,"25","Arhgef33"
9.01051415158228e-09,3.90746705006437,0.265,0.046,0.000225524158699953,"25","Gm20618"
1.21958777433234e-15,3.88312391385394,0.284,0.03,3.05250624037642e-11,"25","Gad1os"
9.25141274046281e-26,3.86388603780901,0.48,0.058,2.31553609481044e-21,"25","Dbi"
7.56887255722592e-35,3.82082748052673,0.775,0.194,1.89441311234808e-30,"25","Slc38a1"
4.22131098690755e-29,3.82034861759061,0.559,0.079,1.05655192691309e-24,"25","Cfap74"
2.16427445817794e-43,3.81043547781807,0.765,0.116,5.41696254137356e-39,"25","Glis3"
9.28239467420551e-23,3.77565319852089,0.412,0.037,2.3232905630069e-18,"25","Mlc1"
5.87162716145847e-34,3.77467013894833,0.676,0.112,1.46960956224144e-29,"25","Ccdc191"
8.97499438264451e-15,3.77213664262205,0.343,0.06,2.24635134403209e-10,"25","Nme5"
6.74621548563084e-24,3.76583326449909,0.608,0.138,1.68851027389854e-19,"25","Armc2"
3.65325070589412e-12,3.75286175290018,0.265,0.038,9.14372119178239e-08,"25","Bbox1"
8.85566021212021e-12,3.74884337655312,0.265,0.037,2.21648319449157e-07,"25","Mak"
2.17811634514109e-34,3.74408387135719,0.725,0.159,5.45160740025363e-30,"25","9530026P05Rik"
1.1733394639359e-17,3.74321520788935,0.333,0.052,2.93675134428517e-13,"25","Gramd1c"
5.36188664009595e-10,3.72674299495027,0.304,0.041,1.34202660714962e-05,"25","Paics"
7.42842653181683e-12,3.70551521969742,0.304,0.048,1.85926087664843e-07,"25","Plxnb2"
4.29010978881732e-50,3.68229092823955,1,0.621,1.07377157904309e-45,"25","Syne1"
2.66138764481035e-13,3.67572671369174,0.275,0.032,6.66118713619583e-09,"25","Tubb4b"
1.04455702480939e-20,3.62981288722458,0.451,0.056,2.61442177739542e-16,"25","Tmem47"
2.03359149185305e-16,3.62889680058747,0.265,0.024,5.089876144959e-12,"25","Ezr"
3.55655576995034e-14,3.6176276672915,0.353,0.06,8.9017034366087e-10,"25","Dkk3"
2.18498204884919e-13,3.59655946365477,0.324,0.046,5.46879157006464e-09,"25","Nudt4"
9.98510301433796e-26,3.53778454196469,0.598,0.124,2.49917143345865e-21,"25","Ddr1"
1.98016485581433e-23,3.53451114725329,0.49,0.113,4.95615461761769e-19,"25","Gm42722"
3.74967722158225e-19,3.52929393388021,0.431,0.056,9.38506711789823e-15,"25","Mro"
1.70710060152537e-15,3.51029066817121,0.275,0.026,4.27270209555784e-11,"25","Itih5"
7.72404865328568e-13,3.50155157315459,0.265,0.031,1.93325213743087e-08,"25","Spata6"
3.75120615896962e-18,3.49785336733562,0.52,0.138,9.38889389528507e-14,"25","Drc1"
3.62653206936293e-23,3.46877116682167,0.608,0.154,9.07684711640848e-19,"25","Dnal1"
3.97591852184304e-14,3.46437899746218,0.471,0.119,9.95132646832094e-10,"25","Bicc1"
1.52682984808979e-13,3.44943648197861,0.353,0.075,3.82150242678393e-09,"25","Ascc1"
7.59821076372029e-24,3.44578165817389,0.51,0.063,1.90175617205155e-19,"25","Wwtr1"
2.44482215532369e-19,3.4190579124349,0.402,0.056,6.11914537255966e-15,"25","Cdc14a"
2.14965797920911e-14,3.41149031984564,0.343,0.06,5.38037895616248e-10,"25","Prxl2a"
5.68027997741474e-14,3.40305353528426,0.382,0.079,1.42171727554713e-09,"25","Gm16759"
2.87793521838809e-17,3.37113287595884,0.431,0.099,7.20318405810356e-13,"25","Katnal2"
1.84027558816139e-17,3.3584923175881,0.353,0.044,4.60602576960915e-13,"25","Aqp4"
1.01121558657124e-07,3.31997943253408,0.324,0.088,0.00253097149162915,"25","Efcab1"
2.42268746439603e-11,3.29868063555942,0.382,0.09,6.06374445463681e-07,"25","Cdkl4"
4.73482328808942e-14,3.29344415289332,0.373,0.056,1.1850789207759e-09,"25","Cnn3"
1.90129825556973e-11,3.28479234479709,0.363,0.072,4.75875940386547e-07,"25","Mns1"
6.38711704157646e-27,3.279073455077,0.794,0.294,1.59863152433617e-22,"25","Ccdc30"
1.85652353366005e-15,3.26578450832432,0.402,0.084,4.64669275239773e-11,"25","Epb41l4a"
1.00384597452382e-13,3.25210327416246,0.255,0.033,2.51252608963567e-09,"25","Cd63"
1.67711067000894e-07,3.2306535543755,0.275,0.071,0.00419764029596538,"25","Prag1"
2.16024405543979e-37,3.22226401587369,0.912,0.295,5.40687484636024e-33,"25","Ankfn1"
7.12414783244533e-14,3.2098805980424,0.422,0.095,1.78310296098274e-09,"25","Gas6"
1.09537091358811e-07,3.16055849195895,0.265,0.075,0.00274160385961968,"25","Fbxo36"
6.07245500682097e-18,3.14661561375435,0.549,0.181,1.51987476365722e-13,"25","Itm2c"
9.6346249058606e-10,3.13380044494959,0.275,0.054,2.41145026768785e-05,"25","Synpo2"
1.46748350882495e-10,3.13330539494711,0.255,0.055,3.67296447423798e-06,"25","Sned1"
3.37368172624666e-24,3.1306181312745,0.657,0.214,8.44398799262277e-20,"25","Dnajb6"
3.82691389139722e-16,3.10687574813867,0.49,0.156,9.5783827787781e-12,"25","Plekha7"
5.1274437542137e-17,3.06833162655979,0.353,0.05,1.28334789724215e-12,"25","Pbxip1"
5.35826803453639e-11,3.0646596326383,0.373,0.097,1.34112090636411e-06,"25","Ccdc171"
1.22855126108263e-21,3.05012745206265,0.48,0.071,3.07494095136372e-17,"25","Itpkb"
7.67016509263836e-19,3.042125671371,0.569,0.184,1.91976562103645e-14,"25","Ccdc39"
1.77596195006888e-10,3.02459665763664,0.363,0.104,4.44505516482741e-06,"25","Odf2l"
6.95634890025451e-12,3.01904141884241,0.265,0.061,1.7411045662447e-07,"25","Mettl7a1"
3.88910303743233e-13,3.00917513643007,0.529,0.171,9.73403599238937e-09,"25","Ift81"
2.3228055126769e-08,3.00210913964936,0.265,0.058,0.000581374991767902,"25","Pdia4"
7.32677788280171e-15,3.00050778763429,0.324,0.052,1.83381923628644e-10,"25","Slc25a18"
9.499943399685e-08,2.99448570894276,0.392,0.141,0.00237774083350716,"25","Tacc2"
1.20343969957279e-09,2.96464833749263,0.431,0.125,3.01208922406075e-05,"25","Nck2"
2.70296613164299e-12,2.94945435595384,0.343,0.067,6.76525393088925e-08,"25","Slc14a2"
1.52897213920664e-10,2.94735538789692,0.402,0.126,3.82686436722031e-06,"25","Rpgrip1l"
2.75787871583708e-12,2.93280678917915,0.402,0.105,6.90269463786862e-08,"25","Hipk1"
7.65196986022873e-09,2.92864958638705,0.333,0.11,0.000191521153631665,"25","Itga11"
3.83988184318916e-12,2.91650873275303,0.333,0.065,9.61084026531815e-08,"25","Ptpn13"
1.6210856493399e-14,2.91370477822692,0.49,0.141,4.05741527173283e-10,"25","Nek10"
1.04460786503184e-08,2.91025580996113,0.373,0.138,0.00026145490253882,"25","Crocc"
8.35189931507488e-21,2.88542449675038,0.422,0.071,2.09039687957009e-16,"25","Myo1e"
6.05316138669248e-13,2.87477561830264,0.461,0.15,1.51504576347526e-08,"25","Dnajc3"
1.94314141872322e-08,2.86832345433757,0.333,0.103,0.000486348865692236,"25","Flvcr1"
1.50143932770623e-27,2.86075029513158,0.745,0.276,3.75795249331593e-23,"25","Sumo1"
4.19839595173726e-08,2.84724985769713,0.284,0.075,0.00105081652276032,"25","Polk"
9.66558476367767e-22,2.82682904278764,0.725,0.3,2.41919921050088e-17,"25","Ulk4"
6.84875748460922e-10,2.8232343555618,0.275,0.046,1.71417551082284e-05,"25","Mt3"
2.57958385671246e-17,2.82236828078293,0.392,0.059,6.45644043496561e-13,"25","Cd9"
1.16486287855625e-09,2.81949279019238,0.333,0.08,2.91553529873845e-05,"25","Ramp1"
2.1878978280126e-13,2.81009402638541,0.5,0.18,5.47608947373273e-09,"25","Lekr1"
2.01581275748793e-10,2.79854477750007,0.402,0.136,5.04537775071653e-06,"25","Ccdc138"
8.2256831174302e-12,2.79840448751273,0.569,0.235,2.0588062274616e-07,"25","Fhod3"
2.3952215503332e-12,2.77738977563698,0.402,0.124,5.99500001832898e-08,"25","Gm15886"
1.86219802287845e-13,2.73102093078274,0.49,0.181,4.66089543146248e-09,"25","Ccdc57"
9.72262763352448e-08,2.72979821395478,0.333,0.12,0.00243347647039484,"25","Fam227a"
1.18046269974686e-33,2.71085232058207,0.912,0.479,2.95458009119641e-29,"25","Shank2"
6.34418045264958e-17,2.71059483316441,0.529,0.136,1.58788492549366e-12,"25","Cachd1"
2.49827221897788e-10,2.70967980342937,0.441,0.165,6.25292553687973e-06,"25","Mok"
8.03401617710682e-09,2.6861478130734,0.304,0.097,0.000201083390896807,"25","Mipep"
5.86122103128001e-14,2.66071963981201,0.559,0.239,1.46700501191907e-09,"25","Nek1"
1.42703746313453e-17,2.65896004520657,0.412,0.063,3.57173206647942e-13,"25","Sparc"
2.83689664234876e-08,2.6337066725674,0.363,0.104,0.00071004686061347,"25","Adipor2"
2.09025535028422e-30,2.62264878877815,0.814,0.278,5.23170011622637e-26,"25","Pacrg"
1.09922271713417e-07,2.61654455666561,0.343,0.123,0.00275124453871512,"25","Grk4"
1.08101694117779e-10,2.60083201247677,0.451,0.177,2.70567730207388e-06,"25","Cep126"
2.13072868027247e-07,2.59382841544216,0.255,0.081,0.00533300081385398,"25","Efcab2"
8.76742273894042e-08,2.59304101591028,0.294,0.11,0.0021943982373294,"25","Hspa5"
3.89898974619687e-15,2.59002214886588,0.559,0.229,9.75878143575615e-11,"25","Hsp90aa1"
1.76566379623248e-07,2.56109277255116,0.382,0.157,0.00441927991559029,"25","Morn1"
1.51669215805559e-12,2.54592838700508,0.294,0.063,3.79612880239735e-08,"25","Zfp36l1"
2.36164911558858e-08,2.53852926268889,0.363,0.137,0.000591097157140665,"25","Tbcel"
6.9362622480171e-17,2.51651771921507,0.608,0.286,1.7360770780562e-12,"25","Rasa2"
2.49391910336621e-14,2.47520893841728,0.52,0.206,6.2420301238153e-10,"25","Tsga10"
2.26056280121044e-21,2.46756170900395,0.637,0.196,5.6579626351496e-17,"25","Apoe"
3.19764590603267e-09,2.46356543850135,0.412,0.177,8.00338793820918e-05,"25","Wdpcp"
8.96539396481063e-08,2.46205710321681,0.412,0.181,0.00224394845545245,"25","Atp1a1"
2.48806801064701e-08,2.4551470991095,0.284,0.071,0.00062273854238484,"25","Bcar3"
1.54020705854153e-10,2.45490313097721,0.304,0.095,3.85498424682361e-06,"25","Gm2087"
7.36658899551477e-32,2.4491196530223,0.912,0.552,1.84378355968739e-27,"25","Agbl4"
1.60317489388464e-11,2.44452951284452,0.431,0.165,4.01258644190388e-07,"25","Ubxn11"
1.92544926056017e-12,2.43500739069251,0.549,0.24,4.81920695425606e-08,"25","Wdr60"
2.46582604965988e-19,2.42604916881228,0.5,0.133,6.1717160196937e-15,"25","Gm5089"
2.91998747452101e-25,2.42162817270861,0.716,0.217,7.30843664997865e-21,"25","Gm4876"
1.52702804830064e-17,2.40825844630239,0.529,0.154,3.82199850209168e-13,"25","Gm29683"
2.40665308583468e-16,2.40691666166244,0.529,0.186,6.02361200853563e-12,"25","Plce1"
7.07517322814179e-09,2.40472371318287,0.471,0.228,0.000177084510727161,"25","Gm16083"
7.33345087757869e-09,2.39807988900942,0.49,0.216,0.000183548942014917,"25","Pifo"
1.46996494478398e-10,2.39638215175178,0.461,0.168,3.67917526029982e-06,"25","Itm2b"
1.77754941811077e-12,2.38983318837552,0.549,0.235,4.44902843858945e-08,"25","Eea1"
3.17096988979611e-08,2.38631292886335,0.422,0.153,0.000793662053717069,"25","Antxr1"
1.44158503839505e-11,2.38208803033946,0.333,0.078,3.60814319259897e-07,"25","Plcd4"
1.13185342774117e-07,2.37999628044749,0.265,0.081,0.00283291594429337,"25","Iqch"
7.14430223479707e-11,2.3796167518806,0.304,0.047,1.78814740634736e-06,"25","Tgfbr2"
6.3261653889213e-09,2.37189972845423,0.441,0.174,0.000158337593519311,"25","Tbc1d32"
3.65307030169144e-16,2.36903762390141,0.48,0.139,9.14326965810350e-12,"25","Sncaip"
7.45183716990701e-19,2.35439799463107,0.647,0.286,1.86512032525603e-14,"25","Synpr"
3.97610685789528e-17,2.32782534148064,0.51,0.134,9.95179785462609e-13,"25","St3gal6"
1.89273071670825e-13,2.3256631702619,0.471,0.138,4.73731571084907e-09,"25","Rfx4"
8.86404231950286e-08,2.32147070269581,0.402,0.188,0.00221858115214837,"25","Cep290"
4.32107674008045e-22,2.32098613143665,0.814,0.506,1.08152229727474e-17,"25","Nnat"
2.01924002048344e-12,2.31781835731093,0.578,0.272,5.05395584726801e-08,"25","Ccdc148"
1.76461877039882e-13,2.30731528824724,0.52,0.17,4.4166643204312e-09,"25","Arhgef4"
4.79469039151778e-09,2.30402694575468,0.353,0.101,0.000120006305809299,"25","Adamts6"
8.51683393647459e-15,2.27766630906832,0.461,0.113,2.13167836596023e-10,"25","Phkg1"
4.51684906433077e-11,2.27760170271258,0.598,0.317,1.13052215231135e-06,"25","Esrrg"
2.98253071761294e-15,2.2684700605344,0.549,0.175,7.46497613311343e-11,"25","Clybl"
1.46810496805742e-11,2.26258913694459,0.48,0.232,3.67451992455092e-07,"25","Cep83"
2.76522778314775e-09,2.25884183137066,0.343,0.088,6.9210886184405e-05,"25","Pla2g7"
1.80577991154433e-25,2.24718041125249,0.725,0.23,4.51968654060429e-21,"25","Sparcl1"
1.22845792429487e-10,2.24556805970699,0.275,0.056,3.07470733871763e-06,"25","Gpr37l1"
7.82923045151247e-21,2.23877308663568,0.784,0.434,1.95957808970906e-16,"25","2210408I21Rik"
1.59870747355668e-08,2.23599739633004,0.5,0.233,0.000400140493556501,"25","D430042O09Rik"
3.10659206604465e-12,2.23182946084958,0.549,0.239,7.77548928210315e-08,"25","Kctd1"
1.73100562650778e-15,2.22499562490326,0.51,0.17,4.33253398258631e-11,"25","Zhx2"
2.09131771262896e-12,2.20235410433864,0.382,0.087,5.23435910293901e-08,"25","Gramd3"
6.89841326738484e-11,2.19261488591142,0.5,0.186,1.72660385669375e-06,"25","Fgfr1"
2.93647724923765e-07,2.19104524324949,0.402,0.174,0.0073497089071169,"25","Adam12"
1.3691350952779e-15,2.18860457776396,0.52,0.157,3.42680822997105e-11,"25","Clu"
1.42871045655784e-10,2.17556989218523,0.422,0.144,3.57591940171861e-06,"25","Fads2"
4.90077706266472e-15,2.14144684485595,0.373,0.078,1.22661549101435e-10,"25","Gja1"
1.54530561332146e-07,2.14137632548006,0.284,0.085,0.00386774541958229,"25","Laptm4a"
3.02768845759276e-07,2.10355903841179,0.363,0.145,0.00757800144050891,"25","Ccdc88c"
1.56138810255719e-09,2.10103539747804,0.49,0.242,3.90799828189039e-05,"25","Ttll5"
7.69007316029016e-11,2.09537121660476,0.559,0.364,1.92474841128903e-06,"25","Dync2h1"
6.17944398266391e-15,2.09476065866219,0.627,0.294,1.54665303442095e-10,"25","Gm16168"
1.41078772935249e-34,2.07904719841111,0.961,0.57,3.53106060779634e-30,"25","Zbtb20"
1.74321359659364e-09,2.05520619222828,0.52,0.209,4.36308931091421e-05,"25","Clmn"
1.4603857843099e-07,2.05351536804777,0.51,0.278,0.00365519957954924,"25","Nin"
6.63774594628334e-20,2.02584719293208,0.618,0.2,1.66136143289526e-15,"25","E130114P18Rik"
2.29179259893731e-11,2.00996890674951,0.657,0.373,5.73612769588019e-07,"25","Wwc1"
1.82334920049785e-07,2.00720294268999,0.392,0.157,0.00456366071392608,"25","Rbms1"
5.00570734082278e-09,1.98937427279427,0.392,0.158,0.000125287849033453,"25","Cntrl"
5.82210408817935e-11,1.98692545583084,0.373,0.08,1.45721443223041e-06,"25","Agmo"
3.87038179754884e-16,1.96093303721353,0.49,0.126,9.68717860108498e-12,"25","Cx3cr1"
2.94240365991357e-08,1.93251420010848,0.402,0.151,0.000736454212039766,"25","Nxn"
3.09059834783338e-08,1.92637133682068,0.265,0.073,0.000773545860479216,"25","Creb5"
8.83928155060084e-16,1.90598227887696,0.775,0.522,2.21238377929988e-11,"25","Wwox"
1.53862440403691e-07,1.88457719339197,0.49,0.264,0.00385102302086398,"25","Stk3"
8.43823348190113e-12,1.88289586195746,0.588,0.244,2.11200545818503e-07,"25","Ankrd44"
7.16115707317234e-17,1.83882776195677,0.794,0.442,1.7923660038443e-12,"25","Tmem108"
3.68009470275116e-08,1.80532044281128,0.431,0.228,0.000921090903151587,"25","Hsp90b1"
3.43642252601116e-15,1.80247913191457,0.637,0.284,8.60102194035334e-11,"25","Plcb4"
1.01692165485766e-15,1.79147720198371,0.676,0.284,2.54525320994323e-11,"25","Pard3b"
1.03248575165909e-20,1.77626600377428,0.833,0.448,2.58420858782753e-16,"25","Maml2"
1.10277733458457e-09,1.77133002017206,0.696,0.506,2.76014139073171e-05,"25","Cspp1"
7.72744906315483e-10,1.76165889684998,0.647,0.42,1.93410322601702e-05,"25","Pakap"
6.55598211442365e-12,1.75137357142711,0.716,0.437,1.6408967634191e-07,"25","Ttc28"
1.77739986054528e-07,1.74731969673526,0.333,0.103,0.00444865411095877,"25","Gm6145"
1.01753458700691e-08,1.72043933863532,0.539,0.287,0.000254678731781959,"25","Unc13c"
7.94665843493624e-09,1.71190700511693,0.373,0.133,0.000198896913968019,"25","Gab1"
2.26667102383026e-26,1.70112281165085,0.922,0.707,5.67325090554476e-22,"25","Dmd"
1.36613494743228e-07,1.69886437861237,0.392,0.165,0.00341929915992826,"25","Scd2"
2.39873654388341e-08,1.67853530422527,0.451,0.228,0.00060037976956858,"25","4930444A19Rik"
3.31243626482355e-13,1.63431674234825,0.784,0.591,8.29069672722685e-09,"25","Sorbs1"
1.15604304498423e-07,1.6114345301149,0.48,0.302,0.00289346013729104,"25","Bbs9"
3.50428000072543e-09,1.59267136298918,0.382,0.133,8.77086241381568e-05,"25","Nwd1"
9.18221710448902e-26,1.58715626386736,0.912,0.445,2.29821711908256e-21,"25","Msi2"
8.80846517629962e-26,1.55131258975768,0.971,0.626,2.20467074897603e-21,"25","Npas3"
2.01668647127174e-07,1.53943255647813,0.529,0.326,0.00504756456894603,"25","Carmil1"
4.30123186034633e-10,1.52050110311364,0.657,0.362,1.07655532232608e-05,"25","Trps1"
4.25442565001252e-22,1.49630747223904,0.863,0.335,1.06484019594163e-17,"25","Sox6"
2.12983166696978e-11,1.49482661408715,0.412,0.14,5.33075567925867e-07,"25","Hepacam"
9.94171197298509e-13,1.47306601983165,0.735,0.571,2.48831108971844e-08,"25","Stox2"
1.16070027159049e-09,1.4391963531976,0.382,0.132,2.90511670976385e-05,"25","Fth1"
3.2204504913325e-18,1.4273416881054,0.824,0.407,8.06046553475613e-14,"25","Nfia"
5.39811927504107e-10,1.42195242555961,0.725,0.482,1.35109527335003e-05,"25","Rfx3"
2.32526464863358e-21,1.41781558954528,0.931,0.658,5.81990488906499e-17,"25","Atxn1"
1.20231055213474e-09,1.3983482463741,0.402,0.167,3.00926308093803e-05,"25","mt-Co1"
2.98617902495999e-07,1.37098505678281,0.559,0.353,0.00747410748157236,"25","Arhgap5"
2.51475894283522e-07,1.30857226157687,0.48,0.275,0.00629419015802227,"25","Utrn"
1.89275059383574e-07,1.27881593625332,0.608,0.453,0.00473736546131146,"25","Fnbp1"
3.58333361551596e-13,1.27252442287607,0.873,0.697,8.9687257062749e-09,"25","Ntrk2"
3.70834469201878e-07,1.26635993195225,0.657,0.409,0.0092816159296538,"25","Ptprk"
2.59679986793386e-09,1.22654852668562,0.618,0.348,6.49953038945166e-05,"25","Tmcc3"
9.85723837018937e-11,1.21356003956704,0.608,0.299,2.4671681916747e-06,"25","Dleu2"
2.55108943898703e-07,1.20796084820261,0.48,0.29,0.00638512175684064,"25","mt-Co3"
3.86575073020292e-07,1.19165117777408,0.392,0.155,0.00967558750262488,"25","Nhsl1"
6.41852450227237e-14,1.18405342090904,0.853,0.734,1.60649249767375e-09,"25","Gm42418"
8.35323388466588e-16,1.16470851011068,0.912,0.873,2.09073090899302e-11,"25","Macf1"
6.10023780688217e-10,1.03689276508774,0.706,0.498,1.52682852068454e-05,"25","Pitpnc1"
3.23413063495248e-07,1.01493002987153,0.735,0.503,0.00809470556622256,"25","Nckap5"
2.96864345766371e-12,0.844475511898584,0.892,0.719,7.4302177101865e-08,"25","Rora"
5.75746632427477e-08,0.834689167885145,0.363,0.116,0.00144103624630273,"25","Ccnd3"
5.80251022863416e-08,0.778268670597257,0.559,0.256,0.00145231028512484,"25","Slc1a3"
7.31685099116653e-10,0.593828118152769,0.892,0.775,1.83133463457907e-05,"25","Mir99ahg"
1.6055111030307e-26,2.80698854465968,0.608,0.093,4.01843373977553e-22,"26","Gm45680"
4.3260349866338e-25,2.71651332072105,0.598,0.085,1.08276329680457e-20,"26","B020031H02Rik"
4.5842245912579e-35,2.27289215056356,0.931,0.207,1.14738557294594e-30,"26","Foxp2"
5.54992283110308e-28,2.27205561466294,0.765,0.183,1.38909018539679e-23,"26","C79798"
2.40750264792277e-19,2.1058012536893,0.706,0.199,6.02573837748589e-15,"26","Tshz1"
2.1104649156635e-28,1.91602653405116,0.931,0.327,5.28228263741417e-24,"26","Pbx3"
1.94843163669153e-08,1.88335820636232,0.265,0.068,0.000487672954347523,"26","Slc14a2"
5.58873863505738e-24,1.82995914693977,0.824,0.275,1.39880539296851e-19,"26","Olfm3"
9.7387105816174e-18,1.81638172388533,0.402,0.071,2.43750187147302e-13,"26","Acsbg1"
1.11923858762528e-25,1.77579919494723,0.627,0.11,2.80134226096731e-21,"26","8030451A03Rik"
3.18160388141557e-32,1.69146020577875,1,0.462,7.96323635479503e-28,"26","Meis2"
3.15128393198743e-09,1.68523248350735,0.431,0.145,7.88734855337135e-05,"26","Gm15345"
1.37902465778467e-15,1.65608562562799,0.5,0.154,3.45156081596925e-11,"26","Slc6a11"
7.61944467413631e-16,1.63671194715061,0.618,0.213,1.90707080748958e-11,"26","Kcnh5"
8.09454468061644e-10,1.55988225438014,0.578,0.219,2.02598358811149e-05,"26","Sdk2"
3.00701654642548e-12,1.54429668873614,0.51,0.136,7.52626171404832e-08,"26","Sox1ot"
2.56770198235762e-07,1.53287127566249,0.402,0.148,0.00642670129164288,"26","Dchs2"
2.75301681415204e-11,1.52909578936519,0.48,0.157,6.89052578414115e-07,"26","Chst9"
1.75695146848545e-19,1.52834143116423,0.706,0.239,4.39747383047222e-15,"26","Bcl11a"
2.24291828061227e-08,1.5241709619602,0.451,0.164,0.000561380016454446,"26","Sv2c"
9.47542499331455e-13,1.49627657488582,0.363,0.078,2.3716041215767e-08,"26","Palld"
1.62156604504712e-13,1.47440565526875,0.569,0.181,4.05861765414844e-09,"26","Sema5b"
4.28274974513405e-08,1.43937439234397,0.284,0.073,0.0010719294337096,"26","Pax6"
5.63176396338028e-10,1.43434448429245,0.314,0.077,1.40957420239445e-05,"26","Gm31356"
3.45446728854143e-23,1.4274261374411,0.971,0.476,8.64618617649035e-19,"26","Grm8"
2.0183500169712e-24,1.40402220243125,0.912,0.409,5.05172825747723e-20,"26","Grm3"
2.24287637907193e-07,1.3965367612651,0.49,0.208,0.00561369528917913,"26","Otof"
7.41662265885804e-19,1.37847618780417,0.471,0.09,1.85630648528558e-14,"26","Slc7a11"
9.19944517901765e-10,1.37725748424106,0.353,0.114,2.30252913385633e-05,"26","Lrig1"
3.96201428218962e-19,1.37436634135659,0.725,0.281,9.91652554689239e-15,"26","March3"
1.36915587523333e-07,1.36850728596259,0.382,0.155,0.0034268602401215,"26","Gm28905"
3.5289067635141e-12,1.3395528860226,0.363,0.087,8.83250073839943e-08,"26","Gramd3"
4.46434125974021e-12,1.33694756343082,0.49,0.163,1.11737997390038e-07,"26","Tspan9"
1.64089418107281e-10,1.31943041868548,0.353,0.087,4.10699404580715e-06,"26","Tnc"
2.57637126899894e-13,1.2853509315549,0.48,0.138,6.44839964917745e-09,"26","Rfx4"
2.06833488454889e-09,1.27999749442256,0.284,0.08,5.17683538253742e-05,"26","Tnfaip8"
8.45853461180903e-25,1.26985461297208,0.99,0.83,2.11708662798968e-20,"26","Kcnd2"
1.30929038862627e-13,1.25683648311898,0.382,0.088,3.27702291369269e-09,"26","Pla2g7"
2.08471025089465e-12,1.25331023272722,0.275,0.059,5.21782128696422e-08,"26","Notch1"
1.10670178738067e-26,1.24951729201277,0.99,0.557,2.76996390363507e-22,"26","Wdr17"
1.51211675673436e-09,1.2470268890515,0.284,0.068,3.78467703043043e-05,"26","Prrx1"
2.17455492269113e-17,1.24655551231003,0.48,0.092,5.44269351600362e-13,"26","Slco1c1"
3.26761291421776e-11,1.24618340041319,0.441,0.092,8.17850836299563e-07,"26","Prdm16"
6.16446075895145e-16,1.23603306895864,0.716,0.289,1.54290288335796e-11,"26","Sfxn5"
2.05958785810246e-09,1.23282687169823,0.441,0.153,5.15494245004465e-05,"26","Dlx6os1"
6.82788757623166e-25,1.22944522599149,1,0.631,1.70895198145502e-20,"26","Erbb4"
4.49831823437103e-17,1.2261610985403,0.52,0.138,1.12588407088072e-12,"26","Paqr8"
5.20883104288674e-08,1.22008812254062,0.343,0.115,0.00130371832172412,"26","Asrgl1"
4.85323415968315e-17,1.21235899570086,0.765,0.298,1.2147159778271e-12,"26","Slc4a4"
2.58065095325243e-07,1.20995235603155,0.412,0.188,0.00645911127089551,"26","Glra2"
2.62867431503595e-07,1.20569284146327,0.657,0.297,0.00657930894310349,"26","6530403H02Rik"
1.93446824990356e-07,1.2000703274344,0.363,0.135,0.00484178058268362,"26","Gm12064"
4.61028957967018e-13,1.19620519043394,0.48,0.102,1.15390937889565e-08,"26","Gm6145"
1.24090421809794e-16,1.19153645872898,0.5,0.139,3.10585916747733e-12,"26","Hepacam"
3.21726127833185e-07,1.18745041723696,0.275,0.071,0.00805248325353678,"26","Gm13872"
6.007020849102e-13,1.16846854742994,0.461,0.133,1.50349724832174e-08,"26","Nwd1"
2.63145132436431e-14,1.16511177378152,0.804,0.431,6.58625951975143e-10,"26","Gm48747"
3.00057590649114e-08,1.15830305489638,0.48,0.175,0.000751014143635668,"26","Clybl"
2.77112027318189e-07,1.15192337685371,0.373,0.133,0.00693583693174695,"26","Ugp2"
3.43693307971831e-10,1.14065363034306,0.735,0.389,8.60229980522695e-06,"26","4930419G24Rik"
3.60268766627479e-07,1.12868129644863,0.294,0.073,0.00901716695991918,"26","Ednrb"
2.33073561863285e-13,1.11503239219072,0.765,0.367,5.83359817987615e-09,"26","Csgalnact1"
7.07345470784845e-18,1.10497030170651,0.961,0.563,1.77041497882739e-13,"26","Ptprz1"
1.75429219019679e-08,1.104269597853,0.422,0.158,0.000439081792284353,"26","Ptch1"
1.55355838166814e-20,1.09734937028219,0.922,0.392,3.88840127347718e-16,"26","Gm38505"
1.92198193533746e-14,1.08636776633324,0.902,0.483,4.81052858595612e-10,"26","Inpp4b"
1.6733577898285e-17,1.08629789755122,0.961,0.678,4.18824721216176e-13,"26","B3galt1"
9.34149710135048e-18,1.0834588350714,0.696,0.203,2.33808330949701e-13,"26","Rorb"
3.396115528737e-20,1.08078278413725,0.98,0.551,8.50013755687584e-16,"26","Sox2ot"
5.51369575008889e-09,1.07556518865206,0.471,0.172,0.000138002290928975,"26","Arhgef26"
3.40158356158161e-09,1.06768277733869,0.676,0.323,8.51382349628261e-05,"26","Oprm1"
2.77689144567302e-15,1.06699905454858,0.931,0.633,6.95028159937501e-11,"26","Epha6"
1.16602431763861e-10,1.06436709198233,0.324,0.077,2.91844226461767e-06,"26","Mfge8"
3.27813190712268e-09,1.06355693112663,0.402,0.16,8.20483635033734e-05,"26","Nim1k"
4.35732860977119e-08,1.05949641180753,0.363,0.109,0.00109059577773963,"26","Rgma"
3.80331834723921e-08,1.04648027173808,0.51,0.22,0.000951932549130501,"26","Glud1"
3.53370627550955e-10,1.04619014332492,0.412,0.118,8.84451343697284e-06,"26","Glis3"
3.67551680609144e-09,1.0402166630254,0.735,0.391,9.19945101396627e-05,"26","Fars2"
1.4022651105712e-18,1.03829847534134,0.716,0.216,3.50972934524865e-14,"26","Plpp3"
4.72832092099162e-14,1.03715539046571,0.52,0.143,1.18345144331499e-09,"26","Lama2"
2.6931034187117e-07,1.03033954100394,0.265,0.066,0.00674056854669351,"26","Fgfr3"
2.20558272508101e-11,1.02582786372737,0.412,0.109,5.52035300260526e-07,"26","Gli3"
2.4077548299821e-10,1.02537476963958,0.353,0.078,6.0263695639622e-06,"26","Gja1"
7.96829901563091e-09,1.02352728161625,0.255,0.066,0.000199438556062226,"26","Egfros"
8.33515881278183e-21,1.01841429390689,0.922,0.459,2.08620689925116e-16,"26","Gm3764"
2.26721322938143e-09,1.0158081666222,0.48,0.218,5.67460799181879e-05,"26","Trhde"
1.92330923199902e-10,1.009806368434,0.618,0.337,4.81385067677034e-06,"26","Pard3"
5.85648152878563e-15,1.0079499878798,0.794,0.379,1.46581876183976e-10,"26","Rgs20"
4.66029476191999e-11,1.00151048591599,0.402,0.099,1.16642517596095e-06,"26","Htra1"
2.99357720088341e-24,0.994478097945675,0.873,0.254,7.49262437609108e-20,"26","Slc1a3"
6.91091172297534e-19,0.978860808968764,0.784,0.294,1.7297320951435e-14,"26","Gm20713"
2.23117835114326e-10,0.974729312475394,0.49,0.137,5.58441629507645e-06,"26","Acss1"
6.26045489037006e-08,0.968193918228477,0.627,0.32,0.00156692925451072,"26","Htr1f"
8.88650887778057e-14,0.965167087068607,0.833,0.483,2.2242043070197e-09,"26","Trim9"
2.08052934562608e-17,0.956035135190301,0.804,0.361,5.20735689916752e-13,"26","Trps1"
1.68058461420747e-08,0.954292529974394,0.559,0.238,0.000420633523089988,"26","Mapk4"
3.37860589391655e-09,0.950840633182665,0.382,0.12,8.45631269188372e-05,"26","Zfp521"
8.39977221747847e-10,0.943546259073918,0.578,0.285,2.10237898831269e-05,"26","Grik3"
2.3704660039246e-08,0.937112880102592,0.51,0.232,0.000593303936122289,"26","Stxbp6"
2.05751409738299e-09,0.936381365875633,0.804,0.482,5.14975203433989e-05,"26","Pex5l"
6.35995354743435e-10,0.934993362091508,0.598,0.221,1.59183277338734e-05,"26","Myo6"
2.18728085902987e-27,0.931304529605622,0.961,0.399,5.47454526206585e-23,"26","Slc1a2"
6.13529573130716e-11,0.929459909328533,0.382,0.104,1.53560316858887e-06,"26","Daam2"
3.62200465098439e-08,0.925795204275076,0.363,0.147,0.000906551544094884,"26","Pard3bos1"
1.86970069365361e-10,0.918199564428337,0.676,0.318,4.67967386614561e-06,"26","8030451O07Rik"
9.48608311185859e-10,0.914312519863179,0.863,0.577,2.37427174206709e-05,"26","Ssbp2"
2.49131361511128e-07,0.914257994428647,0.275,0.072,0.00623550884726203,"26","F3"
1.63657160826416e-13,0.913161475178511,0.745,0.337,4.09617507832436e-09,"26","Ptn"
9.72146481307613e-09,0.901507645346276,0.686,0.386,0.000243318542806483,"26","Cux1"
1.02118495293105e-16,0.879020955471623,1,0.739,2.55592381869112e-12,"26","Kirrel3"
2.68720505541171e-09,0.872412202014669,0.392,0.126,6.72580553318998e-05,"26","Plekhg1"
3.50372434532697e-10,0.871165000769533,0.52,0.239,8.76947166391887e-06,"26","Gm14858"
3.06504613813916e-07,0.866826102670639,0.333,0.122,0.0076715039791485,"26","Appl2"
9.82231586023073e-08,0.856739222109448,0.608,0.301,0.00245842743665715,"26","Epha3"
9.52414553093502e-08,0.854438921362919,0.284,0.087,0.00238379838493773,"26","Slc39a12"
3.8602848261153e-08,0.849455447706354,0.461,0.198,0.000966190689128399,"26","Vcl"
5.52574817353073e-13,0.841472952170419,0.941,0.684,1.38303951035301e-08,"26","Rims2"
2.18723381580709e-12,0.834409836261762,0.667,0.285,5.47442751758357e-08,"26","Pard3b"
3.00434095112677e-17,0.831298091952074,0.863,0.435,7.5195649665752e-13,"26","Gpc5"
6.48656587882502e-14,0.8300032532286,0.51,0.154,1.62352257381111e-09,"26","Nhsl1"
3.56249001830625e-07,0.827467276642686,0.343,0.117,0.00891655626681871,"26","Egfr"
1.96140702639346e-08,0.819783303971434,0.824,0.451,0.000490920564636019,"26","Spock3"
2.60452517163718e-09,0.810159551623967,0.431,0.143,6.51886605209071e-05,"26","Lhfp"
1.00798800299831e-13,0.805204976321177,0.931,0.553,2.52289317270446e-09,"26","Unc5d"
1.42973967561045e-07,0.803609301173856,0.333,0.155,0.00357849543408538,"26","Gm11713"
4.20293282749878e-12,0.800134749705423,0.833,0.512,1.05195205739467e-07,"26","Dtna"
2.69673112057139e-10,0.793874039797129,0.353,0.098,6.74964832167814e-06,"26","Gm973"
1.54019021813697e-15,0.792547173307705,0.873,0.445,3.85494209697503e-11,"26","Msi2"
1.28054320789137e-11,0.781458005793222,0.794,0.462,3.20507159503131e-07,"26","Tspan7"
8.61847579356125e-19,0.76005384212862,0.706,0.223,2.15711830637044e-14,"26","Atp1a2"
1.78240940753992e-10,0.726021626893786,0.873,0.617,4.46119250613168e-06,"26","Gpm6b"
8.49134876569342e-10,0.715509277086962,0.892,0.607,2.12529968256541e-05,"26","Fat3"
1.5740619592492e-08,0.710252159176146,0.676,0.429,0.000393971967780483,"26","Tiam1"
2.38126504870721e-07,0.70771097672744,0.676,0.346,0.00596006829040929,"26","Zfp804b"
1.94284291881609e-09,0.706402769187386,0.922,0.618,4.86274154150479e-05,"26","Sema6d"
2.41618299534047e-07,0.699499654019752,0.814,0.461,0.00604746441903765,"26","Tox"
7.54312163716902e-09,0.68510199305076,0.735,0.465,0.000188796791456703,"26","Gm16599"
1.27792337143254e-12,0.676330266491583,0.931,0.606,3.1985144063585e-08,"26","Ptprt"
1.24818224390543e-11,0.673019000854316,0.539,0.204,3.1240753382709e-07,"26","Prex2"
6.48562868900671e-09,0.657714152052858,0.843,0.514,0.000162328800457149,"26","Cacna2d3"
1.66690266707586e-08,0.651513063318638,0.745,0.45,0.000417209068542418,"26","Hdac8"
1.08217066713471e-08,0.642903112296734,0.814,0.551,0.000270856496277147,"26","Atp8a1"
2.21998349522246e-11,0.642565287406345,0.882,0.608,5.5563966901923e-07,"26","Cpe"
4.23685335730798e-09,0.637331865975723,0.412,0.112,0.000106044202680061,"26","Glul"
1.62841079608979e-14,0.636541385382162,1,0.808,4.07574938153313e-10,"26","Ntm"
2.09395517172243e-12,0.636058664245605,0.882,0.407,5.24096039930408e-08,"26","Nfia"
8.348775232972e-09,0.63386938173551,0.951,0.726,0.000208961495306056,"26","Pbx1"
4.92903135827262e-10,0.619771319910392,0.922,0.712,1.23368725866205e-05,"26","Robo1"
1.87260100896683e-14,0.613265327605548,1,0.859,4.68693306534308e-10,"26","Nrxn3"
1.64418178211494e-07,0.607509074704985,0.931,0.646,0.00411522258245548,"26","Trpm3"
2.9337454420635e-08,0.588446689967844,0.451,0.239,0.000734287146694073,"26","Lpp"
7.05012545530002e-13,0.577493391680671,0.961,0.57,1.76457590020704e-08,"26","Zbtb20"
2.4282138906365e-07,0.563928340693396,0.951,0.657,0.0060775765468741,"26","Gabrg3"
6.4250406480973e-08,0.561839329863179,0.931,0.626,0.00160812342381227,"26","Npas3"
1.99048464790439e-07,0.559370394689833,0.824,0.503,0.0049819840252399,"26","Nckap5"
1.34760532220504e-11,0.532131942578873,0.922,0.758,3.37292136094699e-07,"26","Son"
7.44916235566366e-32,9.09613806606914,0.426,0.002,1.86445084599906e-27,"27","Carmn"
6.15383362856478e-36,8.94358279798855,0.475,0.005,1.54024301889348e-31,"27","Slc38a11"
2.30424483401533e-30,8.74414542428906,0.396,0.004,5.76729439505697e-26,"27","Tbx3os1"
1.1363356967333e-42,8.10148428947547,0.554,0.016,2.84413461535377e-38,"27","Slc6a20a"
5.0986326993122e-27,7.69607871725666,0.366,0.005,1.27613677831085e-22,"27","Abcc9"
8.46719721571907e-53,7.6411689230429,0.693,0.024,2.11925479112233e-48,"27","Atp13a5"
2.51090495608977e-22,7.41757045002989,0.317,0.004,6.2845440145971e-18,"27","Zic1"
1.43763685572433e-32,7.29488501611135,0.436,0.007,3.59826128619244e-28,"27","Vtn"
1.87868056659366e-30,7.0392493921786,0.485,0.023,4.70214959012727e-26,"27","Cped1"
1.0455904574537e-35,6.81592016752318,0.515,0.016,2.61700835596086e-31,"27","Egflam"
1.29684998469995e-17,6.71346307601145,0.267,0.007,3.24588582670551e-13,"27","Ano1"
7.90768732208248e-19,6.50001293794215,0.317,0.013,1.97921505984402e-14,"27","Slc16a12"
4.47002277362697e-29,6.39263802742144,0.416,0.014,1.11880200001109e-24,"27","Ednra"
3.52376703707973e-20,6.33991454685977,0.277,0.007,8.81963651710686e-16,"27","Nid1"
1.00987234625739e-35,6.26178838759316,0.495,0.019,2.52760949544762e-31,"27","Morrbid"
5.97100077397668e-38,6.2267236288408,0.545,0.039,1.49448178371862e-33,"27","Colec12"
1.55024831729036e-24,6.07087650312194,0.376,0.015,3.88011651334604e-20,"27","Uaca"
4.79170902333431e-41,5.88773629460732,0.554,0.028,1.19931685145034e-36,"27","Pdgfrb"
6.30974048938803e-35,5.80469874793661,0.584,0.032,1.57926494708893e-30,"27","Phldb2"
1.09354551505082e-41,5.77379430193949,0.564,0.029,2.73703506962071e-37,"27","Itga1"
1.38296991312732e-16,5.72742370234335,0.277,0.014,3.46143539556637e-12,"27","4933431K23Rik"
5.58821241148444e-35,5.67652830195228,0.545,0.022,1.39867368447044e-30,"27","Rbpms"
1.09858434538053e-25,5.65872007268523,0.446,0.069,2.74964675805292e-21,"27","Il34"
5.52479215880763e-33,5.47919843799585,0.505,0.04,1.38280022942796e-28,"27","Dock6"
1.23690520386923e-47,5.45999440587784,0.703,0.045,3.09585003476429e-43,"27","Ebf1"
1.18394996855957e-31,5.14989504976321,0.485,0.034,2.96330837630774e-27,"27","Igfbp7"
1.08232725568548e-15,5.11781700002397,0.267,0.02,2.70895688825519e-11,"27","Mill2"
1.79237669616669e-17,5.10886090444805,0.287,0.016,4.48613963283561e-13,"27","Gjc1"
1.11036215720565e-21,5.08115990268139,0.406,0.036,2.77912544327002e-17,"27","Arhgap29"
4.49772186923054e-17,5.05953190478549,0.307,0.026,1.12573480664971e-12,"27","Itih5"
1.0020959641305e-16,4.92982800913344,0.307,0.035,2.50814598862224e-12,"27","Itga4"
4.24912678852908e-18,4.88469791024877,0.277,0.025,1.06351394390094e-13,"27","Kank2"
5.40165311157606e-41,4.8607049075595,0.871,0.27,1.35197975729637e-36,"27","Dlc1"
5.53629362105512e-25,4.84708685837291,0.406,0.019,1.38567893041389e-20,"27","Rgs5"
1.30741030347391e-21,4.84517931153554,0.455,0.07,3.27231724856486e-17,"27","Notch3"
2.15370804603332e-19,4.78848205491839,0.307,0.013,5.39051586841679e-15,"27","Cgnl1"
3.69886488476418e-33,4.71869636609687,0.653,0.111,9.25788892007626e-29,"27","Arhgap42"
1.45834240688314e-47,4.6714381260279,0.861,0.197,3.6500852101878e-43,"27","Cald1"
6.13371265786709e-14,4.61736817303623,0.327,0.042,1.53520694113755e-09,"27","Pde5a"
3.18959984486664e-20,4.61177488438875,0.366,0.042,7.98324945171671e-16,"27","Sntb1"
2.69956701847551e-16,4.4221921146671,0.327,0.067,6.75674629054235e-12,"27","Trpc3"
1.11308747532905e-16,4.38632419584274,0.356,0.04,2.78594664200108e-12,"27","Tns1"
4.84036027111763e-14,4.37286909538127,0.287,0.028,1.21149377225803e-09,"27","Lama4"
1.25393975676289e-26,4.27320849551982,0.545,0.12,3.13848581720185e-22,"27","Ror1"
3.57690256823913e-11,4.26965763074946,0.267,0.023,8.95262943804573e-07,"27","Stard8"
7.43368874589917e-29,4.16407547521117,0.475,0.039,1.8605779562111e-24,"27","2610307P16Rik"
3.5914607219706e-24,4.15803400328963,0.574,0.138,8.9890670410202e-20,"27","Myo1b"
9.21562042381639e-17,4.10512477066683,0.356,0.061,2.306577635877e-12,"27","Sept4"
6.35944588170863e-17,4.01110040628675,0.347,0.069,1.59170570973285e-12,"27","4930447N08Rik"
2.08969790789818e-10,3.95524194837683,0.297,0.068,5.23030489367834e-06,"27","Gcnt2"
2.25408610999932e-10,3.90904033522188,0.327,0.071,5.64175212471731e-06,"27","Pde3a"
3.14472476721923e-40,3.7824226746935,0.832,0.222,7.870931619873e-36,"27","Atp1a2"
2.26168212020231e-25,3.78238333912762,0.564,0.07,5.66076417865437e-21,"27","Adap2os"
1.96901504868048e-29,3.66982166070442,0.663,0.142,4.92824776534237e-25,"27","Lhfp"
4.33541756139155e-30,3.6569305799451,0.624,0.076,1.08511166144069e-25,"27","Adap2"
2.12150628046002e-28,3.65644376397786,0.743,0.318,5.30991806936339e-24,"27","Pde8b"
1.72221765697788e-11,3.6441039652437,0.376,0.12,4.31053857364994e-07,"27","Arhgap10"
6.93093795969065e-22,3.59297980263839,0.574,0.156,1.73474446193097e-17,"27","Rbms1"
1.47517022789481e-15,3.58429170878741,0.525,0.15,3.69220356339792e-11,"27","Igsf8"
1.51196399310135e-10,3.56183784908881,0.327,0.071,3.78429467833337e-06,"27","Cp"
2.37081371105779e-24,3.53592931189026,0.644,0.186,5.93390963740654e-20,"27","Plce1"
1.86300788903292e-12,3.51149969458392,0.277,0.06,4.66292244546049e-08,"27","Map3k20"
2.94675222323357e-20,3.50355691754741,0.634,0.265,7.37542613953131e-16,"27","Airn"
7.29114692568194e-08,3.47803198886606,0.356,0.12,0.00182490116402893,"27","Bicc1"
2.04090384711565e-10,3.47556851366572,0.396,0.132,5.10817823894575e-06,"27","Gm17276"
9.80710785822011e-08,3.40288282110829,0.257,0.054,0.00245462102583391,"27","Cspg4"
5.94823644592036e-12,3.35405168852605,0.257,0.038,1.48878410004941e-07,"27","Lrrk1"
2.08722706517095e-13,3.31893462802622,0.455,0.173,5.22412062141637e-09,"27","Lamc1"
9.74198971456191e-13,3.28276239336249,0.347,0.063,2.4383226056577e-08,"27","Cobll1"
1.87991277390093e-12,3.24641704541209,0.267,0.03,4.70523368179664e-08,"27","Rcsd1"
1.78527487903632e-15,3.23177501475454,0.465,0.141,4.46836449474e-11,"27","Wls"
2.1036932268893e-11,3.22699720594354,0.347,0.139,5.26533377758122e-07,"27","Col4a1"
2.48831973413722e-10,3.202512410338,0.426,0.136,6.22801546257204e-06,"27","St5"
8.9308360395444e-26,3.14162744671941,0.772,0.337,2.23529895233757e-21,"27","Ptn"
1.31776940813045e-09,3.12957817052986,0.327,0.1,3.29824505160971e-05,"27","Fstl1"
6.82495107679302e-35,3.12748864473874,0.891,0.4,1.70821700501052e-30,"27","Plcl1"
3.67329190185195e-15,3.11173066773973,0.515,0.109,9.19388230114523e-11,"27","Svil"
2.4165262561882e-09,3.0891708678436,0.317,0.113,6.04832356661343e-05,"27","Igf2r"
4.27853390231711e-09,3.06919994867653,0.267,0.058,0.000107087425041095,"27","Syne2"
7.88503576260132e-10,3.04413628627911,0.426,0.214,1.97354560102148e-05,"27","Arhgap6"
4.30922703344446e-26,3.03216245111824,0.723,0.274,1.07855643420081e-21,"27","Utrn"
3.17961170155949e-18,2.9357382603361,0.713,0.415,7.95825012783325e-14,"27","Rapgef5"
6.21906246772151e-10,2.92786087261294,0.267,0.065,1.55656914504602e-05,"27","Ptpn13"
5.10621862102533e-08,2.88804750440754,0.307,0.126,0.00127803545865643,"27","Nck2"
1.30363425921775e-11,2.82199919052227,0.416,0.161,3.26286618739611e-07,"27","9530026P05Rik"
2.7782349235696e-21,2.77239974477069,0.337,0.025,6.95364419020236e-17,"27","Flt1"
3.55702496099801e-14,2.74085119773724,0.554,0.26,8.90287777488192e-10,"27","Gm15261"
1.02391659912466e-25,2.71749983613399,0.851,0.497,2.56276085594911e-21,"27","Pitpnc1"
4.56676619262847e-09,2.70775887703939,0.366,0.151,0.000114301591035298,"27","Slc12a2"
1.81207664510216e-12,2.70544918732796,0.396,0.154,4.5354466350262e-08,"27","Gm11713"
2.17590852750979e-08,2.69838489589046,0.455,0.21,0.000544608145350426,"27","Grk5"
1.45226382271202e-20,2.6808213535237,0.743,0.427,3.63487112186592e-16,"27","Mast4"
8.05942395568492e-15,2.67256542016809,0.446,0.133,2.01719322186838e-10,"27","Gab1"
4.32205811979696e-12,2.66283825231425,0.604,0.314,1.08176792680398e-07,"27","Itpr1"
1.69734004844682e-07,2.63938639362766,0.465,0.258,0.00424827240725754,"27","Pdzd2"
1.1759796868582e-10,2.6221772002501,0.366,0.104,2.94335955823738e-06,"27","Daam2"
1.71676960064576e-10,2.6069581186642,0.297,0.064,4.29690263345628e-06,"27","Wwtr1"
5.97499017295633e-09,2.48604696501738,0.297,0.081,0.000149548029038924,"27","Tcf7l1"
4.52816993592393e-14,2.48328724278201,0.624,0.359,1.1333556532624e-09,"27","Pten"
5.75179062496537e-08,2.48254194730771,0.366,0.157,0.00143961567552258,"27","Sdc2"
2.17956644093318e-10,2.45750921494788,0.356,0.094,5.45523684501166e-06,"27","Pld1"
2.9480902156979e-19,2.43194041751686,0.505,0.143,7.37877500087028e-15,"27","Lama2"
5.09512289326592e-18,2.42235537773469,0.772,0.493,1.27525830895553e-13,"27","Pid1"
2.40309931558772e-12,2.39806324637513,0.525,0.24,6.01471727698451e-08,"27","Susd6"
6.50055998336742e-10,2.39234374594696,0.554,0.319,1.62702515823703e-05,"27","Stk39"
2.4498211443305e-18,2.35443675299495,0.752,0.508,6.13165734214481e-14,"27","Foxp1"
2.86023043787106e-09,2.25357740516254,0.525,0.355,7.15887076294748e-05,"27","Ctdspl"
6.13396501516094e-16,2.24578469637866,0.693,0.429,1.53527010364463e-11,"27","Apbb2"
1.02826333510071e-07,2.18859456188962,0.495,0.294,0.00257364030142357,"27","Lims1"
4.09112944449934e-14,2.10825430341944,0.525,0.184,1.02396878866374e-09,"27","Itpr2"
2.01060104648592e-09,2.09457802555202,0.406,0.144,5.03233335924961e-05,"27","Stard13"
3.10213915310402e-09,2.0685795916683,0.515,0.262,7.76434408630405e-05,"27","Adk"
8.42972790228248e-10,2.05421427822405,0.515,0.288,2.10987659666228e-05,"27","Unc13c"
7.58521632650025e-11,2.03465006994728,0.644,0.409,1.89850379435975e-06,"27","Ptprk"
4.26716208668754e-14,2.02524480070878,0.723,0.442,1.06802799867702e-09,"27","Rbms3"
1.48252209644999e-09,1.98954608650505,0.564,0.411,3.71060455520467e-05,"27","Grm3"
1.1911911196673e-07,1.97040478951093,0.277,0.086,0.0029814322534153,"27","Ccdc141"
1.6548941034552e-11,1.92981152255808,0.653,0.435,4.14203445153802e-07,"27","Diaph2"
1.5646624677004e-18,1.84343085828333,0.802,0.526,3.91619369040734e-14,"27","Plxdc2"
2.23721851893163e-20,1.79796809999927,0.851,0.571,5.59953423103396e-16,"27","Zbtb20"
4.31568692050818e-22,1.58593003138562,0.96,0.719,1.08017327933399e-17,"27","Rora"
1.20304083496622e-07,1.5660796830075,0.436,0.205,0.00301109090583694,"27","Prex2"
1.39580249050148e-07,1.55502211191947,0.485,0.286,0.00349355405347615,"27","Pard3b"
7.94093686698932e-11,1.38497976385592,0.703,0.622,1.98753708843876e-06,"27","Sptbn1"
3.66510369395658e-08,1.35650506694037,0.792,0.668,0.000917338803560393,"27","Prkg1"
1.56911386015933e-13,0.692595999246675,1,1,3.92733508059279e-09,"27","Malat1"
8.19502911137608e-24,7.35832047059904,0.315,0.002,2.05113383628632e-19,"28","Esco2"
3.15839343539614e-20,6.53320092822355,0.281,0.005,7.90514292945299e-16,"28","Gm3550"
4.3623349494881e-20,6.40596359732612,0.281,0.004,1.09184881450738e-15,"28","Ttk"
3.37566768403552e-59,6.38963668077612,0.775,0.012,8.44895864637249e-55,"28","Top2a"
2.75174901256416e-19,6.32274161860057,0.27,0.003,6.88735260354685e-15,"28","Hmmr"
2.12695930214555e-24,6.06203069334391,0.36,0.008,5.3235664373401e-20,"28","Ckap2"
3.38219841877092e-19,6.01070224310313,0.27,0.004,8.46530442234172e-15,"28","Ckap2l"
8.98909279775674e-37,5.84103614825301,0.517,0.012,2.24988003635053e-32,"28","Knl1"
1.64260955602035e-24,5.80243007063146,0.337,0.009,4.11128745776335e-20,"28","Kif20b"
3.31960804748412e-19,5.75943822654792,0.303,0.008,8.308646982048e-15,"28","Rmi2"
3.46293857678214e-18,5.75858734570333,0.27,0.006,8.66738896382802e-14,"28","Kntc1"
2.97498062742168e-18,5.71576470303518,0.281,0.005,7.44607901237372e-14,"28","Neil3"
1.28058853566903e-21,5.7059872818258,0.326,0.007,3.20518504592602e-17,"28","Ect2"
1.18128474977108e-27,5.69075795195535,0.427,0.015,2.95663760020204e-23,"28","Mis18bp1"
1.98520000772632e-24,5.62881554592359,0.348,0.009,4.96875709933821e-20,"28","Kif11"
4.72994798116123e-20,5.59177322126028,0.292,0.01,1.18385868020484e-15,"28","Kif23"
1.34601139907946e-21,5.55403365610582,0.315,0.006,3.36893193075598e-17,"28","Lockd"
1.05147424062398e-29,5.49887892221675,0.483,0.016,2.63173487685776e-25,"28","Gm12811"
5.53870710635328e-19,5.47521182563057,0.326,0.01,1.38628300164916e-14,"28","Cdca8"
1.3364789828797e-30,5.23630379389722,0.472,0.028,3.3450732462496e-26,"28","Kif15"
1.12082727401782e-31,5.14133331334158,0.483,0.02,2.80531858413919e-27,"28","Kif4"
4.79567941689385e-17,5.11189734022872,0.303,0.009,1.20031060125436e-12,"28","Tpx2"
1.09511476618241e-22,5.10365992234042,0.348,0.018,2.74096274827796e-18,"28","Cenpe"
8.60306699937609e-16,5.0875963903872,0.27,0.016,2.15326163927384e-11,"28","Omd"
4.31416146930612e-21,5.01390619916707,0.292,0.012,1.07979147415263e-16,"28","Kif18a"
7.57908454626207e-19,4.83571559307667,0.337,0.023,1.89696907108393e-14,"28","Aspn"
1.91458992215403e-14,4.78991781739789,0.292,0.018,4.79202711615932e-10,"28","Racgap1"
2.77339034132652e-25,4.72815362603109,0.404,0.017,6.94151868530614e-21,"28","Cenpf"
4.25876301928011e-16,4.66749973070987,0.303,0.023,1.06592579609562e-11,"28","Ogn"
4.36187787753404e-18,4.59737311026333,0.292,0.02,1.09173441396799e-13,"28","Ccnf"
5.28602448109575e-40,4.57777426762908,0.685,0.064,1.32303906737346e-35,"28","Diaph3"
3.37574893765955e-16,4.5572351023753,0.303,0.03,8.44916201606808e-12,"28","Gm41555"
8.98674475322953e-18,4.47897828677283,0.315,0.029,2.24929234428582e-13,"28","Kifc5b"
9.72391259628e-16,4.2890198244751,0.348,0.035,2.43379808372292e-11,"28","Mki67"
6.427529573463e-20,4.2178338913908,0.382,0.039,1.60874637694205e-15,"28","Atad2"
4.12878733385782e-14,4.19712602956976,0.337,0.039,1.03339418179127e-09,"28","Ecm2"
5.85235386054157e-23,4.08193958464452,0.461,0.072,1.46478564775495e-18,"28","Kctd18"
9.20271440346191e-16,3.92651730223365,0.258,0.019,2.30334738804248e-11,"28","Efcab11"
8.72425418088327e-14,3.89934629339357,0.36,0.054,2.18359357893327e-09,"28","Ncapd2"
3.12145979176173e-19,3.80051738867652,0.416,0.068,7.81270171280044e-15,"28","Smc2"
8.59988987211247e-14,3.79450759614908,0.281,0.026,2.15246643609103e-09,"28","Ccdc18"
5.06016356211523e-19,3.77207632908481,0.404,0.053,1.26650833796182e-14,"28","Prc1"
7.47110844184164e-19,3.73681353366169,0.371,0.035,1.86994373190854e-14,"28","Smc4"
1.215810681799e-15,3.5545543053324,0.348,0.039,3.04305255547471e-11,"28","Rad51b"
8.40077420921804e-44,3.53427642586387,0.798,0.082,2.10262977682518e-39,"28","Pdgfra"
8.76402781590481e-12,3.42429803841869,0.258,0.055,2.19354852204281e-07,"28","Ncapg2"
1.56162751764721e-14,3.31522657912822,0.303,0.036,3.9085975139192e-10,"28","Shc4"
7.15837997875589e-12,3.29964012045362,0.348,0.068,1.79167092488281e-07,"28","Nusap1"
5.53742595901458e-09,3.28845513665525,0.258,0.045,0.000138596234328176,"28","Plk4"
2.69612010682218e-11,3.16532059154547,0.326,0.073,6.74811901536524e-07,"28","Hjurp"
2.69752573690774e-10,3.16479105164969,0.27,0.056,6.75163716690639e-06,"28","Rad18"
7.69547723487584e-10,3.16179309407247,0.303,0.07,1.92610099711707e-05,"28","Rccd1"
1.91991673639954e-23,3.15599750078964,0.461,0.068,4.8053595995344e-19,"28","Pstpip2"
5.67152622260891e-12,3.12622629867753,0.258,0.056,1.41952629825679e-07,"28","Kifc1"
7.72191537366618e-08,3.10070572840706,0.258,0.055,0.00193271819887491,"28","Lig1"
3.89203522637543e-14,3.07654134396982,0.36,0.057,9.74137496809508e-10,"28","Syne2"
1.86687050611542e-09,3.06538468567244,0.258,0.052,4.67259018975628e-05,"28","Mms22l"
2.52117170003611e-27,3.05410440600538,0.551,0.067,6.31024064802037e-23,"28","Sox10"
3.67289590410251e-25,3.02946278757489,0.674,0.16,9.19289115837818e-21,"28","Arhgef3"
1.8200257101362e-20,3.00029040237918,0.539,0.138,4.55534234989989e-16,"28","Cenpp"
1.61749048344577e-17,2.96855014542682,0.461,0.08,4.04841693101641e-13,"28","Plpp4"
1.2002559234481e-18,2.96687291162519,0.404,0.054,3.00412055079824e-14,"28","Cspg4"
1.29615895082363e-17,2.96636968018451,0.461,0.072,3.24415623801646e-13,"28","Stk32a"
4.63576000343374e-15,2.91157149242756,0.326,0.055,1.16028437125943e-10,"28","Ntn1"
8.82225980436863e-16,2.8554145274743,0.371,0.065,2.20812340643542e-11,"28","Car8"
9.00624219122073e-11,2.82836915953648,0.36,0.088,2.25417235804064e-06,"28","Kif24"
1.26747550360522e-10,2.80260222043884,0.258,0.048,3.1723644379735e-06,"28","Tmpo"
5.84600288984199e-14,2.7874399535207,0.416,0.117,1.46319606329855e-09,"28","Ints2"
2.03049419279839e-12,2.76253912624263,0.348,0.087,5.0821239151551e-08,"28","Emid1"
2.45830130473985e-15,2.75146380482075,0.461,0.106,6.15288233563338e-11,"28","Gm42948"
1.69100722285473e-09,2.73790279888493,0.348,0.081,4.23242197808311e-05,"28","Cep128"
1.5168327590929e-17,2.73284291386119,0.416,0.064,3.79648071273361e-13,"28","Prkcq"
3.43444548729206e-12,2.70983238236008,0.371,0.083,8.5960736101433e-08,"28","Lmnb1"
2.18190743297379e-12,2.69726730239835,0.36,0.093,5.46109611399011e-08,"28","Cep192"
2.42026574612328e-13,2.68088146467747,0.517,0.17,6.05768313597196e-09,"28","Pola1"
6.56202361897709e-14,2.67343300173183,0.281,0.039,1.64240889159378e-09,"28","Gpr17"
6.68586121454659e-15,2.62663569385987,0.461,0.124,1.67340420338887e-10,"28","Cdk5rap2"
3.26432729969884e-09,2.59475064150518,0.292,0.067,8.17028479841623e-05,"28","Hunk"
3.78590839087378e-13,2.5922659327231,0.483,0.126,9.47575011151798e-09,"28","Myt1"
4.54832520979419e-38,2.58291395716283,1,0.493,1.13840031675939e-33,"28","Lhfpl3"
2.40116249754539e-11,2.56764151482514,0.315,0.054,6.00986961510635e-07,"28","Rgcc"
1.33924319529244e-11,2.51539561918972,0.315,0.096,3.35199179349744e-07,"28","G2e3"
3.03020792527546e-15,2.48151697312688,0.449,0.125,7.58430741617195e-11,"28","Gm45025"
5.43421979238805e-11,2.47013278967983,0.371,0.098,1.36013087183681e-06,"28","Ezh2"
4.95169885385499e-14,2.45710903525164,0.494,0.173,1.23936070613137e-09,"28","Adam12"
1.65162573752513e-19,2.41869427850552,0.663,0.209,4.13385405845165e-15,"28","Megf11"
1.09762416419384e-34,2.38898606371836,0.978,0.335,2.74724352056077e-30,"28","Sox6"
6.01422294560545e-30,2.36606633174005,0.854,0.311,1.50529986105559e-25,"28","Sh3d19"
8.00769301659712e-08,2.31601978835674,0.258,0.056,0.00200424548512409,"28","Gm2164"
3.28887381999479e-21,2.3142698963534,0.64,0.177,8.23172228406495e-17,"28","Chd7"
2.32103267658797e-23,2.31388743606226,0.82,0.334,5.80931268623203e-19,"28","Pcdh11x"
5.67253413300613e-16,2.29388341732783,0.517,0.136,1.41977856815011e-11,"28","Kank1"
1.34493897599884e-07,2.26432136796195,0.461,0.221,0.00336624776302749,"28","Ncapd3"
3.18792067297539e-28,2.2616600190963,0.933,0.509,7.9790466523901e-24,"28","Xylt1"
2.58888438422109e-23,2.24657813901923,0.798,0.37,6.47971872526697e-19,"28","Epn2"
4.07678559258128e-09,2.23806970042629,0.382,0.111,0.000102037866596717,"28","Vxn"
2.17199143410397e-10,2.23595011851234,0.303,0.061,5.43627736041884e-06,"28","Afap1l2"
4.02956212760625e-13,2.2047863360426,0.449,0.111,1.00855910491857e-08,"28","Vcan"
9.33399629127293e-08,2.1990561303461,0.382,0.132,0.0023362059317427,"28","Sulf2"
1.75485006804069e-07,2.19528450791581,0.382,0.154,0.00439221423529905,"28","Terf1"
9.90661820205531e-25,2.18486719234667,0.674,0.154,2.47952746979242e-20,"28","Arhgap31"
1.13905035012032e-07,2.18037927672389,0.27,0.069,0.00285092912131614,"28","Sema3d"
1.52080566396109e-08,2.13894064141859,0.258,0.059,0.00038064244963282,"28","Notch1"
4.42941635191571e-12,2.12798061730567,0.596,0.238,1.10863861872098e-07,"28","Cacng4"
3.61100802280289e-07,2.10804196184131,0.258,0.096,0.00903799198027334,"28","Prkg2"
1.62993362776033e-10,2.09732601290353,0.404,0.108,4.07956087692133e-06,"28","Gfra1"
3.05321405126999e-10,2.09059901681098,0.315,0.063,7.64188944892365e-06,"28","Zfp36l1"
4.19350745685719e-15,2.08013863639616,0.438,0.12,1.04959298137679e-10,"28","Abtb2"
4.49819142957392e-08,2.06734852574502,0.315,0.097,0.00112585233290806,"28","Kcnh8"
9.70852300195049e-20,2.05372992668967,0.764,0.345,2.42994622215819e-15,"28","Mir9-3hg"
6.67512398095791e-13,2.05005493595479,0.427,0.114,1.67071678119395e-08,"28","Wipf1"
5.98623126012352e-32,2.04352697190937,0.978,0.603,1.49829382209632e-27,"28","Pcdh15"
9.38012089224364e-16,2.03275132230558,0.674,0.293,2.34775045811966e-11,"28","Chst11"
4.87878660215899e-24,2.01708914407249,0.798,0.306,1.22111149865437e-19,"28","Sdk1"
1.40640055499984e-17,2.00930438006,0.652,0.218,3.52007994910911e-13,"28","Gm4876"
7.23557610784053e-32,2.00870965402364,0.978,0.548,1.81099234403141e-27,"28","Dscam"
1.09102046759752e-07,2.00093268752625,0.281,0.063,0.00273071512834984,"28","Zcchc24"
1.95385082055811e-22,1.99511373124653,0.798,0.403,4.89029321877489e-18,"28","Plppr1"
2.90947093612383e-07,1.99333127324217,0.449,0.189,0.00728211480602433,"28","Epb41"
4.14385943922082e-27,1.93349965064963,0.933,0.289,1.03716657904258e-22,"28","Nxph1"
7.91905731715021e-10,1.89375600043614,0.461,0.193,1.98206085590953e-05,"28","Fign"
2.6313581064698e-07,1.88899156284528,0.539,0.219,0.00658602620468327,"28","Sema5a"
8.97655948104321e-08,1.88896768160278,0.472,0.208,0.0022467430725103,"28","Lnx1"
9.88525643358342e-08,1.84607416584715,0.337,0.12,0.00247418083276159,"28","Sox5os4"
8.50521417311303e-11,1.80463279851054,0.315,0.101,2.12877005538846e-06,"28","Cpq"
2.31704990511165e-12,1.77742741716639,0.584,0.201,5.79934420750396e-08,"28","E130114P18Rik"
3.46284764878299e-25,1.77693801478955,0.933,0.392,8.66716138013893e-21,"28","Gm38505"
1.06092479312905e-08,1.77270296946713,0.348,0.11,0.000265538866472269,"28","Svil"
2.39761354526542e-07,1.74534446699386,0.315,0.117,0.00600098694244483,"28","Elf2"
2.52558507679239e-14,1.74294616892612,0.73,0.358,6.32128688870366e-10,"28","Zfp462"
2.83418510781953e-20,1.73436305777087,0.91,0.448,7.0936819063615e-16,"28","Maml2"
2.18755933964507e-09,1.68859039851518,0.584,0.291,5.47524227119766e-05,"28","Cspg5"
1.67811621741584e-19,1.68143124194351,0.865,0.492,4.20015708057012e-15,"28","Pid1"
8.59743804853886e-17,1.66897880754828,0.73,0.366,2.15185276916879e-12,"28","Gm32509"
2.34857616102716e-08,1.64396177302467,0.393,0.175,0.000587825127343488,"28","Tmem163"
2.71876108744116e-07,1.63525396617697,0.326,0.121,0.00680478712575647,"28","Zfp521"
2.40804852496536e-18,1.63239530928831,0.921,0.618,6.02710465313579e-14,"28","Sema6d"
4.21918423523881e-10,1.61650568458623,0.618,0.323,1.05601962223792e-05,"28","Srgap1"
7.72521030392219e-09,1.58971074086651,0.506,0.19,0.000193354288696869,"28","Cdh20"
1.76393614834798e-17,1.58789813506458,0.854,0.578,4.41495578570015e-13,"28","Mmp16"
1.29335530999577e-16,1.58467213082123,0.831,0.479,3.23713900538841e-12,"28","Zeb1"
2.80104973267619e-29,1.55202620497486,0.989,0.563,7.01074737591523e-25,"28","Ptprz1"
3.89096504180244e-24,1.52787566620905,0.978,0.552,9.73869640312734e-20,"28","Sox2ot"
1.24441328933919e-10,1.52465656064653,0.472,0.144,3.11464202188705e-06,"28","Stard13"
5.12896302725963e-09,1.52280414961177,0.517,0.247,0.000128372815609281,"28","Grik4"
4.67413856596431e-13,1.47231881766445,0.708,0.323,1.16989014167521e-08,"28","Tmem132d"
2.08374729310009e-17,1.45225265561828,0.876,0.598,5.21541109990022e-13,"28","Tnr"
4.96714561716553e-14,1.44803186340802,0.618,0.263,1.24322687652036e-09,"28","Pde7b"
9.37593261041869e-08,1.41359854439348,0.427,0.182,0.00234670217306169,"28","Sema5b"
1.02571052325181e-08,1.39658673383745,0.685,0.426,0.000256725086864696,"28","Lcorl"
4.00582755929321e-14,1.33812781684448,0.865,0.569,1.0026185798155e-09,"28","Slc35f1"
1.20419068957217e-07,1.3320470399338,0.483,0.2,0.00301396887693019,"28","Serpine2"
1.94658584625875e-07,1.3253194077003,0.371,0.127,0.00487210971460103,"28","Bcan"
3.09661054076688e-11,1.31756839988933,0.764,0.541,7.75050652248543e-07,"28","Rev3l"
6.39232472718562e-10,1.31305345173916,0.719,0.486,1.59993495596729e-05,"28","Agap1"
1.29670558714182e-07,1.31128364402012,0.539,0.353,0.00324552441405727,"28","Ankrd28"
1.81866517921706e-07,1.30274514567708,0.573,0.351,0.00455193707706238,"28","Pknox2"
3.62896205495986e-07,1.28754246588147,0.404,0.22,0.00908292912735904,"28","Eps8"
1.30475314578833e-18,1.28481017654224,0.921,0.606,3.26566664859361e-14,"28","Ptprt"
6.50996838556168e-11,1.28353995142024,0.708,0.426,1.62937998722223e-06,"28","Hnrnpa2b1"
1.66625223938113e-18,1.27680973839832,0.91,0.574,4.17046272994704e-14,"28","Luzp2"
1.25373971844912e-13,1.27598364999374,0.82,0.462,3.13798514130631e-09,"28","Sox5"
8.03715357235375e-14,1.26229389314931,0.809,0.515,2.01161916762442e-09,"28","Ncald"
1.88171420293874e-07,1.23327179345147,0.607,0.356,0.00470974247853538,"28","Spon1"
2.48821081062119e-09,1.21278756724715,0.494,0.169,6.22774283790378e-05,"28","Tns3"
4.51669209595238e-14,1.21034403767614,0.876,0.561,1.13048286469592e-09,"28","Dscaml1"
5.00713997836553e-21,1.20445410310742,1,0.834,1.25323706518511e-16,"28","Lrrc4c"
2.74396126703375e-10,1.204140794737,0.82,0.595,6.86786065525878e-06,"28","Csmd2"
1.64166523680038e-07,1.19195100955103,0.573,0.337,0.00410892392118768,"28","Pard3"
1.27618029701419e-16,1.18651582739477,0.966,0.626,3.19415166539681e-12,"28","Brinp3"
8.89335058029365e-08,1.18377499538707,0.719,0.555,0.0022259167167417,"28","Fchsd2"
1.41134994894487e-14,1.17066030234057,0.865,0.614,3.53246778721411e-10,"28","Sntg1"
3.22095037538722e-17,1.16543895382131,0.899,0.631,8.06171669455668e-13,"28","Pde4b"
5.88441943673494e-16,1.14046183004094,0.989,0.774,1.47281134082039e-11,"28","Grid2"
8.4132674137558e-08,1.13317669091369,0.674,0.34,0.00210575670098894,"28","Grik1"
4.4430274121462e-11,1.1121732440174,0.775,0.569,1.11204533098607e-06,"28","Ankrd11"
2.9325550090824e-09,1.11042864369028,0.865,0.611,7.33989193223235e-05,"28","Cntn1"
2.56489078926717e-15,1.10872014279773,0.955,0.687,6.4196651564568e-11,"28","Sgcd"
4.56150705595157e-11,1.09006880150838,0.82,0.503,1.14169960103412e-06,"28","Nckap5"
1.30257782425083e-09,1.08329626939013,0.753,0.408,3.2602220363174e-05,"28","Sorcs3"
4.89083767703433e-20,1.0710574902274,0.944,0.435,1.22412776218492e-15,"28","Gpc5"
2.37891702856756e-17,1.06788485048471,0.798,0.295,5.95419143080174e-13,"28","Gm20713"
3.17267641842735e-19,1.06387166176253,0.978,0.626,7.94089180768181e-15,"28","Npas3"
5.0809236857641e-08,1.0574125377766,0.663,0.374,0.0012717043893099,"28","Grin3a"
1.26492882431622e-21,1.05547063047018,1,0.803,3.16599035438107e-17,"28","Anks1b"
7.03406684735026e-12,1.04971448233181,0.652,0.338,1.7605565912233e-07,"28","Ptn"
7.38911862670337e-14,1.03602039850665,0.978,0.698,1.84942250107759e-09,"28","Dcc"
1.14470840129114e-16,1.01451161526243,0.978,0.83,2.86509065759159e-12,"28","Kcnd2"
1.47149979940852e-07,0.992354591035678,0.708,0.436,0.00368301684793957,"28","Sorcs1"
3.85294961077808e-07,0.952616762932874,0.697,0.414,0.00964354758081646,"28","Asap1"
2.10699516191198e-17,0.89642755255089,1,0.777,5.2735981907495e-13,"28","Opcml"
1.32643022264009e-11,0.88886615537299,0.787,0.407,3.31992220424589e-07,"28","Nfia"
1.80030164898442e-12,0.872534196611379,0.944,0.795,4.5059749972431e-08,"28","Nav3"
3.4333313776252e-12,0.853820780126831,0.933,0.587,8.59328510505812e-08,"28","Sgcz"
2.04614039799511e-09,0.84271575080236,0.854,0.613,5.12128480214195e-05,"28","Gpc6"
7.87435729076097e-14,0.819886167726953,0.989,0.688,1.97087288630456e-09,"28","Ctnna3"
1.89146316975055e-13,0.814998544920294,0.899,0.532,4.73414316756865e-09,"28","Qk"
1.25444403023123e-09,0.795778671133601,0.831,0.591,3.13974796326575e-05,"28","Astn2"
2.12359205887351e-08,0.794215366843249,0.854,0.707,0.000531513856415452,"28","Dmd"
1.43780946266154e-17,0.783998300430936,0.989,0.631,3.59869330409556e-13,"28","Erbb4"
1.08884444770186e-07,0.767212630003624,0.618,0.45,0.00272526876815299,"28","Phlpp1"
1.34832135072634e-07,0.750390202403941,0.618,0.4,0.00337471350873297,"28","Dock10"
2.19912842980289e-13,0.748889206859596,0.966,0.861,5.50419854695365e-09,"28","Mdga2"
7.42198026884127e-12,0.637766588749887,1,0.909,1.85764744148828e-07,"28","Pcdh9"
3.37999032585927e-07,0.575791392831065,0.989,0.766,0.00845977778659316,"28","Ncam2"
4.46466824605717e-08,0.541194032445057,0.989,0.866,0.00111746181530565,"28","Ctnna2"
4.89231708031635e-19,2.76763359292487,0.43,0.05,1.22449804203238e-14,"29","C030005K06Rik"
1.0010283597924e-16,2.74964824746665,0.465,0.083,2.5054738817244e-12,"29","Gm12239"
4.21915277614829e-17,2.7394742294676,0.407,0.065,1.05601174834215e-12,"29","Car8"
1.15541427578241e-15,2.71275435443353,0.384,0.054,2.8918863908558e-11,"29","Rgcc"
2.86868395638886e-13,2.60777372550507,0.349,0.046,7.18002907444567e-09,"29","Etv4"
3.02259328998251e-14,2.42595119272959,0.442,0.073,7.56524874549721e-10,"29","Frmpd1"
1.75337164816421e-18,2.40168975627864,0.326,0.045,4.3885138981902e-14,"29","Folh1"
9.72163743989085e-10,2.35680761868981,0.267,0.052,2.43322863483028e-05,"29","Dbx2"
9.41581377095028e-15,2.3356469431642,0.419,0.073,2.35668402873115e-10,"29","Stk32a"
4.69954556754896e-14,2.32301907895931,0.36,0.051,1.17624926010183e-09,"29","Atp13a4"
1.41378796586616e-09,2.3033807211215,0.349,0.068,3.5385698997664e-05,"29","Sox10"
4.82335234293641e-11,2.28157929022,0.314,0.066,1.20723685791355e-06,"29","Trib2"
3.93702884140848e-12,2.28131998133773,0.372,0.067,9.85398948716129e-08,"29","Prrx1"
7.74246610232176e-10,2.25598593212666,0.302,0.064,1.93786184075011e-05,"29","Gm26512"
6.54712151881594e-13,2.22357072900735,0.326,0.054,1.63867904494444e-08,"29","Cspg4"
4.69212573392911e-09,2.21634919621707,0.302,0.064,0.000117439214994512,"29","Ampd3"
8.95792326363513e-17,2.21483501984979,0.384,0.055,2.24207861365524e-12,"29","Gm2164"
4.64269200173269e-24,2.17652181910907,0.756,0.153,1.16201938111367e-19,"29","Nhsl1"
9.93920207160826e-10,2.17515269600035,0.302,0.06,2.48768288650283e-05,"29","Gm33680"
1.133739873808e-14,2.15162576697067,0.453,0.079,2.83763753015405e-10,"29","Tnfaip8"
2.50204335499959e-09,2.12515593793029,0.419,0.106,6.26236431322846e-05,"29","Gm42948"
8.11104109462311e-11,2.12451014069126,0.36,0.061,2.03011247557322e-06,"29","Afap1l2"
5.3958353000387e-13,2.11462215574002,0.326,0.064,1.35052361724669e-08,"29","Prkcq"
5.36551830852359e-14,2.10310376489572,0.407,0.072,1.34293557744037e-09,"29","Ednrb"
1.69578883178394e-30,2.09921825117372,0.988,0.493,4.24438986707202e-26,"29","Lhfpl3"
1.35119059383769e-24,2.09399945552411,0.616,0.083,3.38189493731636e-20,"29","Pdgfra"
2.90750697271295e-14,2.07368451947548,0.5,0.12,7.27719920200324e-10,"29","Zfp521"
1.0840562824601e-10,2.07090732072702,0.407,0.096,2.71328446936938e-06,"29","Tes"
2.4520463969294e-09,2.06156280807804,0.291,0.063,6.13722692687461e-05,"29","Zcchc24"
6.22316919781849e-13,2.04917465744171,0.372,0.064,1.55759701852199e-08,"29","Scrg1"
4.66418778336544e-29,2.03793481887559,0.977,0.435,1.16739956029854e-24,"29","Gpc5"
3.8899123284436e-29,2.00377443907979,0.826,0.203,9.73606156686148e-25,"29","Rorb"
3.1650287939514e-10,1.99533247090341,0.349,0.071,7.92175056838096e-06,"29","Fgd6"
2.17799712675284e-17,1.99524011757387,0.616,0.185,5.45130900854968e-13,"29","Gng12"
7.71371593846691e-15,1.99203981160785,0.5,0.125,1.93066596223888e-10,"29","Gm45025"
2.04386005889841e-13,1.99140860770338,0.453,0.109,5.11557734141683e-09,"29","Pdlim5"
1.002191519049e-25,1.97459464606421,0.953,0.459,2.50838515302774e-21,"29","Gm3764"
2.37930833811227e-19,1.96635432765788,0.558,0.108,5.95517083946121e-15,"29","Gli3"
9.5362029498106e-30,1.96266533279527,0.988,0.558,2.38681623630809e-25,"29","Wdr17"
3.97456037233591e-18,1.95379131306198,0.674,0.189,9.94792715591955e-14,"29","Cdh20"
2.69706014028643e-14,1.94207144433986,0.419,0.098,6.75047182512291e-10,"29","Dpf3"
1.79515523519664e-25,1.93554731393776,0.919,0.294,4.49309403817368e-21,"29","Gm20713"
5.59063044192372e-19,1.91811229682798,0.605,0.138,1.39927889330909e-14,"29","Paqr8"
4.65656519985232e-16,1.91588579235954,0.57,0.135,1.16549170387104e-11,"29","Kank1"
1.57921783910638e-28,1.91073906160058,0.965,0.508,3.95262432949935e-24,"29","Xylt1"
2.3594661742774e-13,1.90655332253902,0.43,0.081,5.90550788759892e-09,"29","Tcf7l1"
2.30526005473003e-27,1.90653864245037,0.977,0.335,5.76983539098379e-23,"29","Sox6"
2.77286116200257e-09,1.90523998891732,0.267,0.049,6.94019420237624e-05,"29","Gldc"
6.69325986572806e-15,1.90461121914607,0.453,0.088,1.67525601179308e-10,"29","Pla2g7"
1.38167536236841e-10,1.9009038283908,0.302,0.056,3.4581952644719e-06,"29","4930505G20Rik"
1.54123859264445e-18,1.8952613328882,0.733,0.218,3.8575660735298e-14,"29","Gm4876"
1.02864423300347e-24,1.89392395896605,0.965,0.447,2.57459365078438e-20,"29","Maml2"
2.02479974002441e-13,1.89209027288189,0.465,0.113,5.06787126930711e-09,"29","Lrig1"
2.12155349922604e-10,1.89111709128057,0.419,0.126,5.31003625321285e-06,"29","Myt1"
1.01328151574368e-14,1.88408013289956,0.523,0.113,2.53614230575485e-10,"29","Phkg1"
4.49439397665992e-10,1.880953273457,0.488,0.161,1.12490186841821e-05,"29","Arhgef3"
3.18739004730993e-10,1.86998691157273,0.372,0.09,7.97771854941201e-06,"29","Prdx6"
6.94905778738858e-15,1.86939204763698,0.57,0.126,1.73927967360549e-10,"29","Bcan"
2.28016326216511e-10,1.86448673924844,0.384,0.078,5.70702062887306e-06,"29","Palld"
4.05795603025833e-30,1.86034495916837,0.988,0.563,1.01566581481336e-25,"29","Ptprz1"
1.08720831034309e-19,1.84929522045102,0.605,0.132,2.72117367995773e-15,"29","Nwd1"
2.55740226754148e-11,1.84092874845765,0.442,0.092,6.40092213542958e-07,"29","Prdm16"
3.17102067317557e-10,1.83455424625142,0.349,0.071,7.93674764289112e-06,"29","F3"
1.41893151530412e-12,1.83100708037122,0.581,0.172,3.55144368965467e-08,"29","Arhgef26"
1.10977808155739e-13,1.82837039810257,0.395,0.087,2.77766356032999e-09,"29","Gramd3"
3.00673893865048e-08,1.82547993703287,0.337,0.101,0.000752556688954829,"29","Cpq"
1.27949798586403e-15,1.8222339733666,0.395,0.071,3.20245550881909e-11,"29","Acsbg1"
1.12785808194359e-13,1.82164525082422,0.395,0.086,2.82291599329661e-09,"29","Slc39a12"
1.66106089011549e-12,1.81507035986732,0.384,0.077,4.15746930187005e-08,"29","Gm31356"
1.89664255663041e-15,1.81188640023577,0.535,0.12,4.74710665499025e-11,"29","Abtb2"
1.69630514651516e-11,1.80300625014883,0.337,0.081,4.24568215121279e-07,"29","Tjp2"
1.3586812837446e-20,1.78723030096027,0.86,0.344,3.40064338508435e-16,"29","Mir9-3hg"
7.84568696687585e-14,1.78672260063201,0.465,0.099,1.96369699093936e-09,"29","Htra1"
4.08661960624431e-17,1.7833040117312,0.86,0.41,1.02284002124689e-12,"29","Grm3"
4.18245339308852e-14,1.77904584829087,0.419,0.091,1.04682625975613e-09,"29","Slc7a11"
2.00845656493179e-08,1.77643017100441,0.291,0.065,0.000502696593636777,"29","Ptpn13"
9.19763246928451e-08,1.76453139124712,0.302,0.08,0.00230207543073722,"29","Plpp4"
1.77054999105848e-19,1.75445883688652,0.767,0.216,4.43150957262027e-15,"29","Plpp3"
4.0801987275047e-09,1.75288498393538,0.291,0.081,0.000102123293950715,"29","Vegfa"
7.94615403529218e-10,1.74839561698292,0.407,0.111,1.98884289349328e-05,"29","Vcan"
2.64521720987442e-07,1.74682637477758,0.267,0.064,0.0066207141545947,"29","Zfp36l1"
2.14627148764545e-21,1.74053655191554,0.581,0.111,5.3719029064278e-17,"29","8030451A03Rik"
4.35154531670513e-14,1.73944319692832,0.663,0.2,1.08914827731813e-09,"29","E130114P18Rik"
1.49828572662933e-17,1.73871105888496,0.57,0.139,3.75005934518054e-13,"29","Hepacam"
1.81507836095524e-19,1.73385340495609,0.593,0.155,4.54295962963487e-15,"29","Arhgap31"
8.37778948923331e-18,1.73319821783597,0.709,0.273,2.09687693126021e-13,"29","Sash1"
1.91339283660895e-09,1.72714591764717,0.302,0.066,4.78903093074854e-05,"29","Fgfr3"
1.25426815495921e-10,1.72442969031549,0.256,0.058,3.13930776504741e-06,"29","Plxnb1"
2.53033573591784e-12,1.71048888059881,0.291,0.051,6.33317731342876e-08,"29","Grin2c"
3.52680494882992e-13,1.70215604675531,0.477,0.148,8.82724010642641e-09,"29","Ddah1"
1.11746016136241e-07,1.69944831081267,0.302,0.087,0.00279689103787397,"29","Emid1"
1.43366129689414e-08,1.69874451836688,0.535,0.21,0.000358831085999635,"29","Megf11"
6.6306441469502e-25,1.6949447937658,0.872,0.298,1.65958392354017e-20,"29","Slc4a4"
1.27761465140555e-28,1.69267645291367,0.977,0.399,3.19774171100296e-24,"29","Slc1a2"
1.16724411991736e-13,1.68565847185687,0.616,0.22,2.92149530774116e-09,"29","Glud1"
6.65543679545726e-12,1.68215536314013,0.523,0.152,1.665789275535e-07,"29","Bmpr1b"
1.2727086438034e-07,1.67772002054562,0.291,0.064,0.00318546246457554,"29","Gli2"
4.52967719856042e-15,1.66879903839462,0.721,0.292,1.13373290602769e-10,"29","Chst11"
1.06633280866343e-09,1.66415088406381,0.419,0.136,2.6689243868037e-05,"29","Cyp7b1"
2.94611022783025e-22,1.6614238176797,0.686,0.183,7.37381928923632e-18,"29","Itpr2"
9.63606630364931e-17,1.6351505213315,0.5,0.102,2.41181103514039e-12,"29","Gm6145"
7.60027942656214e-09,1.6321701059575,0.256,0.052,0.000190227393767424,"29","Megf10"
7.92576159907707e-10,1.62309724186338,0.419,0.131,1.983738870633e-05,"29","Gm13684"
8.73412886818572e-09,1.62218493754442,0.267,0.055,0.00021860651144182,"29","Slc7a10"
3.27613687211277e-10,1.6206262239716,0.442,0.181,8.19984297721106e-06,"29","Mmd2"
2.08794870715872e-09,1.61898429786859,0.407,0.125,5.22592681914757e-05,"29","Mtss2"
1.36812356061879e-16,1.61756309507501,0.686,0.221,3.42427645987277e-12,"29","Myo6"
3.59162420000381e-16,1.61614493647442,0.535,0.142,8.98947621018953e-12,"29","Myo10"
2.5413370951442e-10,1.60572388925182,0.477,0.138,6.36071261543641e-06,"29","Rfx4"
4.85873439899215e-11,1.60546895694389,0.407,0.11,1.21609263272375e-06,"29","Svil"
1.00670464925059e-14,1.60459548992203,0.849,0.334,2.5196810666093e-10,"29","Pcdh11x"
2.29612245168091e-07,1.59971227871206,0.419,0.155,0.00574696488431216,"29","Slc6a11"
6.22803548820049e-20,1.59722462689174,0.977,0.573,1.5588150023417e-15,"29","Luzp2"
1.63272473759702e-26,1.59553270928439,1,0.626,4.08654674573157e-22,"29","Npas3"
2.11906196012411e-25,1.59300518765781,0.86,0.255,5.30380017999464e-21,"29","Slc1a3"
1.72130078326443e-14,1.59057747824941,0.663,0.289,4.30824373043255e-10,"29","Sfxn5"
1.61406003116485e-11,1.5881478045668,0.593,0.219,4.0398308520025e-07,"29","Eps8"
3.67785238870731e-14,1.58414565982338,0.721,0.37,9.20529674369553e-10,"29","Epn2"
8.92027699961319e-13,1.56877577290566,0.64,0.281,2.23265613023319e-08,"29","Kcnip3"
1.14560763118366e-13,1.56408397241371,0.43,0.092,2.86734134008959e-09,"29","Slco1c1"
1.94844250317295e-24,1.56258987679621,0.965,0.407,4.87675674119157e-20,"29","Nfia"
1.97963241191907e-10,1.5452690054378,0.291,0.071,4.95482196379223e-06,"29","Gm13872"
2.36583392263819e-11,1.54335632303889,0.442,0.114,5.92144572497112e-07,"29","Wipf1"
2.22113297045116e-14,1.54235244823924,0.558,0.137,5.5592737117422e-10,"29","Acss1"
2.95843690909924e-09,1.53303721327537,0.477,0.193,7.40467173978449e-05,"29","Arap2"
2.11276580554259e-16,1.52986282650052,0.465,0.104,5.28804153469255e-12,"29","Daam2"
6.63713222408254e-12,1.52593805309682,0.488,0.149,1.66120782436562e-07,"29","Insyn2a"
8.13664062219754e-15,1.51851780957507,0.709,0.262,2.03651978132982e-10,"29","Pde7b"
7.18558837908617e-21,1.51827325164621,0.872,0.379,1.79848091540148e-16,"29","Rgs20"
1.16721553546352e-22,1.50881784850837,0.814,0.223,2.92142376371164e-18,"29","Atp1a2"
1.05947961011801e-07,1.50744610795349,0.326,0.097,0.00265177151616438,"29","Kcnh8"
3.76370794540353e-18,1.50462391873481,0.977,0.618,9.42018461655049e-14,"29","Sema6d"
3.45813176261424e-09,1.50400377791139,0.5,0.218,8.65535798864718e-05,"29","Cuedc1"
7.20675640204067e-09,1.50367064797195,0.337,0.078,0.000180377905986676,"29","Gja1"
6.40085222048743e-08,1.50080030859484,0.291,0.073,0.0016020693022658,"29","Creb5"
1.25417350489597e-11,1.49611003831998,0.314,0.079,3.13907086540412e-07,"29","Map3k1"
7.52121671891864e-24,1.49480386746812,0.965,0.502,1.88248533257815e-19,"29","Nckap5"
1.20150199421831e-07,1.48541850054492,0.337,0.078,0.003007239341329,"29","Mfge8"
3.75657927858576e-14,1.48286185205778,0.709,0.29,9.40234227637231e-10,"29","Cspg5"
2.79038164560026e-25,1.47886886049731,1,0.808,6.98404622077288e-21,"29","Ntm"
5.16116476240431e-10,1.47665890143448,0.349,0.087,1.29178792838217e-05,"29","Tnc"
2.33255928516392e-11,1.47626786393917,0.407,0.098,5.83816263483678e-07,"29","Gm973"
1.72302187589469e-17,1.47472347108555,0.919,0.478,4.31255145317682e-13,"29","Zeb1"
3.87129655889423e-10,1.45600950829196,0.581,0.217,9.68946815725637e-06,"29","Bcl2"
1.3734536849913e-17,1.45367128711383,0.814,0.361,3.43761722816473e-13,"29","Trps1"
1.57239877473348e-07,1.44508963363137,0.302,0.112,0.00393555689328043,"29","Vxn"
2.3952809618626e-08,1.44074721341352,0.384,0.109,0.000599514871944591,"29","Rgma"
3.46214739749246e-12,1.43707748437933,0.663,0.254,8.66540872118388e-08,"29","Dock1"
7.79819612491622e-12,1.4347275424261,0.5,0.144,1.95181050810528e-07,"29","Fads2"
3.31081797449568e-22,1.42820522299619,0.965,0.548,8.28664630836524e-18,"29","Dscam"
9.19684454740564e-09,1.42439338173563,0.279,0.066,0.000230187822177016,"29","Egfros"
5.56289555694754e-12,1.41858760015989,0.547,0.134,1.3923371289484e-07,"29","Tcf7l2"
3.48982794076818e-07,1.41674922254666,0.326,0.098,0.00873469035294867,"29","Gsap"
9.66242575657419e-12,1.41650989987519,0.64,0.273,2.41840854261296e-07,"29","Camk2g"
1.54489098919212e-11,1.39562037654176,0.802,0.431,3.86670765684896e-07,"29","Gm48747"
9.35491617811901e-13,1.39500060602749,0.593,0.178,2.34144197022141e-08,"29","Chd7"
4.72625706185222e-11,1.38954666881284,0.419,0.112,1.18293488001099e-06,"29","Glul"
6.4379954713855e-18,1.38867553540124,0.802,0.337,1.61136588653308e-13,"29","Ptn"
7.57078585839612e-10,1.3871030535884,0.581,0.239,1.89489199249796e-05,"29","Gm14858"
1.1708628324572e-07,1.3863019667647,0.419,0.147,0.00293055258335713,"29","Pard3bos1"
1.31193158809502e-07,1.3695891681318,0.395,0.158,0.00328363357184301,"29","Ptch1"
1.80421408924849e-10,1.35800160920893,0.465,0.118,4.51576744398004e-06,"29","Glis3"
1.56303035266875e-13,1.34663965216393,0.791,0.45,3.91210866969462e-09,"29","Hdac8"
4.68009811667155e-20,1.34631521285451,0.93,0.445,1.17138175762172e-15,"29","Msi2"
2.3563583613042e-09,1.34111466735322,0.512,0.219,5.89772934250828e-05,"29","Prkd1"
3.72276728402214e-16,1.33381857990714,0.884,0.483,9.31771423517902e-12,"29","Trim9"
2.30541665274372e-19,1.32891086281441,0.953,0.532,5.77022734015226e-15,"29","Qk"
5.86917516319287e-25,1.31941427858267,0.988,0.719,1.46899585159554e-20,"29","Rora"
3.88446640648857e-10,1.31645936521478,0.326,0.084,9.72243096880025e-06,"29","Ndrg2"
1.76069080715551e-19,1.29298010070716,0.93,0.462,4.40683302122954e-15,"29","Sox5"
1.37740620704908e-07,1.2847117062727,0.43,0.144,0.00344750999562313,"29","Stard13"
3.10863082905243e-09,1.27806510082942,0.43,0.143,7.78059210203533e-05,"29","Lhfp"
1.41949392962666e-10,1.27295917586427,0.384,0.108,3.55285135646257e-06,"29","Abca1"
2.73789445623589e-08,1.26931815640297,0.465,0.187,0.000685267603451281,"29","Plce1"
7.7054969397054e-09,1.26708377804645,0.43,0.155,0.000192860882903886,"29","Slc27a1"
6.01583444022337e-11,1.26475894719277,0.581,0.29,1.50570320204351e-06,"29","Ddhd1"
1.55891042849772e-07,1.25631882313741,0.267,0.092,0.00390179691148694,"29","Tmc7"
1.96337847161903e-12,1.25594419575005,0.465,0.144,4.91413997661526e-08,"29","Lama2"
2.59708661672957e-10,1.25217391060964,0.593,0.238,6.50024809301244e-06,"29","Mapk4"
4.47878940262986e-09,1.24666125538459,0.64,0.284,0.000112099619958423,"29","Plcb4"
4.56907027257044e-08,1.22808803605693,0.488,0.219,0.00114359259852166,"29","Sema5a"
1.29203173584864e-15,1.20649648741769,0.86,0.513,3.23382623165556e-11,"29","Dtna"
1.85738805558373e-09,1.19086592808559,0.593,0.268,4.64885656432053e-05,"29","Tle4"
3.58539377685099e-09,1.18853931757311,0.419,0.127,8.97388208408034e-05,"29","Plekhg1"
3.74887218993461e-08,1.18839811060122,0.372,0.154,0.000938305220418734,"29","Phka1"
2.18513146333415e-08,1.18426226679223,0.698,0.366,0.000546916553957905,"29","Gm32509"
5.0091613158072e-18,1.18056217256201,1,0.603,1.25374298573339e-13,"29","Pcdh15"
3.51721693141525e-07,1.17606185243131,0.558,0.285,0.00880324225763922,"29","Ttyh1"
1.28527887815662e-13,1.16811462105592,0.628,0.231,3.21692450413819e-09,"29","Sparcl1"
1.98816216932223e-07,1.16703088471611,0.442,0.207,0.0049761710935966,"29","Cep85l"
2.51896246717927e-15,1.15344570116931,0.884,0.617,6.30471115910298e-11,"29","Gpm6b"
1.42720693303898e-08,1.15265617069286,0.535,0.238,0.000357215623270326,"29","Cacng4"
1.36887031500739e-14,1.15086855192447,0.977,0.606,3.426145511432e-10,"29","Ptprt"
1.02855962480745e-08,1.14335188601383,0.442,0.155,0.000257438188493056,"29","Gm29683"
2.01222848170332e-12,1.12811355455599,0.419,0.117,5.03640666685524e-08,"29","Egfr"
4.53118242131607e-14,1.12538676513632,0.884,0.497,1.1341096482312e-09,"29","Pitpnc1"
2.06609198954556e-12,1.1206037558847,0.57,0.197,5.17122164063358e-08,"29","Apoe"
8.42113855811642e-14,1.11688971208934,0.884,0.29,2.10772676971096e-09,"29","Nxph1"
2.83777526073464e-09,1.10437257112283,0.465,0.205,7.10266770009273e-05,"29","Prex2"
1.37792465169447e-08,1.10185189212338,0.767,0.495,0.000344880761072609,"29","Phactr3"
2.7513062952503e-08,1.09854462753028,0.512,0.261,0.000688624452638197,"29","Znrf3"
1.09430844298416e-18,1.09783594973839,0.965,0.758,2.73894460194506e-14,"29","Son"
1.1887846989722e-11,1.09533304489613,0.779,0.45,2.97540922305752e-07,"29","Phlpp1"
4.96835940657506e-08,1.0904397719379,0.512,0.236,0.00124353067587167,"29","Mgll"
9.83461454043813e-09,1.07592694710506,0.814,0.493,0.000246150567332626,"29","Pid1"
3.14658422721719e-13,1.07573434873514,0.977,0.758,7.8755856623019e-09,"29","Ppp2r2b"
2.13219370608257e-08,1.07169023781342,0.558,0.299,0.000533666762695406,"29","2610035D17Rik"
9.43006765032835e-09,1.07161495830114,0.535,0.236,0.000236025163220068,"29","Tmem164"
3.36636497284224e-08,1.06688914982208,0.64,0.368,0.000842567489052683,"29","Csgalnact1"
4.66798317025881e-12,1.03951002685697,0.349,0.086,1.16834950768408e-07,"29","Ccdc141"
2.30245551524283e-07,1.03382867993478,0.57,0.325,0.00576281590910127,"29","Naaladl2"
1.0088012853838e-10,1.01741653029048,0.326,0.067,2.52492873718711e-06,"29","Bcas1os2"
3.26568509133588e-11,1.01344824388449,0.419,0.089,8.17368321510458e-07,"29","Bcas1"
8.92901667353403e-19,1.01014653244829,0.977,0.571,2.23484358321883e-14,"29","Zbtb20"
3.9522830095152e-15,0.992336736358082,0.919,0.598,9.89216914451559e-11,"29","Tnr"
1.47646138714105e-09,0.982293281576566,0.64,0.312,3.69543520587534e-05,"29","Sh3d19"
3.29515153329433e-09,0.981457303879556,0.721,0.462,8.24743477268237e-05,"29","Tspan7"
2.77299495203617e-08,0.964787691393977,0.605,0.285,0.000694052906545132,"29","Pard3b"
3.3944597814995e-24,0.960478138986613,1,0.927,8.4959933871151e-20,"29","Nrxn1"
3.06050745210129e-13,0.938565575941629,0.86,0.609,7.66014410186431e-09,"29","Cpe"
6.82213110817736e-11,0.929780654728718,0.884,0.5,1.70751119506571e-06,"29","Nfib"
9.98250865503186e-12,0.928652195879634,0.593,0.191,2.49852209126792e-07,"29","Mertk"
3.42332388740605e-09,0.925100887631447,0.605,0.296,8.56823735778861e-05,"29","Zmiz1"
8.2075080587174e-08,0.923443664737383,0.767,0.542,0.00205425719201638,"29","Rev3l"
9.24056371219441e-09,0.906470610615793,0.802,0.485,0.000231282069152514,"29","Cdh10"
2.93224684473953e-08,0.876562491430381,0.721,0.464,0.000733912062769857,"29","Zfp608"
1.32582083963067e-08,0.87081704639065,0.802,0.461,0.000331839697951161,"29","Tox"
1.74332578195589e-09,0.749632279075553,0.988,0.774,4.36337009965739e-05,"29","Mir99ahg"
1.17035371525175e-11,0.738349095014142,0.965,0.84,2.9292783139036e-07,"29","Ctnnd2"
1.33246157673278e-08,0.730681947118419,0.837,0.591,0.000333501808040448,"29","Astn2"
2.1734738063747e-08,0.729929579411907,0.895,0.597,0.000543998758997524,"29","Klf12"
2.0705420683904e-07,0.72661903026102,0.767,0.543,0.00518235974297434,"29","Farp1"
1.27981563390096e-07,0.689314175384982,0.907,0.735,0.0032032505500907,"29","Ncam1"
9.99569213585606e-08,0.667407648089352,0.744,0.516,0.00250182178468341,"29","Ncald"
7.90854899448951e-12,0.627617754644888,0.907,0.393,1.97943072783078e-07,"29","Gm38505"
1.41281442965238e-10,0.616201308864356,0.977,0.552,3.53613323597694e-06,"29","Sox2ot"
1.81602096656992e-10,0.606457115963184,0.977,0.834,4.54531887722786e-06,"29","Lrrc4c"
2.60135889272135e-07,0.605504739694999,0.977,0.774,0.00651094117259227,"29","Grid2"
2.58074037008336e-07,0.577807610050589,0.884,0.613,0.00645933507228163,"29","Gpc6"
9.94137586690072e-16,0.530995877467287,1,1,2.48822696572658e-11,"29","Malat1"
1.70388245575471e-07,0.524394652899917,0.919,0.627,0.00426464739850847,"29","Brinp3"
3.70936368543058e-07,0.523147120452335,0.977,0.873,0.00928416636826419,"29","Macf1"
1.20182388975371e-07,0.521889733142589,0.872,0.628,0.00300804501366456,"29","Gm35188"
2.29181031635351e-34,7.66481284509046,0.481,0.006,5.73617204080121e-30,"30","Lockd"
1.85217438887155e-29,7.30940875050914,0.407,0.004,4.63580727790661e-25,"30","Neil3"
2.41426942061711e-18,7.2692545038736,0.272,0.005,6.04267493286255e-14,"30","Ndc80"
4.52431407206773e-19,7.18902544131374,0.284,0.003,1.13239056909783e-14,"30","Hmmr"
2.19354925300948e-43,6.9872022322765,0.58,0.012,5.49023442535742e-39,"30","Knl1"
2.43916195167144e-54,6.93441846464272,0.765,0.012,6.10497844883845e-50,"30","Top2a"
4.49442499799191e-22,6.75804443097508,0.309,0.005,1.1249096327474e-17,"30","Aspm"
1.25933050418716e-26,6.65468877983106,0.383,0.01,3.15197831893005e-22,"30","Kif23"
3.00229665232696e-23,6.64616614147718,0.309,0.008,7.51444829110915e-19,"30","Ect2"
7.46580358476979e-30,6.43076644726007,0.494,0.017,1.86861597923203e-25,"30","Cenpf"
6.65746818332672e-23,6.36202913905475,0.37,0.009,1.66629771160484e-18,"30","Kif11"
6.1554562029142e-22,6.34550443757871,0.321,0.009,1.54064913302739e-17,"30","Kif20b"
1.01039970559635e-20,6.19841497509944,0.333,0.009,2.52892942313712e-16,"30","Tpx2"
4.35189748951933e-22,6.19753273139982,0.432,0.018,1.08923642265179e-17,"30","Cenpe"
1.15294374074417e-23,6.18531385935695,0.358,0.012,2.88570288870857e-19,"30","Gm47207"
2.79501135022177e-23,6.12875333112648,0.383,0.016,6.99563390847006e-19,"30","Mis18bp1"
2.05645056861931e-17,6.09444317567646,0.259,0.005,5.14709012819726e-13,"30","Espl1"
7.81231624623667e-21,5.9790324774634,0.321,0.009,1.95534463327058e-16,"30","Ckap2"
8.77291070079395e-20,5.53201078387334,0.407,0.035,2.19577181930172e-15,"30","Mki67"
1.08306822254909e-27,5.52285066013978,0.407,0.018,2.71081145421812e-23,"30","Efcab11"
6.60756586344161e-15,5.48530038841605,0.284,0.017,1.6538076599608e-10,"30","Gm12811"
5.39319526658811e-15,5.4516799939797,0.272,0.02,1.34986284327434e-10,"30","Ccnf"
9.98589745984755e-28,5.44915250043105,0.432,0.028,2.49937027522524e-23,"30","Kif15"
1.49130276983835e-16,5.22456074228715,0.284,0.012,3.73258170262841e-12,"30","Kif18a"
7.05701743012552e-20,5.18993500509537,0.309,0.013,1.76630089258612e-15,"30","Anln"
1.77992971943985e-18,5.18558299713832,0.333,0.022,4.45498609478599e-14,"30","Gm29260"
2.58979286032489e-23,5.09978656713845,0.432,0.02,6.48199255010716e-19,"30","Kif4"
1.7179324823892e-24,5.00899682052192,0.506,0.035,4.29981321017192e-20,"30","Smc4"
6.37854673094827e-39,4.99490544106694,0.593,0.038,1.59648646128904e-34,"30","Rad51b"
1.91895391357018e-16,4.93787855709067,0.284,0.026,4.8029497502748e-12,"30","Ccdc18"
1.23631625815957e-22,4.35816219965889,0.469,0.072,3.09437596254759e-18,"30","Kctd18"
1.35208342338266e-15,4.30932854756109,0.358,0.039,3.38412960038446e-11,"30","Atad2"
1.15789904612143e-11,4.2933068987182,0.284,0.04,2.89810552253732e-07,"30","Ecm2"
2.915917584703e-28,4.27385951538722,0.568,0.065,7.29825012275314e-24,"30","Diaph3"
4.88965751250377e-12,4.2211521998939,0.309,0.054,1.22383237880457e-07,"30","Prc1"
1.47340375363878e-14,4.03066551260075,0.383,0.068,3.68778225498251e-10,"30","Nusap1"
6.44165410989083e-15,3.91852223377744,0.358,0.048,1.61228160716458e-10,"30","Tmpo"
9.01297802840885e-13,3.87136252115425,0.321,0.069,2.25585827073045e-08,"30","Smc2"
4.54849675278284e-08,3.85231436915827,0.296,0.054,0.00113844325225402,"30","Ncapd2"
1.29149575758348e-13,3.7914236561388,0.321,0.048,3.2324847316557e-09,"30","5430427M07Rik"
1.20336491528518e-09,3.73962899870589,0.346,0.083,3.01190204646729e-05,"30","Lmnb1"
1.30528518348749e-09,3.64286229094557,0.259,0.056,3.26699828575084e-05,"30","Ncapg2"
1.03727653844019e-15,3.6268521731058,0.407,0.08,2.59619944806195e-11,"30","Cep128"
3.64894644033369e-11,3.45384997263017,0.333,0.093,9.1329480455112e-07,"30","Cep192"
2.55145821441343e-12,3.24458487779571,0.383,0.096,6.38604476485538e-08,"30","G2e3"
2.62780108785246e-12,3.23512112408815,0.321,0.074,6.57712334278591e-08,"30","Hjurp"
4.10416396437404e-09,3.22606955514,0.346,0.081,0.000102723119864318,"30","Cep85"
2.11221811404147e-10,3.09861423617055,0.272,0.092,5.28667071763439e-06,"30","Prim2"
3.0525066512551e-10,3.052399156999,0.37,0.098,7.64011889742638e-06,"30","Ezh2"
9.66142398094569e-10,2.99274201208023,0.395,0.139,2.4181578081909e-05,"30","Cenpp"
5.94310356427063e-11,2.95100321915939,0.309,0.089,1.4874993911013e-06,"30","Kif24"
2.33539058507102e-10,2.916058154564,0.321,0.066,5.84524909537426e-06,"30","Egfros"
7.81738879246685e-12,2.90062853884724,0.531,0.258,1.95661424086653e-07,"30","Mbnl1"
2.65781218399092e-11,2.86465082828723,0.284,0.051,6.65223811531087e-07,"30","Cdk6"
1.79566944486225e-13,2.78441561185833,0.642,0.307,4.49438105354572e-09,"30","Sdk1"
1.80707338088648e-10,2.75382151475142,0.407,0.124,4.52292396502076e-06,"30","Cdk5rap2"
1.59017566237001e-13,2.74627913413289,0.296,0.056,3.9800506653459e-09,"30","Runx1"
3.94130347004676e-10,2.70884592485889,0.444,0.14,9.86468845518004e-06,"30","Sncaip"
2.20712188685009e-12,2.6760688765587,0.37,0.073,5.52420537059709e-08,"30","Fli1"
5.81178755440344e-09,2.66536555099338,0.519,0.233,0.000145463230699164,"30","1600010M07Rik"
1.93703586978364e-13,2.63351832502255,0.42,0.117,4.84820707848147e-09,"30","Egfr"
3.59790016572015e-08,2.6145631340083,0.296,0.081,0.000900518432478097,"30","Apbb1ip"
4.93931706983587e-08,2.56686943737051,0.309,0.118,0.00123626166940922,"30","Ints2"
1.30869620813098e-14,2.50017031465522,0.642,0.238,3.27553573933103e-10,"30","Pip4k2a"
4.48834727925414e-12,2.24255081654947,0.519,0.178,1.12338844052452e-07,"30","Chd7"
3.7764732261152e-10,2.24144880987877,0.296,0.061,9.45213483764374e-06,"30","Ikzf1"
3.32135447696445e-08,2.21657974915956,0.469,0.216,0.000831301812039432,"30","Frmd4b"
5.19026253437006e-11,2.18770519154561,0.568,0.268,1.29907080972748e-06,"30","Pde3b"
5.7058768663135e-18,2.14265537967777,0.704,0.299,1.42812392086961e-13,"30","Dleu2"
2.22798722184919e-13,2.12132723689038,0.802,0.572,5.57642921756633e-09,"30","Zbtb20"
2.78347287678118e-08,2.105952160093,0.432,0.237,0.000696675426329562,"30","Etv6"
8.18125088711207e-08,2.05759516958082,0.333,0.127,0.00204768528453528,"30","Dock2"
5.03370266026421e-08,2.0527659745275,0.309,0.128,0.00125988543883753,"30","Lrmda"
5.97639481269932e-08,2.04003962076217,0.506,0.333,0.00149583185767051,"30","Nsd2"
1.44164841427344e-07,2.0282640430089,0.543,0.344,0.003608301816085,"30","Gab2"
3.96809407149738e-19,1.98975593892552,0.802,0.408,9.93174265155079e-15,"30","Nfia"
2.31266159978628e-11,1.98268943901186,0.407,0.124,5.78836071810507e-07,"30","Tgfbr1"
2.69965259678067e-09,1.92637491090384,0.642,0.34,6.75696048448233e-05,"30","Maml3"
1.3994509687516e-07,1.81699966236631,0.432,0.252,0.00350268582968839,"30","Akap13"
9.64308001108514e-09,1.70306507925261,0.506,0.229,0.00024135664959745,"30","Epb41l2"
9.31511824031332e-11,1.67351522483551,0.383,0.095,2.33148094436802e-06,"30","Inpp5d"
3.39510770090835e-13,1.5507211463981,0.889,0.775,8.49761506460351e-09,"30","Mir99ahg"
8.0082711334415e-08,1.46730541499583,0.691,0.579,0.00200439018198907,"30","Ssh2"
8.93796836331011e-08,1.41163806256729,0.654,0.533,0.00223708410165289,"30","Fus"
9.94215238366317e-08,1.40350257402095,0.284,0.104,0.00248842132010705,"30","Hexb"
1.23377803815372e-07,1.37938073013931,0.753,0.56,0.00308802305169494,"30","Zeb2"
3.25480991491931e-07,1.28958088821851,0.679,0.54,0.00814646373605154,"30","Srgap2"
2.45062767213799e-07,1.10770671909243,0.753,0.533,0.00613367600059419,"30","Qk"
4.12517929639545e-23,2.70920551733294,0.662,0.086,1.03249112609482e-18,"31","B020031H02Rik"
2.38036711729023e-21,2.39210195336603,0.6,0.094,5.95782085786573e-17,"31","Gm45680"
9.76792711057002e-34,2.39002245712459,0.969,0.209,2.44481447650457e-29,"31","Foxp2"
5.58465297734195e-21,2.23884100164607,0.769,0.2,1.39778279369892e-16,"31","Tshz1"
7.88362881558738e-08,2.10204600001283,0.277,0.053,0.00197319345625337,"31","Gm28494"
1.03895248685929e-10,2.05235899664282,0.4,0.078,2.60039417936013e-06,"31","Armh4"
2.58436848519171e-25,2.00485414618609,0.677,0.083,6.46841588158633e-21,"31","Pdgfra"
1.84549730772031e-12,1.9951709212344,0.446,0.073,4.61909521149316e-08,"31","Stk32a"
3.37754281953782e-25,1.94911338322399,0.954,0.329,8.45365192302121e-21,"31","Pbx3"
4.95269979779287e-14,1.91633225734145,0.677,0.185,1.23961123238958e-09,"31","C79798"
1.28272543648797e-14,1.84659731113558,0.4,0.064,3.21053349498575e-10,"31","Prkcq"
6.58015048157014e-20,1.8451974969489,0.862,0.276,1.64694586403219e-15,"31","Olfm3"
1.91420486216422e-07,1.81110873644733,0.431,0.155,0.00479106334951082,"31","Gm28905"
1.97607265988421e-08,1.73796902110847,0.492,0.158,0.000494591226042418,"31","Chst9"
3.52890731338495e-15,1.7206426572876,0.523,0.162,8.83250211467118e-11,"31","Arhgef3"
2.7151183226354e-09,1.65987994730668,0.4,0.103,6.79566964972415e-05,"31","Col11a1"
7.72913934040894e-22,1.65212607999109,1,0.393,1.93452628551095e-17,"31","Gm38505"
1.67887832759519e-19,1.63865789612012,1,0.631,4.20206456613799e-15,"31","Erbb4"
5.17936156812519e-20,1.5760779611781,1,0.463,1.29634240688605e-15,"31","Meis2"
1.59502488879985e-09,1.55972224026271,0.569,0.164,3.99218779417714e-05,"31","Sv2c"
9.99917827013031e-26,1.54878730251408,1,0.493,2.50269432923091e-21,"31","Lhfpl3"
1.5738314686639e-09,1.53876706206807,0.338,0.056,3.93914278291888e-05,"31","Gm2164"
3.00734912245143e-24,1.51657177158268,1,0.831,7.52709411858369e-20,"31","Kcnd2"
8.74285575990725e-10,1.5156835458775,0.4,0.096,2.18824936814719e-05,"31","Tes"
2.03136819901671e-08,1.49738423543626,0.4,0.107,0.000508431146531892,"31","Gm42948"
9.62475083916465e-12,1.49636614277914,0.662,0.182,2.40897888753452e-07,"31","Sema5b"
1.09814397038343e-07,1.49489106305756,0.323,0.078,0.00274854454347268,"31","Smoc1"
1.60303458193849e-10,1.48325090135887,0.785,0.318,4.01223525513385e-06,"31","8030451O07Rik"
3.73647386753282e-18,1.46434812322117,1,0.552,9.3520204430479e-14,"31","Sox2ot"
6.44408038897097e-10,1.44731379855034,0.585,0.214,1.61288888055554e-05,"31","Kcnh5"
2.1660065165055e-08,1.42788274137057,0.677,0.339,0.000542129771016163,"31","Zfp407"
6.06543553878538e-18,1.426576546729,0.954,0.484,1.51811786100259e-13,"31","Inpp4b"
1.16193791681081e-15,1.41380537987712,0.8,0.37,2.90821441198577e-11,"31","Epn2"
4.375646709147e-09,1.40117082590088,0.631,0.264,0.00010951806148324,"31","Mpped2"
7.11836662660879e-08,1.38828911463892,0.292,0.064,0.00178165598297391,"31","Cobll1"
2.2020818994925e-14,1.37614769083151,0.738,0.218,5.51159078623977e-10,"31","Gm4876"
1.93622772832734e-17,1.3347882530276,0.985,0.618,4.8461843812305e-13,"31","Sema6d"
5.71798483808661e-09,1.31372594897015,0.585,0.21,0.00014311544251247,"31","Megf11"
1.83233668037938e-12,1.2797503149923,0.908,0.478,4.58615547732155e-08,"31","Grm8"
1.79791761062903e-17,1.23095121659881,1,0.604,4.5000079876434e-13,"31","Pcdh15"
2.54424997088244e-07,1.22562594742572,0.631,0.297,0.00636800325212166,"31","Ankfn1"
5.51967919859993e-11,1.21360844622266,0.4,0.105,1.38152050661758e-06,"31","Enpp2"
2.61936425796912e-10,1.20240685062654,0.354,0.069,6.55600680127091e-06,"31","Sox10"
8.64544103362827e-09,1.19917071379762,0.631,0.266,0.000216386743630682,"31","Samd4"
6.01515628932483e-08,1.1949608369087,0.477,0.136,0.00150553346765511,"31","Kank1"
1.7659960718551e-12,1.19270636776889,0.923,0.569,4.42011156824613e-08,"31","Slc35f1"
1.85312832935943e-08,1.19259990082026,0.662,0.307,0.000463819489555371,"31","Runx1t1"
1.52175548463289e-07,1.19091498008934,0.292,0.097,0.00380880180248766,"31","Tgfa"
1.00625392758661e-13,1.18818559035042,0.831,0.335,2.51855295535652e-09,"31","Pcdh11x"
2.36801750112541e-16,1.17715447703891,0.985,0.548,5.9269110035668e-12,"31","Dscam"
3.46837503950181e-12,1.17598543682699,0.831,0.403,8.68099588636909e-08,"31","Plppr1"
2.61220432431736e-08,1.17295353803809,0.646,0.285,0.000653808620333391,"31","Grik3"
1.9816808869953e-09,1.16101934221354,0.662,0.24,4.95994909206054e-05,"31","Bcl11a"
3.0341390669911e-10,1.15740172557202,0.585,0.233,7.59414667077202e-06,"31","Nova1"
4.93163828357448e-10,1.15180238501873,0.846,0.408,1.23433974599586e-05,"31","Sorcs3"
3.04057757881594e-09,1.15046550049918,0.4,0.09,7.61026162201842e-05,"31","Bcas1"
3.78171514966955e-08,1.15013571515876,0.738,0.323,0.000946525484810793,"31","Tmem132d"
3.96470319852374e-08,1.13321637936586,0.615,0.218,0.000992325563558506,"31","Trhde"
3.50842001025586e-08,1.13187725623419,0.615,0.283,0.000878122444366938,"31","March3"
1.07083968508512e-07,1.12730388843071,0.6,0.285,0.00268020464779954,"31","Plppr5"
1.44146301541987e-13,1.09740198817824,0.923,0.509,3.60783778129438e-09,"31","Xylt1"
2.93105823001407e-16,1.09641049264141,0.985,0.598,7.33614564390222e-12,"31","Tnr"
3.17990186517634e-09,1.07834338217195,0.677,0.293,7.95897637834986e-05,"31","Chst11"
1.10641888457298e-07,1.06335509348309,0.723,0.337,0.00276925582619772,"31","Pard3"
4.37800162356514e-11,1.0621953480381,0.692,0.281,1.09577002636212e-06,"31","Kcnip3"
3.54950944648642e-07,1.05303793260093,0.631,0.32,0.00888406719361086,"31","Htr1f"
6.74437914580535e-11,1.04810513637686,0.8,0.37,1.68805065640362e-06,"31","Thsd7b"
4.16268731225397e-10,1.03649220077953,0.769,0.287,1.04187900738405e-05,"31","Unc13c"
8.2961677837007e-09,1.02674105029686,0.738,0.324,0.000207644783458245,"31","Oprm1"
1.90066511942343e-08,1.00572483073568,0.369,0.112,0.000475717472740491,"31","Vxn"
3.1553647728014e-08,1.00153578326705,0.8,0.389,0.000789756248984463,"31","4930419G24Rik"
4.74545881913784e-11,0.992882769445615,0.954,0.577,1.18774088784201e-06,"31","Dnm3"
4.38857075186888e-09,0.986974342345804,0.877,0.505,0.000109841537348526,"31","Dpyd"
7.32529594156238e-13,0.978643152432383,0.892,0.336,1.83344832121365e-08,"31","Sox6"
1.20415668782625e-10,0.968611318642254,0.908,0.515,3.01388377396033e-06,"31","Cacna2d3"
1.88486011664455e-12,0.960298035584632,0.938,0.614,4.71761638594965e-08,"31","Sntg1"
3.09006197067326e-09,0.931263187883058,0.677,0.246,7.73411610639811e-05,"31","Chn2"
2.36018573063701e-08,0.926237874688316,0.754,0.367,0.000590730886521138,"31","Gm32509"
2.84502185523742e-09,0.913734544526677,0.738,0.346,7.12080520147373e-05,"31","Zfp804b"
8.49714539016469e-10,0.901102719701151,0.908,0.482,2.12675051970432e-05,"31","Pex5l"
1.80393178828526e-07,0.900312741177563,0.677,0.298,0.00451506087289919,"31","6530403H02Rik"
1.35572395518527e-11,0.896135789839877,0.969,0.634,3.39324148743322e-07,"31","Epha6"
3.65128835303033e-10,0.892857950477625,0.985,0.658,9.13880961879961e-06,"31","Gabrg3"
4.69340182609658e-08,0.884792653670657,0.815,0.451,0.00117471154305371,"31","Gm15398"
4.46972998209799e-10,0.871598798888528,0.969,0.684,1.11872871721931e-05,"31","Rims2"
5.44202183562001e-10,0.869466397539131,0.723,0.345,1.36208364523733e-05,"31","Mir9-3hg"
2.65276483143004e-14,0.862179503269098,0.862,0.29,6.63960509658626e-10,"31","Nxph1"
9.64586841790516e-09,0.861749288520301,0.969,0.587,0.000241426440631748,"31","Cdh13"
4.75530332140689e-09,0.859237670469202,0.954,0.668,0.000119020486831493,"31","Prkg1"
4.09564281962221e-11,0.850866314918553,0.985,0.712,1.02509844132324e-06,"31","Robo1"
2.14830808844179e-08,0.848985096756481,0.862,0.541,0.000537700031456096,"31","Rev3l"
1.7968269520443e-09,0.836105305308801,0.877,0.448,4.49727817827168e-05,"31","Maml2"
2.74352695526944e-09,0.835326171418665,0.908,0.578,6.86677361634389e-05,"31","Mmp16"
4.73308155408544e-13,0.830123056155563,1,0.803,1.18464298217205e-08,"31","Anks1b"
1.42629351290147e-09,0.827549526859029,0.938,0.606,3.56987003344109e-05,"31","Ptprt"
1.29352334888853e-07,0.824363355286694,0.723,0.358,0.00323755958993311,"31","Zfp462"
8.29771594188519e-08,0.785418109664942,0.662,0.334,0.00207683532309445,"31","1700025G04Rik"
2.91934926908873e-09,0.768017609363125,0.954,0.687,7.30683928560218e-05,"31","Sgcd"
8.39792810430618e-08,0.752832313068973,0.862,0.489,0.00210191742522679,"31","Galnt13"
1.07325622100754e-07,0.743058248087468,0.754,0.374,0.00268625299555978,"31","Grin3a"
1.12177734052051e-11,0.719622529984341,1,0.859,2.80769650558879e-07,"31","Nrxn3"
1.84374131906812e-07,0.715631458702635,0.831,0.452,0.0046147001474956,"31","Spock3"
1.12370539482279e-07,0.710916688013019,0.831,0.479,0.00281252223270195,"31","Zeb1"
5.76428000885188e-08,0.676007728928131,0.985,0.699,0.00144274164341554,"31","Dcc"
2.25338962088132e-07,0.67552623577181,0.969,0.627,0.00564000888210386,"31","Brinp3"
5.35492908095573e-11,0.672598074956016,0.938,0.632,1.34028519967241e-06,"31","Pde4b"
1.69907788271556e-09,0.666722403173113,1,0.819,4.25262203264876e-05,"31","Csmd3"
8.12860612943233e-09,0.656907252759711,0.969,0.74,0.000203450882813562,"31","Kirrel3"
1.05383280646321e-07,0.627419549846063,0.985,0.754,0.00263763813129676,"31","Pde4d"
1.18580763628146e-08,0.619916208336599,1,0.834,0.000296795793284888,"31","Lrrc4c"
1.19449662126241e-07,0.576567436285079,0.908,0.607,0.00298970559335769,"31","Fat3"
3.47636282570955e-09,0.558300758000329,1,0.777,8.70098851646842e-05,"31","Opcml"
3.77287462643683e-13,0.541941582514666,0.954,0.432,9.44312790250873e-09,"31","Adarb2"
1.29313070979953e-07,0.534499418910938,1,0.872,0.00323657685355725,"31","Dlg2"
6.04728151186586e-16,3.00270103063992,0.268,0.02,1.5135740896049e-11,"32","Casp8"
1.19989326640066e-15,2.90801816288408,0.393,0.038,3.00321285647421e-11,"32","Fermt3"
5.61530752403444e-16,2.75740314888514,0.357,0.04,1.40545532019058e-11,"32","Plcg2"
2.63487377595702e-22,2.75145427566644,0.5,0.049,6.59482557384283e-18,"32","Lair1"
1.44505543852425e-28,2.75096059778748,0.714,0.08,3.61682925708234e-24,"32","Apbb1ip"
8.91582294366657e-18,2.66270203886523,0.446,0.047,2.23154132457031e-13,"32","Hk2"
8.69806985015096e-21,2.65319099998028,0.518,0.054,2.17703990279428e-16,"32","Tbxas1"
1.90160053707125e-22,2.64337011987035,0.5,0.056,4.75951598423564e-18,"32","Runx1"
1.26338519432068e-08,2.64054548017428,0.268,0.038,0.000316212680286522,"32","Prkcd"
1.06482207318844e-21,2.63644457590979,0.464,0.04,2.66514316698334e-17,"32","Csf3r"
5.29694145034109e-13,2.62893033623683,0.268,0.03,1.32577147560587e-08,"32","Itgam"
4.64429511369046e-09,2.61987071841192,0.25,0.031,0.000116242062400559,"32","Hpgd"
2.05165887595286e-09,2.61843299019594,0.357,0.079,5.13509700062241e-05,"32","Kcnk13"
1.5739046313853e-10,2.61604707496474,0.268,0.023,3.93932590189427e-06,"32","Irf8"
2.58910345194889e-09,2.60698743664781,0.286,0.055,6.48026702988288e-05,"32","Abcb4"
1.07032717859173e-11,2.56169931643818,0.25,0.021,2.67892189529725e-07,"32","Il10ra"
7.45922637196823e-16,2.55395319767185,0.429,0.035,1.86696976863993e-11,"32","Il6ra"
1.49194848077506e-23,2.53738645584998,0.518,0.048,3.7341978525319e-19,"32","Fgd2"
5.50192006433708e-30,2.53469581668619,0.679,0.064,1.37707557290293e-25,"32","Ly86"
5.40491599505302e-23,2.52799447318905,0.607,0.06,1.35279642440182e-18,"32","Fyb"
6.99168400870555e-18,2.50817220177514,0.482,0.052,1.74994859053891e-13,"32","Myo1f"
3.23691365538881e-20,2.49523612096791,0.429,0.047,8.10167118807266e-16,"32","Tgfbr2"
5.36345369344101e-08,2.4866612242874,0.25,0.021,0.00134241882493135,"32","Gm42962"
9.81066149197572e-13,2.47410826538638,0.357,0.044,2.4555104648266e-08,"32","Abca9"
6.70668086141622e-11,2.45916427265019,0.393,0.061,1.67861515280387e-06,"32","Tnfrsf11a"
7.26176706520183e-13,2.45177223230231,0.304,0.038,1.81754767874937e-08,"32","Bank1"
1.67215076561082e-36,2.44475150058818,0.857,0.094,4.18522615124732e-32,"32","Inpp5d"
2.33447605526956e-20,2.44328781907327,0.429,0.04,5.84296011873417e-16,"32","Nckap1l"
1.73922360722787e-13,2.44246455942392,0.25,0.028,4.35310276653063e-09,"32","Lcp2"
1.96677333043341e-15,2.42237274436411,0.357,0.042,4.92263696874178e-11,"32","Gm31243"
1.60464024601593e-30,2.41921976301072,0.696,0.072,4.01625407175327e-26,"32","Fli1"
8.33296650857035e-14,2.41194382896899,0.286,0.031,2.08565818743007e-09,"32","Rcsd1"
1.70657536453063e-18,2.39793953474794,0.446,0.039,4.27138747988371e-14,"32","Gm2629"
4.8624349278775e-16,2.36849685231691,0.411,0.047,1.21701883809846e-11,"32","Cfh"
8.30411296379079e-26,2.36632222175176,0.643,0.07,2.0784364337072e-21,"32","Slco2b1"
1.2402307631969e-11,2.36320058461529,0.25,0.023,3.10417357720552e-07,"32","Abi3"
3.79680451639151e-10,2.34431836190743,0.286,0.055,9.5030220240763e-06,"32","Cspg4"
2.95434598577405e-29,2.34274516731518,0.661,0.058,7.39443256779388e-25,"32","Siglech"
5.50004300364859e-10,2.3300810077468,0.25,0.025,1.37660576338321e-05,"32","Rhoh"
2.8086051206018e-13,2.32640446154541,0.5,0.088,7.02965775635425e-09,"32","Crlf3"
3.71804555524786e-25,2.31255096850805,0.607,0.064,9.30589622022987e-21,"32","Arhgap45"
8.1277320449709e-12,2.30654195316168,0.304,0.026,2.03429005353577e-07,"32","Spi1"
1.36083083362468e-18,2.29450769255583,0.482,0.065,3.40602349347921e-14,"32","Cdh23"
1.33279252882653e-17,2.25866643243502,0.464,0.047,3.33584642039991e-13,"32","Gm50035"
3.98510400341832e-21,2.25410812409036,0.589,0.08,9.97431681015572e-17,"32","Agmo"
1.07830771017701e-09,2.25337551039416,0.268,0.029,2.69889636780203e-05,"32","Pik3ap1"
6.80721250595731e-24,2.2429003121062,0.607,0.06,1.70377721811605e-19,"32","Ikzf1"
1.08690212809256e-09,2.24053388905363,0.321,0.055,2.72040733640287e-05,"32","Vrk2"
2.03068875446364e-15,2.23231046527064,0.482,0.09,5.08261088354706e-11,"32","Skap2"
1.60798941093871e-25,2.22884084354182,0.857,0.191,4.02463669663849e-21,"32","Mertk"
3.23503733764683e-15,2.21814602516611,0.429,0.048,8.09697495239624e-11,"32","Gm10790"
3.08917201429071e-11,2.21688885582694,0.411,0.063,7.73188863456821e-07,"32","Selplg"
1.67280744201387e-09,2.19609606709562,0.268,0.044,4.18686974661651e-05,"32","Ccr5"
1.08494896230039e-09,2.18322656302741,0.25,0.047,2.71551875774164e-05,"32","Nfe2l2"
1.87407376806942e-15,2.17424569581394,0.321,0.03,4.69061923410096e-11,"32","Mir142hg"
3.57302459758231e-16,2.17079065237523,0.518,0.093,8.94292326528875e-12,"32","Itgb5"
2.32526190154603e-19,2.15714998169215,0.554,0.064,5.81989801337956e-15,"32","Csf1r"
3.72047792498856e-19,2.15645015546435,0.75,0.238,9.31198419845386e-15,"32","Pip4k2a"
2.39031025923788e-09,2.15234576570886,0.411,0.093,5.9827075478465e-05,"32","0610040J01Rik"
8.46046142760398e-09,2.14487713217588,0.286,0.045,0.0002117568890715,"32","Nrros"
1.78866891921155e-19,2.12322276995352,0.357,0.03,4.47685943789459e-15,"32","Asb2"
1.02446727001391e-14,2.12078142911964,0.536,0.119,2.56413913011781e-10,"32","Lgmn"
4.53223313607423e-09,2.11512215317074,0.321,0.054,0.000113437263162802,"32","P2rx7"
7.51319062656825e-11,2.10734847815223,0.482,0.11,1.88047648192377e-06,"32","Nek7"
3.20140340276136e-18,2.09464819760688,0.536,0.12,8.0127925767714e-14,"32","Abtb2"
1.54890232993796e-11,2.08586165113446,0.411,0.093,3.87674764160171e-07,"32","Il18"
7.63902159680209e-09,2.08266262152312,0.321,0.036,0.000191197071546359,"32","Gm5086"
8.62418869970763e-14,2.07783213676952,0.411,0.063,2.15854818964982e-09,"32","Rgs10"
3.37324209653333e-10,2.07635266596657,0.357,0.061,8.44288764341326e-06,"32","Ptprc"
7.592474544202e-12,2.07521531827678,0.5,0.116,1.90032045366832e-07,"32","2610203C22Rik"
2.15404921555329e-08,2.06264558892222,0.304,0.075,0.000539136978160834,"32","Il6st"
1.48529575663362e-20,2.04665202562685,0.446,0.049,3.7175467492783e-16,"32","Gm2245"
3.02956797767062e-18,2.03698274481655,0.625,0.116,7.58270569131178e-14,"32","Ccnd3"
1.45460070529293e-19,2.03653655183543,0.643,0.127,3.64072010527766e-15,"32","Lrmda"
5.33633726164993e-09,2.03550127914836,0.304,0.088,0.000133563185321836,"32","9430041J12Rik"
2.06979725509153e-14,2.02672447003762,0.357,0.037,5.18049554976858e-10,"32","Ctss"
1.12060968152409e-14,2.02383928605341,0.375,0.054,2.80477397188666e-10,"32","Gm20528"
1.05847640229432e-12,2.02147580671281,0.339,0.035,2.64926058730245e-08,"32","8030442B05Rik"
1.42602743756663e-13,2.02035009829913,0.625,0.173,3.56920407348553e-09,"32","Wasf2"
2.82414716607266e-11,2.01117936448324,0.286,0.055,7.06855794196325e-07,"32","Cflar"
5.78515626728349e-11,2.01094366837714,0.643,0.235,1.44796676213839e-06,"32","Sirpa"
7.21971498241339e-17,2.00472012992699,0.446,0.085,1.80702246294825e-12,"32","Pdgfra"
3.21072814008269e-07,2.00162856066324,0.25,0.057,0.00803613146181297,"32","Gpr37l1"
9.36281604767625e-08,2.00058739735628,0.25,0.044,0.00234341922857289,"32","Rps6ka1"
6.14567200793955e-10,1.99846179194,0.339,0.049,1.53820024686719e-05,"32","Blnk"
1.68690118274057e-14,1.99128529503225,0.446,0.084,4.22214497028136e-10,"32","Elf1"
2.64921807774798e-16,1.99088407341036,0.482,0.062,6.63072792679541e-12,"32","Dock8"
1.1667651825059e-10,1.98474058039106,0.268,0.029,2.92029657529402e-06,"32","Rbm47"
4.32614496979371e-23,1.98022435831172,0.857,0.228,1.08279082448967e-18,"32","Epb41l2"
2.93034547148201e-10,1.97653167652723,0.25,0.034,7.33436168057232e-06,"32","Anxa3"
3.57501969836947e-18,1.9645431270549,0.518,0.094,8.94791680304894e-14,"32","Pld1"
5.37254685002225e-29,1.95700592250484,0.786,0.102,1.34469475109207e-24,"32","Hexb"
4.05805166297073e-19,1.94579891755437,0.429,0.051,1.01568975072494e-14,"32","Ifitm10"
4.48475668645853e-18,1.94166753062689,0.607,0.16,1.1224897510537e-13,"32","Gm32036"
1.29014769462344e-11,1.93679106955192,0.304,0.048,3.229110664873e-07,"32","Rasgrp3"
2.325402386765e-07,1.93585952877122,0.25,0.058,0.00582024963383412,"32","Rassf2"
4.38097170036883e-10,1.93392564441894,0.393,0.115,1.09651340688532e-05,"32","Asrgl1"
4.00543172120813e-14,1.91859554973198,0.607,0.127,1.00251950550118e-09,"32","Dock2"
2.55270580686087e-13,1.90871123591282,0.411,0.111,6.38916736399208e-09,"32","Otulinl"
2.27210299917502e-09,1.9073586877913,0.464,0.12,5.68684659663516e-05,"32","Itga9"
3.19459269813062e-09,1.89874476876238,0.25,0.056,7.99574606415112e-05,"32","Gm2164"
1.36012765901455e-12,1.89538444789188,0.643,0.248,3.40426351774751e-08,"32","Rrbp1"
4.01773396730153e-20,1.89416855456404,0.643,0.123,1.0055986346759e-15,"32","Tgfbr1"
1.40400432112399e-19,1.89218492820268,0.554,0.136,3.51408241534123e-15,"32","Kank1"
8.29353617297261e-15,1.87692232212157,0.571,0.14,2.07578916873331e-10,"32","Hepacam"
9.38522929895064e-09,1.87605762912389,0.429,0.098,0.000234902904123436,"32","Gsap"
3.79449472722688e-11,1.87421062833364,0.607,0.252,9.49724085277616e-07,"32","Abhd12"
4.764932495807e-14,1.87089200262268,0.518,0.127,1.19261495437553e-09,"32","Cx3cr1"
9.15328919312864e-18,1.86996881398911,0.875,0.34,2.29097675214817e-13,"32","Maml3"
1.2191708254319e-25,1.86767430254962,0.589,0.071,3.05146265897349e-21,"32","Adap2os"
3.44602420472768e-20,1.8637336981541,0.554,0.113,8.6250539820129e-16,"32","E230029C05Rik"
9.52151751507472e-15,1.86197534202081,0.554,0.138,2.38314061884805e-10,"32","Acss1"
7.52411808392517e-21,1.86184231552355,0.893,0.261,1.88321151522563e-16,"32","Zfhx3"
3.236242415389e-09,1.85982726519953,0.375,0.089,8.09999114147713e-05,"32","Irak2"
1.09586601863647e-16,1.8524736527765,0.679,0.184,2.74284305804521e-12,"32","Itpr2"
1.77623066434147e-12,1.85155840765665,0.429,0.078,4.44572772978026e-08,"32","Insyn2b"
4.07753288302895e-10,1.83849250009409,0.321,0.081,1.02056570529332e-05,"32","Plpp4"
2.80221530538748e-10,1.83835378338714,0.286,0.039,7.01366468785432e-06,"32","Lrrk1"
2.78302348981306e-11,1.83769769741499,0.304,0.043,6.96562949265311e-07,"32","Cyth4"
3.70144228741414e-09,1.83012939717083,0.286,0.069,9.26433990116885e-05,"32","Sox10"
3.25877163916239e-08,1.8243443130063,0.446,0.154,0.000815637953565955,"32","Phka1"
3.84388610891849e-08,1.81862781773159,0.464,0.159,0.000962086254201209,"32","Cerk"
3.74917966757459e-16,1.81299819612475,0.679,0.196,9.38382178997244e-12,"32","Zfp710"
1.80542186145243e-12,1.81020702813874,0.5,0.114,4.51879037702928e-08,"32","Wipf1"
1.14393155910932e-07,1.78036476754572,0.482,0.211,0.00286314629929472,"32","Megf11"
3.49361615539329e-11,1.74694927422145,0.286,0.048,8.74417187533387e-07,"32","Col27a1"
1.03737722031934e-11,1.74551904788009,0.643,0.258,2.59645144473727e-07,"32","Mbnl1"
1.81682325724401e-11,1.73522669677431,0.661,0.29,4.54732693055604e-07,"32","Gm46367"
5.32424478842854e-13,1.73271874003134,0.339,0.039,1.33260522809578e-08,"32","Fcrls"
5.86645092310392e-24,1.7318233941326,0.589,0.078,1.46831400154368e-19,"32","Adap2"
3.05178450202805e-08,1.72360544687521,0.446,0.125,0.0007638311430126,"32","Cttnbp2nl"
5.86045101378605e-10,1.71730942412821,0.607,0.205,1.46681228424051e-05,"32","Hpgds"
3.7143801584219e-16,1.71550522250765,0.768,0.268,9.29672209851416e-12,"32","Pde3b"
1.03599444963925e-09,1.71539701505785,0.375,0.1,2.59299050800208e-05,"32","Htra1"
3.52546231693517e-12,1.71121769479121,0.607,0.245,8.82387963305703e-08,"32","Ankrd44"
9.6101675140348e-12,1.70575760865942,0.679,0.286,2.40532882708777e-07,"32","Numb"
2.91355874861413e-12,1.70066707926863,0.357,0.08,7.29234619190631e-08,"32","Tnfaip8"
1.08338067805294e-07,1.69813349397525,0.375,0.116,0.00271159349909871,"32","Lpcat2"
2.48668902173933e-07,1.68756339789331,0.268,0.072,0.00622393395251137,"32","Jam2"
4.35297414090871e-09,1.68442376981387,0.429,0.108,0.000108950589772804,"32","Abca1"
2.39739502549091e-09,1.67968458986348,0.286,0.04,6.0004400093012e-05,"32","Unc93b1"
1.79615417888916e-12,1.66485571971822,0.536,0.155,4.49559429434167e-08,"32","Nhsl1"
6.84966994087371e-12,1.65933631722758,0.643,0.219,1.71440388950128e-07,"32","Rreb1"
2.09778351685683e-08,1.65679312338619,0.536,0.219,0.000525054236434096,"32","Gm4876"
1.32004139137475e-07,1.65392215493177,0.268,0.072,0.00330393159847186,"32","F3"
1.01919499524234e-07,1.65367392135618,0.25,0.066,0.00255094315359206,"32","Car8"
1.94610821077693e-07,1.65342639072201,0.411,0.142,0.00487091424075358,"32","Peli2"
1.53308625974533e-09,1.6495930570322,0.411,0.15,3.83716159951659e-05,"32","Insyn2a"
4.83219624867971e-10,1.63986055074458,0.393,0.132,1.20945039908205e-05,"32","Gm13684"
7.09012863003148e-08,1.63052787801448,0.357,0.086,0.00177458829481058,"32","Mylip"
1.53648332425789e-11,1.62089047815969,0.446,0.091,3.84566411228507e-07,"32","Entpd1"
2.50831162409639e-07,1.6181478641624,0.464,0.2,0.00627805316395085,"32","Slc7a8"
6.50834454171233e-22,1.61641333898987,0.982,0.526,1.62897355534518e-17,"32","Plxdc2"
2.33120590227767e-07,1.61323594660564,0.393,0.103,0.00583477525281079,"32","Gm6145"
1.11772318868131e-10,1.60286220582758,0.411,0.11,2.79754936895044e-06,"32","Phyhd1"
3.39916734127022e-07,1.59252701731036,0.286,0.063,0.00850777593846522,"32","Zcchc24"
2.37310734721355e-07,1.59103552475206,0.304,0.072,0.00593965037934079,"32","Acsbg1"
8.48330766849513e-08,1.58270636473113,0.411,0.132,0.00212328707634765,"32","Dock11"
1.40942981037646e-08,1.58266100675022,0.589,0.279,0.000352766187239123,"32","4933406I18Rik"
1.39145432750295e-14,1.57290067194457,0.768,0.386,3.48267103630714e-10,"32","Slc9a9"
3.32020996794953e-20,1.57177922126938,0.821,0.299,8.31015352878089e-16,"32","Dleu2"
8.15785123857477e-11,1.56417597426684,0.464,0.128,2.04182858650288e-06,"32","Bcan"
1.37101270064158e-08,1.56145890846734,0.357,0.106,0.000343150768843582,"32","Cradd"
8.15615777604173e-08,1.54754502419595,0.411,0.158,0.00204140472976548,"32","Eef2k"
4.58741684916577e-09,1.54467619256342,0.571,0.239,0.00011481845631777,"32","Lpp"
6.09152874146486e-18,1.53819173482618,0.911,0.408,1.52464872870124e-13,"32","Nfia"
3.18716808185e-19,1.53801156276992,1,0.533,7.97716299206237e-15,"32","Qk"
1.09799738629284e-07,1.53394959831853,0.518,0.201,0.00274817765815234,"32","Pwwp2a"
2.14673029931238e-15,1.53110375393562,0.875,0.437,5.37305126614897e-11,"32","Mef2a"
8.18761607704502e-10,1.52238618966935,0.339,0.091,2.0492784279236e-05,"32","Disc1"
7.13880596677022e-08,1.51860645422851,0.5,0.165,0.00178677174542292,"32","Serinc3"
2.68161011097094e-07,1.50842039028092,0.554,0.237,0.00671180194674918,"32","Etv6"
1.09840195973293e-10,1.50713745628825,0.5,0.156,2.74919026501554e-06,"32","Arhgap31"
8.44624493041664e-08,1.50291522074685,0.571,0.235,0.00211401064363398,"32","Gm16337"
3.01940190156547e-10,1.49824492636566,0.304,0.057,7.55726101942821e-06,"32","Arhgap22"
9.998883557888e-16,1.48608185934904,0.929,0.475,2.50262056570379e-11,"32","Elmo1"
3.1097852738955e-10,1.48216953725516,0.661,0.291,7.78348156203304e-06,"32","Cspg5"
6.43781263064659e-10,1.46893799926387,0.75,0.349,1.61132012332454e-05,"32","Tmcc3"
1.30768949863771e-09,1.44964575579841,0.357,0.109,3.27301604614032e-05,"32","Rgma"
1.60633023260832e-09,1.41080832619918,0.25,0.062,4.02048393919536e-05,"32","Afap1l2"
2.14508575812003e-08,1.40949245249621,0.571,0.236,0.000536893514399861,"32","Gm26542"
2.64671212415489e-07,1.40818745850608,0.286,0.089,0.00662445577554728,"32","Pla2g7"
9.20646278752368e-18,1.40746691684246,0.964,0.448,2.3042855710893e-13,"32","Maml2"
1.72776510549625e-09,1.3944346100048,0.554,0.233,4.32442328254657e-05,"32","Rab31"
2.09687788421653e-07,1.38859816814575,0.339,0.124,0.00524827565640554,"32","Bmp2k"
9.83281692401524e-09,1.38607424415728,0.661,0.344,0.000246105574791177,"32","Gab2"
7.64135314834562e-09,1.38444046627625,0.696,0.309,0.000191255427949943,"32","Bin1"
2.67105850703652e-07,1.38421019061373,0.589,0.272,0.00668539233726172,"32","Lyn"
2.58254042102321e-07,1.38323186957023,0.304,0.085,0.00646384041977899,"32","Ndrg2"
2.29929614953318e-08,1.37228472302556,0.339,0.11,0.000575490833266659,"32","Pmepa1"
9.72126949585708e-08,1.36338793004386,0.429,0.156,0.00243313654211807,"32","St6gal1"
1.52792353673781e-07,1.3599760172552,0.571,0.294,0.00382423982010106,"32","Lims1"
1.31546924066173e-08,1.34640961474109,0.464,0.182,0.000329248796245224,"32","Prex1"
4.84862948483778e-15,1.33955171638057,0.929,0.54,1.21356347376005e-10,"32","Srgap2"
3.82852017927292e-07,1.33697492200089,0.411,0.123,0.0095824031567022,"32","Itga6"
1.41725537413792e-13,1.33463626318654,0.839,0.479,3.54724847592979e-09,"32","Zeb1"
6.8669197877223e-11,1.33103922796577,0.589,0.242,1.71872135366901e-06,"32","Pag1"
9.15930102803792e-08,1.32087192030443,0.446,0.137,0.00229248145430761,"32","Maf"
1.51669781908268e-13,1.31563190771611,0.732,0.296,3.79614297138205e-09,"32","Gm20713"
5.23427202084922e-11,1.30977813392234,0.5,0.136,1.31008594409835e-06,"32","St3gal6"
2.98601282348364e-12,1.29887292500983,0.875,0.555,7.47369149589721e-08,"32","Fchsd2"
1.15680379152072e-07,1.2902826824377,0.536,0.202,0.00289536420979722,"32","E130114P18Rik"
2.33995933950771e-07,1.28031632769784,0.446,0.19,0.00585668423085384,"32","Cdh20"
4.33585075086148e-08,1.2698696328271,0.732,0.388,0.00108522008443312,"32","Tbc1d5"
5.54120483880843e-17,1.26110174772746,0.911,0.436,1.38690815910536e-12,"32","Gpc5"
3.90130102404736e-08,1.26105915669723,0.25,0.068,0.000976456633308815,"32","Bcas1os2"
8.75493686569866e-08,1.25576450259179,0.75,0.415,0.00219127314811572,"32","Asap1"
1.40294741004154e-07,1.24250536625493,0.75,0.403,0.00351143707259297,"32","Fgf13"
5.1034338607843e-09,1.24187893721681,0.839,0.559,0.00012773384610157,"32","Wdr17"
3.28068312855846e-07,1.22821743685673,0.375,0.144,0.00821122180246896,"32","Zfand6"
4.59630848167868e-08,1.22436359968519,0.589,0.327,0.00115041004987936,"32","Nr6a1"
3.94626998976609e-08,1.21561617766215,0.732,0.472,0.000987711915738556,"32","Ldlrad4"
1.04103966388723e-11,1.20769217693667,0.839,0.336,2.60561817474336e-07,"32","Sox6"
7.53956069349845e-10,1.20281100161268,0.661,0.29,1.88707664597573e-05,"32","Rnf180"
1.85900849100583e-07,1.20053714441546,0.643,0.347,0.00465291235213849,"32","Ophn1"
5.5904218377327e-08,1.19089627810374,0.5,0.198,0.00139922668176612,"32","Apoe"
1.09164274949332e-07,1.18835887073897,0.607,0.238,0.00273227263770682,"32","Cst3"
2.02012035339055e-07,1.16309851058604,0.464,0.202,0.0050561592325012,"32","Asph"
3.78430465645062e-09,1.15473861392832,0.821,0.579,9.47173612463027e-05,"32","Ssh2"
3.76215973477757e-08,1.15036012197358,0.696,0.381,0.000941630960017477,"32","Snx29"
4.46608973369625e-14,1.1352652185958,0.964,0.564,1.11781759944683e-09,"32","Ptprz1"
1.86013411396558e-08,1.11466972063635,0.571,0.252,0.000465572967384444,"32","Akap13"
6.50543647074917e-08,1.11345125312172,0.911,0.628,0.00162824569426381,"32","Gm35188"
1.36552278799867e-07,1.10613132841956,0.661,0.335,0.00341776698608187,"32","Pcdh11x"
8.34174517869286e-08,1.08781103162209,0.714,0.401,0.00208785540077504,"32","Slc1a2"
1.5753142016637e-10,1.08754171790297,0.679,0.257,3.94285391534408e-06,"32","Slc1a3"
4.78979272067304e-12,1.08441593441191,0.786,0.401,1.19883722005726e-07,"32","Plcl1"
1.14008238171722e-11,1.08287348347148,0.875,0.611,2.85351219320002e-07,"32","Chd9"
1.05533742906086e-10,1.07980082331227,0.911,0.677,2.64140405119643e-06,"32","Dock4"
1.90579929546238e-07,1.07267246541047,0.464,0.186,0.00477002505661279,"32","Gng12"
1.75607093110352e-08,1.06224954239818,0.786,0.573,0.000439526993345899,"32","Foxn3"
2.29525392395812e-07,1.06054977520268,0.714,0.494,0.00574479104627479,"32","Pid1"
1.43088378736606e-07,1.04446151424993,0.75,0.527,0.0035813590313985,"32","Ptprj"
4.62949069387068e-09,1.04229618682739,0.821,0.51,0.000115871522576889,"32","Xylt1"
1.70938880419442e-07,1.04004343369135,0.768,0.498,0.00427842923801822,"32","Pitpnc1"
1.22944042582942e-07,1.01846287200915,0.429,0.188,0.00307716644180846,"32","Ust"
3.20366763722712e-08,1.01121143353276,0.786,0.461,0.000801845972921575,"32","Gm3764"
1.02909838431033e-09,0.983102590525981,0.893,0.758,2.57573034609033e-05,"32","Son"
1.39074930690305e-07,0.966118944692683,0.393,0.135,0.00348090644024765,"32","Tcf7l2"
8.30356730121229e-10,0.912663621162996,0.929,0.56,2.07829985982042e-05,"32","Zeb2"
2.42201232604123e-08,0.867253064671478,0.911,0.572,0.00060620546508486,"32","Zbtb20"
2.27031412574665e-07,0.850909634518095,0.661,0.4,0.00568236922533128,"32","Dock10"
1.9079585371577e-11,0.837166910036633,1,0.808,4.775429422652e-07,"32","Ntm"
2.02668576613679e-08,0.821175134939329,0.875,0.72,0.000507259180406377,"32","Rora"
3.04466730161443e-09,0.777761740341736,0.821,0.504,7.62049778921076e-05,"32","Nckap5"
6.72955718673455e-12,0.760155067614611,0.964,0.627,1.68434086826779e-07,"32","Npas3"
9.74769376381094e-09,0.708003072618836,0.911,0.736,0.000243975027214424,"32","Nav2"
4.03139651096564e-08,0.700381536508907,0.875,0.575,0.00100901823272959,"32","Luzp2"
6.25154431448942e-08,0.608564847049997,1,0.775,0.00156469902647356,"32","Mir99ahg"
2.26786878832815e-29,6.08851318657149,0.429,0.006,5.67624879030652e-25,"33","9130024F11Rik"
4.19754689461393e-53,5.85853908170402,0.881,0.027,1.05060401225292e-48,"33","Satb2"
3.42179732633465e-18,4.29372870546509,0.333,0.011,8.564416528083e-14,"33","Nr4a2"
3.61749124734016e-32,3.91762200520112,0.571,0.031,9.05421884296769e-28,"33","Lypd6b"
1.00735554363792e-15,3.58320866332572,0.5,0.074,2.52131019017136e-11,"33","Gm49171"
5.23392587434995e-29,3.45675365968141,0.786,0.121,1.30999930709105e-24,"33","Hs3st2"
3.03036408717779e-26,3.40596760205797,0.738,0.078,7.5846982737973e-22,"33","Mpped1"
2.3296606478066e-30,3.3894781930413,0.643,0.079,5.83090763539515e-26,"33","4933432K03Rik"
2.38876021234285e-10,3.37017802851599,0.643,0.272,5.97882793547291e-06,"33","Hs3st4"
1.2857501098464e-14,3.35401701889754,0.429,0.041,3.21810394993456e-10,"33","Gm16036"
1.50602777240086e-14,3.34736920273426,0.333,0.023,3.76943691154211e-10,"33","Rxfp1"
1.44739019505517e-11,3.2771149042308,0.31,0.04,3.62267291920359e-07,"33","Fgf10"
2.31946484012302e-21,3.2038712958278,0.929,0.452,5.80538854834391e-17,"33","Cdh18"
2.88166296299706e-19,3.16497428650414,0.667,0.085,7.21251423008535e-15,"33","Sulf1"
2.80133445651455e-23,3.06417896935957,0.976,0.757,7.01146001121028e-19,"33","Dpp10"
9.34716590197128e-21,3.03421322385584,0.762,0.153,2.33950215360439e-16,"33","Cdh12"
6.73835435117199e-25,3.01764275198042,0.619,0.078,1.68654271055484e-20,"33","St3gal1"
5.66342797723393e-16,2.99967583082151,0.405,0.052,1.41749938842188e-11,"33","4932413F04Rik"
2.62662461971679e-21,2.96916511840063,0.643,0.109,6.57417876068914e-17,"33","Tmem178"
3.55037352722716e-23,2.94911216981919,0.929,0.294,8.88622990129686e-19,"33","Chrm3"
1.28555572321899e-21,2.94587272789974,0.929,0.371,3.21761741964481e-17,"33","Thsd7b"
3.70205291433494e-27,2.91289024775508,1,0.454,9.26586823928892e-23,"33","Etl4"
3.71580149880848e-25,2.907790736674,0.786,0.155,9.30027957136774e-21,"33","Gm17171"
7.44099633565024e-24,2.85163502828667,1,0.307,1.8624069728499e-19,"33","Sdk1"
4.37357402678096e-10,2.83766279612832,0.357,0.06,1.09466184316301e-05,"33","Gm49876"
1.891870962031e-12,2.76995662708741,0.333,0.045,4.7351638308674e-08,"33","Gm2824"
2.75225044466488e-24,2.75775427702514,0.857,0.188,6.88860763795173e-20,"33","Galnt14"
1.4069727426061e-14,2.73227639979529,0.381,0.044,3.52151207746882e-10,"33","Htr2a"
2.45920672516716e-13,2.728570544915,0.333,0.037,6.1551485124209e-09,"33","Prss12"
6.10740583371119e-22,2.72467374169795,0.714,0.162,1.52862260611957e-17,"33","Tshz3"
3.00916628173099e-21,2.71914803300518,0.833,0.232,7.53164228654449e-17,"33","Gm49678"
5.22037939570772e-17,2.6512383028749,0.762,0.195,1.30660875895168e-12,"33","Igsf21"
1.95746049489793e-14,2.64583868472645,0.5,0.095,4.89932787268003e-10,"33","Gsg1l"
1.03525114378372e-07,2.64171858694787,0.381,0.083,0.00259113008777628,"33","Gm32743"
1.13167078400707e-20,2.6121077192893,0.762,0.169,2.83245880529129e-16,"33","Col23a1"
4.62172314687032e-10,2.552737232632,0.262,0.034,1.15677108643017e-05,"33","Adra1b"
7.48334500003874e-12,2.52604883016823,0.571,0.131,1.8730064200597e-07,"33","Lrrc3b"
1.52759739959053e-24,2.52136095943532,0.619,0.097,3.82342353143513e-20,"33","Osbpl3"
1.720570787021e-21,2.51375082442535,0.976,0.443,4.30641662283485e-17,"33","Tmem108"
6.18635235047287e-27,2.50749638494447,0.643,0.074,1.54838212979985e-22,"33","Atp10a"
3.52146119889269e-14,2.50586547884849,0.548,0.093,8.8138652347085e-10,"33","Sel1l3"
2.37834872726027e-16,2.48923386380862,0.976,0.572,5.95276902945973e-12,"33","Frmpd4"
1.64154147215585e-08,2.48527079921378,0.31,0.044,0.000410861415065887,"33","Pdia5"
7.17057059971944e-17,2.46576250284672,0.381,0.047,1.79472211540378e-12,"33","Slc16a10"
6.53000261019385e-17,2.46441951062319,0.548,0.097,1.63439435330542e-12,"33","Kcnmb4"
1.52746467920853e-07,2.45235382504569,0.262,0.063,0.00382309134559103,"33","Gm49191"
8.71106109940229e-11,2.44647762788815,0.548,0.121,2.1802914825694e-06,"33","Gm45904"
1.19222156040169e-19,2.3857644138036,0.881,0.272,2.9840113435294e-15,"33","Dlc1"
3.73454691356635e-07,2.38357324875277,0.333,0.054,0.00934719746996522,"33","Fam163b"
3.04143756283727e-22,2.37270640051543,0.976,0.372,7.61241407602539e-18,"33","Khdrbs3"
2.59515313642081e-14,2.35401951620097,0.452,0.072,6.49540878514765e-10,"33","Rai14"
8.23079442134184e-20,2.35110734560257,0.857,0.285,2.06008553571765e-15,"33","Grik3"
5.47487393714403e-20,2.342040732426,0.976,0.495,1.37030619772778e-15,"33","Pde1a"
9.12685155531312e-13,2.30912851119866,0.571,0.122,2.28435967577932e-08,"33","Gm48956"
2.0718854532441e-21,2.30479423367055,0.952,0.298,5.18572210092466e-17,"33","6530403H02Rik"
3.04684994932347e-16,2.27978726572825,0.667,0.157,7.6259607381617e-12,"33","Rasgrp1"
7.84458899517644e-15,2.2764896465976,0.786,0.219,1.96342217960271e-10,"33","Sdk2"
9.90741475704573e-08,2.2694412964605,0.31,0.05,0.00247972683954098,"33","Necab3"
5.43565934634295e-11,2.24176400945266,0.643,0.16,1.36049117779618e-06,"33","Gm16226"
5.4944269122324e-13,2.22859983593636,0.571,0.108,1.37520011186265e-08,"33","Gm41414"
2.03441191324975e-09,2.20288186772805,0.357,0.079,5.0919295776728e-05,"33","Fbn1"
2.76797487191249e-09,2.20148810485501,0.333,0.049,6.92796430690978e-05,"33","Atp8b1"
2.19422951679008e-21,2.19872283827382,1,0.579,5.49193705757388e-17,"33","Mmp16"
1.54929799738259e-17,2.17824240090291,0.857,0.268,3.8777379576489e-13,"33","Tle4"
3.23970311156566e-11,2.17612100868254,0.405,0.047,8.10865291793768e-07,"33","Tg"
1.55959076421862e-08,2.17602047374629,0.286,0.057,0.000390349972376278,"33","Sult2b1"
1.74440954846022e-13,2.17352054487093,0.762,0.259,4.36608265884109e-09,"33","Gm12296"
6.30223733791252e-14,2.16121332295483,0.738,0.189,1.57738698330612e-09,"33","Pcsk5"
2.953035654951e-08,2.1470341363413,0.333,0.057,0.000739115294077685,"33","Arhgef37"
4.91092864097106e-12,2.11417344365332,0.476,0.105,1.22915632954865e-07,"33","Mdga1"
1.51664570724797e-18,2.08526700086275,0.929,0.351,3.79601254067095e-14,"33","Rasgef1b"
9.32868262804702e-13,2.08326207215226,0.333,0.062,2.33487597497389e-08,"33","Scube1"
9.82687837523637e-11,2.06660575872932,0.286,0.051,2.45956938853791e-06,"33","Tyro3"
5.22308293387051e-10,2.033774867849,0.405,0.079,1.30728542751845e-05,"33","Nr4a1"
4.94531946942998e-17,2.02757669480312,0.929,0.411,1.23776401000363e-12,"33","Prickle1"
1.07059155257889e-12,2.00600586979367,0.476,0.094,2.6795835969497e-08,"33","Kif17"
3.79489381749271e-21,2.00328722806667,0.881,0.237,9.49823973580251e-17,"33","Cntnap4"
3.66025382640415e-14,2.00225780559176,0.69,0.202,9.16124930210696e-10,"33","Galnt10"
3.19648887489002e-13,1.99299269975243,0.881,0.34,8.00049200496224e-09,"33","Shisa6"
2.25226855265376e-07,1.94024019619205,0.381,0.094,0.0056372029604371,"33","Gm10862"
7.37282799981887e-10,1.93773705677575,0.286,0.051,1.84534512007466e-05,"33","Rgs11"
3.33824212889145e-14,1.93282395547937,0.81,0.326,8.3552862244024e-10,"33","Kcnj6"
4.49792441240379e-10,1.9022976695427,0.452,0.109,1.12578550118054e-05,"33","Gm41505"
1.89262539170129e-08,1.90164481579105,0.31,0.048,0.000473705209288915,"33","Cntn2"
3.63962832949344e-14,1.89876333921444,0.69,0.207,9.10962574588912e-10,"33","Nhsl2"
1.05613044540975e-08,1.89575500042846,0.286,0.057,0.000264338889181606,"33","Diras2"
2.57514032880723e-13,1.89459107120171,0.833,0.415,6.44531872897162e-09,"33","Adcy2"
1.62550802894769e-15,1.89100040983399,0.81,0.24,4.06848404565318e-11,"33","Nrp2"
1.15551904865264e-11,1.88533180084687,0.857,0.324,2.8921486268727e-07,"33","Oprm1"
5.75763965327172e-10,1.88191228768305,0.571,0.165,1.44107962881738e-05,"33","Gm48239"
2.24960257134515e-13,1.87683446709321,0.833,0.325,5.63053027581978e-09,"33","Slc35f3"
2.1979963085996e-15,1.87460302210887,0.833,0.301,5.50136496079393e-11,"33","Epha3"
8.68978671395263e-08,1.86370949515739,0.31,0.064,0.0021749667166352,"33","Gm48957"
1.82825299013081e-10,1.84030164269062,0.619,0.173,4.5759344089984e-06,"33","D130043K22Rik"
3.34480671783066e-08,1.83669096757915,0.405,0.094,0.000837171673405836,"33","B3gat1"
1.59785540097262e-10,1.83316271275448,0.571,0.131,3.99927228309437e-06,"33","Galnt9"
5.03021749040679e-10,1.82858328740257,0.786,0.366,1.25901313567391e-05,"33","A330015K06Rik"
8.18076962926434e-08,1.82554993013306,0.357,0.078,0.00204756483050857,"33","Abcd4"
2.11756366513582e-07,1.82417475177718,0.286,0.057,0.00530005009746844,"33","Kcnk9"
2.60148876479626e-12,1.81629986420228,0.69,0.214,6.51126622940856e-08,"33","Fgf1"
2.51632820962824e-12,1.77887832663747,0.548,0.158,6.29811787587852e-08,"33","Pls3"
1.69809946891474e-12,1.76686433239653,0.714,0.279,4.25017316074671e-08,"33","Nin"
3.65187224044479e-09,1.75727169529362,0.476,0.109,9.14027103060926e-05,"33","Nrip3"
3.63356944780026e-12,1.74017828151488,0.81,0.32,9.09446097089926e-08,"33","Brinp2"
3.86515447270191e-14,1.73858966706245,0.69,0.211,9.6740951297256e-10,"33","Serpini1"
6.76068674691813e-14,1.71627220220711,0.571,0.135,1.69213228588614e-09,"33","Gm12064"
1.30041544098122e-08,1.70964846713753,0.571,0.183,0.000325480980723189,"33","Pcsk2os2"
9.15722441544977e-10,1.70291595314662,0.595,0.204,2.29196169894292e-05,"33","4921534H16Rik"
2.62489911070848e-07,1.70092723361605,0.452,0.12,0.00656985998419225,"33","Pdgfc"
2.30787570481869e-13,1.70034980790365,0.714,0.25,5.7763821015907e-09,"33","Osbpl10"
4.12028264586419e-11,1.68904005645843,0.738,0.236,1.03126554343335e-06,"33","Vwc2l"
1.810538485647e-12,1.68289098024654,0.833,0.353,4.53159677572587e-08,"33","Gas7"
4.84213476209525e-08,1.64628339083443,0.619,0.22,0.00121193790960482,"33","Man1c1"
5.83999925427441e-08,1.61824234018804,0.548,0.158,0.00146169341335234,"33","Gm45159"
1.61749112365356e-09,1.6171515210736,0.81,0.447,4.04841853339248e-05,"33","Dtnb"
3.77562230740375e-10,1.61583470874997,0.595,0.176,9.45000507320086e-06,"33","Rph3a"
7.10067639184472e-12,1.61470503927522,0.786,0.319,1.77722829411481e-07,"33","Srcin1"
6.13017658167247e-09,1.60955464835148,0.857,0.404,0.00015343218966268,"33","Galnt18"
1.64625678482521e-07,1.59765159906019,0.571,0.192,0.00412041610673901,"33","Hs6st2"
6.04199511864571e-14,1.59652737098497,0.929,0.444,1.51225095824583e-09,"33","A830018L16Rik"
4.13141066496016e-08,1.58481613205728,0.5,0.136,0.00103405077533288,"33","Rpl5"
6.0445588997797e-08,1.58369654825899,0.405,0.091,0.00151289264702586,"33","Plk2"
1.36471956379868e-07,1.58038445571587,0.476,0.119,0.00341575659623172,"33","Gm13944"
6.62949225234826e-10,1.57953306676741,0.667,0.188,1.65929561584025e-05,"33","Glra2"
1.06903015266898e-08,1.57537270512481,0.5,0.144,0.00026756755691152,"33","Adgra1"
1.47033133860307e-12,1.56712960733033,0.929,0.448,3.68009230738963e-08,"33","Atp2b2"
8.79680733214967e-11,1.56631306852396,0.619,0.189,2.20175290716374e-06,"33","Pou6f2"
5.11753609372401e-10,1.56061040826,0.714,0.275,1.28086810889818e-05,"33","Sv2b"
5.50004371856123e-08,1.55978297604462,0.405,0.11,0.00137660594231869,"33","Gdpd5"
2.64622212111443e-15,1.54392956588395,0.976,0.521,6.6232293469373e-11,"33","Caln1"
3.54862645010228e-07,1.53549931661282,0.524,0.202,0.00888185714196101,"33","Cnih3"
5.01485015093005e-16,1.53397523987,0.619,0.112,1.25516684427628e-11,"33","Vxn"
6.58450882992006e-14,1.52668357939517,0.952,0.497,1.64803671504069e-09,"33","Mctp1"
1.77013813896505e-09,1.52010865664626,0.81,0.416,4.43047874801563e-05,"33","Kcnab1"
2.14234338059504e-18,1.50834573784534,0.976,0.413,5.36207124729132e-14,"33","Spock1"
2.28938421339056e-12,1.49528321005308,0.952,0.563,5.73009974769524e-08,"33","Ext1"
4.09231364119942e-09,1.48641853819007,0.643,0.215,0.00010242651812558,"33","Elavl4"
3.12050642099015e-07,1.48213876454963,0.405,0.147,0.00781031552109624,"33","Fbxo21"
1.34786343207497e-08,1.46808311100868,0.786,0.297,0.000337356738414043,"33","Glp2r"
6.59164328509726e-15,1.45504361046022,1,0.726,1.64982239782699e-10,"33","Pbx1"
1.02841852776035e-14,1.44120130031802,1,0.659,2.57402873313137e-10,"33","Gm26871"
2.71747115550005e-07,1.43052849698189,0.476,0.108,0.00680155855510107,"33","Sgk3"
8.65037901770766e-10,1.43046314989413,0.524,0.156,2.16510336434205e-05,"33","Ngef"
6.13026181003245e-15,1.42809999709069,1,0.674,1.53434322843302e-10,"33","Slc8a1"
3.91158980493287e-15,1.42390346124762,0.976,0.678,9.79031812276649e-11,"33","Celf4"
9.16393679262538e-12,1.42091922547189,0.762,0.241,2.29364173982621e-07,"33","Bcl11a"
3.11874620181602e-11,1.42091115689911,0.833,0.277,7.80590986852531e-07,"33","Olfm3"
5.64221441857135e-09,1.39790043348162,0.69,0.247,0.000141218984682422,"33","Grik4"
4.15969860386799e-10,1.38412375465908,0.857,0.493,1.04113096356212e-05,"33","Pcsk2"
8.19872609300751e-10,1.37318771598707,0.786,0.373,2.05205915381885e-05,"33","Gm48742"
4.76250344402645e-11,1.37191064723697,1,0.596,1.19200698700538e-06,"33","Csmd2"
9.27451477277768e-13,1.37091887311071,1,0.682,2.32131830247852e-08,"33","Erc2"
2.02949273508939e-12,1.36893403661618,1,0.553,5.07961736665524e-08,"33","Agbl4"
1.85265256817376e-07,1.35295756272038,0.786,0.444,0.00463700411288209,"33","Fut9"
4.24350440514914e-09,1.34771929644505,0.762,0.282,0.000106210671756478,"33","Atp2b4"
3.90182127627369e-07,1.33781500159772,0.5,0.133,0.00976586847238541,"33","Sulf2"
2.08359051930238e-07,1.32688637421227,0.357,0.102,0.00521501871076194,"33","Tdrd7"
1.89088330981683e-11,1.32425785295748,0.881,0.397,4.73269183614055e-07,"33","Sh3gl2"
5.85796383850169e-14,1.31245775094829,1,0.756,1.46618976913859e-09,"33","Syt1"
1.60129876138014e-08,1.3114451722451,0.714,0.248,0.000400789066985836,"33","Smurf1"
2.63446524807981e-07,1.30952390945869,0.643,0.24,0.00659380306941896,"33","Zfyve28"
6.55088198317982e-08,1.30908232404613,0.643,0.183,0.00163962025157008,"33","Sema5b"
6.49129136292684e-08,1.30488802558585,0.5,0.163,0.00162470531522696,"33","Tub"
7.90356508379198e-11,1.30177435023806,0.762,0.278,1.9781833048223e-06,"33","Kcnn3"
7.45723445493789e-08,1.29793594325389,0.881,0.418,0.0018664712117264,"33","Chl1"
2.47910478798932e-07,1.29052959397137,0.548,0.184,0.00620495137385846,"33","Adcy1"
2.70979788508841e-07,1.28191314814638,0.476,0.154,0.00678235312658778,"33","Rasal1"
1.31401414828565e-07,1.2606432759426,0.833,0.395,0.00328884601174415,"33","Gabrb2"
7.04448986633779e-08,1.26059055217478,0.571,0.175,0.00176316536864569,"33","Tmem163"
5.39488430189242e-08,1.26003942120429,0.667,0.312,0.00135028559192065,"33","Cdh11"
3.04707180384319e-08,1.26003712334377,0.548,0.198,0.000762651601783912,"33","4930480K15Rik"
5.88690172263303e-09,1.2492820402169,0.738,0.329,0.000147343263215782,"33","Srrm4"
1.0427155078415e-09,1.24570666505988,0.31,0.091,2.6098126445765e-05,"33","Susd1"
1.22661818313534e-11,1.23927557663621,0.929,0.428,3.07010265056945e-07,"33","D430041D05Rik"
5.25281494364373e-10,1.21797735607042,0.929,0.482,1.31472705224459e-05,"33","Atp8a2"
6.45032094759659e-13,1.21197088556094,0.976,0.508,1.61445082997395e-08,"33","Foxp1"
2.71737180197372e-07,1.20975038911203,0.595,0.2,0.00680130988316003,"33","Usp12"
2.95802979771332e-08,1.20200603092746,0.786,0.333,0.000740365278069667,"33","Zfp385b"
5.76438066942971e-10,1.19681643859379,0.952,0.578,1.44276683775156e-05,"33","Tenm1"
1.13132280856599e-07,1.19437016866136,0.429,0.131,0.00283158785755982,"33","Fmn1"
1.09914181343263e-10,1.18982388562141,0.929,0.428,2.75104204484054e-06,"33","9530059O14Rik"
2.09220027706441e-08,1.1871651658573,0.714,0.293,0.00052365680734645,"33","Rap1gap2"
9.41773536114567e-13,1.18227425265352,1,0.743,2.35716498354115e-08,"33","Kalrn"
3.58401973283452e-07,1.17429605471948,0.571,0.2,0.00897044298931153,"33","Pou2f2"
8.88039439067841e-10,1.16281300751304,0.881,0.412,2.2226739120429e-05,"33","Rgs6"
1.39747620737418e-07,1.15693753516841,0.381,0.098,0.00349774319943684,"33","Ldlr"
5.8118400521785e-09,1.15582549627951,0.952,0.607,0.000145464544665976,"33","Dock3"
6.68002841309142e-08,1.14169301571596,0.69,0.333,0.00167194431151265,"33","Arhgap44"
2.84104393353133e-08,1.13507073038165,0.476,0.13,0.000711084886123557,"33","Mitf"
3.54206033298942e-13,1.12355256154974,0.429,0.078,8.86542280743921e-09,"33","Col19a1"
1.28287309448941e-13,1.11866075806728,1,0.873,3.21090306819755e-09,"33","Dlg2"
4.86219923227996e-08,1.11027950647964,0.952,0.626,0.00121695984584735,"33","Gm20642"
3.58819557983992e-07,1.10805946399955,0.619,0.254,0.00898089471678133,"33","Celf5"
1.35560424420378e-07,1.08907719318427,0.857,0.423,0.00339294186281763,"33","Srrm3"
1.04975415173565e-12,1.08767201732485,1,0.843,2.62742966637915e-08,"33","Nkain2"
1.39439091848856e-07,1.07373202916765,0.857,0.518,0.00349002102988502,"33","Rbfox3"
5.30779785604042e-11,1.07226058386151,1,0.66,1.32848872538836e-06,"33","Arpp21"
1.08432117987087e-10,1.06284391483764,0.976,0.626,2.7139474810988e-06,"33","Tmeff2"
9.1889195741567e-08,1.06238476664326,0.905,0.55,0.00229989468021568,"33","Snap25"
8.68309545970478e-10,1.0404657130032,1,0.697,2.17329196260951e-05,"33","Rims1"
2.94505596531867e-09,1.04017358149384,0.619,0.227,7.37118057559611e-05,"33","Far2"
4.02774359807417e-08,1.04009701662566,0.81,0.453,0.00100810394516198,"33","Dync1i1"
3.51137223643279e-09,1.03924607459878,0.905,0.51,8.78861357056764e-05,"33","Xylt1"
2.44842410908729e-12,1.03300951999003,0.31,0.053,6.12816070263458e-08,"33","Adamts20"
5.92459307843994e-08,1.03157067896328,0.81,0.444,0.00148286640160273,"33","Pacsin1"
4.24386251641133e-12,1.02239007422148,1,0.838,1.06219634923259e-07,"33","Nrg3"
3.58691487599111e-07,1.02039770727865,0.857,0.458,0.00897768924311815,"33","Cacna1b"
2.70072898047538e-07,1.01462642108668,0.857,0.42,0.00675965456523184,"33","Lrfn2"
4.56148059584799e-08,0.999738695345972,0.643,0.277,0.00114169297833479,"33","Syt7"
9.39672569082012e-11,0.99718328015847,1,0.691,2.35190647315537e-06,"33","Mir100hg"
5.81885328319383e-08,0.989110235352736,0.952,0.647,0.00145640078825058,"33","Myt1l"
3.03630514991558e-07,0.985876550345857,0.571,0.231,0.00759956815972371,"33","Ergic1"
4.74344664917636e-10,0.981642098851803,1,0.68,1.18723726182235e-05,"33","Gabrb3"
5.66027387790595e-11,0.974620427201857,1,0.826,1.41670994890108e-06,"33","Frmd4a"
8.15354962163356e-08,0.969787319764805,0.881,0.488,0.00204075193479866,"33","Gm15738"
2.557177839781e-07,0.969594780775816,0.952,0.588,0.00640036041518787,"33","Sgcz"
8.66433902752898e-11,0.966627888940915,1,0.861,2.16859741520023e-06,"33","Mdga2"
2.49427608605447e-07,0.958280107825585,0.786,0.409,0.00624292361578572,"33","Clstn2"
1.12759378062496e-09,0.957085917436403,0.5,0.144,2.8222544735262e-05,"33","St3gal5"
1.64243003716892e-08,0.949277655067457,0.976,0.612,0.00041108381400301,"33","Cntn1"
7.8028684200345e-10,0.937715031370521,0.905,0.509,1.95297993685044e-05,"33","Oxr1"
1.34504295610609e-07,0.937116597707562,0.738,0.32,0.00336650801483792,"33","Stk39"
5.88321338582515e-09,0.936135723204397,1,0.91,0.000147250947833818,"33","Pcdh9"
4.62561515388538e-09,0.935462776888215,0.929,0.564,0.000115774521686597,"33","Robo2"
3.05362845219658e-07,0.928780318270287,0.881,0.543,0.00764292665300281,"33","A230006K03Rik"
2.18793128591253e-07,0.925853782833687,0.524,0.218,0.00547617321551048,"33","Larp1b"
2.22605018284481e-07,0.921838760602951,0.905,0.564,0.00557158100264228,"33","Ppm1e"
9.12845650997525e-10,0.920635209207937,1,0.795,2.28476137988171e-05,"33","Nav3"
1.218699882762e-09,0.911232645907933,1,0.894,3.050283936565e-05,"33","Kcnip4"
1.56954235174113e-10,0.89960220095104,1,0.862,3.92840755217288e-06,"33","Ptprd"
9.60423909327361e-08,0.885197282118526,1,0.721,0.00240384500265545,"33","Kcnma1"
1.80797591815453e-07,0.882058103018537,0.952,0.654,0.00452518292554898,"33","Cacna1a"
8.621438150278e-12,0.874822163771869,0.929,0.429,2.15785975463308e-07,"33","Nfasc"
3.77164250032824e-07,0.868449105987025,0.833,0.385,0.00944004401407156,"33","Ank"
1.71827030653795e-10,0.855121925048488,0.714,0.282,4.30065875023385e-06,"33","Nmt2"
1.4978383903687e-07,0.850677630081679,0.929,0.678,0.00374893970725383,"33","Prkce"
1.89043951846241e-07,0.836907806619439,0.595,0.244,0.00473158107075956,"33","Gm13052"
2.21586406728682e-08,0.833256478930109,0.952,0.736,0.000554608617401218,"33","Phactr1"
3.87455444558152e-07,0.795774145996661,0.905,0.601,0.00969762232184598,"33","Otud7a"
3.91848427948136e-07,0.771763594778878,0.762,0.372,0.0098075743031139,"33","Dnajc6"
1.41005533766867e-09,0.737165467164903,0.976,0.888,3.52922750465092e-05,"33","Adgrb3"
1.07222481551822e-09,0.703629325061966,1,0.948,2.68367149076055e-05,"33","Meg3"
2.79615528562537e-07,0.632357215341411,1,0.936,0.00699849706439173,"33","Celf2"
