"p_val","avg_log2FC","pct.1","pct.2","p_val_adj","cluster","gene"
1.80974714440264e-63,1.22148137526064,0.997,0.989,4.52961612772538e-59,"0","Kcnip4"
1.05693808350738e-50,1.96333710697672,0.967,0.825,2.64541032921063e-46,"0","Trpm3"
9.60935755385448e-50,1.78985727215715,0.939,0.579,2.40512610215424e-45,"0","Tshz2"
2.90931551597603e-47,1.90150389112028,0.887,0.522,7.2817258049364e-43,"0","Tox"
3.52475695676905e-47,1.43590367275268,0.993,0.956,8.82211418709726e-43,"0","Tenm2"
9.22048425210617e-47,1.068346189268,0.981,0.968,2.30779500345965e-42,"0","Negr1"
1.89268355186372e-46,0.934853241608688,0.993,0.969,4.73719766195972e-42,"0","Lrp1b"
3.45093486559939e-40,1.27233511764449,0.92,0.732,8.63734487510871e-36,"0","Mef2c"
8.26224728557346e-39,1.19523163832829,0.976,0.855,2.06795787310618e-34,"0","Prkg1"
1.0973617898851e-35,2.12740304325442,0.746,0.358,2.74658682390342e-31,"0","Fras1"
2.22495046903489e-32,1.83178618437627,0.877,0.503,5.56882852894743e-28,"0","Rmst"
4.38772128886706e-32,0.681158655983402,0.996,0.99,1.09820276139054e-27,"0","Ptprd"
4.51910921164035e-32,0.871143408339491,0.97,0.949,1.13108784458146e-27,"0","Grik2"
6.5946148307544e-32,1.39657423675181,0.892,0.66,1.65056614598952e-27,"0","Rgs6"
4.84219265740776e-28,0.859166135443997,0.951,0.883,1.21195240022259e-23,"0","Grid2"
5.30692434486886e-28,0.570753991625823,0.994,0.994,1.32827009427723e-23,"0","Celf2"
4.33555663778667e-27,0.892731618643525,0.941,0.864,1.08514647087163e-22,"0","Sgcd"
2.8115706747436e-26,1.47452551394241,0.816,0.538,7.03708024181575e-22,"0","Cntn6"
3.90817676262229e-26,0.960975734829921,0.981,0.923,9.78177561916732e-22,"0","Ncam2"
4.42419719518664e-26,1.08721997585102,0.958,0.802,1.10733231598326e-21,"0","Kctd16"
9.01556298986646e-26,0.950014978301843,0.954,0.86,2.25650526073368e-21,"0","Epha5"
1.04124489090042e-25,2.34561136383211,0.572,0.194,2.60613183743466e-21,"0","Zfp536"
2.38596982419818e-23,0.961630267791174,0.841,0.689,5.97184387298564e-19,"0","Slc35f1"
3.45707539707606e-23,0.858003753733129,0.949,0.824,8.65271401134167e-19,"0","Cntn4"
8.84127106018894e-23,0.489422268785269,0.985,0.972,2.21288173365469e-18,"0","Cadm2"
2.97610850768781e-21,1.21968129389544,0.801,0.571,7.44890198389183e-17,"0","Ntng1"
3.08777842491381e-21,1.52603886621083,0.77,0.501,7.72840061971677e-17,"0","Oprm1"
1.24357603286426e-20,2.10473901626201,0.526,0.216,3.11254645265596e-16,"0","Satb1"
6.82091358497546e-20,0.930377959848887,0.905,0.671,1.70720646118351e-15,"0","Adamtsl1"
4.22384505005149e-19,1.78681556437969,0.627,0.305,1.05718617757739e-14,"0","L3mbtl4"
1.44258386215471e-18,1.36196182522611,0.785,0.512,3.61064314858702e-14,"0","C130073E24Rik"
6.10281328032922e-18,1.48862632942298,0.624,0.381,1.5274731359336e-13,"0","Cpne8"
2.90999940150823e-17,1.08117587482919,0.785,0.619,7.28343750203494e-13,"0","Cpne4"
5.83753847730855e-17,1.27850826757897,0.816,0.569,1.46107750548556e-12,"0","4930555F03Rik"
8.60805732872493e-17,0.446551271835435,0.985,0.981,2.15451066880656e-12,"0","Fgf14"
1.38256645840873e-16,1.10919924860705,0.933,0.813,3.4604255887512e-12,"0","Brinp3"
4.58612516426701e-16,1.1665202849124,0.736,0.483,1.14786126736439e-11,"0","Gm45321"
1.35495408047373e-15,2.05687712690656,0.441,0.21,3.39131456801769e-11,"0","Kcnh5"
2.97832331517688e-15,1.60886874169951,0.487,0.27,7.45444542555621e-11,"0","Cald1"
4.31254368840201e-15,0.858647452759225,0.811,0.673,1.07938655977014e-10,"0","Nckap5"
8.60570509099677e-15,1.25489197683088,0.783,0.543,2.15392192722558e-10,"0","Tenm3"
1.78787206191417e-14,2.13782301381754,0.459,0.213,4.47486498376496e-10,"0","Nrip1"
4.4757712525512e-14,0.534967874955274,0.947,0.906,1.12024078680104e-09,"0","Kcnq3"
6.18702128398491e-14,1.25550974967413,0.663,0.494,1.54854955716858e-09,"0","Gm30382"
6.92734475331019e-14,0.697351204988235,0.88,0.83,1.73384511830601e-09,"0","Robo2"
7.80424844075221e-14,3.05217423300774,0.253,0.055,1.95332534223587e-09,"0","4930467D21Rik"
1.45195198794902e-13,0.545679877454931,0.955,0.858,3.63409063063759e-09,"0","Galntl6"
1.93018361827816e-13,0.885664993333054,0.816,0.702,4.83105657818841e-09,"0","Thrb"
1.98880861762158e-13,0.798326672065604,0.814,0.667,4.97778908904506e-09,"0","Cacna2d3"
2.16202948647419e-13,0.824709550697631,0.863,0.778,5.41134360169624e-09,"0","Tafa2"
2.36452974009171e-13,1.82411478003121,0.395,0.172,5.91818148647554e-09,"0","Bmpr1b"
2.86428336434156e-13,0.628327650748203,0.926,0.867,7.16901483261049e-09,"0","Sobp"
4.40188919288098e-13,0.839373829232716,0.915,0.787,1.10174884608618e-08,"0","Ldb2"
5.70460955793585e-13,0.567037266059007,0.938,0.859,1.42780672625576e-08,"0","Tcf4"
7.29842370951587e-13,2.17191212792116,0.475,0.183,1.82672247025473e-08,"0","Gm27151"
1.52178929006858e-12,1.291863950907,0.618,0.373,3.80888641411265e-08,"0","Gm2516"
2.01864851155139e-12,0.629212976996823,0.834,0.788,5.05247535956196e-08,"0","Galnt17"
4.3522918167002e-12,1.3478455408083,0.66,0.534,1.08933511880189e-07,"0","Sorcs1"
1.58170096114007e-11,1.82709223049367,0.449,0.219,3.95883933563748e-07,"0","Slc4a4"
1.33150713215522e-10,0.890307230243757,0.774,0.659,3.3326292010713e-06,"0","Gm15577"
1.82105163784645e-10,1.40807392410043,0.474,0.268,4.55791014436587e-06,"0","Mpped2"
2.15673786522811e-10,0.810609559000645,0.79,0.682,5.39809920287943e-06,"0","Ncald"
3.49159263336141e-10,0.519374485653258,0.813,0.673,8.73910720204027e-06,"0","Clstn2"
6.21297335455318e-10,1.40431029643106,0.507,0.305,1.55504510091112e-05,"0","Cux2"
7.24304332976529e-10,1.23624534076889,0.458,0.305,1.81286131500695e-05,"0","Sema3a"
7.77914065806821e-10,0.449951583639244,0.978,0.958,1.94704111530789e-05,"0","Arpp21"
8.04404897474316e-10,0.438667673831259,0.963,0.964,2.01334501788846e-05,"0","Frmd4a"
1.16914602627727e-09,1.14453348389422,0.608,0.428,2.92625558916938e-05,"0","Lypd1"
1.94166168113606e-09,2.2439805406531,0.282,0.092,4.85978502171544e-05,"0","Trpc3"
2.69971414882734e-09,1.43847931713388,0.446,0.269,6.75711454309995e-05,"0","Utrn"
4.07760785695028e-09,1.36957634521351,0.483,0.293,0.000102058447051608,"0","Gm45323"
4.30496314411666e-09,0.585815400132252,0.917,0.864,0.000107748922534096,"0","Gabrg3"
5.88146201634693e-09,0.746547985142601,0.686,0.565,0.000147207112807147,"0","Cdh10"
6.99052114001777e-09,1.76107226226014,0.299,0.137,0.000174965753613505,"0","Cdh6"
7.98935341480781e-09,1.00333388330298,0.675,0.536,0.000199965526619225,"0","Fstl5"
1.03074843715388e-08,1.00930182275327,0.467,0.355,0.000257986026335244,"0","Gm5149"
1.09179729790891e-08,0.500651239108158,0.927,0.886,0.000273265945693621,"0","Kcnh7"
2.04623689871829e-08,0.501801884944026,0.572,0.435,0.0005121526333802,"0","Man1a"
3.85917569954302e-08,1.35988911503373,0.312,0.173,0.000965913085838622,"0","Gm45341"
4.32188025627117e-08,0.842852984484906,0.657,0.565,0.00108172340934211,"0","Ano3"
5.68514505571784e-08,1.17708434511175,0.522,0.333,0.00142293495599562,"0","Fign"
6.05941329147846e-08,1.00726553947372,0.692,0.54,0.00151661055272414,"0","Gm15584"
6.21458008374474e-08,0.411128401602395,0.881,0.882,0.00155544724916047,"0","Kcnb2"
7.27302032638846e-08,0.554008252998582,0.895,0.867,0.00182036425749177,"0","Sorbs2"
1.21345680288516e-07,0.540819563819946,0.81,0.788,0.00303716103194126,"0","Hecw1"
1.31911159741591e-07,1.06614955121811,0.44,0.295,0.00330160441717228,"0","Vwc2"
1.60426903796015e-07,0.552244641759474,0.947,0.932,0.00401532497511045,"0","Pcdh7"
1.69887935833475e-07,1.39434095496114,0.363,0.205,0.00425212514597605,"0","Ipcef1"
1.90697048159882e-07,0.877033660075783,0.634,0.472,0.00477295641839368,"0","Fgf13"
2.77260378151278e-07,0.693158167902203,0.544,0.39,0.00693955000474834,"0","Epha3"
2.92354843013852e-07,1.17919603836266,0.578,0.437,0.00731734936579371,"0","Sh3d19"
6.40710487179662e-45,2.66667133417006,0.782,0.261,1.60363427836198e-40,"1","Sox2ot"
2.53477169998522e-44,3.16028676915323,0.703,0.144,6.344280087893e-40,"1","Gm38505"
3.78835454889744e-35,2.44504743443486,0.851,0.474,9.48187260043541e-31,"1","Erbb4"
7.01434502117748e-25,1.39127952726992,0.713,0.326,1.75562041535051e-20,"1","Meis2"
7.56711573036189e-24,1.88264976107589,0.618,0.238,1.89397339615228e-19,"1","Pbx3"
1.55266297893696e-23,2.93006067526251,0.428,0.089,3.88616016998132e-19,"1","Foxp2"
6.53718129518818e-22,0.640645885071522,1,0.936,1.63619110637265e-17,"1","Nrxn3"
1.09958999027768e-21,0.841318730183708,0.709,0.305,2.75216378666601e-17,"1","8030451O07Rik"
2.66815318112415e-21,1.02199837443372,0.721,0.343,6.67812059703564e-17,"1","Adarb2"
5.53421202510529e-20,0.899158404805514,0.486,0.151,1.3851579277636e-15,"1","Bcl11a"
2.13381639553892e-19,2.87714203769691,0.354,0.041,5.34072905639437e-15,"1","Gad2"
2.95535323761592e-18,4.55642582354476,0.25,0.016,7.39695361842887e-14,"1","Gm45680"
7.05541780122578e-17,0.762644372728739,0.75,0.37,1.7659005214688e-12,"1","Gm16599"
8.76165535530396e-17,2.96522401972135,0.297,0.032,2.19295471887903e-12,"1","Dlx6os1"
1.80874818176594e-16,0.918223935928614,0.584,0.215,4.52711582414198e-12,"1","Olfm3"
2.60567158989347e-16,1.98457240516087,0.403,0.1,6.52173542234438e-12,"1","C79798"
7.08132936651235e-16,1.84235430591705,0.403,0.116,1.77238592714438e-11,"1","Ptprm"
6.9737387120577e-15,1.35290445790785,0.596,0.233,1.74545706224092e-10,"1","Kcnc2"
1.17942831399429e-14,0.63074751172239,0.529,0.213,2.95199112709631e-10,"1","Nhs"
1.1848196933088e-14,0.440607524212367,0.747,0.414,2.9654852103826e-10,"1","Sorcs3"
7.31504524062627e-14,1.44177089284348,0.342,0.11,1.83088267327635e-09,"1","Sv2c"
3.21609847926861e-13,0.798413567965532,0.805,0.441,8.0495728837614e-09,"1","Rbms3"
1.30815707869386e-12,0.965316395870671,0.527,0.228,3.27418635226286e-08,"1","Kcnip1"
1.41297785450595e-12,1.63739983774872,0.447,0.196,3.53654227204294e-08,"1","Nxph1"
5.86615589862832e-12,0.874380200169939,0.477,0.191,1.46824015986768e-07,"1","Trhde"
1.15311781753426e-11,1.27116726756232,0.331,0.081,2.8861385855065e-07,"1","Gm12064"
2.74232829298537e-11,0.406397817721011,0.727,0.405,6.86377348451308e-07,"1","Xkr6"
4.63386018041342e-11,2.40879168797605,0.204,0.044,1.15980886455567e-06,"1","Maf"
6.35316899230749e-11,0.525678860110908,0.523,0.261,1.59013466708464e-06,"1","Vat1l"
9.21084693493043e-11,1.03409769966563,0.63,0.316,2.30538287934374e-06,"1","Grip1os2"
1.29155602984431e-10,0.454410483447009,0.842,0.551,3.23263558709733e-06,"1","Spock3"
1.60951265288556e-10,0.816391582351946,0.415,0.155,4.02844921890726e-06,"1","Plcb4"
2.34913690576188e-10,2.29171884021335,0.214,0.031,5.8796547614314e-06,"1","Gad1"
5.31119396012051e-10,0.44532951287392,0.648,0.368,1.32933873627856e-05,"1","Esrrg"
7.56294306220862e-10,1.39841247733494,0.263,0.078,1.89292901904019e-05,"1","Tox2"
7.88057326219204e-10,0.722170683457285,0.579,0.291,1.97242868179404e-05,"1","Tmem132d"
8.01013381714058e-10,0.515629682022578,0.985,0.848,2.00485639309212e-05,"1","Grip1"
8.07674111029928e-10,0.564765280133194,0.593,0.294,2.02152753249681e-05,"1","Cux1"
8.13335615425759e-10,0.617587924265128,0.413,0.2,2.03569771184913e-05,"1","Ptchd4"
8.17956544011905e-10,0.984450096898466,0.291,0.097,2.0472634340074e-05,"1","Slc6a1"
9.55429930014453e-10,0.651804963072168,0.425,0.186,2.39134557183317e-05,"1","Gm48003"
1.03429896289056e-09,0.519083128970029,0.548,0.257,2.58874687421879e-05,"1","Grik3"
2.1565473222863e-09,2.54122739936804,0.204,0.032,5.39762229295039e-05,"1","Sox1ot"
2.64874667817781e-09,0.44286811572565,0.771,0.506,6.62954806081125e-05,"1","A330015K06Rik"
3.05829068752226e-09,0.589872258008731,0.475,0.216,7.65459576179946e-05,"1","Pard3"
4.66602278266302e-09,0.617597058144148,0.363,0.167,0.000116785884227273,"1","Gm45352"
5.47146911861527e-09,0.837561296844602,0.208,0.077,0.000136945400569822,"1","Calb1"
6.52574429423073e-09,0.656415673234941,0.453,0.211,0.000163332853940301,"1","Zfp536"
8.29852818443617e-09,0.697011678192701,0.538,0.259,0.000207703861928253,"1","Mpped2"
9.31066281116746e-09,1.16409609255644,0.366,0.148,0.00023303657950071,"1","Tshz1"
1.47919831458473e-08,0.558720699394944,0.401,0.197,0.000370228546157413,"1","Ubash3b"
1.72445167957888e-08,0.744480944009758,0.37,0.173,0.000431613010881797,"1","Gm15345"
2.11952416821039e-08,0.749275443949641,0.415,0.167,0.000530495704061378,"1","Alk"
2.37089723732497e-08,0.462429273075137,0.753,0.442,0.000593411869530068,"1","4930517O19Rik"
4.9553814898624e-08,0.480924067757459,0.406,0.199,0.00124028243309766,"1","Rcan2"
6.53282206361191e-08,0.595973350418174,0.483,0.245,0.00163510003430142,"1","Klhl32"
7.11240767743464e-08,0.633951361824903,0.522,0.266,0.00178016451758512,"1","Lrtm1"
1.45010765415021e-07,0.547718649011875,0.513,0.259,0.00362947444757256,"1","Gnal"
1.89617812166729e-07,0.424591745892451,0.269,0.131,0.00474594422072107,"1","Rcbtb2"
2.07965651786857e-07,0.513684885220728,0.412,0.195,0.00520517229857324,"1","Chn2"
2.13837525182697e-07,0.445566990659621,0.551,0.279,0.00535213941779774,"1","Vwc2"
2.6840397284963e-07,0.405368074843208,0.284,0.128,0.00671788303645338,"1","Gm44071"
2.73239661282574e-07,0.418990248404197,0.282,0.143,0.00683891548224155,"1","Metap1d"
2.95257744834351e-07,0.422228883772161,0.525,0.289,0.00739000609545898,"1","Carmil1"
3.14318939330609e-07,0.43868754222732,0.346,0.167,0.00786708873250581,"1","Gm10658"
3.80433996174346e-07,0.631415674854923,0.211,0.086,0.00952188249024771,"1","Tmem132c"
8.31892358608976e-59,3.44212506337353,0.85,0.357,2.08214338436241e-54,"2","Zfp804b"
1.12608909867277e-58,3.07900282895227,0.856,0.328,2.81848840506809e-54,"2","Adarb2"
3.2482526806703e-49,1.22553576902628,0.984,0.879,8.13005163444969e-45,"2","Grid2"
7.57132323331779e-47,1.40164493304236,0.94,0.755,1.89502649206711e-42,"2","Usp29"
1.28793817087998e-44,0.691953227468683,1,1,3.22358044789549e-40,"2","Meg3"
2.22048019335521e-44,3.80649122942327,0.661,0.152,5.55763987594876e-40,"2","B230217J21Rik"
6.66397937994416e-42,1.59605995658753,0.927,0.698,1.66792739900622e-37,"2","Sgcz"
1.7446753747023e-39,2.7328744378365,0.68,0.241,4.3667479953424e-35,"2","Unc13c"
2.2295457345087e-39,2.83436689146084,0.646,0.201,5.58033001890184e-35,"2","Nova1"
6.59202170295577e-36,2.83761298069731,0.627,0.196,1.6499171120328e-31,"2","Zbtb7c"
9.95959523450248e-35,1.1686594943571,0.935,0.724,2.49278709124363e-30,"2","Dscam"
6.62928737600596e-32,1.17530003736094,0.907,0.671,1.65924433734053e-27,"2","Unc5d"
2.58671000524725e-31,2.58682231174921,0.565,0.176,6.47427647213334e-27,"2","Grik4"
1.85910074831232e-30,1.78184437218482,0.778,0.466,4.6531432629509e-26,"2","Zfp804a"
4.312039239397e-30,3.60016480221365,0.446,0.074,1.07926030122867e-25,"2","Scn5a"
4.05350776889629e-29,1.81906951361167,0.634,0.317,1.01455245947705e-24,"2","Kif26b"
1.39655180799464e-28,0.97187211822961,0.951,0.859,3.49542952022977e-24,"2","March1"
1.55481937372749e-28,0.508397429150969,1,0.992,3.89155741050255e-24,"2","Rbfox1"
1.38033439868924e-27,3.15697493427918,0.527,0.151,3.45483896647929e-23,"2","Gm28905"
1.57810752845252e-27,1.62873813544224,0.737,0.418,3.94984533296382e-23,"2","Sorcs3"
1.86435799231024e-26,1.29331459220441,0.829,0.605,4.66630161895331e-22,"2","Lhfpl3"
3.84813352286148e-25,4.66218970808389,0.359,0.033,9.63149339437e-21,"2","Vwa5b1"
1.33358565783634e-24,1.53936751622929,0.691,0.381,3.33783154299858e-20,"2","Gm16599"
5.90104220581975e-22,0.890597001544948,0.826,0.513,1.47697185369462e-17,"2","Rmst"
1.54290245708361e-21,1.92794999354211,0.528,0.263,3.86173055983457e-17,"2","Grb10"
2.06899918146023e-21,2.90335033647689,0.386,0.108,5.1784980512768e-17,"2","Gulp1"
8.26628582658296e-21,0.59555310646845,1,0.989,2.06896867953545e-16,"2","Snhg11"
4.01174417505772e-20,1.38653237577613,0.772,0.488,1.0040994495752e-15,"2","Gm32509"
4.29933525677699e-20,1.44829099329182,0.685,0.444,1.07608062141871e-15,"2","Pam"
5.01951349445624e-20,0.559204504701123,0.965,0.917,1.25633403252745e-15,"2","Rian"
9.02246773520735e-20,1.32597552179925,0.916,0.757,2.25823344944505e-15,"2","Kirrel3"
1.26984050067568e-19,1.12099972576708,0.793,0.574,3.17828378914115e-15,"2","Ntng1"
1.67813248707742e-19,1.01880033370372,0.785,0.589,4.20019780190607e-15,"2","Klf12"
2.17789848089613e-19,2.70038457012044,0.454,0.164,5.45106210783492e-15,"2","Alk"
2.47288095100076e-19,3.1296566668806,0.366,0.074,6.1893737322598e-15,"2","Baiap3"
2.85668114515399e-19,1.3233391889594,0.668,0.415,7.14998723820592e-15,"2","Xkr6"
6.3358430644785e-19,2.10610346000324,0.554,0.213,1.58579816060832e-14,"2","Nhs"
7.17072523016509e-19,1.83637784125742,0.53,0.243,1.79476081785802e-14,"2","Arhgap24"
1.09077467542104e-18,1.37623755929645,0.655,0.416,2.73009993511132e-14,"2","Epb41l3"
1.63297643255919e-18,0.914386406236474,0.862,0.671,4.08717671305239e-14,"2","Slc24a3"
1.24769059753535e-17,1.37517973698345,0.801,0.573,3.12284479657122e-13,"2","4930555F03Rik"
1.27090568834157e-17,1.06230044334767,0.782,0.597,3.18094984735011e-13,"2","Htr2c"
1.35891393486339e-17,0.802622712148749,0.728,0.577,3.40122568756959e-13,"2","Agap1"
1.38572158225829e-17,2.07340879281081,0.446,0.199,3.46832254823428e-13,"2","Pdcd7"
5.68130237037465e-17,2.21966539569296,0.424,0.156,1.42197317028107e-12,"2","Plcb4"
1.29252265929225e-16,2.70435805561433,0.359,0.102,3.23505496394258e-12,"2","Nos1"
1.70760152119873e-16,0.647941074168922,0.956,0.941,4.27395584740829e-12,"2","Ralyl"
4.77336351554306e-16,0.588967344325025,0.897,0.696,1.19472515430527e-11,"2","Cdh13"
1.02506368484449e-15,0.829559421930949,0.881,0.709,2.56563189679728e-11,"2","Astn2"
1.330550288894e-15,0.505522548501547,0.943,0.813,3.3302343180728e-11,"2","Brinp3"
1.4364166896939e-15,0.802445724421048,0.824,0.704,3.59520733263486e-11,"2","Cdr1os"
3.2455723090061e-15,2.06256488361213,0.519,0.227,8.12334293221137e-11,"2","Olfm3"
9.43609717659743e-15,0.405717580615858,0.959,0.815,2.36176076233057e-10,"2","Dab1"
1.04534185386314e-14,1.17685175467992,0.736,0.521,2.61638612603405e-10,"2","C130073E24Rik"
2.20817092294259e-14,1.53228207944461,0.429,0.212,5.526831003033e-10,"2","Kcnk2"
4.49549708535994e-14,0.479583007575447,0.953,0.924,1.12517796549474e-09,"2","Ttc3"
1.65500139525785e-13,0.908261920027097,0.764,0.629,4.14230299219087e-09,"2","5330434G04Rik"
1.66343706912181e-13,0.989046006327647,0.731,0.525,4.16341664030497e-09,"2","Sorcs1"
2.51427650252698e-13,2.26611882318067,0.342,0.119,6.29298265817478e-09,"2","Sulf1"
3.23431236118605e-13,1.23612278507955,0.696,0.49,8.09516040881257e-09,"2","Gm45321"
4.17828215261369e-13,1.37325774629298,0.574,0.381,1.04578223997768e-08,"2","Pifo"
5.19999550517662e-13,0.987525910921206,0.718,0.554,1.30150687499066e-08,"2","Tenm3"
8.14725240702664e-13,0.700078124540022,0.916,0.805,2.0391758049547e-08,"2","Pdzrn4"
1.31869454672818e-12,0.484427052452122,0.984,0.96,3.30056058100597e-08,"2","Ube3a"
1.3399131081395e-12,3.54763050603563,0.283,0.055,3.35366851836236e-08,"2","6330411D24Rik"
1.52549629842506e-12,1.35318363243288,0.446,0.299,3.81816468532809e-08,"2","Cfap54"
3.39690065277777e-12,0.485541717031909,0.986,0.959,8.50210264383748e-08,"2","Ahi1"
5.2251644385818e-12,0.465681124351376,0.97,0.939,1.30780640733264e-07,"2","Snhg14"
5.27376914745117e-12,1.10000591353968,0.623,0.431,1.31997167991555e-07,"2","Elmo1"
7.88609834123454e-12,1.46622889546689,0.467,0.284,1.97381155382759e-07,"2","Sdk1"
9.73623472647195e-12,0.680346038231819,0.891,0.819,2.43688218968866e-07,"2","Camta1"
1.05772361431216e-11,2.63673189837014,0.267,0.068,2.6473764342619e-07,"2","Tcerg1l"
1.07503502582185e-11,0.840492203736314,0.646,0.48,2.69070516612951e-07,"2","Nr3c2"
1.14120210410171e-11,1.41178810487954,0.443,0.279,2.85631474635617e-07,"2","Cep112"
1.18946553260584e-11,1.26648795439345,0.495,0.31,2.97711328155917e-07,"2","Cux1"
2.32531861503839e-11,1.78036555387757,0.405,0.213,5.8200399615796e-07,"2","Spats2l"
2.89071217062584e-11,0.482495758010178,0.989,0.924,7.23516349185942e-07,"2","Opcml"
3.01359817709244e-11,1.14591623319271,0.495,0.293,7.54273487744466e-07,"2","Sema5a"
3.45129009924022e-11,1.4051782064321,0.416,0.237,8.63823398938834e-07,"2","Samd4"
3.92047575453963e-11,2.1021285888642,0.332,0.125,9.81255876603723e-07,"2","Ndst4"
4.18000790520964e-11,1.20211619720529,0.598,0.384,1.04621417859492e-06,"2","Grik1"
4.28032263446023e-11,1.2054048149879,0.495,0.293,1.07132195217905e-06,"2","Gm45323"
7.69809820207207e-11,0.501493863112768,0.911,0.861,1.92675699899662e-06,"2","A230057D06Rik"
8.77103367033668e-11,0.823833156518168,0.72,0.611,2.19530201734857e-06,"2","P2ry14"
9.7590009808893e-11,2.18231103547957,0.229,0.076,2.44258035550678e-06,"2","Prlr"
1.19249685328981e-10,1.33860304396014,0.34,0.203,2.98470037409907e-06,"2","N4bp2"
1.24664028405177e-10,0.651132935701197,0.767,0.667,3.12021596695318e-06,"2","Grm1"
1.2791636564503e-10,1.21899355392106,0.38,0.231,3.20161871572946e-06,"2","Pard3"
1.30951455519769e-10,1.74493981432543,0.323,0.156,3.2775839802043e-06,"2","Gm17276"
1.37567744479803e-10,1.46583488751136,0.415,0.226,3.44318307658498e-06,"2","Nek10"
1.62327646001572e-10,1.63067536953493,0.43,0.2,4.06289865177334e-06,"2","Ptchd4"
1.79179463100847e-10,0.789867996095895,0.734,0.579,4.48468278195111e-06,"2","Gm48091"
2.33817223444753e-10,2.22971071128123,0.241,0.069,5.85221128559873e-06,"2","A530058N18Rik"
2.45649401715297e-10,1.59917742319159,0.502,0.274,6.14835887553216e-06,"2","Pde8b"
2.84175126448071e-10,0.850483318859252,0.631,0.516,7.11261923986876e-06,"2","Dync2h1"
3.21966641724744e-10,0.858063938215355,0.744,0.574,8.05850307572862e-06,"2","Rasgrf1"
3.34681236592289e-10,0.697222441347762,0.71,0.626,8.3767366706684e-06,"2","Tnrc6a"
4.53084897197047e-10,0.729880694336559,0.772,0.672,1.13402618919449e-05,"2","Gnas"
4.72001321594803e-10,1.08415525909487,0.604,0.464,1.18137210781963e-05,"2","4930517O19Rik"
5.97701764521549e-10,1.12901813176801,0.652,0.464,1.49598774642099e-05,"2","Rbms3"
8.68022458583527e-10,0.543485384244961,0.919,0.878,2.17257341158871e-05,"2","Cntn5"
9.13883616268946e-10,2.35124879066389,0.225,0.069,2.28735930315955e-05,"2","Scg2"
1.09935095787061e-09,0.561425443618127,0.965,0.892,2.75156551245435e-05,"2","Lingo2"
1.18838220892895e-09,0.625125144123979,0.864,0.749,2.97440183072827e-05,"2","Alcam"
1.25546607874054e-09,0.618326290338643,0.856,0.762,3.14230604847969e-05,"2","Agbl4"
1.48088886066378e-09,0.77612137498462,0.756,0.663,3.70651672935538e-05,"2","Galnt13"
1.930626689423e-09,0.526763859638614,0.945,0.735,4.83216554095683e-05,"2","Car10"
1.93803977604902e-09,0.767559118826018,0.636,0.486,4.85071975547308e-05,"2","Hs6st3"
2.15512557050576e-09,0.536641558634603,0.984,0.952,5.39406379041887e-05,"2","Kcnd2"
3.47471237270308e-09,2.37133706470307,0.348,0.1,8.69685759763855e-05,"2","Btbd11"
4.1398975433064e-09,2.37254808177837,0.21,0.061,0.000103617495611416,"2","Zim1"
4.48215878656178e-09,0.53667249362132,0.951,0.86,0.000112183952268855,"2","Gabrg3"
4.5051760293236e-09,1.7999536658831,0.419,0.22,0.00011276005083794,"2","Efna5"
5.63206920974373e-09,1.3851287265647,0.339,0.21,0.000140965060250676,"2","Vwa5b2"
6.15832822851992e-09,0.898205517697709,0.634,0.487,0.000154136797231625,"2","Hs3st4"
7.1862280560187e-09,0.9294231295751,0.438,0.316,0.000179864102014092,"2","Gm1604a"
7.34701153272224e-09,1.1946556967329,0.378,0.231,0.000183888351652505,"2","Glra3"
7.95130448629729e-09,1.15148257568658,0.392,0.205,0.000199013199987535,"2","Nxph1"
9.34636878848e-09,0.491189682111935,0.805,0.739,0.000233930264406866,"2","Magi1"
9.4631995462491e-09,1.20264569949269,0.559,0.383,0.000236854421443069,"2","Gm2516"
9.64934683861402e-09,1.22777230139621,0.421,0.252,0.00024151350202367,"2","Tmem163"
1.10221303928577e-08,1.25987618265796,0.43,0.244,0.000275872901602836,"2","Kcnip1"
1.70513947676937e-08,2.21853082320985,0.252,0.092,0.000426779359640604,"2","9530036O11Rik"
1.92459640081186e-08,0.420722143650021,0.883,0.831,0.000481707233159201,"2","Rims2"
2.45462009134589e-08,2.93082339305746,0.229,0.055,0.000614366862662962,"2","Cfap46"
2.78086918222691e-08,2.20000128318128,0.212,0.072,0.000696023747619574,"2","Dnah7b"
2.85142226029884e-08,0.69309650082349,0.639,0.542,0.000713682477530196,"2","Mirg"
2.93341579230339e-08,2.39333620448264,0.415,0.193,0.000734204638655615,"2","E130114P18Rik"
3.65747997717499e-08,0.830077822118877,0.636,0.511,0.000915430663487128,"2","Slc8a3"
4.55381698758395e-08,1.17382422293799,0.386,0.253,0.00113977485382239,"2","9530026P05Rik"
4.5852500744673e-08,0.404543697223363,0.949,0.904,0.00114764224113842,"2","Tmem178b"
4.86686351465351e-08,0.544488008908746,0.665,0.595,0.00121812726908263,"2","Osbpl6"
5.27692864995181e-08,1.72373495679964,0.245,0.115,0.00132076247179644,"2","Zim3"
5.47757232424809e-08,1.74410525902045,0.291,0.139,0.00137098157703605,"2","Efcab1"
7.52332019561912e-08,0.880023137173868,0.699,0.597,0.00188301181176151,"2","Cadps2"
8.38474292883927e-08,0.62268317798033,0.65,0.561,0.00209861730765918,"2","Vsnl1"
9.37552595814405e-08,0.889983517314266,0.619,0.499,0.00234660039206388,"2","Peg3"
1.00719126766483e-07,0.997632030229556,0.492,0.348,0.00252089902383831,"2","Fndc3a"
1.02570450156521e-07,0.930561852351312,0.514,0.385,0.00256723579696756,"2","Hap1"
1.03383651471346e-07,2.11208459208558,0.204,0.061,0.00258758941267633,"2","Rims3"
1.18611144497247e-07,0.515576831702159,0.956,0.931,0.00296871833562159,"2","Pcdh7"
1.24710427521259e-07,0.525638523801351,0.835,0.771,0.00312137729042959,"2","Rora"
1.34227594529791e-07,1.13572538289407,0.739,0.601,0.00335958246348614,"2","Gm15398"
1.40078476182751e-07,0.455802201377317,0.894,0.841,0.00350602418037809,"2","Gria4"
1.51325734413968e-07,1.6194308841304,0.283,0.121,0.00378753180664721,"2","Gm32036"
1.58050226556202e-07,0.919335151323333,0.579,0.44,0.00395583912047519,"2","Gse1"
2.06282957019759e-07,1.42371511203729,0.4,0.218,0.00516305613124756,"2","Arhgap18"
2.49071357434063e-07,0.960159468370292,0.839,0.735,0.00623400700521716,"2","Pcdh15"
3.12062764658533e-07,0.48813594017175,0.85,0.788,0.00781061893663843,"2","Csmd2"
3.43114271014927e-07,0.440987749830426,0.847,0.781,0.00858780708923261,"2","Nebl"
3.72780512720225e-07,0.685449390923854,0.818,0.767,0.00933032345287452,"2","Sybu"
3.80332822473375e-07,1.44395774924905,0.253,0.138,0.0095193502136861,"2","Ptprm"
3.4042868936078e-53,2.61130280141729,0.876,0.311,8.52058966601096e-49,"3","Dlc1"
1.25814712548337e-49,2.37903731899751,0.866,0.388,3.14901644037232e-45,"3","Cdh9"
1.05484286280656e-48,1.15784551180768,0.998,0.925,2.64016620131853e-44,"3","Opcml"
2.04976480569312e-48,1.20062142768897,0.998,0.955,5.1303563321693e-44,"3","Lrrc4c"
7.8725746564548e-47,1.86933786928873,0.941,0.54,1.97042671076407e-42,"3","Etl4"
7.22956564888847e-45,1.40009362710713,0.965,0.705,1.8094879862603e-40,"3","Astn2"
2.11174400486686e-42,1.42020980739256,0.974,0.789,5.28548406978126e-38,"3","Plxna4"
2.84390516848384e-41,1.53818234962817,0.898,0.472,7.11801024619819e-37,"3","C1ql3"
8.41003544829593e-41,1.69072762486874,0.959,0.591,2.10494777235399e-36,"3","Cdh8"
7.08461242917285e-37,1.15550768457198,0.996,0.883,1.77320764489767e-32,"3","Schip1"
1.04249828410497e-35,1.55941674576544,0.898,0.449,2.60926895528633e-31,"3","Htr1f"
1.24660697091773e-32,0.98807552252424,0.992,0.857,3.12013258750998e-28,"3","Mir99ahg"
2.00133381416536e-32,1.46025392426168,0.913,0.581,5.00913840347449e-28,"3","Plxna2"
5.45375700161831e-32,1.32771181208607,0.99,0.641,1.36502083993505e-27,"3","Il1rapl2"
8.89417860664109e-31,1.39540617725563,0.935,0.665,2.2261239634562e-26,"3","Clstn2"
3.56335358983146e-30,1.34335734938334,0.896,0.54,8.91871769998916e-26,"3","Gm49678"
5.6467651240828e-30,1.54111441525238,0.848,0.412,1.41332884290668e-25,"3","Man1a"
5.194174518756e-29,0.554246590702397,1,0.998,1.30004994029944e-24,"3","Lsamp"
5.83443216798927e-29,1.23986220066148,0.882,0.572,1.46030002732603e-24,"3","Slit2"
2.51077550535664e-28,1.03011412820861,0.898,0.656,6.28422001235714e-24,"3","Klhl29"
2.94992929320026e-27,1.28749094812864,0.907,0.56,7.38337802795094e-23,"3","4930445B16Rik"
3.17829881475342e-27,2.88250568378746,0.474,0.081,7.95496410344634e-23,"3","Rspo2"
3.87611130075126e-27,0.628144196674678,0.998,0.951,9.70151897465034e-23,"3","Xkr4"
6.84085133557781e-27,2.02067466410367,0.657,0.24,1.71219668078177e-22,"3","Adamts2"
2.85467546834048e-26,2.631672272041,0.439,0.074,7.14496722970939e-22,"3","Sema3e"
1.26800721441293e-25,1.46752234805305,0.815,0.421,3.17369525695413e-21,"3","Gm48749"
1.99451178466268e-25,1.12850512251838,0.9,0.562,4.99206354583223e-21,"3","Xylt1"
3.42633558888875e-25,2.08069024984618,0.589,0.214,8.57577534542964e-21,"3","Gm34544"
5.14670594834788e-25,1.19578418598562,0.785,0.47,1.28816903181199e-20,"3","Cdh11"
6.21191494858443e-25,1.64923609683796,0.722,0.301,1.5547801924812e-20,"3","Etv1"
7.47925609111903e-25,0.898033283362464,0.978,0.847,1.87198300704618e-20,"3","Ntrk3"
3.79114866172615e-24,1.1133344163413,0.909,0.589,9.48886598543438e-20,"3","Sox5"
1.28283454666648e-23,0.92382464721367,0.917,0.675,3.21080658685153e-19,"3","Msra"
4.81656359977129e-23,0.530519820247926,0.998,0.957,1.20553770338676e-18,"3","Arpp21"
1.81208748090968e-22,0.748029094716406,0.992,0.904,4.53547375596883e-18,"3","Dcc"
4.61377101654826e-22,1.45974481875743,0.62,0.285,1.15478074773186e-17,"3","Akap13"
6.45509638533267e-22,1.15737549481059,0.754,0.402,1.61564607428491e-17,"3","Pou6f2"
1.04694506245198e-21,0.802416778995808,0.992,0.859,2.62039879681107e-17,"3","Kcnq5"
3.16020471268574e-21,1.03856246388577,0.902,0.595,7.90967637538113e-17,"3","Rasgef1b"
2.26398707914882e-20,2.64138548699473,0.443,0.076,5.66653326040159e-16,"3","Ptprc"
2.95099091565396e-20,2.32073399519934,0.53,0.168,7.38603516279031e-16,"3","Gm49127"
1.10910735026265e-19,1.4202079750365,0.691,0.355,2.77598478697239e-15,"3","2610035D17Rik"
1.20790903598705e-19,1.16071011348943,0.841,0.624,3.02327552617199e-15,"3","Garnl3"
1.37878249047898e-19,0.729652336657648,0.939,0.756,3.45095469541984e-15,"3","Agbl4"
1.66666214367526e-19,1.42652768267381,0.654,0.282,4.17148867940482e-15,"3","Galnt14"
3.77331626429315e-19,0.810937783376388,0.939,0.77,9.44423327789932e-15,"3","Pde1a"
4.01779030947031e-19,1.840855429893,0.547,0.19,1.00561273655732e-14,"3","Gm17171"
9.31724193651228e-19,0.763697753412488,0.953,0.746,2.33201248428966e-14,"3","Zeb2"
1.01183491698353e-18,0.729983493227214,0.967,0.828,2.53252161371808e-14,"3","Ptprg"
1.19255420546316e-18,0.979727122746396,0.957,0.675,2.98484392085375e-14,"3","Adamtsl1"
3.40202216125099e-18,0.781312155265464,0.976,0.752,8.5149212673951e-14,"3","Gpc6"
8.15727808552751e-18,0.747059750731305,0.978,0.859,2.04168513202668e-13,"3","Pigk"
3.42734417465447e-17,1.32983659559474,0.703,0.387,8.57829973474267e-13,"3","Gm12296"
4.08682189901523e-17,1.51838771895286,0.575,0.262,1.02289065310452e-12,"3","Plxna4os3"
6.85383331064285e-17,0.644575307828159,0.972,0.848,1.7154459393208e-12,"3","Aff3"
7.83214515098059e-17,0.631166330809506,0.947,0.791,1.96030760983893e-12,"3","St6galnac5"
8.82163042033969e-17,1.0614429567145,0.776,0.469,2.20796587790682e-12,"3","Pcdh10"
9.23353607653607e-17,2.60346149113176,0.337,0.053,2.31106174459621e-12,"3","Gm4128"
1.08012031561139e-16,1.44910295062224,0.746,0.387,2.70343313794375e-12,"3","4921534H16Rik"
1.45954420273362e-16,0.555471520033584,0.967,0.839,3.65309318502197e-12,"3","App"
3.28926698873637e-16,1.44577960279757,0.64,0.303,8.23270634610825e-12,"3","Dok5"
3.38896044750362e-16,2.58216801510752,0.474,0.133,8.48222910405681e-12,"3","Vav3"
6.12279898088154e-16,1.22914998262592,0.565,0.278,1.53247535692484e-11,"3","Lmo4"
6.45801557349736e-16,1.13233716875004,0.722,0.435,1.61637671789066e-11,"3","Epha7"
9.39953108542787e-16,1.06327599617307,0.661,0.332,2.35260863537174e-11,"3","Hs3st5"
1.22230653224057e-15,0.698609556870162,0.886,0.739,3.05931101954491e-11,"3","Prkcb"
1.31855116727218e-15,1.18557813462761,0.644,0.308,3.30020171656554e-11,"3","Runx1t1"
1.63568205033599e-15,0.805019988538995,0.825,0.581,4.09394860378596e-11,"3","Kcnn2"
2.27503278466499e-15,0.634013006115963,0.949,0.779,5.69417955673801e-11,"3","Cdk14"
2.27797063982345e-15,0.785631788415277,0.876,0.675,5.70153271441411e-11,"3","Neo1"
5.20486625793473e-15,0.714362985551814,0.947,0.758,1.30272597569848e-10,"3","Ryr3"
5.49643254002161e-15,0.942847609311898,0.797,0.48,1.37570210044201e-10,"3","Slc44a5"
6.29622977147607e-15,1.537443535013,0.567,0.249,1.57588334950275e-10,"3","Galnt9"
6.76236713668697e-15,0.92299554836809,0.807,0.505,1.69255287064138e-10,"3","Adcy2"
7.67613239754148e-15,0.939546601630457,0.614,0.322,1.92125917778066e-10,"3","Gm28307"
8.91487932125922e-15,1.09718877761371,0.789,0.492,2.23130514531797e-10,"3","Shisa6"
9.63208195681159e-15,0.869197457263761,0.848,0.572,2.41081379297037e-10,"3","Gm48091"
1.07193877857225e-14,0.825012652093559,0.85,0.59,2.68295556888848e-10,"3","Cntn3"
1.25963458909748e-14,0.615085113569025,0.974,0.884,3.15273941305208e-10,"3","Enox1"
2.12289941342329e-14,0.731498349596597,0.811,0.57,5.31340494185716e-10,"3","Sorcs2"
2.30176663314601e-14,0.780334239786012,0.904,0.645,5.76109170610115e-10,"3","Lmo3"
3.17752238869938e-14,0.917995507193523,0.825,0.567,7.95302078667568e-10,"3","Spon1"
3.47615619849834e-14,1.2030987540493,0.543,0.272,8.70047134922149e-10,"3","A330093E20Rik"
4.73114377463439e-14,0.839360941925351,0.89,0.675,1.18415797535324e-09,"3","Gm47271"
5.14910820383517e-14,1.11837407595823,0.758,0.433,1.28877029233791e-09,"3","Samd5"
5.1889670817739e-14,0.620758068920332,0.955,0.817,1.29874657089719e-09,"3","Cacna1e"
5.5038483987723e-14,0.826363233513918,0.846,0.572,1.37755821572872e-09,"3","Dgkh"
5.50957114179118e-14,0.44027157670985,0.972,0.893,1.37899056107892e-09,"3","Plcb1"
5.68634318448502e-14,0.702660020726785,0.925,0.755,1.42323483564476e-09,"3","Gm1992"
6.36316079371245e-14,2.04368036411111,0.362,0.112,1.59263551505829e-09,"3","Glis1"
6.7029308926053e-14,1.17869370905533,0.636,0.304,1.67767657311018e-09,"3","Gm16226"
6.80191346873025e-14,0.797167366882993,0.882,0.64,1.7024509220885e-09,"3","Grm8"
7.49457520133633e-14,1.03107932796047,0.772,0.508,1.87581722714247e-09,"3","Focad"
8.30680164490187e-14,0.636271908998111,0.986,0.857,2.07910938370249e-09,"3","Tcf4"
1.0303061907821e-13,1.52759394926733,0.659,0.276,2.57875336490852e-09,"3","Gm48727"
1.0621932009808e-13,0.73580631890156,0.858,0.628,2.65856336273485e-09,"3","St6galnac3"
1.44304361814327e-13,0.603604110786219,0.846,0.6,3.6117938718508e-09,"3","Kcnt2"
2.31316625821426e-13,0.901858114664833,0.829,0.517,5.78962382768448e-09,"3","Grin3a"
2.90400815402775e-13,1.15805448440968,0.622,0.314,7.26844200871605e-09,"3","Syndig1"
3.36640308798919e-13,1.02279853180306,0.476,0.245,8.42577028892815e-09,"3","Kcnip1"
4.46051245943857e-13,1.64534166737243,0.337,0.12,1.11642166347288e-08,"3","Ell2"
5.88605543239545e-13,0.704454919034422,0.864,0.674,1.47322081417426e-08,"3","Dock9"
8.12281883988405e-13,0.650613359079709,0.941,0.748,2.03306032743458e-08,"3","Fat3"
8.65391535640801e-13,1.23099956842733,0.449,0.227,2.16598847455536e-08,"3","Trpc7"
1.20526005217234e-12,1.11365643273735,0.524,0.261,3.01664538458215e-08,"3","Mcc"
1.56388673210285e-12,1.21921451650831,0.553,0.242,3.91425210178023e-08,"3","Hs3st2"
1.89112891451646e-12,0.489661580342981,0.978,0.876,4.73330656014326e-08,"3","Hivep2"
3.09621376657838e-12,1.89858585071682,0.429,0.136,7.74951343636903e-08,"3","Npsr1"
3.41148131607192e-12,0.701356275510001,0.862,0.621,8.5385965859964e-08,"3","Gm28750"
4.68925545292396e-12,0.657147776575891,0.862,0.652,1.17367374731234e-07,"3","Prkcg"
4.86046568498158e-12,1.13085929538986,0.604,0.331,1.21652595629404e-07,"3","Gm11146"
7.03839465060271e-12,0.472418279851597,0.976,0.839,1.76163979709935e-07,"3","Pde4d"
7.30583467500854e-12,1.1908293112108,0.563,0.295,1.82857736080789e-07,"3","Dpy19l1"
1.31241741592935e-11,0.564123605608863,0.978,0.93,3.28484955032956e-07,"3","Dpp10"
1.73725590047941e-11,1.69706726495771,0.295,0.096,4.3481777933099e-07,"3","Gm32442"
1.81887057729439e-11,0.685123378870606,0.839,0.61,4.55245116791014e-07,"3","Trpc5"
2.97668672916644e-11,0.682257742147335,0.819,0.581,7.45034921443067e-07,"3","Mllt3"
3.25334843480391e-11,1.11301726139558,0.561,0.306,8.14280579747071e-07,"3","2900026A02Rik"
3.59825641849442e-11,1.10486074619741,0.484,0.257,9.00607598984969e-07,"3","Hacd4"
4.35103169817247e-11,0.71564428255376,0.833,0.654,1.08901972373559e-06,"3","Sh3gl2"
5.41887366572846e-11,0.573486630877104,0.884,0.751,1.35628988979518e-06,"3","Stxbp5l"
6.57860458585939e-11,0.660114755410054,0.85,0.606,1.64655894179475e-06,"3","Gm28376"
7.45542386148007e-11,0.765358061464798,0.774,0.514,1.86601803828985e-06,"3","Gsdme"
8.95283989806177e-11,0.526870690419979,0.978,0.861,2.24080629808588e-06,"3","Epha5"
9.55070748587871e-11,0.463189995323622,0.955,0.839,2.39044657664058e-06,"3","Caln1"
1.03072811073598e-10,0.648589983971646,0.854,0.61,2.57980938836107e-06,"3","Sema6d"
1.10686698047935e-10,1.70843610577079,0.346,0.13,2.77037736544176e-06,"3","Gm15679"
1.2253222804374e-10,0.748517188408224,0.799,0.589,3.06685913570677e-06,"3","Ptprr"
1.34554501070793e-10,1.46038774848849,0.36,0.141,3.36776460730088e-06,"3","Piezo1"
1.35349708476812e-10,0.542068642070986,0.904,0.671,3.38766785346613e-06,"3","Luzp2"
1.47184495666607e-10,0.891763607524771,0.404,0.235,3.6838807420395e-06,"3","Cacna1i"
2.01799031238888e-10,1.47259416318527,0.506,0.204,5.05082795287814e-06,"3","Ror1"
2.43948374990018e-10,0.73439523683603,0.748,0.496,6.10578387762515e-06,"3","D030068K23Rik"
2.59147478958232e-10,0.467466227943865,0.947,0.857,6.4862022508456e-06,"3","Grip1"
3.77045664438112e-10,0.825727321054066,0.713,0.484,9.43707593522149e-06,"3","Unc13b"
5.91085621784682e-10,0.51416597015515,0.896,0.706,1.47942820276488e-05,"3","Ext1"
9.29916434829557e-10,0.593539975395136,0.919,0.739,2.3274878447349e-05,"3","Cpe"
1.07801681232652e-09,0.847620302121828,0.555,0.33,2.69816827957205e-05,"3","Elavl4"
1.16759440985274e-09,1.96656838584187,0.222,0.054,2.92237204842041e-05,"3","Col5a2"
1.45129253819406e-09,0.450188413639687,0.931,0.811,3.63244009384591e-05,"3","Setbp1"
1.50089280518362e-09,1.13603590299001,0.425,0.212,3.75658460209408e-05,"3","Kcng1"
1.91622283243683e-09,2.02848810058984,0.289,0.078,4.79611412730615e-05,"3","Nr4a3"
1.93529505641305e-09,0.585450857240335,0.827,0.622,4.84384999669621e-05,"3","Sv2b"
1.98192540005534e-09,1.76521262247088,0.372,0.111,4.96056108379852e-05,"3","2310002F09Rik"
2.40599003956761e-09,1.92763833469997,0.232,0.07,6.02195247003378e-05,"3","Car2"
2.51116967891626e-09,0.958340404616273,0.74,0.48,6.2852065893595e-05,"3","Gpi1"
2.92988420890448e-09,1.78756490140986,0.283,0.107,7.33320718646702e-05,"3","Rin2"
3.28421905639774e-09,0.646749950079539,0.441,0.236,8.2200718762579e-05,"3","Satb1"
3.38745229618663e-09,1.50164727507288,0.374,0.154,8.47845435212551e-05,"3","Socs6"
3.78904716228635e-09,0.688712567701717,0.75,0.591,9.4836061424865e-05,"3","Tspan5"
4.70368404788913e-09,0.440364477257316,0.982,0.873,0.000117728508034617,"3","Epha6"
4.86307961988718e-09,1.82854469863921,0.25,0.078,0.000121718019806156,"3","Frem1"
6.14432735001284e-09,0.696035720504982,0.522,0.34,0.000153786369243471,"3","Pde4a"
6.18371407170078e-09,0.430174997724603,0.726,0.561,0.000154772179500599,"3","Stxbp5"
6.4605155698506e-09,1.17897329324537,0.488,0.247,0.000161700244197791,"3","Mthfd1l"
6.47301272411983e-09,0.813882005347784,0.62,0.402,0.000162013035471995,"3","Flrt2"
7.13460084576293e-09,0.541402036507225,0.957,0.794,0.0001785719245686,"3","Zfpm2"
8.14187653567510e-09,0.511346558160072,0.945,0.818,0.000203783027811412,"3","Prickle2"
9.82835909786345e-09,1.45697122118218,0.354,0.147,0.000245993999860424,"3","Gm15680"
1.02267362024362e-08,0.701744616935485,0.614,0.418,0.000255964980410775,"3","Srgap1"
1.14845614398169e-08,0.90612113684244,0.49,0.258,0.000287447088277177,"3","Sash1"
1.17550933944636e-08,0.64801688675804,0.64,0.427,0.00029421823257003,"3","Gm16083"
1.30891113514725e-08,0.449260302625045,0.821,0.673,0.000327607368016006,"3","Ptprj"
1.53266168190229e-08,1.68541276116721,0.258,0.073,0.000383609892363324,"3","2600014E21Rik"
1.79104602934872e-08,1.37894659872259,0.274,0.108,0.000448280910685691,"3","A330008L17Rik"
1.81395459060795e-08,1.44554098384946,0.317,0.125,0.000454014694483264,"3","Itga9"
1.87203562992897e-08,0.869156283377993,0.707,0.447,0.000468551797814922,"3","4930587E11Rik"
1.97171565449337e-08,0.973370445343929,0.528,0.27,0.000493500711163145,"3","Grik3"
2.03924860088717e-08,0.756222074818954,0.821,0.608,0.000510403532316049,"3","9630028H03Rik"
2.0828690111879e-08,1.32311977030563,0.346,0.15,0.00052132128481022,"3","Cnr1"
2.48921114590025e-08,1.86648029118237,0.22,0.097,0.000623024657707373,"3","Nme5"
2.59819749164315e-08,0.688214358936507,0.837,0.627,0.000650302850183365,"3","Gm49003"
2.61736821497104e-08,0.791490564090111,0.575,0.377,0.000655101090525101,"3","Npas2"
3.02278644324817e-08,0.409460926848012,0.896,0.726,0.000756573218880585,"3","Ccdc85a"
3.39749623909817e-08,0.638543733128475,0.602,0.377,0.000850359333683882,"3","Fhod3"
3.72287834814624e-08,0.638653678528521,0.785,0.598,0.000931799221757523,"3","Pfkp"
4.05332590580815e-08,0.972553227063184,0.343,0.171,0.00101450694096472,"3","Fbn2"
4.45517197586366e-08,1.57348521828445,0.217,0.072,0.00111508499383892,"3","Gm49878"
4.71802314061384e-08,1.40570891328763,0.289,0.125,0.00118087401186424,"3","Plch2"
5.2615551660158e-08,0.72100177161303,0.614,0.4,0.0013169146425021,"3","Cnih3"
6.71396072441113e-08,1.72192041992647,0.28,0.085,0.00168043722971286,"3","Rai14"
8.21530345564606e-08,0.50645478528432,0.823,0.632,0.00205620830191365,"3","Brd9"
8.35783995654917e-08,0.483081765265581,0.872,0.733,0.00209188376272469,"3","Slco3a1"
8.96586834697822e-08,1.009483246217,0.246,0.117,0.00224406718856518,"3","A230077H06Rik"
9.00923648305725e-08,1.00355573624742,0.362,0.179,0.0022549217993444,"3","Angpt1"
9.27992833539178e-08,0.640525730781837,0.362,0.216,0.00232267326306521,"3","Polq"
1.02921336379686e-07,0.76110907443116,0.581,0.36,0.00257601812824717,"3","Clmp"
1.16434185941051e-07,0.45249844123606,0.846,0.717,0.00291423123991856,"3","Gpm6b"
1.25562379950358e-07,0.977851225240337,0.409,0.211,0.00314270080777752,"3","Tmem178"
1.36869607638161e-07,0.672817279601042,0.681,0.43,0.00342570940957554,"3","Itgbl1"
1.38616189457019e-07,0.483139606018652,0.89,0.753,0.00346942460591973,"3","Brinp1"
1.47766993428702e-07,1.16188077843453,0.236,0.096,0.00369846007852697,"3","Fhl2"
1.49335614079718e-07,0.590243523512813,0.378,0.222,0.00373772108480126,"3","Lrrc8b"
1.60580582069034e-07,0.503088555516759,0.602,0.441,0.00401917138860586,"3","Gm15810"
1.64945139046518e-07,1.77726019825171,0.289,0.085,0.00412841188519529,"3","Gm6260"
1.82462105984835e-07,0.459368197977211,0.919,0.777,0.00456684405069443,"3","Pcsk2"
1.98171511043042e-07,1.32741681534747,0.364,0.156,0.0049600347498963,"3","4933432K03Rik"
2.51507180691418e-07,0.622044718200395,0.671,0.487,0.00629497322552551,"3","Prkag2"
2.80631212001118e-07,0.400306124477144,0.949,0.837,0.00702391860517599,"3","Nrcam"
2.90638022576038e-07,1.39602966056614,0.252,0.088,0.00727437906705565,"3","Cyp26b1"
3.03564706571138e-07,1.12887088773287,0.303,0.142,0.007597921040769,"3","Lpcat2"
3.09939947111582e-07,1.46193729643834,0.258,0.099,0.00775748693625577,"3","Dkk3"
3.14680047396086e-07,0.917875564166201,0.431,0.242,0.00787612690627664,"3","2610316D01Rik"
2.80638510944431e-31,1.71618561077113,0.842,0.472,7.02410129042816e-27,"4","Hs6st3"
8.37241069829174e-30,1.09752631103594,0.944,0.785,2.09553067367544e-25,"4","Oxr1"
4.77870868374338e-29,1.02546469629498,0.976,0.871,1.19606299645413e-24,"4","Cntnap5a"
1.07093153800371e-26,0.507839323060066,0.994,0.991,2.68043454646948e-22,"4","Ptprd"
2.80011764077178e-25,1.29008119671639,0.888,0.6,7.00841444308769e-21,"4","Cdh8"
1.01924518723265e-22,1.16809815844954,0.916,0.735,2.55106877912459e-18,"4","A830018L16Rik"
5.45458057798404e-19,0.812602940602959,0.922,0.788,1.36522697286363e-14,"4","Atxn1"
6.23026211418793e-19,0.47763848524073,0.959,0.955,1.5593723045601e-14,"4","Celf4"
3.56112617771068e-17,0.622004359391974,0.965,0.927,8.91314271019206e-13,"4","Ncam2"
4.60083872840062e-17,1.2622134170785,0.801,0.547,1.15154392533139e-12,"4","Ppm1l"
7.09588901890632e-16,1.2177083687316,0.613,0.369,1.77603006254206e-11,"4","Kcnh1"
1.59594782603503e-15,1.55781469496334,0.583,0.306,3.99449781378308e-11,"4","Pdzrn3"
2.93893678566372e-15,0.994844255722286,0.756,0.512,7.35586488083773e-11,"4","Adcy2"
3.61727152245933e-15,0.826395601791899,0.959,0.932,9.05366889356346e-11,"4","Dpp10"
3.90865518642448e-15,1.05499235200229,0.788,0.591,9.78297306610184e-11,"4","Cdh18"
8.65652079359326e-15,0.458394415955699,0.989,0.981,2.16664058942846e-10,"4","Nkain2"
8.99910949141079e-15,1.75367579859171,0.359,0.136,2.25238711460521e-10,"4","Gm36251"
1.21329071544294e-14,0.803156328168088,0.87,0.701,3.03674533168213e-10,"4","Thrb"
2.17688887939727e-14,0.483901878179653,0.968,0.959,5.44853517624343e-10,"4","Adgrl3"
2.93453318261102e-14,0.705046010995942,0.819,0.627,7.34484310275713e-10,"4","Garnl3"
5.08437692872303e-14,1.37913680390512,0.546,0.285,1.27256870149009e-09,"4","Igsf21"
5.73375085574073e-14,0.880641079855059,0.726,0.468,1.43510050168335e-09,"4","Htr1f"
2.87159430143599e-13,0.663644423162824,0.92,0.74,7.18731337706413e-09,"4","Mef2c"
4.77055742192917e-13,0.835718683214178,0.864,0.644,1.19402281713465e-08,"4","Grm8"
7.21452424334423e-13,0.729919377076731,0.838,0.681,1.80572327286663e-08,"4","Cacnb4"
8.6012876121457e-13,1.33919994172807,0.549,0.308,2.15281627644395e-08,"4","Ndst3"
1.13889340803809e-12,0.914371991327464,0.745,0.488,2.85053631097854e-08,"4","Cntnap5c"
8.6715733167993e-12,0.773868573750184,0.834,0.683,2.1704080854617e-07,"4","Ncald"
1.14674677775532e-11,0.810792691840822,0.816,0.623,2.87019251004379e-07,"4","Cpne4"
3.9890084222688e-11,0.939861633464145,0.73,0.539,9.98408918009657e-07,"4","Nfib"
7.44391787481827e-11,0.509960345949259,0.883,0.789,1.86313820488827e-06,"4","Prkn"
8.37655118474001e-11,0.403794744504913,0.957,0.939,2.09656699602858e-06,"4","Gabrb3"
1.00682887597181e-10,0.442297615419745,0.968,0.96,2.51999199366985e-06,"4","Grm7"
1.22204139793814e-10,0.71503095721991,0.903,0.746,3.05864741489936e-06,"4","Car10"
3.70924131350634e-10,0.877546386130662,0.557,0.364,9.28386008357502e-06,"4","Gm13986"
6.54604153484937e-10,1.17495532033837,0.454,0.278,1.63840873575745e-05,"4","Grik3"
6.81047224902649e-10,0.826912905089358,0.816,0.716,1.70459309920884e-05,"4","Sgcz"
6.90153282994481e-10,1.60352566471399,0.343,0.163,1.72738465200689e-05,"4","Gm26911"
1.25314955290819e-09,0.562179673912101,0.784,0.718,3.1365080159739e-05,"4","Ext1"
1.76860950378883e-09,0.669398258935764,0.823,0.679,4.42665272703306e-05,"4","Egfem1"
9.01514397131476e-09,0.566150321175288,0.745,0.567,0.000225640038458037,"4","Nell1"
9.28632559681438e-09,0.706600184566732,0.711,0.555,0.000232427443362667,"4","Prr16"
1.03361836433988e-08,1.61679675571569,0.317,0.136,0.000258704340410628,"4","Gm20033"
1.40361275379207e-08,0.560475581341461,0.875,0.756,0.000351310236146617,"4","Fat3"
1.42293134555666e-08,0.620523031552987,0.762,0.63,0.000356145486479377,"4","Rapgef5"
1.64242779766352e-08,0.432456508639985,0.965,0.914,0.000411083253477202,"4","Dlgap2"
1.76376163980812e-08,1.3231276725184,0.454,0.252,0.000441451900827575,"4","Stxbp6"
1.86778936439599e-08,1.23019036558188,0.546,0.293,0.000467489000014672,"4","Tshz3"
1.91058015466849e-08,0.702043423188355,0.737,0.58,0.000478199106911975,"4","Xylt1"
2.68444466331209e-08,0.967110765782274,0.505,0.329,0.000671889654780382,"4","Sorl1"
4.98979573210215e-08,0.931441184073576,0.542,0.327,0.00124889597378785,"4","L3mbtl4"
8.46553747533595e-08,0.947781958763104,0.536,0.373,0.00211883937470184,"4","Dgkz"
9.55566538528568e-08,0.916196386683547,0.495,0.321,0.00239168748928315,"4","Gm43948"
9.58491334802317e-08,0.702114043085034,0.795,0.581,0.00239900796187672,"4","Ntng1"
1.26887816406633e-07,0.593903621909396,0.849,0.706,0.00317587515684163,"4","Mgat4c"
1.76031823223135e-07,0.597923584412386,0.749,0.607,0.00440590050345186,"4","Rasal2"
1.79110523192876e-07,1.14494754851228,0.641,0.428,0.00448295728499448,"4","Gm26854"
1.9106039012913e-07,0.756748927980724,0.527,0.356,0.00478205050454198,"4","Plcl1"
2.04581527474744e-07,0.474438231305804,0.849,0.779,0.00512047105116538,"4","Gria3"
2.4984962271558e-07,0.555372230565202,0.644,0.529,0.00625348620694826,"4","Nos1ap"
6.42755972173232e-29,1.5320415252558,0.85,0.504,1.60875392275238e-24,"5","Slc24a2"
8.7088543369803e-29,1.17389585338585,0.902,0.594,2.1797391520028e-24,"5","Sox5"
8.44775245391833e-28,0.783137912305486,0.998,0.957,2.11438796169122e-23,"5","Cntnap2"
1.21670343190534e-27,0.727947351697024,0.998,0.904,3.04528701971588e-23,"5","Tafa1"
3.31245535514616e-23,0.756034252578419,0.955,0.75,8.29074450839533e-19,"5","5730522E02Rik"
2.14274715630087e-21,1.15414902920667,0.788,0.517,5.36308185750545e-17,"5","Dgkg"
8.90071316534479e-20,0.415310955650931,1,0.998,2.22775949815415e-15,"5","Lsamp"
2.82845840832189e-19,1.02214068060796,0.845,0.68,7.07934855018885e-15,"5","Cacnb2"
3.95331009501863e-19,0.626277348971394,0.983,0.953,9.89473983682214e-15,"5","Xkr4"
4.62447276080905e-18,1.02589797450698,0.893,0.684,1.1574592873029e-13,"5","Nnat"
7.64363410842655e-18,1.06592502928094,0.771,0.477,1.91312518099808e-13,"5","Nr3c2"
2.0444540526424e-17,0.595369393592047,0.969,0.876,5.11706404835866e-13,"5","Epha6"
8.62845192631817e-17,0.556855861801706,0.99,0.952,2.15961523263818e-12,"5","Asic2"
2.28834034245572e-16,1.196729004994,0.743,0.457,5.72748704313243e-12,"5","Neto1"
3.42487185182529e-16,0.553404071238168,0.938,0.82,8.57211175793351e-12,"5","Cacna1e"
5.65184867598515e-16,0.752803569200664,0.848,0.679,1.41460120511232e-11,"5","Luzp2"
5.79845916128837e-16,0.789552984384289,0.964,0.887,1.45129634347887e-11,"5","Schip1"
1.01427281143979e-15,0.626361053200466,0.995,0.971,2.53862341975266e-11,"5","Pcdh9"
1.55762963471634e-15,0.863304171014637,0.914,0.657,3.89859121273154e-11,"5","Ptprk"
2.7001958007693e-15,1.71254595628901,0.552,0.257,6.75832006974547e-11,"5","Gm10848"
5.64010939070616e-15,0.935689992078724,0.712,0.473,1.41166297939984e-10,"5","Ano4"
6.8655222898452e-15,0.836123768731863,0.893,0.681,1.71837157392536e-10,"5","Msra"
7.31176662780131e-15,0.49394704382075,0.993,0.893,1.83006206927239e-10,"5","Lingo2"
1.05947058771123e-14,1.5364150344675,0.479,0.229,2.65174893398243e-10,"5","Fbxl7"
1.15092385399582e-14,0.442248010704769,0.983,0.923,2.88064731416614e-10,"5","Slit3"
1.36274734695187e-14,0.977010264777902,0.726,0.502,3.41082033468583e-10,"5","Shisa6"
1.53629399647654e-14,1.37698469882694,0.586,0.296,3.84519024378113e-10,"5","Nrp1"
1.85898179187168e-14,0.686150904646625,0.983,0.952,4.65284552687563e-10,"5","Lrrtm4"
3.36151143798497e-14,1.10150184353897,0.598,0.356,8.41352697813259e-10,"5","Meis2"
3.8320623684151e-14,1.62467995934833,0.431,0.154,9.59126890190616e-10,"5","Tll1"
1.00213557284393e-13,0.788738214928248,0.95,0.865,2.50824512527106e-09,"5","Kcnq5"
1.17849151320713e-13,1.58579807041383,0.412,0.168,2.94964640840612e-09,"5","Fbn2"
5.68395165680552e-13,1.21755287576775,0.669,0.421,1.42263626018185e-08,"5","Zfp385b"
6.99398806022256e-13,1.12804542775342,0.662,0.395,1.7505252715931e-08,"5","Gm12296"
9.75838364910755e-13,0.735166795906561,0.895,0.754,2.44242584353513e-08,"5","Pde10a"
1.65548026662639e-12,1.02364384359515,0.807,0.565,4.14350155933918e-08,"5","Myo16"
1.79669380000254e-12,0.922886191111757,0.888,0.718,4.49694491202635e-08,"5","Hdac9"
3.04076839175467e-12,1.01710061151109,0.548,0.337,7.61073920772276e-08,"5","Vwc2l"
3.27770940131699e-12,1.47944242554067,0.343,0.142,8.20377886055629e-08,"5","Sox5os4"
3.92604274681629e-12,0.416101729714666,0.981,0.931,9.82649239100648e-08,"5","Dpp6"
4.05800689272672e-12,0.941527609014106,0.786,0.513,1.01567854518057e-07,"5","6530403H02Rik"
4.42843385143167e-12,0.810897039985432,0.862,0.687,1.10839270867483e-07,"5","Adamtsl1"
6.46321149801058e-12,0.487390157615686,0.943,0.889,1.61767720583707e-07,"5","Nkain3"
9.14500882698315e-12,0.519176722622714,0.829,0.666,2.28890425930561e-07,"5","Klhl29"
3.06256258981729e-11,0.5277906733269,0.981,0.921,7.6652879060537e-07,"5","Cadm1"
5.49850409272521e-11,2.42270839839732,0.274,0.071,1.37622058936819e-06,"5","Fgf10"
9.67481190894861e-11,0.47968398172281,0.948,0.902,2.42150867269075e-06,"5","Slc8a1"
2.45793964137477e-10,1.65904186986697,0.34,0.122,6.15197712839692e-06,"5","Tgfb2"
2.46764473482659e-10,0.834369712263368,0.643,0.45,6.17626800679748e-06,"5","Snca"
3.06002498380363e-10,0.489241167118027,0.964,0.908,7.65893653196211e-06,"5","Dcc"
3.40735466603878e-10,0.823131514490211,0.662,0.415,8.52826799362846e-06,"5","Pou6f2"
4.64193277386009e-10,1.02177008338173,0.636,0.436,1.16182935396944e-05,"5","Man1a"
6.88246465841792e-10,0.598085186105697,0.857,0.729,1.72261207935542e-05,"5","Kcnd3"
1.16540993725039e-09,0.621427408318086,0.84,0.692,2.91690453194399e-05,"5","Fam135b"
1.31578020051959e-09,0.565584249055738,0.924,0.751,3.29326626388047e-05,"5","Zeb2"
1.60706930781982e-09,0.522689228015973,0.952,0.831,4.02233377054223e-05,"5","Ptprg"
1.6826518312354e-09,0.986408143760403,0.569,0.361,4.21150926839907e-05,"5","Slc24a4"
1.72617838450363e-09,0.406716348271899,0.602,0.393,4.32045187857413e-05,"5","Grik1"
1.91552832865437e-09,1.14014520760809,0.567,0.337,4.79437585378901e-05,"5","8030451O07Rik"
2.29086412552144e-09,1.03188979795663,0.529,0.298,5.73380381976762e-05,"5","Akap13"
2.3420154946095e-09,0.512452506249899,0.86,0.68,5.86183058145813e-05,"5","Slc24a3"
2.75043931545333e-09,0.67284016420988,0.802,0.666,6.88407456264815e-05,"5","Aopep"
3.43256991707178e-09,0.432510149599282,0.936,0.844,8.59137924543895e-05,"5","Pbx1"
1.1909967931112e-08,0.750402573976739,0.755,0.577,0.000298094587347801,"5","Spon1"
1.59392793926465e-08,0.545981611311272,0.695,0.533,0.000398944223918549,"5","Grin3a"
3.05092212207952e-08,0.925340076232003,0.476,0.296,0.000763615297935283,"5","Runx2"
3.06121935332239e-08,0.544176759916668,0.919,0.88,0.00076619259194306,"5","Cntn5"
3.73380846738329e-08,0.779214299405205,0.633,0.482,0.000934534921301363,"5","5530401A14Rik"
4.53960658958031e-08,0.79921283547645,0.521,0.334,0.00113621813330606,"5","Gm28307"
7.50394405144674e-08,0.568380584247631,0.779,0.63,0.0018781621566366,"5","Chl1"
1.10598994756117e-07,0.49508456176752,0.75,0.612,0.00276818223975086,"5","Rasgef1b"
1.11953656891668e-07,0.507334216547954,0.943,0.878,0.00280208807834156,"5","Robo1"
1.14212210475663e-07,1.33341710978365,0.367,0.184,0.00285861741599536,"5","Rftn1"
1.3218601625924e-07,0.407791747348717,0.912,0.825,0.00330848380095251,"5","Dab1"
1.67025570604582e-07,0.744156374130254,0.569,0.429,0.00418048300666207,"5","Gm13269"
1.8819868679477e-07,0.546559016245498,0.9,0.8,0.0047104249317863,"5","Atrnl1"
1.98015495803407e-07,0.466287850622742,0.898,0.804,0.00495612984446348,"5","Srgap3"
2.81764991955498e-07,1.46713127021045,0.25,0.108,0.00705229598365415,"5","Epb41l4a"
3.69531714860263e-07,0.649892769045854,0.552,0.384,0.00924900929123753,"5","Cntnap4"
5.19935712932369e-40,1.82413830637666,0.911,0.609,1.30134709589843e-35,"6","Rfx3"
1.98798710731363e-35,1.20985984671749,0.969,0.809,4.97573293089527e-31,"6","Kctd16"
6.55725943407654e-35,1.37111957694166,0.959,0.699,1.64121646375502e-30,"6","Cdh13"
8.62559163297786e-26,0.821942994620695,0.988,0.819,2.15889932981803e-21,"6","Dab1"
4.94648816532854e-20,0.706250520356592,0.967,0.862,1.23805652290008e-15,"6","Prkg1"
1.16370438647771e-18,0.623167691446596,0.99,0.905,2.91263570891507e-14,"6","Tafa1"
2.28149304482536e-18,1.59920921433526,0.658,0.301,5.71034894189339e-14,"6","Otof"
6.42548507611209e-18,0.563023410933513,0.998,0.974,1.60823465970009e-13,"6","Nrg1"
8.19118211459365e-17,0.688661444499242,1,0.97,2.05017097146164e-12,"6","Pcdh9"
3.41904489591537e-16,1.64986924059285,0.703,0.383,8.55752746998657e-12,"6","Gm32647"
7.71479612641658e-16,0.510664360154183,0.981,0.913,1.93093632248081e-11,"6","Dlgap2"
1.36003577172279e-15,2.68449807126819,0.318,0.067,3.40403353304497e-11,"6","Ano2"
6.24044529714916e-15,1.64890249412455,0.352,0.115,1.56192105342346e-10,"6","Trhr"
6.40271729584518e-15,0.69589668189837,0.78,0.56,1.60253611197709e-10,"6","Ano3"
9.32649005219223e-15,0.722621952402958,0.931,0.843,2.33432719516319e-10,"6","Ryr2"
1.24636671107043e-14,1.56104998448301,0.538,0.233,3.11953124113819e-10,"6","Col23a1"
1.44196544108038e-14,2.10512066361368,0.467,0.166,3.60909530248009e-10,"6","Plce1"
1.8309811083644e-14,0.407169100603068,0.995,0.966,4.58276261612525e-10,"6","Auts2"
1.04745041377797e-13,0.638699390081972,0.993,0.952,2.62166364064489e-09,"6","Asic2"
2.11042918673976e-13,0.721314660859921,0.923,0.809,5.28219321149095e-09,"6","Pdzrn4"
3.48926328380325e-13,0.81794585396899,0.89,0.672,8.73327707303116e-09,"6","Rgs6"
1.4309869654938e-12,0.540739498780718,0.907,0.803,3.58161727593444e-08,"6","Eml6"
2.76464281460834e-12,0.790509375080748,0.871,0.67,6.91962450068322e-08,"6","Cacna2d3"
3.0582598950584e-12,1.58266019535356,0.438,0.187,7.65451869134168e-08,"6","Igsf11"
5.92217191711384e-12,0.492838422060829,0.986,0.962,1.48226040913442e-07,"6","Il1rapl1"
7.6443470269134e-12,1.71788804656084,0.493,0.219,1.91330361736616e-07,"6","Rilpl1"
1.22677032674248e-11,0.499843069315633,0.926,0.798,3.07048345080375e-07,"6","Atrnl1"
1.43315030812072e-11,0.505904229101199,0.978,0.894,3.58703190619536e-07,"6","Lingo2"
1.60933592581981e-11,0.814761694659132,0.665,0.432,4.02800688873441e-07,"6","Lypd1"
3.31329882124008e-11,0.621602728937068,0.818,0.671,8.29285561968179e-07,"6","Zdhhc14"
5.17613939556383e-11,0.557651026994962,0.981,0.875,1.29553592931567e-06,"6","Cntn5"
1.15022601109022e-10,0.560466102594316,0.909,0.821,2.87890068315772e-06,"6","Camk1d"
1.95880767413499e-10,0.749647303338917,0.687,0.532,4.90269972759247e-06,"6","Col25a1"
2.93466802887802e-10,0.546705401425482,0.854,0.721,7.34518060947879e-06,"6","Hdac9"
3.73504042497289e-10,1.36422702780964,0.548,0.293,9.34843267966465e-06,"6","Vwc2"
4.985912584471e-10,0.770908189431377,0.766,0.586,1.24792406076725e-05,"6","Pde2a"
1.02383534198678e-09,1.4272070146217,0.388,0.186,2.56255747745871e-05,"6","Adamts18"
1.93056665924907e-09,0.879928710294246,0.593,0.391,4.8320152914345e-05,"6","Arsb"
2.0672731027504e-09,0.417519483488362,0.931,0.872,5.17417784887397e-05,"6","Cacna2d1"
2.07692372155635e-09,0.481218821552661,0.904,0.81,5.19833238268338e-05,"6","Gabbr2"
2.65100143934848e-09,0.665329838868013,0.687,0.494,6.63519150254532e-05,"6","Epha4"
3.84241132193322e-09,0.477397072845274,0.868,0.703,9.61717129766666e-05,"6","Thrb"
5.99151376525467e-09,0.515163527704755,0.895,0.748,0.000149961598030559,"6","Car10"
8.14517089752188e-09,0.689479570699667,0.792,0.629,0.000203865482394075,"6","Gabrb2"
1.32811012273523e-08,0.848441677536019,0.651,0.439,0.000332412682619401,"6","Atp2b4"
1.34229194220775e-08,0.493071784844995,0.821,0.681,0.000335962250215177,"6","9530059O14Rik"
1.56303425288111e-08,0.664092868343709,0.699,0.519,0.000391211843153613,"6","Rgl1"
2.53651610681072e-08,0.941147594514498,0.514,0.315,0.000634864616373656,"6","Gm1604a"
4.30828866482739e-08,0.601900844250749,0.663,0.477,0.00107832156991965,"6","Ano4"
5.95381957290441e-08,0.950944442830731,0.438,0.254,0.00149018150090224,"6","9530026P05Rik"
9.10574949361502e-08,0.774468556978873,0.701,0.52,0.0022790780407569,"6","6530403H02Rik"
1.29530181122261e-07,0.632450551898776,0.694,0.509,0.00324201090330908,"6","Eda"
1.85804145513482e-07,0.686223480362004,0.567,0.408,0.00465049195805694,"6","Apobec4"
2.17812760594767e-07,1.27876219450325,0.273,0.13,0.00545163558492643,"6","Gm16267"
3.24475969110568e-07,0.478040224517303,0.866,0.761,0.0081213090308684,"6","Plekha5"
9.7659091851084e-34,2.29630650439863,0.79,0.376,2.44430940994078e-29,"7","Gm15261"
1.45694795368233e-27,1.07859313324915,0.929,0.789,3.64659503327149e-23,"7","Dgkb"
3.15855913786277e-26,0.770153433379495,0.979,0.941,7.90555766615672e-22,"7","Magi2"
5.28585426207374e-26,1.75896692719106,0.662,0.308,1.32299646325444e-21,"7","Arhgap6"
1.98627824205418e-24,0.672310921584765,0.996,0.959,4.97145581203741e-20,"7","Tenm2"
3.47739977821102e-24,0.859949715894786,0.954,0.834,8.70358390488435e-20,"7","Cntn4"
1.20540940126398e-23,1.3971357768213,0.833,0.554,3.01701919042363e-19,"7","Prr16"
4.34594389286261e-23,0.70368526997623,0.979,0.957,1.08774629694458e-18,"7","Gm26871"
1.57109868279496e-22,1.25538579304394,0.783,0.525,3.93230289316752e-18,"7","Dgkg"
9.60817856519314e-22,0.627355048661633,0.979,0.864,2.40483101308219e-17,"7","Mir99ahg"
3.52741697000122e-21,0.605441743354192,0.993,0.967,8.82877193421605e-17,"7","Gria1"
1.88331976083398e-20,1.28073875258336,0.84,0.58,4.71376102939137e-16,"7","Rasgrf1"
6.36936432288578e-20,1.56187101697938,0.662,0.374,1.59418819637508e-15,"7","Dock10"
8.80366599222898e-19,1.74170476176968,0.548,0.253,2.20346956119499e-14,"7","Tead1"
1.01120203063826e-18,0.96426353889371,0.872,0.729,2.53093756248449e-14,"7","Hcn1"
1.8804206797443e-18,0.804851718174139,0.954,0.837,4.70650491933201e-14,"7","Khdrbs2"
3.14917750985973e-18,1.02938743774983,0.815,0.632,7.88207638942793e-14,"7","Rapgef5"
3.27972814675346e-18,0.760770761484352,0.979,0.902,8.20883157850924e-14,"7","Slc8a1"
2.60417975950122e-17,0.746270856954873,0.875,0.727,6.5180015200556e-13,"7","Dpyd"
1.02586565033476e-16,1.71132544001316,0.452,0.199,2.56763913622287e-12,"7","Hccs"
2.51068477640605e-16,0.884073313145905,0.79,0.633,6.28399292686671e-12,"7","Plxdc2"
4.74903043141136e-16,1.31658067527691,0.651,0.339,1.18863482667795e-11,"7","8030451O07Rik"
6.90211353267001e-16,3.28813040844473,0.249,0.035,1.72752999609198e-11,"7","Vgll3"
2.41682130206342e-15,0.891015043928749,0.843,0.693,6.04906203693453e-11,"7","Nnat"
3.19412434301582e-15,1.46256812465387,0.609,0.343,7.99457381813428e-11,"7","Fign"
6.4190242637384e-15,0.942471550518112,0.851,0.668,1.60661758297108e-10,"7","Ptprk"
6.70299426442253e-14,0.591898416933788,0.929,0.803,1.67769243444231e-09,"7","Zfpm2"
9.54169124490915e-14,0.532311760275292,0.925,0.845,2.38818990168831e-09,"7","Caln1"
2.95381873472068e-13,0.568334940318267,0.968,0.924,7.39311291113239e-09,"7","Cadm1"
7.79374733448979e-13,0.430149284441342,0.972,0.935,1.95069702034945e-08,"7","Ptprn2"
1.01700986862656e-12,0.473749189807235,0.979,0.927,2.54547400018541e-08,"7","Ncam2"
1.05007844484491e-12,0.479530099968152,0.975,0.933,2.62824133960233e-08,"7","Dpp6"
1.35809928222954e-12,0.865240206114324,0.801,0.652,3.39918669349231e-08,"7","Prkca"
2.30683755507886e-12,0.530466386717519,0.961,0.821,5.77378371660687e-08,"7","Brinp3"
4.19782377000358e-12,2.1838673889103,0.42,0.159,1.05067331139419e-07,"7","Chst9"
4.39927587938379e-12,0.975615299588474,0.68,0.439,1.10109475985097e-07,"7","Chrm3"
4.51754828765865e-12,0.555903140017592,0.989,0.888,1.13069716091808e-07,"7","Schip1"
3.03529001806727e-11,0.637951709498995,0.851,0.797,7.59702738622056e-07,"7","Dock4"
3.74317099711042e-11,2.30015654649148,0.21,0.058,9.36878268866767e-07,"7","Ptger3"
8.22092905187309e-11,0.698205403189641,0.872,0.755,2.05761633239332e-06,"7","Camk2d"
8.43218091555544e-11,1.03961952345714,0.705,0.5,2.11049056135437e-06,"7","C1ql3"
9.62797447019709e-11,0.787940316749348,0.9,0.73,2.40978573014563e-06,"7","Kcnd3"
1.44630157944873e-10,0.69786816655373,0.722,0.58,3.61994822320223e-06,"7","Spock3"
3.1080964320795e-10,1.84425030218054,0.374,0.165,7.77925455985177e-06,"7","Tll1"
4.97036114660511e-10,0.712046041048937,0.836,0.726,1.24403169138379e-05,"7","Hdac9"
5.04944286274449e-10,0.559584989884274,0.875,0.789,1.26382505411632e-05,"7","Galnt17"
9.15750905231646e-10,0.76681111447844,0.655,0.483,2.29203294070429e-05,"7","Fgf13"
9.61572605625846e-10,1.15321751866455,0.68,0.482,2.40672007462093e-05,"7","Ano4"
1.27128822051873e-09,0.421038053593516,0.986,0.964,3.18190728713632e-05,"7","Macrod2"
1.79682442849796e-09,1.08654886993816,0.648,0.468,4.49727186208753e-05,"7","Slc35f3"
2.2635868343748e-09,0.696021996408944,0.562,0.367,5.66553148775669e-05,"7","Ephb1"
2.3131008662201e-09,1.06880536895178,0.516,0.337,5.78946015806229e-05,"7","Ptpru"
3.69361094675309e-09,0.661793896913802,0.53,0.399,9.2447388386283e-05,"7","Ptpre"
4.60898110903109e-09,2.1106619977762,0.238,0.084,0.000115358188177939,"7","Amelx"
4.62627194854565e-09,2.36565852439527,0.256,0.067,0.000115790960600149,"7","Spata13"
1.48964934570125e-08,0.761652975766963,0.655,0.501,0.000372844334735565,"7","Epha4"
2.08452699688307e-08,0.542186905521546,0.843,0.734,0.000521736262049863,"7","Pex5l"
2.31934261978804e-08,0.491415128110336,0.89,0.71,0.000580508264306749,"7","Cdh13"
3.06946581596033e-08,0.486226301441714,0.961,0.879,0.000768256599076711,"7","Robo1"
3.07336075971505e-08,1.85966070080095,0.235,0.083,0.000769231464549081,"7","Speer4a"
4.1119077261618e-08,1.4743397870365,0.434,0.235,0.00102916938478104,"7","Rreb1"
4.44071522780236e-08,0.677090722701581,0.776,0.686,0.00111146661436665,"7","B130024G19Rik"
4.46871371411578e-08,1.62487628024333,0.331,0.18,0.00111847435550604,"7","Wls"
7.07957415853623e-08,0.583732700312156,0.73,0.55,0.00177194661614003,"7","Gm15584"
1.26850281189922e-07,0.757289958727381,0.673,0.57,0.00317493568790255,"7","Arhgef28"
1.31723440130117e-07,0.543902522636621,0.854,0.787,0.0032969059830167,"7","Dok6"
1.68127890571133e-07,0.927239118191084,0.534,0.355,0.00420807297310489,"7","Gm21798"
1.83048229008877e-07,1.45267950969672,0.416,0.236,0.00458151412386319,"7","Rerg"
2.28540473384166e-07,0.451396206051754,0.89,0.798,0.00572013950833229,"7","Ldb2"
2.38463404774394e-07,0.423608511567686,0.872,0.808,0.0059685005580983,"7","Eml6"
2.56118941554346e-07,0.464736482678321,0.872,0.771,0.00641040098816374,"7","Dscaml1"
1.7076586100806e-10,0.481289992541802,0.192,0.525,4.27409873517072e-06,"8","Slc44a5"
2.76950717936701e-10,0.445055354186376,0.161,0.446,6.93179951923768e-06,"8","Chchd3"
2.87537614410026e-10,0.423973017695897,0.075,0.294,7.19677895106855e-06,"8","Trps1"
3.90910228485454e-10,0.412521295381524,0.271,0.646,9.78409210876243e-06,"8","9630028H03Rik"
1.0950154628824e-09,0.655909463518333,0.11,0.29,2.74071420204836e-05,"8","Sec24d"
4.23388042888666e-09,0.482982852210865,0.141,0.409,0.000105969793254604,"8","P2ry12"
1.05413014731859e-08,0.50305666463619,0.18,0.463,0.000263838234572371,"8","Mysm1"
1.09532950809747e-08,0.407273624812708,0.176,0.448,0.000274150022581716,"8","Fam171b"
1.30046591164978e-08,0.430196533540368,0.133,0.364,0.000325493613026823,"8","Zfp462"
1.78525429755966e-08,0.500367800107486,0.094,0.327,0.000446831298136208,"8","Gm12002"
1.80982124170094e-08,0.497658218348883,0.129,0.361,0.000452980158585328,"8","4930567K12Rik"
2.82916567464715e-08,0.515318074409811,0.129,0.342,0.000708111876707436,"8","Ywhae"
3.21156670170237e-08,0.437964959805361,0.255,0.587,0.000803823029769087,"8","Vsnl1"
4.8315090298644e-08,0.47590307722413,0.22,0.518,0.00120927839508476,"8","Arhgef9"
5.4633648351948e-08,0.413208581071396,0.227,0.551,0.00136742558460091,"8","Reps2"
8.80989420683632e-08,0.54537757009151,0.149,0.33,0.00220502842102906,"8","Znrf3"
9.25575241813237e-08,0.55077512516112,0.09,0.241,0.00231662227273435,"8","Vapa"
9.59027720146595e-08,0.562388434473433,0.161,0.443,0.00240035048075491,"8","Rap1gds1"
1.46166321477344e-07,0.40053363837797,0.2,0.498,0.00365839686025644,"8","Gm48383"
1.87499116250099e-07,0.548041185473398,0.082,0.209,0.00469291538062372,"8","Stk40"
1.91515289264764e-07,0.439716563163646,0.192,0.454,0.00479343617500778,"8","Ttll11"
3.31609690794416e-07,0.72907732466652,0.11,0.304,0.00829985895089344,"8","4933433G19Rik"
3.63511671505142e-07,0.409124081783915,0.439,0.826,0.0090983336261022,"8","Edil3"
3.9280636939375e-07,0.522116792101831,0.122,0.296,0.00983155061955616,"8","Efr3a"
2.2585394068977e-81,3.06287672806117,0.988,0.654,5.65289828152426e-77,"9","Wdr17"
2.69533518742423e-70,3.80053890229918,0.888,0.107,6.74615444060411e-66,"9","Slc1a3"
3.56086332395113e-64,2.64174670200538,0.924,0.297,8.91248481351729e-60,"9","Msi2"
9.79192255119646e-64,2.34614748141585,0.948,0.422,2.45082029533896e-59,"9","Gpc5"
1.03703527705626e-59,2.51070644833604,0.856,0.228,2.5955955949441e-55,"9","Gm20713"
5.53591326619652e-56,2.87096313215858,0.916,0.393,1.38558373139633e-51,"9","Slc1a2"
1.88197830006261e-51,3.46011491155738,0.684,0.083,4.71040348722671e-47,"9","Plpp3"
8.57118124657867e-50,3.37370157751613,0.676,0.09,2.14528095420617e-45,"9","Atp1a2"
1.23979326274645e-47,2.21503083520451,0.8,0.221,3.10307855732808e-43,"9","Slc4a4"
1.09375112002022e-46,2.05252013660847,0.98,0.524,2.7375496782986e-42,"9","Ptprz1"
6.42557383824622e-45,1.91065230288959,0.888,0.315,1.60825687597465e-40,"9","Nfia"
1.23460710890888e-44,2.05494370379338,0.892,0.345,3.09009813288804e-40,"9","Qk"
1.55416572684518e-44,1.97492250711488,0.92,0.443,3.8899213977208e-40,"9","Gm3764"
7.1428315334297e-44,4.05157833804397,0.616,0.045,1.78777930450212e-39,"9","8030451A03Rik"
4.06083560046636e-42,2.22082477134146,0.712,0.131,1.01638654244073e-37,"9","Sox6"
2.7015049722027e-39,3.07114224227062,0.604,0.069,6.76159679492614e-35,"9","Nhsl1"
3.8692313163286e-38,3.47656402921657,0.536,0.046,9.68429906163886e-34,"9","Mertk"
2.8151196006259e-37,1.93331362759431,0.784,0.295,7.04596284840655e-33,"9","Ptn"
2.4668919109827e-36,1.43046219609064,0.828,0.408,6.17438376399859e-32,"9","Rgs20"
7.27066326272573e-35,1.28287250183315,0.944,0.47,1.81977430802762e-30,"9","Zbtb20"
8.25400579932524e-34,3.17326466488505,0.572,0.077,2.06589511151311e-29,"9","Apoe"
1.27400868014909e-33,3.56073095682924,0.428,0.029,3.18871632554515e-29,"9","Egfr"
1.09592463974485e-32,4.65024736543559,0.408,0.02,2.74298978081739e-28,"9","Pla2g7"
1.24808302378197e-32,3.03795390958246,0.464,0.052,3.12382700022389e-28,"9","Glis3"
1.35721876257421e-32,3.09135507226291,0.46,0.05,3.39698284084698e-28,"9","Hepacam"
2.79370094616707e-32,3.18558519308844,0.468,0.067,6.99235409816157e-28,"9","Lrig1"
6.17715800740101e-32,0.880805995603512,1,0.879,1.5460808776724e-27,"9","Ntm"
7.1400387857325e-32,4.00795059774679,0.472,0.03,1.78708030768099e-27,"9","Gli3"
1.01724053174094e-31,3.78597035287042,0.436,0.035,2.54605132689439e-27,"9","Tnc"
3.856553123794e-31,2.1226524588984,0.592,0.165,9.65256681354401e-27,"9","Sparcl1"
4.59429691079397e-31,1.76198675234913,0.804,0.3,1.14990657380262e-26,"9","Maml2"
6.02308248603905e-31,3.29530102075626,0.504,0.052,1.50751731543071e-26,"9","Nwd1"
7.02140609835889e-31,2.39415260993008,0.548,0.079,1.75738773235825e-26,"9","Lama2"
5.82608424009706e-30,2.29053965302536,0.688,0.14,1.45821062445389e-25,"9","Rorb"
9.8601945426561e-30,4.07436196718738,0.408,0.03,2.4679080920814e-25,"9","Slc7a11"
2.73991836734039e-29,4.49443713359001,0.392,0.021,6.85774168161626e-25,"9","Gm6145"
3.34425869191671e-29,1.31026757743542,0.808,0.411,8.37034507999834e-25,"9","Hdac8"
6.25062364277667e-29,3.14571711525415,0.508,0.067,1.56446859155057e-24,"9","Paqr8"
1.07927022861327e-27,5.21844716485884,0.38,0.015,2.70130545519616e-23,"9","Tnfaip8"
1.17815246414612e-27,3.88828732085037,0.412,0.02,2.94879780251132e-23,"9","Prdm16"
1.74614884047023e-27,1.72740691182725,0.812,0.417,4.37043593281294e-23,"9","Grm3"
2.17377980692134e-26,4.59054688781379,0.364,0.016,5.44075347874343e-22,"9","Slco1c1"
2.29031538180342e-26,3.0754066323195,0.42,0.05,5.73243036911578e-22,"9","Phkg1"
2.84880762723007e-26,2.86304900718106,0.384,0.04,7.13028061019415e-22,"9","Acss1"
5.26231787675337e-26,0.640690732019902,0.788,0.355,1.3171055413726e-21,"9","Meis2"
5.98446296024157e-26,0.915172333550197,0.992,0.744,1.49785123431886e-21,"9","Npas3"
6.5330958497272e-26,1.84992095516598,0.6,0.172,1.63516856022822e-21,"9","Myo6"
1.59319760012657e-25,4.30137673976803,0.352,0.022,3.9876142733568e-21,"9","Htra1"
1.89672388870166e-25,3.04472920321472,0.376,0.042,4.74731022103138e-21,"9","Plekhg1"
4.34793101593654e-25,1.019768529161,0.948,0.658,1.08824365397876e-20,"9","Gm35188"
6.35395937987107e-25,4.8123861544661,0.348,0.013,1.59033249318793e-20,"9","Acsbg1"
3.01199425478748e-23,1.61899429077194,0.652,0.207,7.53872042030758e-19,"9","Pard3b"
3.89294469677347e-23,0.665205549966591,0.996,0.863,9.74365128155432e-19,"9","Mir99ahg"
4.64529841591862e-23,1.60386569702745,0.672,0.265,1.16267174052027e-18,"9","Trps1"
6.86103261096513e-23,3.41410043232197,0.348,0.031,1.71724785219846e-18,"9","Bcan"
1.10475563168627e-22,1.46598661102249,0.58,0.207,2.76509287054756e-18,"9","Mapk4"
1.10988037105965e-22,1.11956781835247,0.924,0.582,2.7779195807252e-18,"9","Dtna"
1.51709514102077e-22,1.8068620811405,0.448,0.092,3.79713742846089e-18,"9","Cdh20"
2.42043797572749e-22,3.09807699867384,0.336,0.043,6.05811420944834e-18,"9","Gm973"
4.86189237339623e-22,0.768736524682462,0.968,0.769,1.21688304213734e-17,"9","Rora"
5.18898993839695e-22,3.51137058808389,0.364,0.029,1.29875229168137e-17,"9","Daam2"
3.94278288955689e-21,4.69147111937679,0.288,0.009,9.86839129427194e-17,"9","Gli2"
4.08183283690833e-21,0.777077719772476,0.952,0.79,1.02164194074979e-16,"9","Son"
4.45715704070905e-21,5.19801724111908,0.296,0.007,1.11558183571907e-16,"9","C030005K06Rik"
4.6802337596757e-21,2.25412594921497,0.448,0.079,1.17141570770923e-16,"9","Pard3bos1"
1.21725597200093e-20,1.7476036476244,0.564,0.182,3.04666997232113e-16,"9","Dock1"
1.22218469566301e-20,4.01844539105622,0.3,0.014,3.05900607477494e-16,"9","Slc7a10"
1.76828399950572e-20,1.29043948909619,0.484,0.171,4.42583802236286e-16,"9","Pde7b"
2.05392102905324e-20,3.98738867119711,0.288,0.017,5.14075894361736e-16,"9","Ednrb"
2.41273862209694e-20,0.784718517283701,0.896,0.539,6.03884349724642e-16,"9","Nfib"
3.45765738143047e-20,1.98540700840553,0.372,0.087,8.65417065998233e-16,"9","Phka1"
4.01518977018733e-20,1.61050861683496,0.58,0.206,1.00496184758019e-15,"9","Gm14858"
4.02165268717313e-20,1.66672377969884,0.552,0.183,1.00657945107256e-15,"9","Arhgef26"
6.93054429919533e-20,1.72733998215821,0.552,0.212,1.7346459326456e-15,"9","Prex2"
7.30493451479602e-20,4.34077958131337,0.272,0.012,1.82835205970829e-15,"9","Fgfr3"
1.05202416828786e-19,0.506279475196289,0.884,0.528,2.63311129080769e-15,"9","Ptprt"
1.4294535128085e-19,1.57937857449821,0.696,0.301,3.5777791972084e-15,"9","Sfxn5"
2.16773275884032e-19,2.1267250731775,0.392,0.085,5.42561832210144e-15,"9","Lhfp"
2.35149902734051e-19,2.37734178736742,0.424,0.088,5.88556691553057e-15,"9","Insyn2a"
3.36739819128401e-19,3.82112789351976,0.292,0.015,8.42826093296474e-15,"9","Gja1"
4.65398097231874e-19,3.80904822372448,0.324,0.025,1.16484489756166e-14,"9","Gramd3"
6.0834011709014e-19,3.27873837556686,0.328,0.027,1.52261447906491e-14,"9","Palld"
6.64782397478724e-19,0.828439769172789,0.94,0.746,1.6638838626495e-14,"9","Cpe"
9.79474430811632e-19,2.64987383450552,0.352,0.055,2.45152655287843e-14,"9","Slc39a12"
1.28544561966892e-18,1.76052840335096,0.512,0.138,3.21734184146935e-14,"9","Prkd1"
1.73967210275662e-18,1.35385273690901,0.604,0.221,4.35422530598953e-14,"9","Bcl2"
2.6061523211029e-18,2.15351728643945,0.4,0.098,6.52293864448845e-14,"9","Clu"
2.65173292186769e-18,1.04794275251472,0.852,0.469,6.63702233014265e-14,"9","Pitpnc1"
5.21009872247736e-18,1.70912838802559,0.516,0.156,1.30403560924886e-13,"9","Gm29683"
5.23572798623862e-18,3.20295090792218,0.344,0.037,1.31045035767566e-13,"9","Glul"
5.26497747075366e-18,1.33781817501441,0.656,0.261,1.31777121115493e-13,"9","Sash1"
7.23284958272335e-18,1.45543763239889,0.512,0.184,1.81030992205983e-13,"9","Lpp"
7.62437661842518e-18,3.4483493943312,0.288,0.027,1.90830522382564e-13,"9","Tcf7l2"
1.03016920445522e-17,3.70191791961821,0.276,0.016,2.57841050183097e-13,"9","Frmpd1"
1.14529658844361e-17,1.85347441275983,0.52,0.16,2.86656283121551e-13,"9","Clybl"
1.41739010821633e-17,1.62948525373832,0.428,0.126,3.54758570185464e-13,"9","Gm5089"
1.66500350208646e-17,2.88198682050118,0.296,0.036,4.16733726537219e-13,"9","Zfp521"
1.90119899895901e-17,2.25447987198889,0.336,0.066,4.75851097449451e-13,"9","Asrgl1"
2.0060983398827e-17,2.04901695422708,0.324,0.072,5.0210635348924e-13,"9","Stard13"
3.75885373531915e-17,1.00929313828387,0.712,0.343,9.40803501413029e-13,"9","Zeb1"
4.20699845587639e-17,1.74473745296257,0.448,0.122,1.0529696435213e-12,"9","Serpine2"
5.09371422435916e-17,1.62449077986331,0.468,0.157,1.27490573321485e-12,"9","Slc6a11"
5.74897288927085e-17,3.10920449449042,0.264,0.023,1.4389104244556e-12,"9","Gm26512"
1.04268097868631e-16,0.581600588556494,0.62,0.312,2.60972622155396e-12,"9","Sox2ot"
1.13360752197276e-16,4.53529627235634,0.236,0.01,2.83730626674562e-12,"9","Atp13a4"
1.77526185191628e-16,0.442969956010845,1,1,4.44330288916125e-12,"9","Malat1"
1.82865281145332e-16,3.43665977671128,0.256,0.024,4.57693512178652e-12,"9","Tcf7l1"
1.8479615817625e-16,3.45389820652299,0.232,0.017,4.62526304299336e-12,"9","Hes5"
2.42753197084449e-16,2.18842376318699,0.36,0.073,6.07586976982667e-12,"9","Rgma"
3.05931303029041e-16,2.94242788770102,0.28,0.033,7.65715458351387e-12,"9","Il18"
3.65438696851066e-16,1.01794974066193,0.872,0.563,9.14656514348533e-12,"9","Gm48747"
3.70304804970988e-16,3.45066768320939,0.264,0.025,9.26835896361885e-12,"9","Abca1"
3.87236794826892e-16,2.90431883263079,0.244,0.031,9.69214973772227e-12,"9","Ccdc141"
4.40699427577604e-16,2.16146249486013,0.292,0.076,1.10302659728399e-11,"9","Gm13684"
4.89199361945682e-16,1.99467909744954,0.324,0.061,1.22441708301385e-11,"9","Chd7"
4.95790493871439e-16,2.95122633799323,0.268,0.04,1.24091402711083e-11,"9","Gm31356"
5.98620426025123e-16,1.24573271776659,0.392,0.157,1.49828706429828e-11,"9","Ston2"
7.17475169255512e-16,1.314826667905,0.304,0.089,1.79576860112962e-11,"9","Ddah1"
1.03426444330326e-15,1.90185634188081,0.304,0.074,2.58866047514372e-11,"9","Peli2"
1.45559790560806e-15,2.75048480450112,0.26,0.028,3.6432159979464e-11,"9","F3"
2.5614993610336e-15,1.64944929976872,0.548,0.204,6.41117675073101e-11,"9","Glud1"
2.66752272596037e-15,0.685756737732301,0.944,0.718,6.67654263080621e-11,"9","Gpm6b"
2.74569107822279e-15,1.45337910052704,0.38,0.109,6.87219019968382e-11,"9","Slc6a1"
3.01447113287417e-15,1.04001697714635,0.536,0.183,7.54491979847075e-11,"9","Bmpr1b"
3.52153025876541e-15,4.82556053291393,0.2,0.005,8.81403808466395e-11,"9","Grin2c"
4.38778823068892e-15,0.796133977811685,0.928,0.68,1.09821951625913e-10,"9","Luzp2"
5.60962294993581e-15,3.15016717162167,0.22,0.026,1.40403252813943e-10,"9","Fgd6"
5.79925525427096e-15,3.10521716662155,0.26,0.023,1.45149559759148e-10,"9","4930505G20Rik"
6.40256863299885e-15,2.66682285546601,0.284,0.038,1.60249890315328e-10,"9","Gm13872"
6.40953692066968e-15,1.69533031468039,0.364,0.122,1.60424299587441e-10,"9","Ptch1"
8.36158854244858e-15,1.77050141377156,0.416,0.126,2.09282199628946e-10,"9","Tnfrsf19"
9.09282951100344e-15,2.69482245753304,0.232,0.037,2.27584429830905e-10,"9","Itpkb"
9.46932005221143e-15,3.53353761854974,0.228,0.016,2.370076115868e-10,"9","Mfge8"
1.14235294769361e-14,0.875532637489725,0.756,0.427,2.85919519278234e-10,"9","Gm48765"
1.20883682385808e-14,1.33748442266139,0.488,0.204,3.02559768643439e-10,"9","Mmd2"
1.36506807922448e-14,2.34206532878714,0.272,0.045,3.41662889549095e-10,"9","Plcd4"
2.20210783801363e-14,1.88982539213758,0.392,0.098,5.51165570776432e-10,"9","Rfx4"
2.20881821593145e-14,1.18874741964432,0.516,0.219,5.52845111265483e-10,"9","Arap2"
2.375704698409e-14,1.34118572805179,0.508,0.199,5.94615128964788e-10,"9","Eps15"
2.41553888630804e-14,0.950171254870771,0.388,0.14,6.04585227854039e-10,"9","Ptprm"
2.82334122798363e-14,1.81710388403497,0.42,0.138,7.06654075952022e-10,"9","Cst3"
3.57734776119544e-14,1.34157498510362,0.42,0.154,8.95374371149607e-10,"9","Vcl"
5.13445161873715e-14,2.02347586837828,0.312,0.066,1.28510189565372e-09,"9","Prdx6"
6.72033300582398e-14,2.6465454249435,0.208,0.028,1.68203214802768e-09,"9","Gm20646"
7.03402410886598e-14,1.04976911813963,0.596,0.281,1.76054589420807e-09,"9","Camk2g"
8.02119688331487e-14,0.768734968795568,0.688,0.4,2.00762536792488e-09,"9","Csgalnact1"
8.10179316995333e-14,0.797717529215601,0.5,0.233,2.02779781250762e-09,"9","Rreb1"
9.18321245136122e-14,4.00658259884384,0.208,0.011,2.2984662444512e-09,"9","Csrp1"
1.03788027897869e-13,1.11042133426757,0.78,0.494,2.59771055025576e-09,"9","Tspan7"
1.14819137946429e-13,1.58332934005008,0.3,0.074,2.87380820366116e-09,"9","Itpr2"
1.46573153229293e-13,1.04039191486927,0.528,0.245,3.66857945217598e-09,"9","Pygb"
1.79679126540999e-13,0.686754292386541,0.788,0.5,4.49718885819465e-09,"9","Grk3"
2.15869575687109e-13,2.11763551651208,0.24,0.045,5.40299960987266e-09,"9","Pnpla7"
2.70508066690521e-13,3.212093875172,0.22,0.014,6.77054640119705e-09,"9","S1pr1"
3.221550031857e-13,1.17224066955968,0.476,0.196,8.06321757473490e-09,"9","Tmem164"
3.31880943947753e-13,1.882297256312,0.232,0.053,8.3066481460683e-09,"9","Tiparp"
3.32136383917828e-13,1.08477251688048,0.34,0.111,8.31304155307932e-09,"9","Nxn"
3.55738730397384e-13,3.31155121229617,0.216,0.014,8.90378468311612e-09,"9","Egfros"
3.64493711077433e-13,2.81506584169789,0.228,0.028,9.12291309455706e-09,"9","Sat1"
5.19997575758126e-13,1.37650704648537,0.412,0.134,1.30150193236501e-08,"9","Acsl3"
5.87771873023715e-13,1.07485471486905,0.452,0.175,1.47113422099106e-08,"9","Plcb4"
8.39479711107842e-13,1.58674371496827,0.272,0.092,2.10113376893182e-08,"9","Soat1"
8.96627070597751e-13,3.08371455237651,0.22,0.025,2.24416789499911e-08,"9","Rftn2"
9.86100121625862e-13,1.29842197447634,0.372,0.119,2.46810999441737e-08,"9","Fads2"
1.20598236048727e-12,3.97997462702967,0.2,0.013,3.01845325006358e-08,"9","Prrx1"
1.29671075422738e-12,2.45337170018634,0.244,0.031,3.2455373467557e-08,"9","Ndrg2"
1.43390810251789e-12,2.23811225461532,0.316,0.062,3.58892858979203e-08,"9","Vegfa"
1.82009960257981e-12,1.95955821335039,0.296,0.066,4.555527295297e-08,"9","Itga6"
1.92493815496508e-12,0.564146680206206,0.792,0.506,4.81792770806211e-08,"9","Zfp608"
2.12980451845848e-12,1.5551973360758,0.344,0.103,5.33068772924974e-08,"9","Myo10"
2.78551040424848e-12,0.876678552980484,0.764,0.459,6.97185399079351e-08,"9","Fars2"
2.91656033704176e-12,1.0890988876382,0.588,0.267,7.29985886758181e-08,"9","Cspg5"
3.46571773987007e-12,1.9498072773041,0.26,0.059,8.67434493112079e-08,"9","Pdlim5"
3.71531868094865e-12,2.79549037740824,0.22,0.033,9.29907112654638e-08,"9","Ptpn13"
7.55549683635213e-12,0.789071344705156,0.62,0.34,1.89106530317057e-07,"9","Arhgap5"
8.33711184301325e-12,1.27152562955934,0.296,0.09,2.08669572318779e-07,"9","Appl2"
1.01705633592717e-11,1.10264330274373,0.356,0.142,2.54559030319212e-07,"9","Igsf8"
1.19251901616958e-11,1.89398003836404,0.236,0.051,2.98475584557084e-07,"9","Crlf3"
1.45012875805264e-11,0.791214212741416,0.46,0.227,3.62952726852995e-07,"9","Mgll"
1.46521299641682e-11,1.6477265353632,0.272,0.077,3.66728160873165e-07,"9","9430041J12Rik"
1.72318890445277e-11,1.84570386727267,0.208,0.039,4.31296950895485e-07,"9","Gm45025"
1.8680485634284e-11,2.60167759831357,0.2,0.025,4.67553874940493e-07,"9","Smo"
1.87644751129839e-11,1.12398347873614,0.572,0.296,4.69656047602874e-07,"9","Sumo1"
3.78394843730911e-11,1.57638298763759,0.404,0.158,9.47084454374098e-07,"9","Nim1k"
4.91841571095809e-11,2.16707639213251,0.236,0.041,1.2310302682957e-06,"9","Irak2"
5.74029042179755e-11,0.950339392470307,0.516,0.256,1.43673728967171e-06,"9","Adk"
8.02681159233866e-11,0.769960749484965,0.548,0.307,2.00903067344644e-06,"9","Carmil1"
9.57079824086718e-11,0.541261539338873,0.468,0.238,2.39547509170665e-06,"9","Pard3"
1.13489679223328e-10,0.932979199590123,0.648,0.363,2.84053318128067e-06,"9","Mir9-3hg"
1.18528602169636e-10,0.72433074054238,0.544,0.301,2.96665238370382e-06,"9","Tiam2"
1.45018296565271e-10,1.20872243416833,0.32,0.097,3.62966294473216e-06,"9","Sncaip"
1.70971473834273e-10,1.7354940748092,0.328,0.097,4.27924501859801e-06,"9","Tspan9"
1.77402415763977e-10,1.13599432774632,0.392,0.179,4.44020506415658e-06,"9","Gm31763"
2.77193269120471e-10,0.930683642772993,0.556,0.311,6.93787033281627e-06,"9","Ttyh1"
3.45735742911225e-10,0.914427319709752,0.412,0.174,8.65341990932506e-06,"9","Fgfr1"
4.16036968379374e-10,0.727683219907684,0.632,0.343,1.04129892815674e-05,"9","Gm11146"
4.27268517798271e-10,1.75812451298147,0.204,0.051,1.06941037319729e-05,"9","Gm9968"
7.40477047292488e-10,1.12644473790358,0.444,0.177,1.85334000166837e-05,"9","Plce1"
7.48792097691632e-10,2.51361778620929,0.208,0.033,1.87415174131238e-05,"9","Celrr"
9.1047896318662e-10,1.43057901116106,0.408,0.154,2.27883779695979e-05,"9","Arhgef4"
9.67942952193131e-10,0.603180143026476,0.916,0.68,2.42266441504419e-05,"9","Nckap5"
1.01456897032634e-09,1.69593187197243,0.208,0.046,2.5393646758298e-05,"9","Tmem44"
1.03129847708902e-09,0.703303601220152,0.864,0.595,2.58123695830611e-05,"9","Trim9"
1.06177095044305e-09,0.617389198064808,0.496,0.304,2.65750651186391e-05,"9","Fam184a"
1.06354542364322e-09,0.956019741867731,0.372,0.161,2.66194784083662e-05,"9","Prex1"
1.08222356838156e-09,1.0084230503796,0.24,0.098,2.7086973693022e-05,"9","Shroom2"
1.3395007237821e-09,0.47604850674051,0.904,0.619,3.35263636155421e-05,"9","Sema6d"
1.61174706214682e-09,0.652099885985264,0.528,0.292,4.03404172184728e-05,"9","Phkb"
1.79289822482922e-09,0.543294692624738,0.504,0.283,4.48744496692505e-05,"9","Bmpr1a"
1.87864601319337e-09,0.631173056171707,0.508,0.257,4.70206310642169e-05,"9","Tead1"
1.96435799364061e-09,1.36425946193628,0.352,0.132,4.91659162228308e-05,"9","Ugp2"
2.67277210199498e-09,1.27504132691687,0.224,0.06,6.68968129408325e-05,"9","Gm19522"
2.74562477436377e-09,0.795799502324397,0.54,0.32,6.87202424775509e-05,"9","Gm16168"
2.82343061379666e-09,1.50546103781646,0.216,0.055,7.06676448327167e-05,"9","Meis1"
2.90023602713136e-09,0.463975429130356,0.548,0.324,7.25900075230709e-05,"9","Rab30"
3.64868164146432e-09,0.546104097808353,0.552,0.305,9.13228528042104e-05,"9","Tle4"
4.00740437071538e-09,0.871780598433637,0.34,0.148,0.000100301323994635,"9","Arhgap42"
4.32592176697595e-09,1.69177534788989,0.2,0.054,0.000108273495905641,"9","Phactr4"
4.58341799574453e-09,1.09176337653367,0.444,0.197,0.00011471836901549,"9","Fam228b"
5.00898897075566e-09,1.46949661421853,0.288,0.087,0.000125369984949043,"9","St3gal4"
5.47201117828581e-09,0.596621970378912,0.512,0.296,0.000136958967781316,"9","Smim4"
5.70610774226298e-09,0.43662670574207,0.74,0.498,0.0001428181706811,"9","Map4k4"
5.98356022805336e-09,1.56127007207176,0.268,0.082,0.000149762528947948,"9","Dpf3"
6.8573549872915e-09,0.554064326260185,0.5,0.287,0.000171632737976919,"9","Tmcc3"
6.94036333683832e-09,0.623984779560573,0.536,0.311,0.000173710353957726,"9","Znrf3"
7.26971576510070e-09,0.540677043501291,0.852,0.648,0.000181953715884705,"9","Stox2"
7.38517014537753e-09,0.854491682535406,0.552,0.272,0.000184843423568654,"9","Mcc"
7.64048873231066e-09,0.601611957025946,0.464,0.259,0.000191233792481004,"9","Abat"
7.73352740094774e-09,0.478235272704376,0.524,0.331,0.000193562457318321,"9","Ahcyl1"
7.80462446357751e-09,0.870154295659707,0.588,0.327,0.000195341945698881,"9","Gm26827"
8.41566125748669e-09,2.04974912793021,0.264,0.073,0.000210635585613634,"9","Slc14a2"
9.97090746055536e-09,0.625130160392494,0.32,0.15,0.00024956184283024,"9","Tsc22d4"
1.00112711005758e-08,1.24689094516217,0.2,0.069,0.000250572104376312,"9","Adamts9"
1.04945620856298e-08,0.655560801275348,0.416,0.225,0.000262668394441228,"9","Tdrd3"
1.11100155677043e-08,0.771672237845823,0.396,0.202,0.000278072579644072,"9","Gm16337"
1.11896834497345e-08,0.585098167610728,0.82,0.524,0.000280066587063404,"9","Gsdme"
1.13023220693622e-08,0.613003710744877,0.628,0.404,0.000282885819074067,"9","Sycp2"
1.32073350927977e-08,0.554944008759203,0.78,0.539,0.000330566390037635,"9","Phlpp1"
1.44074448616265e-08,0.777057745340652,0.524,0.27,0.00036060393744165,"9","Gm47423"
1.78964578330609e-08,1.36137217831508,0.324,0.113,0.000447930443103681,"9","Cachd1"
1.9569728941264e-08,0.433618153968697,0.916,0.747,0.000489810745670898,"9","B3galt1"
2.01270364933589e-08,0.426164121619824,0.492,0.299,0.000503759596392281,"9","Atf7ip"
2.06344220163468e-08,1.98536502032356,0.296,0.074,0.000516458948647143,"9","Gm12239"
2.14999863235574e-08,1.0221402723241,0.46,0.235,0.000538123157692319,"9","Phyhipl"
2.50525964119979e-08,1.60880167654306,0.304,0.102,0.000627041435595896,"9","Msmo1"
2.53761447478115e-08,2.16152740148087,0.248,0.058,0.000635139526892974,"9","Kank1"
2.70484220416793e-08,0.462639937566,0.428,0.236,0.000676994955281191,"9","Gm15520"
2.9099869721099e-08,0.510848433943631,0.644,0.439,0.000728340639249388,"9","Hnrnpa2b1"
2.93373724363626e-08,1.16323265331765,0.328,0.14,0.00073428509470972,"9","Ppp2r5a"
3.05727895770094e-08,1.12666659274359,0.3,0.12,0.000765206350322969,"9","Cd81"
3.39879104364567e-08,0.757680876284334,0.404,0.197,0.000850683410314074,"9","Zhx2"
3.44517099266235e-08,0.770585267823371,0.404,0.196,0.000862291847753461,"9","Lix1"
4.76380852652606e-08,0.700246324334224,0.232,0.092,0.00119233363610421,"9","Sema5b"
6.09976018299951e-08,0.53663474933306,0.644,0.407,0.00152670897620295,"9","Gm16599"
6.34594425571179e-08,0.642287277113389,0.504,0.285,0.0015883263877621,"9","Caskin1"
6.52409153479347e-08,1.37728702990793,0.228,0.06,0.00163291487024346,"9","Rapgef3"
7.09056901381995e-08,1.28434981237109,0.204,0.069,0.001774698518469,"9","Msi1"
7.12858295709578e-08,0.609499237955549,0.448,0.227,0.0017842130283315,"9","Kcnk2"
7.1416626587982e-08,1.1285799718433,0.38,0.174,0.0017874867468706,"9","Cyp7b1"
8.53643253445002e-08,0.50265588026676,0.484,0.282,0.0021365836990475,"9","Utrn"
9.7032385347966e-08,0.950027490237418,0.408,0.196,0.00242862357287424,"9","Igsf11"
9.71202301539281e-08,0.498321907860355,0.468,0.253,0.00243082224052267,"9","Sertad2"
1.01687422673716e-07,0.437092984970518,0.316,0.178,0.00254513450210044,"9","Ccdc138"
1.03835509132172e-07,1.19992489292209,0.204,0.068,0.00259889895806913,"9","Adgrv1"
1.07061624503546e-07,0.807420193938458,0.396,0.196,0.00267964539969926,"9","Cbx5"
1.14811914894778e-07,0.627905283602175,0.388,0.173,0.0028736274179014,"9","Gng12"
1.16590187624603e-07,0.521173137827405,0.58,0.358,0.00291813580605619,"9","Ghr"
1.20302374747326e-07,1.57137705271072,0.264,0.079,0.00301104813755082,"9","Gpam"
1.22929791815617e-07,0.446160814664437,0.816,0.591,0.00307680975935309,"9","Phf21a"
1.36586287202e-07,2.06165555754389,0.212,0.053,0.00341861818237885,"9","Tjp2"
1.38381003406139e-07,1.39762406058612,0.24,0.058,0.00346353813425224,"9","Hif3a"
1.39370505589024e-07,1.07975114370875,0.228,0.076,0.00348830438438768,"9","Arhgef40"
1.44147523751999e-07,0.851012001350006,0.328,0.15,0.00360786837198878,"9","Lifr"
1.62952835871444e-07,0.501920780171394,0.484,0.287,0.00407854652902637,"9","A330093E20Rik"
1.63470953888619e-07,0.778897608272839,0.536,0.334,0.00409151450487825,"9","Ddhd1"
1.65652077451938e-07,1.16960795591914,0.204,0.091,0.00414610584654457,"9","Zfp516"
1.66622466171369e-07,0.833508910707727,0.468,0.246,0.00417039370580319,"9","Cep85l"
1.70907783250571e-07,0.692916200651309,0.316,0.171,0.00427765090697854,"9","Mpp5"
1.80953851881375e-07,1.88000260968081,0.22,0.052,0.00452909395873894,"9","Sh3pxd2b"
2.3135200707722e-07,0.813403998619355,0.248,0.112,0.00579050938513574,"9","Tprkb"
2.36321866152008e-07,0.740302288459686,0.552,0.312,0.00591489998791862,"9","Rasa2"
2.86302205456966e-07,0.812804286349378,0.268,0.141,0.0071658579003824,"9","Tom1l1"
3.05178598962719e-07,0.706862444712996,0.204,0.097,0.00763831515343789,"9","Fads1"
3.07425864296784e-07,0.646210228744831,0.352,0.176,0.00769456195748422,"9","Wasf3"
3.12488152271352e-07,0.650576143844327,0.42,0.249,0.00782126596319966,"9","D130040H23Rik"
3.29082511038568e-07,0.721514918098349,0.404,0.199,0.00823660616878432,"9","Nxpe2"
3.47965933743899e-07,0.515787630453644,0.508,0.291,0.00870923935567605,"9","Map2k6"
3.54983816616307e-07,0.728202303107276,0.416,0.194,0.00888488994608955,"9","Pag1"
3.60723175604865e-07,0.704870739486136,0.448,0.26,0.00902854036221417,"9","Ppargc1a"
3.84599279069075e-07,0.5699497269904,0.368,0.197,0.00962613535581987,"9","Fbxw2"
7.6347696884775e-48,2.31408495840603,0.9,0.476,1.91090650532903e-43,"10","Zbtb20"
2.71811847107456e-40,1.33952229860503,0.986,0.825,6.80317872125253e-36,"10","Dab1"
1.69271862588393e-38,0.879162808926512,1,0.998,4.23670544872488e-34,"10","Lsamp"
5.23330379311893e-32,1.23597780677895,0.967,0.836,1.30984360637974e-27,"10","Tmeff2"
8.35805815534565e-32,4.41002444121672,0.469,0.047,2.09193837570146e-27,"10","Pde11a"
3.54604406211865e-28,1.38971329860382,0.967,0.688,8.87539368307677e-24,"10","Unc5d"
4.3811284906549e-27,1.64002463676314,0.839,0.486,1.09655264992602e-22,"10","Nr3c2"
1.60590820168411e-26,1.71150253654823,0.806,0.438,4.01942763799515e-22,"10","Chrm3"
1.9707859312716e-26,0.993924599511347,0.967,0.751,4.9326801073797e-22,"10","Car10"
6.98739886467746e-26,1.35989913157949,0.91,0.733,1.74887606184012e-21,"10","Pex5l"
9.89826131118957e-26,0.673191495727827,0.976,0.965,2.47743582357764e-21,"10","Grin2b"
1.79419985390737e-25,3.29987369887425,0.555,0.144,4.49070281434476e-21,"10","Gm13481"
4.66584264383906e-24,1.49483170472452,0.777,0.427,1.16781375532648e-19,"10","Zfp385b"
1.03965100410729e-23,2.47023056232815,0.441,0.1,2.60214249818013e-19,"10","Reln"
3.07372108355983e-23,0.95974934494834,0.962,0.768,7.69321650004189e-19,"10","Kirrel3"
3.53495117512738e-23,1.4097360821377,0.872,0.634,8.84762929622632e-19,"10","4930419G24Rik"
6.11290956872167e-23,1.05849632248444,0.967,0.866,1.53000013595535e-18,"10","March1"
4.69468202579303e-22,0.677866309030645,0.981,0.968,1.17503196423574e-17,"10","Auts2"
5.73003174532506e-22,1.42236351974963,0.858,0.531,1.43416964553741e-17,"10","Pcdh17"
8.85118079081383e-22,2.51635434463999,0.45,0.138,2.21536204013279e-17,"10","Esr1"
2.76995608137342e-21,1.15811066998266,0.853,0.629,6.93292307606954e-17,"10","Arhgap26"
3.42477473183813e-21,1.24877588097856,0.872,0.542,8.57186867631766e-17,"10","Nfib"
5.85329814874066e-21,1.7890742407597,0.559,0.237,1.4650219936483e-16,"10","9630013A20Rik"
1.06423767154008e-20,1.03634140970028,0.896,0.668,2.66368046809767e-16,"10","Ptprk"
6.13642345843996e-20,2.78360469199268,0.531,0.149,1.53588542741294e-15,"10","Tanc1"
1.47284043562072e-19,1.16820818370066,0.844,0.518,3.6863723263151e-15,"10","Slc24a2"
2.88925538728462e-18,0.861687858458213,0.934,0.785,7.23151730883468e-14,"10","Mctp1"
7.58975462208835e-18,1.0453201472478,0.905,0.711,1.89963968436249e-13,"10","Mgat4c"
1.49944736642148e-17,1.15174300258333,0.863,0.634,3.75296681341632e-13,"10","Gm28750"
5.75789848198717e-17,1.19579144963393,0.744,0.486,1.44114441105657e-12,"10","Acvr2a"
7.74520525378142e-17,1.65805432319807,0.578,0.267,1.93854742296895e-12,"10","Gm10848"
1.06169246702374e-16,1.08056327258051,0.882,0.685,2.65731007571372e-12,"10","Cacnb2"
1.41186939940386e-16,1.97104107461198,0.583,0.257,3.53376791976792e-12,"10","Chrna7"
9.27710423167519e-16,2.58516079043756,0.431,0.131,2.32196641814598e-11,"10","Car12"
2.23055216518754e-14,1.2086621247993,0.73,0.495,5.5828490142479e-10,"10","Bcl11b"
2.42257821207739e-14,1.62841834578539,0.55,0.254,6.06347100700849e-10,"10","Greb1l"
2.72310275991897e-14,1.482659921204,0.735,0.49,6.8156538978012e-10,"10","Gm37459"
3.1749256056407e-14,1.38037322892385,0.697,0.386,7.94652129835812e-10,"10","Gm15261"
8.67946815709288e-14,1.45675278694029,0.512,0.21,2.17238408503878e-09,"10","Grik4"
9.24358513942558e-14,0.425264948165133,0.991,0.982,2.31357692454683e-09,"10","Nkain2"
1.2036190636182e-13,2.95841138863507,0.242,0.039,3.01253815433e-09,"10","Vgll3"
1.27861432537769e-13,2.03544640328944,0.483,0.173,3.20024379498782e-09,"10","Nectin1"
1.35891506979103e-13,0.497332014117997,0.976,0.936,3.40122852817997e-09,"10","Kcnma1"
1.83623889731653e-13,1.40934341393948,0.555,0.304,4.59592233609355e-09,"10","Pcdh11x"
1.88562005542749e-13,0.940549497020549,0.777,0.536,4.71951843672946e-09,"10","Grin3a"
2.9566108688606e-13,0.588289868991511,0.967,0.942,7.40010134367119e-09,"10","Magi2"
3.17907783177172e-13,1.35792035512189,0.626,0.306,7.95691390514143e-09,"10","Nrp1"
3.61371321999911e-13,0.848702125198591,0.934,0.852,9.04476281833578e-09,"10","Grid1"
9.42249168405898e-13,1.9139397806975,0.374,0.132,2.35835544360312e-08,"10","Gm16267"
1.07635539088045e-12,0.76722072873409,0.886,0.822,2.69400990783469e-08,"10","Unc5c"
2.1430768153689e-12,0.64761563030488,0.953,0.891,5.36390696118683e-08,"10","Nkain3"
2.59633330301488e-12,1.52813957879381,0.507,0.288,6.49836262411595e-08,"10","Tmcc3"
7.20789071935473e-12,1.79071382511606,0.488,0.219,1.8040629681473e-07,"10","Frmpd3"
8.88060785380773e-12,1.74303099231019,0.445,0.18,2.22272733972954e-07,"10","Htr4"
1.17044417866774e-11,0.548617781054,0.948,0.91,2.92950473478748e-07,"10","Large1"
1.33753540682939e-11,1.44845724997174,0.479,0.22,3.34771736975327e-07,"10","Ust"
1.62420782630483e-11,0.942068264705453,0.801,0.625,4.06522976845836e-07,"10","Khdrbs3"
1.75757929274018e-11,2.03766575763781,0.346,0.114,4.39904521179939e-07,"10","B3glct"
1.92915351383343e-11,1.28286199741414,0.55,0.285,4.8284783297737e-07,"10","Plcxd3"
2.08957509549702e-11,1.55584666951199,0.559,0.317,5.22999750651948e-07,"10","Arhgap6"
3.93291547311906e-11,0.680221421894594,0.82,0.672,9.84369413766969e-07,"10","Galnt18"
4.77874516309779e-11,1.23217032183608,0.578,0.354,1.19607212687175e-06,"10","Lmo7"
1.03123918525752e-10,2.34815489026811,0.322,0.074,2.58108855678104e-06,"10","Piezo2"
1.05717162096008e-10,1.45498020714832,0.308,0.155,2.64599485010099e-06,"10","Zdbf2"
1.6381514195641e-10,0.407403281873955,0.986,0.971,4.10012918802697e-06,"10","Dlgap1"
2.43772841612849e-10,0.880447562651492,0.739,0.599,6.10139045272801e-06,"10","Lcorl"
3.09206078918625e-10,1.40054281451184,0.412,0.204,7.73911894925426e-06,"10","Hccs"
3.18417079285587e-10,1.0334719416958,0.754,0.591,7.96966107743896e-06,"10","Dapk1"
3.36197338591324e-10,0.964234026082601,0.754,0.605,8.41468318760225e-06,"10","Ahcyl2"
3.53388556679146e-10,0.548362905998361,0.882,0.772,8.84496218512235e-06,"10","Dscaml1"
1.16203277016717e-09,1.45585120850282,0.379,0.19,2.9084518204514e-05,"10","Gm10649"
1.93677641820426e-09,1.39047556760143,0.498,0.247,4.84755769712345e-05,"10","Col23a1"
1.95737159919144e-09,0.705761032572482,0.872,0.74,4.89910537561625e-05,"10","Slco3a1"
2.00387919081818e-09,0.672969847338934,0.886,0.782,5.01550922669883e-05,"10","Spock1"
2.67039989315925e-09,1.1042626284962,0.597,0.402,6.68374389258828e-05,"10","Lyst"
3.21657014208431e-09,0.659443493318,0.896,0.791,8.05075340862282e-05,"10","Csmd2"
3.77575247974186e-09,2.11335259633498,0.346,0.111,9.45033088154589e-05,"10","Mirt1"
4.79149204721248e-09,0.751848489729209,0.796,0.635,0.000119926254449681,"10","Rapgef5"
7.05013565696362e-09,2.28972299244463,0.251,0.07,0.000176457845358142,"10","Dnah11"
7.55778837345405e-09,0.565654138621952,0.867,0.751,0.000189163885199181,"10","Cpe"
8.2707689780371e-09,1.04514804452789,0.678,0.47,0.000207009076751291,"10","Brinp2"
8.46229108654886e-09,1.43966852836258,0.536,0.315,0.000211802683605232,"10","Chst11"
8.79518521775816e-09,1.48738094112416,0.455,0.257,0.000220134690815269,"10","Zmat4"
1.14880649286306e-08,1.25501776812237,0.678,0.439,0.000287534777098695,"10","Nwd2"
1.35980201493828e-08,0.869663249813851,0.735,0.53,0.000340344846318903,"10","Dgkg"
1.53122338638055e-08,1.01726844245904,0.479,0.239,0.000383249901377188,"10","Nek10"
1.56890728466542e-08,1.65797645619363,0.393,0.166,0.000392681804278908,"10","Nfix"
1.74508810568593e-08,0.421442186013035,1,0.975,0.000436778101972132,"10","Nrg1"
1.77250880984257e-08,1.16625519299069,0.536,0.311,0.000443641230015496,"10","Prmt8"
2.36178747244642e-08,1.11986961289638,0.626,0.432,0.000591131786478614,"10","Gm13269"
3.42185091052782e-08,0.586866965450972,0.919,0.805,0.000856455064396008,"10","Zfpm2"
3.57565669727033e-08,0.443907302609065,0.962,0.902,0.000894951114759792,"10","Nrg3os"
4.94888527586831e-08,1.75334442236709,0.256,0.092,0.00123865649569708,"10","Cpa6"
5.0462593826081e-08,1.14331692834369,0.659,0.437,0.00126302826087298,"10","Pip5k1b"
5.07777393489894e-08,1.34139901471294,0.374,0.176,0.00127091603816586,"10","Syt9"
5.66611765370041e-08,0.536009406618768,0.829,0.733,0.00141817258754468,"10","Hcn1"
7.34991692813151e-08,1.42147700862261,0.355,0.167,0.00183961070794204,"10","Gm13944"
8.08546379828163e-08,0.89414980538513,0.559,0.383,0.00202371073407191,"10","Cpne7"
8.60773610017141e-08,1.58370600606913,0.355,0.163,0.0021544302685119,"10","Dchs2"
8.96717416918575e-08,1.50576271420707,0.379,0.169,0.0022443940228055,"10","Clybl"
9.13929799546378e-08,1.16090957126825,0.374,0.199,0.00228747489528463,"10","Zhx2"
1.00235418039852e-07,0.460491604219143,0.943,0.888,0.00250879227811946,"10","Ccser1"
1.04416553163622e-07,0.925128185539657,0.555,0.385,0.00261344190913228,"10","Cdkl5"
1.25562964694868e-07,1.61114875125935,0.36,0.149,0.00314271544334785,"10","F730043M19Rik"
1.54826573267959e-07,1.3025366127365,0.493,0.275,0.00387515430232375,"10","Trps1"
1.6230253020123e-07,0.950644478091026,0.536,0.333,0.00406227002840657,"10","Nfia"
1.87275981957942e-07,0.967952908389088,0.607,0.392,0.00468733055242534,"10","Lin7a"
1.9731735128495e-07,0.757891333842297,0.706,0.538,0.00493865598531101,"10","Col25a1"
2.23904402002871e-07,0.71314729457189,0.436,0.272,0.00560410327772985,"10","Kcnc2"
2.48376213187884e-07,1.73247547273484,0.332,0.141,0.00621660823987955,"10","Ar"
3.04383900784552e-07,0.43270611014367,0.976,0.926,0.00761842465273655,"10","Slit3"
3.42657143150757e-07,1.9707686135567,0.232,0.078,0.00857636563592029,"10","Stard13"
3.60223744554528e-07,1.0041077409636,0.682,0.53,0.00901604010245527,"10","Reps2"
2.10006654795967e-67,5.90493053903861,0.782,0.021,5.25625656288826e-63,"11","Inpp5d"
6.83887897716252e-48,5.66279865562177,0.588,0.013,1.71170301919401e-43,"11","Ly86"
1.12911883459111e-47,6.45641221732102,0.582,0.01,2.8260715310981e-43,"11","Adap2"
1.642036073651e-46,5.42488348214427,0.594,0.019,4.10985208874109e-42,"11","Apbb1ip"
1.88768518564757e-46,4.78954018970376,0.629,0.033,4.72468725115731e-42,"11","Hexb"
7.01668070280549e-45,6.76893769784092,0.547,0.007,1.75620501310519e-40,"11","Arhgap45"
1.06016489715787e-42,5.91246225829854,0.535,0.008,2.65348672109643e-38,"11","Ikzf1"
4.18471009515023e-42,6.04283604050325,0.541,0.009,1.04739108971515e-37,"11","Slco2b1"
1.00530477806068e-41,5.88378136539431,0.535,0.01,2.51617732900807e-37,"11","Fyb"
1.82466620927246e-41,5.48097453302873,0.512,0.014,4.56695705518804e-37,"11","Adap2os"
4.12939246408778e-40,1.85704929984358,0.865,0.327,1.03354563983653e-35,"11","Pde3b"
4.01712273730534e-39,3.97612333528614,0.641,0.05,1.00544564992015e-34,"11","Mertk"
3.64131023351839e-38,6.42755742045353,0.476,0.007,9.11383538347318e-34,"11","Runx1"
4.18087874257382e-38,5.41473535440244,0.488,0.013,1.0464321404788e-33,"11","Csf1r"
7.88830160319653e-36,2.27430013490142,0.765,0.197,1.97436300826406e-31,"11","Zfhx3"
5.69025910573184e-35,6.36883276001103,0.453,0.008,1.42421495157362e-30,"11","Siglech"
2.37672587143553e-34,3.22061212566907,0.541,0.049,5.948707183616e-30,"11","Maf"
1.29580649943728e-33,6.01932034235777,0.435,0.006,3.24327408744158e-29,"11","Gm2245"
3.32809947117788e-33,5.36288569878032,0.453,0.011,8.32990016641111e-29,"11","Fli1"
1.67478026690278e-32,4.53229465425131,0.435,0.019,4.19180753003096e-28,"11","Dock8"
8.98903314403477e-32,6.74635349386066,0.406,0.005,2.24986510562046e-27,"11","Gm10790"
4.21200198064332e-31,3.60391287444017,0.524,0.057,1.05422197573522e-26,"11","Lrmda"
5.2020073646196e-30,5.33616327899457,0.376,0.007,1.30201042329064e-25,"11","Cfh"
9.14746017634557e-30,1.87577663539341,0.747,0.245,2.28951780753753e-25,"11","Dleu2"
1.00556820127139e-29,5.69624967387671,0.4,0.009,2.51683665096216e-25,"11","Hk2"
1.03519075403874e-27,3.8339260678106,0.406,0.03,2.59097893828357e-23,"11","Entpd1"
1.25017241393369e-27,5.69849075494408,0.359,0.008,3.12905653483464e-23,"11","Gm50035"
1.64146306251738e-27,2.45264938761243,0.529,0.089,4.10841789917474e-23,"11","Tgfbr1"
2.36473506779022e-27,5.09258447552712,0.365,0.009,5.91869540117214e-23,"11","Fgd2"
2.56615454261456e-26,2.24804130959459,0.553,0.113,6.42282820470998e-22,"11","Cx3cr1"
5.07852832382358e-26,4.92643767173662,0.341,0.011,1.2711048541698e-21,"11","Abca9"
6.236068379231e-26,3.92971680397786,0.424,0.036,1.56082555463773e-21,"11","Ccnd3"
2.361473873783e-25,5.2921504935655,0.347,0.013,5.91053295869148e-21,"11","Gm20528"
2.92605934005326e-25,1.29786503112401,0.918,0.439,7.3236339222193e-21,"11","Elmo1"
5.43891268197788e-25,3.13879910580644,0.406,0.043,1.36130545517224e-20,"11","Dock2"
5.76378709989927e-25,5.58124750765019,0.347,0.009,1.44261827323379e-20,"11","Unc93b1"
3.00518192689285e-24,3.86269846784112,0.347,0.02,7.52166984482012e-20,"11","Selplg"
7.8431443281975e-24,4.14091983861754,0.335,0.016,1.96306059390455e-19,"11","Tbxas1"
9.95966214802691e-24,3.86679651024691,0.418,0.025,2.49280383902965e-19,"11","Itgb5"
7.70518604349817e-23,5.7794743548914,0.3,0.006,1.92853101482716e-18,"11","Cyth4"
1.07391222357166e-22,4.97182750560964,0.318,0.01,2.68789490437752e-18,"11","Bank1"
1.16723287023531e-22,3.3426481959314,0.4,0.039,2.92146715091196e-18,"11","0610040J01Rik"
2.6281182247806e-22,1.8554963124315,0.671,0.178,6.57791710480337e-18,"11","Epb41l2"
3.89062597814201e-22,1.98144687213039,0.612,0.173,9.73784776069163e-18,"11","Zfp710"
4.58510077415002e-22,3.80675700432867,0.341,0.022,1.14760487276201e-17,"11","Gm31243"
4.80931060583294e-22,3.3856093473031,0.335,0.024,1.20372235153393e-17,"11","Blnk"
6.3668972754556e-22,2.03284327372484,0.559,0.126,1.59357071907378e-17,"11","Gm32036"
9.57581686658589e-22,1.21997354392969,0.947,0.631,2.39673120353778e-17,"11","Plxdc2"
9.77194604946651e-22,3.84881895104614,0.353,0.022,2.44582037672097e-17,"11","Myo1f"
1.23690249242892e-21,1.10762265529135,0.806,0.345,3.09584324830035e-17,"11","Maml3"
2.50995372798008e-21,1.25649266389848,0.712,0.272,6.28216318576133e-17,"11","Hpgds"
5.05062093279573e-21,4.54729717614467,0.288,0.015,1.26411991326944e-16,"11","Ifitm10"
7.45193810864346e-21,1.75276440231636,0.706,0.231,1.86514558921237e-16,"11","Rreb1"
1.05365326473845e-20,3.20864978136166,0.335,0.029,2.63718875631386e-16,"11","Insyn2b"
1.10477859530538e-20,4.26717997978719,0.312,0.013,2.76515034618983e-16,"11","Rasgrp3"
1.10477859530538e-20,3.78937727177879,0.312,0.022,2.76515034618983e-16,"11","Ccr5"
2.70035571735827e-20,5.76460578703615,0.259,0.003,6.75872032497602e-16,"11","Itgam"
4.58774240793621e-20,4.87070908092734,0.276,0.011,1.14826604728235e-15,"11","Csf3r"
6.99186048263672e-20,4.39933225201896,0.335,0.019,1.74999276019914e-15,"11","Agmo"
8.67150923045613e-20,3.986840301103,0.294,0.015,2.17039204529087e-15,"11","Nckap1l"
1.70866228526512e-19,5.84568032684526,0.259,0.004,4.27661083379008e-15,"11","Fcrls"
2.293710157435e-19,5.83881560027709,0.247,0.004,5.74092715304406e-15,"11","8030442B05Rik"
2.6130628988645e-19,1.3634128725365,0.7,0.314,6.54023512956795e-15,"11","Numb"
1.49488584913386e-18,1.34846672072434,0.712,0.283,3.74154979179714e-14,"11","Tmcc3"
3.44439305803173e-18,3.37982437990907,0.3,0.028,8.62097138494763e-14,"11","Cdh23"
3.47474052750605e-18,1.21065752801404,0.8,0.356,8.69692806629488e-14,"11","Qk"
7.61095943628865e-18,2.35853819095052,0.435,0.101,1.90494703730869e-13,"11","Lgmn"
1.156059916885e-17,6.04143035163553,0.235,0.004,2.89350236597146e-13,"11","Gm2629"
1.15629417885563e-17,1.97089366901693,0.429,0.096,2.89408870025775e-13,"11","Bmp2k"
1.25809949791071e-17,1.42109575693254,0.571,0.192,3.14889723332072e-13,"11","Pag1"
2.89301384532701e-17,1.00806784732667,0.618,0.266,7.24092435346898e-13,"11","Gm26542"
3.752703192219e-17,1.62443376194431,0.547,0.166,9.39264081980493e-13,"11","Wasf2"
4.10547966604156e-17,1.6214467901748,0.7,0.285,1.02756050561354e-12,"11","Mbnl1"
4.48315216119889e-17,5.45738112220067,0.218,0.004,1.12208815442647e-12,"11","Rbm47"
1.43627492586567e-16,4.77460969584407,0.241,0.011,3.59485251194919e-12,"11","Mir142hg"
3.1911486542418e-16,4.90963922589552,0.229,0.007,7.9871259667018e-12,"11","Anxa3"
3.87090095016501e-16,1.4847198732374,0.541,0.173,9.68847798816801e-12,"11","Serinc3"
5.68995328095251e-16,4.19319326223196,0.235,0.01,1.4241384066896e-11,"11","Gm34408"
6.12734570174546e-16,0.88941231047667,0.976,0.697,1.53361335568987e-11,"11","Srgap2"
8.1677945553764e-16,4.27729759222438,0.241,0.012,2.04431729926516e-11,"11","Il6ra"
1.01166039142816e-15,4.67585900271525,0.2,0.006,2.53208479370553e-11,"11","Gna15"
2.77288585191324e-15,3.08735799683744,0.271,0.031,6.94025599875365e-11,"11","Pld1"
3.2591288918885e-15,3.55450807575768,0.235,0.012,8.15727370350774e-11,"11","Ctss"
3.68576780862536e-15,3.89523317711353,0.235,0.012,9.22510824820842e-11,"11","Tgfbr2"
4.89092716409352e-15,3.82333607307556,0.265,0.018,1.22415015990097e-10,"11","Lair1"
5.45803206529284e-15,6.10473143474993,0.212,0.003,1.36609084562215e-10,"11","Cd86"
8.0091862051178e-15,1.09895270861391,0.759,0.334,2.00461921527893e-10,"11","Lyn"
8.50239134994188e-15,3.46641379390534,0.247,0.019,2.12806353097695e-10,"11","Gm5086"
9.39853552190854e-15,0.909541649361788,0.724,0.36,2.35235945577849e-10,"11","Plcl1"
1.75364278134812e-14,5.26118100865889,0.218,0.003,4.38919251743622e-10,"11","Rhoh"
2.18785539769903e-14,1.64710725242636,0.359,0.082,5.47598327490091e-10,"11","B430010I23Rik"
2.85998194843163e-14,1.19790153209337,0.641,0.253,7.15824881872952e-10,"11","Pip4k2a"
2.8739520698635e-14,2.1417318658675,0.353,0.082,7.19321463566135e-10,"11","Skap2"
3.70068320538323e-14,4.30864812795434,0.2,0.014,9.2624399947537e-10,"11","Fermt3"
4.62887047304365e-14,2.90133795828676,0.2,0.019,1.15855999069809e-09,"11","Lrrk1"
6.44684699119956e-14,0.89460352712144,0.871,0.578,1.61358133342734e-09,"11","Lysmd4"
7.64898609778982e-14,1.20742419042759,0.712,0.349,1.91446473041582e-09,"11","Gm46367"
1.86773425421456e-13,1.74732939264794,0.4,0.118,4.67475206487362e-09,"11","E230029C05Rik"
1.87788469843808e-13,0.690365538613862,0.588,0.253,4.70015761172067e-09,"11","Ankrd44"
2.08741933527872e-13,0.869335777168539,0.765,0.418,5.22460185426911e-09,"11","Nr6a1"
3.53889127854049e-13,2.34014416916927,0.318,0.079,8.85749098105898e-09,"11","Tnfrsf11a"
5.1222622906872e-13,2.75869212680345,0.218,0.02,1.2820510287361e-08,"11","Plcg2"
9.0846176483604e-13,2.34788221234408,0.229,0.032,2.27378895120812e-08,"11","Cdk6"
9.39470878750392e-13,1.37631481391523,0.376,0.121,2.35140166242436e-08,"11","Mylip"
9.79318893979418e-13,1.03164035741405,0.4,0.161,2.45113725974109e-08,"11","Daglb"
1.54418897172754e-12,1.21137104414913,0.594,0.241,3.86495057733686e-08,"11","Rrbp1"
1.62849372181065e-12,0.668554809362935,0.612,0.272,4.07595693631988e-08,"11","4930444A19Rik"
2.6830484711739e-12,1.04188883851047,0.482,0.201,6.71540201850116e-08,"11","Wdfy2"
3.14970257548301e-12,0.983365750697019,0.759,0.39,7.88339057617644e-08,"11","Ophn1"
3.73281408328102e-12,2.32151432100789,0.241,0.036,9.34286036904406e-08,"11","Fmnl3"
5.82694452716807e-12,0.737186702066329,0.506,0.175,1.4584259457049e-07,"11","Frmd4b"
6.03472163870545e-12,1.08455089954278,0.518,0.201,1.51043047895159e-07,"11","Gm16337"
8.20681670658099e-12,0.714596279362133,0.735,0.378,2.05408415349016e-07,"11","Dock10"
1.64901163258483e-11,2.11515395141971,0.294,0.071,4.12731121519657e-07,"11","Nek7"
2.74761283489516e-11,2.47143377149781,0.282,0.044,6.8770001644591e-07,"11","Wipf1"
4.56488691108416e-11,1.90611496469818,0.271,0.06,1.14254554497526e-06,"11","Pik3cd"
5.68825476745856e-11,0.922498130457658,0.429,0.185,1.4237132857472e-06,"11","Gtf2h2"
6.60276841876538e-11,0.809735968643746,0.7,0.418,1.65260690753279e-06,"11","4933406I18Rik"
6.9002900869388e-11,1.12848812683495,0.288,0.085,1.72707360585991e-06,"11","B4galt1"
7.41598052258086e-11,2.41940855313648,0.229,0.031,1.85614576499676e-06,"11","Vrk2"
8.2377806664741e-11,0.848619934309279,0.494,0.229,2.0618341230118e-06,"11","Mgll"
1.00638604774384e-10,2.52912545027502,0.224,0.03,2.51888363889805e-06,"11","Abca1"
1.28237928527307e-10,1.53300554102275,0.235,0.059,3.20966711310996e-06,"11","Ctsd"
1.78681775891273e-10,2.72000818979667,0.235,0.027,4.47222616878268e-06,"11","Cd180"
1.866806431561e-10,1.46993190797833,0.324,0.077,4.67242981755404e-06,"11","Itpr2"
1.92406712512926e-10,0.793505853398728,0.794,0.474,4.81574760748603e-06,"11","Mef2a"
1.96173876579283e-10,2.10546111172139,0.218,0.041,4.91003595690287e-06,"11","Cmtm7"
2.09777723597983e-10,1.83052015255069,0.3,0.085,5.25052664393392e-06,"11","Arhgap31"
2.44857774084227e-10,1.07217581759207,0.312,0.109,6.12854522755411e-06,"11","Stk10"
2.65574374296914e-10,1.36782415451748,0.259,0.075,6.64706101427747e-06,"11","Disc1"
3.84903307591801e-10,1.00250811250774,0.641,0.309,9.63374488571519e-06,"11","Sirpa"
3.90449229272006e-10,0.506429390597738,0.906,0.689,9.77255375944903e-06,"11","Chd9"
4.31824064661858e-10,2.33541013933383,0.259,0.043,1.08081245144216e-05,"11","Irak2"
4.49481476121651e-10,0.526393476439944,0.959,0.749,1.12500718658488e-05,"11","Mef2c"
4.97738222972574e-10,1.26854173605454,0.329,0.104,1.24578899827806e-05,"11","2610203C22Rik"
5.12198154237634e-10,0.679458359756657,0.712,0.436,1.28198076024137e-05,"11","Tacc1"
5.15618889343467e-10,2.40293563064832,0.2,0.036,1.29054251813776e-05,"11","Ehd4"
5.65568202480537e-10,0.684519761647722,0.347,0.163,1.41556065398854e-05,"11","Sirt7"
6.72835112564524e-10,0.826588047775126,0.618,0.306,1.68403900323775e-05,"11","Akap13"
6.93657232001455e-10,1.07449457602967,0.565,0.243,1.73615468597644e-05,"11","Ints6l"
7.05403289688671e-10,1.28082236909892,0.353,0.101,1.76555389376178e-05,"11","Ptprc"
7.17316962927206e-10,2.49733790536132,0.253,0.047,1.7953726265105e-05,"11","Plekho1"
8.06494638335575e-10,1.94120862070889,0.271,0.062,2.01857543029011e-05,"11","Mknk1"
9.88225616153019e-10,0.872296566601747,0.653,0.343,2.47342989466939e-05,"11","Arhgap5"
1.01147714374706e-09,0.813966118022935,0.859,0.6,2.53162614308451e-05,"11","Ldlrad4"
1.18135639442299e-09,0.80494645525798,0.494,0.245,2.95681691960129e-05,"11","Capza1"
1.26023033429467e-09,1.19784998229997,0.382,0.132,3.15423050370612e-05,"11","Heatr5a"
1.30211154896406e-09,1.086869314786,0.253,0.085,3.25905499590215e-05,"11","Gm43221"
1.88206464661748e-09,0.598084621662803,0.859,0.559,4.7106196040189e-05,"11","Fam49b"
2.38687302332446e-09,0.611558756514826,0.494,0.214,5.97410449007878e-05,"11","Ubash3b"
2.61037918202946e-09,1.27175223721825,0.259,0.072,6.53351805470153e-05,"11","Kcnrg"
2.97372120142528e-09,1.45944405223794,0.253,0.054,7.44292679504734e-05,"11","Phactr4"
4.98759718651224e-09,0.654491986778998,0.712,0.406,0.000124834569981215,"11","Gab2"
5.4802432676194e-09,1.00421368462813,0.6,0.275,0.000137165008745246,"11","Picalm"
5.97024631011453e-09,1.010359874626,0.418,0.134,0.000149429294895856,"11","Itga9"
6.05142164455850e-09,1.89595252703941,0.224,0.052,0.000151461032341655,"11","Arhgap22"
6.45055292921059e-09,0.671759003003582,0.641,0.349,0.000161450889265212,"11","Zfp652"
7.28970396936063e-09,0.654758808373015,0.7,0.397,0.000182454000649127,"11","Arsb"
9.15378025997899e-09,1.06936897757839,0.4,0.171,0.000229109966127014,"11","Tm6sf1"
9.18697907712101e-09,1.16044965833996,0.335,0.116,0.000229940899321262,"11","Rin2"
9.19389717135966e-09,1.19785624702295,0.253,0.084,0.000230114052301961,"11","Tpst2"
9.47414493379859e-09,0.636283785138697,0.812,0.494,0.000237128373548045,"11","Asap1"
1.16949873789971e-08,0.459214207865723,0.553,0.315,0.000292713839108918,"11","Myo1d"
1.30247202698499e-08,0.517779433072244,0.647,0.331,0.000325995723634074,"11","Nfia"
1.40727400518295e-08,0.733800225744772,0.606,0.327,0.00035222661075724,"11","Pkig"
2.01018494360387e-08,1.08204702245621,0.212,0.061,0.000503129189534612,"11","Ifngr2"
2.18480714992987e-08,1.53489848743706,0.224,0.051,0.000546835381555947,"11","Aff1"
2.20681270168966e-08,0.858425676201001,0.282,0.108,0.000552343151105906,"11","Sipa1l2"
2.21149378330005e-08,0.954733685119407,0.359,0.135,0.000553514779022169,"11","Cttnbp2nl"
2.32990892580942e-08,0.539122467376818,0.912,0.679,0.000583152905040841,"11","Ptprj"
2.50733418018128e-08,1.28112761574991,0.406,0.169,0.000627560671957573,"11","Otulinl"
2.9548346402979e-08,0.936437544914329,0.347,0.137,0.000739565562120162,"11","Marcks"
3.43597777880209e-08,0.772480565175449,0.271,0.103,0.000859990878256375,"11","Lrrc39"
3.7853348919175e-08,0.988191287660875,0.218,0.081,0.000947431470098031,"11","Gm13008"
3.97897400378491e-08,0.446510999492847,0.635,0.351,0.000995897403407325,"11","Zeb1"
4.02911519739211e-08,0.424855083108814,0.565,0.318,0.00100844724275527,"11","1600010M07Rik"
4.04629177586414e-08,1.11462778396059,0.382,0.171,0.00101274636858104,"11","Tubgcp5"
4.91238318178206e-08,0.941645449381483,0.418,0.168,0.00122952038656823,"11","Rap1b"
5.08679301502868e-08,0.951311394238303,0.347,0.13,0.00127317342373153,"11","Mtr"
5.10643496181049e-08,0.475466327843261,0.553,0.295,0.00127808960659155,"11","Preb"
5.15558714385224e-08,1.52454707485509,0.353,0.1,0.00129039190623478,"11","St3gal6"
5.50267906613319e-08,1.13669845503809,0.341,0.105,0.00137726554346248,"11","Mitf"
5.66299005685802e-08,1.02460200398589,0.406,0.15,0.00141738978133099,"11","Tsc22d4"
5.75283528371204e-08,0.922415478401809,0.512,0.233,0.00143987714316029,"11","Gm17231"
6.70950265270179e-08,0.652529334706847,0.265,0.117,0.00167932141894473,"11","Otud5"
6.9613281889297e-08,1.90626759502146,0.224,0.051,0.00174235083240721,"11","Acss1"
7.11437107875501e-08,1.4045461987434,0.294,0.087,0.00178065593730159,"11","Rffl"
7.18111540624396e-08,0.726028494962639,0.494,0.253,0.0017973613750288,"11","Sh3pxd2a"
7.24521628225024e-08,0.800335889396053,0.529,0.253,0.00181340518328441,"11","Elk3"
7.2617259060101e-08,2.27820263153385,0.206,0.038,0.00181753737701527,"11","Nrros"
9.0233912224821e-08,0.769233088445637,0.329,0.145,0.00225846458907504,"11","Dpy19l4"
9.24831134862676e-08,1.1460642964895,0.382,0.149,0.00231475984744779,"11","Lpcat2"
9.64253117914338e-08,1.22886785961734,0.4,0.143,0.0024134291288278,"11","Cst3"
1.02842352220078e-07,0.439436591500368,0.288,0.145,0.00257404123371633,"11","Usp49"
1.04826227192998e-07,0.668714515490256,0.371,0.181,0.00262369564041355,"11","Wls"
1.06485544482352e-07,0.704110554012174,0.459,0.217,0.0026652266928488,"11","Gm41764"
1.27288221465169e-07,0.720354471594457,0.488,0.236,0.00318589689505171,"11","Nrip1"
1.41465533514339e-07,1.36719547812204,0.218,0.058,0.00354074083833039,"11","Gm27017"
1.42887786735832e-07,1.04489254617604,0.418,0.163,0.00357633841421115,"11","Prex1"
1.46813279371945e-07,0.900868438078133,0.218,0.069,0.00367458956940042,"11","Chd7"
1.48504041106317e-07,1.03596790960546,0.353,0.141,0.00371690764485,"11","P3h2"
1.61133984205135e-07,0.835504058172109,0.324,0.119,0.00403302249067032,"11","Ptbp3"
1.74941516928759e-07,1.0697365898868,0.588,0.272,0.0043786112272099,"11","Abhd12"
1.75209210972794e-07,0.900062193360851,0.488,0.213,0.00438531134143806,"11","Osbpl11"
1.82815376471771e-07,0.594005799123867,0.582,0.355,0.00457568605771195,"11","Man1c1"
1.8552140154367e-07,1.12486098717189,0.271,0.079,0.00464341515923651,"11","Arpc1b"
1.91252846145391e-07,0.613608415936447,0.694,0.432,0.004786867486173,"11","Bin1"
2.03829746286995e-07,0.841459467492145,0.529,0.262,0.00510165471981719,"11","Gfm2"
2.06638275334818e-07,0.446146603435494,0.482,0.252,0.00517194939335517,"11","Ubac2"
2.10707349807624e-07,0.976679100936006,0.371,0.165,0.00527379425833503,"11","Rnpep"
2.34363466314462e-07,1.39845488181069,0.265,0.07,0.00586588319838467,"11","Itga6"
2.52944037766981e-07,0.455521121143684,0.735,0.5,0.00633093632126976,"11","Diaph2"
2.53750384340141e-07,1.40999313221151,0.312,0.094,0.00635111836964939,"11","Kcnk13"
2.55147595130328e-07,1.8992905561462,0.229,0.054,0.00638608915851699,"11","Crlf3"
2.55287444088121e-07,0.65184599938513,0.535,0.276,0.00638958943808158,"11","Phactr2"
2.66719995802898e-07,0.443661979461201,0.682,0.4,0.00667573477495075,"11","Btaf1"
3.2161340165301e-07,0.775631668721201,0.324,0.144,0.00804966182997319,"11","Sft2d1"
3.3234253294173e-07,1.14215986761761,0.3,0.102,0.00831820125699856,"11","Cradd"
3.4172571819064e-07,0.603361816984512,0.518,0.297,0.00855305300059353,"11","Camk1"
3.78240966692449e-07,0.606816024933176,0.788,0.476,0.00946699315534531,"11","Cyfip1"
3.87980461012121e-07,0.623672052189713,0.4,0.202,0.00971076295867238,"11","Snx6"
3.19466142461074e-62,3.77187040125008,0.89,0.135,7.99591807965823e-58,"12","Sox6"
9.79968736029807e-42,2.1841379889504,0.872,0.309,2.45276374940901e-37,"12","Sox2ot"
1.86285562239996e-40,2.36347700395167,0.799,0.196,4.66254133730487e-36,"12","Gm38505"
5.41067311009257e-40,1.98358338355699,0.951,0.622,1.35423737272507e-35,"12","Lhfpl3"
1.11057840247246e-39,2.56373846464794,0.829,0.208,2.77966668354832e-35,"12","Nxph1"
4.79630641365531e-36,3.37338261100627,0.555,0.07,1.20046753227379e-31,"12","Itpr2"
1.60566781772744e-32,2.16430820394729,0.835,0.308,4.01882598099001e-28,"12","Maml2"
4.03753837250674e-30,1.16265643376813,0.933,0.509,1.01055547925471e-25,"12","Erbb4"
5.35802835380637e-30,4.01468061209181,0.463,0.04,1.3410609166742e-25,"12","Abtb2"
1.5939248049272e-29,3.30243155582495,0.512,0.078,3.9894343942523e-25,"12","Arhgap31"
7.08188151999654e-29,5.29326762785944,0.396,0.015,1.77252412563993e-24,"12","Sox10"
3.03436522727204e-26,4.7402836132509,0.445,0.025,7.59471272733918e-22,"12","Pdgfra"
1.38975255228953e-25,4.99145998758766,0.372,0.016,3.47841166312546e-21,"12","Cspg4"
1.97670329380415e-24,3.89475696206615,0.384,0.029,4.9474906740624e-20,"12","Stk32a"
4.20915976781202e-24,3.90293947213024,0.402,0.036,1.05351059828567e-19,"12","Gm45025"
5.3430553037275e-24,1.83194619991191,0.762,0.358,1.33731331196996e-19,"12","Qk"
5.37845630317805e-24,5.30275900450086,0.323,0.013,1.34617382812243e-19,"12","Prkcq"
6.74860885645396e-24,1.41798608104976,0.793,0.299,1.68910931068186e-19,"12","Pcdh11x"
6.30268285081891e-23,1.3629522803762,0.866,0.535,1.57749849073146e-18,"12","Ptprz1"
9.9824249722618e-23,4.82769310901494,0.354,0.028,2.4985011463074e-18,"12","Bcas1"
2.64635539192687e-22,1.78556300615685,0.78,0.347,6.62356291045375e-18,"12","Zeb1"
3.44317499172196e-22,2.09106597849973,0.659,0.228,8.61792268678089e-18,"12","Gm4876"
4.1502519474794e-22,5.42736195316685,0.311,0.019,1.03876655993462e-17,"12","Bcas1os2"
5.43378307634343e-22,3.5201911014968,0.433,0.056,1.360021566178e-17,"12","Kank1"
1.59356856308789e-21,0.939373566139248,0.878,0.534,3.98854275655267e-17,"12","Ptprt"
2.07316610975438e-21,3.04537226429543,0.445,0.062,5.18892745610423e-17,"12","Chd7"
3.63411449783041e-21,4.88231850373396,0.28,0.013,9.09582517661972e-17,"12","Afap1l2"
6.34294709551477e-20,1.1325109948728,0.957,0.622,1.58757622853639e-15,"12","Sema6d"
6.55803720017454e-19,1.62384648924551,0.701,0.366,1.64141113083169e-14,"12","Mir9-3hg"
2.63411627329077e-18,1.43474895075407,0.817,0.435,6.59292962041948e-14,"12","Gpc5"
7.04395558451385e-18,1.11599118865764,0.774,0.445,1.76303164324797e-13,"12","Sh3d19"
1.25301935193674e-17,0.849728617421045,0.951,0.741,3.13618213596247e-13,"12","Pcdh15"
2.41217403934644e-17,1.85733922961738,0.427,0.13,6.03743040308021e-13,"12","Vxn"
8.92586984385169e-17,2.39761272877203,0.421,0.095,2.23405596321764e-12,"12","Gm42948"
1.41610279303315e-16,1.48097002904064,0.768,0.469,3.54436368068267e-12,"12","Epn2"
1.43476194344007e-16,2.23382901718688,0.396,0.081,3.59106566823615e-12,"12","Vcan"
2.71870278583683e-16,4.42229425423308,0.238,0.011,6.804641202671e-12,"12","Gpr17"
2.93001717312175e-16,1.1919624889473,0.902,0.584,7.33353998260643e-12,"12","Xylt1"
3.98370114524295e-16,2.86218390507177,0.323,0.044,9.97080559642857e-12,"12","Plpp4"
1.46825919259372e-15,1.93533300268168,0.445,0.154,3.67490593314282e-11,"12","Myt1"
3.5164530276595e-15,1.80343112430779,0.293,0.072,8.80133028292896e-11,"12","Sema3d"
4.36996641541134e-15,5.61261618074494,0.213,0.004,1.09375889411331e-10,"12","C430049B03Rik"
9.87847600830901e-15,3.66338705883526,0.348,0.042,2.47248376011966e-10,"12","Wipf1"
2.48578410137718e-14,4.0516279344467,0.22,0.021,6.22166902733693e-10,"12","Rgcc"
2.4872057577051e-14,2.30139810962248,0.415,0.104,6.2252272909601e-10,"12","Tes"
3.62159257043256e-14,4.03223016080397,0.274,0.031,9.06448404453565e-10,"12","Svil"
4.07719328049804e-14,1.40593364047737,0.628,0.245,1.02048070617586e-09,"12","Gm20713"
5.78961760707646e-14,3.33664225115933,0.256,0.032,1.44908339087517e-09,"12","Tcf7l2"
7.03680656796708e-14,1.6735624052576,0.482,0.176,1.76124231589648e-09,"12","Pde7b"
7.0678517597172e-14,0.949160860375371,0.939,0.743,1.76901261693962e-09,"12","Dscam"
1.42704892655062e-13,3.33238917014436,0.238,0.028,3.57176075826355e-09,"12","Cobll1"
4.18019587432403e-13,1.10968167775733,0.64,0.306,1.04626122538456e-08,"12","Sema5a"
5.45068784038669e-13,1.92019087412165,0.348,0.108,1.36425265957038e-08,"12","Enpp2"
7.05406857895983e-13,1.99820776250926,0.384,0.1,1.76556282462786e-08,"12","Cdh20"
8.44130846229379e-13,2.05685758038347,0.311,0.077,2.11277509502751e-08,"12","Stard13"
3.14868943005910e-12,2.19650266888122,0.305,0.073,7.88085477449493e-08,"12","Armh4"
3.21527572691204e-12,1.06148610680687,0.787,0.524,8.04751361688816e-08,"12","Pid1"
3.29118991051182e-12,1.28898369612356,0.561,0.273,8.23751922702003e-08,"12","Cspg5"
7.37831875752392e-12,1.11556802463109,0.671,0.331,1.84671940182066e-07,"12","Nfia"
1.21551851340378e-11,0.94710050071558,0.933,0.795,3.04232128719832e-07,"12","Tnr"
1.7779799480556e-11,0.945494743842742,0.604,0.319,4.45010601198836e-07,"12","Tmem132d"
2.9620310667956e-11,0.411248844247306,0.994,0.881,7.4136675570827e-07,"12","Ntm"
3.81495785188184e-11,1.55168810296776,0.335,0.091,9.54845800747506e-07,"12","Sema5b"
6.26645083607423e-11,3.5162815541192,0.207,0.021,1.56842997976102e-06,"12","Cd9"
1.17794754280286e-10,1.49806867704734,0.427,0.186,2.94828490488127e-06,"12","Arhgef3"
1.6342055208165e-10,1.82165687871121,0.305,0.078,4.09025299805162e-06,"12","Gfra1"
2.41215061043181e-10,2.29281792605901,0.268,0.054,6.03737176284978e-06,"12","Gab1"
2.77325430805626e-10,1.18958030729045,0.61,0.345,6.941178207634e-06,"12","Zfp462"
3.73507805430863e-10,0.561103591168748,0.933,0.75,9.34852686212908e-06,"12","Npas3"
3.76954641487325e-10,0.40807963771749,1,0.954,9.43479772178626e-06,"12","Kcnd2"
8.03020825984473e-10,1.10699850047492,0.488,0.247,2.00988082535654e-05,"12","Kif13a"
9.236476261329e-10,1.28287373549079,0.591,0.315,2.31179764344804e-05,"12","Chst11"
9.43983415161191e-10,1.54248692252237,0.53,0.282,2.36269608980695e-05,"12","Pacrg"
1.04815316770559e-09,2.42869622772428,0.213,0.041,2.62342256345033e-05,"12","Bcan"
1.24713140455658e-09,0.879658600686354,0.805,0.547,3.12144519246467e-05,"12","Plppr1"
1.87790855676665e-09,1.64043564470456,0.384,0.13,4.70021732673124e-05,"12","Serpine2"
1.91730522409196e-09,0.875564768256157,0.518,0.29,4.79882324537978e-05,"12","Cald1"
2.06732290202341e-09,0.556838053891343,0.866,0.611,5.1743024914744e-05,"12","Sox5"
2.13228006834217e-09,1.64985796296919,0.36,0.119,5.33688378305362e-05,"12","Lima1"
2.38808975254048e-09,1.41935179169051,0.445,0.192,5.97714984163357e-05,"12","Dock1"
3.20656229396623e-09,1.89029320930349,0.36,0.136,8.02570476556808e-05,"12","Tns3"
4.2298809051351e-09,0.562774924837081,0.561,0.297,0.000105869689174626,"12","Sdk1"
4.28504452584225e-09,1.9089259628955,0.25,0.076,0.000107250379437306,"12","Smoc1"
7.48297297284905e-09,0.539487202321038,0.921,0.685,0.000187291330537439,"12","Luzp2"
7.5971065860306e-09,0.468565978408227,0.78,0.52,0.00019014798074176,"12","Thsd7a"
1.0099537562924e-08,0.886210011844293,0.713,0.458,0.000252781325662426,"12","Gm3764"
1.06697135820429e-08,0.508847195983309,0.915,0.711,0.000267052261244953,"12","Pde4b"
1.12257766645691e-08,0.504280017133236,0.939,0.771,0.000280969964137501,"12","Dscaml1"
1.3117577676672e-08,2.01314068251468,0.299,0.098,0.000328319851669423,"12","Insyn2a"
1.47359164168629e-08,1.59039804384172,0.323,0.104,0.000368825251997661,"12","Sulf2"
1.4992423102271e-08,0.744818050346997,0.677,0.429,0.000375245357826742,"12","Gm4258"
1.86284919863378e-08,1.11922368583126,0.543,0.299,0.000466252525926048,"12","Megf11"
1.87478445113566e-08,1.76045703775387,0.232,0.074,0.000469239800274745,"12","Asrgl1"
4.62922129894847e-08,1.80911844558031,0.244,0.077,0.00115864779891381,"12","Cpq"
4.82905268118105e-08,0.90694715027563,0.628,0.432,0.00120866359557281,"12","Arhgap35"
5.42128430534001e-08,2.62087450635802,0.238,0.044,0.00135689324878355,"12","Car8"
6.53742333440952e-08,0.870049398120472,0.585,0.404,0.00163625168636936,"12","Usp24"
7.34160278601503e-08,0.45295950408752,0.652,0.401,0.0018375297613117,"12","Grik1"
7.76969485461722e-08,1.09444547614071,0.384,0.186,0.00194467692516214,"12","Epb41"
7.85742566435842e-08,0.75314429878109,0.762,0.514,0.00196663506953227,"12","Gm32509"
8.87582116399723e-08,0.710733211295608,0.61,0.404,0.00222152927913687,"12","Gm26936"
9.22010115772827e-08,0.909479479247266,0.409,0.21,0.00230769911876781,"12","Eps8"
9.45771747150807e-08,0.493537044276477,0.902,0.689,0.00236717210594375,"12","Ncald"
9.93146008279025e-08,0.818668137040189,0.445,0.243,0.00248574514412157,"12","Pard3"
1.29394867428241e-07,0.631899006956169,0.573,0.383,0.00323862413686145,"12","Dock10"
1.34685035585089e-07,1.78600369757885,0.274,0.084,0.0033710317556592,"12","Kcnh8"
1.64140703121163e-07,1.52612216370727,0.317,0.129,0.0041082776584196,"12","Emid1"
1.77784127167656e-07,0.620476266558207,0.378,0.192,0.00444975891887926,"12","Alk"
1.99177614360858e-07,1.14621785889709,0.506,0.279,0.00498521650983791,"12","Cacng4"
2.50243871317417e-07,2.2819224987567,0.22,0.051,0.00626335385520363,"12","Pstpip2"
3.15994404423989e-07,1.02884002798125,0.482,0.21,0.00790902394832802,"12","E130114P18Rik"
4.74561712472812e-35,1.9737771414212,0.946,0.84,1.1877805101482e-30,"13","Mir100hg"
2.55985404502183e-32,3.23719535868138,0.877,0.483,6.40705868928515e-28,"13","Zbtb20"
2.18953205812916e-31,3.52307464414315,0.792,0.4,5.48017978829147e-27,"13","Epha3"
2.47625199679324e-27,2.30870535969041,0.854,0.764,6.1978111227738e-23,"13","5730522E02Rik"
4.2054912976645e-25,6.18925599017026,0.385,0.024,1.05259241689245e-20,"13","2610307P16Rik"
4.97334795733863e-21,3.62860272241669,0.562,0.184,1.24477926024229e-16,"13","Bcl11a"
1.89550539532326e-20,5.09542998819347,0.377,0.047,4.7442604539546e-16,"13","Pantr1"
6.83988505836167e-20,4.03143227631289,0.346,0.056,1.71195483125734e-15,"13","Antxr2"
8.70632821624309e-20,4.32693151375794,0.523,0.177,2.17910688924348e-15,"13","Frmd4b"
6.76283369422796e-19,1.54948620773272,0.9,0.884,1.69266964532832e-14,"13","Ntm"
1.11693275984194e-17,3.22145596316642,0.708,0.541,2.79557100460839e-13,"13","Ptprt"
2.295033931633e-17,1.29082234455509,0.862,0.851,5.74424042748423e-13,"13","Pbx1"
6.41978258112797e-15,0.845396200175005,0.977,0.968,1.60680738223052e-10,"13","Auts2"
8.86545979343768e-15,3.73270814161786,0.385,0.092,2.21893593169952e-10,"13","Sema5b"
2.33132382588313e-14,1.90933722438511,0.9,0.869,5.8350704038029e-10,"13","Mir99ahg"
1.76038611831166e-13,4.0816823305314,0.354,0.092,4.40607041552225e-09,"13","Deptor"
2.38711112771562e-13,1.27854997229905,0.823,0.836,5.97470044155943e-09,"13","Robo2"
3.99846950573719e-13,0.893834149637364,0.877,0.869,1.00077693259096e-08,"13","Tcf4"
5.37417346009512e-13,0.874483330783943,0.946,0.966,1.34510187532721e-08,"13","Ctnna2"
5.96088182952116e-13,6.05239658504567,0.223,0.015,1.49194911311085e-08,"13","Igfbpl1"
1.29045782355637e-12,3.63132190968356,0.377,0.101,3.22988688657923e-08,"13","Sncaip"
1.72525387996675e-12,1.70776600247016,0.754,0.677,4.31813793616878e-08,"13","Klhl29"
3.81041052345511e-12,1.8838516502687,0.708,0.6,9.53707649915579e-08,"13","Mllt3"
7.60643807218471e-12,2.16887619375459,0.562,0.333,1.90381538508711e-07,"13","Runx1t1"
1.52754219301787e-11,1.17398638353116,0.808,0.85,3.82328535490442e-07,"13","Tenm4"
1.07135627571843e-10,1.27596936367973,0.862,0.884,2.68149762249566e-06,"13","Cntn5"
6.74052061289108e-10,2.02562582854237,0.646,0.519,1.68708490420051e-05,"13","Ttc28"
2.39562875321326e-09,3.98651296372215,0.285,0.078,5.99601920641747e-05,"13","Zfhx4"
4.81778046233161e-09,1.63762761057376,0.754,0.79,0.000120584227191698,"13","Tafa2"
8.2484786575952e-09,3.26028986240791,0.315,0.107,0.00020645117232095,"13","Gm12064"
1.03515142884772e-08,5.26295127617279,0.2,0.024,0.000259088051126295,"13","Gm28175"
3.74023231011638e-08,4.57648105873876,0.208,0.036,0.000936142744899028,"13","Casz1"
9.04398333781039e-08,1.52248767788776,0.638,0.593,0.00226361858962056,"13","A830082K12Rik"
9.55804913960036e-08,2.17511331177522,0.469,0.323,0.00239228411915057,"13","Msi2"
1.53398831682859e-07,0.666791418552747,0.854,0.913,0.00383941935819028,"13","Myt1l"
1.75410021350091e-07,1.21543041060754,0.808,0.696,0.00439033742437143,"13","Unc5d"
1.9780567538027e-07,1.07798730636551,0.731,0.777,0.00495087824909279,"13","Dscaml1"
2.18019939447744e-07,1.49797864497587,0.662,0.61,0.00545682106443758,"13","Klf12"
2.98028082954821e-07,3.27640804407426,0.323,0.136,0.00745934488827622,"13","Tfap2d"
3.16526078670809e-07,2.03585871419055,0.562,0.42,0.00792233122305167,"13","Nr2f1"
5.12921969114959e-47,5.27423007796907,0.753,0.048,1.28379239649783e-42,"14","Satb2"
3.6620140306916e-33,2.13983525539193,0.987,0.933,9.165654917418e-29,"14","Dpp10"
8.23601817515108e-33,3.29788900717503,0.896,0.297,2.06139298905856e-28,"14","Sdk1"
1.73436250533394e-27,2.83856059200906,0.909,0.479,4.34093591460031e-23,"14","Thsd7b"
2.8780146788222e-27,3.58314443388492,0.623,0.084,7.20338293962409e-23,"14","Mpped1"
3.46834058382538e-27,2.59697123672419,0.961,0.571,8.68090964725656e-23,"14","Etl4"
4.30339584799715e-25,0.897732888202234,1,0.988,1.07709694679521e-20,"14","Dlg2"
4.73034399122868e-24,4.19657635689534,0.39,0.026,1.18395779756463e-19,"14","Lypd6b"
3.93724722604453e-23,2.47127943844838,0.753,0.185,9.85453608206684e-19,"14","Bcl11a"
4.06332958406255e-23,5.76617706682718,0.325,0.009,1.01701076159502e-18,"14","9130024F11Rik"
6.90583487089547e-21,2.64295986603647,0.558,0.106,1.72846140983643e-16,"14","Gm12064"
7.25531298306685e-21,2.58599328336206,0.753,0.25,1.8159322865318e-16,"14","Col23a1"
9.67124717851496e-21,1.52882935258258,0.935,0.628,2.42061645631051e-16,"14","Khdrbs3"
3.75988026942747e-19,2.48682948427917,0.688,0.288,9.41060432635003e-15,"14","Grik3"
1.48880240854037e-18,1.37891619668552,0.961,0.783,3.72632354833568e-14,"14","Pde1a"
1.88850735336317e-18,1.67819129996061,0.922,0.577,4.72674505473268e-14,"14","Prickle1"
3.42586749384703e-18,2.69185241825197,0.636,0.217,8.57460375034972e-14,"14","Cdh12"
7.35931230017607e-18,2.84651658521035,0.481,0.093,1.84196227561107e-13,"14","Sema5b"
9.03946252937733e-18,1.51026141870859,0.896,0.529,2.26248707647785e-13,"14","6530403H02Rik"
2.42568015087936e-17,2.57023228247066,0.532,0.103,6.07123484963596e-13,"14","Atp10a"
8.60085828154432e-17,2.20557423891045,0.714,0.302,2.15270881928773e-12,"14","Igsf21"
1.09748048626595e-16,1.16157493013767,0.974,0.849,2.74688390907506e-12,"14","Pbx1"
1.65561432135265e-16,1.93826916757931,0.779,0.412,4.14383708491354e-12,"14","Slc1a2"
2.49082127306316e-16,1.94751634379984,0.74,0.313,6.23427656434978e-12,"14","Pcsk5"
3.05617697287074e-16,3.07761639310927,0.481,0.098,7.64930534539817e-12,"14","Gsg1l"
8.62020763488851e-16,1.46965753946921,0.896,0.589,2.15755176893624e-11,"14","Xylt1"
8.93512521585453e-16,2.17107078983166,0.831,0.447,2.23637249027623e-11,"14","Chrm3"
1.38999257294958e-15,1.87443433973942,0.701,0.309,3.4790124108355e-11,"14","Tshz3"
1.7678009280324e-15,1.55504562513596,0.922,0.795,4.42462894277229e-11,"14","Mmp16"
2.39662418138235e-15,3.14572030913963,0.455,0.07,5.99851066358189e-11,"14","Osbpl3"
5.03163927106422e-15,2.01185792870328,0.701,0.255,1.25936899315466e-10,"14","Olfm3"
6.1213641870027e-15,2.2035889891043,0.753,0.31,1.5321162423649e-10,"14","Galnt14"
7.43983613086618e-15,3.5977379629883,0.325,0.041,1.8621165851945e-10,"14","Gm16036"
8.3455867129599e-15,2.58859355871917,0.675,0.236,2.08881689838673e-10,"14","Sdk2"
1.97878218563991e-14,2.57365445211255,0.519,0.14,4.95269393243813e-10,"14","Sulf1"
1.681386483789e-13,2.2004383757734,0.532,0.133,4.20834223027549e-09,"14","Vxn"
1.72560670690083e-13,1.9985771167204,0.584,0.224,4.31902102670208e-09,"14","Tmem178"
1.77534632955818e-13,4.25756928453955,0.299,0.018,4.44351432825117e-09,"14","Nr4a2"
2.46907063207481e-13,3.72700626835386,0.325,0.033,6.17983688502005e-09,"14","Rxfp1"
5.42568097338203e-13,1.07788169078593,0.948,0.771,1.35799369082779e-08,"14","Agbl4"
7.54112446469501e-13,1.99934754950498,0.623,0.265,1.88746804226851e-08,"14","Hs3st2"
8.32853898606471e-13,1.40271767842295,0.805,0.574,2.08455002282214e-08,"14","Kcnab1"
2.06945891429277e-12,2.56503211574862,0.286,0.046,5.17964871658337e-08,"14","Htr2a"
2.67326195457193e-12,1.17794939569184,0.948,0.72,6.69090734609807e-08,"14","Ext1"
4.10614559569748e-12,2.62452943678893,0.753,0.606,1.02772718114712e-07,"14","Cdh18"
5.92744434043025e-12,1.07870464587619,0.909,0.684,1.48358004396629e-07,"14","Foxp1"
8.69502883558152e-12,1.92051837945616,0.701,0.357,2.1762787672577e-07,"14","Dlc1"
9.09326897036786e-12,2.31447274052055,0.571,0.218,2.27595429059337e-07,"14","Gm17171"
9.78662570487185e-12,2.57991316379343,0.39,0.07,2.44949454767237e-07,"14","Col19a1"
1.3085910415247e-11,0.643029443796888,0.987,0.954,3.27527251783216e-07,"14","Celf4"
4.02919626441509e-11,0.703142226836324,0.987,0.969,1.00846753302045e-06,"14","Mdga2"
5.04461231959367e-11,0.678063617596809,1,0.972,1.2626160174711e-06,"14","Pcdh9"
7.98479991355025e-11,1.62201678774743,0.675,0.367,1.99851557036249e-06,"14","Plcl1"
9.39278692963424e-11,0.615568713812538,1,0.963,2.35092064061816e-06,"14","Frmd4a"
9.94130307503458e-11,1.25901848554404,0.766,0.474,2.4882087466504e-06,"14","Brinp2"
1.01722200537914e-10,2.31930530001187,0.623,0.312,2.54600495726346e-06,"14","Tle4"
1.15937402007402e-10,2.24188326885782,0.506,0.15,2.90179723484326e-06,"14","Sel1l3"
1.74667994279585e-10,1.4305031728512,0.701,0.393,4.37176522882372e-06,"14","Cntnap4"
1.83995879851916e-10,0.647956024055893,0.974,0.924,4.60523287681359e-06,"14","Erc2"
1.98276727541154e-10,1.56758130347074,0.753,0.473,4.96266821362754e-06,"14","Slc35f3"
2.80662547080262e-10,0.77894462403561,0.935,0.748,7.02470289087188e-06,"14","A830018L16Rik"
3.97796085412648e-10,2.23756096402175,0.545,0.211,9.95643822179316e-06,"14","Galnt10"
4.17372757873965e-10,0.857703760399809,0.935,0.788,1.04464227568275e-05,"14","Mctp1"
5.71381218279833e-10,2.59944375161129,0.39,0.108,1.43011005123259e-05,"14","Mitf"
6.38797092095456e-10,1.32970053846208,0.792,0.572,1.59884524180572e-05,"14","Atp2b2"
9.66341072496195e-10,1.05871096770541,0.753,0.436,2.41865507035073e-05,"14","Zfp385b"
9.85251029364657e-10,1.92129192129923,0.468,0.152,2.4659848013968e-05,"14","St3gal1"
1.10426808822478e-09,1.7847401216508,0.532,0.22,2.76387259801779e-05,"14","Fgf1"
1.11081721360186e-09,1.82299778198708,0.468,0.171,2.7802644039241e-05,"14","4933432K03Rik"
1.25206407748247e-09,0.590521463838317,1,0.95,3.13379117953088e-05,"14","Ctnnd2"
1.33720047245686e-09,1.535580269405,0.844,0.54,3.34687906251229e-05,"14","Ptprt"
1.67459139024674e-09,1.60546133406715,0.779,0.529,4.19133479064857e-05,"14","Adcy2"
1.80889658958727e-09,1.60224908052434,0.662,0.337,4.52748727407798e-05,"14","Nfia"
2.36543111429531e-09,1.42703705971888,0.922,0.788,5.92043753596974e-05,"14","Tmem108"
3.16027334391974e-09,0.478508483278238,1,0.988,7.90984815249671e-05,"14","Nrxn1"
3.84165618727898e-09,0.887491410174454,0.961,0.721,9.61528127114056e-05,"14","Sgcz"
4.72250117069353e-09,0.734665137691181,0.857,0.651,0.000118199481801288,"14","Atp8a1"
5.10881224736635e-09,1.76981664485418,0.286,0.089,0.000127868461739332,"14","Arhgef37"
6.03341564481939e-09,2.12876987565448,0.455,0.151,0.000151010360174185,"14","Prkd1"
6.44981521484855e-09,1.2787210880666,0.857,0.569,0.000161432425012444,"14","Tenm3"
8.95436230214416e-09,2.16983924818895,0.39,0.106,0.000224118734060366,"14","Sulf2"
9.25960655539683e-09,0.746462598394141,0.961,0.84,0.000231758692475027,"14","Mir100hg"
1.3785945748487e-08,1.29291882047678,0.714,0.405,0.000345048436138881,"14","Epha3"
1.51617281779416e-08,1.26164178649911,0.805,0.577,0.000379482894565702,"14","Cdh10"
1.65747215615029e-08,0.716627144541714,0.818,0.661,0.000414848705962856,"14","Iqsec1"
2.43709381394656e-08,1.2154040378616,0.597,0.375,0.000609980210692684,"14","Kcnip3"
2.71861196960922e-08,0.949650437110892,0.792,0.605,0.000680441389873492,"14","Ldlrad4"
3.61298487760595e-08,2.80481248032303,0.442,0.136,0.000904293985015994,"14","Gm49171"
3.6816834325458e-08,2.09739592174916,0.351,0.1,0.000921488546331889,"14","Rai14"
3.69227737368648e-08,1.408435388957,0.61,0.359,0.00092414010385999,"14","Man1c1"
3.69334076968016e-08,1.22492650822631,0.506,0.233,0.000924406261243247,"14","Kcnk2"
4.63545501996983e-08,1.38604133058728,0.688,0.453,0.00116020803694825,"14","Nin"
4.80443909331242e-08,0.619300323185457,0.987,0.96,0.00120250306066517,"14","Syt1"
6.12529097331073e-08,0.931154744221578,0.701,0.453,0.00153309907770994,"14","Gse1"
6.27182684599855e-08,1.16630432060193,0.805,0.597,0.00156977554128498,"14","Dtnb"
6.35317109230279e-08,1.43619498951366,0.584,0.291,0.00159013519269247,"14","Plcxd3"
6.41945623556861e-08,0.827239458782779,0.922,0.784,0.00160672570120047,"14","Dock3"
6.50870801383233e-08,0.643259994978559,0.883,0.648,0.00162906452878209,"14","Nfasc"
1.02765378188081e-07,0.471441681766442,0.987,0.947,0.00257211465066948,"14","Kalrn"
1.05777827883546e-07,1.92741399882015,0.442,0.171,0.00264751325409727,"14","Nfix"
1.08119217424376e-07,2.12527910280126,0.312,0.082,0.0027061158929147,"14","Atp8b1"
1.10414863838516e-07,1.04318131135265,0.857,0.62,0.00276357362701422,"14","Rasgef1b"
1.1865812272905e-07,0.900578362927636,0.831,0.674,0.0029698941537854,"14","Shisa9"
1.26315139932173e-07,1.30965741183332,0.558,0.249,0.00316154163736235,"14","Nhs"
1.26843810212201e-07,2.22134923727442,0.26,0.068,0.00317477372580117,"14","Slc16a10"
1.52982186101526e-07,1.51567698898305,0.532,0.276,0.0038289911359351,"14","Rasgrp1"
1.57814427522076e-07,0.831392114899071,0.974,0.905,0.00394993730645004,"14","Slc8a1"
1.61170344806717e-07,1.74235713896418,0.468,0.226,0.00403393256016731,"14","Ust"
1.6373477162156e-07,1.94998810942516,0.325,0.1,0.00409811759891603,"14","Gm49876"
1.78506664648758e-07,0.676958965899967,0.87,0.672,0.00446784330949376,"14","Srrm3"
2.20674806612693e-07,1.34238723084825,0.416,0.198,0.00552326973470908,"14","Vopp1"
2.31293813696298e-07,1.5591820922981,0.364,0.133,0.00578905286300463,"14","Gdpd5"
2.47217958232871e-07,1.56970622929899,0.896,0.831,0.00618761827661053,"14","Frmpd4"
2.54835146550274e-07,1.20279761704631,0.558,0.356,0.00637826888300681,"14","Nhsl2"
2.6203991141684e-07,1.64850145405636,0.506,0.21,0.00655859694285208,"14","Gm45159"
2.69870390248095e-07,0.778477088185076,0.818,0.596,0.00675458599751958,"14","Slc4a10"
2.70127651494462e-07,0.834800451103196,0.883,0.794,0.00676102498925489,"14","Csmd2"
3.20951584562263e-07,1.67406516888317,0.494,0.214,0.00803309721000889,"14","Chrm2"
3.26661460350593e-07,2.09605917460822,0.312,0.077,0.008176009691115,"14","Prss12"
3.97360772743043e-07,0.511927860826864,0.909,0.73,0.00994554278098563,"14","D430041D05Rik"
3.98064929065584e-07,0.449959236764385,0.948,0.898,0.0099631671095825,"14","Prkce"
3.86262237937407e-65,6.09811640858764,0.948,0.031,9.66775755333536e-61,"15","Mobp"
1.37697090340561e-60,6.55108406424404,0.862,0.013,3.4464204741339e-56,"15","Fa2h"
5.68061398534357e-60,5.10524826611206,0.931,0.037,1.42180087439164e-55,"15","Mog"
1.69275956655375e-58,5.57501221999888,1,0.084,4.23680791912739e-54,"15","Plp1"
3.20147819426688e-57,7.11352564449058,0.793,0.01,8.01297977243058e-53,"15","Prr5l"
5.07521504303113e-55,5.86676059157391,0.966,0.038,1.27027557312026e-50,"15","St18"
2.06232499789439e-51,5.26659482941844,0.983,0.106,5.16179323722986e-47,"15","Rnf220"
1.94132032713688e-49,7.27938494715124,0.759,0.009,4.85893064679089e-45,"15","Mag"
2.80103352263577e-49,5.03066452651539,0.672,0.027,7.01070680380508e-45,"15","D7Ertd443e"
3.13082411510848e-48,6.03779329348546,0.69,0.012,7.83613967770501e-44,"15","Sec14l5"
6.92847339182975e-44,4.03930882136485,0.741,0.05,1.73412760524107e-39,"15","Plekhg1"
1.43661605243224e-41,4.81334630780736,0.707,0.036,3.59570631763264e-37,"15","Sept4"
5.52159369682229e-41,5.61538634775575,0.569,0.007,1.38199968637765e-36,"15","Mal"
3.98617985584676e-39,3.80393591534358,0.862,0.108,9.97700956119884e-35,"15","Enpp2"
1.32487632585688e-38,6.13293436789131,0.552,0.008,3.31603295598719e-34,"15","Cldn11"
3.2362638168722e-38,8.09630897679349,0.534,0.003,8.10004470724943e-34,"15","Galnt5"
1.66911913284972e-37,4.43608124116432,0.983,0.268,4.17763827760957e-33,"15","Mbp"
1.73345354993376e-37,6.13618217872581,0.621,0.01,4.33866089012921e-33,"15","Aspa"
4.23928608565603e-36,3.89918075082207,0.741,0.061,1.06105091437885e-31,"15","Sytl2"
1.98693135751906e-34,5.52176667188382,0.534,0.01,4.97309049473446e-30,"15","Gm10863"
2.27475423043459e-34,3.5727675903346,0.5,0.029,5.69348236335473e-30,"15","Litaf"
1.91442175321688e-33,5.02335807669792,0.552,0.018,4.79160620612652e-29,"15","Ugt8a"
6.77214764957745e-33,4.08470213846964,0.741,0.06,1.69500083521274e-28,"15","Tspan2"
1.41883637215147e-32,5.1030446968365,0.517,0.012,3.55120555585792e-28,"15","Plekhh1"
8.89076831763568e-32,2.7484177670603,1,0.364,2.22527040222103e-27,"15","Qk"
9.09510789874337e-32,6.04787207702379,0.5,0.013,2.27641455597648e-27,"15","Cdh19"
9.71060421675605e-32,6.21231509283435,0.448,0.008,2.43046712941187e-27,"15","Ninj2"
1.00601413266822e-31,3.66871513068281,1,0.282,2.51795277265529e-27,"15","Pacrg"
3.40524428833142e-31,3.49844912541053,0.655,0.031,8.52298592926471e-27,"15","Bcas1"
2.77258163744605e-30,3.93930487897431,0.569,0.022,6.93949458036372e-26,"15","Bcas1os2"
3.42143946674662e-30,3.57903930636936,0.569,0.046,8.56352084132011e-26,"15","Wipf1"
4.86367795224703e-30,4.32133666694983,0.517,0.021,1.21732995466791e-25,"15","Clic4"
7.39198390810423e-30,2.62278771740134,0.948,0.234,1.85013965235941e-25,"15","Zfp536"
3.26340325744125e-29,6.23047076700696,0.5,0.006,8.16797201304971e-25,"15","Gjc3"
4.82447083717852e-29,5.31046893432114,0.414,0.007,1.20751680583741e-24,"15","Gm12145"
1.21951205387398e-28,3.88395478212029,0.621,0.052,3.05231671964119e-24,"15","Trf"
4.42956099583278e-28,8.3515951887366,0.379,0.002,1.10867482164699e-23,"15","Cldn14"
1.14671128929572e-27,5.8103719245195,0.466,0.007,2.87010368597825e-23,"15","Plxnb3"
1.22959405099015e-27,2.39336525090551,0.879,0.172,3.07755095022325e-23,"15","Tubb4a"
1.27668521703975e-26,9.99947673726182,0.379,0,3.19541542972878e-22,"15","Gm12828"
1.49461052473858e-26,5.67969336561556,0.397,0.006,3.74086068236819e-22,"15","1700047M11Rik"
6.92697094306744e-26,2.18146149923653,1,0.714,1.73375155734035e-21,"15","Pde4b"
1.92061921508283e-25,4.50314530668476,0.379,0.013,4.80711783343083e-21,"15","Hhip"
2.17933186170747e-25,5.37947755499125,0.362,0.005,5.45464971666762e-21,"15","Plekhg3"
3.19578479163806e-25,3.01969437713083,0.707,0.114,7.9987297549909e-21,"15","Smad7"
2.96055056655639e-24,6.42149623309013,0.397,0.005,7.40996201303399e-20,"15","Gsn"
6.89080182100849e-24,2.93442428277532,0.552,0.055,1.72469878778021e-19,"15","Gab1"
8.38257227134621e-24,1.03301073473321,1,1,2.09807401379524e-19,"15","Malat1"
1.31929384719463e-23,2.40210715956912,0.776,0.189,3.30206057014345e-19,"15","Cdk19"
1.99246601066003e-23,3.85212101036256,0.431,0.018,4.986943178081e-19,"15","Prkcq"
2.61959555119274e-23,2.29952017656064,0.845,0.176,6.55658570508031e-19,"15","Phldb1"
4.40161710300648e-23,4.25122927380775,0.466,0.022,1.10168074471149e-18,"15","Sox10"
9.77938952124421e-23,2.55053003056184,0.983,0.383,2.44768340327221e-18,"15","Dock10"
1.22738587048579e-22,4.01653889532264,0.345,0.014,3.0720240952389e-18,"15","Tsc22d3"
1.26697984652067e-22,2.67587629664975,0.793,0.165,3.17112385785658e-18,"15","Ppp1r16b"
2.83177342700534e-22,2.65980360465494,0.603,0.091,7.08764571045167e-18,"15","Gm42413"
3.82597247267078e-22,2.31376995812646,0.81,0.219,9.5760265018477e-18,"15","Mast3"
1.0767983806562e-21,3.68942906918229,0.483,0.034,2.6951186669444e-17,"15","Creb5"
1.8046138267191e-21,3.51253381211667,0.466,0.04,4.51676794689524e-17,"15","Daam2"
4.50756805312224e-21,1.93297301071892,0.966,0.457,1.12819920801596e-16,"15","Map7"
1.55197128240307e-20,6.11003914468993,0.276,0.002,3.88442892272664e-16,"15","4930420G21Rik"
1.7409626906212e-20,3.04286022569514,0.448,0.046,4.35745551835581e-16,"15","Myo1e"
1.85914767560804e-20,4.87647548622432,0.345,0.013,4.65326071727935e-16,"15","Padi2"
2.17570792515566e-20,7.0859030097547,0.293,0.002,5.44557936587209e-16,"15","C030029H02Rik"
2.29824994386364e-20,5.69624997478021,0.31,0.003,5.75228978449631e-16,"15","Ppp1r14a"
2.85850717273741e-20,4.45541503216642,0.379,0.012,7.15455760264447e-16,"15","Cmtm5"
5.01505797669911e-20,1.95246422394358,0.931,0.324,1.25521886098802e-15,"15","Gm16168"
6.86130343939808e-20,1.8900916018699,1,0.526,1.71731563784695e-15,"15","Slc24a2"
1.25470922064472e-19,1.93539225487851,0.931,0.302,3.14041170835167e-15,"15","Aatk"
3.33088385743991e-19,1.60584825365438,0.983,0.487,8.33686920678636e-15,"15","Klhl2"
5.34553618640151e-19,3.94792797314315,0.328,0.015,1.33793425209443e-14,"15","Ttyh2"
5.36511513327292e-19,4.77385595390095,0.276,0.009,1.34283466670688e-14,"15","Cpm"
5.55008862764175e-19,5.63425603662301,0.276,0.005,1.38913168261245e-14,"15","Olfml1"
6.35510446845003e-19,4.01948432883191,0.276,0.011,1.59061909740836e-14,"15","Nkx2-2os"
7.71296803964469e-19,1.50157100513447,0.828,0.178,1.93047877064267e-14,"15","Frmd4b"
1.00848755273176e-18,1.76334851165443,1,0.839,2.52414349573232e-14,"15","Tmeff2"
1.0208501380195e-18,2.29993046558902,0.776,0.149,2.555085810449e-14,"15","Erbin"
2.22222065651296e-18,2.08487092100479,0.948,0.35,5.56199608118629e-14,"15","Ypel2"
3.11819070259494e-18,1.92940945097666,0.793,0.24,7.80451950952487e-14,"15","Kndc1"
3.59043802250289e-18,2.67934090416453,0.5,0.069,8.98650732652249e-14,"15","Chd7"
3.9781950030898e-18,2.51504137087294,0.397,0.041,9.95702427323347e-14,"15","Gatm"
4.37341833503016e-18,2.51976419212743,0.483,0.081,1.0946228750747e-13,"15","4930511M06Rik"
4.53178753368224e-18,5.66624428331637,0.241,0.005,1.13426110180533e-13,"15","Gm48508"
6.60469483625564e-18,6.29397744100445,0.259,0.002,1.65308907056642e-13,"15","Ermn"
9.93228460848347e-18,1.48582384491038,0.948,0.319,2.48595151465733e-13,"15","Sox2ot"
1.0447512042911e-17,2.38678772956036,0.586,0.094,2.61490778922019e-13,"15","Pde8a"
1.63428525016756e-17,1.83428640595849,0.914,0.365,4.09045255264438e-13,"15","Plcl1"
1.89077202252762e-17,1.73924645851422,0.828,0.237,4.73241329518438e-13,"15","Abhd17b"
2.74212479090435e-17,2.56261822608416,0.483,0.058,6.86326413915451e-13,"15","Meis1"
4.05527729284463e-17,2.8861677760734,0.483,0.052,1.01499535362608e-12,"15","Pstpip2"
5.38106524070566e-17,2.86034304948351,0.414,0.039,1.34682681909622e-12,"15","Unc5b"
7.59581643938795e-17,2.53352914938652,0.448,0.063,1.90115689661441e-12,"15","Kank1"
1.07104719790919e-16,1.8529962043793,0.741,0.201,2.6807240316469e-12,"15","Sirt2"
1.12484104899891e-16,7.96061583114733,0.241,0.002,2.81536466153936e-12,"15","Opalin"
1.14441977309354e-16,5.59097987137212,0.293,0.005,2.86436825007582e-12,"15","Carns1"
1.4954346481051e-16,2.0945196913559,0.448,0.097,3.74292338074226e-12,"15","Stxbp3"
1.62575406573696e-16,4.24814610377231,0.241,0.011,4.06909985113305e-12,"15","Gm13708"
1.89060233236279e-16,2.11209324435576,0.466,0.07,4.73198857767083e-12,"15","Kctd13"
2.40490167649027e-16,2.70333827767422,0.552,0.088,6.01922840608749e-12,"15","Rffl"
2.5352896083108e-16,3.89152242190196,0.259,0.006,6.3455763606411e-12,"15","Sh3tc2"
2.8398785348501e-16,1.63841989937047,0.948,0.412,7.10793198487631e-12,"15","Ttll7"
3.01809153566729e-16,3.20257956002523,0.328,0.027,7.55398130462167e-12,"15","Mob3b"
3.19173847785597e-16,1.97080016711284,0.793,0.201,7.98860223622571e-12,"15","1810062O18Rik"
6.75296669204326e-16,1.77482066609309,0.897,0.36,1.69020003335151e-11,"15","Arhgap23"
7.55115499958659e-16,2.21661442842656,0.672,0.143,1.88997858484653e-11,"15","Otud7b"
1.05692069499209e-15,2.24492578743701,0.448,0.08,2.6453668074957e-11,"15","Car2"
1.12087754586215e-15,2.4022659670116,0.448,0.06,2.80544440953838e-11,"15","Ccp110"
1.25557310423226e-15,8.87656920177442,0.207,0,3.14257392258293e-11,"15","Gm13905"
1.82522956501728e-15,6.78638595031491,0.224,0.002,4.56836707828176e-11,"15","Insc"
2.03351932702446e-15,4.84905094575445,0.259,0.005,5.08969552360952e-11,"15","Apod"
3.12338035767819e-15,3.3991722183209,0.276,0.016,7.81750869723275e-11,"15","Prkd3"
6.6008246212152e-15,4.19356633704748,0.345,0.015,1.65212039444395e-10,"15","Lpar1"
9.38985376215181e-15,0.927161784807015,1,0.972,2.35018649812898e-10,"15","Pcdh9"
1.30927416115204e-14,1.35418429553833,0.741,0.255,3.27698229794745e-10,"15","Dleu2"
1.5178840659871e-14,1.5265326983784,0.81,0.27,3.79911202875912e-10,"15","Rab31"
1.87303619355834e-14,2.83686470296582,0.293,0.028,4.68802228885718e-10,"15","Crybg3"
2.0734579971759e-14,1.83068882942112,0.448,0.081,5.18965802113156e-10,"15","Atp8b1"
2.22085127335049e-14,1.81294513194738,0.379,0.049,5.55856865206895e-10,"15","Abtb2"
2.89984971552715e-14,1.19184713631906,0.672,0.178,7.25803385299291e-10,"15","Gng12"
3.33140209133215e-14,4.47437935521881,0.207,0.005,8.33816629439524e-10,"15","Nipal4"
3.4412916310269e-14,5.07390554822404,0.241,0.006,8.61320882329722e-10,"15","Plaat3"
3.82324643264749e-14,1.3841484458679,0.655,0.223,9.56920349627341e-10,"15","Shisa4"
3.9555295565294e-14,1.96562756472247,0.379,0.057,9.90029492703744e-10,"15","Phactr4"
4.34472129015371e-14,4.06699328535848,0.276,0.011,1.08744029171257e-09,"15","Folh1"
4.69319054893701e-14,7.53917598170044,0.224,0.001,1.17465866249344e-09,"15","Gm19500"
5.1377814487139e-14,1.39766347215932,0.948,0.534,1.2859353187986e-09,"15","Fnbp1"
7.62789929265793e-14,1.91202627924643,0.621,0.133,1.90918691395935e-09,"15","Arhgef10"
1.32577670164984e-13,1.28105555012532,0.914,0.435,3.31828650655939e-09,"15","Bin1"
1.77885297813807e-13,1.46045670502623,0.845,0.35,4.45229111898177e-09,"15","Plekha1"
2.02398759696531e-13,3.46215414293712,0.276,0.017,5.06583855644446e-09,"15","Enpp6"
2.24911796218891e-13,1.49621064151617,0.897,0.346,5.62931734756262e-09,"15","Vmp1"
3.28292384944411e-13,2.44310977127566,0.241,0.027,8.21683010277367e-09,"15","Creb3l2"
4.68029251432585e-13,1.77507548070056,0.379,0.064,1.17143041341062e-08,"15","Gm19522"
4.6812523840272e-13,1.7930175506054,0.448,0.082,1.17167065919817e-08,"15","Fam102a"
5.55665789434093e-13,3.31945620944285,0.379,0.03,1.39077590437459e-08,"15","Gal3st1"
6.02754360183193e-13,1.65948452305068,0.569,0.12,1.50863388810251e-08,"15","Gm28320"
6.35209019892055e-13,1.71254262053317,0.448,0.102,1.58986465588782e-08,"15","9130019P16Rik"
7.83474594030529e-13,1.63917054102585,0.81,0.312,1.96095856139901e-08,"15","Sept7"
8.19431538465573e-13,1.29564652244283,0.793,0.277,2.05095519762548e-08,"15","Rap1a"
1.86016147896302e-12,4.97958015462243,0.241,0.009,4.65579816569654e-08,"15","Anln"
2.38446801328655e-12,2.1555618096084,0.345,0.06,5.96808499045489e-08,"15","Fam53b"
3.22508300842152e-12,2.71352832251057,0.31,0.029,8.07206026177821e-08,"15","Elovl7"
5.15099444902532e-12,4.97594365516982,0.207,0.006,1.28924240064655e-07,"15","Myh6"
5.26266056351151e-12,1.78992963853112,0.241,0.028,1.3171913124413e-07,"15","Atp10b"
5.48251108101863e-12,1.03990668903282,0.879,0.406,1.37221769846815e-07,"15","Tmod2"
7.45798432495736e-12,1.32568072042849,0.603,0.145,1.86665889669358e-07,"15","Parm1"
7.71955718130266e-12,1.13831844786353,0.621,0.177,1.93212796690824e-07,"15","Usp54"
8.76251198951917e-12,5.14967372821751,0.207,0.004,2.19316912585675e-07,"15","Prima1"
8.8312586929108e-12,1.66979123133461,0.552,0.14,2.21037573824864e-07,"15","Rcbtb1"
1.18651528939101e-11,1.55831707840196,0.793,0.337,2.96972911781677e-07,"15","Pak1"
1.25713362045001e-11,1.83668801813285,0.293,0.048,3.14647973862433e-07,"15","4933428G20Rik"
2.18498638095394e-11,1.94594750306997,0.345,0.057,5.46880241288961e-07,"15","Tjp2"
2.28272438557498e-11,1.18942437971209,0.966,0.476,5.71343086465561e-07,"15","Xrcc6"
2.36930936264208e-11,1.44109171528759,0.776,0.313,5.93014440375686e-07,"15","Ptn"
2.98235669579276e-11,1.06016440033319,1,0.516,7.46454057389971e-07,"15","Erbb4"
3.08065113986074e-11,1.78937878591168,0.276,0.053,7.71056173795744e-07,"15","Acaa1a"
3.39114535168528e-11,3.69507300400008,0.259,0.017,8.4876977007331e-07,"15","5830418P13Rik"
4.12983259789397e-11,1.50505997115398,0.845,0.389,1.03365580092688e-06,"15","Pcyt2"
4.39322022853242e-11,1.34302558710806,0.69,0.253,1.09957909099938e-06,"15","Slk"
4.77756109342229e-11,0.811168954275727,1,0.908,1.19577576607267e-06,"15","Fgfr2"
4.80982784251061e-11,1.08377683220133,0.621,0.205,1.20385181070198e-06,"15","Gm16541"
5.15032625648769e-11,1.99273234982423,0.328,0.055,1.2890751587363e-06,"15","Josd2"
6.4790407059237e-11,1.95811847285736,0.483,0.106,1.62163909828564e-06,"15","Tmod1"
7.08588857230792e-11,1.2306638486413,0.707,0.271,1.77352705076295e-06,"15","Il1rap"
7.64746334225993e-11,1.08547359847256,0.914,0.546,1.91408359993424e-06,"15","Phlpp1"
9.62483604567893e-11,1.56764772761512,0.569,0.15,2.40900021387298e-06,"15","Gna12"
1.03891466944211e-10,3.79431528210856,0.241,0.018,2.60029952614667e-06,"15","Csrp1"
1.05919746981523e-10,1.19933093099574,0.897,0.405,2.65106534720055e-06,"15","Gm26936"
1.08284604246898e-10,1.18960821823006,0.759,0.3,2.7102553596956e-06,"15","Osbpl1a"
1.38470465851338e-10,0.810420264456343,0.431,0.138,3.46577728979313e-06,"15","Npc1"
1.8488908711759e-10,1.43807081839431,0.586,0.161,4.62758896146617e-06,"15","Gm45345"
2.5972845738598e-10,1.47900177631746,0.81,0.326,6.50074355991371e-06,"15","Cdc37l1"
3.12885471215919e-10,1.12451353924879,0.759,0.318,7.83121045906323e-06,"15","Myo1d"
3.3628732241064e-10,1.95282908169988,0.379,0.07,8.41693539261591e-06,"15","Micall1"
3.98812745875912e-10,0.880976406363106,0.586,0.183,9.9818842165282e-06,"15","Wls"
4.09820788254164e-10,1.52084798038946,0.362,0.082,1.02574045092135e-05,"15","Arpc1b"
4.17799696157317e-10,1.90128723196148,0.259,0.037,1.04571085951215e-05,"15","Taldo1"
4.20938851179409e-10,1.74981363197841,0.5,0.143,1.05356785061694e-05,"15","Ddr1"
4.2298163608076e-10,0.872951442287293,0.897,0.43,1.05868073694653e-05,"15","Hipk2"
4.27309354314259e-10,1.17893381814394,0.517,0.154,1.06951258291316e-05,"15","Tsc22d4"
4.79853884409015e-10,1.58991661703097,0.276,0.051,1.20102628728732e-05,"15","Ccnjl"
5.41956652073765e-10,1.83292474095194,0.431,0.109,1.35646330447543e-05,"15","Mitf"
5.79275244391849e-10,1.65137749148524,0.5,0.125,1.44986800918836e-05,"15","Rhou"
5.82948600864619e-10,1.11495800937892,0.586,0.207,1.45906205310405e-05,"15","Mad1l1"
5.95186033940968e-10,1.39097752729676,0.517,0.14,1.48969112435085e-05,"15","Tjap1"
5.98347317165133e-10,0.993226394737895,0.741,0.338,1.49760350013261e-05,"15","Dennd5a"
6.82396560508035e-10,2.6684005856075,0.207,0.019,1.70797035129556e-05,"15","Masp1"
6.98968650831194e-10,0.829036809626745,1,0.717,1.7494486361654e-05,"15","Gm48678"
6.99023103944679e-10,1.13313939773597,0.672,0.237,1.74958492686314e-05,"15","Wdr20"
7.70414385629777e-10,1.83961520910579,0.397,0.079,1.92827016579277e-05,"15","Tesk2"
7.99967133144e-10,0.983612815716087,0.724,0.306,2.00223773754612e-05,"15","Clmn"
8.24194486144089e-10,1.59936917509985,0.5,0.142,2.06287637937004e-05,"15","Gm16068"
8.41273345174152e-10,1.06321361839153,0.931,0.487,2.10562305563638e-05,"15","Ano4"
8.86061526087385e-10,0.883445037797459,0.931,0.431,2.21772339364412e-05,"15","Gm4258"
9.19587574504242e-10,1.84211150189349,0.379,0.084,2.30163574022667e-05,"15","Iqch"
9.33524325264937e-10,1.36804635119505,0.603,0.188,2.33651803370561e-05,"15","Myo6"
9.50113795151857e-10,2.07894102072662,0.293,0.05,2.37803981788558e-05,"15","Traf6"
9.58599258215182e-10,1.1861516803276,0.862,0.368,2.39927808338678e-05,"15","6530409C15Rik"
1.0039376358894e-09,2.24553347635552,0.362,0.079,2.51275550886759e-05,"15","Lgi3"
1.05381176931573e-09,0.960620491352435,0.862,0.391,2.63758547742034e-05,"15","Sh3gl3"
1.09131178751227e-09,0.739587452947772,0.483,0.148,2.73144427296447e-05,"15","Gm15764"
1.15418617091016e-09,0.783215844196166,0.621,0.213,2.88881256717104e-05,"15","Cenpp"
1.31251527013254e-09,1.47466918637422,0.431,0.099,3.28509446961474e-05,"15","Akr1b3"
1.33735768125023e-09,2.37337735094105,0.224,0.026,3.3472725404012e-05,"15","Gm20069"
1.8748919945677e-09,0.941412887921822,0.879,0.45,4.6926671732035e-05,"15","Sh3d19"
1.92938844684478e-09,1.91871343123672,0.224,0.035,4.8290663436078e-05,"15","Gm16122"
2.20152181252339e-09,1.96413846914518,0.345,0.07,5.51018894456478e-05,"15","Sox8"
3.05463666096469e-09,2.08052588939817,0.345,0.062,7.64545009872851e-05,"15","Cpox"
3.25651392125258e-09,0.98706172762274,0.879,0.422,8.15072869350308e-05,"15","Zfhx2"
3.34987659770356e-09,2.03905528639301,0.5,0.112,8.38440613639223e-05,"15","Ick"
3.39987045540881e-09,1.83266982286019,0.241,0.042,8.50953576284272e-05,"15","Il18"
3.79196210225936e-09,2.21890393332664,0.259,0.036,9.49090194574494e-05,"15","Pld1"
3.91878057190282e-09,0.772360802002576,0.897,0.447,9.80831589341556e-05,"15","Man1a"
4.58653050331196e-09,1.02252255691237,0.483,0.141,0.000114796271967395,"15","Tom1"
4.60584876131623e-09,0.721216882073878,0.69,0.272,0.000115279788646984,"15","Sema6a"
4.66556468174499e-09,0.935502019137887,0.672,0.264,0.000116774418419395,"15","Upf3b"
4.71389418398368e-09,1.91401391919114,0.362,0.066,0.000117984057530927,"15","Hepacam"
5.29668091188768e-09,2.81345460642113,0.259,0.02,0.000132570626543637,"15","Ppfibp2"
5.75653059749201e-09,1.0127144785713,0.5,0.167,0.000144080204324627,"15","Ankrd13b"
6.44003967743681e-09,0.895412168644648,0.759,0.329,0.000161187753086566,"15","Actn4"
6.46886424734662e-09,1.07426097269711,0.621,0.243,0.000161909203246839,"15","Arhgef2"
6.95619064122751e-09,0.947062463330025,0.862,0.417,0.000174106495559283,"15","Slc22a23"
7.07557177546593e-09,1.40329617331143,0.293,0.053,0.000177094485968137,"15","Sass6"
7.07557177546593e-09,0.826255142416767,0.293,0.073,0.000177094485968137,"15","Smarce1"
7.57051944621483e-09,1.78244510632758,0.345,0.071,0.000189482531219311,"15","P2rx4"
7.75982470066093e-09,1.23740095891208,0.517,0.168,0.000194220652432842,"15","Dcaf17"
9.54630427861565e-09,0.802159095902001,0.655,0.283,0.000238934449789471,"15","Gm15787"
1.13380921025543e-08,1.59549895991421,0.5,0.136,0.000283781107234832,"15","Gm32036"
1.31870868861626e-08,0.637423071424837,1,0.795,0.000330059597673763,"15","Son"
1.36279024516519e-08,1.53916203911452,0.707,0.31,0.000341092770462395,"15","Fam214a"
1.4367423537488e-08,0.770697260365273,0.517,0.2,0.000359602243719787,"15","Rad17"
1.51480746444748e-08,1.79200573890776,0.362,0.088,0.00037914116027656,"15","Tyro3"
1.58231964461555e-08,0.72008000314611,0.638,0.254,0.000396038783850825,"15","Usp6nl"
1.71769869505434e-08,1.89981622810029,0.259,0.041,0.000429922806385151,"15","Lims2"
1.83007257227305e-08,0.887704132060831,0.966,0.646,0.000458048864114222,"15","St6galnac3"
1.83355632918107e-08,2.08446770114099,0.293,0.061,0.000458920813630731,"15","Inf2"
1.86345361959697e-08,1.87949361647669,0.379,0.081,0.000466403806448927,"15","Gm48249"
1.90184001885401e-08,2.13652193939778,0.224,0.042,0.000476011538318971,"15","Gm49708"
1.97646085554671e-08,2.06756256213639,0.259,0.037,0.000494688387534786,"15","Afap1l1"
2.19323619893688e-08,0.901494277445428,0.569,0.238,0.000548945088231912,"15","Dazap1"
2.21908772371696e-08,1.12901725733929,0.569,0.188,0.000555415466369117,"15","Spns2"
2.31369063056138e-08,1.00882659455045,0.603,0.231,0.000579093627923208,"15","Stx16"
2.91143968888071e-08,1.1614657701873,0.31,0.078,0.000728704239729953,"15","Gm28501"
2.94536658988877e-08,0.973425307661177,0.741,0.265,0.00073719580378326,"15","Stxbp6"
3.11879174195567e-08,1.18781302239579,0.534,0.174,0.000780602385094085,"15","Gm26911"
3.37592094780462e-08,0.98396554447115,0.5,0.18,0.000844959254026018,"15","Asah1"
3.5140487401649e-08,0.622877322018796,0.397,0.117,0.000879531259175874,"15","Pik3c2b"
3.54022285512546e-08,1.14188004984631,0.483,0.164,0.000886082378409352,"15","Zfp740"
3.60919638752082e-08,0.725063584825471,0.586,0.192,0.000903345763832586,"15","Tbc1d16"
3.69824128874748e-08,1.43498859471848,0.414,0.116,0.000925632812160607,"15","Nfe2l3"
3.90385317932449e-08,0.816995440043043,0.759,0.323,0.000977095412253126,"15","Ggact"
4.02972176307411e-08,2.25017901758306,0.31,0.057,0.00100859906007982,"15","Gm4221"
4.2815715185363e-08,0.910605603114935,0.897,0.543,0.00107163453537445,"15","Gas7"
4.39159499375408e-08,0.746119463180966,0.379,0.146,0.00109917231098671,"15","Vps33a"
4.41989291174679e-08,1.2773444476659,0.431,0.109,0.0011062549968811,"15","Gm26979"
5.89861760519908e-08,1.32795061651783,0.414,0.103,0.00147636500040528,"15","Kif6"
6.1934631999422e-08,0.925563034644058,0.879,0.487,0.00155016190431353,"15","Rtn4"
6.57369017734809e-08,0.564005927109493,0.362,0.128,0.00164532891448845,"15","Tmlhe"
6.66155720692739e-08,1.13961594396372,0.5,0.133,0.00166732115332186,"15","2410021H03Rik"
7.13992428493204e-08,0.67811716054217,0.362,0.134,0.00178705164927564,"15","Wscd1"
7.8293991966471e-08,1.22047878179076,0.466,0.141,0.0019596203249288,"15","Gm20319"
7.94989472246238e-08,0.990243120156858,0.914,0.496,0.00198977915008511,"15","Wnk1"
8.2176708109904e-08,0.981946723325033,0.638,0.236,0.00205680082728279,"15","Rilpl1"
8.30714249931981e-08,0.917668882109882,0.879,0.56,0.00207919469615476,"15","Sik3"
8.61882648019494e-08,0.960708303530546,0.293,0.083,0.00215720607972799,"15","Gm49227"
8.95017911116216e-08,0.911160496189622,0.845,0.369,0.00224014032973278,"15","Gm15478"
9.6607447209344e-08,1.25481185632725,0.517,0.179,0.00241798779620267,"15","St6gal1"
9.96802574077818e-08,1.03284837861001,0.552,0.181,0.00249489716265937,"15","Mfsd14a"
1.023543975381e-07,1.35054320062712,0.431,0.135,0.0025618282159811,"15","Tsnax"
1.03031443374943e-07,0.867197949364393,0.776,0.335,0.00257877399623144,"15","4921511C10Rik"
1.12429795109878e-07,1.65896773338905,0.345,0.075,0.00281400534180513,"15","Kcnrg"
1.15462003745691e-07,1.85796135889865,0.379,0.081,0.00288989849175091,"15","Llgl1"
1.24608676930119e-07,0.775549842837855,0.534,0.194,0.00311883057488396,"15","Snx32"
1.33373420159158e-07,1.93250338294969,0.328,0.071,0.00333820333316356,"15","Laptm4b"
1.36732919085221e-07,1.28770728070532,0.276,0.066,0.00342228823178401,"15","Gm26788"
1.42475100513856e-07,0.911228744606997,0.81,0.389,0.0035660092907613,"15","1700085D07Rik"
1.43009387715592e-07,1.49294703079683,0.414,0.1,0.00357938196513356,"15","Mtmr2"
1.47158811984974e-07,1.28707377016472,0.397,0.103,0.00368323790517191,"15","Nkain1"
1.50365470186347e-07,0.785949318818492,0.983,0.701,0.00376349735329408,"15","Kansl1l"
1.67334200939325e-07,1.22146601403563,0.431,0.114,0.00418820771531035,"15","Proser1"
1.82824710415623e-07,1.62502264127758,0.362,0.088,0.00457591967699262,"15","B430010I23Rik"
2.02002608401281e-07,1.81374105091556,0.259,0.049,0.00505592328567566,"15","Psph"
2.0231965777407e-07,0.920316108868806,0.931,0.525,0.0050638587144272,"15","Mast4"
2.08509797204937e-07,0.593674986986506,0.483,0.191,0.00521879171424238,"15","4931406P16Rik"
2.27792895124192e-07,0.675134330493508,0.241,0.082,0.0057014283720634,"15","Gm12743"
2.28706566376488e-07,0.728074607256464,0.69,0.284,0.00572429664983711,"15","Gpatch2"
2.30197149532357e-07,1.63581585660806,0.483,0.141,0.00576160445564536,"15","Secisbp2l"
2.41821500832323e-07,1.43873645616194,0.517,0.154,0.00605255034433222,"15","E130308A19Rik"
2.42637530313233e-07,0.692379372083599,0.517,0.201,0.00607297474620991,"15","Mapk8ip1"
2.43134177358804e-07,1.79065191472474,0.293,0.05,0.00608540532511351,"15","Slc31a1"
2.55806443016536e-07,1.44708898980749,0.362,0.084,0.00640257946226089,"15","Sbf1"
2.621619692241e-07,1.0218593197374,0.638,0.263,0.00656165192771,"15","Bcl2l1"
2.66712504966665e-07,1.50665884958852,0.259,0.053,0.00667554728681065,"15","Arrdc3"
2.6801506863259e-07,0.922736202421929,0.31,0.078,0.00670814915280509,"15","Gm46440"
2.79284929871968e-07,1.22599800547536,0.259,0.068,0.00699022250976548,"15","Pcsk6"
2.89015006904017e-07,0.611064420561537,0.776,0.37,0.00723375660780065,"15","Ankib1"
3.11298946754225e-07,1.07923103011261,0.569,0.188,0.00779150133831149,"15","Slc12a2"
3.12747916533054e-07,0.870143332525455,0.483,0.14,0.00782776760290581,"15","Amd1"
3.15080799157813e-07,0.822117921643933,0.655,0.248,0.0078861573221209,"15","Rrbp1"
3.1669643190364e-07,0.769797227957662,0.931,0.624,0.00792659499411621,"15","Frmd5"
3.64665619534764e-07,1.07006324734775,0.828,0.424,0.0091272157913356,"15","Naaladl2"
3.90644841621728e-07,0.720848414300082,0.259,0.083,0.00977744974095023,"15","Entpd7"
