"p_val","avg_log2FC","pct.1","pct.2","p_val_adj","cluster","gene"
5.34400421481936e-66,3.23868569044356,0.848,0.197,1.33755081492714e-61,"0","6530403H02Rik"
3.54850992969505e-56,1.55873556158817,0.998,0.938,8.88156550303374e-52,"0","Kcnd2"
9.82294932644698e-49,1.9972525582731,0.954,0.333,2.45858598691641e-44,"0","Foxp2"
1.73907630157251e-45,1.83720804651038,0.963,0.484,4.35273407520585e-41,"0","Pbx3"
3.52806029505661e-37,1.13117191246111,0.983,0.795,8.83038211249718e-33,"0","Schip1"
8.89560073941398e-36,1.27298494411723,0.993,0.585,2.22647990906792e-31,"0","Meis2"
2.05789795306426e-35,1.990452577189,0.768,0.315,5.15071278672454e-31,"0","Ankfn1"
5.22711867222299e-35,2.54048392190076,0.628,0.148,1.30829553247069e-30,"0","B020031H02Rik"
9.27773426151322e-35,0.925230216776602,0.997,0.923,2.32212410831415e-30,"0","Csmd3"
1.57494643715494e-34,1.85726950430511,0.893,0.444,3.9419334375551e-30,"0","Olfm3"
2.63650863031426e-33,1.40231977061932,0.964,0.653,6.59891745081355e-29,"0","Grm8"
3.65414943601977e-33,2.36136212161506,0.651,0.162,9.14597062341389e-29,"0","Gm45680"
5.41063121649187e-30,0.685108071376038,0.999,0.982,1.35422688717575e-25,"0","Celf2"
2.85715979573352e-29,1.18019080950694,0.964,0.732,7.15118525274142e-25,"0","Prkg1"
4.15008395149481e-29,1.57897745698701,0.815,0.38,1.03872451221964e-24,"0","Ntng1"
5.02855029839434e-29,0.946636768085303,0.958,0.763,1.25859585418512e-24,"0","Ncam2"
3.58908055936322e-28,2.02119339606086,0.696,0.288,8.98310973203021e-24,"0","Vwc2l"
4.50220972224811e-28,1.75766221259893,0.769,0.363,1.12685807138148e-23,"0","Sphkap"
5.82771565506896e-27,0.859115828092866,0.977,0.881,1.45861895130721e-22,"0","Plcb1"
1.48675554054853e-26,0.9302870567269,0.997,0.898,3.72120044243892e-22,"0","Lrp1b"
2.46629963253911e-26,1.21668841521464,0.916,0.614,6.17290135028213e-22,"0","Inpp4b"
4.74313481393696e-26,1.62675209037183,0.656,0.289,1.18715921258028e-21,"0","Sv2c"
6.59866209972704e-26,1.21060364381401,0.9,0.652,1.65157913694068e-21,"0","Pde4b"
1.13056155168052e-25,1.93463961279221,0.728,0.252,2.82968250770117e-21,"0","Tshz1"
5.13590852869013e-25,0.88632522319792,0.876,0.75,1.28546654564585e-20,"0","Samd12"
1.31565045125065e-24,1.36089874570851,0.861,0.579,3.29294151443526e-20,"0","Pex5l"
1.42366516756348e-24,1.17705709533123,0.929,0.67,3.56329154789463e-20,"0","Trpm3"
2.87133945742658e-23,1.59890696873668,0.719,0.325,7.18667552799298e-19,"0","C79798"
7.11743912766684e-23,2.16829850386321,0.59,0.167,1.78142383926373e-18,"0","Chst9"
1.70201839475688e-22,1.43488832984508,0.693,0.37,4.259981840237e-18,"0","Cux2"
2.30450432462188e-22,1.29180986298929,0.85,0.489,5.7679438740961e-18,"0","Dpyd"
1.48528482828632e-21,1.33276006649481,0.656,0.338,3.71751939671782e-17,"0","Slit2"
2.94899594407565e-21,0.511213955760501,0.997,0.979,7.38104194842693e-17,"0","Syt1"
3.32268277258221e-21,0.779233670892148,0.973,0.844,8.31634271149602e-17,"0","Epha6"
7.03723741710341e-21,1.07234385487207,0.749,0.495,1.76135015312681e-16,"0","Plxdc2"
9.61778126503082e-21,0.406940085428775,1,0.996,2.40723447282456e-16,"0","Dlg2"
1.46423027941951e-20,0.733477764665114,0.98,0.841,3.66482196635909e-16,"0","Gabrg3"
1.60425761320052e-20,0.9461851822249,0.923,0.73,4.01529638007959e-16,"0","Pbx1"
9.56307055321014e-20,1.46486322803458,0.67,0.334,2.39354092876296e-15,"0","Csgalnact1"
1.37848106170191e-19,1.39676127970937,0.67,0.329,3.4502002493337e-15,"0","March3"
3.0140193037125e-19,1.84586441146424,0.636,0.222,7.54378891526201e-15,"0","Otof"
3.01594674467374e-18,0.671855754971828,0.988,0.905,7.5486131072439e-14,"0","Robo1"
4.50820287599878e-18,0.702242031162224,0.963,0.886,1.12835809783374e-13,"0","Ppp3ca"
3.30560569799406e-17,1.04309319722717,0.812,0.546,8.27360050150934e-13,"0","Cnksr2"
4.19043027748349e-17,0.933568249889707,0.779,0.538,1.04882279415134e-12,"0","Pde1a"
1.16767740882786e-16,0.885923372056094,0.76,0.521,2.92257978655524e-12,"0","St6galnac5"
1.23855397683769e-16,3.20655732261007,0.345,0.054,3.09997674862705e-12,"0","Gm49906"
1.30969109780588e-16,1.2399838601667,0.645,0.343,3.27802584869834e-12,"0","Plcl1"
2.63271040443956e-16,0.746411284458633,0.975,0.816,6.58941087127177e-12,"0","Gm26871"
2.73622458565678e-16,0.404138477355579,0.995,0.95,6.84849651544035e-12,"0","Pcdh9"
3.80516940250596e-16,1.3113502664237,0.644,0.334,9.52395849753217e-12,"0","Unc13c"
4.3670095853863e-16,1.27066204705275,0.525,0.243,1.09301882912634e-11,"0","Slc4a4"
5.06664457487498e-16,0.890416169930492,0.937,0.883,1.26813047064546e-11,"0","Phactr1"
1.05154868781656e-15,3.02534421962958,0.249,0.039,2.63192121073607e-11,"0","Col6a1"
1.87575581558459e-15,0.941352708172571,0.867,0.673,4.69482923082667e-11,"0","Ssbp2"
5.42115203845139e-15,0.84560090704478,0.875,0.726,1.356860143704e-10,"0","Slc35f1"
7.06292574171573e-15,1.30369670486218,0.584,0.304,1.76777968389403e-10,"0","Chn2"
1.61307282030399e-14,1.0080692535744,0.694,0.402,4.03735996193887e-10,"0","Htr1f"
3.43820236445999e-14,0.778370078426028,0.856,0.705,8.6054766980069e-10,"0","Dgkb"
4.75606417204929e-14,1.2864005863721,0.632,0.27,1.19039530162222e-09,"0","Kcnh5"
5.95922140409054e-14,0.650822932365362,0.942,0.71,1.49153352522982e-09,"0","Cacna2d3"
7.05007651763672e-14,0.780935729806861,0.945,0.824,1.76456365159929e-09,"0","B3galt1"
7.30088855280776e-14,1.45313262921717,0.496,0.229,1.82733939588226e-09,"0","Gm28905"
1.42655965234769e-13,1.07767584501669,0.747,0.474,3.57053615386104e-09,"0","4930419G24Rik"
1.55373521152456e-13,0.997330985554932,0.825,0.644,3.88884386092483e-09,"0","Camk1d"
2.08844535135555e-13,1.54173178277134,0.441,0.186,5.2271698699078e-09,"0","Adamts3"
2.50603747035079e-13,1.1889218262413,0.661,0.423,6.272361184541e-09,"0","Diaph2"
2.84307765458505e-13,0.634338164483854,0.981,0.843,7.11593906166092e-09,"0","Lingo2"
4.77009380992257e-13,1.20223349896591,0.437,0.223,1.19390677968552e-08,"0","Slc16a2"
5.60905168257197e-13,1.12908831707713,0.632,0.412,1.40388954563094e-08,"0","Rit2"
5.71706785498226e-13,0.60615235553183,0.671,0.477,1.43092491342351e-08,"0","Neto1"
5.84442592796498e-13,0.934364193247803,0.863,0.682,1.46280136551036e-08,"0","Ntrk3"
6.34704331131633e-13,1.02059640032062,0.544,0.243,1.58860147038936e-08,"0","Rarb"
8.94604242299523e-13,0.525489034457083,0.963,0.891,2.23910495805148e-08,"0","Lrrc4c"
1.18140634778519e-12,0.90107832215458,0.834,0.711,2.95694194787154e-08,"0","Plekha5"
1.60760851886369e-12,0.683542794242172,0.821,0.645,4.02368336186394e-08,"0","Tenm3"
3.64941654564587e-12,1.51397999274442,0.347,0.132,9.13412467209704e-08,"0","Col11a1"
3.68433032535808e-12,0.440851602488959,0.752,0.536,9.22151037133874e-08,"0","Cacna2d1"
5.8338584697965e-12,2.58710968444826,0.272,0.067,1.46015643640537e-07,"0","Tmod1"
7.63952169143609e-12,1.02861785086214,0.551,0.346,1.91209588414954e-07,"0","Kcnj6"
8.04598230202768e-12,0.446680302271778,0.988,0.913,2.01382891037451e-07,"0","Kirrel3"
8.7078687106587e-12,1.25713310915265,0.561,0.322,2.17949245959077e-07,"0","Fam184a"
9.43358724423852e-12,0.585394048797334,0.857,0.659,2.36113255136046e-07,"0","Cdh4"
9.58561347243767e-12,1.70798714642789,0.479,0.179,2.39918319601642e-07,"0","Fras1"
1.14192373215758e-11,0.519109199387906,0.999,0.792,2.8581209092172e-07,"0","Erbb4"
1.15008259634804e-11,1.51084714734235,0.366,0.165,2.8785417303995e-07,"0","Tle1"
1.41611294609403e-11,0.999084407581122,0.56,0.324,3.54438909277876e-07,"0","Gm15261"
1.56320637659053e-11,1.41393096360594,0.423,0.23,3.91254923996845e-07,"0","Garem1"
1.84867598587261e-11,0.72206740453762,0.673,0.523,4.62705112504055e-07,"0","Cux1"
2.55047054218396e-11,1.54983554685399,0.35,0.165,6.38357272003223e-07,"0","Usp12"
4.44524464605032e-11,0.48377182059706,0.745,0.488,1.11260028245993e-06,"0","Thsd7b"
4.56072176819808e-11,1.17648778607784,0.342,0.192,1.1415030513623e-06,"0","Itm2c"
5.2291730623427e-11,1.25823060553349,0.559,0.329,1.30880972577375e-06,"0","Gm37459"
1.90392891320947e-10,0.449687619556348,0.86,0.763,4.76534367687197e-06,"0","Dnm3"
2.03553007492332e-10,1.28201445807146,0.356,0.178,5.09472822452557e-06,"0","Gprin3"
2.05655751378916e-10,0.462847663669254,0.904,0.8,5.1473578012629e-06,"0","Tenm1"
2.923611433655e-10,0.640142057606283,0.787,0.661,7.3175070572951e-06,"0","Slc2a13"
2.98239937624524e-10,0.930588618247563,0.824,0.595,7.46464739880422e-06,"0","Elmo1"
4.77073295616048e-10,1.08549130859533,0.556,0.366,1.19406675159741e-05,"0","Rapgef5"
5.18468279112702e-10,0.607133502115939,0.68,0.436,1.29767425579118e-05,"0","Clstn2"
6.31345306176219e-10,0.556823365396635,0.765,0.601,1.58019416682846e-05,"0","Cdh18"
6.82951294348258e-10,1.46684961078817,0.391,0.175,1.70935879462425e-05,"0","Ptk2b"
1.26098175468602e-09,0.704053377697971,0.806,0.634,3.15611123380365e-05,"0","Pigk"
1.4766957907032e-09,0.58034640113573,0.9,0.769,3.69602189455104e-05,"0","Cacna1e"
1.93293172743211e-09,1.23467770268222,0.297,0.15,4.83793482058984e-05,"0","Gng4"
2.79869471638327e-09,0.468021248765588,0.822,0.687,7.00485300563569e-05,"0","Tnr"
4.03102373285098e-09,2.66746026563183,0.219,0.048,0.000100892493009527,"0","Casz1"
4.29197966959957e-09,1.28026922547377,0.243,0.111,0.000107423959150408,"0","Gm10115"
5.75380967932125e-09,0.515307118846656,0.77,0.688,0.000144012102463732,"0","R3hdm1"
5.78723184689479e-09,1.03638523979471,0.524,0.365,0.00014484862589593,"0","Zfp407"
6.58189977178065e-09,0.839091732489973,0.516,0.339,0.000164738369387898,"0","Rgl1"
7.14927239054691e-09,0.535964188806101,0.935,0.848,0.000178939138662999,"0","Tenm4"
7.49280231186293e-09,0.774085745970274,0.74,0.539,0.000187537349063617,"0","8030451O07Rik"
1.03245588612318e-08,0.909367190201054,0.474,0.298,0.00025841338373777,"0","Ano3"
1.3636498471351e-08,0.618397670362066,0.886,0.669,0.000341307920239444,"0","Arpp21"
1.47051717349994e-08,1.13316429375159,0.381,0.2,0.0003680557433553,"0","Lmo7"
1.94017546481312e-08,1.1663567137593,0.512,0.353,0.000485606517088075,"0","Abl2"
1.98549917632771e-08,1.23103324053697,0.484,0.25,0.000496950588843063,"0","Sntg2"
2.02054787632122e-08,0.473112750909187,0.95,0.899,0.000505722927964438,"0","Kalrn"
2.09675674876993e-08,0.830409558851601,0.571,0.424,0.000524797246649627,"0","St6galnac3"
2.13363522103171e-08,0.409675750483052,0.979,0.9,0.000534027559472027,"0","Grm7"
2.24984337972538e-08,1.08249351944258,0.663,0.392,0.000563113299511466,"0","Oprm1"
2.37330105821183e-08,1.30356690585069,0.493,0.233,0.000594013521859839,"0","Sema5b"
2.90480573535862e-08,1.25115246419199,0.377,0.179,0.000727043827502908,"0","Gm15345"
3.64343973220151e-08,2.06846111540948,0.276,0.081,0.000911916530572715,"0","Gm28494"
3.7920108181693e-08,1.00799873806998,0.456,0.29,0.000949102387679595,"0","Npas2"
4.35722700376702e-08,0.724783602554063,0.513,0.383,0.00109057034677285,"0","Khdrbs3"
4.871705644443e-08,1.03905597906205,0.476,0.249,0.00121933920574764,"0","Dchs2"
7.7942139571044e-08,0.846092443630042,0.55,0.382,0.00195081381132366,"0","Shtn1"
9.16273198150146e-08,0.807547840299101,0.697,0.568,0.00229334018765,"0","9630028H03Rik"
9.22134771273462e-08,1.58567071353462,0.348,0.164,0.00230801111902035,"0","Lrrk2"
1.13162432654854e-07,0.522986238864274,0.851,0.727,0.00283234252691833,"0","Cacnb4"
1.26512623229728e-07,0.755163232453157,0.435,0.252,0.00316648444681686,"0","Arhgap6"
1.67906413999136e-07,1.44538035202531,0.377,0.169,0.00420252963598437,"0","Lypd1"
1.69400252055803e-07,0.96700065709161,0.247,0.147,0.0042399189087047,"0","Snx7"
1.73103034108514e-07,0.790262908401946,0.368,0.254,0.00433259584070201,"0","Gm15810"
1.97353756604037e-07,1.11212384366497,0.496,0.309,0.00493956717404243,"0","Kctd1"
2.09014981941137e-07,1.41246007662939,0.206,0.079,0.00523143598300473,"0","G630016G05Rik"
2.09737439563316e-07,1.56840837697281,0.258,0.116,0.00524951837483024,"0","Peli2"
2.46709422435859e-07,0.508923584864794,0.886,0.725,0.00617489013414712,"0","Cdh13"
2.7268285227421e-07,0.558879885364241,0.795,0.699,0.00682497910957121,"0","Dok6"
2.88582884015132e-07,0.730302714101547,0.738,0.627,0.00722294100401474,"0","Gpr158"
2.98378609384938e-07,1.11319914210009,0.594,0.35,0.00746811821429562,"0","Kcnh1"
3.10326291338058e-07,0.421536025746273,0.869,0.796,0.00776715674590026,"0","Dock3"
3.32704698271117e-07,1.18842735068856,0.28,0.146,0.00832726589302779,"0","Hccs"
8.11341962140595e-36,1.23748179684263,0.916,0.567,2.0307077970417e-31,"1","Dscam"
5.17909819358819e-33,2.76752904072253,0.661,0.201,1.29627648687319e-28,"1","Tshz2"
5.94746391957397e-29,2.62561879792656,0.571,0.156,1.48859074443017e-24,"1","Rmst"
1.36310446662604e-28,0.502138712606928,1,1,3.41171416951831e-24,"1","Meg3"
4.89373994018311e-27,1.25864445330532,0.835,0.545,1.22485416962843e-22,"1","Lhfpl3"
2.52754316937015e-21,0.685613022804023,0.93,0.804,6.32618779861655e-17,"1","Gabrb1"
8.44454243150183e-21,1.26561195517536,0.704,0.418,2.11358452518059e-16,"1","Car10"
1.53357299243092e-18,1.36474269908551,0.712,0.335,3.83837984275535e-14,"1","Gm32509"
2.85678508699903e-18,0.952134879941141,0.918,0.774,7.15024739424987e-14,"1","Pcdh7"
1.32776317246352e-16,0.786970635941105,0.955,0.824,3.32325844435895e-12,"1","Grid2"
1.75110093404326e-16,0.709309697883151,0.944,0.878,4.38283052781688e-12,"1","Asic2"
1.33168655692466e-15,1.16690759716044,0.854,0.561,3.33307828332674e-11,"1","March1"
1.9752370840813e-15,0.969495107339089,0.646,0.384,4.9438208977471e-11,"1","Spock1"
2.7220524390469e-15,0.996660260512831,0.716,0.45,6.81302504969048e-11,"1","Pdzrn4"
4.93537630523176e-15,1.96867351005909,0.436,0.154,1.23527533543646e-10,"1","B230217J21Rik"
8.60986966480282e-14,1.79685278218024,0.342,0.122,2.1549642784035e-09,"1","Glra3"
3.83507791255468e-13,0.460963048912929,0.974,0.938,9.59881650733312e-09,"1","Ahi1"
9.45011800288602e-13,1.48695187584756,0.464,0.198,2.36527003494234e-08,"1","Zfhx3"
1.82457410808042e-12,1.54081708213036,0.37,0.174,4.56672653511448e-08,"1","Gm32647"
1.89656739184091e-12,1.5831086813479,0.375,0.14,4.74691852503861e-08,"1","Scn5a"
3.57821486883194e-12,1.76287726323016,0.302,0.111,8.95591399519946e-08,"1","Arhgap24"
3.87219317302812e-12,0.713352680341014,0.92,0.772,9.69171229277209e-08,"1","Dab1"
5.45583198693615e-12,0.929297641812483,0.432,0.255,1.36554018801025e-07,"1","Gm11418"
5.64530742749734e-12,1.01874770440961,0.708,0.482,1.41296399602831e-07,"1","Gnas"
7.62768679573274e-12,0.998093806145912,0.65,0.413,1.90913372810395e-07,"1","Ccdc85a"
2.05164852727116e-11,1.20845947355626,0.454,0.247,5.135071098907e-07,"1","Cep112"
3.49332531459869e-11,1.42690421901,0.418,0.189,8.74344392990907e-07,"1","Pdcd7"
3.63613875629122e-11,0.793937680641359,0.863,0.663,9.10089169312129e-07,"1","Sgcz"
6.62027876525037e-11,0.722560490095428,0.852,0.69,1.65698957215451e-06,"1","Agbl4"
1.03042466359218e-10,0.644216423296115,0.865,0.721,2.57904989050487e-06,"1","Slc8a1"
1.09786194902275e-10,0.89903756173602,0.754,0.543,2.74783867220904e-06,"1","Mgat4c"
1.26265657800398e-10,0.96252017955155,0.951,0.886,3.16030314908616e-06,"1","Ptprd"
2.06186627923585e-10,2.14827762561293,0.237,0.069,5.1606451102994e-06,"1","Tmem163"
2.22468953362684e-10,0.614251945783797,0.571,0.395,5.56817543371463e-06,"1","Apbb2"
2.30078480042634e-10,0.623560487943904,0.954,0.946,5.7586342769871e-06,"1","Lrrtm4"
3.05321136735415e-10,0.924351276738711,0.625,0.399,7.6418827313507e-06,"1","Hs6st3"
3.29454876070511e-10,0.489181385649838,0.617,0.479,8.24592609316881e-06,"1","Tafa5"
4.36895578904543e-10,1.4323108751909,0.259,0.112,1.09350594444018e-05,"1","Klhl1"
9.43711911953804e-10,0.599073777247021,0.613,0.472,2.36201654442918e-05,"1","D830024N08Rik"
2.2034533341872e-09,1.42459434134653,0.482,0.23,5.51502335013715e-05,"1","Nova1"
3.81961772712324e-09,0.43736377794784,0.966,0.894,9.56012120921674e-05,"1","Rian"
4.79694241509228e-09,0.621444658376886,0.877,0.75,0.000120062671707345,"1","Camta1"
5.10212215511621e-09,1.00717110874311,0.603,0.407,0.000127701015420404,"1","D030068K23Rik"
8.44144692629059e-09,0.630297875405294,0.737,0.584,0.000211280975118127,"1","Klhl29"
1.05452098914643e-08,0.483380651877882,0.908,0.832,0.00026393605837346,"1","Usp29"
1.11932262394118e-08,0.865500270822845,0.613,0.397,0.000280155259546237,"1","Nell1"
1.77836798623551e-08,0.628071295558624,0.704,0.538,0.000445107723274886,"1","Dync1i1"
2.02335276655987e-08,0.582835163216164,0.768,0.629,0.000506424963942269,"1","Csmd2"
4.75162547506414e-08,0.448848968385379,0.986,0.948,0.0011892843401538,"1","Frmd4a"
5.1341393058007e-08,1.38742636184459,0.262,0.127,0.00128502372684886,"1","Phactr2"
5.42788836233751e-08,0.924099867151053,0.6,0.413,0.00135854617820946,"1","Edil3"
5.58441572290845e-08,0.437654763739344,0.464,0.361,0.00139772341128676,"1","4930570B17Rik"
5.67778907103509e-08,0.453921190445751,0.628,0.493,0.00142109382658937,"1","Gm45321"
8.23444487273279e-08,1.71538525087339,0.48,0.265,0.00206099920719629,"1","Hs3st4"
9.10240995697457e-08,1.1418275350751,0.261,0.123,0.00227824218813117,"1","Cfap54"
9.12161737477177e-08,1.32064958943823,0.208,0.083,0.00228304961273163,"1","Efcab1"
1.03389479260928e-07,0.724299299453403,0.628,0.43,0.00258773527642177,"1","Grik1"
1.24856070602625e-07,0.528541706177658,0.639,0.486,0.00312502259111311,"1","Sez6l"
1.39463701167555e-07,0.499654148713546,0.744,0.605,0.00349063697652274,"1","Camk2d"
1.43331244411181e-07,0.926252258750517,0.513,0.343,0.00358743771636744,"1","Gm30382"
1.54366215874598e-07,0.416946524832273,0.703,0.515,0.00386363201712531,"1","Unc5c"
1.82002173410817e-07,0.693111718325743,0.413,0.294,0.00455533239829934,"1","Gm11417"
1.87384171929709e-07,0.912060330857037,0.54,0.315,0.00469003843922867,"1","Slc8a3"
2.29264854566897e-07,0.934356261814374,0.42,0.251,0.00573827004495485,"1","5530401A14Rik"
2.70116043790481e-07,1.34723896532824,0.339,0.158,0.00676073446003195,"1","Tle4"
2.81316228634415e-07,0.512244746574813,0.863,0.731,0.00704106388649077,"1","A230006K03Rik"
3.40751374285996e-07,1.04715910342105,0.398,0.211,0.00852866614700418,"1","Crim1"
3.44299405225185e-07,1.22221724241481,0.35,0.166,0.00861746981338116,"1","Gm42303"
3.53397254722494e-07,0.921157644788617,0.526,0.333,0.00884517988844929,"1","Htr2c"
2.78966070172161e-54,1.8274210065153,0.961,0.413,6.98224177033901e-50,"2","Foxp2"
6.99892173648578e-45,1.29043779488736,0.98,0.86,1.75176012142503e-40,"2","Epha6"
3.04154407563654e-41,1.44856377951902,0.957,0.547,7.61268066691069e-37,"2","Pbx3"
3.24195036138389e-40,1.35359053223766,0.991,0.638,8.11427755950775e-36,"2","Meis2"
1.0224565462117e-36,0.833837381723319,0.996,0.966,2.55910648951326e-32,"2","Dlgap1"
2.84611556682083e-36,0.930835704329833,0.954,0.886,7.12354265219586e-32,"2","Rims2"
6.92384592462129e-36,1.01054958740496,0.998,0.819,1.73296939647346e-31,"2","Erbb4"
1.10080449779249e-35,1.90048678999229,0.835,0.447,2.75520357752483e-31,"2","Cpne4"
1.04397671258202e-33,1.41840336294145,0.874,0.547,2.61296931392153e-29,"2","Zfp804b"
1.49976584610888e-33,1.4151901279813,0.915,0.644,3.75376393622591e-29,"2","Fat3"
1.6860849652273e-33,1.37983877274789,0.941,0.686,4.2201020594674e-29,"2","Sema6d"
2.35368219446968e-33,1.50708943580134,0.835,0.427,5.89103116453816e-29,"2","Nfib"
5.9738851688526e-33,0.987790168696975,0.998,0.958,1.49520371891212e-28,"2","Kcnip4"
1.27122259475326e-31,2.09409006689626,0.735,0.305,3.18174303240793e-27,"2","Kcnh5"
1.95600685900582e-31,1.4532537470806,0.8,0.428,4.89568956740568e-27,"2","Htr1f"
1.48679368749393e-28,1.39010890280887,0.857,0.614,3.72129592042856e-24,"2","Pak7"
1.86596410155101e-28,1.07389608777205,0.95,0.822,4.67032154977202e-24,"2","Ctnna3"
1.00019644246703e-27,1.19163751077302,0.959,0.694,2.50339167585074e-23,"2","Grm8"
1.5880133164684e-25,1.24029691216086,0.924,0.75,3.97463852978875e-21,"2","Sgcd"
1.67984767782258e-25,1.47586371138299,0.715,0.308,4.20449075282214e-21,"2","Cadps2"
7.97201867839536e-25,1.67127819711985,0.73,0.314,1.99531655501557e-20,"2","Tshz1"
1.00594171743656e-24,0.648103142390132,0.991,0.946,2.51777152457196e-20,"2","Kcnd2"
1.20363927256102e-24,1.95432698791661,0.622,0.218,3.01258873529298e-20,"2","Chst9"
1.8398962651196e-24,0.985533063521388,0.904,0.654,4.60507636196784e-20,"2","Inpp4b"
8.21507540254347e-24,1.42124958387101,0.746,0.373,2.05615122250261e-19,"2","C79798"
1.16930001911463e-23,2.05665193234839,0.554,0.209,2.92664101784202e-19,"2","Pld5"
1.41771423719156e-23,2.416627942028,0.493,0.143,3.54839696426675e-19,"2","Chrm2"
5.60271274141489e-23,1.31201930258774,0.8,0.528,1.40230297204873e-18,"2","Msra"
1.45514015390291e-22,0.67151439204911,0.983,0.954,3.64207029120358e-18,"2","Lrrc7"
1.93008446994081e-22,0.681294662253654,0.989,0.838,4.83080841981484e-18,"2","Sox2ot"
2.82979204915925e-22,0.718858634457805,0.963,0.838,7.08268651984069e-18,"2","Gm26871"
1.20823138184052e-20,0.889347346780831,0.987,0.956,3.02408232560863e-16,"2","Dpp6"
1.69776364712435e-20,0.916180851817655,0.948,0.839,4.24933263238755e-16,"2","B3galt1"
2.30176202778887e-20,1.19844759160471,0.815,0.582,5.76108017935276e-16,"2","Lrrtm3"
2.34418815256411e-20,0.86393176792543,0.902,0.737,5.8672685270527e-16,"2","Cacnb4"
1.22521814841441e-19,1.209860211195,0.724,0.468,3.06659850366642e-15,"2","Xylt1"
6.30219868433291e-19,0.811644713479371,0.972,0.86,1.57737730870168e-14,"2","Gabrg3"
2.77076166219239e-18,0.722817092309244,0.989,0.953,6.93493936430133e-14,"2","Cadm2"
2.79484913593366e-17,1.48846522336668,0.687,0.367,6.99522790232836e-13,"2","Sdk2"
3.53569533908589e-17,1.03791207386361,0.872,0.699,8.84949186419807e-13,"2","Alcam"
1.09255760618814e-16,1.81022317813305,0.543,0.257,2.73456243252829e-12,"2","Gm40841"
2.07794346328887e-16,2.65210090300424,0.33,0.063,5.20088469426571e-12,"2","Rai14"
2.09421736945736e-16,0.990025244961247,0.859,0.616,5.24161665401482e-12,"2","Pex5l"
6.32854210477159e-16,1.44570754173267,0.63,0.393,1.58397080340328e-11,"2","Brinp2"
1.39288817048808e-15,0.662664251643402,0.835,0.623,3.48625980191461e-11,"2","Sorcs3"
2.10326069953092e-15,0.551182236446406,0.957,0.748,5.26425120485594e-11,"2","Gm38505"
7.67779713966715e-15,1.38978185147427,0.561,0.259,1.92167584608729e-10,"2","Sema5b"
8.81425288991191e-15,0.849802017934692,0.933,0.741,2.20611935581605e-10,"2","Cdh13"
1.3999120465124e-14,0.835026527580218,0.859,0.755,3.50383986121589e-10,"2","Hivep2"
1.4493067614975e-14,0.835868953999908,0.761,0.628,3.62746989335209e-10,"2","Ppm1e"
1.70161405851061e-14,0.674397490155125,0.924,0.861,4.25896982704621e-10,"2","Tanc2"
3.84945408158082e-14,0.631224028547054,0.907,0.757,9.63479862078864e-10,"2","Pbx1"
4.40806417762819e-14,1.51842497835941,0.557,0.289,1.10329438301856e-09,"2","Fbxl7"
9.57502039577959e-14,1.3816969182399,0.63,0.386,2.39653185485967e-09,"2","Sorcs2"
2.23452966888989e-13,0.63935108762637,0.972,0.937,5.59280430826452e-09,"2","Celf4"
2.74447432923531e-13,0.839386400316231,0.763,0.599,6.86914479864306e-09,"2","Cers6"
2.9774177993797e-13,0.921807193899043,0.689,0.514,7.45217901006745e-09,"2","Chsy3"
3.08958465847107e-13,1.37510740433039,0.663,0.373,7.73292144168723e-09,"2","March3"
5.27561016361206e-13,0.495974705073218,0.952,0.913,1.32043246785046e-08,"2","Rims1"
1.23381274073453e-12,0.708089681990319,0.854,0.776,3.08810990878446e-08,"2","Dnm3"
1.48697939340545e-12,1.19967849124847,0.5,0.242,3.7217607237545e-08,"2","Gm45680"
1.4909732758283e-12,0.425951439082282,0.983,0.98,3.73175701207064e-08,"2","Auts2"
1.49506511670047e-12,1.41546955025863,0.548,0.286,3.74199848058961e-08,"2","Otof"
1.61849695471537e-12,0.703431305191472,0.82,0.705,4.0509360279571e-08,"2","Tnr"
2.61196990334068e-12,2.07154204538754,0.333,0.099,6.53749947107139e-08,"2","Kcnh8"
2.62002211838878e-12,1.23856501884644,0.593,0.341,6.55765336011528e-08,"2","Cpne5"
2.94294846194762e-12,1.12890504103775,0.624,0.394,7.3659057054087e-08,"2","Mpped2"
3.20126925084338e-12,1.07516448102477,0.493,0.282,8.0124568079359e-08,"2","Sox1ot"
3.40699410096696e-12,0.692095711832073,0.767,0.545,8.52736553531021e-08,"2","Dpyd"
3.79339796205739e-12,0.587379458299153,0.891,0.697,9.49449575923345e-08,"2","Arpp21"
4.54938267804628e-12,1.09306729010928,0.687,0.457,1.1386649904882e-07,"2","Tmem132d"
5.46759505663894e-12,0.866633091608334,0.802,0.559,1.36848436672616e-07,"2","Cacna2d1"
7.47443756490742e-12,1.95383473619629,0.417,0.163,1.87077697812068e-07,"2","Homer2"
1.45675736312939e-11,1.16704338873522,0.648,0.428,3.64611800417655e-07,"2","Oprm1"
2.24512557153228e-11,0.813774606875914,0.743,0.588,5.61932479298814e-07,"2","Cnksr2"
2.27068874629928e-11,0.546529115503779,0.978,0.961,5.68330686311246e-07,"2","Nlgn1"
2.32867177059486e-11,1.42878243926163,0.424,0.214,5.82843257462189e-07,"2","Rerg"
3.13362641030416e-11,0.619008126081027,0.824,0.616,7.84315354235028e-07,"2","Cdh18"
3.69774327252227e-11,1.16637500833552,0.574,0.381,9.25508163679599e-07,"2","Zfp407"
5.76353501503614e-11,0.912743404403479,0.728,0.429,1.44255517891339e-06,"2","Ptprm"
8.4463656168866e-11,1.25824623595462,0.509,0.317,2.11404085025055e-06,"2","Airn"
1.38375109282619e-10,0.427568665324187,0.926,0.9,3.46339061023467e-06,"2","Ppp3ca"
1.77479328503331e-10,0.87385127111482,0.796,0.628,4.44213011310987e-06,"2","Elmo1"
2.39281444344425e-10,1.00667740813231,0.604,0.387,5.9889752704966e-06,"2","Plcl1"
4.2140381253696e-10,0.66842596529792,0.915,0.82,1.05473160239876e-05,"2","Ralyl"
5.24353718847757e-10,0.902413629186644,0.817,0.666,1.31240492290405e-05,"2","Atp8a1"
5.58587731448399e-10,0.63882198947934,0.852,0.768,1.3980892330422e-05,"2","Grin2a"
7.35331913310462e-10,0.809726723310635,0.704,0.483,1.84046224582475e-05,"2","Cdh8"
7.61235757173516e-10,0.624099917661541,0.798,0.695,1.90529697662959e-05,"2","Pde4b"
8.61817006505217e-10,1.13561955502133,0.47,0.228,2.15704178558191e-05,"2","B020031H02Rik"
1.12961897163694e-09,1.27557605727942,0.457,0.259,2.82732332411009e-05,"2","Cdh22"
1.18103407290166e-09,0.866400988426406,0.722,0.557,2.95601018106555e-05,"2","Ncald"
1.19845970586017e-09,0.699389294034651,0.737,0.579,2.99962479779742e-05,"2","Kcnab1"
1.5230457893021e-09,0.492120916578961,0.935,0.889,3.81203130604423e-05,"2","Myt1l"
2.37579055791915e-09,1.42110996299249,0.363,0.184,5.94636618741584e-05,"2","Dok5"
2.40776270061841e-09,1.69878936419923,0.441,0.209,6.02638926337782e-05,"2","Ajap1"
3.43427991468146e-09,0.666306813837218,0.867,0.746,8.59565919845622e-05,"2","Slc35f1"
4.16017300225042e-09,0.41939525739579,0.97,0.918,0.000104124970073326,"2","Robo1"
6.39686696654527e-09,1.34706941700022,0.393,0.203,0.000160107183305662,"2","Gm15345"
8.76951102627216e-09,1.46534250125315,0.276,0.114,0.000219492091476566,"2","Gpc3"
9.99366907216623e-09,0.753941515452536,0.707,0.546,0.000250131543207249,"2","A330015K06Rik"
1.13816003713466e-08,1.30231781811306,0.539,0.301,0.000284870075694434,"2","Glra2"
1.34804250829767e-08,1.66553749715791,0.389,0.185,0.000337401559401825,"2","Col23a1"
4.77696770734746e-08,0.689922966376618,0.698,0.524,0.001195627247472,"2","Olfm3"
6.17530511079094e-08,1.83869735345302,0.3,0.116,0.00154561711617986,"2","Mdga1"
8.44425788158701e-08,1.37670688520545,0.32,0.162,0.00211351330518241,"2","Rasgrp1"
1.07476515052833e-07,0.422853220126379,0.913,0.891,0.00269002969525735,"2","Cadps"
1.18660941740093e-07,0.974310085348656,0.391,0.255,0.00296996471081279,"2","Slc16a2"
1.23296194387268e-07,1.4118015793071,0.298,0.145,0.00308598044931893,"2","Ptpn3"
1.28983413544095e-07,0.641978574813684,0.85,0.753,0.00322832585759514,"2","Fry"
1.59461752748038e-07,1.99867189211789,0.296,0.097,0.00399116820953065,"2","Tll1"
1.66520719054565e-07,1.65597464289509,0.413,0.177,0.00416784707721671,"2","Tspan9"
1.6975662337093e-07,0.463335205030446,0.978,0.924,0.00424883852635101,"2","Kirrel3"
1.93373696063916e-07,0.868530894815865,0.622,0.468,0.00483995023878375,"2","Necab1"
2.17093139830503e-07,0.852316417548633,0.433,0.313,0.00543362419681765,"2","Cap2"
2.80780013729725e-07,1.92788622583123,0.307,0.112,0.0070276429636413,"2","B3glct"
3.44831878506733e-07,0.599917555839716,0.761,0.702,0.00863079708714503,"2","Astn1"
3.55834653569383e-07,0.580543983072326,0.843,0.734,0.00890618554418808,"2","Rbfox3"
3.8314063015018e-07,0.467677906224602,0.896,0.707,0.00958962683202885,"2","Trpm3"
3.90927505775337e-07,0.70159063257047,0.478,0.377,0.00978452454205091,"2","Kcnb1"
1.01243600081954e-76,2.79886094082693,0.952,0.241,2.53402606645123e-72,"3","Sox6"
1.28996991702039e-60,2.06561393614921,0.977,0.341,3.22866570531033e-56,"3","Nxph1"
6.23969734982422e-51,2.03187103619138,0.899,0.677,1.5617338496875e-46,"3","Etl4"
1.3816419053823e-50,1.89657651048932,0.97,0.75,3.45811152498135e-46,"3","Gm38505"
1.2547109471445e-48,1.64060932281025,0.959,0.745,3.14041602960797e-44,"3","Ptprt"
2.9820123075566e-47,1.46439137322984,0.959,0.565,7.46367860458341e-43,"3","Tcf4"
1.43433109219394e-46,1.49479951934712,0.992,0.84,3.58998729065221e-42,"3","Sox2ot"
1.43604551825111e-45,2.50369965432703,0.704,0.231,3.59427832763071e-41,"3","Gm17171"
7.19297130732725e-45,2.09288623938666,0.876,0.277,1.80032878851094e-40,"3","Kcnmb2"
1.03448196509856e-43,1.56277160328825,0.927,0.425,2.58920491044518e-39,"3","Grik1"
6.49838029597218e-40,2.92822486589615,0.625,0.104,1.62647960427888e-35,"3","Gm45025"
2.8225515240997e-39,4.45600374487745,0.582,0.055,7.06456420966915e-35,"3","Sst"
6.34728068466838e-39,2.16181488483942,0.825,0.348,1.58866088256565e-34,"3","Col25a1"
1.38502166439798e-38,1.81515588218047,0.876,0.441,3.46657072382172e-34,"3","4930509J09Rik"
2.72253522415062e-38,2.26658072608544,0.668,0.199,6.81423341252657e-34,"3","Maf"
1.56781463098794e-37,2.01203542317298,0.805,0.341,3.92408323989971e-33,"3","Grin3a"
2.84317916579342e-37,1.01077308360901,0.975,0.945,7.11619313406436e-33,"3","Magi2"
3.7033596109205e-37,2.87438416724047,0.628,0.147,9.26913877017293e-33,"3","Ndst4"
4.43867697203523e-37,1.93210610496723,0.818,0.409,1.1109564593307e-32,"3","Tox"
7.87583533100281e-37,2.97896713126794,0.638,0.126,1.97124282499669e-32,"3","Elfn1"
3.35162034562387e-35,1.78389994121558,0.77,0.269,8.38877056306198e-31,"3","Kctd8"
1.54328012984164e-31,1.98393975605383,0.79,0.279,3.86267583698064e-27,"3","Cntnap4"
1.77901400966587e-31,1.49217910424279,0.878,0.486,4.4526941647927e-27,"3","Gm20754"
5.08763457642009e-27,1.52064601580587,0.729,0.323,1.27338405813218e-22,"3","Aff2"
8.11487446819612e-27,0.794152802533943,0.985,0.976,2.03107193064481e-22,"3","Gria1"
1.57066975384417e-26,1.22770324513222,0.909,0.594,3.93122932689658e-22,"3","Gm15398"
3.38524334976098e-26,1.87751778152439,0.549,0.167,8.47292558011676e-22,"3","Cntnap3"
4.80709891745381e-26,1.94911323228695,0.62,0.269,1.20316878804952e-21,"3","Lmo3"
8.15526344095547e-26,1.84063832137513,0.716,0.346,2.04118088663675e-21,"3","Klhl32"
9.77862178952499e-26,0.911673319890287,0.952,0.834,2.44749124770021e-21,"3","Gria4"
3.40774243833569e-25,0.839742805459515,0.97,0.915,8.52923854891041e-21,"3","Dlgap2"
8.04522968046615e-25,1.94219542925487,0.595,0.242,2.01364053672387e-20,"3","Man1a"
1.11971717947382e-24,1.19461441574707,0.853,0.459,2.80254012850503e-20,"3","Kcnip1"
2.18940332126004e-23,1.39497302529945,0.782,0.429,5.47985757278175e-19,"3","Ptprm"
2.44193681306733e-23,0.495212014553479,0.987,0.917,6.11192364942623e-19,"3","Grip1"
2.74253763651192e-23,2.68611185922322,0.395,0.069,6.86429745042568e-19,"3","Moxd1"
3.71076608461571e-23,1.34396317748654,0.785,0.362,9.28767643318466e-19,"3","Alk"
2.18721507977726e-22,1.05012465200839,0.947,0.786,5.47438062317449e-18,"3","Nkain3"
4.38037828932799e-22,0.982027396527863,0.876,0.555,1.0963648820359e-17,"3","Kcnc2"
6.20216596102051e-22,2.12588667537747,0.603,0.207,1.55234011838382e-17,"3","Pip5k1b"
6.44360012263612e-22,1.59548305934035,0.433,0.142,1.61276867469459e-17,"3","Col19a1"
9.89210875897736e-22,1.62618663865629,0.59,0.268,2.47589590128444e-17,"3","Smarca2"
1.68250468634864e-21,1.59811176713716,0.608,0.28,4.211140979462e-17,"3","Tmcc3"
2.05341732442289e-21,1.14094407867475,0.904,0.681,5.13949822129805e-17,"3","Frmd5"
4.70581546078e-21,1.19804036759967,0.777,0.431,1.17781855167863e-16,"3","Thsd7a"
7.9960280597381e-21,3.09816679761186,0.337,0.046,2.00132586307185e-16,"3","Lhx6"
9.63870800558075e-21,0.936245210073479,0.962,0.761,2.41247222671681e-16,"3","Pcdh15"
1.02592665136424e-20,1.53544481068179,0.62,0.277,2.56779181569956e-16,"3","Gm12296"
1.96990285114674e-20,1.9297240870414,0.534,0.177,4.93046984613517e-16,"3","Gm28307"
2.63038290167914e-20,1.40610047283799,0.666,0.309,6.58358536461272e-16,"3","Vwc2"
4.84472142661584e-20,1.32097172828869,0.658,0.299,1.21258532586768e-15,"3","Elavl2"
7.27604219814639e-20,1.98058276768124,0.486,0.153,1.82112060177406e-15,"3","Gm45904"
1.24489518983769e-19,0.400009499984833,1,1,3.11584817064475e-15,"3","Meg3"
1.45837503300448e-19,1.54992093068618,0.63,0.287,3.65016687010691e-15,"3","Fgf1"
1.8775718096845e-19,0.965585635647533,0.825,0.596,4.69937448245933e-15,"3","Gm1992"
2.10998261094065e-19,3.09802809509765,0.268,0.04,5.28107547692336e-15,"3","Pstpip2"
2.80575835998823e-19,1.87296183005052,0.446,0.132,7.02253259921455e-15,"3","Calb1"
5.0289710719744e-19,1.48747242141453,0.522,0.216,1.25870116960447e-14,"3","Gm16083"
2.64230431045973e-18,0.952380756868281,0.734,0.476,6.61342345864965e-14,"3","Fam135b"
3.74842749524927e-18,3.03322587555787,0.329,0.053,9.3819391778594e-14,"3","Mkx"
6.37962790428097e-18,0.691684355419838,0.613,0.277,1.59675706816248e-13,"3","Zfp536"
1.73375672863639e-17,0.86195200394255,0.676,0.33,4.33941971610403e-13,"3","Zeb2"
1.82262331959355e-17,0.656576413491111,0.947,0.868,4.5618439066107e-13,"3","Fgf12"
2.51675139282004e-17,2.10577553714268,0.466,0.124,6.29917706108928e-13,"3","Mpped1"
5.29874244293961e-17,0.94861368655668,0.575,0.269,1.32622224604336e-12,"3","Il1rapl2"
7.75967398621706e-17,0.448237485222709,0.995,0.967,1.94216880201027e-12,"3","Dlgap1"
1.20696341682754e-16,0.589051019845596,0.975,0.918,3.02090873597764e-12,"3","Xkr4"
1.57783739009189e-16,2.35142359073908,0.289,0.062,3.94916920366098e-12,"3","4930488N15Rik"
1.79378032068647e-16,0.89949658473899,0.684,0.425,4.48965276464617e-12,"3","Dgkg"
2.14860825270278e-16,0.847802887914777,0.861,0.618,5.3777515956898e-12,"3","Astn2"
2.27378073954568e-16,1.82998283241391,0.359,0.13,5.69104581300888e-12,"3","Gm13963"
2.61541590085309e-16,4.22924024472737,0.253,0.024,6.5461244582452e-12,"3","Npy"
3.90400743777312e-16,1.09554909525395,0.704,0.451,9.77134021600234e-12,"3","Epb41l3"
1.14499549526299e-15,2.38952856730322,0.337,0.08,2.86580922509374e-11,"3","Gm20616"
1.16133685421747e-15,1.9114542467969,0.327,0.105,2.9067100124209e-11,"3","Trpc6"
2.31830882964208e-15,1.04369558365123,0.792,0.509,5.80249516971116e-11,"3","Gria3"
3.35318545136334e-15,1.42050904460224,0.534,0.222,8.3926878662173e-11,"3","Gm48749"
3.67219785912302e-15,1.03313036721753,0.732,0.432,9.19114402159901e-11,"3","Oxr1"
3.77618418438661e-15,2.20232287133269,0.397,0.104,9.45141139510124e-11,"3","Tmem132cos"
6.57840352977407e-15,1.71047466204931,0.461,0.15,1.64650861946715e-10,"3","Tox3"
1.02142541642299e-14,1.52813850922314,0.41,0.156,2.55652567476511e-10,"3","Gm42695"
1.12726444539237e-14,0.916774541844135,0.694,0.419,2.82143018037257e-10,"3","Chrm3"
2.03722664510348e-14,0.533927597650655,0.906,0.699,5.0989745700295e-10,"3","Rbms3"
3.01204986148657e-14,1.2358238485279,0.722,0.439,7.53885959831473e-10,"3","Gsdme"
3.62931148213929e-14,0.802682410942165,0.848,0.778,9.08380370864642e-10,"3","Dmd"
4.21306265603668e-14,1.17223252162771,0.486,0.232,1.05448745217942e-09,"3","9630014M24Rik"
4.4753530210123e-14,1.4870268608133,0.415,0.18,1.12013610762917e-09,"3","Sema3a"
5.26755122350065e-14,1.00677121004489,0.638,0.354,1.31841539572998e-09,"3","Gm48321"
5.71038320155195e-14,1.57173573288265,0.527,0.266,1.42925181151644e-09,"3","Epha7"
8.56159174678491e-14,0.99197060173619,0.775,0.564,2.14288079830279e-09,"3","4930517O19Rik"
9.53888623713903e-14,1.91189149799442,0.392,0.111,2.38748783629353e-09,"3","6330576A10Rik"
9.89005435003614e-14,1.44772552612667,0.314,0.135,2.47538170327055e-09,"3","Fmn1"
1.72664931833348e-13,2.15691153187432,0.263,0.056,4.32163057885687e-09,"3","Gm11802"
1.87040783179358e-13,0.897270168043564,0.671,0.402,4.68144376219616e-09,"3","Gm2516"
1.91151028377205e-13,1.49769361066456,0.537,0.265,4.78431908925306e-09,"3","Utrn"
1.91770015755579e-13,1.04419382470962,0.742,0.481,4.79981172434638e-09,"3","Grik3"
2.24547295143973e-13,1.14134722834086,0.646,0.39,5.6201942501585e-09,"3","Shisa6"
2.35914941846754e-13,1.82661748360118,0.357,0.11,5.9047150794824e-09,"3","Bche"
2.52288766238514e-13,1.59867729490477,0.322,0.102,6.31453553018378e-09,"3","Tmem44"
3.79169366214781e-13,1.49445438995392,0.491,0.201,9.49023006698975e-09,"3","Pcsk5"
4.21249580675306e-13,1.7386343283214,0.39,0.146,1.05434557547222e-08,"3","1110004F10Rik"
6.3541299464382e-13,0.48595116417955,0.99,0.965,1.59037518429402e-08,"3","Ube3a"
7.42406446027094e-13,0.55921700185362,0.732,0.548,1.85816909376121e-08,"3","C130073E24Rik"
1.07926315028811e-12,0.528232230857465,0.848,0.633,2.70128773885611e-08,"3","Dscaml1"
1.10075952254886e-12,0.593694645689161,0.919,0.82,2.75509100898753e-08,"3","A230057D06Rik"
1.33697801791103e-12,2.07236133920289,0.284,0.071,3.34632228102951e-08,"3","Tbc1d4"
1.66749106278382e-12,2.33832457049654,0.294,0.068,4.17356338104161e-08,"3","Whrn"
1.92288633017997e-12,1.03654909044024,0.739,0.495,4.81279219580744e-08,"3","Chl1"
2.09554773035423e-12,0.664963253807503,0.916,0.823,5.24494641430359e-08,"3","Mapk10"
2.18289982409557e-12,1.30173232200711,0.337,0.147,5.46357996972879e-08,"3","Gm48727"
2.67686158796199e-12,2.81532014631772,0.205,0.047,6.69991686851007e-08,"3","Eya1"
3.57072085780927e-12,0.944493218397883,0.762,0.534,8.93715723501083e-08,"3","Pam"
4.22570390389335e-12,1.21527735838247,0.428,0.158,1.05765143010547e-07,"3","Gm26854"
5.8645778089561e-12,2.30107401982773,0.332,0.083,1.46784517980362e-07,"3","Satb1"
5.96201077197955e-12,0.723518926023036,0.701,0.417,1.49223167611876e-07,"3","Grip1os2"
1.1775781220235e-11,1.96672163112954,0.473,0.149,2.94736028161263e-07,"3","Tmem132c"
1.48067329476473e-11,0.805366440362633,0.881,0.766,3.70597718946663e-07,"3","Pclo"
1.675303292383e-11,1.18231934214767,0.537,0.262,4.19311661050541e-07,"3","Samd5"
3.50316343484806e-11,1.58400331358194,0.309,0.11,8.7680677610812e-07,"3","Pou6f2"
4.29155580597645e-11,1.05210172226163,0.516,0.278,1.07413350267785e-06,"3","Gm26936"
4.75707552167111e-11,2.09377501476778,0.365,0.102,1.19064843231906e-06,"3","Mrap2"
4.83774858947991e-11,0.908681681776342,0.592,0.321,1.21084009446093e-06,"3","Ptchd4"
6.22074722051148e-11,0.575305514707584,0.757,0.604,1.55699082182182e-06,"3","Cpeb3"
7.74940881101174e-11,0.618601444116582,0.992,0.988,1.93959953130813e-06,"3","Rbfox1"
7.77982041016154e-11,1.9548347364966,0.306,0.096,1.94721125045933e-06,"3","Gm20515"
8.20192558279237e-11,0.898135421948313,0.463,0.248,2.0528599541171e-06,"3","Mical2"
8.89365898784248e-11,0.713528920863158,0.701,0.501,2.2259939080671e-06,"3","Gm45321"
1.08026912302278e-10,0.620742650932049,0.853,0.728,2.70380558801371e-06,"3","Klf12"
1.0840435998268e-10,0.834346979526421,0.805,0.557,2.7132527260065e-06,"3","C530008M17Rik"
1.29172171551889e-10,1.7349484886144,0.37,0.126,3.23305028177222e-06,"3","Rab3b"
1.33264211675705e-10,0.712206857928068,0.916,0.899,3.33546995403122e-06,"3","Grik2"
1.40091825858691e-10,0.699953596642929,0.909,0.829,3.50635830941718e-06,"3","Schip1"
1.83265797911008e-10,1.46158654883262,0.42,0.173,4.58695965591461e-06,"3","Syndig1"
1.83405194150084e-10,0.753164949606847,0.803,0.598,4.59044860438246e-06,"3","4930555F03Rik"
1.8539837975679e-10,1.16906181549599,0.428,0.226,4.64033604693271e-06,"3","Adra1a"
2.21958392646003e-10,1.60471622055966,0.359,0.129,5.55539660953682e-06,"3","Gm44129"
2.42520606224576e-10,0.957040412329179,0.504,0.31,6.07004825319492e-06,"3","Gm28376"
2.55922492256698e-10,2.11422199895489,0.284,0.086,6.40548405869289e-06,"3","Kitl"
4.33249130974934e-10,0.545124243028943,0.825,0.741,1.08437924991716e-05,"3","Nrcam"
4.92649958744135e-10,0.780458079341925,0.851,0.735,1.23305358174069e-05,"3","Spock3"
5.43115925574559e-10,0.599855339439254,0.739,0.482,1.35936485012056e-05,"3","Thrb"
6.29676233879874e-10,0.815153614160919,0.716,0.5,1.57601664577794e-05,"3","Neto1"
8.29580021802522e-10,0.916113456032606,0.567,0.337,2.07635583656953e-05,"3","Mpp6"
9.59610963871488e-10,0.931485228457701,0.466,0.237,2.40181028147395e-05,"3","Rph3a"
1.53246017886603e-09,2.15326396375742,0.205,0.046,3.83559458168379e-05,"3","Rnf152"
2.178953123144e-09,1.50042462893377,0.268,0.098,5.45370177191711e-05,"3","Tmtc4"
2.53565509008978e-09,0.700452077666134,0.719,0.541,6.34649112498571e-05,"3","Mllt3"
3.05929222330448e-09,0.909327465957605,0.711,0.463,7.65710250570879e-05,"3","Cntn4"
3.30054306243683e-09,0.696585785215451,0.527,0.346,8.26092923097313e-05,"3","Arnt2"
3.64817863502644e-09,0.921610482549317,0.41,0.233,9.13102630560768e-05,"3","Gm48003"
4.25349132690043e-09,0.598826895215276,0.81,0.666,0.000106460634420991,"3","Trim2"
4.44369542352732e-09,0.667881146970114,0.911,0.755,0.000111221252755465,"3","Kcnb2"
4.68254705984369e-09,1.13677057397621,0.408,0.2,0.000117199470360828,"3","4930444A19Rik"
5.64439861400149e-09,1.17221180436938,0.463,0.238,0.000141273652909843,"3","Spats2l"
6.01454945201593e-09,0.504865575744287,0.922,0.817,0.000150538158234507,"3","Cacna1a"
7.01321263720863e-09,0.863335731694129,0.57,0.35,0.000175533699096695,"3","Neto2"
7.88644287834446e-09,0.428006676132703,0.962,0.914,0.000197389778802084,"3","Ctnnd2"
1.32165685594906e-08,1.95786489477826,0.339,0.099,0.00033079749447549,"3","L3mbtl4"
1.41033234655884e-08,0.766473628899338,0.537,0.35,0.000352992083020212,"3","Gm48742"
1.64286129294078e-08,0.598099800739065,0.785,0.609,0.000411191753010148,"3","A330076H08Rik"
1.71950618465184e-08,0.59766813644066,0.554,0.351,0.00043037520295651,"3","Grk3"
1.78121297343141e-08,1.09550884944391,0.509,0.276,0.000445819795120148,"3","Bcl9"
2.90076325521191e-08,0.653993575006321,0.433,0.242,0.000726032035146989,"3","Scn9a"
3.1830482455673e-08,1.10733507691283,0.43,0.244,0.000796685145383039,"3","Rab27b"
4.55205053774591e-08,0.942746559305611,0.653,0.435,0.00113933272909242,"3","Grm1"
5.2066155494158e-08,1.40152284241805,0.309,0.138,0.00130316380586328,"3","Lmo4"
5.21255041411648e-08,0.839179564753688,0.559,0.35,0.00130464924314921,"3","Timp4"
5.75886290999686e-08,0.934056239112995,0.289,0.158,0.00144138579774311,"3","Map2k6"
5.85073670348013e-08,0.508792288313884,0.906,0.836,0.00146438088951404,"3","Large1"
5.8893662614623e-08,0.579981562834343,0.694,0.519,0.0014740494815814,"3","Phf20l1"
6.90518579650366e-08,0.830553152113614,0.456,0.272,0.0017282989530069,"3","Gm49417"
8.92501228802918e-08,0.558137367062527,0.694,0.513,0.00223384132557082,"3","Srgap2"
9.21829222007108e-08,0.66216082047623,0.711,0.531,0.00230724635976159,"3","Tmem132b"
9.3771329506764e-08,0.757885713696314,0.719,0.448,0.0023470026062248,"3","Car10"
9.61119064786921e-08,0.797223246154156,0.484,0.325,0.00240558490725518,"3","Lrtm1"
9.70390813201159e-08,0.693955000016163,0.694,0.491,0.00242879116636118,"3","Garnl3"
1.11332652416104e-07,0.668620476370594,0.638,0.535,0.00278654495732266,"3","Runx1t1"
1.12078675170429e-07,1.5252685615878,0.514,0.257,0.00280521716084068,"3","Hs3st5"
1.38252599915235e-07,0.883247730137907,0.246,0.112,0.00346032432327843,"3","Pde3a"
1.42718489543417e-07,1.00671019641372,0.57,0.35,0.00357210107478218,"3","Htr2c"
1.42752698893476e-07,1.86824997337694,0.241,0.074,0.00357295730060481,"3","1700016K05Rik"
1.53036359577186e-07,0.494133317129424,0.696,0.568,0.0038303470438574,"3","Ncoa1"
1.61300558548569e-07,0.67703072482107,0.499,0.313,0.00403719167991213,"3","Olfm2"
1.69178270720642e-07,0.74335422893076,0.61,0.418,0.00423436293786694,"3","Pfkp"
1.75066212659595e-07,0.932699227645329,0.365,0.2,0.00438173223665701,"3","Gm45645"
1.79355010196067e-07,1.28892298939659,0.375,0.165,0.00448907655019737,"3","Ccdc136"
2.15873651559367e-07,0.598655820681068,0.673,0.489,0.0054031016248794,"3","Mast2"
2.17905420701331e-07,0.551823740435306,0.438,0.32,0.00545395477473363,"3","Tnks"
2.21162935132863e-07,0.579272489771478,0.646,0.505,0.00553548710344043,"3","Scai"
3.0023208436529e-07,1.3258451413289,0.243,0.082,0.00751450883957883,"3","Epb41l4a"
3.19031504673832e-07,1.79772220062736,0.233,0.072,0.00798503953048135,"3","Gm15655"
3.20220632780558e-07,0.591734563427402,0.456,0.309,0.00801480221786458,"3","Gm12353"
2.34429095488043e-65,2.12664967295194,0.996,0.683,5.86752583097023e-61,"4","Sgcz"
5.45384879312262e-63,2.42877658252753,0.957,0.543,1.36504381443066e-58,"4","Foxp1"
5.19069358904143e-58,1.96458743030882,0.996,0.944,1.29917869840118e-53,"4","Tenm2"
1.07884721017679e-55,1.9873904766225,0.961,0.56,2.70024668235148e-51,"4","Mgat4c"
1.52206884306e-45,2.40019543236263,0.868,0.275,3.80958610729488e-41,"4","Rarb"
1.4067020330314e-41,1.12716750344451,0.992,0.84,3.52083451847428e-37,"4","Grid2"
2.48948630790189e-38,1.6919159484903,0.895,0.44,6.23093528004763e-34,"4","Htr1f"
6.66646783506274e-38,1.03826009814939,0.988,0.87,1.66855023443785e-33,"4","Unc5d"
1.62844998238683e-37,1.06749092324358,1,0.985,4.07584746091599e-33,"4","Celf2"
6.72748358128411e-37,1.26446658149208,0.996,0.878,1.6838218655596e-32,"4","Nrg1"
9.17551699401721e-36,2.64743968648795,0.694,0.238,2.29654014843257e-31,"4","Adk"
1.4447861953379e-35,1.17021713470184,0.984,0.727,3.61615536831124e-31,"4","Cntnap5a"
4.0246253544611e-31,2.73351967753146,0.624,0.144,1.00732347996807e-26,"4","Epha4"
1.94300108024281e-29,2.4455924653398,0.612,0.174,4.86313740373973e-25,"4","Pde1c"
3.41857945516021e-29,0.644616415322627,1,0.991,8.55636251832049e-25,"4","Csmd1"
4.91928502229659e-29,1.34904476251737,0.888,0.575,1.23124784823061e-24,"4","Ryr3"
9.96643162182492e-29,0.586001245812344,1,0.997,2.49449817062656e-24,"4","Dlg2"
1.14841936770245e-28,4.70823667140138,0.395,0.017,2.87437883542247e-24,"4","Adora2a"
2.19046237715981e-28,1.36202571529695,0.946,0.7,5.48250828379329e-24,"4","Robo2"
3.53530473844144e-28,1.90612148730853,0.721,0.305,8.84851422984507e-24,"4","Pde7b"
2.8379754892001e-27,1.62431871592577,0.787,0.36,7.10316885191892e-23,"4","Slit3"
8.91032528534844e-27,1.01379888647623,0.961,0.745,2.23016531566986e-22,"4","Kcnq5"
4.51513291807075e-26,2.14986060021645,0.636,0.226,1.13009261806393e-21,"4","Tmtc1"
7.7301342981014e-26,1.04515261766862,0.938,0.726,1.9347753134718e-21,"4","Dgkb"
9.19376890495203e-26,0.819204091968971,0.996,0.954,2.30110841922044e-21,"4","Cadm2"
1.04111359878662e-25,0.904991759340489,0.992,0.889,2.60580322640303e-21,"4","Phactr1"
3.70079431432235e-25,1.23189489748464,0.884,0.705,9.2627180893174e-21,"4","Cacnb2"
4.48737339764024e-25,0.85726448352747,0.984,0.913,1.12314468769538e-20,"4","Grm7"
2.01185006903125e-24,1.39551190967086,0.767,0.385,5.0354595377783e-20,"4","Slit2"
4.36802632703193e-23,1.36222853267376,0.682,0.283,1.09327330939282e-18,"4","Hs3st4"
6.17096585575902e-23,0.919571513251134,0.93,0.712,1.54453104403793e-18,"4","5730522E02Rik"
2.69748907867725e-22,1.96388962463026,0.508,0.193,6.75154541502128e-18,"4","Gm32647"
9.83647987438104e-22,1.09958370669518,0.806,0.588,2.46197254775883e-17,"4","Arl15"
1.18850090484142e-21,1.09444268219797,0.814,0.503,2.9746989147276e-17,"4","Zfp804a"
4.77776356939444e-21,0.576647399159702,1,0.989,1.19582644378374e-16,"4","Fgf14"
5.58893444197647e-21,1.4187321682125,0.721,0.328,1.39885440148229e-16,"4","Ephb1"
6.43422236378758e-21,1.10618931091904,0.891,0.689,1.61042151543239e-16,"4","Brinp3"
1.12406426582691e-20,0.622387931828734,0.988,0.884,2.81342045093816e-16,"4","Asic2"
1.31840307067892e-20,2.59315713788118,0.5,0.123,3.29983104560227e-16,"4","Mei4"
1.57452560258607e-20,0.515948009288524,0.988,0.902,3.94088013071267e-16,"4","Lrrc4c"
3.09603084094971e-20,1.17505665315919,0.76,0.489,7.74905559181304e-16,"4","Slc35f3"
4.25397100987352e-20,0.70453438679534,0.992,0.945,1.06472640406124e-15,"4","Il1rapl1"
4.32213861278679e-20,1.35375337103118,0.674,0.423,1.08178807339441e-15,"4","Mast4"
8.39921652115115e-20,1.37312654291888,0.605,0.272,2.10223990307892e-15,"4","Fstl4"
4.29598934853272e-19,1.37925636728532,0.519,0.238,1.07524317404426e-14,"4","Ndst3"
7.48279867161066e-19,0.783342180574584,0.911,0.704,1.87286967951743e-14,"4","Arpp21"
9.53315203673909e-19,0.599953960070327,1,0.988,2.38605262327543e-14,"4","Rbfox1"
1.32267163846512e-18,1.25614189541702,0.74,0.369,3.31051484391435e-14,"4","Pcdh11x"
2.29359573770256e-18,1.13158557105828,0.775,0.504,5.74064077189573e-14,"4","Neto1"
1.04596903826818e-17,1.0514280416061,0.864,0.638,2.61795590588142e-13,"4","Galnt13"
1.49650865032775e-17,0.472562984065051,0.992,0.975,3.74561150090533e-13,"4","Nkain2"
3.97285375478149e-17,1.37299418647672,0.616,0.31,9.9436556628426e-13,"4","Plcxd3"
8.09548999051816e-17,1.42559135410459,0.558,0.23,2.02622018972679e-12,"4","Zfhx3"
9.16007458870095e-17,3.66941934143783,0.295,0.028,2.29267506880596e-12,"4","Drd2"
1.23309604289716e-16,1.5049998989437,0.64,0.307,3.08631608576731e-12,"4","Efna5"
1.57316194138347e-16,0.748891025431578,0.946,0.822,3.9374670230887e-12,"4","Ralyl"
1.96381916764428e-16,0.768477913058789,0.973,0.92,4.91524299469686e-12,"4","Cacna1c"
2.99311816599778e-16,1.34238125625882,0.659,0.365,7.49147545767585e-12,"4","Dgkh"
3.35914322582658e-16,0.829681440857021,0.984,0.819,8.40759957992135e-12,"4","Dcc"
4.13637297824289e-16,0.574553722209879,0.996,0.967,1.03529279272441e-11,"4","Grm5"
1.22455066915722e-15,0.712902020796487,0.826,0.657,3.06492786983361e-11,"4","Caln1"
4.22334111603315e-15,1.1683254612723,0.713,0.477,1.05706004793194e-10,"4","Ldb2"
4.40296203877029e-15,2.19103666495881,0.364,0.083,1.10201736868382e-10,"4","Pde11a"
6.8098200969736e-15,1.89367901425978,0.38,0.126,1.70442987207152e-10,"4","Klhl1"
8.09315451269588e-15,0.479910474326948,0.996,0.983,2.02563564298265e-10,"4","Negr1"
8.30213415483651e-15,1.18336395211875,0.74,0.512,2.07794115761403e-10,"4","Rfx3"
1.14227749539328e-14,0.948709599423811,0.81,0.652,2.85900634321983e-10,"4","Prkcb"
1.45555187358201e-14,2.17150340466765,0.477,0.177,3.64310078438841e-10,"4","Cdh6"
1.4922976091425e-14,1.36812173879674,0.616,0.366,3.73507168592277e-10,"4","Elmod1"
1.50795294585367e-14,0.694684082363379,0.938,0.815,3.77425542817716e-10,"4","Tenm1"
2.95501207379834e-14,1.22448721350763,0.523,0.272,7.39609971950987e-10,"4","Prr16"
2.65228419017709e-13,1.76196390706238,0.388,0.146,6.63840209959424e-09,"4","Dpy19l1"
3.68107251320551e-13,1.12649652756052,0.702,0.478,9.21335639330208e-09,"4","Gnal"
4.73278711857515e-13,1.94617245332093,0.388,0.112,1.18456928790817e-08,"4","Pou6f2"
1.97294774740541e-12,0.54575758337174,0.988,0.654,4.938090916981e-08,"4","Meis2"
2.34198949007047e-12,0.991786994508982,0.713,0.461,5.86176549469739e-08,"4","C2cd2"
2.60255801793509e-12,0.872091777829702,0.822,0.675,6.51394246308972e-08,"4","Camk1d"
4.14596053961589e-12,0.902750761636667,0.767,0.617,1.03769246346046e-07,"4","Ext1"
4.57076846933312e-12,1.38337007494413,0.488,0.25,1.14401764018939e-07,"4","Nckap5"
1.08880576146038e-11,0.927950075713118,0.756,0.602,2.72517194035919e-07,"4","Arhgap26"
1.10702773627566e-11,0.919201385012036,0.698,0.429,2.77077972112436e-07,"4","D030068K23Rik"
1.30423670222712e-11,1.33165054497264,0.554,0.297,3.26437404200425e-07,"4","Kctd8"
1.33092044370375e-11,0.670083261176364,0.814,0.714,3.33116077854611e-07,"4","Dok6"
2.10078997293385e-11,1.60571086949629,0.519,0.267,5.25806722325614e-07,"4","Pdzd2"
2.28511896224906e-11,0.623327503130152,0.961,0.92,5.71942425061316e-07,"4","Gabrb3"
3.79173643638787e-11,0.926523098603814,0.775,0.584,9.4903371266352e-07,"4","Kcnab1"
4.10694884222129e-11,0.842157318845922,0.798,0.593,1.02792822571957e-06,"4","Zdhhc14"
4.27887502473765e-11,2.09296746725669,0.376,0.136,1.07095962994159e-06,"4","Gucy1a1"
4.49325027094345e-11,0.741229457504805,0.612,0.355,1.12461561031444e-06,"4","Htr2c"
4.94703721726343e-11,2.15503913102107,0.333,0.104,1.23819394510886e-06,"4","Nectin3"
5.36541935172558e-11,0.821826357883404,0.853,0.68,1.3429108095434e-06,"4","Kctd16"
1.30418124914586e-10,0.432365820450718,0.953,0.861,3.26423524848718e-06,"4","Tenm4"
1.99430273364569e-10,0.724205508783783,0.752,0.634,4.99154031204179e-06,"4","Rapgef4"
2.0656537074619e-10,1.16487128567454,0.535,0.331,5.1701246644064e-06,"4","Ammecr1"
2.18579417016621e-10,0.835523716956038,0.74,0.575,5.470824228509e-06,"4","Atp2b1"
2.88736140674465e-10,0.482097644257069,0.992,0.953,7.22677686494119e-06,"4","Adgrl3"
3.24527477463289e-10,0.685150543522002,0.864,0.706,8.12259823342866e-06,"4","Ssbp2"
3.31417465392478e-10,0.662121869778104,0.822,0.694,8.29504774130834e-06,"4","Tjp1"
3.9372084549245e-10,0.494324201343231,0.953,0.772,9.85443904183052e-06,"4","Prkg1"
4.78953861127268e-10,0.662485941970563,0.752,0.562,1.19877361901544e-05,"4","St6galnac5"
5.20139433992779e-10,1.04030604446072,0.636,0.43,1.30185698934053e-05,"4","Hs6st3"
5.20366888962829e-10,0.514612147281804,0.911,0.79,1.30242628638506e-05,"4","Cacna1e"
8.90609014431627e-10,1.53963189432285,0.481,0.233,2.22910530222092e-05,"4","Gng7"
1.24136190568017e-09,1.36137475774755,0.438,0.227,3.10700471372689e-05,"4","Lmo7"
1.25330981519163e-09,1.69896155441471,0.31,0.137,3.13690913644314e-05,"4","Plce1"
1.94807790843414e-09,0.892012472985909,0.682,0.47,4.87584419701981e-05,"4","Smpd3"
2.0921965629374e-09,0.446256266879165,0.961,0.9,5.23655877737602e-05,"4","Ppp3ca"
3.3436505002861e-09,0.8920436003579,0.628,0.469,8.36882283716608e-05,"4","Osbpl8"
3.86067197123359e-09,0.870559478143946,0.698,0.551,9.66287587680056e-05,"4","Nnat"
4.15002025251979e-09,0.63955281179256,0.609,0.388,0.000103870856900318,"4","Unc13c"
4.78978999702102e-09,1.27307340896923,0.419,0.194,0.000119883653835439,"4","Meis1"
5.25802462363105e-09,0.478353355920923,0.93,0.852,0.000131603098304862,"4","Ppp2r2b"
5.47774887055417e-09,1.19515521800917,0.566,0.403,0.0001371025764811,"4","Camk4"
7.23913553863338e-09,0.647962306330552,0.686,0.558,0.000181188323396455,"4","Agap1"
8.93600010990349e-09,0.652829998604856,0.667,0.485,0.000223659146750774,"4","Myo16"
9.04419784543713e-09,0.798920159203175,0.717,0.541,0.000226367227873446,"4","Bcl11a"
9.65784293306862e-09,1.42573923894999,0.465,0.227,0.000241726150771775,"4","Gm10848"
1.03252706265814e-08,0.850805652609877,0.682,0.489,0.000258431198512707,"4","Pdzrn4"
1.48294041128479e-08,0.869688141435576,0.632,0.496,0.000371165155540469,"4","Slc24a2"
1.62461611172882e-08,1.00787360771962,0.364,0.192,0.000406625166604607,"4","Adam12"
2.27908288220613e-08,1.7716752277392,0.202,0.071,0.000570431654587373,"4","Syt10"
2.40170030949775e-08,0.650622365951048,0.826,0.683,0.000601121570464191,"4","Nebl"
2.80410031330584e-08,1.02643456886867,0.578,0.421,0.000701838267417319,"4","Nos1ap"
3.27699014062375e-08,0.845082624028146,0.76,0.55,0.000820197862296717,"4","A330015K06Rik"
3.32473855899712e-08,1.3224427438319,0.26,0.122,0.00083214881393139,"4","Actn2"
4.60852441766226e-08,0.703893114805886,0.752,0.534,0.00115346757649669,"4","Sorcs1"
5.08585213943642e-08,0.651518960195204,0.659,0.475,0.00127293793197954,"4","Cpne4"
6.63696454857006e-08,2.14142110776633,0.209,0.065,0.0016611658568616,"4","Shroom4"
6.65842271929551e-08,2.85815193156799,0.202,0.043,0.00166653662241247,"4","Trhr"
6.71634348814782e-08,0.974742931379579,0.302,0.163,0.00168103361164852,"4","Ryr1"
6.73133977623625e-08,0.557325392729763,0.678,0.546,0.00168478703259417,"4","Galnt17"
6.99874168459529e-08,1.20023166392303,0.43,0.249,0.00175171505623735,"4","Slc9a9"
8.34030931705476e-08,0.567932829820533,0.795,0.664,0.00208749601896564,"4","Pigk"
8.6117215511794e-08,0.784608329254634,0.523,0.347,0.00215542778704469,"4","Rasgef1b"
9.02563231361537e-08,1.10931652185592,0.484,0.264,0.00225902551177479,"4","Gm15155"
9.17535728668281e-08,1.25441208146463,0.465,0.258,0.00229650017528384,"4","Gda"
1.29460321185396e-07,0.561022321895661,0.702,0.586,0.00324026237894927,"4","Kcnd3"
1.41536025417376e-07,0.83820511758878,0.674,0.49,0.00354250518017151,"4","Pard3"
1.51688457740278e-07,1.61584533259336,0.353,0.15,0.00379661040878143,"4","Myo5b"
1.67761642315364e-07,1.03452354824887,0.581,0.406,0.00419890614551124,"4","Trank1"
2.06613810484648e-07,0.553889769546628,0.849,0.761,0.00517133706262027,"4","Ryr2"
2.07824201353256e-07,0.478784886115097,0.895,0.866,0.00520163193567064,"4","Ppfia2"
2.66297282901813e-07,0.499243216952512,0.612,0.423,0.00666515469374947,"4","Spock1"
2.89170373011882e-07,0.65960390970196,0.674,0.522,0.00723764526611439,"4","Plppr1"
8.40442264414249e-69,2.53922520442595,0.991,0.365,2.10354294360242e-64,"5","Nxph1"
6.41988942374669e-52,1.45586912521786,0.995,0.836,1.60683412386956e-47,"5","Gria4"
6.69321195850383e-51,2.34109885528662,0.964,0.563,1.67524402109392e-46,"5","Kcnc2"
2.74623969547313e-50,1.77571194401683,0.986,0.682,6.8735633337997e-46,"5","Etl4"
3.37004146104982e-49,1.34185544632695,0.991,0.869,8.43487677286159e-45,"5","Fgf12"
6.42782391695729e-49,2.09469302750775,0.892,0.294,1.60882004817524e-44,"5","Cntnap4"
1.99292099275523e-48,2.5666559858208,0.874,0.207,4.98808195276707e-44,"5","Maf"
1.91717194685746e-47,2.07850213182677,0.883,0.284,4.79848966578954e-43,"5","Sox5"
2.7055227232936e-47,2.01897404284256,0.937,0.27,6.77165282413156e-43,"5","Sox6"
1.178054778887e-45,1.967243538458,0.946,0.33,2.94855330607628e-41,"5","Zeb2"
6.20453649362873e-45,2.114626118331,0.905,0.299,1.55293343899033e-40,"5","Kcnmb2"
1.0593353449991e-44,2.13986175234244,0.901,0.317,2.65141043499826e-40,"5","Ptchd4"
1.27060950691976e-41,1.62395450765208,0.973,0.579,3.18020853486948e-37,"5","Tcf4"
4.72931119209827e-41,2.60513617158589,0.788,0.17,1.18369929827028e-36,"5","Cntnap3"
1.92295226364105e-39,1.03208034119661,1,0.92,4.81295722066717e-35,"5","Grip1"
2.36265516777352e-39,3.04306239065353,0.631,0.098,5.91348961942035e-35,"5","Sox5os4"
4.58891461560611e-39,1.10996038677533,0.973,0.917,1.14855943914005e-34,"5","Dlgap2"
1.7862299392611e-38,1.90495206098856,0.878,0.436,4.4707549149766e-34,"5","Oxr1"
5.16723641888885e-38,1.5555695762905,0.946,0.558,1.29330760328369e-33,"5","Tafa2"
4.80547357993086e-36,2.66275323464232,0.689,0.151,1.20276198232089e-31,"5","Tmem132c"
7.57437669221989e-36,2.85323043881476,0.671,0.133,1.89579074229572e-31,"5","Calb1"
2.55064628194461e-34,1.72278605574436,0.892,0.515,6.38401257907917e-30,"5","Gria3"
1.53144988658705e-33,1.30585832140035,0.964,0.687,3.83306592113874e-29,"5","Frmd5"
2.08554683716734e-33,2.30631844051507,0.671,0.141,5.21991517874614e-29,"5","Col19a1"
4.73294058475327e-33,1.37749364791956,0.941,0.729,1.1846076989579e-28,"5","Klf12"
3.54994493738691e-32,1.82398811861822,0.784,0.307,8.8851571837857e-28,"5","Elavl2"
6.23297903589972e-32,2.82361618764459,0.536,0.075,1.56005232289534e-27,"5","Moxd1"
1.13263220732339e-31,1.66337769501685,0.865,0.41,2.83486515170971e-27,"5","Srrm4"
1.92717705882985e-31,3.64409603667488,0.491,0.052,4.82353146054522e-27,"5","Ltbp1"
2.83182397577122e-31,1.82148756747206,0.775,0.293,7.08777222895778e-27,"5","Fgf1"
1.16504072240402e-30,0.539902315848488,1,1,2.91598042410501e-26,"5","Meg3"
6.36841742714588e-30,2.23569055407145,0.707,0.275,1.59395119784034e-25,"5","Il1rapl2"
1.35207316665491e-29,0.980882133822226,0.968,0.921,3.38410392882058e-25,"5","Xkr4"
1.62720021976394e-29,0.814502965779687,0.986,0.968,4.07271943004717e-25,"5","Dlgap1"
1.55907382714329e-28,2.13332006791862,0.721,0.248,3.90220588195693e-24,"5","Btbd11"
7.21588660051842e-28,1.11199398104488,0.968,0.836,1.80606425724375e-23,"5","Galntl6"
6.88904754153343e-27,2.51642275401917,0.545,0.13,1.7242597091704e-22,"5","Gm13963"
2.29491544144973e-26,2.59402012846344,0.532,0.109,5.74394385840454e-22,"5","Tmem132cos"
3.34042364782631e-26,1.44636188827561,0.856,0.375,8.36074634814447e-22,"5","Alk"
3.80161081731885e-26,1.94751443539213,0.586,0.161,9.51505171466735e-22,"5","Gm45904"
1.22112483874512e-25,0.933517286535162,0.991,0.945,3.05635335889515e-21,"5","Cntnap2"
2.33210243879117e-25,1.47289291230005,0.883,0.567,5.83701919405042e-21,"5","4930517O19Rik"
2.75671541795416e-25,2.50776828003181,0.536,0.115,6.89978301959748e-21,"5","6330576A10Rik"
3.79945087579705e-25,2.61023831679724,0.559,0.13,9.50964559703243e-21,"5","Fmn1"
7.05155480303149e-25,1.77774218690908,0.703,0.25,1.76493365165075e-20,"5","Gm17171"
1.49134758201384e-24,1.6979594234684,0.631,0.234,3.73269386302244e-20,"5","Ndst3"
4.4726478320837e-24,2.66397943792214,0.514,0.101,1.11945902589223e-19,"5","Tmem44"
4.63187746894277e-24,0.978537235806056,0.82,0.279,1.15931261170169e-19,"5","Zfp536"
9.51739993760671e-24,1.33204974182852,0.838,0.487,2.38211003038358e-19,"5","Thrb"
2.79852113354347e-23,2.91083526658981,0.405,0.063,7.00441854514594e-19,"5","Rnf144b"
4.17132001987373e-23,2.21644010669684,0.536,0.127,1.0440396877742e-18,"5","Rab3b"
1.13653691035901e-22,1.07465335023398,0.797,0.424,2.84463823293757e-18,"5","Grip1os2"
1.41860077787062e-22,1.30405082614601,0.838,0.532,3.55061588693238e-18,"5","Tmem132b"
2.57224445088226e-22,1.93351466523461,0.86,0.647,6.43807063611321e-18,"5","Kansl1l"
2.63583797336208e-22,1.69457943790202,0.599,0.207,6.59723886352795e-18,"5","Ppargc1a"
3.13605996409187e-22,1.85802936199777,0.545,0.16,7.84924448412554e-18,"5","Gabra1"
4.57643465985491e-22,2.35958451495393,0.455,0.087,1.14543583101508e-17,"5","Col26a1"
6.71819888328023e-22,4.23421662468799,0.338,0.021,1.68149799849621e-17,"5","Nxph2"
8.96333613648222e-22,1.44934927344579,0.761,0.416,2.24343340160014e-17,"5","Cntnap5c"
1.14185229430312e-21,2.05412422277799,0.595,0.167,2.85794210741128e-17,"5","Ndst4"
1.44969824955854e-21,2.18462277186119,0.55,0.128,3.62844974882006e-17,"5","Gm45025"
2.68700026829461e-21,1.21763296634234,0.779,0.444,6.72529297151458e-17,"5","Thsd7a"
2.90156976257305e-21,1.2468672160971,0.829,0.46,7.26233895874408e-17,"5","4930509J09Rik"
4.49040272468464e-21,1.42620715881438,0.712,0.339,1.12390289796132e-16,"5","Mpp6"
5.32160672413862e-21,3.98713530364921,0.32,0.025,1.33194494698465e-16,"5","Gm31218"
6.56037457513961e-21,0.710895894852114,0.955,0.836,1.64199615241169e-16,"5","Large1"
6.75904882559554e-21,2.72205001545813,0.437,0.063,1.69172233055831e-16,"5","4930488N15Rik"
8.96562434348199e-21,2.14821269980514,0.514,0.137,2.24400611693011e-16,"5","Cemip"
9.64024639695982e-21,2.8999600002577,0.419,0.069,2.41285727069507e-16,"5","Tmem178"
1.27986470880278e-20,1.12965719317824,0.919,0.686,3.20337337966247e-16,"5","Plxna4"
2.14259159100258e-20,1.20591110305721,0.869,0.474,5.36269249312035e-16,"5","Kcnip1"
5.73785063940086e-20,0.702237596159097,0.995,0.976,1.43612663653564e-15,"5","Gria1"
5.86257064264268e-20,1.91231037021243,0.527,0.164,1.46734280614704e-15,"5","Gm26854"
6.10499447127937e-20,1.28194281059473,0.716,0.314,1.52801906621651e-15,"5","Zmat4"
6.34659553640694e-20,1.1168137643262,0.905,0.445,1.58848939680729e-15,"5","Grik1"
1.48938359083065e-19,1.68309100006581,0.572,0.199,3.72777818949003e-15,"5","Adamts17"
1.72133808388367e-19,0.890248052861336,0.923,0.707,4.30833709015243e-15,"5","Rbms3"
5.97663176139291e-19,1.00005780633489,0.811,0.441,1.49589116355903e-14,"5","Ptprm"
7.62578873104185e-19,1.14086469837083,0.883,0.518,1.90865866149246e-14,"5","Limch1"
8.18868944574433e-19,0.951467368362656,0.883,0.646,2.04954708137535e-14,"5","Hcn1"
1.21156889709054e-18,0.69232469703525,0.982,0.946,3.03243579252791e-14,"5","Magi2"
1.74452242140407e-18,2.71587096052201,0.32,0.046,4.36636516853225e-14,"5","Gm41231"
2.94372164954281e-18,0.994489756278638,0.842,0.56,7.36784091664069e-14,"5","Zfp385b"
6.12609304721494e-18,1.79140404211808,0.554,0.192,1.53329982878743e-13,"5","Osbpl3"
6.13788634043608e-18,0.890296928163568,0.851,0.422,1.53625157214775e-13,"5","Chrm3"
9.64608255144893e-18,0.905305957054189,0.896,0.626,2.41431800180215e-13,"5","Astn2"
1.27561423685523e-17,1.78898148545136,0.523,0.209,3.19273487342495e-13,"5","Gpr176"
1.31985890108305e-17,4.5585944909047,0.248,0.013,3.30347484352076e-13,"5","Gm28807"
2.27719386202394e-17,2.12468715864835,0.396,0.093,5.69958851725972e-13,"5","Afap1"
2.74100569404248e-17,1.45178622014061,0.604,0.233,6.86046315161892e-13,"5","Fhod3"
3.81092513180164e-17,2.43773527677635,0.351,0.072,9.53836451238632e-13,"5","St3gal6"
5.22040805869002e-17,0.730343273370782,0.964,0.859,1.30661593300953e-12,"5","Kcnma1"
5.41183660058083e-17,0.972618903912549,0.833,0.604,1.35452858275938e-12,"5","Gm1992"
5.81446761176839e-17,2.49289205959907,0.378,0.089,1.45530309854951e-12,"5","Kitl"
6.08703590243476e-17,1.67363560107042,0.613,0.235,1.5235242160204e-12,"5","9630014M24Rik"
6.88877810531107e-17,0.812459156380376,0.995,0.829,1.72419227197831e-12,"5","Erbb4"
6.93773748292467e-17,1.71834856139717,0.523,0.173,1.73644631460121e-12,"5","Srrm4os"
9.74495716615474e-17,0.972353741321517,0.842,0.503,2.43906532911687e-12,"5","Gm20754"
1.46637476418752e-16,1.32842268496416,0.761,0.448,3.67018939728495e-12,"5","Gsdme"
2.65348965962345e-16,1.36677516131125,0.563,0.241,6.64141926907153e-12,"5","Rph3a"
3.3391769352376e-16,1.45061761084688,0.374,0.111,8.35762595120619e-12,"5","Pde3a"
3.38427692133551e-16,1.10568788817666,0.703,0.396,8.47050670641066e-12,"5","Adgrl2"
3.45750640866666e-16,1.55663938429361,0.495,0.16,8.65379279025178e-12,"5","Tox3"
4.54206701492669e-16,1.56440586882455,0.55,0.21,1.136833953166e-11,"5","Cdh12"
6.09466445724675e-16,2.9346532900386,0.243,0.03,1.52543356700429e-11,"5","Flt3"
1.55945910954195e-15,1.69878894280735,0.464,0.146,3.90317020527255e-11,"5","Myo5b"
1.58292228658529e-15,1.8922970719623,0.383,0.085,3.96189619109431e-11,"5","Mitf"
3.53023894916044e-15,2.24924559090693,0.347,0.062,8.83583506585367e-11,"5","Mkx"
3.61779943597166e-15,0.485890193800346,1,0.991,9.05499020829346e-11,"5","Snhg11"
5.38038981391853e-15,3.31202745504413,0.207,0.019,1.34665776652567e-10,"5","Akain1"
5.48075905203148e-15,1.09260966321906,0.77,0.484,1.37177918313296e-10,"5","Fam135b"
1.11621795123665e-14,3.13370657127599,0.23,0.025,2.7937819101502e-10,"5","Sox5os3"
1.32626330800407e-14,1.67143600806315,0.464,0.183,3.31950443360339e-10,"5","Trpc4"
1.36167782236395e-14,0.740978296145574,0.923,0.782,3.40814342159472e-10,"5","Epha5"
1.49053051420712e-14,1.29957726666426,0.734,0.36,3.730648824009e-10,"5","Gm48321"
2.34728545985355e-14,1.07649226564262,0.761,0.431,5.87502077746746e-10,"5","Dgkg"
3.10882156203762e-14,3.18344511792092,0.239,0.021,7.78106948762396e-10,"5","Sox5os2"
4.22229643907604e-14,1.03560950853345,0.842,0.586,1.05679857573634e-09,"5","Sh3rf3"
5.70870560127434e-14,1.07125774157128,0.788,0.518,1.42883192494296e-09,"5","Chsy3"
6.28229201578632e-14,1.16885884161659,0.716,0.321,1.57239486863116e-09,"5","Vwc2"
8.54788154479663e-14,2.94500530944748,0.243,0.025,2.13944927184715e-09,"5","A930002C04Rik"
9.28672654544626e-14,0.577670619596436,0.973,0.916,2.32437478705975e-09,"5","Ctnnd2"
1.1258482895187e-13,0.805123489735183,0.793,0.592,2.81788568383635e-09,"5","Sorbs2os"
1.28816863556141e-13,0.664339463397467,0.905,0.723,3.22415727794666e-09,"5","Kcnh7"
1.30572535741047e-13,2.65409268293867,0.234,0.032,3.26809999706266e-09,"5","Ntn4"
1.30586665690392e-13,0.797513721176684,0.779,0.508,3.26845365556481e-09,"5","Zfp804a"
1.34736124739995e-13,1.12639596376979,0.595,0.253,3.37231046611734e-09,"5","Gm47027"
1.35965201168377e-13,1.92209635579981,0.279,0.061,3.4030730200433e-09,"5","Lhx6"
1.66564740401325e-13,0.739132957702923,0.923,0.736,4.16894888750476e-09,"5","Spock3"
2.06141938561134e-13,1.54965086335432,0.509,0.246,5.15952658024662e-09,"5","Scn9a"
2.36482774692321e-13,3.7180713232602,0.203,0.013,5.91892736777411e-09,"5","Gm34623"
2.51239486017439e-13,4.1436851225322,0.203,0.011,6.28827309553049e-09,"5","Fam240b"
4.92073336243719e-13,0.882434884643206,0.896,0.756,1.2316103532844e-08,"5","Ptprt"
8.503338365194e-13,0.499489134163356,0.932,0.747,2.12830055942441e-08,"5","Gm20642"
1.09814806995573e-12,1.53833596930538,0.45,0.187,2.7485548042922e-08,"5","Sema3a"
1.22838654223024e-12,1.1343430644053,0.5,0.193,3.07452867654807e-08,"5","Gm28307"
1.29895080228657e-12,1.21274613637086,0.5,0.217,3.25114396304305e-08,"5","Tm6sf1"
1.31671204671594e-12,1.74756915971702,0.347,0.082,3.29559858172532e-08,"5","Sel1l3"
1.96573735088823e-12,1.50853626930653,0.437,0.138,4.92004401553815e-08,"5","Mpped1"
1.97778785103012e-12,1.40227952077204,0.581,0.253,4.95020521234329e-08,"5","Specc1"
2.0535970881216e-12,2.06436823086709,0.392,0.097,5.13994815185956e-08,"5","St5"
2.25705384037853e-12,1.20757041750096,0.401,0.161,5.64918005708342e-08,"5","Rims4"
2.90048026617173e-12,0.918694624534939,0.73,0.432,7.25961205820121e-08,"5","Slc44a5"
2.95206230160901e-12,1.50455284495947,0.383,0.13,7.3887167346972e-08,"5","Sulf2"
3.60604972545225e-12,1.68331246574566,0.252,0.068,9.02558185783442e-08,"5","Lgi2"
4.06850737408116e-12,0.950480658769248,0.622,0.357,1.01830671065877e-07,"5","4933413L06Rik"
4.46818257831206e-12,1.03605663844088,0.752,0.459,1.11834141752572e-07,"5","Epb41l3"
4.68465430923375e-12,0.779285310087809,0.716,0.413,1.17252212705812e-07,"5","Msi2"
5.00325226296883e-12,1.09034785698504,0.667,0.346,1.25226400889847e-07,"5","Arnt2"
5.05408760605337e-12,1.638778017652,0.342,0.1,1.2649875869191e-07,"5","Gm5820"
5.85058672860004e-12,0.989485869031179,0.685,0.42,1.46434335230131e-07,"5","Gm49003"
6.22003243004836e-12,1.90220164699307,0.279,0.078,1.5568119169168e-07,"5","Tle2"
7.0253478012756e-12,0.984721771566633,0.653,0.392,1.75837430118127e-07,"5","Cit"
7.32948761835307e-12,1.62810076728199,0.369,0.1,1.83449745599759e-07,"5","Pdzrn3"
7.34557261313117e-12,2.41044257992042,0.221,0.039,1.8385233693406e-07,"5","Coro6"
7.83057105642443e-12,0.810766612626856,0.757,0.515,1.95991362971247e-07,"5","Esrrg"
8.73377928027184e-12,0.668819322243156,0.662,0.374,2.18597761605924e-07,"5","Col25a1"
8.9706541204344e-12,1.21957009739612,0.428,0.206,2.24526501980353e-07,"5","Pla2g3"
9.27222593641547e-12,1.12010033007334,0.387,0.137,2.32074542962543e-07,"5","Gm44129"
9.41802871012453e-12,1.10341359926679,0.527,0.249,2.35723840585707e-07,"5","Depdc5"
9.75954422972332e-12,0.894770189000527,0.613,0.322,2.44271632525745e-07,"5","Ubash3b"
9.77853837420223e-12,1.52511624133954,0.455,0.188,2.44747036967908e-07,"5","Man1c1"
1.0348771839719e-11,1.45798791959684,0.486,0.214,2.59019410376326e-07,"5","Iqgap2"
1.09651485859047e-11,0.876742973948894,0.757,0.52,2.74446703956609e-07,"5","Wwox"
1.48467926095534e-11,1.37322992527584,0.392,0.153,3.71600372224513e-07,"5","Osbpl1a"
1.52844757963411e-11,0.843198978994959,0.788,0.488,3.82555144706621e-07,"5","Gabrb2"
1.54529040063564e-11,0.72290725908188,0.662,0.373,3.86770734375094e-07,"5","Ano4"
1.61465274650937e-11,0.977449895721881,0.635,0.33,4.04131435923831e-07,"5","Slc6a1"
1.77748875396702e-11,0.671454776290561,0.5,0.277,4.44887660230405e-07,"5","Plxnc1"
1.78176789671008e-11,1.95796684482534,0.212,0.048,4.45958686867566e-07,"5","Oprd1"
2.00533338525718e-11,0.473470856649226,0.995,0.997,5.01914892996019e-07,"5","Lsamp"
2.08464829657554e-11,0.789886614046449,0.658,0.361,5.21766622149893e-07,"5","Gm30382"
2.36970277096128e-11,1.16403524333036,0.27,0.117,5.93112906543898e-07,"5","Trpc6"
2.50403893860626e-11,0.985599410778706,0.572,0.273,6.2673590594376e-07,"5","Epha7"
3.12007957318875e-11,1.44593242858704,0.464,0.169,7.80924716373413e-07,"5","Ccdc136"
3.14951480638528e-11,0.893024641208834,0.423,0.2,7.88292060890172e-07,"5","Gm13944"
3.15524303444461e-11,2.16526787927063,0.338,0.073,7.89725779091143e-07,"5","Gm15655"
3.42823813674915e-11,0.794084110861203,0.937,0.777,8.58053723246945e-07,"5","Enox1"
3.92862299249056e-11,0.897550689367979,0.527,0.246,9.83295048790463e-07,"5","Rab27b"
4.14344076788510e-11,0.872604978148397,0.761,0.491,1.03706178979396e-06,"5","Grik3"
5.09659929441123e-11,2.3101820101327,0.225,0.045,1.27562783739819e-06,"5","Plch2"
6.01563672571004e-11,1.483979820456,0.293,0.106,1.50565371607797e-06,"5","St8sia4"
7.63399685221403e-11,0.900907855724502,0.622,0.356,1.91071307214065e-06,"5","Ank1"
7.82408341243802e-11,0.701580919628908,0.847,0.564,1.95828983729911e-06,"5","C530008M17Rik"
8.68772937816734e-11,0.85517926672049,0.473,0.225,2.1744517860615e-06,"5","Prkd1"
9.36245731621708e-11,0.738296202985085,0.59,0.355,2.34332944167597e-06,"5","4930415C11Rik"
1.24609731944338e-10,0.792649083753109,0.635,0.338,3.11885698083483e-06,"5","Asap1"
1.50298323504606e-10,0.736046877286992,0.82,0.595,3.76181673899679e-06,"5","5330434G04Rik"
1.76642808738483e-10,0.989675588868653,0.527,0.283,4.42119285991549e-06,"5","Smarca2"
1.81844821722036e-10,1.80066179123799,0.293,0.078,4.55139404288083e-06,"5","Htr2a"
1.83580620896138e-10,0.907048454638664,0.644,0.354,4.59483936040945e-06,"5","Grk3"
2.50936675357567e-10,0.940525958411611,0.428,0.211,6.28069404752455e-06,"5","Pnkd"
2.62005837497817e-10,1.17330156881761,0.721,0.412,6.55774410673287e-06,"5","Ppm1h"
3.07524068247346e-10,1.30316021077237,0.248,0.078,7.69701990416282e-06,"5","Ppp1cc"
3.25112516900676e-10,0.820937754135995,0.847,0.683,8.13724118550703e-06,"5","Nebl"
3.30268128478978e-10,1.34640440371979,0.423,0.176,8.26628098770035e-06,"5","Lpp"
3.4589596007982e-10,1.49199731468559,0.347,0.112,8.65742998483782e-06,"5","Stambpl1"
3.86604995225187e-10,0.840480702162631,0.752,0.536,9.6763364254912e-06,"5","Sorcs1"
4.4385634603425e-10,1.21061385989145,0.432,0.182,1.11092804848912e-05,"5","Abca5"
4.71653657573535e-10,1.41726446245565,0.243,0.073,1.1805019395408e-05,"5","9530036O11Rik"
5.14023011032112e-10,0.684295658489606,0.856,0.735,1.28654819431227e-05,"5","Pde10a"
5.24895704461339e-10,1.32778564975601,0.581,0.251,1.31376145869628e-05,"5","Mical2"
5.626423216752e-10,2.06205138858097,0.216,0.052,1.40823746692086e-05,"5","Eya1"
9.25560813997247e-10,1.53482236922173,0.333,0.111,2.31658616135371e-05,"5","Cplx1"
1.00246599529959e-09,1.01610666789079,0.586,0.31,2.50907213963535e-05,"5","Rasgrf2"
1.01061207359946e-09,1.88542513972885,0.284,0.086,2.52946095901209e-05,"5","Epb41l4a"
1.02681421075963e-09,0.929881358077567,0.635,0.365,2.57001328811029e-05,"5","Klhl32"
1.02687779305821e-09,0.712571964367085,0.739,0.424,2.5701724282454e-05,"5","Cux2"
1.13853227065405e-09,1.08648806280017,0.599,0.255,2.84963242022001e-05,"5","Adcy8"
1.15402011931143e-09,0.435771287046834,0.928,0.82,2.88839695662458e-05,"5","Cacna1a"
1.25061462644559e-09,2.17332304853676,0.261,0.057,3.13016334853067e-05,"5","Furin"
1.52605193965694e-09,0.643048314950253,0.797,0.628,3.81955539976735e-05,"5","Gm35188"
1.63351485376486e-09,0.997213074739093,0.577,0.299,4.08852432748808e-05,"5","Dlc1"
1.69629027870123e-09,0.770217987165827,0.829,0.606,4.24564493856131e-05,"5","Cpeb3"
1.74279369099796e-09,1.18076609976529,0.302,0.119,4.36203832919879e-05,"5","Gys1"
1.80730777632635e-09,1.1366378407842,0.342,0.147,4.52351063336722e-05,"5","Etv6"
2.3448206177408e-09,0.920022309307948,0.532,0.277,5.86885152414345e-05,"5","Cep83"
2.59849561654114e-09,0.797795686347254,0.595,0.334,6.50377467864083e-05,"5","Rcan2"
2.70920692230617e-09,0.97528593801976,0.527,0.276,6.78087400584011e-05,"5","Utrn"
3.22030770410758e-09,2.31618295954676,0.221,0.049,8.06010815261085e-05,"5","Gm17202"
3.52074856148802e-09,0.822160998199776,0.734,0.521,8.81208157454837e-05,"5","Scn1a"
3.59340190823275e-09,0.631204868852796,0.851,0.709,8.99392563611574e-05,"5","Alcam"
3.83049406823389e-09,0.518005900615699,0.923,0.853,9.58734360338261e-05,"5","Ppp2r2b"
3.87420973289962e-09,0.597072433090286,0.91,0.746,9.69675954047447e-05,"5","Cacnb4"
4.23362726394843e-09,0.97275211602505,0.477,0.244,0.000105963456789365,"5","Dip2a"
4.49492236121383e-09,1.08536193630844,0.491,0.233,0.000112503411778821,"5","Mtcl1"
4.68102687744508e-09,0.463476662133797,1,0.965,0.000117161421715573,"5","Ube3a"
4.7394968409282e-09,0.70781504860976,0.739,0.521,0.000118624866431592,"5","Rimbp2"
4.82033473084984e-09,0.745237338656333,0.847,0.713,0.000120648157978441,"5","Prkn"
5.00668393009462e-09,1.32958274621005,0.257,0.089,0.000125312292086338,"5","Orc1"
5.61430528429862e-09,2.17643891775091,0.275,0.063,0.00014052044696071,"5","Manba"
6.39609996720745e-09,0.681220107963483,0.851,0.609,0.000160087986079235,"5","Gm15398"
6.47394288288393e-09,0.843138382138341,0.676,0.391,0.000162036316415702,"5","Vstm2a"
9.68665067359625e-09,1.80695711436647,0.257,0.072,0.00024244717970944,"5","Syt17"
9.81564467585402e-09,1.42235615103313,0.293,0.097,0.00024567577059195,"5","Sipa1l2"
1.05781399192891e-08,0.795424232128147,0.482,0.243,0.000264760264039887,"5","Ttll5"
1.08711049718548e-08,0.661781851742877,0.784,0.542,0.000272092886340554,"5","Pam"
1.11267026704348e-08,1.10708764882102,0.383,0.162,0.000278490241138314,"5","Stard9"
1.13505442608039e-08,0.731144301933039,0.428,0.254,0.000284092772303662,"5","Far2"
1.217726041681e-08,0.837417743040429,0.392,0.19,0.000304784650972336,"5","Adcy1"
1.22806651108454e-08,0.784420078066987,0.441,0.221,0.00030737276705935,"5","Gm5149"
1.29661628439273e-08,0.816431726494723,0.73,0.493,0.000324530089820656,"5","Mast2"
1.55538211917883e-08,0.752437568621007,0.721,0.524,0.00038929659060927,"5","Phf20l1"
1.57867985003457e-08,1.21282174204985,0.302,0.107,0.000395127779665153,"5","St8sia1"
1.58383307264465e-08,0.45409534977631,0.901,0.811,0.000396417579752229,"5","Ntrk2"
1.61188968830651e-08,0.483945150532223,0.896,0.743,0.000403439870086237,"5","Sorbs2"
1.69924684132906e-08,2.01740430767081,0.221,0.048,0.00042530449191625,"5","Gm28501"
1.90476480029621e-08,1.24238675865251,0.365,0.154,0.000476743581866139,"5","Abca8b"
1.91977187298373e-08,0.63825900218016,0.698,0.48,0.000480499702089097,"5","Nlk"
2.00660035932644e-08,2.09023390596724,0.203,0.052,0.000502232003935814,"5","Pstpip2"
2.37520138040007e-08,0.863052861033055,0.495,0.257,0.000594489153500333,"5","Hook2"
2.44341712795942e-08,0.548068330519023,0.527,0.311,0.000611562872956964,"5","Nr6a1"
2.63774546280895e-08,1.952263954828,0.23,0.057,0.000660201311886452,"5","Scn1b"
2.6476405791733e-08,1.07578868810233,0.5,0.229,0.000662677960561285,"5","Gm16083"
2.83267146211534e-08,0.803392852927441,0.554,0.334,0.000708989340252848,"5","Rtl1"
3.08420634977179e-08,0.856284542436447,0.239,0.085,0.000771946007284382,"5","Ypel4"
3.14388049384864e-08,0.805169711215397,0.59,0.325,0.000786881848805376,"5","Gab2"
3.29423535729299e-08,2.09550921717308,0.23,0.052,0.000824514167576862,"5","Nek7"
3.40497184160458e-08,0.61239394418525,0.405,0.246,0.000852230402235211,"5","Bend6"
3.48461119951486e-08,0.543485420399431,0.649,0.371,0.000872163337126574,"5","Slit3"
4.04640252609979e-08,0.574048722387747,0.631,0.396,0.00101277408825752,"5","Rapgef5"
4.247972551161e-08,0.998795252343437,0.482,0.25,0.00106322504983009,"5","Pde9a"
4.34144661552233e-08,0.432843104453079,0.968,0.904,0.00108662067339908,"5","Rian"
4.42845528459029e-08,1.54621882787708,0.351,0.115,0.0011083980731801,"5","Ttc39b"
4.43839407640126e-08,1.07598257974078,0.356,0.146,0.00111088565338247,"5","Gm50138"
4.53512041823886e-08,1.20217714378319,0.221,0.082,0.001135095289481,"5","1700016K05Rik"
4.81498904146464e-08,0.503519384890026,0.45,0.248,0.00120514360718818,"5","Spats2l"
5.7472669888965e-08,1.05745404480868,0.486,0.234,0.0014384834546509,"5","Epha10"
6.2461396667732e-08,0.956660240478685,0.378,0.179,0.00156334629719667,"5","Ankrd24"
6.48034832141231e-08,1.14243893429327,0.378,0.171,0.00162196638136629,"5","Spats2"
6.70056021669239e-08,0.619733156577756,0.423,0.25,0.00167708321663594,"5","Arfgef2"
6.8291844064979e-08,0.627243864665157,0.568,0.357,0.00170927656510236,"5","Gm41609"
6.91674021733403e-08,0.790412273460366,0.495,0.281,0.00173119090899653,"5","Gm15614"
7.08795876539758e-08,0.460472215451275,0.703,0.519,0.00177404519939136,"5","Srgap2"
7.15860360635523e-08,0.885779248067992,0.356,0.164,0.00179172689663465,"5","Dlat"
7.17738117463364e-08,1.26507860217876,0.347,0.127,0.00179642673419905,"5","Hcn2"
7.45920848565621e-08,0.446007466791013,0.847,0.677,0.00186696529187489,"5","Nrg3os"
8.68244564892719e-08,0.658167076170331,0.554,0.342,0.00217312932146999,"5","Dnm2"
9.13823430539512e-08,0.625853228397778,0.806,0.641,0.00228720866429734,"5","Mef2c"
9.39710330672332e-08,0.979757435719812,0.635,0.277,0.00235200098663978,"5","Gm21798"
1.02517855321685e-07,0.524595895885899,0.869,0.699,0.00256591940084645,"5","Apc"
1.03227411455411e-07,1.40790115576865,0.329,0.104,0.00258367888131749,"5","Adamts6"
1.14043964666393e-07,0.88764052215672,0.351,0.148,0.00285440639163516,"5","Syngr1"
1.20452284118832e-07,1.24641478152879,0.203,0.073,0.00301480021921026,"5","Far2os1"
1.34627549689196e-07,1.12651116303312,0.36,0.157,0.00336959294117088,"5","1110004F10Rik"
1.36123326179584e-07,0.810726134024805,0.514,0.276,0.00340703073094881,"5","Gm49417"
1.37171770937617e-07,0.775614782761497,0.401,0.185,0.00343327225479761,"5","Grip1os1"
1.51494870616242e-07,0.91990764295243,0.338,0.161,0.00379176511665392,"5","Map2k6"
1.58166482217108e-07,1.14220188909909,0.446,0.202,0.00395874888341201,"5","Luzp1"
1.6816153060135e-07,1.20152169269989,0.356,0.15,0.00420891494942118,"5","Mroh1"
1.72690349960167e-07,0.583128223601614,0.441,0.245,0.00432226676915301,"5","Pak1"
1.78688486500815e-07,0.508910462437743,0.405,0.227,0.00447239412862891,"5","Ptpre"
1.84190953901981e-07,0.993884316143877,0.495,0.246,0.00461011538521268,"5","Gm19938"
1.90535294808514e-07,0.819751236865531,0.608,0.426,0.0047689078937623,"5","Pfkp"
2.43706940706915e-07,1.23097205014106,0.311,0.135,0.00609974101895337,"5","Tmbim1"
3.02970290710991e-07,0.856374254450377,0.378,0.169,0.00758304340620539,"5","Dock11"
3.62153543454969e-07,0.670778820917176,0.464,0.237,0.00906434103913443,"5","Gm47423"
5.82284859607548e-82,4.30540964010158,0.986,0.415,1.45740077511173e-77,"6","Wdr17"
1.05624448682077e-73,4.87487973106555,0.856,0.066,2.64367432606369e-69,"6","Slc1a3"
1.22600093982624e-71,4.12497290511789,0.919,0.206,3.06855775229109e-67,"6","Slc1a2"
1.60933674467452e-69,3.87768302170872,0.874,0.111,4.02800893824584e-65,"6","Nfia"
2.74652355340157e-62,5.16948719515037,0.725,0.034,6.87427380180878e-58,"6","Rorb"
1.30038916523487e-54,3.01104728121649,0.878,0.236,3.25474404166636e-50,"6","Gpc5"
9.02500245241725e-52,2.2752627408451,0.968,0.508,2.25886786381551e-47,"6","Ptprz1"
8.65294902647306e-50,3.52630944552224,0.698,0.094,2.16574661183594e-45,"6","Plpp3"
2.94139083045776e-47,6.00111452236648,0.581,0.015,7.36200710955272e-43,"6","8030451A03Rik"
6.59515537579798e-47,4.12086539513829,0.644,0.059,1.65070143900848e-42,"6","Atp1a2"
1.57409093351252e-46,3.00386445520467,0.734,0.109,3.9397921974885e-42,"6","Gm20713"
4.8922891561856e-44,2.32731260456755,0.887,0.37,1.22449105290169e-39,"6","Gm3764"
3.65502619258171e-42,2.08533639491223,0.905,0.404,9.14816505741277e-38,"6","Msi2"
2.56404763357418e-41,2.48501140453706,0.829,0.235,6.41755482207282e-37,"6","Nckap5"
6.7853472748062e-40,1.60462782964167,0.946,0.465,1.69830456941124e-35,"6","Npas3"
7.73186354450298e-39,4.6813683991975,0.523,0.029,1.93520812655365e-34,"6","Nhsl1"
5.44358335309239e-38,1.94592678010505,0.883,0.402,1.36247447744549e-33,"6","Qk"
7.30560769168913e-38,1.69064246024758,0.941,0.473,1.82852054915287e-33,"6","Zbtb20"
6.44242894228621e-37,2.19204878136505,0.793,0.288,1.61247553996481e-32,"6","Rgs20"
3.98405080508126e-36,4.18181060668191,0.505,0.034,9.97168076003788e-32,"6","Lama2"
1.02327812241036e-35,1.14932742680251,0.995,0.865,2.56116281258089e-31,"6","Ntm"
1.52881076826536e-35,5.03942505422243,0.45,0.015,3.82646047189136e-31,"6","Slco1c1"
3.18054815258809e-35,4.40231449324202,0.495,0.027,7.96059397111272e-31,"6","Hepacam"
5.73859771703979e-35,2.74721182142247,0.712,0.186,1.43631362259789e-30,"6","Ptn"
4.2262848117985e-34,1.656742315911,0.892,0.547,1.05779682554505e-29,"6","Cpe"
5.34247325105799e-33,1.48509740813271,0.973,0.697,1.3371676300073e-28,"6","Mir99ahg"
1.48438981928546e-32,4.0306340697139,0.491,0.038,3.71527927868958e-28,"6","Paqr8"
2.81223396390101e-32,3.87421196614767,0.441,0.028,7.03874038824783e-28,"6","Gli3"
2.82736878544183e-31,3.58485486179305,0.495,0.058,7.07662133308235e-27,"6","Apoe"
1.05502371616101e-30,1.73386901436369,0.883,0.466,2.64061885917939e-26,"6","Grm3"
4.69260307076283e-30,1.78564695542069,0.874,0.455,1.17451162258123e-25,"6","Luzp2"
5.17220824261876e-30,1.90195813212713,0.806,0.288,1.29455200104505e-25,"6","Maml2"
7.3063204728247e-29,5.29644089942616,0.401,0.014,1.82869895114329e-24,"6","Gm6145"
8.9725925585228e-29,5.77116947095159,0.369,0.011,2.24575019147267e-24,"6","Tnc"
1.20093905663496e-28,3.30659949521564,0.459,0.055,3.00583036485164e-24,"6","Arhgef26"
1.24828385989938e-28,0.814204454331514,1,0.982,3.12432967294216e-24,"6","Nrxn1"
5.86895415198445e-28,1.2384973849572,0.932,0.715,1.46894053470019e-23,"6","Son"
1.61501673324171e-27,0.97489136489325,0.968,0.711,4.04222538163068e-23,"6","Rora"
2.08691603569728e-27,4.70405693827737,0.396,0.021,5.22334214574671e-23,"6","Slc7a11"
2.31277171991058e-27,5.76778910960757,0.347,0.008,5.78863633776419e-23,"6","Gramd3"
2.87449966773461e-27,1.35582506857355,0.883,0.561,7.19458521837296e-23,"6","Gpm6b"
7.29522167264449e-27,2.23399850392496,0.676,0.219,1.82592103244619e-22,"6","Sfxn5"
8.99105340763765e-27,1.9543415956659,0.721,0.283,2.25037075739763e-22,"6","Slc4a4"
1.02175650395198e-26,2.84438876249241,0.541,0.106,2.55735435374141e-22,"6","Sparcl1"
5.61415850461576e-26,3.14687748827231,0.437,0.046,1.40516773212028e-21,"6","E130114P18Rik"
8.114274005516e-26,3.16624250168047,0.441,0.057,2.0309216408406e-21,"6","Rfx4"
1.65965188574601e-25,5.9633841072102,0.342,0.006,4.15394270483368e-21,"6","Acsbg1"
2.29350833280205e-25,3.60015429585355,0.414,0.048,5.74042200617026e-21,"6","Nwd1"
2.67218519937675e-25,3.22524254225042,0.423,0.041,6.68821233552007e-21,"6","Bmpr1b"
1.08291531161057e-24,3.41894951701898,0.387,0.036,2.7104287334301e-20,"6","Plekhg1"
1.23579040122887e-24,4.24168799143838,0.405,0.025,3.09305979523573e-20,"6","Mertk"
1.42891041559059e-24,5.45900778493155,0.378,0.012,3.57641987918169e-20,"6","Prdm16"
1.85589458893706e-24,4.30461885256898,0.387,0.023,4.64511856665056e-20,"6","Glis3"
1.98354736017512e-24,1.48415138262189,0.86,0.495,4.96462068778231e-20,"6","Dtna"
3.79848205296546e-24,2.11622430455586,0.532,0.143,9.50722073036726e-20,"6","Myo6"
1.12603093760605e-23,4.50907968751309,0.342,0.017,2.81834283373419e-19,"6","Tcf7l2"
1.2934582466925e-23,3.30029923287458,0.432,0.057,3.23739664564667e-19,"6","Lrig1"
1.37007307236476e-23,3.57044004866595,0.32,0.033,3.42915589282175e-19,"6","Pla2g7"
1.55575387818995e-23,5.39207601390169,0.32,0.009,3.89389638172163e-19,"6","Gja1"
3.15256202773821e-23,3.44362160294865,0.419,0.041,7.89054749922598e-19,"6","Acss1"
5.91072829040111e-23,2.83354328979487,0.473,0.089,1.47939618380449e-18,"6","Prex2"
5.29252382571347e-22,1.65577660975968,0.802,0.422,1.32466578833782e-17,"6","Gm48747"
7.08522811221468e-22,3.85074860489746,0.315,0.025,1.77336174420621e-17,"6","Palld"
2.31311237978801e-21,1.07694077998427,0.883,0.623,5.7894889753714e-17,"6","Gm35188"
7.11128719030949e-21,2.67962272746612,0.392,0.056,1.77988407086256e-16,"6","Zfp521"
8.78254233044211e-21,3.74459242193412,0.315,0.03,2.19818251988636e-16,"6","Daam2"
9.15960778358003e-21,4.9595032570679,0.293,0.013,2.29255823215225e-16,"6","Tnfaip8"
1.00004963808929e-20,1.90125705116891,0.532,0.151,2.50302423917367e-16,"6","Sash1"
4.44546381866284e-20,3.54322056666796,0.356,0.035,1.11265513917312e-15,"6","Phkg1"
1.02142080887346e-19,5.92827480669721,0.248,0.003,2.55651414252938e-15,"6","C030005K06Rik"
1.81584276615499e-19,3.51336773604258,0.333,0.031,4.54487285940933e-15,"6","Rgma"
1.85256457405445e-19,3.98840099874232,0.333,0.026,4.63678387240087e-15,"6","Htra1"
2.3512476557854e-19,2.0201916159068,0.518,0.167,5.88493775766527e-15,"6","Glud1"
2.39191386004483e-19,1.22293197239959,0.761,0.451,5.98672120030621e-15,"6","Pitpnc1"
3.02549177227237e-19,4.50421282549945,0.261,0.012,7.57250335682052e-15,"6","Gm13872"
3.51493601225902e-19,3.08973404973635,0.378,0.057,8.79753334508311e-15,"6","Gm29683"
3.77562933804946e-19,1.04999492105587,0.734,0.379,9.450022670204e-15,"6","Trps1"
5.78645103899829e-19,1.56922944347804,0.712,0.354,1.44829083055088e-14,"6","Fars2"
6.14289552071835e-19,1.37478494618107,0.793,0.456,1.5375053198806e-14,"6","Tspan7"
7.8778519515596e-19,3.54569667090945,0.32,0.031,1.97174756495585e-14,"6","Gm973"
1.32537838140858e-18,4.60353830207767,0.243,0.01,3.31728955082753e-14,"6","Prrx1"
3.5100472860176e-18,0.48344526456826,1,1,8.78529735217346e-14,"6","Malat1"
6.19001792107868e-18,5.08905676344391,0.234,0.008,1.54929958546678e-13,"6","S1pr1"
1.16298855090878e-17,4.29928565859284,0.279,0.012,2.91084404406958e-13,"6","Ednrb"
1.19381245943069e-17,5.86784671443614,0.239,0.005,2.98799320470907e-13,"6","Gli2"
1.89124422101691e-17,3.02084578239497,0.297,0.04,4.73359516078322e-13,"6","Glul"
2.31789437702168e-17,2.06731501224094,0.405,0.093,5.80145783624757e-13,"6","Mmd2"
3.35469964817679e-17,4.89054214101146,0.275,0.013,8.39647774942168e-13,"6","Fgd6"
1.03220353789683e-16,0.623292811339879,0.739,0.28,2.58350223500197e-12,"6","Sox6"
2.08851011521146e-16,4.46716862290463,0.248,0.014,5.22733196736276e-12,"6","Mfge8"
5.01631715358954e-16,1.33840992623457,0.815,0.491,1.25553402037193e-11,"6","Trim9"
5.88349510282304e-16,3.48161185117969,0.288,0.033,1.47257998928558e-11,"6","Abca1"
8.51018816313501e-16,2.17731861270179,0.41,0.116,2.13001499535106e-11,"6","Slc6a11"
8.7856444110464e-16,4.45362163005448,0.216,0.009,2.1989589396408e-11,"6","Fgfr3"
1.08262911119576e-15,3.9885632459328,0.23,0.014,2.70971240241187e-11,"6","Tcf7l1"
1.20202388783111e-15,2.83677044483704,0.306,0.051,3.00854558885247e-11,"6","Asrgl1"
1.26042388926602e-15,1.36446291970013,0.554,0.238,3.15471495244392e-11,"6","Mapk4"
2.02547523650099e-15,3.138056293602,0.266,0.029,5.06956196943834e-11,"6","Il18"
3.3751350495205e-15,1.84806151436319,0.468,0.131,8.44762551544486e-11,"6","Dock1"
8.06681904299601e-15,2.22210348298557,0.401,0.085,2.01904413827147e-10,"6","Lhfp"
9.00418844798441e-15,3.67226439648446,0.275,0.029,2.25365832664602e-10,"6","Gm31356"
1.02492852844261e-14,2.16474960808149,0.365,0.077,2.565293613839e-10,"6","Myo10"
1.11953176173608e-14,5.54435432866338,0.212,0.005,2.80207604644925e-10,"6","Lrp4"
1.27809746370705e-14,3.78389041616074,0.252,0.018,3.19895014191238e-10,"6","Slc39a12"
1.47102498548092e-14,1.14407137337103,0.73,0.433,3.68182843616019e-10,"6","Hdac8"
2.36386092767355e-14,3.46654821553846,0.266,0.03,5.91650751587414e-10,"6","Bcan"
2.99714441527325e-14,2.80768327959912,0.284,0.042,7.50155275698743e-10,"6","Pdlim5"
4.11510900884975e-14,2.00955219315481,0.342,0.098,1.029970633825e-09,"6","Rab31"
6.52814461041078e-14,2.14359112938781,0.311,0.066,1.63392931453972e-09,"6","Insyn2a"
7.25123145817375e-14,0.535055798721138,0.973,0.903,1.81491072166631e-09,"6","Macf1"
7.72758200044088e-14,2.39613677791893,0.338,0.075,1.93413649889035e-09,"6","Fads2"
7.93676124408822e-14,1.29258154174278,0.649,0.263,1.98649197178284e-09,"6","Pard3b"
8.4555304877531e-14,1.13472368735064,0.671,0.36,2.11633472577972e-09,"6","Phlpp1"
1.0393367312873e-13,2.12818853184446,0.387,0.096,2.60135590473899e-09,"6","Phka1"
1.48185594350962e-13,2.38438972243077,0.261,0.04,3.70893724101022e-09,"6","Dpf3"
1.55118289918336e-13,2.17598048912551,0.27,0.065,3.88245567836603e-09,"6","Cyp7b1"
1.82458255615114e-13,4.24351488385993,0.207,0.011,4.5667476797907e-09,"6","Slc7a10"
1.99017127566041e-13,0.513877885569094,0.986,0.915,4.98119968585044e-09,"6","Ctnnd2"
2.05440221823658e-13,2.87717520292533,0.221,0.034,5.14196331202434e-09,"6","Irak2"
2.0865643280147e-13,2.03169053426189,0.369,0.116,5.22246185658799e-09,"6","Cst3"
2.41793690956747e-13,3.91817003362251,0.216,0.015,6.05185429095643e-09,"6","Rftn2"
2.4308900972129e-13,1.35618116796782,0.631,0.264,6.08427482431418e-09,"6","Zfpm2"
3.27591292068053e-13,2.09587480468297,0.333,0.095,8.19928244917131e-09,"6","Clu"
3.8238693386279e-13,2.25498401476146,0.302,0.073,9.57076256765176e-09,"6","Appl2"
3.85815069228323e-13,1.89190066977696,0.428,0.131,9.65656536771569e-09,"6","Tiam2"
3.99100054669647e-13,3.25529917788335,0.207,0.02,9.98907526832658e-09,"6","F3"
4.23089013857881e-13,3.38016635037722,0.239,0.032,1.05894949278489e-08,"6","Gm12239"
5.42573045599418e-13,2.32337627558729,0.419,0.111,1.35800607583078e-08,"6","Clybl"
6.31739154259962e-13,1.35141029090792,0.486,0.177,1.58117992919726e-08,"6","Tle4"
7.76190757234903e-13,1.80479136151165,0.405,0.112,1.94272784628324e-08,"6","Arap2"
1.17478617838251e-12,2.9334194169954,0.23,0.04,2.94037232587359e-08,"6","Vegfa"
2.87530018814039e-12,3.05231219584386,0.23,0.036,7.19658884089658e-08,"6","Slc14a2"
3.43413969520546e-12,2.15037526617702,0.324,0.076,8.59530824312974e-08,"6","Gng12"
3.73896294933472e-12,1.49743897983997,0.5,0.215,9.35825036588987e-08,"6","Cspg5"
4.18748501449097e-12,1.82503689543091,0.36,0.111,1.04808562427694e-07,"6","Nim1k"
5.2462357739782e-12,1.70838000661775,0.486,0.173,1.313080351869e-07,"6","Lpp"
5.65040357206556e-12,1.47541245796712,0.505,0.191,1.41423951005229e-07,"6","Mcc"
8.10829371110683e-12,2.38335290802362,0.261,0.048,2.02942483295293e-07,"6","Ccdc141"
9.26006662902921e-12,1.99000280434861,0.324,0.098,2.31770207657972e-07,"6","Zhx2"
9.42166006377767e-12,3.97132925674729,0.203,0.012,2.35814729736291e-07,"6","Notch1"
1.1281065330706e-11,1.49294801852339,0.383,0.135,2.8235378416224e-07,"6","Plce1"
1.24600439891236e-11,1.67269683811391,0.495,0.157,3.11862441003776e-07,"6","Bcl2"
3.94536032879618e-11,2.35172140045836,0.252,0.046,9.87484236694396e-07,"6","Gab1"
4.07009132221104e-11,2.07615091745054,0.297,0.085,1.0187031570362e-06,"6","Tnfrsf19"
5.46854667695551e-11,0.742609489101407,0.761,0.428,1.3687225477752e-06,"6","Tox"
5.81222535704937e-11,2.05913976350402,0.23,0.057,1.45474188461589e-06,"6","Itgav"
7.08905943377714e-11,1.54463677342778,0.374,0.124,1.77432068568008e-06,"6","Ddah1"
7.2253839183742e-11,2.58019071786894,0.261,0.045,1.80844134092988e-06,"6","Prdx6"
8.9461361079791e-11,1.54525359615123,0.514,0.207,2.23912840646609e-06,"6","Gm14858"
9.43205764217743e-11,1.2796496630263,0.532,0.27,2.36074970726059e-06,"6","Camk2g"
9.66174005220526e-11,1.95091070292363,0.311,0.076,2.41823691766645e-06,"6","Chd7"
1.01643084815874e-10,1.3189534810714,0.464,0.236,2.5440247698565e-06,"6","Ttyh1"
1.24813374948358e-10,0.684044000453821,0.901,0.733,3.12395396158246e-06,"6","Mir100hg"
1.50026570391463e-10,1.36589286724386,0.631,0.311,3.75501503032793e-06,"6","Gm48765"
1.62049519957172e-10,0.725481499745589,0.725,0.513,4.05593743500806e-06,"6","Zeb1"
1.86805679647392e-10,3.09740614440622,0.23,0.027,4.67555935589458e-06,"6","Plcd4"
2.42986624540258e-10,0.971580569353313,0.486,0.258,6.08171222561813e-06,"6","Specc1"
2.92418732221943e-10,2.40690609457647,0.311,0.062,7.31894844878301e-06,"6","Gm13684"
3.00838092069775e-10,1.81326158316691,0.297,0.083,7.5296766064144e-06,"6","Gm4876"
3.03823124646308e-10,1.86908773807718,0.243,0.06,7.60438898677244e-06,"6","Stard13"
3.19042222413755e-10,0.537440393599952,0.977,0.85,7.98530778479388e-06,"6","Ppp2r2b"
3.71231106786536e-10,0.474029942130163,0.923,0.701,9.2915433717602e-06,"6","Sema6d"
5.34410413997309e-10,0.722229371051101,0.793,0.601,1.33757582519386e-05,"6","Stox2"
5.49879788739837e-10,0.87908675382923,0.36,0.148,1.37629412323694e-05,"6","Gulp1"
7.28181050647534e-10,0.456010964519963,0.941,0.763,1.82256435166571e-05,"6","Pbx1"
8.14719762884342e-10,2.93447397674103,0.212,0.03,2.03916209452322e-05,"6","Kank1"
9.01572896530813e-10,2.3729136176641,0.234,0.046,2.25654680272697e-05,"6","Abtb2"
9.94568025380274e-10,2.53211949345282,0.203,0.034,2.48930431072429e-05,"6","Ndrg2"
1.03110644315022e-09,1.43617410993887,0.432,0.182,2.58075631656069e-05,"6","Pygb"
1.10595124669384e-09,1.93244966009411,0.234,0.057,2.76808537535002e-05,"6","Msmo1"
1.28454024485212e-09,1.34539864144986,0.505,0.235,3.21507577884038e-05,"6","Sumo1"
1.31481148638588e-09,1.43057639980086,0.333,0.119,3.29084166927522e-05,"6","Ston2"
1.39503978892009e-09,0.766107739946718,0.766,0.452,3.49164508768808e-05,"6","Nfib"
1.52890868634251e-09,1.1328846738821,0.405,0.167,3.82670555104667e-05,"6","Mgll"
1.54164089988689e-09,1.43314805871197,0.374,0.149,3.85857300832689e-05,"6","Ptch1"
2.02747542159643e-09,0.921477260797978,0.644,0.354,5.0745682327137e-05,"6","Grk3"
2.13181814000385e-09,1.41871519725655,0.365,0.13,5.33572762261563e-05,"6","Cdh20"
3.72379917441423e-09,1.22604701991955,0.333,0.1,9.32029695364137e-05,"6","Egfr"
3.83131705898915e-09,1.14421719004221,0.486,0.252,9.58940346694395e-05,"6","Rnf180"
4.67120126200647e-09,0.68438409720873,0.464,0.272,0.00011691549638676,"6","Mcu"
5.07146629329082e-09,1.33056697177167,0.374,0.159,0.000126933729854776,"6","Serpine2"
5.56955214330563e-09,1.38349713724417,0.369,0.15,0.000139400320594797,"6","Eps15"
6.07252805556908e-09,0.976553692785636,0.563,0.324,0.000151989304702839,"6","Arhgap5"
6.77493879575447e-09,0.882691064350926,0.653,0.419,0.000169569943118939,"6","Fnbp1"
7.05779803719206e-09,0.749342489383241,0.649,0.371,0.00017664962707288,"6","Gm47271"
7.12786091135243e-09,0.415739842224028,0.923,0.814,0.00017840323075024,"6","Tnik"
7.71084052429682e-09,1.71940937410064,0.315,0.08,0.000192994627482625,"6","Gm5089"
8.85900234349584e-09,1.6377649546679,0.225,0.068,0.000221731969655357,"6","Slc1a4"
1.10981055715331e-08,1.51683847366285,0.333,0.136,0.000277774484349902,"6","Acsl3"
1.30186951300325e-08,1.19407692824954,0.586,0.286,0.000325844920409584,"6","Mir9-3hg"
1.56266280468036e-08,1.76226013621856,0.342,0.106,0.000391118873383448,"6","Slc27a1"
1.56604523932871e-08,1.02659698383539,0.45,0.24,0.000391965462951582,"6","Ddhd1"
1.8444367776502e-08,1.81284708624334,0.293,0.094,0.000461644081078069,"6","Ugp2"
2.29224301617772e-08,1.11467165994965,0.356,0.15,0.000573725504519122,"6","Igsf11"
2.51913837425827e-08,1.20544521883529,0.275,0.117,0.000630515143693101,"6","Igsf8"
2.90505050299477e-08,0.616378305608266,0.739,0.481,0.000727105090394562,"6","Xylt1"
2.93466196678587e-08,1.41511198217361,0.32,0.128,0.000734516543666835,"6","Arhgef4"
4.2202773103911e-08,1.42516445315519,0.306,0.1,0.00105629320801779,"6","Nxn"
4.782552066581e-08,1.07229102756227,0.477,0.255,0.00119702495674456,"6","Gm26827"
4.94234798376903e-08,1.13351638221722,0.293,0.104,0.00123702027685755,"6","Pdzrn3"
4.94657038276368e-08,1.03883115911488,0.446,0.206,0.00123807710110192,"6","Tead1"
5.76065618677321e-08,0.992323972442329,0.419,0.224,0.00144183463698747,"6","Vcl"
6.56205696892618e-08,1.00773496771434,0.396,0.201,0.00164241723875253,"6","Fgfr1"
7.06662237923071e-08,1.1804046845657,0.347,0.136,0.00176870491529766,"6","Nxpe2"
7.09908960625223e-08,1.39202550539961,0.387,0.145,0.00177683113754887,"6","Pard3bos1"
7.27952286904547e-08,0.861784642725774,0.306,0.155,0.00182199177889339,"6","Gm44686"
1.05113468604865e-07,1.07629238267723,0.347,0.157,0.00263088500571117,"6","Alms1"
1.16410331110064e-07,1.70568755203192,0.266,0.078,0.00291363417735379,"6","Itga6"
1.2761989101707e-07,0.762464545323709,0.527,0.33,0.00319419825226624,"6","Klf7"
1.36816061338965e-07,0.462803917660829,0.802,0.579,0.00342436919925296,"6","Gm11149"
1.38075166224859e-07,1.83868185988129,0.212,0.057,0.003455883335442,"6","Gpam"
1.48304899978523e-07,1.3081960772738,0.23,0.063,0.00371192334156246,"6","Egfros"
1.58352027691996e-07,1.12954130855499,0.266,0.099,0.00396339290110296,"6","Pax6"
1.64116824662643e-07,1.32615273541682,0.41,0.155,0.00410768000448129,"6","Gm11146"
1.97821643916664e-07,0.794048839294981,0.631,0.353,0.00495127792559018,"6","Gm48742"
2.28261340834983e-07,0.983453883387416,0.432,0.234,0.00571315309975878,"6","Phkb"
2.63407666418066e-07,1.55267272825244,0.212,0.068,0.00659283048277778,"6","Soat1"
9.14995031154336e-53,3.06102513789132,0.886,0.222,2.29014106347619e-48,"7","Zfhx3"
7.07243188351261e-49,1.67617255095673,0.978,0.748,1.77015897612437e-44,"7","Kcnq5"
7.39639999248317e-42,2.29545283847158,0.908,0.483,1.85124495411861e-37,"7","Pdzrn4"
2.48561607724019e-33,2.17518442588156,0.793,0.309,6.22124847972446e-29,"7","Pde7b"
6.20392905357291e-32,2.03660319762932,0.842,0.457,1.55278140281876e-27,"7","Dock10"
4.79549375604241e-31,1.85514053312947,0.853,0.489,1.20026413219985e-26,"7","Slc35f3"
7.94323253932498e-31,1.45703232976301,0.94,0.578,1.98811167226765e-26,"7","Ryr3"
1.32789220782512e-28,1.21379447097299,0.946,0.78,3.3235814069655e-24,"7","Grid1"
4.40938739873226e-28,2.62889165720214,0.766,0.294,1.1036255720287e-23,"7","Sox5"
9.58775312460479e-28,1.03330413883241,0.984,0.845,2.39971872955733e-23,"7","Gm26871"
5.43365057469968e-27,1.70301828492822,0.826,0.428,1.35998840234158e-22,"7","D030068K23Rik"
7.70433990288359e-27,1.39041498842081,0.891,0.621,1.92831923429273e-22,"7","Camk2d"
1.47910368378028e-26,1.68564725620644,0.88,0.54,3.70204861013367e-22,"7","Galnt17"
3.76792714309418e-24,1.63915361421503,0.842,0.464,9.43074484645042e-20,"7","Tmem132d"
7.78533795814751e-24,1.73056570047182,0.793,0.367,1.94859223754474e-19,"7","Slit3"
3.47903573079365e-23,0.978807533513392,0.984,0.919,8.70767853060344e-19,"7","Opcml"
3.49671069617851e-23,2.05845904270322,0.663,0.246,8.7519172014652e-19,"7","Pvt1"
8.46991323577902e-23,1.52929473296843,0.815,0.462,2.11993458378313e-18,"7","Brinp1"
2.13278811871963e-22,3.70784194575362,0.375,0.037,5.33815538234336e-18,"7","Gm19410"
2.26133731654134e-22,2.22901595588761,0.658,0.276,5.65990116957132e-18,"7","Fstl4"
5.09028887617368e-21,1.82197275561318,0.679,0.327,1.27404840281751e-16,"7","Ghr"
1.62420128864087e-20,1.13143807717458,0.859,0.555,4.06521340533922e-16,"7","Dpyd"
6.01023278622739e-20,0.818583508679785,0.989,0.914,1.50430116406485e-15,"7","Grm7"
1.32425513433227e-19,1.59061773159724,0.734,0.4,3.31447817572023e-15,"7","Ankfn1"
2.01470830656004e-19,0.60671852723617,1,0.988,5.04261342048913e-15,"7","Rbfox1"
2.79903227858465e-19,1.48585941396926,0.685,0.343,7.00569789006951e-15,"7","Rasgef1b"
2.87008748155404e-19,2.75459077623549,0.413,0.092,7.18354195758161e-15,"7","Spata13"
1.14268386254179e-18,2.09301761627564,0.473,0.131,2.86002343955584e-14,"7","Zfhx4"
1.30967673345906e-18,1.71957390205451,0.734,0.384,3.27798989617468e-14,"7","Vat1l"
4.9227936202491e-18,0.854283689783224,1,0.945,1.23212601521215e-13,"7","Lrrtm4"
5.01553780770448e-18,1.78871716614758,0.647,0.321,1.25533895789035e-13,"7","Rps6ka2"
9.83897593389296e-18,1.09962803352607,0.864,0.709,2.46259728649407e-13,"7","Cacnb2"
1.18400290427017e-17,1.03641726882411,0.853,0.594,2.96344086909782e-13,"7","Zdhhc14"
2.49410053272375e-17,1.26076055402272,0.772,0.472,6.24248422335428e-13,"7","Nr3c2"
7.08466371065121e-17,1.23994707503735,0.891,0.604,1.77322048013889e-12,"7","March1"
8.73447110876415e-17,1.55329184084704,0.674,0.402,2.18615077381258e-12,"7","Camk4"
8.77168338529915e-17,3.68254088396184,0.299,0.035,2.19546463450652e-12,"7","Lncbate1"
1.14438228576642e-16,0.670292329543556,0.995,0.968,2.86427442304477e-12,"7","Grm5"
2.49129444306831e-16,1.17333902637599,0.799,0.582,6.23546086155568e-12,"7","Pde1a"
3.51851028180487e-16,2.19095697263778,0.582,0.297,8.80647938432941e-12,"7","Tmcc3"
5.03456837358521e-16,0.753203543029167,0.978,0.843,1.26010211822464e-11,"7","Grid2"
8.40224374074731e-16,1.3477010366394,0.755,0.434,2.10299758587164e-11,"7","Dgkg"
8.51467865940407e-16,2.10962069592467,0.543,0.224,2.13113892166225e-11,"7","Prkd1"
3.04089095536347e-15,1.96650827541037,0.505,0.157,7.61104597217924e-11,"7","Epha4"
3.183455258633e-15,5.52602776293885,0.212,0.007,7.96787016683254e-11,"7","Stk31"
4.81355445496227e-15,1.35245865702434,0.696,0.426,1.20478454453251e-10,"7","Mast4"
9.9593351954484e-15,2.06309261913689,0.418,0.124,2.49272200606878e-10,"7","Thbs3"
2.68162747981834e-14,3.35065529011004,0.217,0.027,6.71184541923733e-10,"7","1700042O10Rik"
4.37061393784284e-14,3.80727188668339,0.293,0.034,1.09392096250269e-09,"7","Calcrl"
6.12849836623432e-14,1.08583815795429,0.652,0.337,1.53390185608479e-09,"7","Ephb1"
7.44909574045332e-14,2.08472330945705,0.571,0.28,1.86443417287806e-09,"7","Arhgap6"
9.58383214555669e-14,0.525667439063044,1,0.985,2.39873734771139e-09,"7","Celf2"
3.10264808159246e-13,2.26487795684583,0.435,0.13,7.76561788341776e-09,"7","Lrrc1"
5.29207748378302e-13,1.83814817363508,0.533,0.228,1.32455407341605e-08,"7","Gm10848"
6.66965133167437e-13,1.8084413332922,0.473,0.212,1.66934703180478e-08,"7","Mbnl1"
1.8940898799276e-12,0.803046351383907,0.951,0.782,4.74071756047078e-08,"7","Epha5"
2.26673602369098e-12,1.45007661680498,0.652,0.312,5.67341359369616e-08,"7","Efna5"
2.3723172587802e-12,1.71668856340776,0.359,0.138,5.93767286700096e-08,"7","Plce1"
2.57994209910295e-12,1.12957553458855,0.712,0.438,6.45733707984478e-08,"7","Pde8b"
2.81965545482184e-12,1.98656429536202,0.462,0.171,7.05731563787359e-08,"7","Rhbdl3"
3.56760807052992e-12,0.696638367274303,0.984,0.921,8.92936623972934e-08,"7","Nav3"
4.97796474801281e-12,0.598855641150823,0.929,0.791,1.24593479678013e-07,"7","Cacna1e"
9.89156330929455e-12,0.959123119571424,0.766,0.559,2.47575938068333e-07,"7","Pakap"
1.30557883603738e-11,0.611617561527269,0.973,0.907,3.26773326871797e-07,"7","Kalrn"
1.61244229263332e-11,1.3894033335126,0.582,0.325,4.03578181423193e-07,"7","Ano3"
2.94765166559916e-11,1.03175950862795,0.723,0.465,7.37767735382814e-07,"7","C2cd2"
3.37112262100376e-11,1.47824883850543,0.582,0.357,8.4375828081103e-07,"7","Epb41l4b"
3.76067003279874e-11,2.81443250739037,0.321,0.074,9.41258102509196e-07,"7","Pcsk6"
3.79166516909717e-11,0.762397522488506,0.783,0.585,9.4901587517333e-07,"7","Kcnd3"
4.39464196848263e-11,0.647783718896554,0.935,0.848,1.09993493829152e-06,"7","Prkce"
4.56092673853023e-11,0.902611020788032,0.826,0.617,1.14155435338673e-06,"7","Ext1"
5.83804601707928e-11,0.876285780197921,0.745,0.568,1.46120453761477e-06,"7","Gabra2"
7.07083904221798e-11,1.1794890905683,0.516,0.294,1.76976030387674e-06,"7","Adcy5"
8.227837005778e-11,0.750800730146155,0.793,0.612,2.05934532417618e-06,"7","Sipa1l1"
8.53772281248227e-11,0.6436366476769,0.859,0.658,2.13690664273619e-06,"7","Caln1"
9.89488856616001e-11,0.838738179140833,0.755,0.532,2.47659165922419e-06,"7","9530059O14Rik"
1.0069385074779e-10,1.70432052172682,0.397,0.164,2.52026639036644e-06,"7","Bcl2"
1.091950495285e-10,0.407061173507368,1,0.997,2.73304289464882e-06,"7","Lsamp"
1.26024868340543e-10,0.901279093773882,0.658,0.444,3.15427642969544e-06,"7","Ptprr"
1.41665210301887e-10,0.867769810020841,0.696,0.48,3.54573854864592e-06,"7","Mtus2"
1.45064868731182e-10,0.999826233133367,0.739,0.581,3.63082859947276e-06,"7","Mctp1"
2.85207977475827e-10,2.46767582741768,0.283,0.07,7.13847046824248e-06,"7","Strip2"
3.44906926399184e-10,1.57109880922977,0.413,0.198,8.63267546084518e-06,"7","Bbx"
3.64476349808764e-10,0.681744304964384,0.962,0.914,9.12247855936355e-06,"7","Ptprn2"
7.81454544536971e-10,0.978830443954361,0.723,0.541,1.95590257952158e-05,"7","Cdk14"
8.60386563514596e-10,0.558810583637238,0.87,0.755,2.15346152982068e-05,"7","Cacna2d3"
2.27845008004772e-09,0.60284461464052,0.918,0.824,5.70273270535143e-05,"7","Gabrb1"
3.20290507083116e-09,1.38266630199239,0.462,0.241,8.01655110178331e-05,"7","Hs6st2"
3.32547551341412e-09,1.15593290586873,0.56,0.356,8.3233326625242e-05,"7","Gm13269"
3.43294172098306e-09,1.09660586922127,0.554,0.37,8.59230983344849e-05,"7","Rgl1"
3.83071289691285e-09,1.33742542077513,0.435,0.226,9.58789130968317e-05,"7","Ksr1"
3.96030609763524e-09,1.26262052803402,0.793,0.666,9.91225013177125e-05,"7","Hdac9"
5.47465402321215e-09,0.94914859274628,0.745,0.632,0.000137025115546977,"7","Tiam1"
5.57606144930546e-09,0.828854320056841,0.723,0.506,0.000139563242014666,"7","Sez6l"
6.42549968499842e-09,0.828513823946439,0.728,0.57,0.000160823831615826,"7","Syt16"
6.59708648875108e-09,1.551861062745,0.321,0.119,0.000165118477726951,"7","Gabrg1"
6.66946322250015e-09,0.904683648400973,0.761,0.444,0.000166929994995956,"7","Oxr1"
8.12083342969267e-09,2.07882850542347,0.375,0.16,0.000203256339911778,"7","Gm49969"
8.71866120230671e-09,1.8280550449738,0.321,0.124,0.000218219371232535,"7","Ccdc88c"
8.72354030451538e-09,0.861616894505279,0.734,0.552,0.000218341490281715,"7","Cntn3"
8.9731631760174e-09,0.517019450600048,0.984,0.971,0.00022458930113254,"7","Ank2"
9.29444453754527e-09,0.56036542672656,0.978,0.92,0.000232630652330221,"7","Gabrb3"
1.04804553875525e-08,1.68187396163404,0.408,0.151,0.000262315317895052,"7","Myo5b"
1.16180060716811e-08,1.07123709231778,0.63,0.446,0.000290787073968107,"7","Gse1"
1.16485050488039e-08,0.961845984303626,0.739,0.552,0.000291550432866512,"7","Nnat"
1.23580588974947e-08,3.10855050708305,0.201,0.025,0.000309309856145395,"7","Ddc"
1.61211481054518e-08,1.62859387734629,0.321,0.14,0.000403496215931352,"7","Gm16226"
2.65073070340895e-08,1.17546380713385,0.473,0.261,0.000663451387756225,"7","Gda"
2.78461548577307e-08,0.529436421632909,0.864,0.823,0.000696961409934141,"7","Map2"
2.89526151195708e-08,0.769258585886238,0.75,0.612,0.000724655003827736,"7","Ppp1r12b"
3.75246165306023e-08,0.446192472991051,0.94,0.9,0.000939203627144444,"7","Plcb1"
4.4918533666173e-08,1.47844332037664,0.549,0.334,0.00112426597913064,"7","Ammecr1"
4.72607056342735e-08,1.12096446606854,0.495,0.27,0.00118288820132023,"7","Hs3st5"
4.85354089706003e-08,0.711452810369432,0.777,0.643,0.00121479275112516,"7","Gm15738"
5.66451161967374e-08,1.19548751290986,0.457,0.244,0.00141777061328814,"7","Galnt10"
5.97245131884606e-08,0.484370275133986,0.897,0.832,0.00149484484059398,"7","Ctnna3"
6.03062646334003e-08,0.630874683131752,0.75,0.599,0.00150940549750938,"7","Lrrtm3"
7.08270379699719e-08,1.5389674410225,0.288,0.094,0.00177272993335043,"7","Syt6"
7.76582853123041e-08,1.12790113972945,0.505,0.319,0.00194370922308166,"7","Rap1gap"
8.17760826988236e-08,1.35502243840787,0.402,0.205,0.00204677357386885,"7","Prmt8"
9.22644847941484e-08,0.860223529983174,0.636,0.436,0.00230928778991274,"7","Zfp462"
9.66161371191671e-08,0.434082218916339,0.951,0.957,0.00241820529595563,"7","Cadm2"
9.72288526571325e-08,0.639999576809499,0.875,0.642,0.00243354095315537,"7","Dscaml1"
1.23870678882652e-07,1.35457873537782,0.261,0.11,0.00310035922175389,"7","Nectin3"
1.42077018744577e-07,0.667150179671664,0.772,0.631,0.00355604570215801,"7","Cdh18"
1.63301321374542e-07,0.712461243006576,0.647,0.449,0.00408726877268341,"7","Ccdc85a"
1.75527993003776e-07,1.65964240814176,0.283,0.116,0.0043932901368915,"7","Cdh7"
1.83800347202969e-07,1.24263768545307,0.467,0.289,0.00460033889014312,"7","Ptprk"
3.70447991706941e-07,0.70782407596317,0.717,0.584,0.00927194278443304,"7","Hivep3"
3.96742458970145e-07,1.91782609440211,0.326,0.109,0.00993006700556376,"7","Gm41414"
3.2002194054669e-66,3.08640720071764,1,0.643,8.00982914994312e-62,"8","Adarb2"
6.3975015765179e-66,3.38452753471871,0.977,0.408,1.60123066958667e-61,"8","Synpr"
2.0815896335778e-56,1.40986577276571,1,0.983,5.21001069388187e-52,"8","Nrxn1"
1.99278609136599e-51,2.59282438026538,0.92,0.376,4.98774430807994e-47,"8","Kcnt2"
2.12072017161138e-46,3.51608983114881,0.716,0.087,5.30795051752612e-42,"8","Egfr"
1.21857195725972e-45,1.54805699142483,0.989,0.934,3.04996375182536e-41,"8","Nbea"
1.45626215410926e-45,3.31420270434961,0.773,0.148,3.64487854552006e-41,"8","Zbtb16"
5.13606238378527e-45,1.45505174278764,1,0.831,1.28550505403761e-40,"8","Erbb4"
2.97564617985996e-44,2.29947830133953,0.949,0.469,7.4477448235715e-40,"8","Npas3"
1.74686422634044e-43,2.53857341228709,0.926,0.505,4.37222647210748e-39,"8","Zfp804a"
7.16671259483591e-41,2.16501465621751,0.915,0.338,1.79375649536148e-36,"8","Zeb2"
2.03515743476919e-40,2.05910171640614,0.915,0.281,5.0937955434838e-36,"8","Zfp536"
2.07655138937557e-38,1.7525670251957,1,0.582,5.19740047246812e-34,"8","Tcf4"
6.63246957469884e-38,2.46160906295105,0.801,0.25,1.66004080985137e-33,"8","Btbd11"
4.86920855242327e-37,1.23670380697403,0.994,0.895,1.21871420858602e-32,"8","Ptprd"
6.61526565068704e-37,7.51696675078973,0.46,0.005,1.65573483971046e-32,"8","Vip"
1.66805933008414e-36,1.98649419116764,0.864,0.413,4.1749856972676e-32,"8","Dlx6os1"
2.96872464636129e-36,1.53788767736147,0.994,0.836,7.43042091737766e-32,"8","Galntl6"
4.79236511836105e-36,1.86357301953805,0.932,0.619,1.19948106547459e-31,"8","Sobp"
9.22909190488624e-36,4.44156618350244,0.562,0.044,2.30994941287398e-31,"8","Prox1"
4.75901575889108e-34,4.41439373586991,0.528,0.04,1.19113405429285e-29,"8","Adra1b"
1.38982184262055e-33,2.03576827950361,0.881,0.377,3.47858508989496e-29,"8","Egfem1"
3.34665108055422e-33,1.86541488539465,0.892,0.516,8.37633298951916e-29,"8","Ptprz1"
1.34647702907455e-32,2.13717821244442,0.852,0.312,3.37009735607068e-28,"8","Zmat4"
1.694156074245e-32,2.05903959881914,0.886,0.403,4.2403032382278e-28,"8","Sdk1"
2.37789801651575e-32,1.8261101936941,0.938,0.52,5.95164094553727e-28,"8","Limch1"
4.94973678148088e-32,1.43155009673038,0.949,0.701,1.23886961903685e-27,"8","Mir99ahg"
2.74865263244871e-31,1.67662445967407,0.943,0.632,6.87960267375587e-27,"8","Sorcs3"
3.58381708509549e-29,0.982066387316981,0.994,0.937,8.96993578228551e-25,"8","Nrg3"
5.92775884637693e-28,0.895436668877947,1,0.991,1.48365876165968e-23,"8","Csmd1"
1.33343109863566e-27,4.99925768993757,0.42,0.023,3.3374446967752e-23,"8","Gm5087"
5.38217719476975e-27,1.82892551634331,0.892,0.489,1.34710513007892e-22,"8","Thrb"
3.4159081570679e-26,1.74827938894325,0.869,0.61,8.54967652632525e-22,"8","Gm43376"
3.87073034839536e-26,1.08901136200037,0.972,0.847,9.68805098899874e-22,"8","Sntg1"
5.34896834669409e-26,0.657488233147055,1,0.996,1.33879328749406e-21,"8","Nrxn3"
1.71316113302415e-25,1.27398830037913,0.915,0.621,4.28787099984614e-21,"8","Dscam"
6.79528367000429e-25,4.1404244629862,0.369,0.028,1.70079154976537e-20,"8","Fbln2"
1.28481024276504e-24,3.8449430776185,0.426,0.046,3.21575155661661e-20,"8","Igf1"
2.04251702181381e-24,1.42129160620012,0.83,0.308,5.11221585389778e-20,"8","Kcnmb2"
3.48343771874955e-24,2.78246428720357,0.597,0.167,8.71869626625826e-20,"8","4930590L20Rik"
1.03220351335304e-23,1.32407355616599,0.898,0.68,2.58350217357132e-19,"8","Slc2a13"
1.29523286996936e-23,3.02475353208306,0.472,0.081,3.2418383502463e-19,"8","Cnr1"
2.23198858586503e-23,0.874030751171954,1,0.92,5.58644423156159e-19,"8","Grip1"
5.6339755240269e-23,3.5654269499412,0.455,0.056,1.41012773390869e-18,"8","Egfros"
2.2688518148294e-22,1.90734128222855,0.71,0.291,5.67870920733652e-18,"8","Gm12296"
2.70735774396848e-22,1.48670080911527,0.955,0.946,6.77624569737871e-18,"8","Cntnap2"
4.27528805438279e-22,3.59563683066507,0.409,0.064,1.07006184713147e-17,"8","Plpp4"
7.24021768958653e-22,0.797905281762562,0.972,0.915,1.81215408552661e-17,"8","Grm7"
1.35669597720056e-21,1.64693872259454,0.812,0.471,3.39567436133529e-17,"8","Nr3c2"
2.4562948598519e-21,1.67421481421103,0.761,0.398,6.14786040472332e-17,"8","Shisa6"
7.66463563963623e-21,3.31168069127784,0.511,0.124,1.91838165424455e-16,"8","Ccnd2"
9.86600336720848e-20,1.00650428613588,0.932,0.762,2.46936198277861e-15,"8","Kcnb2"
3.38463365954016e-19,3.26308367266029,0.403,0.07,8.47139958646306e-15,"8","Svil"
4.31474332953269e-19,1.26614033082588,0.79,0.429,1.07993710794874e-14,"8","Chrm3"
5.06841501685569e-19,1.40434226797243,0.824,0.464,1.26857359456881e-14,"8","4930509J09Rik"
5.98353195853739e-19,2.12896719654049,0.523,0.156,1.49761821390232e-14,"8","Sema5a"
6.14591957904461e-19,1.26981197517628,0.886,0.796,1.53826221143907e-14,"8","Frmpd4"
7.20785154389357e-19,1.22698121181501,0.869,0.451,1.80405316292112e-14,"8","Grik1"
1.96813505697706e-18,5.93158681943028,0.273,0.007,4.92604523410788e-14,"8","Gm12153"
4.79773812209874e-18,1.65653240949473,0.699,0.408,1.20082587458009e-13,"8","Shtn1"
6.09379844607425e-18,3.02179339370581,0.369,0.064,1.52521681306792e-13,"8","St3gal1"
6.70229934844801e-18,1.21236931698764,0.841,0.546,1.67751850392305e-13,"8","Pcsk2"
8.5500894663781e-18,1.04464240273104,0.966,0.748,2.14000189253977e-13,"8","Gm20642"
1.57321731809423e-17,1.57558503825837,0.665,0.274,3.93760562545804e-13,"8","Sema5b"
2.77140418201668e-17,1.75174304540622,0.67,0.366,6.93654752716955e-13,"8","Gm48321"
3.09033809483045e-17,1.14222573512971,0.847,0.507,7.73480721755113e-13,"8","Gm20754"
3.84518395870281e-17,4.01142407801266,0.278,0.028,9.62411093023725e-13,"8","Gpd1"
5.04249887333473e-17,2.01737964663968,0.477,0.136,1.26208704300695e-12,"8","Ust"
1.74296590696969e-16,1.69067997328563,0.653,0.294,4.36246936855443e-12,"8","Cntn6"
2.38283581848445e-16,1.92545437297413,0.585,0.231,5.96399977008472e-12,"8","Metap1d"
1.10963013256816e-15,1.6623597448024,0.699,0.322,2.77729325880484e-11,"8","Ubash3b"
1.605379506678e-15,1.33813203043156,0.739,0.47,4.01810436726437e-11,"8","Magi3"
2.05743108754256e-15,3.46486649241682,0.307,0.035,5.14954426901028e-11,"8","Gm28175"
2.57600919457819e-15,1.31160637979232,0.778,0.448,6.44749341310975e-11,"8","Thsd7a"
4.44456021799269e-15,1.31751741439343,0.79,0.571,1.11242897696139e-10,"8","Ncoa1"
6.96162950003885e-15,1.30634375475599,0.795,0.48,1.74242624756472e-10,"8","Kcnip1"
8.32251667836869e-15,0.985970053236944,0.795,0.568,2.0830426994289e-10,"8","Vsnl1"
1.29940723148196e-14,2.71642264450879,0.335,0.069,3.25228635967619e-10,"8","Rnf144b"
1.32361883864408e-14,1.51051146951341,0.727,0.421,3.31288559124227e-10,"8","Cntnap5c"
1.35446717648208e-14,0.648708751034932,0.96,0.749,3.39009589601699e-10,"8","Kcnq5"
1.78073987725291e-14,0.857317107856754,0.972,0.915,4.45701383877631e-10,"8","Cntn5"
3.28419324219307e-14,0.985507769560676,0.642,0.349,8.22000726588504e-10,"8","Fstl5"
3.43520382741675e-14,1.6668778064053,0.676,0.376,8.59797165964137e-10,"8","Ano4"
4.09985372659975e-14,1.12104265948634,0.756,0.538,1.02615238923065e-09,"8","Ripor2"
4.21095189068285e-14,1.92368488476076,0.506,0.156,1.05395914871901e-09,"8","Elfn1"
1.99419843007599e-13,2.65611251911444,0.352,0.071,4.9912792506372e-09,"8","Hcrtr2"
2.71879519408862e-13,2.71748725484616,0.381,0.103,6.8048724912844e-09,"8","Pdzrn3"
2.9119853816629e-13,2.37213028392074,0.324,0.074,7.28840821176407e-09,"8","Hmgn2"
3.63064268473288e-13,1.15606812679207,0.682,0.472,9.08713557561793e-09,"8","Nhs"
5.21436773697937e-13,2.26400314429322,0.415,0.141,1.30510410088857e-08,"8","Parm1"
7.80573059083737e-13,1.86434279636052,0.432,0.199,1.95369630958068e-08,"8","Dennd2a"
1.06817729880826e-12,1.99378410253994,0.46,0.168,2.67354096118721e-08,"8","Gabra1"
2.34607617019104e-12,4.94024073134655,0.21,0.011,5.87199404637115e-08,"8","Prox1os"
3.97833448399951e-12,2.05311331812322,0.398,0.125,9.95737338000237e-08,"8","6330576A10Rik"
4.49526567071246e-12,1.10680499460369,0.688,0.383,1.12512004472262e-07,"8","Gm3764"
4.89338856502465e-12,1.57787124144136,0.466,0.186,1.22476622394002e-07,"8","Trpc4"
6.77380348575344e-12,3.22128832436312,0.239,0.029,1.69541527444923e-07,"8","Npas1"
8.25401441172892e-12,2.64305839263562,0.29,0.058,2.06589726711163e-07,"8","4930447N08Rik"
8.40110604709911e-12,1.34172453556164,0.722,0.393,2.10271283252844e-07,"8","Gm32509"
9.13201409411042e-12,1.12383140969927,0.676,0.428,2.2856518076149e-07,"8","Nell1"
1.08012688907299e-11,2.49030353595276,0.352,0.093,2.70344959066077e-07,"8","St8sia5"
1.36901679310203e-11,1.17388239956807,0.722,0.435,3.42651213145506e-07,"8","Slc44a5"
1.37921276166806e-11,1.29754703124529,0.682,0.476,3.45203162117899e-07,"8","D430041D05Rik"
1.45401868507863e-11,0.957962090184667,0.778,0.559,3.63926336688331e-07,"8","Slc35f4"
1.85360126497634e-11,3.32117533423006,0.273,0.052,4.63937860610927e-07,"8","Sntb1"
2.11828668542252e-11,1.10927349042516,0.705,0.494,5.30185974494402e-07,"8","Gabrb2"
2.22127189240664e-11,2.23830561780778,0.415,0.14,5.55962141950459e-07,"8","Bmper"
2.39432986380262e-11,0.881548606250633,0.909,0.676,5.99276821611157e-07,"8","Nrg3os"
3.85393316913592e-11,1.00263595226922,0.693,0.431,9.64600932903029e-07,"8","Grip1os2"
4.38587749551828e-11,2.89973767788994,0.244,0.042,1.09774127835327e-06,"8","Kcnq4"
4.65320851898356e-11,0.617300891561815,0.864,0.606,1.16465156021639e-06,"8","March1"
6.47002951164946e-11,2.15806049416765,0.318,0.092,1.61938368647074e-06,"8","Igsf3"
9.47950937612878e-11,1.30984053068314,0.71,0.462,2.37262640175127e-06,"8","Car10"
1.24071595142491e-10,1.77776646307393,0.534,0.256,3.10538795482142e-06,"8","Galnt14"
1.43805713661337e-10,1.77680348714785,0.46,0.191,3.59931320722959e-06,"8","Adam12"
2.48571142219999e-10,1.71927052450073,0.318,0.119,6.22148711862436e-06,"8","Il1rap"
3.09597121038313e-10,0.593382957371448,0.909,0.825,7.74890634246794e-06,"8","A230057D06Rik"
4.05555725482322e-10,0.675856549684849,0.977,0.898,1.0150654253097e-05,"8","Grik2"
4.42032867169262e-10,2.74830331038365,0.256,0.056,1.10636406323795e-05,"8","Kif6"
4.65713393021244e-10,2.65873080880695,0.25,0.043,1.16563405139287e-05,"8","Dpf3"
5.44980165450983e-10,2.8816156373664,0.227,0.042,1.36403085610727e-05,"8","Arhgap15"
6.13223587768104e-10,0.950320448239905,0.744,0.576,1.53483731782479e-05,"8","Ablim1"
6.78759034794041e-10,1.9679715924809,0.409,0.151,1.698865988186e-05,"8","4930480K15Rik"
7.25067608021706e-10,2.13416176995422,0.273,0.078,1.81477171611753e-05,"8","Rgs12"
8.43853650081148e-10,0.528419478127677,0.977,0.982,2.11208130078811e-05,"8","Ctnna2"
1.00410167697326e-09,1.29469328284475,0.551,0.32,2.51316608729638e-05,"8","Olfm2"
1.06598716701736e-09,0.791370397648283,0.818,0.604,2.66805928032774e-05,"8","Slc24a3"
1.29286246142666e-09,0.885017204841868,0.773,0.586,3.23590545470478e-05,"8","Kcnd3"
3.15428150345716e-09,1.40281981548656,0.642,0.339,7.89485117500293e-05,"8","Sema6a"
3.27905554217852e-09,1.63174028149391,0.381,0.17,8.20714811651862e-05,"8","Chrna7"
3.33756005398271e-09,0.870983811503878,0.767,0.545,8.35357905911332e-05,"8","Pam"
3.39186113532955e-09,1.07428005200296,0.739,0.539,8.48948923561633e-05,"8","Sorcs1"
4.42044275782401e-09,0.514699739859529,0.977,0.968,0.000110639261785577,"8","Grin2b"
8.35362615841035e-09,2.33321797803474,0.244,0.063,0.000209082909118853,"8","Gm16036"
9.73600953494926e-09,0.737464499389831,0.676,0.497,0.000243682582650245,"8","Slc24a2"
1.22151180103028e-08,0.577918584494957,0.784,0.647,0.00030573218867987,"8","Apba1"
1.99788186611918e-08,2.84574061218812,0.284,0.064,0.000500049852270969,"8","Wnt5b"
2.11767673229699e-08,2.31833456368028,0.29,0.081,0.000530033309326614,"8","Dlx1"
2.14362272637477e-08,0.889286828622157,0.773,0.57,0.000536527332184341,"8","C530008M17Rik"
2.69666452871268e-08,1.41689288117963,0.335,0.137,0.000674948164891496,"8","Lima1"
2.73711143616348e-08,1.41728719950472,0.631,0.36,0.000685071621357357,"8","Ppm1l"
3.40140759462092e-08,1.80777876564679,0.364,0.142,0.00085133830685767,"8","Dlx1as"
3.46594855099547e-08,1.21516658033566,0.574,0.398,0.000867492262828657,"8","Cit"
3.57095600396796e-08,0.674881837409773,0.943,0.831,0.000893774578233141,"8","Ctnna3"
3.62795822906316e-08,1.14380545753087,0.602,0.419,0.000908041665152218,"8","Ppm1h"
3.90444869800166e-08,0.836548684485579,0.494,0.334,0.000977244464622836,"8","Map4k3"
4.2065820025704e-08,2.10063422704031,0.358,0.123,0.00105286540942335,"8","Asic1"
5.57122872142696e-08,0.545912578040853,0.92,0.795,0.00139442283668595,"8","Dab1"
5.95109358819819e-08,1.81840574618583,0.273,0.101,0.00148949921419013,"8","Adam19"
6.04830461365987e-08,2.71863665264402,0.244,0.048,0.00151383016175293,"8","Ccbe1"
8.48432609939584e-08,0.969109309404498,0.608,0.348,0.00212354197941779,"8","Aff2"
9.95540589194235e-08,1.15159520325037,0.398,0.193,0.00249173854069425,"8","Gm42303"
1.04589316299041e-07,0.795557648728698,0.619,0.458,0.00261776599764869,"8","Ttc28"
1.05746236915232e-07,1.05285625292065,0.517,0.323,0.00264672256375133,"8","Gad1"
1.24664926734505e-07,0.835098262955156,0.688,0.536,0.00312023845123793,"8","Tcf12"
2.12505195858935e-07,1.56116488531577,0.312,0.124,0.00531879254715327,"8","Bche"
2.18867521548993e-07,2.34737172547108,0.261,0.074,0.00547803519684975,"8","Syt17"
2.28569893033178e-07,1.49267173139939,0.341,0.16,0.00572087585272741,"8","Gm11146"
2.92731376724635e-07,0.744402024479181,0.71,0.591,0.0073267736280409,"8","Gpc6"
3.59453089334052e-07,1.0634643098227,0.528,0.332,0.00899675137294199,"8","Vwc2"
3.61113862355732e-07,1.1018117625163,0.534,0.36,0.00903831886090161,"8","Arfgef3"
1.38206044978477e-45,2.68233512146447,0.899,0.288,3.4591590997663e-41,"9","Rarb"
4.72957061111464e-41,2.29629206578683,0.946,0.554,1.18376422825588e-36,"9","Foxp1"
2.58207229511924e-39,1.60084635552308,0.993,0.881,6.46266874745395e-35,"9","Nrg1"
7.89339735362283e-38,1.21955237137809,1,0.985,1.97563842363826e-33,"9","Celf2"
5.33579578612004e-29,2.58671807140672,0.758,0.314,1.33549632730799e-24,"9","Pde7b"
2.02254197894023e-26,0.906191334943223,1,0.955,5.0622203190895e-22,"9","Cadm2"
8.6245292310977e-26,1.80161632794844,0.765,0.343,2.15863342125144e-21,"9","Rasgef1b"
2.08985320684974e-25,1.94901880152122,0.732,0.337,5.23069359142421e-21,"9","Ephb1"
2.83014498258173e-25,2.09203500945407,0.832,0.428,7.08356987690382e-21,"9","Hs6st3"
1.90605355613162e-24,1.59867877842637,0.758,0.371,4.77066144564183e-20,"9","Slit3"
3.91110477425825e-24,1.63490490523654,0.839,0.492,9.78910413949096e-20,"9","Slc35f3"
2.86675968355263e-23,3.33806360767612,0.456,0.037,7.17521281196387e-19,"9","Ebf1"
3.21677638024295e-23,1.37855733666337,0.926,0.581,8.05126960211008e-19,"9","Ryr3"
2.44602528630816e-22,1.34802275671083,0.919,0.707,6.1221566891007e-18,"9","Robo2"
5.06722313758443e-22,3.07831413555998,0.523,0.128,1.26827527910601e-17,"9","Dach1"
1.99586152539257e-21,1.02746139287396,0.987,0.844,4.99544181190507e-17,"9","Grid2"
6.91072509330858e-21,2.32133286618887,0.631,0.234,1.7296853836042e-16,"9","Gng7"
1.19335119034371e-20,1.55444654769322,0.96,0.893,2.98683869431127e-16,"9","Phactr1"
1.4639778460302e-20,2.07667980926896,0.651,0.291,3.66419015082898e-16,"9","Adcy5"
1.12282812154019e-19,1.05855664359597,0.919,0.731,2.81032650540293e-15,"9","Dgkb"
1.48331280156594e-18,1.35998332423527,0.906,0.735,3.71258361103939e-14,"9","Pde10a"
1.65676713185465e-17,1.2281142735099,0.899,0.755,4.14672245431901e-13,"9","Cacna2d3"
1.73536884465301e-17,1.06486101366772,0.926,0.765,4.34345468128202e-13,"9","Dgki"
2.60052910797596e-17,2.96390671914701,0.423,0.088,6.50886430435303e-13,"9","Arhgap10"
2.78146185737811e-17,1.81814492042078,0.711,0.369,6.96172088283167e-13,"9","Elmod1"
2.92032948923082e-15,1.4469594312091,0.698,0.34,7.30929267859582e-11,"9","Bcl11b"
3.84600177243291e-15,1.21494341079588,0.772,0.578,9.62615783622234e-11,"9","Atp2b1"
3.89437170522602e-15,0.610297051239582,1,0.968,9.74722294101021e-11,"9","Grm5"
4.81640494245896e-15,0.878021317919544,0.96,0.751,1.20549799304805e-10,"9","Kcnq5"
4.99967547018497e-15,1.74874154574114,0.584,0.271,1.2513687734326e-10,"9","Pdzd2"
5.07727058672192e-15,1.1368876034541,0.94,0.9,1.27079005515063e-10,"9","Grik2"
1.0605933754796e-14,2.21421537616751,0.49,0.159,2.6545591594879e-10,"9","Rbms1"
1.06565736177531e-14,1.84593178747702,0.403,0.141,2.66723381078742e-10,"9","Gucy1a1"
2.43482590081094e-14,1.5723247330609,0.953,0.896,6.09412574713969e-10,"9","Ptprd"
8.7566610322386e-14,2.20518972224754,0.523,0.188,2.191704689759e-09,"9","Pde1c"
1.00326979422213e-13,0.853949723372918,0.899,0.755,2.51108396795858e-09,"9","Cdh13"
1.79634570284468e-13,0.902621237041442,0.919,0.693,4.49607365964996e-09,"9","Sgcz"
2.2809227069543e-13,3.07816330644238,0.436,0.14,5.70892144323593e-09,"9","Ust"
2.45566472256273e-13,2.15146971251798,0.369,0.119,6.14628323410227e-09,"9","Pou6f2"
3.29458918911167e-13,1.33364668357731,0.738,0.482,8.24602728142761e-09,"9","Gnal"
3.97417455898779e-13,1.83482066300431,0.557,0.238,9.94696150369054e-09,"9","Tmtc1"
4.14997227605547e-13,1.5601433831592,0.638,0.326,1.03869656097392e-08,"9","Ano3"
4.5879539669162e-13,0.60744993809465,0.987,0.899,1.14831899837946e-08,"9","Plcb1"
6.70393057588461e-13,3.09371805865743,0.275,0.046,1.67792678383816e-08,"9","Gpr149"
1.81055161078719e-12,0.652664572514293,0.98,0.823,4.53162962663926e-08,"9","Dcc"
3.35545511157264e-12,0.588639436213668,1,0.955,8.39836859875517e-08,"9","Lrrc7"
4.00330720283555e-12,1.19265661373077,0.758,0.473,1.00198775979771e-07,"9","Smpd3"
4.96283283555387e-12,0.973650646505999,0.826,0.523,1.24214743041078e-07,"9","Gria3"
5.55897227089502e-12,1.3906633612025,0.49,0.253,1.39135516968231e-07,"9","Pifo"
6.51877551903439e-12,2.11202050011986,0.483,0.181,1.63158432465912e-07,"9","Rgs9"
9.58806654260555e-12,1.29640267822305,0.557,0.304,2.39979717494874e-07,"9","Rgs20"
1.13224907534621e-11,1.10932483749693,0.557,0.262,2.83390621068404e-07,"9","Man1a"
1.5499658297687e-11,2.15135457321885,0.389,0.116,3.87940947532808e-07,"9","Gm10754"
1.60640714885819e-11,0.97566663883711,0.832,0.691,4.02067645287716e-07,"9","Ppp1r9a"
1.63751551840638e-11,1.26175913120526,0.597,0.375,4.09853759101932e-07,"9","Dgkh"
2.01905399739383e-11,0.492052145836642,0.993,0.988,5.05349025007702e-07,"9","Rbfox1"
2.16154387256746e-11,0.669570630346204,0.96,0.663,5.41012815864909e-07,"9","Meis2"
2.99582684185879e-11,0.882494800229746,0.866,0.719,7.49825500248835e-07,"9","5730522E02Rik"
3.04236624190793e-11,0.707490259828122,0.899,0.736,7.61473846687135e-07,"9","Cntnap5a"
3.55872340885585e-11,1.4283016815774,0.483,0.231,8.90712882002531e-07,"9","Lmo7"
3.68639190453487e-11,0.864826389304227,0.866,0.71,9.22667029786031e-07,"9","Cacnb2"
4.02780023111123e-11,0.908344393209119,0.832,0.644,1.00811811984483e-06,"9","Galnt13"
7.07016872141291e-11,0.578916971206857,0.946,0.902,1.76959252928244e-06,"9","Ppp3ca"
1.67519668071744e-10,1.44705849475117,0.416,0.206,4.19284977216768e-06,"9","Zswim5"
1.75993143656886e-10,2.64029019161634,0.228,0.043,4.4049323925882e-06,"9","Tgfa"
3.26297158441207e-10,1.44459178003114,0.611,0.406,8.16689157862497e-06,"9","Camk4"
3.58119550876194e-10,2.93686588114219,0.275,0.055,8.96337423888027e-06,"9","Ntn1"
4.91965966139814e-10,0.697848679835381,0.879,0.71,1.23134161665134e-05,"9","Arpp21"
9.29135291639213e-10,1.81339896432313,0.268,0.096,2.32553272144379e-05,"9","Syt6"
1.02740689988036e-09,0.9460511940336,0.799,0.6,2.57149672971057e-05,"9","Dtnb"
1.28565118617117e-09,0.919777428016772,0.779,0.657,3.21785635386782e-05,"9","Prkcb"
1.37030584159715e-09,0.432303320136151,1,0.989,3.42973849093352e-05,"9","Fgf14"
1.60491978442569e-09,0.699025468620574,0.886,0.718,4.01695372843906e-05,"9","Rora"
1.86286070895327e-09,1.32723911532332,0.738,0.466,4.66255406843914e-05,"9","C2cd2"
2.37403170914542e-09,2.33842554212407,0.248,0.068,5.94196396482008e-05,"9","Pmepa1"
2.70589930399656e-09,1.0278516930554,0.678,0.514,6.77259536797298e-05,"9","Neto1"
3.10033239257083e-09,2.1405499383335,0.376,0.121,7.75982194536554e-05,"9","Actn2"
3.15374207167676e-09,1.03013342269978,0.792,0.549,7.89350103119976e-05,"9","Pcsk2"
7.08803118759194e-09,1.89334775950918,0.322,0.125,0.000177406332594239,"9","Ccdc88c"
7.90947529809045e-09,1.01794011039129,0.638,0.454,0.000197966257235906,"9","Pde2a"
7.98406300551345e-09,2.33651662133353,0.242,0.063,0.000199833112964996,"9","Mhrt"
2.0785428896206e-08,0.697688742220556,0.899,0.71,0.000520238499843141,"9","Alcam"
2.21942712418757e-08,0.436660733065717,1,0.975,0.000555500414912908,"9","Nkain2"
2.38422707861861e-08,0.636815977699311,0.852,0.741,0.000596748195507452,"9","Rbfox3"
2.5734265317448e-08,1.05824862254973,0.732,0.554,0.000644102926630406,"9","Cntn3"
5.76784369202744e-08,0.821303955565262,0.765,0.599,0.00144363359767755,"9","Zdhhc14"
5.93865081691583e-08,0.869899498171345,0.785,0.594,0.00148638491296586,"9","Arl15"
6.12982201584461e-08,0.520353491097833,0.966,0.921,0.00153423315234575,"9","Gabrb3"
9.70771709528978e-08,0.904012878632355,0.732,0.606,0.00242974451178008,"9","Stox2"
1.12409029533252e-07,0.55653242936514,0.859,0.684,0.00281348560018776,"9","Kctd16"
1.23560029554041e-07,2.20452024524701,0.208,0.066,0.00309258397970809,"9","Gm4128"
1.43748102144971e-07,3.0522123172154,0.201,0.044,0.00359787124858647,"9","Entpd3"
1.4982613231004e-07,1.4024801621994,0.356,0.164,0.00374999826558798,"9","Epha4"
2.01497247620879e-07,1.10194136060499,0.584,0.318,0.00504327461070299,"9","Gm28376"
2.11952531988587e-07,1.02653283515343,0.678,0.47,0.00530495992314235,"9","Brinp1"
2.12467946611645e-07,2.13283529493355,0.242,0.073,0.00531786023574286,"9","Strip2"
2.19622469466324e-07,1.31337367723189,0.376,0.188,0.00549693078827263,"9","Syndig1"
3.2456084477642e-07,1.64519680837948,0.49,0.271,0.00812343338390903,"9","Gm15810"
3.39470374100455e-07,1.39691159044772,0.315,0.142,0.00849660399336029,"9","Gm16226"
3.54067738886183e-07,2.86692711349424,0.215,0.045,0.00886196143658227,"9","Gm44593"
1.40246908057844e-59,3.13583106936555,0.958,0.284,3.51023986177977e-55,"10","Zfp536"
3.62932706741476e-54,3.2283667600467,0.972,0.456,9.0838427170324e-50,"10","Fgf13"
1.51074586297542e-53,3.42868548087819,0.965,0.537,3.78124582044117e-49,"10","Unc5c"
4.76500995382884e-46,3.25664980131528,0.685,0.093,1.19263434134382e-41,"10","Egfr"
2.44756756814e-45,2.85497359011391,0.902,0.315,6.12601686629761e-41,"10","Zmat4"
1.25943628399352e-39,2.13592544863199,0.951,0.543,3.15224307520739e-35,"10","A830018L16Rik"
8.442021385333e-39,2.67728363632934,0.699,0.155,2.112953532535e-34,"10","Zbtb16"
1.85365711835544e-37,2.37753829817933,0.944,0.571,4.63951840153182e-33,"10","Cacna2d1"
2.3126128263212e-37,2.28583796601123,0.937,0.584,5.78823864299933e-33,"10","Nyap2"
4.65235677369581e-37,1.85874941071521,0.916,0.342,1.16443837688832e-32,"10","Zeb2"
1.07903931106252e-36,1.52373712229707,0.986,0.586,2.70072749165839e-32,"10","Tcf4"
3.66572151784458e-36,1.64929144983517,0.902,0.38,9.1749343870132e-32,"10","Egfem1"
5.97630169092823e-36,4.15481169214361,0.566,0.056,1.49580855022243e-31,"10","Kit"
1.50403565111378e-35,3.90488182172957,0.559,0.067,3.76445083117269e-31,"10","Gm28153"
7.9649683185158e-34,3.71273706032191,0.608,0.083,1.99355192044132e-29,"10","Pde11a"
9.2329474459205e-34,2.06431000011736,0.93,0.771,2.31091441623944e-29,"10","Grin2a"
2.5550718237467e-33,1.4259906999395,0.979,0.915,6.39508926765562e-29,"10","Rims1"
3.06017717559621e-33,1.55464732370888,0.93,0.452,7.65931745279975e-29,"10","Grik1"
1.97475924069116e-32,2.07502911726427,0.888,0.547,4.9426249035259e-28,"10","Gabbr2"
1.1032242644835e-31,3.09094035154737,0.685,0.143,2.76126001157575e-27,"10","Igsf11"
8.62313291708554e-31,3.57929688322256,0.524,0.068,2.15828393781734e-26,"10","Hcrtr2"
9.51918651337825e-31,3.10256355512737,0.678,0.163,2.38255719243344e-26,"10","Mgll"
1.0327740327865e-30,5.21479923055851,0.49,0.026,2.58493012666133e-26,"10","Hapln1"
3.26488757539712e-30,1.04420827706397,0.986,0.921,8.17168711246146e-26,"10","Grip1"
3.80171146752139e-30,1.81121316783908,0.867,0.446,9.51530363205929e-26,"10","Gad2"
1.0616146922072e-29,2.75522162757414,0.706,0.201,2.65711541312539e-25,"10","Adamts17"
1.2330431725775e-29,1.82224142017154,0.916,0.453,3.08618375664422e-25,"10","Nfib"
1.69220000802903e-29,2.6690584942035,0.636,0.155,4.23540740009586e-25,"10","Sema5a"
3.41992115712976e-29,3.30764942148586,0.51,0.057,8.55972066418008e-25,"10","Egfros"
4.19284337115509e-29,2.49975987316317,0.678,0.227,1.04942676736641e-24,"10","Pip5k1b"
9.29790685268484e-28,1.59528681013312,0.937,0.643,2.32717310615849e-23,"10","Dscaml1"
1.14804190765544e-27,3.72069442589813,0.462,0.048,2.8734340906708e-23,"10","Crispld1"
1.73887544380101e-27,3.01065725021661,0.587,0.112,4.35223134828954e-23,"10","Il1rap"
2.01607227302251e-27,2.01871233784581,0.846,0.384,5.04602729214803e-23,"10","Alk"
4.78578666567221e-27,1.20038453098066,0.951,0.703,1.1978345445511e-22,"10","Mir99ahg"
3.4418780143592e-26,2.41927631806577,0.58,0.168,8.61467648213964e-22,"10","Mpdz"
4.74297017914372e-26,2.00680011003521,0.685,0.229,1.18711800613788e-21,"10","Pld5"
1.59264837621258e-25,1.50243083365925,0.972,0.838,3.98623962082247e-21,"10","Galntl6"
2.35646944126281e-25,1.74793852390593,0.762,0.222,5.89800736453668e-21,"10","Maf"
3.32206235522677e-25,2.24164937043027,0.699,0.3,8.31478986889709e-21,"10","Dlc1"
9.08135710042233e-25,1.79826830451525,0.811,0.381,2.27297286866471e-20,"10","Gm3764"
2.36550011830678e-24,1.86552396989545,0.741,0.332,5.92061024611005e-20,"10","Slc6a1"
6.85637549879027e-24,1.14198084390044,1,0.832,1.71608222359222e-19,"10","Erbb4"
8.59411052607177e-24,1.41512941534166,0.923,0.681,2.1510199235705e-19,"10","Slc2a13"
1.10186493659842e-23,0.934476731493481,0.972,0.817,2.75785774981218e-19,"10","Atxn1"
1.10290687390958e-23,1.97394689943399,0.811,0.33,2.76046561470829e-19,"10","Ptchd4"
9.83323547460701e-23,1.59913546733079,0.839,0.295,2.46116050693939e-18,"10","Sox5"
6.55159218808056e-22,1.1461348044591,0.937,0.377,1.63979800875468e-17,"10","Nxph1"
4.06821395557296e-21,1.75345025735709,0.629,0.245,1.01823327094036e-16,"10","Rph3a"
5.47251462528841e-21,2.35957665673605,0.552,0.128,1.36971568556344e-16,"10","Cdh20"
5.81741634953198e-21,1.48377425903707,0.881,0.543,1.45604113812436e-16,"10","Pam"
6.02945317556869e-21,5.28505332488406,0.294,0.01,1.50911183531309e-16,"10","Ndnf"
6.7483170604606e-21,3.57451115897921,0.371,0.04,1.68903627706268e-16,"10","Gm16070"
7.19162960291414e-21,1.97792133694466,0.797,0.448,1.79999297331338e-16,"10","Ptprm"
1.9635843285285e-20,3.14321094103448,0.343,0.038,4.91465521587397e-16,"10","Gm20319"
2.00222680875929e-20,1.63976536441333,0.811,0.504,5.01137347964363e-16,"10","Dner"
3.08125480661371e-20,2.30373083739634,0.58,0.176,7.71207265547345e-16,"10","Homer2"
3.68773981053863e-20,2.33725783938558,0.566,0.164,9.23004397179713e-16,"10","Tox3"
5.70863912691586e-20,1.39658464835964,0.755,0.42,1.42881528707577e-15,"10","Dlx6os1"
2.39429121932205e-19,1.09779794512178,0.818,0.429,5.99267149284115e-15,"10","Grip1os2"
2.98803839304714e-19,1.11402819722423,0.895,0.649,7.47876129395768e-15,"10","Adarb2"
5.42709344016319e-19,0.875339018295207,0.979,0.946,1.35834721713844e-14,"10","Cntnap2"
1.07476870048011e-18,3.29668516496134,0.524,0.156,2.69003858043166e-14,"10","Reln"
1.25670661162325e-18,1.43255628520298,0.853,0.573,3.14541097823184e-14,"10","Prkca"
1.55446388355544e-18,1.67434082307777,0.811,0.492,3.8906676541509e-14,"10","Gabrb2"
1.90392352786583e-18,1.73449661582069,0.699,0.319,4.76533019789538e-14,"10","Gad1"
2.01061710018955e-18,0.817347862590593,0.965,0.891,5.03237354006441e-14,"10","Cadps"
4.3959535468552e-18,1.17342763633299,0.86,0.59,1.10026321324239e-13,"10","Sh3rf3"
1.15798564613541e-17,0.89177929784219,0.958,0.923,2.89832227371231e-13,"10","Nav3"
2.02502575810982e-17,1.34707323791076,0.783,0.523,5.06843696997307e-13,"10","Rimbp2"
5.22782376050477e-17,1.00442198752227,0.895,0.631,1.30847200901674e-12,"10","Astn2"
5.63092382743801e-17,2.40415428988787,0.476,0.118,1.40936392476946e-12,"10","Mlip"
6.2926737466799e-17,1.25667879353586,0.615,0.259,1.57499331205651e-12,"10","Gm47027"
6.88541089548645e-17,1.2363989205164,0.839,0.569,1.7233494930313e-12,"10","C530008M17Rik"
8.22240342280239e-17,1.29724289940485,0.888,0.65,2.05798535269321e-12,"10","Hcn1"
1.30416035989209e-16,1.53896957077643,0.825,0.685,3.26418296477391e-12,"10","Kctd16"
2.31211513445256e-16,2.1789426917054,0.336,0.055,5.7869929700213e-12,"10","Prox1"
3.6979988638115e-16,1.83100842338893,0.643,0.25,9.25572135623381e-12,"10","Pvt1"
4.48611487923424e-16,1.85818670515684,0.58,0.234,1.12282969312354e-11,"10","Metap1d"
5.04675681568958e-16,1.78910909032006,0.594,0.249,1.26315276339894e-11,"10","Trpc5"
8.20002748372451e-16,1.21470687866846,0.916,0.796,2.05238487890141e-11,"10","Frmpd4"
2.12487528988801e-15,1.83610539756857,0.678,0.312,5.3183503630607e-11,"10","Rasgrf2"
2.67188176923624e-15,1.62599537622435,0.706,0.324,6.68745288022138e-11,"10","Ubash3b"
2.80908254931041e-15,1.19987038632004,0.853,0.634,7.03085271266903e-11,"10","Rapgef4"
3.4680848154618e-15,2.26553166216088,0.517,0.137,8.68026948461934e-11,"10","Nfix"
4.14454300652251e-15,2.21090182568214,0.483,0.142,1.03733766910252e-10,"10","Mpped1"
5.11264763813145e-15,3.18838030989558,0.217,0.021,1.27964457734792e-10,"10","Car4"
1.20931373393401e-14,1.60084077014162,0.72,0.389,3.02679134466342e-10,"10","Rapgef4os1"
1.57952268599639e-14,0.913008944942582,0.79,0.519,3.95338733078038e-10,"10","Zfp608"
1.76913539213294e-14,0.606504965187288,0.951,0.899,4.42796897296952e-10,"10","Grik2"
2.43818000150062e-14,0.79864216629439,0.979,0.839,6.10252072575589e-10,"10","Gria4"
2.9818141366309e-14,1.83066148793028,0.315,0.059,7.46318260257348e-10,"10","4930447N08Rik"
4.03189499714262e-14,1.022328567347,0.727,0.315,1.00914299883483e-09,"10","Kcnmb2"
4.62254340069875e-14,1.67115319549801,0.671,0.342,1.15697638776089e-09,"10","Asap1"
6.62255700229941e-14,2.99269738337841,0.329,0.046,1.65755979210552e-09,"10","Lamp5"
7.05314427904862e-14,1.01986538927539,0.93,0.796,1.76533148160308e-09,"10","Dab1"
8.88523950637607e-14,0.86049343451268,0.909,0.761,2.22388659605087e-09,"10","Nav2"
8.95125566352204e-14,0.950581298198949,0.923,0.726,2.24040978002293e-09,"10","Kcnh7"
9.31334976550717e-14,1.33451307784489,0.748,0.356,2.33103831280879e-09,"10","Sv2c"
9.49586969127056e-14,2.61763551199207,0.294,0.053,2.37672122502811e-09,"10","Igf1"
9.55949645320272e-14,0.759816145654576,0.902,0.711,2.39264636727211e-09,"10","Rbms3"
1.58310600124725e-13,2.00381672596417,0.259,0.052,3.96235601052175e-09,"10","Adra1b"
1.60444378803279e-13,1.7846542396566,0.594,0.241,4.01576235706727e-09,"10","Tox2"
1.7934016656128e-13,1.68534786667099,0.531,0.234,4.48870502886226e-09,"10","Adra1a"
2.50898671079148e-13,2.62844646680047,0.231,0.041,6.27974283843999e-09,"10","A830019P07Rik"
3.33247055310972e-13,2.73734702162664,0.301,0.046,8.34084054737833e-09,"10","Gcnt2"
3.41143905118882e-13,0.732689056679743,0.958,0.716,8.5384908012205e-09,"10","Rora"
6.63521108873938e-13,1.33075545314712,0.469,0.189,1.66072698340058e-08,"10","A330102I10Rik"
6.70718727315553e-13,2.18312996249452,0.406,0.108,1.6787419025981e-08,"10","Gm15243"
1.10529014273237e-12,2.81367667766132,0.287,0.046,2.76643069824486e-08,"10","Plekhg1"
1.72450853257354e-12,0.592542620925798,0.993,0.968,4.3162724061783e-08,"10","Dlgap1"
4.05267130596969e-12,1.24165192257209,0.741,0.415,1.01434310117115e-07,"10","Qk"
4.1629062405304e-12,0.862792579076942,0.923,0.849,1.04193380294235e-07,"10","Sntg1"
4.85622682876844e-12,2.68676017653446,0.308,0.051,1.21546501297245e-07,"10","Acss1"
5.29322044267624e-12,0.650899204438446,0.944,0.693,1.32484014459744e-07,"10","Sgcz"
6.79624995042079e-12,3.24428189220615,0.252,0.031,1.70103340009082e-07,"10","Myo3b"
8.40977033419154e-12,1.9463377685518,0.483,0.169,2.1048814169448e-07,"10","Gabra1"
1.06407289153888e-11,3.56560501404351,0.217,0.023,2.66326804023265e-07,"10","Frem1"
1.27767976293069e-11,1.12032764590613,0.811,0.571,3.19790467863923e-07,"10","Ncoa1"
1.46534265165889e-11,1.73982701163912,0.399,0.128,3.66760612283703e-07,"10","Nt5dc3"
2.02837020854114e-11,1.34246164932896,0.503,0.214,5.07680779495762e-07,"10","Eps8"
2.4144376943855e-11,0.90234327542884,0.895,0.74,6.04309610527747e-07,"10","Rbfox3"
2.50957644257673e-11,1.8220830838971,0.406,0.144,6.28121887812529e-07,"10","Akap13"
3.00242185150105e-11,1.11904044313731,0.538,0.244,7.51476165212198e-07,"10","9630014M24Rik"
6.67733693561443e-11,1.34417238365209,0.657,0.36,1.67127066161494e-06,"10","4933413L06Rik"
7.39479565698189e-11,1.55505345807791,0.727,0.53,1.850843404986e-06,"10","Kcnn2"
8.53149261515632e-11,2.09483485836247,0.476,0.156,2.13534728664747e-06,"10","A330093E20Rik"
1.40977717212029e-10,2.14000971556516,0.322,0.081,3.52853128409986e-06,"10","1700016K05Rik"
1.52666201581541e-10,0.476370838072566,0.86,0.665,3.82108235938438e-06,"10","Hdac9"
1.87179863536638e-10,1.29366708695673,0.371,0.142,4.68492480445852e-06,"10","Ust"
2.08539316640427e-10,0.557367496795514,0.923,0.752,5.21953055619325e-06,"10","Kcnq5"
2.97003353670876e-10,1.02767061306113,0.839,0.591,7.43369693902837e-06,"10","Atrnl1"
3.47723569229664e-10,0.795352073341342,0.916,0.84,8.70317321424927e-06,"10","Large1"
4.12483036094894e-10,0.840185520192933,0.902,0.812,1.03240379104191e-05,"10","Ntrk2"
4.24529273893312e-10,2.05577391006726,0.259,0.066,1.06255431962757e-05,"10","Arhgef6"
4.43452242708166e-10,1.11297329973224,0.622,0.317,1.10991661827427e-05,"10","Gm28376"
4.50791683032711e-10,2.03543035074445,0.406,0.142,1.12828650346257e-05,"10","Dlx1as"
5.0010242672349e-10,0.899073583543728,0.839,0.677,1.25170636384622e-05,"10","Syn2"
5.10028159414211e-10,1.42329900651309,0.385,0.144,1.27654948019783e-05,"10","Parm1"
5.10495284658495e-10,1.07084802887387,0.734,0.439,1.27771864797175e-05,"10","Edil3"
5.20659768945221e-10,0.973791230295941,0.832,0.565,1.30315933569299e-05,"10","Ncald"
6.97558460439602e-10,0.96612971863965,0.734,0.47,1.74591907063428e-05,"10","Epha3"
9.64704578726307e-10,1.97090385814802,0.406,0.139,2.41455909009407e-05,"10","Phka2"
1.22073128848535e-09,1.5490495899306,0.406,0.142,3.05536834194998e-05,"10","Gm13963"
1.88438112735373e-09,1.05998442586205,0.727,0.481,4.71641752365364e-05,"10","Mtus2"
2.06209256870627e-09,0.608264771791713,0.93,0.795,5.16121149021492e-05,"10","Nkain3"
2.26995769774404e-09,0.955932918172303,0.755,0.474,5.68147712168356e-05,"10","Ctif"
2.35264451384657e-09,2.59279416711323,0.224,0.042,5.88843395370659e-05,"10","Eln"
2.47291839775623e-09,1.72714728425613,0.476,0.195,6.18946745774406e-05,"10","Atp11c"
2.49186556216106e-09,1.69671777047719,0.441,0.138,6.23689031553291e-05,"10","Nfia"
3.14274815494224e-09,2.27541325547069,0.224,0.042,7.86598435700494e-05,"10","Arhgap22"
3.46579043907197e-09,0.837640272512732,0.713,0.497,8.67452688995324e-05,"10","Thrb"
4.13997464420086e-09,1.80234717131071,0.294,0.079,0.000103619425369703,"10","Gm15655"
5.09803958331826e-09,0.953242205785034,0.846,0.646,0.000127598832730873,"10","Apba1"
6.6749277180575e-09,0.647544394757692,0.769,0.587,0.000167066765855261,"10","Kcnd3"
6.91937131365587e-09,1.45849711952044,0.413,0.178,0.000173184944609493,"10","Lrrc8b"
6.98407012564071e-09,1.90909063396787,0.238,0.079,0.000174804291174661,"10","Rapgef4os2"
7.37622956178172e-09,0.896505768731945,0.664,0.438,0.000184619649701835,"10","Gas7"
8.27083991851401e-09,2.07272624608806,0.28,0.067,0.000207010852320487,"10","Disp3"
8.28652331937078e-09,1.1205368153333,0.364,0.178,0.000207403392160531,"10","4930590L20Rik"
9.76904383791140e-09,1.83738450300304,0.287,0.083,0.000244509398219084,"10","Dlx1"
1.18418497103026e-08,1.10727204399648,0.545,0.332,0.000296389656399164,"10","Arid5b"
1.20989756185781e-08,1.78272823070547,0.364,0.118,0.000302825260757391,"10","Ttc39b"
1.35498255007371e-08,2.17323916561569,0.252,0.075,0.00033913858245795,"10","Gm28756"
1.47216537053912e-08,1.09388611912344,0.357,0.15,0.000368468270592237,"10","Rnf24"
1.50292448304893e-08,0.514133336996184,0.979,0.911,0.000376166968862317,"10","Erc2"
1.73595142861824e-08,0.863786125871712,0.587,0.333,0.00043449128306886,"10","Ghr"
1.7785812043875e-08,1.2731231624512,0.573,0.294,0.000445161089646146,"10","Sox1ot"
2.12571102698758e-08,1.76245616126711,0.301,0.091,0.000532044212944722,"10","Orc1"
2.17941922573835e-08,0.87060576205148,0.755,0.517,0.000545486838010053,"10","Kif5c"
2.31292445529915e-08,1.20697771717637,0.608,0.307,0.000578901861916825,"10","Fgf1"
2.47980251524965e-08,1.66294766583551,0.301,0.097,0.000620669771541834,"10","St8sia5"
2.97466041145232e-08,1.11594845242146,0.455,0.191,0.0007445277543824,"10","Adcy1"
3.08355821944683e-08,1.68607546554299,0.462,0.17,0.000771783786745347,"10","Dock11"
3.11155441699882e-08,1.1419327976993,0.51,0.252,0.000778790955030635,"10","Adamtsl1"
3.38778040467683e-08,0.800287748031687,0.713,0.477,0.000847927557486564,"10","Nr3c2"
3.52073635090285e-08,1.11416072220567,0.266,0.103,0.000881205101267475,"10","Cachd1"
3.74264969582469e-08,2.08275586225726,0.21,0.054,0.000936747792367962,"10","Arhgef37"
4.58122638668001e-08,0.943006964577567,0.531,0.297,0.00114663515232214,"10","Rtl4"
5.08817521716638e-08,0.703779580154906,0.72,0.485,0.00127351937510457,"10","Kcnip1"
6.6334893017864e-08,0.737951768588587,0.594,0.321,0.00166029603734412,"10","Elavl2"
7.94582207717428e-08,2.48241274660303,0.203,0.046,0.00198875980769595,"10","Gm15511"
8.23398091521647e-08,2.03683092558896,0.21,0.053,0.00206088308326953,"10","Fgf9"
8.25649665974515e-08,2.31379773045845,0.224,0.05,0.00206651854896761,"10","Plekho1"
9.35707145071415e-08,1.07118400818258,0.357,0.161,0.00234198141339925,"10","Gm11146"
9.81357192112775e-08,1.67903527692567,0.28,0.095,0.00245623891613907,"10","Pla2g4e"
9.9099113293114e-08,0.515465480075147,0.93,0.809,0.00248035170661335,"10","Ptprg"
9.95663185875977e-08,2.19376469723466,0.21,0.061,0.00249204538792898,"10","C030017B01Rik"
1.03153304569018e-07,0.90269508131776,0.413,0.222,0.00258182406005794,"10","Inhba"
1.32719527614873e-07,0.617380385996055,0.923,0.917,0.00332183705667266,"10","Cntn5"
1.36857517117202e-07,1.9477125385846,0.252,0.073,0.00342540679592645,"10","Vcan"
1.42658602059492e-07,1.10254729792073,0.776,0.581,0.00357060215094703,"10","Mctp1"
1.90044540696592e-07,1.64076004288361,0.336,0.1,0.00475662480909501,"10","Afap1"
2.05843502151563e-07,1.06778439621623,0.734,0.463,0.00515205701535146,"10","Tspan7"
2.05999524685823e-07,1.17747901234592,0.58,0.359,0.00515596210336147,"10","4930415C11Rik"
2.10048243617842e-07,0.758975813910394,0.636,0.42,0.00525729748951097,"10","Ppm1h"
2.7314344074426e-07,1.14188685969718,0.49,0.246,0.00683650717838809,"10","Ndst3"
2.94720814592555e-07,2.00865462861531,0.224,0.048,0.00737656726843706,"10","Gm9984"
3.21253653629138e-07,1.52908420978306,0.322,0.121,0.00804065769668371,"10","Trpc7"
3.21503927426174e-07,0.862204749057537,0.615,0.4,0.0080469217995497,"10","Acap2"
3.88352136533635e-07,0.899649796174363,0.594,0.359,0.00972006562530036,"10","Ggact"
3.96455851474835e-07,1.16005831876951,0.434,0.229,0.00992289350656364,"10","Trim24"
2.91760869067681e-48,2.80678012320597,1,0.38,7.30248279189498e-44,"11","Nxph1"
9.02116907157664e-44,4.09053972624752,0.897,0.281,2.25790840692492e-39,"11","Il1rapl2"
4.13813314338376e-41,2.46417395513977,0.963,0.286,1.03573334445752e-36,"11","Sox6"
2.30013302697533e-39,1.90469066814489,1,0.84,5.75700295321654e-35,"11","Gria4"
7.54295715779678e-39,3.29834290210649,0.766,0.152,1.88792674702496e-34,"11","Col19a1"
4.64998495733335e-36,1.75931244602115,1,0.922,1.16384473497096e-31,"11","Grip1"
4.40446567442087e-34,1.86460114927064,1,0.589,1.1023937136508e-29,"11","Tcf4"
6.40807262577871e-33,4.65999506971026,0.523,0.03,1.60387649750615e-28,"11","St18"
3.4009680468023e-32,3.19465622156224,0.636,0.084,8.51228292434147e-28,"11","Moxd1"
5.08649427007207e-32,1.9369023037924,0.897,0.309,1.27309865085634e-27,"11","Cntnap4"
3.44844218316148e-30,1.85713693171112,0.944,0.29,8.63110594023486e-26,"11","Zfp536"
7.180464565501e-30,5.8147863829095,0.449,0.014,1.79719847609925e-25,"11","Gna14"
3.26056837897112e-28,2.82872077887376,0.607,0.099,8.16087659572681e-24,"11","Egfr"
4.80018281939249e-26,3.20009742828595,0.467,0.064,1.20143775786575e-21,"11","Ltbp1"
1.20488513758161e-25,4.8964640783171,0.411,0.02,3.01570701085302e-21,"11","Igfbp4"
2.00754342582774e-25,1.537758240498,0.991,0.839,5.02468044050426e-21,"11","Galntl6"
8.8881381431287e-25,2.96648025307502,0.551,0.113,2.22461209584368e-20,"11","Pde3a"
1.02443775654267e-24,2.28050002844033,0.654,0.177,2.56406526085065e-20,"11","Ndst4"
3.06984488326895e-24,3.50022076348205,0.421,0.068,7.68351475833386e-20,"11","Etv1"
3.3198153329745e-24,1.53707438687129,0.944,0.632,8.30916579690189e-20,"11","Astn2"
5.50621913816482e-24,2.2056676151636,0.533,0.132,1.37815158809127e-19,"11","Cdh20"
1.06255364462739e-23,1.92377007854476,0.822,0.3,2.65946551713789e-19,"11","Sox5"
1.17783229196281e-23,1.5509376838089,0.907,0.347,2.94799644355372e-19,"11","Zeb2"
9.15253020964601e-23,2.85402769210611,0.551,0.113,2.2907867861723e-18,"11","Sox5os4"
2.54069942669301e-22,1.87027833618857,0.748,0.226,6.35911659506994e-18,"11","Maf"
4.44553988091246e-22,1.56126289608355,0.888,0.45,1.11267417679358e-17,"11","Thsd7a"
5.93330353681244e-22,4.24601914430136,0.402,0.033,1.48504654222879e-17,"11","Sfta3-ps"
6.23189761700159e-22,1.14087570136234,0.972,0.839,1.55978165455933e-17,"11","Large1"
9.75031044033045e-22,2.06634767760578,0.794,0.329,2.44040520011031e-17,"11","Vwc2"
2.06295288185167e-21,0.951506138943956,1,0.968,5.16336476798656e-17,"11","Dlgap1"
3.3443824086647e-21,2.10615646615915,0.692,0.188,8.37065473064688e-17,"11","Cntnap3"
9.05809610062171e-21,2.4106372018022,0.561,0.138,2.26715087302461e-16,"11","Gm45025"
9.36888485069287e-21,1.78842690307692,0.841,0.432,2.34493818927992e-16,"11","Grip1os2"
8.22282943529456e-20,1.68660628154868,0.776,0.431,2.05809197935988e-15,"11","Lgi1"
5.53392593175228e-18,1.17489624836114,0.972,0.711,1.38508632145828e-13,"11","Rbms3"
2.05094831738603e-17,1.80266141785366,0.495,0.162,5.13331854358549e-13,"11","Rbms1"
7.37000283294613e-17,1.58648664292236,0.822,0.422,1.84463800905809e-12,"11","Srrm4"
2.13704406809905e-16,1.61986074543443,0.738,0.302,5.34880759804511e-12,"11","Dlc1"
2.52895549013026e-16,1.81051839371962,0.785,0.477,6.32972269624704e-12,"11","Cntn4"
3.20115211710421e-16,0.697104250401176,0.991,0.991,8.01216363390012e-12,"11","Csmd1"
3.60507463006999e-16,1.37008768080571,0.916,0.545,9.02314129160218e-12,"11","Pam"
1.0336198817086e-15,2.83567438633364,0.402,0.063,2.58704720192846e-11,"11","Egfros"
1.49436524923215e-15,0.876468442764983,0.991,0.918,3.74024678230315e-11,"11","Dlgap2"
1.55018245834217e-15,1.3644876268443,0.776,0.419,3.87995167498461e-11,"11","Msi2"
2.15427386313167e-15,1.33563904299655,0.729,0.399,5.39193205203225e-11,"11","Rapgef5"
9.11427197361488e-15,2.20691051204017,0.327,0.082,2.28121113227607e-10,"11","Chd7"
9.38674708965704e-15,3.40107097966623,0.308,0.037,2.34940892907026e-10,"11","Lama3"
2.12470882304418e-14,1.56140924279975,0.692,0.37,5.31793371319727e-10,"11","Klhl32"
2.67257498018024e-14,1.80839598337089,0.57,0.26,6.68918791789312e-10,"11","Galnt14"
2.9392699314853e-14,2.67248620732504,0.374,0.073,7.35669871151457e-10,"11","Lamb1"
6.87502633192769e-14,1.21718382600266,0.804,0.316,1.72075034061818e-09,"11","Kcnmb2"
3.20632977154226e-13,1.12189903253305,0.953,0.694,8.02512278519311e-09,"11","Frmd5"
5.04426907395583e-13,1.72055835254412,0.477,0.183,1.26253010652041e-08,"11","Srrm4os"
5.85958661142648e-13,0.945621666177376,0.879,0.722,1.46659593297393e-08,"11","Srgap3"
6.34654572313067e-13,4.42498932957692,0.271,0.018,1.58847692904238e-08,"11","Adamts5"
8.32741284309589e-13,1.14261014081503,0.766,0.523,2.08426816049847e-08,"11","Srgap2"
9.04730262307455e-13,1.7270629173089,0.523,0.168,2.26444937352933e-08,"11","Tmem132c"
1.13280510583182e-12,1.60539050025296,0.607,0.262,2.83529789938647e-08,"11","Gm47027"
3.11422877762421e-12,1.06876189775964,0.738,0.468,7.79460320751565e-08,"11","Luzp2"
3.13150736143787e-12,1.02187172156354,0.832,0.484,7.83784977494285e-08,"11","Kcnip1"
4.44750199954083e-12,1.39710783092977,0.682,0.35,1.11316527546508e-07,"11","Aff2"
5.69149729636862e-12,1.77323154105519,0.467,0.17,1.4245248583081e-07,"11","Nwd2"
8.12709950353345e-12,1.04503965104985,0.785,0.527,2.03413173473939e-07,"11","Gria3"
8.74229789394637e-12,1.69361396865398,0.439,0.152,2.18810973987584e-07,"11","Calb1"
1.28863802599596e-11,3.50121587260988,0.243,0.026,3.22533211526528e-07,"11","Lgr5"
1.6486577769511e-11,0.670390837770832,0.972,0.822,4.1264255499309e-07,"11","Cacna1a"
1.90953284369161e-11,2.5786867297975,0.308,0.091,4.77936975447573e-07,"11","Hs3st2"
1.95311404104979e-11,1.24847570794167,0.682,0.336,4.88844913334352e-07,"11","Ptchd4"
2.27279007815506e-11,1.09719050445868,0.916,0.651,5.68856628661429e-07,"11","Hcn1"
2.41131325145634e-11,1.68715398430086,0.654,0.318,6.03527593707006e-07,"11","Efna5"
2.59426935982282e-11,1.9829425430087,0.514,0.183,6.49319678070053e-07,"11","Thsd4"
3.39223243319772e-11,2.9595859070827,0.299,0.061,8.49041855705057e-07,"11","Gpr83"
8.84037866154672e-11,0.993385269778595,0.907,0.745,2.21265837519853e-06,"11","Nrcam"
1.12736890975976e-10,2.12386304963734,0.29,0.067,2.82169164423771e-06,"11","Kit"
1.19292789004255e-10,0.956977310104604,0.85,0.669,2.98577921598751e-06,"11","Rev3l"
1.65892533809209e-10,1.49553042113567,0.458,0.175,4.15212422871068e-06,"11","Gm26854"
1.90908818178991e-10,1.17718908592756,0.29,0.099,4.77825681020196e-06,"11","Slc1a3"
2.12388257953675e-10,0.649681314308861,0.981,0.977,5.31586570832253e-06,"11","Gria1"
2.3651738184124e-10,1.12866364832736,0.776,0.449,5.91979355010439e-06,"11","Oxr1"
2.76858596303396e-10,1.56366121473974,0.486,0.21,6.92949380687771e-06,"11","Pla2g3"
3.5875448182289e-10,1.04754675303855,0.757,0.53,8.97926592554512e-06,"11","Limch1"
7.19061501908196e-10,2.9426789552678,0.234,0.034,1.79973903312602e-05,"11","Gm31218"
8.51205048502157e-10,1.58323173155386,0.636,0.363,2.13048111589605e-05,"11","Htr2c"
1.36864715939618e-09,1.68244473436377,0.458,0.184,3.42558697525271e-05,"11","Crtac1"
1.89869017213644e-09,0.771095448218447,0.692,0.391,4.75223163184029e-05,"11","Alk"
2.03689451007695e-09,1.30287676416683,0.617,0.301,5.0981432692716e-05,"11","Tmcc3"
2.41188906068836e-09,0.988548407676665,0.785,0.577,6.0367171299969e-05,"11","Iqsec1"
2.49141078505808e-09,1.26510654195383,0.561,0.246,6.23575205392186e-05,"11","9630014M24Rik"
2.53993960378664e-09,1.78268755803323,0.449,0.16,6.35721483431758e-05,"11","1110004F10Rik"
2.70622301247038e-09,1.38023441624647,0.393,0.143,6.7734055779121e-05,"11","Gm44129"
2.72110544540616e-09,0.873533388180893,0.794,0.574,6.81065481930708e-05,"11","Ncoa1"
2.83005328111299e-09,1.90640395000204,0.28,0.084,7.08334035729769e-05,"11","Gm49876"
3.27423678857396e-09,1.10384191292809,0.729,0.419,8.19508725812176e-05,"11","Tmem108"
3.4025981996034e-09,1.76536766408064,0.449,0.175,8.51636303378735e-05,"11","Gm45904"
5.05553480048253e-09,0.677513274234721,1,0.928,0.000126534980521277,"11","Kirrel3"
7.57803884428643e-09,0.943280101263341,0.551,0.279,0.000189670734233645,"11","Samd5"
9.38437723222659e-09,0.778143868484344,0.888,0.693,0.000234881577745399,"11","Eml6"
1.20215248371427e-08,2.98905192455061,0.299,0.054,0.000300886745148844,"11","Ahr"
1.20468156946596e-08,2.56092553083902,0.252,0.05,0.000301519750021636,"11","4933432K03Rik"
1.21828776299104e-08,0.534996746611858,0.972,0.922,0.000304925244199028,"11","Nav3"
1.4798964478216e-08,1.79200090519975,0.421,0.19,0.000370403281925269,"11","Grip1os1"
1.48310403000098e-08,1.64541293298075,0.374,0.13,0.000371206107668944,"11","6330576A10Rik"
1.95473506277051e-08,0.460874252947878,0.981,0.906,0.000489250638860832,"11","Rian"
1.95851685385326e-08,1.22820096371684,0.617,0.323,0.000490197183350933,"11","Elavl2"
1.99700348853585e-08,0.667132098330604,0.897,0.646,0.000499830003145638,"11","Dscaml1"
3.56424361502729e-08,0.49186435812764,0.991,0.903,0.000892094534405181,"11","Dpp10"
3.80523397741476e-08,0.424886997232504,1,0.991,0.00095241201220714,"11","Snhg11"
4.11725858825662e-08,1.1936776238974,0.486,0.245,0.00103050865205475,"11","Fhod3"
4.28545965282845e-08,1.12101741960466,0.467,0.243,0.00107260769650643,"11","Gm48749"
5.39628390357826e-08,1.07052536925345,0.57,0.339,0.0013506358982266,"11","Slc6a1"
5.74028773596473e-08,1.32242687973416,0.617,0.364,0.00143673661743461,"11","4933413L06Rik"
6.92813522441477e-08,1.28275153504624,0.486,0.261,0.00173404296531877,"11","Mical2"
7.07207147019555e-08,0.600342185128476,0.916,0.813,0.00177006876827524,"11","Ntrk2"
7.75382436122465e-08,1.97984340816625,0.271,0.082,0.00194070469937092,"11","Gm15655"
9.68531963819554e-08,1.60969203846871,0.364,0.123,0.00242413865224396,"11","Tmem132cos"
1.37007326135608e-07,1.05884077069656,0.579,0.347,0.00342915636584814,"11","Asap1"
2.18755989241393e-07,0.664564151899151,0.879,0.738,0.00547524365472284,"11","Pde10a"
2.55890614973945e-07,1.09329719889187,0.579,0.301,0.00640468620218287,"11","Cntn6"
2.66176937745781e-07,1.06714118189009,0.589,0.324,0.00666214257483915,"11","Gad1"
2.82811409681932e-07,1.88020062132104,0.458,0.179,0.00707848677292908,"11","Frmpd3"
3.16177723297311e-07,0.590231034748691,0.785,0.613,0.0079136122364084,"11","Cpeb3"
3.18467008213727e-07,0.865225942419236,0.888,0.693,0.00797091074858137,"11","Plxna4"
3.19041402325955e-07,2.27456380021544,0.224,0.051,0.00798528725881633,"11","Abtb2"
3.38990117868128e-07,0.8770797642217,0.794,0.594,0.00848458366012137,"11","Sh3rf3"
3.47235007312537e-07,0.931619477393076,0.766,0.579,0.00869094499802548,"11","Lysmd4"
3.97674224423152e-07,1.25457189356464,0.589,0.4,0.00995338816308706,"11","Cit"
2.51288076213822e-46,2.78493614631502,1,0.938,6.28948925955575e-42,"12","Nrg3"
1.73007904095567e-41,2.89880283744158,0.99,0.678,4.33021483160796e-37,"12","Nrg3os"
1.76300569755904e-41,2.78376555750765,1,0.75,4.41262696042052e-37,"12","Gm20642"
1.40208047584066e-36,2.75636568839606,0.962,0.477,3.5092672229816e-32,"12","Npas3"
3.83111701646616e-36,3.51430888575011,0.752,0.154,9.58890278051314e-32,"12","Reln"
9.520952517594e-36,2.30765030852607,0.933,0.383,2.3829992056286e-31,"12","Egfem1"
1.84551464730163e-34,2.22684298776449,0.971,0.881,4.61913861073124e-30,"12","Ccser1"
1.08751728184435e-33,2.18510506497062,0.971,0.65,2.72194700472823e-29,"12","Adarb2"
4.60946908778548e-33,1.56951257913872,1,0.922,1.15370401798183e-28,"12","Grip1"
4.13913633705356e-32,2.45878914520988,0.895,0.422,1.03598443380113e-27,"12","Cntnap5c"
1.12967336135828e-31,2.4131866301724,0.933,0.535,2.82745945614363e-27,"12","Thsd7b"
1.99747496037158e-31,2.47249893886677,0.905,0.45,4.99948007831404e-27,"12","Thsd7a"
2.52106455883254e-29,2.29669170593586,0.914,0.574,6.30997248430197e-25,"12","Kcnc2"
4.60390257612205e-29,1.55023011156056,0.981,0.898,1.15231077577759e-24,"12","Pde4d"
3.15643213349671e-28,2.03944370541603,0.914,0.419,7.90023398692892e-24,"12","Dlx6os1"
1.86626143918287e-27,1.99205787952381,0.914,0.457,4.67106575613081e-23,"12","Nfib"
3.08350598285527e-22,3.20364366474492,0.486,0.076,7.71770712448846e-18,"12","Rgs12"
5.18274294831642e-22,1.88846795747793,0.771,0.323,1.29718873253412e-17,"12","Zmat4"
1.03326112222153e-21,1.31814178438737,0.99,0.839,2.58614926280826e-17,"12","Galntl6"
1.00207792125255e-20,3.17751226394951,0.562,0.142,2.50810082910301e-16,"12","Parm1"
2.81892987860026e-20,1.36744099899915,0.81,0.293,7.0554995931486e-16,"12","Zfp536"
3.2533076994065e-20,3.49983759529096,0.343,0.039,8.14270384084452e-16,"12","Gm28175"
4.77065789114713e-20,3.28963060704275,0.486,0.105,1.19404796357522e-15,"12","Pdzrn3"
8.35620130578209e-20,1.93117940417513,0.705,0.278,2.0914736248242e-15,"12","Epha7"
2.29834222015301e-19,3.8812085129177,0.352,0.03,5.75252074282098e-15,"12","Npas1"
2.35840157572788e-19,2.02855943474249,0.695,0.303,5.90284330388932e-15,"12","Dlc1"
3.29261905991475e-19,1.63025034270908,0.914,0.638,8.24109624506064e-15,"12","Sorcs3"
5.07671914129476e-19,1.6867461038056,0.733,0.26,1.27065203387467e-14,"12","Btbd11"
2.45217391091393e-18,1.93274507041464,0.705,0.34,6.13754608162648e-14,"12","Cadps2"
2.52706966565327e-18,2.02536095519045,0.819,0.536,6.32500266616356e-14,"12","Tcf12"
4.26425513648998e-18,1.86352862579363,0.752,0.369,1.06730041811208e-13,"12","Gm48321"
4.54680656363626e-18,1.64868710591303,0.848,0.496,1.13802021481252e-13,"12","Thrb"
4.93379703622804e-18,1.77500553414544,0.781,0.433,1.23488006019752e-13,"12","Grip1os2"
8.24552274484081e-18,1.70728291873019,0.762,0.351,2.06377188780621e-13,"12","Fstl5"
2.55918764071703e-17,2.00200685581734,0.676,0.26,6.40539074595067e-13,"12","Gm47027"
3.08448954709046e-17,1.64403077937563,0.81,0.512,7.72016888741271e-13,"12","Adcy2"
3.3777849048431e-17,5.16487740022685,0.238,0.011,8.45425783833179e-13,"12","Gm39185"
3.82444750227609e-17,0.64588700441119,1,0.996,9.57220965344683e-13,"12","Nrxn3"
8.47307054128254e-17,1.13080140750948,0.943,0.936,2.12072482577761e-12,"12","Nbea"
1.97288372635978e-16,1.3566608430395,0.781,0.317,4.9379306787059e-12,"12","Kcnmb2"
1.02777970609178e-15,1.27801393083079,0.924,0.609,2.57242982637712e-11,"12","March1"
1.32950036023791e-15,1.67836559178841,0.829,0.428,3.32760645163946e-11,"12","Nell1"
2.27832408504189e-15,2.45514279499322,0.429,0.088,5.70241735245136e-11,"12","Cnr1"
3.58941733844983e-15,1.41486519133128,0.848,0.524,8.98395265640607e-11,"12","Chsy3"
3.81039332861632e-15,1.05103926759302,0.962,0.737,9.5370334621938e-11,"12","Cntnap5a"
4.55690825408449e-15,3.91347644271318,0.276,0.021,1.14054856691481e-10,"12","Cobll1"
5.89204813196843e-15,2.01692394165151,0.514,0.152,1.47472072695038e-10,"12","B130024G19Rik"
2.68478386772201e-14,1.20384688367515,0.733,0.421,6.71974554252142e-10,"12","Msi2"
2.96920744514263e-14,2.91127320149666,0.286,0.064,7.43162931444748e-10,"12","Stard13"
3.64798458545894e-14,2.76090219221645,0.514,0.122,9.13054061894517e-10,"12","Gm20641"
3.82756450013318e-14,1.89700489798755,0.543,0.163,9.58001118738334e-10,"12","Zbtb16"
4.84656500161954e-14,2.26597317096924,0.514,0.142,1.21304675425535e-09,"12","Bmper"
5.14464990826178e-14,3.43344191967615,0.324,0.044,1.28765442553884e-09,"12","Mob3b"
5.94140577164101e-14,0.958875128769101,0.924,0.591,1.48707445058403e-09,"12","Tcf4"
6.12469682325895e-14,1.61271280962482,0.695,0.35,1.53295036789348e-09,"12","Aff2"
2.06304620334991e-13,1.36632959418783,0.771,0.457,5.1635983423645e-09,"12","Ttc28"
2.84613737997762e-13,0.968649735102626,0.943,0.705,7.12359724834599e-09,"12","Mir99ahg"
2.88522443618917e-13,3.82296243093753,0.257,0.026,7.22142824133788e-09,"12","Gm10475"
7.99461778130022e-13,1.48110912568873,0.857,0.614,2.00097288448163e-08,"12","Gm43376"
9.42274054694776e-13,0.82614655765763,1,0.833,2.35841773149556e-08,"12","Erbb4"
1.23615975539751e-12,0.60077383998421,1,0.983,3.09398425178443e-08,"12","Nrxn1"
1.93606535746332e-12,1.87975053543655,0.514,0.174,4.84577798319495e-08,"12","Nell1os"
2.49477668168442e-12,1.10496932915909,0.762,0.35,6.24417655658794e-08,"12","Zeb2"
2.90487068507846e-12,2.48267421000948,0.343,0.06,7.27060083768287e-08,"12","4930447N08Rik"
3.11211613563598e-12,2.77102778908098,0.333,0.077,7.78931547588329e-08,"12","Svil"
3.24096433972437e-12,0.98983540941134,0.981,0.915,8.11180964589612e-08,"12","Cntn5"
3.38458454994593e-12,3.44677959104141,0.248,0.038,8.47127667005966e-08,"12","Trmt9b"
4.96263018666044e-12,0.991533541657015,0.8,0.529,1.24209670941924e-07,"12","Limch1"
1.11995751964688e-11,0.756381698029672,0.952,0.797,2.80314167592419e-07,"12","Pcdh7"
1.5330809387102e-11,2.36882363887934,0.486,0.141,3.83714828149777e-07,"12","Gm44129"
1.89162541587946e-11,3.5139913905275,0.248,0.037,4.73454925340471e-07,"12","Gm26911"
5.32551094389762e-11,1.36008585775633,0.657,0.328,1.33292213414813e-06,"12","Ubash3b"
5.92367224343546e-11,1.99202357482271,0.505,0.19,1.48263592580946e-06,"12","A330102I10Rik"
1.13472602382126e-10,1.17381432455859,0.629,0.323,2.84010576502223e-06,"12","Elavl2"
3.28612542545395e-10,1.44205086208268,0.61,0.291,8.22484332736868e-06,"12","Gm26936"
4.41412216140792e-10,0.713053400423983,0.981,0.795,1.10481063577879e-05,"12","Frmpd4"
4.82445973422949e-10,2.3384084169689,0.305,0.077,1.2075140268803e-05,"12","Pantr1"
5.57351380126694e-10,1.08201700067041,0.743,0.452,1.3949947693191e-05,"12","Gad2"
6.58356237004431e-10,0.678414508042473,0.886,0.626,1.64779982559839e-05,"12","Dscam"
1.01441812097071e-09,1.04494408253946,0.657,0.424,2.5389871149776e-05,"12","Synpr"
1.15700025780309e-09,1.89333220058467,0.4,0.117,2.89585594525536e-05,"12","Pde3a"
2.11510777108049e-09,1.15821834904214,0.486,0.251,5.29390324023736e-05,"12","Rph3a"
4.28869615425134e-09,0.627494694260629,0.952,0.873,0.000107341776044757,"12","Fgf12"
4.99057679136025e-09,1.65480516442369,0.59,0.296,0.000124909146510956,"12","Sox1ot"
8.66557544004232e-09,2.0994807685419,0.448,0.147,0.000216890687688819,"12","Zfp423"
8.73059699370068e-09,0.547101597865209,0.981,0.87,0.000218518112155334,"12","Lingo2"
8.90171134108233e-09,2.54641954861277,0.333,0.09,0.00022280093315595,"12","Sel1l3"
1.50291009210112e-08,0.86303359787408,0.8,0.573,0.000376163366951988,"12","C530008M17Rik"
1.54795244788929e-08,0.82468122055812,0.8,0.627,0.000387437018182211,"12","Sobp"
1.55066531570667e-08,2.86947268804208,0.219,0.037,0.000388116021868222,"12","Fbln2"
1.55067502665601e-08,3.00858348385409,0.219,0.033,0.000388118452421734,"12","Tnfaip8l3"
1.58948295850523e-08,1.51685408923362,0.467,0.189,0.000397831689684274,"12","Grip1os1"
1.74435831760362e-08,0.999736832769077,0.676,0.392,0.000436595443313011,"12","Sdk2"
1.94290418399871e-08,2.68026752722641,0.267,0.053,0.000486289488213038,"12","Stk32b"
2.75617668302417e-08,2.62978908091609,0.238,0.058,0.000689843461994119,"12","Gm43948"
3.03870053632016e-08,1.17773167738213,0.552,0.298,0.000760556357235574,"12","Rtl4"
4.17311418325177e-08,0.854328502286513,0.781,0.541,0.00104448874892609,"12","Sorcs1"
4.87465978032719e-08,2.43203752381128,0.248,0.066,0.00122007859641809,"12","Ostm1"
5.43363658239989e-08,1.54746707165259,0.371,0.135,0.00135998490020887,"12","Cdh20"
5.58521213070251e-08,1.868180050872,0.543,0.238,0.00139792274419353,"12","Metap1d"
6.52451681842686e-08,1.00237376133933,0.619,0.375,0.00163302131448406,"12","Grin3a"
7.16706892215029e-08,1.1514989029857,0.533,0.273,0.001793845680525,"12","Hs3st5"
7.57506770062767e-08,0.82741781331455,0.762,0.467,0.0018959636947901,"12","Ntng1"
1.20947446928112e-07,1.2367218329994,0.486,0.254,0.00302719364916371,"12","Trpc5"
1.56925572751292e-07,1.84158629931883,0.39,0.149,0.00392769016039209,"12","Tmem196"
1.57111580545513e-07,1.49992369558043,0.438,0.18,0.00393234574947364,"12","Frmpd3"
1.75379770436924e-07,0.824731615415778,0.638,0.389,0.00438958027426577,"12","Gm3764"
1.81407222009945e-07,0.571082754220385,0.867,0.647,0.00454044135968691,"12","Dscaml1"
3.60620974376916e-07,2.41598234598946,0.2,0.055,0.00902598236767983,"12","Gm44532"
3.74336892707903e-07,0.954928445732829,0.8,0.642,0.00936927808758611,"12","Rab3c"
3.87936356334838e-07,0.553327910871247,0.952,0.9,0.00970965906270465,"12","Grik2"
2.84453294682839e-43,3.3114173394682,1,0.65,7.11958151261677e-39,"13","Adarb2"
9.36925675641286e-41,3.05478994899997,0.969,0.477,2.34503127356257e-36,"13","Npas3"
7.82549236029152e-40,2.41505129819779,1,0.922,1.95864248285736e-35,"13","Grip1"
1.04996769060494e-39,1.41536987930649,1,0.996,2.62796413281511e-35,"13","Nrxn3"
1.04965727880211e-36,3.88093720686644,0.698,0.072,2.62718720311381e-32,"13","Rgs12"
2.06669062585282e-35,2.28195069707194,0.958,0.474,5.17271996744702e-31,"13","Nr3c2"
7.76964992816362e-35,3.89478887477935,0.698,0.083,1.94466568052007e-30,"13","Cnr1"
1.20377449660006e-33,3.26739015275652,0.823,0.153,3.01292718754029e-29,"13","Col19a1"
4.07627714540258e-31,2.7849241191253,0.833,0.258,1.02025140672281e-26,"13","Gm47027"
1.13330381237267e-30,4.14755046472083,0.604,0.055,2.83654611198756e-26,"13","4930447N08Rik"
1.14448740983999e-30,2.76718346521556,0.917,0.431,2.86453753808852e-26,"13","Grip1os2"
7.44305143804922e-29,5.59007134597726,0.469,0.02,1.86292134442934e-24,"13","Frem1"
1.01095534271625e-28,4.40068559386229,0.479,0.028,2.5303201272845e-24,"13","Npas1"
1.59970356421941e-28,2.7958432871889,0.896,0.415,4.00389805088476e-24,"13","Gm2516"
3.18973579728012e-28,2.57652472860579,0.979,0.607,7.98358972701242e-24,"13","4930555F03Rik"
3.72785574224537e-28,2.61869795499954,0.938,0.51,9.33045013726593e-24,"13","Gm45321"
1.13943086968916e-27,2.43766962770117,0.948,0.555,2.85188152374499e-23,"13","C130073E24Rik"
2.42771716141809e-27,2.98073076071086,0.854,0.337,6.07633328331333e-23,"13","Cadps2"
2.5266356873023e-26,2.6705637209767,0.708,0.161,6.32391646174892e-22,"13","Zbtb16"
1.23868853286276e-24,1.66106488830214,0.979,0.753,3.10031352890221e-20,"13","Kcnq5"
1.80965110394525e-24,2.58225543082108,0.823,0.379,4.52937574806457e-20,"13","Col25a1"
1.24614896593088e-23,2.00275242441779,0.875,0.349,3.11898624682841e-19,"13","Zeb2"
1.87439343650453e-23,2.17010342808565,0.812,0.439,4.69141933222719e-19,"13","Slc44a5"
7.83927008299927e-22,1.42873733320478,0.927,0.737,1.96209090907389e-17,"13","Syne1"
2.78136047715623e-21,1.7482397154031,0.885,0.42,6.96146713827432e-17,"13","Synpr"
2.80814127226416e-21,2.41828047119962,0.677,0.157,7.02849679034997e-17,"13","Reln"
3.13975720901811e-21,1.74801863030226,0.917,0.483,7.85849831845142e-17,"13","Kcnip1"
7.4910351343595e-21,2.57935633480684,0.656,0.185,1.87493118377884e-16,"13","Gm45341"
1.66410669131008e-20,2.20592893122423,0.76,0.308,4.16509263768e-16,"13","Gm45323"
2.7011442437813e-20,4.06685477789167,0.406,0.031,6.76069392776022e-16,"13","Pde5a"
5.33810890053485e-20,1.37988641116573,0.875,0.788,1.33607527671487e-15,"13","App"
5.80894510486089e-20,1.7746961242987,0.76,0.261,1.45392087029563e-15,"13","Btbd11"
1.18322611633756e-19,2.52960682660903,0.698,0.185,2.96149664658129e-15,"13","Grip1os1"
1.59196549869673e-19,1.29133905330052,0.948,0.591,3.98453044668804e-15,"13","Tcf4"
1.67767422715236e-18,2.1430083008524,0.833,0.449,4.19905082313964e-14,"13","Oxr1"
7.24686190121348e-18,1.48272532267442,0.865,0.512,1.81381706525472e-13,"13","Neto1"
2.4007850213484e-17,1.48849510131889,0.938,0.678,6.00892482993291e-13,"13","Tenm3"
2.42518582898678e-17,2.04596618419391,0.823,0.535,6.06999761137102e-13,"13","9530059O14Rik"
4.50900801186173e-17,3.9483715641319,0.375,0.044,1.12855961528887e-12,"13","Cck"
8.95579227257773e-17,2.90871366762707,0.396,0.053,2.24154524790348e-12,"13","Igf1"
1.0364376768282e-16,1.51578553086472,0.979,0.839,2.59409986133329e-12,"13","Galntl6"
1.06966331110977e-16,2.87506477584943,0.417,0.095,2.67726030137664e-12,"13","Syt6"
2.11395541854034e-16,1.58450991120415,0.875,0.614,5.29101901706461e-12,"13","Gm43376"
2.35373433348553e-16,1.15187577863111,0.958,0.935,5.89116166328094e-12,"13","Nbea"
2.52311120886018e-16,3.3993727727162,0.354,0.031,6.31509504465613e-12,"13","Gm5087"
7.4636304364294e-16,1.36029233794965,0.833,0.424,1.86807206193391e-11,"13","Cntnap5c"
8.67979410782644e-16,1.44789634398766,0.802,0.295,2.17246566724788e-11,"13","Zfp536"
1.00680593891888e-15,3.93233686027188,0.323,0.043,2.51993458452007e-11,"13","Itga8"
1.35184786658288e-15,2.49707668152878,0.448,0.088,3.38354002527028e-11,"13","Epb41l4a"
2.08819219302428e-15,1.71777139807916,0.75,0.321,5.22653623992048e-11,"13","Elavl2"
1.68058057547111e-14,3.43699159288762,0.26,0.033,4.20632512234665e-10,"13","Tnfaip8l3"
4.13538509109677e-14,1.24914151330805,0.917,0.638,1.03504553445061e-09,"13","Sorcs3"
4.97813834206708e-14,2.53347724993518,0.365,0.066,1.24597824563597e-09,"13","Gm40375"
5.0058443341344e-14,1.65001271157332,0.562,0.216,1.2529127783905e-09,"13","Gm11844"
5.20926869822158e-14,2.47079715872852,0.521,0.166,1.30382786247788e-09,"13","Gm19744"
5.68255018269704e-14,2.60301271384109,0.406,0.079,1.42228548522724e-09,"13","Gm45829"
6.39673549450724e-14,2.61150084837186,0.542,0.173,1.60103892692022e-09,"13","Gm26854"
1.56220230139485e-13,1.46802132080965,0.802,0.422,3.91003614016116e-09,"13","Dlx6os1"
1.73078765483485e-13,1.85795953140072,0.646,0.274,4.33198842128613e-09,"13","Cdh11"
1.97947404319031e-13,1.1186359089291,0.906,0.685,4.95442558270103e-09,"13","Kctd16"
2.69519358586941e-13,1.59499252212411,0.76,0.353,6.74580002607256e-09,"13","Arnt2"
2.95352997821114e-13,1.41291129348058,0.771,0.388,7.39239018246467e-09,"13","Egfem1"
3.48325597228791e-13,1.51755250737294,0.802,0.397,8.71824137303941e-09,"13","Gm32509"
4.81034828798586e-13,2.53692664530202,0.385,0.065,1.20398207299998e-08,"13","Kit"
5.31810669634804e-13,5.50599163743762,0.219,0.006,1.33106892502895e-08,"13","4930467D21Rik"
6.08842632622409e-13,1.27742147585221,0.792,0.477,1.52387222519063e-08,"13","Necab1"
6.50961846143903e-13,2.19658844232971,0.49,0.152,1.62929240471358e-08,"13","Gm15496"
8.26607236332983e-13,1.17431052492858,0.865,0.697,2.06891525181782e-08,"13","Frmd5"
1.34260498839217e-12,1.68399456429061,0.781,0.426,3.36040602544676e-08,"13","Spock1"
2.76348214126766e-12,4.18043088428668,0.219,0.014,6.91671945137881e-08,"13","Abcb5"
3.38775889145889e-12,4.65574779340799,0.219,0.013,8.47922172943245e-08,"13","1700025F24Rik"
6.04272006586915e-12,1.01752926616008,0.917,0.696,1.51243240528639e-07,"13","Brinp3"
8.82239199140744e-12,0.541804197221087,0.99,0.983,2.20815649152937e-07,"13","Nrxn1"
1.22333252813952e-11,1.57511409618395,0.74,0.439,3.06187898468041e-07,"13","Gas7"
1.33054356044569e-11,1.6336382682553,0.49,0.195,3.33021747743952e-07,"13","Adam12"
1.42071499945007e-11,2.59163832804303,0.24,0.042,3.55590757212359e-07,"13","Rgma"
1.6545499568266e-11,1.74099853424702,0.646,0.375,4.14117308694131e-07,"13","Slc7a14"
2.02707423812052e-11,2.14188887187365,0.281,0.054,5.07356411059185e-07,"13","Adra1b"
2.46527579629282e-11,2.55107174214144,0.438,0.076,6.17033879054131e-07,"13","Hmgn2"
3.22719548663111e-11,1.04907592405014,0.969,0.947,8.077347583489e-07,"13","Lrrtm4"
3.32724849893611e-11,1.07051087580636,0.802,0.508,8.3277702679872e-07,"13","Dner"
5.33700992821555e-11,1.32504128537496,0.708,0.328,1.33580021493307e-06,"13","Ubash3b"
6.34570859668259e-11,2.72182123382048,0.344,0.06,1.58826740466369e-06,"13","Hrh2"
6.73914924451822e-11,1.70059034375013,0.542,0.199,1.68674166441047e-06,"13","Mcc"
7.04665979454006e-11,1.08819705579706,0.927,0.626,1.76370847997543e-06,"13","Dscam"
7.40986796034336e-11,1.88360482445626,0.698,0.325,1.85461585179434e-06,"13","Zmat4"
7.80053156404295e-11,2.10319928260851,0.385,0.083,1.95239504516431e-06,"13","Dlx1"
9.24446497487726e-11,1.64700323487517,0.594,0.23,2.31379713856203e-06,"13","Prkd1"
1.16002152888104e-10,1.81629647529548,0.792,0.577,2.90341788463636e-06,"13","Prkca"
1.6013218796904e-10,1.5573182672662,0.729,0.439,4.00794853267711e-06,"13","Galnt18"
1.61972335025135e-10,1.1350900162001,0.812,0.46,4.05400557334411e-06,"13","Grik1"
2.38518135670879e-10,1.19829510039704,0.76,0.436,5.96987041770644e-06,"13","Chrm3"
2.61536092028993e-10,1.00147961418967,0.844,0.626,6.54598684739368e-06,"13","Sobp"
2.83159322255297e-10,0.875378048464829,0.938,0.721,7.08719467672783e-06,"13","Trpm3"
4.11737007361749e-10,1.4496205384397,0.719,0.362,1.03053655572572e-05,"13","Htr2c"
4.82461602491162e-10,1.12103611443663,0.708,0.388,1.20755314487513e-05,"13","Gm3764"
5.59519346913128e-10,1.83885877146135,0.51,0.19,1.40042097338887e-05,"13","Trpc4"
5.96223209320439e-10,0.680282288342317,0.812,0.451,1.49228707060813e-05,"13","Ptprm"
6.53252532781449e-10,1.56923857481422,0.594,0.265,1.63502576429869e-05,"13","Gm16168"
6.88203990586586e-10,1.8902989085847,0.427,0.16,1.72250576803917e-05,"13","A330093E20Rik"
7.79944363445727e-10,2.35558506319717,0.271,0.057,1.95212274726831e-05,"13","Gm43948"
9.48995587245331e-10,2.3402330190933,0.271,0.061,2.37524105531634e-05,"13","Ror1"
1.15891376139757e-09,0.852757427073701,0.885,0.666,2.90064525340197e-05,"13","Hdac9"
1.30751516958347e-09,0.988603450900849,0.875,0.647,3.27257971795047e-05,"13","Apba1"
1.96739542695526e-09,1.08286160883223,0.76,0.526,4.92419401412632e-05,"13","Plppr1"
2.03768732883818e-09,2.07303254600919,0.25,0.066,5.10012761534908e-05,"13","Ostm1"
2.0978703293522e-09,1.12012712763314,0.677,0.393,5.25075964733563e-05,"13","Sdk2"
2.30191466789221e-09,1.95326756770253,0.323,0.096,5.76146222226741e-05,"13","Gm26873"
2.88433237812178e-09,2.66166576030802,0.26,0.045,7.21919550920101e-05,"13","Kcnq4"
3.03923325210663e-09,2.39936459129427,0.312,0.058,7.60689690669768e-05,"13","Prox1"
3.17590485011626e-09,2.21470442674028,0.271,0.056,7.94897224935599e-05,"13","Gm10791"
3.53163044343383e-09,0.929107140278927,0.865,0.773,8.83931783687054e-05,"13","Pclo"
3.79802283631798e-09,0.916035254260703,0.76,0.544,9.50607135702028e-05,"13","Cdk14"
4.47367730773544e-09,1.74063989053121,0.448,0.154,0.00011197166933531,"13","B130024G19Rik"
4.52250090120236e-09,1.73179083875862,0.406,0.139,0.000113193675056194,"13","Gm49226"
4.86432775971532e-09,1.9948126165043,0.354,0.115,0.000121749259497915,"13","L3mbtl4"
5.17689315977785e-09,1.43721458086876,0.698,0.375,0.00012957245889608,"13","Gng2"
6.48281691363666e-09,2.28677845538185,0.375,0.091,0.000162258424531412,"13","Orc1"
7.27289414466262e-09,1.30569682924597,0.656,0.329,0.000182033267546761,"13","Gm15584"
8.7834969403602e-09,1.58922489218534,0.531,0.239,0.000219842144920275,"13","Metap1d"
9.14920217453989e-09,0.968826320276483,0.781,0.542,0.000228995381226559,"13","Tmem132b"
1.35406557314765e-08,1.8945366615374,0.354,0.102,0.000338909072303125,"13","Hdac6"
1.9561677174138e-08,1.4718082391508,0.76,0.553,0.0004896092179915,"13","Pcsk2"
2.10867265002564e-08,1.69390198632281,0.479,0.217,0.000527779677574917,"13","Eps8"
2.51828089813091e-08,1.5856798038234,0.583,0.25,0.000630300525993187,"13","Rph3a"
3.19040097679706e-08,3.32313336385813,0.208,0.029,0.000798525460482536,"13","Gm48346"
3.77070325981601e-08,1.35437411505369,0.531,0.27,0.00094376931889935,"13","Clmp"
3.78134233136946e-08,0.588688038134312,0.917,0.797,0.000946432172118462,"13","Dab1"
4.95485409334139e-08,1.43655832781828,0.271,0.079,0.00124015043102242,"13","Pantr1"
5.46263967907188e-08,0.529703904065001,0.927,0.9,0.0013672440852749,"13","Grik2"
5.82501571688694e-08,0.781302945414551,0.708,0.504,0.00145794318377963,"13","Garnl3"
6.57442550668055e-08,1.7792964101245,0.365,0.14,0.00164551296006708,"13","Lima1"
7.90969907437545e-08,1.21856555870207,0.646,0.357,0.00197971858132543,"13","Tafa1"
8.40769239528434e-08,1.38807294266957,0.375,0.165,0.00210436132961572,"13","Serpine2"
9.02612415287923e-08,0.719641307141697,0.781,0.461,0.00225914861422414,"13","Nfib"
1.01072638627929e-07,1.03963652306796,0.74,0.442,0.00252974707221843,"13","Edil3"
1.19556775598673e-07,1.79439515932029,0.344,0.115,0.00299238653645919,"13","Wls"
1.56595582414202e-07,0.882749192763559,0.927,0.85,0.00391943083224507,"13","Sntg1"
1.65730368804472e-07,0.959773073704247,0.854,0.678,0.00414806540080712,"13","Syn2"
2.07122688185326e-07,1.57338508828005,0.583,0.333,0.00518407376259053,"13","Glp2r"
2.23360107663556e-07,1.82337796032219,0.354,0.13,0.00559048013471113,"13","Gm27151"
2.68656347419232e-07,0.626457952100911,0.615,0.23,0.00672419971955596,"13","Maf"
2.84604355209602e-07,1.09776242497821,0.667,0.354,0.00712336240654113,"13","Fstl5"
3.00753013357395e-07,0.55607713623042,0.896,0.646,0.00752754717132223,"13","Dscaml1"
3.01971823329014e-07,2.54432434181702,0.281,0.072,0.0075580527661019,"13","Gm47134"
3.12946762158928e-07,1.2818795520646,0.427,0.173,0.00783274451007581,"13","Chrna7"
3.5299079805438e-07,1.84228677562577,0.219,0.051,0.00883500668450308,"13","Gm28258"
3.60516458030865e-07,1.89005329727101,0.312,0.112,0.00902336642805451,"13","Gm10649"
3.69941086411283e-45,5.66341049232091,0.654,0.014,9.25925545178801e-41,"14","Pdgfra"
7.1135522133343e-38,4.43866140731611,0.617,0.041,1.78045098347544e-33,"14","Arhgap31"
1.39499632245803e-34,2.26395461024526,1,0.592,3.4915362954802e-30,"14","Lhfpl3"
3.55839546048536e-34,6.20879252953613,0.506,0.007,8.9063079980488e-30,"14","Sox10"
6.69517150219855e-29,1.79802972675539,0.914,0.255,1.67573447528527e-24,"14","Gpc5"
1.12131026382882e-28,1.90448672238347,0.975,0.29,2.80652745933716e-24,"14","Sox6"
3.24412148581723e-27,2.69005930807455,0.568,0.092,8.11971166685195e-23,"14","Gm42948"
5.2356901797663e-27,3.05437068305211,0.568,0.085,1.31044089509371e-22,"14","Gm4876"
2.17648744379783e-26,3.41274682679514,0.481,0.048,5.44753042308159e-22,"14","Abtb2"
2.1140663824692e-25,2.96440532994219,0.519,0.056,5.29129674868216e-21,"14","E130114P18Rik"
6.48646861460734e-24,2.38115661502101,0.617,0.139,1.62349822955007e-19,"14","Megf11"
2.54182340948574e-23,3.60505445742474,0.407,0.033,6.36192981160185e-19,"14","Kank1"
9.70488757287065e-22,1.94224126131852,0.679,0.129,2.4290363106138e-17,"14","Gm20713"
7.4946866624907e-21,2.34713677864584,0.84,0.311,1.8758451247548e-16,"14","Epn2"
3.88338937255631e-20,1.15357607020559,0.963,0.522,9.71973526057118e-16,"14","Ptprz1"
6.44103938663205e-20,3.43531898614111,0.457,0.051,1.61212774808014e-15,"14","Itpr2"
1.33668812297844e-19,1.97127246215371,0.778,0.291,3.34559670300273e-15,"14","Mir9-3hg"
2.82908494767254e-19,1.81371008073216,0.852,0.303,7.0809167155296e-15,"14","Maml2"
6.12243466081312e-19,2.0457222423205,0.716,0.208,1.53238417125491e-14,"14","Sh3d19"
1.44117588865024e-18,1.84239865365329,0.617,0.139,3.60711913170268e-14,"14","Nfia"
5.67095025522316e-18,5.00098911159381,0.309,0.008,1.4193821393798e-13,"14","Cspg4"
8.2764753972681e-18,1.67556272840207,0.728,0.255,2.07151902718223e-13,"14","Nckap5"
6.78281922120155e-17,3.68843080739667,0.321,0.021,1.69767182287454e-12,"14","Prkcq"
8.04739702394641e-17,2.89143346583782,0.383,0.047,2.01418300112355e-12,"14","Vxn"
1.79952653574354e-16,1.53890181164531,0.852,0.417,4.50403496631252e-12,"14","Qk"
2.20242197430988e-16,4.63161918402621,0.296,0.015,5.5124419595002e-12,"14","Bcas1"
2.57229394955102e-16,3.57024246216349,0.284,0.023,6.43819452633125e-12,"14","Emid1"
3.41986231967332e-16,2.012309809385,0.617,0.162,8.55957339991035e-12,"14","Sema5a"
5.95325579378345e-16,1.69915247966931,0.877,0.486,1.49004039262606e-11,"14","Xylt1"
2.24707579155258e-15,0.762425363495648,0.938,0.479,5.62420599867696e-11,"14","Npas3"
2.30012372936807e-15,2.36141677367705,0.444,0.081,5.75697968223535e-11,"14","Chd7"
2.82679243899744e-15,1.30544130543741,0.938,0.627,7.07517879556669e-11,"14","Dscam"
3.64697678405826e-15,1.12130252577055,0.926,0.467,9.12801819281941e-11,"14","Luzp2"
8.25537708513765e-15,1.03997948200714,0.827,0.303,2.0662383306391e-10,"14","Sox5"
1.38164545456069e-14,3.59513658740808,0.284,0.022,3.45812040821996e-10,"14","Cobll1"
1.47307989140094e-14,1.58492668861316,0.617,0.204,3.68697166018741e-10,"14","Ptn"
1.87762822132854e-14,1.54275702758034,0.519,0.164,4.69951567516321e-10,"14","Serpine2"
1.15361505875403e-13,2.2912385099839,0.407,0.087,2.88738313055547e-09,"14","Ppfibp1"
1.37410804236914e-13,2.43285430651831,0.247,0.04,3.43925501924572e-09,"14","Calcrl"
1.54442971924214e-13,2.8811692352277,0.235,0.029,3.86555314429115e-09,"14","Tcf7l2"
1.78734659160356e-13,3.14632725214656,0.284,0.036,4.47354978412454e-09,"14","Bcan"
1.11683132253833e-12,1.88570021957814,0.704,0.262,2.79531711718119e-08,"14","Chst11"
1.26552377787891e-12,3.39926282811889,0.284,0.026,3.16747946365311e-08,"14","Tes"
1.49919344208965e-12,2.03490673298502,0.395,0.073,3.75233126620618e-08,"14","Vcan"
2.3343660625059e-12,2.47749831730937,0.333,0.054,5.842684817846e-08,"14","Pstpip2"
2.40827097581973e-12,0.882488597727404,0.914,0.385,6.02766142537921e-08,"14","Nxph1"
5.97353057400602e-12,2.37547243360951,0.407,0.094,1.49511496736797e-07,"14","Myt1"
9.52116070587935e-12,2.663629193094,0.21,0.03,2.38305131307454e-07,"14","Gm26512"
1.00502989592639e-11,2.60151126058315,0.259,0.046,2.51548932651416e-07,"14","Tgfa"
1.02923723117625e-11,1.99374682315624,0.395,0.099,2.57607786591103e-07,"14","Rnf144a"
1.11868594071498e-11,1.3692239650966,0.84,0.382,2.79995904101552e-07,"14","Pcdh11x"
1.38595900883213e-11,2.64410225294407,0.321,0.057,3.46891680320594e-07,"14","4933407I08Rik"
2.2512177880684e-11,5.34481376399868,0.235,0.009,5.63457300175639e-07,"14","Bcas1os2"
2.50895888134869e-11,3.5364470740084,0.21,0.018,6.27967318412762e-07,"14","Prrx1"
3.41897942764454e-11,3.45252250199182,0.222,0.019,8.55736360945152e-07,"14","Sema3d"
3.43745759620462e-11,2.36120343245745,0.333,0.06,8.60361261754055e-07,"14","Stk32a"
3.46638752482495e-11,1.24935059059636,0.877,0.517,8.67602133588438e-07,"14","Zeb1"
4.78696881997871e-11,1.8738322115729,0.358,0.079,1.19813042595247e-06,"14","Gfra1"
4.87213095066693e-11,2.99704915043695,0.272,0.032,1.21944565564243e-06,"14","Gm2164"
5.51181052596569e-11,0.820157820012625,0.914,0.61,1.37955105654395e-06,"14","March1"
1.03688446663278e-10,0.636807740622228,1,0.921,2.59521813153517e-06,"14","Opcml"
2.12935723334666e-10,0.874881707036674,0.951,0.696,5.32956821934334e-06,"14","Brinp3"
3.03323714220507e-10,3.60746576456554,0.272,0.027,7.59188924322508e-06,"14","Wipf1"
3.99975041777019e-10,0.636808578428453,0.975,0.854,1.0010975320637e-05,"14","Ppp2r2b"
4.19430707080189e-10,2.75871152473584,0.235,0.038,1.04979311675101e-05,"14","Smoc1"
5.05685056779877e-10,1.59717298513595,0.469,0.142,1.26567912861435e-05,"14","Gm45025"
5.62491865730772e-10,2.75832698661073,0.272,0.046,1.40786089073755e-05,"14","Enpp2"
6.63489841751245e-10,0.665015575465552,0.753,0.437,1.66064872491919e-05,"14","Wdr17"
7.21225205312668e-10,0.601076442004497,1,0.922,1.80515456637708e-05,"14","Nav3"
7.89025912823276e-10,1.67740413062619,0.321,0.083,1.97485295720538e-05,"14","Atp1a2"
1.11624953131048e-09,2.08706019878831,0.235,0.053,2.79386095191699e-05,"14","Gab1"
1.22567998251191e-09,1.56327661859254,0.383,0.105,3.06775442822907e-05,"14","Rab31"
1.51345584445236e-09,1.26810665339107,0.716,0.367,3.78802863307981e-05,"14","4932443L11Rik"
1.94751851813176e-09,2.28305340427974,0.358,0.068,4.87444409903198e-05,"14","Gm13684"
3.13207562407234e-09,1.03726050743398,0.728,0.279,7.83927207949066e-05,"14","Tshz2"
6.0383229695176e-09,0.502389486423063,1,0.997,0.000151133185604056,"14","Lsamp"
6.22970294190976e-09,0.729330820309823,1,0.905,0.000155923234933059,"14","Lrrc4c"
6.85257648139965e-09,1.74670868501654,0.444,0.135,0.000171513136752952,"14","Cdh20"
8.83336466771565e-09,1.21134591175387,0.42,0.118,0.000221090284268255,"14","Sox5os4"
1.13824046634776e-08,1.00700024223935,0.679,0.354,0.00028489020632218,"14","Arhgap35"
1.3301163126639e-08,0.606105282179529,0.914,0.607,0.000332914811896648,"14","Slc24a3"
2.31431729432318e-08,0.899763861102542,0.691,0.355,0.000579250475596148,"14","Srgap1"
2.66594270166691e-08,0.722241252004849,0.667,0.322,0.000667258798800212,"14","Pde7b"
2.8283054946263e-08,1.73622034320826,0.284,0.074,0.000707896582250018,"14","Plpp4"
2.87519461199365e-08,1.62175945036121,0.457,0.159,0.000719632459435892,"14","Arhgef3"
2.94442762999663e-08,2.34387931569986,0.259,0.05,0.000736960791511855,"14","Pdlim5"
5.01686891403499e-08,1.69622052059115,0.309,0.082,0.00125567212049382,"14","Ezh2"
5.53462831202094e-08,0.992514711922766,0.58,0.254,0.00138526212021572,"14","Slc9a9"
6.42078824940312e-08,1.08621895812384,0.37,0.146,0.00160705909094311,"14","Gm12002"
6.44703588099179e-08,1.69714876619322,0.432,0.137,0.00161362861065343,"14","Sulf2"
7.63415172512544e-08,1.19012635460063,0.494,0.205,0.00191075183528165,"14","Zmiz1"
8.4285555659725e-08,0.605223254838512,0.988,0.706,0.00210958317260726,"14","Sema6d"
9.16033486999013e-08,1.8508105350901,0.395,0.1,0.00229274021460983,"14","Fign"
1.40409973714001e-07,1.61008472091438,0.222,0.049,0.00351432123208774,"14","Nhsl1"
1.47897070101501e-07,0.498455754068295,1,0.983,0.00370171576757048,"14","Nrxn1"
1.50961627907777e-07,2.15939656010176,0.21,0.028,0.00377841858490375,"14","Lgr5"
1.5972456181081e-07,0.597522690846939,0.963,0.719,0.00399774605756277,"14","Rora"
1.67500245653733e-07,0.869579625130362,0.728,0.388,0.00419236364846727,"14","Gm3764"
1.83282865728543e-07,0.868314351187746,0.691,0.375,0.0045873868463197,"14","Grin3a"
1.83472634322856e-07,0.819150789755949,0.975,0.775,0.00459213656446677,"14","Pcdh15"
2.08173388809451e-07,0.857183168978058,0.753,0.471,0.00521037174851174,"14","Brinp1"
2.40688896027831e-07,0.496636564234147,0.963,0.696,0.00602420237868057,"14","Sgcz"
2.60763395222079e-07,1.65358985494956,0.247,0.069,0.00652664701901342,"14","Zfp521"
2.60929942037851e-07,0.520982251957474,0.988,0.869,0.00653081551926538,"14","Ntm"
2.66866969192877e-07,1.66758818453746,0.321,0.09,0.00667941337192852,"14","Antxr1"
2.68785675513059e-07,1.71486027169664,0.222,0.053,0.00672743667241636,"14","Fbxo7"
3.20553746441704e-07,0.564928859185878,0.914,0.695,0.0080231397196894,"14","Mmp16"
3.4005458984887e-07,0.82036858504499,0.605,0.276,0.00851122632932738,"14","Zfpm2"
3.47112418569116e-07,2.24817861837359,0.259,0.062,0.0086878767243664,"14","Armh4"
3.53030214939791e-07,1.12908029634257,0.593,0.271,0.00883599324972802,"14","Nova1"
3.27501129858952e-51,6.00937241285991,0.701,0.015,8.19702577923972e-47,"15","Mctp2"
2.2752381185943e-37,3.64319108423083,1,0.72,5.69469348702967e-33,"15","Rora"
3.09812741688181e-36,3.26932245703782,0.985,0.453,7.75430311171349e-32,"15","Thsd7a"
1.51676842838544e-34,2.50823474647792,0.97,0.295,3.79631969940591e-30,"15","Zfp536"
7.78720141552034e-34,5.42496381206312,0.552,0.025,1.94905864229059e-29,"15","Unc5b"
1.00003142180252e-32,2.5769843739758,1,0.589,2.50297864562953e-28,"15","Nyap2"
1.21092501543718e-31,3.21045600473045,0.731,0.14,3.03082422113772e-27,"15","Gm44129"
3.82873557253959e-31,3.9819111780655,0.761,0.095,9.58294226450934e-27,"15","Col26a1"
6.40267427148047e-31,2.65703438045172,1,0.573,1.60252534340885e-26,"15","Zfp804b"
3.81545119420353e-30,2.49550641500766,0.94,0.319,9.54969279397203e-26,"15","Kcnmb2"
1.66747561845596e-28,2.25001266853389,1,0.571,4.17352472543341e-24,"15","Tafa2"
2.41655727945201e-28,2.65350828173797,0.925,0.389,6.04840121474043e-24,"15","Trps1"
8.59259010677325e-28,4.14764285576319,0.522,0.05,2.15063937782428e-23,"15","Gm28501"
4.1790474504266e-27,1.74219427890597,1,0.835,1.04597378636727e-22,"15","Erbb4"
5.30188491945275e-27,2.0651301883547,0.925,0.336,1.32700877648983e-22,"15","Ptchd4"
4.89762206736011e-26,2.02391642415015,0.896,0.229,1.22582582723956e-21,"15","Maf"
4.91519843161803e-26,2.06442757644602,0.97,0.644,1.23022501544968e-21,"15","Mef2c"
6.75269035906114e-26,2.07597716205712,0.94,0.351,1.69013086996941e-21,"15","Zeb2"
6.99671960856386e-26,1.6245353036727,1,0.946,1.75120895082745e-21,"15","Cntnap2"
1.02708574665163e-25,2.33908364693165,0.866,0.304,2.57069291529436e-21,"15","Dlc1"
2.30675628934017e-25,2.40930694776529,0.925,0.482,5.77358031658952e-21,"15","Clstn2"
2.75712823553339e-25,2.71033699549139,0.851,0.201,6.90081626071652e-21,"15","4921534H16Rik"
3.47511436509148e-25,3.28972408229762,0.507,0.06,8.69786374438746e-21,"15","4930447N08Rik"
3.76004755523836e-25,2.34419129358435,0.955,0.414,9.41102302600608e-21,"15","Sdk1"
3.92389101826423e-25,2.06139720098563,0.97,0.593,9.82110682961354e-21,"15","Sh3rf3"
9.31270129531169e-25,1.66081254426753,0.866,0.297,2.33087600720356e-20,"15","Hs3st4"
1.09678931011127e-24,2.55096627912394,0.881,0.38,2.74515396427751e-20,"15","Ano4"
2.53260311200261e-24,2.11859394851707,0.94,0.465,6.33885232903132e-20,"15","Fgf13"
3.49192298558502e-24,3.32541648414421,0.597,0.088,8.73993404062074e-20,"15","Epb41l4a"
6.81317919160583e-24,3.23498607319655,0.597,0.091,1.70527061986702e-19,"15","Pde11a"
6.8928267564012e-24,3.89034858821298,0.478,0.054,1.72520560885966e-19,"15","Nek7"
1.13383771852316e-23,2.54888211952125,0.836,0.32,2.83788242569162e-19,"15","Plcxd3"
2.23274676766731e-23,4.10309187420159,0.478,0.045,5.5883418847945e-19,"15","Gm15511"
2.66108111725538e-22,1.5655266047094,0.985,0.84,6.6604199283785e-18,"15","Galntl6"
7.44020613170579e-21,6.39526069567419,0.313,0.006,1.86220919270464e-16,"15","Gm20658"
1.65832720898717e-20,2.17850295175634,0.701,0.202,4.15062717137399e-16,"15","Osbpl3"
3.61758755655593e-20,1.94819707962362,0.94,0.595,9.05445989530383e-16,"15","Cntnap5b"
4.01699456432472e-20,1.88799272181657,0.97,0.386,1.00541356950483e-15,"15","Nxph1"
6.91729619258875e-20,1.77515597483896,0.851,0.353,1.73133006404304e-15,"15","Fstl5"
1.03680425249234e-19,2.10185990216864,0.716,0.209,2.59501736356308e-15,"15","Adamts17"
2.07980667211106e-19,1.18464248128509,0.97,0.786,5.20554811962677e-15,"15","Epha5"
8.06121378752447e-19,1.7802981422986,0.91,0.53,2.0176411988795e-14,"15","Limch1"
8.86949693159021e-19,1.48566965920758,0.955,0.593,2.21994638700771e-14,"15","Tcf4"
2.40639130704688e-18,2.48889616905976,0.627,0.116,6.02295680240765e-14,"15","Sox5os4"
2.79547987200345e-18,1.35967925438321,0.955,0.85,6.99680657163743e-14,"15","Sntg1"
6.02060058014065e-18,1.24540444845319,0.985,0.899,1.5068961192034e-13,"15","Pde4d"
1.50952818662708e-17,1.76605269999079,0.791,0.305,3.77819809830892e-13,"15","Sox5"
1.96824979014365e-17,1.77718782641147,0.851,0.369,4.92633239975053e-13,"15","Itpr1"
2.71409299749214e-17,2.39790733587291,0.701,0.217,6.79310336342308e-13,"15","Gpr176"
2.78584569913306e-17,1.51944017668988,0.866,0.314,6.97269320036014e-13,"15","Cntnap4"
3.66237658858604e-17,0.963650007925248,0.985,0.919,9.166562363572e-13,"15","Dlgap2"
4.08212139125017e-17,1.91590874526792,0.642,0.22,1.02171416301601e-12,"15","Cdh12"
1.91778494901123e-16,3.48445553771911,0.269,0.027,4.80002394888022e-12,"15","Krt12"
3.3834258265786e-16,2.69615637604124,0.672,0.184,8.46837650134359e-12,"15","Crtac1"
3.87975390148397e-16,1.87274269599279,0.672,0.251,9.71063604002422e-12,"15","Rph3a"
4.97419808063263e-16,1.93510381646747,0.806,0.421,1.24499203760154e-11,"15","Ppm1h"
5.20471840628845e-16,1.80993335252811,0.91,0.635,1.30268896990994e-11,"15","Astn2"
5.21356632164174e-16,2.19716885597985,0.716,0.26,1.30490351464371e-11,"15","Mical2"
1.40011445297107e-15,1.2240687512181,1,0.713,3.5043464643413e-11,"15","Rbms3"
1.46585499763475e-15,4.34809085971954,0.239,0.015,3.66888847358002e-11,"15","Adamts15"
1.75876599791245e-15,2.64463470214255,0.403,0.076,4.40201541617508e-11,"15","Syt17"
1.98057403897117e-15,1.17857460190082,0.925,0.461,4.95717876214095e-11,"15","Nfib"
2.2347084154984e-15,1.91144771587902,0.836,0.361,5.59325169315095e-11,"15","Grk3"
2.87585165225134e-15,5.0290998748555,0.299,0.015,7.19796910041989e-11,"15","Egfl6"
3.53415904727566e-15,1.14974181212336,1,0.873,8.84564667942626e-11,"15","Fgf12"
6.39368613341626e-15,0.862141459196732,1,0.841,1.60027570233276e-10,"15","Gria4"
1.36001641453044e-14,3.46299509296055,0.358,0.055,3.40398508392824e-10,"15","Ahr"
1.50229353973443e-14,1.19314593257071,0.955,0.713,3.76009050060131e-10,"15","Alcam"
1.94648559949806e-14,1.28616643038173,0.94,0.653,4.87185880698369e-10,"15","Hcn1"
2.73615974201413e-14,1.65409705637123,0.896,0.509,6.84833421828718e-10,"15","Pid1"
3.0320476030186e-14,1.41710461358052,0.955,0.675,7.58891194559525e-10,"15","Inpp4b"
4.02493108950355e-14,1.84351389093645,0.731,0.314,1.00740000239184e-09,"15","Snca"
7.2687747941164e-14,0.984333735911266,0.985,0.922,1.81930164321939e-09,"15","Xkr4"
9.24726754642836e-14,0.616342579855235,1,0.939,2.31449859419556e-09,"15","Nrg3"
1.48858817010452e-13,3.26409233384095,0.254,0.028,3.72578733095459e-09,"15","Sox5os2"
1.87529455800673e-13,1.76899999694072,0.881,0.44,4.69367474923505e-09,"15","Slc44a5"
1.9149943428479e-13,1.93131877201302,0.657,0.193,4.79303934071401e-09,"15","Cntnap3"
2.66147627441791e-13,2.5871469872543,0.522,0.12,6.66140896724058e-09,"15","Arap2"
3.05443601824939e-13,0.836242889588453,0.97,0.983,7.6449479100764e-09,"15","Adgrb3"
3.75175359921407e-13,1.18692007897961,0.94,0.577,9.39026408347291e-09,"15","Kcnc2"
4.02758252551537e-13,0.73291955611707,0.985,0.969,1.00806363031124e-08,"15","Dlgap1"
4.06002216621542e-13,1.63068221232374,0.642,0.238,1.01618294798206e-08,"15","Fras1"
4.91276435025454e-13,1.7445909202417,0.701,0.339,1.22961578922521e-08,"15","Slc6a1"
5.17461559055045e-13,1.59202876810104,0.851,0.436,1.29515453615887e-08,"15","Chrm3"
6.83134366485524e-13,1.8293812211207,0.552,0.17,1.70981700587662e-08,"15","Tox3"
7.50132132241476e-13,1.2422994249015,0.881,0.526,1.87750571378719e-08,"15","Scn1a"
7.57658696666313e-13,2.47316412753255,0.507,0.122,1.89634395188611e-08,"15","Ikzf2"
8.77875914670628e-13,3.3501439718624,0.328,0.035,2.19723562682912e-08,"15","Pde5a"
1.07447562470991e-12,3.52689490204535,0.254,0.026,2.68930504108643e-08,"15","Scube1"
1.38656769689758e-12,1.19949911319655,0.851,0.427,3.47044028856494e-08,"15","Spock1"
1.62933401037514e-12,2.31340504567784,0.567,0.177,4.07806009456795e-08,"15","Ccdc136"
1.68119276010694e-12,1.21305305271871,0.836,0.442,4.20785735927165e-08,"15","Edil3"
2.73949809008984e-12,2.49631624843782,0.328,0.056,6.85668976968585e-08,"15","Sntb1"
2.95584415458509e-12,2.0415298641488,0.642,0.239,7.39818233451103e-08,"15","Metap1d"
7.57030010313361e-12,2.47711212027384,0.403,0.084,1.89477041281331e-07,"15","Dlx1"
1.1769774947821e-11,1.34604481076925,0.806,0.392,2.94585697169012e-07,"15","Alk"
1.19526063092693e-11,1.61121987297341,0.761,0.33,2.99161783314702e-07,"15","Ubash3b"
1.61939059532196e-11,2.17716413727438,0.463,0.118,4.05317272103133e-07,"15","Pde3a"
1.66270910279423e-11,3.33249842184183,0.284,0.037,4.16159461338368e-07,"15","Fgd3"
1.67030299355905e-11,2.79264779665353,0.284,0.048,4.18060136257896e-07,"15","A830036E02Rik"
3.07927672584513e-11,0.984628693534921,0.97,0.84,7.70712171711779e-07,"15","Large1"
3.56031097217169e-11,1.03323962547402,0.925,0.697,8.91110233224853e-07,"15","Frmd5"
4.88422684751196e-11,2.27480667431929,0.328,0.082,1.22247313766377e-06,"15","St6gal1"
5.71213458106852e-11,0.757562885587741,0.955,0.753,1.42969016429564e-06,"15","Gm20642"
6.7689500079585e-11,1.39819769728108,0.851,0.509,1.69420049749193e-06,"15","Dner"
6.87258066419442e-11,0.680547834863093,0.955,0.697,1.72013821444122e-06,"15","Sgcz"
6.96843666870852e-11,1.3522806562286,0.791,0.488,1.74413001381106e-06,"15","Kcnip1"
7.9042033933728e-11,2.58005360576312,0.507,0.152,1.97834306732728e-06,"15","St6gal2"
8.88266959506811e-11,2.54629280551912,0.284,0.038,2.2232433729496e-06,"15","Sfta3-ps"
9.27853122517603e-11,1.34723445349738,0.612,0.254,2.32232358034931e-06,"15","Trpc5"
9.49621957812045e-11,2.23297603977386,0.627,0.253,2.37680879820777e-06,"15","Scn9a"
1.06771145244889e-10,2.06517176859182,0.463,0.145,2.67237499433433e-06,"15","Dlx1as"
1.16633045923404e-10,1.14554094837483,0.836,0.426,2.91920850641688e-06,"15","Srrm4"
1.64863075430112e-10,2.02115949289123,0.642,0.229,4.12635791494027e-06,"15","Ptpre"
2.30893662019709e-10,1.91403428092819,0.493,0.154,5.77903746669131e-06,"15","Mb21d2"
3.242476531753e-10,1.28587141476927,0.836,0.49,8.11559451132457e-06,"15","Myo16"
3.2616682608706e-10,2.39051515568763,0.328,0.075,8.16362949013302e-06,"15","Gm34299"
4.43583493209095e-10,1.50975318105371,0.761,0.416,1.11024512515304e-05,"15","Pknox2"
4.74718769610869e-10,3.73105803024027,0.224,0.016,1.18817360845904e-05,"15","Gm47710"
5.60425698269632e-10,1.8372854758525,0.507,0.212,1.40268948019906e-05,"15","Pla2g3"
7.41296178718002e-10,2.03306100238681,0.403,0.117,1.85539020571329e-05,"15","Tmem44"
8.19175878473881e-10,0.577483788428546,1,0.997,2.05031530623228e-05,"15","Lsamp"
1.08294083143741e-09,2.24512443046062,0.373,0.083,2.71049260700468e-05,"15","Itga6"
1.24437124044973e-09,1.72460844093218,0.433,0.146,3.11453677772164e-05,"15","Gm13963"
1.97529727857728e-09,2.57871722548812,0.254,0.051,4.94397155855108e-05,"15","Gm29114"
1.98282429793081e-09,0.962890682112264,0.821,0.473,4.96281093529103e-05,"15","4930509J09Rik"
2.14204685964992e-09,2.86157083077424,0.224,0.037,5.36132908501778e-05,"15","Gm13630"
2.95433230391301e-09,1.87014506839122,0.627,0.267,7.39439832346387e-05,"15","Adcy8"
3.29858820994262e-09,2.20336748980393,0.478,0.15,8.25603643066539e-05,"15","Cemip"
4.12382300621706e-09,1.31042484362683,0.821,0.529,0.000103215166022607,"15","Phf20l1"
4.76754381820973e-09,1.63799542033108,0.448,0.146,0.000119326854225971,"15","Fmn1"
4.77449461484763e-09,1.75051523680969,0.493,0.175,0.000119500825715021,"15","Ints6l"
5.7483777552203e-09,1.3430869528392,0.672,0.345,0.000143876146835409,"15","Parp8"
6.38864061759399e-09,0.457272317390118,0.746,0.295,0.00015990128601776,"15","Sox6"
7.20424735376375e-09,0.900897792776816,0.881,0.595,0.000180315107017353,"15","Lhfpl3"
7.62149655095192e-09,2.51475165567352,0.224,0.039,0.000190758437173775,"15","Smoc1"
8.48725639061274e-09,2.03733608051648,0.299,0.064,0.000212427540200646,"15","Hmcn1"
1.07187010693206e-08,1.96622494352392,0.269,0.077,0.000268278369064026,"15","Lamb1"
1.11813416402122e-08,1.45979716293663,0.418,0.175,0.000279857799912872,"15","Mgll"
1.15593612306498e-08,2.27743728792116,0.358,0.082,0.000289319252241933,"15","Gm15655"
1.18266133357709e-08,2.39338486494062,0.284,0.056,0.000296008305181009,"15","Tex47"
1.49648086058873e-08,3.25324233397729,0.224,0.027,0.000374554194596754,"15","Dusp10"
1.64496149364255e-08,1.2830598261025,0.627,0.299,0.000411717412243795,"15","Rtl4"
1.78745239165308e-08,1.53731273242753,0.507,0.192,0.000447381459106849,"15","Trpc4"
1.93429212912836e-08,1.28317621397159,0.612,0.287,0.000484133976999537,"15","Gm15614"
1.94770195853123e-08,1.40838842733904,0.418,0.144,0.000487490323200781,"15","Gm45025"
3.27671348613226e-08,0.519358191995028,1,0.991,0.000820128618444043,"15","Csmd1"
3.6208625727735e-08,1.74429031930636,0.672,0.289,0.00090626569333948,"15","Gm21798"
3.79857287207066e-08,1.24645924016483,0.731,0.373,0.000950744804150567,"15","Gm48321"
4.28813701896395e-08,1.06859935694527,0.657,0.328,0.00107327781447649,"15","Zmat4"
4.48324819131686e-08,1.7930303231272,0.507,0.197,0.0011221121898047,"15","Man1c1"
4.59222882670005e-08,1.41844072372364,0.687,0.364,0.00114938895303475,"15","Ank1"
5.01374799774068e-08,1.08173580764304,0.731,0.443,0.00125489098635452,"15","Dgkg"
5.17103553972171e-08,1.95631848833905,0.284,0.069,0.00129425848523695,"15","Kit"
5.40337429721344e-08,1.07659016868887,0.701,0.334,0.00135241055284955,"15","Vwc2"
6.26500304988525e-08,1.73169641255054,0.493,0.176,0.00156806761335578,"15","Mpdz"
6.96285942463742e-08,0.669678568877948,0.91,0.682,0.0017427340853925,"15","Nrg3os"
7.48357071446559e-08,1.15514710210881,0.746,0.479,0.00187306291412359,"15","Zswim6"
8.14903217845434e-08,0.931468469980214,0.955,0.82,0.00203962126394534,"15","Tenm1"
8.82002796601323e-08,1.20297746774904,0.672,0.423,0.00220756479961345,"15","Tmem108"
1.01050471970727e-07,1.54064840997346,0.507,0.231,0.00252919226295532,"15","Nxpe4"
1.11286608448168e-07,0.542697669530819,0.985,0.923,0.00278539252284919,"15","Nav3"
1.23050988967821e-07,0.988078526593951,0.672,0.343,0.00307984320287559,"15","Cadps2"
1.2563736317151e-07,1.49050414996909,0.552,0.251,0.00314457756281974,"15","Dip2a"
1.30483347461647e-07,0.898674884278391,0.672,0.325,0.00326586770361756,"15","Elavl2"
1.39453033293872e-07,2.09256784877846,0.284,0.074,0.00349036997031233,"15","Lrrn1"
1.449796630722e-07,2.18329858502451,0.284,0.081,0.0036286959870341,"15","Gm13919"
1.61547476773418e-07,1.12315999023391,0.343,0.162,0.00404337179616187,"15","Slc7a8"
1.6987559839559e-07,1.60778986821774,0.418,0.167,0.00425181635224323,"15","Usp25"
1.78520670449427e-07,1.75831971015651,0.418,0.16,0.0044681938606787,"15","Osbpl1a"
1.88584919801711e-07,0.896982837284542,0.866,0.736,0.00472009195771703,"15","Cacna1d"
1.99388245436565e-07,0.430091317256823,1,0.922,0.00499048839503179,"15","Grip1"
2.06620414702356e-07,0.923159104325859,0.821,0.574,0.00517150235958527,"15","C530008M17Rik"
2.099870002587e-07,1.68519412887641,0.388,0.157,0.00525576462947501,"15","Igsf11"
2.10554203875091e-07,2.66982785218773,0.284,0.048,0.00526996116878966,"15","Hs3st1"
2.28308202699878e-07,1.04811360693239,0.672,0.401,0.00571432600537525,"15","Vstm2a"
2.93621981523475e-07,0.840189780816637,0.97,0.797,0.00734906457555106,"15","Dab1"
3.03001535623367e-07,1.02939105324929,0.776,0.452,0.00758382543511724,"15","Oxr1"
3.14555091521945e-07,1.94804748744021,0.269,0.078,0.00787299938570276,"15","9530036O11Rik"
3.62678178712836e-07,0.64268120967908,0.881,0.695,0.00907747213500358,"15","Eml6"
3.84951769272066e-07,2.00673733847029,0.463,0.151,0.00963495783311054,"15","Kcnt1"
8.4271390536019e-45,6.21027984766217,0.652,0.013,2.10922863372602e-40,"16","Inpp5d"
1.68061397060622e-44,5.04170584761153,0.727,0.037,4.20640870703032e-40,"16","Hexb"
2.56348638952697e-42,7.3457065559155,0.561,0.004,6.41615008434706e-38,"16","Ikzf1"
2.56348638952697e-42,6.3781998159024,0.561,0.008,6.41615008434706e-38,"16","Adap2os"
3.79370300646776e-42,5.09104744638392,0.576,0.022,9.49525925488817e-38,"16","Apbb1ip"
1.2688790389793e-40,6.57005612413347,0.591,0.006,3.17587734666128e-36,"16","Adap2"
9.33628179728261e-40,7.29667698302304,0.576,0.008,2.33677797104186e-35,"16","Ly86"
2.02307638752622e-39,4.47613043791787,0.652,0.035,5.06355789033937e-35,"16","Mertk"
1.05202567491073e-38,7.49633613193748,0.53,0.004,2.63311506173407e-34,"16","Arhgap45"
5.27568487064764e-37,6.44184316797369,0.53,0.006,1.3204511662744e-32,"16","Slco2b1"
4.10838900782691e-36,6.10429218994108,0.53,0.011,1.028288684769e-31,"16","Fli1"
3.91435727066657e-35,4.53415909643168,0.606,0.041,9.79724481275135e-31,"16","Lrmda"
5.40660960651366e-34,7.50144063558154,0.455,0.003,1.3532203184143e-29,"16","Gm2245"
7.89385259025444e-33,6.22244269192145,0.439,0.005,1.97575236481478e-28,"16","Dock8"
1.19219789775773e-32,6.35528153905089,0.47,0.007,2.98395211829781e-28,"16","Fyb"
1.13658448558346e-31,8.0831314918446,0.424,0.002,2.84475730896684e-27,"16","Gm10790"
3.00795732887007e-30,6.02301342334883,0.455,0.008,7.5286163984289e-26,"16","Myo1f"
8.02648637899303e-30,6.6524982489048,0.485,0.006,2.00894927579816e-25,"16","Csf1r"
3.12438220701262e-28,7.47426460579569,0.379,0.003,7.82001622593188e-24,"16","Gm50035"
2.4961460844762e-27,4.0976799562136,0.545,0.04,6.24760403483547e-23,"16","Tgfbr1"
6.98943811188905e-27,4.56320439772305,0.455,0.02,1.74938646502471e-22,"16","Itgb5"
5.73186464088199e-26,6.16953452720598,0.348,0.004,1.43462840096635e-21,"16","Cd86"
1.51561309994029e-24,6.44037701191673,0.394,0.005,3.79342802784054e-20,"16","Siglech"
1.58931454901292e-24,4.65050592039661,0.47,0.019,3.97789538472443e-20,"16","Entpd1"
2.32613703341153e-24,4.55585252364569,0.364,0.012,5.82208838092571e-20,"16","Runx1"
2.61903461320429e-24,6.66994537827126,0.364,0.005,6.55518173338903e-20,"16","Hk2"
4.55373501076838e-24,2.53337858837253,0.818,0.223,1.13975433584522e-19,"16","Pde3b"
1.77297116633322e-23,2.32536118317647,0.727,0.176,4.43756953221541e-19,"16","Dleu2"
1.87299648829221e-23,6.0842975823475,0.333,0.003,4.68792291054657e-19,"16","Cfh"
6.91765373166521e-22,4.1642293835837,0.409,0.026,1.73141955249849e-17,"16","0610040J01Rik"
1.65010787941391e-21,6.27401228939232,0.288,0.002,4.13005501138506e-17,"16","Nckap1l"
5.53772636378012e-21,4.19264653079471,0.348,0.014,1.38603753159053e-16,"16","Tbxas1"
1.26623468175794e-20,3.05824289118403,0.409,0.054,3.16925878497196e-16,"16","Itga9"
5.48745299354295e-20,5.55760213513059,0.303,0.006,1.37345460975387e-15,"16","Cyth4"
8.41368720173416e-20,4.41092790031564,0.318,0.017,2.10586176972204e-15,"16","Gm31243"
1.297626875973e-19,3.17916954052206,0.591,0.083,3.24783030787283e-15,"16","Cx3cr1"
1.96708761418144e-19,2.65446061898113,0.621,0.117,4.92342358953472e-15,"16","Epb41l2"
2.59687401536912e-19,6.83537826481157,0.258,0.003,6.49971597306737e-15,"16","Itgam"
4.6632546105443e-19,6.76529183293161,0.273,0.003,1.16716599647313e-14,"16","Fcrls"
7.73877675528133e-19,2.09597978839466,0.606,0.145,1.93693843407937e-14,"16","Akap13"
7.82244845192818e-19,4.41149038269206,0.333,0.015,1.95788062303311e-14,"16","Ccr5"
8.34794723137802e-19,5.33998276889546,0.303,0.008,2.0894077125416e-14,"16","Abca9"
1.7377987352115e-18,1.18086320893626,0.818,0.24,4.34953645436085e-14,"16","Zfhx3"
3.19954149533104e-18,6.48213436160608,0.242,0.002,8.00813240866407e-14,"16","Asb2"
5.63446419382384e-18,2.90150991366443,0.333,0.039,1.41025004307217e-13,"16","Mylip"
7.17687458316949e-18,4.89525889866641,0.303,0.013,1.79629993942149e-13,"16","Agmo"
7.36685857459837e-18,4.59028823788075,0.303,0.016,1.84385103263623e-13,"16","Cd180"
8.39251346104465e-18,2.71570420314543,0.5,0.081,2.10056219416486e-13,"16","E230029C05Rik"
1.02659798834428e-17,2.6508620320342,0.606,0.12,2.56947210502689e-13,"16","Serinc3"
1.11766279481267e-17,4.35363671713396,0.303,0.014,2.79739820913662e-13,"16","Ifitm10"
1.6508156108515e-17,3.22613666642858,0.288,0.021,4.13182639240022e-13,"16","Vrk2"
5.35381143439922e-17,1.64005616880226,0.894,0.418,1.34000546391578e-12,"16","Qk"
6.22749938180573e-17,7.18210221046014,0.242,0.001,1.55868082027216e-12,"16","Spi1"
6.22749938180573e-17,5.61553441816784,0.242,0.004,1.55868082027216e-12,"16","Gm2629"
6.78555851938679e-17,4.04575296646008,0.318,0.016,1.69835744181732e-12,"16","Fgd2"
7.90564700871563e-17,6.0479898101518,0.242,0.004,1.97870438981144e-12,"16","C1qb"
8.39054422703135e-17,4.63425261440857,0.242,0.008,2.10006931458368e-12,"16","Bank1"
8.90474640756426e-17,6.17953815247043,0.242,0.002,2.22876897834926e-12,"16","Rbm47"
9.03759780104525e-17,1.97997174581,0.621,0.15,2.26202035362362e-12,"16","Dock2"
9.17337792753864e-17,5.77937240889747,0.242,0.005,2.29600476148365e-12,"16","Csf3r"
1.14954721653319e-16,7.91876538765611,0.258,0.001,2.87720172826092e-12,"16","P2ry6"
1.28672048862806e-16,4.05005905151054,0.288,0.016,3.22053271098717e-12,"16","Pld1"
1.39903066062718e-16,4.92139679673158,0.258,0.008,3.50163384048378e-12,"16","Mir142hg"
4.48803845683404e-16,3.89032382615932,0.379,0.028,1.12331114536099e-11,"16","Skap2"
4.69151564370452e-16,6.17708017883465,0.212,0.003,1.1742394504628e-11,"16","Anxa3"
4.78862555085764e-16,1.53112525740413,0.879,0.352,1.19854508912416e-11,"16","Zeb2"
6.97419503257772e-16,2.98122957037082,0.379,0.041,1.74557127470388e-11,"16","Lpcat2"
9.36137082854379e-16,1.49223652855885,0.818,0.331,2.34305750467623e-11,"16","Gab2"
9.73123121968024e-16,2.23168062823088,0.606,0.149,2.43562986197377e-11,"16","Zfp710"
1.02871927935357e-15,5.48723981463782,0.242,0.004,2.57478148429404e-11,"16","Unc93b1"
1.18273228710495e-15,5.08831058857287,0.242,0.004,2.96026064139498e-11,"16","C1qc"
1.34837651022324e-15,3.12715575448325,0.258,0.027,3.37485156743775e-11,"16","Tnfrsf11a"
1.47763767422379e-15,6.53075411955928,0.242,0.002,3.69837933481473e-11,"16","Pik3ap1"
1.62242787913484e-15,4.52712888695888,0.258,0.009,4.06077473868659e-11,"16","Gm20528"
1.90043597290655e-15,3.82977865734509,0.258,0.014,4.75660119658779e-11,"16","Tgfbr2"
2.15218324203587e-15,2.04637029132175,0.485,0.112,5.38669943649157e-11,"16","Wasf2"
5.26558977387723e-15,1.91686773974411,0.591,0.141,1.31792446450373e-10,"16","Nfia"
8.34588503339051e-15,2.95445917666356,0.288,0.025,2.08889156500731e-10,"16","Blnk"
9.18705069045021e-15,6.25704547486247,0.212,0.003,2.29942691731278e-10,"16","8030442B05Rik"
9.19856307306695e-15,2.72175624626924,0.394,0.055,2.30230835155793e-10,"16","Nek7"
1.37874228035406e-14,4.49407245306767,0.227,0.008,3.45085405349817e-10,"16","Lair1"
1.56305178268231e-14,2.00415701830421,0.561,0.146,3.91216230687554e-10,"16","Pip4k2a"
1.59765642477462e-14,1.63597095811903,0.742,0.252,3.99877426556841e-10,"16","Slc9a9"
1.81193962752235e-14,3.56613248516845,0.258,0.014,4.53510369372569e-10,"16","Cdk6"
2.01345846819111e-14,4.52548499538748,0.242,0.009,5.03948520003552e-10,"16","Ptprc"
4.05966179446286e-14,1.48435047608339,0.894,0.523,1.01609275053611e-09,"16","Srgap2"
8.8892438278631e-14,2.22129432461266,0.364,0.073,2.22488883767585e-09,"16","P3h2"
8.91754211443249e-14,3.27952356641833,0.303,0.032,2.23197161582131e-09,"16","Ccnd3"
9.69691630494942e-14,1.22634198829033,0.879,0.545,2.42704118196579e-09,"16","Plxdc2"
1.10776632436878e-13,3.31180735442738,0.258,0.023,2.77262833326262e-09,"16","Rassf2"
1.30644173567249e-13,5.79385890213511,0.212,0.004,3.26989302021468e-09,"16","Tmigd3"
1.46217011383455e-13,2.91310804988499,0.409,0.046,3.6596655779165e-09,"16","Arhgap31"
1.71018602705526e-13,1.12100504740188,0.955,0.631,4.28042460711661e-09,"16","Gm35188"
1.7633743257333e-13,5.57737416145479,0.212,0.004,4.41354959987788e-09,"16","Rcsd1"
2.01988340512571e-13,4.89504648525555,0.212,0.005,5.05556617468913e-09,"16","Lcp2"
2.24304994309879e-13,1.28756620843421,0.894,0.47,5.61412970258195e-09,"16","Ldlrad4"
3.03103591333169e-13,1.99315493224787,0.606,0.164,7.58637978747788e-09,"16","Hpgds"
3.13168743793162e-13,1.98142766758363,0.5,0.096,7.83830048839904e-09,"16","Prex1"
6.3862884888084e-13,2.44848293582692,0.333,0.057,1.59842414586386e-08,"16","Phyhd1"
6.68720298118497e-13,1.69189369427925,0.667,0.219,1.67374003416078e-08,"16","Ankrd44"
9.44964726819567e-13,3.53745729343927,0.258,0.02,2.36515221475669e-08,"16","Cflar"
9.70478760434422e-13,2.22676447986917,0.379,0.071,2.42901128949131e-08,"16","Bmp2k"
2.77225394047085e-12,1.25361343771603,0.712,0.232,6.9386743876045e-08,"16","Maf"
4.46147612808464e-12,1.71907643339544,0.652,0.189,1.11666286009831e-07,"16","Sirpa"
8.01399823067188e-12,1.71632993123595,0.591,0.217,2.00582361715486e-07,"16","Mbnl1"
1.15131443047013e-11,4.02154991302568,0.227,0.013,2.88162488802369e-07,"16","Ifngr1"
1.23203170941442e-11,3.66700135772006,0.227,0.015,3.08365216549334e-07,"16","P2rx7"
1.45202655062887e-11,2.52271591959578,0.348,0.055,3.634277253569e-07,"16","Acss1"
1.45457050165123e-11,1.90463810022797,0.379,0.083,3.64064450858286e-07,"16","Chd7"
1.47535632496325e-11,2.82906739487285,0.227,0.032,3.69266934575053e-07,"16","Pnpla7"
1.6468415264612e-11,1.4587577968209,0.652,0.263,4.12187965657974e-07,"16","Specc1"
2.65549141022122e-11,2.51859243950033,0.333,0.052,6.64642945064269e-07,"16","Plekho1"
2.79076229614762e-11,3.18753505179319,0.273,0.028,6.98499895102788e-07,"16","Wipf1"
3.03651136160803e-11,1.81895813091311,0.424,0.096,7.60008428696875e-07,"16","Marcks"
9.93065224762952e-11,2.31496432812527,0.288,0.039,2.48554295105919e-06,"16","Fmnl3"
1.53599079392218e-10,3.3956814675671,0.242,0.025,3.84443135810782e-06,"16","Arhgap4"
1.66317822123374e-10,1.23510478282185,0.515,0.174,4.16276876992592e-06,"16","Mgll"
2.10332799602352e-10,1.60304795604549,0.394,0.111,5.26441964124726e-06,"16","Ikbkb"
2.66942572658557e-10,3.26258282753503,0.227,0.017,6.68130565107101e-06,"16","Zfp36l1"
3.2646568975463e-10,2.30330113271864,0.227,0.043,8.17110974886863e-06,"16","Abca1"
3.78419052661306e-10,1.22886409795801,0.697,0.302,9.47145046905982e-06,"16","Tmcc3"
5.38202011069157e-10,1.89803371137865,0.394,0.081,1.34706581350499e-05,"16","St3gal6"
6.21765927096748e-10,2.01714779900986,0.485,0.131,1.55621793893045e-05,"16","Rreb1"
1.07536694047438e-09,2.74215737328162,0.364,0.062,2.69153591531333e-05,"16","Otulinl"
1.07689477142043e-09,1.68871435090735,0.424,0.124,2.6953599233882e-05,"16","Zfx"
1.23010357976566e-09,1.45140106862425,0.758,0.327,3.07882624979547e-05,"16","Ophn1"
1.30045448727327e-09,1.88913800137768,0.364,0.082,3.25490753619626e-05,"16","Lgmn"
1.30635839261086e-09,1.49561412463455,0.561,0.232,3.26968442086572e-05,"16","Gm46367"
1.59334772920269e-09,1.4848343658293,0.409,0.134,3.98799003142142e-05,"16","Arhgap17"
1.66227415623706e-09,0.775419733876,0.97,0.745,4.16050598564574e-05,"16","Slc8a1"
1.79219348359949e-09,2.73951080880395,0.273,0.035,4.48568107010117e-05,"16","Cdh23"
2.2569899962799e-09,2.62967716080989,0.333,0.045,5.64902026168897e-05,"16","2610203C22Rik"
2.33376655440515e-09,1.5910139560509,0.636,0.208,5.84118430902066e-05,"16","Frmd4b"
2.95479333334138e-09,2.13984526846235,0.242,0.046,7.39555223402013e-05,"16","Scoc"
2.97522712977688e-09,2.07626918838561,0.288,0.045,7.44669598311854e-05,"16","Arhgap22"
3.50736424080333e-09,1.10323463444454,0.379,0.119,8.77858195830665e-05,"16","Chmp3"
5.49921403231563e-09,2.99250879194401,0.242,0.038,0.000137639828014828,"16","Selplg"
5.78810865852117e-09,1.59280104843711,0.561,0.174,0.000144870571614126,"16","Ints6l"
5.91053886617995e-09,1.40490362031809,0.606,0.245,0.000147934877281618,"16","Pag1"
8.74044202144659e-09,1.39007997607868,0.394,0.124,0.000218764523354787,"16","Myh9"
1.15965895948921e-08,1.18655614251422,0.667,0.296,0.000290251040970555,"16","Sox6"
1.38034111338426e-08,2.51046116654299,0.212,0.03,0.000345485577268946,"16","Tcf7l2"
1.74961593107976e-08,1.32246320609714,0.682,0.296,0.000437911371389952,"16","P2ry12"
1.99351543380176e-08,0.954093427880893,0.348,0.135,0.000498956977926244,"16","Tsc22d4"
3.21758663998858e-08,1.28468631864561,0.53,0.182,0.000805329760122742,"16","Gm32036"
3.3419622059742e-08,1.14582300110442,0.47,0.186,0.000836459720533283,"16","Retreg1"
3.70175957224447e-08,0.933669848452997,0.864,0.565,0.000926513403337068,"16","Foxn3"
5.00343954963742e-08,2.1088555672684,0.318,0.083,0.00125231088487875,"16","St6gal1"
5.56802179789425e-08,1.25960483454606,0.5,0.149,0.00139362017579495,"16","Nrip1"
6.427073639387e-08,2.01677832331243,0.47,0.152,0.00160863226120217,"16","Etv6"
6.71229317473856e-08,1.28934342437218,0.5,0.183,0.00168001985870531,"16","Ndst4"
6.97028217619737e-08,1.72968872645528,0.591,0.231,0.00174459192588044,"16","Numb"
6.99564658918395e-08,1.31896644319891,0.515,0.173,0.00175094038480685,"16","Rrbp1"
7.21857480641776e-08,0.815607127624929,0.803,0.492,0.0018067370882983,"16","Mef2a"
7.91518514234118e-08,0.824624580989953,0.924,0.593,0.00198109168927657,"16","Tcf4"
8.52778668791361e-08,1.40541693721153,0.348,0.1,0.0021344197301179,"16","Cttnbp2nl"
9.51593886816021e-08,0.946120482031761,0.879,0.58,0.00238174433931182,"16","Lysmd4"
9.53641308045341e-08,1.72413163514655,0.227,0.043,0.00238686882990668,"16","B4galt1"
1.03114172590356e-07,1.35253506087284,0.348,0.096,0.00258084462576402,"16","Gna12"
1.23958852448662e-07,2.23479492097539,0.394,0.124,0.00310256611793756,"16","Cst3"
1.28036164552814e-07,2.18954919724702,0.212,0.035,0.00320461716259237,"16","Elf1"
1.28552179045386e-07,2.17952763334437,0.364,0.095,0.00321753248932696,"16","Mitf"
1.38700480575549e-07,1.07351632055172,0.773,0.387,0.00347153432832541,"16","Maml3"
1.52258362694647e-07,1.32838057567604,0.606,0.272,0.00381087455988433,"16","Bin1"
1.76386847904559e-07,1.58416811314715,0.242,0.055,0.00441478641620321,"16","Itpr2"
1.84261332545021e-07,1.27039245073265,0.394,0.131,0.00461187689226934,"16","6330576A10Rik"
2.33030567103237e-07,1.03383556412372,0.409,0.144,0.00583252206402693,"16","Gm45025"
2.61663334489861e-07,1.16256480271255,0.818,0.401,0.00654917159894673,"16","Rapgef5"
3.7299634200899e-07,2.24237328838381,0.212,0.04,0.00933572544414301,"16","Irak2"
7.65832561097946e-47,5.22856852968824,0.741,0.028,1.91680231717205e-42,"17","Gm2164"
9.88202922821399e-46,5.80099521917487,0.815,0.051,2.47337309552968e-41,"17","Pappa2"
2.56520477368409e-44,5.29468632962668,0.759,0.059,6.42045102805391e-40,"17","Hmcn1"
4.68578907271177e-43,5.62868936770459,0.741,0.031,1.17280614700903e-38,"17","Cdh23"
1.19085742462494e-40,5.77410780219412,0.704,0.037,2.98059704809376e-36,"17","Gm20631"
5.11391343824996e-34,3.52387627530635,1,0.355,1.27996139445958e-29,"17","Tafa1"
7.54084398025245e-33,3.39945890030872,0.963,0.299,1.88739783981739e-28,"17","Gm12296"
4.67042383370169e-32,5.98470952820795,0.537,0.013,1.1689603813372e-27,"17","Nts"
6.33754705421451e-30,3.13526519240995,0.981,0.667,1.58622465219935e-25,"17","Hdac9"
2.21901266431094e-28,4.10737982929165,0.556,0.042,5.55396679750386e-24,"17","Gli3"
1.72197196241662e-26,3.39377629674662,0.778,0.14,4.30992362473257e-22,"17","Megf11"
1.7160201324573e-25,2.69867911281308,0.926,0.406,4.29502678952737e-21,"17","Shisa6"
8.80729648623872e-25,2.72596370778277,0.833,0.224,2.20437823754069e-20,"17","Cpne8"
1.26488502676416e-22,2.99352525490844,0.667,0.146,3.16588073348802e-18,"17","Dnah9"
6.41545272035665e-22,2.2179463522169,0.926,0.466,1.60572366137807e-17,"17","Car10"
1.07740897888417e-21,5.83356689797486,0.352,0.007,2.69664693324919e-17,"17","Vsir"
1.10126770465482e-20,2.95540500917478,0.852,0.305,2.75636293798054e-16,"17","Kctd8"
1.50992822630844e-19,2.75507934894512,0.63,0.128,3.77919935762739e-15,"17","Mdga1"
3.00564300476914e-19,2.04611419318078,0.963,0.591,7.52282387663668e-15,"17","Gpc6"
6.94148208735001e-19,2.37055878844005,0.648,0.164,1.73738355164283e-14,"17","Elfn1"
7.79989002659945e-19,1.57203913584214,0.981,0.897,1.95223447475758e-14,"17","Ptprd"
5.90692909462328e-18,2.92979627100565,0.5,0.078,1.47844528309326e-13,"17","Pantr1"
1.49993139080697e-17,2.09438604552545,0.926,0.436,3.75417827805077e-13,"17","Hs6st3"
1.7937280131027e-17,3.38866097451651,0.407,0.046,4.48952184399474e-13,"17","Gm44593"
4.36953961595264e-17,2.21363609170326,0.778,0.275,1.09365207047679e-12,"17","Pard3b"
5.19791322262934e-17,2.33268869629147,0.778,0.194,1.3009857004919e-12,"17","Gm42303"
1.1201900028382e-16,7.59064786884533,0.222,0.001,2.80372355810372e-12,"17","Tfap2c"
1.16182697798732e-16,2.91928022207311,0.63,0.122,2.90793674320446e-12,"17","Tacr1"
2.0872559512764e-16,6.34447989925264,0.259,0.003,5.22419292044969e-12,"17","Tmem26"
2.38604315127876e-16,6.69562325085681,0.241,0.003,5.97202740333561e-12,"17","B230323A14Rik"
8.83260333340803e-16,1.76475962734778,0.926,0.66,2.2107122883187e-11,"17","Magi1"
8.93895705624199e-16,3.95362348041631,0.352,0.027,2.23733156160681e-11,"17","Slc17a6"
1.00088417752666e-15,1.52252956081991,1,0.889,2.50511300793148e-11,"17","Asic2"
1.63929091956057e-15,2.15581924559858,0.796,0.334,4.10298124256814e-11,"17","Arid5b"
2.09716909565471e-15,1.45713292220284,0.963,0.627,5.24900452951417e-11,"17","Camk2d"
2.46361069781925e-15,4.01351905885524,0.315,0.027,6.16617121557181e-11,"17","Rxfp1"
9.13222380686735e-15,1.20145697329966,0.944,0.388,2.28570429662083e-10,"17","Nxph1"
1.07088075975556e-14,2.67274376915383,0.5,0.096,2.68030745359219e-10,"17","Tmem163"
1.25532618884298e-14,1.39495693688929,0.981,0.797,3.14195591805509e-10,"17","Nkain3"
1.50442989963155e-14,1.7591812382583,1,0.904,3.76543759578781e-10,"17","Dpp10"
1.60558874493508e-14,4.10463353335112,0.333,0.021,4.01862806969802e-10,"17","Chst8"
5.3555928712958e-14,1.95594914153683,0.722,0.257,1.34045133975663e-09,"17","Pvt1"
5.54236805245317e-14,1.33157228631027,1,0.811,1.3871992998485e-09,"17","Ptprg"
7.66056006085819e-14,1.89409458475907,0.926,0.542,1.9173615776322e-09,"17","Sorcs1"
7.72879657293194e-14,1.58934116283755,0.944,0.739,1.93444049423914e-09,"17","Mir100hg"
8.3412942198814e-14,1.15683137982623,1,0.935,2.08774253029411e-09,"17","Nbea"
1.90964449827828e-13,0.930882039786868,1,0.947,4.77964921474072e-09,"17","Magi2"
2.75022597647137e-13,1.25051728030168,0.963,0.628,6.88354059651019e-09,"17","Dscam"
4.8986912420856e-13,1.39579341919967,0.981,0.739,1.22609343098161e-08,"17","Cntnap5a"
6.04005827541569e-13,2.04755686970902,0.685,0.202,1.51176618575379e-08,"17","Gm28307"
9.53921632385445e-13,3.948078306382,0.241,0.014,2.38757045369753e-08,"17","Piezo2"
1.12738015828344e-12,1.16489676157016,0.944,0.579,2.82171979816763e-08,"17","Cacna2d1"
1.54363876434197e-12,2.08052274867894,0.741,0.283,3.86357346327151e-08,"17","Gm11418"
1.65404108163599e-12,1.59707334680809,0.778,0.367,4.13989942322671e-08,"17","Hipk2"
3.64509734560253e-12,1.44290087007799,0.889,0.617,9.12331414630857e-08,"17","Gm43376"
3.68024991805561e-12,1.35223514151183,0.926,0.695,9.21129751990139e-08,"17","Eml6"
4.38532829160447e-12,1.25258627713796,0.944,0.866,1.09760381810568e-07,"17","Ppfia2"
5.34128852273864e-12,2.53298807529208,0.593,0.152,1.33687110435625e-07,"17","Pard3bos1"
6.65947425673611e-12,2.18441427824364,0.5,0.115,1.66679981171848e-07,"17","L3mbtl4"
1.50612697467495e-11,2.34117391115356,0.685,0.281,3.76968520491394e-07,"17","Prr16"
1.60384522951805e-11,2.09744473081424,0.685,0.278,4.01426422496072e-07,"17","5530401A14Rik"
1.73152301406389e-11,0.831033026100912,1,0.946,4.3338289519005e-07,"17","Tenm2"
3.64430300103153e-11,2.03858298954841,0.352,0.074,9.12132598128182e-07,"17","Plpp4"
3.68746415296005e-11,1.56267936366114,0.741,0.32,9.22935402844371e-07,"17","Nrp2"
4.031361811084e-11,1.68971141897268,0.815,0.395,1.00900954769621e-06,"17","Kif26b"
4.07888515495531e-11,2.09675365490382,0.593,0.185,1.02090416543377e-06,"17","Gm45352"
4.29926364194303e-11,2.24464835276033,0.481,0.134,1.07606269694192e-06,"17","Bicc1"
5.10803639263744e-11,3.26304055502639,0.222,0.025,1.27849042871323e-06,"17","9630002D21Rik"
5.87444249145135e-11,1.25353134693635,0.963,0.828,1.47031421118536e-06,"17","Ralyl"
6.8893176852937e-11,1.79668075277635,0.685,0.221,1.72432732345216e-06,"17","Lingo1"
8.52559197950154e-11,1.27853939312765,0.963,0.746,2.13387041654944e-06,"17","Rgs7"
1.34708446870293e-10,0.915307885871116,1,0.875,3.37161771671655e-06,"17","Unc5d"
1.45266539608091e-10,1.73113924144854,0.87,0.507,3.63587621985091e-06,"17","4930532I03Rik"
1.5256104079204e-10,1.3664295639457,0.944,0.722,3.81845028998398e-06,"17","5730522E02Rik"
1.92217878317596e-10,2.18037421440435,0.63,0.168,4.81102127641112e-06,"17","B3gat2"
2.05720090125481e-10,2.29316293543718,0.759,0.362,5.14896813575067e-06,"17","Gm48742"
2.83732389892091e-10,1.39578362736314,0.944,0.633,7.10153798660915e-06,"17","Cdh18"
4.47256894986122e-10,0.962548331014736,0.926,0.708,1.11943928246076e-05,"17","Mir99ahg"
4.62814383152514e-10,3.13484603362098,0.278,0.04,1.15837811959243e-05,"17","Lama3"
5.88051506029599e-10,0.751987491462576,0.981,0.955,1.47183411444148e-05,"17","Frmd4a"
6.80116111755702e-10,1.7516798617512,0.333,0.079,1.70226261611335e-05,"17","Pepd"
7.24726065070442e-10,1.72637143337406,0.611,0.201,1.81391686826481e-05,"17","Meis1"
8.73243379810399e-10,0.844361316546936,0.981,0.84,2.18564085532745e-05,"17","Large1"
9.91198810014246e-10,1.95085459922453,0.852,0.522,2.48087150158466e-05,"17","Esrrg"
1.00777379087819e-09,1.78800804447644,0.537,0.156,2.52235702118902e-05,"17","B130024G19Rik"
1.08501059800439e-09,1.28620774211679,0.722,0.286,2.71567302574519e-05,"17","A830082K12Rik"
1.30915750256851e-09,1.15515957476748,0.944,0.714,3.27669031317872e-05,"17","Rbms3"
1.40710967684395e-09,0.917567526084031,1,0.975,3.52185481017272e-05,"17","Nkain2"
1.44957209796375e-09,0.831966176077445,0.981,0.871,3.62813400399347e-05,"17","Lingo2"
1.54213313349541e-09,2.71884490095171,0.389,0.054,3.85980501982565e-05,"17","Stk32b"
2.12415280803491e-09,1.5767105822356,0.556,0.161,5.31654206323059e-05,"17","Sfmbt2"
2.51749784626645e-09,2.2087911415607,0.352,0.068,6.30104535942029e-05,"17","Gm20646"
2.60300247199655e-09,2.54513330410741,0.241,0.039,6.51505488716018e-05,"17","Nacc2"
2.71670839383428e-09,1.95225574106298,0.315,0.077,6.79964943892783e-05,"17","Ogfrl1"
3.86947371936073e-09,2.37936078196476,0.537,0.172,9.68490577218798e-05,"17","March11"
8.59196041139286e-09,2.69734338438299,0.222,0.032,0.000215048177136752,"17","Pard3bos3"
1.00474692367873e-08,1.11124972330718,0.796,0.46,0.00025147810752755,"17","Ttc28"
1.13177863058773e-08,1.54480599237426,0.519,0.178,0.000283272873449802,"17","Gm3848"
1.62003293512385e-08,2.27145331791956,0.259,0.058,0.000405478043332149,"17","Grem2"
2.30100820227279e-08,0.851855008016934,0.981,0.84,0.000575919342946858,"17","Galntl6"
2.56237663382758e-08,2.07018226262873,0.333,0.055,0.000641337247680706,"17","Gm44532"
2.63213729679029e-08,1.49214629300361,0.611,0.241,0.000658797644013642,"17","Epha10"
3.15993111979784e-08,1.76987483677208,0.444,0.116,0.000790899159974202,"17","4930527B05Rik"
4.60199855042326e-08,2.3071003927311,0.259,0.043,0.00115183421718544,"17","Gm28175"
5.34303211962433e-08,1.4271072808585,0.889,0.578,0.00133730750922077,"17","Iqsec1"
6.37024863911286e-08,1.44404814988462,0.63,0.227,0.00159440953188356,"17","Pdcd7"
6.76167145993048e-08,0.577747009212803,1,0.992,0.001692378749706,"17","Snhg11"
7.65278244285472e-08,1.80323189673539,0.648,0.29,0.00191541491762211,"17","Gm21798"
9.51013360477733e-08,1.40256485744644,0.778,0.427,0.00238029133993972,"17","Srrm4"
1.09545804274675e-07,1.51172720837711,0.537,0.217,0.00274182193519083,"17","Gm15083"
1.12249833689709e-07,2.81415628301824,0.204,0.035,0.00280950108741972,"17","Syt2"
1.12648908201983e-07,1.68552563892789,0.296,0.07,0.00281948952338744,"17","9430091E24Rik"
1.18279575634666e-07,2.87498793083736,0.315,0.047,0.00296041949856005,"17","Gm28050"
1.29371792694346e-07,1.24742826150828,0.907,0.636,0.00323804659934679,"17","Astn2"
1.64555583640387e-07,1.2795426239978,0.778,0.401,0.00411866170293525,"17","Gm32509"
1.88179654498314e-07,1.13512179398983,0.759,0.462,0.0047099485724383,"17","Pitpnc1"
2.04853584889113e-07,1.49784276548073,0.796,0.597,0.00512728037618961,"17","Cntnap5b"
2.46168423622325e-07,0.671957824508592,0.963,0.967,0.00616134947484317,"17","Ube3a"
2.99068047224874e-07,1.89848388819559,0.222,0.048,0.00748537415399137,"17","Banf2"
3.21858984046933e-07,2.703561386426,0.241,0.039,0.00805580851171069,"17","Ano5"
3.43857278936588e-07,1.00057730460134,0.796,0.489,0.00860640383450386,"17","Kcnip1"
3.71994414865673e-07,1.74246800047863,0.648,0.287,0.00931064820967292,"17","Fstl4"
