"p_val","avg_log2FC","pct.1","pct.2","p_val_adj","gene","cell_type","lfc_vs_P21s1","lfc_vs_P21s2","consistent","direction"
8.38009772518142e-63,-4.1126981288305,0.044,0.797,2.09745465963566e-58,"Smad3","BLA Glut Rspo2/Etv1",-3.21405705047412,-3.1896405751183,TRUE,"higher at P21"
1.30037423360257e-58,-3.24763377089916,0.203,0.907,3.25470666928388e-54,"Car10","BLA Glut Rspo2/Etv1",-3.06595718139893,-3.05416302335069,TRUE,"higher at P21"
3.35911210417241e-51,-3.59478650818469,0.062,0.727,8.40752168553311e-47,"Ankrd33b","BLA Glut Rspo2/Etv1",-2.99844903244763,-2.99445887336765,TRUE,"higher at P21"
5.42024346928721e-50,1.58965503931977,0.978,0.89,1.3566327379279e-45,"Grip1","BLA Glut Rspo2/Etv1",1.4225960687912,1.66463644878262,TRUE,"higher at P10"
1.11239902794895e-47,1.19087596412208,0.997,0.994,2.78422352705343e-43,"Schip1","BLA Glut Rspo2/Etv1",1.13668544396333,1.17498708682043,TRUE,"higher at P10"
2.39649902785183e-45,-0.895313841896559,1,1,5.99819741681034e-41,"Malat1","BLA Glut Rspo2/Etv1",-0.681621714108939,-1.09271835410737,TRUE,"higher at P21"
1.78889176163912e-43,-2.60249446446827,0.159,0.808,4.47741719020655e-39,"Brinp2","BLA Glut Rspo2/Etv1",-2.51601050991514,-1.97790879776355,TRUE,"higher at P21"
7.70774458695323e-42,-1.66960652357961,0.591,0.965,1.92917139266852e-37,"Lncpint","BLA Glut Rspo2/Etv1",-1.58698623998646,-1.58567042614826,TRUE,"higher at P21"
1.19440769911082e-41,1.56689667601155,0.978,0.791,2.98948303010447e-37,"Trpm3","BLA Glut Rspo2/Etv1",1.26083466876033,1.54595634029573,TRUE,"higher at P10"
6.81694971479231e-41,-2.11038230316686,0.294,0.89,1.70621434411537e-36,"Rasgrf1","BLA Glut Rspo2/Etv1",-2.0731609807064,-2.09160670057445,TRUE,"higher at P21"
4.51879642604155e-40,-4.56765553946472,0.016,0.512,1.13100955747394e-35,"Tanc1","BLA Glut Rspo2/Etv1",-2.3907071302826,-3.01746178560192,TRUE,"higher at P21"
3.09144570430396e-39,-2.9431830115972,0.056,0.61,7.73757945330237e-35,"Zmat4","BLA Glut Rspo2/Etv1",-2.4257498337658,-2.41404432950207,TRUE,"higher at P21"
6.34648658894003e-39,-1.33899279787334,0.822,0.988,1.5884621283458e-34,"Cntnap5a","BLA Glut Rspo2/Etv1",-1.16474410443927,-1.34018074357458,TRUE,"higher at P21"
7.41799026045158e-39,-0.90380827747452,0.978,0.994,1.85664878228843e-34,"Phactr1","BLA Glut Rspo2/Etv1",-0.822857183509806,-0.926511222347512,TRUE,"higher at P21"
1.1078258214115e-36,-1.98035608104181,0.231,0.86,2.77277724841084e-32,"Cntnap5c","BLA Glut Rspo2/Etv1",-1.64063882380713,-1.71889513950654,TRUE,"higher at P21"
3.9886125436411e-36,-0.616213663730369,1,1,9.9830983354793e-32,"Snhg11","BLA Glut Rspo2/Etv1",-0.560738544388001,-0.617809952547389,TRUE,"higher at P21"
4.37666955750517e-35,1.10544089920047,0.981,0.971,1.09543662354797e-30,"Ntrk3","BLA Glut Rspo2/Etv1",0.91448034126732,1.17418873366157,TRUE,"higher at P10"
1.41814647608433e-34,-2.30975267430614,0.072,0.605,3.54947881499146e-30,"Syt17","BLA Glut Rspo2/Etv1",-2.08318230130677,-1.6329315053873,TRUE,"higher at P21"
4.18940969642547e-34,0.845138073770319,0.991,0.988,1.04856735291833e-29,"Frmd4a","BLA Glut Rspo2/Etv1",0.764853364449779,0.893982176187352,TRUE,"higher at P10"
1.37959929594015e-33,-0.913057406075547,0.966,0.983,3.45299907780861e-29,"Grin2a","BLA Glut Rspo2/Etv1",-0.895771968742579,-0.884629319759563,TRUE,"higher at P21"
1.47431386401162e-33,-2.96621660471714,0.103,0.628,3.69006017023469e-29,"Sorcs3","BLA Glut Rspo2/Etv1",-2.16531481799812,-2.71506432470465,TRUE,"higher at P21"
2.68379023906071e-32,-1.01847884519589,0.947,0.994,6.71725858934504e-28,"Lrrtm4","BLA Glut Rspo2/Etv1",-1.11935824154365,-0.907967502459526,TRUE,"higher at P21"
2.74793638560884e-32,-1.67886273238882,0.409,0.907,6.87780997954036e-28,"Me3","BLA Glut Rspo2/Etv1",-1.63944784755589,-1.49388797390398,TRUE,"higher at P21"
3.88787399486352e-32,-1.04085042503899,0.966,1,9.73095982174391e-28,"Dpp10","BLA Glut Rspo2/Etv1",-1.00141684742839,-0.912831588886134,TRUE,"higher at P21"
1.9319459443875e-31,-1.22324446769726,0.659,0.977,4.83546750420748e-27,"Tenm4","BLA Glut Rspo2/Etv1",-1.16238942691936,-1.19691585933074,TRUE,"higher at P21"
3.20652734510217e-31,-1.27397193816545,0.713,0.994,8.02561729205621e-27,"Oxr1","BLA Glut Rspo2/Etv1",-1.02599677503067,-1.29677317955085,TRUE,"higher at P21"
1.07866374428515e-30,-4.55384721556813,0.016,0.413,2.6997874855713e-26,"Cck","BLA Glut Rspo2/Etv1",-2.29682843849543,-1.98921313303683,TRUE,"higher at P21"
1.15924732185075e-30,-1.80720212481465,0.2,0.785,2.90148012186025e-26,"Olfm1","BLA Glut Rspo2/Etv1",-1.66388606974208,-1.52648548613564,TRUE,"higher at P21"
4.04175786951108e-30,-3.28422423307561,0.05,0.494,1.01161157715993e-25,"Tmem132d","BLA Glut Rspo2/Etv1",-2.39679843525393,-2.69107691384612,TRUE,"higher at P21"
5.32362362046231e-30,-2.03096508927875,0.134,0.669,1.33244975596551e-25,"Ndst3","BLA Glut Rspo2/Etv1",-1.57492481273926,-1.82775265938688,TRUE,"higher at P21"
6.46305994929181e-30,0.540406746554963,1,1,1.61763927470825e-25,"Lsamp","BLA Glut Rspo2/Etv1",0.461150698717466,0.614980663707123,TRUE,"higher at P10"
1.41248680568559e-29,1.03389742623266,1,0.977,3.53531322595047e-25,"Mir99ahg","BLA Glut Rspo2/Etv1",0.825816539710592,1.07469098039216,TRUE,"higher at P10"
1.00586038266685e-28,-1.33763301915414,0.641,0.953,2.51756795177686e-24,"Tspan5","BLA Glut Rspo2/Etv1",-1.34356139784021,-1.32741893337184,TRUE,"higher at P21"
1.29135745776259e-28,-2.81004161222441,0.044,0.471,3.23213858103399e-24,"Lyzl4","BLA Glut Rspo2/Etv1",-2.07524884882315,-1.80006145959088,TRUE,"higher at P21"
1.77909326567301e-28,-1.98521942040527,0.112,0.622,4.45289253465298e-24,"Plekhg5","BLA Glut Rspo2/Etv1",-1.5923375592865,-1.64242670870365,TRUE,"higher at P21"
3.78888627630748e-28,-2.82079973416299,0.044,0.465,9.48320346096998e-24,"Rtn4rl1","BLA Glut Rspo2/Etv1",-2.08189893594828,-1.63459954468679,TRUE,"higher at P21"
7.97726539907053e-28,-2.19664206739746,0.175,0.692,1.99662975673336e-23,"Pdzrn3","BLA Glut Rspo2/Etv1",-2.03421701949697,-1.91028523556967,TRUE,"higher at P21"
4.5807853481291e-27,1.53329894432028,0.891,0.802,1.14652476478323e-22,"Tmem108","BLA Glut Rspo2/Etv1",1.55050131609706,1.49740731825286,TRUE,"higher at P10"
5.08016204432764e-27,1.17034942051952,0.934,0.895,1.27151375807477e-22,"Ncam1","BLA Glut Rspo2/Etv1",1.00844515854267,1.2017929972778,TRUE,"higher at P10"
9.13493461805611e-27,-1.58263471789628,0.112,0.616,2.28638278555326e-22,"Synpo","BLA Glut Rspo2/Etv1",-1.54527525008976,-1.38273274041899,TRUE,"higher at P21"
4.24457342836203e-26,-1.37139277223191,0.212,0.785,1.06237428338473e-21,"Tacc1","BLA Glut Rspo2/Etv1",-1.4468343938672,-1.40670201795746,TRUE,"higher at P21"
5.14900018011939e-26,1.68948489349364,0.859,0.773,1.28874325508208e-21,"Grin3a","BLA Glut Rspo2/Etv1",1.86640831601034,1.56969913882216,TRUE,"higher at P10"
5.72896072102388e-26,-2.11955259326134,0.059,0.488,1.43390157886507e-21,"Hipk4","BLA Glut Rspo2/Etv1",-1.57190658686433,-1.66264093235509,TRUE,"higher at P21"
7.73715432553349e-26,2.28310816587445,0.747,0.465,1.93653235613778e-21,"Myo16","BLA Glut Rspo2/Etv1",1.90680777500364,2.20704297497137,TRUE,"higher at P10"
1.06041079609447e-25,3.03643862113319,0.659,0.262,2.65410218154485e-21,"L3mbtl4","BLA Glut Rspo2/Etv1",2.39803739318841,2.5333414672603,TRUE,"higher at P10"
2.2213335055328e-25,1.12693405467572,0.966,0.942,5.55977563099805e-21,"Adamtsl1","BLA Glut Rspo2/Etv1",1.19932516024488,1.05998218368887,TRUE,"higher at P10"
2.73328465732533e-25,-2.56355293250674,0.05,0.448,6.84113816881956e-21,"Arhgef25","BLA Glut Rspo2/Etv1",-1.60715704643487,-1.86058509569169,TRUE,"higher at P21"
3.83015316320027e-25,-1.80753447589662,0.197,0.715,9.58649035217395e-21,"2010300C02Rik","BLA Glut Rspo2/Etv1",-1.47750556567745,-1.87570281026722,TRUE,"higher at P21"
9.09879467313706e-25,-2.33251319196325,0.069,0.483,2.27733731873947e-20,"Oprd1","BLA Glut Rspo2/Etv1",-2.04404850068526,-1.36302206947964,TRUE,"higher at P21"
9.21023782719393e-25,-1.74226085412542,0.128,0.61,2.30523042576837e-20,"Gm15414","BLA Glut Rspo2/Etv1",-1.26098198413725,-1.55435493592547,TRUE,"higher at P21"
9.42441511030019e-25,-1.17563608739734,0.603,0.971,2.35883685795703e-20,"Kctd16","BLA Glut Rspo2/Etv1",-1.19051220698768,-0.948687281830168,TRUE,"higher at P21"
9.50238030757522e-25,-1.5987261394369,0.181,0.692,2.378350767183e-20,"Man1c1","BLA Glut Rspo2/Etv1",-1.60715888554495,-1.39603150088292,TRUE,"higher at P21"
4.5983322576638e-24,-1.65576750645994,0.256,0.773,1.15091658077067e-19,"Specc1","BLA Glut Rspo2/Etv1",-1.28157407924415,-1.50420099875688,TRUE,"higher at P21"
4.94992583953917e-24,-2.14662561450222,0.072,0.488,1.23891693837826e-19,"Gm47523","BLA Glut Rspo2/Etv1",-1.66436247812198,-1.74615630546796,TRUE,"higher at P21"
5.92310450679068e-24,-1.55348986671989,0.309,0.82,1.48249382700464e-19,"Gm26854","BLA Glut Rspo2/Etv1",-1.41770672663963,-1.47994309662301,TRUE,"higher at P21"
9.84125097112088e-24,1.27965941438937,0.887,0.843,2.46316670556185e-19,"Slco3a1","BLA Glut Rspo2/Etv1",1.37273129832639,1.12238098927118,TRUE,"higher at P10"
1.82815899664064e-23,-1.50238691366141,0.169,0.669,4.57569915269186e-19,"Pgbd5","BLA Glut Rspo2/Etv1",-1.57726591984966,-1.09141861338491,TRUE,"higher at P21"
1.87664215300187e-23,-1.76977541926896,0.078,0.5,4.69704764474837e-19,"Zfp831","BLA Glut Rspo2/Etv1",-1.57302434995416,-1.52563873682231,TRUE,"higher at P21"
1.98648194068835e-23,-1.12520771180797,0.562,0.959,4.97196564934888e-19,"Thrb","BLA Glut Rspo2/Etv1",-0.968619296907956,-0.969915301967986,TRUE,"higher at P21"
2.47040436681693e-23,1.51918799168444,0.822,0.785,6.1831750897061e-19,"Chl1","BLA Glut Rspo2/Etv1",1.36339326179828,1.66004188856452,TRUE,"higher at P10"
3.28688672818808e-23,-2.78445236129318,0.075,0.471,8.22674879198194e-19,"Gm26911","BLA Glut Rspo2/Etv1",-1.98328812764631,-2.16289319299543,TRUE,"higher at P21"
3.73770048578632e-23,-2.153351675591,0.069,0.471,9.35509054587457e-19,"Cpeb1","BLA Glut Rspo2/Etv1",-1.76228208980171,-1.50252625235421,TRUE,"higher at P21"
3.96077678473127e-23,-1.34580730689718,0.253,0.785,9.91342821450389e-19,"Ptk2b","BLA Glut Rspo2/Etv1",-1.31219587576488,-1.0624933254948,TRUE,"higher at P21"
4.59183873735486e-23,-2.09332511331554,0.072,0.477,1.14929131757255e-18,"Ccsap","BLA Glut Rspo2/Etv1",-1.60593488616067,-1.64987252990801,TRUE,"higher at P21"
6.02733587927969e-23,-1.41284076165116,0.278,0.791,1.50858189722491e-18,"Cap2","BLA Glut Rspo2/Etv1",-1.30383865828657,-1.51603097584219,TRUE,"higher at P21"
7.3132219604836e-23,-1.9315802151733,0.066,0.465,1.83042632448944e-18,"Dock1","BLA Glut Rspo2/Etv1",-1.48748334908187,-1.56291342817763,TRUE,"higher at P21"
1.48277152287788e-22,-1.66334254320081,0.172,0.634,3.71122884461104e-18,"Gm11639","BLA Glut Rspo2/Etv1",-1.48568562655467,-1.12413037884559,TRUE,"higher at P21"
3.26249420431005e-22,-1.30076536132727,0.116,0.587,8.16569674396763e-18,"Fam131a","BLA Glut Rspo2/Etv1",-0.890618865558749,-1.31351437711135,TRUE,"higher at P21"
3.52292758144319e-22,1.21337654305981,0.906,0.901,8.81753544359415e-18,"Lmo3","BLA Glut Rspo2/Etv1",1.18490030763045,1.29030423702914,TRUE,"higher at P10"
3.65723866187007e-22,-1.05835928817179,0.703,0.965,9.1537026467946e-18,"Sorbs2os","BLA Glut Rspo2/Etv1",-1.09999702210325,-1.03681092441171,TRUE,"higher at P21"
4.10293742010247e-22,-2.36705498934845,0.056,0.424,1.02692420687745e-17,"Rreb1","BLA Glut Rspo2/Etv1",-1.91236640972503,-1.25897758546802,TRUE,"higher at P21"
4.38993122963885e-22,2.69104751275019,0.656,0.355,1.09875588746631e-17,"Plppr1","BLA Glut Rspo2/Etv1",2.39799250209677,2.37682241125381,TRUE,"higher at P10"
6.72512096110671e-22,-2.04143983847438,0.066,0.448,1.6832305253554e-17,"Nrn1","BLA Glut Rspo2/Etv1",-1.74835802541089,-1.46506701846353,TRUE,"higher at P21"
1.16808790437941e-21,-0.793849492694139,0.841,0.994,2.92360721587122e-17,"Camk2a","BLA Glut Rspo2/Etv1",-0.894357743448384,-0.630161791645667,TRUE,"higher at P21"
1.30974066289962e-21,1.12557021025232,0.922,0.866,3.27814990517145e-17,"Rasgef1b","BLA Glut Rspo2/Etv1",1.07119830914652,1.00259171774984,TRUE,"higher at P10"
1.69861864791237e-21,-3.16317234761544,0.025,0.337,4.25147261385987e-17,"Parm1","BLA Glut Rspo2/Etv1",-1.99540328753405,-1.86980041964723,TRUE,"higher at P21"
2.84198269710736e-21,-0.85367545980729,0.753,0.971,7.11319849259001e-17,"Sorbs2","BLA Glut Rspo2/Etv1",-0.745902192571992,-0.836122677794079,TRUE,"higher at P21"
4.31422242232905e-21,0.779995094410352,0.966,0.971,1.07980673008474e-16,"Ptprg","BLA Glut Rspo2/Etv1",0.757219784600764,0.802020050103138,TRUE,"higher at P10"
6.04967855768066e-21,-1.47407068926377,0.153,0.616,1.51417404620189e-16,"Ggact","BLA Glut Rspo2/Etv1",-1.31959588011861,-1.44980425222483,TRUE,"higher at P21"
6.27901537040267e-21,-1.20016786379653,0.575,0.93,1.57157475705809e-16,"Cacnb4","BLA Glut Rspo2/Etv1",-1.09490934335993,-1.14672622203379,TRUE,"higher at P21"
6.96588104053741e-21,-1.2391656423151,0.397,0.878,1.74349036563611e-16,"Bsn","BLA Glut Rspo2/Etv1",-1.25414524971119,-1.17412313981533,TRUE,"higher at P21"
7.12431212795358e-21,-1.54719816220546,0.109,0.535,1.7831440825055e-16,"Dkk3","BLA Glut Rspo2/Etv1",-1.64778969837072,-1.00104170204637,TRUE,"higher at P21"
8.49006618463499e-21,-1.53482284056439,0.206,0.674,2.12497866535229e-16,"Rasgrp1","BLA Glut Rspo2/Etv1",-1.20166180500639,-1.46555211203186,TRUE,"higher at P21"
9.13611589131111e-21,-1.71189666930695,0.162,0.61,2.28667844643626e-16,"St8sia5","BLA Glut Rspo2/Etv1",-1.47824481944111,-1.14382849256717,TRUE,"higher at P21"
9.72078803444532e-21,1.08138852625538,0.959,0.959,2.43301603714132e-16,"Cdh8","BLA Glut Rspo2/Etv1",1.03473637484417,1.06557398579825,TRUE,"higher at P10"
1.04788785587489e-20,0.615110711763536,0.994,0.983,2.62275851446927e-16,"Ctnna2","BLA Glut Rspo2/Etv1",0.515416148256333,0.780291867289173,TRUE,"higher at P10"
1.25709218223089e-20,-1.24873730217695,0.281,0.791,3.14637602290569e-16,"Ttll11","BLA Glut Rspo2/Etv1",-1.0911687116362,-1.12878055277934,TRUE,"higher at P21"
1.37080128447558e-20,-2.61711111088399,0.038,0.36,3.43097853491393e-16,"Ccdc3","BLA Glut Rspo2/Etv1",-2.0127396065422,-1.61649360865606,TRUE,"higher at P21"
1.43255723262514e-20,-2.02272402546892,0.072,0.442,3.58554749753747e-16,"Itpka","BLA Glut Rspo2/Etv1",-1.46588983486439,-1.08726683165924,TRUE,"higher at P21"
1.69008388584791e-20,0.781625647075899,0.981,0.959,4.23011095788873e-16,"Plxna4","BLA Glut Rspo2/Etv1",0.675493671044057,0.921579594930274,TRUE,"higher at P10"
2.12933965602335e-20,-1.61534576887062,0.194,0.651,5.32952422506085e-16,"Ano3","BLA Glut Rspo2/Etv1",-1.47628073762244,-1.44065487925781,TRUE,"higher at P21"
2.3448524681694e-20,-1.20712943667313,0.372,0.872,5.86893124258118e-16,"Rnf112","BLA Glut Rspo2/Etv1",-1.12092312659555,-0.993333632652487,TRUE,"higher at P21"
2.47527254791628e-20,-1.09591312211631,0.444,0.895,6.19535966017966e-16,"Cadps2","BLA Glut Rspo2/Etv1",-0.863104810056709,-0.956436951056904,TRUE,"higher at P21"
4.22060724320093e-20,0.855368368981983,0.966,0.971,1.05637578690076e-15,"Nkain3","BLA Glut Rspo2/Etv1",0.886106948361364,0.969741047328194,TRUE,"higher at P10"
4.3212410036335e-20,-1.40262450901762,0.228,0.709,1.08156341079943e-15,"Gm46367","BLA Glut Rspo2/Etv1",-1.2066767178455,-1.30880009660323,TRUE,"higher at P21"
4.57170870126594e-20,1.3820821460189,0.834,0.703,1.14425297083985e-15,"Shisa6","BLA Glut Rspo2/Etv1",1.27844280160716,1.45334021571291,TRUE,"higher at P10"
5.0469584774446e-20,-1.27051361695078,0.469,0.913,1.26320323731961e-15,"Prickle1","BLA Glut Rspo2/Etv1",-0.965549901106347,-1.2350286211214,TRUE,"higher at P21"
6.68578417248756e-20,-1.35103990359407,0.269,0.75,1.67338492053191e-15,"Cdh18","BLA Glut Rspo2/Etv1",-1.31696236286443,-1.33728311524823,TRUE,"higher at P21"
7.52644755180032e-20,-1.78591307424016,0.053,0.395,1.8837945577401e-15,"Gm17202","BLA Glut Rspo2/Etv1",-1.28354753934001,-1.2995298519302,TRUE,"higher at P21"
9.34277117103013e-20,0.8021884803176,0.988,0.994,2.33840219639713e-15,"Il1rapl2","BLA Glut Rspo2/Etv1",0.827619206298418,0.815886024467605,TRUE,"higher at P10"
1.05459277597147e-19,-1.50609382320664,0.131,0.552,2.63954025897898e-15,"Rph3a","BLA Glut Rspo2/Etv1",-1.2561266657972,-1.46544544979385,TRUE,"higher at P21"
1.09799811197773e-19,0.698327886134016,0.988,0.953,2.74817947446907e-15,"Pde4d","BLA Glut Rspo2/Etv1",0.764564173888417,0.613268077060597,TRUE,"higher at P10"
1.26819905731917e-19,-1.24262814495351,0.197,0.692,3.17417542056415e-15,"Numb","BLA Glut Rspo2/Etv1",-1.09017650593233,-1.08452087817484,TRUE,"higher at P21"
1.48988416046024e-19,-0.758681901621677,0.909,0.977,3.72903106521595e-15,"Dlgap2","BLA Glut Rspo2/Etv1",-0.717287036918734,-0.74611006823896,TRUE,"higher at P21"
1.55993935623972e-19,0.572419177280723,1,0.994,3.90437221473239e-15,"Opcml","BLA Glut Rspo2/Etv1",0.582100180933959,0.556075055392908,TRUE,"higher at P10"
3.15435672461272e-19,-0.773674209735903,0.806,0.977,7.89503944603318e-15,"Gabbr2","BLA Glut Rspo2/Etv1",-0.886357840136478,-0.539103103356401,TRUE,"higher at P21"
3.64345490108121e-19,-1.35101216592765,0.106,0.512,9.11920327191617e-15,"Mkln1os","BLA Glut Rspo2/Etv1",-1.19411187121731,-1.38834029039475,TRUE,"higher at P21"
4.97165129749756e-19,1.12235106463171,0.891,0.855,1.24435460325066e-14,"Gm20754","BLA Glut Rspo2/Etv1",1.22811401122611,0.984147594898619,TRUE,"higher at P10"
5.03125576753639e-19,1.38320068802016,0.803,0.75,1.25927300605668e-14,"Pfkp","BLA Glut Rspo2/Etv1",1.11439281034667,1.50226257169325,TRUE,"higher at P10"
5.04163554245348e-19,1.25407242662296,0.838,0.802,1.26187095992068e-14,"Spon1","BLA Glut Rspo2/Etv1",1.21978858827561,1.4979188338502,TRUE,"higher at P10"
5.59829577959442e-19,-2.0729385059118,0.044,0.36,1.40119745067469e-14,"Vipr1","BLA Glut Rspo2/Etv1",-1.36565402047984,-1.20059211462485,TRUE,"higher at P21"
5.91599766934194e-19,-1.04209743740849,0.359,0.837,1.48071505665959e-14,"Rnf169","BLA Glut Rspo2/Etv1",-1.13949540160217,-0.938613881223724,TRUE,"higher at P21"
8.23641130307247e-19,-0.802746093537979,0.872,0.983,2.06149138504601e-14,"Sgcd","BLA Glut Rspo2/Etv1",-0.710916842872136,-0.614094114450859,TRUE,"higher at P21"
1.37662964080443e-18,-1.13397063663253,0.306,0.802,3.44556632796941e-14,"Ftx","BLA Glut Rspo2/Etv1",-1.23326719803773,-0.781530217143226,TRUE,"higher at P21"
1.40219700787084e-18,1.17159892491369,0.869,0.826,3.50955889099992e-14,"Sema6d","BLA Glut Rspo2/Etv1",1.43494299490902,1.30400430823472,TRUE,"higher at P10"
1.46355013418396e-18,0.662194490621423,0.997,0.971,3.66311963084902e-14,"Auts2","BLA Glut Rspo2/Etv1",0.59612762282643,0.605383382245701,TRUE,"higher at P10"
1.74598202125356e-18,-1.1660302882743,0.409,0.884,4.37001840099553e-14,"Npas2","BLA Glut Rspo2/Etv1",-0.877102129664963,-0.99512028419332,TRUE,"higher at P21"
1.93361827301202e-18,-1.2533664789991,0.316,0.797,4.83965317552179e-14,"Cdh10","BLA Glut Rspo2/Etv1",-1.06882916407573,-1.45646211514667,TRUE,"higher at P21"
2.20795348773184e-18,-1.57623890713192,0.106,0.488,5.52628678444401e-14,"Gm41414","BLA Glut Rspo2/Etv1",-1.542969934326,-1.0659021350714,TRUE,"higher at P21"
2.41879602259872e-18,-1.04484561794172,0.281,0.797,6.05400456496234e-14,"Pknox2","BLA Glut Rspo2/Etv1",-0.994512516722022,-1.07532797096846,TRUE,"higher at P21"
2.51950591548545e-18,-2.40255355975432,0.034,0.326,6.30607135586854e-14,"Lzts3","BLA Glut Rspo2/Etv1",-1.44089243403334,-1.31312130963505,TRUE,"higher at P21"
2.5763758097186e-18,-2.14816707193011,0.053,0.372,6.44841101414469e-14,"Gm20319","BLA Glut Rspo2/Etv1",-1.5570552540726,-1.4116526145602,TRUE,"higher at P21"
2.66061558198843e-18,0.718060001213512,0.969,0.971,6.65925474015884e-14,"Gm26871","BLA Glut Rspo2/Etv1",0.697559621187902,0.692258461853417,TRUE,"higher at P10"
2.89593662864745e-18,-1.62552556485233,0.1,0.477,7.24823978784171e-14,"Zbtb16","BLA Glut Rspo2/Etv1",-1.27247497826522,-1.24317225160739,TRUE,"higher at P21"
3.13718262215276e-18,-1.13202122713655,0.412,0.86,7.85205438498614e-14,"Chn1","BLA Glut Rspo2/Etv1",-0.917949127394756,-1.06082985273779,TRUE,"higher at P21"
3.24113612137879e-18,-2.09109390613797,0.044,0.349,8.11223959819896e-14,"Chgb","BLA Glut Rspo2/Etv1",-1.28810095422541,-1.28086871562327,TRUE,"higher at P21"
4.09696009218029e-18,2.12491134219211,0.666,0.465,1.0254281414718e-13,"Bach2","BLA Glut Rspo2/Etv1",1.84387126946066,1.8612490163189,TRUE,"higher at P10"
5.71501489767143e-18,-1.06422156084617,0.547,0.901,1.43041107873818e-13,"Prkag2","BLA Glut Rspo2/Etv1",-1.22445298645478,-0.841190863440494,TRUE,"higher at P21"
6.56615908603078e-18,-0.786500110507846,0.775,0.988,1.64344395764264e-13,"Srrm2","BLA Glut Rspo2/Etv1",-0.780492421726284,-0.607570856881369,TRUE,"higher at P21"
8.06632914395356e-18,-1.20833457667462,0.159,0.593,2.01892152144014e-13,"Stum","BLA Glut Rspo2/Etv1",-1.27621789146385,-0.729246451675199,TRUE,"higher at P21"
8.44803504981234e-18,-1.23612571857635,0.128,0.529,2.11445869261753e-13,"Chpt1","BLA Glut Rspo2/Etv1",-1.0593289377939,-0.685652964507564,TRUE,"higher at P21"
8.89840378742956e-18,-0.982028098329832,0.125,0.523,2.22718148395575e-13,"Msi2","BLA Glut Rspo2/Etv1",-1.01626917844018,-0.769309197449441,TRUE,"higher at P21"
9.19890320245505e-18,-0.827946651797332,0.803,0.953,2.30239348254247e-13,"Rimbp2","BLA Glut Rspo2/Etv1",-1.10359231228394,-0.638390421429919,TRUE,"higher at P21"
9.36635079312985e-18,-1.17983822959478,0.275,0.744,2.34430394001247e-13,"Gm47283","BLA Glut Rspo2/Etv1",-0.833179522865428,-1.47218270009185,TRUE,"higher at P21"
9.75936565720887e-18,-1.88390499146962,0.062,0.39,2.44267163034281e-13,"Gm41361","BLA Glut Rspo2/Etv1",-1.22040518191684,-1.3397497281489,TRUE,"higher at P21"
1.37663235105531e-17,0.685037415025687,0.984,0.988,3.44557311145635e-13,"Tcf4","BLA Glut Rspo2/Etv1",0.70704645697524,0.727250694584525,TRUE,"higher at P10"
1.41651508109218e-17,-1.82646736594599,0.066,0.395,3.54539559646563e-13,"Kcnj9","BLA Glut Rspo2/Etv1",-1.02569445750265,-1.3397497281489,TRUE,"higher at P21"
1.64697617027831e-17,-1.32452281730632,0.222,0.669,4.12221665658959e-13,"Catspere2","BLA Glut Rspo2/Etv1",-1.00872137930247,-1.39811898350306,TRUE,"higher at P21"
1.83490789544601e-17,-0.744835401749297,0.825,0.988,4.59259097151182e-13,"Grm8","BLA Glut Rspo2/Etv1",-0.650066768482002,-0.628871743941113,TRUE,"higher at P21"
1.89482784085259e-17,-1.25710364104496,0.112,0.494,4.74256460286994e-13,"Frmd6","BLA Glut Rspo2/Etv1",-1.17549272572559,-1.49225822058417,TRUE,"higher at P21"
2.20226851912278e-17,-1.15695341005225,0.191,0.634,5.51205787651239e-13,"1500035N22Rik","BLA Glut Rspo2/Etv1",-1.05226648120807,-1.00249725422665,TRUE,"higher at P21"
2.32642880885865e-17,-1.11592717170953,0.419,0.855,5.82281866569232e-13,"Dgkz","BLA Glut Rspo2/Etv1",-0.938518769926508,-1.18962147363659,TRUE,"higher at P21"
2.65276889054954e-17,0.552499816298723,0.994,0.994,6.63961525615645e-13,"Cadm2","BLA Glut Rspo2/Etv1",0.430772452692272,0.609245734004471,TRUE,"higher at P10"
2.69580793095456e-17,-1.64017403215206,0.2,0.599,6.74733767038618e-13,"Inpp4b","BLA Glut Rspo2/Etv1",-1.70608665558268,-1.87421832147323,TRUE,"higher at P21"
2.6992105992588e-17,-1.9561001785521,0.056,0.366,6.75585420888486e-13,"Cxxc5","BLA Glut Rspo2/Etv1",-1.32270117011413,-1.04206232940576,TRUE,"higher at P21"
2.729423710233e-17,-2.70631996428725,0.022,0.279,6.83147460434217e-13,"C230038L03Rik","BLA Glut Rspo2/Etv1",-1.31363050250795,-1.35593140085684,TRUE,"higher at P21"
3.56718923220501e-17,-4.09165906417607,0.009,0.238,8.92831792928591e-13,"Nptx1","BLA Glut Rspo2/Etv1",-1.45527556981317,-1.72653021384354,TRUE,"higher at P21"
4.17875331553054e-17,-1.29312886218532,0.125,0.517,1.04590016734414e-12,"Eftud2","BLA Glut Rspo2/Etv1",-1.11373199715775,-0.954900995385995,TRUE,"higher at P21"
4.27481831006504e-17,-1.66395348827972,0.106,0.465,1.06994427482618e-12,"Arhgap10","BLA Glut Rspo2/Etv1",-1.28785403580622,-1.30474838914957,TRUE,"higher at P21"
4.30298519394479e-17,1.3970314110018,0.772,0.674,1.07699416419244e-12,"Frmd5","BLA Glut Rspo2/Etv1",1.38677204375388,1.27714724330019,TRUE,"higher at P10"
4.36084489908136e-17,-1.46375662861653,0.047,0.349,1.09147586979107e-12,"Gm10419","BLA Glut Rspo2/Etv1",-0.968551074918208,-1.40613272158987,TRUE,"higher at P21"
5.16271624852169e-17,-2.30225792284443,0.034,0.308,1.29217624984249e-12,"Car7","BLA Glut Rspo2/Etv1",-1.38578462315907,-1.11571297105806,TRUE,"higher at P21"
5.36524327360434e-17,-1.325936987501,0.116,0.494,1.34286673895043e-12,"Bdh1","BLA Glut Rspo2/Etv1",-1.02098721260105,-1.2036045155941,TRUE,"higher at P21"
5.44598926014616e-17,-1.52358256174194,0.103,0.459,1.36307665192198e-12,"Tfdp2","BLA Glut Rspo2/Etv1",-1.12678425536878,-1.10940650851054,TRUE,"higher at P21"
8.6673914182677e-17,-1.5155652556707,0.094,0.442,2.16936139807822e-12,"Epb41l4b","BLA Glut Rspo2/Etv1",-1.41097314001907,-0.951446941294117,TRUE,"higher at P21"
9.09907528128972e-17,-1.16490329466745,0.15,0.564,2.277407552154e-12,"Shisa4","BLA Glut Rspo2/Etv1",-0.93713501911391,-1.04205685226079,TRUE,"higher at P21"
1.01345431697534e-16,-1.04798220376371,0.328,0.802,2.53657480995758e-12,"Slc17a7","BLA Glut Rspo2/Etv1",-1.14039466212519,-0.803993896909822,TRUE,"higher at P21"
1.04198290623955e-16,2.72535696672396,0.572,0.297,2.60797901602696e-12,"Kcnip1","BLA Glut Rspo2/Etv1",2.21097197259048,2.639338044126,TRUE,"higher at P10"
1.24485714875963e-16,-1.16406710368392,0.291,0.727,3.11575295763049e-12,"Slc1a2","BLA Glut Rspo2/Etv1",-0.941560519377792,-0.920389570904832,TRUE,"higher at P21"
1.33148549795437e-16,-0.945869887525155,0.191,0.628,3.33257505282999e-12,"Ttc8","BLA Glut Rspo2/Etv1",-0.953932057355625,-0.65041906350135,TRUE,"higher at P21"
1.33185924102741e-16,-0.720972509773361,0.881,0.965,3.3335104943675e-12,"Dmd","BLA Glut Rspo2/Etv1",-0.682542123818361,-0.800929785092916,TRUE,"higher at P21"
1.38022407957823e-16,-2.0604467687812,0.041,0.32,3.45456284877634e-12,"Tesc","BLA Glut Rspo2/Etv1",-1.87007166486908,-0.677606055725997,TRUE,"higher at P21"
1.41656012333757e-16,-0.909185209055159,0.234,0.703,3.54550833270161e-12,"5031415H12Rik","BLA Glut Rspo2/Etv1",-0.999640106243957,-0.701440220608691,TRUE,"higher at P21"
1.50473592435156e-16,-0.913030216169672,0.509,0.895,3.76620354505953e-12,"Akap8l","BLA Glut Rspo2/Etv1",-0.940552921950711,-0.807825295963166,TRUE,"higher at P21"
1.64485607598531e-16,0.632629269044554,0.981,0.977,4.11691027258362e-12,"Snhg14","BLA Glut Rspo2/Etv1",0.533210418226791,0.556084148054627,TRUE,"higher at P10"
1.6739245017284e-16,-2.09305706992017,0.031,0.297,4.18966563537601e-12,"Gm9821","BLA Glut Rspo2/Etv1",-1.32523100429817,-1.33215141055704,TRUE,"higher at P21"
1.87623683216079e-16,-1.2370868179096,0.153,0.558,4.69603316721524e-12,"Cdc37l1","BLA Glut Rspo2/Etv1",-0.905626954491528,-0.954291303317916,TRUE,"higher at P21"
2.19821033565705e-16,1.90154932716699,0.666,0.517,5.50190064911602e-12,"Srgap1","BLA Glut Rspo2/Etv1",1.88345785030057,1.95278795486208,TRUE,"higher at P10"
2.44303641024384e-16,-1.53704458274544,0.131,0.5,6.11467583119932e-12,"Ppm1h","BLA Glut Rspo2/Etv1",-1.38721500871003,-1.46540610016598,TRUE,"higher at P21"
3.19320623223273e-16,-1.02809973462107,0.159,0.57,7.9922758786553e-12,"Pitpnm2","BLA Glut Rspo2/Etv1",-1.22374418919858,-0.957265932198633,TRUE,"higher at P21"
3.19885041526025e-16,-0.968739757222707,0.178,0.616,8.00640270435487e-12,"Stk40","BLA Glut Rspo2/Etv1",-1.26669814161949,-0.595055160675389,TRUE,"higher at P21"
4.0918902600042e-16,-0.911879549543079,0.697,0.971,1.02415921317645e-11,"A830018L16Rik","BLA Glut Rspo2/Etv1",-0.816061890774689,-0.906911179430222,TRUE,"higher at P21"
4.43854375168645e-16,-1.6160895334569,0.069,0.384,1.1109231156096e-11,"4933424G06Rik","BLA Glut Rspo2/Etv1",-1.48748334908187,-0.841835390699724,TRUE,"higher at P21"
4.47306709796087e-16,-1.09291975113501,0.269,0.715,1.11956396394863e-11,"Clstn1","BLA Glut Rspo2/Etv1",-1.0606791280273,-0.776007752753027,TRUE,"higher at P21"
4.90558420865066e-16,-0.960286781339383,0.281,0.762,1.22781867158317e-11,"Ripor2","BLA Glut Rspo2/Etv1",-0.824844874458821,-0.976859993980472,TRUE,"higher at P21"
5.01912176223509e-16,-1.19944377477335,0.175,0.593,1.25623598586982e-11,"Mir124a-1hg","BLA Glut Rspo2/Etv1",-1.1243162986103,-0.840157274685069,TRUE,"higher at P21"
5.49325727235788e-16,-1.02442842576422,0.316,0.773,1.37490736269845e-11,"2210408F21Rik","BLA Glut Rspo2/Etv1",-1.03042263469247,-0.888924666998544,TRUE,"higher at P21"
5.74952334520348e-16,-2.3410516078224,0.016,0.244,1.43904819807098e-11,"Ephx4","BLA Glut Rspo2/Etv1",-1.41531560187751,-1.49292187098543,TRUE,"higher at P21"
7.15406446701771e-16,-0.861288800264983,0.116,0.494,1.79059079544986e-11,"Hcn2","BLA Glut Rspo2/Etv1",-0.962440496510988,-0.650099205424967,TRUE,"higher at P21"
7.66687546872308e-16,-1.20709952504602,0.091,0.436,1.9189422610667e-11,"Iffo1","BLA Glut Rspo2/Etv1",-1.09071013510416,-1.06989018689639,TRUE,"higher at P21"
7.79101073301512e-16,-1.05610047137008,0.216,0.651,1.95001207636636e-11,"Lzts1","BLA Glut Rspo2/Etv1",-1.32789115551903,-0.685272674824355,TRUE,"higher at P21"
7.82912686151751e-16,-1.62209936538477,0.056,0.349,1.95955216216922e-11,"Nfix","BLA Glut Rspo2/Etv1",-1.29938074942806,-1.14370765387307,TRUE,"higher at P21"
1.03620778568367e-15,-0.94068655445162,0.212,0.663,2.59352446678766e-11,"Fam126b","BLA Glut Rspo2/Etv1",-0.863220318377188,-0.817454718169936,TRUE,"higher at P21"
1.05012894591624e-15,-0.908538743112011,0.7,0.948,2.62836773873375e-11,"Pde4b","BLA Glut Rspo2/Etv1",-0.843995945298735,-0.913752816754568,TRUE,"higher at P21"
1.06527108837171e-15,-1.29179759060883,0.159,0.541,2.66626700708555e-11,"Vxn","BLA Glut Rspo2/Etv1",-1.1243162986103,-0.875304744911803,TRUE,"higher at P21"
1.2267360217175e-15,0.899764760256867,0.912,0.913,3.07039758875673e-11,"Plxna2","BLA Glut Rspo2/Etv1",0.983847819630619,1.00247767998827,TRUE,"higher at P10"
1.34007605740963e-15,-1.37822793090247,0.109,0.459,3.35407636409057e-11,"Flrt1","BLA Glut Rspo2/Etv1",-1.11627629449187,-0.92838155716272,TRUE,"higher at P21"
1.63936958806031e-15,-1.12625529446687,0.244,0.68,4.10317814195615e-11,"Efr3a","BLA Glut Rspo2/Etv1",-0.901192182389218,-1.30063508177378,TRUE,"higher at P21"
1.7143790116062e-15,-2.5574338447145,0.022,0.256,4.29091922814916e-11,"Fam53b","BLA Glut Rspo2/Etv1",-1.31363050250795,-1.22306558939191,TRUE,"higher at P21"
1.72201467773471e-15,-1.03114709158443,0.116,0.483,4.31003053690221e-11,"Coq8b","BLA Glut Rspo2/Etv1",-1.09617260968462,-0.754882125104021,TRUE,"higher at P21"
1.75415370426682e-15,-1.18647588807191,0.103,0.453,4.39047130640941e-11,"Cbfa2t3","BLA Glut Rspo2/Etv1",-1.00682206682543,-0.963490570425596,TRUE,"higher at P21"
2.01816390613649e-15,-1.42648931532816,0.125,0.477,5.05126244066901e-11,"Mbp","BLA Glut Rspo2/Etv1",-1.05716547973457,-1.16686851387709,TRUE,"higher at P21"
2.01867789184205e-15,-0.968015977500439,0.391,0.837,5.05254889549147e-11,"Gm17171","BLA Glut Rspo2/Etv1",-1.00316532478114,-1.03408307841429,TRUE,"higher at P21"
2.16775039831334e-15,0.628990372159807,0.969,0.971,5.42566247193846e-11,"Gabrb3","BLA Glut Rspo2/Etv1",0.574870348100541,0.582503345282573,TRUE,"higher at P10"
2.26763002729336e-15,-1.20169155906335,0.141,0.523,5.67565119531254e-11,"Prmt8","BLA Glut Rspo2/Etv1",-1.06724072150974,-1.09383507548712,TRUE,"higher at P21"
2.31627381510596e-15,-1.26959715186559,0.122,0.483,5.79740173182871e-11,"D130043K22Rik","BLA Glut Rspo2/Etv1",-1.08951641291615,-0.930685411144396,TRUE,"higher at P21"
2.36544515405723e-15,-1.63105155995642,0.041,0.308,5.92047267608983e-11,"Eno1","BLA Glut Rspo2/Etv1",-1.30699677917029,-1.13076281361175,TRUE,"higher at P21"
2.37925134816357e-15,-1.20297246925369,0.116,0.471,5.9550281993186e-11,"Sh3pxd2a","BLA Glut Rspo2/Etv1",-0.955670156172555,-0.777381869257537,TRUE,"higher at P21"
2.38611914320626e-15,-1.03714260611599,0.159,0.558,5.97221760353094e-11,"Preb","BLA Glut Rspo2/Etv1",-0.785789342912183,-1.00545734638829,TRUE,"higher at P21"
2.38611914320626e-15,-1.14003827520955,0.162,0.552,5.97221760353094e-11,"Dpm1","BLA Glut Rspo2/Etv1",-1.02170376430152,-0.894649677789808,TRUE,"higher at P21"
2.52129426351013e-15,-0.931324702888671,0.272,0.767,6.3105474121395e-11,"Golgb1","BLA Glut Rspo2/Etv1",-0.658830194079236,-0.771821903859555,TRUE,"higher at P21"
2.85902890346849e-15,-2.17589915594134,0.025,0.262,7.15586344249128e-11,"Pip4k2c","BLA Glut Rspo2/Etv1",-1.64398776909982,-1.0128034256106,TRUE,"higher at P21"
4.43392339112374e-15,0.954630835761657,0.922,0.86,1.10976668556436e-10,"Robo1","BLA Glut Rspo2/Etv1",0.807881426932041,0.94595614985014,TRUE,"higher at P10"
4.48272946941984e-15,-0.855230395051566,0.5,0.878,1.12198235890109e-10,"Tmem132b","BLA Glut Rspo2/Etv1",-1.09776182234703,-0.790373823934818,TRUE,"higher at P21"
4.69209858560231e-15,0.809363351666107,0.981,0.953,1.1743853549904e-10,"Galntl6","BLA Glut Rspo2/Etv1",0.667367583854263,0.966209328031667,TRUE,"higher at P10"
4.79893901556403e-15,-0.890807882089931,0.097,0.436,1.20112644620552e-10,"Lrpap1","BLA Glut Rspo2/Etv1",-1.03708930194081,-0.84472535708311,TRUE,"higher at P21"
4.99666501696842e-15,-1.18424596550818,0.15,0.535,1.25061528709703e-10,"Icam5","BLA Glut Rspo2/Etv1",-1.03285913563844,-0.876668651560856,TRUE,"higher at P21"
5.08221547347489e-15,-0.558218000411507,0.978,0.988,1.27202771085603e-10,"Syt1","BLA Glut Rspo2/Etv1",-0.517483471100739,-0.640565250222146,TRUE,"higher at P21"
5.19673707670753e-15,-1.35122338025939,0.091,0.413,1.30069132292913e-10,"Clcn2","BLA Glut Rspo2/Etv1",-0.533577899128586,-0.981770453890893,TRUE,"higher at P21"
5.49471654221794e-15,-1.06122109318103,0.619,0.919,1.37527260335173e-10,"4930419G24Rik","BLA Glut Rspo2/Etv1",-0.9220104908079,-1.15983402808399,TRUE,"higher at P21"
5.62387750595756e-15,-1.93808246171437,0.028,0.267,1.40760030096612e-10,"Gm11613","BLA Glut Rspo2/Etv1",-1.60908769756225,-0.899326145779886,TRUE,"higher at P21"
5.77327165541354e-15,-0.850991633652077,0.481,0.89,1.44499216263346e-10,"Pde2a","BLA Glut Rspo2/Etv1",-1.10739538100889,-0.6075475081678,TRUE,"higher at P21"
5.98864897958056e-15,-1.06244003946227,0.188,0.599,1.49889895309922e-10,"Il1rap","BLA Glut Rspo2/Etv1",-0.907569015959342,-0.713101297255267,TRUE,"higher at P21"
5.99886509463511e-15,-0.68244567497286,0.844,0.959,1.50145594453622e-10,"Stxbp5l","BLA Glut Rspo2/Etv1",-0.591304445395499,-0.737033659555848,TRUE,"higher at P21"
6.17038135635e-15,-0.736881918850392,0.662,0.936,1.54438474968084e-10,"Nsf","BLA Glut Rspo2/Etv1",-0.789247439722031,-0.611352253456962,TRUE,"higher at P21"
6.47876372745617e-15,-2.1952063641967,0.047,0.308,1.621569773345e-10,"Gm16347","BLA Glut Rspo2/Etv1",-0.758921743016944,-1.43582014723296,TRUE,"higher at P21"
9.12490259824381e-15,-1.04131430136816,0.112,0.459,2.28387187131444e-10,"Ubxn11","BLA Glut Rspo2/Etv1",-0.821460321409275,-0.85471752077277,TRUE,"higher at P21"
1.0347703159279e-14,-1.22488048832909,0.078,0.384,2.58992662373595e-10,"Anp32a","BLA Glut Rspo2/Etv1",-1.09071013510416,-0.664069910840901,TRUE,"higher at P21"
1.18529668308692e-14,-0.806247675046528,0.791,0.942,2.96667906809825e-10,"Pde10a","BLA Glut Rspo2/Etv1",-0.482663918820068,-0.992799806612842,TRUE,"higher at P21"
1.21092927621252e-14,-1.86624189319248,0.05,0.314,3.03083488543233e-10,"Rogdi","BLA Glut Rspo2/Etv1",-1.11485615538783,-0.858669335817212,TRUE,"higher at P21"
1.22715426274346e-14,-0.534169017557805,0.975,0.971,3.0714444042206e-10,"Magi2","BLA Glut Rspo2/Etv1",-0.573725755596652,-0.514801532054751,TRUE,"higher at P21"
1.37374154570385e-14,-1.71079870965115,0.044,0.302,3.43833771474217e-10,"Rhou","BLA Glut Rspo2/Etv1",-1.57112422130485,-0.467724921457663,TRUE,"higher at P21"
1.43411850522863e-14,-1.06227654559433,0.131,0.488,3.58945520673675e-10,"St3gal5","BLA Glut Rspo2/Etv1",-1.10635792814961,-0.796348437241766,TRUE,"higher at P21"
1.69698412664124e-14,-1.27308906886557,0.075,0.378,4.24738157057037e-10,"Cap1","BLA Glut Rspo2/Etv1",-0.55105800562864,-1.43677610551464,TRUE,"higher at P21"
1.84251619392565e-14,-0.960728789167061,0.475,0.843,4.61163378177652e-10,"Khdrbs3","BLA Glut Rspo2/Etv1",-0.885921148284909,-0.845651747065933,TRUE,"higher at P21"
1.89239280303567e-14,-0.710345449800062,0.756,0.959,4.73646994671797e-10,"Sv2b","BLA Glut Rspo2/Etv1",-0.786884341847221,-0.681817716537854,TRUE,"higher at P21"
1.93220151503334e-14,-0.696770118138143,0.8,0.977,4.83610717197696e-10,"Gria3","BLA Glut Rspo2/Etv1",-0.605891423495545,-0.712151942900572,TRUE,"higher at P21"
2.30976846250349e-14,-1.67652971545347,0.078,0.372,5.78111948479999e-10,"Lrtm1","BLA Glut Rspo2/Etv1",-0.70189869288196,-1.87792640172424,TRUE,"higher at P21"
2.59961656909232e-14,-0.877814558222087,0.216,0.645,6.50658031078117e-10,"Irf2","BLA Glut Rspo2/Etv1",-0.645910203337386,-0.729140329681477,TRUE,"higher at P21"
2.78306302044282e-14,-2.13923344123361,0.038,0.279,6.96572843386635e-10,"Tyro3","BLA Glut Rspo2/Etv1",-1.46551077925399,-0.675676672311548,TRUE,"higher at P21"
2.89781611057578e-14,-1.00907427131712,0.194,0.593,7.25294394316012e-10,"6430590A07Rik","BLA Glut Rspo2/Etv1",-0.74351286073588,-0.874260590183105,TRUE,"higher at P21"
2.9294388286328e-14,-1.16041009697796,0.109,0.442,7.33209244418502e-10,"Gm41764","BLA Glut Rspo2/Etv1",-1.04944612802117,-0.92838155716272,TRUE,"higher at P21"
3.19779256965783e-14,-0.669944081930659,0.794,0.977,8.00375502259658e-10,"R3hdm1","BLA Glut Rspo2/Etv1",-0.657041893802771,-0.664923740193194,TRUE,"higher at P21"
3.508478811794e-14,-0.789895400413511,0.234,0.674,8.78137161803919e-10,"Tmem175","BLA Glut Rspo2/Etv1",-0.789014608576385,-0.715983434769587,TRUE,"higher at P21"
3.98074576743927e-14,-0.818116664147733,0.547,0.936,9.96340858132375e-10,"Snrnp70","BLA Glut Rspo2/Etv1",-0.872640620170266,-0.755856088357924,TRUE,"higher at P21"
4.06509976263171e-14,-1.01053877892249,0.131,0.488,1.01745381958909e-09,"Dnaja2","BLA Glut Rspo2/Etv1",-0.958054148160636,-0.901550979392712,TRUE,"higher at P21"
4.0808899221022e-14,0.864536813450449,0.875,0.878,1.02140593860296e-09,"Neo1","BLA Glut Rspo2/Etv1",0.764045338015682,0.981790952520005,TRUE,"higher at P10"
4.14985533623012e-14,-0.959487509814698,0.106,0.436,1.03866729210504e-09,"Kcnip2","BLA Glut Rspo2/Etv1",-1.17549272572559,-0.645514614665819,TRUE,"higher at P21"
4.20794418797522e-14,-2.52047629111017,0.031,0.262,1.05320635080832e-09,"Bmp3","BLA Glut Rspo2/Etv1",-1.0019156244117,-1.23736767184839,TRUE,"higher at P21"
4.69649951492384e-14,-1.02053765939319,0.191,0.593,1.17548686359029e-09,"Plppr2","BLA Glut Rspo2/Etv1",-0.742898958499514,-0.520506916414763,TRUE,"higher at P21"
4.69884774888955e-14,-0.946617978084895,0.409,0.82,1.17607460306956e-09,"Abr","BLA Glut Rspo2/Etv1",-1.01858748751124,-0.79442812893188,TRUE,"higher at P21"
5.18313526964592e-14,-0.868940440582188,0.075,0.372,1.29728692663968e-09,"Sqstm1","BLA Glut Rspo2/Etv1",-1.02105152542684,-0.763426075760195,TRUE,"higher at P21"
5.35206794016875e-14,-0.890753949625469,0.316,0.767,1.33956908474484e-09,"Gm33228","BLA Glut Rspo2/Etv1",-0.962256426810142,-0.729060551126419,TRUE,"higher at P21"
6.11187910320292e-14,-1.11116105549415,0.097,0.419,1.52974222074066e-09,"Mdh1","BLA Glut Rspo2/Etv1",-0.813527019353428,-0.981770453890893,TRUE,"higher at P21"
6.29729472159087e-14,-1.54778786023685,0.169,0.512,1.57614989586698e-09,"Gm6260","BLA Glut Rspo2/Etv1",-0.995099681572096,-1.28567529151457,TRUE,"higher at P21"
6.73627431137462e-14,-0.848478834538119,0.444,0.884,1.68602209739395e-09,"Trim9","BLA Glut Rspo2/Etv1",-0.719437525920743,-0.952964161062943,TRUE,"higher at P21"
6.86040574372826e-14,-0.932944542952716,0.219,0.616,1.71709095359775e-09,"4833422C13Rik","BLA Glut Rspo2/Etv1",-0.919333036444706,-0.715235652939181,TRUE,"higher at P21"
6.93433975503621e-14,-0.792991994363492,0.912,0.994,1.73559589728801e-09,"Etl4","BLA Glut Rspo2/Etv1",-0.693939662221029,-0.873696045481791,TRUE,"higher at P21"
7.60780386669069e-14,-1.08052616845737,0.25,0.657,1.90415722979401e-09,"Kcnip3","BLA Glut Rspo2/Etv1",-0.919528039391571,-0.956910939780669,TRUE,"higher at P21"
8.13533302948156e-14,0.679035019849406,0.975,0.977,2.03619250394894e-09,"Gpc6","BLA Glut Rspo2/Etv1",0.597903750916165,0.730113864544482,TRUE,"higher at P10"
8.40147850748357e-14,-2.01905414109163,0.034,0.267,2.10280605563806e-09,"Mei1","BLA Glut Rspo2/Etv1",-1.23803625385842,-1.34955688958162,TRUE,"higher at P21"
9.38255305135268e-14,-1.2830533803772,0.066,0.343,2.34835920322306e-09,"Slc37a1","BLA Glut Rspo2/Etv1",-1.09130623650069,-0.693154265015551,TRUE,"higher at P21"
9.51792265560327e-14,-0.821559929628679,0.162,0.535,2.38224086147094e-09,"Fnip1","BLA Glut Rspo2/Etv1",-0.714987554065603,-0.671996685659242,TRUE,"higher at P21"
9.62790947858515e-14,-0.9847430452462,0.428,0.849,2.40976946339508e-09,"Gm41609","BLA Glut Rspo2/Etv1",-0.917300539800737,-0.989873160996665,TRUE,"higher at P21"
9.65014879333376e-14,0.715426800262855,0.894,0.901,2.41533574148351e-09,"Ccdc85a","BLA Glut Rspo2/Etv1",0.686971140788045,0.811634457539962,TRUE,"higher at P10"
9.83207324433146e-14,-1.05647223305514,0.1,0.419,2.46086961232372e-09,"Kcnab2","BLA Glut Rspo2/Etv1",-1.38127388832336,-0.472865414352565,TRUE,"higher at P21"
1.01297914317109e-13,1.36626113311413,0.756,0.727,2.53538549744292e-09,"Gm11149","BLA Glut Rspo2/Etv1",1.09434917646425,1.44868531326756,TRUE,"higher at P10"
1.03266957555733e-13,-0.694026635176786,0.784,0.977,2.58466868066245e-09,"Ryr2","BLA Glut Rspo2/Etv1",-0.640787140420696,-0.610194036958921,TRUE,"higher at P21"
1.10654273967922e-13,-0.846175723951889,0.431,0.837,2.76956582314312e-09,"Gm48747","BLA Glut Rspo2/Etv1",-0.940516143505595,-0.901784475821505,TRUE,"higher at P21"
1.145286801027e-13,-1.22592249925633,0.062,0.337,2.86653833429048e-09,"Slc20a2","BLA Glut Rspo2/Etv1",-0.889142690481743,-1.20250247278751,TRUE,"higher at P21"
1.25692746617401e-13,-1.11127600383622,0.134,0.483,3.14596375508694e-09,"Mast3","BLA Glut Rspo2/Etv1",-1.06950303963157,-0.683596441146821,TRUE,"higher at P21"
1.25939292578301e-13,-1.3079861660044,0.131,0.465,3.15213455394231e-09,"Myh9","BLA Glut Rspo2/Etv1",-1.22793087536042,-0.507316495755819,TRUE,"higher at P21"
1.46287564809605e-13,-1.20609162647666,0.131,0.471,3.6614314596196e-09,"Fam81a","BLA Glut Rspo2/Etv1",-0.760320471291142,-0.854668722658268,TRUE,"higher at P21"
1.65946998588875e-13,-1.08238116890397,0.112,0.442,4.15348742768095e-09,"Kdm7a","BLA Glut Rspo2/Etv1",-1.17549272572559,-0.729419321465939,TRUE,"higher at P21"
1.65971584119551e-13,-0.750391743005595,0.188,0.599,4.15410277892823e-09,"Lrrc29","BLA Glut Rspo2/Etv1",-0.557313548968571,-0.605381756726921,TRUE,"higher at P21"
1.6981522013084e-13,0.612377222289413,0.988,1,4.25030514465478e-09,"Asic2","BLA Glut Rspo2/Etv1",0.531910194574289,0.606554984329806,TRUE,"higher at P10"
1.76729312794964e-13,0.571993810282055,0.997,0.994,4.42335796994516e-09,"Cntnap2","BLA Glut Rspo2/Etv1",0.523112664367568,0.51894701260018,TRUE,"higher at P10"
1.82490175797847e-13,-0.972864747189092,0.172,0.547,4.5675466100443e-09,"Arntl","BLA Glut Rspo2/Etv1",-0.971063564899974,-0.818779256860807,TRUE,"higher at P21"
1.96937375583113e-13,-2.34736666657995,0.019,0.221,4.92914557346975e-09,"Gm10125","BLA Glut Rspo2/Etv1",-1.4486202965919,-1.24278109039117,TRUE,"higher at P21"
2.36335992130367e-13,-0.883559296811334,0.341,0.791,5.91525354703096e-09,"Adcy9","BLA Glut Rspo2/Etv1",-0.99428203368891,-0.683864194192627,TRUE,"higher at P21"
2.42861421235357e-13,-1.36052379288528,0.075,0.355,6.07857851209976e-09,"6030443J06Rik","BLA Glut Rspo2/Etv1",-1.02244627807834,-1.02172461413304,TRUE,"higher at P21"
2.51697409288072e-13,-0.872352343051396,0.109,0.436,6.29973445707114e-09,"Elfn2","BLA Glut Rspo2/Etv1",-0.932641276071552,-0.493824676333532,TRUE,"higher at P21"
2.63212546651979e-13,0.691358598024407,0.928,0.936,6.58794683015237e-09,"Ppfia2","BLA Glut Rspo2/Etv1",0.748602895123221,0.592861546126266,TRUE,"higher at P10"
2.69408186751312e-13,-0.963041156362503,0.294,0.698,6.74301750619859e-09,"A330015K06Rik","BLA Glut Rspo2/Etv1",-0.977478895729396,-0.968307461150513,TRUE,"higher at P21"
2.71336488051421e-13,-0.645862413845207,0.197,0.616,6.79128095943901e-09,"Pcsk7","BLA Glut Rspo2/Etv1",-0.487553206751894,-0.759858230230266,TRUE,"higher at P21"
3.02931032554469e-13,-0.787854086391303,0.478,0.907,7.5820608138058e-09,"Atp2b2","BLA Glut Rspo2/Etv1",-0.779931944962949,-0.606745784391749,TRUE,"higher at P21"
3.14450215621276e-13,-0.820105161534216,0.322,0.738,7.87037444678493e-09,"Gfod1","BLA Glut Rspo2/Etv1",-0.981687911364082,-0.766527928696743,TRUE,"higher at P21"
3.7842915646259e-13,-0.906390204338826,0.244,0.645,9.47170335710217e-09,"4930428E07Rik","BLA Glut Rspo2/Etv1",-1.05960146208918,-0.841801950880594,TRUE,"higher at P21"
3.91110923188894e-13,-1.21144056892517,0.166,0.517,9.78911529649483e-09,"Prex2","BLA Glut Rspo2/Etv1",-0.747928600573778,-1.10734676860139,TRUE,"higher at P21"
3.97450971334371e-13,-0.902057247200708,0.169,0.541,9.94780036152797e-09,"Ppargc1b","BLA Glut Rspo2/Etv1",-0.613787696812839,-0.636250167194944,TRUE,"higher at P21"
3.99131776463891e-13,-1.82429624574591,0.041,0.273,9.98986923311473e-09,"Pet100","BLA Glut Rspo2/Etv1",-0.567556309244928,-1.13076281361175,TRUE,"higher at P21"
4.25436864736802e-13,0.871972060725421,0.841,0.849,1.06482592874974e-08,"Srgap2","BLA Glut Rspo2/Etv1",0.735674892444291,0.900190266811609,TRUE,"higher at P10"
4.43438117220043e-13,-0.915218095655965,0.088,0.384,1.10988126359005e-08,"Tmem132a","BLA Glut Rspo2/Etv1",-0.730219731015149,-0.761153410395917,TRUE,"higher at P21"
4.46471955497084e-13,-1.33163948009332,0.075,0.349,1.11747465741365e-08,"D830036C21Rik","BLA Glut Rspo2/Etv1",-1.1500014476164,-0.80158125330492,TRUE,"higher at P21"
4.8198977031022e-13,-1.02383703930188,0.222,0.61,1.20637219610945e-08,"Ncor2","BLA Glut Rspo2/Etv1",-0.94640225282516,-0.743513717570025,TRUE,"higher at P21"
4.87658652553115e-13,1.22389244410742,0.709,0.628,1.22056084147519e-08,"Nckap5","BLA Glut Rspo2/Etv1",1.14855245511762,1.310078014761,TRUE,"higher at P10"
4.96779930065974e-13,-0.967097840295942,0.206,0.593,1.24339048696213e-08,"Pxdn","BLA Glut Rspo2/Etv1",-1.06913197698056,-0.682941826036664,TRUE,"higher at P21"
5.07042689400656e-13,-0.859042212933727,0.212,0.616,1.2690771473009e-08,"Trak1","BLA Glut Rspo2/Etv1",-0.97552549541641,-0.52407931194367,TRUE,"higher at P21"
5.07483307167051e-13,-0.967598192848894,0.431,0.849,1.27017996950841e-08,"Gm48383","BLA Glut Rspo2/Etv1",-0.615855105865132,-0.877692557418499,TRUE,"higher at P21"
5.12025015606039e-13,-0.999357988338287,0.444,0.808,1.28154741156036e-08,"Gm37459","BLA Glut Rspo2/Etv1",-0.8028088597508,-1.13178025889502,TRUE,"higher at P21"
5.16435289464659e-13,-0.771191060496056,0.419,0.843,1.2925858860011e-08,"Galnt9","BLA Glut Rspo2/Etv1",-0.82571623569248,-0.60988060419351,TRUE,"higher at P21"
5.3891152483169e-13,-1.89643321356167,0.047,0.285,1.34884165550124e-08,"Bhlhb9","BLA Glut Rspo2/Etv1",-1.15154918720451,-0.729821287217566,TRUE,"higher at P21"
5.60130980683937e-13,-0.661913949052727,0.212,0.634,1.40195183155383e-08,"Gm15965","BLA Glut Rspo2/Etv1",-0.825915621981355,-0.649552352871345,TRUE,"higher at P21"
5.65858966946062e-13,-1.13810438679973,0.1,0.407,1.4162884083693e-08,"Sec14l1","BLA Glut Rspo2/Etv1",-0.864766244501456,-0.669463560535987,TRUE,"higher at P21"
6.11582365331165e-13,-2.67012175222314,0.022,0.221,1.53072950218737e-08,"mt-Nd4","BLA Glut Rspo2/Etv1",-1.50903967015493,-0.913814862776026,TRUE,"higher at P21"
6.43265585552009e-13,-2.28527974175811,0.028,0.238,1.61002943407812e-08,"Kyat1","BLA Glut Rspo2/Etv1",-1.1532219337674,-0.951607441335509,TRUE,"higher at P21"
7.13117144638056e-13,-1.3714604202728,0.078,0.355,1.78486090131459e-08,"6430548M08Rik","BLA Glut Rspo2/Etv1",-1.11354805236752,-0.729589844962119,TRUE,"higher at P21"
7.64944703770093e-13,-0.88443298071963,0.497,0.884,1.91458009906617e-08,"Nos1ap","BLA Glut Rspo2/Etv1",-0.625024629222995,-0.856955803740647,TRUE,"higher at P21"
7.83587700918365e-13,-1.08316867746812,0.125,0.448,1.96124165662858e-08,"Sdk2","BLA Glut Rspo2/Etv1",-1.05716547973457,-0.819403081420241,TRUE,"higher at P21"
8.02431972011092e-13,-0.69008485419832,0.594,0.959,2.00840698274656e-08,"Nptn","BLA Glut Rspo2/Etv1",-0.721628852816857,-0.608864425953312,TRUE,"higher at P21"
8.43364877338706e-13,-0.871728682684855,0.316,0.744,2.11085795149105e-08,"Snph","BLA Glut Rspo2/Etv1",-0.905491937894845,-0.632591206127306,TRUE,"higher at P21"
8.57302879886303e-13,-1.93698737300561,0.028,0.238,2.14574337806743e-08,"Per3","BLA Glut Rspo2/Etv1",-0.730570931423579,-1.21382458177832,TRUE,"higher at P21"
9.1609020112288e-13,0.56749141054488,0.981,0.983,2.29288216439046e-08,"Pcdh7","BLA Glut Rspo2/Etv1",0.556681081208874,0.513349821819749,TRUE,"higher at P10"
9.24177221108761e-13,-0.953404306067976,0.1,0.407,2.31312316671312e-08,"Fbxo38","BLA Glut Rspo2/Etv1",-0.807141276544147,-0.549236086417292,TRUE,"higher at P21"
9.69925497179837e-13,-0.891850605856461,0.191,0.564,2.42762652689141e-08,"Wls","BLA Glut Rspo2/Etv1",-0.602186770736151,-0.729175207095413,TRUE,"higher at P21"
9.96121583166123e-13,-0.800163153597236,0.331,0.744,2.49319271050649e-08,"Ppp2r2c","BLA Glut Rspo2/Etv1",-0.901872559382754,-0.65006090552987,TRUE,"higher at P21"
9.99538036024933e-13,-0.886136370229728,0.444,0.866,2.5017437503668e-08,"Ptprn","BLA Glut Rspo2/Etv1",-0.607448025898843,-1.031967566022,TRUE,"higher at P21"
1.03090536473169e-12,-0.750938474228938,0.231,0.651,2.58025303738696e-08,"Naa40","BLA Glut Rspo2/Etv1",-0.621418732518129,-0.626699103037424,TRUE,"higher at P21"
1.0612382998891e-12,-0.887568000961907,0.206,0.593,2.65617334079242e-08,"Cyld","BLA Glut Rspo2/Etv1",-0.594266340920372,-0.807977946043083,TRUE,"higher at P21"
1.08744967758363e-12,0.70187003175858,0.956,0.948,2.72177779802406e-08,"Zeb2","BLA Glut Rspo2/Etv1",0.606886820003762,0.722734134044284,TRUE,"higher at P10"
1.11797333679574e-12,-0.849662936642079,0.506,0.86,2.79817546466607e-08,"Gm48321","BLA Glut Rspo2/Etv1",-0.790932074221705,-0.85984829217623,TRUE,"higher at P21"
1.15946864781473e-12,-0.782752806237274,0.197,0.587,2.90203407861548e-08,"Dhdds","BLA Glut Rspo2/Etv1",-0.783271684361214,-0.605381756726921,TRUE,"higher at P21"
1.19570078408992e-12,-1.44459765356374,0.116,0.407,2.99271949249865e-08,"Prr16","BLA Glut Rspo2/Etv1",-1.25614840431553,-1.76162487560275,TRUE,"higher at P21"
1.26321783852807e-12,-1.00875329728671,0.094,0.39,3.1617079280519e-08,"Stk19","BLA Glut Rspo2/Etv1",-0.844501600539349,-0.697858399853016,TRUE,"higher at P21"
1.26972308301349e-12,-1.12895259978607,0.188,0.535,3.17798990447446e-08,"Kcnh1","BLA Glut Rspo2/Etv1",-0.755681484076882,-1.06050281523259,TRUE,"higher at P21"
1.29628052259643e-12,-1.20686852075928,0.081,0.355,3.2444605200066e-08,"Frmpd3","BLA Glut Rspo2/Etv1",-0.997972033990131,-0.906023450865807,TRUE,"higher at P21"
1.36054422781783e-12,-1.04872973036869,0.238,0.622,3.40530614780525e-08,"Ccnd2","BLA Glut Rspo2/Etv1",-0.977420221482883,-0.648301055223048,TRUE,"higher at P21"
1.42165607862125e-12,-0.995330947997224,0.125,0.442,3.55826299918112e-08,"Gm36251","BLA Glut Rspo2/Etv1",-0.573569806498919,-0.981357792220718,TRUE,"higher at P21"
1.47734712237759e-12,0.727880216829891,0.891,0.936,3.69765211259886e-08,"Cacna1b","BLA Glut Rspo2/Etv1",0.637302349855778,0.734439782772935,TRUE,"higher at P10"
1.63735016304867e-12,-1.37727820062125,0.078,0.349,4.09812372309452e-08,"Polr3a","BLA Glut Rspo2/Etv1",-0.730262617316936,-0.895209325166429,TRUE,"higher at P21"
1.66863211611225e-12,-0.778735999663349,0.188,0.57,4.17641932341736e-08,"Gm12002","BLA Glut Rspo2/Etv1",-0.943391031097227,-0.478666986677366,TRUE,"higher at P21"
1.68442729314864e-12,-1.02627835264279,0.222,0.599,4.21595307202173e-08,"Galnt16","BLA Glut Rspo2/Etv1",-1.21909890327389,-0.594656741012228,TRUE,"higher at P21"
1.69658329901822e-12,-0.975325380950166,0.169,0.535,4.2463783391127e-08,"4933423P22Rik","BLA Glut Rspo2/Etv1",-0.836554019079573,-0.627055748301625,TRUE,"higher at P21"
1.73372155735106e-12,-1.06295765638549,0.094,0.384,4.33933168589396e-08,"Mfap3","BLA Glut Rspo2/Etv1",-0.894465496197175,-0.84472535708311,TRUE,"higher at P21"
1.73388570535847e-12,-0.70170289141774,0.084,0.372,4.33974253194171e-08,"Zeb1","BLA Glut Rspo2/Etv1",-0.763660640706739,-0.838173280110968,TRUE,"higher at P21"
1.74908644341781e-12,-0.957271907404506,0.153,0.5,4.37778845923043e-08,"C230057M02Rik","BLA Glut Rspo2/Etv1",-0.605452591092415,-0.809353230645392,TRUE,"higher at P21"
1.9471556929731e-12,-1.71718049893897,0.047,0.279,4.87353598394237e-08,"Cyp46a1","BLA Glut Rspo2/Etv1",-0.935660493418299,-1.14368537806203,TRUE,"higher at P21"
2.03792666548799e-12,0.647473762226929,0.972,0.983,5.10072665104988e-08,"Grik2","BLA Glut Rspo2/Etv1",0.576286924499951,0.693228482067779,TRUE,"higher at P10"
2.1282344799205e-12,-0.863038696504143,0.428,0.855,5.32675807979301e-08,"Syn1","BLA Glut Rspo2/Etv1",-0.751376277209368,-0.942590876692677,TRUE,"higher at P21"
2.24323224247997e-12,-0.840158985446141,0.241,0.645,5.61458597970312e-08,"Rps6ka2","BLA Glut Rspo2/Etv1",-0.600384524925978,-0.983510774274964,TRUE,"higher at P21"
2.25627260878616e-12,-0.853859849836122,0.462,0.826,5.64722471253089e-08,"Upp2","BLA Glut Rspo2/Etv1",-0.903482700199528,-0.769308163010949,TRUE,"higher at P21"
2.46709759457946e-12,-1.06144062293103,0.122,0.43,6.17489856947293e-08,"Gm45352","BLA Glut Rspo2/Etv1",-0.833204952565695,-1.06008246776658,TRUE,"higher at P21"
2.56356264110522e-12,-0.849225420946261,0.116,0.424,6.41634093442225e-08,"Gm48677","BLA Glut Rspo2/Etv1",-0.48113272392377,-0.610229957697349,TRUE,"higher at P21"
2.57505841071917e-12,-1.75088861529055,0.041,0.262,6.44511369618902e-08,"Inf2","BLA Glut Rspo2/Etv1",-1.36107169477084,-0.623358686448714,TRUE,"higher at P21"
2.60092835527924e-12,-0.777700570971181,0.3,0.733,6.50986358042842e-08,"Ogt","BLA Glut Rspo2/Etv1",-0.8493565437413,-0.718141863920926,TRUE,"higher at P21"
2.65084701160672e-12,-0.728438281374549,0.103,0.407,6.63480498535046e-08,"Fam76a","BLA Glut Rspo2/Etv1",-0.575314211514304,-0.580876874728276,TRUE,"higher at P21"
2.68452662997758e-12,0.576926093000595,0.959,0.994,6.71910170217089e-08,"Aff3","BLA Glut Rspo2/Etv1",0.550133995812579,0.641245983159436,TRUE,"higher at P10"
2.94160263254732e-12,-1.03015704333663,0.125,0.442,7.36253722900268e-08,"A930015D03Rik","BLA Glut Rspo2/Etv1",-0.632409972323168,-0.681334514111393,TRUE,"higher at P21"
3.02191427232754e-12,-1.310819239152,0.081,0.355,7.56354923220859e-08,"Sptb","BLA Glut Rspo2/Etv1",-1.22476604987467,-0.72957289683341,TRUE,"higher at P21"
3.02750126284929e-12,-0.875555228991509,0.181,0.552,7.57753291078548e-08,"Gm42477","BLA Glut Rspo2/Etv1",-0.535018032497761,-0.765271624994016,TRUE,"higher at P21"
3.1476724209073e-12,-0.771054871464395,0.219,0.622,7.87830930228889e-08,"Adgra1","BLA Glut Rspo2/Etv1",-0.949067585209205,-0.493325853460747,TRUE,"higher at P21"
3.16106816384416e-12,-1.82485321681445,0.044,0.267,7.91183750728555e-08,"B230217J21Rik","BLA Glut Rspo2/Etv1",-1.01733079728255,-1.19246510042637,TRUE,"higher at P21"
3.16224683858394e-12,-1.33611128186225,0.078,0.343,7.91478761229173e-08,"Olfr239","BLA Glut Rspo2/Etv1",-0.70189869288196,-0.863568536855445,TRUE,"higher at P21"
3.16365793656218e-12,-0.666862058686918,0.809,0.936,7.91831944942149e-08,"Mapk10","BLA Glut Rspo2/Etv1",-0.611670228589022,-0.830167748479591,TRUE,"higher at P21"
3.1927138136973e-12,-0.705320030537831,0.334,0.767,7.99104340430297e-08,"Rgl1","BLA Glut Rspo2/Etv1",-0.93520000313511,-0.483463022240602,TRUE,"higher at P21"
3.23504952868621e-12,-0.980674548964764,0.247,0.628,8.0970054653487e-08,"Apobec4","BLA Glut Rspo2/Etv1",-1.03795013656965,-0.95882567682676,TRUE,"higher at P21"
3.46519696704715e-12,-0.520980226006409,0.175,0.547,8.67304148882232e-08,"Kpna1","BLA Glut Rspo2/Etv1",-0.463828396173171,-0.524374625992191,TRUE,"higher at P21"
3.48205655181586e-12,-1.03271446310467,0.106,0.401,8.71523934353992e-08,"2610203C22Rik","BLA Glut Rspo2/Etv1",-1.04746413932781,-0.622669611305352,TRUE,"higher at P21"
3.64071222199952e-12,-1.56402771037381,0.041,0.262,9.11233862044259e-08,"Grhl1","BLA Glut Rspo2/Etv1",-0.769598605148166,-0.871417151326313,TRUE,"higher at P21"
3.86751034558018e-12,-0.577368522241024,0.166,0.529,9.67999164395263e-08,"Slc25a27","BLA Glut Rspo2/Etv1",-0.703249306707165,-0.610774919144932,TRUE,"higher at P21"
3.95476190363779e-12,0.968838355822435,0.834,0.849,9.89837356861503e-08,"Ptprk","BLA Glut Rspo2/Etv1",1.00681335777122,0.872089201240264,TRUE,"higher at P10"
3.95870802457959e-12,0.514795957753327,0.947,0.977,9.90825031472027e-08,"Zfpm2","BLA Glut Rspo2/Etv1",0.557770674264243,0.493892853717915,TRUE,"higher at P10"
4.06905733607215e-12,-1.01445781598673,0.122,0.436,1.0184443606455e-07,"Emb","BLA Glut Rspo2/Etv1",-0.833726850866644,-0.679696728020451,TRUE,"higher at P21"
4.24897353558967e-12,0.71240807316961,0.938,0.959,1.06347558622274e-07,"Gabrg3","BLA Glut Rspo2/Etv1",0.512119790584076,0.827278435583898,TRUE,"higher at P10"
4.46645382360299e-12,-0.803175244135718,0.075,0.343,1.11790872750959e-07,"Smpd4","BLA Glut Rspo2/Etv1",-0.974643140838168,-0.799811465140984,TRUE,"higher at P21"
4.98400438498967e-12,-0.907917951286411,0.306,0.715,1.24744645751906e-07,"Scg5","BLA Glut Rspo2/Etv1",-0.430727555461023,-0.778637264442188,TRUE,"higher at P21"
5.42475203993329e-12,-0.701801206775525,0.316,0.75,1.3577611880749e-07,"Spire1","BLA Glut Rspo2/Etv1",-0.512464534370614,-0.619276306616652,TRUE,"higher at P21"
5.49971531151422e-12,-0.691864647624374,0.234,0.645,1.37652374531889e-07,"Kdm5b","BLA Glut Rspo2/Etv1",-0.559208616980348,-0.564239586152825,TRUE,"higher at P21"
5.50337347750857e-12,-1.28958814351044,0.119,0.413,1.37743934768562e-07,"Sntb2","BLA Glut Rspo2/Etv1",-1.12213108615652,-0.970013981993248,TRUE,"higher at P21"
5.60142498873897e-12,-0.820563265838437,0.209,0.587,1.40198066043148e-07,"Actn1","BLA Glut Rspo2/Etv1",-0.616821878530498,-0.574063423052437,TRUE,"higher at P21"
5.63208017903545e-12,1.33213636316237,0.744,0.628,1.40965334801078e-07,"Gm12296","BLA Glut Rspo2/Etv1",1.14805785968713,1.4225959638739,TRUE,"higher at P10"
5.63368324368556e-12,-0.580615119637391,0.909,0.994,1.41005457906206e-07,"Agbl4","BLA Glut Rspo2/Etv1",-0.481113359110412,-0.561779145183472,TRUE,"higher at P21"
5.67645433180905e-12,-1.25746826509652,0.088,0.36,1.42075975470849e-07,"Snx32","BLA Glut Rspo2/Etv1",-0.821181179853283,-1.01274503507681,TRUE,"higher at P21"
6.14670741364093e-12,-1.92346785433545,0.022,0.209,1.53845939856019e-07,"Efhd2","BLA Glut Rspo2/Etv1",-1.06386505724247,-1.2048201565739,TRUE,"higher at P21"
6.32676742835402e-12,-0.707883237392581,0.231,0.622,1.58352661964273e-07,"Nr6a1os","BLA Glut Rspo2/Etv1",-0.705279133246402,-0.742690710730959,TRUE,"higher at P21"
6.48901664889956e-12,-0.634398408380382,0.706,0.977,1.62413597705307e-07,"Hivep3","BLA Glut Rspo2/Etv1",-0.786080754012665,-0.506149766833764,TRUE,"higher at P21"
6.90833346512184e-12,0.769160750166355,0.897,0.93,1.72908678298535e-07,"Sox5","BLA Glut Rspo2/Etv1",0.851646643119227,0.869698224851224,TRUE,"higher at P10"
7.34695687120939e-12,-1.29167641359365,0.059,0.302,1.838869835295e-07,"Rab24","BLA Glut Rspo2/Etv1",-0.713806263157714,-1.0913648009174,TRUE,"higher at P21"
7.83739115733797e-12,-1.12541506631843,0.059,0.302,1.96162063277012e-07,"Zfp941","BLA Glut Rspo2/Etv1",-0.81031051207825,-0.729689076056134,TRUE,"higher at P21"
8.1188759279655e-12,-0.765484444347985,0.141,0.465,2.03207345601049e-07,"Ngef","BLA Glut Rspo2/Etv1",-0.575901827430873,-0.570356503287086,TRUE,"higher at P21"
8.27760853862736e-12,-0.780368851210436,0.372,0.802,2.07180264113304e-07,"Pde4a","BLA Glut Rspo2/Etv1",-0.947755535807063,-0.584758071658536,TRUE,"higher at P21"
8.36182899088649e-12,0.542134822301879,0.95,0.977,2.09288217812898e-07,"Rian","BLA Glut Rspo2/Etv1",0.524374946391921,0.583154063348097,TRUE,"higher at P10"
9.03370280735336e-12,-1.13068367288124,0.103,0.384,2.26104547565247e-07,"Gm15083","BLA Glut Rspo2/Etv1",-0.860262844916557,-0.924994954639693,TRUE,"higher at P21"
9.41601783330303e-12,-0.927047422760395,0.222,0.599,2.35673510349741e-07,"Gm11844","BLA Glut Rspo2/Etv1",-0.616527195123119,-0.888791956561383,TRUE,"higher at P21"
9.97957125181116e-12,-1.13656461067442,0.069,0.32,2.49778688861582e-07,"Cep95","BLA Glut Rspo2/Etv1",-0.717894488869605,-0.497350165551137,TRUE,"higher at P21"
1.0072898157983e-11,-0.904095470622328,0.197,0.57,2.52114567996157e-07,"Ppme1","BLA Glut Rspo2/Etv1",-0.563857515150446,-0.909591197401558,TRUE,"higher at P21"
1.03291227032912e-11,-1.40956200719851,0.059,0.297,2.58527612140676e-07,"Deptor","BLA Glut Rspo2/Etv1",-1.22579359810513,-0.607991472176169,TRUE,"higher at P21"
1.03482229402404e-11,-1.03056780298404,0.084,0.355,2.59005671971277e-07,"Thoc7","BLA Glut Rspo2/Etv1",-0.861496175582686,-0.518528084889175,TRUE,"higher at P21"
1.08964619198605e-11,-0.664496317779225,0.119,0.43,2.72727545392187e-07,"mt-Co3","BLA Glut Rspo2/Etv1",-0.803759763036068,-0.705542235765483,TRUE,"higher at P21"
1.10740851047949e-11,-1.13191206956371,0.2,0.529,2.77173276087912e-07,"Lypd1","BLA Glut Rspo2/Etv1",-1.16685755012183,-0.785701660810352,TRUE,"higher at P21"
1.125971323406e-11,-0.671671707058841,0.231,0.61,2.81819362535287e-07,"Gm13963","BLA Glut Rspo2/Etv1",-0.653471172280542,-0.563845178334963,TRUE,"higher at P21"
1.13487532904384e-11,-1.51355655080996,0.034,0.238,2.84047946106381e-07,"Ppp5c","BLA Glut Rspo2/Etv1",-0.964793254536533,-1.15741481783631,TRUE,"higher at P21"
1.15524109874537e-11,-0.950701808945676,0.097,0.378,2.89145294604978e-07,"Rab4a","BLA Glut Rspo2/Etv1",-1.22817134139045,-0.729499188164,TRUE,"higher at P21"
1.17275458034048e-11,-0.783878613356559,0.303,0.715,2.93528743913418e-07,"Rmdn1","BLA Glut Rspo2/Etv1",-0.496951188187188,-0.684054638682024,TRUE,"higher at P21"
1.23807097347671e-11,-0.737055413218559,0.812,0.959,3.09876783951485e-07,"Gm36975","BLA Glut Rspo2/Etv1",-0.619374007578228,-0.805807894882399,TRUE,"higher at P21"
1.25865951299183e-11,-1.7329671678969,0.034,0.238,3.15029889506724e-07,"Jade2","BLA Glut Rspo2/Etv1",-0.805944078497161,-1.27574164661503,TRUE,"higher at P21"
1.2795031270724e-11,-0.740193267449621,0.25,0.651,3.2024683767495e-07,"Bbof1","BLA Glut Rspo2/Etv1",-0.648857510139347,-0.531369849685814,TRUE,"higher at P21"
1.28741009502413e-11,-1.08178200872728,0.109,0.401,3.22225872683588e-07,"Sesn3","BLA Glut Rspo2/Etv1",-0.867426152476196,-0.618587094937996,TRUE,"higher at P21"
1.40813905242961e-11,-0.760328887821013,0.4,0.837,3.52443123432608e-07,"Atp6v0b","BLA Glut Rspo2/Etv1",-0.460493593597585,-0.984573772726367,TRUE,"higher at P21"
1.4428631831676e-11,-0.775005790447573,0.156,0.488,3.61134226115019e-07,"Klhl10","BLA Glut Rspo2/Etv1",-0.640916516031953,-0.809353230645392,TRUE,"higher at P21"
1.45908270914396e-11,0.906200330336638,0.794,0.878,3.65193811271643e-07,"Ablim1","BLA Glut Rspo2/Etv1",0.845215210976874,1.00478000496825,TRUE,"higher at P10"
1.56891925421222e-11,-0.75831639150131,0.497,0.872,3.92684800136778e-07,"Zranb2","BLA Glut Rspo2/Etv1",-0.666518066935502,-0.751361816708697,TRUE,"higher at P21"
1.57768105942276e-11,-0.77587410997173,0.088,0.36,3.94877792362922e-07,"Phyhd1","BLA Glut Rspo2/Etv1",-0.742403461427185,-0.53288817864506,TRUE,"higher at P21"
1.70291885764607e-11,1.15986098226448,0.744,0.785,4.26223560880234e-07,"Samd5","BLA Glut Rspo2/Etv1",1.24665765427961,1.0082659681656,TRUE,"higher at P10"
1.82168064242444e-11,-1.08024600619125,0.1,0.378,4.55948447992414e-07,"Arhgap17","BLA Glut Rspo2/Etv1",-1.08297535964079,-0.669463560535987,TRUE,"higher at P21"
1.85840788636258e-11,-1.95175044032229,0.025,0.209,4.6514090987769e-07,"Ltk","BLA Glut Rspo2/Etv1",-0.982255294589499,-1.0632561889154,TRUE,"higher at P21"
2.00779445166582e-11,-1.75800278121669,0.05,0.267,5.02530873307438e-07,"Gpr22","BLA Glut Rspo2/Etv1",-0.854818338190271,-0.819714022098865,TRUE,"higher at P21"
2.02474483218364e-11,-0.946136449878576,0.391,0.779,5.06773384047244e-07,"Gm16351","BLA Glut Rspo2/Etv1",-0.681621109658449,-0.921582975214993,TRUE,"higher at P21"
2.08637748567216e-11,-0.769572887289781,0.316,0.75,5.22199420888886e-07,"Map7","BLA Glut Rspo2/Etv1",-0.450441473985111,-0.749112716232286,TRUE,"higher at P21"
2.1794661922228e-11,-0.573096492176709,0.819,0.948,5.45498593251444e-07,"Syn2","BLA Glut Rspo2/Etv1",-0.720145858656641,-0.465506443699155,TRUE,"higher at P21"
2.19574191393473e-11,-1.11559626276957,0.069,0.314,5.49572243638723e-07,"Inka2","BLA Glut Rspo2/Etv1",-1.03744716891269,-0.690223539451891,TRUE,"higher at P21"
2.21358488552155e-11,-0.788941947736244,0.175,0.529,5.54038160997189e-07,"Slc17a5","BLA Glut Rspo2/Etv1",-0.907140899516832,-0.593774127687149,TRUE,"higher at P21"
2.26378790490983e-11,-0.911612486290274,0.119,0.413,5.66603474719882e-07,"Adamts17","BLA Glut Rspo2/Etv1",-0.583309553609033,-0.660174746638357,TRUE,"higher at P21"
2.3054495994004e-11,-0.756937957894634,0.278,0.674,5.77030980233925e-07,"Naaladl2","BLA Glut Rspo2/Etv1",-0.533445149840391,-0.550614633658684,TRUE,"higher at P21"
2.38149488222501e-11,-1.26369447686464,0.053,0.279,5.96064354072098e-07,"Bbx","BLA Glut Rspo2/Etv1",-1.01316669225316,-0.885395567854878,TRUE,"higher at P21"
2.49505298638133e-11,-0.753458609385188,0.119,0.424,6.24486811961382e-07,"Frrs1l","BLA Glut Rspo2/Etv1",-1.02301200817992,-0.878525742813013,TRUE,"higher at P21"
2.58011245538459e-11,-1.00484328950937,0.109,0.395,6.45776346458209e-07,"4933407I08Rik","BLA Glut Rspo2/Etv1",-0.807141276544147,-0.757401137430083,TRUE,"higher at P21"
2.59472824254617e-11,-0.692119081245868,0.347,0.779,6.49434531826881e-07,"Chd4","BLA Glut Rspo2/Etv1",-0.621930899849614,-0.414192006884935,TRUE,"higher at P21"
2.60615405501336e-11,-0.895394537063488,0.209,0.57,6.52294298429294e-07,"Lrrk2","BLA Glut Rspo2/Etv1",-0.563494326880461,-1.05372757750397,TRUE,"higher at P21"
2.67849310553176e-11,2.50716333970662,0.453,0.221,6.70400039383545e-07,"2310002F09Rik","BLA Glut Rspo2/Etv1",2.03067632218684,2.23651552838757,TRUE,"higher at P10"
2.82324827841445e-11,-1.41196482664521,0.031,0.227,7.06630811604353e-07,"Spred3","BLA Glut Rspo2/Etv1",-0.619874295107762,-1.1031279454625,TRUE,"higher at P21"
2.88569266260206e-11,-0.819790681745245,0.438,0.826,7.22260016522669e-07,"Grik5","BLA Glut Rspo2/Etv1",-0.772714891442138,-0.584337036361882,TRUE,"higher at P21"
2.88941722103136e-11,-0.910825272302664,0.194,0.535,7.23192236251939e-07,"Epha4","BLA Glut Rspo2/Etv1",-0.866107926377335,-0.756355475968536,TRUE,"higher at P21"
2.89245141200699e-11,-0.753947767359134,0.338,0.744,7.23951663911229e-07,"Ddhd2","BLA Glut Rspo2/Etv1",-0.586764127289792,-0.616154359849885,TRUE,"higher at P21"
2.92567074271748e-11,-0.958636260013156,0.091,0.36,7.32266130194758e-07,"Pdk1","BLA Glut Rspo2/Etv1",-0.471037977753051,-0.671837202472259,TRUE,"higher at P21"
3.13063343284284e-11,-0.694371071007728,0.731,0.924,7.83566241906233e-07,"Gm15738","BLA Glut Rspo2/Etv1",-0.703399710598218,-0.670518047026822,TRUE,"higher at P21"
3.21146938940097e-11,-1.04714601387523,0.15,0.459,8.03798673473168e-07,"Arhgef17","BLA Glut Rspo2/Etv1",-1.08645689399603,-0.496479584090243,TRUE,"higher at P21"
3.3180339046399e-11,-0.858373757528378,0.234,0.622,8.30470705992322e-07,"Wdr60","BLA Glut Rspo2/Etv1",-0.439508047828556,-0.784079530834295,TRUE,"higher at P21"
3.4183637980058e-11,-0.791278686525805,0.119,0.419,8.55582275002872e-07,"Gm14703","BLA Glut Rspo2/Etv1",-0.715632574837878,-0.577616021843393,TRUE,"higher at P21"
3.4811667187055e-11,-1.41965334572092,0.047,0.262,8.71301218024801e-07,"Efna5","BLA Glut Rspo2/Etv1",-0.706144578195447,-0.985369823211196,TRUE,"higher at P21"
3.49811128958008e-11,-0.861147970097082,0.272,0.663,8.75542274668999e-07,"Tmem178","BLA Glut Rspo2/Etv1",-0.526433600850406,-0.822161855576822,TRUE,"higher at P21"
3.51133681499379e-11,-0.638091246685092,0.575,0.924,8.78852491424796e-07,"Rock2","BLA Glut Rspo2/Etv1",-0.519645353768422,-0.761476840861338,TRUE,"higher at P21"
3.58198811412667e-11,-0.830034273714191,0.097,0.372,8.96535805084763e-07,"Adam15","BLA Glut Rspo2/Etv1",-0.763660640706739,-0.449924053480199,TRUE,"higher at P21"
3.65597893128169e-11,-0.897695433013013,0.106,0.384,9.15054966710494e-07,"Pde8b","BLA Glut Rspo2/Etv1",-0.785695439414832,-0.988057701575257,TRUE,"higher at P21"
3.71867314288226e-11,-0.671560450487446,0.241,0.645,9.30746700932001e-07,"Sez6l2","BLA Glut Rspo2/Etv1",-0.787037352033876,-0.583455110942641,TRUE,"higher at P21"
3.71878610513366e-11,-2.79576584777445,0.025,0.203,9.30774974253903e-07,"Hgf","BLA Glut Rspo2/Etv1",-1.61720365012568,-1.48943252572739,TRUE,"higher at P21"
3.96196909935744e-11,-1.08121338229959,0.253,0.61,9.91641245878173e-07,"Gm15577","BLA Glut Rspo2/Etv1",-0.98359449830117,-0.845347108789365,TRUE,"higher at P21"
4.06157014793556e-11,-0.725172254243357,0.2,0.552,1.01657039232679e-06,"Mtmr12","BLA Glut Rspo2/Etv1",-0.720564697202025,-0.453884937698213,TRUE,"higher at P21"
4.1535551517389e-11,-0.816771644558981,0.147,0.465,1.03959331892873e-06,"Txlng","BLA Glut Rspo2/Etv1",-0.594918619016802,-0.496479584090243,TRUE,"higher at P21"
4.52197818876597e-11,-0.709742532681744,0.281,0.68,1.13180592086623e-06,"Slc23a2","BLA Glut Rspo2/Etv1",-0.598913760273308,-0.631355967347719,TRUE,"higher at P21"
4.70311233546779e-11,-0.524339335904905,0.891,0.971,1.17714198644423e-06,"Pcsk2","BLA Glut Rspo2/Etv1",-0.430766760437883,-0.420331709968259,TRUE,"higher at P21"
4.9650440304767e-11,-1.05825671416494,0.047,0.262,1.24270087038801e-06,"Usp2","BLA Glut Rspo2/Etv1",-0.666047772517437,-0.858669335817212,TRUE,"higher at P21"
5.20938995128122e-11,-0.71783118343618,0.147,0.471,1.30385821090618e-06,"Ttc39b","BLA Glut Rspo2/Etv1",-0.548653552897552,-0.437965152448896,TRUE,"higher at P21"
5.40871112484341e-11,1.4836001071404,0.659,0.605,1.35374630743706e-06,"Gm16083","BLA Glut Rspo2/Etv1",1.56803769064506,1.26350934464066,TRUE,"higher at P10"
5.60489528481688e-11,-0.971616873854919,0.112,0.395,1.40284924083682e-06,"Atp6v1c1","BLA Glut Rspo2/Etv1",-0.563785816764733,-0.648628087777257,TRUE,"higher at P21"
5.8475209004043e-11,-0.74697610678921,0.188,0.541,1.46357600616219e-06,"Med15","BLA Glut Rspo2/Etv1",-0.447497170866511,-0.711552784910872,TRUE,"higher at P21"
5.95397436077699e-11,-1.03349650075977,0.216,0.552,1.49022024275887e-06,"Hnrnpll","BLA Glut Rspo2/Etv1",-0.763334090628236,-0.774467755619738,TRUE,"higher at P21"
6.08517091552484e-11,-0.68821935923954,0.525,0.901,1.52305742844671e-06,"Rnf150","BLA Glut Rspo2/Etv1",-0.697108689813764,-0.630502766733291,TRUE,"higher at P21"
6.20096765870503e-11,-0.863705452368439,0.166,0.494,1.55204019529728e-06,"Celf3","BLA Glut Rspo2/Etv1",-0.883021910859305,-0.629863886458038,TRUE,"higher at P21"
6.4325957359183e-11,-0.909694031792987,0.175,0.5,1.61001438674299e-06,"Gm50304","BLA Glut Rspo2/Etv1",-0.666118589759817,-0.563850054041472,TRUE,"higher at P21"
6.88946183716045e-11,-1.6430130490207,0.05,0.262,1.72436340322289e-06,"Gm12905","BLA Glut Rspo2/Etv1",-0.875677104418701,-0.729763458462465,TRUE,"higher at P21"
6.94580901509869e-11,-0.631252316776754,0.319,0.75,1.73846653838905e-06,"Upf2","BLA Glut Rspo2/Etv1",-0.550508434293063,-0.669003125883391,TRUE,"higher at P21"
7.05537540319619e-11,-1.18468516417782,0.097,0.355,1.76588990966597e-06,"Sycp3","BLA Glut Rspo2/Etv1",-0.763660640706739,-0.784830731549698,TRUE,"higher at P21"
7.23297944594689e-11,-0.616544387321373,0.703,0.965,1.81034242552605e-06,"Atp2b1","BLA Glut Rspo2/Etv1",-0.554207168404726,-0.557252059603616,TRUE,"higher at P21"
7.32406049369287e-11,-0.684956073299217,0.316,0.709,1.83313910096639e-06,"Nr6a1","BLA Glut Rspo2/Etv1",-0.571330184836748,-0.729058574946881,TRUE,"higher at P21"
7.33821347556198e-11,-0.763989556042926,0.134,0.442,1.83668145079841e-06,"Psmc6","BLA Glut Rspo2/Etv1",-0.725444677466434,-0.503453342190699,TRUE,"higher at P21"
7.47289727936561e-11,-0.910956988431031,0.172,0.5,1.87039146005242e-06,"Mfsd4a","BLA Glut Rspo2/Etv1",-0.821854720953901,-0.504014667140925,TRUE,"higher at P21"
7.66754155512931e-11,0.753724477621617,0.863,0.895,1.91910897583332e-06,"Grid1","BLA Glut Rspo2/Etv1",0.661836114238792,0.824497562759068,TRUE,"higher at P10"
7.85699686071364e-11,-0.638836198169686,0.469,0.884,1.96652774426802e-06,"Vps13a","BLA Glut Rspo2/Etv1",-0.647499309400417,-0.618963612031265,TRUE,"higher at P21"
7.93331531319391e-11,-1.18081841963739,0.094,0.349,1.9856294897393e-06,"Ccdc7b","BLA Glut Rspo2/Etv1",-0.783203506756653,-1.3333302558884,TRUE,"higher at P21"
7.99758591441026e-11,-0.689277498271782,0.15,0.477,2.00171577851774e-06,"Ubn1","BLA Glut Rspo2/Etv1",-0.692529556462628,-0.407867215037324,TRUE,"higher at P21"
8.50514535350237e-11,-1.54906494481962,0.059,0.279,2.12875283052811e-06,"1700016P03Rik","BLA Glut Rspo2/Etv1",-1.0962980871257,-1.20856995225783,TRUE,"higher at P21"
8.84601465255332e-11,-0.620784306811858,0.591,0.907,2.21406900738757e-06,"Luc7l2","BLA Glut Rspo2/Etv1",-0.728965016266819,-0.601100235326319,TRUE,"higher at P21"
9.46974589368582e-11,-0.794181684155398,0.459,0.831,2.37018269973062e-06,"Timp4","BLA Glut Rspo2/Etv1",-0.82414117947931,-0.601794695433361,TRUE,"higher at P21"
9.58214556785595e-11,1.1608316653238,0.706,0.564,2.39831521417867e-06,"Adamts2","BLA Glut Rspo2/Etv1",0.836819156910428,1.2674336192983,TRUE,"higher at P10"
1.00783474890797e-10,-1.53511546878657,0.056,0.273,2.52250959304175e-06,"Arhgef37","BLA Glut Rspo2/Etv1",-0.958058881378895,-0.64504399714739,TRUE,"higher at P21"
1.01552230525438e-10,-1.43997084461914,0.041,0.238,2.5417507778212e-06,"C030017B01Rik","BLA Glut Rspo2/Etv1",-0.820085536066774,-1.13076281361175,TRUE,"higher at P21"
1.0158405348535e-10,-0.927815345948213,0.109,0.39,2.54254727468483e-06,"Cds2","BLA Glut Rspo2/Etv1",-0.659079895028319,-0.589498272660677,TRUE,"higher at P21"
1.06465241120018e-10,-1.46154121233652,0.053,0.267,2.66471851999292e-06,"Zfhx2os","BLA Glut Rspo2/Etv1",-0.820579455899502,-0.811944482762515,TRUE,"higher at P21"
1.07260173013396e-10,-0.658887288723839,0.512,0.866,2.68461487035229e-06,"Lingo1","BLA Glut Rspo2/Etv1",-0.733950022247388,-0.571904204194863,TRUE,"higher at P21"
1.08885366952782e-10,-0.857819463099144,0.253,0.628,2.72529184946119e-06,"Ate1","BLA Glut Rspo2/Etv1",-0.930253488037796,-0.525000640905878,TRUE,"higher at P21"
1.1225728463792e-10,-0.987353754315544,0.078,0.32,2.80968757720251e-06,"Mpped2","BLA Glut Rspo2/Etv1",-0.869999717425917,-0.889613651228752,TRUE,"higher at P21"
1.12586727195997e-10,-0.847214730456719,0.091,0.349,2.81793319498861e-06,"Got2","BLA Glut Rspo2/Etv1",-0.474890462096835,-0.636560306070319,TRUE,"higher at P21"
1.1384857957322e-10,-0.868224368644468,0.066,0.297,2.84951609813813e-06,"Klhdc1","BLA Glut Rspo2/Etv1",-0.628307350865647,-0.873663274188335,TRUE,"higher at P21"
1.14413111788965e-10,0.793811230089767,0.878,0.89,2.863645774966e-06,"Slit2","BLA Glut Rspo2/Etv1",0.790706653319675,0.747773033356788,TRUE,"higher at P10"
1.23301065747716e-10,-0.856031942509664,0.153,0.465,3.08610237459958e-06,"Thy1","BLA Glut Rspo2/Etv1",-0.497224239844771,-0.594164725327329,TRUE,"higher at P21"
1.23852382840753e-10,-1.49998009962666,0.028,0.209,3.0999012901212e-06,"C230037L18Rik","BLA Glut Rspo2/Etv1",-0.87845532034914,-0.951607441335509,TRUE,"higher at P21"
1.24853135939839e-10,-0.519174916608352,0.256,0.657,3.12494913943823e-06,"Dhx36","BLA Glut Rspo2/Etv1",-0.47156992483746,-0.545431606735545,TRUE,"higher at P21"
1.26430261766039e-10,-0.840446514696478,0.112,0.395,3.16442302174219e-06,"Cotl1","BLA Glut Rspo2/Etv1",-1.00580929227187,-0.440463036764466,TRUE,"higher at P21"
1.28440793657341e-10,-0.806242740762251,0.122,0.413,3.21474462444958e-06,"Usp16","BLA Glut Rspo2/Etv1",-0.581187650711425,-0.651517355164817,TRUE,"higher at P21"
1.36048050778261e-10,-0.936422051727745,0.084,0.337,3.4051466629291e-06,"Galnt11","BLA Glut Rspo2/Etv1",-0.795691180764483,-0.695672038897173,TRUE,"higher at P21"
1.3611323216441e-10,2.49432427631803,0.391,0.151,3.40677808784302e-06,"Glra2","BLA Glut Rspo2/Etv1",2.57395070054166,2.12022280975521,TRUE,"higher at P10"
1.37959242135652e-10,-0.919621555465354,0.112,0.39,3.45298187141322e-06,"Klf9","BLA Glut Rspo2/Etv1",-0.828399852827242,-0.549236086417292,TRUE,"higher at P21"
1.45675248002092e-10,-0.812038357223973,0.194,0.547,3.64610578224436e-06,"Fbxo34","BLA Glut Rspo2/Etv1",-0.736946624843661,-0.923830967288735,TRUE,"higher at P21"
1.46821363831175e-10,-0.617278450320633,0.4,0.802,3.67479191533047e-06,"Mark3","BLA Glut Rspo2/Etv1",-0.739837357770926,-0.530354968280741,TRUE,"higher at P21"
1.49436298761725e-10,-1.69196349390187,0.034,0.221,3.74024112170722e-06,"Sipa1l2","BLA Glut Rspo2/Etv1",-0.887553841150131,-1.07276973892756,TRUE,"higher at P21"
1.56210728211697e-10,-0.573210506647314,0.278,0.68,3.90979831641056e-06,"Dagla","BLA Glut Rspo2/Etv1",-0.562715564258654,-0.559329851844553,TRUE,"higher at P21"
1.63213611448939e-10,-0.76777159962075,0.094,0.355,4.08507348095548e-06,"Trafd1","BLA Glut Rspo2/Etv1",-0.927624685383225,-0.638501842685584,TRUE,"higher at P21"
1.63963921385918e-10,-1.09044085337385,0.05,0.262,4.10385298836815e-06,"Scn1b","BLA Glut Rspo2/Etv1",-0.652106146378877,-0.889741091043754,TRUE,"higher at P21"
1.6815651715861e-10,2.06322329047099,0.534,0.36,4.20878946796285e-06,"Vav3","BLA Glut Rspo2/Etv1",1.76738860382449,1.94567689073951,TRUE,"higher at P10"
1.72363429861902e-10,-0.589151757502753,0.766,0.953,4.31408428601355e-06,"Cnksr2","BLA Glut Rspo2/Etv1",-0.464900186913551,-0.680440055283822,TRUE,"higher at P21"
1.8297693587553e-10,-0.678066384048543,0.2,0.547,4.57972972802863e-06,"4921511C10Rik","BLA Glut Rspo2/Etv1",-0.810498530366582,-0.617665562344611,TRUE,"higher at P21"
1.83120949509625e-10,-0.935517711630224,0.075,0.314,4.58333424527639e-06,"Itm2c","BLA Glut Rspo2/Etv1",-0.643441015912219,-0.764256503918352,TRUE,"higher at P21"
1.89256840935418e-10,-0.763812749958613,0.406,0.785,4.73690947177257e-06,"Ldlrad4","BLA Glut Rspo2/Etv1",-0.926008145067752,-0.500493855149554,TRUE,"higher at P21"
1.89904729934527e-10,-0.799746884850671,0.191,0.523,4.75312548553127e-06,"4930567K20Rik","BLA Glut Rspo2/Etv1",-0.822078439773388,-0.65290916130251,TRUE,"higher at P21"
2.00655226039418e-10,-0.624886277405779,0.166,0.494,5.02219965254058e-06,"Gfm2","BLA Glut Rspo2/Etv1",-0.518216016183299,-0.49187460819339,TRUE,"higher at P21"
2.00992475380508e-10,-1.67224235426094,0.053,0.262,5.03064066629874e-06,"Gm49169","BLA Glut Rspo2/Etv1",-1.1952269837259,-0.431218062666257,TRUE,"higher at P21"
2.11621483518174e-10,-1.52002413587845,0.069,0.291,5.29667411097638e-06,"Cdkl4","BLA Glut Rspo2/Etv1",-1.11098823842664,-1.04300983212667,TRUE,"higher at P21"
2.24616828222249e-10,-0.583400714025091,0.647,0.924,5.62193459357468e-06,"Grin1","BLA Glut Rspo2/Etv1",-0.639887444272155,-0.639023282780895,TRUE,"higher at P21"
2.32061076403941e-10,-0.753077787735285,0.262,0.64,5.80825668131423e-06,"Baiap2","BLA Glut Rspo2/Etv1",-0.809001647237856,-0.648301055223048,TRUE,"higher at P21"
2.3356921302364e-10,-1.03209076226728,0.088,0.331,5.84600383276868e-06,"Gpr155","BLA Glut Rspo2/Etv1",-0.931469628433342,-0.555907747909202,TRUE,"higher at P21"
2.49230363574387e-10,-0.561189395673537,0.756,0.948,6.23798676990334e-06,"Ak5","BLA Glut Rspo2/Etv1",-0.724054808543842,-0.536335501858655,TRUE,"higher at P21"
2.68111292081363e-10,-1.40278256049549,0.038,0.227,6.71055752950444e-06,"Rgs8","BLA Glut Rspo2/Etv1",-1.19235816351771,-0.447186511221879,TRUE,"higher at P21"
2.74891673955643e-10,-0.65998151622803,0.303,0.686,6.8802637074358e-06,"Ypel2","BLA Glut Rspo2/Etv1",-0.595208305738208,-0.632591206127306,TRUE,"higher at P21"
2.76072995025975e-10,-1.3936360998765,0.05,0.256,6.90983099250512e-06,"Fam50a","BLA Glut Rspo2/Etv1",-0.634498124321433,-0.90435910100761,TRUE,"higher at P21"
2.8819411517748e-10,-0.706542936927832,0.122,0.407,7.21321050877714e-06,"Crebrf","BLA Glut Rspo2/Etv1",-0.672409750419416,-0.622669611305352,TRUE,"higher at P21"
2.88909775712578e-10,-0.727560503007961,0.172,0.494,7.23112277631011e-06,"Pacrg","BLA Glut Rspo2/Etv1",-0.468871409569796,-0.610774919144932,TRUE,"higher at P21"
3.03521458296338e-10,-1.17642495190251,0.134,0.413,7.59683857969905e-06,"Car2","BLA Glut Rspo2/Etv1",-0.74397300232448,-0.682113181066596,TRUE,"higher at P21"
3.18841036690309e-10,-0.769114541089367,0.291,0.645,7.98027230732176e-06,"Thsd4","BLA Glut Rspo2/Etv1",-0.700583522357909,-0.769996051852553,TRUE,"higher at P21"
3.1884123065765e-10,1.77024870787915,0.584,0.459,7.98027716213033e-06,"C530008M17Rik","BLA Glut Rspo2/Etv1",1.71199718400866,1.56915255118653,TRUE,"higher at P10"
3.38439628293073e-10,-1.09324908252011,0.05,0.256,8.47080545654733e-06,"Tor1aip2","BLA Glut Rspo2/Etv1",-0.921366869609099,-0.862657254229367,TRUE,"higher at P21"
3.3863097203745e-10,-1.11067437431366,0.178,0.483,8.47559459912533e-06,"Zfp804b","BLA Glut Rspo2/Etv1",-0.93217945028156,-1.07436469470623,TRUE,"higher at P21"
3.5153322070578e-10,-0.653468269577886,0.334,0.744,8.79852498104496e-06,"Rsf1os1","BLA Glut Rspo2/Etv1",-0.783903518527077,-0.568721578930907,TRUE,"higher at P21"
3.52166059175616e-10,-1.0612940887809,0.134,0.401,8.81436429510649e-06,"Gm15584","BLA Glut Rspo2/Etv1",-1.14714579836487,-0.825324739150433,TRUE,"higher at P21"
3.67240940806991e-10,-0.776385056538035,0.144,0.442,9.19167350745818e-06,"Cdc40","BLA Glut Rspo2/Etv1",-0.942349543835483,-0.634850815234031,TRUE,"higher at P21"
3.68815946351547e-10,-0.506101816432672,0.844,0.965,9.23109432123288e-06,"Prkcb","BLA Glut Rspo2/Etv1",-0.524826969412735,-0.52794373982359,TRUE,"higher at P21"
3.7305704966329e-10,-0.643135275094726,0.103,0.372,9.33724489602249e-06,"Fyco1","BLA Glut Rspo2/Etv1",-0.64885528102825,-0.729439907222549,TRUE,"higher at P21"
4.02107449727877e-10,-1.20083305246129,0.056,0.267,1.0064347359239e-05,"Atp6v0e","BLA Glut Rspo2/Etv1",-0.942487370896973,-0.549692243165883,TRUE,"higher at P21"
4.05090818063289e-10,3.89341884935788,0.262,0.041,1.01390180853061e-05,"Epb41l4a","BLA Glut Rspo2/Etv1",2.38280930399486,2.7884708162513,TRUE,"higher at P10"
4.1280711503804e-10,-1.07510379039701,0.106,0.366,1.03321492822871e-05,"Smarcd1","BLA Glut Rspo2/Etv1",-0.499562769589506,-0.512318167009715,TRUE,"higher at P21"
4.20491488609467e-10,-0.635217074420624,0.406,0.802,1.05244814684063e-05,"Glp2r","BLA Glut Rspo2/Etv1",-0.587155062199571,-0.766301732480598,TRUE,"higher at P21"
4.21138760730558e-10,-0.912662789378275,0.125,0.401,1.05406820423251e-05,"E330009J07Rik","BLA Glut Rspo2/Etv1",-0.740576670901581,-0.620666857569723,TRUE,"higher at P21"
4.21431129301545e-10,-0.904227075965682,0.112,0.378,1.05479997352884e-05,"Zfp277","BLA Glut Rspo2/Etv1",-0.490024203052651,-0.566194498624847,TRUE,"higher at P21"
4.33877518900498e-10,-0.85520575490735,0.081,0.32,1.08595204205606e-05,"Gm12227","BLA Glut Rspo2/Etv1",-0.889646661952457,-0.798125825611413,TRUE,"higher at P21"
4.41813532373037e-10,-0.591870749497724,0.353,0.767,1.10581509017648e-05,"Hnrnpu","BLA Glut Rspo2/Etv1",-0.495578204821427,-0.666170717021251,TRUE,"higher at P21"
4.59761319428932e-10,-0.77120294113327,0.159,0.471,1.15073660639867e-05,"Mtch1","BLA Glut Rspo2/Etv1",-0.665066148298332,-0.750335038937903,TRUE,"higher at P21"
4.61775568622591e-10,0.952522868829108,0.772,0.814,1.15577807070548e-05,"Reep1","BLA Glut Rspo2/Etv1",0.723959167250476,1.08642191390571,TRUE,"higher at P10"
4.71060709889033e-10,-0.871565984524624,0.081,0.32,1.17901785078126e-05,"Atg3","BLA Glut Rspo2/Etv1",-0.571274364742394,-0.662564948034635,TRUE,"higher at P21"
4.73904469858853e-10,-0.653296068686355,0.225,0.593,1.18613549760972e-05,"Ttyh1","BLA Glut Rspo2/Etv1",-0.512270051240792,-0.65290916130251,TRUE,"higher at P21"
4.8814508948731e-10,-0.755852600131676,0.112,0.384,1.22177834447779e-05,"Stk32c","BLA Glut Rspo2/Etv1",-0.5424167993658,-0.675062207618501,TRUE,"higher at P21"
4.94438013091834e-10,-0.655340616787533,0.116,0.39,1.23752890296755e-05,"Faim2","BLA Glut Rspo2/Etv1",-0.441170145694682,-0.47210382507545,TRUE,"higher at P21"
5.13597266624309e-10,-1.30676583865757,0.059,0.267,1.28548259863398e-05,"Lage3","BLA Glut Rspo2/Etv1",-0.645686330929004,-0.957369160895369,TRUE,"higher at P21"
5.30146309569386e-10,1.56727352315877,0.6,0.483,1.32690319822122e-05,"Eda","BLA Glut Rspo2/Etv1",1.12632799163246,1.69875121194501,TRUE,"higher at P10"
5.37254428657034e-10,-0.578603730898075,0.212,0.576,1.34469410948569e-05,"Yaf2","BLA Glut Rspo2/Etv1",-0.426849370207493,-0.555718928363659,TRUE,"higher at P21"
5.50951664575413e-10,-1.07545981467472,0.044,0.238,1.3789769212658e-05,"Mb21d2","BLA Glut Rspo2/Etv1",-0.468289655961979,-1.06987013509544,TRUE,"higher at P21"
5.53368636912206e-10,0.791994184365143,0.838,0.895,1.38502636132756e-05,"St6galnac3","BLA Glut Rspo2/Etv1",0.846966058754864,0.838399010025343,TRUE,"higher at P10"
5.67256031746576e-10,-1.10144793837813,0.1,0.349,1.4197851218585e-05,"Rilpl1","BLA Glut Rspo2/Etv1",-1.18449624228875,-0.636560306070319,TRUE,"higher at P21"
5.77500164619869e-10,-0.991447740609778,0.106,0.366,1.44542516202707e-05,"Suds3","BLA Glut Rspo2/Etv1",-0.807141276544147,-0.700926024749578,TRUE,"higher at P21"
5.93995765117851e-10,2.46884539462587,0.397,0.163,1.48671200051347e-05,"4930444A19Rik","BLA Glut Rspo2/Etv1",2.29808382170235,1.79869415002747,TRUE,"higher at P10"
5.97962327058503e-10,-1.47982939431721,0.038,0.221,1.49663990839473e-05,"Tmem59l","BLA Glut Rspo2/Etv1",-0.47249954354432,-1.05080995959967,TRUE,"higher at P21"
6.12771687634407e-10,-1.17370997663656,0.078,0.308,1.53370625698016e-05,"Hdac11","BLA Glut Rspo2/Etv1",-0.743570082144167,-0.473838567470476,TRUE,"higher at P21"
6.13067081116701e-10,-0.734523474063371,0.206,0.547,1.53444559732699e-05,"1600010M07Rik","BLA Glut Rspo2/Etv1",-0.52007659096656,-0.5773743937501,TRUE,"higher at P21"
6.28392859855251e-10,-0.654373396232541,0.138,0.424,1.57280448893171e-05,"Ccnt1","BLA Glut Rspo2/Etv1",-0.518893720441673,-0.41336614500809,TRUE,"higher at P21"
6.61276614686169e-10,-0.596917691151552,0.262,0.634,1.65510923889801e-05,"Col4a2","BLA Glut Rspo2/Etv1",-0.548398642458252,-0.451841355371638,TRUE,"higher at P21"
6.67074909685566e-10,-0.707464228948984,0.128,0.401,1.669621791452e-05,"Ptpn3","BLA Glut Rspo2/Etv1",-0.542875671598435,-0.795319609249003,TRUE,"higher at P21"
6.70029684443545e-10,-0.594210721743192,0.269,0.663,1.67701729719375e-05,"Stim2","BLA Glut Rspo2/Etv1",-0.501857026288666,-0.487255046683453,TRUE,"higher at P21"
6.78555215549449e-10,-0.875697353774542,0.062,0.279,1.69835584899872e-05,"Ero1lb","BLA Glut Rspo2/Etv1",-0.666701087555901,-0.690223539451891,TRUE,"higher at P21"
6.85189622431634e-10,-0.535786605397687,0.241,0.616,1.71496110598414e-05,"Gm48715","BLA Glut Rspo2/Etv1",-0.437515504774576,-0.648301055223048,TRUE,"higher at P21"
6.88135509255206e-10,-0.877288964335981,0.062,0.279,1.72233436611486e-05,"Emc4","BLA Glut Rspo2/Etv1",-1.10182320465774,-0.467414790494804,TRUE,"higher at P21"
7.00059541769998e-10,-0.589369221243504,0.403,0.82,1.75217902709613e-05,"Ctdspl","BLA Glut Rspo2/Etv1",-0.681974935766356,-0.53852436927179,TRUE,"higher at P21"
7.15862734400604e-10,-1.72303535205755,0.047,0.238,1.79173283793127e-05,"mt-Co1","BLA Glut Rspo2/Etv1",-1.06294972883657,-0.822637428961972,TRUE,"higher at P21"
7.61947613024473e-10,-0.755504086167198,0.125,0.401,1.90707868063895e-05,"Naxd","BLA Glut Rspo2/Etv1",-0.55859755975043,-0.597169963301607,TRUE,"higher at P21"
7.94983441376986e-10,-0.760759795953413,0.156,0.459,1.98976405542246e-05,"Pcca","BLA Glut Rspo2/Etv1",-0.43236928896327,-0.767184263761398,TRUE,"higher at P21"
7.97753213492533e-10,-1.50542971805688,0.044,0.233,1.99669651805046e-05,"Tmod1","BLA Glut Rspo2/Etv1",-0.720818882783825,-0.866898227407975,TRUE,"higher at P21"
8.05805395256573e-10,0.945791585800371,0.766,0.779,2.01685032378768e-05,"Syn3","BLA Glut Rspo2/Etv1",0.782034666346972,0.886174761877972,TRUE,"higher at P10"
8.06771538514942e-10,-0.838861540528844,0.081,0.314,2.01926848374905e-05,"Prelid3a","BLA Glut Rspo2/Etv1",-0.571274364742394,-0.59234332785577,TRUE,"higher at P21"
8.11846452385371e-10,-0.764517430902039,0.125,0.401,2.03197048567534e-05,"Mboat7","BLA Glut Rspo2/Etv1",-0.668168678698766,-0.540694850621102,TRUE,"higher at P21"
8.17416046529308e-10,-0.802130781409161,0.309,0.68,2.0459106228582e-05,"Cacng3","BLA Glut Rspo2/Etv1",-0.708407910117182,-0.707582684473338,TRUE,"higher at P21"
8.35221027659519e-10,4.48591165327676,0.241,0.029,2.09047471012901e-05,"Stk32b","BLA Glut Rspo2/Etv1",2.35501072881516,2.73056216995415,TRUE,"higher at P10"
8.3556812398105e-10,-0.629419927030414,0.125,0.401,2.09134345751217e-05,"Shisa7","BLA Glut Rspo2/Etv1",-0.505712306046626,-0.413888867812146,TRUE,"higher at P21"
8.37084348151656e-10,-1.26816003444769,0.041,0.227,2.09513841498878e-05,"Tbata","BLA Glut Rspo2/Etv1",-0.606248299376643,-1.00032302868106,TRUE,"higher at P21"
8.56642226806868e-10,-1.43786515447235,0.05,0.244,2.14408982947491e-05,"Cdh12","BLA Glut Rspo2/Etv1",-0.798499431668104,-1.11061525818376,TRUE,"higher at P21"
8.77391113592267e-10,-1.30788720754744,0.041,0.227,2.19602221821009e-05,"Tada3","BLA Glut Rspo2/Etv1",-0.740721082980405,-0.829087940500515,TRUE,"higher at P21"
8.95120940641192e-10,0.502974956962965,0.991,0.988,2.24039820233084e-05,"Ralyl","BLA Glut Rspo2/Etv1",0.578471715537276,0.445604520533654,TRUE,"higher at P10"
9.01120922737299e-10,-1.7278811024696,0.031,0.203,2.25541555751918e-05,"Scn2b","BLA Glut Rspo2/Etv1",-0.775849346812462,-0.610201133400529,TRUE,"higher at P21"
9.02485508068691e-10,-1.17504661836455,0.044,0.233,2.25883097814513e-05,"Mtm1","BLA Glut Rspo2/Etv1",-0.881014912794901,-1.04085324917854,TRUE,"higher at P21"
9.18374219669525e-10,-0.597820780714792,0.159,0.465,2.29859883441085e-05,"9330175M20Rik","BLA Glut Rspo2/Etv1",-0.470483602511397,-0.748610187766179,TRUE,"higher at P21"
9.28224991549824e-10,0.519971940163825,0.953,0.971,2.32325433135006e-05,"Slc8a1","BLA Glut Rspo2/Etv1",0.597154193564317,0.447688431527577,TRUE,"higher at P10"
9.34621920935518e-10,0.695960294014973,0.912,0.924,2.33926520590951e-05,"Msra","BLA Glut Rspo2/Etv1",0.677495950497628,0.633475486699037,TRUE,"higher at P10"
9.38810860870635e-10,-0.752471458864569,0.097,0.349,2.34974970367311e-05,"Dnajc8","BLA Glut Rspo2/Etv1",-0.65787172457711,-0.472865414352565,TRUE,"higher at P21"
9.56112157754368e-10,-1.0552026150095,0.05,0.25,2.39305311964341e-05,"Cep19","BLA Glut Rspo2/Etv1",-0.854818338190271,-0.583436492689561,TRUE,"higher at P21"
9.68082629832465e-10,-0.698374750609008,0.303,0.686,2.42301401420768e-05,"1700110K17Rik","BLA Glut Rspo2/Etv1",-0.594927511547659,-0.650554848919733,TRUE,"higher at P21"
9.80485834127858e-10,-0.682417199732843,0.647,0.93,2.45405799423862e-05,"Pi4ka","BLA Glut Rspo2/Etv1",-0.630592837849618,-0.634613475618538,TRUE,"higher at P21"
9.87744453196926e-10,-1.34945779047209,0.031,0.203,2.47222559190659e-05,"Kctd6","BLA Glut Rspo2/Etv1",-0.674161167481568,-0.784210913962637,TRUE,"higher at P21"
9.92257299511445e-10,-0.675192676889134,0.203,0.541,2.4835207949472e-05,"Slc38a9","BLA Glut Rspo2/Etv1",-0.813980292551849,-0.5773743937501,TRUE,"higher at P21"
9.9720618208114e-10,-1.07523529300886,0.091,0.331,2.49590735313089e-05,"Usp28","BLA Glut Rspo2/Etv1",-0.730219731015149,-0.63020058914784,TRUE,"higher at P21"
1.01484400862045e-09,-0.54378451038059,0.228,0.581,2.54005306917612e-05,"Clstn3","BLA Glut Rspo2/Etv1",-0.578102793471673,-0.427810407967027,TRUE,"higher at P21"
1.08559641837575e-09,-0.754725826159022,0.175,0.494,2.71713927555266e-05,"Cep70","BLA Glut Rspo2/Etv1",-0.701274346816871,-0.412184105495443,TRUE,"higher at P21"
1.09553189885267e-09,-0.695911093183434,0.141,0.43,2.74200678963836e-05,"Nphp4","BLA Glut Rspo2/Etv1",-0.821600693294612,-0.553800194633181,TRUE,"higher at P21"
1.14722887340492e-09,-0.868490038597122,0.122,0.39,2.87139914724517e-05,"Kcnj13","BLA Glut Rspo2/Etv1",-0.463567348656161,-0.572113205057994,TRUE,"higher at P21"
1.17503156340431e-09,-0.676061495492842,0.312,0.674,2.94098650004465e-05,"Oprm1","BLA Glut Rspo2/Etv1",-0.723637448339342,-0.607121091663085,TRUE,"higher at P21"
1.18888497839001e-09,-0.51384403672352,0.713,0.942,2.97566021241235e-05,"Aak1","BLA Glut Rspo2/Etv1",-0.550174846082328,-0.43141097946443,TRUE,"higher at P21"
1.21538477158652e-09,-0.59883920509086,0.144,0.436,3.04198654480391e-05,"Syngap1","BLA Glut Rspo2/Etv1",-0.616588099613704,-0.615834205924231,TRUE,"higher at P21"
1.22606385146879e-09,1.91615315797345,0.512,0.331,3.06871521384123e-05,"Trpc7","BLA Glut Rspo2/Etv1",1.55402756729204,1.80398713569492,TRUE,"higher at P10"
1.25634880194124e-09,-0.754702151617142,0.228,0.57,3.14451541637872e-05,"Ranbp2","BLA Glut Rspo2/Etv1",-0.411980200601145,-0.67033748240279,TRUE,"higher at P21"
1.2646049407412e-09,-0.661226059490358,0.453,0.831,3.16517970618114e-05,"Nyap2","BLA Glut Rspo2/Etv1",-0.574453780015412,-0.556822834085132,TRUE,"higher at P21"
1.26729394134755e-09,-0.876182680594116,0.084,0.32,3.17191000579878e-05,"Ly6e","BLA Glut Rspo2/Etv1",-0.450316115574485,-0.729541360590235,TRUE,"higher at P21"
1.33632253779466e-09,-1.52857497743567,0.038,0.215,3.34468167984625e-05,"Fam160b2","BLA Glut Rspo2/Etv1",-0.567556309244928,-0.829087940500515,TRUE,"higher at P21"
1.4353767892369e-09,-1.39211321053566,0.056,0.256,3.59260456578103e-05,"Whamm","BLA Glut Rspo2/Etv1",-0.764841481749186,-0.772680397788282,TRUE,"higher at P21"
1.43545933913753e-09,-0.816700165072646,0.144,0.424,3.59281117992733e-05,"Ap2a1","BLA Glut Rspo2/Etv1",-0.544917687016932,-0.659058536888121,TRUE,"higher at P21"
1.45929540772793e-09,-0.540439321996245,0.103,0.355,3.65247047600224e-05,"Osbpl2","BLA Glut Rspo2/Etv1",-0.526346888563648,-0.478448845316654,TRUE,"higher at P21"
1.47751998203679e-09,-0.602401195381963,0.162,0.465,3.69808476303987e-05,"Slc9a1","BLA Glut Rspo2/Etv1",-0.523865630762683,-0.50076971493809,TRUE,"higher at P21"
1.49747055558019e-09,-0.840409798952575,0.081,0.308,3.74801905356165e-05,"Stx1b","BLA Glut Rspo2/Etv1",-0.689495166543613,-0.58901483877174,TRUE,"higher at P21"
1.50270237287764e-09,-0.570209506815441,0.375,0.808,3.76111376907545e-05,"Gtf2i","BLA Glut Rspo2/Etv1",-0.49114556332442,-0.55192100952519,TRUE,"higher at P21"
1.57332576232246e-09,0.746121873310184,0.869,0.913,3.93787705051689e-05,"Camta1","BLA Glut Rspo2/Etv1",0.634770675079253,0.739427088635941,TRUE,"higher at P10"
1.57342023206451e-09,-0.557113723695331,0.084,0.32,3.93811349883427e-05,"Gm19605","BLA Glut Rspo2/Etv1",-0.417425534074576,-0.551635175751714,TRUE,"higher at P21"
1.61640738549404e-09,-0.743534326031327,0.078,0.308,4.04570604515302e-05,"Fam76b","BLA Glut Rspo2/Etv1",-0.58251424801629,-0.620219640772892,TRUE,"higher at P21"
1.61862495963762e-09,-0.903577393603342,0.1,0.343,4.051256411477e-05,"Chrd","BLA Glut Rspo2/Etv1",-0.474890462096835,-0.925497499763995,TRUE,"higher at P21"
1.62189081518395e-09,-0.515507427380126,0.119,0.39,4.0594305213239e-05,"Birc2","BLA Glut Rspo2/Etv1",-0.46551523049507,-0.566194498624847,TRUE,"higher at P21"
1.62461844203801e-09,1.45359985785383,0.603,0.535,4.06625749857695e-05,"Ctif","BLA Glut Rspo2/Etv1",1.00325257768078,1.47726926055294,TRUE,"higher at P10"
1.68306835974873e-09,-0.777200598966617,0.297,0.663,4.2125517976151e-05,"Abl2","BLA Glut Rspo2/Etv1",-0.781630711819786,-0.466304425776743,TRUE,"higher at P21"
1.83007129977457e-09,-0.65861075142151,0.272,0.651,4.58048545620578e-05,"Pias1","BLA Glut Rspo2/Etv1",-0.786928636896999,-0.419051396576036,TRUE,"higher at P21"
1.87898386739942e-09,-1.32682475814907,0.038,0.215,4.702908721714e-05,"Mpv17","BLA Glut Rspo2/Etv1",-0.820085536066774,-0.72988735128162,TRUE,"higher at P21"
1.91665463564568e-09,-0.613733363175041,0.122,0.395,4.79719488755758e-05,"Naa16","BLA Glut Rspo2/Etv1",-0.414610531757446,-0.442977690089465,TRUE,"higher at P21"
1.92024489230478e-09,-0.782061024362262,0.112,0.372,4.80618094094964e-05,"Gm47350","BLA Glut Rspo2/Etv1",-0.693668326702511,-0.507418250704443,TRUE,"higher at P21"
1.93204323475314e-09,-1.6107474973505,0.053,0.244,4.83571101226363e-05,"Gm16214","BLA Glut Rspo2/Etv1",-0.739361219931053,-0.97699616459593,TRUE,"higher at P21"
1.9328354584859e-09,-0.931660193766147,0.047,0.238,4.83769386904436e-05,"Arpp19","BLA Glut Rspo2/Etv1",-0.594270224388346,-0.944889321505089,TRUE,"higher at P21"
2.01803105469292e-09,-0.632069342828147,0.244,0.599,5.05092992679091e-05,"Fmn1","BLA Glut Rspo2/Etv1",-0.411474107223362,-0.496377881973055,TRUE,"higher at P21"
2.08150887960727e-09,-0.767075021656446,0.144,0.43,5.20980857476904e-05,"Stx12","BLA Glut Rspo2/Etv1",-0.694179116435924,-0.435366073910678,TRUE,"higher at P21"
2.09765369650279e-09,-1.19411961307371,0.062,0.267,5.25021743697682e-05,"Gm29626","BLA Glut Rspo2/Etv1",-0.680148313238796,-0.729689076056134,TRUE,"higher at P21"
2.19050460425001e-09,-1.15202864749918,0.059,0.262,5.48261397397736e-05,"Catsper2","BLA Glut Rspo2/Etv1",-0.537067512756359,-0.729689076056134,TRUE,"higher at P21"
2.19642544968256e-09,-0.828044857738478,0.119,0.372,5.49743325801047e-05,"Hlf","BLA Glut Rspo2/Etv1",-0.929294409552606,-0.51563809237749,TRUE,"higher at P21"
2.23184115207758e-09,-0.699781293595679,0.234,0.57,5.58607521953497e-05,"4933424G05Rik","BLA Glut Rspo2/Etv1",-0.787909639402227,-0.627040007190447,TRUE,"higher at P21"
2.25093146169989e-09,-2.06752695863926,0.038,0.209,5.63385635548864e-05,"Efcab6","BLA Glut Rspo2/Etv1",-0.91632028355393,-0.825755370437884,TRUE,"higher at P21"
2.43737230795476e-09,-1.37815898280131,0.047,0.233,6.10049914957997e-05,"Hspa5","BLA Glut Rspo2/Etv1",-0.748859907582999,-0.531155197133939,TRUE,"higher at P21"
2.52719513346634e-09,-0.825609955179183,0.084,0.314,6.32531669955289e-05,"Ensa","BLA Glut Rspo2/Etv1",-0.596206702546424,-0.69716230653021,TRUE,"higher at P21"
2.5321379226121e-09,-0.64489562507845,0.241,0.576,6.33768800650582e-05,"4930567K12Rik","BLA Glut Rspo2/Etv1",-0.7432484966028,-0.632566263870982,TRUE,"higher at P21"
2.54316845368637e-09,-0.681953456027826,0.084,0.314,6.36529632273162e-05,"Rad51ap2","BLA Glut Rspo2/Etv1",-0.678098632394834,-0.523543389022407,TRUE,"higher at P21"
2.56547862540081e-09,-0.74799282160085,0.266,0.622,6.4211364515157e-05,"Sorl1","BLA Glut Rspo2/Etv1",-0.533456343297452,-0.582398971395722,TRUE,"higher at P21"
2.58451954685686e-09,0.801630842095488,0.816,0.802,6.46879397382803e-05,"Cdh4","BLA Glut Rspo2/Etv1",0.750510832134524,0.703093903009282,TRUE,"higher at P10"
2.62628854680129e-09,-0.846930503823698,0.106,0.355,6.57333760378894e-05,"Lrriq1","BLA Glut Rspo2/Etv1",-0.70824923062298,-0.586738366745414,TRUE,"higher at P21"
2.69848173555424e-09,-1.21797463802852,0.05,0.238,6.75402993591871e-05,"Sept9","BLA Glut Rspo2/Etv1",-1.04590730492565,-0.775453223652863,TRUE,"higher at P21"
2.84051167706979e-09,1.33479606661817,0.675,0.68,7.10951667653797e-05,"Gap43","BLA Glut Rspo2/Etv1",1.44314968495317,1.15930605246925,TRUE,"higher at P10"
2.87215467788155e-09,-0.571583791279904,0.175,0.488,7.18871594326973e-05,"Tpm1","BLA Glut Rspo2/Etv1",-0.449499212453143,-0.466578146403036,TRUE,"higher at P21"
2.89480599754788e-09,-0.647360823639897,0.125,0.395,7.24540993126259e-05,"Zfp182","BLA Glut Rspo2/Etv1",-0.547022463468242,-0.448062517863549,TRUE,"higher at P21"
2.97533827514523e-09,-0.744358692756516,0.059,0.262,7.44697416886099e-05,"Snw1","BLA Glut Rspo2/Etv1",-0.419275832907781,-0.647434962815715,TRUE,"higher at P21"
2.97670184155588e-09,-1.77894139583891,0.041,0.215,7.4503870392302e-05,"Ndst4","BLA Glut Rspo2/Etv1",-0.867540561189589,-1.10724979811546,TRUE,"higher at P21"
2.991945702809e-09,-0.680152597297335,0.272,0.622,7.48854089956066e-05,"Smap1","BLA Glut Rspo2/Etv1",-0.807883675400937,-0.479966687013673,TRUE,"higher at P21"
3.01514627514365e-09,-0.56217340040527,0.325,0.727,7.54660961205705e-05,"Dnm1","BLA Glut Rspo2/Etv1",-0.648857889472804,-0.477719895575011,TRUE,"higher at P21"
3.01890800519281e-09,-1.37862038522739,0.059,0.256,7.55602484619708e-05,"Zbbx","BLA Glut Rspo2/Etv1",-0.841095498575983,-0.848015904834852,TRUE,"higher at P21"
3.1315131374646e-09,-1.23513904875313,0.091,0.314,7.83786423176015e-05,"Gm32014","BLA Glut Rspo2/Etv1",-0.567842778111449,-0.792115128246321,TRUE,"higher at P21"
3.23633745944951e-09,-0.993380864068747,0.125,0.384,8.10022902725619e-05,"Tmem189","BLA Glut Rspo2/Etv1",-0.77813576294701,-0.461920279263957,TRUE,"higher at P21"
3.46165233654992e-09,-1.3148461954241,0.034,0.203,8.6641696331508e-05,"Uchl4","BLA Glut Rspo2/Etv1",-0.674161167481568,-0.982847159593131,TRUE,"higher at P21"
3.47686457559698e-09,-0.61218885776097,0.388,0.791,8.70224434626169e-05,"Kcnb1","BLA Glut Rspo2/Etv1",-0.569040546531334,-0.541085313850349,TRUE,"higher at P21"
3.53131471055848e-09,-0.705659650312591,0.4,0.75,8.83852758905682e-05,"Myrip","BLA Glut Rspo2/Etv1",-0.724127114120521,-0.504363755095442,TRUE,"higher at P21"
3.59991927531564e-09,-0.624440019476627,0.181,0.5,9.01023795418752e-05,"Tex2","BLA Glut Rspo2/Etv1",-0.510703476974303,-0.407708255841445,TRUE,"higher at P21"
3.67882109762005e-09,-1.27705322377204,0.069,0.273,9.20772132523322e-05,"Ppwd1","BLA Glut Rspo2/Etv1",-0.633810506055992,-0.520787441599665,TRUE,"higher at P21"
3.6993964894134e-09,-0.571679988153007,0.85,0.959,9.25921947335281e-05,"Ctnna3","BLA Glut Rspo2/Etv1",-0.578911419974788,-0.707797199511015,TRUE,"higher at P21"
3.72681381066288e-09,2.96500278884502,0.359,0.151,9.32784228670811e-05,"Cacng4","BLA Glut Rspo2/Etv1",1.82360518317633,2.31785686878999,TRUE,"higher at P10"
3.86142740559016e-09,-0.622102832578556,0.469,0.849,9.66476665345161e-05,"Gm15810","BLA Glut Rspo2/Etv1",-0.681857639123137,-0.703265108562693,TRUE,"higher at P21"
3.93520599137564e-09,0.532671728830512,0.953,0.965,9.84942707581409e-05,"Sobp","BLA Glut Rspo2/Etv1",0.414480231890584,0.517661048291586,TRUE,"higher at P10"
3.96132617268227e-09,-0.681154131821785,0.428,0.802,9.91480327760645e-05,"Pcsk2os2","BLA Glut Rspo2/Etv1",-0.62719303469767,-0.683847418522295,TRUE,"higher at P21"
3.97722348195556e-09,-0.571197911871152,0.216,0.558,9.95459265298657e-05,"Speg","BLA Glut Rspo2/Etv1",-0.442500408485119,-0.65041906350135,TRUE,"higher at P21"
3.98410905177405e-09,-0.907785753154352,0.091,0.32,9.97182654568527e-05,"Cacng2","BLA Glut Rspo2/Etv1",-1.04104074738168,-0.662564948034635,TRUE,"higher at P21"
3.99154646690723e-09,-0.769781876475055,0.241,0.57,9.9904416520221e-05,"Gm29237","BLA Glut Rspo2/Etv1",-0.493263255794066,-0.849908602667413,TRUE,"higher at P21"
4.39680207311208e-09,1.49220803043931,0.588,0.488,0.000110047559087922,"Gm4258","BLA Glut Rspo2/Etv1",1.33420344115175,1.23201645238526,TRUE,"higher at P10"
4.40154550843983e-09,-0.51725887655543,0.147,0.43,0.000110166282530741,"Kcnc1","BLA Glut Rspo2/Etv1",-0.638588028516291,-0.407936479791062,TRUE,"higher at P21"
4.544027874983e-09,-0.540275588465201,0.791,0.959,0.00011373247368295,"Galnt17","BLA Glut Rspo2/Etv1",-0.66052819433582,-0.572970657234347,TRUE,"higher at P21"
4.65677031081885e-09,-0.727293518139519,0.066,0.273,0.000116554304109485,"Cep85","BLA Glut Rspo2/Etv1",-0.600152556137073,-0.520787441599665,TRUE,"higher at P21"
4.68359326222096e-09,-0.784665002944397,0.128,0.395,0.000117225655760128,"Baz1b","BLA Glut Rspo2/Etv1",-0.612051382765804,-0.442977690089465,TRUE,"higher at P21"
4.69237591274599e-09,-0.760967911887037,0.153,0.43,0.000117445476720119,"Trpc6","BLA Glut Rspo2/Etv1",-0.452305286630908,-0.627055748301625,TRUE,"higher at P21"
4.72531107914256e-09,-0.534480639778516,0.797,0.965,0.000118269810999859,"Tmeff2","BLA Glut Rspo2/Etv1",-0.452001289300115,-0.541457506957382,TRUE,"higher at P21"
5.01318087647021e-09,-1.36643409293613,0.044,0.221,0.000125474904157173,"Gm49227","BLA Glut Rspo2/Etv1",-0.468289655961979,-1.0314961603288,TRUE,"higher at P21"
5.10072993159756e-09,-1.43952605763384,0.078,0.285,0.000127666169457955,"Gm11290","BLA Glut Rspo2/Etv1",-1.38013391394791,-1.0811383026754,TRUE,"higher at P21"
5.12704609207793e-09,-1.20617346325242,0.044,0.221,0.000128324836638619,"Grhl2","BLA Glut Rspo2/Etv1",-0.881014912794901,-0.627119124807389,TRUE,"higher at P21"
5.1819397197125e-09,-1.09724283989917,0.059,0.256,0.000129698769244684,"Zfp30","BLA Glut Rspo2/Etv1",-0.92969495694392,-0.729689076056134,TRUE,"higher at P21"
5.34310347444385e-09,-0.519514805117554,0.084,0.314,0.000133732536861855,"Gm15813","BLA Glut Rspo2/Etv1",-0.861496175582686,-0.480154110122538,TRUE,"higher at P21"
5.35152341106683e-09,-0.773450436001435,0.203,0.517,0.000133943279455592,"Atf6","BLA Glut Rspo2/Etv1",-0.412489265769239,-0.761233206747407,TRUE,"higher at P21"
5.77258908263114e-09,-0.792642771954677,0.1,0.337,0.000144482132149175,"Tmem38a","BLA Glut Rspo2/Etv1",-0.653280521013837,-0.408227225137789,TRUE,"higher at P21"
6.04293580619206e-09,-0.659297967752492,0.072,0.285,0.000151248640293181,"Ociad2","BLA Glut Rspo2/Etv1",-0.554455541818296,-0.577977993714286,TRUE,"higher at P21"
6.18099071344648e-09,-0.614998873760165,0.241,0.581,0.000154704016566852,"Rsf1os2","BLA Glut Rspo2/Etv1",-0.479334633258798,-0.742954554064335,TRUE,"higher at P21"
6.19705199562019e-09,-0.679643284628882,0.484,0.82,0.000155106014398378,"Dlg1","BLA Glut Rspo2/Etv1",-0.57055054542658,-0.895190691389672,TRUE,"higher at P21"
6.34305988504591e-09,-1.54442669665391,0.075,0.279,0.000158760445862814,"Slc25a25","BLA Glut Rspo2/Etv1",-0.516358255777422,-0.694873146982192,TRUE,"higher at P21"
6.35606811480484e-09,-0.764772895077364,0.147,0.419,0.00015908602884545,"Mras","BLA Glut Rspo2/Etv1",-0.600300424648758,-0.488708622471947,TRUE,"higher at P21"
6.59528780822175e-09,-0.933630682525977,0.066,0.267,0.000165073458551982,"Gm15558","BLA Glut Rspo2/Etv1",-0.730314754976527,-0.565048240045668,TRUE,"higher at P21"
6.80996028661015e-09,-1.0503382610808,0.131,0.378,0.000170446496013565,"Nrp1","BLA Glut Rspo2/Etv1",-0.635357480283825,-1.56662304598388,TRUE,"higher at P21"
7.02279311586265e-09,-0.886692831596534,0.081,0.297,0.000175773488896926,"Scube3","BLA Glut Rspo2/Etv1",-0.571274364742394,-0.627881340949693,TRUE,"higher at P21"
7.20129652085004e-09,-0.521483973000797,0.497,0.884,0.000180241250620356,"Svop","BLA Glut Rspo2/Etv1",-0.639233552201577,-0.493988838242871,TRUE,"higher at P21"
7.30605672795319e-09,1.20657137887328,0.634,0.599,0.00018286329384394,"Lrch1","BLA Glut Rspo2/Etv1",1.04312159773314,1.2621177431191,TRUE,"higher at P10"
7.59129768487515e-09,-0.637713501074952,0.175,0.471,0.00019000258975474,"Chrm1","BLA Glut Rspo2/Etv1",-0.483086572947478,-0.452081985893969,TRUE,"higher at P21"
7.95609218390206e-09,-0.685642941727849,0.075,0.285,0.000199133031270885,"Sccpdh","BLA Glut Rspo2/Etv1",-0.613299234514024,-0.694034883739487,TRUE,"higher at P21"
8.11502843448373e-09,-0.60625289047655,0.637,0.907,0.000203111046686693,"Zdhhc14","BLA Glut Rspo2/Etv1",-0.64829395743544,-0.59442988876173,TRUE,"higher at P21"
8.12625341097412e-09,-0.580235748286663,0.147,0.424,0.000203391996623271,"P4htm","BLA Glut Rspo2/Etv1",-0.613687999686924,-0.445039212972458,TRUE,"higher at P21"
8.47530561835074e-09,-0.758999104929214,0.047,0.227,0.000212128424321701,"Cnbd2","BLA Glut Rspo2/Etv1",-0.544521267880348,-0.639814586323348,TRUE,"higher at P21"
8.67150567981715e-09,-1.31507466754811,0.066,0.262,0.000217039115660143,"Mettl7a1","BLA Glut Rspo2/Etv1",-0.533637616169347,-1.0184622189005,TRUE,"higher at P21"
9.35166201440683e-09,-0.715046423204725,0.15,0.424,0.000234062748558588,"Tmem234","BLA Glut Rspo2/Etv1",-0.413829344104101,-0.428602345190784,TRUE,"higher at P21"
9.44521563815025e-09,-1.07779336780267,0.053,0.238,0.000236404302207263,"Gm13830","BLA Glut Rspo2/Etv1",-0.627944912284317,-0.684101677574036,TRUE,"higher at P21"
9.58565817423735e-09,-0.647825289028855,0.109,0.355,0.000239919438442987,"Slc25a3","BLA Glut Rspo2/Etv1",-0.467604265535926,-0.498537944916694,TRUE,"higher at P21"
9.8467941076629e-09,-0.694966154339301,0.128,0.384,0.000246455409720695,"Rtn4r","BLA Glut Rspo2/Etv1",-0.639432797346105,-0.491009101541277,TRUE,"higher at P21"
9.91127921982326e-09,-0.656168337185136,0.128,0.39,0.000248069407592956,"Nt5dc1","BLA Glut Rspo2/Etv1",-0.689118546425931,-0.451607418450202,TRUE,"higher at P21"
1.00448856794447e-08,-0.526045381564617,0.075,0.291,0.000251413443670822,"Gnptg","BLA Glut Rspo2/Etv1",-0.521564960318387,-0.693154265015551,TRUE,"higher at P21"
1.0611229000004e-08,-0.817405317472441,0.288,0.61,0.0002655884506411,"Sgcz","BLA Glut Rspo2/Etv1",-1.1879250465043,-0.854516068267579,TRUE,"higher at P21"
1.09729539830949e-08,-0.83095105651877,0.106,0.343,0.000274642065242883,"Ap3m2","BLA Glut Rspo2/Etv1",-0.730183834374868,-0.507549021437507,TRUE,"higher at P21"
1.11527936875722e-08,-1.15662817852737,0.066,0.262,0.000279143273206244,"Gm39436","BLA Glut Rspo2/Etv1",-0.769758245616073,-0.56023093223921,TRUE,"higher at P21"
1.11536087276871e-08,0.818702264049387,0.822,0.901,0.00027916367284528,"Clasp2","BLA Glut Rspo2/Etv1",0.808021896206978,0.709784819786499,TRUE,"higher at P10"
1.15411408789194e-08,-0.74650036801578,0.088,0.308,0.000288863215058473,"Bbs5","BLA Glut Rspo2/Etv1",-0.5389100058556,-0.447789751235744,TRUE,"higher at P21"
1.16348796573605e-08,1.16996302681644,0.666,0.692,0.000291209402944075,"Klf7","BLA Glut Rspo2/Etv1",1.08585553773133,1.13236517045082,TRUE,"higher at P10"
1.17475956136612e-08,-1.22267110737865,0.041,0.209,0.000294030570614325,"Btf3l4","BLA Glut Rspo2/Etv1",-0.520810676254404,-0.921904082244921,TRUE,"higher at P21"
1.21958851456389e-08,-0.604557543932401,0.219,0.541,0.000305250809310196,"A430090L17Rik","BLA Glut Rspo2/Etv1",-0.587698635939248,-0.511810592497903,TRUE,"higher at P21"
1.24550342557094e-08,1.20972351877796,0.644,0.645,0.000311737052386151,"Mast2","BLA Glut Rspo2/Etv1",1.11261367103183,1.15065975233023,TRUE,"higher at P10"
1.37864263360094e-08,-0.655096119765175,0.059,0.25,0.000345060464763978,"Zdhhc1","BLA Glut Rspo2/Etv1",-0.645686330929004,-0.64504399714739,TRUE,"higher at P21"
1.39137058066231e-08,-0.563372983384979,0.088,0.308,0.000348246142633969,"Rhobtb2","BLA Glut Rspo2/Etv1",-0.416432785127093,-0.502564666048284,TRUE,"higher at P21"
1.5445145067465e-08,-1.00523709837832,0.15,0.407,0.000386576535893582,"Cfap54","BLA Glut Rspo2/Etv1",-0.713264686616089,-0.479141614784518,TRUE,"higher at P21"
1.59939675273726e-08,-0.563760459433633,0.594,0.895,0.000400313013242608,"Sidt1","BLA Glut Rspo2/Etv1",-0.506829530977602,-0.716766185949422,TRUE,"higher at P21"
1.62711769085189e-08,-1.32143380628813,0.066,0.256,0.000407251286843319,"Ufsp2","BLA Glut Rspo2/Etv1",-0.418678018964383,-0.767006074062902,TRUE,"higher at P21"
1.66018453819343e-08,-0.636605080288774,0.506,0.831,0.000415527588064432,"Galnt13","BLA Glut Rspo2/Etv1",-0.867308426790456,-0.507467038631102,TRUE,"higher at P21"
1.67511676079771e-08,-0.852237541077453,0.066,0.262,0.000419264974060059,"St6gal2","BLA Glut Rspo2/Etv1",-0.722706004784007,-0.569597735485915,TRUE,"higher at P21"
1.70577673529107e-08,-0.534481090144389,0.081,0.297,0.000426938859076001,"Ywhah","BLA Glut Rspo2/Etv1",-0.452352049176836,-0.501892811994174,TRUE,"higher at P21"
1.72078147298559e-08,-0.71032782426303,0.084,0.297,0.000430694394873564,"Ackr4","BLA Glut Rspo2/Etv1",-0.698565508783232,-0.697858399853016,TRUE,"higher at P21"
1.73096829235656e-08,-0.554772937490977,0.169,0.459,0.000433244053893923,"1600020E01Rik","BLA Glut Rspo2/Etv1",-0.57197502779094,-0.440155952702603,TRUE,"higher at P21"
1.76355535247066e-08,1.65014030758893,0.578,0.483,0.000441400269169882,"Lhfpl3","BLA Glut Rspo2/Etv1",1.4147854476489,1.49924382356637,TRUE,"higher at P10"
1.84053750518128e-08,-0.604671215402723,0.659,0.942,0.000460668132171824,"Sntg1","BLA Glut Rspo2/Etv1",-0.489536740760011,-0.573086512229855,TRUE,"higher at P21"
1.91489948860487e-08,-0.785109917630813,0.153,0.424,0.000479280193002913,"Mgll","BLA Glut Rspo2/Etv1",-0.717997427795983,-0.581934449134141,TRUE,"higher at P21"
1.96676567998249e-08,-0.54080221693736,0.15,0.419,0.000492261782042817,"Ubac2","BLA Glut Rspo2/Etv1",-0.763094847853147,-0.5037624723212,TRUE,"higher at P21"
2.02103846428576e-08,1.78803043134052,0.525,0.395,0.000505845717226082,"Grip1os2","BLA Glut Rspo2/Etv1",1.60053250794302,1.72044232127488,TRUE,"higher at P10"
2.10058648123986e-08,-0.77607761298724,0.228,0.529,0.000525755790389524,"Gm16168","BLA Glut Rspo2/Etv1",-0.711824108201482,-0.60839820479768,TRUE,"higher at P21"
2.24123191721754e-08,-0.778340454482148,0.112,0.349,0.000560957936560379,"Tmem167","BLA Glut Rspo2/Etv1",-0.646910102415671,-0.569208733094072,TRUE,"higher at P21"
2.33186571749002e-08,-1.03775085459483,0.138,0.378,0.000583642670430576,"Col5a2","BLA Glut Rspo2/Etv1",-0.795383759359041,-0.479141614784518,TRUE,"higher at P21"
2.35164285021322e-08,-0.850465513674513,0.194,0.477,0.000588592688979866,"Pcsk5","BLA Glut Rspo2/Etv1",-0.499292889693374,-0.96417938020252,TRUE,"higher at P21"
2.38658456848926e-08,-0.938972893689465,0.147,0.401,0.000597338251647177,"Fhl2","BLA Glut Rspo2/Etv1",-0.894183190765978,-0.610229957697349,TRUE,"higher at P21"
2.42272615642194e-08,-0.558266444994105,0.269,0.616,0.000606384129690848,"Fras1","BLA Glut Rspo2/Etv1",-0.410781436543146,-0.68760129064947,TRUE,"higher at P21"
2.51674314365303e-08,-0.934813790776733,0.075,0.273,0.000629915641424917,"Gm20033","BLA Glut Rspo2/Etv1",-0.998742692689036,-0.655774601995525,TRUE,"higher at P21"
2.57878260214752e-08,-1.19635364470054,0.25,0.547,0.000645443497491502,"Gm15680","BLA Glut Rspo2/Etv1",-0.574204014271595,-0.972610296568867,TRUE,"higher at P21"
2.59340851405672e-08,-0.641750537903166,0.05,0.227,0.000649104216983257,"Gm12473","BLA Glut Rspo2/Etv1",-0.739361219931053,-0.537746727499163,TRUE,"higher at P21"
2.7863612579441e-08,-0.95205533019331,0.056,0.238,0.000697398359250828,"Arfgap3","BLA Glut Rspo2/Etv1",-0.615915068840425,-0.59684660402186,TRUE,"higher at P21"
2.7879194551726e-08,-0.746600064683894,0.041,0.203,0.000697788360435151,"Plpp7","BLA Glut Rspo2/Etv1",-0.699339220260521,-0.623358686448714,TRUE,"higher at P21"
2.80346327443885e-08,-0.9579751953188,0.069,0.262,0.0007016788229593,"Dnttip1","BLA Glut Rspo2/Etv1",-0.558018355567265,-0.573901168465685,TRUE,"higher at P21"
2.80585503652248e-08,-0.603066135951604,0.531,0.89,0.000702277457091211,"Mbnl2","BLA Glut Rspo2/Etv1",-0.716455038070154,-0.655760865487081,TRUE,"higher at P21"
2.88031987052627e-08,-0.847978983484518,0.094,0.314,0.000720915260394021,"St3gal2","BLA Glut Rspo2/Etv1",-0.446756297723869,-0.729486324828482,TRUE,"higher at P21"
2.89379488546686e-08,-1.017263910065,0.072,0.267,0.000724287921883501,"Ust","BLA Glut Rspo2/Etv1",-1.04576669876441,-0.537447773216807,TRUE,"higher at P21"
2.89640314202164e-08,-0.714028311319639,0.153,0.424,0.000724940742416596,"Hsp90b1","BLA Glut Rspo2/Etv1",-0.414007209405638,-0.496479584090243,TRUE,"higher at P21"
2.92787812291241e-08,-0.848438701293138,0.062,0.25,0.000732818615383748,"Mov10","BLA Glut Rspo2/Etv1",-0.746696844657623,-0.555121417812958,TRUE,"higher at P21"
2.97683434079768e-08,-0.559491613724555,0.109,0.343,0.000745071867158251,"Tmem241","BLA Glut Rspo2/Etv1",-0.415083037385828,-0.540694850621102,TRUE,"higher at P21"
2.99919586644864e-08,-0.621132609217043,0.316,0.674,0.00075066873341343,"Mink1","BLA Glut Rspo2/Etv1",-0.641606086158575,-0.503387533032353,TRUE,"higher at P21"
3.03155539156897e-08,-0.567496587828882,0.259,0.581,0.000758767998955797,"Ildr2","BLA Glut Rspo2/Etv1",-0.770222052813209,-0.577253485501703,TRUE,"higher at P21"
3.0438076413146e-08,-0.702700118865773,0.144,0.407,0.000761834614544631,"Lamc1","BLA Glut Rspo2/Etv1",-0.694179116435924,-0.462283871654273,TRUE,"higher at P21"
3.12930790570426e-08,-0.579811939654092,0.75,0.965,0.00078323447571872,"Pex5l","BLA Glut Rspo2/Etv1",-0.490535269240728,-0.708792971229676,TRUE,"higher at P21"
3.1681541772819e-08,-0.551956230925813,0.278,0.64,0.000792957309031887,"Smarca2","BLA Glut Rspo2/Etv1",-0.503777465136479,-0.420718159822736,TRUE,"higher at P21"
3.22338994710589e-08,-0.508220102788488,0.15,0.419,0.000806782269861132,"Glt8d1","BLA Glut Rspo2/Etv1",-0.515750491405708,-0.500179111578431,TRUE,"higher at P21"
3.24198552123365e-08,-0.533644082168403,0.141,0.401,0.00081143655610957,"Firre","BLA Glut Rspo2/Etv1",-0.458440711633764,-0.457706685722217,TRUE,"higher at P21"
3.33449971987159e-08,0.685683011483083,0.841,0.907,0.000834591934886659,"Dock9","BLA Glut Rspo2/Etv1",0.576235359295718,0.630190130916589,TRUE,"higher at P10"
3.34251514610363e-08,1.41471766311981,0.562,0.436,0.000836598115918277,"Mtss1","BLA Glut Rspo2/Etv1",1.15211365823565,1.47993604035492,TRUE,"higher at P10"
3.43513508803602e-08,-0.706359935206711,0.134,0.384,0.000859779961184535,"Tbc1d8","BLA Glut Rspo2/Etv1",-0.517299532298005,-0.521527924096314,TRUE,"higher at P21"
3.59004507437095e-08,-0.90383319774856,0.044,0.209,0.000898552381664305,"Atp5l","BLA Glut Rspo2/Etv1",-0.600072566977572,-0.578339402443048,TRUE,"higher at P21"
3.66252302086317e-08,-0.783272869602882,0.125,0.366,0.000916692886891843,"Gm50020","BLA Glut Rspo2/Etv1",-0.535648112975149,-0.451607418450202,TRUE,"higher at P21"
3.72660451684327e-08,-0.999145916727531,0.338,0.599,0.000932731844520701,"Npsr1","BLA Glut Rspo2/Etv1",-0.990696546630221,-0.766439203211653,TRUE,"higher at P21"
3.77852153228636e-08,-1.02595726241153,0.047,0.215,0.000945726154315954,"Gm10097","BLA Glut Rspo2/Etv1",-0.468289655961979,-0.951543306316719,TRUE,"higher at P21"
3.86034796421584e-08,1.04640998224366,0.647,0.628,0.000966206491963582,"Dok5","BLA Glut Rspo2/Etv1",1.08861505987533,1.20084890205711,TRUE,"higher at P10"
3.91547156724981e-08,-0.869701496269911,0.05,0.221,0.000980003378566955,"Il4","BLA Glut Rspo2/Etv1",-0.748859907582999,-0.682637081908457,TRUE,"higher at P21"
3.9465959410773e-08,-1.14946299855728,0.053,0.227,0.000987793498092238,"Adcy10","BLA Glut Rspo2/Etv1",-0.578792698965261,-0.771414262265036,TRUE,"higher at P21"
4.11634392995947e-08,-1.55260886280236,0.044,0.203,0.00103027972222956,"1810034E14Rik","BLA Glut Rspo2/Etv1",-0.809128572999874,-0.729763458462465,TRUE,"higher at P21"
4.26333872454404e-08,-0.758981571132983,0.162,0.424,0.00106707104936613,"Wdpcp","BLA Glut Rspo2/Etv1",-0.523865630762683,-0.50076971493809,TRUE,"higher at P21"
4.35102508362781e-08,-0.873188617721091,0.047,0.215,0.0010890180681812,"Lsm3","BLA Glut Rspo2/Etv1",-0.42110545065287,-0.63388925599436,TRUE,"higher at P21"
4.43332663022632e-08,0.501419258824785,0.903,0.924,0.00110961732227935,"Dip2c","BLA Glut Rspo2/Etv1",0.468698703055823,0.45210558473232,TRUE,"higher at P10"
4.73247254836083e-08,-1.05988560466784,0.072,0.262,0.00118449055412923,"Gm33696","BLA Glut Rspo2/Etv1",-0.590908937067174,-0.489256089556941,TRUE,"higher at P21"
4.80046125091106e-08,-0.750114436613601,0.416,0.738,0.00120150744649053,"Grik3","BLA Glut Rspo2/Etv1",-0.74953570665748,-0.530252540294588,TRUE,"higher at P21"
5.2382290431687e-08,-1.05434930415766,0.062,0.244,0.00131107634721469,"Eif1","BLA Glut Rspo2/Etv1",-0.537067512756359,-0.64504399714739,TRUE,"higher at P21"
5.26939279502154e-08,-0.679343182770827,0.103,0.331,0.00131887632266594,"Gns","BLA Glut Rspo2/Etv1",-0.549943195347508,-0.642149776829174,TRUE,"higher at P21"
5.28327408736522e-08,0.786829030509314,0.881,0.855,0.00132235067132664,"4930509J09Rik","BLA Glut Rspo2/Etv1",0.683037707741417,0.735878115624163,TRUE,"higher at P10"
6.21205133773028e-08,-0.506099477763366,0.459,0.843,0.00155481432932051,"Zmynd8","BLA Glut Rspo2/Etv1",-0.516372476071704,-0.405694073768262,TRUE,"higher at P21"
6.21640003352019e-08,-0.872687166218488,0.062,0.244,0.00155590276438977,"Sag","BLA Glut Rspo2/Etv1",-0.680148313238796,-0.729689076056134,TRUE,"higher at P21"
6.49041845359526e-08,-0.526183727755446,0.294,0.651,0.00162448683475036,"Spink10","BLA Glut Rspo2/Etv1",-0.432432007538663,-0.580826325975569,TRUE,"higher at P21"
6.62605649486999e-08,-1.07457938997716,0.047,0.209,0.00165843568010101,"Slc26a4","BLA Glut Rspo2/Etv1",-0.641454429697456,-0.866898227407975,TRUE,"higher at P21"
6.87278605954089e-08,-0.512895241199007,0.234,0.558,0.00172018962284249,"Wipf3","BLA Glut Rspo2/Etv1",-0.495747152547465,-0.511810592497903,TRUE,"higher at P21"
6.94673076302095e-08,-0.735867362058463,0.112,0.337,0.00173869724267651,"Otulinl","BLA Glut Rspo2/Etv1",-0.441779079653127,-0.559810847017592,TRUE,"higher at P21"
7.12708100277925e-08,-0.920993923050345,0.075,0.267,0.00178383710418562,"Slc30a3","BLA Glut Rspo2/Etv1",-0.618069209238923,-0.655774601995525,TRUE,"higher at P21"
7.15037917368947e-08,-0.579752038733134,0.569,0.895,0.00178966840338274,"Trerf1","BLA Glut Rspo2/Etv1",-0.656301039729012,-0.42496159144795,TRUE,"higher at P21"
7.54141616518372e-08,-0.530121353021971,0.066,0.25,0.00188754105198383,"Gm37529","BLA Glut Rspo2/Etv1",-0.418678018964383,-0.611299582264158,TRUE,"higher at P21"
8.03247261521407e-08,-0.67581948426374,0.428,0.733,0.00201044757086193,"Brinp3","BLA Glut Rspo2/Etv1",-0.786572954970703,-0.733288767207409,TRUE,"higher at P21"
8.97354309742238e-08,-1.12528345635272,0.05,0.215,0.00224598810185385,"Tsacc","BLA Glut Rspo2/Etv1",-0.673634677474715,-0.531155197133939,TRUE,"higher at P21"
9.11646231497134e-08,-0.744374526795738,0.088,0.291,0.00228175935281418,"Ppm1g","BLA Glut Rspo2/Etv1",-0.5389100058556,-0.559978968968975,TRUE,"higher at P21"
9.1948484226396e-08,-0.573776675680741,0.075,0.267,0.00230137861170247,"Rmnd5b","BLA Glut Rspo2/Etv1",-0.454593052579526,-0.692227997244403,TRUE,"higher at P21"
9.195873617318e-08,-0.588572149377111,0.091,0.297,0.00230163520767852,"Pdia6","BLA Glut Rspo2/Etv1",-0.536188555879531,-0.454509503770463,TRUE,"higher at P21"
9.27496522706145e-08,-0.613950730049063,0.091,0.297,0.00232143104668121,"Pfkm","BLA Glut Rspo2/Etv1",-0.600207136998243,-0.480154110122538,TRUE,"higher at P21"
9.3515685872133e-08,-0.615932051886222,0.106,0.326,0.00234060410169362,"Dleu2","BLA Glut Rspo2/Etv1",-0.415083037385828,-0.569208733094072,TRUE,"higher at P21"
9.54135519359641e-08,-0.989421851004428,0.05,0.215,0.00238810579140524,"Camk2n1","BLA Glut Rspo2/Etv1",-0.666047772517437,-0.588199490803962,TRUE,"higher at P21"
9.57256659810569e-08,-0.894722065269808,0.084,0.285,0.00239591769383987,"Pde6a","BLA Glut Rspo2/Etv1",-0.608741266061001,-0.547145916155037,TRUE,"higher at P21"
9.67083334139833e-08,-0.58713127078307,0.391,0.773,0.00242051287701859,"Gm17227","BLA Glut Rspo2/Etv1",-0.63099971012026,-0.487442289664678,TRUE,"higher at P21"
9.70841504046347e-08,-0.805124045795242,0.131,0.36,0.0024299192004776,"Gm31763","BLA Glut Rspo2/Etv1",-0.435265785688732,-0.750652289101591,TRUE,"higher at P21"
9.74151125726523e-08,-0.697138395705811,0.138,0.378,0.00243820285258091,"Rxrg","BLA Glut Rspo2/Etv1",-0.457676618905127,-0.614025912786575,TRUE,"higher at P21"
9.75383818269836e-08,-0.566393957059678,0.094,0.302,0.00244128815874757,"Gclc","BLA Glut Rspo2/Etv1",-0.416258438145266,-0.437327401258642,TRUE,"higher at P21"
9.93543853956589e-08,-0.595665621828278,0.347,0.703,0.00248674091206795,"Gabra3","BLA Glut Rspo2/Etv1",-0.506796107557576,-0.464515814472097,TRUE,"higher at P21"
1.0096022137495e-07,-0.635259375255656,0.144,0.395,0.00252693338079362,"Atp1a1","BLA Glut Rspo2/Etv1",-0.60310932523462,-0.562489605401271,TRUE,"higher at P21"
1.02826895299115e-07,-1.00706199660163,0.05,0.215,0.00257365436244155,"Gm16278","BLA Glut Rspo2/Etv1",-0.627944912284317,-0.485465431943541,TRUE,"higher at P21"
1.04045466162417e-07,0.739673657425187,0.8,0.791,0.00260415397257913,"Slc44a5","BLA Glut Rspo2/Etv1",0.584078713217292,0.848962341643437,TRUE,"higher at P10"
1.04714247915017e-07,-1.0184227139162,0.056,0.227,0.00262089291106495,"Ccr9","BLA Glut Rspo2/Etv1",-0.419943522925889,-0.59684660402186,TRUE,"higher at P21"
1.06143328982256e-07,-0.753951104203917,0.072,0.262,0.0026566613810969,"Mapk11","BLA Glut Rspo2/Etv1",-0.489898423338554,-0.614431388963165,TRUE,"higher at P21"
1.07164593379954e-07,-0.522106752493541,0.35,0.709,0.00268222260770686,"Sort1","BLA Glut Rspo2/Etv1",-0.58101337659263,-0.524845513356925,TRUE,"higher at P21"
1.13724310475445e-07,-0.930685190197145,0.059,0.233,0.00284640576688992,"Chpf2","BLA Glut Rspo2/Etv1",-0.540689838732141,-0.642508384910289,TRUE,"higher at P21"
1.2493060362397e-07,-0.918799779990002,0.091,0.291,0.00312688807810434,"Car12","BLA Glut Rspo2/Etv1",-0.619660291188775,-0.454509503770463,TRUE,"higher at P21"
1.26639800872884e-07,-0.697224114525724,0.053,0.221,0.00316966757604742,"Prrt1","BLA Glut Rspo2/Etv1",-0.774666590690081,-0.431218062666257,TRUE,"higher at P21"
1.2999097957478e-07,-0.785469186112039,0.056,0.227,0.00325354422777718,"Lrrc20","BLA Glut Rspo2/Etv1",-0.615915068840425,-0.549692243165883,TRUE,"higher at P21"
1.33715948770429e-07,-0.574432431722115,0.353,0.721,0.00334677648177507,"Rap1gap","BLA Glut Rspo2/Etv1",-0.497162519333914,-0.506820437689455,TRUE,"higher at P21"
1.37653284970968e-07,-0.80319817461112,0.1,0.308,0.00344532406953836,"Il34","BLA Glut Rspo2/Etv1",-0.677380072864705,-0.512318167009715,TRUE,"higher at P21"
1.40488296759967e-07,1.51846996683727,0.572,0.488,0.00351628157960522,"Thsd7a","BLA Glut Rspo2/Etv1",1.19656068341724,1.41657233086137,TRUE,"higher at P10"
1.65214529794996e-07,-0.724588946893905,0.094,0.297,0.00413515446623897,"Gm46124","BLA Glut Rspo2/Etv1",-0.588685710002854,-0.423534922584542,TRUE,"higher at P21"
1.66951372171229e-07,-1.04741530724266,0.072,0.25,0.0041786258940737,"Tex50","BLA Glut Rspo2/Etv1",-0.595416769365738,-0.651829802761637,TRUE,"higher at P21"
1.745815532264e-07,-0.832361227318893,0.084,0.279,0.00436960169570355,"Chga","BLA Glut Rspo2/Etv1",-0.596206702546424,-0.559978968968975,TRUE,"higher at P21"
1.78665829115737e-07,1.82934381433632,0.519,0.459,0.00447182703693779,"Airn","BLA Glut Rspo2/Etv1",1.46530613564575,1.60104287610047,TRUE,"higher at P10"
1.82693378571024e-07,-1.0891252765395,0.05,0.209,0.00457263257225417,"Pex19","BLA Glut Rspo2/Etv1",-0.634498124321433,-0.476907827856655,TRUE,"higher at P21"
1.94079640052e-07,-0.845813484348557,0.05,0.209,0.00485761931086151,"Bmp1","BLA Glut Rspo2/Etv1",-0.548580459197949,-0.588199490803962,TRUE,"higher at P21"
1.95513046984894e-07,2.39860521108463,0.366,0.186,0.0048934960529849,"Sema6a","BLA Glut Rspo2/Etv1",2.14382325599638,1.95480067924173,TRUE,"higher at P10"
1.9597560425068e-07,-1.13077220520436,0.066,0.238,0.00490507339879027,"Rap2b","BLA Glut Rspo2/Etv1",-0.419275832907781,-0.56023093223921,TRUE,"higher at P21"
2.06150401216566e-07,-0.647656789314987,0.05,0.209,0.00515973839204944,"Rcc2","BLA Glut Rspo2/Etv1",-0.507198596478065,-0.774024256908468,TRUE,"higher at P21"
2.07801950474977e-07,-0.832323076455666,0.047,0.203,0.0052010750184382,"Vps37b","BLA Glut Rspo2/Etv1",-0.748859907582999,-0.531155197133939,TRUE,"higher at P21"
2.10453429911864e-07,3.01268541284186,0.256,0.076,0.00526743889726405,"Ppfia4","BLA Glut Rspo2/Etv1",2.29518884251804,1.99654219813542,TRUE,"higher at P10"
2.21593282341163e-07,-1.08002412756353,0.062,0.233,0.00554625826371696,"Papss2","BLA Glut Rspo2/Etv1",-0.419275832907781,-0.916816894433192,TRUE,"higher at P21"
2.32786823717365e-07,-0.569332534973226,0.6,0.89,0.00582642141082194,"Rgs7bp","BLA Glut Rspo2/Etv1",-0.58706183929323,-0.630872437673984,TRUE,"higher at P21"
2.33269767410463e-07,-0.665641290312907,0.047,0.203,0.00583850900851649,"Gm16091","BLA Glut Rspo2/Etv1",-0.420307515262107,-0.592660225467371,TRUE,"higher at P21"
2.36172557570092e-07,0.550304684912871,0.875,0.948,0.00591116294342184,"Map2","BLA Glut Rspo2/Etv1",0.537875520557079,0.488753713731782,TRUE,"higher at P10"
2.36585522297833e-07,-0.842174262943069,0.053,0.215,0.00592149903759246,"A730081D07Rik","BLA Glut Rspo2/Etv1",-0.703170142392601,-0.537746727499163,TRUE,"higher at P21"
2.36981586776722e-07,-0.73724750141141,0.144,0.384,0.00593141213543457,"Klhl22","BLA Glut Rspo2/Etv1",-0.436536594879258,-0.430277091602601,TRUE,"higher at P21"
2.4058853813235e-07,3.02552116663895,0.266,0.087,0.00602169052091459,"Eps8","BLA Glut Rspo2/Etv1",2.30789110553089,1.77601858620451,TRUE,"higher at P10"
2.43610384518163e-07,-0.808448871727905,0.05,0.209,0.00609732431410511,"Rfwd3","BLA Glut Rspo2/Etv1",-0.466383866041753,-0.583436492689561,TRUE,"higher at P21"
2.52073090157366e-07,-0.801704592861197,0.056,0.221,0.00630913737354871,"Mdk","BLA Glut Rspo2/Etv1",-0.658883051141914,-0.639814586323348,TRUE,"higher at P21"
2.75112213953848e-07,-0.577802842550265,0.281,0.587,0.00688578360305086,"5330417C22Rik","BLA Glut Rspo2/Etv1",-0.454986183952286,-0.550916409607195,TRUE,"higher at P21"
2.80866446787091e-07,-0.50461081473999,0.241,0.547,0.00702980629663409,"Map3k3","BLA Glut Rspo2/Etv1",-0.450681451183147,-0.404235822370495,TRUE,"higher at P21"
2.81350299048791e-07,-0.533228024898447,0.219,0.512,0.0070419166348922,"Pam","BLA Glut Rspo2/Etv1",-0.490915925831005,-0.616054652187086,TRUE,"higher at P21"
3.02035895847018e-07,-0.504805353588757,0.716,0.948,0.007559656437155,"Kansl1l","BLA Glut Rspo2/Etv1",-0.508280677243104,-0.427983738089998,TRUE,"higher at P21"
3.03359996406274e-07,1.1741132077205,0.628,0.64,0.00759279735005264,"Stmn2","BLA Glut Rspo2/Etv1",1.02728280910345,1.30334757952582,TRUE,"higher at P10"
3.10955176657181e-07,-0.517496468281291,0.344,0.68,0.00778289711655259,"Igf2bp3","BLA Glut Rspo2/Etv1",-0.544324209719442,-0.802092855268964,TRUE,"higher at P21"
3.40059531428169e-07,-0.607766996601442,0.072,0.25,0.00851135001211564,"4930447A16Rik","BLA Glut Rspo2/Etv1",-0.417890066867044,-0.460190965215932,TRUE,"higher at P21"
3.74442336611297e-07,1.74927426648513,0.444,0.291,0.00937191724304415,"Dpysl3","BLA Glut Rspo2/Etv1",1.73919651576449,1.67683870472809,TRUE,"higher at P10"
3.74558132973592e-07,-0.592799825920125,0.075,0.256,0.00937481551019604,"Ecsit","BLA Glut Rspo2/Etv1",-0.453445028089676,-0.495745926438564,TRUE,"higher at P21"
2.36892080818795e-59,-0.918239561000506,1,1,5.92917189081362e-55,"Malat1","BLA Glut Tshz2/Satb1",-0.805384045778952,-0.998259355495129,TRUE,"higher at P21"
2.802191222611e-52,-3.09147430989793,0.092,0.684,7.01360441107307e-48,"Ptk2b","BLA Glut Tshz2/Satb1",-2.45041304467387,-2.47628466041195,TRUE,"higher at P21"
1.72797963917303e-51,1.1148931856456,0.995,0.908,4.32496023888618e-47,"Frmd4a","BLA Glut Tshz2/Satb1",1.06998510843171,1.10565275572485,TRUE,"higher at P10"
1.45697400862737e-47,1.13800919592384,0.983,0.916,3.64666024619344e-43,"Ctnna2","BLA Glut Tshz2/Satb1",1.01049376928176,1.06123882956391,TRUE,"higher at P10"
2.02273346738199e-46,-1.74707279944546,0.553,0.92,5.06269959551038e-42,"Car10","BLA Glut Tshz2/Satb1",-1.62369608846291,-1.67162803637458,TRUE,"higher at P21"
6.17529302141456e-46,-2.94717040938095,0.052,0.576,1.54561409032985e-41,"Rilpl1","BLA Glut Tshz2/Satb1",-2.54195324355496,-2.45625997966656,TRUE,"higher at P21"
1.3177144650321e-45,-1.92130744169249,0.374,0.856,3.29810753452885e-41,"Lncpint","BLA Glut Tshz2/Satb1",-1.81988938802405,-1.84116433295329,TRUE,"higher at P21"
3.1352460832298e-42,-2.81786039607316,0.066,0.572,7.84720742171586e-38,"Smad3","BLA Glut Tshz2/Satb1",-2.77286784813479,-2.26384215136786,TRUE,"higher at P21"
4.72719170720083e-42,-5.01615119974758,0.012,0.432,1.1831688123953e-37,"Ankrd33b","BLA Glut Tshz2/Satb1",-3.18846442777677,-3.20849633159828,TRUE,"higher at P21"
5.81924714586091e-41,-1.67208120483996,0.589,0.88,1.45649936813753e-36,"Pcsk2","BLA Glut Tshz2/Satb1",-1.66797529403418,-1.73962039711714,TRUE,"higher at P21"
6.88222877949209e-41,0.948320087690989,0.986,0.944,1.72255304121907e-36,"Grik2","BLA Glut Tshz2/Satb1",0.961975362230706,0.969060333993112,TRUE,"higher at P10"
9.54533699183803e-40,-2.54441337564928,0.09,0.604,2.38910239568714e-35,"Cap2","BLA Glut Tshz2/Satb1",-2.18154797564627,-2.33251011524446,TRUE,"higher at P21"
7.19713898197885e-38,-1.18387562534743,0.714,0.94,1.80137191579949e-33,"Camk2a","BLA Glut Tshz2/Satb1",-1.30467337807156,-1.13033796252483,TRUE,"higher at P21"
1.05860973849125e-37,-2.36919152340881,0.054,0.516,2.64959431446976e-33,"Specc1","BLA Glut Tshz2/Satb1",-2.37947100643824,-2.27264336477218,TRUE,"higher at P21"
1.14504513111709e-35,1.09846081627588,0.934,0.856,2.86593345867296e-31,"Adamtsl1","BLA Glut Tshz2/Satb1",1.73574604828727,1.03207896337811,TRUE,"higher at P10"
1.14960356884356e-35,-2.00053605809067,0.118,0.624,2.87734277245853e-31,"2210408F21Rik","BLA Glut Tshz2/Satb1",-1.8445625230513,-1.87525702213656,TRUE,"higher at P21"
8.86202275052639e-34,-2.57769666921248,0.05,0.444,2.21807567422925e-29,"Ccdc3","BLA Glut Tshz2/Satb1",-2.04557434821052,-2.33352269238568,TRUE,"higher at P21"
6.57715313696058e-33,-2.32560536640389,0.059,0.476,1.64619565864986e-28,"Kcnip2","BLA Glut Tshz2/Satb1",-2.22077554127069,-1.54007792541724,TRUE,"higher at P21"
7.41442404322477e-33,-1.76942314484276,0.267,0.784,1.85575619377873e-28,"Sv2b","BLA Glut Tshz2/Satb1",-1.48921474479131,-1.46168329129338,TRUE,"higher at P21"
6.05351320168734e-32,-2.01864865311488,0.125,0.604,1.51513381925032e-27,"Gm46367","BLA Glut Tshz2/Satb1",-1.75437657336999,-1.63125402809051,TRUE,"higher at P21"
4.7212702961744e-31,-1.67294501157084,0.496,0.872,1.18168674242949e-26,"Sgcz","BLA Glut Tshz2/Satb1",-1.84604660793819,-1.53708708152935,TRUE,"higher at P21"
1.07462825284565e-30,-2.85953737201488,0.043,0.416,2.68968705404739e-26,"Il1rap","BLA Glut Tshz2/Satb1",-1.88420978204794,-2.27940816074328,TRUE,"higher at P21"
1.56147408074344e-30,-1.69475594343287,0.388,0.796,3.90821347669277e-26,"Pde4b","BLA Glut Tshz2/Satb1",-1.66297074137597,-1.60133712387556,TRUE,"higher at P21"
4.31263875216941e-30,1.37934520282013,0.861,0.776,1.07941035328048e-25,"Grip1","BLA Glut Tshz2/Satb1",1.41920093043513,1.35101940138855,TRUE,"higher at P10"
6.90300490310858e-29,-1.73351883140701,0.123,0.572,1.72775309719905e-24,"2010300C02Rik","BLA Glut Tshz2/Satb1",-1.78298096889742,-1.79688878400511,TRUE,"higher at P21"
1.27488370966454e-28,-1.02147063757629,0.844,0.928,3.19090643691937e-24,"Grin2a","BLA Glut Tshz2/Satb1",-1.04336029263591,-0.970630694145029,TRUE,"higher at P21"
4.00852699166683e-28,-2.56874790789079,0.04,0.38,1.00329422074429e-23,"Tmem132d","BLA Glut Tshz2/Satb1",-2.28862951587916,-2.5054135326864,TRUE,"higher at P21"
7.94932002333005e-28,1.0041885220586,0.969,0.908,1.98963530863928e-23,"Pcdh7","BLA Glut Tshz2/Satb1",0.954950831402433,0.941926754579593,TRUE,"higher at P10"
9.01005226294651e-28,-0.904640130777567,0.934,0.912,2.25512598089288e-23,"Phactr1","BLA Glut Tshz2/Satb1",-0.966499231668709,-0.912983960115663,TRUE,"higher at P21"
4.69629848493904e-27,0.960151989843165,0.95,0.924,1.17543654779539e-22,"Gm26871","BLA Glut Tshz2/Satb1",1.0311378750275,0.858478006479642,TRUE,"higher at P10"
2.26655333996488e-26,0.603503692894259,1,0.94,5.6729563545981e-22,"Arpp21","BLA Glut Tshz2/Satb1",0.502877658698383,0.582251284984779,TRUE,"higher at P10"
3.59574137210063e-26,-1.43559746005395,0.158,0.612,8.99978108023066e-22,"Slc17a7","BLA Glut Tshz2/Satb1",-1.44875336987018,-0.967146820018194,TRUE,"higher at P21"
5.20979486189351e-26,-1.38700894462059,0.168,0.632,1.30395955598333e-21,"Rit2","BLA Glut Tshz2/Satb1",-1.20197634086341,-1.27201238857281,TRUE,"higher at P21"
1.12123480974154e-25,-1.48902191955933,0.118,0.552,2.8063386053021e-21,"Numb","BLA Glut Tshz2/Satb1",-1.5732127412773,-1.28767918553754,TRUE,"higher at P21"
1.72777426896432e-25,-1.01319804252468,0.719,0.92,4.3244462177908e-21,"Ryr2","BLA Glut Tshz2/Satb1",-1.00006707845057,-0.962708197017268,TRUE,"higher at P21"
2.4957637893604e-25,-2.03184561902392,0.09,0.48,6.24664718839016e-21,"Nuak1","BLA Glut Tshz2/Satb1",-1.64044047818148,-1.47804844069561,TRUE,"higher at P21"
2.75288231114406e-25,-1.74441982923627,0.175,0.604,6.89018913656247e-21,"Pcsk2os2","BLA Glut Tshz2/Satb1",-1.54705978625719,-1.65931995291124,TRUE,"higher at P21"
1.30174792349373e-24,-2.66116260025499,0.047,0.368,3.25814487771247e-20,"Cdh12","BLA Glut Tshz2/Satb1",-2.22615588338247,-1.89984369938244,TRUE,"higher at P21"
1.65235675316367e-24,-1.02241115264513,0.409,0.86,4.13568371749334e-20,"Zranb2","BLA Glut Tshz2/Satb1",-1.08996346028466,-0.913486369294902,TRUE,"higher at P21"
3.19255561306705e-24,-1.23510562627639,0.414,0.844,7.99064744394551e-20,"Zdhhc14","BLA Glut Tshz2/Satb1",-1.15477110685166,-1.19551380854305,TRUE,"higher at P21"
3.69393553252776e-24,-1.36135076901526,0.236,0.708,9.24555124436372e-20,"Olfm1","BLA Glut Tshz2/Satb1",-1.46107430218753,-1.07961495263191,TRUE,"higher at P21"
5.89761504801606e-24,-2.14597895836976,0.064,0.388,1.47611407036794e-19,"Rasgrf1","BLA Glut Tshz2/Satb1",-1.72770874381284,-1.97673180225404,TRUE,"higher at P21"
6.20820143958622e-24,1.09362735156906,0.903,0.82,1.55385073831403e-19,"Gm20754","BLA Glut Tshz2/Satb1",1.07658611185561,1.00843205967789,TRUE,"higher at P10"
6.32315468110565e-24,1.08975945320154,0.898,0.804,1.58262238513393e-19,"Tafa2","BLA Glut Tshz2/Satb1",1.06796444853461,0.9660342477025,TRUE,"higher at P10"
7.15611951761723e-24,-1.46196476824235,0.248,0.712,1.79110515406442e-19,"Bsn","BLA Glut Tshz2/Satb1",-1.44484530533767,-1.23062822319772,TRUE,"higher at P21"
9.43973557227769e-24,-2.49474803863842,0.035,0.332,2.36267141638538e-19,"Ccnd2","BLA Glut Tshz2/Satb1",-2.23373427252743,-1.50746821240279,TRUE,"higher at P21"
1.34178456080335e-23,-1.50200749575513,0.111,0.504,3.35835257723471e-19,"Susd4","BLA Glut Tshz2/Satb1",-1.24855239769451,-1.16877057967677,TRUE,"higher at P21"
1.90064036929746e-23,-1.27462310135911,0.163,0.6,4.7571127803146e-19,"Pgbd5","BLA Glut Tshz2/Satb1",-1.1407707466133,-0.884803529828148,TRUE,"higher at P21"
3.62677782864371e-23,-1.37604475753608,0.225,0.648,9.07746222731235e-19,"Brinp2","BLA Glut Tshz2/Satb1",-1.12874746406873,-1.32024611546356,TRUE,"higher at P21"
3.69291426985911e-23,0.645926290489992,0.998,0.952,9.24299512603038e-19,"Ncam2","BLA Glut Tshz2/Satb1",0.700642430532206,0.525890378951035,TRUE,"higher at P10"
4.27880137967583e-23,-2.11284362036399,0.045,0.36,1.07094119731906e-18,"Zfp831","BLA Glut Tshz2/Satb1",-1.46555187749756,-1.69624044069625,TRUE,"higher at P21"
9.19903244816204e-23,2.05767895057862,0.626,0.336,2.30242583145048e-18,"Sema6d","BLA Glut Tshz2/Satb1",1.9846863183926,2.05490659726009,TRUE,"higher at P10"
1.95413796588769e-22,-1.12912646021642,0.324,0.76,4.89101191482029e-18,"Akap8l","BLA Glut Tshz2/Satb1",-1.1263854042153,-1.09370028231326,TRUE,"higher at P21"
2.35863298385262e-22,-1.09953808422696,0.584,0.9,5.90342249528472e-18,"Gria3","BLA Glut Tshz2/Satb1",-0.900170772945162,-1.078609703444,TRUE,"higher at P21"
3.30772055583796e-22,-2.03414055212271,0.033,0.312,8.27889377920684e-18,"Tek","BLA Glut Tshz2/Satb1",-1.46694119818502,-1.5562644268346,TRUE,"higher at P21"
4.1037506361724e-22,-1.52297887745634,0.095,0.448,1.02712774672759e-17,"Hgf","BLA Glut Tshz2/Satb1",-1.42473245720825,-1.14783577513592,TRUE,"higher at P21"
4.21024701367068e-22,-1.38169453567655,0.104,0.468,1.05378272505164e-17,"Ttyh1","BLA Glut Tshz2/Satb1",-1.34902016026666,-1.08131604249635,TRUE,"higher at P21"
4.98736555635407e-22,-2.10260630476112,0.045,0.348,1.24828772509986e-17,"Ccsap","BLA Glut Tshz2/Satb1",-1.50631219724183,-1.58871477495866,TRUE,"higher at P21"
5.24879811171567e-22,-1.74492155850036,0.298,0.696,1.31372167938132e-17,"Etl4","BLA Glut Tshz2/Satb1",-1.62311911466173,-1.41405304679192,TRUE,"higher at P21"
1.55744941405401e-21,-1.83078820299481,0.035,0.32,3.89814013843577e-17,"Kcnj9","BLA Glut Tshz2/Satb1",-1.49011890775223,-1.45843300784442,TRUE,"higher at P21"
1.56143584152565e-21,-1.65006444119353,0.099,0.452,3.90811776775455e-17,"Rasgrp1","BLA Glut Tshz2/Satb1",-1.45965415891242,-1.47844230219225,TRUE,"higher at P21"
2.08950306174477e-21,-0.614960473517647,0.983,0.968,5.22981721324098e-17,"Dlgap1","BLA Glut Tshz2/Satb1",-0.591806662824592,-0.643356858698964,TRUE,"higher at P21"
2.10494007526443e-21,-2.02099764286556,0.071,0.38,5.26845451437935e-17,"Zeb1","BLA Glut Tshz2/Satb1",-1.40496716807379,-1.4767768189712,TRUE,"higher at P21"
2.1292989235699e-21,0.956248735816895,0.879,0.808,5.32942227580311e-17,"Aff3","BLA Glut Tshz2/Satb1",0.84523212594556,0.81873139820795,TRUE,"higher at P10"
2.17412994701676e-21,-1.48058591799221,0.156,0.56,5.44162984438824e-17,"Prkag2","BLA Glut Tshz2/Satb1",-1.33772553256606,-1.38317704179661,TRUE,"higher at P21"
2.27535528434162e-21,-2.23779078520731,0.031,0.292,5.69498674117864e-17,"Itpka","BLA Glut Tshz2/Satb1",-1.60002016703431,-1.45186368086636,TRUE,"higher at P21"
2.60934267195868e-21,0.842976481556158,0.943,0.868,6.53092377364538e-17,"Ldb2","BLA Glut Tshz2/Satb1",0.804130734982442,0.828419837618522,TRUE,"higher at P10"
2.64423943578502e-21,0.849603025487753,0.898,0.86,6.61826688382632e-17,"Rian","BLA Glut Tshz2/Satb1",0.79853579788128,0.892698221962711,TRUE,"higher at P10"
2.86073560814631e-21,0.647104691990615,0.972,0.916,7.16013515362939e-17,"Grid2","BLA Glut Tshz2/Satb1",0.708123962178057,0.653380045202486,TRUE,"higher at P10"
3.08251687252754e-21,-1.53383435149348,0.09,0.436,7.71523148024917e-17,"Mir124a-1hg","BLA Glut Tshz2/Satb1",-1.04666442676584,-1.1066076525137,TRUE,"higher at P21"
4.99438965260342e-21,1.16053703096756,0.887,0.696,1.25004578615011e-16,"4930555F03Rik","BLA Glut Tshz2/Satb1",1.2414435969169,1.27105977773613,TRUE,"higher at P10"
5.6114715212234e-21,2.94710402673233,0.48,0.192,1.404495207047e-16,"Srgap1","BLA Glut Tshz2/Satb1",2.59330911521987,2.6299564432662,TRUE,"higher at P10"
6.05128548954915e-21,-0.87160048864987,0.825,0.892,1.51457624517926e-16,"Cntnap5a","BLA Glut Tshz2/Satb1",-0.989994380240838,-0.923445653176888,TRUE,"higher at P21"
6.74700626903778e-21,-2.58310940511702,0.031,0.284,1.68870819907747e-16,"Efna5","BLA Glut Tshz2/Satb1",-2.25485604141821,-1.76144020751713,TRUE,"higher at P21"
7.07190906661828e-21,-1.6110792158751,0.08,0.412,1.77002812028389e-16,"Tmem178","BLA Glut Tshz2/Satb1",-1.32257433698875,-1.17575090054464,TRUE,"higher at P21"
8.96212365410451e-21,2.65611917551513,0.508,0.232,2.24312992938582e-16,"Gm16083","BLA Glut Tshz2/Satb1",2.0770707651192,2.1615208101187,TRUE,"higher at P10"
1.23260265091306e-20,-1.35898141633402,0.132,0.504,3.08508117497029e-16,"Catspere2","BLA Glut Tshz2/Satb1",-1.08825972052923,-1.41388784657063,TRUE,"higher at P21"
1.27628346291378e-20,-1.87625482137173,0.047,0.328,3.1944098793269e-16,"Fam131a","BLA Glut Tshz2/Satb1",-1.58986563978978,-1.24416263846492,TRUE,"higher at P21"
1.35282882732094e-20,-1.12337569811956,0.355,0.78,3.38599527190157e-16,"Pde2a","BLA Glut Tshz2/Satb1",-1.12838915565747,-0.879997786501424,TRUE,"higher at P21"
1.85369480377804e-20,-1.42077988827266,0.13,0.5,4.63961272437606e-16,"Mtmr12","BLA Glut Tshz2/Satb1",-1.26607280332945,-1.19157372808481,TRUE,"higher at P21"
1.91475682498652e-20,-1.17849114387329,0.279,0.704,4.79244485725877e-16,"Chn1","BLA Glut Tshz2/Satb1",-1.15222580311146,-1.04741783855284,TRUE,"higher at P21"
1.952174025208e-20,-1.14091979077653,0.168,0.58,4.88609636769311e-16,"Cyld","BLA Glut Tshz2/Satb1",-1.08641593616176,-0.845631972091618,TRUE,"higher at P21"
2.03430013283293e-20,0.557035330296462,0.991,0.94,5.09164980246754e-16,"Mdga2","BLA Glut Tshz2/Satb1",0.651867117131569,0.56147149684135,TRUE,"higher at P10"
3.83406668832595e-20,-1.18336182958477,0.194,0.612,9.59628551421101e-16,"Lzts1","BLA Glut Tshz2/Satb1",-0.991923957909984,-1.26873216972213,TRUE,"higher at P21"
4.54107750134122e-20,-1.41191467636346,0.052,0.324,1.13658628781069e-15,"Wdr66","BLA Glut Tshz2/Satb1",-1.40439619285632,-1.17978570869141,TRUE,"higher at P21"
4.54251454430422e-20,-1.18169669492211,0.201,0.612,1.1369459652939e-15,"Pip5k1a","BLA Glut Tshz2/Satb1",-1.31022946393755,-0.943904253900065,TRUE,"higher at P21"
5.62378650671912e-20,-2.25916026997856,0.024,0.264,1.40757752476673e-15,"St8sia5","BLA Glut Tshz2/Satb1",-1.77744642759988,-1.44540311436996,TRUE,"higher at P21"
7.19618443480936e-20,-1.48475010131713,0.069,0.384,1.80113300218844e-15,"Synpo","BLA Glut Tshz2/Satb1",-1.67387731800839,-1.0237624643674,TRUE,"higher at P21"
7.21298121029535e-20,-1.4835402890959,0.402,0.764,1.80533706712482e-15,"Gm16351","BLA Glut Tshz2/Satb1",-1.38385101453213,-1.052534609029,TRUE,"higher at P21"
8.05674577793429e-20,-1.15813456291003,0.149,0.548,2.01652290075917e-15,"Pkig","BLA Glut Tshz2/Satb1",-1.00882303566705,-1.07664552237656,TRUE,"higher at P21"
8.17184243849437e-20,-1.00557571256253,0.225,0.664,2.04533044393076e-15,"Cacng3","BLA Glut Tshz2/Satb1",-1.24423880772843,-0.981367501606628,TRUE,"higher at P21"
8.27512370095169e-20,1.11253359430183,0.832,0.788,2.0711807111112e-15,"Cntn6","BLA Glut Tshz2/Satb1",1.18941767624247,0.858459542077932,TRUE,"higher at P10"
8.32620815117576e-20,-2.14297579251647,0.054,0.332,2.08396663815778e-15,"Wls","BLA Glut Tshz2/Satb1",-1.7604560824555,-1.44632449687352,TRUE,"higher at P21"
1.10666577942964e-19,-1.6596401103631,0.071,0.368,2.76987377933444e-15,"Ggact","BLA Glut Tshz2/Satb1",-1.35843765474119,-1.24172832168252,TRUE,"higher at P21"
1.14384498494519e-19,-2.29984147207838,0.028,0.28,2.86292961281931e-15,"Gm47523","BLA Glut Tshz2/Satb1",-1.38367392248399,-1.64041304952123,TRUE,"higher at P21"
1.1765318245833e-19,-3.58593100027045,0.009,0.224,2.94474150374953e-15,"Inka2","BLA Glut Tshz2/Satb1",-2.02776350724754,-1.74612572815558,TRUE,"higher at P21"
1.18253325957088e-19,-1.10397047612152,0.227,0.664,2.95976249537995e-15,"Map7","BLA Glut Tshz2/Satb1",-1.25664442795183,-1.03190243353038,TRUE,"higher at P21"
1.6501341532875e-19,0.972906334507945,0.868,0.828,4.13012077226329e-15,"Khdrbs2","BLA Glut Tshz2/Satb1",1.0809392151618,0.766010369263894,TRUE,"higher at P10"
2.18726708942527e-19,-1.81979466720767,0.05,0.328,5.47451079812251e-15,"Camk2n1","BLA Glut Tshz2/Satb1",-1.60523668926454,-1.17459075705823,TRUE,"higher at P21"
2.41848402238077e-19,0.843712054661022,0.913,0.828,6.05322365961682e-15,"Nkain3","BLA Glut Tshz2/Satb1",0.87117217785707,0.766201316532993,TRUE,"higher at P10"
2.75628981584756e-19,-2.40113106709395,0.028,0.268,6.89871778008485e-15,"Pparg","BLA Glut Tshz2/Satb1",-1.91939556496763,-1.50799930883,TRUE,"higher at P21"
2.80117356470447e-19,-1.06807035687518,0.34,0.764,7.01105731509882e-15,"Mrtfb","BLA Glut Tshz2/Satb1",-1.06680091679641,-0.967163803529808,TRUE,"higher at P21"
2.88097832276855e-19,-2.15847688551081,0.038,0.3,7.21080064405741e-15,"Gm17202","BLA Glut Tshz2/Satb1",-1.96327512661111,-1.23515817897651,TRUE,"higher at P21"
3.66827204089083e-19,0.677120719708987,0.962,0.896,9.18131809114565e-15,"Tcf4","BLA Glut Tshz2/Satb1",0.606635437083197,0.639601609566948,TRUE,"higher at P10"
3.82256853125083e-19,-1.26748456594119,0.104,0.452,9.56750677686771e-15,"Irf2","BLA Glut Tshz2/Satb1",-1.4589343858104,-0.812685831603233,TRUE,"higher at P21"
5.26316593309419e-19,-1.00350805580167,0.414,0.816,1.31731780139415e-14,"Mbnl2","BLA Glut Tshz2/Satb1",-1.08423496776814,-0.964511331396259,TRUE,"higher at P21"
6.61395718082829e-19,1.04384978196611,0.891,0.852,1.65540734278951e-14,"Rmst","BLA Glut Tshz2/Satb1",0.941181109230464,0.971274555969562,TRUE,"higher at P10"
8.08289360334947e-19,-1.02361705210544,0.319,0.752,2.02306743998234e-14,"Vps13a","BLA Glut Tshz2/Satb1",-0.948796123177442,-0.869920722467106,TRUE,"higher at P21"
1.00322275674541e-18,-2.56156234705527,0.031,0.268,2.51096623785809e-14,"Arhgap10","BLA Glut Tshz2/Satb1",-1.46865022949031,-2.23262024337676,TRUE,"higher at P21"
1.31914024711515e-18,-1.35892840735095,0.078,0.388,3.30167612450452e-14,"Shisa4","BLA Glut Tshz2/Satb1",-1.30942288919813,-0.884031666600125,TRUE,"higher at P21"
1.36787684435927e-18,-1.46169851769963,0.052,0.32,3.42365895374682e-14,"Bmp1","BLA Glut Tshz2/Satb1",-1.11465429304907,-1.29688139115975,TRUE,"higher at P21"
1.36857436379583e-18,-2.84061719310981,0.024,0.248,3.42540477514459e-14,"Mbp","BLA Glut Tshz2/Satb1",-1.8817278837107,-1.53862544961617,TRUE,"higher at P21"
1.46861896835224e-18,-3.08174210404633,0.028,0.264,3.67580641588883e-14,"Zmat4","BLA Glut Tshz2/Satb1",-1.90952533483578,-2.0922625640381,TRUE,"higher at P21"
1.61968312175565e-18,-1.88337888523871,0.045,0.304,4.05390488544221e-14,"Pde8b","BLA Glut Tshz2/Satb1",-1.50478758453202,-1.50623914183047,TRUE,"higher at P21"
1.83009905154822e-18,-1.23902870124025,0.109,0.436,4.58055491612003e-14,"Ypel2","BLA Glut Tshz2/Satb1",-0.951698040192908,-1.15007279175292,TRUE,"higher at P21"
3.14865095902993e-18,1.18602100572442,0.747,0.608,7.88075848535602e-14,"Tmem108","BLA Glut Tshz2/Satb1",1.0067360326655,1.19070243260122,TRUE,"higher at P10"
3.23936299509393e-18,-1.80673404750155,0.057,0.332,8.10780164042061e-14,"Plxnd1","BLA Glut Tshz2/Satb1",-1.66255071254919,-1.02544162232319,TRUE,"higher at P21"
3.39388051428668e-18,-1.01339354092692,0.203,0.604,8.49454353920813e-14,"Dtd1","BLA Glut Tshz2/Satb1",-0.811603964504659,-0.744673577998328,TRUE,"higher at P21"
6.61998409410605e-18,-2.2412884218796,0.05,0.288,1.6569158189138e-13,"Cdh9","BLA Glut Tshz2/Satb1",-1.59712470429143,-1.79508224251171,TRUE,"higher at P21"
7.56358872200039e-18,-1.50387325996155,0.059,0.32,1.89309062122948e-13,"Pcca","BLA Glut Tshz2/Satb1",-1.31534941146657,-1.23577625766806,TRUE,"higher at P21"
7.76035376046076e-18,-1.28672527877454,0.168,0.528,1.94233894270572e-13,"Kcnip3","BLA Glut Tshz2/Satb1",-1.21646465345977,-1.06126717016613,TRUE,"higher at P21"
9.29673868896708e-18,-1.06933797379376,0.182,0.584,2.32688072646157e-13,"Ttll11","BLA Glut Tshz2/Satb1",-1.00184196228418,-0.991795105672357,TRUE,"higher at P21"
9.70539194140429e-18,-1.7335658273944,0.059,0.324,2.42916254901408e-13,"Mast3","BLA Glut Tshz2/Satb1",-1.56946693539268,-1.02857648690652,TRUE,"higher at P21"
1.06592616882765e-17,-0.996342243157937,0.326,0.74,2.66790660795872e-13,"Upp2","BLA Glut Tshz2/Satb1",-0.929706879058141,-1.0278655058603,TRUE,"higher at P21"
1.51109242729355e-17,-1.06989628821954,0.21,0.604,3.78211323627302e-13,"Rnf112","BLA Glut Tshz2/Satb1",-1.13937806870208,-0.647214296097854,TRUE,"higher at P21"
1.6178491482121e-17,-2.42870725084467,0.019,0.232,4.04931463306007e-13,"Pde7b","BLA Glut Tshz2/Satb1",-2.02954341181037,-1.70225800366743,TRUE,"higher at P21"
1.71885448409294e-17,-0.952242765338765,0.232,0.624,4.30212088823622e-13,"Bin1","BLA Glut Tshz2/Satb1",-0.895938098012889,-0.724801278099199,TRUE,"higher at P21"
2.89962819931364e-17,-1.04711705371386,0.291,0.68,7.25747942006212e-13,"Gm41609","BLA Glut Tshz2/Satb1",-0.874751504606837,-1.12526303855846,TRUE,"higher at P21"
3.67546147288136e-17,-0.940343310037521,0.296,0.728,9.19931252047475e-13,"Mapk1","BLA Glut Tshz2/Satb1",-0.910232174884721,-0.883158430574433,TRUE,"higher at P21"
4.15152429099231e-17,-1.2102328490976,0.13,0.46,1.03908501479247e-12,"Slc8a2","BLA Glut Tshz2/Satb1",-1.11282778788801,-0.782900776121062,TRUE,"higher at P21"
4.19816740364862e-17,-0.953636413512016,0.189,0.576,1.05075931945921e-12,"Gm47283","BLA Glut Tshz2/Satb1",-0.51026219710143,-1.22086888719355,TRUE,"higher at P21"
4.49816372843358e-17,-0.92740150719721,0.522,0.844,1.12584539958964e-12,"Rimbp2","BLA Glut Tshz2/Satb1",-0.896197805557814,-0.875860835342018,TRUE,"higher at P21"
5.1413226547447e-17,-1.54275215876542,0.04,0.284,1.28682164725605e-12,"Tef","BLA Glut Tshz2/Satb1",-1.14052885136018,-1.28866021391608,TRUE,"higher at P21"
6.03720658596692e-17,-1.05505659474344,0.156,0.528,1.51105243640166e-12,"Snph","BLA Glut Tshz2/Satb1",-1.01011925264696,-0.889315468740173,TRUE,"higher at P21"
7.4840886818305e-17,-0.715654851693552,0.163,0.516,1.87319255617536e-12,"Mef2d","BLA Glut Tshz2/Satb1",-0.936973688722538,-0.657143849227498,TRUE,"higher at P21"
7.8426877619598e-17,-0.881700021746742,0.208,0.596,1.96294631994092e-12,"Cmss1","BLA Glut Tshz2/Satb1",-1.00427849393096,-0.687635056175204,TRUE,"higher at P21"
8.35015036248069e-17,-1.21283841933556,0.293,0.672,2.08995913422529e-12,"Ankfn1","BLA Glut Tshz2/Satb1",-1.13096332660994,-1.12913538905302,TRUE,"higher at P21"
8.4712778680716e-17,-2.37193447306774,0.021,0.224,2.12027613759964e-12,"Ephx4","BLA Glut Tshz2/Satb1",-1.43882251858958,-1.33629447596759,TRUE,"higher at P21"
9.61175687751315e-17,1.46852726212711,0.686,0.528,2.40572662887277e-12,"L3mbtl4","BLA Glut Tshz2/Satb1",1.4396561098984,1.25056238062431,TRUE,"higher at P10"
9.88611677977044e-17,-0.976128516954474,0.163,0.516,2.47439616880874e-12,"Osbpl1a","BLA Glut Tshz2/Satb1",-1.00139641302045,-0.855408090785974,TRUE,"higher at P21"
1.20720690065948e-16,-1.27331957575835,0.165,0.524,3.0215181516606e-12,"Syt17","BLA Glut Tshz2/Satb1",-0.892418878266506,-1.08782367211554,TRUE,"higher at P21"
1.34236751446722e-16,-1.13784497848705,0.08,0.364,3.35981165196e-12,"Pxdn","BLA Glut Tshz2/Satb1",-1.18219041265226,-0.794818950915773,TRUE,"higher at P21"
1.36475222160739e-16,-1.119181201739,0.222,0.584,3.41583833546114e-12,"Naaladl2","BLA Glut Tshz2/Satb1",-1.13381807986753,-0.848639067846322,TRUE,"higher at P21"
1.37434869417606e-16,-0.960985577857276,0.473,0.816,3.43985734665327e-12,"Gm15738","BLA Glut Tshz2/Satb1",-1.06548824173278,-0.790998482689262,TRUE,"higher at P21"
1.71442136817201e-16,0.862309984239279,0.913,0.884,4.29102524239774e-12,"Mir99ahg","BLA Glut Tshz2/Satb1",1.00650840085616,0.769795628095484,TRUE,"higher at P10"
1.87594737126825e-16,-0.954301064782304,0.13,0.456,4.69530867554731e-12,"Bbof1","BLA Glut Tshz2/Satb1",-0.758980909566267,-0.652281254517427,TRUE,"higher at P21"
1.990787847842e-16,-1.64250564007187,0.08,0.36,4.98274290436373e-12,"Prtg","BLA Glut Tshz2/Satb1",-1.35236809436209,-1.34617175020488,TRUE,"higher at P21"
2.30091154363858e-16,1.0903626596386,0.811,0.736,5.75895150257299e-12,"Tenm3","BLA Glut Tshz2/Satb1",1.08034106154829,0.968046583793341,TRUE,"higher at P10"
2.6501772973118e-16,-3.13244151072642,0.014,0.204,6.63312875744169e-12,"Cxxc5","BLA Glut Tshz2/Satb1",-1.7781705104087,-1.3513872395523,TRUE,"higher at P21"
2.68916529752179e-16,-0.749467023536025,0.764,0.884,6.73071182316728e-12,"Samd12","BLA Glut Tshz2/Satb1",-0.779538674676594,-0.678868096906735,TRUE,"higher at P21"
2.89667198255901e-16,-0.830529789513067,0.709,0.916,7.25008030514695e-12,"Syn2","BLA Glut Tshz2/Satb1",-0.846712737272617,-0.790629808905913,TRUE,"higher at P21"
2.92533192598981e-16,-1.06275800359009,0.35,0.752,7.32181327755991e-12,"Kcnd3","BLA Glut Tshz2/Satb1",-0.753111887760945,-0.785602022694599,TRUE,"higher at P21"
2.93368900329756e-16,-1.01055288987563,0.165,0.516,7.34273020635347e-12,"Dleu2","BLA Glut Tshz2/Satb1",-0.99454098553912,-0.676151607296542,TRUE,"higher at P21"
3.01430836610283e-16,1.01021934856667,0.809,0.612,7.54451240951877e-12,"Gm45321","BLA Glut Tshz2/Satb1",1.56734454933964,0.871013997447737,TRUE,"higher at P10"
3.52434733174378e-16,-1.06919462500661,0.123,0.46,8.8210889366215e-12,"Rab11fip2","BLA Glut Tshz2/Satb1",-0.64409198495835,-1.00844730010706,TRUE,"higher at P21"
3.85110865402228e-16,-0.988851025983946,0.359,0.736,9.63893985015237e-12,"Cntn3","BLA Glut Tshz2/Satb1",-0.912976402111992,-0.879300073461745,TRUE,"higher at P21"
4.19210787287837e-16,-1.78736604762092,0.033,0.256,1.04924267950273e-11,"Il34","BLA Glut Tshz2/Satb1",-1.57031385047863,-1.18031068815631,TRUE,"higher at P21"
4.24219634841297e-16,-0.683274616192706,0.889,0.94,1.06177932404428e-11,"Dlgap2","BLA Glut Tshz2/Satb1",-0.654726322748494,-0.832972693238893,TRUE,"higher at P21"
6.22052130591356e-16,-1.09415314063806,0.177,0.532,1.55693427765710e-11,"Spred2","BLA Glut Tshz2/Satb1",-1.13358319567495,-0.979790306905814,TRUE,"higher at P21"
6.86649468818307e-16,0.719407463869028,0.96,0.868,1.71861495550534e-11,"Sobp","BLA Glut Tshz2/Satb1",0.618865803834324,0.618720389225701,TRUE,"higher at P10"
7.12296548965927e-16,-0.994031405687342,0.232,0.624,1.78280703240682e-11,"Ptprn","BLA Glut Tshz2/Satb1",-0.7183476802372,-1.06410634810219,TRUE,"higher at P21"
7.20487501268566e-16,-0.921060611084777,0.331,0.76,1.80330816692509e-11,"Dtnb","BLA Glut Tshz2/Satb1",-0.654828688202059,-0.794234102233711,TRUE,"higher at P21"
7.23379735895254e-16,-0.979230166650557,0.149,0.492,1.81054714097223e-11,"Fam126b","BLA Glut Tshz2/Satb1",-1.02005531646837,-0.900794559422275,TRUE,"higher at P21"
7.41524744328334e-16,-0.853147642812119,0.246,0.632,1.85596228257939e-11,"Zfyve28","BLA Glut Tshz2/Satb1",-0.787050145945488,-0.691037843951006,TRUE,"higher at P21"
8.67375054105541e-16,-1.02837895170928,0.118,0.42,2.17095302292076e-11,"Tpm1","BLA Glut Tshz2/Satb1",-0.957901591259558,-0.8923939355479,TRUE,"higher at P21"
1.00362204811224e-15,-1.18204249496577,0.109,0.416,2.51196562422013e-11,"Hspa12a","BLA Glut Tshz2/Satb1",-0.731633674620781,-0.971131346340704,TRUE,"higher at P21"
1.02859549983195e-15,-0.901892374201824,0.366,0.732,2.57447167652939e-11,"Unc5d","BLA Glut Tshz2/Satb1",-0.945669871229382,-1.00180357294031,TRUE,"higher at P21"
1.41448730355842e-15,-1.72846754643901,0.069,0.316,3.54032027207637e-11,"Kdm7a","BLA Glut Tshz2/Satb1",-0.897431076062388,-1.1456093023423,TRUE,"higher at P21"
1.58855852597355e-15,-1.01335528621461,0.357,0.74,3.9760031346592e-11,"Sidt1","BLA Glut Tshz2/Satb1",-1.18998132800262,-0.937257599323572,TRUE,"higher at P21"
1.77125066334539e-15,1.70021462753368,0.591,0.408,4.43326328528718e-11,"Thsd7b","BLA Glut Tshz2/Satb1",1.69458669435297,1.65036420448554,TRUE,"higher at P10"
1.78699575212736e-15,-0.754740328587657,0.636,0.884,4.47267166799958e-11,"Schip1","BLA Glut Tshz2/Satb1",-0.664491261288664,-0.80811029925411,TRUE,"higher at P21"
1.84236742899166e-15,-2.28019611122108,0.035,0.24,4.61126143802324e-11,"Gm19410","BLA Glut Tshz2/Satb1",-1.33366175083496,-1.37314001011116,TRUE,"higher at P21"
1.85986180115164e-15,-2.10721940204817,0.064,0.3,4.65504810210244e-11,"Abi3bp","BLA Glut Tshz2/Satb1",-2.04424944464763,-1.58280612799643,TRUE,"higher at P21"
1.88587955026801e-15,-0.974285790494113,0.47,0.824,4.72016792636581e-11,"Tspan5","BLA Glut Tshz2/Satb1",-0.947604593926827,-0.822160962794139,TRUE,"higher at P21"
1.91119623097622e-15,-1.13913826635754,0.149,0.48,4.78353304651038e-11,"Pitpnm2","BLA Glut Tshz2/Satb1",-1.17745620363426,-0.746027262840097,TRUE,"higher at P21"
1.92021716477641e-15,0.753098544965555,0.891,0.756,4.80611154171888e-11,"4930509J09Rik","BLA Glut Tshz2/Satb1",0.784764622460009,0.958482273705613,TRUE,"higher at P10"
1.95006080693626e-15,-1.44792371819464,0.08,0.332,4.88080719368076e-11,"mt-Atp6","BLA Glut Tshz2/Satb1",-1.25657151193239,-0.619462421706385,TRUE,"higher at P21"
1.98484731955532e-15,-1.01144866150481,0.161,0.476,4.96787435611500e-11,"Pam","BLA Glut Tshz2/Satb1",-0.989840170378231,-1.06683879511659,TRUE,"higher at P21"
2.07095580883214e-15,-1.04153561739087,0.135,0.452,5.18339529392595e-11,"5031415H12Rik","BLA Glut Tshz2/Satb1",-0.879972194502236,-0.753996707142432,TRUE,"higher at P21"
2.07483019623729e-15,1.01006217870646,0.79,0.724,5.19309249816232e-11,"Lmo3","BLA Glut Tshz2/Satb1",0.948176350466444,1.007162292823,TRUE,"higher at P10"
2.28155267424339e-15,-1.54077999024085,0.04,0.264,5.71049818836378e-11,"Ptpn14","BLA Glut Tshz2/Satb1",-1.14052885136018,-1.28866021391608,TRUE,"higher at P21"
2.35656349827994e-15,-1.06645656715871,0.125,0.432,5.89824277984485e-11,"Preb","BLA Glut Tshz2/Satb1",-0.945646275153502,-0.732535858173385,TRUE,"higher at P21"
2.5396400796465e-15,-1.56848389822219,0.047,0.264,6.35646515534723e-11,"A930015D03Rik","BLA Glut Tshz2/Satb1",-1.29049571793896,-0.932924063741754,TRUE,"higher at P21"
2.79625334291126e-15,-0.75957928551171,0.253,0.64,6.9987424919726e-11,"Kcnb1","BLA Glut Tshz2/Satb1",-1.02766272311833,-0.559652715977978,TRUE,"higher at P21"
2.82037945951163e-15,1.80101615376878,0.539,0.332,7.05912774921166e-11,"Myo16","BLA Glut Tshz2/Satb1",1.60145897470548,1.72191252456572,TRUE,"higher at P10"
2.91310774954484e-15,-0.829414079545842,0.144,0.464,7.29121738633577e-11,"Ppm1h","BLA Glut Tshz2/Satb1",-0.829944639672755,-0.694050265242053,TRUE,"higher at P21"
2.97003699597768e-15,-0.945170928550082,0.362,0.752,7.43370559723253e-11,"Cux2","BLA Glut Tshz2/Satb1",-1.13248833443993,-0.844265100951723,TRUE,"higher at P21"
3.00112012186031e-15,0.526125418499827,0.972,0.916,7.51150355300418e-11,"Nbea","BLA Glut Tshz2/Satb1",0.417110303656977,0.433449622937442,TRUE,"higher at P10"
3.36288827955297e-15,-2.13696392275923,0.024,0.22,8.41697307489312e-11,"Plch2","BLA Glut Tshz2/Satb1",-1.28663055786906,-1.075597701015,TRUE,"higher at P21"
3.65495051238498e-15,-0.818026134081424,0.66,0.876,9.14797563744836e-11,"Cdk14","BLA Glut Tshz2/Satb1",-0.77512464827547,-0.828826121335367,TRUE,"higher at P21"
3.68794489700361e-15,-0.855203469406172,0.352,0.748,9.23055728271034e-11,"Rnf169","BLA Glut Tshz2/Satb1",-0.959694979369166,-0.911402897231277,TRUE,"higher at P21"
3.7483156655847e-15,-0.867140049508634,0.201,0.576,9.38165927939193e-11,"Baiap2","BLA Glut Tshz2/Satb1",-0.852076511185796,-0.928045439200979,TRUE,"higher at P21"
4.18913610350632e-15,0.572402574089273,0.946,0.888,1.0484988753466e-10,"Snhg14","BLA Glut Tshz2/Satb1",0.620911052268651,0.52296614066562,TRUE,"higher at P10"
4.24853571267669e-15,-2.41860072155621,0.021,0.212,1.06336600352585e-10,"Prag1","BLA Glut Tshz2/Satb1",-1.23513699050477,-1.657781754466,TRUE,"higher at P21"
4.28743598984309e-15,-0.94686964798392,0.099,0.396,1.07310235389783e-10,"Foxk1","BLA Glut Tshz2/Satb1",-0.84644126612818,-0.831628086435484,TRUE,"higher at P21"
4.66031184293502e-15,-1.04265234161727,0.116,0.42,1.16642945116821e-10,"Stk32c","BLA Glut Tshz2/Satb1",-1.15683500052675,-0.852227323389573,TRUE,"higher at P21"
5.18498793057647e-15,-0.87737357755436,0.104,0.396,1.29775062914399e-10,"Cpt1c","BLA Glut Tshz2/Satb1",-0.876522888289376,-0.458726086126282,TRUE,"higher at P21"
5.42637835078086e-15,-0.904680471150626,0.22,0.6,1.35816823741694e-10,"Tacc1","BLA Glut Tshz2/Satb1",-1.10412504871305,-0.944258197981435,TRUE,"higher at P21"
5.96480755912942e-15,-0.953259133572049,0.135,0.46,1.4929316839745e-10,"Trak1","BLA Glut Tshz2/Satb1",-0.972212042084279,-0.667604364947107,TRUE,"higher at P21"
6.14878726328384e-15,-2.48604159290146,0.019,0.204,1.53897996412731e-10,"Erich3","BLA Glut Tshz2/Satb1",-1.50153476097102,-1.41234044122075,TRUE,"higher at P21"
6.29742811312639e-15,-1.29218144523198,0.059,0.3,1.5761832824344e-10,"Tfdp2","BLA Glut Tshz2/Satb1",-0.899682809529178,-1.1150742543104,TRUE,"higher at P21"
6.48679032384795e-15,-2.10084206149764,0.031,0.236,1.6235787501559e-10,"Cckbr","BLA Glut Tshz2/Satb1",-1.38627374212536,-1.11182154167229,TRUE,"higher at P21"
7.08963433589788e-15,-1.29589696109608,0.09,0.352,1.77446457793188e-10,"4930547E14Rik","BLA Glut Tshz2/Satb1",-0.704978789416748,-1.06321206225136,TRUE,"higher at P21"
8.0488104332418e-15,-1.03742191066692,0.111,0.392,2.01453676333609e-10,"Gm29237","BLA Glut Tshz2/Satb1",-0.691194272704232,-0.930565782545821,TRUE,"higher at P21"
8.29588857826953e-15,-1.46536441046487,0.069,0.3,2.07637795225508e-10,"Gm11639","BLA Glut Tshz2/Satb1",-1.25631559750459,-1.18353935985481,TRUE,"higher at P21"
8.41314244204649e-15,-1.59706745046914,0.064,0.296,2.10572542181982e-10,"Faim2","BLA Glut Tshz2/Satb1",-1.00195819167498,-1.16151415282977,TRUE,"higher at P21"
8.81839112230329e-15,-1.44368432398759,0.059,0.284,2.20715511400129e-10,"Chgb","BLA Glut Tshz2/Satb1",-1.09463544990901,-0.97196588163762,TRUE,"higher at P21"
1.04714908793567e-14,-1.27352962268563,0.073,0.324,2.62090945219418e-10,"Kcng1","BLA Glut Tshz2/Satb1",-1.05863278928856,-0.809417903699066,TRUE,"higher at P21"
1.11335696374712e-14,-2.1925433578492,0.031,0.232,2.78662114456267e-10,"Tmod1","BLA Glut Tshz2/Satb1",-1.46803846833283,-1.18031068815631,TRUE,"higher at P21"
1.12872995539599e-14,0.922338426830297,0.827,0.816,2.82509820536062e-10,"Tenm1","BLA Glut Tshz2/Satb1",0.909098486195563,0.734114934728153,TRUE,"higher at P10"
1.18036814134115e-14,-1.34290352461348,0.106,0.388,2.95434342096277e-10,"mt-Co3","BLA Glut Tshz2/Satb1",-1.0531754470959,-0.67728022731531,TRUE,"higher at P21"
1.191574471954e-14,-0.847664334341249,0.26,0.64,2.98239174585366e-10,"Rasgef1a","BLA Glut Tshz2/Satb1",-0.809025783797506,-0.862478677801391,TRUE,"higher at P21"
1.29580634368076e-14,-1.70896744635399,0.026,0.22,3.24327369759857e-10,"Mxi1","BLA Glut Tshz2/Satb1",-0.982646402256511,-1.33191237956817,TRUE,"higher at P21"
1.35674148408643e-14,0.71951084579243,0.879,0.876,3.39578826051994e-10,"Slc8a1","BLA Glut Tshz2/Satb1",0.590629623026905,0.829925785285427,TRUE,"higher at P10"
1.39712219498277e-14,-2.4684383374515,0.019,0.2,3.49685714182237e-10,"Col12a1","BLA Glut Tshz2/Satb1",-1.4052289945217,-1.37269402747031,TRUE,"higher at P21"
1.57138831474955e-14,0.506194175307624,0.955,0.92,3.93302781298665e-10,"Gabrb3","BLA Glut Tshz2/Satb1",0.61743530796999,0.571036679769422,TRUE,"higher at P10"
1.89759817707981e-14,-1.34279563172258,0.045,0.268,4.74949847741304e-10,"Cdkl4","BLA Glut Tshz2/Satb1",-1.09603127590903,-1.36939461291188,TRUE,"higher at P21"
2.20090810708003e-14,-0.768328925620425,0.217,0.568,5.50865290121061e-10,"Ildr2","BLA Glut Tshz2/Satb1",-0.754724001250111,-0.769719367898228,TRUE,"higher at P21"
2.48091643935549e-14,1.26012284193268,0.693,0.6,6.20948575606285e-10,"Ncam1","BLA Glut Tshz2/Satb1",1.15077316469664,1.11193079803749,TRUE,"higher at P10"
2.63729630174333e-14,1.84768568148098,0.558,0.372,6.60088891363337e-10,"Ephb1","BLA Glut Tshz2/Satb1",1.72079898877473,1.66251826952942,TRUE,"higher at P10"
2.84283756039117e-14,-1.29337878792665,0.064,0.308,7.11533812990307e-10,"Kcnab2","BLA Glut Tshz2/Satb1",-1.29977025797753,-0.814817026022819,TRUE,"higher at P21"
3.5607320133545e-14,0.958754943878209,0.799,0.76,8.91215615622498e-10,"C130073E24Rik","BLA Glut Tshz2/Satb1",1.47082349279984,0.759350562786146,TRUE,"higher at P10"
3.62731150060165e-14,-0.746050646753208,0.622,0.868,9.07879795485587e-10,"Ak5","BLA Glut Tshz2/Satb1",-0.758658330265617,-0.727478622705183,TRUE,"higher at P21"
3.63584220384448e-14,-1.1574694294267,0.125,0.4,9.10014945200236e-10,"Lmo4","BLA Glut Tshz2/Satb1",-0.675069386573427,-0.667604364947107,TRUE,"higher at P21"
4.49936266645641e-14,-1.81557800421354,0.043,0.248,1.12614548178738e-09,"Shisal1","BLA Glut Tshz2/Satb1",-1.22983981539704,-0.89006822193998,TRUE,"higher at P21"
4.72589168136789e-14,-0.926955903377148,0.087,0.36,1.18284342892957e-09,"Hsp90b1","BLA Glut Tshz2/Satb1",-0.585684666575822,-0.801428090467331,TRUE,"higher at P21"
4.78036119447761e-14,-0.970362489681746,0.116,0.412,1.1964766033658e-09,"Plec","BLA Glut Tshz2/Satb1",-0.774751023375988,-0.726910092204671,TRUE,"higher at P21"
5.91792163243852e-14,-0.826654545690783,0.865,0.948,1.48119660538304e-09,"Dpp10","BLA Glut Tshz2/Satb1",-1.03773995864854,-0.840795004753769,TRUE,"higher at P21"
6.13213269757356e-14,-0.599767211646764,0.917,0.952,1.53481149287569e-09,"Kcnma1","BLA Glut Tshz2/Satb1",-0.517216043055032,-0.504576221407964,TRUE,"higher at P21"
6.81085845773378e-14,-1.03142796483136,0.116,0.408,1.70468976338619e-09,"4933411O13Rik","BLA Glut Tshz2/Satb1",-0.906585508631187,-0.919065245298205,TRUE,"higher at P21"
9.37546616371649e-14,-0.783406571498345,0.435,0.792,2.3465854261166e-09,"Snrnp70","BLA Glut Tshz2/Satb1",-1.00859407407332,-0.697598605438556,TRUE,"higher at P21"
9.87893135426639e-14,-1.16140816674599,0.095,0.356,2.47259772865933e-09,"Rapgef4os2","BLA Glut Tshz2/Satb1",-0.726855602853729,-0.811290767618088,TRUE,"higher at P21"
1.00613433408568e-13,-0.903803310025614,0.106,0.384,2.51825362478305e-09,"Fam120b","BLA Glut Tshz2/Satb1",-0.77919744898717,-0.711062346184456,TRUE,"higher at P21"
1.13391427415835e-13,-0.855659545947724,0.118,0.408,2.83807403679093e-09,"Babam2","BLA Glut Tshz2/Satb1",-0.710548803346383,-0.887404079473626,TRUE,"higher at P21"
1.14023843365647e-13,-1.06876771186022,0.113,0.392,2.85390277559877e-09,"Gse1","BLA Glut Tshz2/Satb1",-1.08808790974568,-0.689010603611514,TRUE,"higher at P21"
1.25197389293797e-13,-0.631299937685008,0.262,0.648,3.13356545663444e-09,"Atp6v0b","BLA Glut Tshz2/Satb1",-0.65713990602636,-0.746409187966638,TRUE,"higher at P21"
1.26907421169334e-13,-2.24299763543763,0.031,0.22,3.17636584444726e-09,"St6gal1","BLA Glut Tshz2/Satb1",-1.19704978817612,-1.42279782666708,TRUE,"higher at P21"
1.27239239099384e-13,-1.13450209494157,0.057,0.28,3.18467091541849e-09,"Naxd","BLA Glut Tshz2/Satb1",-0.675614183847269,-0.865500408483033,TRUE,"higher at P21"
1.32928308307073e-13,-1.00846870418422,0.421,0.728,3.32706262861774e-09,"Dgkb","BLA Glut Tshz2/Satb1",-0.761407910838462,-1.1097391682969,TRUE,"higher at P21"
1.63051344062792e-13,-0.730718912382827,0.253,0.624,4.08101209054761e-09,"Gabra3","BLA Glut Tshz2/Satb1",-0.714583554798342,-0.794614039269094,TRUE,"higher at P21"
1.7636024128434e-13,-0.756511321746236,0.459,0.812,4.41412047910575e-09,"Pknox2","BLA Glut Tshz2/Satb1",-0.760266767183608,-0.774225943151993,TRUE,"higher at P21"
1.97743659691274e-13,-0.781289057499462,0.291,0.672,4.94932605841291e-09,"Gfod1","BLA Glut Tshz2/Satb1",-0.68290711458492,-0.649831243602733,TRUE,"higher at P21"
2.02328991515172e-13,-0.787132240265667,0.265,0.648,5.06409232863323e-09,"Ppp2r2c","BLA Glut Tshz2/Satb1",-0.672006677546333,-0.782800570323867,TRUE,"higher at P21"
2.33827369558799e-13,-1.99617171424896,0.04,0.24,5.85246523268717e-09,"Rtn4rl1","BLA Glut Tshz2/Satb1",-1.37311025891557,-0.900727609649769,TRUE,"higher at P21"
2.34004312046188e-13,-1.61558233768857,0.057,0.272,5.85689392620405e-09,"4930428E07Rik","BLA Glut Tshz2/Satb1",-0.969643990187966,-1.24924055231418,TRUE,"higher at P21"
2.52668678451404e-13,-0.706803044760125,0.234,0.584,6.32404435296019e-09,"Clstn1","BLA Glut Tshz2/Satb1",-0.84687533967994,-0.545647370916097,TRUE,"higher at P21"
2.5345957415417e-13,-2.24148918598135,0.028,0.212,6.34383968150473e-09,"Gm17171","BLA Glut Tshz2/Satb1",-1.54889853345927,-1.20107599291381,TRUE,"higher at P21"
2.82742340039982e-13,-0.652207193199086,0.104,0.368,7.0767580288607e-09,"Mphosph8","BLA Glut Tshz2/Satb1",-0.529486303948066,-0.733456390808163,TRUE,"higher at P21"
3.01748742978822e-13,-0.960742002678212,0.109,0.384,7.55246928801695e-09,"Nrn1","BLA Glut Tshz2/Satb1",-1.07393645318269,-0.781955507408018,TRUE,"higher at P21"
3.21121160971868e-13,-0.768644471194777,0.106,0.38,8.03734153796488e-09,"Golga1","BLA Glut Tshz2/Satb1",-0.675181738835138,-0.736873772515676,TRUE,"higher at P21"
3.25290994841192e-13,-1.1567890849756,0.061,0.28,8.14170830988018e-09,"Klhl10","BLA Glut Tshz2/Satb1",-0.912747802414735,-0.571201539803293,TRUE,"higher at P21"
3.60461189993637e-13,-0.837490343325322,0.319,0.716,9.02198312435075e-09,"Ctdspl","BLA Glut Tshz2/Satb1",-0.800000603327962,-0.778700830122898,TRUE,"higher at P21"
4.10901581989303e-13,-0.672988440911942,0.333,0.704,1.02844556956103e-08,"Rap1gap2","BLA Glut Tshz2/Satb1",-0.617069476518579,-0.792836973765707,TRUE,"higher at P21"
4.44107613950281e-13,-0.933150921639663,0.078,0.316,1.11155694695616e-08,"Sec14l1","BLA Glut Tshz2/Satb1",-0.824443075552222,-0.913084344040611,TRUE,"higher at P21"
4.49763559967482e-13,-0.808781609531835,0.199,0.532,1.12571321424261e-08,"Slc7a8","BLA Glut Tshz2/Satb1",-0.644297911475702,-0.529311657258622,TRUE,"higher at P21"
4.66433247934191e-13,-0.719643917677088,0.182,0.496,1.16743577625449e-08,"Rnf165","BLA Glut Tshz2/Satb1",-0.695189459645317,-0.652286929818238,TRUE,"higher at P21"
4.9764287421198e-13,-0.856759705006352,0.22,0.572,1.24555034986517e-08,"Man1c1","BLA Glut Tshz2/Satb1",-0.696646149596464,-0.771472678287879,TRUE,"higher at P21"
5.03421492732165e-13,-1.10001717877062,0.09,0.344,1.26001365415934e-08,"Speg","BLA Glut Tshz2/Satb1",-0.704978789416748,-0.873452410752049,TRUE,"higher at P21"
5.69091042054383e-13,-0.912547106300296,0.08,0.32,1.42437796915792e-08,"Crocc","BLA Glut Tshz2/Satb1",-0.804177481366697,-0.89090219054295,TRUE,"higher at P21"
6.49989439940848e-13,-1.18981453146113,0.097,0.356,1.62685856922795e-08,"Dnaja2","BLA Glut Tshz2/Satb1",-0.738963447304468,-0.738360503921308,TRUE,"higher at P21"
6.52992329802038e-13,-0.700437347039626,0.163,0.472,1.63437450226152e-08,"Tmem175","BLA Glut Tshz2/Satb1",-0.751675552183242,-0.519839783197804,TRUE,"higher at P21"
6.637542446051e-13,-0.5838388311157,0.109,0.384,1.6613104988221e-08,"Gnaz","BLA Glut Tshz2/Satb1",-0.801591493610877,-0.733456390808163,TRUE,"higher at P21"
7.33584761651313e-13,-1.429603645512,0.035,0.22,1.83608929993707e-08,"Gm15813","BLA Glut Tshz2/Satb1",-1.03907364338365,-1.142322619589,TRUE,"higher at P21"
7.49383415595713e-13,-1.36063420271158,0.076,0.308,1.87563175089451e-08,"Igsf11","BLA Glut Tshz2/Satb1",-1.1179726039703,-0.973438365324019,TRUE,"higher at P21"
7.60333224174383e-13,1.07577187411694,0.726,0.704,1.90303802678606e-08,"Neo1","BLA Glut Tshz2/Satb1",0.869402725980824,0.880392977629308,TRUE,"higher at P10"
8.24132070897932e-13,-1.36068348863021,0.05,0.248,2.06272016025043e-08,"Nceh1","BLA Glut Tshz2/Satb1",-1.18667372984159,-0.846902136384538,TRUE,"higher at P21"
8.69727406909826e-13,0.680069330568858,0.894,0.864,2.1768407267546e-08,"Gpc6","BLA Glut Tshz2/Satb1",0.759865618998517,0.704284560160661,TRUE,"higher at P10"
9.20504891408164e-13,-1.50435123161119,0.043,0.236,2.30393169270549e-08,"Zfp941","BLA Glut Tshz2/Satb1",-1.09976404899117,-0.84008719073541,TRUE,"higher at P21"
9.51200018315863e-13,-0.978829588462732,0.106,0.364,2.38075852584277e-08,"Yaf2","BLA Glut Tshz2/Satb1",-0.882448568929354,-0.659249689179226,TRUE,"higher at P21"
9.62613727379803e-13,-0.534893115202411,0.972,0.952,2.40932589825891e-08,"Il1rapl1","BLA Glut Tshz2/Satb1",-0.549801474213502,-0.500401964426516,TRUE,"higher at P21"
9.74297275398127e-13,-1.40624723299234,0.04,0.224,2.43856865059397e-08,"Gm10097","BLA Glut Tshz2/Satb1",-0.942615233357398,-1.25386094676174,TRUE,"higher at P21"
9.83797511311917e-13,-1.53813445724506,0.047,0.252,2.4623467910626e-08,"Arhgef25","BLA Glut Tshz2/Satb1",-0.979262541690253,-1.29556709080603,TRUE,"higher at P21"
1.03837825095014e-12,-0.808748526871523,0.099,0.36,2.59895692430311e-08,"Icam5","BLA Glut Tshz2/Satb1",-0.650131680196838,-0.816867760522505,TRUE,"higher at P21"
1.0826590940091e-12,-0.875882408437383,0.085,0.328,2.70978744639538e-08,"Rtn4r","BLA Glut Tshz2/Satb1",-1.07700648298995,-0.845197956971903,TRUE,"higher at P21"
1.12183548907446e-12,-0.679116839842656,0.501,0.832,2.80784204560448e-08,"Luc7l2","BLA Glut Tshz2/Satb1",-0.678465427002439,-0.642373536308817,TRUE,"higher at P21"
1.15979354904856e-12,-0.711676432146945,0.225,0.588,2.90284727391363e-08,"Npas2","BLA Glut Tshz2/Satb1",-0.733775403048882,-0.708094888990653,TRUE,"higher at P21"
1.18243086720374e-12,-0.761146235741107,0.149,0.452,2.95950621752425e-08,"Csgalnact1","BLA Glut Tshz2/Satb1",-0.475295385657394,-0.818924420251791,TRUE,"higher at P21"
1.18800212718431e-12,-0.854110699501888,0.177,0.492,2.97345052412962e-08,"Ube2r2","BLA Glut Tshz2/Satb1",-0.58468636240127,-0.642041548015363,TRUE,"higher at P21"
1.30085922929008e-12,2.5490100213841,0.366,0.148,3.25592056499014e-08,"D5Ertd615e","BLA Glut Tshz2/Satb1",2.30504034491679,2.05773020765611,TRUE,"higher at P10"
1.30409755394968e-12,-0.886997125887759,0.208,0.552,3.26402576778066e-08,"Ajap1","BLA Glut Tshz2/Satb1",-0.862712326476035,-0.463583146980558,TRUE,"higher at P21"
1.33744522687887e-12,-1.16791490536158,0.102,0.36,3.34749165835511e-08,"Mras","BLA Glut Tshz2/Satb1",-1.02998520685238,-0.807349711320716,TRUE,"higher at P21"
1.35215043603256e-12,-0.814754462966101,0.298,0.672,3.38429732634589e-08,"Svop","BLA Glut Tshz2/Satb1",-0.841570232246353,-0.777124908835594,TRUE,"higher at P21"
1.76949436050389e-12,-0.82342656770435,0.416,0.764,4.42886743490518e-08,"Agbl4","BLA Glut Tshz2/Satb1",-0.940126658497961,-0.782749996808719,TRUE,"higher at P21"
1.81945543299942e-12,-1.4479372728035,0.033,0.216,4.55391500325426e-08,"Eef1a2","BLA Glut Tshz2/Satb1",-1.32907042998513,-1.00257650886943,TRUE,"higher at P21"
1.8444006041769e-12,0.870712736057574,0.749,0.728,4.61635027219436e-08,"Aff2","BLA Glut Tshz2/Satb1",1.08878851930538,0.631391183965367,TRUE,"higher at P10"
1.8627879910856e-12,-0.778271531077952,0.083,0.32,4.66237206288816e-08,"Syngap1","BLA Glut Tshz2/Satb1",-0.811189105462569,-0.654898269563021,TRUE,"higher at P21"
1.98269620203026e-12,-0.57476197307569,0.137,0.424,4.96249032406154e-08,"Rprd2","BLA Glut Tshz2/Satb1",-0.59487534103037,-0.450358944070328,TRUE,"higher at P21"
2.08482678733279e-12,-0.77262120365431,0.168,0.484,5.21811296601525e-08,"Slc1a1","BLA Glut Tshz2/Satb1",-0.716928813015212,-0.487888724908444,TRUE,"higher at P21"
2.20175548667274e-12,-0.730700273177872,0.227,0.592,5.51077380759321e-08,"Dlgap3","BLA Glut Tshz2/Satb1",-1.04519500535906,-0.570319074666602,TRUE,"higher at P21"
2.27043748837725e-12,-0.66025526131799,0.156,0.452,5.68267798965941e-08,"Pdcd4","BLA Glut Tshz2/Satb1",-0.46084437893036,-0.832019929709513,TRUE,"higher at P21"
2.36162982685887e-12,-0.541756608908296,0.158,0.476,5.91092329364508e-08,"Dnm1l","BLA Glut Tshz2/Satb1",-0.540961045015573,-0.660559311535016,TRUE,"higher at P21"
2.48372649140228e-12,-1.07750370126909,0.073,0.3,6.21651903533076e-08,"Frmd6","BLA Glut Tshz2/Satb1",-1.01680327952915,-0.96825274814265,TRUE,"higher at P21"
2.57600916398128e-12,-0.780114022831428,0.13,0.412,6.44749333652875e-08,"Setd7","BLA Glut Tshz2/Satb1",-0.442875850996441,-0.750888325860641,TRUE,"higher at P21"
2.655639121935e-12,-1.01398622736382,0.085,0.32,6.64679915829112e-08,"Flrt1","BLA Glut Tshz2/Satb1",-0.8078900911054,-0.805043793289951,TRUE,"higher at P21"
2.69807831922526e-12,-0.952256447614363,0.165,0.46,6.7530202251889e-08,"Syndig1","BLA Glut Tshz2/Satb1",-0.937028367774762,-0.681163610277608,TRUE,"higher at P21"
2.73914251065278e-12,-1.33759788392553,0.043,0.236,6.85579978991284e-08,"Adgra1","BLA Glut Tshz2/Satb1",-1.24146410038348,-0.764411433797289,TRUE,"higher at P21"
3.27769261568425e-12,-0.676389747815939,0.324,0.712,8.2037368477961e-08,"Syt7","BLA Glut Tshz2/Satb1",-0.556798444967632,-0.602849148664408,TRUE,"higher at P21"
3.53842132996671e-12,-1.18698166191741,0.04,0.224,8.85631474677367e-08,"Myh9","BLA Glut Tshz2/Satb1",-1.28888730585136,-0.772454180656376,TRUE,"higher at P21"
3.79825710923251e-12,-1.07568844570036,0.052,0.252,9.50665771869806e-08,"Smarcd1","BLA Glut Tshz2/Satb1",-1.09271794685873,-0.736501020198192,TRUE,"higher at P21"
3.80599765383813e-12,-0.75649666888973,0.697,0.856,9.52603152779145e-08,"Cnksr2","BLA Glut Tshz2/Satb1",-0.689253906684117,-0.664872832938892,TRUE,"higher at P21"
3.86140093034469e-12,-1.46165667953124,0.028,0.2,9.66470038855973e-08,"Rilpl2","BLA Glut Tshz2/Satb1",-1.4693107885478,-0.774276866826486,TRUE,"higher at P21"
4.19636706536909e-12,-0.591225891676408,0.139,0.424,1.05030871279123e-07,"Tiam2","BLA Glut Tshz2/Satb1",-0.549671287772696,-0.557860557331773,TRUE,"higher at P21"
4.21516325856768e-12,-0.742273791968403,0.362,0.708,1.05501321198691e-07,"Ppm1l","BLA Glut Tshz2/Satb1",-0.869535595905793,-0.635775828591445,TRUE,"higher at P21"
4.76392144137686e-12,-0.765799818222822,0.175,0.496,1.19236189756222e-07,"Actn4","BLA Glut Tshz2/Satb1",-0.807569663956226,-0.727787845938484,TRUE,"higher at P21"
4.79134366057057e-12,-1.5437508851547,0.057,0.256,1.19922540480421e-07,"Cx3cl1","BLA Glut Tshz2/Satb1",-1.2997276889752,-0.757713803875957,TRUE,"higher at P21"
4.91006369848045e-12,-1.16692840064819,0.069,0.292,1.22893984309267e-07,"Prpf18","BLA Glut Tshz2/Satb1",-0.469168005705185,-1.15473461735165,TRUE,"higher at P21"
5.24787214686061e-12,-0.609716557891968,0.768,0.892,1.31348991963774e-07,"Gabbr2","BLA Glut Tshz2/Satb1",-0.562280055619121,-0.527385564496121,TRUE,"higher at P21"
5.48912079726377e-12,0.77706168766287,0.816,0.808,1.37387204434715e-07,"Clstn2","BLA Glut Tshz2/Satb1",0.716145850408761,0.812868790583223,TRUE,"higher at P10"
6.33834233976044e-12,-0.677346653246363,0.248,0.604,1.58642370421864e-07,"Rab6b","BLA Glut Tshz2/Satb1",-0.707803476879779,-0.628719683681732,TRUE,"higher at P21"
6.45535841212227e-12,-0.731106733331949,0.137,0.424,1.61571165697008e-07,"Adap1","BLA Glut Tshz2/Satb1",-0.846825472475142,-0.522576959160049,TRUE,"higher at P21"
6.56023765731503e-12,-1.07298771451802,0.059,0.264,1.64196188324938e-07,"Pcsk2os1","BLA Glut Tshz2/Satb1",-0.9883225017289,-0.865500408483033,TRUE,"higher at P21"
6.6595730350962e-12,-1.03093554316389,0.061,0.264,1.66682453495423e-07,"0610043K17Rik","BLA Glut Tshz2/Satb1",-0.82619580376548,-0.713935491998147,TRUE,"higher at P21"
6.84768375788154e-12,-0.579559937721955,0.239,0.596,1.71390676776017e-07,"Cox16","BLA Glut Tshz2/Satb1",-0.570095293130057,-0.615494818922819,TRUE,"higher at P21"
6.93838240610495e-12,1.20240975448779,0.657,0.604,1.73660773242401e-07,"C530008M17Rik","BLA Glut Tshz2/Satb1",0.997037696074645,1.2288998919,TRUE,"higher at P10"
7.13792287513991e-12,-1.2657176258363,0.047,0.236,1.78655071641877e-07,"Zdhhc1","BLA Glut Tshz2/Satb1",-1.05286519035359,-0.706509701283495,TRUE,"higher at P21"
7.54741658258251e-12,-0.946641492051871,0.113,0.36,1.88904289645458e-07,"Raver2","BLA Glut Tshz2/Satb1",-0.569875736057817,-0.95756302687605,TRUE,"higher at P21"
9.01500333342613e-12,-0.612338501733414,0.061,0.248,2.25636518432323e-07,"Apopt1","BLA Glut Tshz2/Satb1",-0.670418267789832,-0.70895322826566,TRUE,"higher at P21"
9.14590048717789e-12,-0.750500206518855,0.213,0.548,2.28912743293575e-07,"Cacng2","BLA Glut Tshz2/Satb1",-0.821355395592862,-0.527811326375999,TRUE,"higher at P21"
9.29915603192206e-12,-0.691951749667251,0.201,0.52,2.32748576322977e-07,"Slc24a4","BLA Glut Tshz2/Satb1",-0.601683229284092,-0.586789843019182,TRUE,"higher at P21"
9.70663723646118e-12,-0.794580999072382,0.18,0.484,2.42947423391387e-07,"Slc39a10","BLA Glut Tshz2/Satb1",-0.80428133049861,-0.604891847895096,TRUE,"higher at P21"
9.72909377016276e-12,-0.747138878304104,0.199,0.508,2.43509487973404e-07,"Dgkz","BLA Glut Tshz2/Satb1",-0.959811738749023,-0.654959018082808,TRUE,"higher at P21"
1.03319650937829e-11,-0.810716664032446,0.232,0.56,2.58598754332292e-07,"Nptxr","BLA Glut Tshz2/Satb1",-0.813214658753749,-0.480619383366356,TRUE,"higher at P21"
1.03761803034621e-11,-1.13722215618963,0.073,0.296,2.59705416815354e-07,"Msi2","BLA Glut Tshz2/Satb1",-0.780888006557847,-0.935202875252263,TRUE,"higher at P21"
1.04564039393128e-11,-0.821511948854827,0.267,0.608,2.61713334197061e-07,"Gm48742","BLA Glut Tshz2/Satb1",-0.728809449793589,-0.703100221955877,TRUE,"higher at P21"
1.10717914092539e-11,-1.23401376033979,0.121,0.36,2.77115867182217e-07,"C1ql3","BLA Glut Tshz2/Satb1",-0.506273374409198,-1.02949333934332,TRUE,"higher at P21"
1.16158114483998e-11,-0.750880877087619,0.428,0.784,2.90732144741998e-07,"Atp2b1","BLA Glut Tshz2/Satb1",-0.664611075807929,-0.683194802770318,TRUE,"higher at P21"
1.21498971233103e-11,-1.14260096790137,0.069,0.28,3.04099775099333e-07,"Suds3","BLA Glut Tshz2/Satb1",-0.831729883603016,-0.742517212877132,TRUE,"higher at P21"
1.226570882185e-11,-0.636893448803733,0.18,0.488,3.06998426102084e-07,"Phlpp2","BLA Glut Tshz2/Satb1",-0.785325077349162,-0.633092279340642,TRUE,"higher at P21"
1.25811588446898e-11,-0.693106164053067,0.168,0.464,3.14893824723741e-07,"Ppfia3","BLA Glut Tshz2/Satb1",-0.444897560556884,-0.738400595858471,TRUE,"higher at P21"
1.29080087157396e-11,-1.38167451545923,0.078,0.288,3.23074550146248e-07,"Scube1","BLA Glut Tshz2/Satb1",-1.54265500781066,-0.833099329246831,TRUE,"higher at P21"
1.29202239959798e-11,-0.605792822889964,0.165,0.468,3.23380286395377e-07,"Ppip5k1","BLA Glut Tshz2/Satb1",-0.674955257419882,-0.705626972364268,TRUE,"higher at P21"
1.36252451540827e-11,-1.54868020610069,0.031,0.2,3.41026260961535e-07,"Usp2","BLA Glut Tshz2/Satb1",-1.22987884547007,-0.897325229549042,TRUE,"higher at P21"
1.365740339129e-11,-0.743582414308881,0.168,0.472,3.41831149480597e-07,"Oga","BLA Glut Tshz2/Satb1",-0.603761889195437,-0.518612474801935,TRUE,"higher at P21"
1.39435397495626e-11,-1.38864610333368,0.031,0.2,3.48992856391803e-07,"Med6","BLA Glut Tshz2/Satb1",-1.14244629567726,-0.964242496117148,TRUE,"higher at P21"
1.41232759737809e-11,0.604186931717788,0.872,0.868,3.53491474347763e-07,"Ppfia2","BLA Glut Tshz2/Satb1",0.55765560739471,0.505335592065738,TRUE,"higher at P10"
1.49766356667192e-11,-0.878851157141617,0.125,0.388,3.74850214102315e-07,"Nhsl2","BLA Glut Tshz2/Satb1",-0.746727369126565,-0.599903932682457,TRUE,"higher at P21"
1.56350971825742e-11,0.705961578436074,0.953,0.9,3.9133084738265e-07,"Brinp3","BLA Glut Tshz2/Satb1",0.733205725610046,0.409819099264079,TRUE,"higher at P10"
1.57444942101715e-11,-0.776280993158858,0.17,0.48,3.94068945586382e-07,"Cpne6","BLA Glut Tshz2/Satb1",-0.429702770662727,-0.65978662857074,TRUE,"higher at P21"
1.76972455916659e-11,-0.880292479132963,0.104,0.34,4.42944359913805e-07,"Crim1","BLA Glut Tshz2/Satb1",-0.652434597490832,-0.634108694972491,TRUE,"higher at P21"
1.76983425795063e-11,-0.740571913671106,0.154,0.44,4.42971816422464e-07,"Fbxo34","BLA Glut Tshz2/Satb1",-0.760456000822438,-0.654043282203273,TRUE,"higher at P21"
1.82828872431886e-11,-0.597285241714106,0.733,0.928,4.57602384809767e-07,"Srrm2","BLA Glut Tshz2/Satb1",-0.613270473506535,-0.536450809760073,TRUE,"higher at P21"
1.87626152724522e-11,-0.826541872393392,0.173,0.444,4.69609497654206e-07,"Gm26911","BLA Glut Tshz2/Satb1",-0.925449371110968,-0.556047699555645,TRUE,"higher at P21"
1.87787422455136e-11,0.84458757624166,0.726,0.676,4.7001313966296e-07,"Syn3","BLA Glut Tshz2/Satb1",1.00289602120867,0.791205491232735,TRUE,"higher at P10"
2.04636969862104e-11,-0.614477897467282,0.27,0.628,5.1218587186786e-07,"Man1a2","BLA Glut Tshz2/Satb1",-0.473352026316016,-0.423694349657645,TRUE,"higher at P21"
2.13411058519006e-11,-0.761536372294022,0.09,0.308,5.3414653836722e-07,"Syt13","BLA Glut Tshz2/Satb1",-0.622709384097412,-0.431581668839631,TRUE,"higher at P21"
2.2133631692513e-11,-1.32284871705662,0.064,0.268,5.53982667631908e-07,"Stx16","BLA Glut Tshz2/Satb1",-0.630630024847807,-0.921461283732214,TRUE,"higher at P21"
2.31081070130709e-11,-0.750419249333269,0.038,0.204,5.78372810430152e-07,"Zfp799","BLA Glut Tshz2/Satb1",-0.775635052905672,-0.772454180656376,TRUE,"higher at P21"
2.34138979905004e-11,-0.5976796132723,0.267,0.62,5.86026452804235e-07,"Ppp2r5c","BLA Glut Tshz2/Satb1",-0.504280063915481,-0.511921254190022,TRUE,"higher at P21"
2.38540396750435e-11,-1.2410871551015,0.05,0.236,5.97042759026663e-07,"Rarb","BLA Glut Tshz2/Satb1",-1.13462991656106,-1.03478578239644,TRUE,"higher at P21"
2.42473463583715e-11,-2.00963819020189,0.05,0.224,6.06886832003681e-07,"Slc24a2","BLA Glut Tshz2/Satb1",-0.508895853901199,-1.44777394792229,TRUE,"higher at P21"
2.70740613111782e-11,-0.677121087075353,0.13,0.396,6.77636680557478e-07,"Nudt5","BLA Glut Tshz2/Satb1",-0.6637409893686,-0.444073937396022,TRUE,"higher at P21"
2.87230863357848e-11,-0.938962148927346,0.123,0.376,7.18910127898357e-07,"2610035D17Rik","BLA Glut Tshz2/Satb1",-0.538905053287596,-0.484637600821882,TRUE,"higher at P21"
2.93074980548468e-11,-0.710812021881797,0.123,0.368,7.33537368814761e-07,"Cebpz","BLA Glut Tshz2/Satb1",-0.599510652533303,-0.441611950095706,TRUE,"higher at P21"
2.94357481812419e-11,-1.14830175427868,0.097,0.336,7.36747341228303e-07,"Hlcs","BLA Glut Tshz2/Satb1",-0.696805699442905,-0.821852481465843,TRUE,"higher at P21"
3.01574163603057e-11,-0.63888272092201,0.274,0.616,7.54809974082091e-07,"Ablim2","BLA Glut Tshz2/Satb1",-0.617283857149409,-0.622400317769357,TRUE,"higher at P21"
3.02708291965123e-11,-0.974397043893093,0.09,0.328,7.57648583959506e-07,"Celf3","BLA Glut Tshz2/Satb1",-0.903079161155317,-0.580882977609672,TRUE,"higher at P21"
3.14734319001772e-11,0.978786804616589,0.719,0.64,7.87748527029535e-07,"Usp29","BLA Glut Tshz2/Satb1",1.23354981562997,0.777515868489434,TRUE,"higher at P10"
3.21947567737082e-11,-0.642735483784678,0.52,0.804,8.05802567289142e-07,"Prr16","BLA Glut Tshz2/Satb1",-0.620288595347668,-0.644095668974915,TRUE,"higher at P21"
3.27770068774673e-11,-0.587385105647958,0.196,0.52,8.20375705136129e-07,"Ttc8","BLA Glut Tshz2/Satb1",-0.547592229982281,-0.47664823266303,TRUE,"higher at P21"
3.35452899574305e-11,-0.922091937104367,0.125,0.376,8.39605062344527e-07,"Baz1b","BLA Glut Tshz2/Satb1",-0.442214893478866,-0.641926721070557,TRUE,"higher at P21"
3.43966954397358e-11,-0.787768450342766,0.511,0.812,8.60914890161146e-07,"Syne1","BLA Glut Tshz2/Satb1",-0.714917448157387,-0.892007076670896,TRUE,"higher at P21"
3.49510253425074e-11,-0.701386174610512,0.128,0.4,8.74789213297617e-07,"Ncapd3","BLA Glut Tshz2/Satb1",-0.590128064933522,-0.597332548965552,TRUE,"higher at P21"
3.6926918472868e-11,-1.15073216956259,0.078,0.292,9.24243842457414e-07,"Gm15496","BLA Glut Tshz2/Satb1",-1.05863278928856,-0.506821624218524,TRUE,"higher at P21"
3.70848256353885e-11,-0.854063753678209,0.102,0.34,9.28196100828138e-07,"Fbrsl1","BLA Glut Tshz2/Satb1",-0.833389674828385,-0.530189699913053,TRUE,"higher at P21"
3.9923590405641e-11,0.5542511837986,0.837,0.856,9.99247544262788e-07,"Grid1","BLA Glut Tshz2/Satb1",0.81705964013417,0.671684441601074,TRUE,"higher at P10"
4.0271664045525e-11,-0.701049887553626,0.135,0.4,1.00795947939544e-06,"Cdc37l1","BLA Glut Tshz2/Satb1",-0.720844086521866,-0.583541175683352,TRUE,"higher at P21"
4.09192618938849e-11,-0.661057102450979,0.778,0.888,1.02416820594204e-06,"Cacna1a","BLA Glut Tshz2/Satb1",-0.773726843820439,-0.55014864945569,TRUE,"higher at P21"
4.17343317420826e-11,-1.43803877545669,0.054,0.236,1.04456858917259e-06,"Anp32a","BLA Glut Tshz2/Satb1",-0.759226158021679,-0.861259692119787,TRUE,"higher at P21"
4.23105392375229e-11,-0.907750593202047,0.123,0.356,1.05899048657596e-06,"Lmo7","BLA Glut Tshz2/Satb1",-0.78319616569482,-0.70237555430707,TRUE,"higher at P21"
4.35970349511904e-11,-0.927061040217929,0.217,0.512,1.09119018779335e-06,"Atp2b4","BLA Glut Tshz2/Satb1",-1.12071193098024,-0.69685998326319,TRUE,"higher at P21"
4.41268778942534e-11,-0.844059688849921,0.116,0.364,1.10445162681527e-06,"Trps1","BLA Glut Tshz2/Satb1",-0.613654239643919,-0.619824249122289,TRUE,"higher at P21"
4.48862551810929e-11,-0.669968724388371,0.18,0.476,1.12345808092757e-06,"Cacng8","BLA Glut Tshz2/Satb1",-0.58468636240127,-0.628761502559379,TRUE,"higher at P21"
4.60626623469394e-11,-0.561901823899284,0.189,0.492,1.15290237588155e-06,"Vps13c","BLA Glut Tshz2/Satb1",-0.588732576287546,-0.461826703209009,TRUE,"higher at P21"
4.80935157775049e-11,0.654236349609309,0.901,0.844,1.20373260639517e-06,"Robo2","BLA Glut Tshz2/Satb1",0.66309025159145,0.525746040353367,TRUE,"higher at P10"
4.90420904845051e-11,-0.801746838330041,0.149,0.432,1.22747448273668e-06,"2900026A02Rik","BLA Glut Tshz2/Satb1",-1.00882303566705,-0.433677960078889,TRUE,"higher at P21"
5.05827493147151e-11,-0.630014703207067,0.142,0.416,1.266035632598e-06,"Frrs1l","BLA Glut Tshz2/Satb1",-0.729525291390258,-0.466822359143187,TRUE,"higher at P21"
5.10084120614258e-11,-1.16799096160961,0.076,0.28,1.27668954548543e-06,"Plk2","BLA Glut Tshz2/Satb1",-0.871871674921417,-0.773806508074614,TRUE,"higher at P21"
5.1411554603961e-11,2.36346916568604,0.355,0.164,1.28677980018254e-06,"Dpysl3","BLA Glut Tshz2/Satb1",1.99300307178398,1.95680348542448,TRUE,"higher at P10"
5.38094229270405e-11,-0.678641764972283,0.26,0.584,1.3467960464409e-06,"Me3","BLA Glut Tshz2/Satb1",-0.641071936212461,-0.605830486888192,TRUE,"higher at P21"
5.41350086614607e-11,-0.545444616750372,0.17,0.464,1.3549451317877e-06,"Lamc1","BLA Glut Tshz2/Satb1",-0.614152858134145,-0.575873404650811,TRUE,"higher at P21"
5.54999882388845e-11,-1.19500511824867,0.04,0.204,1.38910920563104e-06,"Plekhg5","BLA Glut Tshz2/Satb1",-0.87462726470739,-0.876486742238126,TRUE,"higher at P21"
5.64469782421776e-11,-0.742423705376901,0.281,0.628,1.41281141842346e-06,"Slc7a14","BLA Glut Tshz2/Satb1",-0.492827295180829,-0.599257718945601,TRUE,"higher at P21"
6.794555042574e-11,-0.77602609644558,0.288,0.656,1.70060918160585e-06,"Myrip","BLA Glut Tshz2/Satb1",-0.635816636720928,-0.406845165710139,TRUE,"higher at P21"
6.86062944449333e-11,-0.54829828414794,0.248,0.592,1.71714694366224e-06,"Madd","BLA Glut Tshz2/Satb1",-0.415253132712155,-0.449333471204805,TRUE,"higher at P21"
7.0339442710961e-11,1.59014539915149,0.558,0.5,1.76052591161264e-06,"Neto2","BLA Glut Tshz2/Satb1",1.43182978824168,1.26286991308835,TRUE,"higher at P10"
7.12058266583067e-11,-0.619746877298409,0.137,0.396,1.78221063543076e-06,"Gm1976","BLA Glut Tshz2/Satb1",-0.677861486213305,-0.7208820205591,TRUE,"higher at P21"
7.15630009000535e-11,-0.74618115729511,0.203,0.504,1.79115034952744e-06,"Ccnl2","BLA Glut Tshz2/Satb1",-0.420654402859983,-0.564294996910182,TRUE,"higher at P21"
7.52854814267318e-11,-1.01177739586507,0.083,0.288,1.88432031462967e-06,"Adamts17","BLA Glut Tshz2/Satb1",-1.03811613535368,-0.853028019753536,TRUE,"higher at P21"
7.81823290453101e-11,-0.731326250656925,0.092,0.324,1.95682551367507e-06,"Dclk3","BLA Glut Tshz2/Satb1",-0.790563376590673,-0.582309221145362,TRUE,"higher at P21"
8.04567952438556e-11,-0.636300705102961,0.721,0.912,2.01375312815846e-06,"Robo1","BLA Glut Tshz2/Satb1",-0.625322774110703,-0.709387567215774,TRUE,"higher at P21"
8.06892351530700e-11,-0.627640912001692,0.17,0.468,2.01957086664619e-06,"5330417C22Rik","BLA Glut Tshz2/Satb1",-0.57975442533588,-0.558171382271355,TRUE,"higher at P21"
8.15364905104356e-11,-0.563362768596708,0.194,0.516,2.04077682098569e-06,"B230209E15Rik","BLA Glut Tshz2/Satb1",-0.586592690897525,-0.478265044891895,TRUE,"higher at P21"
8.2183503704542e-11,-0.651703876773679,0.605,0.832,2.05697091422098e-06,"Snap25","BLA Glut Tshz2/Satb1",-0.808192268781588,-0.73872426196446,TRUE,"higher at P21"
8.27770567021074e-11,-0.734974990581781,0.057,0.236,2.07182695219705e-06,"Stk40","BLA Glut Tshz2/Satb1",-0.760714771181479,-0.578116841611297,TRUE,"higher at P21"
8.49856794866523e-11,-1.56361343971144,0.035,0.2,2.12710657187142e-06,"Hsph1","BLA Glut Tshz2/Satb1",-1.03907364338365,-0.606643041359587,TRUE,"higher at P21"
9.45027035534416e-11,0.70293190671649,0.773,0.776,2.36530816723909e-06,"Camta1","BLA Glut Tshz2/Satb1",0.517206242747526,0.838480788622554,TRUE,"higher at P10"
9.73948119646559e-11,-1.39968135432151,0.059,0.252,2.43769474866337e-06,"Matn2","BLA Glut Tshz2/Satb1",-1.23929904942864,-0.873982950629076,TRUE,"higher at P21"
9.86071409043721e-11,-0.67435520472799,0.338,0.692,2.46803812969553e-06,"Itpr1","BLA Glut Tshz2/Satb1",-0.733174933063625,-0.434926181850044,TRUE,"higher at P21"
9.96325423574176e-11,1.25414626294821,0.615,0.568,2.4937029026638e-06,"Plppr1","BLA Glut Tshz2/Satb1",1.33930100682128,1.49807089441974,TRUE,"higher at P10"
1.01553596436831e-10,-1.05846986213131,0.043,0.212,2.54178496521745e-06,"Sqstm1","BLA Glut Tshz2/Satb1",-1.05385022054585,-0.464270802888018,TRUE,"higher at P21"
1.07985042898086e-10,-0.637197711604004,0.27,0.632,2.70275763869619e-06,"A330023F24Rik","BLA Glut Tshz2/Satb1",-0.653597242760929,-0.556313868548668,TRUE,"higher at P21"
1.09291496940242e-10,-0.715275082973085,0.449,0.812,2.73545687691731e-06,"Cdr1os","BLA Glut Tshz2/Satb1",-0.459160422196914,-0.720929318657582,TRUE,"higher at P21"
1.11982189261236e-10,-0.706275665454195,0.369,0.724,2.80280221501947e-06,"Ttc7b","BLA Glut Tshz2/Satb1",-0.631869165795831,-0.792284266095424,TRUE,"higher at P21"
1.16897042957137e-10,-0.944256315348412,0.087,0.312,2.92581608817419e-06,"Lrrc29","BLA Glut Tshz2/Satb1",-0.438776586826,-0.849344477999264,TRUE,"higher at P21"
1.18044339953529e-10,-0.649804745557554,0.482,0.796,2.95453178469687e-06,"Dlg1","BLA Glut Tshz2/Satb1",-0.768153042211766,-0.600420766525991,TRUE,"higher at P21"
1.19830411280185e-10,-0.63598558946264,0.27,0.612,2.99923536393176e-06,"Pias1","BLA Glut Tshz2/Satb1",-0.670793245846613,-0.748045999865252,TRUE,"higher at P21"
1.19889731971858e-10,-0.677185484056681,0.121,0.372,3.00072010152364e-06,"Cep70","BLA Glut Tshz2/Satb1",-0.4625426965374,-0.443276555148952,TRUE,"higher at P21"
1.27985284732664e-10,-0.638443187770927,0.123,0.368,3.20334369157385e-06,"Coro2b","BLA Glut Tshz2/Satb1",-0.542515438304793,-0.441611950095706,TRUE,"higher at P21"
1.32918886474521e-10,-1.0649675737104,0.05,0.232,3.32682680957079e-06,"Bdh1","BLA Glut Tshz2/Satb1",-0.905365374821709,-0.813063948643174,TRUE,"higher at P21"
1.38119829078558e-10,-0.826296346583424,0.073,0.268,3.45700120200723e-06,"Rab15","BLA Glut Tshz2/Satb1",-0.707939389725431,-0.719644654135545,TRUE,"higher at P21"
1.40154326050385e-10,-0.712651678373853,0.527,0.844,3.50792262671509e-06,"Dab1","BLA Glut Tshz2/Satb1",-0.58771267466124,-0.584692068118175,TRUE,"higher at P21"
1.41035009689622e-10,-1.03414332385649,0.057,0.236,3.52996525752155e-06,"Tmem132a","BLA Glut Tshz2/Satb1",-0.643515573086735,-0.681613581421054,TRUE,"higher at P21"
1.41556361425649e-10,-0.776628510398301,0.22,0.536,3.54301417012256e-06,"Arsb","BLA Glut Tshz2/Satb1",-0.597063041472169,-0.702168112073173,TRUE,"higher at P21"
1.4913305105102e-10,-0.510752407772641,0.109,0.356,3.73265113475597e-06,"Rab40b","BLA Glut Tshz2/Satb1",-0.737052965597868,-0.616899801320105,TRUE,"higher at P21"
1.59927593065624e-10,-0.866685889214414,0.071,0.268,4.00282772683951e-06,"Crebrf","BLA Glut Tshz2/Satb1",-0.912747802414735,-0.507266014039504,TRUE,"higher at P21"
1.60189597420845e-10,-0.766613997791492,0.165,0.448,4.00938543384632e-06,"Mtcl1","BLA Glut Tshz2/Satb1",-0.784034312247769,-0.776859309705024,TRUE,"higher at P21"
1.62165681956082e-10,-0.521600296750564,0.286,0.636,4.05884485367877e-06,"Grik5","BLA Glut Tshz2/Satb1",-0.515685894624438,-0.544661905786055,TRUE,"higher at P21"
1.62817704485741e-10,-0.615319375048673,0.518,0.84,4.0751643255736e-06,"Pnisr","BLA Glut Tshz2/Satb1",-0.652980353275927,-0.540119393081619,TRUE,"higher at P21"
1.70875340282712e-10,-0.695885990847832,0.255,0.6,4.27683889193599e-06,"Gm15810","BLA Glut Tshz2/Satb1",-0.612037234509715,-0.582016341181982,TRUE,"higher at P21"
1.73279804069574e-10,-0.618625709911728,0.324,0.684,4.33702021605738e-06,"Ttc14","BLA Glut Tshz2/Satb1",-0.713409976922189,-0.548225931605254,TRUE,"higher at P21"
1.77825080618728e-10,-1.21730636000549,0.109,0.332,4.45078394280613e-06,"Col26a1","BLA Glut Tshz2/Satb1",-1.10409059533155,-1.27200084443516,TRUE,"higher at P21"
1.84536592632681e-10,-0.969800981384271,0.08,0.296,4.61876637700337e-06,"Mmaa","BLA Glut Tshz2/Satb1",-0.600640662270885,-0.787395095675784,TRUE,"higher at P21"
1.93625690477454e-10,-0.741414019175373,0.111,0.336,4.84625740696019e-06,"Spaca6","BLA Glut Tshz2/Satb1",-0.970787728660793,-0.589662907775843,TRUE,"higher at P21"
2.00044831769722e-10,-0.883621463864295,0.052,0.224,5.00692209436438e-06,"Tpk1","BLA Glut Tshz2/Satb1",-0.731239452507378,-0.966049445877605,TRUE,"higher at P21"
2.09870115104692e-10,-1.01453497277134,0.043,0.208,5.25283911095533e-06,"1810034E14Rik","BLA Glut Tshz2/Satb1",-0.809037743905483,-0.879964809533748,TRUE,"higher at P21"
2.11823340194975e-10,-1.93641038663803,0.047,0.208,5.30172638174003e-06,"mt-Co2","BLA Glut Tshz2/Satb1",-1.30454617840934,-0.749675786838937,TRUE,"higher at P21"
2.45014544186585e-10,-1.11604269961228,0.043,0.212,6.13246902644603e-06,"Cyp7b1","BLA Glut Tshz2/Satb1",-0.692803576659853,-0.797324166355998,TRUE,"higher at P21"
2.45224971877063e-10,-0.655674718417857,0.222,0.532,6.13773582111102e-06,"4933406I18Rik","BLA Glut Tshz2/Satb1",-0.480265718951349,-0.491392089874262,TRUE,"higher at P21"
2.60629574137634e-10,-0.618809215256765,0.215,0.532,6.52329761109084e-06,"Sbno1","BLA Glut Tshz2/Satb1",-0.564128674031163,-0.440508216723638,TRUE,"higher at P21"
2.65951896709955e-10,-1.3962082052041,0.04,0.2,6.65651002275346e-06,"mt-Co1","BLA Glut Tshz2/Satb1",-1.08332553921995,-0.638631503084932,TRUE,"higher at P21"
2.77629900870716e-10,-0.835544358690867,0.09,0.292,6.94879878889315e-06,"E130308A19Rik","BLA Glut Tshz2/Satb1",-0.412763519152306,-0.873452410752049,TRUE,"higher at P21"
2.89641192242715e-10,-0.622328937819595,0.572,0.852,7.24942940064292e-06,"Trerf1","BLA Glut Tshz2/Satb1",-0.640601659160413,-0.627140315900558,TRUE,"higher at P21"
2.94687413434143e-10,-0.803938501772125,0.047,0.212,7.37573127084316e-06,"Fgfr1op2","BLA Glut Tshz2/Satb1",-0.775444219837603,-0.74290925278621,TRUE,"higher at P21"
3.14095737599206e-10,-0.609438732716097,0.173,0.464,7.86150221637054e-06,"Zfc3h1","BLA Glut Tshz2/Satb1",-0.506347508899866,-0.471971289848149,TRUE,"higher at P21"
3.23280839746284e-10,-0.538171899796789,0.251,0.576,8.09139613800974e-06,"Ftx","BLA Glut Tshz2/Satb1",-0.76836638475181,-0.492439788263841,TRUE,"higher at P21"
3.3978791417436e-10,-0.880992786138203,0.111,0.344,8.50455170387004e-06,"Chrm1","BLA Glut Tshz2/Satb1",-0.617502744703264,-0.740393056022991,TRUE,"higher at P21"
3.46873882407715e-10,-0.701222446351546,0.069,0.264,8.68190640278271e-06,"Pea15a","BLA Glut Tshz2/Satb1",-0.729454501457212,-0.599946864394506,TRUE,"higher at P21"
3.48108115175671e-10,-0.618430200634514,0.284,0.628,8.71279801473187e-06,"Dennd4a","BLA Glut Tshz2/Satb1",-0.483331831850997,-0.646903606719372,TRUE,"higher at P21"
3.52451805252344e-10,-1.3354671758206,0.043,0.204,8.82151623366092e-06,"Gm12216","BLA Glut Tshz2/Satb1",-0.558615070646495,-1.19085871353642,TRUE,"higher at P21"
3.59339929499525e-10,-1.11524674124107,0.04,0.2,8.99391909544362e-06,"Muc15","BLA Glut Tshz2/Satb1",-0.736585580389447,-0.994064643562971,TRUE,"higher at P21"
3.61650512836777e-10,-0.818372598766478,0.066,0.252,9.05175068579169e-06,"Gm41361","BLA Glut Tshz2/Satb1",-0.662450040287386,-0.476399584542832,TRUE,"higher at P21"
3.64578376394396e-10,-0.698313347644541,0.076,0.284,9.12503218277534e-06,"Creg2","BLA Glut Tshz2/Satb1",-0.615928173051919,-0.597848765094772,TRUE,"higher at P21"
3.67383623237232e-10,-0.673946360270663,0.095,0.312,9.19524470600467e-06,"Erlec1","BLA Glut Tshz2/Satb1",-0.564292861169446,-0.531247268511057,TRUE,"higher at P21"
3.73700864075303e-10,2.49208434999099,0.31,0.116,9.35335892694077e-06,"Sema5a","BLA Glut Tshz2/Satb1",2.03637429378764,2.37358436929771,TRUE,"higher at P10"
3.73949112352874e-10,-1.13601222361653,0.064,0.256,9.35957233308009e-06,"Map3k12","BLA Glut Tshz2/Satb1",-0.565891152177237,-0.403435030141739,TRUE,"higher at P21"
4.10403064333657e-10,-1.05877549675466,0.057,0.236,1.02719782972071e-05,"Ap4s1","BLA Glut Tshz2/Satb1",-0.767835331426561,-0.681613581421054,TRUE,"higher at P21"
4.10599437051551e-10,-1.11754137666619,0.057,0.224,1.02768933099633e-05,"Tmem38a","BLA Glut Tshz2/Satb1",-0.909535382818872,-0.470816728984959,TRUE,"higher at P21"
4.28334728401786e-10,1.70494465993229,0.504,0.368,1.07207899171683e-05,"Bach2","BLA Glut Tshz2/Satb1",1.31582528001186,1.92473462489821,TRUE,"higher at P10"
4.76204514885252e-10,-0.573763300034366,0.113,0.348,1.1918922803063e-05,"Arhgap17","BLA Glut Tshz2/Satb1",-0.485040516751418,-0.781955507408018,TRUE,"higher at P21"
4.78844659529957e-10,-0.785553182663313,0.09,0.304,1.19850029833753e-05,"Zfp664","BLA Glut Tshz2/Satb1",-0.568291168095779,-0.423729319018708,TRUE,"higher at P21"
4.82143432216818e-10,-0.851207852679919,0.307,0.604,1.20675679649547e-05,"Kcnh1","BLA Glut Tshz2/Satb1",-1.05148538076526,-0.611190227979348,TRUE,"higher at P21"
5.13053385875295e-10,-0.6174753462738,0.206,0.508,1.28412131950728e-05,"5031425E22Rik","BLA Glut Tshz2/Satb1",-0.743733068667864,-0.515574373548473,TRUE,"higher at P21"
5.27488974321898e-10,-0.979075702041498,0.076,0.268,1.32025215383028e-05,"Ap2a1","BLA Glut Tshz2/Satb1",-0.643701167918005,-0.710755610679305,TRUE,"higher at P21"
5.51715472709402e-10,-0.757676059007869,0.066,0.252,1.38088865664436e-05,"Cacng7","BLA Glut Tshz2/Satb1",-0.656187655568885,-0.665648056853878,TRUE,"higher at P21"
5.52566075472403e-10,1.85296398808698,0.404,0.224,1.38301763029988e-05,"Xkr6","BLA Glut Tshz2/Satb1",2.14580594683565,1.73916309411015,TRUE,"higher at P10"
6.45109826440146e-10,0.989371581173285,0.617,0.5,1.61464538459704e-05,"Timp3","BLA Glut Tshz2/Satb1",0.968498441383384,0.975372385628889,TRUE,"higher at P10"
6.65168373261225e-10,-0.600068848540911,0.348,0.696,1.66484992143552e-05,"Phf21a","BLA Glut Tshz2/Satb1",-0.4688481225296,-0.56057638375401,TRUE,"higher at P21"
6.77285643943196e-10,-0.97568696237556,0.099,0.32,1.69517823822542e-05,"Exd2","BLA Glut Tshz2/Satb1",-0.440161108327522,-0.713236510550622,TRUE,"higher at P21"
6.91656132559769e-10,-0.866025899084264,0.215,0.512,1.73114613418385e-05,"Synpr","BLA Glut Tshz2/Satb1",-0.511257112062427,-0.705959131674895,TRUE,"higher at P21"
6.92322655928029e-10,-1.10457237379232,0.057,0.232,1.73281437552226e-05,"Max","BLA Glut Tshz2/Satb1",-0.783114369163918,-0.724651130726747,TRUE,"higher at P21"
6.9466873560591e-10,-0.653549017424577,0.414,0.772,1.73868637834803e-05,"R3hdm2","BLA Glut Tshz2/Satb1",-0.41062657255117,-0.523145052537696,TRUE,"higher at P21"
6.95107236114624e-10,-0.553624645329442,0.102,0.328,1.73978390127129e-05,"Armc2","BLA Glut Tshz2/Satb1",-0.590210737330104,-0.632139041347298,TRUE,"higher at P21"
7.0450978977013e-10,-0.775975638655739,0.059,0.228,1.76331755281566e-05,"Zfhx2os","BLA Glut Tshz2/Satb1",-0.909535382818872,-0.5081584731708,TRUE,"higher at P21"
7.215483298397e-10,-0.815166347716881,0.057,0.228,1.80596331475579e-05,"Sh3bp4","BLA Glut Tshz2/Satb1",-0.854513962240895,-0.648550908271843,TRUE,"higher at P21"
7.43197202361428e-10,-0.606644947125577,0.305,0.624,1.86014827779042e-05,"Atp2b2","BLA Glut Tshz2/Satb1",-0.712116861247003,-0.470445216382901,TRUE,"higher at P21"
7.44572256917783e-10,1.51826776600919,0.57,0.488,1.86358990183952e-05,"Frmd5","BLA Glut Tshz2/Satb1",1.40830121916339,1.27867226154417,TRUE,"higher at P10"
7.51167598943563e-10,-0.600802736587894,0.227,0.52,1.88009738339584e-05,"Nxpe4","BLA Glut Tshz2/Satb1",-0.55413752249949,-0.669948610333479,TRUE,"higher at P21"
7.80971397284915e-10,-1.05684418505709,0.057,0.236,1.95469331026441e-05,"Elfn2","BLA Glut Tshz2/Satb1",-0.606919694167552,-0.799838675364565,TRUE,"higher at P21"
8.02147996722813e-10,-0.742347544803218,0.118,0.352,2.00769622099753e-05,"Cry2","BLA Glut Tshz2/Satb1",-0.571644051809628,-0.61339099628559,TRUE,"higher at P21"
8.17758681070006e-10,-0.632876777396346,0.626,0.844,2.04676820285012e-05,"Rbfox3","BLA Glut Tshz2/Satb1",-0.766634938521482,-0.701369262780197,TRUE,"higher at P21"
8.19195587175239e-10,-0.932303815203054,0.08,0.28,2.05036463514091e-05,"Arhgef17","BLA Glut Tshz2/Satb1",-0.774986579691837,-0.506430528646277,TRUE,"higher at P21"
8.41702963185854e-10,-0.638655527394812,0.196,0.464,2.10669834655787e-05,"Prmt8","BLA Glut Tshz2/Satb1",-0.574082803501059,-0.448761355042371,TRUE,"higher at P21"
8.41860246829369e-10,-1.00113573705968,0.104,0.324,2.10709201178923e-05,"Spred1","BLA Glut Tshz2/Satb1",-0.827691936598659,-0.751610150236606,TRUE,"higher at P21"
9.08249355715364e-10,-0.988933502757456,0.08,0.284,2.27325731241999e-05,"Rab27a","BLA Glut Tshz2/Satb1",-1.01846934795975,-0.476892073223759,TRUE,"higher at P21"
9.20065163081571e-10,-0.561676465481212,0.222,0.528,2.30283109667686e-05,"Rps6ka2","BLA Glut Tshz2/Satb1",-0.435067310290876,-0.763598504702676,TRUE,"higher at P21"
1.01199210628875e-09,-0.56322560594596,0.21,0.516,2.53291504283012e-05,"Slf2","BLA Glut Tshz2/Satb1",-0.613914140588902,-0.58886239108863,TRUE,"higher at P21"
1.01234385937419e-09,-0.533930077161577,0.078,0.272,2.53379544562766e-05,"Fyco1","BLA Glut Tshz2/Satb1",-0.526110582976926,-0.536349333495194,TRUE,"higher at P21"
1.08097234626008e-09,-1.08287851483967,0.045,0.204,2.70556568545436e-05,"Kcnh4","BLA Glut Tshz2/Satb1",-0.720318333279666,-0.679117146743174,TRUE,"higher at P21"
1.12684098514407e-09,-1.15956140725952,0.054,0.228,2.82037030171709e-05,"Gm48715","BLA Glut Tshz2/Satb1",-0.618798769597684,-0.941600630937937,TRUE,"higher at P21"
1.14305704373301e-09,-0.779095373454881,0.061,0.236,2.86095747475935e-05,"Gnb5","BLA Glut Tshz2/Satb1",-0.821412266544163,-0.438938767256047,TRUE,"higher at P21"
1.15789994449919e-09,-0.690283033697942,0.274,0.592,2.89810777108702e-05,"Mrtfa","BLA Glut Tshz2/Satb1",-0.547289237364184,-0.544144571162989,TRUE,"higher at P21"
1.1594616866386e-09,-0.508697944724011,0.65,0.904,2.90201665548775e-05,"R3hdm1","BLA Glut Tshz2/Satb1",-0.65599678239864,-0.470148158262438,TRUE,"higher at P21"
1.17265438424007e-09,-0.583832752857996,0.515,0.804,2.93503665831448e-05,"Unc80","BLA Glut Tshz2/Satb1",-0.567033347050292,-0.736617789993359,TRUE,"higher at P21"
1.25009316644433e-09,-1.01703626482787,0.05,0.204,3.1288581862935e-05,"Tent4a","BLA Glut Tshz2/Satb1",-0.799954831497103,-0.424508023278497,TRUE,"higher at P21"
1.25914430538102e-09,-0.655316727232027,0.255,0.572,3.15151228193815e-05,"Prkar1b","BLA Glut Tshz2/Satb1",-0.745207059467936,-0.492158143283364,TRUE,"higher at P21"
1.31725541757321e-09,-1.37306754103615,0.236,0.48,3.29695858464399e-05,"4930587E11Rik","BLA Glut Tshz2/Satb1",-1.16629618033807,-1.27857033887786,TRUE,"higher at P21"
1.4046456820157e-09,-0.583830092717623,0.426,0.756,3.5156876775171e-05,"Kcnj6","BLA Glut Tshz2/Satb1",-0.681003743490594,-0.529054959875265,TRUE,"higher at P21"
1.44917144510452e-09,-0.606425673242279,0.801,0.904,3.6271312099521e-05,"Oxr1","BLA Glut Tshz2/Satb1",-0.462339646515216,-0.663336091089524,TRUE,"higher at P21"
1.50533660751366e-09,0.618947003133996,0.875,0.84,3.76770699494593e-05,"Zfpm2","BLA Glut Tshz2/Satb1",0.633546101816677,0.636343277364045,TRUE,"higher at P10"
1.50610699251183e-09,1.04922442960817,0.636,0.592,3.76963519155787e-05,"Srgap2","BLA Glut Tshz2/Satb1",1.00090894663061,1.12582869347435,TRUE,"higher at P10"
1.56310486946104e-09,-0.57124377384159,0.161,0.42,3.91229517777403e-05,"Stim2","BLA Glut Tshz2/Satb1",-0.590064858975152,-0.486860983548552,TRUE,"higher at P21"
1.59613604264751e-09,-0.827182285090136,0.253,0.548,3.99496890114246e-05,"Mgll","BLA Glut Tshz2/Satb1",-0.912729443811958,-0.712346448298344,TRUE,"higher at P21"
1.67456774332477e-09,-1.08649271254991,0.054,0.216,4.19127560476757e-05,"Ccdc66","BLA Glut Tshz2/Satb1",-0.759226158021679,-0.586527313919903,TRUE,"higher at P21"
1.85147147107772e-09,-1.3490018059937,0.066,0.244,4.63404794496043e-05,"Pik3r3","BLA Glut Tshz2/Satb1",-0.795155693916584,-0.507427913740066,TRUE,"higher at P21"
1.86349421768186e-09,-0.680337998249554,0.284,0.596,4.66413967743592e-05,"Inpp4b","BLA Glut Tshz2/Satb1",-0.51641403953504,-0.620297624434071,TRUE,"higher at P21"
1.93616011760837e-09,1.78757437426982,0.418,0.256,4.84601515836199e-05,"Ptpru","BLA Glut Tshz2/Satb1",1.73912883092098,1.82834150164687,TRUE,"higher at P10"
2.0325030404578e-09,-0.997297890782263,0.057,0.22,5.08715185996182e-05,"Smpd4","BLA Glut Tshz2/Satb1",-0.843935553881465,-0.62065824712842,TRUE,"higher at P21"
2.05825183132673e-09,-0.879997470824567,0.071,0.256,5.15159850862768e-05,"Klf9","BLA Glut Tshz2/Satb1",-0.587610014576504,-0.683346440008151,TRUE,"higher at P21"
2.10305739106322e-09,-0.905469650685554,0.139,0.384,5.26374234409214e-05,"Rassf8","BLA Glut Tshz2/Satb1",-0.427925828710465,-0.872999727818204,TRUE,"higher at P21"
2.11059050789202e-09,1.05879596698424,0.6,0.572,5.28259698220295e-05,"Dner","BLA Glut Tshz2/Satb1",0.890909678156649,0.845313143827423,TRUE,"higher at P10"
2.11250084259979e-09,-0.707598698077851,0.073,0.256,5.28737835894301e-05,"Gucy1a1","BLA Glut Tshz2/Satb1",-0.612623775994119,-0.566771373170886,TRUE,"higher at P21"
2.21345688068314e-09,-0.798306673451256,0.052,0.216,5.54006122666184e-05,"Stip1","BLA Glut Tshz2/Satb1",-0.686786738247692,-0.546916951439863,TRUE,"higher at P21"
2.22432976712595e-09,-0.802269262577353,0.076,0.26,5.56727497413953e-05,"Cc2d2a","BLA Glut Tshz2/Satb1",-0.629252621892143,-0.590271520031525,TRUE,"higher at P21"
2.26034429897258e-09,-1.18251077845203,0.045,0.204,5.65741574589846e-05,"Rreb1","BLA Glut Tshz2/Satb1",-1.09603127590903,-0.923130895089191,TRUE,"higher at P21"
2.31239767923128e-09,-1.16075362445045,0.106,0.316,5.78770015134797e-05,"Zbtb7c","BLA Glut Tshz2/Satb1",-0.829627373674193,-0.616899801320105,TRUE,"higher at P21"
2.40616255259404e-09,-0.575127395186721,0.125,0.356,6.02238425288763e-05,"Agap2","BLA Glut Tshz2/Satb1",-0.678159794957017,-0.439847222037414,TRUE,"higher at P21"
2.5986420793066e-09,-0.555732029353819,0.113,0.336,6.50414126029649e-05,"N4bp2l1","BLA Glut Tshz2/Satb1",-0.652434597490832,-0.694534363129354,TRUE,"higher at P21"
2.85405034258065e-09,-0.584744031340438,0.199,0.488,7.1434026024451e-05,"Dagla","BLA Glut Tshz2/Satb1",-0.551989263821213,-0.475511440081044,TRUE,"higher at P21"
3.19072119071095e-09,-0.533107913530843,0.3,0.608,7.98605606823043e-05,"Asb3","BLA Glut Tshz2/Satb1",-0.503748498717162,-0.427646344163455,TRUE,"higher at P21"
3.24311443118728e-09,-0.608829091466285,0.187,0.452,8.11719110981865e-05,"Ate1","BLA Glut Tshz2/Satb1",-0.557831651822377,-0.459065070451187,TRUE,"higher at P21"
3.27151001404799e-09,-0.659890345264883,0.087,0.288,8.18826241416072e-05,"Prelid3a","BLA Glut Tshz2/Satb1",-0.600640662270885,-0.506310382059079,TRUE,"higher at P21"
3.30649723405671e-09,-0.6579624704384,0.132,0.348,8.27583192712053e-05,"Jak1","BLA Glut Tshz2/Satb1",-0.520155723758075,-0.402336685260574,TRUE,"higher at P21"
3.32762760961965e-09,-0.560756899038514,0.362,0.708,8.32871914411703e-05,"Abr","BLA Glut Tshz2/Satb1",-0.622202550500913,-0.596793372564153,TRUE,"higher at P21"
3.36291168628937e-09,-1.32849838635374,0.118,0.336,8.41703165961366e-05,"Pip5k1b","BLA Glut Tshz2/Satb1",-0.620291803637811,-0.753317009277893,TRUE,"higher at P21"
3.75368133680868e-09,-0.545193913662528,0.066,0.24,9.39508901789845e-05,"Itm2c","BLA Glut Tshz2/Satb1",-0.707939389725431,-0.405714194406274,TRUE,"higher at P21"
4.06341571448669e-09,-0.929701373087049,0.069,0.248,0.000101703231917887,"Kcnj13","BLA Glut Tshz2/Satb1",-0.729454501457212,-0.538724920193694,TRUE,"higher at P21"
4.26651981098843e-09,-0.750783623794946,0.525,0.76,0.000106786724349229,"Pde1a","BLA Glut Tshz2/Satb1",-0.676644864709204,-0.793094691587482,TRUE,"higher at P21"
4.43439245340261e-09,-0.576501638220638,0.286,0.616,0.000110988408716214,"Arhgef9","BLA Glut Tshz2/Satb1",-0.532601154022527,-0.594639043614056,TRUE,"higher at P21"
4.45533530602324e-09,-0.591067159242674,0.778,0.908,0.000111512587374456,"Tenm4","BLA Glut Tshz2/Satb1",-0.557907666576786,-0.559930384584034,TRUE,"higher at P21"
4.68313953250692e-09,-0.548596782672803,0.201,0.468,0.000117214299359116,"Rcor1","BLA Glut Tshz2/Satb1",-0.419208221407246,-0.567139465004132,TRUE,"higher at P21"
4.72786942135215e-09,-0.631161011494065,0.241,0.552,0.000118333843747023,"Spop","BLA Glut Tshz2/Satb1",-0.521715443142334,-0.458275313162252,TRUE,"higher at P21"
4.887609856678e-09,-0.721147339614986,0.463,0.76,0.000122331987102794,"Prickle1","BLA Glut Tshz2/Satb1",-0.744001809141092,-0.584692858112687,TRUE,"higher at P21"
4.9233375694644e-09,-0.65811634849594,0.298,0.608,0.000123226216026124,"Syn1","BLA Glut Tshz2/Satb1",-0.684467418649395,-0.40509681646544,TRUE,"higher at P21"
4.98255111803524e-09,-0.572745260660162,0.123,0.324,0.000124708271933304,"Trpc4","BLA Glut Tshz2/Satb1",-0.639348538421596,-0.406336376192575,TRUE,"higher at P21"
5.60777123293569e-09,-0.730160026608961,0.083,0.264,0.000140356906189147,"Abca8b","BLA Glut Tshz2/Satb1",-0.741238561123205,-0.506194853782232,TRUE,"higher at P21"
5.88658948113328e-09,-0.500682291404063,0.191,0.46,0.000147335448123285,"Zc3h7a","BLA Glut Tshz2/Satb1",-0.569051878806149,-0.639363761128365,TRUE,"higher at P21"
6.4415915023271e-09,2.41888075064158,0.284,0.12,0.000161226593711745,"Glra2","BLA Glut Tshz2/Satb1",2.31409648946408,2.07748080685732,TRUE,"higher at P10"
6.94595163793311e-09,-0.628450833136519,0.116,0.328,0.000173850223545828,"Wipf2","BLA Glut Tshz2/Satb1",-0.571644051809628,-0.412186110796128,TRUE,"higher at P21"
7.1517099611127e-09,-0.898603713710441,0.213,0.48,0.00017900014861669,"Gm15414","BLA Glut Tshz2/Satb1",-0.470295480808139,-0.629249118020585,TRUE,"higher at P21"
7.2052487360846e-09,-0.637896418458395,0.09,0.272,0.000180340170615462,"Adam11","BLA Glut Tshz2/Satb1",-0.83594562706228,-0.477818569025018,TRUE,"higher at P21"
7.32975525985121e-09,-0.714624459318166,0.319,0.624,0.000183456444398816,"Gm26854","BLA Glut Tshz2/Satb1",-0.59101138264599,-0.587155260036817,TRUE,"higher at P21"
7.65710011948112e-09,0.543833864623359,0.917,0.868,0.000191649558890493,"Cadm1","BLA Glut Tshz2/Satb1",0.563234873349881,0.472789780166657,TRUE,"higher at P10"
7.77736214996005e-09,2.703783038599,0.246,0.08,0.00019465959725135,"Ubash3b","BLA Glut Tshz2/Satb1",1.96823648308038,2.4403332562204,TRUE,"higher at P10"
8.31956603528697e-09,-1.06156191169049,0.057,0.216,0.000208230418297198,"Fggy","BLA Glut Tshz2/Satb1",-0.508895853901199,-0.98688979621361,TRUE,"higher at P21"
8.60689420581653e-09,1.06094710772716,0.61,0.632,0.000215421955077382,"Slco3a1","BLA Glut Tshz2/Satb1",1.04612068284483,1.17120143308409,TRUE,"higher at P10"
8.67013999485178e-09,-0.654613581533154,0.123,0.34,0.000217004933931145,"Rasgef1c","BLA Glut Tshz2/Satb1",-0.721277143712225,-0.460644193060587,TRUE,"higher at P21"
8.74007923415321e-09,-0.513324209438023,0.213,0.492,0.000218755443151621,"Golga4","BLA Glut Tshz2/Satb1",-0.470447614631542,-0.41551730135536,TRUE,"higher at P21"
9.77853824516547e-09,-0.715834802819679,0.083,0.272,0.000244747033738247,"Psen1","BLA Glut Tshz2/Satb1",-0.791855148920261,-0.477818569025018,TRUE,"higher at P21"
1.03349018200386e-08,-0.505307688606221,0.073,0.244,0.000258672257653746,"St8sia1","BLA Glut Tshz2/Satb1",-0.647689775249746,-0.441726721280694,TRUE,"higher at P21"
1.14212063691377e-08,-0.940449801756725,0.059,0.22,0.000285861374213148,"Chst1","BLA Glut Tshz2/Satb1",-0.7822275886243,-0.70419843171479,TRUE,"higher at P21"
1.17889821007911e-08,-0.796674455459202,0.076,0.256,0.0002950664330007,"Rbbp7","BLA Glut Tshz2/Satb1",-0.468082046909253,-0.506821624218524,TRUE,"higher at P21"
1.19296870987168e-08,-0.581516534873581,0.21,0.492,0.000298588138393783,"Epb41l4b","BLA Glut Tshz2/Satb1",-0.504639527880348,-0.54930423728392,TRUE,"higher at P21"
1.19721279312059e-08,0.988314370665615,0.695,0.604,0.000299650389990153,"Gm47271","BLA Glut Tshz2/Satb1",0.631650569279469,1.16716697603488,TRUE,"higher at P10"
1.2065176615281e-08,-0.796787110805661,0.069,0.24,0.000301979305503867,"Sntg2","BLA Glut Tshz2/Satb1",-0.647689775249746,-0.629610367292599,TRUE,"higher at P21"
1.26566290237885e-08,-0.840692482988995,0.102,0.3,0.000316782767836401,"Gm41764","BLA Glut Tshz2/Satb1",-0.579282544785049,-0.552608826835535,TRUE,"higher at P21"
1.36084327524589e-08,-0.722229157718302,0.08,0.264,0.000340605463361295,"Ccnt1","BLA Glut Tshz2/Satb1",-0.743993713538117,-0.595837227370171,TRUE,"higher at P21"
1.39483539951234e-08,1.28246287854157,0.548,0.508,0.000349113352143945,"Chl1","BLA Glut Tshz2/Satb1",1.31081084620125,1.18935526799637,TRUE,"higher at P10"
1.5295721862547e-08,-0.518409680501401,0.558,0.864,0.000382836622497688,"Nptn","BLA Glut Tshz2/Satb1",-0.467692091026347,-0.501036690162658,TRUE,"higher at P21"
1.60962948472469e-08,-0.583894886362987,0.246,0.548,0.000402874163731744,"Adcy9","BLA Glut Tshz2/Satb1",-0.467380875479569,-0.430106601265686,TRUE,"higher at P21"
1.62176923800042e-08,-1.12695243849834,0.052,0.208,0.000405912622579125,"Tom1l1","BLA Glut Tshz2/Satb1",-0.658409132077724,-0.623869058105744,TRUE,"higher at P21"
1.64113817775439e-08,-0.84307066679606,0.061,0.22,0.000410760474510146,"Chid1","BLA Glut Tshz2/Satb1",-0.506102668223597,-0.543465882868642,TRUE,"higher at P21"
1.74966972268561e-08,-0.604919414104321,0.111,0.312,0.000437924834890982,"Ubac2","BLA Glut Tshz2/Satb1",-0.419893929816206,-0.483225130147051,TRUE,"higher at P21"
1.77856541604247e-08,-1.21178782717365,0.054,0.212,0.00044515713798127,"Ccdc191","BLA Glut Tshz2/Satb1",-0.587058042490815,-0.764261493206787,TRUE,"higher at P21"
1.78871042083279e-08,1.85963716054508,0.433,0.308,0.000447696331230238,"Mtss1","BLA Glut Tshz2/Satb1",1.57086519024048,1.82846994942163,TRUE,"higher at P10"
1.80295258644931e-08,-0.79300142495296,0.071,0.232,0.000451261002862399,"Gtf3c3","BLA Glut Tshz2/Satb1",-0.502392578554958,-0.695311559751971,TRUE,"higher at P21"
1.84104075039663e-08,-0.510790421039724,0.111,0.324,0.000460794089416772,"Slc7a6","BLA Glut Tshz2/Satb1",-0.464031889434795,-0.410741439133205,TRUE,"higher at P21"
1.8441792369568e-08,-0.94722897857412,0.061,0.228,0.000461579621217918,"Zfp335os","BLA Glut Tshz2/Satb1",-0.909535382818872,-0.713935491998147,TRUE,"higher at P21"
1.99025774668495e-08,-0.684675799854369,0.227,0.508,0.000498141611417777,"Slc23a2","BLA Glut Tshz2/Satb1",-0.673172758131011,-0.455519902828983,TRUE,"higher at P21"
2.13748224530068e-08,-0.78652751040777,0.26,0.52,0.000534990431176308,"Grm3","BLA Glut Tshz2/Satb1",-0.714636386929192,-0.844555910997712,TRUE,"higher at P21"
2.23548210245957e-08,-1.25829585445786,0.073,0.24,0.000559518815424606,"Ckmt2","BLA Glut Tshz2/Satb1",-0.729454501457212,-0.658676221491884,TRUE,"higher at P21"
2.28655419458423e-08,0.87907680188383,0.664,0.676,0.000572301649362488,"Nav1","BLA Glut Tshz2/Satb1",0.744730495719243,0.878121908109923,TRUE,"higher at P10"
2.32584937471527e-08,-0.566229051150114,0.366,0.688,0.000582136839997486,"Vsnl1","BLA Glut Tshz2/Satb1",-0.556444917991456,-0.59751646739001,TRUE,"higher at P21"
2.4297999058636e-08,-0.608441771971118,0.423,0.756,0.000608154618438601,"Iqsec2","BLA Glut Tshz2/Satb1",-0.608547077958657,-0.506447896453027,TRUE,"higher at P21"
2.51963596341432e-08,-1.00889581859664,0.061,0.216,0.000630639685282969,"Atp6v1e1","BLA Glut Tshz2/Satb1",-0.639018304928086,-0.471562594251617,TRUE,"higher at P21"
2.75135720126623e-08,-0.690081214455083,0.128,0.336,0.000688637193904924,"Trpc4ap","BLA Glut Tshz2/Satb1",-0.582546265477977,-0.483723435610789,TRUE,"higher at P21"
2.76326500000579e-08,-0.542894389557541,0.239,0.536,0.000691617596851449,"Abl2","BLA Glut Tshz2/Satb1",-0.457670384625751,-0.414532314109297,TRUE,"higher at P21"
2.76522702520851e-08,-1.28995274726394,0.052,0.204,0.000692108672139439,"Nfs1","BLA Glut Tshz2/Satb1",-0.894184486432484,-0.549541516034253,TRUE,"higher at P21"
2.83683841977084e-08,-0.68378622571031,0.189,0.448,0.000710032288084443,"Rsf1os2","BLA Glut Tshz2/Satb1",-0.445757578072156,-0.421534512340897,TRUE,"higher at P21"
2.89566973526032e-08,-0.535657793141784,0.442,0.732,0.000724757178038306,"Trim9","BLA Glut Tshz2/Satb1",-0.684584141515534,-0.588489728256461,TRUE,"higher at P21"
3.04718974251404e-08,-0.667987103702384,0.189,0.428,0.00076268112065384,"Esrrg","BLA Glut Tshz2/Satb1",-0.762244373132608,-0.641329587895676,TRUE,"higher at P21"
3.13401138399753e-08,-0.577793101967075,0.539,0.82,0.000784411709300742,"Pacsin1","BLA Glut Tshz2/Satb1",-0.645945378401182,-0.47603269859376,TRUE,"higher at P21"
3.18134779689689e-08,-0.686474042783368,0.071,0.24,0.000796259540085323,"Atp5a1","BLA Glut Tshz2/Satb1",-0.532666579327465,-0.405714194406274,TRUE,"higher at P21"
3.19164427352242e-08,-0.764494342408774,0.078,0.248,0.000798836645219926,"Atp6v1c1","BLA Glut Tshz2/Satb1",-0.498172150313699,-0.444272310885285,TRUE,"higher at P21"
3.19766190020317e-08,-1.03871702522332,0.064,0.228,0.000800342797001851,"Hectd2os","BLA Glut Tshz2/Satb1",-0.599898943534706,-0.669369602157078,TRUE,"higher at P21"
3.58493966726993e-08,0.845478608733939,0.669,0.652,0.00089727454932099,"Gm30382","BLA Glut Tshz2/Satb1",0.683537836909509,0.850419314671658,TRUE,"higher at P10"
3.71280462857314e-08,-0.858316734763692,0.054,0.204,0.000929277870485572,"Birc2","BLA Glut Tshz2/Satb1",-0.713162580192597,-0.545706869516129,TRUE,"higher at P21"
3.71772321389761e-08,-1.01691714277489,0.076,0.232,0.000930508943206432,"Rph3a","BLA Glut Tshz2/Satb1",-0.871353922271877,-0.768309989747593,TRUE,"higher at P21"
4.14073850079302e-08,-0.912594793784411,0.076,0.24,0.00103638543936349,"Trhde","BLA Glut Tshz2/Satb1",-0.671357994381389,-0.759339559718904,TRUE,"higher at P21"
4.44568782963849e-08,-0.567780277592265,0.395,0.72,0.00111271120688022,"Add2","BLA Glut Tshz2/Satb1",-0.62281771528151,-0.40654832328345,TRUE,"higher at P21"
4.60545340841139e-08,0.993889779404679,0.596,0.568,0.00115269893359129,"Acaca","BLA Glut Tshz2/Satb1",0.918004556503289,1.13517031233016,TRUE,"higher at P10"
4.70742671352658e-08,-0.544660663084822,0.48,0.808,0.00117822183212857,"Grin1","BLA Glut Tshz2/Satb1",-0.476858336220644,-0.478478869848218,TRUE,"higher at P21"
4.97573010918379e-08,-0.725449177540052,0.097,0.288,0.00124537548902761,"Slc30a5","BLA Glut Tshz2/Satb1",-0.4160859622959,-0.431581668839631,TRUE,"higher at P21"
5.09707104722277e-08,-0.587862442575904,0.135,0.352,0.00127574591240939,"4933433G19Rik","BLA Glut Tshz2/Satb1",-0.443231586396883,-0.485647654934137,TRUE,"higher at P21"
5.61570731754772e-08,-0.804436346434829,0.083,0.264,0.00140555538450902,"Spats2l","BLA Glut Tshz2/Satb1",-0.548596848990346,-0.877400013956144,TRUE,"higher at P21"
5.92455742156826e-08,-1.06881889822759,0.066,0.228,0.00148285747704432,"Arhgap33","BLA Glut Tshz2/Satb1",-0.435583343968472,-0.574498378246746,TRUE,"higher at P21"
5.95681724461259e-08,0.948871518697992,0.65,0.608,0.00149093178815409,"Fgf13","BLA Glut Tshz2/Satb1",1.01718813836676,0.777727801861913,TRUE,"higher at P10"
6.57099357449494e-08,-0.679921718108758,0.064,0.216,0.00164465398176034,"Swt1","BLA Glut Tshz2/Satb1",-0.470412173526184,-0.734484677769059,TRUE,"higher at P21"
7.08919489946144e-08,-0.862212929563259,0.102,0.292,0.0017743545913862,"Fam214a","BLA Glut Tshz2/Satb1",-0.583480150214643,-0.429149538473331,TRUE,"higher at P21"
7.10668132416099e-08,-0.813411764899333,0.069,0.228,0.00177873126862425,"Jph3","BLA Glut Tshz2/Satb1",-0.501266616465719,-0.44036515314893,TRUE,"higher at P21"
7.41395605153427e-08,0.589246632202148,0.818,0.844,0.00185563906013851,"Dip2c","BLA Glut Tshz2/Satb1",0.762965887970771,0.534094159172167,TRUE,"higher at P10"
7.88409500531081e-08,-0.716308809702013,0.395,0.652,0.00197331013887924,"Pdzrn3","BLA Glut Tshz2/Satb1",-0.970873960820631,-0.520158888219902,TRUE,"higher at P21"
8.06550060676484e-08,-1.05821086012139,0.057,0.208,0.00201871414686717,"Prepl","BLA Glut Tshz2/Satb1",-0.618798769597684,-0.469202480078789,TRUE,"higher at P21"
8.47655596869486e-08,-0.548555237191276,0.078,0.244,0.00212159719340464,"Pfkm","BLA Glut Tshz2/Satb1",-0.405951002734407,-0.411950400308192,TRUE,"higher at P21"
8.55047760463848e-08,-0.795410442951056,0.066,0.228,0.00214009903966496,"Rnf34","BLA Glut Tshz2/Satb1",-0.565891152177237,-0.403435030141739,TRUE,"higher at P21"
8.9501809215474e-08,-0.62186335019483,0.842,0.884,0.0022401407828541,"Epha6","BLA Glut Tshz2/Satb1",-0.629453574115047,-0.461691583877657,TRUE,"higher at P21"
9.42919119791845e-08,-0.598351606510605,0.201,0.444,0.00236003226492701,"March3","BLA Glut Tshz2/Satb1",-0.433589629330821,-0.57561563426226,TRUE,"higher at P21"
9.49901154387849e-08,-0.593038718484039,0.066,0.228,0.00237750759931735,"Dock1","BLA Glut Tshz2/Satb1",-0.65184823638393,-0.44036515314893,TRUE,"higher at P21"
9.89084302211809e-08,-0.592433189225294,0.099,0.288,0.00247557910000594,"Atg4c","BLA Glut Tshz2/Satb1",-0.734465182805678,-0.429149538473331,TRUE,"higher at P21"
1.06761796101562e-07,-0.642656447640779,0.087,0.26,0.00267214099462598,"Prss48","BLA Glut Tshz2/Satb1",-0.439029239790832,-0.478674511880978,TRUE,"higher at P21"
1.08223826656309e-07,-0.692373577196067,0.097,0.276,0.00270873415738075,"St3gal5","BLA Glut Tshz2/Satb1",-0.731487750584927,-0.423729319018708,TRUE,"higher at P21"
1.13016338590329e-07,-1.0698115879964,0.085,0.248,0.00282868593857735,"Nek10","BLA Glut Tshz2/Satb1",-0.46683212278288,-0.810428192290937,TRUE,"higher at P21"
1.27195060637341e-07,-0.525281817901021,0.071,0.232,0.003183565172692,"Cap1","BLA Glut Tshz2/Satb1",-0.78149831473775,-0.441726721280694,TRUE,"higher at P21"
1.311056266072e-07,1.09921862027613,0.563,0.496,0.0032814427283516,"Pitpnc1","BLA Glut Tshz2/Satb1",1.01261395358804,0.998087150052873,TRUE,"higher at P10"
1.36884582875101e-07,-0.52342154719573,0.087,0.252,0.00342608422478091,"Atxn7l1os1","BLA Glut Tshz2/Satb1",-0.411256244924746,-0.422242691166884,TRUE,"higher at P21"
1.37187669012186e-07,-0.564320206191198,0.284,0.544,0.00343367016770599,"4930419G24Rik","BLA Glut Tshz2/Satb1",-0.521498548060671,-0.510380861206146,TRUE,"higher at P21"
1.42104042757543e-07,-0.786156293467916,0.069,0.224,0.00355672208617854,"Lrriq1","BLA Glut Tshz2/Satb1",-0.532666579327465,-0.602137237949837,TRUE,"higher at P21"
1.88627028650432e-07,-0.69216673473029,0.071,0.224,0.00472114590009167,"N4bp1","BLA Glut Tshz2/Satb1",-0.63987220170601,-0.411950400308192,TRUE,"higher at P21"
2.07181209787737e-07,-0.665910049862154,0.151,0.364,0.00518553849977727,"Gm12002","BLA Glut Tshz2/Satb1",-0.427925828710465,-0.437506669190848,TRUE,"higher at P21"
2.1698359819819e-07,-0.507635581209307,0.059,0.204,0.0054308824793025,"Nsun7","BLA Glut Tshz2/Satb1",-0.470868178112109,-0.507962145754333,TRUE,"higher at P21"
2.25946802375838e-07,-0.531472227351736,0.487,0.768,0.00565522251666486,"Rapgef4os1","BLA Glut Tshz2/Satb1",-0.522798191133688,-0.410789787182733,TRUE,"higher at P21"
2.3170809041398e-07,0.816091037514616,0.681,0.644,0.00579942179497151,"5730522E02Rik","BLA Glut Tshz2/Satb1",0.699766792253455,0.775921665898415,TRUE,"higher at P10"
2.57024651133601e-07,-0.573772754462166,0.487,0.752,0.00643306999322289,"Gm44151","BLA Glut Tshz2/Satb1",-0.615639455317471,-0.4517768901308,TRUE,"higher at P21"
2.58911017701597e-07,0.638703215943355,0.738,0.748,0.00648028386205326,"Plxna4","BLA Glut Tshz2/Satb1",0.504270233971745,0.582364898135216,TRUE,"higher at P10"
2.69984710414679e-07,-0.501174673331633,0.556,0.828,0.006757447316969,"Ano3","BLA Glut Tshz2/Satb1",-0.534699723360746,-0.492514070771613,TRUE,"higher at P21"
2.97210185295663e-07,-0.795950375808977,0.085,0.244,0.00743887372776514,"Cbx6","BLA Glut Tshz2/Satb1",-0.438240770263905,-0.562862349360371,TRUE,"higher at P21"
3.4750669736677e-07,0.724547733004074,0.688,0.736,0.0086977451283929,"Nebl","BLA Glut Tshz2/Satb1",0.809657590042423,0.724295290439334,TRUE,"higher at P10"
3.87780120950892e-33,-0.770530868722162,1,1,9.70574864727987e-29,"Malat1","BLA Glut Cdh8/Tshz3",-0.540015459787419,-0.916460731653375,TRUE,"higher at P21"
4.17753848390162e-33,-1.59851234941802,0.522,0.899,1.04559610713574e-28,"Lncpint","BLA Glut Cdh8/Tshz3",-1.52721670104643,-1.48484454732465,TRUE,"higher at P21"
2.73758299973048e-27,-3.61284246857072,0.029,0.468,6.85189649002541e-23,"Ankrd33b","BLA Glut Cdh8/Tshz3",-2.49204487409251,-2.80322079352878,TRUE,"higher at P21"
5.54260151869229e-27,-2.28032863193464,0.131,0.638,1.38725773411349e-22,"Smad3","BLA Glut Cdh8/Tshz3",-2.53431779964508,-1.87378980648952,TRUE,"higher at P21"
7.61572969251018e-25,0.76390204082244,1,0.945,1.90614098473837e-20,"Frmd4a","BLA Glut Cdh8/Tshz3",0.715946557479868,0.841549002852071,TRUE,"higher at P10"
2.60357065256418e-23,-1.84346556891493,0.143,0.633,6.51647698630289e-19,"Tmem132d","BLA Glut Cdh8/Tshz3",-1.67288239236385,-1.84573615884173,TRUE,"higher at P21"
9.09416436565739e-23,-1.70631573322001,0.18,0.674,2.27617839908039e-18,"Ptk2b","BLA Glut Cdh8/Tshz3",-1.83552827253516,-1.53727142457973,TRUE,"higher at P21"
1.02991585266824e-22,-0.968502244367341,0.796,0.94,2.57777638764335e-18,"Camk2a","BLA Glut Cdh8/Tshz3",-1.17854480242483,-0.855363371229368,TRUE,"higher at P21"
2.83181633566951e-22,1.11328804690067,0.927,0.849,7.08775310654723e-18,"Grip1","BLA Glut Cdh8/Tshz3",1.10190708807106,1.120076559655,TRUE,"higher at P10"
8.48775317842391e-22,0.73459779866582,0.976,0.936,2.12439974302772e-17,"Gabrb3","BLA Glut Cdh8/Tshz3",0.738767064100479,0.696040966072391,TRUE,"higher at P10"
5.15494085296155e-21,-1.54555007248115,0.322,0.812,1.29023014608775e-16,"Brinp2","BLA Glut Cdh8/Tshz3",-1.4566681737501,-1.2222297460738,TRUE,"higher at P21"
7.10137770463456e-19,-1.39768826029737,0.355,0.775,1.77740382569298e-14,"Cap2","BLA Glut Cdh8/Tshz3",-1.24043053723604,-1.48966484805353,TRUE,"higher at P21"
2.85188416888808e-18,-1.71095866787172,0.094,0.486,7.13798088630996e-14,"St8sia5","BLA Glut Cdh8/Tshz3",-1.52230598017318,-1.3443180856637,TRUE,"higher at P21"
3.13628267155726e-18,-1.36964876506515,0.208,0.674,7.84980189864067e-14,"Pgbd5","BLA Glut Cdh8/Tshz3",-1.17708979818702,-1.28069619535975,TRUE,"higher at P21"
4.27844162565156e-18,-1.30657161852737,0.343,0.798,1.07085115448433e-13,"Bsn","BLA Glut Cdh8/Tshz3",-1.39387880059635,-1.15368963937702,TRUE,"higher at P21"
5.6365416879398e-18,-2.11003252066002,0.061,0.413,1.41077001907445e-13,"Rtn4rl1","BLA Glut Cdh8/Tshz3",-2.15007754775771,-1.67165845971095,TRUE,"higher at P21"
7.82773095025211e-18,-0.742599024351834,0.935,0.931,1.9592027795386e-13,"Grin2a","BLA Glut Cdh8/Tshz3",-0.740615428731686,-0.7815577220614,TRUE,"higher at P21"
1.36368282473518e-17,-1.15022602680858,0.58,0.867,3.41316174202968e-13,"Sv2b","BLA Glut Cdh8/Tshz3",-1.07021930864213,-1.0384883142364,TRUE,"higher at P21"
2.06096548011338e-17,0.701336070675258,0.943,0.94,5.15839050017578e-13,"Gm26871","BLA Glut Cdh8/Tshz3",0.66681903797615,0.692858306868515,TRUE,"higher at P10"
2.52258423780697e-17,-1.912015276527,0.131,0.518,6.31377608880707e-13,"Specc1","BLA Glut Cdh8/Tshz3",-1.90349500123725,-1.51245377667182,TRUE,"higher at P21"
2.5315669731486e-17,-1.33523733378891,0.212,0.656,6.33625897709364e-13,"Olfm1","BLA Glut Cdh8/Tshz3",-1.48990571598452,-1.18704457491519,TRUE,"higher at P21"
7.20356138708586e-17,-1.65530600875304,0.094,0.472,1.80297937957372e-12,"Plekhg5","BLA Glut Cdh8/Tshz3",-1.70459719499746,-1.54047477302629,TRUE,"higher at P21"
9.93429108045276e-17,-2.48129877765119,0.065,0.394,2.48645371452652e-12,"Tanc1","BLA Glut Cdh8/Tshz3",-1.62228898193531,-1.73827002400436,TRUE,"higher at P21"
1.16679360303117e-16,-3.41608467032075,0.012,0.284,2.92036770902673e-12,"Arhgef25","BLA Glut Cdh8/Tshz3",-1.8816349911271,-1.95395717999597,TRUE,"higher at P21"
1.81924781987033e-16,-0.971157551642776,0.453,0.885,4.55339536835345e-12,"Zranb2","BLA Glut Cdh8/Tshz3",-0.821302495601869,-0.94624887547411,TRUE,"higher at P21"
3.55689349154066e-16,-3.81818865962191,0.012,0.275,8.90254871997711e-12,"Cck","BLA Glut Cdh8/Tshz3",-1.71285702262294,-1.92669471739953,TRUE,"higher at P21"
9.89452575623976e-16,-1.54356776968036,0.09,0.45,2.47650085152925e-11,"Dnaja2","BLA Glut Cdh8/Tshz3",-1.05692281192082,-1.27502870781859,TRUE,"higher at P21"
1.32810330292222e-15,-2.04212018078954,0.057,0.372,3.32410975688403e-11,"Rilpl1","BLA Glut Cdh8/Tshz3",-1.84495268801985,-1.85219069239412,TRUE,"higher at P21"
1.44527821109655e-15,-1.45038825702149,0.155,0.537,3.61738683455355e-11,"4930428E07Rik","BLA Glut Cdh8/Tshz3",-1.53573296515872,-1.29855582128458,TRUE,"higher at P21"
2.13812240265975e-15,-1.52736877017083,0.122,0.495,5.35150656161708e-11,"Synpo","BLA Glut Cdh8/Tshz3",-1.09808433576736,-1.32659673910897,TRUE,"higher at P21"
2.29804671285736e-15,0.518392627368685,0.976,0.931,5.75178111761069e-11,"Snhg14","BLA Glut Cdh8/Tshz3",0.574251459789333,0.603100889298053,TRUE,"higher at P10"
2.32167286272923e-15,-1.16972723605662,0.224,0.651,5.81091500812498e-11,"Catspere2","BLA Glut Cdh8/Tshz3",-1.28151528373551,-1.30326734311528,TRUE,"higher at P21"
2.36511183146039e-15,0.675740742489607,0.976,0.94,5.9196384029622e-11,"Grik2","BLA Glut Cdh8/Tshz3",0.608207667965156,0.683338258047736,TRUE,"higher at P10"
5.52577871632733e-15,0.518803322995101,0.984,0.94,1.38304715490957e-10,"Ctnna2","BLA Glut Cdh8/Tshz3",0.529211886056059,0.510039850422483,TRUE,"higher at P10"
7.96756339883574e-15,1.79521219307527,0.633,0.44,1.9942014430946e-10,"L3mbtl4","BLA Glut Cdh8/Tshz3",1.63812536589005,1.9088608760623,TRUE,"higher at P10"
1.93486315777502e-14,-1.28014344395432,0.208,0.615,4.8427689975951e-10,"Lzts1","BLA Glut Cdh8/Tshz3",-1.26731286526282,-0.911588315854622,TRUE,"higher at P21"
2.25938603182966e-14,-2.08153239915675,0.053,0.344,5.65501729906645e-10,"Iffo1","BLA Glut Cdh8/Tshz3",-1.37171341209971,-1.23262235296556,TRUE,"higher at P21"
2.52299706444423e-14,-2.0341720288137,0.053,0.344,6.31480935259747e-10,"Ccdc3","BLA Glut Cdh8/Tshz3",-1.31104148480388,-1.76144456044052,TRUE,"higher at P21"
6.43943951130387e-14,-1.37324899095504,0.102,0.436,1.61172731528424e-09,"Icam5","BLA Glut Cdh8/Tshz3",-1.15097450747052,-0.919655124698686,TRUE,"higher at P21"
6.73582456122084e-14,-1.08385366058816,0.437,0.817,1.68590952942796e-09,"Me3","BLA Glut Cdh8/Tshz3",-1.03336415649293,-0.840496259089092,TRUE,"higher at P21"
6.83872879699275e-14,-1.1730717495167,0.461,0.794,1.71166543059932e-09,"Tspan5","BLA Glut Cdh8/Tshz3",-1.31809899252087,-1.04455717633673,TRUE,"higher at P21"
6.84460274640086e-14,-1.67520951626439,0.086,0.404,1.71313562139667e-09,"Myh9","BLA Glut Cdh8/Tshz3",-1.52638098076647,-1.31225305155646,TRUE,"higher at P21"
7.11872527448758e-14,-1.41296843557915,0.11,0.459,1.7817457489515e-09,"Shisa4","BLA Glut Cdh8/Tshz3",-1.18365740803114,-0.953835584925258,TRUE,"higher at P21"
7.28137419783275e-14,-1.21244171428315,0.135,0.5,1.82245514797556e-09,"Spaca6","BLA Glut Cdh8/Tshz3",-0.979460639290581,-1.08266537504554,TRUE,"higher at P21"
1.12271833612335e-13,-1.26068946980962,0.135,0.5,2.81005172348314e-09,"Rasgrp1","BLA Glut Cdh8/Tshz3",-1.20690430359223,-1.26438130583413,TRUE,"higher at P21"
1.17069530755336e-13,-1.12956745717654,0.278,0.693,2.9301332852753e-09,"2010300C02Rik","BLA Glut Cdh8/Tshz3",-0.806778146687149,-1.13910153468806,TRUE,"higher at P21"
1.91305312516209e-13,-1.03005685822546,0.318,0.725,4.78818066696819e-09,"2210408F21Rik","BLA Glut Cdh8/Tshz3",-1.06670585236115,-1.04998874866843,TRUE,"higher at P21"
2.00093098880431e-13,-1.05614680266397,0.229,0.638,5.0081301718783e-09,"Ddx50","BLA Glut Cdh8/Tshz3",-0.809680530799068,-0.99687403225641,TRUE,"higher at P21"
2.2854565088689e-13,-1.947329908828,0.037,0.294,5.72026909604798e-09,"Lyzl4","BLA Glut Cdh8/Tshz3",-1.75861870155177,-1.57338078600067,TRUE,"higher at P21"
2.42273500474098e-13,-1.1446846554597,0.2,0.583,6.06386344336621e-09,"Cyld","BLA Glut Cdh8/Tshz3",-0.961225834129761,-1.05319484261364,TRUE,"higher at P21"
2.45884643564149e-13,-2.68645955876462,0.041,0.298,6.15424674376709e-09,"Igsf11","BLA Glut Cdh8/Tshz3",-1.5700343510497,-1.70185676096193,TRUE,"higher at P21"
3.22544602816393e-13,0.673834581256977,0.931,0.936,8.07296886389149e-09,"Rian","BLA Glut Cdh8/Tshz3",0.653363126527627,0.740612906531009,TRUE,"higher at P10"
3.58675520499128e-13,-0.834210355361977,0.747,0.917,8.97728960257268e-09,"Dgkb","BLA Glut Cdh8/Tshz3",-0.820076376985,-0.918244462203363,TRUE,"higher at P21"
5.41957149223313e-13,-2.5992211134456,0.016,0.239,1.35646454879103e-08,"Tesc","BLA Glut Cdh8/Tshz3",-1.91979405536588,-1.40258220792893,TRUE,"higher at P21"
5.86217835480685e-13,-1.12674810988898,0.249,0.633,1.46724462042461e-08,"Cacng3","BLA Glut Cdh8/Tshz3",-0.971081575930923,-1.18330094804857,TRUE,"higher at P21"
7.78020148262745e-13,-0.99957670088829,0.269,0.679,1.94730662908682e-08,"Ddx5","BLA Glut Cdh8/Tshz3",-0.587485749913612,-0.759011043724026,TRUE,"higher at P21"
8.59299427205337e-13,-1.18856576333843,0.139,0.491,2.15074053635224e-08,"Msi2","BLA Glut Cdh8/Tshz3",-0.852768327648556,-1.09100120125085,TRUE,"higher at P21"
1.11172969186926e-12,0.555243938607628,0.939,0.899,2.78254824577958e-08,"Mef2c","BLA Glut Cdh8/Tshz3",1.02566021784842,0.51695868356996,TRUE,"higher at P10"
1.17953957103973e-12,-1.15488614993157,0.139,0.472,2.95226959235533e-08,"Zeb1","BLA Glut Cdh8/Tshz3",-0.927187313917802,-1.27451567020994,TRUE,"higher at P21"
1.28604211419335e-12,-1.86909780587767,0.118,0.427,3.21883480761454e-08,"Slc24a2","BLA Glut Cdh8/Tshz3",-1.28419634074403,-1.6885244859897,TRUE,"higher at P21"
1.31385601806778e-12,-0.880820495533619,0.188,0.578,3.28845022762186e-08,"Ccnl2","BLA Glut Cdh8/Tshz3",-0.876895799042908,-0.785102471872751,TRUE,"higher at P21"
1.35448325788317e-12,-1.08832659928146,0.208,0.592,3.39013614615578e-08,"Gm47283","BLA Glut Cdh8/Tshz3",-0.488842628077242,-1.40115324919969,TRUE,"higher at P21"
2.41994105128875e-12,-4.21090297051504,0.008,0.206,6.0568704572706e-08,"Aifm3","BLA Glut Cdh8/Tshz3",-1.51602773497473,-1.77746017076196,TRUE,"higher at P21"
3.38624141807795e-12,-1.67191794423659,0.086,0.367,8.4754236453073e-08,"Zmat4","BLA Glut Cdh8/Tshz3",-1.42665676946289,-1.52465215552737,TRUE,"higher at P21"
3.51635364448818e-12,-1.79074095551432,0.049,0.303,8.80108153678946e-08,"Gm17202","BLA Glut Cdh8/Tshz3",-0.883513946796478,-1.57982145769447,TRUE,"higher at P21"
4.01194520777017e-12,-1.19166387275156,0.086,0.381,1.0041497660528e-07,"A930015D03Rik","BLA Glut Cdh8/Tshz3",-0.94728394068458,-1.11362118347171,TRUE,"higher at P21"
4.01841535576409e-12,-0.938768021401161,0.216,0.601,1.00576917939419e-07,"Rnf112","BLA Glut Cdh8/Tshz3",-0.89535059194831,-0.730678223800561,TRUE,"higher at P21"
4.4239083440717e-12,-0.992335511082022,0.163,0.514,1.1072600194377e-07,"Stum","BLA Glut Cdh8/Tshz3",-1.14852628967558,-0.843686072352238,TRUE,"higher at P21"
5.34619250187387e-12,-1.31229837715064,0.114,0.427,1.33809852129401e-07,"Mir124a-1hg","BLA Glut Cdh8/Tshz3",-0.903791722128605,-1.12988688435136,TRUE,"higher at P21"
5.82495287998134e-12,0.543885847741145,0.963,0.881,1.45792745633053e-07,"Kcnq5","BLA Glut Cdh8/Tshz3",0.666799251304088,0.654032111573776,TRUE,"higher at P10"
9.26252633145342e-12,0.95212337026183,0.829,0.807,2.31831771549948e-07,"Tafa2","BLA Glut Cdh8/Tshz3",1.02182859039722,0.705889890327807,TRUE,"higher at P10"
9.29853356482117e-12,-0.822994603405677,0.204,0.592,2.32732996593909e-07,"Baiap2","BLA Glut Cdh8/Tshz3",-0.839766403694597,-0.766718196719506,TRUE,"higher at P21"
9.73041819574893e-12,-1.1133133849581,0.155,0.5,2.435426370214e-07,"Pkig","BLA Glut Cdh8/Tshz3",-0.684370334280502,-1.02980237885279,TRUE,"higher at P21"
9.89310008203178e-12,-1.5151285919626,0.061,0.321,2.47614401953173e-07,"Cpeb1","BLA Glut Cdh8/Tshz3",-0.741197640509102,-1.3313459918202,TRUE,"higher at P21"
1.02721467018019e-11,-1.06540839429714,0.286,0.674,2.57101559799399e-07,"Gfod1","BLA Glut Cdh8/Tshz3",-0.894880227648045,-0.941430869432935,TRUE,"higher at P21"
1.09501277005653e-11,-2.43595328875544,0.02,0.229,2.74070746217448e-07,"Ltk","BLA Glut Cdh8/Tshz3",-1.26256127806912,-1.43728848135166,TRUE,"higher at P21"
1.10197333964944e-11,-1.05617222548505,0.261,0.638,2.75812907180859e-07,"Kcnip3","BLA Glut Cdh8/Tshz3",-1.01307916059879,-1.03029031834161,TRUE,"higher at P21"
1.38197814388288e-11,-1.39355456406375,0.065,0.33,3.45895309632446e-07,"Suds3","BLA Glut Cdh8/Tshz3",-1.27655213880397,-1.0414816095284,TRUE,"higher at P21"
1.41773126607565e-11,-1.09223759181113,0.073,0.349,3.54843958586073e-07,"Zfp831","BLA Glut Cdh8/Tshz3",-1.19006342817073,-1.07268892923354,TRUE,"higher at P21"
1.44910098113413e-11,-1.92844236103036,0.065,0.317,3.62695484568062e-07,"Zbtb16","BLA Glut Cdh8/Tshz3",-1.51740251622759,-1.59964995614691,TRUE,"higher at P21"
1.49932771473178e-11,-1.22107619812194,0.176,0.505,3.75266733720216e-07,"Gm46367","BLA Glut Cdh8/Tshz3",-0.930154380901903,-1.25619607915613,TRUE,"higher at P21"
1.59674279071792e-11,-1.1559324844407,0.261,0.628,3.99648753088788e-07,"Adcy9","BLA Glut Cdh8/Tshz3",-0.987830752896415,-1.10303826994137,TRUE,"higher at P21"
1.61111460834422e-11,-1.58580402223366,0.073,0.339,4.03245875322474e-07,"Cdkl4","BLA Glut Cdh8/Tshz3",-1.46796506863351,-0.99818376251588,TRUE,"higher at P21"
1.65494974392333e-11,-1.79627771863972,0.037,0.266,4.14217371406571e-07,"Vipr1","BLA Glut Cdh8/Tshz3",-1.48725345653806,-1.17745160307157,TRUE,"higher at P21"
1.67812906205421e-11,-1.08391042390992,0.106,0.408,4.20018922941549e-07,"mt-Co3","BLA Glut Cdh8/Tshz3",-1.29254692500064,-1.05177116226182,TRUE,"higher at P21"
1.8590684606962e-11,1.76166951792112,0.555,0.367,4.65306245027653e-07,"Srgap1","BLA Glut Cdh8/Tshz3",1.71298713738638,1.68464104873929,TRUE,"higher at P10"
1.90969004266012e-11,-2.25146406946882,0.016,0.216,4.77976320777403e-07,"1810034E14Rik","BLA Glut Cdh8/Tshz3",-1.52647370864266,-1.72874714652127,TRUE,"higher at P21"
2.02291649429555e-11,-2.30889750735937,0.033,0.252,5.06315769357233e-07,"Hlf","BLA Glut Cdh8/Tshz3",-1.51102190333568,-1.16221859783529,TRUE,"higher at P21"
2.05785309695525e-11,-1.26849889880425,0.22,0.546,5.15060051636929e-07,"Inpp4b","BLA Glut Cdh8/Tshz3",-1.30795814220624,-1.23543173996478,TRUE,"higher at P21"
2.61523381855854e-11,-0.828569787598084,0.514,0.853,6.54566872447018e-07,"Nsf","BLA Glut Cdh8/Tshz3",-0.744456108730945,-0.758730028035752,TRUE,"higher at P21"
3.076362360538e-11,-0.820781847505649,0.216,0.601,7.69982735219056e-07,"Sez6l2","BLA Glut Cdh8/Tshz3",-0.756780515789644,-0.690808703783993,TRUE,"higher at P21"
3.25725546413322e-11,-1.13816808886833,0.086,0.362,8.15258470117903e-07,"Arhgap17","BLA Glut Cdh8/Tshz3",-0.739842029656111,-1.09867275131506,TRUE,"higher at P21"
3.42108029648756e-11,-0.692461449215135,0.784,0.885,8.56262187407873e-07,"Mapk10","BLA Glut Cdh8/Tshz3",-0.724641010394916,-0.670307396528329,TRUE,"higher at P21"
3.56437068977862e-11,0.772004655052621,0.89,0.812,8.9212633994469e-07,"Ncam1","BLA Glut Cdh8/Tshz3",0.564899057969711,0.604036611138108,TRUE,"higher at P10"
3.58980870771362e-11,-1.0471744120137,0.486,0.789,8.98493221453641e-07,"Etl4","BLA Glut Cdh8/Tshz3",-1.03787905899476,-1.30798309302705,TRUE,"higher at P21"
3.70386272014521e-11,0.783473783948223,0.861,0.817,9.27039800225144e-07,"Zeb2","BLA Glut Cdh8/Tshz3",0.683605803873255,0.710090617711307,TRUE,"higher at P10"
3.8968706549174e-11,-1.04304035936964,0.069,0.335,9.75347756219276e-07,"Atp1b3","BLA Glut Cdh8/Tshz3",-1.31245264185606,-0.879708846795359,TRUE,"higher at P21"
4.04183263988521e-11,-0.884654744804064,0.335,0.748,1.01163029143687e-06,"Atp6v0b","BLA Glut Cdh8/Tshz3",-0.670935858067648,-0.812604741999713,TRUE,"higher at P21"
4.39447430802107e-11,-1.88541132146321,0.078,0.33,1.09989297455459e-06,"Ndst4","BLA Glut Cdh8/Tshz3",-1.09797644561608,-1.75853819653705,TRUE,"higher at P21"
4.4049931493419e-11,-1.84925850652224,0.041,0.266,1.10252573534878e-06,"Rreb1","BLA Glut Cdh8/Tshz3",-1.74308166338271,-1.23970165453369,TRUE,"higher at P21"
4.54773565719858e-11,-1.2137636188213,0.114,0.408,1.13825275764023e-06,"Stk40","BLA Glut Cdh8/Tshz3",-1.37401225593292,-0.974048634531612,TRUE,"higher at P21"
4.56164875434523e-11,-1.71718756438982,0.061,0.307,1.14173506672507e-06,"Frmd6","BLA Glut Cdh8/Tshz3",-0.93519837792865,-1.19223066963956,TRUE,"higher at P21"
5.47372211399376e-11,0.801783017692856,0.882,0.789,1.3700179079115e-06,"Gpc6","BLA Glut Cdh8/Tshz3",0.534290374994667,0.859944195597538,TRUE,"higher at P10"
5.60784622751703e-11,-0.746150196314057,0.408,0.817,1.40358783228524e-06,"Abr","BLA Glut Cdh8/Tshz3",-0.844876624121288,-0.794540991513761,TRUE,"higher at P21"
5.83299939166333e-11,-1.16251444686918,0.106,0.399,1.45994141773941e-06,"C230057M02Rik","BLA Glut Cdh8/Tshz3",-1.31433934233749,-0.92658254075263,TRUE,"higher at P21"
5.84292613018252e-11,-0.936820151144669,0.343,0.729,1.46242598112338e-06,"Tacc1","BLA Glut Cdh8/Tshz3",-0.894530279461745,-0.95857924011407,TRUE,"higher at P21"
5.91900318145483e-11,-0.599990219403936,0.788,0.917,1.48146730628633e-06,"Gria3","BLA Glut Cdh8/Tshz3",-0.705914823043317,-0.771887556385743,TRUE,"higher at P21"
7.21402714313287e-11,-0.709142492851993,0.327,0.757,1.80559885365473e-06,"Gtf2i","BLA Glut Cdh8/Tshz3",-0.678892588763106,-0.628036576340465,TRUE,"higher at P21"
7.67750459735651e-11,-2.2406077418818,0.033,0.243,1.92160262567236e-06,"Gm10125","BLA Glut Cdh8/Tshz3",-1.42986877751345,-1.29670043424761,TRUE,"higher at P21"
8.19017897488204e-11,-1.20854341355571,0.114,0.408,2.04991989562322e-06,"Syt13","BLA Glut Cdh8/Tshz3",-0.858851052878208,-0.811968535593569,TRUE,"higher at P21"
8.55769486159768e-11,-0.837436614523858,0.265,0.651,2.14190544690928e-06,"Cmss1","BLA Glut Cdh8/Tshz3",-0.593209503843225,-0.598106730832343,TRUE,"higher at P21"
9.72435396823628e-11,-1.05659012358454,0.098,0.381,2.43390855470986e-06,"Osbpl2","BLA Glut Cdh8/Tshz3",-1.19577311463316,-0.954776196349834,TRUE,"higher at P21"
1.03260392507152e-10,-1.02702052523595,0.082,0.349,2.5845043640615e-06,"St3gal5","BLA Glut Cdh8/Tshz3",-0.666951849208598,-1.11362118347171,TRUE,"higher at P21"
1.10145448650297e-10,-1.90211677716517,0.033,0.243,2.75683043426829e-06,"Mapk1ip1","BLA Glut Cdh8/Tshz3",-1.24260017288784,-1.04745060974186,TRUE,"higher at P21"
1.14105572797823e-10,-0.8549625951216,0.147,0.477,2.85594838155672e-06,"Mtmr12","BLA Glut Cdh8/Tshz3",-1.09617532332099,-0.800737507039234,TRUE,"higher at P21"
1.17572077011823e-10,0.79508761712506,0.927,0.904,2.94271151552892e-06,"Pcdh7","BLA Glut Cdh8/Tshz3",0.760221605081213,0.607602561747199,TRUE,"higher at P10"
1.2819041896561e-10,-1.05246389096887,0.122,0.413,3.20847799629025e-06,"Mast3","BLA Glut Cdh8/Tshz3",-1.09143575370587,-0.91187282266053,TRUE,"higher at P21"
1.31758705522291e-10,-2.36023615352758,0.024,0.22,3.29778864051741e-06,"Gm10097","BLA Glut Cdh8/Tshz3",-1.3613108574795,-1.37250343360444,TRUE,"higher at P21"
1.32844436151901e-10,-2.24986719826003,0.024,0.22,3.32496339244594e-06,"Furin","BLA Glut Cdh8/Tshz3",-1.39757216305521,-1.27162232350993,TRUE,"higher at P21"
1.4234608971547e-10,-1.00607611238041,0.163,0.495,3.56278027948849e-06,"Trak1","BLA Glut Cdh8/Tshz3",-1.03547510721288,-0.761752538013756,TRUE,"higher at P21"
1.46597185818582e-10,0.882544687240062,0.829,0.807,3.66918096385328e-06,"Clstn2","BLA Glut Cdh8/Tshz3",0.61691591008106,1.06847064106768,TRUE,"higher at P10"
1.47284253976798e-10,-1.1750930910588,0.086,0.353,3.68637759278527e-06,"Cx3cl1","BLA Glut Cdh8/Tshz3",-0.918832092774643,-0.829696510684079,TRUE,"higher at P21"
1.53990340540578e-10,-1.94937860513793,0.033,0.239,3.85422423339012e-06,"mt-Co1","BLA Glut Cdh8/Tshz3",-1.06927979059161,-1.43397445711369,TRUE,"higher at P21"
1.57860236173961e-10,-1.61254949123338,0.069,0.317,3.95108385119807e-06,"Kcnj9","BLA Glut Cdh8/Tshz3",-0.909731336694743,-0.956129457871534,TRUE,"higher at P21"
1.66499266443966e-10,-0.521409539148322,0.988,0.954,4.16731013982602e-06,"Phactr1","BLA Glut Cdh8/Tshz3",-0.511091614489835,-0.610421483369977,TRUE,"higher at P21"
1.87272965661486e-10,-1.36525788064482,0.049,0.275,4.68725505754133e-06,"Inka2","BLA Glut Cdh8/Tshz3",-1.08465368766699,-0.982346520964836,TRUE,"higher at P21"
1.88680428524148e-10,-0.93492653385866,0.269,0.638,4.7224824455309e-06,"Man1c1","BLA Glut Cdh8/Tshz3",-1.13991954941682,-0.901469159294831,TRUE,"higher at P21"
2.0811283240942e-10,-0.94569483461116,0.118,0.417,5.20885608237538e-06,"Glt8d1","BLA Glut Cdh8/Tshz3",-0.80220344835942,-0.756945749651055,TRUE,"higher at P21"
2.44563540413473e-10,-1.14488595785898,0.151,0.454,6.12118085300881e-06,"Slc8a2","BLA Glut Cdh8/Tshz3",-1.01006361180063,-0.800044510542404,TRUE,"higher at P21"
2.543112943144e-10,-0.53561179706272,0.984,0.968,6.36515738539512e-06,"Syt1","BLA Glut Cdh8/Tshz3",-0.463240042081406,-0.512815302071878,TRUE,"higher at P21"
2.5887355345643e-10,-1.42721422263563,0.061,0.298,6.479346169461e-06,"Camk2n1","BLA Glut Cdh8/Tshz3",-1.23740380002803,-0.798739725937919,TRUE,"higher at P21"
2.62776008691086e-10,-0.938297373862469,0.445,0.757,6.57702072152919e-06,"Pde2a","BLA Glut Cdh8/Tshz3",-1.01029186793885,-0.75600732784114,TRUE,"higher at P21"
2.70141030615348e-10,-1.78516274882886,0.037,0.243,6.76135985527154e-06,"Pdk1","BLA Glut Cdh8/Tshz3",-0.911296401693198,-1.21987017117142,TRUE,"higher at P21"
2.80583470225676e-10,-0.773553140359008,0.482,0.812,7.02272367627845e-06,"Akap8l","BLA Glut Cdh8/Tshz3",-0.960148003149559,-0.742848775464728,TRUE,"higher at P21"
2.85423837365132e-10,-0.760002244458091,0.147,0.463,7.14387322541189e-06,"Speg","BLA Glut Cdh8/Tshz3",-0.883552638121737,-0.736212374246317,TRUE,"higher at P21"
2.85693865370811e-10,-2.12788308266004,0.02,0.206,7.15063175636603e-06,"Brms1","BLA Glut Cdh8/Tshz3",-1.56510449986465,-1.22273996552276,TRUE,"higher at P21"
3.11766053332634e-10,2.75030188418106,0.371,0.156,7.8031925488625e-06,"Dpysl3","BLA Glut Cdh8/Tshz3",2.21533827103202,2.09820894495038,TRUE,"higher at P10"
3.12914062934385e-10,-0.85070805651277,0.143,0.445,7.83192608118471e-06,"Fbxo34","BLA Glut Cdh8/Tshz3",-0.680921567918236,-0.779015813916564,TRUE,"higher at P21"
3.16551280558306e-10,-0.707485507386634,0.224,0.606,7.92296200109385e-06,"Neurl1a","BLA Glut Cdh8/Tshz3",-0.703333476377708,-0.628836990083744,TRUE,"higher at P21"
3.23062500262826e-10,-0.818672175540468,0.167,0.5,8.08593131907828e-06,"Kcng1","BLA Glut Cdh8/Tshz3",-1.09011183725217,-0.621962251766431,TRUE,"higher at P21"
3.52794451672873e-10,0.609804598467603,0.914,0.89,8.83009233092034e-06,"Tcf4","BLA Glut Cdh8/Tshz3",0.48620810818876,0.673831203555214,TRUE,"higher at P10"
3.65104073557341e-10,-0.886694027284985,0.233,0.573,9.13818985706668e-06,"Atp2b4","BLA Glut Cdh8/Tshz3",-0.629297838432585,-0.733822529448346,TRUE,"higher at P21"
3.7699266569167e-10,-0.905561983415861,0.2,0.541,9.43574942959681e-06,"Pitpnm2","BLA Glut Cdh8/Tshz3",-1.00647237972223,-0.657121796319763,TRUE,"higher at P21"
3.80619223590602e-10,-0.577871756338237,0.624,0.904,9.52651854724919e-06,"Pnisr","BLA Glut Cdh8/Tshz3",-0.574651497394986,-0.492362468596636,TRUE,"higher at P21"
4.01365295667557e-10,-0.867746408238384,0.216,0.555,1.00457719852633e-05,"Numb","BLA Glut Cdh8/Tshz3",-0.745789442393594,-1.01000597922065,TRUE,"higher at P21"
4.32537285900738e-10,-0.983007704782368,0.151,0.459,1.08259757288096e-05,"Coro2b","BLA Glut Cdh8/Tshz3",-1.07892488729496,-0.742181065018878,TRUE,"higher at P21"
4.46322330082054e-10,-1.17733949808047,0.106,0.376,1.11710015996237e-05,"Pcca","BLA Glut Cdh8/Tshz3",-0.953084265117924,-0.981430353765011,TRUE,"higher at P21"
5.16288339260793e-10,-1.15471119898249,0.061,0.294,1.29221808433584e-05,"Tmem132a","BLA Glut Cdh8/Tshz3",-0.751900709494623,-1.01000354059612,TRUE,"higher at P21"
5.18203463413692e-10,-1.06892504888834,0.237,0.564,1.29701144857813e-05,"Galnt9","BLA Glut Cdh8/Tshz3",-1.030586489115,-0.823305484477257,TRUE,"higher at P21"
5.61962787896657e-10,-1.93972987164929,0.037,0.239,1.40653666182654e-05,"Hipk4","BLA Glut Cdh8/Tshz3",-1.56926521361277,-1.0130337969696,TRUE,"higher at P21"
5.75676338967524e-10,-1.64925858708432,0.065,0.294,1.44086030880182e-05,"Zfp536","BLA Glut Cdh8/Tshz3",-1.11477937607093,-1.73131976760575,TRUE,"higher at P21"
5.83453771123424e-10,-1.82709191460447,0.049,0.266,1.46032644374482e-05,"Cotl1","BLA Glut Cdh8/Tshz3",-1.57192580080991,-0.581063970946234,TRUE,"higher at P21"
6.04515731927353e-10,-1.05472945400462,0.159,0.463,1.51304242544097e-05,"Sumo1","BLA Glut Cdh8/Tshz3",-0.490043548705277,-0.676874852009892,TRUE,"higher at P21"
6.08454178735767e-10,-0.896148753221104,0.151,0.463,1.52289996395775e-05,"Hnrnpdl","BLA Glut Cdh8/Tshz3",-0.469632586666501,-0.786361372348052,TRUE,"higher at P21"
6.08511645660341e-10,-0.922675766993334,0.473,0.817,1.52304379792327e-05,"Trim9","BLA Glut Cdh8/Tshz3",-0.784810443114515,-1.09033764019523,TRUE,"higher at P21"
6.40261613480051e-10,-0.791801379406611,0.282,0.665,1.60251079237922e-05,"Dlgap3","BLA Glut Cdh8/Tshz3",-0.98915966212479,-0.642044267842485,TRUE,"higher at P21"
6.73825066931018e-10,-1.00219131794249,0.106,0.376,1.68651676002164e-05,"Kdm7a","BLA Glut Cdh8/Tshz3",-0.974813614970228,-0.849170591864665,TRUE,"higher at P21"
6.89053832636302e-10,-0.768768314214488,0.204,0.55,1.7246328377054e-05,"Copg2","BLA Glut Cdh8/Tshz3",-0.714022947661096,-0.525512803832331,TRUE,"higher at P21"
7.44173489478595e-10,-1.05269508968085,0.057,0.284,1.86259182681598e-05,"Rbm24","BLA Glut Cdh8/Tshz3",-1.35812473391618,-0.858338692104913,TRUE,"higher at P21"
7.55105981721159e-10,-0.684055455713439,0.208,0.569,1.88995476164989e-05,"Acat1","BLA Glut Cdh8/Tshz3",-0.700507782771282,-0.597948009280892,TRUE,"higher at P21"
7.73475560301283e-10,-0.999387997543544,0.208,0.537,1.93593197987808e-05,"Dleu2","BLA Glut Cdh8/Tshz3",-0.480167484918529,-1.16459381516408,TRUE,"higher at P21"
8.29492249690253e-10,-2.11671276264825,0.024,0.206,2.07613615174973e-05,"Ephx4","BLA Glut Cdh8/Tshz3",-1.07822156276618,-1.40462152509402,TRUE,"higher at P21"
8.64712454076625e-10,-0.920510501194515,0.433,0.784,2.16428880130838e-05,"Prkag2","BLA Glut Cdh8/Tshz3",-1.13092670998198,-0.794792829340045,TRUE,"higher at P21"
8.91444062443622e-10,-0.909864330866654,0.176,0.495,2.23119534389014e-05,"5031415H12Rik","BLA Glut Cdh8/Tshz3",-0.761898528162049,-0.78267007578138,TRUE,"higher at P21"
1.06474641143937e-09,-1.39600787221021,0.049,0.261,2.6649537931916e-05,"Zhx2","BLA Glut Cdh8/Tshz3",-0.790194749712845,-1.13546767844559,TRUE,"higher at P21"
1.08500077250776e-09,-1.41718379721747,0.073,0.307,2.71564843350966e-05,"Lrpap1","BLA Glut Cdh8/Tshz3",-1.20599235187796,-0.904194964964849,TRUE,"higher at P21"
1.15734931214552e-09,-0.633051201013205,0.78,0.904,2.89672959336902e-05,"Gabbr2","BLA Glut Cdh8/Tshz3",-0.674471972138317,-0.644805429599863,TRUE,"higher at P21"
1.17675755484797e-09,-0.833719245831726,0.224,0.573,2.945306484029e-05,"Larp1","BLA Glut Cdh8/Tshz3",-0.800823748017161,-0.720056332478877,TRUE,"higher at P21"
1.18571103039732e-09,1.05416093483403,0.694,0.633,2.96771613798146e-05,"Pfkp","BLA Glut Cdh8/Tshz3",0.874255974340122,1.03905552845222,TRUE,"higher at P10"
1.2168458623928e-09,-1.02653040870141,0.102,0.367,3.04564350898293e-05,"Mras","BLA Glut Cdh8/Tshz3",-1.05370420633942,-0.72393054646851,TRUE,"higher at P21"
1.28309412729555e-09,-0.670428687704916,0.143,0.445,3.21145629120803e-05,"Gnaz","BLA Glut Cdh8/Tshz3",-0.856465955812784,-0.609655126042157,TRUE,"higher at P21"
1.29283506649127e-09,-0.81043738041979,0.278,0.651,3.23583688792099e-05,"Ppp1r13b","BLA Glut Cdh8/Tshz3",-0.771028013730817,-0.736025015418132,TRUE,"higher at P21"
1.29805988438671e-09,-0.826013357135895,0.265,0.606,3.24891408463149e-05,"Nxpe4","BLA Glut Cdh8/Tshz3",-1.09938961799868,-0.746195250337854,TRUE,"higher at P21"
1.39865906195762e-09,-1.37125069973288,0.102,0.353,3.50070376617373e-05,"Efna5","BLA Glut Cdh8/Tshz3",-0.790342558508859,-1.1807640844944,TRUE,"higher at P21"
1.48253716947842e-09,-1.53103695672718,0.033,0.225,3.71064228148754e-05,"Gm27032","BLA Glut Cdh8/Tshz3",-1.17435583663761,-0.941634567610428,TRUE,"higher at P21"
1.50262147368346e-09,1.05218073742422,0.743,0.725,3.76091128648233e-05,"Sox5","BLA Glut Cdh8/Tshz3",1.07317176865054,1.00429389816,TRUE,"higher at P10"
1.74006559316585e-09,-1.01455177816019,0.122,0.394,4.3552101731348e-05,"Chpt1","BLA Glut Cdh8/Tshz3",-1.06123360943462,-0.506264815723552,TRUE,"higher at P21"
1.86986687531823e-09,-0.820885006002045,0.261,0.615,4.68008980223399e-05,"Spock2","BLA Glut Cdh8/Tshz3",-0.783034762457469,-0.693128701738356,TRUE,"higher at P21"
1.99494497795986e-09,-1.2189561855189,0.053,0.266,4.99314778533574e-05,"Cacng7","BLA Glut Cdh8/Tshz3",-1.16632305304642,-0.88951887496945,TRUE,"higher at P21"
2.00428357503998e-09,-1.11175787881364,0.078,0.317,5.01652135996757e-05,"Bdh1","BLA Glut Cdh8/Tshz3",-1.17779245065709,-0.753523891213811,TRUE,"higher at P21"
2.16534677366402e-09,-0.803425816959739,0.649,0.876,5.41964643980367e-05,"Pde4b","BLA Glut Cdh8/Tshz3",-0.672844917008211,-0.880630678022215,TRUE,"higher at P21"
2.25435156984539e-09,-1.03541970122063,0.057,0.275,5.64241654416603e-05,"Bhlhb9","BLA Glut Cdh8/Tshz3",-0.893811286085808,-1.08432133980253,TRUE,"higher at P21"
2.28603644514569e-09,-0.836050447390837,0.18,0.5,5.72172061855516e-05,"Nfx1","BLA Glut Cdh8/Tshz3",-0.556306546460567,-0.7929848010858,TRUE,"higher at P21"
2.47707712221262e-09,-1.15742245532175,0.065,0.289,6.19987632918598e-05,"Zfp941","BLA Glut Cdh8/Tshz3",-0.93519837792865,-0.960608528128887,TRUE,"higher at P21"
2.52472949484359e-09,-0.635868220563344,0.184,0.505,6.31914545264403e-05,"Nptxr","BLA Glut Cdh8/Tshz3",-0.937630302365147,-0.85413293174256,TRUE,"higher at P21"
2.54486979057806e-09,-0.796479417725666,0.29,0.661,6.36955459883782e-05,"Man1a2","BLA Glut Cdh8/Tshz3",-0.711952026370432,-0.653805314257784,TRUE,"higher at P21"
2.56815957902098e-09,-1.77474303139806,0.045,0.243,6.42784661033162e-05,"Myo6","BLA Glut Cdh8/Tshz3",-0.989208631033407,-1.17525874823745,TRUE,"higher at P21"
2.61341554255006e-09,-1.0325765770477,0.114,0.376,6.54111776144856e-05,"Rnf115","BLA Glut Cdh8/Tshz3",-0.687124218390078,-0.953835584925258,TRUE,"higher at P21"
2.92911673119561e-09,-1.00204281133716,0.11,0.367,7.33128626650949e-05,"Syngap1","BLA Glut Cdh8/Tshz3",-0.955522909822984,-0.811411587902027,TRUE,"higher at P21"
3.09146714545562e-09,-0.978216131013314,0.196,0.505,7.73763311836086e-05,"Pacrg","BLA Glut Cdh8/Tshz3",-0.742746849927312,-0.697918425621603,TRUE,"higher at P21"
3.31394344290125e-09,-1.04698728927237,0.135,0.413,8.29446904323753e-05,"Setd4","BLA Glut Cdh8/Tshz3",-0.720065619304745,-0.630234246015402,TRUE,"higher at P21"
3.44197240437691e-09,-0.963130448015373,0.131,0.404,8.61491273091498e-05,"Adgra1","BLA Glut Cdh8/Tshz3",-1.02751016622088,-0.595537317521365,TRUE,"higher at P21"
3.55181630096212e-09,0.525367266276963,0.927,0.899,8.8898410196781e-05,"Enox1","BLA Glut Cdh8/Tshz3",0.557617197023476,0.526779027646459,TRUE,"higher at P10"
3.62340650813258e-09,-0.770354484125734,0.298,0.642,9.06902414920504e-05,"Zfyve28","BLA Glut Cdh8/Tshz3",-0.900678305556423,-0.577670413070506,TRUE,"higher at P21"
3.69442328428841e-09,-0.89184388475466,0.09,0.335,9.24677203824547e-05,"Gm41361","BLA Glut Cdh8/Tshz3",-0.908875290860913,-0.585148082527918,TRUE,"higher at P21"
3.71575375903757e-09,-0.773409462113159,0.273,0.615,9.30016008349514e-05,"Ripor2","BLA Glut Cdh8/Tshz3",-0.830147077299483,-0.778588925280379,TRUE,"higher at P21"
3.78618461472106e-09,-1.31001068399829,0.045,0.243,9.47644147218535e-05,"Zdhhc18","BLA Glut Cdh8/Tshz3",-0.87757035062991,-0.996257993072221,TRUE,"higher at P21"
3.83560276536509e-09,-0.840885104866787,0.49,0.789,9.60013016143229e-05,"Astn2","BLA Glut Cdh8/Tshz3",-1.0870662995254,-0.664451453773462,TRUE,"higher at P21"
4.01237029025098e-09,-1.41474983900111,0.073,0.298,0.000100425615994692,"Creg2","BLA Glut Cdh8/Tshz3",-1.38476792768208,-0.599929483228255,TRUE,"higher at P21"
4.06600204116954e-09,-0.723576662810498,0.388,0.748,0.000101767965088433,"Rnf169","BLA Glut Cdh8/Tshz3",-0.86776460874239,-0.707976418477267,TRUE,"higher at P21"
4.09549565531337e-09,0.741251125846543,0.788,0.757,0.000102506160756838,"Ccdc85a","BLA Glut Cdh8/Tshz3",0.611160445384859,0.887706124581817,TRUE,"higher at P10"
4.0962212208977e-09,0.64754341007441,0.927,0.876,0.000102524320937849,"Nkain3","BLA Glut Cdh8/Tshz3",0.497612808823101,0.796410031520702,TRUE,"higher at P10"
4.28990573911041e-09,-1.09617043463698,0.143,0.413,0.000107372050744194,"Gm47523","BLA Glut Cdh8/Tshz3",-0.601888157368316,-1.15149955449743,TRUE,"higher at P21"
4.33734781014711e-09,-1.06020956596396,0.09,0.33,0.000108559478340172,"Lrriq1","BLA Glut Cdh8/Tshz3",-1.03203659481078,-0.481115337813653,TRUE,"higher at P21"
4.58408609741913e-09,-0.675819230933359,0.147,0.44,0.000114735090932303,"Frrs1l","BLA Glut Cdh8/Tshz3",-0.667746974176783,-0.600862206701169,TRUE,"higher at P21"
4.87916053497863e-09,-0.624349324693547,0.649,0.913,0.00012212050902998,"Unc80","BLA Glut Cdh8/Tshz3",-0.421808686906778,-0.569039272840417,TRUE,"higher at P21"
4.89885894724411e-09,-0.884127772334744,0.102,0.358,0.000122613540590573,"Snx3","BLA Glut Cdh8/Tshz3",-1.03388343417995,-0.510406543489454,TRUE,"higher at P21"
4.92759981833702e-09,-0.936308849773315,0.065,0.284,0.000123332895853157,"Sqstm1","BLA Glut Cdh8/Tshz3",-0.87664911365519,-0.801385716600191,TRUE,"higher at P21"
5.44043560238762e-09,-0.623656404049,0.673,0.904,0.00013616866269216,"Ak5","BLA Glut Cdh8/Tshz3",-0.792768823346207,-0.485902560372258,TRUE,"higher at P21"
5.45649424261719e-09,-0.872241395322881,0.376,0.711,0.000136570594398466,"Zmynd8","BLA Glut Cdh8/Tshz3",-0.706622183400758,-0.777581743970988,TRUE,"higher at P21"
5.58347720568034e-09,-1.22689062128697,0.118,0.372,0.000139748850980973,"Ggact","BLA Glut Cdh8/Tshz3",-1.02512505565186,-0.752437129269664,TRUE,"higher at P21"
5.59484485075553e-09,1.09829620718734,0.682,0.638,0.00014003337176956,"B830012L14Rik","BLA Glut Cdh8/Tshz3",0.930028498266773,1.01707778446819,TRUE,"higher at P10"
5.66317524896187e-09,-1.27273838082097,0.073,0.294,0.000141743613306267,"Wdr66","BLA Glut Cdh8/Tshz3",-0.672264629422677,-0.652051272536663,TRUE,"higher at P21"
5.78295312162102e-09,-1.0213942948901,0.114,0.372,0.000144741533681052,"1500035N22Rik","BLA Glut Cdh8/Tshz3",-0.787206801863735,-0.865202327246043,TRUE,"higher at P21"
5.95931931183204e-09,-0.705786482706851,0.216,0.56,0.000149155803055844,"Lrp1","BLA Glut Cdh8/Tshz3",-0.575181361561964,-0.689345411166908,TRUE,"higher at P21"
6.51253141830719e-09,-0.960629616008375,0.073,0.298,0.000163002148868811,"Prpf18","BLA Glut Cdh8/Tshz3",-0.800412164763453,-0.608851149021481,TRUE,"higher at P21"
6.71170433962087e-09,-0.706496513498581,0.347,0.716,0.000167987247916371,"Atp2b2","BLA Glut Cdh8/Tshz3",-0.732282208403676,-0.692587581003132,TRUE,"higher at P21"
6.72361389927066e-09,-0.73384807399621,0.38,0.734,0.000168285332284845,"Ano3","BLA Glut Cdh8/Tshz3",-0.549361018564573,-0.741766824322857,TRUE,"higher at P21"
6.89037858989171e-09,-0.524868541685863,0.306,0.67,0.0001724592857264,"Rab6b","BLA Glut Cdh8/Tshz3",-0.413194299916374,-0.519475862699705,TRUE,"higher at P21"
7.36166202404203e-09,-1.02900370110253,0.106,0.358,0.000184255038799748,"Coq8b","BLA Glut Cdh8/Tshz3",-0.886945469441027,-0.745816406962515,TRUE,"higher at P21"
7.41848809298388e-09,-0.636258720216178,0.233,0.583,0.000185677338479294,"Fbxw7","BLA Glut Cdh8/Tshz3",-0.417529788972869,-0.684363588544502,TRUE,"higher at P21"
7.67632521929923e-09,-0.709535367144896,0.147,0.436,0.00019213074391384,"Nrn1","BLA Glut Cdh8/Tshz3",-0.709700799565761,-0.726820077917761,TRUE,"higher at P21"
7.94148145663334e-09,-1.39174821133281,0.045,0.239,0.000198767339378076,"Gm44257","BLA Glut Cdh8/Tshz3",-1.30907140956591,-0.964139901582635,TRUE,"higher at P21"
8.16603161980943e-09,-1.01503510626704,0.131,0.394,0.00020438760541221,"Flrt1","BLA Glut Cdh8/Tshz3",-0.642365832129143,-0.556630458659951,TRUE,"higher at P21"
8.32736478818811e-09,-1.50703767735275,0.102,0.335,0.00020842561328356,"Lrrk2","BLA Glut Cdh8/Tshz3",-1.1672294937032,-1.47912560212819,TRUE,"higher at P21"
8.59554662468607e-09,-0.730111952023714,0.433,0.794,0.000215137936469268,"Ttc7b","BLA Glut Cdh8/Tshz3",-0.579981108793201,-0.728614480355407,TRUE,"higher at P21"
8.66461269083085e-09,-1.3224425431227,0.086,0.312,0.000216866591038805,"Kcnab2","BLA Glut Cdh8/Tshz3",-0.945597714382909,-0.806506655248766,TRUE,"higher at P21"
9.19796522493732e-09,-1.34164753560918,0.061,0.271,0.000230215871614956,"Tardbp","BLA Glut Cdh8/Tshz3",-0.902422822887963,-0.678349148536731,TRUE,"higher at P21"
9.3320190793447e-09,-0.727044226818727,0.424,0.757,0.000233571105536918,"Ptprn","BLA Glut Cdh8/Tshz3",-0.615239377325964,-0.837288034777983,TRUE,"higher at P21"
9.34500017591344e-09,-1.04648037649617,0.098,0.339,0.000233896009402938,"Cap1","BLA Glut Cdh8/Tshz3",-0.594532813138059,-0.893739651580109,TRUE,"higher at P21"
9.71158484787767e-09,-0.700853037356688,0.2,0.518,0.00024307125715753,"Kcnip2","BLA Glut Cdh8/Tshz3",-0.803777828574203,-0.505141802439532,TRUE,"higher at P21"
9.82385254580712e-09,-1.00687923518222,0.086,0.312,0.000245881205369006,"Scube1","BLA Glut Cdh8/Tshz3",-0.862501895279718,-0.900579766661072,TRUE,"higher at P21"
1.00595342861354e-08,-0.834728654125195,0.176,0.468,0.000251780083647684,"Cacng2","BLA Glut Cdh8/Tshz3",-1.01857959967952,-0.636265101881616,TRUE,"higher at P21"
1.09868812891431e-08,0.78285545538916,0.776,0.729,0.000274990651785963,"Usp29","BLA Glut Cdh8/Tshz3",0.819912939161358,0.806001099494802,TRUE,"higher at P10"
1.09982209848013e-08,0.535694407659665,0.931,0.872,0.000275274473028593,"Pde4d","BLA Glut Cdh8/Tshz3",0.485803430792378,0.423212638733506,TRUE,"higher at P10"
1.14027293775704e-08,-1.389315559365,0.061,0.266,0.000285398913591209,"Chgb","BLA Glut Cdh8/Tshz3",-0.833139358789983,-1.0997046454475,TRUE,"higher at P21"
1.14558606859711e-08,-0.748196231669405,0.286,0.628,0.000286728737109171,"Rnf165","BLA Glut Cdh8/Tshz3",-1.03438851318609,-0.620240559573547,TRUE,"higher at P21"
1.16476660364131e-08,-1.09612657721133,0.082,0.307,0.000291529433225383,"Dtx3","BLA Glut Cdh8/Tshz3",-0.611238366279976,-0.899607853914636,TRUE,"higher at P21"
1.17065389080927e-08,-0.693500530886388,0.131,0.404,0.000293002962330652,"6430590A07Rik","BLA Glut Cdh8/Tshz3",-0.662186604288614,-0.612182340762491,TRUE,"higher at P21"
1.18865846972701e-08,0.752835429194538,0.808,0.789,0.000297509328387974,"Cacna1b","BLA Glut Cdh8/Tshz3",0.74206190855197,0.713202042097187,TRUE,"higher at P10"
1.31870780318822e-08,-1.43712992053523,0.041,0.225,0.00033005937605998,"Rps6kb2","BLA Glut Cdh8/Tshz3",-0.870981713370766,-0.90094556918502,TRUE,"higher at P21"
1.40186256631139e-08,-1.1081931128645,0.053,0.252,0.000350872181722077,"Mpv17l","BLA Glut Cdh8/Tshz3",-1.13846456973603,-0.628986945459178,TRUE,"higher at P21"
1.41093679596958e-08,-0.684143945993728,0.098,0.339,0.000353143370663226,"Otulinl","BLA Glut Cdh8/Tshz3",-0.593408984120821,-0.599590253534174,TRUE,"higher at P21"
1.41352709364446e-08,-1.129214014805,0.094,0.326,0.000353791696268271,"Adamts17","BLA Glut Cdh8/Tshz3",-0.842681123120248,-0.597414280342082,TRUE,"higher at P21"
1.496578570759e-08,-1.1602452867772,0.09,0.321,0.00037457865047527,"Stx6","BLA Glut Cdh8/Tshz3",-0.813479714431962,-0.445798746821687,TRUE,"higher at P21"
1.51716527314412e-08,-1.23357410008911,0.069,0.28,0.000379731296215241,"Itm2c","BLA Glut Cdh8/Tshz3",-0.665078053044524,-0.802561674044592,TRUE,"higher at P21"
1.51855126976211e-08,-0.92387895857107,0.114,0.367,0.000380078197308759,"Hcn2","BLA Glut Cdh8/Tshz3",-0.781530607583504,-0.638981217791484,TRUE,"higher at P21"
1.61945089276245e-08,-0.676493252151766,0.098,0.344,0.000405332363949513,"Ddi2","BLA Glut Cdh8/Tshz3",-0.620761718425835,-0.656207472869773,TRUE,"higher at P21"
1.72559077124842e-08,-0.80561943828722,0.065,0.275,0.000431898114135768,"Anp32a","BLA Glut Cdh8/Tshz3",-1.12791433099507,-0.613381621996111,TRUE,"higher at P21"
1.76851745367644e-08,-0.976426044775683,0.057,0.257,0.000442642233480675,"Itpka","BLA Glut Cdh8/Tshz3",-1.34758274084684,-0.797244111751659,TRUE,"higher at P21"
1.79327055500374e-08,-0.80891870919241,0.18,0.472,0.000448837687211885,"Paip2","BLA Glut Cdh8/Tshz3",-0.860951993501847,-0.73853361644837,TRUE,"higher at P21"
1.85566249165937e-08,-0.811278181609394,0.151,0.422,0.000464453765037424,"Nuak1","BLA Glut Cdh8/Tshz3",-0.907963898765745,-0.569252558690367,TRUE,"higher at P21"
1.85828046554113e-08,-0.783563493096326,0.343,0.683,0.000465109017720289,"Naaladl2","BLA Glut Cdh8/Tshz3",-0.613628526678421,-0.77301787615477,TRUE,"higher at P21"
1.9176589704685e-08,-0.568914864123431,0.31,0.656,0.00047997086371856,"Ftx","BLA Glut Cdh8/Tshz3",-0.779434920901878,-0.592269071953119,TRUE,"higher at P21"
1.92037367799554e-08,-1.3892524425178,0.053,0.248,0.000480650327865505,"Smim13","BLA Glut Cdh8/Tshz3",-0.702673679531453,-0.922747554797842,TRUE,"higher at P21"
1.99966812375988e-08,-1.11588491948536,0.057,0.257,0.00050049693469586,"Hexa","BLA Glut Cdh8/Tshz3",-0.613143560137839,-0.484458294314104,TRUE,"higher at P21"
2.13330085907632e-08,-0.771081873443548,0.053,0.248,0.000533943872018213,"Fam76b","BLA Glut Cdh8/Tshz3",-0.817269345701236,-0.727580811731669,TRUE,"higher at P21"
2.16459061171741e-08,-1.55081569472956,0.041,0.22,0.000541775384206751,"Cipc","BLA Glut Cdh8/Tshz3",-0.838351659287917,-0.677663642601183,TRUE,"higher at P21"
2.16751421831465e-08,-0.779512852271894,0.102,0.344,0.000542507133701973,"Hsp90b1","BLA Glut Cdh8/Tshz3",-0.498428467049927,-0.810204852349029,TRUE,"higher at P21"
2.21170211903386e-08,-0.707776042056825,0.147,0.427,0.000553566923372985,"Fam81a","BLA Glut Cdh8/Tshz3",-0.412241012649968,-0.569252558690367,TRUE,"higher at P21"
2.22105332759445e-08,0.60369274631401,0.853,0.83,0.000555907437363614,"Tmem108","BLA Glut Cdh8/Tshz3",0.636388040721347,0.674583535632025,TRUE,"higher at P10"
2.38295024223176e-08,1.30517807406287,0.567,0.431,0.000596428616128187,"Gpc5","BLA Glut Cdh8/Tshz3",0.987915202657714,1.61198249178024,TRUE,"higher at P10"
2.40047749938156e-08,-0.733843088624166,0.155,0.431,0.00060081551332021,"Strada","BLA Glut Cdh8/Tshz3",-0.609399660501423,-0.698409657490049,TRUE,"higher at P21"
2.40417816733179e-08,-1.35029747952112,0.065,0.271,0.000601741753501474,"Zcchc9","BLA Glut Cdh8/Tshz3",-0.520442814752427,-0.829016584230651,TRUE,"higher at P21"
2.41921768749919e-08,-1.07859895286443,0.065,0.271,0.000605505995004173,"Cbfa2t3","BLA Glut Cdh8/Tshz3",-1.19685426178301,-0.744151469084038,TRUE,"higher at P21"
2.4321421551003e-08,-2.06103841580931,0.041,0.216,0.000608740860000053,"Ackr4","BLA Glut Cdh8/Tshz3",-0.911296401693198,-1.10062133999538,TRUE,"higher at P21"
2.47676059058057e-08,-0.549931565742803,0.257,0.61,0.000619908408216411,"Ogt","BLA Glut Cdh8/Tshz3",-0.689298723543973,-0.646582054748094,TRUE,"higher at P21"
2.65274482500757e-08,-0.970545859431579,0.098,0.33,0.000663955502251144,"Ric3","BLA Glut Cdh8/Tshz3",-0.51034291986045,-0.535753070060687,TRUE,"higher at P21"
2.70584534131942e-08,-1.0956775341302,0.082,0.303,0.000677246030478837,"Stx5a","BLA Glut Cdh8/Tshz3",-0.549805065575462,-0.688863852215899,TRUE,"higher at P21"
2.74595865417079e-08,1.77371867036143,0.518,0.413,0.000687285991552407,"Myo16","BLA Glut Cdh8/Tshz3",1.17795297344637,1.57048379092238,TRUE,"higher at P10"
2.76214926152902e-08,-0.827461874383309,0.094,0.326,0.000691338338668097,"Stk25","BLA Glut Cdh8/Tshz3",-0.551823830577605,-0.697688383586928,TRUE,"higher at P21"
2.81316171313444e-08,-0.843064518717695,0.167,0.45,0.000704106245180418,"Irf2","BLA Glut Cdh8/Tshz3",-0.865040721917441,-0.789086376133869,TRUE,"higher at P21"
2.88807386422644e-08,-0.609301239177295,0.286,0.628,0.000722856007477236,"Fam13c","BLA Glut Cdh8/Tshz3",-0.577599675209413,-0.746195250337854,TRUE,"higher at P21"
2.9952317417139e-08,-1.17826688288534,0.053,0.243,0.000749676552633571,"Hagh","BLA Glut Cdh8/Tshz3",-0.716737181522124,-0.732276585211039,TRUE,"higher at P21"
3.03225077754329e-08,0.8567705999989,0.743,0.683,0.00075894204711131,"Aff2","BLA Glut Cdh8/Tshz3",0.721314584205183,0.795164381868981,TRUE,"higher at P10"
3.1955914688297e-08,-0.732931780759764,0.118,0.372,0.000799824588733386,"Gtf2f2","BLA Glut Cdh8/Tshz3",-0.858851052878208,-0.546772054429668,TRUE,"higher at P21"
3.3937364756216e-08,-0.602546128463935,0.747,0.904,0.00084941830248333,"Rimbp2","BLA Glut Cdh8/Tshz3",-0.786388462196489,-0.557018132098904,TRUE,"higher at P21"
3.40655451288266e-08,-1.14181840380982,0.069,0.275,0.0008526265290294,"Smpd4","BLA Glut Cdh8/Tshz3",-0.906220740394721,-1.01000354059612,TRUE,"higher at P21"
3.4294919004088e-08,-0.794330455128982,0.306,0.647,0.000858367527753318,"Map7","BLA Glut Cdh8/Tshz3",-0.454900772299343,-0.722166528233956,TRUE,"higher at P21"
3.44962014041661e-08,-0.850466910150176,0.698,0.876,0.000863405424944872,"Sntg1","BLA Glut Cdh8/Tshz3",-0.627391410794044,-0.729416742927721,TRUE,"higher at P21"
3.46273549137613e-08,-1.04226206341248,0.204,0.486,0.000866688066136531,"Gm11639","BLA Glut Cdh8/Tshz3",-1.18121371983027,-0.821825044342003,TRUE,"higher at P21"
3.48465024388719e-08,-0.600390968208649,0.91,0.982,0.000872173109542526,"Lrrtm4","BLA Glut Cdh8/Tshz3",-0.838079748486456,-0.517512779666298,TRUE,"higher at P21"
3.52087500617349e-08,-0.926008726819401,0.131,0.381,0.000881239805295164,"Foxj3","BLA Glut Cdh8/Tshz3",-0.758870367277874,-0.555692507588681,TRUE,"higher at P21"
3.73503937067234e-08,-0.78793174277693,0.073,0.284,0.000934843004085579,"U2af1","BLA Glut Cdh8/Tshz3",-0.730239485175713,-0.829318500818437,TRUE,"higher at P21"
3.85425317452278e-08,-0.620571825132164,0.208,0.523,0.000964681027051306,"Mef2d","BLA Glut Cdh8/Tshz3",-0.647347817303395,-0.444424241910063,TRUE,"higher at P21"
3.8763169469465e-08,-0.808226976462694,0.196,0.486,0.000970203368651241,"Hdac8","BLA Glut Cdh8/Tshz3",-0.562403826682347,-0.740191510938778,TRUE,"higher at P21"
4.04150638544879e-08,0.599681432787619,0.808,0.761,0.00101154863321398,"C130071C03Rik","BLA Glut Cdh8/Tshz3",0.922409142406019,0.596560353604204,TRUE,"higher at P10"
4.0995722534611e-08,-0.602820004982814,0.673,0.904,0.00102608193931878,"Pacsin1","BLA Glut Cdh8/Tshz3",-0.738271090079441,-0.583622227048687,TRUE,"higher at P21"
4.11908826661721e-08,-1.25839804144438,0.212,0.491,0.00103096660225162,"Gm26911","BLA Glut Cdh8/Tshz3",-0.7883423002873,-1.05364105690115,TRUE,"higher at P21"
4.20615239083836e-08,-0.746004244867241,0.135,0.394,0.00105275788190293,"Eftud2","BLA Glut Cdh8/Tshz3",-0.721042323683107,-0.592463672480328,TRUE,"higher at P21"
4.36683494241162e-08,-1.34480828667571,0.053,0.239,0.00109297511773621,"Armcx1","BLA Glut Cdh8/Tshz3",-0.617884542013522,-0.704454092966248,TRUE,"higher at P21"
4.37794053495427e-08,-0.956246713022808,0.082,0.298,0.00109575473649371,"Tent4a","BLA Glut Cdh8/Tshz3",-0.54751622526211,-0.480168018684531,TRUE,"higher at P21"
4.50966480968749e-08,-1.03259955692157,0.135,0.39,0.00112872400521668,"Runx2","BLA Glut Cdh8/Tshz3",-0.656925699283572,-1.00358068559862,TRUE,"higher at P21"
4.5533303924204e-08,-0.848694276781776,0.143,0.408,0.0011396530639189,"Slc7a6os","BLA Glut Cdh8/Tshz3",-0.464588100631985,-0.800044510542404,TRUE,"higher at P21"
4.56363474542859e-08,-0.856718756347414,0.388,0.702,0.00114223214043332,"Gm41609","BLA Glut Cdh8/Tshz3",-0.809730421984563,-0.864021952085652,TRUE,"higher at P21"
4.62306370540127e-08,-0.674280870925757,0.804,0.908,0.00115710661482488,"Sorbs2os","BLA Glut Cdh8/Tshz3",-0.568424390308736,-0.719878937948834,TRUE,"higher at P21"
4.63263950938422e-08,-1.35263313800623,0.069,0.271,0.00115950334280378,"N4bp1","BLA Glut Cdh8/Tshz3",-0.541878031205424,-0.935262001557654,TRUE,"higher at P21"
4.69274699762526e-08,-1.49362115279729,0.037,0.206,0.00117454764603563,"Gm9821","BLA Glut Cdh8/Tshz3",-0.829508005654344,-0.789686693107978,TRUE,"higher at P21"
4.92990735202684e-08,-0.597508706608349,0.792,0.913,0.0012339065111388,"Cdk14","BLA Glut Cdh8/Tshz3",-0.568547814737052,-0.516812173104919,TRUE,"higher at P21"
5.21125087897178e-08,-0.910815842621231,0.147,0.408,0.00130432398249785,"Stx8","BLA Glut Cdh8/Tshz3",-0.453887233723972,-0.913236556941863,TRUE,"higher at P21"
5.40626916994171e-08,-1.13223800607455,0.086,0.298,0.00135313511054471,"Kcnc3","BLA Glut Cdh8/Tshz3",-0.841232692261522,-0.678808099310507,TRUE,"higher at P21"
5.41479637442398e-08,-0.68725918316174,0.229,0.537,0.00135526938455458,"Snph","BLA Glut Cdh8/Tshz3",-0.776072779054203,-0.656230771296657,TRUE,"higher at P21"
5.46319743899574e-08,0.733830123063768,0.739,0.757,0.00136738368700624,"Ablim1","BLA Glut Cdh8/Tshz3",0.796671368351756,0.796723096068834,TRUE,"higher at P10"
5.53071447165241e-08,-1.12161571352205,0.106,0.33,0.00138428252510988,"Sdk2","BLA Glut Cdh8/Tshz3",-1.19972533717843,-0.793212561250498,TRUE,"higher at P21"
5.74876821526377e-08,-0.71592649333823,0.082,0.298,0.00143885919659837,"Got2","BLA Glut Cdh8/Tshz3",-0.628175269628275,-0.753523891213811,TRUE,"higher at P21"
5.79485738478453e-08,-0.980490989332504,0.106,0.339,0.00145039485483772,"Wipf2","BLA Glut Cdh8/Tshz3",-0.807398842896252,-0.599590253534174,TRUE,"higher at P21"
5.98116069726396e-08,-0.667596610090142,0.18,0.472,0.0014970247109182,"Cabp1","BLA Glut Cdh8/Tshz3",-0.733410661947411,-0.52562179059992,TRUE,"higher at P21"
6.11698779419159e-08,-0.508615369947814,0.31,0.674,0.00153102087500821,"Clstn1","BLA Glut Cdh8/Tshz3",-0.481694664725739,-0.567163795989266,TRUE,"higher at P21"
6.19390204744551e-08,-0.718074495074479,0.135,0.394,0.00155027174345514,"Cpt1c","BLA Glut Cdh8/Tshz3",-0.685999593708403,-0.481762799672434,TRUE,"higher at P21"
6.29994344979983e-08,-0.865458772493634,0.122,0.367,0.0015768128460504,"Mkln1os","BLA Glut Cdh8/Tshz3",-0.725179787870386,-0.603603778376454,TRUE,"higher at P21"
6.31283417964178e-08,-1.30084206652911,0.086,0.298,0.00158003926682254,"Bmp1","BLA Glut Cdh8/Tshz3",-0.801157498523067,-0.688863852215899,TRUE,"higher at P21"
6.38984479704343e-08,-0.615988070283158,0.159,0.44,0.001599314254252,"Mecr","BLA Glut Cdh8/Tshz3",-0.84084858043308,-0.520620772096013,TRUE,"higher at P21"
6.93146714454132e-08,-0.57713225259449,0.314,0.656,0.00173487691160725,"Rasgef1a","BLA Glut Cdh8/Tshz3",-0.682475382825803,-0.558890994323173,TRUE,"higher at P21"
6.99021663320015e-08,-0.745608315809184,0.147,0.408,0.00174958132112366,"Cep70","BLA Glut Cdh8/Tshz3",-0.674203190867167,-0.597662979118079,TRUE,"higher at P21"
6.99437245405173e-08,-0.513152335565349,0.51,0.839,0.00175062148152461,"Snrnp70","BLA Glut Cdh8/Tshz3",-0.519564245578963,-0.479225285383906,TRUE,"higher at P21"
7.07802377443267e-08,-0.752076186652833,0.498,0.789,0.00177155857050275,"Sidt1","BLA Glut Cdh8/Tshz3",-0.885895250432496,-0.793817582382216,TRUE,"higher at P21"
7.22941311266582e-08,0.791563266499904,0.755,0.706,0.00180944980796913,"Slco3a1","BLA Glut Cdh8/Tshz3",0.805750042672662,0.738331116649698,TRUE,"higher at P10"
7.46052867927385e-08,-0.83363168434421,0.053,0.239,0.00186729572313545,"Prrc2a","BLA Glut Cdh8/Tshz3",-0.597842218307196,-0.5797667597249,TRUE,"higher at P21"
7.65954935338351e-08,-1.14711199052618,0.041,0.211,0.00191710860765836,"Shfl","BLA Glut Cdh8/Tshz3",-1.02589206786298,-0.789686693107978,TRUE,"higher at P21"
7.66299782250128e-08,-1.15367937221544,0.098,0.317,0.00191797172499385,"Asic1","BLA Glut Cdh8/Tshz3",-0.81908205282711,-0.585148082527918,TRUE,"higher at P21"
7.74769147147443e-08,0.713573396688273,0.865,0.812,0.00193916969839534,"Gm20754","BLA Glut Cdh8/Tshz3",0.537745633739284,0.734320390557664,TRUE,"higher at P10"
7.89649502181478e-08,-0.559598494735644,0.722,0.894,0.00197641373901002,"Snap25","BLA Glut Cdh8/Tshz3",-0.463212611486171,-0.718094271548045,TRUE,"higher at P21"
8.08599730447979e-08,-0.620420282115754,0.306,0.651,0.00202384426533825,"Nt5c2","BLA Glut Cdh8/Tshz3",-0.554412233914332,-0.43011343813005,TRUE,"higher at P21"
8.23088087004764e-08,-0.917595758534623,0.171,0.431,0.00206010717296422,"Gm41414","BLA Glut Cdh8/Tshz3",-0.894670385085764,-0.743472655954544,TRUE,"higher at P21"
8.26891948805994e-08,-0.767995408568741,0.163,0.436,0.00206962785866652,"Vti1b","BLA Glut Cdh8/Tshz3",-0.497832961347051,-0.761752538013756,TRUE,"higher at P21"
8.37845067229079e-08,-0.626863242578008,0.122,0.367,0.00209704241876766,"Ccsap","BLA Glut Cdh8/Tshz3",-0.7116225227954,-0.506264815723552,TRUE,"higher at P21"
8.55302575309316e-08,-0.650535919665988,0.576,0.835,0.00214073681574169,"Galnt18","BLA Glut Cdh8/Tshz3",-0.763995019824031,-0.480753952856463,TRUE,"higher at P21"
8.57084593857266e-08,-0.521513320066668,0.18,0.459,0.00214519702996535,"Cdh9","BLA Glut Cdh8/Tshz3",-1.06647326483362,-0.821340530956412,TRUE,"higher at P21"
8.57317803752231e-08,-0.828877657620954,0.065,0.261,0.00214578073101146,"Slc4a1ap","BLA Glut Cdh8/Tshz3",-0.932613300756962,-0.709767753054611,TRUE,"higher at P21"
8.83087955253099e-08,-0.636040487705326,0.404,0.752,0.00221028084320298,"Svop","BLA Glut Cdh8/Tshz3",-0.598414090215645,-0.498353792658266,TRUE,"higher at P21"
8.94560412983893e-08,-0.875796994358437,0.098,0.321,0.00223899525765739,"Ptdss1","BLA Glut Cdh8/Tshz3",-0.551823830577605,-0.743188464607083,TRUE,"higher at P21"
8.97552599531972e-08,-0.744049897469776,0.159,0.431,0.00224648440136857,"Tmem161b","BLA Glut Cdh8/Tshz3",-0.4943649084848,-0.482233322371058,TRUE,"higher at P21"
9.28760204910327e-08,-2.12331089108796,0.049,0.22,0.00232459391687006,"Cdh12","BLA Glut Cdh8/Tshz3",-0.534180050987913,-1.99078306236003,TRUE,"higher at P21"
9.29249872466797e-08,-0.765296042755054,0.082,0.294,0.00232581950579715,"Mboat7","BLA Glut Cdh8/Tshz3",-0.992879037575694,-0.418006154442021,TRUE,"higher at P21"
9.39995180734174e-08,-0.903423900004581,0.11,0.344,0.00235271393785957,"Rps6kl1","BLA Glut Cdh8/Tshz3",-0.556665821402233,-0.441705433520961,TRUE,"higher at P21"
9.40514587588478e-08,-0.866388429142474,0.135,0.39,0.0023540139612752,"Wls","BLA Glut Cdh8/Tshz3",-0.88095190813667,-0.876970721975863,TRUE,"higher at P21"
9.65591563163851e-08,-0.653686987524417,0.261,0.578,0.0024167791234428,"Fras1","BLA Glut Cdh8/Tshz3",-0.466881116085907,-0.725497144421755,TRUE,"higher at P21"
1.00198214754414e-07,-0.883916656475029,0.094,0.312,0.00250786111708823,"Dnajc18","BLA Glut Cdh8/Tshz3",-0.635420065785551,-0.577233980777841,TRUE,"higher at P21"
1.01378256422189e-07,-1.46329333198154,0.057,0.239,0.00253739637999096,"Emc4","BLA Glut Cdh8/Tshz3",-1.04938560094952,-0.637989795644003,TRUE,"higher at P21"
1.01972212517974e-07,-0.514799770007362,0.171,0.45,0.00255226250711237,"Dpm1","BLA Glut Cdh8/Tshz3",-0.504021795806348,-0.643023649784742,TRUE,"higher at P21"
1.03225255332802e-07,-0.621513963813502,0.143,0.399,0.00258362491572469,"Mgat3","BLA Glut Cdh8/Tshz3",-0.895449863902487,-0.470179366737729,TRUE,"higher at P21"
1.09504028932265e-07,-0.67709345052517,0.196,0.482,0.00274077634014565,"Dab2ip","BLA Glut Cdh8/Tshz3",-0.733534806893418,-0.569412384922247,TRUE,"higher at P21"
1.146769279429e-07,-1.06630907725203,0.065,0.252,0.00287024882948284,"Bbx","BLA Glut Cdh8/Tshz3",-1.45873889224815,-0.489385759850871,TRUE,"higher at P21"
1.15489272789887e-07,-1.48995021067639,0.041,0.206,0.00289058100865807,"Rmnd5b","BLA Glut Cdh8/Tshz3",-1.06215337343869,-0.789686693107978,TRUE,"higher at P21"
1.18448424461228e-07,-0.729574816967605,0.384,0.706,0.00296464561584008,"Dgkz","BLA Glut Cdh8/Tshz3",-0.867244333660037,-0.737225195433589,TRUE,"higher at P21"
1.22473042282602e-07,-0.733587512240005,0.057,0.243,0.00306537777529125,"Il34","BLA Glut Cdh8/Tshz3",-0.55966150609442,-0.646231057047145,TRUE,"higher at P21"
1.23408834798622e-07,-0.868203140883456,0.098,0.317,0.00308879972617471,"Pnkd","BLA Glut Cdh8/Tshz3",-0.707546638160737,-0.495431575759487,TRUE,"higher at P21"
1.37214855473178e-07,0.536625536027552,0.894,0.881,0.00343435061763818,"Cdh8","BLA Glut Cdh8/Tshz3",0.67718687400473,0.554455732735903,TRUE,"higher at P10"
1.41316181713743e-07,-0.704171850688235,0.053,0.234,0.00353700271211328,"Oscp1","BLA Glut Cdh8/Tshz3",-0.893811286085808,-0.664244910167571,TRUE,"higher at P21"
1.47547173208201e-07,-0.646659559527693,0.302,0.615,0.00369295819822807,"Slc1a2","BLA Glut Cdh8/Tshz3",-0.512601139979955,-0.888931369207217,TRUE,"higher at P21"
1.49141300438822e-07,-1.14719672745674,0.053,0.229,0.00373285760868327,"Cacnb1","BLA Glut Cdh8/Tshz3",-0.538351162349097,-0.828846947673625,TRUE,"higher at P21"
1.57758312994531e-07,-0.847334614951972,0.09,0.303,0.00394853281594012,"Asah1","BLA Glut Cdh8/Tshz3",-0.662242629142989,-0.47306120941813,TRUE,"higher at P21"
1.5897368378201e-07,-1.04282050380352,0.065,0.252,0.00397895233137993,"Kcng3","BLA Glut Cdh8/Tshz3",-1.04393698600921,-0.536392787220789,TRUE,"higher at P21"
1.59293006533587e-07,-1.18266132857781,0.078,0.275,0.00398694466052916,"Plch2","BLA Glut Cdh8/Tshz3",-0.893426584501283,-0.449419081720325,TRUE,"higher at P21"
1.60270127956895e-07,-1.55186123692735,0.041,0.202,0.00401140103263313,"Chst9","BLA Glut Cdh8/Tshz3",-1.4259881505301,-0.943360517193607,TRUE,"higher at P21"
1.60403212576324e-07,-0.541699642717947,0.518,0.812,0.00401473200757281,"Sh3gl2","BLA Glut Cdh8/Tshz3",-0.711753864417916,-0.50479479567643,TRUE,"higher at P21"
1.63229003666758e-07,-0.53070759414112,0.763,0.89,0.00408545873277528,"Syn2","BLA Glut Cdh8/Tshz3",-0.728787401105475,-0.460623594775704,TRUE,"higher at P21"
1.63744118867782e-07,-1.20189430160975,0.127,0.349,0.00409835155114171,"Gm15680","BLA Glut Cdh8/Tshz3",-0.919691056421004,-0.755801231506582,TRUE,"higher at P21"
1.64273373189534e-07,1.09705218763022,0.612,0.555,0.00411159825756085,"Gap43","BLA Glut Cdh8/Tshz3",1.12938839986076,0.970583218900865,TRUE,"higher at P10"
1.65098628467944e-07,-0.642201841084934,0.159,0.427,0.00413225357192416,"Sh3pxd2a","BLA Glut Cdh8/Tshz3",-0.965355472782278,-0.52157299113468,TRUE,"higher at P21"
1.7559898338312e-07,-0.821206664267887,0.069,0.261,0.0043950669550961,"Porcn","BLA Glut Cdh8/Tshz3",-0.494769501246857,-0.588213170812017,TRUE,"higher at P21"
1.77510179266164e-07,-0.623978825357872,0.363,0.697,0.00444290227685283,"Vps13a","BLA Glut Cdh8/Tshz3",-0.707072114820348,-0.8265803074517,TRUE,"higher at P21"
1.83877759902338e-07,-0.90995033380705,0.073,0.271,0.00460227645259563,"Wwp2","BLA Glut Cdh8/Tshz3",-0.720710815383169,-0.727254285270999,TRUE,"higher at P21"
2.02254655093286e-07,-0.930470419262395,0.118,0.353,0.00506223176232985,"Tut7","BLA Glut Cdh8/Tshz3",-0.717672979801209,-0.465005161810069,TRUE,"higher at P21"
2.07550190271443e-07,-0.553550448993056,0.09,0.303,0.00519477371230396,"Rtn4r","BLA Glut Cdh8/Tshz3",-0.5057930709956,-0.717097637858274,TRUE,"higher at P21"
2.21599862198361e-07,-0.557378815481479,0.135,0.385,0.00554642295096278,"Supt6","BLA Glut Cdh8/Tshz3",-0.614041451799366,-0.406873714828381,TRUE,"higher at P21"
2.21604450647263e-07,-0.684917055854282,0.273,0.596,0.00554653779525035,"Lyst","BLA Glut Cdh8/Tshz3",-0.721259733877184,-0.506841157477852,TRUE,"higher at P21"
2.25999872012896e-07,-0.572121135485617,0.776,0.899,0.00565655079661077,"Pcsk2","BLA Glut Cdh8/Tshz3",-0.601608787605961,-0.658703095914023,TRUE,"higher at P21"
2.27594220567418e-07,-1.10301241387874,0.065,0.252,0.00569645574658192,"Tmod1","BLA Glut Cdh8/Tshz3",-0.871587037614261,-0.740516690018816,TRUE,"higher at P21"
2.29553575989382e-07,-0.712473835796885,0.11,0.335,0.00574549645343824,"Ptpn14","BLA Glut Cdh8/Tshz3",-0.63564291196805,-0.595537317521365,TRUE,"higher at P21"
2.46332531081999e-07,-0.52645343318114,0.045,0.211,0.00616545692045135,"Ppp5c","BLA Glut Cdh8/Tshz3",-0.644428537833789,-0.685356221386614,TRUE,"higher at P21"
2.51992284370897e-07,-0.721193601356913,0.102,0.321,0.00630711488551918,"Cry2","BLA Glut Cdh8/Tshz3",-0.580230872068282,-0.765411457185664,TRUE,"higher at P21"
2.54076966234978e-07,-0.824644437155565,0.086,0.289,0.00635929238789526,"Ppargc1b","BLA Glut Cdh8/Tshz3",-0.620761718425835,-0.656207472869773,TRUE,"higher at P21"
2.54555525820053e-07,-0.6120833899316,0.212,0.505,0.0063712702557501,"Fam126b","BLA Glut Cdh8/Tshz3",-0.524571246364538,-0.513430190837838,TRUE,"higher at P21"
2.65242403213087e-07,-0.992493654025963,0.073,0.266,0.00663875211002035,"Kcnk9","BLA Glut Cdh8/Tshz3",-0.709814274881221,-0.723364718541464,TRUE,"higher at P21"
2.65948992580181e-07,-0.620158155317197,0.11,0.335,0.00665643733528936,"Firre","BLA Glut Cdh8/Tshz3",-0.755410999332799,-0.661386059588729,TRUE,"higher at P21"
2.66983315002749e-07,-0.574288391669351,0.139,0.39,0.00668232539120382,"Tra2b","BLA Glut Cdh8/Tshz3",-0.504672987604766,-0.74876692227206,TRUE,"higher at P21"
2.72240287365167e-07,-0.793241581559107,0.18,0.45,0.00681390215246277,"Abhd6","BLA Glut Cdh8/Tshz3",-0.61447696361836,-0.674406448542436,TRUE,"higher at P21"
2.89153589362845e-07,-0.506962693072531,0.808,0.95,0.00723722518816264,"Srrm2","BLA Glut Cdh8/Tshz3",-0.55630842081823,-0.434318985848354,TRUE,"higher at P21"
2.93877071211011e-07,-0.640423799101188,0.31,0.642,0.0073554492153404,"Slc17a7","BLA Glut Cdh8/Tshz3",-0.879817834008233,-0.457478172625238,TRUE,"higher at P21"
2.97786024691752e-07,-0.592708560633827,0.339,0.674,0.00745328641200987,"Dennd4a","BLA Glut Cdh8/Tshz3",-0.701104691176624,-0.536206860108531,TRUE,"higher at P21"
3.08951161571371e-07,-1.17963099186326,0.049,0.216,0.00773273862296984,"Mettl7a1","BLA Glut Cdh8/Tshz3",-0.6208852834926,-0.727580811731669,TRUE,"higher at P21"
3.18384165564867e-07,-0.781673645745723,0.098,0.307,0.00796883727992306,"Faim2","BLA Glut Cdh8/Tshz3",-0.593939155068397,-0.72393054646851,TRUE,"higher at P21"
3.19712998915877e-07,-0.609266845518448,0.061,0.243,0.00800209664986549,"Rab21","BLA Glut Cdh8/Tshz3",-0.70667198662065,-0.5797667597249,TRUE,"higher at P21"
3.23020307254544e-07,-1.0333269997899,0.049,0.216,0.00808487527027398,"Cst3","BLA Glut Cdh8/Tshz3",-0.86009260372403,-0.517728069382136,TRUE,"higher at P21"
3.33457742111967e-07,-1.30512931278613,0.057,0.229,0.00834611382732043,"Rnf123","BLA Glut Cdh8/Tshz3",-0.790194749712845,-0.555775718727274,TRUE,"higher at P21"
3.47476267878917e-07,-0.848559201177353,0.131,0.367,0.00869698350874141,"Aebp2","BLA Glut Cdh8/Tshz3",-0.420081173831871,-0.522739388020163,TRUE,"higher at P21"
3.7866261381442e-07,-0.603412507132131,0.367,0.711,0.00947754656116113,"Rap1gap2","BLA Glut Cdh8/Tshz3",-0.716974520188244,-0.538412110756524,TRUE,"higher at P21"
3.82944600816656e-07,-0.630088450240453,0.567,0.849,0.00958472041384009,"Prickle1","BLA Glut Cdh8/Tshz3",-0.562816384918604,-0.649066945904297,TRUE,"higher at P21"
3.89514402158568e-07,-0.631708249781567,0.155,0.404,0.00974915597162681,"Atp1a1","BLA Glut Cdh8/Tshz3",-0.448349799350979,-0.771162218607699,TRUE,"higher at P21"
2.55167911354407e-37,-0.902523065075929,1,1,6.38659765328945e-33,"Malat1","BLA Glut Fgf10/Nrp1",-0.790508877098077,-0.969804449686582,TRUE,"higher at P21"
4.05928248199028e-37,-3.46265496508568,0.049,0.638,1.01599781241735e-32,"Smad3","BLA Glut Fgf10/Nrp1",-2.96736293958768,-2.84314291427153,TRUE,"higher at P21"
9.20182932264801e-32,-0.713929219169963,0.996,1,2.30312586116557e-27,"Snhg11","BLA Glut Fgf10/Nrp1",-0.780533297197621,-0.604951428893285,TRUE,"higher at P21"
1.95547449710535e-30,-1.55650506732748,0.504,0.937,4.89435711880499e-26,"Lncpint","BLA Glut Fgf10/Nrp1",-1.45164674210832,-1.62395522510407,TRUE,"higher at P21"
5.31711262109376e-30,1.3128614424856,0.984,0.902,1.33082011793356e-25,"Kcnq5","BLA Glut Fgf10/Nrp1",1.30748110524359,1.04755237008465,TRUE,"higher at P10"
1.24068652107437e-27,1.16940880871658,0.959,0.925,3.10531429359703e-23,"Grip1","BLA Glut Fgf10/Nrp1",1.29172568772566,1.11535635014373,TRUE,"higher at P10"
1.91545927149421e-27,-2.56016593376795,0.085,0.598,4.79420301062286e-23,"Zmat4","BLA Glut Fgf10/Nrp1",-2.31669021443198,-2.16190957819695,TRUE,"higher at P21"
1.47796777850296e-26,1.05388234451987,0.963,0.966,3.69920555281505e-22,"Schip1","BLA Glut Fgf10/Nrp1",0.988377073606418,1.00895292441193,TRUE,"higher at P10"
2.11866170921747e-25,-1.72885068869161,0.309,0.845,5.3027983920004e-21,"Inpp4b","BLA Glut Fgf10/Nrp1",-1.64555101219504,-1.70415705868698,TRUE,"higher at P21"
5.58239805859384e-23,2.30375281311638,0.74,0.408,1.39721841008545e-18,"Grik1","BLA Glut Fgf10/Nrp1",2.23496140055539,2.01964185105344,TRUE,"higher at P10"
1.0595257737677e-22,-1.71719917719569,0.272,0.77,2.65188705916319e-18,"Brinp2","BLA Glut Fgf10/Nrp1",-1.98948085932339,-1.63376336208253,TRUE,"higher at P21"
1.39040941231833e-22,-1.33250889862181,0.508,0.914,3.48005571809155e-18,"Rasgrf1","BLA Glut Fgf10/Nrp1",-1.22908562949615,-1.45665436181358,TRUE,"higher at P21"
2.13496189537584e-22,-1.46935797251676,0.285,0.822,5.34359612793619e-18,"Bsn","BLA Glut Fgf10/Nrp1",-1.40359719303039,-1.40437546892603,TRUE,"higher at P21"
2.202633709432e-22,-3.27361283887497,0.02,0.397,5.51297191133735e-18,"Tanc1","BLA Glut Fgf10/Nrp1",-2.29468249763598,-2.09598446491192,TRUE,"higher at P21"
2.93524174539693e-21,-2.12980488064819,0.114,0.563,7.34661656455397e-17,"Syt17","BLA Glut Fgf10/Nrp1",-1.70424211543403,-1.52076410780211,TRUE,"higher at P21"
2.6330843944501e-20,-1.55984675960885,0.256,0.741,6.59034693086915e-16,"Specc1","BLA Glut Fgf10/Nrp1",-1.59587665773248,-1.40325284290394,TRUE,"higher at P21"
3.30038396158078e-20,-1.34616165315681,0.472,0.856,8.26053101744052e-16,"Cntnap5c","BLA Glut Fgf10/Nrp1",-1.29789017885742,-1.55661295963584,TRUE,"higher at P21"
3.97359851066994e-20,-1.6130145906049,0.285,0.77,9.94551971235578e-16,"Galnt16","BLA Glut Fgf10/Nrp1",-1.4533691146501,-1.41662138120294,TRUE,"higher at P21"
5.44043298400826e-20,1.41218342479383,0.833,0.77,1.36168597156743e-15,"Myo16","BLA Glut Fgf10/Nrp1",1.38338621044908,1.3458775343176,TRUE,"higher at P10"
7.39784888473521e-20,-2.62770539715342,0.057,0.443,1.85160759736038e-15,"Ankrd33b","BLA Glut Fgf10/Nrp1",-2.2860588291999,-2.09412113909923,TRUE,"higher at P21"
1.09061474075226e-19,-0.806011862016213,0.919,0.983,2.72969963462882e-15,"Erc2","BLA Glut Fgf10/Nrp1",-0.720939464626156,-0.874225567522334,TRUE,"higher at P21"
4.13033745234913e-19,-1.08489574180911,0.463,0.92,1.03378216094846e-14,"Zranb2","BLA Glut Fgf10/Nrp1",-1.19739317532137,-1.11454896182745,TRUE,"higher at P21"
4.24918756299692e-19,-2.63048204495778,0.037,0.391,1.0635291551425e-14,"Zfp831","BLA Glut Fgf10/Nrp1",-1.86084456709031,-2.10234738496232,TRUE,"higher at P21"
9.92012422672629e-19,0.717466892719181,0.996,0.977,2.48290789270732e-14,"Ctnna2","BLA Glut Fgf10/Nrp1",0.813133246364443,0.845767879285665,TRUE,"higher at P10"
2.71965649075094e-18,0.99772997398305,0.963,0.914,6.80702823070053e-14,"Robo1","BLA Glut Fgf10/Nrp1",1.15721972061313,0.940816352591061,TRUE,"higher at P10"
3.46318945447216e-18,0.844481066609283,0.947,0.971,8.66801688559837e-14,"Ccser1","BLA Glut Fgf10/Nrp1",0.836102564352796,0.819409122697838,TRUE,"higher at P10"
5.59350621454031e-18,0.540992355642294,0.992,0.983,1.39999867043729e-13,"Ank2","BLA Glut Fgf10/Nrp1",0.595650486865661,0.613884009220291,TRUE,"higher at P10"
7.45201209807975e-18,-1.06970181154617,0.443,0.902,1.86516410802838e-13,"Tmem132b","BLA Glut Fgf10/Nrp1",-1.10575076906806,-1.10163061056547,TRUE,"higher at P21"
8.33668148102308e-18,-1.87688108773616,0.11,0.506,2.08658800788527e-13,"Sntb2","BLA Glut Fgf10/Nrp1",-1.97838334728406,-1.67366376975417,TRUE,"higher at P21"
9.32207951684164e-18,-1.39384814877304,0.187,0.655,2.33322328227029e-13,"2210408F21Rik","BLA Glut Fgf10/Nrp1",-1.28896886659725,-1.39347530443911,TRUE,"higher at P21"
4.13799209630105e-17,-1.35216084502781,0.195,0.661,1.03569804178319e-12,"Catspere2","BLA Glut Fgf10/Nrp1",-1.105662056772,-1.33006952514439,TRUE,"higher at P21"
4.72425784133448e-17,-1.05430710369793,0.756,0.971,1.18243449510761e-12,"Cacnb2","BLA Glut Fgf10/Nrp1",-0.960859347706631,-1.06065659457916,TRUE,"higher at P21"
5.05775906593099e-17,1.13837744644013,0.87,0.833,1.26590651661187e-12,"Tmem108","BLA Glut Fgf10/Nrp1",1.27118320031189,0.942747315650434,TRUE,"higher at P10"
9.27420322965064e-17,-1.30309953402998,0.28,0.753,2.32124032634926e-12,"Ptk2b","BLA Glut Fgf10/Nrp1",-1.34772879696917,-1.25839930403792,TRUE,"higher at P21"
1.19340436096465e-16,-2.78157718806026,0.033,0.339,2.98697177505843e-12,"Ccdc3","BLA Glut Fgf10/Nrp1",-2.02128308234204,-2.03637795826387,TRUE,"higher at P21"
1.32592783265177e-16,-1.79085599336557,0.134,0.54,3.31866477234411e-12,"Kcnh1","BLA Glut Fgf10/Nrp1",-1.48042704581394,-1.19371449430992,TRUE,"higher at P21"
1.50434131318698e-16,-1.3652687543383,0.232,0.684,3.7652158727757e-12,"2010300C02Rik","BLA Glut Fgf10/Nrp1",-1.18533121496488,-1.19293601100988,TRUE,"higher at P21"
1.93994898720628e-16,-1.31270941493526,0.35,0.782,4.8554983200786e-12,"Me3","BLA Glut Fgf10/Nrp1",-1.35181292918982,-1.21174963543546,TRUE,"higher at P21"
3.29994165684072e-16,-2.36578026898541,0.037,0.345,8.25942397290665e-12,"Lyzl4","BLA Glut Fgf10/Nrp1",-1.73423392550686,-1.62223172127537,TRUE,"higher at P21"
3.52135613979412e-16,0.807424397372841,0.976,0.948,8.81360228229071e-12,"Dcc","BLA Glut Fgf10/Nrp1",0.698084997236692,0.761406060240367,TRUE,"higher at P10"
3.95729266899418e-16,-1.70443260748454,0.073,0.431,9.90470782122553e-12,"Suds3","BLA Glut Fgf10/Nrp1",-1.35995959739208,-1.20090007035613,TRUE,"higher at P21"
4.95874056532239e-16,-2.3771429109455,0.037,0.345,1.24112317609454e-11,"Tesc","BLA Glut Fgf10/Nrp1",-1.88488593380001,-1.24778174945623,TRUE,"higher at P21"
5.41659439106784e-16,-1.47226280933083,0.114,0.511,1.35571941014037e-11,"C230057M02Rik","BLA Glut Fgf10/Nrp1",-0.817633840190151,-1.25547326946656,TRUE,"higher at P21"
6.67103730272157e-16,-1.45525596151153,0.106,0.5,1.66969392649818e-11,"Synpo","BLA Glut Fgf10/Nrp1",-1.4882789511784,-0.759133601068844,TRUE,"higher at P21"
7.90142193686084e-16,0.791890512353571,0.947,0.92,1.9776468965769e-11,"Lrfn5","BLA Glut Fgf10/Nrp1",0.932289293674952,0.745622105841816,TRUE,"higher at P10"
8.09031842285437e-16,-1.06307721046775,0.459,0.856,2.02492579805622e-11,"Zmynd8","BLA Glut Fgf10/Nrp1",-1.03805930037373,-1.05655114351725,TRUE,"higher at P21"
1.00038706761819e-15,-1.25934021791628,0.398,0.822,2.50386879154157e-11,"Prkag2","BLA Glut Fgf10/Nrp1",-1.20328485869839,-1.14788610520631,TRUE,"higher at P21"
1.67594824486277e-15,-2.01181837399885,0.057,0.379,4.19473086206702e-11,"Ccsap","BLA Glut Fgf10/Nrp1",-1.78445400631024,-1.15562236885395,TRUE,"higher at P21"
1.83677756945045e-15,-1.12037117789795,0.447,0.845,4.59727057857752e-11,"Zdhhc14","BLA Glut Fgf10/Nrp1",-1.0508588278652,-1.1325429020493,TRUE,"higher at P21"
1.9465690704493e-15,-2.49590552090557,0.057,0.374,4.87206772642756e-11,"Gm13963","BLA Glut Fgf10/Nrp1",-1.8536652214079,-1.77071560316068,TRUE,"higher at P21"
2.65567146071141e-15,-0.684317186589087,0.772,0.948,6.64688009901459e-11,"Srrm2","BLA Glut Fgf10/Nrp1",-0.750230646724321,-0.620558162348148,TRUE,"higher at P21"
2.86793191151346e-15,-1.0378123228944,0.256,0.741,7.17814678132705e-11,"Atp6v0b","BLA Glut Fgf10/Nrp1",-0.886562837798944,-0.909649743706561,TRUE,"higher at P21"
2.88392489777076e-15,-2.3002886833283,0.033,0.322,7.21817562663044e-11,"Aifm3","BLA Glut Fgf10/Nrp1",-1.5052550831747,-1.56098612255931,TRUE,"higher at P21"
2.95765518323665e-15,-2.16547821397719,0.053,0.368,7.402715158123e-11,"Gm49127","BLA Glut Fgf10/Nrp1",-1.42673214347143,-1.50909303784341,TRUE,"higher at P21"
2.96027592406511e-15,-1.95564340575988,0.073,0.414,7.40927461034256e-11,"Rilpl1","BLA Glut Fgf10/Nrp1",-1.50934148208581,-1.3183370630957,TRUE,"higher at P21"
3.79125029801698e-15,-1.45838443826162,0.11,0.483,9.4891203709067e-11,"1500035N22Rik","BLA Glut Fgf10/Nrp1",-1.3155961501617,-1.27278971514097,TRUE,"higher at P21"
5.08344944218716e-15,-1.7636686666645,0.093,0.448,1.27233656088502e-10,"Stum","BLA Glut Fgf10/Nrp1",-1.2326749973033,-1.34959615351733,TRUE,"higher at P21"
5.67285774828343e-15,-1.28438045539849,0.179,0.609,1.41985956581786e-10,"Ndst3","BLA Glut Fgf10/Nrp1",-0.959209845024847,-1.05568438898903,TRUE,"higher at P21"
7.63711686889153e-15,-1.51495398915942,0.093,0.443,1.91149398111486e-10,"Mbp","BLA Glut Fgf10/Nrp1",-1.50993585131205,-1.06467407327603,TRUE,"higher at P21"
8.30603646638486e-15,-1.67543238327679,0.134,0.511,2.07891786717147e-10,"Npas2","BLA Glut Fgf10/Nrp1",-1.59660634609853,-1.03405892165073,TRUE,"higher at P21"
9.51166366036543e-15,-1.24967676298423,0.228,0.667,2.38067429755286e-10,"Olfm1","BLA Glut Fgf10/Nrp1",-1.36178124481969,-0.881375261208061,TRUE,"higher at P21"
9.68079493266014e-15,-1.49188311803153,0.122,0.494,2.42300616369551e-10,"A930015D03Rik","BLA Glut Fgf10/Nrp1",-1.10474554348224,-0.857858471134556,TRUE,"higher at P21"
1.00595059738412e-14,-0.784462313229901,0.817,0.948,2.51779375019271e-10,"Camk2a","BLA Glut Fgf10/Nrp1",-0.883991732310599,-0.709799016381763,TRUE,"higher at P21"
1.16538575202574e-14,1.00218793142888,0.931,0.828,2.91684399874522e-10,"Hdac9","BLA Glut Fgf10/Nrp1",1.00669631604615,0.77112770320782,TRUE,"higher at P10"
1.35976319730217e-14,1.10762035235804,0.809,0.667,3.40335130652761e-10,"Rasgef1b","BLA Glut Fgf10/Nrp1",1.28188065515647,0.982105798777882,TRUE,"higher at P10"
1.63916069166574e-14,-0.875843659482747,0.695,0.948,4.10265529517017e-10,"Gria3","BLA Glut Fgf10/Nrp1",-0.697090646300978,-0.832063522174219,TRUE,"higher at P21"
1.78149037887255e-14,-1.03724438608603,0.333,0.816,4.45889226928011e-10,"Chn1","BLA Glut Fgf10/Nrp1",-0.955646500690699,-1.03391506826105,TRUE,"higher at P21"
1.78889211404583e-14,0.925540147653769,0.898,0.862,4.47741807224532e-10,"Zfpm2","BLA Glut Fgf10/Nrp1",0.791343824659191,0.83328222005092,TRUE,"higher at P10"
1.98306850651521e-14,-0.991103130141925,0.118,0.5,4.96342216495692e-10,"mt-Co3","BLA Glut Fgf10/Nrp1",-0.764687521847322,-0.890682710677286,TRUE,"higher at P21"
2.25195392565882e-14,-1.126850409763,0.175,0.603,5.63641548053147e-10,"Numb","BLA Glut Fgf10/Nrp1",-0.906519007663229,-0.86862067398472,TRUE,"higher at P21"
2.35550418815677e-14,-0.985848569563046,0.459,0.822,5.89559143253759e-10,"Rora","BLA Glut Fgf10/Nrp1",-1.18207871447511,-1.07685097318321,TRUE,"higher at P21"
2.39336394664735e-14,-1.17993491511047,0.207,0.632,5.99035062206366e-10,"Cap2","BLA Glut Fgf10/Nrp1",-0.758864583094021,-1.22150925264797,TRUE,"higher at P21"
2.55026113575028e-14,-2.5740704636017,0.02,0.276,6.38304859666938e-10,"Gm11613","BLA Glut Fgf10/Nrp1",-1.65263998281135,-1.5145219886586,TRUE,"higher at P21"
2.63803231821768e-14,0.664140883045587,0.959,0.931,6.60273108926704e-10,"Slc8a1","BLA Glut Fgf10/Nrp1",0.655709752747305,0.621100598234229,TRUE,"higher at P10"
2.67487397691919e-14,-1.87878105258222,0.126,0.483,6.69494207683105e-10,"Sorcs3","BLA Glut Fgf10/Nrp1",-1.54996333218361,-1.68810006088782,TRUE,"higher at P21"
2.89091385121283e-14,-1.14791472259741,0.13,0.5,7.2356682782006e-10,"Ggact","BLA Glut Fgf10/Nrp1",-1.09261345109788,-1.15467353440442,TRUE,"higher at P21"
2.99376085340985e-14,-1.58915745078774,0.081,0.42,7.49308403999952e-10,"Stx16","BLA Glut Fgf10/Nrp1",-1.26286152143708,-1.25287355322133,TRUE,"higher at P21"
2.99905581268305e-14,-1.06579822593325,0.37,0.81,7.50633679356441e-10,"Sidt1","BLA Glut Fgf10/Nrp1",-0.711995178925072,-1.24294432479493,TRUE,"higher at P21"
3.50759552403767e-14,1.54446445210885,0.744,0.609,8.77916083711388e-10,"Slit2","BLA Glut Fgf10/Nrp1",1.5955390622994,1.44939535441506,TRUE,"higher at P10"
4.75730124580766e-14,-1.13410273540253,0.402,0.805,1.1907049288132e-09,"Gm13269","BLA Glut Fgf10/Nrp1",-1.1529051221475,-0.97236064944581,TRUE,"higher at P21"
5.52491862644235e-14,0.952168256956289,0.951,0.874,1.38283188301226e-09,"Cntn5","BLA Glut Fgf10/Nrp1",0.805350570931074,0.893585116070274,TRUE,"higher at P10"
5.66885873333956e-14,1.21064787259282,0.805,0.667,1.41885865236756e-09,"Il1rapl2","BLA Glut Fgf10/Nrp1",1.25335232326639,1.3368947678422,TRUE,"higher at P10"
6.66434974184145e-14,-0.852719758001594,0.537,0.862,1.6680200968855e-09,"Oxr1","BLA Glut Fgf10/Nrp1",-0.855642232463488,-0.934949012245082,TRUE,"higher at P21"
7.25863923373624e-14,-2.0218397969291,0.065,0.374,1.81676481381184e-09,"Tef","BLA Glut Fgf10/Nrp1",-1.62677833196565,-1.03887100777728,TRUE,"higher at P21"
7.26328484677921e-14,-1.7454615772189,0.077,0.391,1.81792756430037e-09,"Mtmr12","BLA Glut Fgf10/Nrp1",-1.0509487100416,-1.46529594490896,TRUE,"higher at P21"
7.70145102102565e-14,-0.888806646514473,0.248,0.73,1.92759617605251e-09,"Col4a2","BLA Glut Fgf10/Nrp1",-0.749572172405383,-0.878198704099542,TRUE,"higher at P21"
8.18198423151753e-14,-1.0189501004702,0.248,0.695,2.04786883330652e-09,"Sez6l2","BLA Glut Fgf10/Nrp1",-1.28217216817966,-1.00768189587606,TRUE,"higher at P21"
9.46715998677273e-14,-0.643122516323517,0.923,0.977,2.36953547308935e-09,"Grin2a","BLA Glut Fgf10/Nrp1",-0.80471549525879,-0.719867420624509,TRUE,"higher at P21"
9.54303689748375e-14,-1.03126235677389,0.13,0.5,2.38852670507121e-09,"Epb41l4b","BLA Glut Fgf10/Nrp1",-0.776374462513145,-0.941453952570545,TRUE,"higher at P21"
9.86053604166427e-14,-1.02354076996622,0.451,0.833,2.46799356586815e-09,"Car10","BLA Glut Fgf10/Nrp1",-1.16567642208372,-0.851360399673774,TRUE,"higher at P21"
1.08511605152977e-13,0.803403091281461,0.915,0.948,2.71593696537386e-09,"Ncam1","BLA Glut Fgf10/Nrp1",0.720476683619543,0.828524921923521,TRUE,"higher at P10"
1.25726998541008e-13,-4.06395701163648,0.008,0.23,3.14682104648288e-09,"Nptx1","BLA Glut Fgf10/Nrp1",-1.94519802396894,-1.80146348444975,TRUE,"higher at P21"
1.90332046843412e-13,0.680095216061439,0.967,0.971,4.76382080044376e-09,"Pcdh7","BLA Glut Fgf10/Nrp1",0.839728863377518,0.532461251390497,TRUE,"higher at P10"
2.27577741289083e-13,-0.843650338217948,0.695,0.902,5.69604328672446e-09,"A830018L16Rik","BLA Glut Fgf10/Nrp1",-0.867942782088457,-0.72229164150714,TRUE,"higher at P21"
2.66056753970821e-13,-1.22575020537267,0.13,0.5,6.65913449513567e-09,"Sh3pxd2a","BLA Glut Fgf10/Nrp1",-1.26886485637007,-0.761575649340443,TRUE,"higher at P21"
3.27089256987261e-13,-0.731434232655049,0.793,0.971,8.18671701313416e-09,"Cntnap5a","BLA Glut Fgf10/Nrp1",-0.588161692219283,-0.749511837419752,TRUE,"higher at P21"
3.3744624312629e-13,-1.12024804992121,0.085,0.414,8.44594201920792e-09,"Kcnab2","BLA Glut Fgf10/Nrp1",-1.23377370626735,-1.03536871777641,TRUE,"higher at P21"
4.18544592513788e-13,-1.42274412192196,0.081,0.397,1.04757526060276e-08,"Arhgap33","BLA Glut Fgf10/Nrp1",-0.863705783223684,-1.15867086419163,TRUE,"higher at P21"
5.11207582493803e-13,-0.930359380249068,0.232,0.661,1.27950145822374e-08,"Smarca2","BLA Glut Fgf10/Nrp1",-0.883373942942225,-0.880524211175211,TRUE,"higher at P21"
5.46361946310183e-13,-0.972954660699515,0.163,0.546,1.36748931541976e-08,"Gm26854","BLA Glut Fgf10/Nrp1",-1.06941159518358,-0.77223518630434,TRUE,"higher at P21"
7.14872005529567e-13,-1.20213868424818,0.13,0.489,1.78925314263995e-08,"Dnaja2","BLA Glut Fgf10/Nrp1",-0.955883020724914,-1.07479600306292,TRUE,"higher at P21"
8.16159767054104e-13,-1.07050081348499,0.199,0.603,2.04276628095972e-08,"Baiap2","BLA Glut Fgf10/Nrp1",-1.14890671378439,-1.06934039517966,TRUE,"higher at P21"
1.04072325689932e-12,-0.960913069772116,0.317,0.753,2.6048262396933e-08,"Rasgef1a","BLA Glut Fgf10/Nrp1",-1.00012206453814,-0.73417458724258,TRUE,"higher at P21"
1.06980443427701e-12,-0.997590484281149,0.285,0.724,2.67761351855194e-08,"Snph","BLA Glut Fgf10/Nrp1",-1.03740407611292,-0.835626092469563,TRUE,"higher at P21"
1.08400294695522e-12,-0.652957289045691,0.947,0.966,2.71315097593421e-08,"Phactr1","BLA Glut Fgf10/Nrp1",-0.623467398488231,-0.66174898170519,TRUE,"higher at P21"
1.10412427902347e-12,-1.15629940016898,0.244,0.649,2.76351265796785e-08,"Tacc1","BLA Glut Fgf10/Nrp1",-0.859676217838247,-0.83466682234775,TRUE,"higher at P21"
1.12414749147763e-12,-1.92322899650507,0.037,0.293,2.81362875641937e-08,"Vipr1","BLA Glut Fgf10/Nrp1",-1.73647552383746,-0.871246627941099,TRUE,"higher at P21"
1.16251171241707e-12,-1.04988517507411,0.382,0.782,2.90965056500868e-08,"Adcy9","BLA Glut Fgf10/Nrp1",-1.08360268968902,-1.05509165669741,TRUE,"higher at P21"
1.164393338974e-12,-1.9610587718033,0.045,0.31,2.91436008811801e-08,"Kcng2","BLA Glut Fgf10/Nrp1",-1.29089079436433,-1.49512061447072,TRUE,"higher at P21"
1.17709283187213e-12,2.54811805519735,0.512,0.259,2.94614564889276e-08,"Srgap1","BLA Glut Fgf10/Nrp1",2.58609975258225,1.99255675516315,TRUE,"higher at P10"
1.22681980756349e-12,0.738396025178363,0.943,0.868,3.07060729635066e-08,"Mir99ahg","BLA Glut Fgf10/Nrp1",0.776876296188585,0.741909430808806,TRUE,"higher at P10"
1.25388917714399e-12,-1.17935627347898,0.407,0.759,3.1383592214737e-08,"Gm10848","BLA Glut Fgf10/Nrp1",-1.15675780887726,-1.12272332143398,TRUE,"higher at P21"
1.46639451526684e-12,-1.12659305985097,0.126,0.483,3.67023883226138e-08,"Fbxw8","BLA Glut Fgf10/Nrp1",-1.05868228793448,-0.711241236354478,TRUE,"higher at P21"
1.59981651783857e-12,-1.78735370825288,0.069,0.356,4.00418076249816e-08,"Hipk4","BLA Glut Fgf10/Nrp1",-1.37171843438102,-1.22426726336462,TRUE,"higher at P21"
1.61658421858682e-12,-4.21290566896444,0.004,0.201,4.04614864070095e-08,"Gm10125","BLA Glut Fgf10/Nrp1",-1.57226505037344,-1.62156126232568,TRUE,"higher at P21"
1.69748199533632e-12,-1.18745269899615,0.089,0.408,4.24862768612729e-08,"Nrn1","BLA Glut Fgf10/Nrp1",-0.999921050542369,-1.21283047909484,TRUE,"higher at P21"
2.14581453556756e-12,-0.960999011706971,0.15,0.529,5.37075920107204e-08,"Gm15965","BLA Glut Fgf10/Nrp1",-1.08620778960933,-0.701111245396815,TRUE,"higher at P21"
2.69700511327171e-12,-1.59158248875083,0.061,0.339,6.75033409800776e-08,"Exd2","BLA Glut Fgf10/Nrp1",-1.02927340026428,-0.75733343219668,TRUE,"higher at P21"
2.70663353653204e-12,1.55998248326854,0.659,0.437,6.77443307858604e-08,"8030451O07Rik","BLA Glut Fgf10/Nrp1",1.8307023883353,1.61937612071008,TRUE,"higher at P10"
2.78635443606139e-12,-1.44358872400994,0.175,0.506,6.97396651801805e-08,"Sorcs1","BLA Glut Fgf10/Nrp1",-1.57299742045858,-1.08291034322342,TRUE,"higher at P21"
2.91744708777167e-12,-1.31375237592644,0.15,0.5,7.30207831598372e-08,"Fam126b","BLA Glut Fgf10/Nrp1",-1.11773983048335,-0.960070998066781,TRUE,"higher at P21"
3.07481919000273e-12,-1.4055845760028,0.053,0.322,7.69596495065783e-08,"Gm47523","BLA Glut Fgf10/Nrp1",-1.06765926562367,-1.33958041610575,TRUE,"higher at P21"
3.35599420882019e-12,-1.7195598023829,0.061,0.339,8.39971790525606e-08,"Zfp740","BLA Glut Fgf10/Nrp1",-1.41056668434499,-0.766916569305685,TRUE,"higher at P21"
3.53592591625243e-12,-1.70866940232352,0.093,0.397,8.85006897578822e-08,"Igsf11","BLA Glut Fgf10/Nrp1",-1.42376622582022,-1.3929614486479,TRUE,"higher at P21"
3.95916318738225e-12,-0.99804944169918,0.256,0.661,9.90938954169903e-08,"Map7","BLA Glut Fgf10/Nrp1",-0.826016980022881,-0.889735668669214,TRUE,"higher at P21"
4.7941437892526e-12,-0.785385995989493,0.752,0.925,1.19992624901203e-07,"Kctd16","BLA Glut Fgf10/Nrp1",-0.782152081561017,-0.73069644863101,TRUE,"higher at P21"
5.05036546378205e-12,-1.87217217602975,0.061,0.328,1.26405597193001e-07,"Rreb1","BLA Glut Fgf10/Nrp1",-1.45037943783733,-1.16407793094679,TRUE,"higher at P21"
5.07089231150112e-12,-0.957041859374598,0.492,0.856,1.26919363664562e-07,"Syne1","BLA Glut Fgf10/Nrp1",-0.641187136411021,-1.08051692679714,TRUE,"higher at P21"
5.07917273328248e-12,-0.969657765663409,0.236,0.632,1.27126614341327e-07,"Ttll11","BLA Glut Fgf10/Nrp1",-1.01663585496198,-0.834923293458134,TRUE,"higher at P21"
5.10987512867915e-12,0.522667869228588,0.963,0.983,1.2789506459571e-07,"Frmd4a","BLA Glut Fgf10/Nrp1",0.576420217696058,0.559026473098221,TRUE,"higher at P10"
5.33209503472627e-12,-1.14501565902858,0.211,0.598,1.33457006624164e-07,"4933424G05Rik","BLA Glut Fgf10/Nrp1",-1.26396239350598,-1.05354602179238,TRUE,"higher at P21"
6.51418936124137e-12,-0.935380576203299,0.118,0.454,1.6304364552251e-07,"St6gal1","BLA Glut Fgf10/Nrp1",-1.19369763830574,-0.934218783238245,TRUE,"higher at P21"
7.63377831151707e-12,-1.40672226002319,0.106,0.414,1.91065837358961e-07,"Kdm7a","BLA Glut Fgf10/Nrp1",-1.30714335984605,-0.971742965396088,TRUE,"higher at P21"
7.72561355056124e-12,-1.07391620385729,0.134,0.483,1.93364381556997e-07,"6430590A07Rik","BLA Glut Fgf10/Nrp1",-1.04437419654482,-0.748472414079085,TRUE,"higher at P21"
8.07313484522678e-12,-1.19713753396747,0.073,0.362,2.02062492041181e-07,"Naxd","BLA Glut Fgf10/Nrp1",-0.909909296017215,-0.995111628330438,TRUE,"higher at P21"
8.51494220617084e-12,-1.01855529226838,0.232,0.621,2.1312048847825e-07,"Cacng3","BLA Glut Fgf10/Nrp1",-0.933098039537825,-1.26685491037427,TRUE,"higher at P21"
8.53251839651711e-12,-1.46071814638456,0.159,0.489,2.13560402946427e-07,"Lrtm1","BLA Glut Fgf10/Nrp1",-0.876526128513624,-1.43910804389688,TRUE,"higher at P21"
9.09985907594048e-12,-0.758641599225891,0.333,0.782,2.27760372811714e-07,"Ftx","BLA Glut Fgf10/Nrp1",-0.984418331720164,-0.530344451397062,TRUE,"higher at P21"
9.46516988580991e-12,-0.912200855006975,0.232,0.638,2.36903737071936e-07,"U2surp","BLA Glut Fgf10/Nrp1",-0.720745370058109,-0.731745969784488,TRUE,"higher at P21"
1.0590689156657e-11,-0.821580154799515,0.484,0.891,2.65074358901968e-07,"Upp2","BLA Glut Fgf10/Nrp1",-0.844677897168479,-0.604957335157017,TRUE,"higher at P21"
1.06510476303751e-11,-2.28495754044792,0.041,0.282,2.66585071140658e-07,"Gm46218","BLA Glut Fgf10/Nrp1",-1.2309434029509,-1.35504571502268,TRUE,"higher at P21"
1.11435240139672e-11,1.4479271620581,0.663,0.489,2.78911262545586e-07,"Bach2","BLA Glut Fgf10/Nrp1",1.6357464499362,1.35476150470921,TRUE,"higher at P10"
1.24066670219125e-11,-0.929696208781602,0.134,0.483,3.10526468891447e-07,"Tfdp2","BLA Glut Fgf10/Nrp1",-1.00458181584301,-0.929855767615545,TRUE,"higher at P21"
1.27072088518965e-11,1.34448025564503,0.699,0.557,3.18048730354117e-07,"Plppr1","BLA Glut Fgf10/Nrp1",1.25334031671737,1.38561031507613,TRUE,"higher at P10"
1.3685215215779e-11,-1.24247746341108,0.093,0.397,3.42527251635733e-07,"Msi2","BLA Glut Fgf10/Nrp1",-0.999921050542369,-0.859882563722423,TRUE,"higher at P21"
1.39028907199938e-11,-2.6384072360633,0.024,0.241,3.47975451830725e-07,"Pet100","BLA Glut Fgf10/Nrp1",-0.999545186427263,-1.57536320227174,TRUE,"higher at P21"
1.50470016591994e-11,-1.53939938096881,0.069,0.345,3.76611404528102e-07,"Gm41361","BLA Glut Fgf10/Nrp1",-1.06303025389796,-1.0049565222797,TRUE,"higher at P21"
1.62641806536119e-11,-1.37501641247439,0.098,0.397,4.07076177579253e-07,"St8sia5","BLA Glut Fgf10/Nrp1",-1.35561044910236,-1.09467841719515,TRUE,"higher at P21"
1.68587435646009e-11,-1.35430888282807,0.102,0.402,4.21957492678396e-07,"Plekhg5","BLA Glut Fgf10/Nrp1",-1.54112701632804,-0.737781018293248,TRUE,"higher at P21"
1.71940194529529e-11,-1.0700686947631,0.171,0.534,4.30349112887959e-07,"Coro2b","BLA Glut Fgf10/Nrp1",-1.08617496187967,-0.820109575398656,TRUE,"higher at P21"
1.77005881839206e-11,1.52316075108296,0.642,0.414,4.4302802165535e-07,"Vwc2l","BLA Glut Fgf10/Nrp1",1.93867130002868,1.26794387304193,TRUE,"higher at P10"
1.77794461919031e-11,-1.22915364696831,0.199,0.552,4.45001758737142e-07,"Galnt9","BLA Glut Fgf10/Nrp1",-1.14750533862024,-0.955105492782532,TRUE,"higher at P21"
1.80307219184228e-11,-1.05743595191068,0.203,0.575,4.51290938896205e-07,"Man1c1","BLA Glut Fgf10/Nrp1",-0.997150047242909,-0.912545675208797,TRUE,"higher at P21"
1.98050928582904e-11,0.789656494877608,0.931,0.943,4.95701669150152e-07,"Tcf4","BLA Glut Fgf10/Nrp1",0.762953358817625,0.767181984652549,TRUE,"higher at P10"
2.08683560827288e-11,-0.73043969480319,0.15,0.517,5.22314084394618e-07,"Ppp4r4","BLA Glut Fgf10/Nrp1",-0.605608115061448,-0.666411649366128,TRUE,"higher at P21"
2.13093478450005e-11,-1.04428856384208,0.065,0.339,5.33351667212517e-07,"Aagab","BLA Glut Fgf10/Nrp1",-1.2191205720338,-1.03463113020378,TRUE,"higher at P21"
2.1464497186826e-11,-1.12766193794017,0.15,0.5,5.37234900089069e-07,"Adgra1","BLA Glut Fgf10/Nrp1",-1.45310081716522,-0.481635968099488,TRUE,"higher at P21"
2.281195803635e-11,-0.73853981597402,0.695,0.925,5.70960497691804e-07,"R3hdm1","BLA Glut Fgf10/Nrp1",-0.688325255853334,-0.612827427454619,TRUE,"higher at P21"
2.31617713904221e-11,-1.27591348029506,0.069,0.345,5.79715976130875e-07,"Smpd4","BLA Glut Fgf10/Nrp1",-1.08640570817428,-0.994825900099254,TRUE,"higher at P21"
2.35012922152977e-11,-1.1692341658869,0.126,0.454,5.88213842856686e-07,"Ubxn11","BLA Glut Fgf10/Nrp1",-0.831274766550724,-0.995853043641736,TRUE,"higher at P21"
2.38498608079685e-11,0.91266775282127,0.911,0.793,5.96938166162644e-07,"Adamtsl1","BLA Glut Fgf10/Nrp1",0.613684594161258,0.790014644066202,TRUE,"higher at P10"
3.33574480595112e-11,-1.24414925893461,0.236,0.592,8.34903567481507e-07,"Lypd1","BLA Glut Fgf10/Nrp1",-1.36364942361677,-0.731536807592505,TRUE,"higher at P21"
3.46398509574445e-11,0.728828553149353,0.898,0.885,8.67000829613878e-07,"Gabrg3","BLA Glut Fgf10/Nrp1",0.647871933134305,0.77013764272555,TRUE,"higher at P10"
3.64075494527675e-11,-1.28914647606436,0.077,0.356,9.11244555253319e-07,"Itm2c","BLA Glut Fgf10/Nrp1",-0.674533049385868,-0.925292938978431,TRUE,"higher at P21"
3.70019358443448e-11,-1.02293733029454,0.52,0.822,9.26121452248106e-07,"9630028H03Rik","BLA Glut Fgf10/Nrp1",-1.11864994971755,-0.845849593474701,TRUE,"higher at P21"
3.71246498882052e-11,-1.18664865428174,0.167,0.506,9.29192862051889e-07,"Cdh10","BLA Glut Fgf10/Nrp1",-0.487232064666197,-1.14968522244183,TRUE,"higher at P21"
3.79582232679162e-11,-1.05027183860949,0.215,0.58,9.50056370172676e-07,"Bbof1","BLA Glut Fgf10/Nrp1",-0.75041899645928,-0.716562484740916,TRUE,"higher at P21"
3.9453164520729e-11,-1.43228317989977,0.045,0.282,9.87473254789326e-07,"Tsnax","BLA Glut Fgf10/Nrp1",-1.22597386481595,-1.11614835749071,TRUE,"higher at P21"
4.02856861335384e-11,-1.87211340272968,0.037,0.264,1.00831043823633e-06,"Arhgef25","BLA Glut Fgf10/Nrp1",-1.33401172092725,-1.38889835437952,TRUE,"higher at P21"
4.24223500143735e-11,-1.10379470140133,0.248,0.621,1.06178899850975e-06,"Hdac8","BLA Glut Fgf10/Nrp1",-0.983744043625335,-0.790814603070722,TRUE,"higher at P21"
4.31834329821071e-11,-1.45050297479766,0.146,0.46,1.08083814410916e-06,"Gm36431","BLA Glut Fgf10/Nrp1",-1.28550697956878,-1.53734556912106,TRUE,"higher at P21"
4.46714139005717e-11,-0.952837748477667,0.24,0.626,1.11808081851741e-06,"Igf2bp3","BLA Glut Fgf10/Nrp1",-0.919081606735368,-0.504243079202452,TRUE,"higher at P21"
4.58420479258438e-11,-0.878221233369638,0.423,0.816,1.14738061753594e-06,"Ptprn","BLA Glut Fgf10/Nrp1",-0.884455463044994,-0.91524238738908,TRUE,"higher at P21"
4.8278224795351e-11,-0.955041671721768,0.138,0.471,1.20835568840284e-06,"Eftud2","BLA Glut Fgf10/Nrp1",-0.684446457152403,-0.76512880841863,TRUE,"higher at P21"
5.01707831491429e-11,1.08515452401877,0.764,0.707,1.2557245314399e-06,"Frmd5","BLA Glut Fgf10/Nrp1",1.14406705164539,1.06395013463054,TRUE,"higher at P10"
5.23315737736668e-11,-1.16024667790303,0.114,0.425,1.30980695998111e-06,"Lrrc29","BLA Glut Fgf10/Nrp1",-0.84681784470987,-0.882265511943912,TRUE,"higher at P21"
5.72767879634252e-11,1.11549353782551,0.768,0.684,1.43358072593657e-06,"Nckap5","BLA Glut Fgf10/Nrp1",1.24744261974276,1.05315418491449,TRUE,"higher at P10"
5.81293767156577e-11,-0.90812939346234,0.492,0.828,1.4549201698162e-06,"Pde2a","BLA Glut Fgf10/Nrp1",-1.16358285698012,-0.793885603678347,TRUE,"higher at P21"
6.12357306507188e-11,-1.52389804028482,0.077,0.345,1.53266910245684e-06,"Gm17171","BLA Glut Fgf10/Nrp1",-1.30145803002891,-1.07548181820177,TRUE,"higher at P21"
6.18174381177279e-11,-1.59410428262772,0.085,0.362,1.54722865864861e-06,"Crebrf","BLA Glut Fgf10/Nrp1",-0.938192655683682,-1.25287355322133,TRUE,"higher at P21"
6.37350059454492e-11,-1.59964553567938,0.077,0.345,1.59522346380865e-06,"Fras1","BLA Glut Fgf10/Nrp1",-1.24032256268799,-1.58833959529628,TRUE,"higher at P21"
6.41514580640168e-11,0.808327815500062,0.911,0.902,1.60564684388428e-06,"Pde4d","BLA Glut Fgf10/Nrp1",0.910488296063467,0.663709298386152,TRUE,"higher at P10"
6.98956702834576e-11,-1.72004731460738,0.057,0.305,1.74941873152466e-06,"Cdkl4","BLA Glut Fgf10/Nrp1",-1.35950176567542,-1.12840108042624,TRUE,"higher at P21"
7.08562975613318e-11,-1.27560627570038,0.085,0.368,1.77346227166257e-06,"Cds2","BLA Glut Fgf10/Nrp1",-0.713321112269942,-1.08353812955273,TRUE,"higher at P21"
7.18052313300139e-11,0.510972626838067,0.996,0.983,1.79721313495892e-06,"Asic2","BLA Glut Fgf10/Nrp1",0.409128659216344,0.434476797728883,TRUE,"higher at P10"
7.24690610544288e-11,-0.937479177209988,0.171,0.523,1.8138281291313e-06,"Rtn4rl1","BLA Glut Fgf10/Nrp1",-1.2730404138055,-0.806700994519243,TRUE,"higher at P21"
7.40807943905148e-11,0.742622756652266,0.911,0.943,1.8541682028002e-06,"Zeb2","BLA Glut Fgf10/Nrp1",0.739921132593224,0.850677415949009,TRUE,"higher at P10"
8.01723755174683e-11,-0.757498286915864,0.785,0.954,2.00663438682671e-06,"Dmd","BLA Glut Fgf10/Nrp1",-0.871981791134118,-0.688382743065497,TRUE,"higher at P21"
8.06741951811377e-11,-2.10169465972918,0.053,0.287,2.01919443118869e-06,"Tmem132d","BLA Glut Fgf10/Nrp1",-1.33278608287181,-1.95380768580838,TRUE,"higher at P21"
8.28812210682017e-11,-1.39077057658793,0.057,0.305,2.07443408211602e-06,"Dcaf17","BLA Glut Fgf10/Nrp1",-0.811779573204095,-0.93727578552088,TRUE,"higher at P21"
8.31992510552796e-11,-0.980773548700745,0.199,0.563,2.08239405466259e-06,"Dgkz","BLA Glut Fgf10/Nrp1",-1.00929573912834,-0.726000324197956,TRUE,"higher at P21"
8.53769345161617e-11,-1.82541707577542,0.045,0.276,2.13689929400501e-06,"Nefm","BLA Glut Fgf10/Nrp1",-1.22747970374019,-1.10912936584637,TRUE,"higher at P21"
8.61767963090565e-11,-0.855800974837489,0.37,0.787,2.15691903481938e-06,"Vps13a","BLA Glut Fgf10/Nrp1",-0.767131129175638,-0.74115121827371,TRUE,"higher at P21"
9.45867291060162e-11,-1.76969307484972,0.028,0.241,2.36741124279448e-06,"Tex50","BLA Glut Fgf10/Nrp1",-1.115941905862,-1.03905009503248,TRUE,"higher at P21"
9.93523216086611e-11,-0.758445914686605,0.37,0.77,2.48668925754318e-06,"Rnf169","BLA Glut Fgf10/Nrp1",-0.758160730097738,-0.723625237301025,TRUE,"higher at P21"
1.0807198150856e-10,-0.968538046140141,0.13,0.454,2.70493362517774e-06,"Mfap3","BLA Glut Fgf10/Nrp1",-0.646387455238145,-0.753438534592615,TRUE,"higher at P21"
1.09974130358723e-10,1.68664663800051,0.573,0.339,2.75254250874849e-06,"Synpr","BLA Glut Fgf10/Nrp1",1.25844548727162,1.64626051929559,TRUE,"higher at P10"
1.13083332022496e-10,-0.944253854841374,0.089,0.374,2.83036271719106e-06,"Ppargc1b","BLA Glut Fgf10/Nrp1",-1.32870929726494,-0.777606792885518,TRUE,"higher at P21"
1.16218991417426e-10,-1.10329195313507,0.077,0.351,2.90884513618677e-06,"Tlk1","BLA Glut Fgf10/Nrp1",-0.7274707175999,-1.12974164234626,TRUE,"higher at P21"
1.16695051072845e-10,-0.82656643463161,0.28,0.701,2.92076043330223e-06,"Kpna4","BLA Glut Fgf10/Nrp1",-0.793843537701374,-0.677722286958645,TRUE,"higher at P21"
1.25902234033753e-10,-0.770243240029375,0.24,0.632,3.1512070156308e-06,"Ccnl2","BLA Glut Fgf10/Nrp1",-0.636479877563938,-0.592577565292857,TRUE,"higher at P21"
1.32045106882279e-10,-0.841259671558059,0.085,0.362,3.30495698015657e-06,"Iffo1","BLA Glut Fgf10/Nrp1",-0.885465492318083,-0.803137896010665,TRUE,"higher at P21"
1.35676238129939e-10,-0.663220592934915,0.646,0.954,3.39584056415425e-06,"Pnisr","BLA Glut Fgf10/Nrp1",-0.656771875065064,-0.509247533962956,TRUE,"higher at P21"
1.35877744306466e-10,-1.05694718004723,0.126,0.431,3.40088406224655e-06,"Coq8b","BLA Glut Fgf10/Nrp1",-1.07349454891439,-0.646212087892778,TRUE,"higher at P21"
1.50867190861633e-10,-1.43654420673727,0.049,0.287,3.77605492007582e-06,"Olfr239","BLA Glut Fgf10/Nrp1",-1.1625627741918,-1.11614835749071,TRUE,"higher at P21"
1.58348545911913e-10,-1.24865920217965,0.065,0.322,3.96330575562927e-06,"Ndor1","BLA Glut Fgf10/Nrp1",-0.847839586570645,-1.13378010859538,TRUE,"higher at P21"
1.80159964756644e-10,-2.0781592071797,0.037,0.253,4.50922375789405e-06,"Rap2b","BLA Glut Fgf10/Nrp1",-1.3411740093314,-0.897583328656619,TRUE,"higher at P21"
1.82560571689492e-10,-0.812952719285647,0.78,0.908,4.56930854881629e-06,"Sorbs2os","BLA Glut Fgf10/Nrp1",-0.845105945689784,-0.580015645337983,TRUE,"higher at P21"
1.89325459472522e-10,-0.925361004873762,0.203,0.569,4.73862692513775e-06,"Gm46367","BLA Glut Fgf10/Nrp1",-0.840608546098564,-0.613066142738709,TRUE,"higher at P21"
1.94286166535196e-10,-1.30006449445145,0.138,0.443,4.86278846220942e-06,"Kctd1","BLA Glut Fgf10/Nrp1",-0.877746272478136,-1.41990098736317,TRUE,"higher at P21"
1.99919040457374e-10,-0.899082456754553,0.154,0.489,5.00377366360762e-06,"Setd4","BLA Glut Fgf10/Nrp1",-0.667927700538608,-0.865101186410605,TRUE,"higher at P21"
2.02452932041297e-10,-0.828941322625608,0.122,0.431,5.06719443606162e-06,"Mmp17","BLA Glut Fgf10/Nrp1",-0.857985792331446,-0.606730066775843,TRUE,"higher at P21"
2.1366005965617e-10,-1.08503520398802,0.244,0.592,5.34769763313427e-06,"Matn2","BLA Glut Fgf10/Nrp1",-1.18460091209299,-1.02099726446174,TRUE,"higher at P21"
2.14208126521682e-10,0.806227103223459,0.858,0.845,5.36141519871119e-06,"Kcnb2","BLA Glut Fgf10/Nrp1",0.827654845958583,0.873847794105571,TRUE,"higher at P10"
2.21267555038908e-10,-0.975091620275256,0.28,0.638,5.53810563506882e-06,"Cdh9","BLA Glut Fgf10/Nrp1",-0.872157670466477,-0.919941332227374,TRUE,"higher at P21"
2.21791986615882e-10,-1.35940225934133,0.057,0.299,5.55123163300891e-06,"Car11","BLA Glut Fgf10/Nrp1",-0.714983092421206,-1.12840108042624,TRUE,"higher at P21"
2.23678467336684e-10,-0.838083773411252,0.451,0.828,5.59844835896987e-06,"Atp2b2","BLA Glut Fgf10/Nrp1",-0.931327630646355,-0.750408008071058,TRUE,"higher at P21"
2.35564900977479e-10,-0.768872604614993,0.309,0.713,5.89595390656531e-06,"Runx2","BLA Glut Fgf10/Nrp1",-0.564623837474656,-0.818187938902317,TRUE,"higher at P21"
2.44773869903246e-10,-1.38465977300807,0.069,0.322,6.12644518980834e-06,"Cpeb1","BLA Glut Fgf10/Nrp1",-1.09381961917069,-0.894345162613785,TRUE,"higher at P21"
2.50862220130431e-10,-0.768642157725521,0.159,0.5,6.27883050764456e-06,"Dcaf7","BLA Glut Fgf10/Nrp1",-0.483835536388597,-0.79048384258053,TRUE,"higher at P21"
2.57798127952717e-10,-0.884408211548675,0.224,0.586,6.45242934452856e-06,"Col4a1","BLA Glut Fgf10/Nrp1",-0.732223056033834,-0.76886990634935,TRUE,"higher at P21"
2.57891826084391e-10,-0.868713178465179,0.252,0.644,6.45477451506623e-06,"Clstn1","BLA Glut Fgf10/Nrp1",-0.776871285649278,-0.792130855419507,TRUE,"higher at P21"
2.61556743526467e-10,-0.708586521257193,0.256,0.655,6.54650373372394e-06,"Slc2a3","BLA Glut Fgf10/Nrp1",-0.555473797676868,-0.519269616126304,TRUE,"higher at P21"
2.733604807111e-10,1.08431896205435,0.764,0.724,6.84193947171812e-06,"Gm20754","BLA Glut Fgf10/Nrp1",1.17498514094935,1.06203006223811,TRUE,"higher at P10"
2.76161167757574e-10,-0.938670249561408,0.252,0.632,6.91203786780433e-06,"Slc17a7","BLA Glut Fgf10/Nrp1",-1.25986243685505,-0.427686154682279,TRUE,"higher at P21"
2.86745365318127e-10,-0.990141543938497,0.11,0.402,7.17694974854739e-06,"Ap2a1","BLA Glut Fgf10/Nrp1",-0.764039331998205,-0.748749794480228,TRUE,"higher at P21"
2.89530056788036e-10,-1.04512234959581,0.15,0.477,7.24664779134774e-06,"Crocc","BLA Glut Fgf10/Nrp1",-0.957945218921816,-0.948883529463967,TRUE,"higher at P21"
2.9137906265141e-10,-0.827901816376548,0.171,0.529,7.29292655910215e-06,"Fermt2","BLA Glut Fgf10/Nrp1",-0.819723061340152,-0.443550884421087,TRUE,"higher at P21"
3.00803584379488e-10,-0.995207699204468,0.138,0.454,7.52881291343419e-06,"Tex2","BLA Glut Fgf10/Nrp1",-0.983984174993734,-0.547925223963339,TRUE,"higher at P21"
3.15265341117856e-10,-0.881191456964248,0.187,0.534,7.89077622283883e-06,"Arf3","BLA Glut Fgf10/Nrp1",-0.905357738480618,-0.678472725960551,TRUE,"higher at P21"
3.29897282803543e-10,-1.05651181926472,0.098,0.379,8.25699909128988e-06,"Dazap1","BLA Glut Fgf10/Nrp1",-1.03673047973412,-0.661283260720976,TRUE,"higher at P21"
3.43553431193312e-10,0.854928644224792,0.841,0.862,8.59879882933741e-06,"Cdh4","BLA Glut Fgf10/Nrp1",0.791288774352998,1.01468374300328,TRUE,"higher at P10"
3.45779114815261e-10,-0.720594694954311,0.203,0.569,8.65450546471117e-06,"Hnrnpl","BLA Glut Fgf10/Nrp1",-0.688776307167629,-0.624028548719684,TRUE,"higher at P21"
3.50457226745743e-10,-1.36876783777715,0.069,0.322,8.7715939282192e-06,"Whamm","BLA Glut Fgf10/Nrp1",-0.775013786871336,-0.863935466510938,TRUE,"higher at P21"
3.75918055200771e-10,-0.930680790292057,0.354,0.747,9.4088530036201e-06,"Kcnb1","BLA Glut Fgf10/Nrp1",-0.892077436661502,-0.656746200596521,TRUE,"higher at P21"
3.8991496225311e-10,-1.48964604903645,0.098,0.368,9.75918159023309e-06,"Klhl10","BLA Glut Fgf10/Nrp1",-1.25496968258446,-0.900839020186226,TRUE,"higher at P21"
3.96046096281735e-10,-1.0682347952834,0.114,0.408,9.91263774383556e-06,"Fam131a","BLA Glut Fgf10/Nrp1",-0.883597518377828,-0.871046009375701,TRUE,"higher at P21"
4.21733485635836e-10,-1.00695746438929,0.146,0.46,1.05555674119793e-05,"Tgfbr3","BLA Glut Fgf10/Nrp1",-0.800125824119825,-0.624106251069855,TRUE,"higher at P21"
4.23741832335438e-10,-0.932167931817997,0.195,0.54,1.06058343215237e-05,"Cdh18","BLA Glut Fgf10/Nrp1",-1.0127959127324,-0.9044369426492,TRUE,"higher at P21"
4.7030526183216e-10,-1.2182182159774,0.472,0.77,1.17712703983971e-05,"Etl4","BLA Glut Fgf10/Nrp1",-1.18103095432801,-1.10933551434687,TRUE,"higher at P21"
5.23555716568367e-10,-0.749398491534418,0.37,0.793,1.31040760299897e-05,"Ldlrad4","BLA Glut Fgf10/Nrp1",-0.77036436001314,-0.674392956633898,TRUE,"higher at P21"
5.26546326825325e-10,-0.749244268202847,0.232,0.603,1.31789280141111e-05,"Banp","BLA Glut Fgf10/Nrp1",-0.620009795520402,-0.582111461841892,TRUE,"higher at P21"
5.59697371113779e-10,-0.566514573799829,0.183,0.54,1.40086655016068e-05,"Pde8b","BLA Glut Fgf10/Nrp1",-0.48962459384544,-0.831225994765461,TRUE,"higher at P21"
5.83659705229708e-10,-0.881759511083327,0.179,0.517,1.46084187621944e-05,"Adgrb2","BLA Glut Fgf10/Nrp1",-0.818266369505778,-0.758879003832911,TRUE,"higher at P21"
5.9178662889361e-10,0.556006407064654,0.967,0.96,1.48118275345782e-05,"Rian","BLA Glut Fgf10/Nrp1",0.62842056993148,0.469469786291534,TRUE,"higher at P10"
6.08720824701938e-10,-0.758986111125876,0.224,0.598,1.52356735214648e-05,"Dnm1l","BLA Glut Fgf10/Nrp1",-0.572318934429336,-0.412397128781107,TRUE,"higher at P21"
6.0883708505269e-10,-0.906512188361952,0.179,0.511,1.52385834017838e-05,"Cplx2","BLA Glut Fgf10/Nrp1",-0.968097116733738,-0.726786512226213,TRUE,"higher at P21"
6.13623174444757e-10,0.500478633563514,0.972,0.954,1.53583744331778e-05,"Gabrb3","BLA Glut Fgf10/Nrp1",0.493361026987471,0.493924737510766,TRUE,"higher at P10"
6.4365993549579e-10,-0.932929223514377,0.102,0.385,1.61101645255241e-05,"Sdk2","BLA Glut Fgf10/Nrp1",-1.15617723973103,-0.821394753721918,TRUE,"higher at P21"
6.50101570594597e-10,-1.32167860735152,0.061,0.299,1.62713922104122e-05,"Sh3gl1","BLA Glut Fgf10/Nrp1",-1.1042962697339,-0.592459818062734,TRUE,"higher at P21"
6.82871947582093e-10,-2.11259034605273,0.028,0.224,1.70916019760322e-05,"Slc26a4","BLA Glut Fgf10/Nrp1",-1.01185937756301,-1.24621925370345,TRUE,"higher at P21"
6.85550973533526e-10,-1.14512735972208,0.077,0.333,1.71586553165706e-05,"Gnb5","BLA Glut Fgf10/Nrp1",-0.821571911887461,-0.966609570406992,TRUE,"higher at P21"
7.05071434856641e-10,-2.58271124306545,0.024,0.213,1.76472329430269e-05,"Arhgap31","BLA Glut Fgf10/Nrp1",-1.7571246307897,-1.74889434572085,TRUE,"higher at P21"
7.59719435319153e-10,1.08857468441977,0.736,0.667,1.90150177466031e-05,"Ccdc85a","BLA Glut Fgf10/Nrp1",0.925662880424585,1.01390356239825,TRUE,"higher at P10"
7.87417106056931e-10,-0.831612574027992,0.187,0.54,1.97082627474989e-05,"Psma3","BLA Glut Fgf10/Nrp1",-0.669638933391582,-0.923254858318595,TRUE,"higher at P21"
7.94860845459589e-10,-0.608780719773998,0.862,0.96,1.9894572101008e-05,"Dgkb","BLA Glut Fgf10/Nrp1",-0.570426020279724,-0.604567436233732,TRUE,"higher at P21"
8.14015380313018e-10,-0.989135910745537,0.065,0.31,2.03739909538545e-05,"Zscan26","BLA Glut Fgf10/Nrp1",-0.774795087068638,-0.827980520049795,TRUE,"higher at P21"
8.20631406422371e-10,-0.92047483561872,0.289,0.655,2.05395834713455e-05,"Gm15810","BLA Glut Fgf10/Nrp1",-1.03561350851028,-0.600961040003468,TRUE,"higher at P21"
8.24254540711312e-10,-0.85626500404744,0.447,0.782,2.06302668994634e-05,"Ablim2","BLA Glut Fgf10/Nrp1",-1.1688028249954,-0.708454899419935,TRUE,"higher at P21"
8.38722401817354e-10,-0.822437577537837,0.236,0.603,2.09923829950866e-05,"Tmem175","BLA Glut Fgf10/Nrp1",-1.03882934643707,-0.593077005627444,TRUE,"higher at P21"
8.57588004143116e-10,-0.765122804760124,0.496,0.856,2.1464570155698e-05,"Akap8l","BLA Glut Fgf10/Nrp1",-0.900628693160773,-0.610933502155929,TRUE,"higher at P21"
9.36950808849329e-10,-1.57426213397841,0.053,0.276,2.34509417946898e-05,"Nceh1","BLA Glut Fgf10/Nrp1",-0.616577523265283,-1.00579453799926,TRUE,"higher at P21"
9.3794151692353e-10,-1.51102702772856,0.041,0.253,2.3475738227079e-05,"Otub2","BLA Glut Fgf10/Nrp1",-1.15789890344889,-0.871246627941099,TRUE,"higher at P21"
9.38574057004737e-10,-0.692751762673229,0.593,0.897,2.34915700727716e-05,"Trerf1","BLA Glut Fgf10/Nrp1",-0.569232078648074,-0.599073901651792,TRUE,"higher at P21"
9.54815758752376e-10,-1.23537187734728,0.065,0.305,2.38980836258132e-05,"Rab4a","BLA Glut Fgf10/Nrp1",-0.862349632553977,-0.84674242963469,TRUE,"higher at P21"
9.90777657406258e-10,-1.14930009126949,0.126,0.42,2.47981739872212e-05,"Pitpnm2","BLA Glut Fgf10/Nrp1",-0.929139700279261,-0.638630019143121,TRUE,"higher at P21"
1.00872369020576e-09,0.574260871891236,0.984,0.977,2.52473452421598e-05,"Cadm1","BLA Glut Fgf10/Nrp1",0.40569171150579,0.683990957555896,TRUE,"higher at P10"
1.03299401129065e-09,-0.942593614550497,0.248,0.609,2.58548071085938e-05,"Cmss1","BLA Glut Fgf10/Nrp1",-0.719226915615242,-0.858571734576843,TRUE,"higher at P21"
1.0816254716365e-09,-0.564645769292874,0.179,0.534,2.707200392959e-05,"Cep70","BLA Glut Fgf10/Nrp1",-0.669638933391582,-0.447514802055103,TRUE,"higher at P21"
1.13518349198991e-09,-0.68984784563337,0.102,0.385,2.84125076210156e-05,"Glt1d1","BLA Glut Fgf10/Nrp1",-0.810952559136138,-0.588638301479287,TRUE,"higher at P21"
1.1478438062075e-09,-0.775112483878561,0.374,0.759,2.87293826255676e-05,"Rgl1","BLA Glut Fgf10/Nrp1",-0.985525576513012,-0.787074447953128,TRUE,"higher at P21"
1.16853205967771e-09,-0.85935044900199,0.163,0.489,2.92471889216735e-05,"Ppfia3","BLA Glut Fgf10/Nrp1",-0.434191442848143,-0.89030060407193,TRUE,"higher at P21"
1.18650760086954e-09,-1.26586466643934,0.069,0.31,2.96970987421637e-05,"Fmn1","BLA Glut Fgf10/Nrp1",-0.791786495879909,-1.30197245294015,TRUE,"higher at P21"
1.22085708422495e-09,-1.2590422231355,0.045,0.259,3.05568319610663e-05,"Emc3","BLA Glut Fgf10/Nrp1",-1.35163171431834,-0.6328032877559,TRUE,"higher at P21"
1.23967995813623e-09,-1.68347831411336,0.057,0.282,3.10279496721918e-05,"Zeb1","BLA Glut Fgf10/Nrp1",-1.13939843121534,-1.22426726336462,TRUE,"higher at P21"
1.39458280899278e-09,0.568834752580315,0.951,0.954,3.49050131262804e-05,"Ptprg","BLA Glut Fgf10/Nrp1",0.690529579027968,0.44391763507167,TRUE,"higher at P10"
1.4103654862615e-09,-1.51250827423205,0.033,0.23,3.5300037755639e-05,"H3f3a","BLA Glut Fgf10/Nrp1",-0.75061229501657,-1.02148728782587,TRUE,"higher at P21"
1.41678056820714e-09,-0.969295195013655,0.085,0.339,3.54606008416565e-05,"Pdia3","BLA Glut Fgf10/Nrp1",-0.928887527840678,-0.755639724893129,TRUE,"higher at P21"
1.57374023090364e-09,-1.03592247723668,0.098,0.368,3.93891442392872e-05,"Dlat","BLA Glut Fgf10/Nrp1",-1.04087750700617,-0.670064468627542,TRUE,"higher at P21"
1.61152515518648e-09,-1.16626411333835,0.081,0.333,4.03348631091624e-05,"Cap1","BLA Glut Fgf10/Nrp1",-0.790881808224045,-0.814986618916384,TRUE,"higher at P21"
1.79853575196637e-09,-0.749497317042676,0.22,0.592,4.50155513359662e-05,"Usp33","BLA Glut Fgf10/Nrp1",-0.570897649112856,-0.431491462215274,TRUE,"higher at P21"
1.92160117177702e-09,-1.11638006810548,0.106,0.374,4.80957557284071e-05,"Pxdn","BLA Glut Fgf10/Nrp1",-1.06754893242176,-0.962757500565055,TRUE,"higher at P21"
2.12452559910726e-09,-1.21269674973827,0.081,0.328,5.31747512200555e-05,"Emb","BLA Glut Fgf10/Nrp1",-0.7274707175999,-0.966609570406992,TRUE,"higher at P21"
2.13813052922885e-09,-0.768641342913704,0.211,0.552,5.35152690160689e-05,"Arl3","BLA Glut Fgf10/Nrp1",-0.456504111191175,-0.744818597611019,TRUE,"higher at P21"
2.30290701576914e-09,-1.26447996907783,0.106,0.374,5.76394596976858e-05,"Frmd6","BLA Glut Fgf10/Nrp1",-0.586675056003221,-0.937858021012297,TRUE,"higher at P21"
2.40392928342826e-09,-0.877370851273951,0.248,0.603,6.0167946034926e-05,"Madd","BLA Glut Fgf10/Nrp1",-0.919454649135592,-0.52445499500071,TRUE,"higher at P21"
2.43704261296776e-09,-0.827108966684186,0.187,0.523,6.099673955997e-05,"Strn4","BLA Glut Fgf10/Nrp1",-0.837631375316745,-0.618893592007944,TRUE,"higher at P21"
2.44601821365145e-09,-0.724230805351559,0.224,0.592,6.12213898694822e-05,"Nhsl2","BLA Glut Fgf10/Nrp1",-0.610509067358311,-0.622016605300259,TRUE,"higher at P21"
2.47947115547055e-09,-0.910166118938543,0.11,0.385,6.20586835502723e-05,"Tpm1","BLA Glut Fgf10/Nrp1",-0.712258936556101,-0.795913274736802,TRUE,"higher at P21"
2.48133327603766e-09,-1.11900911653157,0.134,0.42,6.21052905659466e-05,"Gtf2f2","BLA Glut Fgf10/Nrp1",-0.90580037784691,-0.604812833407747,TRUE,"higher at P21"
2.48983276701554e-09,-0.623133626784803,0.13,0.431,6.23180243256319e-05,"Baz1b","BLA Glut Fgf10/Nrp1",-0.786072035591133,-0.51505582988884,TRUE,"higher at P21"
2.53133666860157e-09,0.766557366226616,0.833,0.833,6.33568254784286e-05,"Mmp16","BLA Glut Fgf10/Nrp1",0.757699998468772,0.634480926265289,TRUE,"higher at P10"
2.55456917629174e-09,-0.685924954605328,0.106,0.385,6.39383119134058e-05,"Cdadc1","BLA Glut Fgf10/Nrp1",-0.854340849831476,-0.532070217932265,TRUE,"higher at P21"
2.66456196868922e-09,-0.784595761027143,0.293,0.701,6.66913215143226e-05,"Gm32250","BLA Glut Fgf10/Nrp1",-0.730846489328059,-0.52661227524914,TRUE,"higher at P21"
2.66812778526681e-09,-1.22608718416992,0.089,0.339,6.67805703374429e-05,"Lancl1","BLA Glut Fgf10/Nrp1",-0.847219532968153,-0.84655993153326,TRUE,"higher at P21"
2.75298127549724e-09,-0.953197172462207,0.183,0.511,6.89043683444205e-05,"Ncoa6","BLA Glut Fgf10/Nrp1",-0.743919267269474,-0.737565869089985,TRUE,"higher at P21"
2.8619051739429e-09,-1.97732727045433,0.045,0.247,7.16306245986168e-05,"mt-Co1","BLA Glut Fgf10/Nrp1",-0.876726717722349,-1.00685309201962,TRUE,"higher at P21"
2.88878040680766e-09,-0.823902187850806,0.187,0.511,7.23032848019889e-05,"Rab11fip2","BLA Glut Fgf10/Nrp1",-0.526165638273616,-0.892919170006657,TRUE,"higher at P21"
3.02138808225326e-09,-0.796246235847195,0.317,0.678,7.56223223107169e-05,"Pip5k1a","BLA Glut Fgf10/Nrp1",-0.695160532888298,-0.68787275565772,TRUE,"higher at P21"
3.06400650763645e-09,-1.24699207427678,0.065,0.293,7.66890188796327e-05,"Anp32a","BLA Glut Fgf10/Nrp1",-1.04710129284612,-0.827980520049795,TRUE,"higher at P21"
3.08344715578205e-09,-1.3755460062482,0.061,0.287,7.71755988620691e-05,"Kcnj9","BLA Glut Fgf10/Nrp1",-0.631350024805211,-1.16002730911852,TRUE,"higher at P21"
3.18490209611962e-09,0.970950357125091,0.776,0.678,7.9714914563778e-05,"Cntnap5b","BLA Glut Fgf10/Nrp1",0.921048833055029,0.758045284169898,TRUE,"higher at P10"
3.24404044643606e-09,-0.684667761112783,0.545,0.839,8.11950883338482e-05,"Atxn1","BLA Glut Fgf10/Nrp1",-0.501685143288679,-0.725852103089796,TRUE,"higher at P21"
3.56983988643864e-09,-0.932317719843643,0.102,0.362,8.93495225176727e-05,"Rwdd1","BLA Glut Fgf10/Nrp1",-0.457053440614583,-0.769973626791682,TRUE,"higher at P21"
3.68430258217072e-09,-1.30793295717119,0.049,0.259,9.2214409329151e-05,"Smim13","BLA Glut Fgf10/Nrp1",-0.794032453505132,-0.885175496937579,TRUE,"higher at P21"
3.9484492309657e-09,-0.766473190057945,0.134,0.431,9.88257358018405e-05,"Psmd7","BLA Glut Fgf10/Nrp1",-0.467103583098889,-0.575520233832468,TRUE,"higher at P21"
4.03816180932352e-09,1.38320962438163,0.593,0.425,0.000101071151925558,"C530008M17Rik","BLA Glut Fgf10/Nrp1",1.3025327493599,1.17631233275047,TRUE,"higher at P10"
4.05145457344501e-09,0.789564869394425,0.829,0.856,0.000101403856518755,"Gria4","BLA Glut Fgf10/Nrp1",0.812981391745522,0.777392002635448,TRUE,"higher at P10"
4.06404474498069e-09,-0.895509700639569,0.11,0.379,0.000101718975922122,"Gm41414","BLA Glut Fgf10/Nrp1",-0.627570477046312,-0.544971291619202,TRUE,"higher at P21"
4.22358600768403e-09,-1.04167230432239,0.085,0.333,0.000105712134186323,"Frmpd3","BLA Glut Fgf10/Nrp1",-1.04087750700617,-0.573026674396068,TRUE,"higher at P21"
4.2238705953455e-09,-1.72436024865638,0.037,0.23,0.000105719257130903,"Kcna1","BLA Glut Fgf10/Nrp1",-0.988601038801916,-0.99341863150353,TRUE,"higher at P21"
4.34735089641785e-09,-0.659607717878618,0.134,0.431,0.000108809845586442,"Ube4a","BLA Glut Fgf10/Nrp1",-0.776192116220717,-0.519932076940607,TRUE,"higher at P21"
4.43762052129749e-09,-1.88749777598592,0.024,0.201,0.000111069204027555,"Ift22","BLA Glut Fgf10/Nrp1",-0.772865816391496,-1.19816614950442,TRUE,"higher at P21"
4.69568424855544e-09,-1.73117641887206,0.037,0.23,0.000117528281057094,"Pkp2","BLA Glut Fgf10/Nrp1",-1.30599337689922,-1.12619882401348,TRUE,"higher at P21"
4.7233133909096e-09,-0.97717779875856,0.085,0.333,0.000118219810861076,"Cx3cl1","BLA Glut Fgf10/Nrp1",-0.694688419924919,-0.907858446324712,TRUE,"higher at P21"
4.72789622594017e-09,2.19204681696446,0.402,0.178,0.000118334514639057,"Olfm2","BLA Glut Fgf10/Nrp1",2.18052379905699,2.2389894378745,TRUE,"higher at P10"
4.99716675886766e-09,-0.712384577171052,0.106,0.379,0.000125074086807699,"Frg1","BLA Glut Fgf10/Nrp1",-0.584973889239716,-0.611771987790746,TRUE,"higher at P21"
5.13431593120438e-09,-0.79011730931925,0.419,0.81,0.000128506793442114,"Spock2","BLA Glut Fgf10/Nrp1",-0.798066224997469,-0.663848379765356,TRUE,"higher at P21"
5.21285024243161e-09,-1.64511252144619,0.069,0.293,0.000130472428717821,"Bdh1","BLA Glut Fgf10/Nrp1",-1.02927340026428,-0.897788105867779,TRUE,"higher at P21"
5.26108511971513e-09,-0.803929409832768,0.077,0.316,0.00013167969946135,"Atg10","BLA Glut Fgf10/Nrp1",-0.591620101948569,-1.02306148783296,TRUE,"higher at P21"
5.62877872436483e-09,-0.714324922569137,0.199,0.54,0.000140882702692127,"Lzts1","BLA Glut Fgf10/Nrp1",-0.803330091085995,-0.455972430548908,TRUE,"higher at P21"
5.78686619767578e-09,-0.978755549383702,0.118,0.391,0.000144839474061627,"Ogfrl1","BLA Glut Fgf10/Nrp1",-0.630377096048777,-0.688273053118644,TRUE,"higher at P21"
5.86872004639220e-09,-1.00065621738831,0.089,0.339,0.00014688819404115,"Zfp182","BLA Glut Fgf10/Nrp1",-0.746665189535557,-0.546661142660679,TRUE,"higher at P21"
6.33875146030625e-09,-0.756819156147663,0.134,0.425,0.000158652610300005,"Spns2","BLA Glut Fgf10/Nrp1",-0.627570477046312,-0.75268306562089,TRUE,"higher at P21"
6.35187005998565e-09,-0.633621900563474,0.386,0.776,0.000158980955731381,"Pnn","BLA Glut Fgf10/Nrp1",-0.706743560406207,-0.540485666574973,TRUE,"higher at P21"
6.46881510094897e-09,-0.572096496487033,0.167,0.494,0.000161907973161652,"Actn1","BLA Glut Fgf10/Nrp1",-0.80087928517357,-0.495828588320765,TRUE,"higher at P21"
6.48016257887742e-09,-0.779417793320527,0.122,0.402,0.000162191989186723,"Phka2","BLA Glut Fgf10/Nrp1",-0.503435969166063,-0.644006812604032,TRUE,"higher at P21"
6.48432271362608e-09,0.71497048360035,0.923,0.943,0.000162296113199347,"Khdrbs2","BLA Glut Fgf10/Nrp1",1.0675874766627,0.593382093251337,TRUE,"higher at P10"
6.52676988604258e-09,-0.869454185815916,0.065,0.293,0.00016335852347776,"Timm9","BLA Glut Fgf10/Nrp1",-0.92867649313156,-0.525882595613483,TRUE,"higher at P21"
6.72763232336869e-09,-0.616004053886129,0.614,0.914,0.000168385909421595,"Cdr1os","BLA Glut Fgf10/Nrp1",-0.556456023432958,-0.489423603751754,TRUE,"higher at P21"
6.78698445406576e-09,-1.46346029203272,0.041,0.236,0.000169871433900812,"Phyhd1","BLA Glut Fgf10/Nrp1",-0.957258864297685,-1.05114885006516,TRUE,"higher at P21"
7.09813886164152e-09,-0.846719823681749,0.065,0.293,0.000177659317568026,"Atp6v1d","BLA Glut Fgf10/Nrp1",-0.875683770090495,-0.601715160286421,TRUE,"higher at P21"
7.18205697209135e-09,-0.69102200297491,0.289,0.667,0.000179759703954475,"Hap1","BLA Glut Fgf10/Nrp1",-0.681184539257514,-0.850631251473361,TRUE,"higher at P21"
7.41824386014812e-09,-0.972427625555305,0.065,0.287,0.000185671225575647,"Nfs1","BLA Glut Fgf10/Nrp1",-0.92867649313156,-0.916928189552003,TRUE,"higher at P21"
7.58537703839355e-09,-1.12694825953202,0.106,0.368,0.000189854401893952,"Pik3ca","BLA Glut Fgf10/Nrp1",-0.525485453353495,-0.807715535867177,TRUE,"higher at P21"
7.90260888942459e-09,0.779485101119634,0.939,0.931,0.000197794397893408,"Ncam2","BLA Glut Fgf10/Nrp1",0.755669079325432,0.568902494808542,TRUE,"higher at P10"
7.96471686934445e-09,-0.903948573831395,0.077,0.31,0.000199348898522822,"Hlf","BLA Glut Fgf10/Nrp1",-1.0061791001196,-0.442435351790043,TRUE,"higher at P21"
8.04104984626718e-09,-1.53842971605671,0.053,0.259,0.000201259436602221,"Gm17202","BLA Glut Fgf10/Nrp1",-0.990652145173921,-0.929100497514872,TRUE,"higher at P21"
8.05806662005181e-09,-0.674458468596858,0.142,0.437,0.000201685349433277,"Epg5","BLA Glut Fgf10/Nrp1",-0.558868908824482,-0.468510950010371,TRUE,"higher at P21"
8.22068266921419e-09,0.610586299099642,0.878,0.937,0.000205755466527762,"Sox5","BLA Glut Fgf10/Nrp1",0.720029389875118,0.527000208755078,TRUE,"higher at P10"
8.77454899979207e-09,-0.791813249332281,0.195,0.506,0.000219618186915796,"Pknox2","BLA Glut Fgf10/Nrp1",-0.833608120026587,-0.84610291689271,TRUE,"higher at P21"
9.12193210217711e-09,-1.7759451966173,0.037,0.224,0.000228312838585391,"6430548M08Rik","BLA Glut Fgf10/Nrp1",-1.1560079360811,-0.564699841679301,TRUE,"higher at P21"
9.28884734038133e-09,-0.859086697590578,0.118,0.391,0.000232490560082404,"Khsrp","BLA Glut Fgf10/Nrp1",-0.799904617571937,-0.596001529129573,TRUE,"higher at P21"
9.58112403039291e-09,-1.10107129255268,0.154,0.437,0.000239805953356704,"Zmiz1","BLA Glut Fgf10/Nrp1",-1.05802673656667,-0.78453787353945,TRUE,"higher at P21"
9.65978392752059e-09,-0.702986523320789,0.118,0.391,0.000241774731921913,"Mok","BLA Glut Fgf10/Nrp1",-0.451516065987519,-0.66324206011831,TRUE,"higher at P21"
9.67316738589129e-09,1.03036328588358,0.642,0.511,0.000242109706501473,"Ttc28","BLA Glut Fgf10/Nrp1",0.941671446820274,1.10389501681275,TRUE,"higher at P10"
9.69637921170918e-09,-1.68402454973383,0.037,0.224,0.000242690675289869,"Gm34868","BLA Glut Fgf10/Nrp1",-0.943527589212689,-1.12619882401348,TRUE,"higher at P21"
9.75402229956618e-09,0.836498990348589,0.829,0.805,0.000244133424135842,"Robo2","BLA Glut Fgf10/Nrp1",0.835313787425469,0.615401687721022,TRUE,"higher at P10"
9.9093300925116e-09,-0.873191337515739,0.057,0.27,0.000248020622885473,"Gpr68","BLA Glut Fgf10/Nrp1",-1.04710129284612,-0.789627959127649,TRUE,"higher at P21"
9.92073122816898e-09,-1.32330266732786,0.069,0.293,0.000248305981909841,"Mapk8ip2","BLA Glut Fgf10/Nrp1",-1.02277768741912,-0.882262076430463,TRUE,"higher at P21"
1.04343048255051e-08,-0.861426701599397,0.203,0.529,0.000261160215477566,"Cyld","BLA Glut Fgf10/Nrp1",-0.938243160174093,-0.800890306453522,TRUE,"higher at P21"
1.14741887836762e-08,-0.876291845339375,0.085,0.328,0.000287187471066632,"Chgb","BLA Glut Fgf10/Nrp1",-1.0061791001196,-0.624749291304813,TRUE,"higher at P21"
1.16527152351572e-08,-0.588272077535937,0.154,0.46,0.000291655809620749,"Cox7c","BLA Glut Fgf10/Nrp1",-0.660081324212654,-0.453472540586327,TRUE,"higher at P21"
1.17852743077676e-08,-0.77306229576668,0.211,0.546,0.000294973630649115,"2610035D17Rik","BLA Glut Fgf10/Nrp1",-0.624187228864984,-0.515439066911187,TRUE,"higher at P21"
1.2567718521385e-08,-1.13448195100449,0.077,0.305,0.000314557426871745,"Mras","BLA Glut Fgf10/Nrp1",-0.746665189535557,-0.773463288086587,TRUE,"higher at P21"
1.27852551030914e-08,-0.797706827250751,0.215,0.54,0.000320002149975275,"Wdr60","BLA Glut Fgf10/Nrp1",-0.783676718401887,-0.552327026542621,TRUE,"higher at P21"
1.31827384959671e-08,-1.14778058934711,0.089,0.328,0.00032995076181556,"Wdr66","BLA Glut Fgf10/Nrp1",-0.858753224616247,-0.916084981217058,TRUE,"higher at P21"
1.34536301599425e-08,-0.726882336774517,0.809,0.908,0.000336730909273202,"Slc24a2","BLA Glut Fgf10/Nrp1",-0.800230890933421,-0.856002404400441,TRUE,"higher at P21"
1.36787173928637e-08,1.07419514682051,0.752,0.69,0.000342364617625986,"Gm30382","BLA Glut Fgf10/Nrp1",1.05965018834072,0.931080357056222,TRUE,"higher at P10"
1.37775054314501e-08,-0.78941259079085,0.154,0.448,0.000344837183443764,"Fancc","BLA Glut Fgf10/Nrp1",-0.612140124375795,-0.473847568172844,TRUE,"higher at P21"
1.429676035575e-08,-0.65486709538379,0.321,0.684,0.000357833614944066,"Nvl","BLA Glut Fgf10/Nrp1",-0.732586147896912,-0.5503718169086,TRUE,"higher at P21"
1.49027452550481e-08,0.800375115720809,0.841,0.793,0.000373000810988599,"Trpm3","BLA Glut Fgf10/Nrp1",0.697168757435227,0.693308819719861,TRUE,"higher at P10"
1.50393071169037e-08,-1.13660497535089,0.081,0.31,0.000376418817828983,"Usp19","BLA Glut Fgf10/Nrp1",-0.535827611665211,-1.03876851963073,TRUE,"higher at P21"
1.59172842088074e-08,-1.42391066402694,0.073,0.293,0.000398393706462241,"Tmem38a","BLA Glut Fgf10/Nrp1",-0.65265816453701,-1.06370764636198,TRUE,"higher at P21"
1.61532349658082e-08,-1.47642147065384,0.073,0.293,0.000404299317959213,"Car12","BLA Glut Fgf10/Nrp1",-1.14488453784025,-1.2768058904384,TRUE,"higher at P21"
1.68558017263028e-08,-0.711321349922502,0.061,0.276,0.000421883861407634,"Pde6a","BLA Glut Fgf10/Nrp1",-0.68871817790356,-0.630506550460563,TRUE,"higher at P21"
1.77718277080678e-08,-1.15443101074426,0.073,0.293,0.000444811075705229,"Acvr1c","BLA Glut Fgf10/Nrp1",-0.775203032605027,-0.656852694711212,TRUE,"higher at P21"
1.83073772709043e-08,-0.8447049014474,0.114,0.379,0.000458215345713463,"Psma1","BLA Glut Fgf10/Nrp1",-0.559458851091818,-0.616588160981808,TRUE,"higher at P21"
1.83136507100759e-08,-1.39696027172165,0.049,0.247,0.000458372363622489,"Narf","BLA Glut Fgf10/Nrp1",-1.09623591361422,-0.714137413144776,TRUE,"higher at P21"
1.8457604683927e-08,-0.767236809631838,0.13,0.402,0.000461975387634009,"Slc17a5","BLA Glut Fgf10/Nrp1",-0.74342145099983,-0.888702997672911,TRUE,"higher at P21"
1.86333697426894e-08,-0.686439123680339,0.362,0.747,0.000466374611289773,"Ctdspl","BLA Glut Fgf10/Nrp1",-0.739047825661428,-0.604767501149892,TRUE,"higher at P21"
1.99575937924471e-08,-0.782991245433684,0.711,0.908,0.000499518615031157,"Cnksr2","BLA Glut Fgf10/Nrp1",-0.545020198167275,-0.823073087613198,TRUE,"higher at P21"
2.04036872106463e-08,-1.34675556645376,0.053,0.253,0.000510683887195265,"Ubtf","BLA Glut Fgf10/Nrp1",-0.990652145173921,-0.667015383530667,TRUE,"higher at P21"
2.0973991453826e-08,-0.688691085728455,0.102,0.356,0.000524958032097811,"Ddx27","BLA Glut Fgf10/Nrp1",-0.623729737736493,-0.423725690861614,TRUE,"higher at P21"
2.1063846542473e-08,-1.93668665677418,0.033,0.207,0.000527207015111557,"Disp3","BLA Glut Fgf10/Nrp1",-0.976169789551184,-0.926336976180273,TRUE,"higher at P21"
2.2015433036559e-08,-0.740904485317007,0.118,0.385,0.000551024273472035,"Mamld1","BLA Glut Fgf10/Nrp1",-0.604618714937943,-0.58159289860534,TRUE,"higher at P21"
2.24158778129575e-08,-0.730337942693481,0.154,0.448,0.000561047005780514,"Cdc37l1","BLA Glut Fgf10/Nrp1",-0.767188147661376,-0.520301075313687,TRUE,"higher at P21"
2.26874204906691e-08,-0.948461956972382,0.069,0.287,0.000567843447460958,"Jph3","BLA Glut Fgf10/Nrp1",-0.791786495879909,-0.591106516877961,TRUE,"higher at P21"
2.31690965257749e-08,0.78774211684553,0.797,0.799,0.000579899316943619,"Dync1i1","BLA Glut Fgf10/Nrp1",1.02826045413293,0.799426792156645,TRUE,"higher at P10"
2.32364996919454e-08,-1.01857259168705,0.28,0.586,0.0005815863507897,"4930428E07Rik","BLA Glut Fgf10/Nrp1",-1.07560885777225,-0.830877586296098,TRUE,"higher at P21"
2.32803670308249e-08,-0.847444991620259,0.138,0.414,0.000582684306414516,"Adamts17","BLA Glut Fgf10/Nrp1",-0.946192069040269,-0.529635144335657,TRUE,"higher at P21"
2.34405312413657e-08,-0.794859290598758,0.183,0.489,0.000586693056440142,"Gm48715","BLA Glut Fgf10/Nrp1",-0.656635561615668,-0.783516276875761,TRUE,"higher at P21"
2.36335761754909e-08,-0.74250200921552,0.325,0.69,0.000591524778096361,"Phf3","BLA Glut Fgf10/Nrp1",-0.74390149045681,-0.510248464570005,TRUE,"higher at P21"
2.39019529459499e-08,-0.593959419981756,0.146,0.437,0.00059824198028418,"Ubn1","BLA Glut Fgf10/Nrp1",-0.516916578737446,-0.443550884421087,TRUE,"higher at P21"
2.43234828726554e-08,-0.52648755327847,0.122,0.391,0.000608792452819692,"Ccnt1","BLA Glut Fgf10/Nrp1",-0.537076270726961,-0.541469106016582,TRUE,"higher at P21"
2.46198214298278e-08,-0.687094627105403,0.199,0.523,0.000616209510567161,"Smarcc1","BLA Glut Fgf10/Nrp1",-0.415164529820522,-0.40418482759609,TRUE,"higher at P21"
2.48552576338165e-08,-0.68897541308962,0.179,0.489,0.000622102243316793,"Pgbd5","BLA Glut Fgf10/Nrp1",-0.78491172534046,-0.703820842710797,TRUE,"higher at P21"
2.50529285836246e-08,-1.15455040467407,0.053,0.253,0.000627049749519541,"Gm10419","BLA Glut Fgf10/Nrp1",-0.964590947647323,-0.741879978268526,TRUE,"higher at P21"
2.57548361158897e-08,-0.997188715986451,0.037,0.218,0.000644617793144604,"Rps6kb2","BLA Glut Fgf10/Nrp1",-0.821950415988859,-0.964000121084156,TRUE,"higher at P21"
2.58020867466203e-08,-1.54166977249868,0.041,0.224,0.00064580042918116,"Smc1a","BLA Glut Fgf10/Nrp1",-1.11994129299761,-0.871246627941099,TRUE,"higher at P21"
2.58491296945903e-08,1.29575555571103,0.634,0.54,0.000646977867125899,"Garnl3","BLA Glut Fgf10/Nrp1",1.18360723336534,1.2174637450837,TRUE,"higher at P10"
2.72882799403304e-08,-0.849266563218109,0.089,0.328,0.000682998358626531,"Clk2","BLA Glut Fgf10/Nrp1",-0.803797497445558,-0.546661142660679,TRUE,"higher at P21"
2.83774936052457e-08,-1.18392643413608,0.061,0.264,0.000710260287445695,"Sycp3","BLA Glut Fgf10/Nrp1",-1.05282850370971,-0.734614250037233,TRUE,"higher at P21"
2.83859884151441e-08,-1.22407616928527,0.045,0.236,0.000710472904042641,"Etf1","BLA Glut Fgf10/Nrp1",-0.928343218673252,-0.979810729092873,TRUE,"higher at P21"
3.22897633911932e-08,-0.614446012352512,0.154,0.448,0.000808180487918175,"Ssbp4","BLA Glut Fgf10/Nrp1",-0.758342850043393,-0.560186631678106,TRUE,"higher at P21"
3.29912325689993e-08,-0.662336354398034,0.362,0.724,0.000825737559969484,"Lrrn2","BLA Glut Fgf10/Nrp1",-0.872008109748351,-0.617182572404468,TRUE,"higher at P21"
3.33806371798708e-08,-0.945318943222254,0.098,0.339,0.000835483967974987,"Gm15083","BLA Glut Fgf10/Nrp1",-0.987627337840683,-0.803137896010665,TRUE,"higher at P21"
3.38029769884161e-08,-1.22733329862504,0.049,0.241,0.000846054711043066,"Ube3b","BLA Glut Fgf10/Nrp1",-0.901577617051632,-0.6328032877559,TRUE,"higher at P21"
3.5396211279648e-08,0.824329715455769,0.76,0.759,0.00088593177211831,"Nedd4l","BLA Glut Fgf10/Nrp1",0.887483864022089,0.698360587555229,TRUE,"higher at P10"
3.57483620231538e-08,-0.64253294810703,0.646,0.891,0.000894745753077516,"Rims2","BLA Glut Fgf10/Nrp1",-0.4657482210703,-0.639894898553804,TRUE,"higher at P21"
3.58200208343708e-08,-1.0696257822696,0.065,0.276,0.000896539301463466,"Pea15a","BLA Glut Fgf10/Nrp1",-0.862349632553977,-0.810326155237745,TRUE,"higher at P21"
3.70136061568925e-08,-0.720906521659554,0.134,0.408,0.000926413548500863,"4933423P22Rik","BLA Glut Fgf10/Nrp1",-0.708414852548688,-0.568376365728741,TRUE,"higher at P21"
3.74429238285324e-08,-0.817912117424137,0.248,0.563,0.000937158940504338,"Dtd1","BLA Glut Fgf10/Nrp1",-0.610420898736555,-0.768115773195736,TRUE,"higher at P21"
3.75219176083035e-08,-0.998975782200643,0.073,0.293,0.000939136075818227,"Gm20616","BLA Glut Fgf10/Nrp1",-1.22005873776699,-0.681621526996168,TRUE,"higher at P21"
3.81048673503488e-08,-0.913434932388243,0.48,0.77,0.000953726724911879,"Ano3","BLA Glut Fgf10/Nrp1",-0.499122487113195,-0.738996425385028,TRUE,"higher at P21"
3.85525412150765e-08,-1.11928821963905,0.053,0.247,0.00096493155407215,"Gm27226","BLA Glut Fgf10/Nrp1",-0.814605506829202,-0.944731881126474,TRUE,"higher at P21"
3.96631105640744e-08,-0.595426988448107,0.122,0.385,0.000992727994308217,"Sf3b2","BLA Glut Fgf10/Nrp1",-0.478228333689355,-0.50884782258833,TRUE,"higher at P21"
3.97653577085117e-08,-0.574816783552839,0.175,0.483,0.00099528713808634,"Ptpn3","BLA Glut Fgf10/Nrp1",-0.526165638273616,-0.642456991703253,TRUE,"higher at P21"
4.15356263406373e-08,-0.737866199453816,0.24,0.586,0.00103959519167981,"Rmdn1","BLA Glut Fgf10/Nrp1",-0.586890226847043,-0.589699234992118,TRUE,"higher at P21"
4.20410994291537e-08,-0.788291981068811,0.427,0.77,0.00105224667761229,"Slc24a4","BLA Glut Fgf10/Nrp1",-0.634066379495646,-0.771313853520564,TRUE,"higher at P21"
4.23877553907743e-08,-1.47813522093281,0.037,0.213,0.00106092312967569,"Nkap","BLA Glut Fgf10/Nrp1",-0.897000389937181,-0.946296601889421,TRUE,"higher at P21"
4.26605513392217e-08,-0.767148788688759,0.187,0.489,0.00106775093946938,"Kcnip3","BLA Glut Fgf10/Nrp1",-0.829318362632362,-0.558770965472827,TRUE,"higher at P21"
4.29622134681393e-08,-1.3012752444607,0.045,0.23,0.00107530124089406,"Ackr4","BLA Glut Fgf10/Nrp1",-0.876726717722349,-0.759768876673724,TRUE,"higher at P21"
4.34706717120574e-08,-0.943012341448625,0.256,0.575,0.00108802744228108,"Arhgap10","BLA Glut Fgf10/Nrp1",-0.758864583094021,-0.797626332940597,TRUE,"higher at P21"
4.37290577988679e-08,-0.987538993640414,0.081,0.305,0.00109449458764786,"Gm20149","BLA Glut Fgf10/Nrp1",-0.441634661130448,-0.877560623973304,TRUE,"higher at P21"
4.37398995201119e-08,0.796814166952493,0.772,0.793,0.00109476594508888,"Aff2","BLA Glut Fgf10/Nrp1",0.760965324977752,0.862318957537282,TRUE,"higher at P10"
4.4316657730565e-08,-0.783223086334337,0.077,0.299,0.00110920162633831,"Flywch1","BLA Glut Fgf10/Nrp1",-0.509356575788489,-0.669518901226813,TRUE,"higher at P21"
4.50081986444758e-08,-0.599734208789305,0.411,0.753,0.00112651020387258,"Ica1","BLA Glut Fgf10/Nrp1",-0.510032342725515,-0.530252078355946,TRUE,"higher at P21"
4.87035677380289e-08,-0.635727527564781,0.321,0.672,0.00121900159691513,"Cdh22","BLA Glut Fgf10/Nrp1",-0.529072504642441,-0.529838556882707,TRUE,"higher at P21"
4.88072427895381e-08,-0.603349568219979,0.11,0.362,0.00122159647977935,"Pnkd","BLA Glut Fgf10/Nrp1",-0.632103810333508,-0.603704686639329,TRUE,"higher at P21"
4.91350529070013e-08,-0.630733159318718,0.638,0.891,0.00122980123920933,"Nsf","BLA Glut Fgf10/Nrp1",-0.679407018903192,-0.609138127289059,TRUE,"higher at P21"
4.9549953150085e-08,-0.762152069432827,0.183,0.483,0.00124018577739348,"Atcay","BLA Glut Fgf10/Nrp1",-0.760311796121997,-0.492192574681831,TRUE,"higher at P21"
5.0627788182705e-08,-0.56433668497078,0.667,0.948,0.00126716291042492,"Stxbp5l","BLA Glut Fgf10/Nrp1",-0.543382305674323,-0.58258735361252,TRUE,"higher at P21"
5.06613140693389e-08,-0.935324146777358,0.073,0.287,0.00126800202984148,"Fam57a","BLA Glut Fgf10/Nrp1",-0.703773141072614,-0.642221493413565,TRUE,"higher at P21"
5.17452839697787e-08,-0.64200053603158,0.398,0.764,0.00129513271247959,"Gm48747","BLA Glut Fgf10/Nrp1",-0.719536578456754,-0.534024422081995,TRUE,"higher at P21"
5.33938785294475e-08,-0.816029090637939,0.163,0.448,0.00133639538571354,"Slk","BLA Glut Fgf10/Nrp1",-0.951383285692426,-0.403821284932544,TRUE,"higher at P21"
5.65334275915007e-08,-0.616310273579101,0.175,0.477,0.00141497515918767,"Peak1","BLA Glut Fgf10/Nrp1",-0.900021137634027,-0.666411649366128,TRUE,"higher at P21"
5.8271468728442e-08,-1.03280202413167,0.081,0.299,0.00145847659080417,"N4bp1","BLA Glut Fgf10/Nrp1",-0.838614123229171,-0.619493350432846,TRUE,"higher at P21"
5.87452680890289e-08,0.903673363560729,0.772,0.661,0.0014703353150003,"4930509J09Rik","BLA Glut Fgf10/Nrp1",0.721822356144199,1.2659856582417,TRUE,"higher at P10"
5.92887669039079e-08,-0.866598825385463,0.118,0.374,0.00148393854683791,"Glmn","BLA Glut Fgf10/Nrp1",-0.731311529249384,-0.486100594891836,TRUE,"higher at P21"
6.1570780901916e-08,-0.523796600738758,0.167,0.46,0.00154105507519406,"Nmt1","BLA Glut Fgf10/Nrp1",-0.586253264560631,-0.437485930727734,TRUE,"higher at P21"
6.26121019012895e-08,-0.721539899415301,0.171,0.46,0.00156711829848738,"Pcca","BLA Glut Fgf10/Nrp1",-0.818266369505778,-0.758879003832911,TRUE,"higher at P21"
6.41818378350077e-08,-0.816362607916275,0.106,0.351,0.00160640721917241,"Abca5","BLA Glut Fgf10/Nrp1",-0.539301254739795,-0.834266335707743,TRUE,"higher at P21"
6.69131602619202e-08,-0.734366447136533,0.13,0.397,0.0016747694881956,"Cnnm2","BLA Glut Fgf10/Nrp1",-0.619847261745549,-0.438595488280009,TRUE,"higher at P21"
7.14967896658881e-08,-0.763865350856935,0.24,0.569,0.00178949314854751,"Ppip5k1","BLA Glut Fgf10/Nrp1",-0.674444313899877,-0.521577651201637,TRUE,"higher at P21"
7.6310562160126e-08,0.585992949076917,0.878,0.925,0.00190997706030579,"Map1b","BLA Glut Fgf10/Nrp1",0.554956614230872,0.625780964535574,TRUE,"higher at P10"
7.80230716960777e-08,-1.07896530856144,0.049,0.236,0.00195283946148113,"Ubqln1","BLA Glut Fgf10/Nrp1",-0.647198609550015,-0.906379320204327,TRUE,"higher at P21"
7.81777096768603e-08,-0.648903539055493,0.081,0.305,0.00195670989550214,"Setd1a","BLA Glut Fgf10/Nrp1",-0.744678295430514,-0.407298595002296,TRUE,"higher at P21"
7.89030669663998e-08,-0.911273666756524,0.057,0.253,0.00197486486310202,"Tspyl2","BLA Glut Fgf10/Nrp1",-0.602125159960788,-0.944731881126474,TRUE,"higher at P21"
7.91423467538383e-08,-0.66047703517195,0.28,0.638,0.00198085379690182,"Ago3","BLA Glut Fgf10/Nrp1",-0.521658867609585,-0.453451494394659,TRUE,"higher at P21"
7.93698078683135e-08,-0.592185485498961,0.15,0.425,0.00198654692113602,"Urgcp","BLA Glut Fgf10/Nrp1",-0.505306152728222,-0.438595488280009,TRUE,"higher at P21"
8.08645135571162e-08,-0.532219019122514,0.207,0.523,0.00202395790982106,"Ppargc1a","BLA Glut Fgf10/Nrp1",-0.654213079693001,-0.484911532657779,TRUE,"higher at P21"
8.28741567151555e-08,-1.02453531538083,0.106,0.339,0.00207425726842363,"Itpka","BLA Glut Fgf10/Nrp1",-0.77575922674243,-0.726975029298993,TRUE,"higher at P21"
8.58476049756148e-08,-1.29221513818675,0.053,0.241,0.00214867970493466,"Med25","BLA Glut Fgf10/Nrp1",-0.774539476610101,-0.82647295349458,TRUE,"higher at P21"
8.73590843275046e-08,-0.875654018078947,0.11,0.351,0.00218651052163311,"Arhgap17","BLA Glut Fgf10/Nrp1",-0.576080928407753,-0.871046009375701,TRUE,"higher at P21"
8.78879703038995e-08,-1.08371914492524,0.069,0.276,0.0021997480087363,"Myh9","BLA Glut Fgf10/Nrp1",-0.739833154439164,-0.930864575645795,TRUE,"higher at P21"
8.80234985532323e-08,0.757179658800783,0.785,0.833,0.00220314014528885,"Gpm6a","BLA Glut Fgf10/Nrp1",0.7622933695995,0.835860462518156,TRUE,"higher at P10"
8.84216560886662e-08,-1.12030683044238,0.085,0.299,0.00221310563024323,"Nuak1","BLA Glut Fgf10/Nrp1",-0.580597221587211,-0.831357111179774,TRUE,"higher at P21"
8.97967510951233e-08,-0.851329971333067,0.069,0.276,0.00224752288315984,"Chrd","BLA Glut Fgf10/Nrp1",-0.65265816453701,-0.879749599110191,TRUE,"higher at P21"
9.01058563544663e-08,-1.18276287750287,0.073,0.282,0.00225525947869594,"Gm20319","BLA Glut Fgf10/Nrp1",-0.538732737085438,-1.03463113020378,TRUE,"higher at P21"
9.09262355442025e-08,-1.23138001081269,0.057,0.247,0.00227579274943584,"Glce","BLA Glut Fgf10/Nrp1",-1.25403119347244,-0.505765147314369,TRUE,"higher at P21"
9.14460008250393e-08,-1.41749886113383,0.041,0.213,0.00228880195464991,"Socs2","BLA Glut Fgf10/Nrp1",-0.702534436459375,-0.936894312599817,TRUE,"higher at P21"
9.18456268993551e-08,-1.43615236638181,0.049,0.23,0.00229880419566396,"Fam229b","BLA Glut Fgf10/Nrp1",-0.729163300402319,-0.911834535203113,TRUE,"higher at P21"
9.39340642024624e-08,-0.986985079828539,0.106,0.339,0.00235107569292343,"Zfp664","BLA Glut Fgf10/Nrp1",-0.576080928407753,-0.846433968400513,TRUE,"higher at P21"
9.55842274966157e-08,-0.872763784508136,0.102,0.333,0.0023923776300128,"Nexn","BLA Glut Fgf10/Nrp1",-0.470140107562711,-0.650527836287522,TRUE,"higher at P21"
9.61268893197494e-08,-0.675913527774806,0.22,0.54,0.00240595991278401,"Paip2","BLA Glut Fgf10/Nrp1",-0.741245716596015,-0.53507359755505,TRUE,"higher at P21"
9.93328242034991e-08,-0.73717130645907,0.118,0.368,0.00248620125698938,"Thy1","BLA Glut Fgf10/Nrp1",-0.537076270726961,-0.541469106016582,TRUE,"higher at P21"
1.00618708823736e-07,-0.702560226908432,0.077,0.293,0.00251838566314929,"Mmaa","BLA Glut Fgf10/Nrp1",-0.535827611665211,-0.624749291304813,TRUE,"higher at P21"
1.01395081474013e-07,-0.962696323084906,0.069,0.276,0.00253781749421306,"Ptpn14","BLA Glut Fgf10/Nrp1",-0.742420734930045,-0.72878861590393,TRUE,"higher at P21"
1.04245509236545e-07,-0.77847326827274,0.236,0.54,0.00260916085068149,"Naaladl2","BLA Glut Fgf10/Nrp1",-0.632796134688062,-0.927135772524187,TRUE,"higher at P21"
1.08729530468576e-07,-0.714321277652171,0.146,0.42,0.00272139141809799,"Mia2","BLA Glut Fgf10/Nrp1",-0.747533608260439,-0.505835166547603,TRUE,"higher at P21"
1.09593779251323e-07,-0.587268432908715,0.305,0.672,0.00274302270088136,"Trim35","BLA Glut Fgf10/Nrp1",-0.677223456796002,-0.482430570656722,TRUE,"higher at P21"
1.13463674485414e-07,-1.31887679457435,0.053,0.236,0.00283988230869542,"Lynx1","BLA Glut Fgf10/Nrp1",-0.794032453505132,-0.592459818062734,TRUE,"higher at P21"
1.15111330785498e-07,-0.659178229993284,0.215,0.529,0.00288112149823024,"Zfp445","BLA Glut Fgf10/Nrp1",-0.533707373070228,-0.412344496672749,TRUE,"higher at P21"
1.16659275302328e-07,-1.23265838742365,0.11,0.339,0.00291986500154197,"Gm16541","BLA Glut Fgf10/Nrp1",-0.726544181557709,-0.624503587053019,TRUE,"higher at P21"
1.24446889292489e-07,-0.578541013526848,0.126,0.385,0.00311478119210171,"Noc2l","BLA Glut Fgf10/Nrp1",-0.551679793626753,-0.635918809939723,TRUE,"higher at P21"
1.24767964235166e-07,-0.773032334443182,0.256,0.592,0.00312281737684198,"Hook1","BLA Glut Fgf10/Nrp1",-0.456401329633286,-0.477639983783538,TRUE,"higher at P21"
1.24963563955784e-07,-0.717958705008892,0.467,0.81,0.00312771304224931,"Rock2","BLA Glut Fgf10/Nrp1",-0.731535072537807,-0.650097660008271,TRUE,"higher at P21"
1.31175166072194e-07,0.973633832008278,0.707,0.69,0.00328318323162094,"B830012L14Rik","BLA Glut Fgf10/Nrp1",0.903868137306967,0.821193161594692,TRUE,"higher at P10"
1.41028712587697e-07,-0.636031716216473,0.528,0.833,0.00352980764735746,"Abr","BLA Glut Fgf10/Nrp1",-0.515387785801377,-0.855727201879394,TRUE,"higher at P21"
1.43079547328827e-07,-0.792261143138166,0.159,0.431,0.00358113799009321,"Dpm1","BLA Glut Fgf10/Nrp1",-0.848912768402501,-0.547925223963339,TRUE,"higher at P21"
1.44948088044535e-07,2.78530772937527,0.329,0.138,0.00362790569566666,"Epb41l4a","BLA Glut Fgf10/Nrp1",2.27169582213299,2.23026490220713,TRUE,"higher at P10"
1.45062662993278e-07,-0.53707659047683,0.622,0.897,0.00363077339205875,"Nptn","BLA Glut Fgf10/Nrp1",-0.545943202024887,-0.401105010380168,TRUE,"higher at P21"
1.48590503267691e-07,-0.547198883220188,0.256,0.609,0.00371907170628703,"Adgrb1","BLA Glut Fgf10/Nrp1",-0.47071427549513,-0.682040543120354,TRUE,"higher at P21"
1.49967057251125e-07,-0.776456773256719,0.093,0.316,0.0037535254759384,"Lrpap1","BLA Glut Fgf10/Nrp1",-0.77551413777909,-0.615179895139059,TRUE,"higher at P21"
1.52813767699583e-07,-0.653506365520285,0.11,0.351,0.00382477579175287,"Pnkp","BLA Glut Fgf10/Nrp1",-0.921339427453323,-0.419635955486378,TRUE,"higher at P21"
1.54849631127201e-07,-0.889552031325482,0.098,0.322,0.00387573141748271,"Cmtr1","BLA Glut Fgf10/Nrp1",-0.593075559361775,-0.546661142660679,TRUE,"higher at P21"
1.55393915277947e-07,-1.12057591695832,0.069,0.27,0.00388935430549175,"Nprl3","BLA Glut Fgf10/Nrp1",-0.602774406443007,-0.613031324594488,TRUE,"higher at P21"
1.56673429143487e-07,-1.03579843713525,0.037,0.201,0.00392137925803235,"Rilpl2","BLA Glut Fgf10/Nrp1",-1.03230883824601,-0.564699841679301,TRUE,"higher at P21"
1.56673429143487e-07,-1.48994119276617,0.037,0.201,0.00392137925803235,"Cox11","BLA Glut Fgf10/Nrp1",-0.943527589212689,-0.684400522373865,TRUE,"higher at P21"
1.56992751679798e-07,1.06528172009568,0.711,0.569,0.00392937158179365,"Gpc6","BLA Glut Fgf10/Nrp1",0.903377279288873,1.05216039772953,TRUE,"higher at P10"
1.66772099085333e-07,-0.680884304952502,0.146,0.414,0.0041741388680068,"Fyttd1","BLA Glut Fgf10/Nrp1",-0.75587506503351,-0.56958333259439,TRUE,"higher at P21"
1.68121821642397e-07,2.42353000154315,0.333,0.126,0.00420792107388757,"Fgf1","BLA Glut Fgf10/Nrp1",2.24731503519911,2.00745201874357,TRUE,"higher at P10"
1.75457524979887e-07,-1.14131720124638,0.049,0.224,0.00439152639272159,"Mxi1","BLA Glut Fgf10/Nrp1",-0.915710048587174,-0.461440221400681,TRUE,"higher at P21"
1.78009144240236e-07,-1.85654604375347,0.041,0.207,0.00445539087118887,"Rffl","BLA Glut Fgf10/Nrp1",-0.868477615264367,-0.918368657555208,TRUE,"higher at P21"
1.80437105133379e-07,-1.20841689132903,0.037,0.201,0.00451616030438335,"Hdac3","BLA Glut Fgf10/Nrp1",-0.563733452023049,-0.964000121084156,TRUE,"higher at P21"
1.81930704922428e-07,-0.821344798902688,0.13,0.385,0.00455354361350345,"Lifr","BLA Glut Fgf10/Nrp1",-0.652527636348401,-0.424977253540139,TRUE,"higher at P21"
1.90285300256811e-07,-0.61789313905772,0.293,0.644,0.00476265078012773,"Gm1604a","BLA Glut Fgf10/Nrp1",-0.613578911165175,-0.556746468441995,TRUE,"higher at P21"
1.93296131988391e-07,-0.590642066908513,0.138,0.402,0.00483800888753743,"Ino80dos","BLA Glut Fgf10/Nrp1",-0.499645726260827,-0.460708894376952,TRUE,"higher at P21"
1.9343534863284e-07,-0.948973910600849,0.081,0.287,0.00484149334093136,"Sec16a","BLA Glut Fgf10/Nrp1",-0.457224943710444,-0.546661142660679,TRUE,"higher at P21"
1.96841216343092e-07,-0.596372137307023,0.224,0.54,0.00492673880385124,"Syp","BLA Glut Fgf10/Nrp1",-0.401497097973024,-0.543464372885735,TRUE,"higher at P21"
1.99049472706096e-07,-0.986913856086184,0.077,0.282,0.00498200925236088,"Fyco1","BLA Glut Fgf10/Nrp1",-0.744678295430514,-0.407298595002296,TRUE,"higher at P21"
2.01449913253049e-07,-1.04036061883781,0.081,0.287,0.00504208987881056,"Tent4a","BLA Glut Fgf10/Nrp1",-0.790881808224045,-0.533408474505573,TRUE,"higher at P21"
2.0690683974193e-07,-1.01825986697,0.045,0.218,0.00517867129190077,"Rfc1","BLA Glut Fgf10/Nrp1",-0.652798983656332,-1.21352183413307,TRUE,"higher at P21"
2.07269231620658e-07,-0.5589497267495,0.37,0.736,0.00518774159823345,"Pkp4","BLA Glut Fgf10/Nrp1",-0.422671123731273,-0.55700560903682,TRUE,"higher at P21"
2.07303806512632e-07,-0.528373229170853,0.167,0.454,0.00518860697320465,"Lztfl1","BLA Glut Fgf10/Nrp1",-0.456659383205284,-0.453467383792664,TRUE,"higher at P21"
2.1501602682423e-07,-1.01755715693825,0.053,0.236,0.00538163613538366,"Hexa","BLA Glut Fgf10/Nrp1",-0.457784649325041,-0.906379320204327,TRUE,"higher at P21"
2.15789323480024e-07,-0.738265001381904,0.272,0.598,0.00540099097738151,"4930567K12Rik","BLA Glut Fgf10/Nrp1",-0.46504097457839,-0.484342562646756,TRUE,"higher at P21"
2.16233282345714e-07,-0.855973011319408,0.106,0.333,0.00541210282383087,"Kcnj13","BLA Glut Fgf10/Nrp1",-0.634117892733131,-0.597481783471464,TRUE,"higher at P21"
2.18642875975995e-07,-0.562334408423811,0.22,0.523,0.00547241254280317,"Irf2","BLA Glut Fgf10/Nrp1",-0.688057704836755,-0.601780721306447,TRUE,"higher at P21"
2.20494056951207e-07,-0.507908137756408,0.102,0.333,0.00551874575143176,"Pcf11","BLA Glut Fgf10/Nrp1",-0.839821612797939,-0.492244443339995,TRUE,"higher at P21"
2.27464447928578e-07,-0.699266712079466,0.26,0.575,0.00569320766720437,"Nr6a1","BLA Glut Fgf10/Nrp1",-0.776993314169217,-0.569842944592939,TRUE,"higher at P21"
2.34958201497975e-07,-1.19439923343303,0.057,0.241,0.00588076882529281,"Gm12940","BLA Glut Fgf10/Nrp1",-0.733328884341961,-0.906379320204327,TRUE,"higher at P21"
2.37070765146725e-07,1.36261846715137,0.598,0.489,0.00593364418085739,"Cntnap4","BLA Glut Fgf10/Nrp1",1.48093040861088,1.09433334023529,TRUE,"higher at P10"
2.38002678342414e-07,-0.620898100700703,0.098,0.322,0.00595696903623227,"C78859","BLA Glut Fgf10/Nrp1",-0.494795349690079,-0.641446595714824,TRUE,"higher at P21"
2.39241269206347e-07,-0.643517181160579,0.268,0.603,0.00598796972696566,"Rnf165","BLA Glut Fgf10/Nrp1",-0.798249433296157,-0.502843939622788,TRUE,"higher at P21"
2.40223583462014e-07,-1.17708242262153,0.057,0.241,0.00601255607047074,"Mdh2","BLA Glut Fgf10/Nrp1",-0.657788115533423,-0.625128617191848,TRUE,"higher at P21"
2.40903593513509e-07,-0.567070852378831,0.346,0.707,0.00602957604204962,"Nin","BLA Glut Fgf10/Nrp1",-0.477647939049047,-0.522308417235587,TRUE,"higher at P21"
2.55006153766039e-07,-0.704672805902604,0.415,0.782,0.00638254902261019,"Uvrag","BLA Glut Fgf10/Nrp1",-0.612107145441856,-0.715432544384082,TRUE,"higher at P21"
2.625480562292e-07,-1.20486013166656,0.061,0.247,0.00657131529936064,"Adamts9","BLA Glut Fgf10/Nrp1",-0.739833154439164,-0.560038601553423,TRUE,"higher at P21"
2.64415633994664e-07,-1.2995962850597,0.041,0.207,0.00661805890325244,"Pigf","BLA Glut Fgf10/Nrp1",-1.11994129299761,-0.772117602617948,TRUE,"higher at P21"
2.69522991265657e-07,-1.42203722019114,0.045,0.213,0.00674589094838812,"Ypel4","BLA Glut Fgf10/Nrp1",-0.969553810941392,-0.648537927915954,TRUE,"higher at P21"
2.74705135872991e-07,-0.742850288422469,0.171,0.437,0.00687559484576508,"Prkdc","BLA Glut Fgf10/Nrp1",-0.563393620225202,-0.548276056994103,TRUE,"higher at P21"
2.80336296752065e-07,-0.959054370919358,0.073,0.27,0.00701653717140743,"Trappc11","BLA Glut Fgf10/Nrp1",-0.489366976135574,-0.541740755928096,TRUE,"higher at P21"
2.81663863055223e-07,0.518980455166596,0.923,0.943,0.00704976482840917,"Ntrk3","BLA Glut Fgf10/Nrp1",0.624298696638657,0.46275333066956,TRUE,"higher at P10"
2.84306998292217e-07,-0.778281203921825,0.171,0.431,0.00711591986025591,"Rhbdl3","BLA Glut Fgf10/Nrp1",-0.962214332273948,-0.528678945217826,TRUE,"higher at P21"
2.91551421774002e-07,-1.25114445676645,0.045,0.213,0.00729724053558151,"Uchl4","BLA Glut Fgf10/Nrp1",-0.817944549435637,-0.731932313079051,TRUE,"higher at P21"
2.93042844674619e-07,-0.71141844305608,0.415,0.747,0.00733456935936105,"Prickle1","BLA Glut Fgf10/Nrp1",-0.75676305782149,-0.711390118657653,TRUE,"higher at P21"
2.96532791073272e-07,-0.504163606624743,0.232,0.557,0.00742191922777293,"Chfr","BLA Glut Fgf10/Nrp1",-0.486676869971228,-0.439648205294193,TRUE,"higher at P21"
2.97313547897387e-07,-0.912610585912027,0.085,0.293,0.0074414607903237,"Gtf2h1","BLA Glut Fgf10/Nrp1",-0.687176753649336,-0.47472522146796,TRUE,"higher at P21"
3.01260863398719e-07,-0.996741261017597,0.085,0.293,0.00754025815000655,"Tmem167","BLA Glut Fgf10/Nrp1",-0.593075559361775,-0.511141495864905,TRUE,"higher at P21"
3.03071891748179e-07,-0.841219229587677,0.171,0.448,0.00758558637856517,"Gm40841","BLA Glut Fgf10/Nrp1",-0.507185094855828,-0.528678945217826,TRUE,"higher at P21"
3.05656987727867e-07,0.567421575537801,0.862,0.885,0.00765028874584079,"Grid1","BLA Glut Fgf10/Nrp1",0.63943807114093,0.509044936732129,TRUE,"higher at P10"
3.08672686872684e-07,1.01856570971471,0.695,0.695,0.00772576867973641,"Grin3a","BLA Glut Fgf10/Nrp1",1.24357421323529,0.917348073673709,TRUE,"higher at P10"
3.14976239432102e-07,-1.0789391460484,0.11,0.333,0.00788354029674609,"Cux1","BLA Glut Fgf10/Nrp1",-0.525485453353495,-0.781300940633376,TRUE,"higher at P21"
3.15317605082348e-07,-1.76469625919369,0.041,0.201,0.00789208433760608,"Irs2","BLA Glut Fgf10/Nrp1",-0.821950415988859,-0.964000121084156,TRUE,"higher at P21"
3.19311396779199e-07,-0.612100670313726,0.163,0.437,0.00799204494998658,"Gkap1","BLA Glut Fgf10/Nrp1",-0.426193884987739,-0.44046717748323,TRUE,"higher at P21"
3.23038718604968e-07,-0.871132041112066,0.069,0.264,0.00808533608796374,"Snapc1","BLA Glut Fgf10/Nrp1",-0.703773141072614,-0.681621526996168,TRUE,"higher at P21"
3.25480114160986e-07,-0.668032937603623,0.333,0.69,0.00814644177733532,"Hnrnpu","BLA Glut Fgf10/Nrp1",-0.565213395140366,-0.569671579750923,TRUE,"higher at P21"
3.35687167742545e-07,-0.733603116914924,0.122,0.362,0.00840191412142816,"Nectin1","BLA Glut Fgf10/Nrp1",-0.753850487998483,-0.541469106016582,TRUE,"higher at P21"
3.43621213648309e-07,-0.718703896109679,0.085,0.293,0.00860049535640354,"9430069I07Rik","BLA Glut Fgf10/Nrp1",-0.851622728178051,-0.49400844092297,TRUE,"higher at P21"
3.44319843498874e-07,-0.913816180623041,0.081,0.287,0.00861798136293331,"Uri1","BLA Glut Fgf10/Nrp1",-0.759524625063473,-0.571761035427719,TRUE,"higher at P21"
3.59748146297138e-07,-0.705304788681918,0.195,0.483,0.00900413635367108,"Fnip1","BLA Glut Fgf10/Nrp1",-0.408968146642916,-0.628832999604372,TRUE,"higher at P21"
3.98967758549315e-07,-0.541251707590894,0.126,0.374,0.00998576402873081,"Vamp4","BLA Glut Fgf10/Nrp1",-0.562834651837794,-0.457598536968391,TRUE,"higher at P21"
1.05588757183212e-32,-2.75178339450827,0.091,0.714,2.64278100353861e-28,"Smad3","BLA Glut Otof/Trhr",-2.65663074883305,-2.48194614663195,TRUE,"higher at P21"
5.08838058521682e-32,-2.42170325101741,0.134,0.784,1.27357077667392e-27,"Rilpl1","BLA Glut Otof/Trhr",-2.35902638573206,-2.11195412368954,TRUE,"higher at P21"
1.45004664346908e-31,0.973791673010487,0.989,0.961,3.62932174393876e-27,"Frmd4a","BLA Glut Otof/Trhr",0.878398384075874,0.938598579404075,TRUE,"higher at P10"
5.75185593742683e-28,0.879027007690659,0.989,0.978,1.43963202257856e-23,"Ctnna2","BLA Glut Otof/Trhr",0.936194790431074,0.861863717880665,TRUE,"higher at P10"
4.35356455322579e-27,1.72374092468922,0.877,0.758,1.08965367202688e-22,"Grip1","BLA Glut Otof/Trhr",1.58931209942881,1.66786469109935,TRUE,"higher at P10"
1.04045898161502e-26,-2.11738721016861,0.171,0.753,2.60416478508422e-22,"Ptk2b","BLA Glut Otof/Trhr",-1.73420478157977,-1.89435964087646,TRUE,"higher at P21"
2.08893434332708e-26,-1.10409693682427,0.722,0.987,5.22839376791334e-22,"Camk2a","BLA Glut Otof/Trhr",-1.17942496049329,-0.870712254681552,TRUE,"higher at P21"
1.6441788787283e-24,-1.23621580532228,0.594,0.944,4.11521531556907e-20,"Lncpint","BLA Glut Otof/Trhr",-1.2780740342291,-1.24377715908454,TRUE,"higher at P21"
8.58807179238375e-23,-2.17647025173874,0.053,0.541,2.14950848891573e-18,"Synpo","BLA Glut Otof/Trhr",-1.87928388726765,-1.80524359111046,TRUE,"higher at P21"
1.6060369310762e-21,-1.80312699227372,0.16,0.697,4.01974983479062e-17,"2210408F21Rik","BLA Glut Otof/Trhr",-1.71219073697321,-1.73230742696194,TRUE,"higher at P21"
3.7313129334888e-21,-3.06113398810431,0.07,0.515,9.33910314122912e-17,"Tmem132d","BLA Glut Otof/Trhr",-2.19678083027956,-2.69135712542165,TRUE,"higher at P21"
5.3438933847123e-21,-2.57518703475289,0.048,0.489,1.33752307525964e-16,"Zfp831","BLA Glut Otof/Trhr",-1.71573881587267,-1.95530561192055,TRUE,"higher at P21"
5.93653639888852e-21,-1.34991565087689,0.241,0.797,1.48585569527781e-16,"Olfm1","BLA Glut Otof/Trhr",-1.51543939496209,-1.21330533465488,TRUE,"higher at P21"
6.13663810443517e-21,-2.06667206034062,0.123,0.615,1.53593915115908e-16,"Specc1","BLA Glut Otof/Trhr",-1.61681397740396,-2.05261608008203,TRUE,"higher at P21"
4.28502226577484e-20,-0.631901438149688,1,1,1.07249822290078e-15,"Malat1","BLA Glut Otof/Trhr",-0.444155310271606,-0.767726092255372,TRUE,"higher at P21"
1.05896830932737e-19,-2.41481129475638,0.048,0.472,2.65049178141547e-15,"Cdkl4","BLA Glut Otof/Trhr",-2.15343337049011,-1.93881215599622,TRUE,"higher at P21"
1.25437074485793e-19,0.690548606918816,0.973,0.978,3.1395645373049e-15,"Gabrb3","BLA Glut Otof/Trhr",0.745633788479443,0.644983944056412,TRUE,"higher at P10"
1.29443528268928e-19,-1.4374445757277,0.241,0.775,3.23984206904299e-15,"Cacng3","BLA Glut Otof/Trhr",-1.41060308162818,-1.3243159607724,TRUE,"higher at P21"
1.53145843389266e-19,1.18126172954126,0.914,0.84,3.83308731418995e-15,"Gabrg3","BLA Glut Otof/Trhr",1.01177837947678,1.19915864948851,TRUE,"higher at P10"
1.97766375425408e-19,-1.66417292974318,0.225,0.727,4.94989461052254e-15,"Galnt16","BLA Glut Otof/Trhr",-1.58431937464029,-1.45503332533102,TRUE,"higher at P21"
3.70417971504467e-19,-1.19792485335589,0.433,0.9,9.27119140878529e-15,"Zranb2","BLA Glut Otof/Trhr",-1.09020387311999,-1.14460914625444,TRUE,"higher at P21"
4.61385993753891e-19,-0.787300657909021,0.888,0.965,1.15480300376661e-14,"Ryr2","BLA Glut Otof/Trhr",-0.812126468814448,-0.781135146040661,TRUE,"higher at P21"
4.7651849190003e-19,-1.67437652683721,0.283,0.758,1.19267813337658e-14,"Prkag2","BLA Glut Otof/Trhr",-1.81628671128689,-1.31362596875654,TRUE,"higher at P21"
4.95316031519434e-19,-1.45156399401707,0.193,0.706,1.23972649528999e-14,"Cyld","BLA Glut Otof/Trhr",-1.35839821246675,-1.25972316811087,TRUE,"higher at P21"
1.09200839317767e-18,-2.36300992618524,0.086,0.515,2.7331878072844e-14,"Ccdc3","BLA Glut Otof/Trhr",-2.08877289317721,-1.99890691841008,TRUE,"higher at P21"
1.53403090429678e-18,-1.49873917718553,0.267,0.762,3.83952595036441e-14,"Adcy9","BLA Glut Otof/Trhr",-1.53562602304576,-1.33276933608522,TRUE,"higher at P21"
2.64184331094546e-18,-1.6051639717589,0.139,0.602,6.61226962296539e-14,"Matn2","BLA Glut Otof/Trhr",-1.71180605672155,-1.43463178593152,TRUE,"higher at P21"
3.50613007897491e-18,-1.65592249520702,0.144,0.623,8.77549297466631e-14,"Pitpnm2","BLA Glut Otof/Trhr",-1.48615121325013,-1.49886055587939,TRUE,"higher at P21"
5.23295369393825e-18,-4.82995732587261,0.011,0.355,1.30975598005581e-13,"Ankrd33b","BLA Glut Otof/Trhr",-2.41808924257773,-2.73615695376503,TRUE,"higher at P21"
5.37931604627961e-18,-1.30597762197317,0.337,0.823,1.34638901322332e-13,"Vps13a","BLA Glut Otof/Trhr",-1.05060970283885,-1.21907809344506,TRUE,"higher at P21"
1.24714262776939e-17,-0.844780704718231,0.941,0.996,3.121473283044e-13,"Lrrtm4","BLA Glut Otof/Trhr",-0.965363793416374,-0.722000272490452,TRUE,"higher at P21"
1.98953909764903e-17,-2.50153913933101,0.048,0.433,4.97961740750575e-13,"Kcnab2","BLA Glut Otof/Trhr",-1.57102559515007,-1.82301615520977,TRUE,"higher at P21"
3.18532998419086e-17,-1.14762965165202,0.385,0.887,7.97256241743131e-13,"Me3","BLA Glut Otof/Trhr",-0.848179298860529,-1.13838780202753,TRUE,"higher at P21"
4.1876355624417e-17,0.876784970335527,1,0.987,1.04812330492353e-12,"Asic2","BLA Glut Otof/Trhr",0.837542383013758,0.914425892644091,TRUE,"higher at P10"
5.19402792158758e-17,-3.4882152546291,0.043,0.403,1.30001324849416e-12,"Chst9","BLA Glut Otof/Trhr",-1.96284099118854,-2.54373684094381,TRUE,"higher at P21"
8.755485519434e-17,-0.643358259994304,0.936,0.991,2.19141047065914e-12,"Grin2a","BLA Glut Otof/Trhr",-0.663334879134282,-0.612219982663171,TRUE,"higher at P21"
2.22567655188043e-16,1.154039681745,0.856,0.797,5.57064584170153e-12,"Usp29","BLA Glut Otof/Trhr",1.09463377040469,1.06080291515538,TRUE,"higher at P10"
2.27320868250215e-16,-1.12756878943457,0.385,0.853,5.68961401143463e-12,"Akap8l","BLA Glut Otof/Trhr",-1.14716849250349,-1.02055662179471,TRUE,"higher at P21"
3.07913281735012e-16,-1.06265490337163,0.342,0.844,7.70676152854561e-12,"Syt7","BLA Glut Otof/Trhr",-1.06754136415793,-1.0774749256526,TRUE,"higher at P21"
4.33274804757967e-16,-1.24680498946352,0.332,0.801,1.08444350882872e-11,"Acap2","BLA Glut Otof/Trhr",-1.14224890298309,-1.1222008265299,TRUE,"higher at P21"
4.34109764155606e-16,-2.3119616438632,0.07,0.442,1.08653332870507e-11,"Adcy10","BLA Glut Otof/Trhr",-1.75188974729372,-1.8932918479143,TRUE,"higher at P21"
6.32089262321513e-16,-1.39007340981589,0.251,0.732,1.58205621466451e-11,"Ftx","BLA Glut Otof/Trhr",-1.38170126551373,-1.09077786801068,TRUE,"higher at P21"
9.0166448262671e-16,0.684123779906526,0.979,0.97,2.25677603356639e-11,"Cadm1","BLA Glut Otof/Trhr",0.516986933558402,0.721133088070699,TRUE,"higher at P10"
1.51335982475071e-15,-0.96479029593042,0.61,0.918,3.78778830536854e-11,"Rora","BLA Glut Otof/Trhr",-0.921685057862172,-1.05773010602487,TRUE,"higher at P21"
1.7025135917123e-15,-1.5979404497762,0.155,0.584,4.26122126869672e-11,"Kcnip2","BLA Glut Otof/Trhr",-1.34717327068637,-1.25267839618637,TRUE,"higher at P21"
2.38711633499219e-15,-1.25749747820541,0.316,0.762,5.97471347485196e-11,"Brinp2","BLA Glut Otof/Trhr",-1.15378603337809,-1.23951637840734,TRUE,"higher at P21"
2.59395796474122e-15,0.757785577248381,0.93,0.926,6.4924173899508e-11,"Rian","BLA Glut Otof/Trhr",0.581348310167088,0.802845188120413,TRUE,"higher at P10"
2.65909851524923e-15,0.549396832497347,0.989,1,6.6554576738173e-11,"Gm26871","BLA Glut Otof/Trhr",0.486110222486821,0.634096740074081,TRUE,"higher at P10"
2.89316312093884e-15,0.653674341286549,0.979,0.97,7.24129797539783e-11,"Snhg14","BLA Glut Otof/Trhr",0.618018509572023,0.561426605968076,TRUE,"higher at P10"
2.89714011410303e-15,-1.32113997301855,0.134,0.558,7.25125199158849e-11,"Ggact","BLA Glut Otof/Trhr",-1.443115077363,-1.26284906059001,TRUE,"higher at P21"
3.02436305472706e-15,-1.89882137213929,0.086,0.468,7.56967828967637e-11,"C230057M02Rik","BLA Glut Otof/Trhr",-1.42243131006597,-1.30966571841717,TRUE,"higher at P21"
8.08634695032026e-15,-1.10127882733113,0.203,0.68,2.02393177819566e-10,"Sec61a2","BLA Glut Otof/Trhr",-0.965510481041128,-0.766263342323064,TRUE,"higher at P21"
8.99163146062553e-15,-1.5352050897936,0.086,0.468,2.25051543827996e-10,"Itm2c","BLA Glut Otof/Trhr",-1.32873343429664,-0.814750573097929,TRUE,"higher at P21"
9.50691297477011e-15,-1.27705968579863,0.241,0.697,2.37948524845521e-10,"Syt17","BLA Glut Otof/Trhr",-1.00954696402569,-1.12408830967786,TRUE,"higher at P21"
1.06221969591041e-14,-1.41225067081158,0.198,0.632,2.65862967689417e-10,"Igsf11","BLA Glut Otof/Trhr",-1.09503044165458,-1.24074106405323,TRUE,"higher at P21"
1.15572076343396e-14,-1.21530434457944,0.278,0.753,2.89265349879886e-10,"Smarca2","BLA Glut Otof/Trhr",-1.15982753855881,-1.19770193021148,TRUE,"higher at P21"
1.67252241627307e-14,-1.27572258672488,0.144,0.576,4.18615635568987e-10,"Catspere2","BLA Glut Otof/Trhr",-1.01568609333291,-1.12457361580278,TRUE,"higher at P21"
2.00609823368783e-14,-1.68103158600392,0.107,0.489,5.02106326909726e-10,"Ano2","BLA Glut Otof/Trhr",-1.23918921496975,-1.41374243472809,TRUE,"higher at P21"
2.66761174747161e-14,-1.45595156109132,0.075,0.442,6.6767654427467e-10,"Dnaja2","BLA Glut Otof/Trhr",-1.46488263802442,-1.33844393908821,TRUE,"higher at P21"
3.36250673307724e-14,-0.822850916181478,0.61,0.935,8.41601810221903e-10,"Pnisr","BLA Glut Otof/Trhr",-0.838592863184814,-0.740337113107231,TRUE,"higher at P21"
4.65841490590193e-14,-1.0568069395547,0.428,0.87,1.16595466679819e-09,"Rnf169","BLA Glut Otof/Trhr",-1.003494619116,-0.796344808281077,TRUE,"higher at P21"
5.77287473670226e-14,-1.89476489752162,0.064,0.398,1.44489281784921e-09,"Pde7b","BLA Glut Otof/Trhr",-0.93823972557989,-1.72586690421729,TRUE,"higher at P21"
7.54546835050494e-14,-1.1137626404748,0.267,0.714,1.88855527344788e-09,"Cdh9","BLA Glut Otof/Trhr",-0.862941673933324,-0.949120035241041,TRUE,"higher at P21"
8.91040343655287e-14,-1.13706598804903,0.267,0.723,2.23018487613482e-09,"2010300C02Rik","BLA Glut Otof/Trhr",-1.01941101270216,-1.30500088706281,TRUE,"higher at P21"
1.00495045274933e-13,0.912916373130874,0.856,0.818,2.5152904881863e-09,"Tmem108","BLA Glut Otof/Trhr",0.714102830836732,0.884784858556767,TRUE,"higher at P10"
1.27088111605556e-13,0.830991129594784,0.93,0.9,3.18088834537546e-09,"Zfpm2","BLA Glut Otof/Trhr",0.750504204794763,0.857118119735632,TRUE,"higher at P10"
1.29347013177303e-13,-1.09096357667117,0.38,0.818,3.23742639281471e-09,"Sidt1","BLA Glut Otof/Trhr",-1.04222000144523,-1.18435324626826,TRUE,"higher at P21"
1.41663946662374e-13,-0.981578432000399,0.578,0.918,3.54570692101255e-09,"Pde2a","BLA Glut Otof/Trhr",-1.08122076683974,-0.733359254250072,TRUE,"higher at P21"
2.1855845766831e-13,2.32299356741946,0.556,0.325,5.47029963698013e-09,"Bach2","BLA Glut Otof/Trhr",2.06379708483664,1.95118919707484,TRUE,"higher at P10"
2.52719292463178e-13,-1.46853829626157,0.112,0.481,6.32531117106087e-09,"Ypel2","BLA Glut Otof/Trhr",-1.25345626096404,-1.1062359887612,TRUE,"higher at P21"
2.63100984802074e-13,-2.66793682349086,0.021,0.303,6.58515454861112e-09,"Gm10125","BLA Glut Otof/Trhr",-1.47306539640037,-1.69664557991756,TRUE,"higher at P21"
2.89684237211485e-13,0.870738347138565,0.898,0.905,7.25050677316627e-09,"Aff3","BLA Glut Otof/Trhr",0.719231492839565,0.854428175397629,TRUE,"higher at P10"
2.92449739585568e-13,-1.50175331380328,0.091,0.446,7.31972453208718e-09,"Hnrnph3","BLA Glut Otof/Trhr",-1.35596260215044,-0.793795797063179,TRUE,"higher at P21"
4.40852589989888e-13,-1.04037942090316,0.209,0.649,1.10340994748569e-08,"Ccnd2","BLA Glut Otof/Trhr",-1.09707419842876,-0.857110920214384,TRUE,"higher at P21"
4.51868890960189e-13,-1.9182858046314,0.07,0.394,1.13098264718426e-08,"Zmat4","BLA Glut Otof/Trhr",-1.58191468760781,-1.81411120610061,TRUE,"higher at P21"
6.82512015359275e-13,0.591533845271145,0.995,0.987,1.70825932324273e-08,"Arpp21","BLA Glut Otof/Trhr",0.573820415111029,0.617093377261373,TRUE,"higher at P10"
6.86169060109431e-13,-1.09473071959446,0.246,0.684,1.7174125405479e-08,"Cap2","BLA Glut Otof/Trhr",-0.862605682899026,-1.2499317911981,TRUE,"higher at P21"
7.05909084249589e-13,-0.900360238417344,0.31,0.762,1.7668198469683e-08,"Bsn","BLA Glut Otof/Trhr",-1.01034203219389,-0.865575026588989,TRUE,"higher at P21"
7.06557149217781e-13,-1.54886828962927,0.075,0.411,1.76844188877718e-08,"Zbtb16","BLA Glut Otof/Trhr",-1.19764159742717,-1.47139631809415,TRUE,"higher at P21"
8.22523563699992e-13,-0.977579790413652,0.545,0.9,2.05869422758471e-08,"Galnt13","BLA Glut Otof/Trhr",-0.853470600558009,-0.906958807655109,TRUE,"higher at P21"
9.24080585489843e-13,-1.31901417714981,0.166,0.563,2.31288129742253e-08,"Mbp","BLA Glut Otof/Trhr",-1.21231497166658,-1.00594323493203,TRUE,"higher at P21"
9.73987379863143e-13,0.72443103269227,0.925,0.931,2.43779301305946e-08,"Kcnq3","BLA Glut Otof/Trhr",0.564474435488589,0.78571971876358,TRUE,"higher at P10"
9.96956067654446e-13,-1.18993598443929,0.219,0.636,2.49528134173231e-08,"Naaladl2","BLA Glut Otof/Trhr",-1.14386680635469,-0.818178141369,TRUE,"higher at P21"
1.00744223578708e-12,-1.63748097189062,0.075,0.407,2.52152717195149e-08,"A930015D03Rik","BLA Glut Otof/Trhr",-0.92217670434471,-1.2758573081009,TRUE,"higher at P21"
1.10362555206534e-12,-1.36839866814857,0.112,0.472,2.76226439426434e-08,"Gm29237","BLA Glut Otof/Trhr",-0.98792169516891,-1.22897741191738,TRUE,"higher at P21"
1.1255934817134e-12,-1.83064411229023,0.053,0.364,2.81724792538046e-08,"Faim2","BLA Glut Otof/Trhr",-1.36359271787152,-1.28127022653808,TRUE,"higher at P21"
1.42726150023819e-12,-0.832696562827167,0.503,0.913,3.57229280894616e-08,"Syne1","BLA Glut Otof/Trhr",-0.723237125019085,-0.902488730301695,TRUE,"higher at P21"
1.5497960785973e-12,-1.01111928194757,0.267,0.732,3.87898460512119e-08,"Spock2","BLA Glut Otof/Trhr",-0.925721180745827,-0.81903849617805,TRUE,"higher at P21"
1.55667392415046e-12,-2.14850597522481,0.096,0.437,3.89619916475619e-08,"mt-Co3","BLA Glut Otof/Trhr",-1.70510772706779,-1.02937267672836,TRUE,"higher at P21"
1.63352546310197e-12,0.777714820868415,0.914,0.922,4.08855088159791e-08,"Grid1","BLA Glut Otof/Trhr",0.817392294408169,0.712109803984171,TRUE,"higher at P10"
1.76579617896953e-12,1.00928083665279,0.936,0.9,4.41961125634283e-08,"Kcnq5","BLA Glut Otof/Trhr",1.02630183118977,0.909810795868993,TRUE,"higher at P10"
1.9122459383293e-12,-1.03144724634946,0.193,0.619,4.7861603590444e-08,"Rreb1","BLA Glut Otof/Trhr",-1.07365469016792,-0.71273922736418,TRUE,"higher at P21"
2.00924482172678e-12,-1.04190313998289,0.257,0.71,5.02893886429997e-08,"Rnf165","BLA Glut Otof/Trhr",-0.98674167842202,-0.661569722685017,TRUE,"higher at P21"
2.0729998009894e-12,-1.16394163805493,0.15,0.541,5.18851120189636e-08,"Cdc37l1","BLA Glut Otof/Trhr",-0.796912723479693,-0.971963073674126,TRUE,"higher at P21"
2.07978659219475e-12,0.975943286986633,0.85,0.87,5.20549786160424e-08,"Camta1","BLA Glut Otof/Trhr",0.972486467495168,0.883645233946663,TRUE,"higher at P10"
2.17973204232685e-12,-1.64033547861567,0.07,0.39,5.45565132873988e-08,"Gm45159","BLA Glut Otof/Trhr",-1.3367187555053,-1.25835124965973,TRUE,"higher at P21"
2.23453559892819e-12,-3.61230037089939,0.011,0.26,5.59281915055737e-08,"9430069I07Rik","BLA Glut Otof/Trhr",-1.75479219341176,-1.87972936264987,TRUE,"higher at P21"
2.82743463448799e-12,-0.697796369677665,0.786,0.944,7.07678614665999e-08,"Samd12","BLA Glut Otof/Trhr",-0.570930552814973,-0.729723146116112,TRUE,"higher at P21"
2.87246787333413e-12,-1.64494753439716,0.096,0.433,7.18949984016799e-08,"Kctd1","BLA Glut Otof/Trhr",-1.04066166642611,-1.68021558227134,TRUE,"higher at P21"
3.31754118459085e-12,-0.896763889263655,0.219,0.658,8.30347383091243e-08,"Lzts1","BLA Glut Otof/Trhr",-0.835318103597177,-0.607543793965219,TRUE,"higher at P21"
3.3729779913016e-12,-2.16694025170965,0.043,0.329,8.44222661442876e-08,"Chgb","BLA Glut Otof/Trhr",-1.60745701205279,-1.53236606730416,TRUE,"higher at P21"
3.38675995854067e-12,-1.29840745933156,0.064,0.372,8.47672150023143e-08,"Tef","BLA Glut Otof/Trhr",-1.41756142082997,-0.851933928729529,TRUE,"higher at P21"
4.00175045620859e-12,-1.76551395817063,0.048,0.342,1.00159812168445e-07,"Ramp1","BLA Glut Otof/Trhr",-1.15579837011807,-1.43780830633997,TRUE,"higher at P21"
4.09202255545564e-12,1.17444278533797,0.834,0.792,1.02419232540499e-07,"Galntl6","BLA Glut Otof/Trhr",0.973540693643685,1.18744948666998,TRUE,"higher at P10"
4.68064621073202e-12,-1.11343324756712,0.096,0.442,1.17151894008412e-07,"Hipk4","BLA Glut Otof/Trhr",-1.15359357786227,-0.793795797063179,TRUE,"higher at P21"
4.7581818340822e-12,-3.02907805618892,0.021,0.277,1.19092533125243e-07,"Aifm3","BLA Glut Otof/Trhr",-1.73137493923702,-1.2926518511369,TRUE,"higher at P21"
4.78178696036284e-12,1.07564047882059,0.85,0.857,1.19683345830922e-07,"Cdh4","BLA Glut Otof/Trhr",1.02102278377021,1.04130195110986,TRUE,"higher at P10"
4.82250460361726e-12,-1.14657197226997,0.193,0.589,1.20702467723936e-07,"Lrtm1","BLA Glut Otof/Trhr",-0.478267216366679,-1.34587095688086,TRUE,"higher at P21"
5.04579736543189e-12,-1.69673114204433,0.091,0.411,1.26291262259395e-07,"Itga8","BLA Glut Otof/Trhr",-1.27017837244174,-1.42062501152288,TRUE,"higher at P21"
5.09415049261105e-12,-1.40952252302279,0.07,0.385,1.27501492679562e-07,"Kcnj9","BLA Glut Otof/Trhr",-1.40628481770391,-1.19725345986655,TRUE,"higher at P21"
5.40771398650806e-12,-1.0621699148959,0.23,0.649,1.3534967336831e-07,"Clstn1","BLA Glut Otof/Trhr",-0.932841499782901,-0.702598536068266,TRUE,"higher at P21"
5.43527754917639e-12,-1.27082758041922,0.219,0.645,1.36039561778336e-07,"Cmss1","BLA Glut Otof/Trhr",-1.18058369529981,-0.882040232913791,TRUE,"higher at P21"
5.44849991089368e-12,-0.592936562394311,0.856,0.957,1.36370504269758e-07,"Plcb1","BLA Glut Otof/Trhr",-0.554188450433609,-0.676455967431027,TRUE,"higher at P21"
5.54423723892165e-12,-1.16851460518465,0.241,0.641,1.3876671385297e-07,"Gm13269","BLA Glut Otof/Trhr",-0.857428076172132,-0.971534025303394,TRUE,"higher at P21"
6.00519484223743e-12,0.791019129856128,0.914,0.909,1.50304021706361e-07,"Nkain3","BLA Glut Otof/Trhr",0.724387260300976,0.909502255307367,TRUE,"higher at P10"
6.52855445253356e-12,-2.48353737975378,0.032,0.299,1.63403189392463e-07,"Tesc","BLA Glut Otof/Trhr",-1.81747928196376,-1.21529625246468,TRUE,"higher at P21"
6.64472698650867e-12,-2.25061815204158,0.027,0.29,1.66310871745325e-07,"Pkp2","BLA Glut Otof/Trhr",-1.87560562602523,-1.30771109159057,TRUE,"higher at P21"
7.57032839003693e-12,-0.919882174400832,0.214,0.636,1.89477749274234e-07,"Pgbd5","BLA Glut Otof/Trhr",-0.925537435798749,-0.707509278860291,TRUE,"higher at P21"
7.58469384538897e-12,-0.930866091861853,0.155,0.545,1.8983730225624e-07,"Icam5","BLA Glut Otof/Trhr",-0.756556419280585,-0.858744351577542,TRUE,"higher at P21"
7.7749187759466e-12,-1.50373481885484,0.07,0.377,1.94598442043168e-07,"Suds3","BLA Glut Otof/Trhr",-1.22564472290461,-0.923147755335998,TRUE,"higher at P21"
8.38564797368720e-12,-0.856412046566339,0.519,0.892,2.09884383133417e-07,"Upp2","BLA Glut Otof/Trhr",-0.67018844071713,-0.872268166027832,TRUE,"higher at P21"
8.48668198421181e-12,-0.799725375224045,0.134,0.502,2.12413163382837e-07,"Agfg2","BLA Glut Otof/Trhr",-1.01707010957007,-0.457409675731178,TRUE,"higher at P21"
8.56874956123862e-12,0.7093259344912,0.941,0.935,2.14467232768241e-07,"Slc8a1","BLA Glut Otof/Trhr",0.667874437409691,0.848956737428321,TRUE,"higher at P10"
8.74228559132843e-12,-0.980027185307152,0.219,0.597,2.18810666065359e-07,"Gm48091","BLA Glut Otof/Trhr",-1.23758687323838,-0.495952341127426,TRUE,"higher at P21"
8.8034854432861e-12,-0.89017227409197,0.38,0.827,2.20342437160008e-07,"Rasgef1a","BLA Glut Otof/Trhr",-0.89524277391921,-0.681205745619939,TRUE,"higher at P21"
8.87009553834504e-12,-0.996370527324541,0.31,0.727,2.22009621229238e-07,"Chn1","BLA Glut Otof/Trhr",-0.919333853341115,-1.03326499825752,TRUE,"higher at P21"
9.09443111104439e-12,-0.984681502743203,0.176,0.58,2.2762451627833e-07,"Pkig","BLA Glut Otof/Trhr",-0.960327011322665,-1.05903722101896,TRUE,"higher at P21"
9.67370681779199e-12,-0.906516951169907,0.364,0.792,2.42123207942516e-07,"Diaph2","BLA Glut Otof/Trhr",-0.673256168833264,-0.674242641499903,TRUE,"higher at P21"
9.71718485481213e-12,-0.927866192795178,0.31,0.723,2.43211419731093e-07,"Prickle1","BLA Glut Otof/Trhr",-1.04126141870852,-0.931204267696294,TRUE,"higher at P21"
9.90104687524398e-12,0.662481581172203,0.941,0.935,2.47813302240482e-07,"Sobp","BLA Glut Otof/Trhr",0.537769869118682,0.760952395152805,TRUE,"higher at P10"
1.03203944173909e-11,-1.10565525880425,0.123,0.476,2.58309151872877e-07,"Il1rap","BLA Glut Otof/Trhr",-0.831010126687378,-0.984568142686611,TRUE,"higher at P21"
1.07279390418772e-11,-1.46005744502426,0.225,0.606,2.68509586279143e-07,"4933424G05Rik","BLA Glut Otof/Trhr",-1.14452463614725,-1.42632961124465,TRUE,"higher at P21"
1.14604016674875e-11,-1.27567352586501,0.128,0.481,2.86842393335544e-07,"Pcca","BLA Glut Otof/Trhr",-1.07411457292994,-1.11707461454871,TRUE,"higher at P21"
1.17723357204187e-11,-1.17584241476586,0.096,0.424,2.94649790746361e-07,"Msi2","BLA Glut Otof/Trhr",-1.0128744482329,-0.632414235420482,TRUE,"higher at P21"
1.18313295408606e-11,1.70907886575766,0.652,0.584,2.961263470782e-07,"Myo16","BLA Glut Otof/Trhr",1.66845763494476,1.62866648152709,TRUE,"higher at P10"
1.42995915882198e-11,-0.883822937648508,0.107,0.455,3.57904477861553e-07,"Itpka","BLA Glut Otof/Trhr",-1.17422857100174,-0.954147138380477,TRUE,"higher at P21"
1.43131869427552e-11,-1.16407625983774,0.139,0.502,3.5824475599022e-07,"Eftud2","BLA Glut Otof/Trhr",-0.938587616577038,-0.853362960114166,TRUE,"higher at P21"
1.53274577174338e-11,-0.813052463621886,0.647,0.952,3.83630939209651e-07,"Pde1a","BLA Glut Otof/Trhr",-0.905452840961091,-0.796851406882627,TRUE,"higher at P21"
1.60617249535075e-11,-1.74602681976518,0.043,0.316,4.02008913861339e-07,"Ltk","BLA Glut Otof/Trhr",-1.13024972521664,-1.29886740398131,TRUE,"higher at P21"
1.64053877724494e-11,-1.05770895539217,0.128,0.481,4.10610450556635e-07,"Zeb1","BLA Glut Otof/Trhr",-0.785152432945624,-1.10043601619351,TRUE,"higher at P21"
1.68041550621207e-11,-1.49968118216674,0.107,0.433,4.20591197049818e-07,"Sh3pxd2a","BLA Glut Otof/Trhr",-1.18764511874846,-0.706967261884305,TRUE,"higher at P21"
1.75777804975614e-11,-2.70821841259795,0.011,0.242,4.39954268073465e-07,"Trp53i11","BLA Glut Otof/Trhr",-2.00286201754573,-1.17836188516877,TRUE,"higher at P21"
1.79229520513114e-11,-0.66936814858404,0.647,0.939,4.48593566892273e-07,"Cacna1d","BLA Glut Otof/Trhr",-0.624186732038992,-0.597670877766484,TRUE,"higher at P21"
1.81059160571937e-11,-0.921158048995132,0.273,0.714,4.53172972995502e-07,"Rsf1os1","BLA Glut Otof/Trhr",-0.932416764490903,-0.550400490703752,TRUE,"higher at P21"
1.81304285014212e-11,-1.04624639769818,0.401,0.749,4.5378649496207e-07,"9630028H03Rik","BLA Glut Otof/Trhr",-1.10879353911568,-0.914990031075989,TRUE,"higher at P21"
1.93927944602041e-11,-2.01632830648384,0.048,0.325,4.85382252544448e-07,"Smoc2","BLA Glut Otof/Trhr",-1.79891464306274,-1.37000982307875,TRUE,"higher at P21"
2.00349780426914e-11,-1.55829070954307,0.053,0.338,5.01455465430522e-07,"Gm47523","BLA Glut Otof/Trhr",-0.98346266757718,-1.47089510631321,TRUE,"higher at P21"
2.34856998115004e-11,-1.11508238531726,0.112,0.459,5.87823580582043e-07,"Syngap1","BLA Glut Otof/Trhr",-1.04572969839635,-0.882925901922395,TRUE,"higher at P21"
2.50389913927167e-11,-0.719275626453506,0.818,0.961,6.26700915568306e-07,"Dgkb","BLA Glut Otof/Trhr",-0.780063597812419,-0.749404137765189,TRUE,"higher at P21"
2.53036725098507e-11,-1.11112033586845,0.096,0.42,6.33325619249052e-07,"Sntb2","BLA Glut Otof/Trhr",-1.30102283441744,-0.972215111193067,TRUE,"higher at P21"
2.59640754486766e-11,1.32916201777171,0.786,0.701,6.49854844404926e-07,"Adamtsl1","BLA Glut Otof/Trhr",1.2234824219329,1.28162592620745,TRUE,"higher at P10"
2.94603828011678e-11,-2.93675352621941,0.021,0.264,7.37363921130428e-07,"mt-Co1","BLA Glut Otof/Trhr",-1.57374759882714,-1.58313821804257,TRUE,"higher at P21"
3.23970713943081e-11,-1.26332248220303,0.155,0.506,8.10866299928138e-07,"Gm10848","BLA Glut Otof/Trhr",-0.979457107290318,-1.32124379646365,TRUE,"higher at P21"
3.49778201088432e-11,-2.22209103206168,0.043,0.303,8.75459859504237e-07,"Gm15083","BLA Glut Otof/Trhr",-1.52612255946953,-1.26645547074281,TRUE,"higher at P21"
3.5864920867028e-11,0.697607828348657,0.92,0.952,8.97663104380844e-07,"Kcnb2","BLA Glut Otof/Trhr",0.837479459683497,0.59004532938559,TRUE,"higher at P10"
4.30241299166645e-11,-1.05059616781811,0.134,0.489,1.0768509476842e-06,"Prex1","BLA Glut Otof/Trhr",-0.870629458997542,-0.743995106339469,TRUE,"higher at P21"
4.74276731592444e-11,-1.33600185881065,0.123,0.459,1.18706723150273e-06,"Gm15496","BLA Glut Otof/Trhr",-1.0024404248378,-0.886528789766557,TRUE,"higher at P21"
4.83323892373225e-11,-0.877030200473629,0.289,0.714,1.20971137022094e-06,"Kcnb1","BLA Glut Otof/Trhr",-0.898149457840581,-0.889973250999028,TRUE,"higher at P21"
4.9464050336313e-11,-1.23095480038038,0.193,0.558,1.23803571586758e-06,"Gm37459","BLA Glut Otof/Trhr",-1.04457981148717,-1.00343294580356,TRUE,"higher at P21"
5.17832073788107e-11,-1.53648859591304,0.059,0.342,1.29608189748425e-06,"Stx16","BLA Glut Otof/Trhr",-1.05750119616768,-1.28738208624926,TRUE,"higher at P21"
5.19885326529318e-11,-0.993470214321916,0.235,0.636,1.30122098377023e-06,"Man1c1","BLA Glut Otof/Trhr",-1.28906189837242,-0.492343457159653,TRUE,"higher at P21"
5.74486240594166e-11,0.598391762899566,0.984,0.987,1.43788161158314e-06,"Schip1","BLA Glut Otof/Trhr",0.547004745795105,0.596189177837114,TRUE,"higher at P10"
5.79754227369759e-11,-1.12756164311614,0.15,0.515,1.45106685568377e-06,"Crocc","BLA Glut Otof/Trhr",-1.06023454140056,-0.845613326906672,TRUE,"higher at P21"
5.81982262321786e-11,-0.885804746049966,0.267,0.697,1.4566434043652e-06,"Ttll11","BLA Glut Otof/Trhr",-0.698964820885644,-0.731554205887849,TRUE,"higher at P21"
5.97201320693991e-11,1.262271451559,0.695,0.597,1.49473518556499e-06,"Rasgef1b","BLA Glut Otof/Trhr",1.32537994799805,1.08152463052539,TRUE,"higher at P10"
6.03596782210144e-11,-0.838082387312331,0.171,0.558,1.51074238619377e-06,"Chfr","BLA Glut Otof/Trhr",-0.766108310860853,-0.87895759350003,TRUE,"higher at P21"
6.16556787611143e-11,-1.09751361388851,0.155,0.515,1.54317998371193e-06,"Wdr60","BLA Glut Otof/Trhr",-0.831010126687378,-1.0583483967847,TRUE,"higher at P21"
6.25762107570167e-11,-1.16105146676142,0.08,0.385,1.56621997903737e-06,"Adgra1","BLA Glut Otof/Trhr",-1.25245169816643,-0.993362310545742,TRUE,"higher at P21"
6.2823875729768e-11,-3.01724599905476,0.021,0.255,1.57241878564036e-06,"Cck","BLA Glut Otof/Trhr",-1.70627087293843,-1.46118872440989,TRUE,"higher at P21"
7.00704006167467e-11,-0.98515917998861,0.198,0.593,1.75379205703655e-06,"Ankrd6","BLA Glut Otof/Trhr",-0.698213053228827,-0.753093734572002,TRUE,"higher at P21"
7.02420384989399e-11,-0.839055454829532,0.396,0.788,1.75808798158997e-06,"Slc7a14","BLA Glut Otof/Trhr",-0.851478540305331,-0.727946075615838,TRUE,"higher at P21"
7.25184172626698e-11,2.19258694028973,0.487,0.264,1.81506346566736e-06,"Mir670hg","BLA Glut Otof/Trhr",1.81176763908835,1.82345958876256,TRUE,"higher at P10"
7.30969808219164e-11,-0.84086642761674,0.225,0.632,1.82954433299175e-06,"Map2k6","BLA Glut Otof/Trhr",-0.729415061650553,-0.758346996301525,TRUE,"higher at P21"
7.89747531803844e-11,-1.24019395990484,0.07,0.364,1.97665909735184e-06,"Sars","BLA Glut Otof/Trhr",-0.85463797566999,-1.19725345986655,TRUE,"higher at P21"
7.90165804135043e-11,0.718506470181592,0.893,0.9,1.9777059911696e-06,"Gm20754","BLA Glut Otof/Trhr",0.401231205451184,0.885421160669661,TRUE,"higher at P10"
8.1084325476663e-11,-0.771720025251578,0.551,0.883,2.0294595823554e-06,"Abr","BLA Glut Otof/Trhr",-1.03108612320671,-0.693165956419292,TRUE,"higher at P21"
8.35948744765435e-11,-3.30875725375788,0.005,0.216,2.09229611327341e-06,"Ypel4","BLA Glut Otof/Trhr",-1.73683421948041,-1.61344256952663,TRUE,"higher at P21"
8.72617782115899e-11,-1.20192676460959,0.096,0.407,2.18407504685788e-06,"Kcnh1","BLA Glut Otof/Trhr",-1.35043911994468,-0.988750633255871,TRUE,"higher at P21"
8.85164253071502e-11,-0.958939054675307,0.166,0.541,2.21547760901266e-06,"D430042O09Rik","BLA Glut Otof/Trhr",-0.895097914864094,-0.728361591052036,TRUE,"higher at P21"
9.22204088621013e-11,-0.660742510066725,0.829,0.978,2.30818461340953e-06,"Cntnap5a","BLA Glut Otof/Trhr",-0.47894721849415,-0.606250902009717,TRUE,"higher at P21"
1.04444171043042e-10,-1.11946508824693,0.123,0.459,2.61413315703631e-06,"Ssbp4","BLA Glut Otof/Trhr",-0.785152432945624,-0.723211888351943,TRUE,"higher at P21"
1.0896503038206e-10,-0.868823118471888,0.15,0.511,2.72728574543257e-06,"Bbof1","BLA Glut Otof/Trhr",-0.638318826858141,-0.68691046865851,TRUE,"higher at P21"
1.2240675606242e-10,-0.902274536522657,0.241,0.645,3.06371869748631e-06,"Cyfip2","BLA Glut Otof/Trhr",-0.80441338993584,-0.679229635871141,TRUE,"higher at P21"
1.33340556140758e-10,-4.04063276556283,0.005,0.212,3.33738077964702e-06,"Glt8d2","BLA Glut Otof/Trhr",-1.83643857146883,-1.69071535621307,TRUE,"higher at P21"
1.36898812896285e-10,-1.69011944546294,0.048,0.312,3.42644038798112e-06,"Nos1","BLA Glut Otof/Trhr",-1.62690044262685,-1.39296515998404,TRUE,"higher at P21"
1.38641572956309e-10,-0.915288291287159,0.176,0.554,3.47005992952345e-06,"Abhd6","BLA Glut Otof/Trhr",-0.656007731868852,-0.79307651863442,TRUE,"higher at P21"
1.42210711411191e-10,-0.781648992445979,0.61,0.918,3.55939189591069e-06,"Ano3","BLA Glut Otof/Trhr",-0.619016312268927,-0.709230709233114,TRUE,"higher at P21"
1.46783133376873e-10,-1.33411182245732,0.048,0.312,3.67383504528975e-06,"Bhlhb9","BLA Glut Otof/Trhr",-1.0155008743855,-1.08315811323795,TRUE,"higher at P21"
1.52938526146586e-10,-2.76038077019387,0.011,0.225,3.8278983709229e-06,"Smpdl3b","BLA Glut Otof/Trhr",-1.68640416600694,-1.24247680570933,TRUE,"higher at P21"
1.54168512441462e-10,-0.820390249605716,0.545,0.883,3.85868369789736e-06,"Cacnb2","BLA Glut Otof/Trhr",-0.723663326985937,-0.999940512826253,TRUE,"higher at P21"
1.54190064953479e-10,-0.711739413105559,0.529,0.9,3.85922313572063e-06,"Snrnp70","BLA Glut Otof/Trhr",-0.670712374141391,-0.713745523839678,TRUE,"higher at P21"
1.70590290394242e-10,-0.94893554586736,0.16,0.532,4.26970437827749e-06,"Fam126b","BLA Glut Otof/Trhr",-0.91915171171517,-0.805477381542905,TRUE,"higher at P21"
1.8107275175526e-10,-1.18923312759568,0.091,0.394,4.5320699036824e-06,"Mmd2","BLA Glut Otof/Trhr",-1.25832351106055,-0.814750573097929,TRUE,"higher at P21"
1.84555717899416e-10,0.697159252660501,0.925,0.939,4.61924506330449e-06,"Ccser1","BLA Glut Otof/Trhr",0.646812046945855,0.70791759125176,TRUE,"higher at P10"
1.85905533813372e-10,-1.34319304777497,0.053,0.32,4.65302960581489e-06,"Lrriq1","BLA Glut Otof/Trhr",-1.10530033775867,-0.923147755335998,TRUE,"higher at P21"
2.05390933669617e-10,-0.973292614734052,0.15,0.498,5.14072967881685e-06,"Cep70","BLA Glut Otof/Trhr",-0.955898323636423,-0.729400079153763,TRUE,"higher at P21"
2.34068168428305e-10,-0.892676377483474,0.209,0.593,5.85849218759204e-06,"Slf2","BLA Glut Otof/Trhr",-0.816027003242068,-0.690268217325292,TRUE,"higher at P21"
2.39790366707724e-10,-0.830383426104738,0.155,0.524,6.00171308832763e-06,"Hmbox1","BLA Glut Otof/Trhr",-0.733901568466886,-0.685863501824561,TRUE,"higher at P21"
2.41145191166593e-10,-0.820252162142591,0.144,0.494,6.03562298970867e-06,"Slc8a2","BLA Glut Otof/Trhr",-1.05453530993821,-0.570252028677781,TRUE,"higher at P21"
2.5272705334119e-10,-1.30805857945261,0.075,0.359,6.32550541807666e-06,"Anp32a","BLA Glut Otof/Trhr",-1.10568397632528,-1.05817630178842,TRUE,"higher at P21"
2.55778741389755e-10,-0.878220760633077,0.241,0.632,6.40188611824418e-06,"Crim1","BLA Glut Otof/Trhr",-0.821890662522326,-0.940618097777335,TRUE,"higher at P21"
2.658976437199e-10,-0.677979366840458,0.246,0.675,6.65515212466538e-06,"Sept11","BLA Glut Otof/Trhr",-0.638574399415501,-0.688730508281744,TRUE,"higher at P21"
2.80256323825562e-10,-0.76966230217167,0.567,0.896,7.01453552902999e-06,"Grm1","BLA Glut Otof/Trhr",-0.680095118436327,-0.651129446763391,TRUE,"higher at P21"
2.82994335630909e-10,-1.15088912474404,0.225,0.584,7.08306522650603e-06,"Rassf8","BLA Glut Otof/Trhr",-1.00638960070831,-0.681845843923112,TRUE,"higher at P21"
2.89988949458312e-10,-0.837823807435849,0.182,0.563,7.25813341599208e-06,"Zcchc18","BLA Glut Otof/Trhr",-0.595503034951577,-0.648208360886826,TRUE,"higher at P21"
2.95493986017231e-10,-1.52007737510054,0.112,0.407,7.39591897602528e-06,"Rtn4rl1","BLA Glut Otof/Trhr",-1.23918921496975,-1.43732618837852,TRUE,"higher at P21"
3.05812674379468e-10,-0.790296714121152,0.374,0.788,7.6541854270437e-06,"Cdk17","BLA Glut Otof/Trhr",-0.670403221066062,-0.663235412466615,TRUE,"higher at P21"
3.19136377176173e-10,-0.866035825691648,0.187,0.563,7.98766438434243e-06,"Ate1","BLA Glut Otof/Trhr",-0.712644650764105,-0.594275985051716,TRUE,"higher at P21"
3.19244446421347e-10,-0.905384447972631,0.128,0.463,7.9903692494799e-06,"Strn4","BLA Glut Otof/Trhr",-0.759502503067172,-0.927322082688982,TRUE,"higher at P21"
3.33255442719879e-10,-0.802732968839697,0.251,0.662,8.34105047583585e-06,"Pip5k1a","BLA Glut Otof/Trhr",-0.954201632205132,-0.683587926893344,TRUE,"higher at P21"
3.52887681750708e-10,-1.29225919789023,0.07,0.346,8.83242578653848e-06,"St8sia5","BLA Glut Otof/Trhr",-1.35442726935508,-1.1115438455933,TRUE,"higher at P21"
3.56760197927083e-10,-0.894665033224497,0.369,0.788,8.92935099391697e-06,"Add2","BLA Glut Otof/Trhr",-0.856905763112467,-0.827440182446035,TRUE,"higher at P21"
3.57495154062996e-10,-0.846689362411699,0.182,0.541,8.94774621104272e-06,"Tmtc1","BLA Glut Otof/Trhr",-0.892841517158512,-0.954597918049192,TRUE,"higher at P21"
3.70653176988104e-10,-3.86574229745298,0.005,0.203,9.27707836683526e-06,"Tanc1","BLA Glut Otof/Trhr",-1.83643857146883,-2.16698508825628,TRUE,"higher at P21"
3.80947051210608e-10,-0.964211696961205,0.15,0.494,9.53472374475031e-06,"Syp","BLA Glut Otof/Trhr",-1.08047274027965,-0.55828132585664,TRUE,"higher at P21"
3.90612426268763e-10,-0.80223304521931,0.23,0.628,9.77663841708088e-06,"Tmem191c","BLA Glut Otof/Trhr",-0.639575313720513,-0.737185386396456,TRUE,"higher at P21"
4.19149241676743e-10,1.30001082054448,0.684,0.545,1.04908863699272e-05,"Sox5","BLA Glut Otof/Trhr",1.24266610262764,1.14922258002471,TRUE,"higher at P10"
4.34571405486623e-10,-1.31207903477364,0.07,0.342,1.08768877079247e-05,"Hlf","BLA Glut Otof/Trhr",-1.03408651115221,-1.10508485722533,TRUE,"higher at P21"
4.37217356187328e-10,-0.838681546854459,0.278,0.701,1.09431132080126e-05,"Nvl","BLA Glut Otof/Trhr",-0.497917488545432,-0.897979358251281,TRUE,"higher at P21"
4.69662439147549e-10,-0.773853220387209,0.267,0.701,1.1755181189424e-05,"Sez6l2","BLA Glut Otof/Trhr",-0.737485450693534,-0.686459464823773,TRUE,"higher at P21"
4.75259324341762e-10,-0.866106230344276,0.267,0.693,1.189526562895e-05,"Ddhd2","BLA Glut Otof/Trhr",-0.607695693437924,-0.485697571785119,TRUE,"higher at P21"
4.89236973116081e-10,-0.729632654551374,0.294,0.732,1.22451122001224e-05,"Sfpq","BLA Glut Otof/Trhr",-0.635900098991977,-0.676842697107404,TRUE,"higher at P21"
4.89357282768777e-10,-1.48179925477451,0.043,0.29,1.22481234304197e-05,"Camk2n1","BLA Glut Otof/Trhr",-1.10424047092617,-1.24941221608266,TRUE,"higher at P21"
5.04536599648942e-10,-0.767896450493848,0.412,0.801,1.26280465526134e-05,"Ldlrad4","BLA Glut Otof/Trhr",-0.630770587451748,-0.78757549373344,TRUE,"higher at P21"
5.07302743837657e-10,-1.16333968764015,0.075,0.355,1.26972803755127e-05,"Stk32c","BLA Glut Otof/Trhr",-0.920716698152788,-0.777827270142938,TRUE,"higher at P21"
5.58501565049624e-10,-1.15556171185098,0.102,0.398,1.3978735671627e-05,"Prtg","BLA Glut Otof/Trhr",-0.754394368168868,-1.07246207935616,TRUE,"higher at P21"
5.61548476661556e-10,-0.802301906069943,0.369,0.779,1.40549968223621e-05,"Inpp4b","BLA Glut Otof/Trhr",-0.816971973990311,-0.902424049835663,TRUE,"higher at P21"
5.94699818280543e-10,-0.909035528536951,0.16,0.506,1.48847417517437e-05,"Trhr","BLA Glut Otof/Trhr",-0.838827156480346,-0.554367606422925,TRUE,"higher at P21"
5.95906808201249e-10,-1.26996031891167,0.075,0.351,1.49149515024691e-05,"Kcnc1","BLA Glut Otof/Trhr",-1.07532683303118,-0.925495163864072,TRUE,"higher at P21"
6.06312102061842e-10,-1.13329628289034,0.144,0.472,1.51753856025058e-05,"Susd6","BLA Glut Otof/Trhr",-0.677491108352438,-1.00958315250352,TRUE,"higher at P21"
6.23087003189199e-10,-0.866101175078223,0.118,0.433,1.55952446028225e-05,"Crppa","BLA Glut Otof/Trhr",-0.667200370734824,-0.883946122570029,TRUE,"higher at P21"
6.88522351994643e-10,-1.08906077940128,0.107,0.42,1.72330259480739e-05,"Foxk1","BLA Glut Otof/Trhr",-0.9659760812527,-0.727541459285929,TRUE,"higher at P21"
7.1338251829175e-10,-1.39332259061027,0.064,0.329,1.78552510503242e-05,"Gm41361","BLA Glut Otof/Trhr",-1.57963449041051,-0.866454398238625,TRUE,"higher at P21"
7.1725218174598e-10,-0.782882806248427,0.16,0.506,1.79521048569201e-05,"Fam13c","BLA Glut Otof/Trhr",-0.716342415494995,-0.673150655262205,TRUE,"higher at P21"
7.31864886344857e-10,-1.02137715663887,0.144,0.481,1.83178462403254e-05,"Gm46367","BLA Glut Otof/Trhr",-0.782795110098303,-0.791847564536383,TRUE,"higher at P21"
7.5596696786808e-10,-0.660352438626678,0.305,0.745,1.89210972387702e-05,"D630045J12Rik","BLA Glut Otof/Trhr",-0.670838534264758,-0.468828034043255,TRUE,"higher at P21"
7.78899749003865e-10,-0.78903853166548,0.193,0.563,1.94950818178177e-05,"Mef2d","BLA Glut Otof/Trhr",-0.924451297089239,-0.663500139813753,TRUE,"higher at P21"
8.528776817593e-10,-0.882472899592602,0.417,0.784,2.13466754967535e-05,"Mapk1","BLA Glut Otof/Trhr",-0.923957900361039,-0.561139417511068,TRUE,"higher at P21"
8.5700421753066e-10,0.636738571033363,0.888,0.909,2.14499585605749e-05,"Khdrbs2","BLA Glut Otof/Trhr",0.749776948338537,0.671330324983994,TRUE,"higher at P10"
8.88321393864704e-10,-0.712719743967709,0.374,0.797,2.22337961670397e-05,"Ttc14","BLA Glut Otof/Trhr",-0.70782984917549,-0.597685467694824,TRUE,"higher at P21"
9.11314971881005e-10,-1.07198568884202,0.096,0.39,2.28093024312097e-05,"Usp11","BLA Glut Otof/Trhr",-0.614224016525139,-0.953484297127871,TRUE,"higher at P21"
9.11797651816914e-10,-0.755550988220832,0.342,0.775,2.28213834273256e-05,"Pnn","BLA Glut Otof/Trhr",-0.615536053923879,-0.61004231586121,TRUE,"higher at P21"
9.23267113566884e-10,2.63365947216042,0.401,0.195,2.31084525854655e-05,"Srgap1","BLA Glut Otof/Trhr",2.04825237765076,2.37427105061443,TRUE,"higher at P10"
9.39405449046969e-10,-0.720842167115478,0.743,0.935,2.35123789841966e-05,"Sgcz","BLA Glut Otof/Trhr",-0.783148145419713,-0.473727312164722,TRUE,"higher at P21"
9.71514259213476e-10,-0.874899147434046,0.209,0.593,2.43160303938541e-05,"Snph","BLA Glut Otof/Trhr",-0.855294440426435,-0.913730222041938,TRUE,"higher at P21"
9.81999146316841e-10,-0.672212334958787,0.144,0.481,2.45784566331642e-05,"Dpm1","BLA Glut Otof/Trhr",-0.79073502669254,-0.660585996695473,TRUE,"higher at P21"
1.05898705743055e-09,-2.22057036941761,0.021,0.234,2.65053870604292e-05,"Lyzl4","BLA Glut Otof/Trhr",-1.91787846799961,-1.10178954910611,TRUE,"higher at P21"
1.09199000052126e-09,-0.762856880895667,0.332,0.745,2.73314177230466e-05,"Uvrag","BLA Glut Otof/Trhr",-0.650817481589383,-0.600709441454658,TRUE,"higher at P21"
1.12960879460326e-09,-1.49878353823486,0.053,0.303,2.82729785201249e-05,"Zdhhc1","BLA Glut Otof/Trhr",-1.09216283987599,-0.94392611868154,TRUE,"higher at P21"
1.13664717834292e-09,-1.43179931399327,0.064,0.325,2.84491422267451e-05,"Mpp5","BLA Glut Otof/Trhr",-1.17971301448018,-0.624639153619733,TRUE,"higher at P21"
1.15337144029779e-09,-1.81030930436171,0.053,0.299,2.88677337792135e-05,"Gm17202","BLA Glut Otof/Trhr",-1.0489085161695,-0.998060173379496,TRUE,"higher at P21"
1.19359098647355e-09,-0.645065938475043,0.332,0.753,2.98743888004466e-05,"Cdh10","BLA Glut Otof/Trhr",-0.423870798684999,-0.71726152543032,TRUE,"higher at P21"
1.24588571129533e-09,-0.884179425680235,0.091,0.381,3.11832734680109e-05,"Nphp4","BLA Glut Otof/Trhr",-0.688625199163902,-0.840712750911048,TRUE,"higher at P21"
1.30606291661094e-09,-1.22991385034267,0.096,0.381,3.26894487398552e-05,"Fam131a","BLA Glut Otof/Trhr",-1.17933424488468,-0.808065500561154,TRUE,"higher at P21"
1.37109023367409e-09,-0.883299847635292,0.128,0.446,3.43170174586288e-05,"Gkap1","BLA Glut Otof/Trhr",-0.632622935616701,-0.722414709907332,TRUE,"higher at P21"
1.50610520455128e-09,-1.79551645624893,0.032,0.255,3.76963071647139e-05,"Iffo1","BLA Glut Otof/Trhr",-1.24207431494203,-1.11655395854896,TRUE,"higher at P21"
1.51832948397316e-09,-0.783590657812751,0.134,0.463,3.80022686543641e-05,"Ppme1","BLA Glut Otof/Trhr",-0.759724995916778,-0.651130135090457,TRUE,"higher at P21"
1.60056036517226e-09,-0.842950580552034,0.166,0.519,4.00604253798966e-05,"Cul9","BLA Glut Otof/Trhr",-0.954207166630834,-0.677909279154315,TRUE,"higher at P21"
1.64787094252568e-09,-0.761751885496191,0.209,0.576,4.12445618204752e-05,"Cplx2","BLA Glut Otof/Trhr",-0.802836891999869,-0.794413827800991,TRUE,"higher at P21"
1.65776859141866e-09,-1.56641753337257,0.048,0.29,4.14922900746178e-05,"Fgfr1op2","BLA Glut Otof/Trhr",-0.906504810042687,-0.884239521229098,TRUE,"higher at P21"
1.70762425388722e-09,-0.812323829037398,0.545,0.848,4.27401274505433e-05,"Ablim2","BLA Glut Otof/Trhr",-0.944782525922959,-0.779660394207012,TRUE,"higher at P21"
1.718594189538e-09,-0.603137173101825,0.695,0.918,4.30146939699466e-05,"Zdhhc14","BLA Glut Otof/Trhr",-0.671868737696964,-0.623640101263553,TRUE,"higher at P21"
1.78669924161674e-09,-2.66355020248902,0.027,0.238,4.47192953184254e-05,"Atp1b3","BLA Glut Otof/Trhr",-1.58174590179737,-0.8558970771609,TRUE,"higher at P21"
1.79341476363294e-09,-1.11472281648664,0.064,0.325,4.48873781189689e-05,"Aagab","BLA Glut Otof/Trhr",-0.929550393713488,-1.07162140851404,TRUE,"higher at P21"
1.82472425996779e-09,-1.5361300913385,0.053,0.299,4.56710235027339e-05,"Efcab1","BLA Glut Otof/Trhr",-0.93453549946611,-1.13529440441188,TRUE,"higher at P21"
1.88200805409161e-09,-1.35945455859217,0.07,0.329,4.7104779585859e-05,"Erlec1","BLA Glut Otof/Trhr",-1.05485402705905,-0.692502485091392,TRUE,"higher at P21"
2.04391152593146e-09,-1.150934841143,0.091,0.368,5.11570615825386e-05,"6430590A07Rik","BLA Glut Otof/Trhr",-0.800680026183184,-1.02937267672836,TRUE,"higher at P21"
2.04889471162008e-09,-0.768962345902747,0.401,0.775,5.12817857371389e-05,"Tspan5","BLA Glut Otof/Trhr",-0.8596311883085,-0.845596593472055,TRUE,"higher at P21"
2.09484787698721e-09,-0.785960966769604,0.187,0.541,5.24319475131129e-05,"Irf2","BLA Glut Otof/Trhr",-0.775660804557539,-0.48000400216629,TRUE,"higher at P21"
2.23437177708249e-09,-1.24263551156351,0.08,0.351,5.59240912085978e-05,"Rnf20","BLA Glut Otof/Trhr",-0.860149761476372,-0.706684851045501,TRUE,"higher at P21"
2.23763592998748e-09,-2.91334128085603,0.021,0.225,5.60057896916565e-05,"mt-Co2","BLA Glut Otof/Trhr",-2.10238168647164,-0.833433496488581,TRUE,"higher at P21"
2.27111944956386e-09,-1.14305247219397,0.091,0.372,5.68438487031339e-05,"Frmd6","BLA Glut Otof/Trhr",-1.08850917716593,-1.12567170069295,TRUE,"higher at P21"
2.30994532615892e-09,-0.906538246542604,0.182,0.532,5.78156215684317e-05,"Ube2r2","BLA Glut Otof/Trhr",-0.748270578131305,-0.739233301695953,TRUE,"higher at P21"
2.40922242190708e-09,-0.874889887287735,0.123,0.429,6.03004279979124e-05,"Sptb","BLA Glut Otof/Trhr",-0.882537268542613,-0.465622745712761,TRUE,"higher at P21"
2.50707417365364e-09,-1.02762380904821,0.08,0.351,6.2749559492377e-05,"Ccsap","BLA Glut Otof/Trhr",-0.770104948805197,-0.95114390418088,TRUE,"higher at P21"
2.51562310097381e-09,-0.678542343416578,0.16,0.511,6.29635305942734e-05,"Sarnp","BLA Glut Otof/Trhr",-0.858026123294122,-0.606998640599034,TRUE,"higher at P21"
2.6615156210915e-09,-0.663809779065551,0.235,0.628,6.66150744802992e-05,"Pibf1","BLA Glut Otof/Trhr",-0.619514627950972,-0.600055061907121,TRUE,"higher at P21"
2.69933601191963e-09,-0.676364652443052,0.401,0.801,6.75616810423365e-05,"Ctdspl","BLA Glut Otof/Trhr",-0.773381951601824,-0.657055896622859,TRUE,"higher at P21"
2.76790074586764e-09,-0.869730928696412,0.128,0.446,6.92777877683211e-05,"Mras","BLA Glut Otof/Trhr",-0.94013128612833,-0.71585597879209,TRUE,"higher at P21"
2.86805001943002e-09,-0.90456124174418,0.182,0.519,7.17844239363139e-05,"Cfap54","BLA Glut Otof/Trhr",-0.838827156480346,-0.809190295709759,TRUE,"higher at P21"
3.00578384561069e-09,-1.2024234412294,0.059,0.307,7.523176387179e-05,"5530601H04Rik","BLA Glut Otof/Trhr",-0.879312671556594,-0.923147755335998,TRUE,"higher at P21"
3.03465735229776e-09,-0.77162077651785,0.225,0.584,7.59544388706607e-05,"B230209E15Rik","BLA Glut Otof/Trhr",-0.791344592777978,-0.652447408474815,TRUE,"higher at P21"
3.04777934708722e-09,-0.714229315689478,0.257,0.645,7.6282869278246e-05,"Sbno1","BLA Glut Otof/Trhr",-0.570147142124357,-0.648436131407718,TRUE,"higher at P21"
3.08269540073392e-09,-1.15960561094152,0.107,0.398,7.71567831849693e-05,"Gstz1","BLA Glut Otof/Trhr",-0.864060503120537,-0.706886693632009,TRUE,"higher at P21"
3.29989637751276e-09,-1.16060649925291,0.075,0.338,8.25931064327669e-05,"Pdk1","BLA Glut Otof/Trhr",-0.982743641021127,-0.472975450647943,TRUE,"higher at P21"
3.34705950263504e-09,-0.997787404837751,0.176,0.502,8.37735522914525e-05,"Clmn","BLA Glut Otof/Trhr",-0.934437456856307,-0.598414455780529,TRUE,"higher at P21"
3.52061525976686e-09,-0.606717848392718,0.663,0.918,8.81174793367048e-05,"Trerf1","BLA Glut Otof/Trhr",-0.671347271193828,-0.506564219030415,TRUE,"higher at P21"
3.57380876352693e-09,-1.33971358973771,0.187,0.489,8.94488595423155e-05,"Etl4","BLA Glut Otof/Trhr",-1.72302715330406,-1.37530329431777,TRUE,"higher at P21"
3.58119411622637e-09,-1.04225403633483,0.075,0.338,8.96337075350298e-05,"Mmaa","BLA Glut Otof/Trhr",-1.00746350155952,-0.758692382127754,TRUE,"higher at P21"
3.65924476203724e-09,-0.97929704280629,0.096,0.377,9.15872371490302e-05,"N4bp2l1","BLA Glut Otof/Trhr",-0.934478396751813,-0.759810805364934,TRUE,"higher at P21"
3.66788291683229e-09,-0.770162928830749,0.144,0.459,9.18034415253954e-05,"Speg","BLA Glut Otof/Trhr",-0.773943053383543,-0.683424876121436,TRUE,"higher at P21"
3.68973603897219e-09,-0.930331191502295,0.128,0.424,9.23504033194349e-05,"Pacrg","BLA Glut Otof/Trhr",-0.539668767331417,-0.901123816952263,TRUE,"higher at P21"
3.74547892334851e-09,-1.39702372273931,0.075,0.333,9.37455919724898e-05,"Mb21d2","BLA Glut Otof/Trhr",-0.690456751293276,-0.881341701443463,TRUE,"higher at P21"
3.87833982729116e-09,1.10369144953931,0.743,0.762,9.70709675372706e-05,"Zeb2","BLA Glut Otof/Trhr",0.947533017930008,1.21209489300118,TRUE,"higher at P10"
3.93605565558219e-09,0.827268185051505,0.888,0.935,9.85155370035667e-05,"Mir99ahg","BLA Glut Otof/Trhr",0.850380331059854,0.772304622178074,TRUE,"higher at P10"
4.05215223186771e-09,-0.573577655410695,0.15,0.476,0.000101421318211417,"Setd7","BLA Glut Otof/Trhr",-0.624982461089737,-0.524864481826653,TRUE,"higher at P21"
4.0620083481159e-09,-0.789396559413382,0.091,0.364,0.000101668006944993,"Tfdp2","BLA Glut Otof/Trhr",-1.00240642072143,-0.535160288733031,TRUE,"higher at P21"
4.16778555827268e-09,-0.822074398184256,0.294,0.667,0.000104315504738007,"Epb41l4b","BLA Glut Otof/Trhr",-0.945715423816173,-0.756421627793316,TRUE,"higher at P21"
4.18972676187568e-09,-0.584741186661494,0.166,0.511,0.000104864671122986,"Ttyh1","BLA Glut Otof/Trhr",-0.650398377789004,-0.477079868916675,TRUE,"higher at P21"
4.30159087573178e-09,-1.31326672879353,0.048,0.281,0.000107664518028691,"Gm10419","BLA Glut Otof/Trhr",-0.995244406583351,-1.0326657152222,TRUE,"higher at P21"
4.34014032818005e-09,-0.793873384476353,0.262,0.636,0.000108629372274018,"5031425E22Rik","BLA Glut Otof/Trhr",-0.727717096464128,-0.781416458863467,TRUE,"higher at P21"
4.52562828409254e-09,-0.91839665233195,0.15,0.463,0.000113271950322552,"Zfp423","BLA Glut Otof/Trhr",-0.812424024220629,-0.748180459077334,TRUE,"higher at P21"
5.00842673855626e-09,-0.653473316262829,0.38,0.779,0.000125355912839325,"Map7","BLA Glut Otof/Trhr",-0.621657003125439,-0.594270123199167,TRUE,"higher at P21"
5.01144298521313e-09,-0.680663449997479,0.23,0.619,0.000125431406476899,"Taok3","BLA Glut Otof/Trhr",-0.639575313720513,-0.492343457159653,TRUE,"higher at P21"
5.09920135747125e-09,-1.93607450006134,0.043,0.264,0.000127627910776148,"Soat1","BLA Glut Otof/Trhr",-1.54689007537637,-0.763393596350029,TRUE,"higher at P21"
5.19431051118754e-09,-0.930653180261098,0.102,0.39,0.000130008397784513,"Terf1","BLA Glut Otof/Trhr",-0.591493211357385,-0.875848362891108,TRUE,"higher at P21"
5.24024660355456e-09,-0.872938859507014,0.091,0.364,0.000131158132240367,"Shisa4","BLA Glut Otof/Trhr",-0.722797450990055,-0.614206103701921,TRUE,"higher at P21"
5.44175901918378e-09,-0.761916657053196,0.187,0.515,0.000136201786491151,"Stxbp6","BLA Glut Otof/Trhr",-0.450304170294092,-0.488576069889035,TRUE,"higher at P21"
5.49132179987513e-09,-1.21248028513539,0.102,0.372,0.000137442293329075,"Wipf2","BLA Glut Otof/Trhr",-0.749192135840319,-0.860248728343518,TRUE,"higher at P21"
5.84891682882577e-09,-1.08147052661259,0.096,0.368,0.00014639253930868,"Phka2","BLA Glut Otof/Trhr",-1.08089699022158,-0.718357534849749,TRUE,"higher at P21"
5.96012134603874e-09,-0.926650449028261,0.102,0.385,0.000149175877170004,"Trafd1","BLA Glut Otof/Trhr",-0.788202068402991,-0.696010673541872,TRUE,"higher at P21"
6.16157045029432e-09,2.31896637768279,0.369,0.156,0.000154217946800416,"Nell1","BLA Glut Otof/Trhr",1.84213515653505,2.31833195521803,TRUE,"higher at P10"
6.39178120072638e-09,-1.13469659903751,0.102,0.377,0.000159979891672981,"Slc4a4","BLA Glut Otof/Trhr",-0.625154524985812,-1.04355651792517,TRUE,"higher at P21"
6.59207348539107e-09,-0.794161657485368,0.235,0.597,0.000164993007265853,"Ranbp9","BLA Glut Otof/Trhr",-0.824825873522676,-0.65665090118407,TRUE,"higher at P21"
6.73303740783219e-09,-2.15241785666791,0.021,0.216,0.000168521193280632,"Nptx1","BLA Glut Otof/Trhr",-1.29939849136268,-1.14203555151977,TRUE,"higher at P21"
7.67797307483896e-09,-0.604680858453268,0.674,0.957,0.000192171988090144,"Snap25","BLA Glut Otof/Trhr",-0.461479191449901,-0.765882119084916,TRUE,"higher at P21"
7.68294142372811e-09,0.581319193166109,0.925,0.905,0.000192296340894491,"Gphn","BLA Glut Otof/Trhr",0.537043849067066,0.567783970302496,TRUE,"higher at P10"
7.72221580947185e-09,-1.78865886152086,0.027,0.229,0.000193279339495271,"Mhrt","BLA Glut Otof/Trhr",-1.38895215489322,-1.0138569151857,TRUE,"higher at P21"
7.90406854125087e-09,-1.73563616696888,0.07,0.307,0.000197830931518968,"Pde8b","BLA Glut Otof/Trhr",-1.10530033775867,-1.37329266815694,TRUE,"higher at P21"
7.92702580149185e-09,-1.26105540756872,0.176,0.481,0.00019840552878554,"4930428E07Rik","BLA Glut Otof/Trhr",-1.3931211770867,-0.655988139080755,TRUE,"higher at P21"
8.06072394309461e-09,0.63422460448063,0.952,0.957,0.000201751859571715,"Dcc","BLA Glut Otof/Trhr",0.741974399417912,0.491239465174406,TRUE,"higher at P10"
8.0946109603328e-09,-0.608384992657237,0.738,0.961,0.00020260001772617,"Cdk14","BLA Glut Otof/Trhr",-0.537212613783676,-0.516876271666099,TRUE,"higher at P21"
8.33592419873914e-09,-0.995315351967273,0.086,0.346,0.000208639846770242,"Nuak1","BLA Glut Otof/Trhr",-0.636602228032274,-0.835405338751849,TRUE,"higher at P21"
8.46982847010378e-09,-1.14372709679041,0.053,0.286,0.000211991336778227,"Gm15243","BLA Glut Otof/Trhr",-1.00856673387577,-0.769847828782539,TRUE,"higher at P21"
8.52445130656985e-09,-1.0707472994872,0.139,0.437,0.000213358491752137,"Txlng","BLA Glut Otof/Trhr",-0.574446744490552,-0.841836325034587,TRUE,"higher at P21"
8.64792971349182e-09,-0.939340590886492,0.128,0.429,0.000216449032798987,"Mia3","BLA Glut Otof/Trhr",-0.557162549229769,-0.502207846083771,TRUE,"higher at P21"
8.69960906425499e-09,-0.793606756522012,0.401,0.792,0.000217742515269238,"Pknox2","BLA Glut Otof/Trhr",-0.657291159038913,-0.517944749605723,TRUE,"higher at P21"
8.97156301817425e-09,2.78068077468973,0.326,0.126,0.000224549250781883,"Glra2","BLA Glut Otof/Trhr",2.04303915183954,2.28239035694684,TRUE,"higher at P10"
9.39942421320584e-09,-1.0245261034261,0.07,0.32,0.000235258188632329,"Gm47134","BLA Glut Otof/Trhr",-0.902782271519535,-0.774419422425482,TRUE,"higher at P21"
9.65224288325686e-09,-1.29991387096333,0.059,0.294,0.000241585987125036,"Cap1","BLA Glut Otof/Trhr",-1.04114150443258,-0.81884110668239,TRUE,"higher at P21"
9.92513601389333e-09,-0.670227099431122,0.305,0.701,0.000248416229291736,"Trim44","BLA Glut Otof/Trhr",-0.560343010269684,-0.517874311633401,TRUE,"higher at P21"
9.98493541863663e-09,-1.38496738312622,0.053,0.286,0.000249912948593056,"Timm9","BLA Glut Otof/Trhr",-1.23425176749976,-0.6887590648385,TRUE,"higher at P21"
1.01004290345724e-08,0.881653956717277,0.807,0.732,0.000252803638306313,"Gpc6","BLA Glut Otof/Trhr",0.766635377298238,0.760252101668073,TRUE,"higher at P10"
1.01059229217792e-08,-1.13051823954543,0.08,0.333,0.000252941144809212,"Fkbp5","BLA Glut Otof/Trhr",-0.997709460873079,-0.931335367677403,TRUE,"higher at P21"
1.17181729686534e-08,-0.768426080775839,0.128,0.433,0.000293294151232426,"Ddx1","BLA Glut Otof/Trhr",-0.581778564866859,-0.544317643619213,TRUE,"higher at P21"
1.19293670394198e-08,0.572333818221986,0.909,0.931,0.000298580127629637,"Tanc2","BLA Glut Otof/Trhr",0.505335807615275,0.486134755477457,TRUE,"higher at P10"
1.21894915877238e-08,-0.717639473523855,0.299,0.684,0.00030509078494914,"Gm41609","BLA Glut Otof/Trhr",-0.851206477024784,-0.409714104005354,TRUE,"higher at P21"
1.26252310937911e-08,-0.793033622789947,0.176,0.506,0.000315996909046497,"Hnrnpl","BLA Glut Otof/Trhr",-0.624894568483477,-0.512440744166803,TRUE,"higher at P21"
1.27695604779627e-08,0.657511943456852,0.861,0.874,0.000319609329202928,"Nebl","BLA Glut Otof/Trhr",0.722018601761589,0.540244603963507,TRUE,"higher at P10"
1.27740840762549e-08,-0.834257223604596,0.23,0.584,0.000319722550344584,"Fbxl20","BLA Glut Otof/Trhr",-0.705988541737513,-0.825192181678422,TRUE,"higher at P21"
1.30395521695237e-08,-0.709498523351682,0.267,0.645,0.000326366951251008,"Baiap2","BLA Glut Otof/Trhr",-0.855148723013144,-0.607635582703756,TRUE,"higher at P21"
1.33105438474614e-08,-1.45105338116731,0.053,0.281,0.000333149601958111,"Chst1","BLA Glut Otof/Trhr",-1.04151012867597,-0.617234023434887,TRUE,"higher at P21"
1.36898594649126e-08,-0.902581188673469,0.07,0.316,0.000342643492547298,"Pdgfb","BLA Glut Otof/Trhr",-1.01910511480089,-0.584451760842859,TRUE,"higher at P21"
1.39844795058633e-08,-0.890247329494243,0.38,0.701,0.000350017537552253,"Rasgrf1","BLA Glut Otof/Trhr",-0.936714231864981,-1.13314702348844,TRUE,"higher at P21"
1.45416731295703e-08,-1.48805749150419,0.032,0.234,0.000363963536760016,"Ctdsp2","BLA Glut Otof/Trhr",-0.977866202660933,-0.826467216766943,TRUE,"higher at P21"
1.47359504812011e-08,-0.887104151900661,0.059,0.294,0.000368826104593981,"Usf3","BLA Glut Otof/Trhr",-0.954225089600092,-0.751779018012249,TRUE,"higher at P21"
1.51476909404822e-08,-1.01563211084137,0.096,0.364,0.000379131556549329,"Fkbp1a","BLA Glut Otof/Trhr",-0.862258247634788,-0.750950441274868,TRUE,"higher at P21"
1.55495857437252e-08,-0.756176768377932,0.166,0.485,0.000389190581579697,"Mtmr12","BLA Glut Otof/Trhr",-0.782795110098303,-0.69265346723251,TRUE,"higher at P21"
1.55782078135605e-08,-1.02790775474104,0.086,0.342,0.000389906963365605,"Susd1","BLA Glut Otof/Trhr",-0.775223412243437,-1.03177329065599,TRUE,"higher at P21"
1.57023482673188e-08,-0.799900270665431,0.193,0.537,0.000393014074782723,"Lmtk3","BLA Glut Otof/Trhr",-0.850980596408556,-0.550816214925392,TRUE,"higher at P21"
1.67381101664682e-08,-1.59397849868369,0.043,0.255,0.000418938159356534,"Mov10","BLA Glut Otof/Trhr",-0.848754687526212,-1.02906684440113,TRUE,"higher at P21"
1.77867796273653e-08,-2.00084417816058,0.027,0.221,0.000445185307293325,"BC005624","BLA Glut Otof/Trhr",-1.2368529171279,-0.973610912772044,TRUE,"higher at P21"
1.78425504451438e-08,-1.13323928407022,0.08,0.329,0.000446581195091505,"4933423P22Rik","BLA Glut Otof/Trhr",-0.857649745215631,-0.881341701443463,TRUE,"higher at P21"
1.81353825824343e-08,1.48820041824884,0.652,0.519,0.000453910490655748,"Il1rapl2","BLA Glut Otof/Trhr",1.46618952853324,1.3144571015108,TRUE,"higher at P10"
1.88319607055817e-08,-0.87709239924871,0.118,0.398,0.000471345144500005,"Kndc1","BLA Glut Otof/Trhr",-0.850374483218571,-0.428299935019504,TRUE,"higher at P21"
1.90101937194348e-08,-0.607367910084911,0.829,0.987,0.000475806138603732,"Opcml","BLA Glut Otof/Trhr",-0.471334096295528,-0.605749965098758,TRUE,"higher at P21"
1.90499305172841e-08,-1.23795191239736,0.075,0.32,0.000476800710917104,"Ptdss1","BLA Glut Otof/Trhr",-0.811824252097424,-0.732859737190814,TRUE,"higher at P21"
1.93103749273108e-08,-0.776375976778785,0.305,0.675,0.000483319374055661,"Gfod1","BLA Glut Otof/Trhr",-0.735864144191069,-0.664536258045002,TRUE,"higher at P21"
1.97083999892402e-08,-0.908632711761809,0.102,0.372,0.000493281543330693,"Ubn1","BLA Glut Otof/Trhr",-0.784224116407273,-0.684197812468751,TRUE,"higher at P21"
2.02081446662075e-08,-1.02572735336746,0.118,0.394,0.000505789652850509,"Elk3","BLA Glut Otof/Trhr",-0.78211117170253,-0.482932880821473,TRUE,"higher at P21"
2.05210978481378e-08,-0.663679832952673,0.128,0.424,0.000513622558041041,"Smc5","BLA Glut Otof/Trhr",-0.693891808825462,-0.625487759841428,TRUE,"higher at P21"
2.12125278031018e-08,-0.831661824820435,0.235,0.567,0.000530928358383835,"Lmo7","BLA Glut Otof/Trhr",-0.736152656063831,-0.871711316465097,TRUE,"higher at P21"
2.1357870149195e-08,-1.9569796033344,0.032,0.229,0.000534566131964202,"Tmod1","BLA Glut Otof/Trhr",-1.15086884272833,-1.15022457968469,TRUE,"higher at P21"
2.14926633050903e-08,-0.915815080208347,0.219,0.541,0.000537939869863105,"Npas2","BLA Glut Otof/Trhr",-1.29522950876738,-0.585522881085661,TRUE,"higher at P21"
2.15242274171166e-08,-1.59423191165947,0.032,0.229,0.000538729888023012,"Olfr239","BLA Glut Otof/Trhr",-1.0866957519489,-1.04675937919169,TRUE,"higher at P21"
2.1764875609632e-08,-0.986106936466922,0.139,0.429,0.000544753071633478,"Prkg2","BLA Glut Otof/Trhr",-1.04410460899244,-0.761133849944195,TRUE,"higher at P21"
2.20712987065879e-08,-0.76600731243768,0.209,0.55,0.000552422535327188,"Rnf112","BLA Glut Otof/Trhr",-0.781551754575674,-0.590296071023725,TRUE,"higher at P21"
2.21838357396452e-08,-0.625236995787301,0.251,0.636,0.00055523922472758,"Cacng8","BLA Glut Otof/Trhr",-0.639058195143388,-0.62810278602399,TRUE,"higher at P21"
2.2495142605288e-08,-0.585009984124473,0.305,0.732,0.000563030924267755,"Chd4","BLA Glut Otof/Trhr",-0.646769849190512,-0.463017950663427,TRUE,"higher at P21"
2.27897716497391e-08,-1.07847172678622,0.096,0.355,0.000570405194621321,"Dnal1","BLA Glut Otof/Trhr",-1.11446124774071,-0.808065500561154,TRUE,"higher at P21"
2.29961660460912e-08,-0.548587906658309,0.155,0.468,0.000575571039967616,"Ncapd3","BLA Glut Otof/Trhr",-0.581854788144373,-0.518361174348298,TRUE,"higher at P21"
2.33235983550963e-08,0.721754941327016,0.834,0.848,0.000583766343229706,"Slco3a1","BLA Glut Otof/Trhr",0.74759482605608,0.662256263381871,TRUE,"higher at P10"
2.49137578838306e-08,-0.711745050171023,0.193,0.532,0.000623566446074395,"Usp40","BLA Glut Otof/Trhr",-0.465363297835524,-0.743204431383057,TRUE,"higher at P21"
2.50475629718376e-08,-0.764474733044549,0.198,0.528,0.000626915453622122,"Nek10","BLA Glut Otof/Trhr",-0.730109198914013,-0.668640188808995,TRUE,"higher at P21"
2.50839064901692e-08,-0.515107969705379,0.209,0.567,0.000627825095542444,"Nhsl2","BLA Glut Otof/Trhr",-0.691790198142256,-0.444188422118582,TRUE,"higher at P21"
2.52368500882313e-08,-0.651891562296684,0.358,0.775,0.000631653120858341,"Ptprn","BLA Glut Otof/Trhr",-0.538434953342881,-0.618543605537066,TRUE,"higher at P21"
2.61962014870814e-08,-0.713101407337611,0.23,0.597,0.000655664727020161,"Col4a2","BLA Glut Otof/Trhr",-0.68816530236224,-0.593155369599764,TRUE,"higher at P21"
2.65649533364482e-08,-1.42621476548222,0.048,0.264,0.000664894217057963,"Foxo3","BLA Glut Otof/Trhr",-1.04151012867597,-0.972868253505705,TRUE,"higher at P21"
2.68097996072779e-08,-1.8361896750131,0.027,0.216,0.000671022474370559,"Hpcal4","BLA Glut Otof/Trhr",-1.29962958573572,-1.05301060166605,TRUE,"higher at P21"
2.71194352495362e-08,-0.816161494457602,0.118,0.398,0.000678772344860641,"Fam120b","BLA Glut Otof/Trhr",-0.541092610217657,-0.593603292725714,TRUE,"higher at P21"
2.7830887787924e-08,-1.04397457927133,0.053,0.277,0.000696579290443949,"Arhgef17","BLA Glut Otof/Trhr",-1.00856673387577,-0.738380519048636,TRUE,"higher at P21"
2.87806239754012e-08,-1.31176017023145,0.08,0.32,0.000720350237480316,"Leng8","BLA Glut Otof/Trhr",-0.638898852101374,-0.809010094606471,TRUE,"higher at P21"
2.93553446900178e-08,-0.936131295996989,0.08,0.325,0.000734734922246456,"Smpd4","BLA Glut Otof/Trhr",-0.880622567448499,-0.657229663146852,TRUE,"higher at P21"
2.97085165575218e-08,-1.18040976045463,0.064,0.294,0.000743574460918214,"Rab4a","BLA Glut Otof/Trhr",-0.69701063526011,-0.81884110668239,TRUE,"higher at P21"
2.97688370508987e-08,-1.62120815434573,0.032,0.229,0.000745084222546945,"Rmnd5b","BLA Glut Otof/Trhr",-1.0866957519489,-0.896143079574556,TRUE,"higher at P21"
3.03014457052412e-08,-0.647258123477839,0.144,0.446,0.000758414884556481,"P4htm","BLA Glut Otof/Trhr",-0.726240722724268,-0.606868467281266,TRUE,"higher at P21"
3.03518584283302e-08,-0.736849757212795,0.128,0.416,0.000759676664602677,"Cabp1","BLA Glut Otof/Trhr",-0.634238059871358,-0.707037680195144,TRUE,"higher at P21"
3.17523643364618e-08,-2.03455192155889,0.021,0.203,0.000794729926977301,"Gm32618","BLA Glut Otof/Trhr",-1.48796678688724,-1.01776423535476,TRUE,"higher at P21"
3.34621135459259e-08,-1.22950380229243,0.043,0.251,0.000837523239940979,"Gm16316","BLA Glut Otof/Trhr",-1.11783285697096,-0.604473788271746,TRUE,"higher at P21"
3.50271457905988e-08,-0.582881360075788,0.187,0.519,0.000876694431992898,"Shprh","BLA Glut Otof/Trhr",-0.501375692333578,-0.497485612203517,TRUE,"higher at P21"
3.58946974478897e-08,-0.683211499741841,0.128,0.42,0.000898408382423232,"Kdm7a","BLA Glut Otof/Trhr",-0.71612654294822,-0.757519834004877,TRUE,"higher at P21"
3.68725584126376e-08,-0.645383727186998,0.326,0.719,0.000922883264509906,"Pias1","BLA Glut Otof/Trhr",-0.7080986429029,-0.443756462940822,TRUE,"higher at P21"
3.78383563568717e-08,0.58655519586502,0.872,0.905,0.000947056221256142,"Ncam1","BLA Glut Otof/Trhr",0.540537960237573,0.666290111182764,TRUE,"higher at P10"
3.78455748589369e-08,-0.570749944011705,0.16,0.476,0.000947236893144333,"Rasa3","BLA Glut Otof/Trhr",-0.575752972069555,-0.434123866776699,TRUE,"higher at P21"
3.85709614268679e-08,-0.61495433521701,0.321,0.693,0.000965392593553076,"Arhgap32","BLA Glut Otof/Trhr",-0.627740794622413,-0.57699350007641,TRUE,"higher at P21"
3.88228906734554e-08,-0.621088667256319,0.791,0.957,0.000971698130665914,"Gria3","BLA Glut Otof/Trhr",-0.670896648338479,-0.776938502216157,TRUE,"higher at P21"
3.89609755890663e-08,-1.41658127496861,0.059,0.281,0.00097515425801874,"Pptc7","BLA Glut Otof/Trhr",-0.878435827373187,-0.769847828782539,TRUE,"higher at P21"
4.07816650635735e-08,-0.748388794663014,0.176,0.498,0.00102072429487618,"Tbce","BLA Glut Otof/Trhr",-0.508266287663538,-0.597717067611776,TRUE,"higher at P21"
4.10101428620706e-08,-1.11860840453514,0.075,0.312,0.00102644286569477,"Frmpd3","BLA Glut Otof/Trhr",-1.07835928375657,-0.839854213011276,TRUE,"higher at P21"
4.10264294794273e-08,-0.738556963266897,0.364,0.74,0.00102685050344058,"Hap1","BLA Glut Otof/Trhr",-0.490217614619794,-0.790771388872137,TRUE,"higher at P21"
4.23002422705749e-08,-1.28642096763062,0.059,0.281,0.00105873276379022,"Dnmbp","BLA Glut Otof/Trhr",-0.656376503280932,-0.92054566707545,TRUE,"higher at P21"
4.23693857220202e-08,-0.922634674189113,0.08,0.325,0.00106046335523644,"Dcun1d5","BLA Glut Otof/Trhr",-0.675421522235786,-0.862809549916563,TRUE,"higher at P21"
4.2425144330577e-08,-1.03197468822402,0.08,0.32,0.00106185893745001,"Mkln1os","BLA Glut Otof/Trhr",-0.962835853855086,-0.816527710200783,TRUE,"higher at P21"
4.29152816605967e-08,-0.861432184845022,0.08,0.325,0.00107412658468308,"Gm49127","BLA Glut Otof/Trhr",-0.881347518056692,-0.606302707830468,TRUE,"higher at P21"
4.40281881380713e-08,-1.24473660845255,0.064,0.29,0.00110198152090779,"Rnpep","BLA Glut Otof/Trhr",-0.904446327414902,-0.866454398238625,TRUE,"higher at P21"
4.8199945715624e-08,0.697782481081727,0.914,0.952,0.00120639644131635,"Tcf4","BLA Glut Otof/Trhr",0.789501290931376,0.68122926087259,TRUE,"higher at P10"
4.92104565622854e-08,-0.694275517206622,0.107,0.377,0.00123168851729744,"Flrt1","BLA Glut Otof/Trhr",-0.703343229166185,-0.716933344422505,TRUE,"higher at P21"
5.12185336616772e-08,-0.53093834234524,0.444,0.866,0.00128194867901812,"Atp2b2","BLA Glut Otof/Trhr",-0.45696102291236,-0.441353983191266,TRUE,"higher at P21"
5.39768506049431e-08,-1.44720155495472,0.027,0.212,0.00135098659379112,"Asphd2","BLA Glut Otof/Trhr",-1.2368529171279,-0.845663533514269,TRUE,"higher at P21"
5.50535787778024e-08,-0.525752268830448,0.112,0.39,0.00137793602322962,"Sf3b2","BLA Glut Otof/Trhr",-0.676360236941353,-0.727541459285929,TRUE,"higher at P21"
5.63340952054252e-08,-1.09617118098263,0.059,0.277,0.00140998606889659,"Dcaf17","BLA Glut Otof/Trhr",-0.735392843443211,-0.830795358174527,TRUE,"higher at P21"
5.73262904343389e-08,-1.32013334020706,0.048,0.255,0.00143481972328107,"Dcun1d4","BLA Glut Otof/Trhr",-0.995244406583351,-0.972979117769763,TRUE,"higher at P21"
5.78915338385216e-08,-1.33727613681356,0.059,0.277,0.00144896720044436,"Atg10","BLA Glut Otof/Trhr",-0.507828450877109,-1.05169829841166,TRUE,"higher at P21"
6.13033354086416e-08,-0.603925822633922,0.246,0.602,0.00153436118194289,"Nr6a1","BLA Glut Otof/Trhr",-0.701912239767066,-0.716863388698862,TRUE,"higher at P21"
6.15358811224876e-08,-1.03842182595044,0.064,0.29,0.00154018156861474,"Atp8b2","BLA Glut Otof/Trhr",-1.03408651115221,-0.720328153588657,TRUE,"higher at P21"
6.22222349055813e-08,-0.604611204557363,0.337,0.745,0.00155736031745179,"Abcc5","BLA Glut Otof/Trhr",-0.468409951603488,-0.449070748936186,TRUE,"higher at P21"
6.41712474615432e-08,-0.687260629751204,0.695,0.896,0.00160614215271497,"Cnksr2","BLA Glut Otof/Trhr",-0.496089619053194,-0.688345522853626,TRUE,"higher at P21"
6.46858421168223e-08,-1.46699649311938,0.032,0.221,0.00161902194234195,"Tmem116","BLA Glut Otof/Trhr",-0.912540277198091,-1.18312726107648,TRUE,"higher at P21"
6.53016333301156e-08,-0.634683189009516,0.481,0.814,0.00163443458061946,"Dapk1","BLA Glut Otof/Trhr",-0.599356437440352,-0.61357698809869,TRUE,"higher at P21"
6.63681242832784e-08,-0.731125390238857,0.107,0.368,0.00166112778268618,"Ankrd13c","BLA Glut Otof/Trhr",-0.898838480279672,-0.482236177000106,TRUE,"higher at P21"
6.74723839536359e-08,-0.944692385102067,0.112,0.377,0.00168876629797555,"Comt","BLA Glut Otof/Trhr",-0.472122236811333,-0.818933644733854,TRUE,"higher at P21"
6.98601770007643e-08,-0.738239665240914,0.112,0.381,0.00174853037015213,"Slc7a6","BLA Glut Otof/Trhr",-0.66485369911183,-0.696853544963756,TRUE,"higher at P21"
7.19888662572238e-08,-0.843515147052708,0.112,0.377,0.00180180933355205,"Inpp5b","BLA Glut Otof/Trhr",-0.773260786827684,-0.432780989101457,TRUE,"higher at P21"
7.20146174163814e-08,-0.57088389230904,0.118,0.39,0.00180245385931461,"Pxdn","BLA Glut Otof/Trhr",-0.738612440507778,-0.470482940814738,TRUE,"higher at P21"
7.25322968046658e-08,-1.14193093981227,0.075,0.307,0.00181541085672398,"Katnal2","BLA Glut Otof/Trhr",-0.675421522235786,-0.839854213011276,TRUE,"higher at P21"
7.29101443341806e-08,-0.687385835735315,0.332,0.71,0.00182486800254021,"Man1a2","BLA Glut Otof/Trhr",-0.545694005684928,-0.617755078420933,TRUE,"higher at P21"
7.37028348153895e-08,-1.65746668694651,0.027,0.208,0.00184470825259438,"Prag1","BLA Glut Otof/Trhr",-1.17121985502862,-1.2342677941601,TRUE,"higher at P21"
7.45174509478553e-08,-1.19031698067557,0.08,0.316,0.00186509727977387,"Cers1","BLA Glut Otof/Trhr",-0.650746826349182,-0.71925660601519,TRUE,"higher at P21"
7.4730239015187e-08,1.99430425803196,0.594,0.468,0.00187042315231111,"Grik1","BLA Glut Otof/Trhr",2.13382738091146,1.84479500986971,TRUE,"higher at P10"
7.6243423121841e-08,-0.695886032963597,0.283,0.636,0.00190829663731656,"Gabra3","BLA Glut Otof/Trhr",-0.523397543018461,-0.771373882282245,TRUE,"higher at P21"
7.71876281616551e-08,-0.734848858973856,0.182,0.498,0.00193192914525806,"Zc3h7a","BLA Glut Otof/Trhr",-0.538654983716208,-0.591360309651458,TRUE,"higher at P21"
7.75079709417829e-08,0.541814135983396,0.989,0.974,0.00193994700470188,"Cntn5","BLA Glut Otof/Trhr",0.623915875960797,0.598486411476024,TRUE,"higher at P10"
7.82932372829067e-08,-0.762863152307639,0.139,0.424,0.00195960143595387,"Tgfbr3","BLA Glut Otof/Trhr",-0.688792736362142,-0.601839651614574,TRUE,"higher at P21"
8.047754542788e-08,-0.700865414758318,0.118,0.385,0.00201427248451441,"Samd4","BLA Glut Otof/Trhr",-0.657891680292419,-0.558534166133275,TRUE,"higher at P21"
8.052516436428e-08,-0.56613915905574,0.23,0.58,0.00201546433887356,"Cluap1","BLA Glut Otof/Trhr",-0.558258040006548,-0.457110840108934,TRUE,"higher at P21"
8.32023464661686e-08,-1.11479484712216,0.07,0.294,0.00208247152970173,"Pkd1l3","BLA Glut Otof/Trhr",-0.83235861135543,-0.800723068662472,TRUE,"higher at P21"
8.34095924998511e-08,0.785368032088422,0.77,0.823,0.00208765869067877,"C130071C03Rik","BLA Glut Otof/Trhr",0.802866338155068,0.795453291118441,TRUE,"higher at P10"
8.37489644390408e-08,-0.604082770815806,0.439,0.805,0.00209615283094475,"Dcaf6","BLA Glut Otof/Trhr",-0.531978165477069,-0.430348572811713,TRUE,"higher at P21"
8.37739696590363e-08,-0.852053294503167,0.497,0.792,0.00209677868659602,"Egfem1","BLA Glut Otof/Trhr",-0.802967656962696,-0.89978161242132,TRUE,"higher at P21"
8.64972952269897e-08,-0.847393639452745,0.123,0.39,0.00216494080223633,"Peak1","BLA Glut Otof/Trhr",-0.796912723479693,-0.811253162578724,TRUE,"higher at P21"
8.72249571510427e-08,-0.648433831171934,0.358,0.745,0.00218315345253345,"Rock1","BLA Glut Otof/Trhr",-0.621407665277989,-0.58841253373041,TRUE,"higher at P21"
8.78618988812966e-08,-0.614846873245503,0.203,0.528,0.00219909546709997,"Gripap1","BLA Glut Otof/Trhr",-0.783750124768418,-0.46819888777279,TRUE,"higher at P21"
8.81943978232982e-08,-1.53073477826768,0.027,0.208,0.00220741758311933,"Wbp11","BLA Glut Otof/Trhr",-0.698761851203792,-1.16447321480283,TRUE,"higher at P21"
8.88156651940516e-08,-2.25412840371343,0.032,0.216,0.00222296728414192,"mt-Nd4","BLA Glut Otof/Trhr",-1.87560562602523,-0.727949697903125,TRUE,"higher at P21"
9.00827589166774e-08,-1.27387206405709,0.048,0.251,0.00225468137292552,"Rap2b","BLA Glut Otof/Trhr",-0.660186392001654,-0.789807633660656,TRUE,"higher at P21"
9.01355462575762e-08,-0.60145971846693,0.15,0.446,0.00225600258728087,"Pspc1","BLA Glut Otof/Trhr",-0.763246443768935,-0.528362315013896,TRUE,"higher at P21"
9.11969273643825e-08,-0.669892516308399,0.193,0.506,0.00228256789500313,"Copg2","BLA Glut Otof/Trhr",-0.556811144847042,-0.971733547373474,TRUE,"higher at P21"
9.32171060221526e-08,-1.02850307449637,0.112,0.372,0.00233313094662846,"Uso1","BLA Glut Otof/Trhr",-0.593862736794069,-0.621177079358763,TRUE,"higher at P21"
9.48097900096534e-08,-0.701094824465391,0.112,0.377,0.00237299423415161,"Slc25a25","BLA Glut Otof/Trhr",-0.740832527840155,-0.634880778594576,TRUE,"higher at P21"
9.65570882386212e-08,-0.552184200999707,0.267,0.628,0.00241672736152445,"Ogt","BLA Glut Otof/Trhr",-0.560867540037365,-0.562336201655536,TRUE,"higher at P21"
9.93785586217963e-08,-1.21697681813295,0.075,0.299,0.00248734594374494,"Bdh1","BLA Glut Otof/Trhr",-0.834918940047877,-0.758692382127754,TRUE,"higher at P21"
9.97259469057661e-08,1.39284336413457,0.599,0.532,0.00249604072510442,"Pitpnc1","BLA Glut Otof/Trhr",1.42325667772107,1.18778944187601,TRUE,"higher at P10"
1.00010498760709e-07,-0.624277229391559,0.198,0.528,0.00250316277348178,"Rsf1os2","BLA Glut Otof/Trhr",-0.648254449830412,-0.590296071023725,TRUE,"higher at P21"
1.00021698514964e-07,-1.5214639628251,0.053,0.26,0.00250344309213104,"Sft2d1","BLA Glut Otof/Trhr",-0.693376124533075,-0.821976625048859,TRUE,"higher at P21"
1.06828306341321e-07,-0.755521818517075,0.112,0.377,0.00267380567941692,"Crym","BLA Glut Otof/Trhr",-0.428380993840066,-0.627184104559641,TRUE,"higher at P21"
1.08521864044777e-07,1.18723509240241,0.652,0.628,0.00271619373517673,"B830012L14Rik","BLA Glut Otof/Trhr",1.02461664643629,1.18235446881476,TRUE,"higher at P10"
1.10846155742063e-07,-0.664377204164696,0.187,0.494,0.00277436843206808,"9130015G15Rik","BLA Glut Otof/Trhr",-0.664782314171021,-0.426519370915444,TRUE,"higher at P21"
1.12426028468368e-07,-1.25209164507385,0.053,0.26,0.00281391106653478,"Thoc7","BLA Glut Otof/Trhr",-0.822908704042463,-0.800643415228874,TRUE,"higher at P21"
1.12540510627658e-07,-0.954715306410267,0.086,0.325,0.00281677644049966,"Chpt1","BLA Glut Otof/Trhr",-0.95972663071546,-0.800782607048225,TRUE,"higher at P21"
1.15650475542653e-07,-1.90577321462373,0.027,0.203,0.00289461575235706,"Kdsr","BLA Glut Otof/Trhr",-1.11913908151676,-0.635878268616265,TRUE,"higher at P21"
1.15650475542653e-07,-1.88265637477462,0.027,0.203,0.00289461575235706,"Kcnk9","BLA Glut Otof/Trhr",-1.1024580199043,-1.2342677941601,TRUE,"higher at P21"
1.18745640262262e-07,-0.54611723376275,0.171,0.472,0.00297208463012415,"Gm1976","BLA Glut Otof/Trhr",-0.492088052754759,-0.7665969816561,TRUE,"higher at P21"
1.26472269076852e-07,-0.654656936733443,0.176,0.481,0.00316547442272452,"Jph1","BLA Glut Otof/Trhr",-0.569912411989578,-0.753807255699669,TRUE,"higher at P21"
1.2647832983397e-07,-1.55198796799345,0.037,0.225,0.00316562611741445,"Zfp30","BLA Glut Otof/Trhr",-0.774721914382187,-1.00527398255371,TRUE,"higher at P21"
1.27850388994625e-07,-0.876663873850766,0.096,0.338,0.00319996738614646,"4933412O06Rik","BLA Glut Otof/Trhr",-0.489988344813868,-0.65185384278211,TRUE,"higher at P21"
1.28460181685414e-07,-1.44801447303567,0.043,0.238,0.00321522988740424,"Gm12940","BLA Glut Otof/Trhr",-0.78211572107374,-0.878547230201321,TRUE,"higher at P21"
1.32521836097561e-07,-1.19948372102376,0.048,0.247,0.00331688903568586,"Smoc1","BLA Glut Otof/Trhr",-0.794322585866033,-1.43208416361844,TRUE,"higher at P21"
1.35018615628997e-07,-0.656655153772493,0.096,0.346,0.00337938093057817,"Taok2","BLA Glut Otof/Trhr",-0.591493211357385,-0.489434008500322,TRUE,"higher at P21"
1.36168368538612e-07,-1.16403000038257,0.053,0.26,0.00340815809615292,"Slc27a1","BLA Glut Otof/Trhr",-0.757549215312512,-0.789807633660656,TRUE,"higher at P21"
1.36560396230769e-07,-0.934446546071518,0.107,0.359,0.00341797015725991,"Rab6a","BLA Glut Otof/Trhr",-0.722209647825001,-0.455291085233318,TRUE,"higher at P21"
1.38188560791441e-07,-0.692234751766729,0.123,0.39,0.00345872148804897,"Rsbn1","BLA Glut Otof/Trhr",-0.548234026124067,-0.516634289283821,TRUE,"higher at P21"
1.38298187174556e-07,-0.811779683235876,0.134,0.407,0.00346146532679197,"Celf3","BLA Glut Otof/Trhr",-0.50960172858916,-0.525042678356915,TRUE,"higher at P21"
1.38456637232271e-07,-0.599714363849694,0.08,0.312,0.0034654311732865,"St6gal1","BLA Glut Otof/Trhr",-0.821152832155311,-0.671321162988207,TRUE,"higher at P21"
1.4019787622156e-07,-0.993005726496737,0.08,0.312,0.00350901264394941,"Ddi2","BLA Glut Otof/Trhr",-0.901409188437867,-0.693878390885074,TRUE,"higher at P21"
1.43078905349109e-07,-0.670881164895924,0.123,0.385,0.00358112192198286,"Sil1","BLA Glut Otof/Trhr",-0.683694142999023,-0.654853550948586,TRUE,"higher at P21"
1.44908182861866e-07,-1.64434768948568,0.032,0.212,0.00362690690884965,"Fam229b","BLA Glut Otof/Trhr",-1.11913908151676,-1.01055365085071,TRUE,"higher at P21"
1.46445592144453e-07,-0.65237825340381,0.198,0.524,0.00366538672578352,"Psma3","BLA Glut Otof/Trhr",-0.55201508096506,-0.603080423683277,TRUE,"higher at P21"
1.47225336944435e-07,-0.783549893700214,0.273,0.61,0.00368490295838227,"Ildr2","BLA Glut Otof/Trhr",-0.501034101382646,-0.849585265350419,TRUE,"higher at P21"
1.48966966454059e-07,-0.688674076638788,0.267,0.641,0.00372849420337863,"Wdr33","BLA Glut Otof/Trhr",-0.529207415149351,-0.465981480407907,TRUE,"higher at P21"
1.51805322566138e-07,0.734580286370487,0.765,0.788,0.00379953541850786,"Nav1","BLA Glut Otof/Trhr",0.649735895311059,0.844358176523682,TRUE,"higher at P10"
1.51830491358437e-07,-1.12808253505352,0.064,0.277,0.00380016536821032,"Necab2","BLA Glut Otof/Trhr",-0.973996098126005,-0.676866599968751,TRUE,"higher at P21"
1.52208690117057e-07,-0.824733911332104,0.075,0.303,0.00380963130493982,"Ypel1","BLA Glut Otof/Trhr",-0.923769199694034,-0.445374602764731,TRUE,"higher at P21"
1.54563211116326e-07,-0.87783178035717,0.118,0.377,0.00386856261103052,"Kcnc2","BLA Glut Otof/Trhr",-0.451277340558273,-0.9085059812406,TRUE,"higher at P21"
1.54989470566039e-07,-0.655612281190937,0.134,0.407,0.00387923145879739,"Baz1b","BLA Glut Otof/Trhr",-0.527987277391963,-0.600643963668717,TRUE,"higher at P21"
1.610685310791e-07,-1.07914829658949,0.086,0.32,0.00403138426437879,"Fyco1","BLA Glut Otof/Trhr",-0.758841675546275,-0.695031032039256,TRUE,"higher at P21"
1.61134020780524e-07,-1.39725640205574,0.053,0.255,0.00403302340611573,"Gm17276","BLA Glut Otof/Trhr",-1.09216283987599,-0.94392611868154,TRUE,"higher at P21"
1.64064614050028e-07,-0.722927955754281,0.171,0.468,0.00410637322505816,"Col4a1","BLA Glut Otof/Trhr",-0.48737005180634,-0.826643199612576,TRUE,"higher at P21"
1.6419509523702e-07,-1.06927092831358,0.086,0.316,0.00410963903868738,"Car12","BLA Glut Otof/Trhr",-0.940353512159907,-0.910380591642653,TRUE,"higher at P21"
1.66260518999352e-07,2.19932829808623,0.385,0.221,0.00416133453003478,"Dpysl3","BLA Glut Otof/Trhr",1.75542989638002,1.82079168795563,TRUE,"higher at P10"
1.72250868844986e-07,-1.5961762967309,0.032,0.212,0.00431126699632116,"Zbtb7a","BLA Glut Otof/Trhr",-1.11913908151676,-0.814496058182712,TRUE,"higher at P21"
1.72613405080627e-07,-1.07203255196354,0.096,0.338,0.00432034091576301,"Phf6","BLA Glut Otof/Trhr",-0.496809784787974,-0.934463461338811,TRUE,"higher at P21"
1.72730310311195e-07,-0.547328048396268,0.701,0.922,0.0043232669367789,"Syn2","BLA Glut Otof/Trhr",-0.678691375797648,-0.424889294358916,TRUE,"higher at P21"
1.73647626845885e-07,-0.861035405005961,0.096,0.338,0.00434622645232566,"Arhgap17","BLA Glut Otof/Trhr",-0.544928112546864,-0.814750573097929,TRUE,"higher at P21"
1.76424970941114e-07,-1.57834138478512,0.043,0.234,0.00441574059768513,"Vps37b","BLA Glut Otof/Trhr",-0.814559050641601,-1.00313106071542,TRUE,"higher at P21"
1.78982059066795e-07,-0.949023749507778,0.07,0.29,0.0044797419563828,"Birc2","BLA Glut Otof/Trhr",-0.597766119230217,-0.575500830416628,TRUE,"higher at P21"
1.81509471636374e-07,-0.514502186120537,0.738,0.931,0.00454300056558682,"Ak5","BLA Glut Otof/Trhr",-0.630795879408521,-0.493272973694598,TRUE,"higher at P21"
1.83181728369841e-07,-0.639018345704325,0.075,0.299,0.00458485547936876,"6030443J06Rik","BLA Glut Otof/Trhr",-0.512057917990356,-0.682169160495453,TRUE,"higher at P21"
1.85684972176279e-07,-0.664503998846218,0.112,0.372,0.00464750916860008,"Gpatch2","BLA Glut Otof/Trhr",-0.587243958686739,-0.558852695648682,TRUE,"higher at P21"
1.87859549843597e-07,-0.978022094968825,0.075,0.299,0.00470193667303539,"Prr14","BLA Glut Otof/Trhr",-0.638898852101374,-0.567324096397411,TRUE,"higher at P21"
1.91530654588591e-07,-0.827683475321132,0.107,0.359,0.00479382075369784,"Urgcp","BLA Glut Otof/Trhr",-0.688625199163902,-0.717592399000072,TRUE,"higher at P21"
1.92173644292789e-07,-0.845261045310509,0.096,0.338,0.00480991414300423,"Sdc2","BLA Glut Otof/Trhr",-0.696268024107394,-0.432780989101457,TRUE,"higher at P21"
1.9386938818782e-07,-0.95919528245421,0.075,0.299,0.00485235691695295,"Rbm24","BLA Glut Otof/Trhr",-0.448810524500042,-0.901389116628177,TRUE,"higher at P21"
2.10422511455098e-07,-0.738547468452719,0.203,0.515,0.00526666503920964,"Sort1","BLA Glut Otof/Trhr",-0.702182620121582,-0.48000400216629,TRUE,"higher at P21"
2.14031993153819e-07,-0.585724721631962,0.16,0.455,0.00535700675664693,"Hmg20a","BLA Glut Otof/Trhr",-0.502481686646538,-0.561951283505625,TRUE,"higher at P21"
2.15363155972474e-07,-1.35034646994495,0.059,0.26,0.00539032443083504,"Gpr68","BLA Glut Otof/Trhr",-0.931904768385279,-0.605162958838276,TRUE,"higher at P21"
2.15983585872136e-07,-0.546499406845145,0.214,0.55,0.0054058531707937,"Qrich1","BLA Glut Otof/Trhr",-0.661790533662722,-0.499940047730628,TRUE,"higher at P21"
2.22385183609681e-07,-0.621687665958559,0.219,0.554,0.00556607876056671,"Nfx1","BLA Glut Otof/Trhr",-0.438274810771327,-0.575792466851304,TRUE,"higher at P21"
2.23180590492795e-07,-0.829892150541404,0.171,0.455,0.00558598699944416,"Tox3","BLA Glut Otof/Trhr",-0.999925560631028,-0.904335046332336,TRUE,"higher at P21"
2.23310529106879e-07,-0.594274809005521,0.267,0.628,0.00558923923301607,"Pdcd4","BLA Glut Otof/Trhr",-0.579367437867116,-0.591610844049663,TRUE,"higher at P21"
2.34636251950832e-07,-0.877595814104846,0.155,0.424,0.00587271075007738,"Cnnm2","BLA Glut Otof/Trhr",-0.841752596036304,-0.624074492538159,TRUE,"higher at P21"
2.35682361800796e-07,-1.69854931663161,0.032,0.208,0.00589889383351212,"Hrk","BLA Glut Otof/Trhr",-1.42558738029576,-0.428698389321255,TRUE,"higher at P21"
2.35846508477489e-07,-1.14277595459462,0.043,0.234,0.00590300226068307,"Snw1","BLA Glut Otof/Trhr",-0.570456343022892,-1.0326657152222,TRUE,"higher at P21"
2.37498200136969e-07,2.5312690033837,0.337,0.156,0.00594434245122819,"Vwc2l","BLA Glut Otof/Trhr",2.15853525649145,1.74871863746492,TRUE,"higher at P10"
2.47582994407806e-07,-0.838837004105015,0.064,0.277,0.00619675476703299,"Disp3","BLA Glut Otof/Trhr",-0.904446327414902,-0.751779018012249,TRUE,"higher at P21"
2.53041101008387e-07,-0.776025678552207,0.123,0.381,0.00633336571713892,"Ppargc1b","BLA Glut Otof/Trhr",-1.0128744482329,-0.404744384596776,TRUE,"higher at P21"
2.54966668743053e-07,-0.95834575798387,0.102,0.342,0.00638156075196986,"Golga1","BLA Glut Otof/Trhr",-0.550774738198043,-0.643086561808948,TRUE,"higher at P21"
2.55429300168537e-07,-1.50320861800526,0.086,0.307,0.00639313995391832,"mt-Atp6","BLA Glut Otof/Trhr",-1.39297852440538,-0.559825162377054,TRUE,"higher at P21"
2.55446207600238e-07,-0.87865013666991,0.096,0.329,0.00639356313002635,"Pex14","BLA Glut Otof/Trhr",-0.553924844074259,-0.671321162988207,TRUE,"higher at P21"
2.60166780762777e-07,-0.672115134042268,0.187,0.498,0.00651171435571154,"Polr3h","BLA Glut Otof/Trhr",-0.550506875552557,-0.653561703726798,TRUE,"higher at P21"
2.67542635641385e-07,-1.50145955213314,0.032,0.208,0.00669632462746823,"Mapk1ip1","BLA Glut Otof/Trhr",-0.796970597793195,-0.973415866260995,TRUE,"higher at P21"
2.7640906992447e-07,2.0452920675175,0.519,0.411,0.00691824261113956,"Gsdme","BLA Glut Otof/Trhr",1.73276503776253,2.19711980750763,TRUE,"higher at P10"
2.76501420118116e-07,-0.661463516874799,0.449,0.788,0.00692055404413633,"Zmynd8","BLA Glut Otof/Trhr",-0.550839016530866,-0.559439426656104,TRUE,"higher at P21"
2.86361665367858e-07,-1.11875451501619,0.037,0.221,0.00716734612249211,"Gm46218","BLA Glut Otof/Trhr",-0.966658288406921,-0.668835835385839,TRUE,"higher at P21"
2.86417126396272e-07,-0.682153047046974,0.118,0.372,0.0071687342565723,"Pea15a","BLA Glut Otof/Trhr",-0.801448311005175,-0.405344598114217,TRUE,"higher at P21"
2.94050888303786e-07,-0.550115763188453,0.144,0.424,0.00735979968335545,"Kcmf1","BLA Glut Otof/Trhr",-0.463116207674762,-0.535915827998548,TRUE,"higher at P21"
2.97909584484107e-07,-0.930709809446072,0.123,0.368,0.00745637899005272,"Ccdc6","BLA Glut Otof/Trhr",-0.466899573540808,-0.659290618627266,TRUE,"higher at P21"
3.09494994025239e-07,-0.792390050955313,0.059,0.264,0.0077463502054577,"Wipi2","BLA Glut Otof/Trhr",-0.673953109312288,-0.945470738400903,TRUE,"higher at P21"
3.09999389358664e-07,-1.12330206612691,0.07,0.281,0.007758974716258,"Enpp2","BLA Glut Otof/Trhr",-0.856217172709015,-0.774419422425482,TRUE,"higher at P21"
3.17720395244259e-07,-0.629930448970207,0.059,0.264,0.00795222377256857,"Smad4","BLA Glut Otof/Trhr",-0.743892363880185,-0.490827305613366,TRUE,"higher at P21"
3.20267929143624e-07,-0.662033991897795,0.535,0.853,0.00801598599853576,"Trim9","BLA Glut Otof/Trhr",-0.506627596179242,-0.722617636523211,TRUE,"higher at P21"
3.23179251711161e-07,-0.642869148304564,0.54,0.844,0.00808885349107864,"Tiam1","BLA Glut Otof/Trhr",-0.406185806098404,-0.725744384814037,TRUE,"higher at P21"
3.24358067348012e-07,-0.956686594802402,0.064,0.273,0.0081183580676534,"4930486F22Rik","BLA Glut Otof/Trhr",-0.690456751293276,-0.413205611376528,TRUE,"higher at P21"
3.31732415401358e-07,-0.862691418803517,0.091,0.32,0.0083029306250806,"Ptger4","BLA Glut Otof/Trhr",-0.775223412243437,-0.823378405094579,TRUE,"higher at P21"
3.36019121189849e-07,-0.85018706641211,0.086,0.307,0.00841022258426074,"Ppp1r2","BLA Glut Otof/Trhr",-0.563615817182258,-0.889116961312541,TRUE,"higher at P21"
3.39814757751608e-07,-0.823604149136912,0.08,0.303,0.008505223571765,"Gclc","BLA Glut Otof/Trhr",-0.588719883480844,-0.552923014493244,TRUE,"higher at P21"
3.43745976829104e-07,-0.582855085922356,0.15,0.433,0.00860361805405564,"Mia2","BLA Glut Otof/Trhr",-0.788022355311106,-0.549667746047303,TRUE,"higher at P21"
3.48991037929126e-07,-0.899183517771088,0.043,0.229,0.00873489668832811,"Ecd","BLA Glut Otof/Trhr",-0.940846572817366,-0.800531380939742,TRUE,"higher at P21"
3.58009927232324e-07,-1.62919033843786,0.037,0.216,0.00896063046869783,"Smc2","BLA Glut Otof/Trhr",-0.766206824610084,-1.07429771178851,TRUE,"higher at P21"
3.59064455896986e-07,-1.31701072204882,0.075,0.286,0.00898702426664566,"Gm41505","BLA Glut Otof/Trhr",-1.21103660647091,-0.448166261456402,TRUE,"higher at P21"
3.70597760654736e-07,-2.10733724045574,0.037,0.212,0.0092756913514274,"Camkk1","BLA Glut Otof/Trhr",-0.840264341375226,-1.007724409261,TRUE,"higher at P21"
3.87073937079223e-07,-1.04461537787785,0.091,0.316,0.00968807357115587,"Ap2a1","BLA Glut Otof/Trhr",-0.578184610479565,-0.647215115752312,TRUE,"higher at P21"
3.89887845470085e-07,-0.628835498112654,0.203,0.519,0.00975850288427076,"Cyth1","BLA Glut Otof/Trhr",-0.58886124829133,-0.511115429210038,TRUE,"higher at P21"
5.8609929792723e-25,1.17474175010553,1,0.98,1.46694793278206e-20,"Schip1","BLA Glut Vgll3/Prr16",1.05401078262635,1.14872736281539,TRUE,"higher at P10"
5.5048344029222e-23,-0.738041329008254,1,1,1.3778050027074e-18,"Snhg11","BLA Glut Vgll3/Prr16",-0.698581589503624,-0.609847318187522,TRUE,"higher at P21"
3.90422421094819e-22,1.15747279060424,0.985,0.953,9.77188277758222e-18,"Ctnna2","BLA Glut Vgll3/Prr16",0.957986189098042,1.19742477019643,TRUE,"higher at P10"
2.42326408542625e-21,1.83984045619435,0.909,0.691,6.06518767941336e-17,"Kcnq5","BLA Glut Vgll3/Prr16",1.61407973104196,1.95382080516794,TRUE,"higher at P10"
3.5469850072788e-20,-1.76587838073661,0.447,0.913,8.8777487747181e-16,"Lncpint","BLA Glut Vgll3/Prr16",-1.6445694125077,-1.43561550315544,TRUE,"higher at P21"
1.87744178936487e-18,-2.20713032573192,0.136,0.691,4.69904905460133e-14,"Ptk2b","BLA Glut Vgll3/Prr16",-2.08635995131916,-1.92194790327974,TRUE,"higher at P21"
4.79222851082728e-18,-2.33221307893878,0.144,0.691,1.19944687397496e-13,"Rreb1","BLA Glut Vgll3/Prr16",-2.27741025719138,-1.84331389221757,TRUE,"higher at P21"
9.56806459166785e-17,-1.64017441394045,0.265,0.826,2.39479088664855e-12,"Akap8l","BLA Glut Vgll3/Prr16",-1.64111459093701,-1.45489560707388,TRUE,"higher at P21"
5.19034851989584e-16,0.72030279339851,1,0.96,1.29909233104473e-11,"Gm26871","BLA Glut Vgll3/Prr16",0.581296009102081,0.653189066776983,TRUE,"higher at P10"
1.3670071438633e-15,1.79467244628985,0.803,0.617,3.42148218037545e-11,"Myo16","BLA Glut Vgll3/Prr16",1.7421679825802,1.62841140088457,TRUE,"higher at P10"
1.28585691479529e-14,-1.0548015891433,0.682,0.98,3.21837127204112e-10,"Rasgrf1","BLA Glut Vgll3/Prr16",-1.05048771863497,-0.857739409355918,TRUE,"higher at P21"
3.33125527872023e-14,-1.11687403944397,0.561,0.919,8.33779883710886e-10,"Thrb","BLA Glut Vgll3/Prr16",-0.737779391117356,-1.14095123702513,TRUE,"higher at P21"
2.34672180547254e-13,0.717596309321638,0.992,0.96,5.87361000691723e-09,"Arpp21","BLA Glut Vgll3/Prr16",0.514822059747054,0.731579532894261,TRUE,"higher at P10"
3.88216214921171e-13,0.98371602657767,0.955,0.933,9.71666364326199e-09,"Ccser1","BLA Glut Vgll3/Prr16",0.993397535480104,0.956188524887352,TRUE,"higher at P10"
4.12604153757718e-13,-1.9000831430974,0.136,0.604,1.03270693644019e-08,"2210408F21Rik","BLA Glut Vgll3/Prr16",-1.78450251972217,-1.45984649351398,TRUE,"higher at P21"
6.20896990239313e-13,1.03999070926419,0.902,0.839,1.55404307686998e-08,"Ncam1","BLA Glut Vgll3/Prr16",0.981417392870062,0.877900982756385,TRUE,"higher at P10"
7.14649995275087e-13,0.659899710974433,0.992,0.966,1.78869747317402e-08,"Ncam2","BLA Glut Vgll3/Prr16",0.734217369936724,0.449893451561319,TRUE,"higher at P10"
1.03116370481024e-12,-1.39229977974968,0.159,0.658,2.58089963676955e-08,"Map7","BLA Glut Vgll3/Prr16",-0.981903208687561,-1.2781677816734,TRUE,"higher at P21"
1.33536061551449e-12,1.1803289384885,0.879,0.826,3.34227408457122e-08,"Tmem108","BLA Glut Vgll3/Prr16",1.06274396144505,1.13669461281435,TRUE,"higher at P10"
1.35452751894324e-12,1.54200366161716,0.758,0.537,3.39024692716303e-08,"Thsd7a","BLA Glut Vgll3/Prr16",1.63216437135105,1.25675676544361,TRUE,"higher at P10"
1.91289083048557e-12,-0.923031175863676,0.803,0.94,4.78777445962233e-08,"Grin2a","BLA Glut Vgll3/Prr16",-0.779968488237492,-1.01447192480908,TRUE,"higher at P21"
2.21723893802787e-12,-2.03910977128257,0.22,0.638,5.54952733798995e-08,"Fstl4","BLA Glut Vgll3/Prr16",-1.71973886293648,-1.90004926066906,TRUE,"higher at P21"
2.71643536527104e-12,-2.75754406783329,0.083,0.47,6.7989660757369e-08,"Smad3","BLA Glut Vgll3/Prr16",-1.97277119134507,-1.84940629413973,TRUE,"higher at P21"
2.85977225908819e-12,1.09722431676183,0.947,0.846,7.15772398727184e-08,"Gm20754","BLA Glut Vgll3/Prr16",0.861249674163196,1.06633928320939,TRUE,"higher at P10"
3.43129811591981e-12,-2.8046974515518,0.053,0.423,8.5881960543357e-08,"Tanc1","BLA Glut Vgll3/Prr16",-2.21436730185794,-2.25712241937315,TRUE,"higher at P21"
4.76425018390972e-12,1.20763049934276,0.902,0.799,1.19244417853077e-07,"Galntl6","BLA Glut Vgll3/Prr16",0.971731830337003,1.41213927572451,TRUE,"higher at P10"
5.03235800003438e-12,-1.46635241732907,0.159,0.624,1.25954888382861e-07,"Slc17a7","BLA Glut Vgll3/Prr16",-1.42866122735874,-1.20776185138426,TRUE,"higher at P21"
6.9044450844457e-12,2.44555225874128,0.583,0.282,1.72811356018591e-07,"Rasgef1b","BLA Glut Vgll3/Prr16",2.47663212912144,1.95111003046157,TRUE,"higher at P10"
7.97022623981793e-12,-3.44388295800826,0.023,0.356,1.99486792556403e-07,"Zfp831","BLA Glut Vgll3/Prr16",-2.13691874615673,-2.35141454465356,TRUE,"higher at P21"
1.24432047271958e-11,-0.946581363380923,0.697,0.913,3.11440971116984e-07,"Camk2a","BLA Glut Vgll3/Prr16",-1.12867118199228,-0.922937551323819,TRUE,"higher at P21"
1.37674729582187e-11,0.778855984321559,1,0.96,3.44586080671255e-07,"Mir99ahg","BLA Glut Vgll3/Prr16",0.670924604791261,0.795504166190991,TRUE,"higher at P10"
2.0126827885852e-11,-4.07441354967097,0.015,0.329,5.0375437515499e-07,"Gm13963","BLA Glut Vgll3/Prr16",-2.79957317264319,-2.49587187293544,TRUE,"higher at P21"
3.26456040069556e-11,-2.06503665120883,0.114,0.503,8.17086822690092e-07,"Sorcs1","BLA Glut Vgll3/Prr16",-1.63668624974218,-1.38035224724964,TRUE,"higher at P21"
6.09490505145657e-11,3.0181106919592,0.424,0.101,1.52549378532907e-06,"Fgf1","BLA Glut Vgll3/Prr16",3.31801118013024,2.26351497980341,TRUE,"higher at P10"
7.83055553867165e-11,0.798110600685366,0.962,0.96,1.95990974577413e-06,"Robo1","BLA Glut Vgll3/Prr16",0.720199570739478,0.761418906335135,TRUE,"higher at P10"
2.32679208786094e-10,-1.09754890865893,0.417,0.826,5.82372791670715e-06,"Zranb2","BLA Glut Vgll3/Prr16",-0.977123844211885,-0.966849547668587,TRUE,"higher at P21"
2.76816906627559e-10,-0.858859699488518,0.712,0.933,6.92845035598116e-06,"Gria3","BLA Glut Vgll3/Prr16",-0.705615681820834,-0.74182985468578,TRUE,"higher at P21"
2.92519042988055e-10,1.43367128408353,0.871,0.758,7.32145912694803e-06,"Ntm","BLA Glut Vgll3/Prr16",1.43881263778022,0.958074544829672,TRUE,"higher at P10"
3.02904929615679e-10,-2.05180428036779,0.053,0.383,7.58140748335083e-06,"Raver2","BLA Glut Vgll3/Prr16",-2.15965639848681,-1.46450860852715,TRUE,"higher at P21"
4.45625619788393e-10,-1.44233385877282,0.152,0.557,1.11535636376837e-05,"Gm12709","BLA Glut Vgll3/Prr16",-1.12412200405094,-1.10936921388982,TRUE,"higher at P21"
4.71150499807678e-10,-1.23278464010792,0.288,0.711,1.17924258596864e-05,"Galnt16","BLA Glut Vgll3/Prr16",-1.45092451653219,-1.05246082623972,TRUE,"higher at P21"
4.76828221393032e-10,0.988638591545299,0.917,0.859,1.19345335532462e-05,"Grip1","BLA Glut Vgll3/Prr16",1.00751378961064,1.01257325725108,TRUE,"higher at P10"
5.24521476661448e-10,-1.43759422849018,0.182,0.591,1.31282480393594e-05,"Catspere2","BLA Glut Vgll3/Prr16",-1.3608553462939,-1.28928204576289,TRUE,"higher at P21"
5.46022006695792e-10,-1.31823150361481,0.182,0.617,1.3666384805589e-05,"Ttc8","BLA Glut Vgll3/Prr16",-1.37751049341361,-1.1279587436593,TRUE,"higher at P21"
6.13036521886905e-10,-1.2333270616474,0.311,0.732,1.53436911063073e-05,"Cpne7","BLA Glut Vgll3/Prr16",-1.19335143043926,-1.06497239303455,TRUE,"higher at P21"
6.22778739464586e-10,-1.10876555672585,0.174,0.591,1.55875290700591e-05,"Brinp2","BLA Glut Vgll3/Prr16",-1.33260947939116,-0.73213834472375,TRUE,"higher at P21"
1.01730160407288e-09,-1.99126115967603,0.068,0.403,2.546204184834e-05,"Fermt2","BLA Glut Vgll3/Prr16",-1.4761678553758,-1.41724028158358,TRUE,"higher at P21"
1.08271582640536e-09,-1.64504388524107,0.091,0.443,2.70992944190999e-05,"Mmd","BLA Glut Vgll3/Prr16",-1.40185847371533,-1.077696543979,TRUE,"higher at P21"
1.16307947585406e-09,-0.547157778905831,0.947,0.987,2.91107162011512e-05,"Phactr1","BLA Glut Vgll3/Prr16",-0.473243213610791,-0.516926125370698,TRUE,"higher at P21"
1.16515039987483e-09,-1.46293122500108,0.144,0.53,2.91625493584671e-05,"Sec61a2","BLA Glut Vgll3/Prr16",-1.74118578193986,-1.16092832315119,TRUE,"higher at P21"
1.46211130734218e-09,-2.77427801053969,0.03,0.315,3.65951839114675e-05,"Fmn1","BLA Glut Vgll3/Prr16",-2.40382464436936,-1.91776390020856,TRUE,"higher at P21"
2.06121865396095e-09,-1.25894807718144,0.227,0.658,5.15902416899885e-05,"Cmss1","BLA Glut Vgll3/Prr16",-0.906614662243138,-0.876969102274686,TRUE,"higher at P21"
2.12825300838124e-09,-1.25890113744808,0.144,0.537,5.32680445467741e-05,"Gm29237","BLA Glut Vgll3/Prr16",-0.744846558042773,-1.01555239906833,TRUE,"higher at P21"
2.20260981702915e-09,-1.28364823640241,0.083,0.43,5.51291211104226e-05,"Hsp90b1","BLA Glut Vgll3/Prr16",-1.10715099371233,-1.17475580280904,TRUE,"higher at P21"
2.4494652922655e-09,-0.984116950562977,0.295,0.725,6.13076668001132e-05,"Sh3gl2","BLA Glut Vgll3/Prr16",-0.951382305877468,-0.736205756739142,TRUE,"higher at P21"
2.47737221902395e-09,-0.972848546735422,0.485,0.859,6.20061492699504e-05,"Pde2a","BLA Glut Vgll3/Prr16",-0.854263737235519,-0.813110150019736,TRUE,"higher at P21"
2.89165918531841e-09,-0.687626303897998,0.803,0.966,7.23753377493346e-05,"Srrm2","BLA Glut Vgll3/Prr16",-0.538573381333429,-0.631407904622578,TRUE,"higher at P21"
3.18075840070579e-09,-6.0594829125365,0,0.235,7.96112020112653e-05,"Lyzl4","BLA Glut Vgll3/Prr16",-2.73554728251762,-2.45991697818135,TRUE,"higher at P21"
3.29825415596581e-09,-2.72114972691354,0.015,0.275,8.25520032696682e-05,"Gm10125","BLA Glut Vgll3/Prr16",-1.95982448715963,-2.27410178186645,TRUE,"higher at P21"
3.36569403414456e-09,-1.13309648054896,0.227,0.624,8.42399559806041e-05,"Cap2","BLA Glut Vgll3/Prr16",-0.961807040669398,-1.10992425988559,TRUE,"higher at P21"
3.78042436191898e-09,-0.641000215774244,0.886,0.966,9.46202413544703e-05,"Dgkb","BLA Glut Vgll3/Prr16",-0.596289552527192,-0.708262307583697,TRUE,"higher at P21"
3.95561394071125e-09,-1.16938727195619,0.227,0.651,9.90050613220619e-05,"Pip5k1a","BLA Glut Vgll3/Prr16",-1.08559166573148,-0.862347617543657,TRUE,"higher at P21"
4.15138892383632e-09,0.674205378320718,0.977,0.933,0.000103905113374699,"Khdrbs2","BLA Glut Vgll3/Prr16",0.694180014266951,0.557155814642727,TRUE,"higher at P10"
5.07405488954714e-09,0.983809379964493,0.856,0.799,0.000126998519830475,"Trpm3","BLA Glut Vgll3/Prr16",0.988092152235333,0.9988329474409,TRUE,"higher at P10"
5.91706905159689e-09,-3.405339108328,0.008,0.248,0.000148098321292419,"Smoc1","BLA Glut Vgll3/Prr16",-2.42208724924566,-1.80629067003549,TRUE,"higher at P21"
6.26696597623168e-09,0.910083456834179,0.864,0.832,0.000156855891419103,"Mmp16","BLA Glut Vgll3/Prr16",0.730882351119772,0.770140641205446,TRUE,"higher at P10"
7.31972380040664e-09,-0.925976473045832,0.53,0.872,0.000183205367000378,"Pdzrn4","BLA Glut Vgll3/Prr16",-0.89875358837921,-0.701700193575373,TRUE,"higher at P21"
8.40672956054046e-09,-1.19560481532615,0.28,0.671,0.000210412034170767,"4930428E07Rik","BLA Glut Vgll3/Prr16",-1.2987757219635,-0.997574014889663,TRUE,"higher at P21"
8.79816202117614e-09,-1.17358604333516,0.364,0.779,0.000220209197228018,"P2ry14","BLA Glut Vgll3/Prr16",-0.603135805848598,-1.01521555266307,TRUE,"higher at P21"
8.96474986929235e-09,-1.35781581694101,0.227,0.591,0.000224378724478518,"Chst9","BLA Glut Vgll3/Prr16",-1.19353267203629,-1.23699142793357,TRUE,"higher at P21"
1.3322486478366e-08,-1.12874850102808,0.167,0.55,0.000333448514067024,"Olfm1","BLA Glut Vgll3/Prr16",-1.10553596125121,-1.1279587436593,TRUE,"higher at P21"
1.424146855585e-08,-1.98807598391394,0.068,0.369,0.000356449716484369,"Shisa4","BLA Glut Vgll3/Prr16",-1.51791200788263,-1.15997775286753,TRUE,"higher at P21"
1.42555823701198e-08,-1.06266938486962,0.402,0.758,0.000356802971141729,"Sntg1","BLA Glut Vgll3/Prr16",-1.05612656638367,-1.01104937284018,TRUE,"higher at P21"
1.78411325577002e-08,-1.12548874735725,0.28,0.664,0.000446545706786678,"Vps13a","BLA Glut Vgll3/Prr16",-1.21297322789234,-0.895286284426684,TRUE,"higher at P21"
1.79667843236175e-08,0.733355407098146,0.932,0.913,0.000449690644835822,"Pcdh7","BLA Glut Vgll3/Prr16",0.608268400413627,0.592136797718847,TRUE,"higher at P10"
1.86810749980394e-08,-0.972183034107606,0.394,0.772,0.000467568626125928,"Zmynd8","BLA Glut Vgll3/Prr16",-1.07958842040324,-1.06728435161042,TRUE,"higher at P21"
2.03812139393425e-08,-1.56858275631023,0.045,0.315,0.000510121403687803,"Gm11844","BLA Glut Vgll3/Prr16",-1.51791200788263,-1.48920981740887,TRUE,"higher at P21"
2.25978686824817e-08,-1.02219044531843,0.295,0.691,0.000565602055253835,"Ftx","BLA Glut Vgll3/Prr16",-1.30048039317723,-0.955141457467084,TRUE,"higher at P21"
2.26445083774988e-08,-1.311872369088,0.152,0.503,0.000566769400180416,"Frmpd3","BLA Glut Vgll3/Prr16",-1.10722757382254,-1.18892966015374,TRUE,"higher at P21"
2.36716755395882e-08,-0.979663159252407,0.227,0.617,0.000592478367080353,"Upf2","BLA Glut Vgll3/Prr16",-0.931150546729607,-0.919452107843754,TRUE,"higher at P21"
2.50211154397244e-08,2.74715372286352,0.508,0.275,0.000626253498340862,"Grik1","BLA Glut Vgll3/Prr16",2.63717024141331,2.5695654323166,TRUE,"higher at P10"
2.54760762997461e-08,-0.962939200287573,0.348,0.752,0.000637640713706346,"Specc1","BLA Glut Vgll3/Prr16",-0.92569021944508,-0.789390552810133,TRUE,"higher at P21"
2.57213321626785e-08,-1.50575098344482,0.098,0.416,0.000643779222699679,"Rph3al","BLA Glut Vgll3/Prr16",-1.32427142849447,-0.966186009133029,TRUE,"higher at P21"
2.684164058775e-08,-1.10184319958236,0.371,0.725,0.000671819422270795,"Lypd1","BLA Glut Vgll3/Prr16",-1.04384835678208,-0.666659088189356,TRUE,"higher at P21"
2.69738764216108e-08,-1.10417123680745,0.242,0.644,0.000675129152956498,"Epb41l4b","BLA Glut Vgll3/Prr16",-1.09794352110714,-0.879703169260815,TRUE,"higher at P21"
2.76679402336834e-08,-2.45262393251925,0.023,0.268,0.000692500876108862,"Igsf11","BLA Glut Vgll3/Prr16",-1.74974691767297,-1.56746016121405,TRUE,"higher at P21"
3.19100443254081e-08,-2.37980785261466,0.03,0.282,0.00079867649942064,"Mhrt","BLA Glut Vgll3/Prr16",-1.8748292230511,-1.91776390020856,TRUE,"higher at P21"
3.48878299047631e-08,-0.993899842434402,0.409,0.738,0.000873207494686316,"Me3","BLA Glut Vgll3/Prr16",-1.11255707990293,-0.873725155297625,TRUE,"higher at P21"
3.70931894869354e-08,0.821941572368671,0.894,0.886,0.000928405439668507,"Cdh13","BLA Glut Vgll3/Prr16",0.779030822018146,0.815608849966266,TRUE,"higher at P10"
3.81736292358261e-08,-1.55434329868936,0.121,0.45,0.000955447766143492,"Ttyh1","BLA Glut Vgll3/Prr16",-0.925502591440904,-1.1917003193784,TRUE,"higher at P21"
3.82198962292277e-08,-1.17108802507806,0.288,0.644,0.000956605782721339,"Sidt1","BLA Glut Vgll3/Prr16",-1.2637127343654,-1.10051145636591,TRUE,"higher at P21"
3.93263300333655e-08,-1.60323017582704,0.068,0.362,0.000984298714405104,"Stx16","BLA Glut Vgll3/Prr16",-0.967577188337137,-1.31795361532578,TRUE,"higher at P21"
4.11783769004014e-08,-1.06295253277042,0.22,0.611,0.00103065359544015,"Adcy9","BLA Glut Vgll3/Prr16",-1.27908548111437,-1.00884592063053,TRUE,"higher at P21"
4.12326619028775e-08,-1.30210233029474,0.083,0.389,0.00103201229476712,"Coq8b","BLA Glut Vgll3/Prr16",-1.46066665046912,-1.19649357096547,TRUE,"higher at P21"
4.19535524498853e-08,-1.4484736545533,0.136,0.47,0.00105005546426818,"Ggact","BLA Glut Vgll3/Prr16",-1.38395818831667,-1.19015161476799,TRUE,"higher at P21"
4.27183746984566e-08,-2.93417882980953,0.023,0.262,0.00106919820032767,"Anp32a","BLA Glut Vgll3/Prr16",-1.64578260076338,-1.93756503730497,TRUE,"higher at P21"
4.79447525271593e-08,-0.846404669243092,0.235,0.644,0.00120000921100227,"Ttll11","BLA Glut Vgll3/Prr16",-0.88797594934795,-0.891869661887637,TRUE,"higher at P21"
4.84733400270975e-08,2.46447525168877,0.371,0.114,0.00121323922753822,"9630014M24Rik","BLA Glut Vgll3/Prr16",3.05664222775091,1.87795132004628,TRUE,"higher at P10"
5.49447504359272e-08,0.683329785904036,0.924,0.933,0.00137521215866082,"Zfpm2","BLA Glut Vgll3/Prr16",0.625323581782593,0.721859055655145,TRUE,"higher at P10"
5.56802112027859e-08,-1.86884155925067,0.076,0.362,0.00139362000619453,"Kcnip2","BLA Glut Vgll3/Prr16",-1.77758418842931,-1.22067804958255,TRUE,"higher at P21"
7.36810840552879e-08,-1.46142925713711,0.129,0.456,0.0018441638528198,"Mecp2","BLA Glut Vgll3/Prr16",-1.0480285271975,-1.2815833786839,TRUE,"higher at P21"
7.58050602272487e-08,-0.916529326191811,0.205,0.604,0.00189732485242781,"Slc12a5","BLA Glut Vgll3/Prr16",-0.786459312346348,-0.654839447591749,TRUE,"higher at P21"
7.60105338395501e-08,-0.931288778057538,0.424,0.805,0.0019024676514701,"Slit1","BLA Glut Vgll3/Prr16",-0.972271364746241,-0.791954634136466,TRUE,"higher at P21"
8.37221889797655e-08,3.25707226165163,0.318,0.087,0.00209548266797455,"Olfm2","BLA Glut Vgll3/Prr16",2.69109169452821,2.20808742738204,TRUE,"higher at P10"
9.10052278638479e-08,-1.2538056616983,0.106,0.43,0.00227776984820425,"St8sia5","BLA Glut Vgll3/Prr16",-1.08933291235066,-1.12098281556624,TRUE,"higher at P21"
9.74354315496073e-08,-2.4519145303568,0.03,0.268,0.00243871141625512,"mt-Co2","BLA Glut Vgll3/Prr16",-1.79265733430041,-1.56746016121405,TRUE,"higher at P21"
1.05387792688281e-07,1.55721628181719,0.598,0.416,0.00263775106319498,"Nr2f1","BLA Glut Vgll3/Prr16",1.45958238672446,1.40154379855038,TRUE,"higher at P10"
1.09940979805539e-07,-1.23986490780648,0.167,0.517,0.00275171278355285,"Map7d2","BLA Glut Vgll3/Prr16",-1.0205330050563,-1.02430583830111,TRUE,"higher at P21"
1.17648475651353e-07,-0.976279843750159,0.379,0.738,0.0029446236970777,"Ptprn","BLA Glut Vgll3/Prr16",-0.745265549146326,-1.00135060777904,TRUE,"higher at P21"
1.21027676061831e-07,-1.20930437049573,0.061,0.336,0.00302920170415157,"Hlf","BLA Glut Vgll3/Prr16",-1.41865850614314,-1.27826856717975,TRUE,"higher at P21"
1.23174526104549e-07,-0.769511960861304,0.409,0.819,0.00308293521387077,"Phf21a","BLA Glut Vgll3/Prr16",-0.861922419424525,-0.536818939544251,TRUE,"higher at P21"
1.28911293650153e-07,1.07755867121436,0.72,0.698,0.00322652076876967,"B830012L14Rik","BLA Glut Vgll3/Prr16",0.765757244431903,1.3047234197897,TRUE,"higher at P10"
1.3717688625494e-07,-1.52415485795028,0.129,0.436,0.00343340028607489,"Adgra1","BLA Glut Vgll3/Prr16",-1.30498275875166,-0.866004394260552,TRUE,"higher at P21"
1.4153087753367e-07,-2.44477687583931,0.03,0.262,0.00354237633379024,"Mov10","BLA Glut Vgll3/Prr16",-1.2923321699851,-1.56746016121405,TRUE,"higher at P21"
1.42717264395944e-07,-0.763936628168642,0.439,0.839,0.00357207041056608,"Atxn1","BLA Glut Vgll3/Prr16",-0.605760943118707,-0.939798242414282,TRUE,"higher at P21"
1.42769196075726e-07,-0.840696310793164,0.553,0.819,0.00357337020857934,"Cdr1os","BLA Glut Vgll3/Prr16",-0.95449335833163,-0.815219376456013,TRUE,"higher at P21"
1.47566348725973e-07,-0.8043528616398,0.47,0.839,0.00369343814226239,"Snrnp70","BLA Glut Vgll3/Prr16",-0.807422711634425,-0.657065671787198,TRUE,"higher at P21"
1.5352177690283e-07,-0.920791666425595,0.167,0.537,0.00384249655410094,"Setd2","BLA Glut Vgll3/Prr16",-0.637855305468138,-0.472014604703107,TRUE,"higher at P21"
1.56131579120674e-07,-1.25506186585081,0.121,0.443,0.00390781729381134,"Ubxn11","BLA Glut Vgll3/Prr16",-1.19801365316384,-1.03543770897137,TRUE,"higher at P21"
1.73537797929655e-07,-1.25299234408351,0.22,0.591,0.00434347754438134,"Igf2bp3","BLA Glut Vgll3/Prr16",-0.882107853102205,-1.12102675560217,TRUE,"higher at P21"
1.86359141932141e-07,1.12620418867922,0.795,0.725,0.00466438296341957,"Cdh4","BLA Glut Vgll3/Prr16",1.15700793538095,0.881124659038012,TRUE,"higher at P10"
1.89386159054441e-07,-1.29709792583488,0.144,0.456,0.00474014617497361,"4930484I04Rik","BLA Glut Vgll3/Prr16",-0.745363545401685,-0.848443664950239,TRUE,"higher at P21"
1.95910010560176e-07,2.93599762839489,0.295,0.067,0.00490343165431065,"Vwc2l","BLA Glut Vgll3/Prr16",2.79177989987427,2.5293114742947,TRUE,"higher at P10"
1.97524178055012e-07,-1.57655898331672,0.106,0.396,0.00494383265253889,"Galnt9","BLA Glut Vgll3/Prr16",-1.60568083459784,-1.12098281556624,TRUE,"higher at P21"
1.99091862243616e-07,-1.00617179337898,0.189,0.557,0.00498307022009547,"Ddx50","BLA Glut Vgll3/Prr16",-0.98189631238659,-0.752587835300229,TRUE,"higher at P21"
2.00247057907423e-07,-0.805110493676612,0.652,0.899,0.00501198361236488,"Astn2","BLA Glut Vgll3/Prr16",-0.883432408760716,-0.566542830959515,TRUE,"higher at P21"
2.14007569153233e-07,-1.01392827486577,0.455,0.779,0.00535639544833627,"4933413L06Rik","BLA Glut Vgll3/Prr16",-0.704657258738768,-0.876023652070149,TRUE,"higher at P21"
2.60660658395144e-07,-0.740986667225612,0.379,0.799,0.00652407561897207,"Ly6h","BLA Glut Vgll3/Prr16",-0.527645284712345,-0.673839012310352,TRUE,"higher at P21"
2.6928346056951e-07,-1.3006500599811,0.083,0.356,0.00673989573459426,"Zmat4","BLA Glut Vgll3/Prr16",-1.39352312833282,-1.14840660631167,TRUE,"higher at P21"
2.74035296107537e-07,-0.878118569283791,0.318,0.725,0.00685882942627554,"Far1os","BLA Glut Vgll3/Prr16",-0.484498057742039,-0.80686535666156,TRUE,"higher at P21"
2.86098435383265e-07,-1.0629362720753,0.295,0.658,0.00716075773920775,"2010300C02Rik","BLA Glut Vgll3/Prr16",-0.856823161521427,-1.12565540003482,TRUE,"higher at P21"
2.97399004910756e-07,1.02929830676743,0.735,0.658,0.00744359969391132,"Chl1","BLA Glut Vgll3/Prr16",1.01316819094486,0.918402684823322,TRUE,"higher at P10"
3.06073156803655e-07,-2.06140189381449,0.053,0.302,0.00766070504163868,"Dcn","BLA Glut Vgll3/Prr16",-1.93242170200123,-1.26551694332355,TRUE,"higher at P21"
3.10398609346869e-07,-2.13248112372601,0.038,0.268,0.00776896679334277,"Asic1","BLA Glut Vgll3/Prr16",-1.44934389641732,-1.40402255570469,TRUE,"higher at P21"
3.11283129088728e-07,-0.928739770525048,0.265,0.644,0.00779110543796177,"Rasgef1a","BLA Glut Vgll3/Prr16",-0.688372418875462,-0.900596622896201,TRUE,"higher at P21"
3.19323059561314e-07,-1.09552293477709,0.159,0.49,0.00799233685776013,"Pebp1","BLA Glut Vgll3/Prr16",-0.598803044101598,-1.00126241831291,TRUE,"higher at P21"
3.22891617804661e-07,-0.693955159525193,0.273,0.658,0.00808165430203286,"Cdh22","BLA Glut Vgll3/Prr16",-0.970011653761714,-0.727747836280188,TRUE,"higher at P21"
3.37777975177829e-07,0.663334593119667,0.97,0.906,0.00845424494072589,"Cntn5","BLA Glut Vgll3/Prr16",0.666325738571674,0.602695313171098,TRUE,"higher at P10"
3.40138987858268e-07,0.671105838005492,0.894,0.879,0.00851333872710459,"March1","BLA Glut Vgll3/Prr16",0.717138159831236,0.634064403210883,TRUE,"higher at P10"
3.5060885704566e-07,-1.16851970624786,0.182,0.51,0.00877538908299582,"Snph","BLA Glut Vgll3/Prr16",-0.858394367032108,-0.945712931346097,TRUE,"higher at P21"
3.51760244314357e-07,-0.886705965088754,0.462,0.832,0.00880420715494404,"Cnksr2","BLA Glut Vgll3/Prr16",-0.600313192881347,-0.829432166987484,TRUE,"higher at P21"
3.58677334938258e-07,-0.864282874673624,0.576,0.893,0.00897733501616965,"4930419G24Rik","BLA Glut Vgll3/Prr16",-0.776735672982378,-0.655643917854458,TRUE,"higher at P21"
3.62626381128536e-07,-1.16049257698442,0.098,0.396,0.00907617569326613,"Tm9sf4","BLA Glut Vgll3/Prr16",-1.27446764526416,-0.509602851699435,TRUE,"higher at P21"
3.65848331108547e-07,-2.08918553893822,0.038,0.268,0.00915681787931583,"Itpka","BLA Glut Vgll3/Prr16",-1.7891343634761,-1.07101223704419,TRUE,"higher at P21"
3.73735891257644e-07,-0.961187676863714,0.205,0.55,0.00935423562228758,"Sdk2","BLA Glut Vgll3/Prr16",-1.00660390402178,-0.663009267205814,TRUE,"higher at P21"
3.94049750560407e-07,0.67249803682583,0.97,0.96,0.00986267120677643,"Cadm2","BLA Glut Vgll3/Prr16",0.635172002289875,0.524187093097743,TRUE,"higher at P10"
3.97639630025639e-07,-1.14735941189471,0.098,0.389,0.00995252229991171,"Dpm1","BLA Glut Vgll3/Prr16",-1.37330322058361,-0.96293103873169,TRUE,"higher at P21"
1.26069549258238e-67,-0.876621829578147,1,1,3.15539474838445e-63,"Snhg11","BMA Glut Slc17a6/Zfp804b",-1.00488816661547,-0.831389838205696,TRUE,"higher at P21"
3.89336234632151e-58,-0.79457807906982,1,1,9.74469661660812e-54,"Malat1","BMA Glut Slc17a6/Zfp804b",-0.651605025240194,-0.822904079071874,TRUE,"higher at P21"
2.07877548071533e-47,-1.84373889911577,0.367,0.899,5.20296715068239e-43,"Lncpint","BMA Glut Slc17a6/Zfp804b",-1.68395398513166,-1.72592033333174,TRUE,"higher at P21"
7.50282767247493e-38,-1.39508004900981,0.549,0.916,1.87788273814375e-33,"Rasgrf1","BMA Glut Slc17a6/Zfp804b",-1.40620149674851,-1.32706132753351,TRUE,"higher at P21"
2.10517175671716e-31,-3.17677486168035,0.047,0.472,5.26903438988738e-27,"Gm10125","BMA Glut Slc17a6/Zfp804b",-2.37044055930896,-2.37205670826143,TRUE,"higher at P21"
4.19289015032353e-31,-1.43365959515851,0.451,0.884,1.04943847572448e-26,"Gria3","BMA Glut Slc17a6/Zfp804b",-1.17938019868052,-1.35994081418577,TRUE,"higher at P21"
6.99276234663935e-28,0.942401924306985,0.96,0.952,1.75021848774036e-23,"Pcdh7","BMA Glut Slc17a6/Zfp804b",0.980228450929104,0.943548447572828,TRUE,"higher at P10"
6.32114923527391e-26,-2.49450023744493,0.074,0.463,1.58212044209671e-21,"Ptk2b","BMA Glut Slc17a6/Zfp804b",-1.78315311661924,-2.10540019702726,TRUE,"higher at P21"
3.47533508762639e-25,-1.74657513969094,0.185,0.639,8.69841619082009e-21,"Cmss1","BMA Glut Slc17a6/Zfp804b",-1.3615182195372,-1.30912070256762,TRUE,"higher at P21"
3.71996778036635e-25,-0.98441592820904,0.697,0.958,9.31070735747894e-21,"Rora","BMA Glut Slc17a6/Zfp804b",-0.950591550018485,-0.979503529152271,TRUE,"higher at P21"
2.09057831699004e-23,-0.775159212498374,0.768,0.973,5.23250846959436e-19,"Srrm2","BMA Glut Slc17a6/Zfp804b",-0.810212999681719,-0.729287011924292,TRUE,"higher at P21"
2.53437065122335e-23,0.923263327615074,0.973,0.982,6.34327630294693e-19,"Cntnap2","BMA Glut Slc17a6/Zfp804b",1.05257532288446,0.807709398540202,TRUE,"higher at P10"
1.01802613408058e-22,-3.70467614818801,0.017,0.319,2.54801761099029e-18,"Aifm3","BMA Glut Slc17a6/Zfp804b",-2.41343057201364,-2.2922516983815,TRUE,"higher at P21"
3.6196530044754e-22,0.715699788738832,0.983,0.961,9.05962950490148e-18,"Auts2","BMA Glut Slc17a6/Zfp804b",0.734193793062388,0.583823101094671,TRUE,"higher at P10"
9.16317126622569e-22,-1.27906614568638,0.242,0.672,2.29345013622363e-17,"Ano3","BMA Glut Slc17a6/Zfp804b",-0.946655393299502,-1.38190737134668,TRUE,"higher at P21"
1.84236239194334e-21,-1.60711246009261,0.192,0.591,4.61124883079499e-17,"Cap2","BMA Glut Slc17a6/Zfp804b",-1.19838640187441,-1.64794592680921,TRUE,"higher at P21"
1.84747511071908e-21,-1.07678107119051,0.485,0.854,4.62404545461879e-17,"Zranb2","BMA Glut Slc17a6/Zfp804b",-1.08288001090414,-0.983138918023851,TRUE,"higher at P21"
3.08699143726707e-21,-1.20554971946525,0.266,0.693,7.72643086833574e-17,"Zeb1","BMA Glut Slc17a6/Zfp804b",-1.12318275825517,-1.27270224887073,TRUE,"higher at P21"
6.05864439914089e-20,1.67401498510269,0.707,0.481,1.51641810666097e-15,"4930509J09Rik","BMA Glut Slc17a6/Zfp804b",1.46918285902242,1.78855070703338,TRUE,"higher at P10"
9.90491150363835e-20,1.63723328608594,0.69,0.499,2.47910030024564e-15,"Gm20754","BMA Glut Slc17a6/Zfp804b",1.38724663142022,1.73107895113323,TRUE,"higher at P10"
1.02701338951987e-19,-1.21010931874707,0.266,0.669,2.57051181262927e-15,"Naaladl2","BMA Glut Slc17a6/Zfp804b",-1.16874914936546,-1.10922676774531,TRUE,"higher at P21"
1.04857775824938e-19,0.768190382507,0.966,0.97,2.62448527112236e-15,"Grik2","BMA Glut Slc17a6/Zfp804b",0.678455600582886,0.770471327429224,TRUE,"higher at P10"
1.09725308402808e-19,-1.12598408575879,0.296,0.716,2.74631474401388e-15,"Pip5k1b","BMA Glut Slc17a6/Zfp804b",-0.787541478696865,-1.31793592883331,TRUE,"higher at P21"
2.00724260503687e-19,1.33192530567985,0.889,0.824,5.02392751614677e-15,"Galntl6","BMA Glut Slc17a6/Zfp804b",1.2667710800659,1.25755340592403,TRUE,"higher at P10"
3.64114804246059e-19,-2.26457488950263,0.051,0.355,9.1134294354746e-15,"Zfp831","BMA Glut Slc17a6/Zfp804b",-1.99823268899948,-1.719764751549,TRUE,"higher at P21"
4.42627897864878e-19,-1.28155616162348,0.232,0.642,1.107853365566e-14,"Map7","BMA Glut Slc17a6/Zfp804b",-1.2314013279116,-1.21763501334152,TRUE,"higher at P21"
6.20533893835313e-19,1.57986543822492,0.694,0.516,1.5531342828804e-14,"Slit2","BMA Glut Slc17a6/Zfp804b",1.63002980983483,1.51191163158794,TRUE,"higher at P10"
6.23974067356216e-19,0.886350915073277,0.886,0.887,1.56174469318587e-14,"Nkain3","BMA Glut Slc17a6/Zfp804b",0.979318515520892,0.868229370296267,TRUE,"higher at P10"
7.25762929601671e-19,-0.827381626546691,0.606,0.89,1.81651203650002e-14,"Camk2a","BMA Glut Slc17a6/Zfp804b",-0.880583479587638,-0.754129119117542,TRUE,"higher at P21"
8.40306819384232e-19,-1.48302378668085,0.135,0.499,2.10320393823679e-14,"Clmn","BMA Glut Slc17a6/Zfp804b",-1.4200307521725,-1.32426678137995,TRUE,"higher at P21"
1.22770550648713e-18,-1.10227327226247,0.364,0.767,3.07282411218663e-14,"Prickle1","BMA Glut Slc17a6/Zfp804b",-0.799406050261566,-1.04151053403226,TRUE,"higher at P21"
1.95354758137727e-18,-1.08772581328482,0.377,0.779,4.88953424142918e-14,"Galnt16","BMA Glut Slc17a6/Zfp804b",-0.951499908316142,-1.00952963045657,TRUE,"higher at P21"
2.27494442022705e-18,0.613867452400569,0.983,0.985,5.69395838938628e-14,"Grid2","BMA Glut Slc17a6/Zfp804b",0.574162334016345,0.604751097519663,TRUE,"higher at P10"
3.78708746110219e-18,-1.43162523933955,0.128,0.487,9.47870120639267e-14,"Hnrnpl","BMA Glut Slc17a6/Zfp804b",-1.27954646893655,-1.17288594260335,TRUE,"higher at P21"
1.44272875505513e-17,-0.982539742241764,0.333,0.728,3.61100580102747e-13,"Ftx","BMA Glut Slc17a6/Zfp804b",-1.0463818420773,-0.811122421105179,TRUE,"higher at P21"
2.6438975660614e-17,-1.29652257233493,0.199,0.555,6.61741121809508e-13,"Cyld","BMA Glut Slc17a6/Zfp804b",-1.37202951161714,-1.02632113277302,TRUE,"higher at P21"
3.55591630053243e-17,1.1513330380371,0.761,0.707,8.90010290860262e-13,"C130071C03Rik","BMA Glut Slc17a6/Zfp804b",1.20634601653203,1.12710415714235,TRUE,"higher at P10"
4.83995777352036e-17,0.607997169246473,0.973,0.949,1.21139303113441e-12,"Gabrb3","BMA Glut Slc17a6/Zfp804b",0.572603303830449,0.547212320155188,TRUE,"higher at P10"
6.08994792314681e-17,-0.954758316664071,0.36,0.761,1.52425306568442e-12,"Zmynd8","BMA Glut Slc17a6/Zfp804b",-0.860840466070004,-0.944996182857596,TRUE,"higher at P21"
6.14483970039757e-17,-1.37209289932786,0.199,0.558,1.53799192861251e-12,"Gm47283","BMA Glut Slc17a6/Zfp804b",-0.784272418674299,-1.23530944326377,TRUE,"higher at P21"
8.89920851819623e-17,-0.864402803874143,0.357,0.749,2.22738290001934e-12,"Tmem132b","BMA Glut Slc17a6/Zfp804b",-0.821597849359108,-0.838242381898469,TRUE,"higher at P21"
1.05544645755825e-16,1.09712159582234,0.862,0.818,2.64167693862255e-12,"Pcdh15","BMA Glut Slc17a6/Zfp804b",1.31683931110629,1.07494110347876,TRUE,"higher at P10"
1.63741180876063e-16,0.531405975451754,0.983,0.976,4.09827801614699e-12,"Adgrl3","BMA Glut Slc17a6/Zfp804b",0.558019938468711,0.508111515140798,TRUE,"higher at P10"
2.35223150793182e-16,-0.953734583626426,0.434,0.803,5.88740024120255e-12,"Upp2","BMA Glut Slc17a6/Zfp804b",-0.839912933058618,-0.952895633110287,TRUE,"higher at P21"
4.68950155995618e-16,2.913276440823,0.327,0.084,1.17373534544143e-11,"Dnah12","BMA Glut Slc17a6/Zfp804b",2.19654528517737,2.58387948356625,TRUE,"higher at P10"
8.31763252546437e-16,-2.18325504750658,0.051,0.307,2.08182024479848e-11,"Tpd52l1","BMA Glut Slc17a6/Zfp804b",-1.44074927118463,-1.6240367631482,TRUE,"higher at P21"
9.72962850593032e-16,-0.836692053438438,0.532,0.869,2.4352287187493e-11,"Syne1","BMA Glut Slc17a6/Zfp804b",-0.741318557256767,-0.809505327068582,TRUE,"higher at P21"
2.26022399060633e-15,1.30165418290667,0.798,0.687,5.65711462608859e-11,"Gm15398","BMA Glut Slc17a6/Zfp804b",1.42856113579104,1.28176308525252,TRUE,"higher at P10"
2.46977918921463e-15,-1.19235296449556,0.189,0.537,6.18161033268529e-11,"Catspere2","BMA Glut Slc17a6/Zfp804b",-1.27366593995017,-1.05640675536696,TRUE,"higher at P21"
3.93114841129077e-15,-1.88261857541618,0.071,0.337,9.83927135861967e-11,"Suds3","BMA Glut Slc17a6/Zfp804b",-1.51670376810911,-1.17062695065962,TRUE,"higher at P21"
4.05279404405102e-15,-1.01997305335273,0.266,0.633,1.01437382128553e-10,"Me3","BMA Glut Slc17a6/Zfp804b",-0.854777180188539,-0.989851112304897,TRUE,"higher at P21"
4.40446003573466e-15,-1.38143306935967,0.138,0.451,1.10239230234403e-10,"Ccnd2","BMA Glut Slc17a6/Zfp804b",-1.28514454730407,-1.07084324134458,TRUE,"higher at P21"
4.43920016127705e-15,-0.886131634209884,0.451,0.809,1.11108740836603e-10,"Akap8l","BMA Glut Slc17a6/Zfp804b",-1.13402609523872,-0.769908942400403,TRUE,"higher at P21"
5.50703130578026e-15,-0.93977794582628,0.29,0.672,1.37835486552374e-10,"Scg5","BMA Glut Slc17a6/Zfp804b",-0.963353485991374,-0.758543254099235,TRUE,"higher at P21"
6.56898631494302e-15,-0.977999859324423,0.296,0.666,1.64415158476709e-10,"Specc1","BMA Glut Slc17a6/Zfp804b",-1.03607251218026,-0.892125230257954,TRUE,"higher at P21"
9.94685671355838e-15,-2.28974760352667,0.044,0.284,2.48959876683653e-10,"mt-Co1","BMA Glut Slc17a6/Zfp804b",-1.61438177324521,-1.59399296804486,TRUE,"higher at P21"
1.76855325801135e-14,-0.693579409133026,0.559,0.884,4.42651194947661e-10,"Pnisr","BMA Glut Slc17a6/Zfp804b",-0.659587168192842,-0.657950231546204,TRUE,"higher at P21"
1.9342490550601e-14,-1.33934527606323,0.114,0.409,4.84123195990993e-10,"Crebrf","BMA Glut Slc17a6/Zfp804b",-1.16178714259342,-1.21227537736467,TRUE,"higher at P21"
2.82777679761527e-14,-1.38166083922519,0.148,0.457,7.07764254675127e-10,"Cplx2","BMA Glut Slc17a6/Zfp804b",-1.1811288666609,-1.01434444961561,TRUE,"higher at P21"
2.8563747383028e-14,-0.915322884873687,0.313,0.684,7.14922033249807e-10,"Add2","BMA Glut Slc17a6/Zfp804b",-0.7689134080841,-0.768584401651857,TRUE,"higher at P21"
3.43820374702884e-14,-0.839202234394633,0.394,0.758,8.60548015843847e-10,"Armc9","BMA Glut Slc17a6/Zfp804b",-0.909811193970361,-0.655611947298067,TRUE,"higher at P21"
4.74637695315992e-14,-0.802620590349078,0.549,0.863,1.1879706876064e-09,"Dgkb","BMA Glut Slc17a6/Zfp804b",-0.675511342476948,-0.931219505017436,TRUE,"higher at P21"
5.85931547093292e-14,-1.25833283561801,0.162,0.472,1.4665280692198e-09,"Cep70","BMA Glut Slc17a6/Zfp804b",-1.22637297239729,-0.9179437690799,TRUE,"higher at P21"
6.22796794618211e-14,-1.64173184832172,0.074,0.331,1.55879809724992e-09,"Stx16","BMA Glut Slc17a6/Zfp804b",-1.09457019975885,-1.22849673024655,TRUE,"higher at P21"
7.15732018232929e-14,-0.936840312546414,0.296,0.66,1.7914056684352e-09,"Upf2","BMA Glut Slc17a6/Zfp804b",-0.737331058756758,-0.842675126652706,TRUE,"higher at P21"
7.55642864338984e-14,0.608338286905459,0.966,0.949,1.89129852515404e-09,"Ncam2","BMA Glut Slc17a6/Zfp804b",0.877165245481627,0.477533211717468,TRUE,"higher at P10"
7.68895485719988e-14,-1.40674377830947,0.088,0.355,1.92446851120856e-09,"Cfap46","BMA Glut Slc17a6/Zfp804b",-1.32737346338185,-1.15072968892947,TRUE,"higher at P21"
1.2726815969709e-13,-0.945774150148686,0.296,0.66,3.18539476905846e-09,"Thrb","BMA Glut Slc17a6/Zfp804b",-0.432079700248775,-0.926446138017837,TRUE,"higher at P21"
1.36745829749797e-13,-1.33686291361714,0.125,0.409,3.42261137280767e-09,"Fkbp5","BMA Glut Slc17a6/Zfp804b",-1.54441923537011,-1.18257952399616,TRUE,"higher at P21"
1.89803303365307e-13,0.842608962040609,0.896,0.896,4.75058687993027e-09,"Schip1","BMA Glut Slc17a6/Zfp804b",0.8138308310135,0.882761564999631,TRUE,"higher at P10"
2.08192190893872e-13,-0.987741540715581,0.205,0.54,5.21084234588273e-09,"Ate1","BMA Glut Slc17a6/Zfp804b",-0.957757919648997,-0.716082878891131,TRUE,"higher at P21"
2.08506865383831e-13,-2.09597270979988,0.044,0.266,5.2187183336919e-09,"Gm47523","BMA Glut Slc17a6/Zfp804b",-1.50601783404698,-1.44603028842123,TRUE,"higher at P21"
2.66285209253811e-13,-1.14454261135064,0.131,0.43,6.66485250241364e-09,"Rab11fip2","BMA Glut Slc17a6/Zfp804b",-0.583731100293456,-1.10666087976268,TRUE,"higher at P21"
3.57162536756121e-13,1.48140274847472,0.529,0.328,8.93942113246896e-09,"Gm16083","BMA Glut Slc17a6/Zfp804b",1.26134552007039,1.48343539684895,TRUE,"higher at P10"
3.59580558940629e-13,0.522635150715938,0.976,0.928,8.99994180972501e-09,"March1","BMA Glut Slc17a6/Zfp804b",0.411300008995797,0.525424284327657,TRUE,"higher at P10"
3.60578574878325e-13,-0.911913550552578,0.111,0.394,9.0249211506296e-09,"Hnrnph3","BMA Glut Slc17a6/Zfp804b",-1.18049891294953,-0.826160787057463,TRUE,"higher at P21"
3.6446738043411e-13,-0.840683844757715,0.367,0.704,9.12225406488535e-09,"Phf21a","BMA Glut Slc17a6/Zfp804b",-0.82083405559673,-0.825719825288736,TRUE,"higher at P21"
4.09579375125798e-13,-1.85987230643269,0.051,0.275,1.02513621800236e-08,"Mmaa","BMA Glut Slc17a6/Zfp804b",-1.26626130849485,-1.40301067503616,TRUE,"higher at P21"
4.15658801791189e-13,-2.18984659152356,0.034,0.242,1.04035241500317e-08,"Chgb","BMA Glut Slc17a6/Zfp804b",-1.71835438978059,-1.49143672082011,TRUE,"higher at P21"
4.45787539293586e-13,-1.01933182478655,0.357,0.678,1.11576163209792e-08,"Gm28905","BMA Glut Slc17a6/Zfp804b",-0.883722683195699,-0.930100076893001,TRUE,"higher at P21"
4.81239114702075e-13,-0.839126168490792,0.401,0.731,1.20449338018782e-08,"9630028H03Rik","BMA Glut Slc17a6/Zfp804b",-1.39465187927549,-0.502598226767319,TRUE,"higher at P21"
7.32468927324442e-13,-0.723977325762081,0.562,0.866,1.83329647820035e-08,"Nsf","BMA Glut Slc17a6/Zfp804b",-0.765546960021262,-0.73386807039511,TRUE,"higher at P21"
7.99665293318913e-13,-2.23105765922495,0.037,0.245,2.00148226264791e-08,"Smad3","BMA Glut Slc17a6/Zfp804b",-1.51147628130742,-1.64113630181053,TRUE,"higher at P21"
1.12417621613887e-12,1.52991953135679,0.539,0.334,2.81370065137397e-08,"Kcnip1","BMA Glut Slc17a6/Zfp804b",1.31929725443674,1.5789542645503,TRUE,"higher at P10"
1.14201478388156e-12,-0.974390566050165,0.148,0.454,2.85834880257715e-08,"Dpm1","BMA Glut Slc17a6/Zfp804b",-0.833258679834738,-0.848922826289382,TRUE,"higher at P21"
1.21004379359646e-12,-1.06953689978534,0.152,0.448,3.02861861099259e-08,"Ajap1","BMA Glut Slc17a6/Zfp804b",-1.13176467675606,-1.02107585550958,TRUE,"higher at P21"
1.21033077803716e-12,-1.78686733087213,0.057,0.281,3.02933690434921e-08,"Stac2","BMA Glut Slc17a6/Zfp804b",-1.71291232528124,-1.23608270195288,TRUE,"higher at P21"
1.22820406277255e-12,-1.04553665826025,0.141,0.433,3.07407194871343e-08,"Ppargc1b","BMA Glut Slc17a6/Zfp804b",-0.947886826561254,-0.896653672504678,TRUE,"higher at P21"
1.61809955599116e-12,-0.99091148840744,0.242,0.561,4.04994137869027e-08,"Prkag2","BMA Glut Slc17a6/Zfp804b",-1.15840994177591,-0.765247009743876,TRUE,"higher at P21"
1.74370125798409e-12,-1.44286846409556,0.081,0.325,4.36430987860837e-08,"Faim2","BMA Glut Slc17a6/Zfp804b",-1.34302487022324,-0.958888355322021,TRUE,"higher at P21"
2.13963653351852e-12,-1.02018011641016,0.175,0.484,5.35529627974351e-08,"Cdc37l1","BMA Glut Slc17a6/Zfp804b",-0.78705654324447,-0.963363707052284,TRUE,"higher at P21"
3.31959389562719e-12,-2.16338554894303,0.03,0.224,8.30861156136528e-08,"mt-Co2","BMA Glut Slc17a6/Zfp804b",-2.26494762926913,-1.17480198632622,TRUE,"higher at P21"
4.28892951837067e-12,-2.31140231907085,0.02,0.2,1.07347616915299e-07,"Pkp2","BMA Glut Slc17a6/Zfp804b",-1.3946044174114,-1.62888905778985,TRUE,"higher at P21"
4.40851748827436e-12,-0.693844119020031,0.29,0.657,1.10340784214019e-07,"Hnrnpu","BMA Glut Slc17a6/Zfp804b",-0.866905144117847,-0.60751828445048,TRUE,"higher at P21"
5.03394394711786e-12,-1.44995925255755,0.111,0.364,1.25994583052413e-07,"Bicc1","BMA Glut Slc17a6/Zfp804b",-0.679772628317023,-1.32093243114048,TRUE,"higher at P21"
5.0669937229698e-12,-1.27495364632464,0.101,0.352,1.26821785892211e-07,"Tcea1","BMA Glut Slc17a6/Zfp804b",-1.32990113610905,-0.970003420741503,TRUE,"higher at P21"
5.91320362766426e-12,1.95176574130089,0.394,0.188,1.48001573596809e-07,"Adamtsl1","BMA Glut Slc17a6/Zfp804b",2.27769409680518,1.78956538787226,TRUE,"higher at P10"
6.24650281731779e-12,-0.826327238239948,0.168,0.472,1.56343719014647e-07,"Zkscan16","BMA Glut Slc17a6/Zfp804b",-0.813977550039072,-0.74421147522179,TRUE,"higher at P21"
6.47310870808510e-12,0.541720641078677,0.99,0.991,1.62015437854662e-07,"Lrrc4c","BMA Glut Slc17a6/Zfp804b",0.567887266211178,0.489563132912573,TRUE,"higher at P10"
6.58516196002073e-12,-0.962790588401358,0.199,0.51,1.64820018697359e-07,"Ddx5","BMA Glut Slc17a6/Zfp804b",-0.628117686964417,-0.865996129144003,TRUE,"higher at P21"
6.79472188206366e-12,-1.65865484704285,0.074,0.301,1.70065093986171e-07,"Lzts1","BMA Glut Slc17a6/Zfp804b",-1.33967768267692,-1.18616827757005,TRUE,"higher at P21"
8.4826085854341e-12,1.22199088345002,0.67,0.534,2.1231121028483e-07,"Grik1","BMA Glut Slc17a6/Zfp804b",1.42896580156962,1.25008025073225,TRUE,"higher at P10"
8.76552152158823e-12,0.827737252072312,0.899,0.931,2.19392238163832e-07,"Kirrel3","BMA Glut Slc17a6/Zfp804b",0.696035850646677,0.896059162319246,TRUE,"higher at P10"
9.24585852128593e-12,-1.70031482638069,0.044,0.245,2.31414592929265e-07,"Ltbp3","BMA Glut Slc17a6/Zfp804b",-1.42086047955365,-1.3046436534294,TRUE,"higher at P21"
9.7706094683577e-12,1.57853568709528,0.502,0.322,2.44548584383525e-07,"Stmn2","BMA Glut Slc17a6/Zfp804b",1.46442059696381,1.45860960960823,TRUE,"higher at P10"
9.9242243819444e-12,-0.727584460832833,0.266,0.621,2.48393412055686e-07,"Gtf2i","BMA Glut Slc17a6/Zfp804b",-0.653175228834957,-0.703775964734606,TRUE,"higher at P21"
1.09855036757299e-11,-0.686547354173272,0.458,0.791,2.74956171499844e-07,"Pi4ka","BMA Glut Slc17a6/Zfp804b",-0.53609788706552,-0.700404749556685,TRUE,"higher at P21"
1.51775857202777e-11,-1.05724823090296,0.168,0.46,3.79879792992831e-07,"Gm17276","BMA Glut Slc17a6/Zfp804b",-0.860631155720176,-0.773293094702791,TRUE,"higher at P21"
1.77655304245469e-11,-0.689561302713742,0.586,0.839,4.44653460995985e-07,"Snap25","BMA Glut Slc17a6/Zfp804b",-0.743963902976148,-0.694752239889421,TRUE,"higher at P21"
2.0052631555128e-11,-0.98631312646945,0.175,0.469,5.01897315193298e-07,"Senp5","BMA Glut Slc17a6/Zfp804b",-0.854623034380755,-0.771130204837107,TRUE,"higher at P21"
2.0743075570002e-11,0.546906695037298,0.97,0.961,5.19178438441579e-07,"Lingo2","BMA Glut Slc17a6/Zfp804b",0.674551520169142,0.440617963902377,TRUE,"higher at P10"
2.35839054671878e-11,-0.773335914218619,0.259,0.585,5.90281569938244e-07,"2210408F21Rik","BMA Glut Slc17a6/Zfp804b",-0.821058635398019,-0.688011512597027,TRUE,"higher at P21"
2.63620614702228e-11,-0.603690863659222,0.643,0.872,6.59816036538206e-07,"5330434G04Rik","BMA Glut Slc17a6/Zfp804b",-0.684681644130384,-0.487929042794145,TRUE,"higher at P21"
2.83822780968832e-11,-0.977400095891402,0.249,0.558,7.10380038486889e-07,"Hdac8","BMA Glut Slc17a6/Zfp804b",-1.11611010646887,-0.729612794422941,TRUE,"higher at P21"
2.95597061024438e-11,-1.01500296782994,0.471,0.749,7.39849884038065e-07,"Pde10a","BMA Glut Slc17a6/Zfp804b",-1.04800562165341,-1.02353446415859,TRUE,"higher at P21"
3.51551463190417e-11,-1.44102996818317,0.064,0.278,8.79898157219293e-07,"Fbxo3","BMA Glut Slc17a6/Zfp804b",-0.917512705536067,-1.20152395833285,TRUE,"higher at P21"
3.85677983426395e-11,-0.743723537131052,0.239,0.561,9.65313424717924e-07,"5031425E22Rik","BMA Glut Slc17a6/Zfp804b",-0.705001297172158,-0.747446522243298,TRUE,"higher at P21"
4.25310052989871e-11,-1.02154681725326,0.131,0.4,1.06450853162835e-06,"Gm29237","BMA Glut Slc17a6/Zfp804b",-0.736683505530797,-0.952135158896151,TRUE,"higher at P21"
4.73180386038825e-11,-1.03219590455281,0.232,0.522,1.18432318821658e-06,"9530026P05Rik","BMA Glut Slc17a6/Zfp804b",-0.668853669046794,-0.942556276639585,TRUE,"higher at P21"
5.09344140676003e-11,-0.824326688430093,0.226,0.534,1.27483744969797e-06,"Cacng8","BMA Glut Slc17a6/Zfp804b",-0.792736352549548,-0.60436868612778,TRUE,"higher at P21"
5.16660849271161e-11,-1.059342487209,0.071,0.29,1.29315043964079e-06,"Gaa","BMA Glut Slc17a6/Zfp804b",-1.0927020996879,-0.85093038158267,TRUE,"higher at P21"
5.22287245015506e-11,-0.740124928051193,0.222,0.546,1.30723274554931e-06,"Rmdn1","BMA Glut Slc17a6/Zfp804b",-0.676539598814216,-0.682797024571473,TRUE,"higher at P21"
5.23491872920849e-11,0.531543890336867,0.953,0.949,1.31024780873359e-06,"Gabrg3","BMA Glut Slc17a6/Zfp804b",0.686043697876136,0.55389177253989,TRUE,"higher at P10"
5.43218391396196e-11,-1.70706434503845,0.067,0.275,1.35962131182554e-06,"Tef","BMA Glut Slc17a6/Zfp804b",-1.03750293799513,-1.07782360441434,TRUE,"higher at P21"
6.02349513886553e-11,-1.04106508483502,0.098,0.334,1.50762059830665e-06,"Slc7a6","BMA Glut Slc17a6/Zfp804b",-0.893568759617368,-0.877819371229993,TRUE,"higher at P21"
6.58717680580045e-11,-0.641478491999735,0.374,0.725,1.64870448272379e-06,"Vps13a","BMA Glut Slc17a6/Zfp804b",-0.651709375049491,-0.570583836034329,TRUE,"higher at P21"
6.62368844994803e-11,-0.981634610756044,0.077,0.304,1.65784298213749e-06,"Zdhhc1","BMA Glut Slc17a6/Zfp804b",-0.893839473395924,-1.00761595508386,TRUE,"higher at P21"
7.33713180900469e-11,1.96303143061182,0.545,0.406,1.83641072047578e-06,"Gpc5","BMA Glut Slc17a6/Zfp804b",1.57578773389751,2.38307881658668,TRUE,"higher at P10"
7.58084750922725e-11,-0.934868068378065,0.199,0.484,1.89741032308449e-06,"Rnf165","BMA Glut Slc17a6/Zfp804b",-0.891142814018284,-0.723161019975037,TRUE,"higher at P21"
7.81568357450313e-11,-1.42586582705557,0.104,0.331,1.95618744186239e-06,"Gm48094","BMA Glut Slc17a6/Zfp804b",-1.4732577834441,-0.878078497373933,TRUE,"higher at P21"
7.99663125399298e-11,-0.932863356206105,0.283,0.582,2.0014768365619e-06,"Ptprn","BMA Glut Slc17a6/Zfp804b",-0.921162224977112,-0.767843006928428,TRUE,"higher at P21"
8.34083306043749e-11,-1.02919466135065,0.141,0.397,2.0876271066969e-06,"Iqsec3","BMA Glut Slc17a6/Zfp804b",-0.921034963322833,-0.878458970879814,TRUE,"higher at P21"
8.67496229220171e-11,-1.94962385653906,0.04,0.224,2.17125631211517e-06,"Igsf11","BMA Glut Slc17a6/Zfp804b",-0.921410633306501,-1.60881855194352,TRUE,"higher at P21"
8.70918550593463e-11,-1.1771220080988,0.071,0.284,2.17982204028038e-06,"Peak1","BMA Glut Slc17a6/Zfp804b",-0.858659496923387,-0.979956429510134,TRUE,"higher at P21"
9.53043750675424e-11,-0.799403684813584,0.3,0.606,2.38537320356552e-06,"Cdk12","BMA Glut Slc17a6/Zfp804b",-0.937773474294437,-0.632476160175704,TRUE,"higher at P21"
1.02932215457791e-10,-1.15214175557783,0.084,0.31,2.57629042069305e-06,"4933412O06Rik","BMA Glut Slc17a6/Zfp804b",-0.847984008188271,-0.956844655584848,TRUE,"higher at P21"
1.04249386210825e-10,-1.65958134016615,0.03,0.203,2.60925788747073e-06,"Smpd4","BMA Glut Slc17a6/Zfp804b",-1.22811178277158,-1.34964440520722,TRUE,"higher at P21"
1.24745201697967e-10,1.26735427049005,0.724,0.663,3.12224765329841e-06,"Gpc6","BMA Glut Slc17a6/Zfp804b",1.16234207013174,1.31073514614461,TRUE,"higher at P10"
1.27345693186035e-10,-1.30564730398317,0.044,0.233,3.18733535475326e-06,"Pcsk1n","BMA Glut Slc17a6/Zfp804b",-1.51699423902836,-0.853491377184109,TRUE,"higher at P21"
1.3081173793555e-10,-0.663926872564218,0.471,0.794,3.27408698878889e-06,"Sipa1l1","BMA Glut Slc17a6/Zfp804b",-0.652448515958807,-0.618456804400597,TRUE,"higher at P21"
1.35034736686375e-10,-0.74735229157197,0.515,0.815,3.37978442452327e-06,"Slc24a2","BMA Glut Slc17a6/Zfp804b",-0.78019534450103,-0.699064203522101,TRUE,"higher at P21"
1.35145077947479e-10,-0.848456934335543,0.185,0.463,3.38254615594745e-06,"Pip5k1a","BMA Glut Slc17a6/Zfp804b",-0.8993480658791,-0.722981495300084,TRUE,"higher at P21"
1.36790057498858e-10,-0.725796815605237,0.293,0.618,3.42371834913893e-06,"Spop","BMA Glut Slc17a6/Zfp804b",-0.730092833779951,-0.684771458255887,TRUE,"higher at P21"
1.51722651480671e-10,-0.697207688944927,0.475,0.77,3.79746624390973e-06,"Snrnp70","BMA Glut Slc17a6/Zfp804b",-0.762560023036957,-0.649879978790159,TRUE,"higher at P21"
1.53034025908363e-10,-0.819166699074938,0.246,0.555,3.83028863446041e-06,"Ddx50","BMA Glut Slc17a6/Zfp804b",-0.96360836548449,-0.682095573531691,TRUE,"higher at P21"
1.57217745755306e-10,-0.857654968601807,0.242,0.534,3.93500295850954e-06,"Tspan5","BMA Glut Slc17a6/Zfp804b",-0.488517110919969,-0.90843307116147,TRUE,"higher at P21"
1.64800346031106e-10,-1.35770728733673,0.067,0.272,4.12478786081256e-06,"N4bp1","BMA Glut Slc17a6/Zfp804b",-0.583415237622348,-1.21675751947338,TRUE,"higher at P21"
1.73202770095329e-10,-0.81525162419069,0.178,0.457,4.335092132716e-06,"Ubxn11","BMA Glut Slc17a6/Zfp804b",-0.898689714703863,-0.416670260591455,TRUE,"higher at P21"
1.76356352918528e-10,-1.67559778360546,0.037,0.212,4.41402315719784e-06,"Odf2l","BMA Glut Slc17a6/Zfp804b",-1.14705417092048,-1.17971191172059,TRUE,"higher at P21"
1.78445589458241e-10,-0.572084929303472,0.576,0.854,4.4663146585503e-06,"Syn2","BMA Glut Slc17a6/Zfp804b",-0.605598619803245,-0.538019850157555,TRUE,"higher at P21"
1.86979166051546e-10,-1.38783536705442,0.067,0.275,4.67990154710415e-06,"St3gal5","BMA Glut Slc17a6/Zfp804b",-1.18445855555489,-0.961464739404482,TRUE,"higher at P21"
1.99558359530816e-10,-0.955934713776257,0.232,0.51,4.99474618069679e-06,"Msi2","BMA Glut Slc17a6/Zfp804b",-1.12643477058388,-0.78565207138499,TRUE,"higher at P21"
2.16622440811131e-10,-0.705953367129825,0.29,0.633,5.4218430710618e-06,"Golgb1","BMA Glut Slc17a6/Zfp804b",-0.686726279929954,-0.563021891909861,TRUE,"higher at P21"
2.22710090042009e-10,-1.23812011630513,0.088,0.307,5.57421084366144e-06,"mt-Atp6","BMA Glut Slc17a6/Zfp804b",-1.63432138472575,-0.779829097415698,TRUE,"higher at P21"
2.23578980346149e-10,-1.44992694671205,0.101,0.319,5.59595829908376e-06,"Tbc1d8","BMA Glut Slc17a6/Zfp804b",-1.31135217144023,-0.913045937332222,TRUE,"higher at P21"
2.38229495677425e-10,-0.852096579916899,0.091,0.319,5.96264604731027e-06,"Khsrp","BMA Glut Slc17a6/Zfp804b",-0.70581204041528,-1.04314694914743,TRUE,"higher at P21"
2.40400241390918e-10,-0.919843929858473,0.148,0.409,6.01697764177329e-06,"Bbof1","BMA Glut Slc17a6/Zfp804b",-0.867095046119312,-0.787665905064509,TRUE,"higher at P21"
2.52775225686362e-10,-1.58238032826536,0.051,0.239,6.32671112370396e-06,"Zhx2","BMA Glut Slc17a6/Zfp804b",-1.17622618265395,-1.31056767438481,TRUE,"higher at P21"
2.75851126251485e-10,-1.26041829456104,0.094,0.313,6.90427783894841e-06,"Tbc1d1","BMA Glut Slc17a6/Zfp804b",-1.23086069215887,-0.992081746668544,TRUE,"higher at P21"
2.77615528833156e-10,-0.721738167994409,0.215,0.504,6.94843907116507e-06,"Sec61a2","BMA Glut Slc17a6/Zfp804b",-0.645234138768616,-0.62062557348724,TRUE,"higher at P21"
3.53237889860252e-10,-0.779383228458552,0.29,0.612,8.84119114531225e-06,"Ly6h","BMA Glut Slc17a6/Zfp804b",-0.551910950788032,-0.626016411724028,TRUE,"higher at P21"
3.97155280299293e-10,-0.94685148133198,0.165,0.424,9.940399510611e-06,"Rab27a","BMA Glut Slc17a6/Zfp804b",-0.804636003579732,-0.940917451698621,TRUE,"higher at P21"
4.15995726100569e-10,-0.654520330633183,0.404,0.704,1.04119570285711e-05,"Etl4","BMA Glut Slc17a6/Zfp804b",-0.675792077861521,-0.781794975597529,TRUE,"higher at P21"
4.24070616518841e-10,-0.976328995917312,0.091,0.31,1.06140634608501e-05,"Pcgf5","BMA Glut Slc17a6/Zfp804b",-0.859181865729851,-0.968563295629492,TRUE,"higher at P21"
4.47906079966953e-10,1.01328057045275,0.64,0.549,1.12106412754929e-05,"Garnl3","BMA Glut Slc17a6/Zfp804b",1.1581826268628,0.823703433776862,TRUE,"higher at P10"
4.48276220739331e-10,-0.588134069143616,0.229,0.54,1.12199055288847e-05,"Smchd1","BMA Glut Slc17a6/Zfp804b",-0.738262575830875,-0.517746505637045,TRUE,"higher at P21"
4.62681651590349e-10,-0.665067297875544,0.269,0.591,1.15804590576549e-05,"Fbxl20","BMA Glut Slc17a6/Zfp804b",-0.849730439912962,-0.653775971890861,TRUE,"higher at P21"
4.65204245650833e-10,-1.65952263381366,0.044,0.221,1.16435970643947e-05,"Clk2","BMA Glut Slc17a6/Zfp804b",-1.41904502796676,-0.828947883519108,TRUE,"higher at P21"
4.88835719597542e-10,-0.788646569317729,0.205,0.496,1.22350692258069e-05,"Mef2d","BMA Glut Slc17a6/Zfp804b",-0.87969580949052,-0.639815506523639,TRUE,"higher at P21"
5.21047838043033e-10,-0.973959955773199,0.145,0.388,1.30413063383791e-05,"Myo1b","BMA Glut Slc17a6/Zfp804b",-0.853169782197951,-0.828235455480235,TRUE,"higher at P21"
5.33094767705901e-10,0.557055927637865,0.882,0.904,1.3342828940911e-05,"Gria4","BMA Glut Slc17a6/Zfp804b",0.706436687189289,0.537170152044386,TRUE,"higher at P10"
6.3683154410048e-10,-0.847096322598667,0.101,0.328,1.59392567172909e-05,"Erlec1","BMA Glut Slc17a6/Zfp804b",-0.907053724115022,-0.753544319008153,TRUE,"higher at P21"
6.4980512908571e-10,2.6913921298533,0.269,0.099,1.62639725758862e-05,"Bche","BMA Glut Slc17a6/Zfp804b",1.86092108024554,2.34161943857482,TRUE,"higher at P10"
6.58235574381776e-10,-0.745693120003349,0.148,0.403,1.64749781912015e-05,"Gm32036","BMA Glut Slc17a6/Zfp804b",-1.0295894801113,-0.587989660824851,TRUE,"higher at P21"
6.88964705991668e-10,2.16261867508866,0.36,0.179,1.72440976262655e-05,"Gm20713","BMA Glut Slc17a6/Zfp804b",1.45649526423152,2.54664090717443,TRUE,"higher at P10"
7.49752362722598e-10,-1.42956317071635,0.067,0.26,1.87655518865839e-05,"Itm2b","BMA Glut Slc17a6/Zfp804b",-1.36203198978821,-0.76634753412489,TRUE,"higher at P21"
7.50855097827579e-10,-0.77081128293118,0.104,0.334,1.87931522435265e-05,"Fam149b","BMA Glut Slc17a6/Zfp804b",-1.09155263749125,-0.750547239997743,TRUE,"higher at P21"
7.6210920338952e-10,-1.07104967672893,0.104,0.328,1.90748312516363e-05,"Crocc","BMA Glut Slc17a6/Zfp804b",-0.844053725364406,-0.962433951310459,TRUE,"higher at P21"
9.11266931096518e-10,-0.690754614473059,0.455,0.755,2.28081000184147e-05,"Mbnl2","BMA Glut Slc17a6/Zfp804b",-0.664900598837342,-0.724487485480016,TRUE,"higher at P21"
9.8594843312832e-10,-0.643426052903873,0.165,0.43,2.46773033327687e-05,"Kcnip2","BMA Glut Slc17a6/Zfp804b",-0.702989617293937,-0.580032327033663,TRUE,"higher at P21"
1.01590378907274e-09,-0.836979217961418,0.148,0.403,2.54270559367016e-05,"D430042O09Rik","BMA Glut Slc17a6/Zfp804b",-0.792754803326428,-0.634279816136069,TRUE,"higher at P21"
1.02100842314405e-09,-0.607889514409499,0.158,0.424,2.55548198228723e-05,"Sumo1","BMA Glut Slc17a6/Zfp804b",-0.772695774874614,-0.419201086377864,TRUE,"higher at P21"
1.11729111143102e-09,-0.796413448576439,0.253,0.54,2.7964679228007e-05,"Mbtd1","BMA Glut Slc17a6/Zfp804b",-0.767122217663141,-0.627431193154984,TRUE,"higher at P21"
1.12343045002574e-09,-0.567866262918486,0.485,0.779,2.81183407336943e-05,"Pacsin1","BMA Glut Slc17a6/Zfp804b",-0.752536684257522,-0.67040612291928,TRUE,"higher at P21"
1.12427149185844e-09,-0.673392804029392,0.414,0.71,2.81393911697248e-05,"Dlg1","BMA Glut Slc17a6/Zfp804b",-0.615798488695913,-0.760686327080242,TRUE,"higher at P21"
1.15067724489081e-09,0.727305805710728,0.933,0.967,2.88003007623721e-05,"Pcdh9","BMA Glut Slc17a6/Zfp804b",0.698609432589091,0.668704178506603,TRUE,"higher at P10"
1.1773355264938e-09,-0.705018494236207,0.212,0.499,2.94675308926133e-05,"Ttc8","BMA Glut Slc17a6/Zfp804b",-0.611827359099315,-0.542892760128256,TRUE,"higher at P21"
1.19820859172853e-09,-1.28927555081219,0.074,0.272,2.99899628423734e-05,"Npas2","BMA Glut Slc17a6/Zfp804b",-0.591407182987702,-1.29116103390718,TRUE,"higher at P21"
1.27491231796396e-09,-0.687428646855193,0.269,0.567,3.19097804063201e-05,"Pias1","BMA Glut Slc17a6/Zfp804b",-0.699168018845915,-0.49614946505092,TRUE,"higher at P21"
1.29669906652081e-09,-0.806050589944378,0.215,0.487,3.24550809359494e-05,"Paip2","BMA Glut Slc17a6/Zfp804b",-1.03119430890014,-0.522688826835481,TRUE,"higher at P21"
1.52176550300598e-09,-1.20536594675274,0.121,0.34,3.80882687747367e-05,"Slc7a6os","BMA Glut Slc17a6/Zfp804b",-0.884582093164883,-0.761646384694174,TRUE,"higher at P21"
1.56543915553577e-09,-0.939975999157259,0.108,0.334,3.91813766239049e-05,"A930015D03Rik","BMA Glut Slc17a6/Zfp804b",-0.896820530442232,-0.852773692000925,TRUE,"higher at P21"
1.59817441839658e-09,-1.23446662920779,0.061,0.245,4.0000707518048e-05,"Myh9","BMA Glut Slc17a6/Zfp804b",-1.02941182496009,-0.952545192215161,TRUE,"higher at P21"
1.7858605716533e-09,-0.646535903519926,0.226,0.522,4.46983042479104e-05,"Trip11","BMA Glut Slc17a6/Zfp804b",-0.631465065676505,-0.62062557348724,TRUE,"higher at P21"
1.81281972889411e-09,-0.539108009815069,0.771,0.931,4.53730649944908e-05,"Agbl4","BMA Glut Slc17a6/Zfp804b",-0.442851499341833,-0.534631158105295,TRUE,"higher at P21"
1.83190775578935e-09,-1.03355981053425,0.098,0.307,4.58508192196518e-05,"Zfp664","BMA Glut Slc17a6/Zfp804b",-0.809666831476889,-0.857884045239134,TRUE,"higher at P21"
1.85619853373703e-09,-1.22264932307286,0.104,0.316,4.64587931009041e-05,"Ggact","BMA Glut Slc17a6/Zfp804b",-1.01931889805549,-1.09510326175029,TRUE,"higher at P21"
1.89056834420097e-09,-0.694826794328829,0.178,0.445,4.73190350870062e-05,"Inpp5a","BMA Glut Slc17a6/Zfp804b",-0.915357989176415,-0.590499542012487,TRUE,"higher at P21"
2.10738067201489e-09,-0.755427345772112,0.246,0.54,5.27456308398606e-05,"Cdh22","BMA Glut Slc17a6/Zfp804b",-0.704788352056092,-0.576939416719238,TRUE,"higher at P21"
2.1424057831208e-09,-1.54763346990544,0.128,0.346,5.36222743457306e-05,"mt-Co3","BMA Glut Slc17a6/Zfp804b",-1.36818085716186,-0.953204393276795,TRUE,"higher at P21"
2.17933256786655e-09,-0.800515753154947,0.162,0.415,5.4546514841132e-05,"Fgfr1","BMA Glut Slc17a6/Zfp804b",-1.14322560595265,-0.643583002168019,TRUE,"higher at P21"
2.20869556975238e-09,0.609009077283014,0.899,0.913,5.52814414153324e-05,"Unc5d","BMA Glut Slc17a6/Zfp804b",0.464569708363541,0.617000360098155,TRUE,"higher at P10"
2.25235482597984e-09,-1.17486188166586,0.061,0.245,5.63741889394495e-05,"Dnmbp","BMA Glut Slc17a6/Zfp804b",-1.22725039254815,-0.901908340414067,TRUE,"higher at P21"
2.33817616002471e-09,-0.993512064346689,0.125,0.352,5.85222111092584e-05,"Dnaja2","BMA Glut Slc17a6/Zfp804b",-1.02954799588068,-0.651336778716439,TRUE,"higher at P21"
2.34075950659036e-09,-0.757121843395206,0.253,0.546,5.85868696904501e-05,"Fam120c","BMA Glut Slc17a6/Zfp804b",-0.741572278417588,-0.546682667124537,TRUE,"higher at P21"
2.37492258989161e-09,-1.4056708822646,0.067,0.251,5.94419375023971e-05,"1810034E14Rik","BMA Glut Slc17a6/Zfp804b",-1.1646782502573,-1.05688114011799,TRUE,"higher at P21"
2.51951246693606e-09,-0.731936059251075,0.148,0.391,6.30608775349426e-05,"Stim2","BMA Glut Slc17a6/Zfp804b",-0.941484349321602,-0.51778903049309,TRUE,"higher at P21"
2.66560235317757e-09,-0.837453063077769,0.121,0.346,6.67173612976814e-05,"Gpatch1","BMA Glut Slc17a6/Zfp804b",-0.427860797874193,-0.854699863080026,TRUE,"higher at P21"
2.83776216899428e-09,-1.59999719402965,0.04,0.203,7.10263493277578e-05,"Zbtb16","BMA Glut Slc17a6/Zfp804b",-0.587145145228638,-1.3507526437056,TRUE,"higher at P21"
2.94661142949301e-09,-0.733572520497663,0.108,0.331,7.37507374687806e-05,"Gnl3","BMA Glut Slc17a6/Zfp804b",-0.428838238688958,-0.651336778716439,TRUE,"higher at P21"
2.97092977271878e-09,-0.886816966912516,0.118,0.343,7.43594012813783e-05,"Eefsec","BMA Glut Slc17a6/Zfp804b",-0.487187839990274,-0.905242221327873,TRUE,"higher at P21"
3.13436954246469e-09,-0.509168118434861,0.246,0.546,7.84501352783488e-05,"Hmgcll1","BMA Glut Slc17a6/Zfp804b",-0.587485176236213,-0.551382167577957,TRUE,"higher at P21"
3.23880151710932e-09,-0.578561844852098,0.327,0.639,8.10639631717291e-05,"Apex2","BMA Glut Slc17a6/Zfp804b",-0.758633260816471,-0.663698239433461,TRUE,"higher at P21"
3.24875861194299e-09,-0.77140308134335,0.219,0.49,8.13131792983211e-05,"Gkap1","BMA Glut Slc17a6/Zfp804b",-0.800961533883114,-0.455147853249093,TRUE,"higher at P21"
3.44911183930277e-09,-1.09194922521378,0.064,0.248,8.63278202259091e-05,"Gm48281","BMA Glut Slc17a6/Zfp804b",-1.06536650061957,-0.753189813002255,TRUE,"higher at P21"
3.60638488279627e-09,-1.07144413854031,0.135,0.361,9.02642072315078e-05,"Aftph","BMA Glut Slc17a6/Zfp804b",-0.799621153775572,-0.778567617492972,TRUE,"higher at P21"
4.01319343638503e-09,1.05608469831632,0.66,0.603,0.000100446218519281,"Gm11149","BMA Glut Slc17a6/Zfp804b",0.468699943395404,1.27584204650578,TRUE,"higher at P10"
4.20322048145438e-09,-0.68998320262152,0.242,0.525,0.000105202405430322,"Zdhhc20","BMA Glut Slc17a6/Zfp804b",-0.657018481676124,-0.496977144322517,TRUE,"higher at P21"
4.38436673212394e-09,-0.636218563765757,0.199,0.472,0.00010973631493833,"Zfp950","BMA Glut Slc17a6/Zfp804b",-0.630268906448445,-0.812167988031136,TRUE,"higher at P21"
4.4260708063116e-09,-0.734616433960071,0.283,0.588,0.000110780126211173,"Atp6v0b","BMA Glut Slc17a6/Zfp804b",-0.4838887935373,-0.607266089590554,TRUE,"higher at P21"
4.56868016640141e-09,-0.564467373675508,0.172,0.442,0.000114349495884861,"Spaca6","BMA Glut Slc17a6/Zfp804b",-0.730870099677671,-0.404577507956959,TRUE,"higher at P21"
4.78359006759386e-09,-0.593049556959155,0.552,0.806,0.000119728475801807,"Nptn","BMA Glut Slc17a6/Zfp804b",-0.708844769415859,-0.540040076559911,TRUE,"higher at P21"
4.87925965583288e-09,-0.574230911191222,0.492,0.812,0.000122122989925841,"Foxp1","BMA Glut Slc17a6/Zfp804b",-0.520858889857926,-0.509546788732073,TRUE,"higher at P21"
5.10150239038203e-09,0.937380025951399,0.714,0.636,0.000127685503328872,"Cdh4","BMA Glut Slc17a6/Zfp804b",1.02792801876711,0.898612478610955,TRUE,"higher at P10"
5.15713722576179e-09,-0.856046452252954,0.189,0.439,0.000129077987623592,"6530409C15Rik","BMA Glut Slc17a6/Zfp804b",-1.08797818425205,-0.600891360687366,TRUE,"higher at P21"
5.15963257460725e-09,-0.504436114163124,0.229,0.516,0.000129140443709845,"Ttc17","BMA Glut Slc17a6/Zfp804b",-0.539698516536193,-0.499495922126598,TRUE,"higher at P21"
5.22336714050734e-09,-0.996600954584464,0.108,0.322,0.000130735656159758,"Mecp2","BMA Glut Slc17a6/Zfp804b",-0.909600252174117,-0.747679168050063,TRUE,"higher at P21"
5.38248419609656e-09,-0.862962450562272,0.125,0.346,0.000134718196944101,"4930428E07Rik","BMA Glut Slc17a6/Zfp804b",-1.28867144638967,-0.54267816491017,TRUE,"higher at P21"
5.39111982936481e-09,-1.28507130916242,0.067,0.251,0.000134934338209172,"Itm2c","BMA Glut Slc17a6/Zfp804b",-1.15712295648657,-0.904381503331032,TRUE,"higher at P21"
5.44723555328804e-09,-0.60649127476081,0.316,0.636,0.000136338858663246,"Rasgef1a","BMA Glut Slc17a6/Zfp804b",-0.640075963388501,-0.443011832262664,TRUE,"higher at P21"
5.55849723466894e-09,-0.549408466377111,0.273,0.555,0.000139123627286529,"Rnf216","BMA Glut Slc17a6/Zfp804b",-0.666587652694413,-0.601101574018309,TRUE,"higher at P21"
5.71111506733881e-09,-1.16809242236177,0.118,0.331,0.000142943499020423,"Dnal1","BMA Glut Slc17a6/Zfp804b",-0.902484294024595,-0.794564656547382,TRUE,"higher at P21"
6.11914469211722e-09,-0.844079301115117,0.138,0.37,0.000153156072499002,"Gm45159","BMA Glut Slc17a6/Zfp804b",-0.500065145361578,-0.876181856373964,TRUE,"higher at P21"
6.94106827086303e-09,-0.919953586747323,0.114,0.319,0.000173727997751431,"Pde7b","BMA Glut Slc17a6/Zfp804b",-0.473812973217079,-1.12155333758638,TRUE,"higher at P21"
6.96167139649452e-09,-0.613064231369315,0.189,0.445,0.000174243673382861,"Fntb","BMA Glut Slc17a6/Zfp804b",-0.65229046733883,-0.630673102058571,TRUE,"higher at P21"
7.0742418270762e-09,1.49610876568297,0.529,0.388,0.00017706119868989,"Alk","BMA Glut Slc17a6/Zfp804b",1.50539017303995,1.18535125849581,TRUE,"higher at P10"
7.31125291840912e-09,-0.943805931286961,0.63,0.904,0.000182993349294862,"Gm42418","BMA Glut Slc17a6/Zfp804b",-0.882590697902137,-0.650801983237336,TRUE,"higher at P21"
7.32064530269915e-09,-1.23358280114959,0.057,0.23,0.000183228431281257,"Xpnpep3","BMA Glut Slc17a6/Zfp804b",-1.1308491160477,-0.845531042363858,TRUE,"higher at P21"
7.50182877384727e-09,-1.13384696529279,0.094,0.293,0.000187763272380623,"Cdkl4","BMA Glut Slc17a6/Zfp804b",-0.597441945907127,-1.01620663255634,TRUE,"higher at P21"
7.54130346727827e-09,-0.822154531362102,0.212,0.478,0.000188751284482508,"Psma3","BMA Glut Slc17a6/Zfp804b",-0.775554995939838,-0.646083635225923,TRUE,"higher at P21"
7.58323968574704e-09,-0.65310052417475,0.152,0.385,0.000189800906094563,"Gfod1","BMA Glut Slc17a6/Zfp804b",-0.747278233841629,-0.643988678310838,TRUE,"higher at P21"
8.10760149529398e-09,-0.609623579518375,0.36,0.675,0.000202925157825713,"A330023F24Rik","BMA Glut Slc17a6/Zfp804b",-0.516642700002728,-0.659967291924787,TRUE,"higher at P21"
8.16371479154103e-09,-0.723842135301483,0.175,0.424,0.00020432961751748,"Tmem175","BMA Glut Slc17a6/Zfp804b",-0.782471888723691,-0.580032327033663,TRUE,"higher at P21"
8.94364554502428e-09,2.30633200412628,0.253,0.096,0.000223850504346413,"Dpysl3","BMA Glut Slc17a6/Zfp804b",1.73182839471276,1.8501314004934,TRUE,"higher at P10"
9.10181390531413e-09,-0.826561056244228,0.148,0.382,0.000227809300236107,"Mpc1","BMA Glut Slc17a6/Zfp804b",-0.837518078002076,-0.666546481148253,TRUE,"higher at P21"
9.14179153929032e-09,-0.984589184930668,0.168,0.406,0.000228809900436897,"Mbp","BMA Glut Slc17a6/Zfp804b",-0.471872204495314,-0.728071111567642,TRUE,"higher at P21"
9.35238686525334e-09,-0.590334616777348,0.29,0.591,0.000234080890850426,"Spock2","BMA Glut Slc17a6/Zfp804b",-0.786466902440804,-0.489338841518079,TRUE,"higher at P21"
9.57346201175514e-09,-0.929557358541561,0.101,0.307,0.000239614180692219,"Caly","BMA Glut Slc17a6/Zfp804b",-0.930406851355971,-0.657681283993538,TRUE,"higher at P21"
9.75982431646371e-09,-0.563227532280267,0.175,0.433,0.00024427864281677,"Pcmt1","BMA Glut Slc17a6/Zfp804b",-0.62332493397418,-0.446861185083463,TRUE,"higher at P21"
9.90865960709606e-09,-1.08433567162777,0.081,0.269,0.000248003841306007,"Syt17","BMA Glut Slc17a6/Zfp804b",-0.830795934298946,-1.00960275735788,TRUE,"higher at P21"
9.98346841506062e-09,-0.633691030279073,0.29,0.582,0.000249876230960552,"Otulin","BMA Glut Slc17a6/Zfp804b",-0.484783264326579,-0.632343312095109,TRUE,"higher at P21"
1.0053245411316e-08,-0.526676283154021,0.414,0.713,0.000251622679399829,"Wscd2","BMA Glut Slc17a6/Zfp804b",-0.733893373183645,-0.524501251958654,TRUE,"higher at P21"
1.04391833344008e-08,-0.888298462183878,0.165,0.409,0.000261282319676717,"Hspa12a","BMA Glut Slc17a6/Zfp804b",-0.518640392813521,-0.736078613371123,TRUE,"higher at P21"
1.06756308003232e-08,-1.26235512921854,0.054,0.221,0.000267200363301289,"6430548M08Rik","BMA Glut Slc17a6/Zfp804b",-1.30100006489979,-0.909078916177714,TRUE,"higher at P21"
1.13159959598565e-08,-0.571877793052089,0.404,0.69,0.000283228062879249,"Rnf169","BMA Glut Slc17a6/Zfp804b",-0.751939951320088,-0.545833685537851,TRUE,"higher at P21"
1.13358504452982e-08,-0.705290838157093,0.391,0.648,0.00028372500079537,"A330015K06Rik","BMA Glut Slc17a6/Zfp804b",-0.947605135939632,-0.457864514464501,TRUE,"higher at P21"
1.20893513923504e-08,-0.604964433779116,0.32,0.624,0.000302584375999137,"Kcnb1","BMA Glut Slc17a6/Zfp804b",-0.408075613863583,-0.580887046278299,TRUE,"higher at P21"
1.24440621478263e-08,-0.903912236084605,0.125,0.34,0.000311462431497945,"Tfdp2","BMA Glut Slc17a6/Zfp804b",-0.821644444920109,-0.935480099595405,TRUE,"higher at P21"
1.32526381945834e-08,-0.695672200863485,0.222,0.478,0.000331700281372229,"4833422C13Rik","BMA Glut Slc17a6/Zfp804b",-0.811309291384926,-0.551530979055704,TRUE,"higher at P21"
1.35185066376872e-08,-0.606251122678885,0.434,0.734,0.000338354702634673,"Tra2a","BMA Glut Slc17a6/Zfp804b",-0.555282165844087,-0.462258445214889,TRUE,"higher at P21"
1.46393828236541e-08,-0.846829300224985,0.209,0.46,0.000366409112693239,"Cul1","BMA Glut Slc17a6/Zfp804b",-0.649015992040718,-0.721074644560072,TRUE,"higher at P21"
1.50384437267308e-08,-0.53768754241279,0.519,0.788,0.000376397208036345,"Luc7l2","BMA Glut Slc17a6/Zfp804b",-0.53687167444234,-0.475597590089724,TRUE,"higher at P21"
1.50672138511242e-08,-0.853025905494339,0.232,0.496,0.000377117295479788,"Dlgap3","BMA Glut Slc17a6/Zfp804b",-0.771480073049101,-0.654000847982056,TRUE,"higher at P21"
1.61040878754091e-08,-0.726660124930709,0.205,0.46,0.000403069215433613,"Ndst3","BMA Glut Slc17a6/Zfp804b",-0.639857458580492,-0.790674897700931,TRUE,"higher at P21"
1.68424551654614e-08,-1.10997402317393,0.077,0.26,0.000421549810336333,"Cacng7","BMA Glut Slc17a6/Zfp804b",-0.749021847557537,-0.807151658509749,TRUE,"higher at P21"
1.71847866942074e-08,-0.784080983744507,0.131,0.349,0.000430118026169316,"Hlcs","BMA Glut Slc17a6/Zfp804b",-0.550938367899198,-0.891808398390795,TRUE,"higher at P21"
1.81498178781685e-08,-0.973802225586166,0.077,0.26,0.00045427179167268,"Flywch1","BMA Glut Slc17a6/Zfp804b",-0.922822606596321,-0.764662373015855,TRUE,"higher at P21"
1.92431711372562e-08,-0.626790377962093,0.162,0.403,0.000481637330394385,"Sez6l2","BMA Glut Slc17a6/Zfp804b",-0.820892909529044,-0.610547463662266,TRUE,"higher at P21"
1.94072801671642e-08,-0.795151685879054,0.135,0.358,0.000485744815303953,"6430590A07Rik","BMA Glut Slc17a6/Zfp804b",-0.926543393528965,-0.717589258998511,TRUE,"higher at P21"
2.07803287813534e-08,-0.778544452537374,0.135,0.352,0.000520110849068494,"Banp","BMA Glut Slc17a6/Zfp804b",-0.913133209389444,-0.558473296232186,TRUE,"higher at P21"
2.20692052657044e-08,-1.3963269491767,0.077,0.254,0.000552370138595316,"Fggy","BMA Glut Slc17a6/Zfp804b",-0.965311892090215,-0.880839882531591,TRUE,"higher at P21"
2.29303169820257e-08,-0.992314357595505,0.094,0.287,0.000573922903743122,"Zfp612","BMA Glut Slc17a6/Zfp804b",-1.00193885412552,-0.567906955964411,TRUE,"higher at P21"
2.43677113931197e-08,-0.884045937127573,0.138,0.358,0.000609899448458392,"2010300C02Rik","BMA Glut Slc17a6/Zfp804b",-0.917813856744448,-0.850519160206093,TRUE,"higher at P21"
2.49473291607698e-08,-0.510791446829693,0.488,0.761,0.000624406701564908,"Ak5","BMA Glut Slc17a6/Zfp804b",-0.682008236951887,-0.547617634150592,TRUE,"higher at P21"
2.50784176501961e-08,-0.795781283958802,0.131,0.349,0.000627687715366759,"Preb","BMA Glut Slc17a6/Zfp804b",-0.757969257150917,-0.609150489542699,TRUE,"higher at P21"
2.52032698359577e-08,-0.75127335848836,0.131,0.349,0.000630812640724184,"Ncor2","BMA Glut Slc17a6/Zfp804b",-0.60906139639426,-0.58380359233299,TRUE,"higher at P21"
2.52327378274778e-08,-0.974437068354763,0.047,0.206,0.000631550195083942,"Glt1d1","BMA Glut Slc17a6/Zfp804b",-1.02397078049781,-1.01245901544714,TRUE,"higher at P21"
2.53302492583106e-08,-0.571915886118676,0.29,0.585,0.000633990808686256,"Smim14","BMA Glut Slc17a6/Zfp804b",-0.674390921261166,-0.588766215349521,TRUE,"higher at P21"
2.57394044538783e-08,-0.687699161223804,0.222,0.481,0.000644231554076119,"Nos1","BMA Glut Slc17a6/Zfp804b",-0.856541558335537,-0.660702010909553,TRUE,"higher at P21"
2.61863401562432e-08,-0.851588766202139,0.098,0.293,0.000655417907770611,"Urgcp","BMA Glut Slc17a6/Zfp804b",-0.677891420724276,-0.843432477342476,TRUE,"higher at P21"
2.83275469242307e-08,-0.996419915340535,0.101,0.29,0.00070901017196657,"Rbm24","BMA Glut Slc17a6/Zfp804b",-0.917703241659806,-0.724735418406556,TRUE,"higher at P21"
2.85936343592239e-08,-0.582175058116302,0.202,0.463,0.000715670074377015,"Ewsr1","BMA Glut Slc17a6/Zfp804b",-0.54002230997563,-0.594414780655951,TRUE,"higher at P21"
2.90051155163293e-08,-1.21954696293975,0.057,0.221,0.000725969036258206,"Pdia3","BMA Glut Slc17a6/Zfp804b",-0.751338459967459,-1.14581277557394,TRUE,"higher at P21"
2.91923590274194e-08,-0.588604337839466,0.212,0.475,0.000730655554097281,"Wdr60","BMA Glut Slc17a6/Zfp804b",-0.663516296978882,-0.513186779797506,TRUE,"higher at P21"
3.00082540463285e-08,-0.554349940957616,0.229,0.507,0.000751076590525556,"Dzank1","BMA Glut Slc17a6/Zfp804b",-0.470640199354637,-0.636989283562743,TRUE,"higher at P21"
3.05552531512879e-08,-0.670513300185635,0.276,0.564,0.000764767431123586,"Ank","BMA Glut Slc17a6/Zfp804b",-0.693643620919389,-0.592471250911933,TRUE,"higher at P21"
3.07107063455372e-08,-1.04185069818893,0.054,0.212,0.00076865826912245,"Etv6","BMA Glut Slc17a6/Zfp804b",-0.878908056275973,-1.02165229708008,TRUE,"higher at P21"
3.2221636624595e-08,-1.3127683487902,0.057,0.218,0.000806475343076988,"Gm45847","BMA Glut Slc17a6/Zfp804b",-0.910567765567076,-1.00704327985232,TRUE,"higher at P21"
3.53430505500175e-08,-0.650686413729104,0.529,0.797,0.000884601212216389,"Wwox","BMA Glut Slc17a6/Zfp804b",-0.465605235832277,-0.646795534088755,TRUE,"higher at P21"
3.54171335239417e-08,-0.843125860561589,0.101,0.296,0.000886455434970736,"Hipk4","BMA Glut Slc17a6/Zfp804b",-0.91538856523077,-0.729978915309975,TRUE,"higher at P21"
3.80444428812318e-08,-0.515029300129052,0.249,0.528,0.000952214360874352,"Zfp423","BMA Glut Slc17a6/Zfp804b",-0.717011643409921,-0.457385838397673,TRUE,"higher at P21"
3.92403646540908e-08,-0.831400689631392,0.071,0.248,0.000982147086927238,"Clip3","BMA Glut Slc17a6/Zfp804b",-1.11051537928618,-0.777970076327551,TRUE,"higher at P21"
3.93445446423057e-08,-1.01135231850833,0.125,0.328,0.000984754607852269,"Hsp90b1","BMA Glut Slc17a6/Zfp804b",-0.692612767038288,-0.791116157934817,TRUE,"higher at P21"
3.94787789395368e-08,-0.757433192303324,0.155,0.388,0.000988114358077666,"Zbtb11","BMA Glut Slc17a6/Zfp804b",-0.768691995314269,-0.56144403529792,TRUE,"higher at P21"
4.07708782827392e-08,-1.21435595871749,0.051,0.206,0.00102045431253868,"Cdc14b","BMA Glut Slc17a6/Zfp804b",-0.906226441385426,-1.16147522192427,TRUE,"higher at P21"
4.20242086629998e-08,-0.626441225165228,0.189,0.439,0.00105182391862622,"Ccnl2","BMA Glut Slc17a6/Zfp804b",-0.598539448461087,-0.570167180256284,TRUE,"higher at P21"
4.24579158248753e-08,-0.887693047855432,0.148,0.364,0.0010626791751808,"2610035D17Rik","BMA Glut Slc17a6/Zfp804b",-0.588375249942981,-0.774771711108159,TRUE,"higher at P21"
4.41573230030056e-08,-0.676896091123273,0.306,0.585,0.00110521363744223,"Ttll11","BMA Glut Slc17a6/Zfp804b",-0.472065313449495,-0.534214094090579,TRUE,"higher at P21"
4.4184902467223e-08,-0.653286676143688,0.303,0.573,0.00110590392385212,"Cfap54","BMA Glut Slc17a6/Zfp804b",-0.500113180609269,-0.592203705338031,TRUE,"higher at P21"
4.43779716834428e-08,-0.716630326639934,0.168,0.406,0.00111073625326489,"Kdm5b","BMA Glut Slc17a6/Zfp804b",-0.554979654856715,-0.610942249911305,TRUE,"higher at P21"
4.47462340159766e-08,-1.24460250151269,0.054,0.212,0.00111995349118588,"B3gnt2","BMA Glut Slc17a6/Zfp804b",-0.767242572356191,-0.880947855922622,TRUE,"higher at P21"
4.51530645500468e-08,-0.925775955586248,0.131,0.343,0.00113013605262312,"Ttc39c","BMA Glut Slc17a6/Zfp804b",-0.805945106168373,-0.498767324870861,TRUE,"higher at P21"
4.52123390567317e-08,-0.564587284170993,0.202,0.463,0.00113161963425094,"Snph","BMA Glut Slc17a6/Zfp804b",-0.806126251094688,-0.440149651064055,TRUE,"higher at P21"
4.56911679774373e-08,-0.599277598869894,0.168,0.412,0.00114360424330728,"Por","BMA Glut Slc17a6/Zfp804b",-0.481742649314658,-0.687273699231195,TRUE,"higher at P21"
4.5706023615203e-08,-0.578183974344694,0.185,0.436,0.00114397606506492,"Cntln","BMA Glut Slc17a6/Zfp804b",-0.668009897254061,-0.459955281511812,TRUE,"higher at P21"
4.69304183919055e-08,-0.694665342162086,0.189,0.424,0.001174621441931,"Ypel2","BMA Glut Slc17a6/Zfp804b",-0.639646139170592,-0.488285982320413,TRUE,"higher at P21"
4.84804059253476e-08,-0.502972554861329,0.131,0.349,0.00121341607990553,"Glmn","BMA Glut Slc17a6/Zfp804b",-0.630665910310824,-0.530527400677702,TRUE,"higher at P21"
4.9304363673134e-08,-0.592074166211591,0.165,0.4,0.00123403891837487,"Insr","BMA Glut Slc17a6/Zfp804b",-0.416111314295517,-0.684228188396192,TRUE,"higher at P21"
5.07397481675771e-08,-0.674424257015654,0.158,0.385,0.00126996515688629,"Arfgef2","BMA Glut Slc17a6/Zfp804b",-0.608198593100551,-0.587044740574703,TRUE,"higher at P21"
5.11988918629983e-08,-1.03590144672961,0.091,0.272,0.00128145706443899,"Trpc4","BMA Glut Slc17a6/Zfp804b",-0.952929807762036,-0.838533470807138,TRUE,"higher at P21"
5.19212498885579e-08,-0.810904178634718,0.148,0.37,0.00129953696346072,"Txlng","BMA Glut Slc17a6/Zfp804b",-0.867449289332068,-0.79054997734506,TRUE,"higher at P21"
5.24074633662568e-08,-0.963443924616619,0.077,0.251,0.00131170640059404,"Ints3","BMA Glut Slc17a6/Zfp804b",-1.04892337661498,-0.647421678296681,TRUE,"higher at P21"
5.25745443135574e-08,-0.585021575983861,0.229,0.487,0.00131588826962403,"Baiap3","BMA Glut Slc17a6/Zfp804b",-0.805198494074174,-0.490078901944335,TRUE,"higher at P21"
5.30701063641336e-08,-0.845591302870273,0.101,0.296,0.0013282916921879,"Yaf2","BMA Glut Slc17a6/Zfp804b",-0.88331634777229,-0.537143525709214,TRUE,"higher at P21"
5.33419689222563e-08,-0.619092949485206,0.367,0.657,0.00133509614015515,"Ica1","BMA Glut Slc17a6/Zfp804b",-0.689774273152477,-0.432801492245715,TRUE,"higher at P21"
5.79601601280127e-08,-0.658654285797278,0.249,0.519,0.00145068484784403,"Mapre2","BMA Glut Slc17a6/Zfp804b",-0.5238816570946,-0.54739471101315,TRUE,"higher at P21"
6.02501578079556e-08,-1.14139848790437,0.111,0.299,0.00150800119977532,"Klhl10","BMA Glut Slc17a6/Zfp804b",-0.840645224975907,-0.833981461612642,TRUE,"higher at P21"
6.0788584008089e-08,-0.618220171311777,0.316,0.603,0.00152147746913846,"Bmerb1","BMA Glut Slc17a6/Zfp804b",-0.464918403972213,-0.590595579114416,TRUE,"higher at P21"
6.08334250099075e-08,-0.743300271009997,0.138,0.355,0.00152259979457297,"Vti1b","BMA Glut Slc17a6/Zfp804b",-0.832683846663554,-0.688495537372785,TRUE,"higher at P21"
6.27767085291464e-08,-0.965689038650034,0.088,0.266,0.00157123823777601,"Akap12","BMA Glut Slc17a6/Zfp804b",-1.04562221130298,-0.823157778997899,TRUE,"higher at P21"
6.58342168323744e-08,-0.964120966632008,0.077,0.251,0.0016477646130975,"Zmiz1os1","BMA Glut Slc17a6/Zfp804b",-0.409827853915401,-0.942100238578084,TRUE,"higher at P21"
6.97193290521257e-08,-1.19113963754304,0.054,0.206,0.00174500508684565,"Chst1","BMA Glut Slc17a6/Zfp804b",-0.947773083961801,-0.707469344052997,TRUE,"higher at P21"
7.45370328307812e-08,-0.871714786073761,0.121,0.319,0.00186558739472162,"Sf3b2","BMA Glut Slc17a6/Zfp804b",-0.749227134221598,-0.550135171275705,TRUE,"higher at P21"
7.64041266115861e-08,-0.791169199357758,0.152,0.37,0.00191231888496139,"Pcsk7","BMA Glut Slc17a6/Zfp804b",-0.726710455314434,-0.512756920227241,TRUE,"higher at P21"
7.97702902616483e-08,0.644436419859793,0.818,0.794,0.0019965705949588,"Cntnap5b","BMA Glut Slc17a6/Zfp804b",0.503451759937564,0.599849917177223,TRUE,"higher at P10"
8.29693436383413e-08,-0.956137687276848,0.098,0.281,0.00207663970192404,"Kat7","BMA Glut Slc17a6/Zfp804b",-0.504887713565057,-0.692068177881054,TRUE,"higher at P21"
8.34760900139488e-08,-1.11115729264346,0.074,0.242,0.00208932305695913,"Gm15083","BMA Glut Slc17a6/Zfp804b",-0.689160601722953,-0.977515392369384,TRUE,"higher at P21"
8.42585303668796e-08,-1.3130929606145,0.077,0.245,0.00210890675655263,"Sntb2","BMA Glut Slc17a6/Zfp804b",-1.05959886862654,-0.838350597037697,TRUE,"higher at P21"
8.80257554293778e-08,-0.617037241302431,0.199,0.448,0.0022031966326419,"Arl3","BMA Glut Slc17a6/Zfp804b",-0.709707598782742,-0.528607592739242,TRUE,"higher at P21"
9.11710508762229e-08,-0.883975996041814,0.098,0.281,0.00228192023238098,"Cc2d2a","BMA Glut Slc17a6/Zfp804b",-0.597441945907127,-0.675452919956135,TRUE,"higher at P21"
9.21733480496366e-08,1.3388006696506,0.549,0.412,0.00230700672833435,"Il1rapl2","BMA Glut Slc17a6/Zfp804b",1.0800710414405,1.48902789774792,TRUE,"higher at P10"
9.23462795325628e-08,1.27265000642239,0.535,0.409,0.00231133503042051,"8030451O07Rik","BMA Glut Slc17a6/Zfp804b",0.969260999383804,1.46337895484897,TRUE,"higher at P10"
9.33834871347144e-08,-0.552810962089647,0.215,0.46,0.00233729529949477,"Cacng2","BMA Glut Slc17a6/Zfp804b",-0.675464167819356,-0.462480843006659,TRUE,"higher at P21"
9.36802591260042e-08,-0.949770453013536,0.071,0.239,0.00234472320566476,"Anp32a","BMA Glut Slc17a6/Zfp804b",-0.669251573670163,-0.923661298394052,TRUE,"higher at P21"
9.39321026900877e-08,1.4293825236852,0.441,0.313,0.0023510265982302,"Myo16","BMA Glut Slc17a6/Zfp804b",1.34568048137671,1.28865784116595,TRUE,"higher at P10"
9.4736078268803e-08,-0.598817827662894,0.461,0.722,0.00237114930298987,"Zdhhc14","BMA Glut Slc17a6/Zfp804b",-0.74391423281046,-0.64575545309174,TRUE,"higher at P21"
9.51543427426893e-08,-0.722665334830349,0.088,0.263,0.00238161804450677,"Rreb1","BMA Glut Slc17a6/Zfp804b",-0.710233497381326,-0.470175170544395,TRUE,"higher at P21"
9.60806304617229e-08,-0.682484501759427,0.088,0.269,0.00240480209982646,"Fbxo38","BMA Glut Slc17a6/Zfp804b",-0.820648409119945,-0.548366017021111,TRUE,"higher at P21"
1.07520531872568e-07,-0.735588846162375,0.131,0.34,0.0026911313922385,"Impact","BMA Glut Slc17a6/Zfp804b",-0.820004665041033,-0.448410025644197,TRUE,"higher at P21"
1.08319490538895e-07,0.511255117918941,0.848,0.878,0.00271112852869801,"Ncam1","BMA Glut Slc17a6/Zfp804b",0.430528782484323,0.579419869475577,TRUE,"higher at P10"
1.08985533391941e-07,-0.598607621238544,0.172,0.406,0.0027277989152669,"Setd7","BMA Glut Slc17a6/Zfp804b",-0.893120597734866,-0.575202851562341,TRUE,"higher at P21"
1.11849108000687e-07,-0.550658066657542,0.232,0.487,0.00279947132414919,"Phlpp2","BMA Glut Slc17a6/Zfp804b",-0.448758338664721,-0.558717974075646,TRUE,"higher at P21"
1.1308184399423e-07,0.558086219557157,0.785,0.824,0.00283032547333157,"Magi1","BMA Glut Slc17a6/Zfp804b",0.559623630002261,0.473715304556814,TRUE,"higher at P10"
1.17224430528775e-07,-0.542805234994951,0.162,0.388,0.00293401027170471,"Dync1li2","BMA Glut Slc17a6/Zfp804b",-0.635740000905795,-0.43435023837202,TRUE,"higher at P21"
1.18174319076372e-07,-0.91526362265696,0.101,0.287,0.0029577850321625,"Pgbd5","BMA Glut Slc17a6/Zfp804b",-0.952929807762036,-0.759961984508786,TRUE,"higher at P21"
1.20149199692732e-07,-1.26624217382274,0.054,0.203,0.00300721431910938,"Usp49","BMA Glut Slc17a6/Zfp804b",-0.910567765567076,-0.830157800339536,TRUE,"higher at P21"
1.25376013897378e-07,-0.843896218817702,0.088,0.266,0.00313803625183748,"Zfp157","BMA Glut Slc17a6/Zfp804b",-0.474938950724905,-0.570383292250489,TRUE,"higher at P21"
1.25922063838431e-07,-0.621644386233354,0.192,0.433,0.00315170333581209,"Syp","BMA Glut Slc17a6/Zfp804b",-0.606889168220565,-0.457722410204879,TRUE,"higher at P21"
1.2684796406483e-07,-1.08005596346623,0.057,0.212,0.00317487769257863,"Adcy6","BMA Glut Slc17a6/Zfp804b",-1.05395684086675,-0.853491377184109,TRUE,"higher at P21"
1.30155808722877e-07,-0.566972286463636,0.138,0.352,0.00325766973652489,"Fam13c","BMA Glut Slc17a6/Zfp804b",-0.425140378711246,-0.699781193217251,TRUE,"higher at P21"
1.35317873841891e-07,-1.07535046684214,0.084,0.251,0.00338687106438869,"Prex2","BMA Glut Slc17a6/Zfp804b",-0.927014087475189,-0.880759980493386,TRUE,"higher at P21"
1.37025214155089e-07,-0.623466649943075,0.108,0.296,0.00342960408508771,"Cdadc1","BMA Glut Slc17a6/Zfp804b",-0.659891263772178,-0.575606830135934,TRUE,"higher at P21"
1.38196734176502e-07,1.21370129166362,0.539,0.469,0.00345892605970367,"Pfkp","BMA Glut Slc17a6/Zfp804b",0.914187247331396,1.26002140385888,TRUE,"higher at P10"
1.38721274234177e-07,-0.768884501652994,0.084,0.26,0.00347205477280723,"Naxd","BMA Glut Slc17a6/Zfp804b",-1.04419053369658,-0.54238924776288,TRUE,"higher at P21"
1.38975596213722e-07,-0.572125121440128,0.259,0.525,0.00347842019763324,"Pced1b","BMA Glut Slc17a6/Zfp804b",-0.660834312807065,-0.446214450115556,TRUE,"higher at P21"
1.40557537398346e-07,1.16928606027358,0.421,0.275,0.0035180146035432,"Mir670hg","BMA Glut Slc17a6/Zfp804b",1.12840813542825,1.32550003641029,TRUE,"higher at P10"
1.41548025806542e-07,-0.839628671112651,0.155,0.364,0.00354280553791194,"Dennd5a","BMA Glut Slc17a6/Zfp804b",-0.694000432845645,-0.633998791409069,TRUE,"higher at P21"
1.47486318541234e-07,-0.72287694411132,0.104,0.293,0.00369143506676856,"Taf3","BMA Glut Slc17a6/Zfp804b",-0.520133654939967,-0.544213160501951,TRUE,"higher at P21"
1.503553256904e-07,-0.603987776052052,0.391,0.669,0.00376324344670503,"Rgl1","BMA Glut Slc17a6/Zfp804b",-0.641687195774954,-0.614534036072901,TRUE,"higher at P21"
1.54015704264866e-07,-1.16963676320308,0.061,0.215,0.00385485906204532,"Zscan26","BMA Glut Slc17a6/Zfp804b",-1.33405953552663,-0.845531042363858,TRUE,"higher at P21"
1.56991058658492e-07,-0.801918252714216,0.125,0.322,0.0039293292071634,"Lmo7","BMA Glut Slc17a6/Zfp804b",-0.605950125853881,-0.664313067343223,TRUE,"higher at P21"
1.60214955307334e-07,-0.783866597706771,0.111,0.299,0.00401002011638725,"Tcte2","BMA Glut Slc17a6/Zfp804b",-0.520133654939967,-0.60810878893785,TRUE,"higher at P21"
1.64637002396898e-07,-0.618626174743272,0.215,0.457,0.00412069953299195,"Cyfip1","BMA Glut Slc17a6/Zfp804b",-0.639708355117534,-0.559839660659999,TRUE,"higher at P21"
1.68421662060337e-07,-0.512655928002121,0.566,0.836,0.00421542577970818,"Kif21a","BMA Glut Slc17a6/Zfp804b",-0.497954603715338,-0.539315822473436,TRUE,"higher at P21"
1.71966028765442e-07,-0.703776824616445,0.141,0.346,0.00430413773397024,"Actn1","BMA Glut Slc17a6/Zfp804b",-0.445678320131513,-0.410816881414845,TRUE,"higher at P21"
1.7467167764165e-07,-0.56110351082526,0.219,0.469,0.00437185741969285,"Ubr2","BMA Glut Slc17a6/Zfp804b",-0.584942715888888,-0.403951186519828,TRUE,"higher at P21"
1.81059591364737e-07,-0.743049476801511,0.199,0.43,0.004531740512268,"Taf1d","BMA Glut Slc17a6/Zfp804b",-0.504136919004816,-0.759315860548702,TRUE,"higher at P21"
1.85902162854656e-07,-0.59368486387582,0.31,0.582,0.00465294523408919,"Etnk1","BMA Glut Slc17a6/Zfp804b",-0.815910230494419,-0.478810457610954,TRUE,"higher at P21"
1.86353325000444e-07,-1.29490390137245,0.054,0.2,0.00466423737143612,"Kcnj9","BMA Glut Slc17a6/Zfp804b",-0.619206736805649,-1.068157248076,TRUE,"higher at P21"
1.93559787203075e-07,-0.612694255624217,0.108,0.296,0.00484460791390577,"Esf1","BMA Glut Slc17a6/Zfp804b",-0.520133654939967,-0.639025807657526,TRUE,"higher at P21"
1.95386803243315e-07,-0.615845213762476,0.155,0.367,0.00489033629837694,"Irf2","BMA Glut Slc17a6/Zfp804b",-0.657950515886752,-0.469016057667099,TRUE,"higher at P21"
1.97413452821423e-07,-0.654154123471413,0.114,0.31,0.0049410613106674,"Gps2","BMA Glut Slc17a6/Zfp804b",-0.517272164233997,-0.529729268028762,TRUE,"higher at P21"
1.98084724679022e-07,-0.681426220230266,0.111,0.304,0.00495786257399123,"Celf3","BMA Glut Slc17a6/Zfp804b",-0.985579276021323,-0.508749652692969,TRUE,"higher at P21"
2.02240624109655e-07,1.50063270556555,0.421,0.301,0.00506188058084055,"Pcdh10","BMA Glut Slc17a6/Zfp804b",1.0303208467672,1.36654799214507,TRUE,"higher at P10"
2.03035781682023e-07,-0.71982233619113,0.111,0.301,0.00508178257971935,"St13","BMA Glut Slc17a6/Zfp804b",-0.40192882133344,-0.75097570852763,TRUE,"higher at P21"
2.0638098960126e-07,-0.599707015695316,0.165,0.391,0.00516550978872995,"Baz1b","BMA Glut Slc17a6/Zfp804b",-0.632179744192873,-0.67482169214625,TRUE,"higher at P21"
2.34556242943707e-07,-0.734629768428147,0.128,0.316,0.00587070820463803,"Rhbdl3","BMA Glut Slc17a6/Zfp804b",-0.598233434957637,-0.634279816136069,TRUE,"higher at P21"
2.39754448419566e-07,-1.04866107146119,0.138,0.328,0.00600081408949333,"Arntl","BMA Glut Slc17a6/Zfp804b",-0.85223849511309,-0.662577501043828,TRUE,"higher at P21"
2.47532321496829e-07,-0.759605315964201,0.111,0.299,0.00619548647474413,"Pura","BMA Glut Slc17a6/Zfp804b",-0.614463411167143,-0.420892672093974,TRUE,"higher at P21"
2.48631906137668e-07,-0.614309734401164,0.256,0.516,0.00622300797871969,"Dhx36","BMA Glut Slc17a6/Zfp804b",-0.669164625707782,-0.536651072461209,TRUE,"higher at P21"
2.54834162366536e-07,-1.22207045545951,0.064,0.215,0.00637824424987202,"Zfp740","BMA Glut Slc17a6/Zfp804b",-1.01550370422209,-0.901908340414067,TRUE,"higher at P21"
2.57938572887253e-07,-0.76260730981472,0.074,0.239,0.00645594454079505,"Nceh1","BMA Glut Slc17a6/Zfp804b",-0.936328758889818,-0.689042474588028,TRUE,"higher at P21"
2.58859398385444e-07,-0.514501058661639,0.441,0.725,0.00647899188218928,"Rock2","BMA Glut Slc17a6/Zfp804b",-0.541207336782342,-0.509366783839041,TRUE,"higher at P21"
2.63700290357529e-07,0.822562896133913,0.636,0.654,0.00660015456735859,"Nova1","BMA Glut Slc17a6/Zfp804b",0.802755985415466,0.865998998327181,TRUE,"higher at P10"
2.77531803647024e-07,-0.639105251378732,0.135,0.337,0.00694634351348137,"Mkln1os","BMA Glut Slc17a6/Zfp804b",-0.917813856744448,-0.463785717453436,TRUE,"higher at P21"
2.84200017649472e-07,-0.893472833472283,0.128,0.319,0.00711324224174863,"Rpl27a","BMA Glut Slc17a6/Zfp804b",-0.704334789627709,-0.594379295307158,TRUE,"higher at P21"
2.9093300046933e-07,-0.740939339112206,0.094,0.269,0.00728176206874687,"Kcnk9","BMA Glut Slc17a6/Zfp804b",-0.844053725364406,-0.624427206361602,TRUE,"higher at P21"
2.97326823386869e-07,0.569728097540704,0.848,0.875,0.00744179306254995,"Ptprg","BMA Glut Slc17a6/Zfp804b",0.473206769191136,0.540054468206614,TRUE,"higher at P10"
3.07684606164299e-07,-0.519370200072909,0.266,0.534,0.00770103800768625,"Eif5b","BMA Glut Slc17a6/Zfp804b",-0.501463885943287,-0.52972859385613,TRUE,"higher at P21"
3.09274500078972e-07,-0.586003698438059,0.202,0.439,0.00774083146247659,"Dlg4","BMA Glut Slc17a6/Zfp804b",-0.547830033941228,-0.516451183139506,TRUE,"higher at P21"
3.15281682580967e-07,-0.947850540720854,0.064,0.215,0.00789118523331902,"Nit1","BMA Glut Slc17a6/Zfp804b",-0.792810834721648,-0.552507094812844,TRUE,"higher at P21"
3.21561199298343e-07,-0.950079430753299,0.067,0.224,0.00804835525723822,"Mapk8ip2","BMA Glut Slc17a6/Zfp804b",-1.01209014451954,-0.761687348908112,TRUE,"higher at P21"
3.27002050092322e-07,-0.94165683767941,0.074,0.233,0.00818453431176073,"6030443J06Rik","BMA Glut Slc17a6/Zfp804b",-1.08265181666173,-0.626720049431286,TRUE,"higher at P21"
3.30281250998958e-07,0.792397583628796,0.714,0.746,0.00826660943125293,"Plxna4","BMA Glut Slc17a6/Zfp804b",0.709773424795665,0.768111497725961,TRUE,"higher at P10"
3.30994674151417e-07,-0.684472131781085,0.074,0.236,0.00828446569933581,"Asah1","BMA Glut Slc17a6/Zfp804b",-0.672806438308656,-0.625892877294231,TRUE,"higher at P21"
3.68636686782987e-07,-0.789052706058322,0.152,0.355,0.00922660763349139,"Usp45","BMA Glut Slc17a6/Zfp804b",-0.514633347329724,-0.705928676838065,TRUE,"higher at P21"
3.90006068265818e-07,-0.641386729756734,0.189,0.412,0.00976146188262515,"Baiap2","BMA Glut Slc17a6/Zfp804b",-0.45494125602597,-0.590111627042971,TRUE,"higher at P21"
3.71269785458446e-19,-0.843500206618474,1,1,9.29251146023945e-15,"Malat1","PA/BMAp Glut Esr1/Reln",-0.800479158652081,-0.820077095084644,TRUE,"higher at P21"
4.02879948167698e-16,0.972424833014352,0.981,0.972,1.00836822226893e-11,"Gm26871","PA/BMAp Glut Esr1/Reln",0.895631250609313,0.899145178319564,TRUE,"higher at P10"
2.53735501266994e-15,-1.69409480698969,0.427,0.88,6.35074586121158e-11,"Lncpint","PA/BMAp Glut Esr1/Reln",-1.90591973992636,-1.73395369371018,TRUE,"higher at P21"
5.49838283344562e-15,-1.22908787486426,0.68,0.944,1.3761902393831e-10,"Camk2a","PA/BMAp Glut Esr1/Reln",-1.18100372995588,-1.26664446230096,TRUE,"higher at P21"
3.52110177679998e-13,-1.77044997216725,0.272,0.796,8.81296563715266e-09,"Specc1","PA/BMAp Glut Esr1/Reln",-1.87673472984876,-1.61839397480098,TRUE,"higher at P21"
4.34480340180869e-13,-0.632784957573922,1,0.991,1.0874608434387e-08,"Snhg11","PA/BMAp Glut Esr1/Reln",-0.593499050793508,-0.621323967342564,TRUE,"higher at P21"
6.53842014696257e-13,-1.7587030207297,0.204,0.759,1.63650117858326e-08,"Ptk2b","PA/BMAp Glut Esr1/Reln",-1.60202411755722,-1.4685605030357,TRUE,"higher at P21"
1.46396564996666e-12,-2.01005833535753,0.184,0.713,3.66415962530156e-08,"Zmat4","PA/BMAp Glut Esr1/Reln",-0.917016285219112,-2.07166414769225,TRUE,"higher at P21"
1.51403618366047e-12,-2.16036674352044,0.175,0.685,3.78948116408379e-08,"Cap2","PA/BMAp Glut Esr1/Reln",-1.85811747930397,-1.7174620231977,TRUE,"higher at P21"
2.86732989686073e-12,-1.79756625265641,0.117,0.639,7.17663999885272e-08,"Hap1","PA/BMAp Glut Esr1/Reln",-1.62405600919833,-1.73340349116353,TRUE,"higher at P21"
1.03764495517937e-11,0.616391508699146,0.971,0.972,2.59712155831845e-07,"Ank2","PA/BMAp Glut Esr1/Reln",0.483201141317396,0.571761536040723,TRUE,"higher at P10"
2.06509392500095e-11,-0.985459528361925,0.864,0.972,5.16872358488488e-07,"Grin2a","PA/BMAp Glut Esr1/Reln",-0.955415870301908,-0.871479397520162,TRUE,"higher at P21"
5.92747758724972e-11,1.34417697928729,0.913,0.843,1.48358836531273e-06,"Galntl6","PA/BMAp Glut Esr1/Reln",1.34688647143825,1.20768966618873,TRUE,"higher at P10"
1.54066029841693e-10,0.970483185173655,0.961,0.926,3.85611866090774e-06,"Ccser1","PA/BMAp Glut Esr1/Reln",0.833637589289916,0.86112833390121,TRUE,"higher at P10"
2.38766629954405e-10,-1.97730684665753,0.243,0.685,5.9760899811288e-06,"Pde11a","PA/BMAp Glut Esr1/Reln",-0.835974903556145,-1.79308236371481,TRUE,"higher at P21"
2.46257443146696e-10,-1.19662049060012,0.456,0.889,6.16357754451865e-06,"Zranb2","PA/BMAp Glut Esr1/Reln",-1.07585431941268,-0.861255401469843,TRUE,"higher at P21"
2.62401350352602e-10,0.546557458942652,1,0.981,6.56764339797526e-06,"Nrxn1","PA/BMAp Glut Esr1/Reln",0.532358594029666,0.43206498363452,TRUE,"higher at P10"
2.99478936120393e-10,-1.81929161227669,0.136,0.611,7.4956582921573e-06,"Coro2b","PA/BMAp Glut Esr1/Reln",-1.1749798757561,-1.32265668378669,TRUE,"higher at P21"
4.42598050433913e-10,-1.24796345101398,0.573,0.889,1.10777866043104e-05,"Gria3","PA/BMAp Glut Esr1/Reln",-1.45152417151157,-1.20002151878976,TRUE,"higher at P21"
6.8702526768522e-10,-5.6387938209414,0,0.315,1.71955554248934e-05,"Hlf","PA/BMAp Glut Esr1/Reln",-2.42257995863156,-2.85680270410871,TRUE,"higher at P21"
7.67941869888217e-10,-2.2858694617752,0.146,0.556,1.92208170614322e-05,"Tmem132d","PA/BMAp Glut Esr1/Reln",-2.01049720866685,-2.20739686295488,TRUE,"higher at P21"
8.803431942294e-10,-1.430559614404,0.262,0.741,2.20341098083677e-05,"Bsn","PA/BMAp Glut Esr1/Reln",-1.23792656395112,-1.30884443975476,TRUE,"higher at P21"
9.6568939349078e-10,0.965798080551595,0.932,0.87,2.41702398296807e-05,"Grip1","PA/BMAp Glut Esr1/Reln",0.987548833730557,0.965522116955856,TRUE,"higher at P10"
1.69999094242167e-09,-1.49058374532137,0.34,0.778,4.2549073297872e-05,"Slit1","PA/BMAp Glut Esr1/Reln",-1.50449080321793,-1.21626812902857,TRUE,"higher at P21"
2.05919691811479e-09,-2.37664317488111,0.039,0.398,5.1539639663495e-05,"Gm47523","PA/BMAp Glut Esr1/Reln",-2.45469189251091,-1.80569664826614,TRUE,"higher at P21"
2.20703655393928e-09,-1.64335268171324,0.126,0.556,5.52399179085463e-05,"Mirt1","PA/BMAp Glut Esr1/Reln",-1.28051985701974,-1.35359185689495,TRUE,"higher at P21"
2.64626397159516e-09,-1.21463532225902,0.35,0.815,6.62333409450552e-05,"Pde2a","PA/BMAp Glut Esr1/Reln",-1.4021987562573,-1.01907901149794,TRUE,"higher at P21"
2.89253613439029e-09,-3.73553247770569,0.019,0.343,7.23972869076545e-05,"Ankrd33b","PA/BMAp Glut Esr1/Reln",-2.14159512953355,-2.04646525218666,TRUE,"higher at P21"
3.4888854596175e-09,0.638192102463663,0.99,0.954,8.73233141687664e-05,"Schip1","PA/BMAp Glut Esr1/Reln",0.528254028035599,0.680972014962389,TRUE,"higher at P10"
3.76620997530281e-09,-0.882395463951653,0.573,0.944,9.42644694718541e-05,"Rasgrf1","PA/BMAp Glut Esr1/Reln",-0.843343840627507,-0.761287545732459,TRUE,"higher at P21"
3.91979053530059e-09,0.687742727981438,0.99,0.972,9.81084373080386e-05,"Cadm2","PA/BMAp Glut Esr1/Reln",0.749168406347399,0.6895893478452,TRUE,"higher at P10"
3.9413190930967e-09,-1.11115645629505,0.456,0.898,9.86472755811173e-05,"Unc80","PA/BMAp Glut Esr1/Reln",-0.820184454019567,-1.10316267376315,TRUE,"higher at P21"
4.87773893880097e-09,-1.22979309120684,0.272,0.769,0.000122084927899249,"Rgl1","PA/BMAp Glut Esr1/Reln",-1.49926921251579,-1.15837943873647,TRUE,"higher at P21"
4.99238683953836e-09,-0.829089733874822,0.767,0.944,0.000124954450206806,"Snap25","PA/BMAp Glut Esr1/Reln",-0.829757539870854,-0.888163735576177,TRUE,"higher at P21"
5.01736150040279e-09,-5.62337508886686,0,0.287,0.000125579540993581,"Tesc","PA/BMAp Glut Esr1/Reln",-2.6896595647873,-2.36813156646973,TRUE,"higher at P21"
5.35981803057904e-09,2.65398443395394,0.515,0.185,0.000134150885487363,"Fgf1","PA/BMAp Glut Esr1/Reln",2.29308449890636,2.32831803699136,TRUE,"higher at P10"
5.94027852426995e-09,-1.56975634491854,0.621,0.88,0.000148679231183953,"Frmpd4","PA/BMAp Glut Esr1/Reln",-1.08631874532476,-1.30586303363824,TRUE,"higher at P21"
6.05811112973496e-09,-2.10822893043602,0.029,0.361,0.000151628463466136,"Zfp831","PA/BMAp Glut Esr1/Reln",-1.84756775823084,-1.51447091113745,TRUE,"higher at P21"
6.18199921827340e-09,4.06479464708066,0.388,0.074,0.000154729258434165,"Dpysl3","PA/BMAp Glut Esr1/Reln",2.37222013115177,3.30788507787418,TRUE,"higher at P10"
6.54884897447578e-09,-1.78774993058252,0.068,0.444,0.000163911140982154,"Smad3","PA/BMAp Glut Esr1/Reln",-2.06138406278155,-1.79558264783239,TRUE,"higher at P21"
6.96986462618989e-09,-1.31940292138773,0.223,0.676,0.000174448741728907,"2010300C02Rik","PA/BMAp Glut Esr1/Reln",-1.84331254580795,-1.01921124566864,TRUE,"higher at P21"
7.0393357630072e-09,-1.40159397390441,0.165,0.602,0.000176187534812307,"Ksr1","PA/BMAp Glut Esr1/Reln",-0.891617322445621,-1.37825706338282,TRUE,"higher at P21"
7.11551980399473e-09,-2.24441394542619,0.058,0.417,0.000178094345174184,"1810034E14Rik","PA/BMAp Glut Esr1/Reln",-2.00749167597757,-1.58735231064215,TRUE,"higher at P21"
1.03125968556007e-08,-1.14971776111744,0.155,0.62,0.00025811398669883,"Paip2","PA/BMAp Glut Esr1/Reln",-0.924573549392215,-1.02873101672154,TRUE,"higher at P21"
1.06331699894154e-08,-1.30600311632029,0.107,0.528,0.000266137611665079,"Icam5","PA/BMAp Glut Esr1/Reln",-1.26026481973084,-1.17504395088265,TRUE,"higher at P21"
1.11046579448028e-08,-0.744240689821376,0.942,0.972,0.000277938483700469,"Phactr1","PA/BMAp Glut Esr1/Reln",-0.642973424137016,-0.758134556082537,TRUE,"higher at P21"
1.11828944821578e-08,-1.14486355144476,0.495,0.889,0.000279896665993927,"Syne1","PA/BMAp Glut Esr1/Reln",-1.16017586272946,-1.27186699186846,TRUE,"higher at P21"
1.12514126016823e-08,-1.15625216627613,0.311,0.759,0.000281611606007506,"Trim9","PA/BMAp Glut Esr1/Reln",-0.973112566394602,-1.30876644704738,TRUE,"higher at P21"
1.13666470382548e-08,-1.04584794661101,0.709,0.972,0.000284495808720479,"Slc24a2","PA/BMAp Glut Esr1/Reln",-0.964458708235357,-0.862671484457221,TRUE,"higher at P21"
1.30798753155041e-08,1.56014809068066,0.728,0.583,0.000327376199271752,"Slit2","PA/BMAp Glut Esr1/Reln",1.73278749650138,1.45641262705223,TRUE,"higher at P10"
1.40849300385373e-08,1.04452785399464,0.893,0.824,0.000352531713934549,"Khdrbs2","PA/BMAp Glut Esr1/Reln",1.33266936646007,0.804365696478168,TRUE,"higher at P10"
1.48713131509425e-08,-1.38428977260365,0.126,0.546,0.000372214096854941,"Myrip","PA/BMAp Glut Esr1/Reln",-1.5226784440328,-1.24672504068779,TRUE,"higher at P21"
1.51004441455968e-08,-1.26572076601716,0.369,0.769,0.000377949016520143,"Kcnj6","PA/BMAp Glut Esr1/Reln",-1.00924629652096,-1.11339311963437,TRUE,"higher at P21"
1.58973117970119e-08,-1.56463429725153,0.311,0.741,0.000397893816967411,"Tanc1","PA/BMAp Glut Esr1/Reln",-1.13708129040469,-1.20585890958962,TRUE,"higher at P21"
1.75929764089302e-08,-0.898951112968866,0.68,0.926,0.000440334606539115,"Cttnbp2","PA/BMAp Glut Esr1/Reln",-1.03483150503056,-0.841542571755556,TRUE,"higher at P21"
1.77283590284168e-08,-1.45178729925564,0.087,0.472,0.000443723098122244,"Cdh22","PA/BMAp Glut Esr1/Reln",-1.66395921928025,-1.37553346011385,TRUE,"higher at P21"
2.11397685460147e-08,-1.7300426154589,0.058,0.407,0.000529107266938202,"Synpo","PA/BMAp Glut Esr1/Reln",-0.941007124727584,-1.10642468033395,TRUE,"higher at P21"
2.19139537976298e-08,-1.75074467210436,0.126,0.519,0.000548484349600877,"Slc25a27","PA/BMAp Glut Esr1/Reln",-0.932990784708909,-1.22461957684217,TRUE,"higher at P21"
2.28812366602393e-08,0.683779164417408,0.99,0.963,0.000572694472369129,"Ctnna2","PA/BMAp Glut Esr1/Reln",0.839031831152941,0.534393014453137,TRUE,"higher at P10"
2.34808560047068e-08,-1.10891074877691,0.447,0.824,0.000587702344941806,"Cnksr2","PA/BMAp Glut Esr1/Reln",-1.35443189127997,-1.23011065728201,TRUE,"higher at P21"
3.09979383220062e-08,-3.84770130496583,0.01,0.287,0.000775847398261494,"C78859","PA/BMAp Glut Esr1/Reln",-2.19175201908789,-1.94829057526042,TRUE,"higher at P21"
3.15251655573212e-08,-3.23244621040983,0.029,0.333,0.000789043368734192,"Aifm3","PA/BMAp Glut Esr1/Reln",-1.51299256348014,-1.9122522757188,TRUE,"higher at P21"
3.58163471922392e-08,-1.80248467173002,0.087,0.454,0.000896447353874556,"Adgra1","PA/BMAp Glut Esr1/Reln",-1.57251816154077,-1.41170066978432,TRUE,"higher at P21"
3.74130445480131e-08,0.902546798383269,0.913,0.88,0.000936411091992219,"Kcnb2","PA/BMAp Glut Esr1/Reln",0.700208233466426,0.894209321271196,TRUE,"higher at P10"
3.83159015713266e-08,0.567103372869016,0.99,0.963,0.000959008700428733,"Frmd4a","PA/BMAp Glut Esr1/Reln",0.710736321295048,0.570081107863093,TRUE,"higher at P10"
4.02580447271122e-08,-1.53100770243559,0.117,0.509,0.00100761860147489,"Lzts1","PA/BMAp Glut Esr1/Reln",-1.49321321645591,-1.52755515126417,TRUE,"higher at P21"
4.55259140743596e-08,-0.949793706544051,0.165,0.62,0.00113946810336715,"Slc12a5","PA/BMAp Glut Esr1/Reln",-1.04446800972953,-1.12897121050423,TRUE,"higher at P21"
4.8631564995465e-08,-1.58622765714528,0.204,0.63,0.00121719944027149,"Prickle1","PA/BMAp Glut Esr1/Reln",-1.24054584495347,-1.29388606452576,TRUE,"higher at P21"
5.32427806518584e-08,-1.11954200186392,0.165,0.611,0.00133261355693536,"Runx2","PA/BMAp Glut Esr1/Reln",-1.07870312212667,-0.982202264192506,TRUE,"higher at P21"
5.86948475640473e-08,-1.07921895352828,0.165,0.602,0.00146907333968054,"Map7d2","PA/BMAp Glut Esr1/Reln",-0.800032681514434,-0.839583922620042,TRUE,"higher at P21"
6.35247296933394e-08,-1.59319059977908,0.058,0.398,0.00158996045949459,"Pdpr","PA/BMAp Glut Esr1/Reln",-1.49930509099128,-1.00825525524791,TRUE,"higher at P21"
6.44671797407274e-08,1.22016708720942,0.767,0.685,0.00161354904173067,"Myo16","PA/BMAp Glut Esr1/Reln",1.37615443127817,1.28770057340397,TRUE,"higher at P10"
6.92741583608289e-08,-1.19576537982029,0.136,0.546,0.00173386290961319,"Speg","PA/BMAp Glut Esr1/Reln",-0.889900252326967,-1.11685379945078,TRUE,"higher at P21"
7.24826855006949e-08,-1.77334960897128,0.097,0.454,0.00181416913539689,"Prex2","PA/BMAp Glut Esr1/Reln",-0.740517615496382,-1.46336516183863,TRUE,"higher at P21"
7.29823933425475e-08,-1.19277667012339,0.165,0.593,0.00182667632297062,"Dgkz","PA/BMAp Glut Esr1/Reln",-1.19695089671615,-1.08332900280004,TRUE,"higher at P21"
7.33473013795824e-08,-1.27713707568666,0.204,0.639,0.00183580960622957,"Gm47283","PA/BMAp Glut Esr1/Reln",-1.01447994904079,-1.08492861864437,TRUE,"higher at P21"
7.82876119460923e-08,-1.7060085690492,0.049,0.37,0.00195946063939874,"Ddx41","PA/BMAp Glut Esr1/Reln",-1.04619176986426,-1.52073185528355,TRUE,"higher at P21"
7.83969996577824e-08,-1.63160901358012,0.117,0.491,0.00196219850443464,"1500035N22Rik","PA/BMAp Glut Esr1/Reln",-1.39886348382533,-1.44312087079502,TRUE,"higher at P21"
8.45492200607246e-08,-1.59677846139936,0.068,0.407,0.00211618242889988,"Lca5","PA/BMAp Glut Esr1/Reln",-1.41358024458723,-1.24774265246504,TRUE,"higher at P21"
8.82412670238618e-08,-1.56561599591689,0.097,0.463,0.00220859067234024,"Fam184a","PA/BMAp Glut Esr1/Reln",-0.729037574209781,-1.320091844327,TRUE,"higher at P21"
9.24243050643538e-08,-1.03397262007496,0.573,0.889,0.00231328793145571,"Dgkg","PA/BMAp Glut Esr1/Reln",-0.745462790327536,-0.978964090285406,TRUE,"higher at P21"
1.00605367596014e-07,-1.25383706250861,0.126,0.519,0.00251805174556064,"Kndc1","PA/BMAp Glut Esr1/Reln",-0.889900252326967,-1.28736828856031,TRUE,"higher at P21"
1.0429425800616e-07,-1.99720348152462,0.078,0.417,0.00261038098363618,"Mbp","PA/BMAp Glut Esr1/Reln",-1.0416941877021,-1.24724466910525,TRUE,"higher at P21"
1.09964147565346e-07,-0.977487465695446,0.359,0.824,0.00275229264941303,"Lyst","PA/BMAp Glut Esr1/Reln",-0.984514194174375,-0.91114085853688,TRUE,"higher at P21"
1.17212941806482e-07,-1.56350909064706,0.146,0.546,0.00293372272047443,"Rtn4rl1","PA/BMAp Glut Esr1/Reln",-1.66346123023961,-1.08085724791093,TRUE,"higher at P21"
1.27339383486274e-07,-0.803607594515205,0.68,0.981,0.00318717742927796,"R3hdm1","PA/BMAp Glut Esr1/Reln",-0.924881785891348,-0.764374520329454,TRUE,"higher at P21"
1.29013515806142e-07,-1.29837623246881,0.505,0.833,0.00322907928711192,"Kctd16","PA/BMAp Glut Esr1/Reln",-1.2458258041935,-1.33581391342358,TRUE,"higher at P21"
1.34516122285993e-07,-1.25119520257028,0.311,0.722,0.00336680402469613,"Sidt1","PA/BMAp Glut Esr1/Reln",-1.36224101679194,-1.03601563580885,TRUE,"higher at P21"
1.35257231676234e-07,-0.982503192104854,0.33,0.787,0.00338535325162447,"Acap2","PA/BMAp Glut Esr1/Reln",-0.729342305665075,-1.14888121121839,TRUE,"higher at P21"
1.42975729690317e-07,-1.33548518733535,0.087,0.444,0.00357853953841895,"Slc8a2","PA/BMAp Glut Esr1/Reln",-1.29242562101117,-1.09471485846194,TRUE,"higher at P21"
1.61999236274157e-07,-1.41267000849248,0.117,0.491,0.00405467888470588,"Baiap2","PA/BMAp Glut Esr1/Reln",-1.4346258036072,-1.35244032614248,TRUE,"higher at P21"
1.72995272598466e-07,-1.92638856724226,0.039,0.333,0.004329898677867,"mt-Atp6","PA/BMAp Glut Esr1/Reln",-2.12172553429087,-1.29721547780259,TRUE,"higher at P21"
1.74809222763157e-07,-1.65162228287222,0.078,0.417,0.00437530003653905,"Rbm10","PA/BMAp Glut Esr1/Reln",-1.45906598363003,-0.810679882961295,TRUE,"higher at P21"
1.89100838217405e-07,-2.09492271895187,0.039,0.333,0.00473300487974344,"Mkln1os","PA/BMAp Glut Esr1/Reln",-1.74323854621673,-1.51447091113745,TRUE,"higher at P21"
1.92872977140673e-07,-2.3470505463288,0.019,0.287,0.00482741774485391,"Uchl4","PA/BMAp Glut Esr1/Reln",-0.987965063496337,-1.72347197811823,TRUE,"higher at P21"
1.96929227165827e-07,-1.24208217769633,0.417,0.796,0.00492894162673348,"Prkag2","PA/BMAp Glut Esr1/Reln",-0.954173054899636,-1.31028915822393,TRUE,"higher at P21"
2.06722622991889e-07,-1.0279952918563,0.427,0.861,0.005174060530864,"Stox2","PA/BMAp Glut Esr1/Reln",-0.894938043130706,-0.89948161207066,TRUE,"higher at P21"
2.126165309855e-07,-1.00981908077905,0.34,0.778,0.00532157915403607,"Celf1","PA/BMAp Glut Esr1/Reln",-0.649913656661543,-0.757653790306498,TRUE,"higher at P21"
2.23797267107325e-07,-1.86880387366198,0.068,0.389,0.00560142179842924,"Stx16","PA/BMAp Glut Esr1/Reln",-1.19795018426797,-1.21310024183708,TRUE,"higher at P21"
2.2451715087389e-07,1.64904110237227,0.68,0.546,0.00561943976922259,"Sema6d","PA/BMAp Glut Esr1/Reln",1.6832581532955,1.423222119046,TRUE,"higher at P10"
2.48003057927973e-07,1.44817797243184,0.689,0.546,0.00620726853687925,"Bach2","PA/BMAp Glut Esr1/Reln",1.53969616556757,1.40382503351122,TRUE,"higher at P10"
2.5303712310654e-07,-0.921497376003239,0.379,0.806,0.00633326615423358,"Me3","PA/BMAp Glut Esr1/Reln",-1.08000911221377,-1.12945528077041,TRUE,"higher at P21"
2.53717848600117e-07,-1.1693833273193,0.126,0.509,0.00635030403261232,"Gm48239","PA/BMAp Glut Esr1/Reln",-1.05613209716756,-0.844539739762843,TRUE,"higher at P21"
2.66774814919757e-07,-1.03840192130498,0.243,0.694,0.00667710684262661,"Megf11","PA/BMAp Glut Esr1/Reln",-0.85542674865642,-0.664017460716379,TRUE,"higher at P21"
2.67048336203554e-07,-3.22391684190427,0.019,0.278,0.00668395280683875,"Plekhg5","PA/BMAp Glut Esr1/Reln",-1.96228610932724,-1.79685680368815,TRUE,"higher at P21"
3.04960991752604e-07,0.644610981901848,0.961,0.898,0.00763286866257592,"Kcnq5","PA/BMAp Glut Esr1/Reln",0.615260381465074,0.747409074115536,TRUE,"higher at P10"
3.09895477770134e-07,-0.985811548900259,0.204,0.639,0.00775637391310868,"Sorl1","PA/BMAp Glut Esr1/Reln",-1.50318756159554,-0.882275953780979,TRUE,"higher at P21"
3.1234328271814e-07,0.711001491260506,0.942,0.917,0.00781764002315231,"Rian","PA/BMAp Glut Esr1/Reln",0.565254314743888,0.660346012210133,TRUE,"higher at P10"
3.37673292987917e-07,-0.89023912007573,0.408,0.898,0.00845162485019457,"Gpm6b","PA/BMAp Glut Esr1/Reln",-0.446114102741582,-0.675338274014047,TRUE,"higher at P21"
3.43523714632836e-07,-0.906439064195338,0.126,0.509,0.00859805505354524,"Cpne6","PA/BMAp Glut Esr1/Reln",-1.52034833918716,-0.999047077604326,TRUE,"higher at P21"
3.49645699340439e-07,-1.41923944290361,0.097,0.444,0.00875128220879184,"Clvs2","PA/BMAp Glut Esr1/Reln",-0.791739349545249,-0.935220284415378,TRUE,"higher at P21"
3.65775039693041e-07,-0.890210865018143,0.456,0.833,0.00915498346847711,"Tnr","PA/BMAp Glut Esr1/Reln",-1.383784216891,-0.955557677892323,TRUE,"higher at P21"
3.91165084805383e-07,2.7004813020295,0.456,0.185,0.00979047090759394,"8030451O07Rik","PA/BMAp Glut Esr1/Reln",2.58992643378655,2.61381486054793,TRUE,"higher at P10"
3.95150884879678e-07,-0.922100907839394,0.252,0.713,0.00989023149765347,"Olfm1","PA/BMAp Glut Esr1/Reln",-1.06184365356413,-0.698411496743123,TRUE,"higher at P21"
3.97923943405907e-07,-1.26840451758408,0.117,0.481,0.00995963837950646,"Lrpprc","PA/BMAp Glut Esr1/Reln",-1.02367132936144,-1.09944732797439,TRUE,"higher at P21"
2.07499717147535e-08,-2.02165242465357,0.385,0.947,0.000519351042048566,"Mast4","CLA/EPd-like Glut Satb2/Nr4a2",-1.73847731907719,-1.5863682684462,TRUE,"higher at P21"
8.12385185395733e-08,0.93150300403105,1,1,0.00203331888052698,"Frmd4a","CLA/EPd-like Glut Satb2/Nr4a2",0.784876548950767,1.11049417637697,TRUE,"higher at P10"
1.52709119233935e-07,-3.35648272542981,0.077,0.684,0.00382215654530617,"Cmss1","CLA/EPd-like Glut Satb2/Nr4a2",-2.79274136252648,-2.6096808852961,TRUE,"higher at P21"
1.57702171394277e-07,1.75148479365912,0.949,0.895,0.00394712764782736,"Tmem108","CLA/EPd-like Glut Satb2/Nr4a2",1.39208863398615,1.94190813683674,TRUE,"higher at P10"
1.85440438750975e-07,-2.71493687684121,0.128,0.737,0.00464138874149816,"Cobl","CLA/EPd-like Glut Satb2/Nr4a2",-2.29706875268452,-2.63336199212651,TRUE,"higher at P21"
1.4162413254233e-56,-1.90756082471901,0.282,0.833,3.54471041340197e-52,"Rora","ITC Foxp2/Tshz1 (a)",-1.79880993898796,-1.74496936005973,TRUE,"higher at P21"
2.83380736505553e-40,-1.88528356124096,0.19,0.701,7.09273645399748e-36,"Ano3","ITC Foxp2/Tshz1 (a)",-1.63681150954934,-1.91730218848855,TRUE,"higher at P21"
3.1897316028887e-39,-3.00019869391491,0.043,0.455,7.98357922887012e-35,"Tmod1","ITC Foxp2/Tshz1 (a)",-2.57845895598789,-2.31519424430176,TRUE,"higher at P21"
1.24061018741194e-37,0.829284648856654,0.984,0.968,3.10512323807335e-33,"Gm26871","ITC Foxp2/Tshz1 (a)",0.789176771754378,0.81294061474728,TRUE,"higher at P10"
4.9965395613125e-34,-0.962582639167761,0.725,0.961,1.25058388680091e-29,"Dgkb","ITC Foxp2/Tshz1 (a)",-0.961677524519815,-0.960995928165447,TRUE,"higher at P21"
4.47016594250915e-31,0.710561397681304,0.978,0.973,1.11883783375061e-26,"Mdga2","ITC Foxp2/Tshz1 (a)",0.595332892116143,0.670524715296117,TRUE,"higher at P10"
3.88323896781068e-30,-1.97657115799801,0.096,0.47,9.71935881253336e-26,"Cpne7","ITC Foxp2/Tshz1 (a)",-1.62265326065,-1.64329132170912,TRUE,"higher at P21"
3.24810613052259e-29,1.13776555609126,0.886,0.801,8.12968483408498e-25,"Nkain3","ITC Foxp2/Tshz1 (a)",1.00004348360865,1.08963886392928,TRUE,"higher at P10"
4.28049262309476e-29,-1.55278734923044,0.157,0.579,1.07136449863439e-24,"Ptk2b","ITC Foxp2/Tshz1 (a)",-1.57932491698868,-1.32518861971326,TRUE,"higher at P21"
1.26299123029679e-27,0.704333489789356,0.984,0.973,3.16114075030983e-23,"Cadm2","ITC Foxp2/Tshz1 (a)",0.716900066942456,0.644817985785292,TRUE,"higher at P10"
4.59795252952746e-27,-1.42141184114212,0.154,0.581,1.15082153861543e-22,"Cmss1","ITC Foxp2/Tshz1 (a)",-1.32421952873288,-1.2273817491764,TRUE,"higher at P21"
4.11313889804259e-25,-1.15001447853565,0.32,0.744,1.02947753479108e-20,"Pcsk2","ITC Foxp2/Tshz1 (a)",-0.725148774467152,-1.25700219733654,TRUE,"higher at P21"
6.33203231544981e-25,-0.921356896102975,0.532,0.884,1.58484436823393e-20,"Camk2a","ITC Foxp2/Tshz1 (a)",-1.03913390379654,-0.812645795549325,TRUE,"higher at P21"
9.19623262610884e-25,0.796028053870892,0.935,0.934,2.30172506398878e-20,"Xkr4","ITC Foxp2/Tshz1 (a)",0.804398041949239,0.745633787019633,TRUE,"higher at P10"
1.91313659210197e-24,-1.53340358744195,0.143,0.502,4.78838957637202e-20,"Itm2c","ITC Foxp2/Tshz1 (a)",-1.17541774572521,-1.32950202980931,TRUE,"higher at P21"
4.03041106022654e-24,-1.011705390919,0.463,0.832,1.0087715842641e-19,"Lncpint","ITC Foxp2/Tshz1 (a)",-1.04061830815804,-1.07528855243325,TRUE,"higher at P21"
6.34238380414786e-24,-1.29401864626761,0.174,0.532,1.58743524234017e-19,"Vps13a","ITC Foxp2/Tshz1 (a)",-1.16259917616336,-1.11991265214153,TRUE,"higher at P21"
7.4325643445243e-24,-0.763431690999266,0.888,0.984,1.86029652979099e-19,"Dpp6","ITC Foxp2/Tshz1 (a)",-0.863877727182217,-0.71365485673614,TRUE,"higher at P21"
1.53056036594613e-23,-1.17823869321889,0.398,0.744,3.83083953992657e-19,"Chst9","ITC Foxp2/Tshz1 (a)",-1.18990892328169,-1.06823529688845,TRUE,"higher at P21"
1.67557882004701e-23,-1.15958847610381,0.221,0.611,4.19380622869567e-19,"Rps6ka5","ITC Foxp2/Tshz1 (a)",-1.36143291978788,-1.07901794410431,TRUE,"higher at P21"
3.78950811593295e-23,-1.06668850398202,0.532,0.823,9.48475986336858e-19,"Htr1f","ITC Foxp2/Tshz1 (a)",-1.11183760292637,-1.02569568454913,TRUE,"higher at P21"
4.60098155149802e-23,-0.827231399018681,0.557,0.884,1.15157967252444e-18,"Gpr158","ITC Foxp2/Tshz1 (a)",-0.73762212564642,-0.850039798873903,TRUE,"higher at P21"
1.26566619889191e-22,0.505941118170092,1,0.996,3.16783592920656e-18,"Kcnd2","ITC Foxp2/Tshz1 (a)",0.413952415746698,0.440910773189256,TRUE,"higher at P10"
1.93477273360113e-22,-1.97910743854766,0.074,0.389,4.84254267493028e-18,"Col6a1","ITC Foxp2/Tshz1 (a)",-1.66606548575275,-1.48836800776629,TRUE,"higher at P21"
2.25075220265416e-22,-1.19309472296507,0.201,0.595,5.63340768802311e-18,"Cap2","ITC Foxp2/Tshz1 (a)",-1.19768382546222,-1.04759432108179,TRUE,"higher at P21"
2.71519473522347e-22,-3.3382147533327,0.018,0.263,6.79586090279083e-18,"Zfp831","ITC Foxp2/Tshz1 (a)",-2.23626870147792,-2.07161824455206,TRUE,"higher at P21"
3.96756590082598e-22,-2.09164797243926,0.043,0.297,9.93042069317735e-18,"Specc1","ITC Foxp2/Tshz1 (a)",-1.75043771106803,-1.77578249859452,TRUE,"higher at P21"
9.14853102727101e-22,-1.21671767658061,0.123,0.439,2.28978583081566e-17,"Smad3","ITC Foxp2/Tshz1 (a)",-1.11014268778786,-1.00804524492528,TRUE,"higher at P21"
2.95685474661243e-21,-1.19154085703863,0.257,0.642,7.40071174529626e-17,"Upp2","ITC Foxp2/Tshz1 (a)",-1.318683393372,-1.10582021960639,TRUE,"higher at P21"
4.69018111688726e-21,-1.10909132567998,0.291,0.69,1.17390543174571e-16,"Abl2","ITC Foxp2/Tshz1 (a)",-1.09565140971966,-1.05509940267111,TRUE,"higher at P21"
1.77819616504246e-20,0.681375989937941,0.926,0.912,4.45064718148477e-16,"Grip1","ITC Foxp2/Tshz1 (a)",0.501372997663735,0.757121546618135,TRUE,"higher at P10"
2.04456726954816e-20,-1.55192453975255,0.132,0.466,5.11734741895209e-16,"2210408F21Rik","ITC Foxp2/Tshz1 (a)",-1.54689617085521,-1.37361994479601,TRUE,"higher at P21"
6.08119837688984e-20,-1.22957919307255,0.298,0.654,1.52206314175176e-15,"Rgs6","ITC Foxp2/Tshz1 (a)",-1.14847983635561,-1.37270946150427,TRUE,"higher at P21"
8.94893086027857e-20,-0.937272267356391,0.832,0.944,2.23982790501912e-15,"Dpp10","ITC Foxp2/Tshz1 (a)",-0.898029928653879,-0.982755311733906,TRUE,"higher at P21"
1.33821278313788e-19,-1.56315085150491,0.083,0.353,3.34941277491581e-15,"Catspere2","ITC Foxp2/Tshz1 (a)",-1.04317448277663,-1.4461110368592,TRUE,"higher at P21"
1.54875822077804e-19,-4.16052352284135,0.009,0.206,3.87638695078537e-15,"Sulf1","ITC Foxp2/Tshz1 (a)",-2.47908637455904,-2.55961067806681,TRUE,"higher at P21"
3.18518604105005e-18,-0.809687808499726,0.385,0.738,7.97220214214416e-14,"Zranb2","ITC Foxp2/Tshz1 (a)",-0.686612301500969,-0.75586868176181,TRUE,"higher at P21"
4.747554104915e-18,-1.56195656163287,0.078,0.342,1.18826531691918e-13,"Penk","ITC Foxp2/Tshz1 (a)",-1.43746092516611,-1.28463447282134,TRUE,"higher at P21"
7.12326838284372e-18,-1.02262029553063,0.333,0.706,1.78288284354195e-13,"Slc35f3","ITC Foxp2/Tshz1 (a)",-1.10766699228309,-0.918130427852086,TRUE,"higher at P21"
3.22290356072817e-17,-1.02044921652846,0.213,0.584,8.06660532214653e-13,"Tmem132b","ITC Foxp2/Tshz1 (a)",-1.09718446487236,-0.770083157814005,TRUE,"higher at P21"
3.28153214151263e-17,-1.43011158551724,0.119,0.396,8.21334679699197e-13,"mt-Co3","ITC Foxp2/Tshz1 (a)",-1.3562165859888,-1.0401140999157,TRUE,"higher at P21"
3.7656355381006e-17,-0.626518506999162,0.204,0.5,9.42500918831199e-13,"Spock2","ITC Foxp2/Tshz1 (a)",-0.743913082313516,-0.54502530965623,TRUE,"higher at P21"
7.55089287520706e-17,-1.10661805764186,0.532,0.871,1.88991297773557e-12,"Gm42418","ITC Foxp2/Tshz1 (a)",-1.06962252988027,-0.72521497968804,TRUE,"higher at P21"
8.77706311319669e-17,-1.26901497362979,0.069,0.321,2.196811126602e-12,"Sh3pxd2a","ITC Foxp2/Tshz1 (a)",-1.4024568908726,-1.08250529492831,TRUE,"higher at P21"
1.24294335654156e-16,-1.12994346948781,0.128,0.418,3.11096292708786e-12,"Pitpnm2","ITC Foxp2/Tshz1 (a)",-1.05340046161316,-0.901900922039651,TRUE,"higher at P21"
1.33396686305837e-16,-2.56356472629524,0.022,0.21,3.33878566154878e-12,"Drd3","ITC Foxp2/Tshz1 (a)",-2.15034958485161,-1.57704293068248,TRUE,"higher at P21"
1.61555426660314e-16,1.90277030996947,0.367,0.143,4.04357077388099e-12,"Mir670hg","ITC Foxp2/Tshz1 (a)",1.93736679143091,1.78221761247033,TRUE,"higher at P10"
1.69857030670291e-16,-2.30560105801784,0.027,0.215,4.25135162064672e-12,"Soat1","ITC Foxp2/Tshz1 (a)",-1.48443808907042,-1.69540633176561,TRUE,"higher at P21"
1.89195222570995e-16,0.578127720123536,0.946,0.95,4.73536722572942e-12,"Ntm","ITC Foxp2/Tshz1 (a)",0.558309866980082,0.554515401327248,TRUE,"higher at P10"
2.59019475975934e-16,0.836233952504287,0.906,0.919,6.48299846420166e-12,"Dcc","ITC Foxp2/Tshz1 (a)",0.80901437682947,0.761931252653352,TRUE,"higher at P10"
2.61176948862499e-16,0.553710942984164,0.944,0.937,6.5369978530795e-12,"Cntn5","ITC Foxp2/Tshz1 (a)",0.616867350617995,0.482243618012189,TRUE,"higher at P10"
3.2076545487593e-16,-1.70884460481859,0.083,0.333,8.02843857008966e-12,"Gm17276","ITC Foxp2/Tshz1 (a)",-1.49334717709267,-1.17080646600909,TRUE,"higher at P21"
5.23902808279908e-16,-1.17820736325969,0.163,0.496,1.31127633884378e-11,"Lrrk2","ITC Foxp2/Tshz1 (a)",-1.1253719728786,-1.0714909326622,TRUE,"higher at P21"
6.06134260881596e-16,-1.13897119453342,0.273,0.577,1.51709344156055e-11,"Maml2","ITC Foxp2/Tshz1 (a)",-1.11257367896806,-1.02777332718487,TRUE,"higher at P21"
6.18641587438601e-16,-2.31294698646183,0.031,0.222,1.54839802920008e-11,"mt-Co1","ITC Foxp2/Tshz1 (a)",-1.7278456637044,-1.35612175769603,TRUE,"higher at P21"
7.89313206223016e-16,-0.766158310895481,0.385,0.762,1.97557202385559e-11,"Kcnh1","ITC Foxp2/Tshz1 (a)",-0.997204784192669,-0.559560899577675,TRUE,"higher at P21"
8.30915618519706e-16,-1.11051250881202,0.145,0.412,2.07969870159297e-11,"4930428E07Rik","ITC Foxp2/Tshz1 (a)",-0.843201309277415,-1.06071700069337,TRUE,"higher at P21"
1.37162371293221e-15,-0.93283226762823,0.416,0.724,3.43303699109803e-11,"Cpne4","ITC Foxp2/Tshz1 (a)",-0.798197614948052,-0.885805327274145,TRUE,"higher at P21"
1.59176393735124e-15,-1.20995431671944,0.116,0.367,3.98402595879641e-11,"Ankrd6","ITC Foxp2/Tshz1 (a)",-1.12264048163606,-1.07024739053048,TRUE,"higher at P21"
1.65545237082051e-15,-1.2449062399697,0.114,0.375,4.14343173892665e-11,"Col23a1","ITC Foxp2/Tshz1 (a)",-1.07980644711487,-1.06862736938905,TRUE,"higher at P21"
2.10614532459183e-15,-1.42392357027812,0.065,0.294,5.27147113292089e-11,"Rhbdl3","ITC Foxp2/Tshz1 (a)",-1.51692376642661,-1.06428670760208,TRUE,"higher at P21"
2.30106333642231e-15,-0.94664029420162,0.19,0.487,5.7593314247314e-11,"Cntnap5c","ITC Foxp2/Tshz1 (a)",-0.535608976826874,-1.07459556060984,TRUE,"higher at P21"
3.43236434795691e-15,0.91477522239657,0.763,0.726,8.59086472650136e-11,"Atp8a1","ITC Foxp2/Tshz1 (a)",0.801064145966035,0.838802223206416,TRUE,"higher at P10"
5.49347256967996e-15,-1.26614249202444,0.168,0.487,1.3749612494652e-10,"Gm49906","ITC Foxp2/Tshz1 (a)",-1.20345363710095,-1.05245815778233,TRUE,"higher at P21"
5.66306879798111e-15,-0.934015910724121,0.121,0.384,1.41740948944669e-10,"Mpc1","ITC Foxp2/Tshz1 (a)",-0.770533586882135,-0.893268150848754,TRUE,"higher at P21"
6.47058300695389e-15,-0.678956621097665,0.257,0.591,1.61952222081049e-10,"Map7","ITC Foxp2/Tshz1 (a)",-0.706616227228614,-0.569796098280932,TRUE,"higher at P21"
9.32516392699065e-15,-1.49799547342372,0.058,0.285,2.33399527928649e-10,"Faim2","ITC Foxp2/Tshz1 (a)",-1.23708180952937,-1.17157343469462,TRUE,"higher at P21"
1.06646852534105e-14,0.533410804395,0.955,0.982,2.66926407207611e-10,"Nrxn1","ITC Foxp2/Tshz1 (a)",0.516476923176734,0.534804821908482,TRUE,"higher at P10"
1.07428053735054e-14,1.38557940612017,0.593,0.47,2.68881675693467e-10,"Zfp407","ITC Foxp2/Tshz1 (a)",1.08497057974332,1.36835524503084,TRUE,"higher at P10"
1.1695093301878e-14,-0.622614782641159,0.541,0.853,2.92716490252705e-10,"Rasgrf1","ITC Foxp2/Tshz1 (a)",-0.716756858047907,-0.491539501296101,TRUE,"higher at P21"
1.31860499347104e-14,-0.727854379337429,0.251,0.586,3.30033643815866e-10,"Galnt16","ITC Foxp2/Tshz1 (a)",-1.00156723768461,-0.563573799508771,TRUE,"higher at P21"
1.45970345933132e-14,-0.995446756710828,0.139,0.414,3.65349178836037e-10,"Baiap2","ITC Foxp2/Tshz1 (a)",-0.876146488528536,-0.912828213494965,TRUE,"higher at P21"
1.94321354315261e-14,-0.86496732612115,0.541,0.821,4.86366917715666e-10,"9630028H03Rik","ITC Foxp2/Tshz1 (a)",-0.636518679172959,-0.901494070993652,TRUE,"higher at P21"
2.09068126485295e-14,-0.617245667931298,0.28,0.615,5.23276613780045e-10,"Ralgps1","ITC Foxp2/Tshz1 (a)",-0.570882174522593,-0.599880187711956,TRUE,"higher at P21"
2.21186467883469e-14,-0.651171612375243,0.336,0.713,5.53607610465536e-10,"Rnf169","ITC Foxp2/Tshz1 (a)",-0.715958328214488,-0.612911215220571,TRUE,"higher at P21"
2.46107129903284e-14,-0.645264779420118,0.499,0.81,6.1598153543493e-10,"Atp2b2","ITC Foxp2/Tshz1 (a)",-0.674793734851801,-0.593354463969484,TRUE,"higher at P21"
3.459093830823e-14,-0.885435014496984,0.217,0.552,8.6577659491669e-10,"2010300C02Rik","ITC Foxp2/Tshz1 (a)",-1.08373891912547,-0.790514332640644,TRUE,"higher at P21"
5.06068538780519e-14,-1.083823624627,0.065,0.26,1.26663894571376e-09,"Cdadc1","ITC Foxp2/Tshz1 (a)",-1.04770259276167,-0.801612832039921,TRUE,"higher at P21"
5.85322753182575e-14,0.845606289403215,0.875,0.869,1.46500431894067e-09,"Cntnap2","ITC Foxp2/Tshz1 (a)",0.877859839749405,0.819157260525473,TRUE,"higher at P10"
5.92735894358948e-14,-0.846047834452595,0.213,0.509,1.48355866999101e-09,"Nos1ap","ITC Foxp2/Tshz1 (a)",-0.651871014885256,-0.875586729084183,TRUE,"higher at P21"
6.28197202940356e-14,-0.689048740318016,0.163,0.428,1.57231477923942e-09,"Jakmip1","ITC Foxp2/Tshz1 (a)",-0.673842244619774,-0.544302705610912,TRUE,"higher at P21"
8.69394304850001e-14,-1.12541654650455,0.114,0.351,2.17600700560907e-09,"Naaladl2","ITC Foxp2/Tshz1 (a)",-1.09629240664091,-0.777238406250327,TRUE,"higher at P21"
8.71107042959359e-14,-1.2297165371774,0.092,0.31,2.18029381782298e-09,"mt-Atp6","ITC Foxp2/Tshz1 (a)",-1.14854529454308,-0.862529716447006,TRUE,"higher at P21"
8.71473766344375e-14,-1.19561931256512,0.058,0.244,2.18121168978334e-09,"Crebrf","ITC Foxp2/Tshz1 (a)",-0.905967141661519,-0.995942908732177,TRUE,"higher at P21"
8.927945008966e-14,-0.953539671597113,0.163,0.452,2.2345753562941e-09,"Cyld","ITC Foxp2/Tshz1 (a)",-0.834221045400958,-0.908969184186476,TRUE,"higher at P21"
9.05539949882422e-14,-0.731645251796085,0.403,0.774,2.26647594056072e-09,"Pde2a","ITC Foxp2/Tshz1 (a)",-0.86756069873695,-0.626173516945997,TRUE,"higher at P21"
9.25031531710534e-14,1.03926762952707,0.72,0.615,2.3152614207183e-09,"Cntnap5a","ITC Foxp2/Tshz1 (a)",1.15347587790721,0.900769720728524,TRUE,"higher at P10"
1.31311959804741e-13,0.556036187427333,0.96,0.966,3.28660704195286e-09,"Pbx3","ITC Foxp2/Tshz1 (a)",0.424877429899086,0.542538094841246,TRUE,"higher at P10"
1.71430462154437e-13,1.25571249958253,0.595,0.48,4.29073303726339e-09,"Bach2","ITC Foxp2/Tshz1 (a)",1.3863675890979,1.16419817211957,TRUE,"higher at P10"
1.87953866156289e-13,-1.64727343328307,0.054,0.272,4.70429731602575e-09,"Atxn3","ITC Foxp2/Tshz1 (a)",-1.18726248161831,-1.42539259328232,TRUE,"higher at P21"
2.11530149396726e-13,-0.551576264836469,0.776,0.955,5.29438810925065e-09,"Samd12","ITC Foxp2/Tshz1 (a)",-0.646153659799812,-0.524407542124308,TRUE,"higher at P21"
2.27383977775664e-13,-0.687896495085172,0.213,0.502,5.6911935797471e-09,"Lyst","ITC Foxp2/Tshz1 (a)",-0.774494217578268,-0.558722784690048,TRUE,"higher at P21"
2.41710773768686e-13,-1.27612913746076,0.083,0.308,6.04977895665644e-09,"Pag1","ITC Foxp2/Tshz1 (a)",-1.08839200569856,-1.06111835701537,TRUE,"higher at P21"
2.49197515373636e-13,-0.893484111748574,0.119,0.367,6.23716461228675e-09,"Cep70","ITC Foxp2/Tshz1 (a)",-0.835445929610969,-0.79350353029573,TRUE,"higher at P21"
3.08105355289973e-13,1.71989354147555,0.508,0.333,7.71156893755273e-09,"Gm20754","ITC Foxp2/Tshz1 (a)",1.35056113030565,1.6419078694747,TRUE,"higher at P10"
4.23457151778788e-13,-0.668629996367147,0.197,0.471,1.05987090518713e-08,"Pias1","ITC Foxp2/Tshz1 (a)",-0.664373238404395,-0.588903242527492,TRUE,"higher at P21"
4.5039317249189e-13,-2.14385884001575,0.029,0.213,1.12728907142995e-08,"Ankrd33b","ITC Foxp2/Tshz1 (a)",-1.52062803102836,-1.56325765490727,TRUE,"higher at P21"
4.78039022937862e-13,-0.737641133359432,0.34,0.683,1.19648387051118e-08,"Atp2b4","ITC Foxp2/Tshz1 (a)",-0.8714496386451,-0.426245450989607,TRUE,"higher at P21"
5.78454671576811e-13,-0.817485462526328,0.174,0.435,1.4478141974896e-08,"Ggact","ITC Foxp2/Tshz1 (a)",-0.853503862993946,-0.675643675155138,TRUE,"higher at P21"
5.96649136087804e-13,-1.20167581441556,0.072,0.267,1.49335312271416e-08,"Stk3","ITC Foxp2/Tshz1 (a)",-1.00836630010699,-1.01223032630809,TRUE,"higher at P21"
6.16124281243811e-13,-1.57288464660862,0.034,0.204,1.54209746352514e-08,"Gm10125","ITC Foxp2/Tshz1 (a)",-1.24675367207265,-1.44652390927244,TRUE,"higher at P21"
7.57089795442055e-13,-1.23886146536212,0.065,0.265,1.89492004901192e-08,"Baiap3","ITC Foxp2/Tshz1 (a)",-1.26119806631428,-0.8785647193881,TRUE,"higher at P21"
7.61873607573485e-13,-0.762784488087938,0.291,0.62,1.90689345239568e-08,"Ftx","ITC Foxp2/Tshz1 (a)",-0.697415565326518,-0.714492043040903,TRUE,"higher at P21"
1.11643976159843e-12,-0.776033931289182,0.21,0.514,2.79433707930472e-08,"Ttll11","ITC Foxp2/Tshz1 (a)",-0.747040918863698,-0.742344021669946,TRUE,"higher at P21"
1.31549151283666e-12,0.619272269631408,0.881,0.892,3.29254370747887e-08,"Sgcd","ITC Foxp2/Tshz1 (a)",0.550829979307351,0.562450557338203,TRUE,"higher at P10"
1.55697535245961e-12,-1.25777994876001,0.072,0.305,3.89695360967116e-08,"C230057M02Rik","ITC Foxp2/Tshz1 (a)",-1.27088254795961,-1.07532497229806,TRUE,"higher at P21"
1.6268288901848e-12,-0.664008807860843,0.289,0.597,4.07179002924355e-08,"Ank","ITC Foxp2/Tshz1 (a)",-0.68840774143898,-0.608213024701144,TRUE,"higher at P21"
1.64232093723832e-12,-0.857875680191338,0.221,0.538,4.11056507381379e-08,"Ctdspl","ITC Foxp2/Tshz1 (a)",-0.912908640592452,-0.675403182867896,TRUE,"higher at P21"
1.79491549281726e-12,-0.764071643811866,0.11,0.306,4.49249398697232e-08,"Tpm3","ITC Foxp2/Tshz1 (a)",-0.675256141945239,-0.69143983364645,TRUE,"higher at P21"
1.82288675235735e-12,-0.686320333348895,0.224,0.496,4.56250325247522e-08,"A330023F24Rik","ITC Foxp2/Tshz1 (a)",-0.782168326773339,-0.634247262331581,TRUE,"higher at P21"
2.07530811206e-12,-0.921130877517541,0.407,0.683,5.19428867367498e-08,"Gm15261","ITC Foxp2/Tshz1 (a)",-0.615711904941083,-0.912793392223775,TRUE,"higher at P21"
2.23123625278299e-12,-0.742927156558604,0.217,0.48,5.58456121709054e-08,"Gm45159","ITC Foxp2/Tshz1 (a)",-0.578308357095516,-0.618676989259056,TRUE,"higher at P21"
2.99684606265122e-12,-1.52183013319296,0.04,0.203,7.50080601020974e-08,"Plxdc1","ITC Foxp2/Tshz1 (a)",-1.63404837123098,-0.917239864799351,TRUE,"higher at P21"
3.41353282974102e-12,-0.774846968127455,0.15,0.382,8.54373131955881e-08,"Ttyh1","ITC Foxp2/Tshz1 (a)",-0.754750588814581,-0.61822335456547,TRUE,"higher at P21"
3.48805097285581e-12,0.829762716728413,0.736,0.722,8.7302427799608e-08,"Tshz1","ITC Foxp2/Tshz1 (a)",0.63058695690254,0.927217068158183,TRUE,"higher at P10"
3.85152087386853e-12,-0.906267277314449,0.089,0.269,9.63997159520554e-08,"Ckb","ITC Foxp2/Tshz1 (a)",-0.578766655002373,-0.846917839506543,TRUE,"higher at P21"
4.64641486864062e-12,-1.37878557466048,0.063,0.263,1.16295117747206e-07,"Cdc14b","ITC Foxp2/Tshz1 (a)",-1.09927954035302,-1.0611163206221,TRUE,"higher at P21"
4.67404594701424e-12,0.66521901792129,0.774,0.738,1.1698669600782e-07,"A230006K03Rik","ITC Foxp2/Tshz1 (a)",0.701872856567728,0.519121188764202,TRUE,"higher at P10"
5.14239047285114e-12,-0.737668629491223,0.897,0.97,1.28708891144991e-07,"Phactr1","ITC Foxp2/Tshz1 (a)",-0.610586658067612,-0.869607428989392,TRUE,"higher at P21"
5.26023497772982e-12,-0.746965090959485,0.13,0.378,1.316584212576e-07,"Ppargc1b","ITC Foxp2/Tshz1 (a)",-0.89320303917044,-0.406176125682133,TRUE,"higher at P21"
5.4042567255686e-12,-0.720077240356598,0.293,0.606,1.35263141584257e-07,"Zmynd8","ITC Foxp2/Tshz1 (a)",-0.60554435178226,-0.61223938353642,TRUE,"higher at P21"
5.71520305520466e-12,-0.703422710350603,0.311,0.627,1.43045817268717e-07,"Dlg1","ITC Foxp2/Tshz1 (a)",-0.464784378455612,-0.73961915327948,TRUE,"higher at P21"
6.11554689621656e-12,-1.08748114208914,0.092,0.297,1.53066023265404e-07,"Kcnh3","ITC Foxp2/Tshz1 (a)",-0.882973810636301,-0.933336628490562,TRUE,"higher at P21"
7.09619361476965e-12,-1.44080784114564,0.051,0.235,1.7761062998407e-07,"Acsl3","ITC Foxp2/Tshz1 (a)",-1.0337481430993,-0.966682116103887,TRUE,"higher at P21"
8.25021144001865e-12,-0.803167376773993,0.21,0.47,2.06494542132227e-07,"Pifo","ITC Foxp2/Tshz1 (a)",-0.905318750307645,-0.536347120370342,TRUE,"higher at P21"
8.77620034846463e-12,-0.695581016192146,0.213,0.52,2.19659518521721e-07,"Adcy9","ITC Foxp2/Tshz1 (a)",-0.865892480611292,-0.522956637113758,TRUE,"higher at P21"
9.70422623945305e-12,-1.05547178465835,0.139,0.414,2.4288707854727e-07,"Rgs9","ITC Foxp2/Tshz1 (a)",-1.02942723353215,-1.16989247902349,TRUE,"higher at P21"
9.80013530514976e-12,-1.66219545010922,0.058,0.237,2.45287586552593e-07,"Lima1","ITC Foxp2/Tshz1 (a)",-1.5447895327696,-1.14604383711127,TRUE,"higher at P21"
1.27321352770196e-11,-0.655052106710179,0.213,0.504,3.18672613848525e-07,"Cyfip2","ITC Foxp2/Tshz1 (a)",-0.765982396876807,-0.482397124011931,TRUE,"higher at P21"
1.38448535968992e-11,-0.686520811640343,0.19,0.475,3.4652284067679e-07,"Rassf8","ITC Foxp2/Tshz1 (a)",-0.65982745165284,-0.694896775918361,TRUE,"higher at P21"
1.38902556718987e-11,-1.39426151548207,0.083,0.321,3.47659209211953e-07,"Man1c1","ITC Foxp2/Tshz1 (a)",-1.49611724674588,-1.11970669884462,TRUE,"higher at P21"
1.52113260022541e-11,-0.621218633470838,0.322,0.599,3.80724278510418e-07,"Dock10","ITC Foxp2/Tshz1 (a)",-0.634759111306302,-0.710694018840443,TRUE,"higher at P21"
1.68560717726943e-11,0.712597525307924,0.758,0.785,4.21890620398764e-07,"Gabrb1","ITC Foxp2/Tshz1 (a)",0.749807706761202,0.614801851032531,TRUE,"higher at P10"
1.69125090134851e-11,-0.830493109893956,0.304,0.651,4.23303188098518e-07,"Itpr1","ITC Foxp2/Tshz1 (a)",-0.669050716985728,-0.877329848089037,TRUE,"higher at P21"
1.74229566100047e-11,-1.21896797408745,0.103,0.358,4.36079180991807e-07,"Hsp90b1","ITC Foxp2/Tshz1 (a)",-0.744924542218996,-1.21709415251483,TRUE,"higher at P21"
1.85720497865548e-11,0.622689868093163,0.872,0.848,4.6483983410768e-07,"Ccser1","ITC Foxp2/Tshz1 (a)",0.634340498073339,0.545393223384983,TRUE,"higher at P10"
1.89825493823233e-11,-0.69433653855182,0.273,0.565,4.75114228490169e-07,"Arhgap6","ITC Foxp2/Tshz1 (a)",-0.600439421692274,-0.703334263031114,TRUE,"higher at P21"
1.8984822892972e-11,-0.599028074245484,0.376,0.711,4.75171132188197e-07,"Tspan5","ITC Foxp2/Tshz1 (a)",-0.718855348020321,-0.573760269730548,TRUE,"higher at P21"
1.96451801774657e-11,-0.9575679274553,0.128,0.38,4.91699214661789e-07,"Rap1gap","ITC Foxp2/Tshz1 (a)",-0.913787889311754,-0.655832440059875,TRUE,"higher at P21"
2.2969430676603e-11,-1.04603057965741,0.072,0.28,5.74901880404696e-07,"Stx16","ITC Foxp2/Tshz1 (a)",-0.855012719369336,-0.992582998543487,TRUE,"higher at P21"
2.71023869168396e-11,-0.673191840626745,0.166,0.416,6.78345642141579e-07,"Bod1l","ITC Foxp2/Tshz1 (a)",-0.804689115104504,-0.559467375657911,TRUE,"higher at P21"
2.76861560631604e-11,-1.23205724725314,0.054,0.22,6.92956800104843e-07,"Igsf8","ITC Foxp2/Tshz1 (a)",-1.20380918289791,-0.881653180658405,TRUE,"higher at P21"
2.84206742969059e-11,-0.685661528938258,0.34,0.658,7.11341056977257e-07,"Rgl1","ITC Foxp2/Tshz1 (a)",-0.682012783157173,-0.697937941503477,TRUE,"higher at P21"
3.15892280299593e-11,-0.706235798895569,0.23,0.548,7.90646788361853e-07,"Macrod1","ITC Foxp2/Tshz1 (a)",-0.779603831568822,-0.473846310101328,TRUE,"higher at P21"
3.16301448923445e-11,-0.668836075446442,0.098,0.267,7.91670896510489e-07,"Gm15083","ITC Foxp2/Tshz1 (a)",-0.693800225609874,-0.448725957468049,TRUE,"higher at P21"
3.36520666749288e-11,-0.643373177354446,0.177,0.457,8.42277576806793e-07,"Ppip5k1","ITC Foxp2/Tshz1 (a)",-0.779883779279775,-0.503081806657899,TRUE,"higher at P21"
3.68395469040886e-11,-0.807261223597878,0.11,0.319,9.22057019462432e-07,"Flrt1","ITC Foxp2/Tshz1 (a)",-1.02324912517853,-0.546666173014347,TRUE,"higher at P21"
3.87210760323881e-11,-0.683933080134018,0.459,0.772,9.69149812014642e-07,"Mctp1","ITC Foxp2/Tshz1 (a)",-0.589930866389334,-0.701970638460679,TRUE,"higher at P21"
4.20077428306836e-11,-0.616926406763451,0.166,0.414,1.05141179530918e-06,"Hnrnpl","ITC Foxp2/Tshz1 (a)",-0.689006914666774,-0.479828262198148,TRUE,"higher at P21"
4.38660631199084e-11,-0.581356074223745,0.497,0.762,1.09792369382819e-06,"Unc13c","ITC Foxp2/Tshz1 (a)",-0.452524094451511,-0.581271413230254,TRUE,"higher at P21"
4.52724908061017e-11,-0.548475842969522,0.349,0.667,1.13312517238592e-06,"Slc4a4","ITC Foxp2/Tshz1 (a)",-0.685191448515045,-0.492161001787664,TRUE,"higher at P21"
5.40229931195248e-11,-0.575334752400319,0.166,0.398,1.35214149478859e-06,"Fam214a","ITC Foxp2/Tshz1 (a)",-0.662606363941128,-0.525663772029124,TRUE,"higher at P21"
5.66209385982809e-11,-0.598893904376704,0.559,0.858,1.41716547217637e-06,"Sipa1l1","ITC Foxp2/Tshz1 (a)",-0.665714806166517,-0.444614750261269,TRUE,"higher at P21"
6.05309268376948e-11,-0.644200802734946,0.15,0.396,1.51502856782066e-06,"Paip2","ITC Foxp2/Tshz1 (a)",-0.695911550980256,-0.657229047989276,TRUE,"higher at P21"
7.14620340332944e-11,-0.771520740837619,0.116,0.335,1.78862324981932e-06,"Smarca2","ITC Foxp2/Tshz1 (a)",-0.547595737373117,-0.706067659069725,TRUE,"higher at P21"
7.27355526707855e-11,-1.12943253493882,0.065,0.228,1.82049814779709e-06,"Nipsnap2","ITC Foxp2/Tshz1 (a)",-0.835310799018827,-0.811276033874318,TRUE,"higher at P21"
7.49623684348771e-11,-0.837447555071779,0.096,0.292,1.87623311955654e-06,"Banp","ITC Foxp2/Tshz1 (a)",-0.817311540851531,-0.72751735245917,TRUE,"higher at P21"
8.48520409944675e-11,-0.659097695934559,0.11,0.323,2.12376173405053e-06,"Susd1","ITC Foxp2/Tshz1 (a)",-0.779167152587301,-0.676622293162939,TRUE,"higher at P21"
9.16435917271342e-11,-0.742566233680633,0.136,0.357,2.29374745733844e-06,"Baz1b","ITC Foxp2/Tshz1 (a)",-0.696168958338251,-0.674781596033159,TRUE,"higher at P21"
9.53247396469542e-11,0.565303560690483,0.966,0.961,2.38588290862362e-06,"Tenm2","ITC Foxp2/Tshz1 (a)",0.406895764660262,0.635210348339398,TRUE,"higher at P10"
1.02424005188981e-10,-0.797734782452556,0.119,0.319,2.563570425875e-06,"Rab40c","ITC Foxp2/Tshz1 (a)",-0.816103098159724,-0.612670319331599,TRUE,"higher at P21"
1.0313361183007e-10,-1.41533881707293,0.089,0.29,2.58133117049481e-06,"9530026P05Rik","ITC Foxp2/Tshz1 (a)",-1.1438060063094,-1.0892785410408,TRUE,"higher at P21"
1.36313403213351e-10,-0.817238523717701,0.143,0.382,3.41178816902696e-06,"Ndufs4","ITC Foxp2/Tshz1 (a)",-0.617212230369219,-0.681314655790505,TRUE,"higher at P21"
1.5341006158672e-10,-0.716058067142214,0.112,0.308,3.83970043145402e-06,"P4htm","ITC Foxp2/Tshz1 (a)",-0.550951113942521,-0.60410939717067,TRUE,"higher at P21"
1.5426257346272e-10,-0.580788055367142,0.215,0.498,3.86103795119842e-06,"Ndrg4","ITC Foxp2/Tshz1 (a)",-0.807120070223974,-0.442953836083572,TRUE,"higher at P21"
1.69447236575838e-10,-1.08535960863488,0.092,0.314,4.24109488425664e-06,"N4bp2l1","ITC Foxp2/Tshz1 (a)",-1.05088237141904,-0.842577425375995,TRUE,"higher at P21"
1.71599660806681e-10,-0.719194316696562,0.206,0.475,4.29496791033043e-06,"Sesn3","ITC Foxp2/Tshz1 (a)",-0.759300624956762,-0.670377191354345,TRUE,"higher at P21"
1.73045820788218e-10,-0.836793390940008,0.136,0.367,4.33116384850832e-06,"Fam184b","ITC Foxp2/Tshz1 (a)",-0.741757656649734,-0.757279923439356,TRUE,"higher at P21"
1.78403695176025e-10,-0.731204721136044,0.38,0.685,4.46526608656074e-06,"Gm44151","ITC Foxp2/Tshz1 (a)",-0.617404528619197,-0.514470766427488,TRUE,"higher at P21"
1.81481218205434e-10,-0.674316951739219,0.188,0.435,4.5422934104638e-06,"Pde7b","ITC Foxp2/Tshz1 (a)",-0.793021572183081,-0.683239630634594,TRUE,"higher at P21"
1.82785846531043e-10,-1.15237566624667,0.081,0.274,4.57494695282548e-06,"Plce1","ITC Foxp2/Tshz1 (a)",-1.00959519624572,-0.884522431378351,TRUE,"higher at P21"
1.83197933351377e-10,-0.901204274013433,0.094,0.29,4.58526107385162e-06,"Cacna2d2","ITC Foxp2/Tshz1 (a)",-0.793312316465815,-0.788310690720497,TRUE,"higher at P21"
2.03138016830651e-10,-0.637148246367092,0.161,0.396,5.08434142325435e-06,"Dzank1","ITC Foxp2/Tshz1 (a)",-0.502569386249336,-0.710530770010468,TRUE,"higher at P21"
2.20673648621924e-10,-0.562810847560691,0.374,0.694,5.52324075135814e-06,"Kcnj6","ITC Foxp2/Tshz1 (a)",-0.846333198009418,-0.443558347467151,TRUE,"higher at P21"
2.42544710961964e-10,-0.653277517165402,0.653,0.86,6.070651570667e-06,"Ankfn1","ITC Foxp2/Tshz1 (a)",-0.79041708039574,-0.55839413316136,TRUE,"higher at P21"
2.45687898221065e-10,-0.538722406832802,0.15,0.371,6.14932240457504e-06,"Gm47591","ITC Foxp2/Tshz1 (a)",-0.649954127638709,-0.459387080669192,TRUE,"higher at P21"
2.50996736037764e-10,-0.94101848360527,0.114,0.337,6.2821973062892e-06,"Pgbd5","ITC Foxp2/Tshz1 (a)",-0.889611479053887,-0.645860056884543,TRUE,"higher at P21"
2.54264225945995e-10,0.668011037621548,0.855,0.846,6.3639793112023e-06,"Dpyd","ITC Foxp2/Tshz1 (a)",0.553297258098742,0.761393941858744,TRUE,"higher at P10"
2.57093467555418e-10,-1.05449310019708,0.094,0.263,6.43479239944455e-06,"Dleu2","ITC Foxp2/Tshz1 (a)",-1.07751975167388,-0.780754146687846,TRUE,"higher at P21"
2.65756299748804e-10,-0.867783790458551,0.148,0.384,6.65161442641282e-06,"Cdc37l1","ITC Foxp2/Tshz1 (a)",-0.744948983829157,-0.736960845275157,TRUE,"higher at P21"
2.68046919620433e-10,-0.631551478926419,0.15,0.344,6.70894635117982e-06,"Rab27b","ITC Foxp2/Tshz1 (a)",-0.548417226898165,-0.63718572687268,TRUE,"higher at P21"
3.09457044722875e-10,-0.993017330085427,0.067,0.235,7.74540037236884e-06,"Arntl","ITC Foxp2/Tshz1 (a)",-0.91787631957046,-0.73520565925101,TRUE,"higher at P21"
3.15888368573175e-10,-0.711334199456693,0.271,0.568,7.90636997701798e-06,"Stk39","ITC Foxp2/Tshz1 (a)",-0.9245583009823,-0.559374433106796,TRUE,"higher at P21"
3.74893679795997e-10,-0.522373529775543,0.521,0.789,9.38321391161402e-06,"Csgalnact1","ITC Foxp2/Tshz1 (a)",-0.605071771179924,-0.448676525565739,TRUE,"higher at P21"
3.79237769208038e-10,-0.754046412525672,0.217,0.486,9.49194212550799e-06,"Bicral","ITC Foxp2/Tshz1 (a)",-0.692986270564391,-0.714851831372927,TRUE,"higher at P21"
3.96242785216582e-10,-0.667234978949168,0.32,0.659,9.91756067118582e-06,"Akap8l","ITC Foxp2/Tshz1 (a)",-0.700694361283839,-0.665642067424711,TRUE,"higher at P21"
4.07362852184148e-10,-0.858328342153586,0.136,0.394,1.0195884827317e-05,"Hspa12a","ITC Foxp2/Tshz1 (a)",-0.88540869599612,-0.861677281615596,TRUE,"higher at P21"
4.37709386034688e-10,-0.693066777988276,0.206,0.464,1.09554282230622e-05,"Stxbp6","ITC Foxp2/Tshz1 (a)",-0.839094768317987,-0.506226322897683,TRUE,"higher at P21"
5.11951111978533e-10,-0.936772611303149,0.101,0.305,1.28136243817107e-05,"Tef","ITC Foxp2/Tshz1 (a)",-0.740696698281808,-0.850955591434767,TRUE,"higher at P21"
5.4434480433017e-10,-0.669307105812633,0.302,0.62,1.36244061075798e-05,"Ddx5","ITC Foxp2/Tshz1 (a)",-0.457847902274137,-0.664318408706225,TRUE,"higher at P21"
5.6661781865532e-10,-0.519332566274466,0.217,0.478,1.4181877383124e-05,"Pcnx2","ITC Foxp2/Tshz1 (a)",-0.501362819014759,-0.533982962382441,TRUE,"higher at P21"
6.24705868373688e-10,-0.505468834387535,0.143,0.337,1.5635763179525e-05,"Slc24a4","ITC Foxp2/Tshz1 (a)",-0.563152691007696,-0.505490763049311,TRUE,"higher at P21"
7.29936088737341e-10,-0.745702628640181,0.13,0.346,1.82695703650069e-05,"Adarb1","ITC Foxp2/Tshz1 (a)",-0.631643505013562,-0.706067659069725,TRUE,"higher at P21"
7.33025700149700e-10,-0.862548574121831,0.141,0.351,1.83469002490468e-05,"Irf2","ITC Foxp2/Tshz1 (a)",-0.940807086159821,-0.646854848409889,TRUE,"higher at P21"
7.48510724573795e-10,-1.14125086074136,0.051,0.204,1.87344749253575e-05,"Gm47523","ITC Foxp2/Tshz1 (a)",-0.616759272902082,-1.21434886723245,TRUE,"higher at P21"
7.83543418287361e-10,-0.689179378751076,0.282,0.53,1.96113082163144e-05,"Lrtm1","ITC Foxp2/Tshz1 (a)",-0.605917233873079,-0.540953211160718,TRUE,"higher at P21"
7.85717098100401e-10,-0.74903802768812,0.114,0.315,1.96657132483549e-05,"Tfdp2","ITC Foxp2/Tshz1 (a)",-0.659561684698617,-0.686732315139886,TRUE,"higher at P21"
7.96544062321456e-10,-0.653665234204678,0.248,0.504,1.99367013358437e-05,"Gse1","ITC Foxp2/Tshz1 (a)",-0.617454839725171,-0.48937019922355,TRUE,"higher at P21"
8.39183402543508e-10,-0.516669895166617,0.181,0.434,2.10039213822615e-05,"Fbxl20","ITC Foxp2/Tshz1 (a)",-0.635750952791605,-0.422276658288125,TRUE,"higher at P21"
9.09018336904259e-10,-0.645623502441484,0.174,0.41,2.27518199543767e-05,"Mink1","ITC Foxp2/Tshz1 (a)",-0.716003767449326,-0.478509386716195,TRUE,"higher at P21"
9.16842350486788e-10,-0.512926378036656,0.799,0.939,2.29476471903338e-05,"Grin2a","ITC Foxp2/Tshz1 (a)",-0.550340313390983,-0.48927885349341,TRUE,"higher at P21"
9.61154901187187e-10,-0.540651358696217,0.72,0.925,2.40567460218141e-05,"Plekha5","ITC Foxp2/Tshz1 (a)",-0.642299942711816,-0.551015457170864,TRUE,"higher at P21"
1.03398382595996e-09,-1.0386899129042,0.072,0.237,2.58795811799518e-05,"Rai14","ITC Foxp2/Tshz1 (a)",-1.14045234506942,-0.596233674438716,TRUE,"higher at P21"
1.14632944026661e-09,-0.596793945093134,0.143,0.348,2.8691479560433e-05,"Chst11","ITC Foxp2/Tshz1 (a)",-0.515499768532178,-0.557564773099049,TRUE,"higher at P21"
1.17147892671376e-09,-0.671189890804275,0.123,0.317,2.93209460567188e-05,"Ubxn11","ITC Foxp2/Tshz1 (a)",-0.570871540524562,-0.571927074370237,TRUE,"higher at P21"
1.2003724884026e-09,-0.586877998109683,0.123,0.333,3.00441230122286e-05,"Spaca6","ITC Foxp2/Tshz1 (a)",-0.691336780283938,-0.592137093662312,TRUE,"higher at P21"
1.25714588027032e-09,-0.569271055672787,0.251,0.527,3.14651042372857e-05,"Chd4","ITC Foxp2/Tshz1 (a)",-0.501315013812276,-0.406186288616297,TRUE,"higher at P21"
1.37669557443717e-09,0.557964237301182,0.839,0.871,3.4457313532588e-05,"Ncam1","ITC Foxp2/Tshz1 (a)",0.447561723131359,0.522947135548479,TRUE,"higher at P10"
1.43044005204457e-09,-0.529484175722829,0.195,0.439,3.58024840626237e-05,"Trip11","ITC Foxp2/Tshz1 (a)",-0.433626126339849,-0.442700004557404,TRUE,"higher at P21"
1.44417287940971e-09,-0.9060733341582,0.096,0.285,3.61462029987456e-05,"A930015D03Rik","ITC Foxp2/Tshz1 (a)",-0.664855698383107,-0.784012203290909,TRUE,"higher at P21"
1.44841384644806e-09,-0.533192584897066,0.3,0.602,3.62523501627486e-05,"Scg5","ITC Foxp2/Tshz1 (a)",-0.416719560599984,-0.553734588095039,TRUE,"higher at P21"
1.8559997545048e-09,-0.814829350050185,0.101,0.299,4.64538178555007e-05,"Auh","ITC Foxp2/Tshz1 (a)",-0.614102930408531,-0.672996916417029,TRUE,"higher at P21"
1.96978926234653e-09,-0.678542470867116,0.128,0.326,4.93018554472712e-05,"Synrg","ITC Foxp2/Tshz1 (a)",-0.677560095544031,-0.511075780564732,TRUE,"higher at P21"
2.00157163846857e-09,-0.685104213194352,0.141,0.364,5.00973365392299e-05,"Nmt1","ITC Foxp2/Tshz1 (a)",-0.494775794967035,-0.664754511335017,TRUE,"higher at P21"
2.00901808097263e-09,-0.932647913889501,0.083,0.265,5.0283713548664e-05,"Faah","ITC Foxp2/Tshz1 (a)",-1.18094002320983,-0.625010173486741,TRUE,"higher at P21"
2.05633371967704e-09,0.599337040070568,0.832,0.824,5.14679766697965e-05,"Fat3","ITC Foxp2/Tshz1 (a)",0.579206806764473,0.510477783537182,TRUE,"higher at P10"
2.10882269181765e-09,-0.84412913446879,0.078,0.256,5.2781723153504e-05,"Itga11","ITC Foxp2/Tshz1 (a)",-1.00764352041293,-0.666749649636755,TRUE,"higher at P21"
2.11043841330975e-09,-0.943841063584561,0.074,0.231,5.28221630467296e-05,"Capza1","ITC Foxp2/Tshz1 (a)",-0.677190645575853,-0.677884345364965,TRUE,"higher at P21"
2.14866237311775e-09,-0.525571126848586,0.257,0.541,5.37788705367641e-05,"Nr3c2","ITC Foxp2/Tshz1 (a)",-0.681265389812209,-0.493460139608933,TRUE,"higher at P21"
2.57133827922942e-09,-1.10651821701597,0.063,0.204,6.43580257908332e-05,"Zfp516","ITC Foxp2/Tshz1 (a)",-0.871257686781792,-0.67008173977845,TRUE,"higher at P21"
2.86699548322975e-09,-0.539377574055107,0.219,0.471,7.17580299497573e-05,"Epb41l3","ITC Foxp2/Tshz1 (a)",-0.561877506529259,-0.414881444553584,TRUE,"higher at P21"
3.26341928112587e-09,-0.824097522508795,0.116,0.346,8.16801211872995e-05,"Dhdds","ITC Foxp2/Tshz1 (a)",-0.88886216943682,-0.654108400671621,TRUE,"higher at P21"
3.30935444164103e-09,-0.877393813119473,0.072,0.219,8.28298323198334e-05,"Stx5a","ITC Foxp2/Tshz1 (a)",-0.695881029476078,-0.53137475614375,TRUE,"higher at P21"
3.31701866465077e-09,-0.724993689200501,0.132,0.342,8.30216601575442e-05,"Pced1b","ITC Foxp2/Tshz1 (a)",-0.488176512882168,-0.765491069019864,TRUE,"higher at P21"
3.38065078748769e-09,-0.713754458990455,0.083,0.224,8.46143085600293e-05,"Fermt2","ITC Foxp2/Tshz1 (a)",-0.680773341978193,-0.567086034056154,TRUE,"higher at P21"
3.58576922295221e-09,-1.30182401672629,0.065,0.233,8.97482178812709e-05,"Pdzd2","ITC Foxp2/Tshz1 (a)",-1.27034291514402,-0.824925336137444,TRUE,"higher at P21"
4.01487542049894e-09,-0.851906759584052,0.067,0.22,0.000100488316899668,"Kdm7a","ITC Foxp2/Tshz1 (a)",-0.904010588209554,-0.69576780332654,TRUE,"higher at P21"
4.42325344758227e-09,-1.16772877406557,0.067,0.228,0.000110709610539537,"Cfap54","ITC Foxp2/Tshz1 (a)",-0.888030525761007,-0.987293665039035,TRUE,"higher at P21"
5.02454284129148e-09,-0.566100760917943,0.168,0.364,0.000125759282774685,"Nhsl2","ITC Foxp2/Tshz1 (a)",-0.794481734945666,-0.484771595230625,TRUE,"higher at P21"
5.80013720444498e-09,-0.765360521995688,0.157,0.41,0.000145171634090053,"Snph","ITC Foxp2/Tshz1 (a)",-0.736843842132547,-0.769696070024805,TRUE,"higher at P21"
5.95917084872626e-09,-0.659862276606212,0.186,0.418,0.00014915208717277,"Hacd2","ITC Foxp2/Tshz1 (a)",-0.5868732267432,-0.441867921405466,TRUE,"higher at P21"
6.06625724792499e-09,-0.877095310665119,0.078,0.231,0.000151832352658315,"Anp32a","ITC Foxp2/Tshz1 (a)",-0.792561959635585,-0.581982938978204,TRUE,"higher at P21"
6.09686178170678e-09,-0.655780109419073,0.143,0.349,0.000152598353534339,"Wdr60","ITC Foxp2/Tshz1 (a)",-0.411057238764416,-0.63273449715884,TRUE,"higher at P21"
6.11524212104383e-09,0.891182516430221,0.691,0.62,0.000153058395047606,"Pcdh7","ITC Foxp2/Tshz1 (a)",1.08579965237912,0.768018826568247,TRUE,"higher at P10"
6.26227749690056e-09,-0.528079901808703,0.291,0.572,0.000156738543469924,"Osbpl9","ITC Foxp2/Tshz1 (a)",-0.506198305124281,-0.49858141025709,TRUE,"higher at P21"
6.36659108881235e-09,-0.77766015449886,0.116,0.292,0.000159349408361884,"Slc7a6os","ITC Foxp2/Tshz1 (a)",-0.595822545054864,-0.434137872808204,TRUE,"higher at P21"
6.68058050682547e-09,-0.642578892407255,0.199,0.457,0.000167208249505335,"Atp6v0b","ITC Foxp2/Tshz1 (a)",-0.468477090131353,-0.641701070168173,TRUE,"higher at P21"
6.93886762204246e-09,-0.795445468431269,0.168,0.387,0.000173672917712101,"Gm32036","ITC Foxp2/Tshz1 (a)",-0.820014881114825,-0.59785214762039,TRUE,"higher at P21"
6.9583123032389e-09,-0.978718825303656,0.085,0.253,0.000174159598637767,"Mdga1","ITC Foxp2/Tshz1 (a)",-1.0305402658673,-0.717995174823585,TRUE,"higher at P21"
7.42196760428336e-09,-1.27944354846954,0.056,0.204,0.000185764427167608,"Rbm24","ITC Foxp2/Tshz1 (a)",-0.969372982692883,-0.985463774294386,TRUE,"higher at P21"
7.65875152147461e-09,1.48360122066674,0.385,0.247,0.000191690891830988,"Fbxl7","ITC Foxp2/Tshz1 (a)",1.29236196527225,1.51008117724043,TRUE,"higher at P10"
7.90771695117374e-09,-0.802723761516718,0.085,0.26,0.000197922247570928,"Tacr1","ITC Foxp2/Tshz1 (a)",-0.856238947685198,-0.738994693204431,TRUE,"higher at P21"
9.37719833247495e-09,-0.640942048256962,0.089,0.233,0.000234701897063516,"Zfp933","ITC Foxp2/Tshz1 (a)",-0.497781232622045,-0.467980503272403,TRUE,"higher at P21"
9.76774861958125e-09,-0.695921064847762,0.092,0.267,0.000244476980199499,"Dixdc1","ITC Foxp2/Tshz1 (a)",-0.661019160650606,-0.607857454225475,TRUE,"higher at P21"
1.03392638290198e-08,-0.592533607875835,0.125,0.314,0.000258781434376537,"Ptpn1","ITC Foxp2/Tshz1 (a)",-0.576494388865508,-0.532513143835907,TRUE,"higher at P21"
1.11070454353697e-08,-0.722131964421939,0.105,0.287,0.000277998240201867,"Tmem164","ITC Foxp2/Tshz1 (a)",-0.923815277365056,-0.536161703761844,TRUE,"higher at P21"
1.13971915143064e-08,-0.602699312833939,0.201,0.439,0.000285260306411576,"Adgrb1","ITC Foxp2/Tshz1 (a)",-0.579329544696956,-0.438696663181603,TRUE,"higher at P21"
1.16848774928929e-08,-1.07481670773249,0.074,0.244,0.000292460798769615,"Chgb","ITC Foxp2/Tshz1 (a)",-0.703658114818512,-0.968213183173793,TRUE,"higher at P21"
1.2899881451997e-08,0.827589408184811,0.617,0.552,0.000322871132862034,"Trhde","ITC Foxp2/Tshz1 (a)",0.905666350071177,0.693949485721787,TRUE,"higher at P10"
1.3605958368592e-08,1.33453378500619,0.418,0.283,0.00034054353200749,"4930509J09Rik","ITC Foxp2/Tshz1 (a)",1.20587855474192,1.36375421734228,TRUE,"higher at P10"
1.37545518439797e-08,-0.811729641788516,0.112,0.278,0.000344262678102967,"Agpat4","ITC Foxp2/Tshz1 (a)",-0.482039358124258,-0.593555673148462,TRUE,"higher at P21"
1.39005667606862e-08,-0.797666035980197,0.087,0.251,0.000347917285453215,"Ccdc187","ITC Foxp2/Tshz1 (a)",-0.952319361699297,-0.567721009237426,TRUE,"higher at P21"
1.42171233826115e-08,0.722283023845673,0.774,0.742,0.000355840381143383,"Sema6d","ITC Foxp2/Tshz1 (a)",0.624437627069106,0.694934366418356,TRUE,"higher at P10"
1.51348733732628e-08,1.11205396195718,0.494,0.405,0.000378810745659394,"C2cd2","ITC Foxp2/Tshz1 (a)",1.15103406470448,0.964005843739959,TRUE,"higher at P10"
1.51436894194924e-08,-0.843378125702434,0.072,0.206,0.000379031402480475,"Zfp692","ITC Foxp2/Tshz1 (a)",-0.547235606083737,-0.629632377625787,TRUE,"higher at P21"
1.54406211195227e-08,-0.504114242142306,0.43,0.758,0.000386463306000533,"Snrnp70","ITC Foxp2/Tshz1 (a)",-0.59081876156806,-0.438973642411308,TRUE,"higher at P21"
1.78036004514308e-08,-0.9650937505437,0.065,0.204,0.000445606315698862,"Cenpp","ITC Foxp2/Tshz1 (a)",-0.644501868630339,-0.705821876409479,TRUE,"higher at P21"
1.83727780964395e-08,-0.962999580806027,0.081,0.229,0.000459852262975784,"Esco1","ITC Foxp2/Tshz1 (a)",-0.710745554759973,-0.766649813836062,TRUE,"higher at P21"
1.85750546746927e-08,-0.640037353506099,0.132,0.333,0.000464915043452883,"Mtcl1","ITC Foxp2/Tshz1 (a)",-0.696168958338251,-0.493851412789648,TRUE,"higher at P21"
1.85802623389463e-08,-0.686467980322913,0.098,0.265,0.000465045386081488,"Tm6sf1","ITC Foxp2/Tshz1 (a)",-0.580945592223867,-0.48370188893003,TRUE,"higher at P21"
1.93268868522971e-08,-0.781001332152316,0.107,0.294,0.000483732651026143,"Gm42722","ITC Foxp2/Tshz1 (a)",-0.693792855947173,-0.777400029543032,TRUE,"higher at P21"
1.97277208736367e-08,-0.640851860499082,0.418,0.711,0.000493765125746254,"Ube2e2","ITC Foxp2/Tshz1 (a)",-0.609200998313126,-0.582902514994507,TRUE,"higher at P21"
2.13490398655729e-08,-0.662634048605065,0.119,0.294,0.000534345118795424,"Fam193b","ITC Foxp2/Tshz1 (a)",-0.577996461125107,-0.491517641125719,TRUE,"higher at P21"
2.23300254546179e-08,0.89820239366234,0.508,0.487,0.000558898207103631,"Zfp608","ITC Foxp2/Tshz1 (a)",0.822416515891239,0.827977073193236,TRUE,"higher at P10"
2.2592395801043e-08,-0.614899989366109,0.092,0.253,0.000565465074504305,"Metap1d","ITC Foxp2/Tshz1 (a)",-0.549813228885058,-0.582086898662165,TRUE,"higher at P21"
2.26904944725238e-08,-0.79111750882395,0.32,0.582,0.000567920386152799,"A330015K06Rik","ITC Foxp2/Tshz1 (a)",-0.690996546644124,-0.818166048183765,TRUE,"higher at P21"
2.41809525510559e-08,-0.661114146890552,0.134,0.33,0.000605225061400379,"Pcp4","ITC Foxp2/Tshz1 (a)",-0.848702752352392,-0.591783493949154,TRUE,"higher at P21"
2.55276445432479e-08,-0.569712101013347,0.271,0.545,0.000638931415272953,"Garem1","ITC Foxp2/Tshz1 (a)",-0.573349224113317,-0.459127111601359,TRUE,"higher at P21"
2.61840659598271e-08,-0.720593301396925,0.078,0.235,0.000655360986908513,"Icam5","ITC Foxp2/Tshz1 (a)",-0.697512026368553,-0.521379133558806,TRUE,"higher at P21"
2.9117779333041e-08,-0.615408536638132,0.128,0.319,0.000728788898926682,"Coro2b","ITC Foxp2/Tshz1 (a)",-0.646490762171496,-0.427313917119214,TRUE,"higher at P21"
2.92624816225661e-08,-0.842791950704972,0.11,0.294,0.000732410652531206,"Mbp","ITC Foxp2/Tshz1 (a)",-0.796817508980104,-0.694823265661625,TRUE,"higher at P21"
3.08515098843908e-08,-0.641038853915214,0.128,0.301,0.000772182440896417,"Plcxd3","ITC Foxp2/Tshz1 (a)",-0.647229804807229,-0.599414439350508,TRUE,"higher at P21"
3.16231911685e-08,-0.702639808399117,0.092,0.24,0.000791496851756387,"Ypel2","ITC Foxp2/Tshz1 (a)",-0.546231932304569,-0.541934092776299,TRUE,"higher at P21"
3.16737968501181e-08,-1.08636137735851,0.058,0.217,0.000792763461361607,"Pcgf5","ITC Foxp2/Tshz1 (a)",-0.852763124224532,-1.05535970809052,TRUE,"higher at P21"
3.30592403224807e-08,-0.655930819132755,0.134,0.323,0.000827439726031368,"Mgat5","ITC Foxp2/Tshz1 (a)",-0.533481484988252,-0.517550707209438,TRUE,"higher at P21"
3.32980100482144e-08,-0.916835371799939,0.063,0.208,0.000833415893496759,"Itm2b","ITC Foxp2/Tshz1 (a)",-0.64186438017906,-0.749348337904262,TRUE,"higher at P21"
3.67701918427434e-08,-0.988145177412,0.074,0.258,0.000920321131632025,"Dnaja2","ITC Foxp2/Tshz1 (a)",-0.885911828629851,-0.801612832039921,TRUE,"higher at P21"
3.68822198668501e-08,-0.82356436144673,0.107,0.276,0.000923125081047391,"1700110K17Rik","ITC Foxp2/Tshz1 (a)",-0.868634883429421,-0.470900615794033,TRUE,"higher at P21"
4.15886875930229e-08,-0.595096238403932,0.112,0.276,0.00104092326176577,"Man2a1","ITC Foxp2/Tshz1 (a)",-0.791707676378669,-0.400595729255498,TRUE,"higher at P21"
4.25160050326801e-08,1.52519299650133,0.358,0.249,0.00106413308996295,"Srgap1","ITC Foxp2/Tshz1 (a)",1.34899608171687,1.3830514376424,TRUE,"higher at P10"
4.75561081468025e-08,-0.681759118605033,0.121,0.308,0.00119028183080632,"Atp2b3","ITC Foxp2/Tshz1 (a)",-0.684289208773961,-0.492935500683162,TRUE,"higher at P21"
5.31319565989677e-08,-0.664911357980528,0.119,0.315,0.00132983974171556,"Ate1","ITC Foxp2/Tshz1 (a)",-0.51919829602216,-0.485898958461538,TRUE,"higher at P21"
5.42595956514654e-08,2.08500329924076,0.23,0.109,0.00135806341956053,"Tuba1a","ITC Foxp2/Tshz1 (a)",1.89853815651821,1.84022728826035,TRUE,"higher at P10"
5.46745672026761e-08,-0.733920898222042,0.128,0.328,0.00136844974251578,"Gm27151","ITC Foxp2/Tshz1 (a)",-0.572113144454742,-0.640776232593684,TRUE,"higher at P21"
5.78234764578743e-08,-0.703132117727758,0.166,0.392,0.00144726379226414,"Map3k3","ITC Foxp2/Tshz1 (a)",-0.709553284642269,-0.648225655318757,TRUE,"higher at P21"
6.12645156821575e-08,-0.873723458351236,0.083,0.226,0.00153338956300872,"Teddm2","ITC Foxp2/Tshz1 (a)",-0.415397324429808,-0.765597183344217,TRUE,"higher at P21"
6.21856915291399e-08,-0.918476835884036,0.087,0.262,0.00155644567328284,"Glt8d1","ITC Foxp2/Tshz1 (a)",-0.622634655628327,-0.730911053458342,TRUE,"higher at P21"
6.27967313628879e-08,-0.66545767842046,0.078,0.219,0.00157173938928172,"Dpy19l4","ITC Foxp2/Tshz1 (a)",-0.483999508671023,-0.612591063644355,TRUE,"higher at P21"
6.43965802863346e-08,-0.808220107211921,0.105,0.281,0.00161178200798667,"Txlng","ITC Foxp2/Tshz1 (a)",-0.793312316465815,-0.642459915072485,TRUE,"higher at P21"
6.64479269875827e-08,-0.60995307429738,0.289,0.552,0.00166312516457221,"Reps2","ITC Foxp2/Tshz1 (a)",-0.480241882424822,-0.527394795310755,TRUE,"higher at P21"
6.81568044245653e-08,-0.507037439121421,0.166,0.376,0.00170589665794245,"Sh3bp5","ITC Foxp2/Tshz1 (a)",-0.50879201473757,-0.442968913380593,TRUE,"higher at P21"
6.95840043744947e-08,-0.676086809164379,0.112,0.296,0.00174161804548923,"Casc3","ITC Foxp2/Tshz1 (a)",-0.452196708387194,-0.648753459806794,TRUE,"higher at P21"
7.00349344509529e-08,-0.697854223976454,0.085,0.251,0.0017529043743729,"2610507B11Rik","ITC Foxp2/Tshz1 (a)",-0.522661513454351,-0.527243470624147,TRUE,"higher at P21"
7.32517538743428e-08,-0.632352835659742,0.148,0.351,0.00183341814772093,"Sptbn2","ITC Foxp2/Tshz1 (a)",-0.478692699487962,-0.496677697549964,TRUE,"higher at P21"
7.50775357645067e-08,-0.724057262626922,0.116,0.299,0.00187911564264984,"Rsf1os2","ITC Foxp2/Tshz1 (a)",-0.507647190868317,-0.624370565525527,TRUE,"higher at P21"
7.77257391268576e-08,-0.54080934478162,0.078,0.203,0.00194539752460612,"Fam163b","ITC Foxp2/Tshz1 (a)",-0.512534396035646,-0.455349611671747,TRUE,"higher at P21"
8.18639291048811e-08,-1.13188628689723,0.06,0.204,0.00204897228156607,"B430010I23Rik","ITC Foxp2/Tshz1 (a)",-0.710500257241171,-1.06602181287641,TRUE,"higher at P21"
8.67581687911285e-08,-0.644668517091182,0.154,0.389,0.00217147020667315,"Rab6b","ITC Foxp2/Tshz1 (a)",-0.875849427825344,-0.520753281803896,TRUE,"higher at P21"
9.0213482953345e-08,-0.567290713400469,0.183,0.409,0.00225795326483927,"Mir9-3hg","ITC Foxp2/Tshz1 (a)",-0.622649208951371,-0.473055864597963,TRUE,"higher at P21"
9.08783826666372e-08,-0.889453416603783,0.078,0.229,0.00227459503976326,"Spata13","ITC Foxp2/Tshz1 (a)",-0.663838167161488,-0.682332420453647,TRUE,"higher at P21"
1.02914033337299e-07,-0.659826084228798,0.074,0.204,0.00257583534039925,"Cacng7","ITC Foxp2/Tshz1 (a)",-0.574414127173902,-0.566028597267208,TRUE,"higher at P21"
1.06081322676612e-07,-0.604755833427789,0.105,0.265,0.00265510942527293,"Retreg1","ITC Foxp2/Tshz1 (a)",-0.528109163979088,-0.546666173014347,TRUE,"higher at P21"
1.06537306971694e-07,-0.637309726334084,0.157,0.337,0.00266652225619453,"Gkap1","ITC Foxp2/Tshz1 (a)",-0.75359303797218,-0.42220217950514,TRUE,"higher at P21"
1.20881959554136e-07,0.82060199435243,0.691,0.688,0.00302555456568048,"Khdrbs2","ITC Foxp2/Tshz1 (a)",0.835090787637567,0.777168906942052,TRUE,"higher at P10"
1.22767108114017e-07,-1.05538648306551,0.072,0.231,0.00307273794898572,"Gm17231","ITC Foxp2/Tshz1 (a)",-0.838990960513512,-0.823681643887448,TRUE,"higher at P21"
1.27941186608922e-07,-0.745813557577725,0.123,0.29,0.00320223995963471,"Gm16189","ITC Foxp2/Tshz1 (a)",-0.545266254540564,-0.643210871716442,TRUE,"higher at P21"
1.30630807420211e-07,-0.840214585168713,0.083,0.247,0.00326955847892045,"Car11","ITC Foxp2/Tshz1 (a)",-0.539375817669919,-0.763101306439516,TRUE,"higher at P21"
1.30943289786704e-07,-0.678737961524459,0.092,0.242,0.00327737960007142,"1810034E14Rik","ITC Foxp2/Tshz1 (a)",-0.595345268458935,-0.496390572533042,TRUE,"higher at P21"
1.39889514530113e-07,-0.818444967030916,0.074,0.217,0.00350129465917421,"Azin2","ITC Foxp2/Tshz1 (a)",-0.453599518363581,-0.64386267011646,TRUE,"higher at P21"
1.42188855846872e-07,0.736784264156831,0.696,0.697,0.00355884487299135,"Ext1","ITC Foxp2/Tshz1 (a)",0.635153353415952,0.669441108823747,TRUE,"higher at P10"
1.56383332546273e-07,-0.542571294586641,0.159,0.357,0.00391411843030067,"Ammecr1","ITC Foxp2/Tshz1 (a)",-0.685214359335069,-0.431491196684477,TRUE,"higher at P21"
1.62615830316534e-07,-0.508184979876308,0.188,0.423,0.00407011161699253,"Gmcl1","ITC Foxp2/Tshz1 (a)",-0.432483171914568,-0.548018236106742,TRUE,"higher at P21"
1.68936384653545e-07,-0.556694567457173,0.195,0.412,0.00422830877149359,"Nvl","ITC Foxp2/Tshz1 (a)",-0.56330215505227,-0.465450710284044,TRUE,"higher at P21"
1.77246090483719e-07,-0.546532136535035,0.293,0.505,0.004436292398717,"Tmem132d","ITC Foxp2/Tshz1 (a)",-0.477387786615136,-0.45052507556156,TRUE,"higher at P21"
1.79175492042185e-07,-0.613627456867229,0.163,0.389,0.00448458339032386,"Grb2","ITC Foxp2/Tshz1 (a)",-0.745404847298068,-0.620947623371487,TRUE,"higher at P21"
1.98320246156933e-07,-0.734108402395081,0.092,0.238,0.00496375744106188,"Wfs1","ITC Foxp2/Tshz1 (a)",-0.566748403701762,-0.554395186054855,TRUE,"higher at P21"
2.16513009466071e-07,-0.60430000899864,0.087,0.229,0.00541910411392629,"Ctnnal1","ITC Foxp2/Tshz1 (a)",-0.452708275264895,-0.474426565612555,TRUE,"higher at P21"
2.20873556279124e-07,-0.721948497775964,0.098,0.256,0.0055282442401102,"Abl1","ITC Foxp2/Tshz1 (a)",-0.54289557999057,-0.619892930330764,TRUE,"higher at P21"
2.32853147247463e-07,-0.635359647901201,0.123,0.292,0.00582808142245674,"Rnf165","ITC Foxp2/Tshz1 (a)",-0.770533586882135,-0.473136013684864,TRUE,"higher at P21"
2.54167124544977e-07,-0.780450316602315,0.087,0.235,0.00636154896023623,"Mfap3l","ITC Foxp2/Tshz1 (a)",-0.55366748454861,-0.781448410844135,TRUE,"higher at P21"
2.56159229778774e-07,-0.702409113273012,0.065,0.208,0.00641140936213293,"Cystm1","ITC Foxp2/Tshz1 (a)",-0.74182749093176,-0.7806444412367,TRUE,"higher at P21"
2.9632691271551e-07,-0.503144861938653,0.199,0.427,0.0074167662983565,"Cacng8","ITC Foxp2/Tshz1 (a)",-0.46885015791211,-0.554997903723806,TRUE,"higher at P21"
3.08841740767779e-07,-0.607869108055131,0.085,0.224,0.00772999992967673,"E330009J07Rik","ITC Foxp2/Tshz1 (a)",-0.634475979859648,-0.444814466045331,TRUE,"higher at P21"
3.45992511277628e-07,-0.672311195477512,0.085,0.228,0.00865984656476775,"Atg10","ITC Foxp2/Tshz1 (a)",-0.417812612179746,-0.729985669331044,TRUE,"higher at P21"
3.51039919218594e-07,-0.557704638997345,0.076,0.229,0.00878617813812219,"Gm15496","ITC Foxp2/Tshz1 (a)",-0.560349427590943,-0.495653035156152,TRUE,"higher at P21"
3.68052831508708e-07,-0.528191764511607,0.183,0.369,0.00921199431983145,"Gng7","ITC Foxp2/Tshz1 (a)",-0.496426458570575,-0.582574204382271,TRUE,"higher at P21"
2.08828917927294e-36,-1.42879779404489,0.721,0.975,5.22677898680225e-32,"Grin2a","ITC Foxp2/Kcnh5 (b)",-1.34767385987682,-1.45633387413319,TRUE,"higher at P21"
3.27637176785143e-35,-0.701258900678255,1,1,8.20043089775535e-31,"Malat1","ITC Foxp2/Kcnh5 (b)",-0.492286693970392,-0.758443019246205,TRUE,"higher at P21"
6.41513215750299e-34,-2.65424390474809,0.113,0.714,1.60564342770142e-29,"Ano3","ITC Foxp2/Kcnh5 (b)",-2.17713450188009,-2.65737810505185,TRUE,"higher at P21"
1.00743925541238e-31,-2.01014452924971,0.279,0.857,2.52151971237165e-27,"Lncpint","ITC Foxp2/Kcnh5 (b)",-2.01907938085487,-2.09259440364216,TRUE,"higher at P21"
4.39302553971038e-30,0.567128908570862,1,0.996,1.09953036233411e-25,"Nrxn3","ITC Foxp2/Kcnh5 (b)",0.515938820838434,0.504936702971705,TRUE,"higher at P10"
1.49606921770798e-28,-1.79853482279843,0.369,0.857,3.74451164500131e-24,"Chst9","ITC Foxp2/Kcnh5 (b)",-1.50136090210355,-1.82316893169053,TRUE,"higher at P21"
3.39601644202423e-28,-2.54017268282965,0.117,0.643,8.49988955274244e-24,"Gria3","ITC Foxp2/Kcnh5 (b)",-2.30408753255132,-2.44222589251033,TRUE,"higher at P21"
3.80642057111376e-28,-1.8081637077736,0.342,0.857,9.52709004744062e-24,"Gpr158","ITC Foxp2/Kcnh5 (b)",-1.43306505912475,-1.81459205779862,TRUE,"higher at P21"
2.61151843558667e-25,0.893058417945185,0.959,0.966,6.53636949242988e-21,"Gm26871","ITC Foxp2/Kcnh5 (b)",0.672671782946933,0.99094590628329,TRUE,"higher at P10"
1.14297034827241e-24,0.816436804348688,1,0.979,2.86074048469101e-20,"Cadm2","ITC Foxp2/Kcnh5 (b)",0.80234274609887,0.82243518086648,TRUE,"higher at P10"
1.20827828474789e-24,-2.10676751521008,0.077,0.567,3.0241997188955e-20,"Rai14","ITC Foxp2/Kcnh5 (b)",-1.75809503437792,-2.01421327377045,TRUE,"higher at P21"
1.069644020746e-23,-1.63293472413279,0.27,0.807,2.67721201952516e-19,"Otof","ITC Foxp2/Kcnh5 (b)",-1.32965855856214,-1.39049019539857,TRUE,"higher at P21"
1.20465487591737e-23,1.2967781817053,0.896,0.803,3.01513068893358e-19,"Xkr4","ITC Foxp2/Kcnh5 (b)",1.25739433470287,1.11698447622767,TRUE,"higher at P10"
1.33166247805174e-23,-1.19447083821821,0.635,0.95,3.33301801631569e-19,"Pde4b","ITC Foxp2/Kcnh5 (b)",-0.800674868709439,-1.29425509960469,TRUE,"higher at P21"
4.75736103835607e-23,-0.635669707609466,0.964,1,1.19071989429014e-18,"Snhg11","ITC Foxp2/Kcnh5 (b)",-0.591138834700684,-0.582520216808861,TRUE,"higher at P21"
4.74669273669693e-22,-0.60406224282225,0.986,0.996,1.18804972506788e-17,"Rbfox1","ITC Foxp2/Kcnh5 (b)",-0.569517592918682,-0.656684334122767,TRUE,"higher at P21"
6.76493184987996e-22,-2.80891517740916,0.036,0.437,1.69319479270646e-17,"Rhbdl3","ITC Foxp2/Kcnh5 (b)",-2.65736484421804,-2.44042092753224,TRUE,"higher at P21"
8.1455753590934e-22,-2.769050396457,0.054,0.466,2.03875605662749e-17,"Smad3","ITC Foxp2/Kcnh5 (b)",-2.54766719616629,-2.26301840071374,TRUE,"higher at P21"
7.65409063300835e-21,-1.27940005093347,0.495,0.882,1.91574234453566e-16,"Dgkb","ITC Foxp2/Kcnh5 (b)",-1.04929557977039,-1.32874451284316,TRUE,"higher at P21"
9.14299075497967e-21,-0.972931649088939,0.797,0.971,2.28839915606386e-16,"Phactr1","ITC Foxp2/Kcnh5 (b)",-0.887844727129481,-1.0649780926478,TRUE,"higher at P21"
5.87545710381763e-20,-1.74780219126801,0.288,0.731,1.47056815851451e-15,"Rgs6","ITC Foxp2/Kcnh5 (b)",-1.48158839478763,-1.57985018971301,TRUE,"higher at P21"
8.10867028660887e-20,0.579206334380159,0.991,0.992,2.02951908603533e-15,"Meis2","ITC Foxp2/Kcnh5 (b)",0.507134510166492,0.539954743432979,TRUE,"higher at P10"
3.81939676111615e-19,-1.94909841579088,0.167,0.597,9.55956815339761e-15,"Col23a1","ITC Foxp2/Kcnh5 (b)",-1.91920160122922,-1.69706059638675,TRUE,"higher at P21"
5.82067459013466e-19,-1.05990292550766,0.459,0.882,1.4568566431648e-14,"Atp2b2","ITC Foxp2/Kcnh5 (b)",-0.873010939457622,-0.93750307579208,TRUE,"higher at P21"
1.89705218189941e-18,-0.916026329638868,0.635,0.954,4.74813190607603e-14,"Htr1f","ITC Foxp2/Kcnh5 (b)",-0.695398466725318,-0.945376014837865,TRUE,"higher at P21"
7.99095301650795e-18,0.730654466326754,0.977,0.979,2.00005563050178e-13,"Kirrel3","ITC Foxp2/Kcnh5 (b)",0.692480051495189,0.738080993661641,TRUE,"higher at P10"
9.32936708274488e-18,-1.37778330797248,0.153,0.601,2.33504728714022e-13,"Upp2","ITC Foxp2/Kcnh5 (b)",-1.18639644260071,-1.36718606445603,TRUE,"higher at P21"
1.43797029030812e-17,-1.19963391230787,0.532,0.861,3.59909583961221e-13,"Plekha5","ITC Foxp2/Kcnh5 (b)",-1.04839424707019,-1.14436179110279,TRUE,"higher at P21"
2.42284719695525e-17,0.83094626139495,0.964,0.958,6.0641442492593e-13,"Foxp2","ITC Foxp2/Kcnh5 (b)",0.809638837143269,0.750753954251005,TRUE,"higher at P10"
2.51488175641479e-17,-1.69338143306034,0.095,0.487,6.29449754813059e-13,"Ptk2b","ITC Foxp2/Kcnh5 (b)",-1.51286726601017,-1.54687129217583,TRUE,"higher at P21"
2.74123854508142e-17,-1.38636607354634,0.167,0.601,6.86104595448429e-13,"Tmem132b","ITC Foxp2/Kcnh5 (b)",-1.50210542192169,-1.16735539358824,TRUE,"higher at P21"
4.73281590677656e-17,-1.28817599055643,0.279,0.735,1.18457649330711e-12,"Rora","ITC Foxp2/Kcnh5 (b)",-1.1321062626533,-1.33423967888271,TRUE,"higher at P21"
6.86548206381337e-17,-0.990835391814576,0.563,0.912,1.71836150575185e-12,"Cnksr2","ITC Foxp2/Kcnh5 (b)",-0.808270516907012,-1.01402128478796,TRUE,"higher at P21"
1.42294613131605e-16,-0.943880021126693,0.275,0.769,3.56149187207095e-12,"Kcnj6","ITC Foxp2/Kcnh5 (b)",-0.948869555965196,-0.88092791566316,TRUE,"higher at P21"
6.65743637082403e-16,-1.44631657532159,0.248,0.672,1.66628974925355e-11,"Pcsk2","ITC Foxp2/Kcnh5 (b)",-1.12694014927457,-1.46108122625831,TRUE,"higher at P21"
1.81797193519933e-15,-0.991987713715145,0.482,0.866,4.55020195661041e-11,"Camk2a","ITC Foxp2/Kcnh5 (b)",-1.1007469624286,-0.923010624497382,TRUE,"higher at P21"
4.78740192039903e-15,1.35973632197148,0.802,0.714,1.19823882665667e-10,"Galntl6","ITC Foxp2/Kcnh5 (b)",0.909916285363574,1.24270069850655,TRUE,"higher at P10"
4.95036126568047e-15,-1.47518072418806,0.162,0.563,1.23902592118716e-10,"Cmss1","ITC Foxp2/Kcnh5 (b)",-1.52113876916586,-0.851750113085679,TRUE,"higher at P21"
7.49895975634664e-15,-0.863964010181866,0.527,0.891,1.876914637416e-10,"Rasgrf1","ITC Foxp2/Kcnh5 (b)",-0.996064359023716,-0.715829008698841,TRUE,"higher at P21"
7.58126837910849e-15,-1.380367998113,0.149,0.538,1.89751566260706e-10,"2210408F21Rik","ITC Foxp2/Kcnh5 (b)",-1.26956453574485,-1.38542344640821,TRUE,"higher at P21"
8.9681977120226e-15,-2.02598101232465,0.081,0.416,2.24465020534214e-10,"Lrrk2","ITC Foxp2/Kcnh5 (b)",-1.859259931426,-1.91966225140237,TRUE,"higher at P21"
1.04727371951477e-14,0.834526266352349,0.941,0.954,2.62122139257352e-10,"Nrxn1","ITC Foxp2/Kcnh5 (b)",0.808912229062038,0.87512955812539,TRUE,"higher at P10"
1.307190010935e-14,0.6234955644278,0.982,0.987,3.27176587836922e-10,"Lingo2","ITC Foxp2/Kcnh5 (b)",0.588906078219012,0.563214703503363,TRUE,"higher at P10"
3.7759722132309e-14,-1.46293132977102,0.108,0.458,9.45088085249562e-10,"Runx2","ITC Foxp2/Kcnh5 (b)",-1.27290955238115,-1.43801622861663,TRUE,"higher at P21"
4.04102389421027e-14,-1.34690614269428,0.207,0.618,1.01142787048189e-09,"Pde2a","ITC Foxp2/Kcnh5 (b)",-1.31187471563374,-1.04150746500256,TRUE,"higher at P21"
5.41217672105028e-14,0.912088191823061,0.892,0.912,1.35461371151168e-09,"Cntnap2","ITC Foxp2/Kcnh5 (b)",0.93663585663583,0.835404256396531,TRUE,"higher at P10"
8.09196119102793e-14,-1.33568116996413,0.126,0.492,2.02533696650238e-09,"Lzts1","ITC Foxp2/Kcnh5 (b)",-1.26326483165248,-1.08853072042833,TRUE,"higher at P21"
1.00368956270104e-13,-3.75194008202208,0.014,0.256,2.51213460648443e-09,"Tmod1","ITC Foxp2/Kcnh5 (b)",-2.34408947741004,-2.50166786665772,TRUE,"higher at P21"
1.32719074764283e-13,-0.828198695292412,0.811,0.962,3.32182572227523e-09,"Dpp10","ITC Foxp2/Kcnh5 (b)",-0.613767623643435,-0.930667452839969,TRUE,"higher at P21"
1.90666786189336e-13,-2.40201558924031,0.036,0.307,4.77219899153289e-09,"Gm47523","ITC Foxp2/Kcnh5 (b)",-1.75224284487879,-1.79215402035361,TRUE,"higher at P21"
2.36435048335275e-13,-1.05809922414622,0.302,0.702,5.91773282478359e-09,"Hcn1","ITC Foxp2/Kcnh5 (b)",-0.733425907506545,-1.00406036035852,TRUE,"higher at P21"
3.15373295647322e-13,-3.21921210532879,0.018,0.261,7.89347821675681e-09,"Man1c1","ITC Foxp2/Kcnh5 (b)",-2.17228515467325,-2.24597845959935,TRUE,"higher at P21"
4.66027205262494e-13,1.14152616278093,0.766,0.685,1.1664194920515e-08,"Gpc6","ITC Foxp2/Kcnh5 (b)",1.33268369966444,1.06813515570397,TRUE,"higher at P10"
8.25916297623846e-13,-1.82529935141037,0.099,0.412,2.06718590132272e-08,"4933413L06Rik","ITC Foxp2/Kcnh5 (b)",-1.12075716294246,-1.65198425449302,TRUE,"higher at P21"
9.41093017717488e-13,-2.41373782733337,0.059,0.332,2.3554617140451e-08,"4930428E07Rik","ITC Foxp2/Kcnh5 (b)",-1.70685342690043,-1.93610844381958,TRUE,"higher at P21"
1.1025438533179e-12,-0.887867249895334,0.441,0.807,2.75955701046937e-08,"Sorcs2","ITC Foxp2/Kcnh5 (b)",-0.909392493599211,-0.858857350551895,TRUE,"higher at P21"
1.19876669010885e-12,-0.937792682638587,0.541,0.861,3.00039314867345e-08,"A330015K06Rik","ITC Foxp2/Kcnh5 (b)",-0.541649198607099,-0.869605392661359,TRUE,"higher at P21"
1.57474933475145e-12,-0.848442627479687,0.505,0.874,3.94144010994941e-08,"Syne1","ITC Foxp2/Kcnh5 (b)",-0.716765522944129,-0.797326360690323,TRUE,"higher at P21"
2.41822516118442e-12,-1.42266695177432,0.09,0.399,6.05257575592848e-08,"Gm15810","ITC Foxp2/Kcnh5 (b)",-1.05452961045971,-1.39762910497855,TRUE,"higher at P21"
2.74035245317384e-12,-1.07024357181218,0.203,0.588,6.8588281550488e-08,"Galnt16","ITC Foxp2/Kcnh5 (b)",-0.890245038907159,-0.846478491391234,TRUE,"higher at P21"
3.07233676864171e-12,1.26061938653381,0.716,0.584,7.68975169823333e-08,"Nkain3","ITC Foxp2/Kcnh5 (b)",1.3072143046778,1.23878706049666,TRUE,"higher at P10"
5.39864435273652e-12,-1.24596261157881,0.167,0.513,1.35122669504642e-07,"Ak5","ITC Foxp2/Kcnh5 (b)",-0.552197763893468,-1.38607043890829,TRUE,"higher at P21"
6.91938022607879e-12,-1.11729604150436,0.234,0.618,1.73185167678526e-07,"Cap2","ITC Foxp2/Kcnh5 (b)",-1.16255980856579,-1.02505084542134,TRUE,"higher at P21"
9.19459131715932e-12,-1.69465430352324,0.09,0.378,2.30131426077181e-07,"Sh3pxd2a","ITC Foxp2/Kcnh5 (b)",-1.43254621673018,-1.22310332894855,TRUE,"higher at P21"
1.0431483560202e-11,-2.58980951530488,0.041,0.282,2.61089602028295e-07,"Ypel2","ITC Foxp2/Kcnh5 (b)",-1.56692520994759,-1.73190067338326,TRUE,"higher at P21"
1.19529510255104e-11,-1.89128564187151,0.072,0.34,2.991704112175e-07,"Gm41414","ITC Foxp2/Kcnh5 (b)",-1.43678049291951,-1.81189686323457,TRUE,"higher at P21"
1.41767234869083e-11,-1.05210047643794,0.167,0.534,3.54829212153828e-07,"Pdcd4","ITC Foxp2/Kcnh5 (b)",-1.17182939843932,-0.883549219663441,TRUE,"higher at P21"
1.72451843317182e-11,-1.12230378543705,0.23,0.592,4.31629718638574e-07,"Atp2b4","ITC Foxp2/Kcnh5 (b)",-1.19589776825349,-0.831797023722517,TRUE,"higher at P21"
1.83686536723731e-11,0.864411645991289,0.887,0.899,4.59749032765825e-07,"Cntn5","ITC Foxp2/Kcnh5 (b)",0.755174725228212,1.00469450325363,TRUE,"higher at P10"
1.92932117116552e-11,-0.743876418232208,0.707,0.954,4.82889795931018e-07,"Cpne4","ITC Foxp2/Kcnh5 (b)",-0.951712686328441,-0.701158076720781,TRUE,"higher at P21"
2.47407845801299e-11,-1.04719872168759,0.23,0.605,6.19237097256072e-07,"Ftx","ITC Foxp2/Kcnh5 (b)",-1.24038026433913,-0.741080466465981,TRUE,"higher at P21"
2.76957615482108e-11,1.06451920560682,0.748,0.71,6.93197215790169e-07,"Gabrb1","ITC Foxp2/Kcnh5 (b)",0.936179795146465,1.12521384313811,TRUE,"higher at P10"
3.24419311646629e-11,-0.978211798593974,0.356,0.735,8.11989095120348e-07,"Me3","ITC Foxp2/Kcnh5 (b)",-0.883405552344377,-1.00406036035852,TRUE,"higher at P21"
5.56844081064941e-11,-1.02107372514205,0.189,0.542,1.39372505049744e-06,"2010300C02Rik","ITC Foxp2/Kcnh5 (b)",-0.862343621142287,-0.989784332863551,TRUE,"higher at P21"
6.32835784629586e-11,1.79326922654976,0.568,0.353,1.58392468534939e-06,"March1","ITC Foxp2/Kcnh5 (b)",1.68944422348332,1.81310254268873,TRUE,"higher at P10"
6.39194950542276e-11,-1.6586544135781,0.081,0.353,1.59984104171226e-06,"Flrt1","ITC Foxp2/Kcnh5 (b)",-1.73605816845605,-1.26759883055411,TRUE,"higher at P21"
7.46163984836469e-11,-1.12586501120423,0.203,0.546,1.8675738376472e-06,"Lrtm1","ITC Foxp2/Kcnh5 (b)",-0.715610430490301,-0.973079069184237,TRUE,"higher at P21"
9.15119959988599e-11,-1.09877184996699,0.167,0.5,2.29045374785546e-06,"Vps13a","ITC Foxp2/Kcnh5 (b)",-0.894028421510926,-0.915595543860149,TRUE,"higher at P21"
1.59670590951492e-10,0.720675345307845,0.901,0.891,3.9963952209249e-06,"Ccser1","ITC Foxp2/Kcnh5 (b)",0.615204206111816,0.644305610870909,TRUE,"higher at P10"
1.70579416434245e-10,-0.94173949494371,0.234,0.597,4.26943221393272e-06,"Macrod1","ITC Foxp2/Kcnh5 (b)",-1.07168078848007,-0.550896381265024,TRUE,"higher at P21"
1.76039829183398e-10,-0.84868567295814,0.324,0.714,4.40610088463128e-06,"Gm44151","ITC Foxp2/Kcnh5 (b)",-0.911767510187762,-0.710405632477135,TRUE,"higher at P21"
1.94325831597417e-10,-1.01037478683687,0.266,0.63,4.86378123905174e-06,"Gse1","ITC Foxp2/Kcnh5 (b)",-0.975378403213298,-0.83993566692515,TRUE,"higher at P21"
2.34440995710732e-10,-1.48141442847056,0.077,0.336,5.86782368164392e-06,"Pdzd2","ITC Foxp2/Kcnh5 (b)",-1.19508474344887,-1.47835476950132,TRUE,"higher at P21"
2.56305581924582e-10,0.528524295303435,0.964,0.979,6.41507240999037e-06,"Celf4","ITC Foxp2/Kcnh5 (b)",0.528972548664195,0.43172916104904,TRUE,"higher at P10"
3.06333962608444e-10,-2.10378581157481,0.059,0.294,7.66723275012675e-06,"mt-Atp6","ITC Foxp2/Kcnh5 (b)",-2.38223431555008,-1.45725514597747,TRUE,"higher at P21"
3.22927083537016e-10,-0.787356655672577,0.383,0.79,8.08254197384798e-06,"Cpne5","ITC Foxp2/Kcnh5 (b)",-0.821846721723135,-0.611233151906401,TRUE,"higher at P21"
3.37482490068219e-10,-0.879551592243296,0.189,0.542,8.44684924391745e-06,"Upf2","ITC Foxp2/Kcnh5 (b)",-0.570675264854433,-0.796134319462683,TRUE,"higher at P21"
3.38661331339637e-10,-2.27417691738124,0.027,0.231,8.47635446209976e-06,"Kcnh3","ITC Foxp2/Kcnh5 (b)",-1.55937986907255,-1.74090129204546,TRUE,"higher at P21"
3.55728345091181e-10,0.547222632721609,0.973,0.958,8.90352474928716e-06,"Unc5d","ITC Foxp2/Kcnh5 (b)",0.59675375449324,0.450150342006155,TRUE,"higher at P10"
3.84834698956963e-10,-1.05686444591577,0.18,0.508,9.63202768019384e-06,"Osbpl10","ITC Foxp2/Kcnh5 (b)",-1.17266554153793,-0.803327696768793,TRUE,"higher at P21"
4.79883592150597e-10,-1.41556806239504,0.081,0.336,1.20110064279373e-05,"Itpk1","ITC Foxp2/Kcnh5 (b)",-1.1092440514608,-0.988143982473452,TRUE,"higher at P21"
5.1689649604516e-10,-1.26045252805776,0.158,0.445,1.29374023995143e-05,"Gm11844","ITC Foxp2/Kcnh5 (b)",-0.682842071919357,-1.23453909825933,TRUE,"higher at P21"
5.47757056806161e-10,-0.91243435772291,0.162,0.492,1.37098113748014e-05,"A330023F24Rik","ITC Foxp2/Kcnh5 (b)",-0.5455874283189,-0.87986403822293,TRUE,"higher at P21"
5.56618800081188e-10,-0.87771989545781,0.257,0.613,1.3931611947232e-05,"Unc13c","ITC Foxp2/Kcnh5 (b)",-0.452436069903051,-0.781105770322628,TRUE,"higher at P21"
6.01410718853843e-10,-1.35418352753502,0.108,0.382,1.50527088821928e-05,"Pgbd5","ITC Foxp2/Kcnh5 (b)",-1.14372898266002,-0.995578822628692,TRUE,"higher at P21"
6.34940164100788e-10,-1.17599333727231,0.122,0.412,1.58919173672786e-05,"Pkig","ITC Foxp2/Kcnh5 (b)",-1.41936815175506,-1.04040477894521,TRUE,"higher at P21"
6.80026767458155e-10,-1.24010298531096,0.104,0.374,1.70203899627102e-05,"Tacc1","ITC Foxp2/Kcnh5 (b)",-1.43412249800981,-0.862608216249535,TRUE,"higher at P21"
7.83405488091236e-10,-0.597652619739195,0.757,0.933,1.96078559614355e-05,"Prkce","ITC Foxp2/Kcnh5 (b)",-0.539865369900997,-0.671527112549844,TRUE,"higher at P21"
8.63560802360752e-10,-3.07507101361679,0.018,0.202,2.16140633222873e-05,"Fstl1","ITC Foxp2/Kcnh5 (b)",-2.25103848324166,-2.03422089010018,TRUE,"higher at P21"
1.21868016614016e-09,-1.18123454611571,0.117,0.395,3.0502345878322e-05,"Ttyh1","ITC Foxp2/Kcnh5 (b)",-1.25980176871426,-0.929810177709993,TRUE,"higher at P21"
1.22266062223257e-09,-1.19554499826054,0.09,0.349,3.06019727138591e-05,"Pitpnm3","ITC Foxp2/Kcnh5 (b)",-1.24860103141211,-1.08978157952741,TRUE,"higher at P21"
1.29278861519516e-09,-1.1249014663533,0.104,0.378,3.23572062497198e-05,"Cdc37l1","ITC Foxp2/Kcnh5 (b)",-0.574796027820912,-1.18253765186777,TRUE,"higher at P21"
1.38633051343575e-09,-0.894897870431237,0.261,0.634,3.46984664207835e-05,"Phc2","ITC Foxp2/Kcnh5 (b)",-0.776958531154118,-0.749222679084252,TRUE,"higher at P21"
1.63699320007047e-09,-0.74687147973463,0.401,0.777,4.09723028045639e-05,"Sez6l","ITC Foxp2/Kcnh5 (b)",-0.666613645698659,-0.721786647005959,TRUE,"higher at P21"
2.2672292539225e-09,-0.775342388008104,0.505,0.824,5.67464809964263e-05,"Ryr2","ITC Foxp2/Kcnh5 (b)",-0.405437716258521,-0.758594578138916,TRUE,"higher at P21"
2.26793584470945e-09,1.3176742093989,0.644,0.525,5.67641662572327e-05,"Shisa9","ITC Foxp2/Kcnh5 (b)",1.29036745109193,1.16507237454638,TRUE,"higher at P10"
2.59259982734129e-09,-1.03114583781401,0.099,0.353,6.48901810785251e-05,"Gm15083","ITC Foxp2/Kcnh5 (b)",-0.911694544479679,-1.05303914511037,TRUE,"higher at P21"
2.67291250743019e-09,-0.78570175948734,0.486,0.819,6.69003271484701e-05,"Zdhhc14","ITC Foxp2/Kcnh5 (b)",-0.577273527204809,-0.819914846935357,TRUE,"higher at P21"
2.67676083554523e-09,-0.987049787644267,0.09,0.349,6.69966469528615e-05,"Adam10","ITC Foxp2/Kcnh5 (b)",-0.888327675278857,-1.04998159267449,TRUE,"higher at P21"
2.75244458986907e-09,-0.768449351673514,0.167,0.479,6.88909356398328e-05,"March4","ITC Foxp2/Kcnh5 (b)",-0.815455858141841,-0.833287699918287,TRUE,"higher at P21"
2.82391446886007e-09,-1.28814618249901,0.09,0.345,7.06797552410987e-05,"Ppargc1b","ITC Foxp2/Kcnh5 (b)",-1.30547260468531,-1.06592398187145,TRUE,"higher at P21"
2.82790659484869e-09,-1.01970971266961,0.108,0.378,7.07796741624679e-05,"Ttc8","ITC Foxp2/Kcnh5 (b)",-0.987052022709055,-0.958821143659089,TRUE,"higher at P21"
3.14869766607381e-09,-0.670244334521619,0.518,0.845,7.88087538841614e-05,"Nrg3os","ITC Foxp2/Kcnh5 (b)",-0.745384235203443,-0.523256353415756,TRUE,"higher at P21"
4.02882659522967e-09,-0.82381411340469,0.122,0.395,0.000100837500852004,"Cplx2","ITC Foxp2/Kcnh5 (b)",-0.650920644320702,-0.797476876705929,TRUE,"higher at P21"
4.05670899709289e-09,-1.01447180094316,0.468,0.765,0.000101535369488238,"9630028H03Rik","ITC Foxp2/Kcnh5 (b)",-0.674495163739545,-0.931299946133237,TRUE,"higher at P21"
4.10063126036806e-09,0.868515800474608,0.856,0.857,0.000102634699815752,"Adarb2","ITC Foxp2/Kcnh5 (b)",0.630658080861183,0.85315702309115,TRUE,"higher at P10"
4.48358890353732e-09,-1.03403776752058,0.113,0.37,0.000112219746666635,"Fntb","ITC Foxp2/Kcnh5 (b)",-0.962423252910609,-0.661265250908805,TRUE,"higher at P21"
5.09418918476223e-09,-0.971109807325559,0.167,0.466,0.000127502461105414,"Kcnip3","ITC Foxp2/Kcnh5 (b)",-0.712668827766607,-0.723378151001018,TRUE,"higher at P21"
5.63841161910961e-09,-0.910342828512252,0.149,0.445,0.000141123804414695,"Ttll11","ITC Foxp2/Kcnh5 (b)",-1.10571709339479,-0.479358804993955,TRUE,"higher at P21"
5.68233672202083e-09,-0.722306180680126,0.212,0.555,0.000142223205815459,"Atp6v0b","ITC Foxp2/Kcnh5 (b)",-0.495217615470471,-0.555619935446834,TRUE,"higher at P21"
5.73735226312525e-09,1.67954959633087,0.505,0.353,0.000143600189793762,"Frmd5","ITC Foxp2/Kcnh5 (b)",1.42162492095846,1.48010982287827,TRUE,"higher at P10"
6.81765431872778e-09,-1.17626431509552,0.135,0.399,0.000170639069943438,"Thsd4","ITC Foxp2/Kcnh5 (b)",-1.07956618617175,-1.09453772575315,TRUE,"higher at P21"
7.24014531103053e-09,-1.10462932719317,0.054,0.265,0.000181213596989783,"Apopt1","ITC Foxp2/Kcnh5 (b)",-0.739286558555456,-1.21330422671985,TRUE,"higher at P21"
7.86621914940902e-09,-0.910218015934778,0.171,0.471,0.000196883599090558,"Uvrag","ITC Foxp2/Kcnh5 (b)",-0.632650577034008,-0.807413372032713,TRUE,"higher at P21"
8.39350609796473e-09,0.690519659193098,0.82,0.836,0.000210081064125959,"Ctnnd2","ITC Foxp2/Kcnh5 (b)",0.730062035032328,0.559131496679762,TRUE,"higher at P10"
9.57718894997609e-09,-0.820111600278911,0.329,0.676,0.000239707462228952,"Dock10","ITC Foxp2/Kcnh5 (b)",-0.66510674390253,-0.837727322317143,TRUE,"higher at P21"
1.0182130790372e-08,-0.679381350885896,0.212,0.563,0.000254848551552221,"Tro","ITC Foxp2/Kcnh5 (b)",-0.706456363187931,-0.639570864243226,TRUE,"higher at P21"
1.0371931176997e-08,-1.02830797500752,0.189,0.483,0.000259599065429058,"Xrcc6","ITC Foxp2/Kcnh5 (b)",-0.896571726051155,-0.750686186910714,TRUE,"higher at P21"
1.04894536268586e-08,-1.28476457589095,0.095,0.336,0.000262540534826644,"Gm45159","ITC Foxp2/Kcnh5 (b)",-0.93246027468409,-1.18411936430004,TRUE,"higher at P21"
1.11771918454169e-08,-0.975857673283001,0.167,0.454,0.00027975393469894,"Gm32036","ITC Foxp2/Kcnh5 (b)",-0.978749340733132,-0.648052973001725,TRUE,"higher at P21"
1.12082021641258e-08,-1.407293599321,0.063,0.277,0.000280530091965906,"Mkln1os","ITC Foxp2/Kcnh5 (b)",-1.09204433648994,-1.04544714102625,TRUE,"higher at P21"
1.1670122484521e-08,-0.675980507132294,0.149,0.445,0.000292091495665077,"Ppp2r2c","ITC Foxp2/Kcnh5 (b)",-0.775225607283358,-0.772911541193718,TRUE,"higher at P21"
1.22177280571956e-08,-0.704675628512083,0.261,0.609,0.000305797515543548,"Ajap1","ITC Foxp2/Kcnh5 (b)",-0.842863949058689,-0.563699849960103,TRUE,"higher at P21"
1.40409681558444e-08,-1.72203373625306,0.054,0.256,0.000351431391972628,"Megf11","ITC Foxp2/Kcnh5 (b)",-1.30270818684493,-1.52816900886976,TRUE,"higher at P21"
1.51203838305403e-08,-0.832250955652463,0.288,0.618,0.000378448086894594,"Gabrb2","ITC Foxp2/Kcnh5 (b)",-0.678502885921106,-0.756994791402596,TRUE,"higher at P21"
1.61153996516172e-08,-1.55950948417527,0.05,0.248,0.000403352337880327,"Specc1","ITC Foxp2/Kcnh5 (b)",-0.763665689027321,-1.64645604103089,TRUE,"higher at P21"
1.80050695142496e-08,-1.52001415185916,0.05,0.248,0.000450648884872154,"Gm17276","ITC Foxp2/Kcnh5 (b)",-0.561796561911138,-1.31865403886514,TRUE,"higher at P21"
2.01225427295145e-08,-0.741472135108494,0.225,0.546,0.000503647121977018,"Slc16a2","ITC Foxp2/Kcnh5 (b)",-0.621288236521493,-0.726244884598829,TRUE,"higher at P21"
2.01676856799216e-08,1.32348853357638,0.604,0.546,0.000504777004882759,"Zfp407","ITC Foxp2/Kcnh5 (b)",1.65489726019504,1.13040851236597,TRUE,"higher at P10"
2.15253540207874e-08,1.0424248345424,0.658,0.597,0.000538758085786287,"Khdrbs2","ITC Foxp2/Kcnh5 (b)",1.04100820694352,0.944065171504645,TRUE,"higher at P10"
2.4973798156809e-08,-0.844945002036217,0.18,0.475,0.000625069194066772,"Kcnh1","ITC Foxp2/Kcnh5 (b)",-0.841990939267597,-0.870835617399479,TRUE,"higher at P21"
2.79921283052889e-08,-1.07459562085244,0.131,0.387,0.000700614979353077,"Ppfia1","ITC Foxp2/Kcnh5 (b)",-0.998359708241454,-0.69474774536632,TRUE,"higher at P21"
3.01225024295417e-08,-1.53205957292578,0.072,0.282,0.000753936113309,"Pde7b","ITC Foxp2/Kcnh5 (b)",-0.741551704166274,-1.40854961386955,TRUE,"higher at P21"
3.13315408258789e-08,-1.51141249212684,0.063,0.265,0.000784197135330924,"Gm12027","ITC Foxp2/Kcnh5 (b)",-0.618357169040182,-1.07032101194645,TRUE,"higher at P21"
3.41380597356268e-08,-0.628640310180213,0.68,0.903,0.000854441497123003,"Elmo1","ITC Foxp2/Kcnh5 (b)",-0.455967208805468,-0.78134049411556,TRUE,"higher at P21"
3.59272882522613e-08,-1.08543041970846,0.523,0.849,0.000899224097665847,"Gm42418","ITC Foxp2/Kcnh5 (b)",-1.5277641252884,-0.697908576200215,TRUE,"higher at P21"
3.68894141564149e-08,-0.77148522552547,0.158,0.441,0.000923305146920909,"Pitpnm2","ITC Foxp2/Kcnh5 (b)",-0.705181295869265,-0.772911541193718,TRUE,"higher at P21"
3.72648182160709e-08,-0.782396881709569,0.495,0.79,0.000932701135130037,"Oprm1","ITC Foxp2/Kcnh5 (b)",-0.812187439201806,-0.715835829693354,TRUE,"higher at P21"
4.1310708380195e-08,-0.735836114453156,0.441,0.769,0.0010339657200479,"Adcy2","ITC Foxp2/Kcnh5 (b)",-0.740319679320501,-0.712000044240473,TRUE,"higher at P21"
4.17120548936354e-08,0.501945600272091,0.937,0.945,0.0010440110219328,"Frmd4a","ITC Foxp2/Kcnh5 (b)",0.445097627358986,0.550504693110891,TRUE,"higher at P10"
4.357151473451e-08,-1.15349623129945,0.059,0.256,0.00109055144229005,"Eno2","ITC Foxp2/Kcnh5 (b)",-0.954401272948125,-0.88445667086721,TRUE,"higher at P21"
4.40717480119947e-08,-0.821283611763335,0.189,0.487,0.00110307178099222,"Dhx36","ITC Foxp2/Kcnh5 (b)",-0.645645608492125,-0.676137767362179,TRUE,"higher at P21"
5.17553459615449e-08,-2.01988269276684,0.041,0.218,0.00129538455407151,"mt-Co2","ITC Foxp2/Kcnh5 (b)",-2.14997870000156,-1.25882393158636,TRUE,"higher at P21"
5.25927111944069e-08,-1.26937183580892,0.072,0.282,0.00131634296848481,"Gm29237","ITC Foxp2/Kcnh5 (b)",-0.977493096760228,-0.968143983656816,TRUE,"higher at P21"
5.54137285053583e-08,-1.01710428926673,0.176,0.45,0.00138695021076061,"Ptprn","ITC Foxp2/Kcnh5 (b)",-0.821664409953675,-0.966801254558665,TRUE,"higher at P21"
6.30786156156965e-08,-1.07577946539418,0.099,0.328,0.00157879467024527,"Pax6","ITC Foxp2/Kcnh5 (b)",-0.779764103668918,-0.822251528608628,TRUE,"higher at P21"
6.4855550956889e-08,-0.865990312987085,0.05,0.239,0.00162326958489998,"Crebrf","ITC Foxp2/Kcnh5 (b)",-1.04106836667761,-0.945208322336369,TRUE,"higher at P21"
7.22929533222493e-08,-0.785916546250133,0.122,0.378,0.00180942032870258,"Hnrnpl","ITC Foxp2/Kcnh5 (b)",-0.992833738118033,-0.578358764476966,TRUE,"higher at P21"
7.273859837103e-08,-0.705298560420156,0.131,0.395,0.00182057437862851,"Limk2","ITC Foxp2/Kcnh5 (b)",-1.00848110036923,-0.616471938615235,TRUE,"higher at P21"
7.28111487262006e-08,-1.13983550722682,0.077,0.286,0.00182239024146808,"Cacng5","ITC Foxp2/Kcnh5 (b)",-0.52310313438356,-1.0396140711137,TRUE,"higher at P21"
7.47084650285017e-08,-0.646386226203701,0.423,0.782,0.00186987817119837,"Chd9","ITC Foxp2/Kcnh5 (b)",-0.691800473216844,-0.478190611107865,TRUE,"higher at P21"
7.51827975480801e-08,-0.873614244724268,0.689,0.845,0.0018817502398309,"Pde10a","ITC Foxp2/Kcnh5 (b)",-1.15596343043301,-0.828838491580619,TRUE,"higher at P21"
7.63317624824138e-08,-0.609508451361144,0.468,0.765,0.00191050768317234,"Necab1","ITC Foxp2/Kcnh5 (b)",-0.510408447792864,-0.708046897257184,TRUE,"higher at P21"
7.86427526120729e-08,-0.592022328244726,0.261,0.592,0.00196834945512757,"Sergef","ITC Foxp2/Kcnh5 (b)",-0.626680633872951,-0.460118734895102,TRUE,"higher at P21"
8.00346518558706e-08,-1.17653456715632,0.072,0.277,0.00200318730130059,"N4bp2l1","ITC Foxp2/Kcnh5 (b)",-1.22949257387938,-0.818943215674579,TRUE,"higher at P21"
9.28285312455284e-08,-1.31684198404647,0.068,0.269,0.00232340530854433,"Ckb","ITC Foxp2/Kcnh5 (b)",-0.923891452779951,-1.01226323208977,TRUE,"higher at P21"
1.02917694712958e-07,-0.627586579250407,0.432,0.769,0.00257592698097063,"Ntrk3","ITC Foxp2/Kcnh5 (b)",-0.684713825541063,-0.523360646369344,TRUE,"higher at P21"
1.04757301255283e-07,-0.62741282952455,0.41,0.777,0.00262197049311848,"Unc80","ITC Foxp2/Kcnh5 (b)",-0.71843782445756,-0.507956281094356,TRUE,"higher at P21"
1.16620122053444e-07,-0.641365925872938,0.194,0.496,0.00291888503487564,"Cacng2","ITC Foxp2/Kcnh5 (b)",-0.547569687062163,-0.493352422397739,TRUE,"higher at P21"
1.19864161144627e-07,-0.91632736499717,0.158,0.42,0.00300008008928888,"Usp46","ITC Foxp2/Kcnh5 (b)",-0.847082760088325,-0.657893196041891,TRUE,"higher at P21"
1.20513575457042e-07,-0.885824371345447,0.153,0.412,0.0030163342801143,"Gfod1","ITC Foxp2/Kcnh5 (b)",-0.807975288387384,-0.936215388518216,TRUE,"higher at P21"
1.22742227579996e-07,-0.566892311342076,0.279,0.622,0.00307211521409973,"Akap8l","ITC Foxp2/Kcnh5 (b)",-0.862377068098241,-0.484488178073174,TRUE,"higher at P21"
1.33460195278804e-07,-1.91245022235062,0.036,0.202,0.00334037522763318,"1810034E14Rik","ITC Foxp2/Kcnh5 (b)",-1.75308392380985,-1.01823278237109,TRUE,"higher at P21"
1.39693219082544e-07,-0.903431312598638,0.198,0.479,0.00349638158041701,"Rasgrf2","ITC Foxp2/Kcnh5 (b)",-0.533048474169204,-0.989784332863551,TRUE,"higher at P21"
1.45766399829003e-07,-0.704308772778937,0.144,0.403,0.0036483872213201,"Rnf165","ITC Foxp2/Kcnh5 (b)",-0.727133275154093,-0.812989565817492,TRUE,"higher at P21"
1.50756718044571e-07,-1.1922253479321,0.095,0.307,0.00377328989593756,"Gm48677","ITC Foxp2/Kcnh5 (b)",-1.11435634019901,-0.859498650079304,TRUE,"higher at P21"
1.56209608131455e-07,-0.623455634341025,0.473,0.794,0.00390977028192218,"Tnrc6c","ITC Foxp2/Kcnh5 (b)",-0.792437245318499,-0.538157256064689,TRUE,"higher at P21"
1.56760468536162e-07,-0.919137762359522,0.153,0.408,0.0039235577669916,"Gpi1","ITC Foxp2/Kcnh5 (b)",-0.409544267112477,-0.909621634425249,TRUE,"higher at P21"
1.57872351988078e-07,-1.61231263276218,0.036,0.202,0.0039513870979096,"Prpf18","ITC Foxp2/Kcnh5 (b)",-1.15409022086188,-1.0871892335413,TRUE,"higher at P21"
1.6655840124369e-07,-1.48224764808443,0.036,0.202,0.00416879022472831,"Pxn","ITC Foxp2/Kcnh5 (b)",-1.25788300521887,-1.12925879444454,TRUE,"higher at P21"
1.68583514666637e-07,-1.12029202873726,0.261,0.504,0.00421947678859125,"6530403H02Rik","ITC Foxp2/Kcnh5 (b)",-0.745721365976747,-1.11274033341709,TRUE,"higher at P21"
1.87305480483057e-07,-0.874546315303946,0.108,0.34,0.00468806887101043,"Mfap3l","ITC Foxp2/Kcnh5 (b)",-1.12075716294246,-0.690478032629793,TRUE,"higher at P21"
1.94637107578471e-07,-1.86868100831149,0.041,0.206,0.00487157216558155,"Cpeb1","ITC Foxp2/Kcnh5 (b)",-0.62809269853188,-1.34717645012082,TRUE,"higher at P21"
1.99510561110972e-07,-0.559601338621271,0.401,0.773,0.00499354983404652,"Zranb2","ITC Foxp2/Kcnh5 (b)",-0.673174149079846,-0.505385909882591,TRUE,"higher at P21"
2.22214684320015e-07,-1.5454342932897,0.054,0.231,0.00556181133384566,"Gm3848","ITC Foxp2/Kcnh5 (b)",-0.987584798512686,-1.24401763255259,TRUE,"higher at P21"
2.23688803388574e-07,-1.53877358050078,0.063,0.248,0.00559870706001262,"Dlc1","ITC Foxp2/Kcnh5 (b)",-1.68145446682173,-1.01226323208977,TRUE,"higher at P21"
2.2650454122746e-07,-1.21850626974682,0.05,0.227,0.00566918216238209,"Rph3a","ITC Foxp2/Kcnh5 (b)",-1.07693654035532,-0.993703277013163,TRUE,"higher at P21"
2.46117372234385e-07,-0.603124476091504,0.162,0.445,0.00616007170965443,"Itsn2","ITC Foxp2/Kcnh5 (b)",-0.83537643763132,-0.700474858884317,TRUE,"higher at P21"
2.52124099082662e-07,-0.696183433934998,0.077,0.282,0.00631041407593996,"Eipr1","ITC Foxp2/Kcnh5 (b)",-0.642772512974761,-0.633496930753582,TRUE,"higher at P21"
2.59412942310085e-07,-0.532538245636904,0.338,0.689,0.00649284653307911,"Rnf169","ITC Foxp2/Kcnh5 (b)",-0.536135652652148,-0.495328378769807,TRUE,"higher at P21"
2.67710625262289e-07,-0.680893359514823,0.153,0.42,0.00670052923968982,"Ranbp9","ITC Foxp2/Kcnh5 (b)",-0.661592865010402,-0.579379987987668,TRUE,"higher at P21"
2.78349311603904e-07,-0.796366435936311,0.135,0.382,0.00696680492013411,"Fnip1","ITC Foxp2/Kcnh5 (b)",-0.666729159866643,-0.731505424335923,TRUE,"higher at P21"
3.01875767947121e-07,-0.530347596503424,0.356,0.706,0.00755564859594848,"Tspan5","ITC Foxp2/Kcnh5 (b)",-0.613467675521833,-0.569556646747386,TRUE,"higher at P21"
3.21243484168307e-07,-0.948812628237692,0.059,0.244,0.00804040316524855,"Dcun1d1","ITC Foxp2/Kcnh5 (b)",-1.16107564961747,-0.69064741493217,TRUE,"higher at P21"
3.76838129372799e-07,2.71034093507952,0.275,0.113,0.0094318815400718,"Stmn2","ITC Foxp2/Kcnh5 (b)",2.19794407152085,2.3517488394947,TRUE,"higher at P10"
3.83085388596761e-07,-0.661155726139491,0.176,0.445,0.00958824419118834,"Flnb","ITC Foxp2/Kcnh5 (b)",-0.539208326307867,-0.621946613658215,TRUE,"higher at P21"
3.83722383581854e-07,-0.766616648188383,0.113,0.34,0.00960418753867023,"Nup93","ITC Foxp2/Kcnh5 (b)",-0.854326570946272,-0.623882190243283,TRUE,"higher at P21"
3.91716425169884e-07,-1.16742874427391,0.041,0.206,0.00980427040557702,"Mxi1","ITC Foxp2/Kcnh5 (b)",-0.697457027107022,-1.1647055625778,TRUE,"higher at P21"
3.66257799044922e-51,-0.72714235350756,1,1,9.16706645229534e-47,"Malat1","CeA/MeA GABA Meis2/Tshz2",-0.486802040891384,-0.764321111573451,TRUE,"higher at P21"
6.88106548840636e-50,-0.65872556481893,0.998,1,1.72226188109323e-45,"Snhg11","CeA/MeA GABA Meis2/Tshz2",-0.638795116250592,-0.636567548692998,TRUE,"higher at P21"
3.18339658006744e-47,-1.6078408874828,0.453,0.894,7.9677233002508e-43,"Lncpint","CeA/MeA GABA Meis2/Tshz2",-1.74439335056669,-1.72401843850543,TRUE,"higher at P21"
1.08447125011719e-29,-1.587458751359,0.185,0.636,2.71432309191832e-25,"Cmss1","CeA/MeA GABA Meis2/Tshz2",-1.5596312032347,-1.24144201696327,TRUE,"higher at P21"
2.49336659057981e-28,-1.06038115465125,0.459,0.87,6.24064723956221e-24,"Zranb2","CeA/MeA GABA Meis2/Tshz2",-1.0249356650605,-1.02186066473586,TRUE,"higher at P21"
9.25950367573096e-27,-1.85106599741423,0.125,0.519,2.3175611749987e-22,"Cap2","CeA/MeA GABA Meis2/Tshz2",-1.54403117636119,-1.65788529158288,TRUE,"higher at P21"
5.83485757385757e-24,-1.60200315665729,0.097,0.44,1.46040650216081e-19,"Gm10125","CeA/MeA GABA Meis2/Tshz2",-1.54034074544945,-1.42097053403265,TRUE,"higher at P21"
1.13517344582964e-23,-1.16414002031031,0.276,0.677,2.84122561756701e-19,"Ftx","CeA/MeA GABA Meis2/Tshz2",-1.29560166252403,-1.08335439983133,TRUE,"higher at P21"
7.36212553076398e-23,-0.914243536176053,0.557,0.88,1.84266639909492e-18,"Rasgrf1","CeA/MeA GABA Meis2/Tshz2",-1.13506089557515,-0.882690214920061,TRUE,"higher at P21"
5.39293228376732e-21,-1.75336254255298,0.095,0.386,1.34979702130412e-16,"Rhbdl3","CeA/MeA GABA Meis2/Tshz2",-1.46844563616628,-1.41902830144041,TRUE,"higher at P21"
6.36802770437167e-21,-1.13885893058867,0.26,0.663,1.59385365412719e-16,"Scg5","CeA/MeA GABA Meis2/Tshz2",-0.902227704059452,-0.935881275031836,TRUE,"higher at P21"
9.64971784456005e-21,-1.53619534007061,0.087,0.375,2.41522787931493e-16,"Dnaja2","CeA/MeA GABA Meis2/Tshz2",-0.941073097453896,-1.23467175032692,TRUE,"higher at P21"
3.11564904442864e-20,-1.34004852997933,0.113,0.432,7.79815799330045e-16,"Dpm1","CeA/MeA GABA Meis2/Tshz2",-0.91259075745666,-1.1758109278174,TRUE,"higher at P21"
3.16040693151369e-20,-1.27432321259613,0.193,0.568,7.91018250888562e-16,"Gm47283","CeA/MeA GABA Meis2/Tshz2",-0.434209453982654,-1.48104243124905,TRUE,"higher at P21"
5.19554496729194e-20,-1.40009804619043,0.173,0.524,1.3003929498635e-15,"Specc1","CeA/MeA GABA Meis2/Tshz2",-1.09330978493666,-1.35326760407759,TRUE,"higher at P21"
7.32780208652953e-20,-0.656690177034801,0.787,0.959,1.83407558423748e-15,"Srrm2","CeA/MeA GABA Meis2/Tshz2",-0.65315565832945,-0.625333003826438,TRUE,"higher at P21"
2.15968792890185e-19,-0.816436992418721,0.28,0.658,5.40548291724845e-15,"Atp6v0b","CeA/MeA GABA Meis2/Tshz2",-0.6115033789865,-0.711461025059545,TRUE,"higher at P21"
3.44484796327737e-19,0.586814756006151,0.988,0.984,8.62210996728694e-15,"Macrod2","CeA/MeA GABA Meis2/Tshz2",0.617136605014511,0.580240788577394,TRUE,"higher at P10"
1.12396001928239e-18,-0.961991165030096,0.223,0.557,2.8131595322619e-14,"Ggact","CeA/MeA GABA Meis2/Tshz2",-0.894440925014501,-0.844454080811344,TRUE,"higher at P21"
1.75080632208248e-18,-0.978066078097825,0.314,0.701,4.38209314354023e-14,"Rnf169","CeA/MeA GABA Meis2/Tshz2",-0.936651256330631,-0.804710760310377,TRUE,"higher at P21"
4.28359327721495e-18,-2.80635874103621,0.024,0.236,1.07214056135413e-13,"Zfp831","CeA/MeA GABA Meis2/Tshz2",-1.86416450180037,-1.554797209789,TRUE,"higher at P21"
5.52336818525523e-18,-1.17959189057596,0.239,0.592,1.38244382308753e-13,"Naaladl2","CeA/MeA GABA Meis2/Tshz2",-0.860807859642412,-1.15361970687922,TRUE,"higher at P21"
7.6622925751605e-18,-1.30119439684804,0.157,0.481,1.91779520863692e-13,"Pip5k1b","CeA/MeA GABA Meis2/Tshz2",-0.927240572602877,-1.1248547790273,TRUE,"higher at P21"
1.82052941364889e-17,-0.873182562037524,0.161,0.465,4.55660306942182e-13,"Spaca6","CeA/MeA GABA Meis2/Tshz2",-0.900952221657889,-0.690795693682558,TRUE,"higher at P21"
2.87013842348075e-17,-1.31532564420664,0.085,0.348,7.18366946012997e-13,"A930015D03Rik","CeA/MeA GABA Meis2/Tshz2",-1.16432396655161,-1.14174154898832,TRUE,"higher at P21"
8.20705056749507e-17,-1.57118792642205,0.06,0.302,2.05414268653834e-12,"Wdr78","CeA/MeA GABA Meis2/Tshz2",-1.1265926775454,-1.28866031214763,TRUE,"higher at P21"
8.58760240314859e-17,-1.00449403071025,0.527,0.834,2.14939100548406e-12,"Pde10a","CeA/MeA GABA Meis2/Tshz2",-0.87168768532238,-0.962089927122961,TRUE,"higher at P21"
1.22251772458947e-16,-0.947889130602768,0.272,0.666,3.05983961287499e-12,"Vps13a","CeA/MeA GABA Meis2/Tshz2",-0.7413526013076,-0.930490157504378,TRUE,"higher at P21"
1.36301607768139e-16,-1.52561845514661,0.095,0.38,3.41149294082876e-12,"1810034E14Rik","CeA/MeA GABA Meis2/Tshz2",-1.32625038770569,-0.991053571885513,TRUE,"higher at P21"
1.45858459348736e-16,-0.87837963045256,0.221,0.601,3.65069137903951e-12,"Hdac8","CeA/MeA GABA Meis2/Tshz2",-1.10495457755466,-0.86891216222526,TRUE,"higher at P21"
1.47188744686195e-16,-0.806431178053173,0.59,0.867,3.68398709075077e-12,"Snap25","CeA/MeA GABA Meis2/Tshz2",-0.919418559723029,-0.78820118085717,TRUE,"higher at P21"
1.5891570095503e-16,-1.61925237527625,0.08,0.337,3.97750107920344e-12,"Gm29237","CeA/MeA GABA Meis2/Tshz2",-0.727025527327542,-1.43547587268691,TRUE,"higher at P21"
1.82272243058028e-16,-0.855696897617339,0.241,0.584,4.56209197149937e-12,"Upf2","CeA/MeA GABA Meis2/Tshz2",-0.517804284962064,-0.871005366930287,TRUE,"higher at P21"
2.46554024610367e-16,-0.89052372939938,0.4,0.78,6.17100068197289e-12,"Zmynd8","CeA/MeA GABA Meis2/Tshz2",-0.797121910263609,-0.838644315097081,TRUE,"higher at P21"
5.99407229762313e-16,-1.63579273304946,0.066,0.31,1.50025635537209e-11,"Itm2b","CeA/MeA GABA Meis2/Tshz2",-1.32446574218913,-1.01661089792246,TRUE,"higher at P21"
7.71855855524151e-16,-0.955185185016434,0.243,0.557,1.9318780207914e-11,"Brinp2","CeA/MeA GABA Meis2/Tshz2",-0.986248905990325,-0.772713388594147,TRUE,"higher at P21"
9.50018164270663e-16,-0.77694306237641,0.453,0.764,2.37780046335304e-11,"Upp2","CeA/MeA GABA Meis2/Tshz2",-1.08256123790996,-0.758674600857549,TRUE,"higher at P21"
1.03389722340527e-15,-1.63222218387876,0.068,0.315,2.58774136046105e-11,"Ptk2b","CeA/MeA GABA Meis2/Tshz2",-1.44108838659681,-1.1625278480339,TRUE,"higher at P21"
1.06909697020308e-15,-2.89939863379566,0.022,0.207,2.67584280672129e-11,"Smad3","CeA/MeA GABA Meis2/Tshz2",-1.9968312178388,-1.81782379666609,TRUE,"higher at P21"
1.12042055415425e-15,0.692747635383326,0.968,0.954,2.80430060499266e-11,"Cadm2","CeA/MeA GABA Meis2/Tshz2",0.632005911855332,0.673167555389242,TRUE,"higher at P10"
2.00514911736272e-15,-0.735231492960462,0.322,0.701,5.01868772584716e-11,"A330023F24Rik","CeA/MeA GABA Meis2/Tshz2",-0.727205357628072,-0.764035029217328,TRUE,"higher at P21"
2.15454676703445e-15,-0.743432742077924,0.223,0.533,5.39261510321051e-11,"Catspere2","CeA/MeA GABA Meis2/Tshz2",-0.54122345717378,-0.782882734410487,TRUE,"higher at P21"
3.58858568884978e-15,-0.955883396247536,0.334,0.674,8.9818711206221e-11,"Pcsk2","CeA/MeA GABA Meis2/Tshz2",-0.747083536890916,-0.857114384943037,TRUE,"higher at P21"
4.13431585830418e-15,-1.12442776868795,0.099,0.372,1.03477791617495e-10,"Stx16","CeA/MeA GABA Meis2/Tshz2",-1.05411510283261,-1.07354050304794,TRUE,"higher at P21"
6.07062656224026e-15,-0.737259531900399,0.481,0.78,1.51941712226311e-10,"Gria3","CeA/MeA GABA Meis2/Tshz2",-0.442837085739083,-0.749212277028606,TRUE,"higher at P21"
1.04309483498608e-14,-0.87836620925627,0.233,0.571,2.61076206248667e-10,"Ddx50","CeA/MeA GABA Meis2/Tshz2",-0.69409345077616,-0.816769844377224,TRUE,"higher at P21"
1.09898762670883e-14,-0.675106735020134,0.539,0.853,2.75065613088953e-10,"Camk2a","CeA/MeA GABA Meis2/Tshz2",-0.734938422684815,-0.559588118177759,TRUE,"higher at P21"
1.18521257132378e-14,-0.953584515413439,0.187,0.516,2.96646854476629e-10,"Atp2b3","CeA/MeA GABA Meis2/Tshz2",-0.56341309034616,-0.736828297410955,TRUE,"higher at P21"
1.90944303332108e-14,-0.709273439161213,0.594,0.856,4.77914496809934e-10,"Gpr158","CeA/MeA GABA Meis2/Tshz2",-0.647911944822733,-0.671073420808371,TRUE,"higher at P21"
1.98632418468154e-14,-0.681835734389953,0.61,0.88,4.97157080183942e-10,"Rora","CeA/MeA GABA Meis2/Tshz2",-0.651694797135324,-0.634528796075309,TRUE,"higher at P21"
2.04715528784209e-14,-0.860166911031466,0.203,0.505,5.12382496993996e-10,"Cyld","CeA/MeA GABA Meis2/Tshz2",-0.66301996240245,-0.775044561910974,TRUE,"higher at P21"
2.12641052955641e-14,-0.718752890382623,0.249,0.573,5.32219291442675e-10,"Ttll11","CeA/MeA GABA Meis2/Tshz2",-0.806988047969275,-0.630564341800053,TRUE,"higher at P21"
2.2018846874301e-14,-1.52246902271531,0.07,0.293,5.51109718416879e-10,"Gaa","CeA/MeA GABA Meis2/Tshz2",-1.17080514647003,-0.944810477079255,TRUE,"higher at P21"
2.2258771222969e-14,-1.06581252780498,0.125,0.391,5.57114784939692e-10,"2010300C02Rik","CeA/MeA GABA Meis2/Tshz2",-0.824181019938166,-0.923248564820812,TRUE,"higher at P21"
4.43479043785639e-14,-2.16230016171725,0.036,0.217,1.10998369869107e-09,"Igsf11","CeA/MeA GABA Meis2/Tshz2",-1.30591612012389,-1.53859171166208,TRUE,"higher at P21"
4.88468360871163e-14,-0.923457688162722,0.264,0.617,1.22258746042443e-09,"2210408F21Rik","CeA/MeA GABA Meis2/Tshz2",-0.986812001598047,-0.744224280737156,TRUE,"higher at P21"
5.66017079863594e-14,-0.972049056514761,0.119,0.389,1.41668414919059e-09,"Baiap2","CeA/MeA GABA Meis2/Tshz2",-0.962093894786255,-0.740695932956852,TRUE,"higher at P21"
6.78710269411822e-14,-1.47061574949243,0.056,0.269,1.69874393331085e-09,"Ccnd2","CeA/MeA GABA Meis2/Tshz2",-1.29268118267302,-1.19214509038956,TRUE,"higher at P21"
7.70354596864475e-14,-0.806043033467231,0.249,0.573,1.92812052049209e-09,"Fbxl20","CeA/MeA GABA Meis2/Tshz2",-0.767999397803958,-0.588276217396499,TRUE,"higher at P21"
1.01949104359914e-13,-1.10586199947176,0.064,0.277,2.55168413302428e-09,"Zfp933","CeA/MeA GABA Meis2/Tshz2",-1.34164720367384,-0.816539481457217,TRUE,"higher at P21"
1.42590769036055e-13,-0.65423987421734,0.145,0.397,3.56890435820341e-09,"Coro2b","CeA/MeA GABA Meis2/Tshz2",-0.589394481230049,-0.61845768165181,TRUE,"higher at P21"
1.47670659213603e-13,-1.0743833240692,0.091,0.321,3.69604892945727e-09,"Snx3","CeA/MeA GABA Meis2/Tshz2",-0.501162226805387,-0.96125254037446,TRUE,"higher at P21"
1.52650879019616e-13,1.54782145566232,0.559,0.38,3.82069885098197e-09,"Gm20754","CeA/MeA GABA Meis2/Tshz2",1.59407688224756,1.54099965705814,TRUE,"higher at P10"
1.5565367287432e-13,-1.15685977044167,0.123,0.375,3.89585577837136e-09,"Ypel2","CeA/MeA GABA Meis2/Tshz2",-0.840195412197551,-0.947811332673793,TRUE,"higher at P21"
1.59541307976885e-13,-1.68234184170328,0.04,0.212,3.99315939735344e-09,"Prxl2c","CeA/MeA GABA Meis2/Tshz2",-1.01423466622776,-1.03164534033313,TRUE,"higher at P21"
2.02135392449732e-13,-0.908423444230197,0.143,0.424,5.05924673762433e-09,"Crebrf","CeA/MeA GABA Meis2/Tshz2",-0.749943392654789,-0.888539360098309,TRUE,"higher at P21"
2.13050561155993e-13,-0.72247673443211,0.191,0.473,5.33244249517336e-09,"Ewsr1","CeA/MeA GABA Meis2/Tshz2",-0.490788596198411,-0.651784301140021,TRUE,"higher at P21"
2.17947077960307e-13,-1.65395780941928,0.038,0.223,5.45499741426852e-09,"Synpo","CeA/MeA GABA Meis2/Tshz2",-1.24455458784299,-1.20803014147224,TRUE,"higher at P21"
2.19567089404896e-13,-0.865277839235373,0.324,0.652,5.49554468071514e-09,"Ptprn","CeA/MeA GABA Meis2/Tshz2",-0.439111451419332,-0.96506666340474,TRUE,"higher at P21"
2.62717197741506e-13,-1.05833410198251,0.121,0.389,6.57554874227216e-09,"Cplx2","CeA/MeA GABA Meis2/Tshz2",-0.771701087879003,-0.724857355928029,TRUE,"higher at P21"
3.19059569506027e-13,-0.788978053374494,0.099,0.329,7.98574196516635e-09,"Faim2","CeA/MeA GABA Meis2/Tshz2",-0.924943172715944,-0.753593550435309,TRUE,"higher at P21"
3.30231366158576e-13,-0.814246083625409,0.163,0.446,8.26536086358299e-09,"Ttbk1","CeA/MeA GABA Meis2/Tshz2",-0.897246479470276,-0.589578494918207,TRUE,"higher at P21"
3.46394732352391e-13,-0.688628210794937,0.304,0.63,8.66991375604799e-09,"Bicral","CeA/MeA GABA Meis2/Tshz2",-0.649113982000663,-0.683506289870734,TRUE,"higher at P21"
3.68820599052179e-13,-1.91036902029827,0.058,0.25,9.23121077367699e-09,"Zbtb16","CeA/MeA GABA Meis2/Tshz2",-0.84617538566928,-1.46494926567031,TRUE,"higher at P21"
3.71039671445936e-13,-0.774755042475888,0.308,0.63,9.28675193662033e-09,"Me3","CeA/MeA GABA Meis2/Tshz2",-0.429151301207521,-0.765503602945581,TRUE,"higher at P21"
4.16864338904704e-13,0.603872208062736,0.92,0.932,1.04336975384458e-08,"Gm26871","CeA/MeA GABA Meis2/Tshz2",0.540981304447533,0.501283156273287,TRUE,"higher at P10"
4.8124204248387e-13,-0.741457202677923,0.239,0.557,1.20450070813288e-08,"Vwa8","CeA/MeA GABA Meis2/Tshz2",-0.616984839067668,-0.683084590777015,TRUE,"higher at P21"
6.12624010173863e-13,-0.701140459572852,0.185,0.481,1.53333663506416e-08,"4933406I18Rik","CeA/MeA GABA Meis2/Tshz2",-0.752590261950109,-0.700746411840905,TRUE,"higher at P21"
6.54083087090268e-13,-0.77298293250898,0.195,0.478,1.63710455867823e-08,"N4bp2l1","CeA/MeA GABA Meis2/Tshz2",-0.73784966169102,-0.648121399788813,TRUE,"higher at P21"
9.40639172867849e-13,-0.713653790389792,0.185,0.459,2.35432578577094e-08,"Cep70","CeA/MeA GABA Meis2/Tshz2",-0.874469455228319,-0.625676261975749,TRUE,"higher at P21"
9.48438983987838e-13,-0.82195358979451,0.141,0.402,2.37384793302316e-08,"Pkig","CeA/MeA GABA Meis2/Tshz2",-0.74657118006013,-0.705528936580516,TRUE,"higher at P21"
1.03079658376546e-12,-1.00913130535962,0.123,0.361,2.57998076950656e-08,"Pcgf5","CeA/MeA GABA Meis2/Tshz2",-0.993819858365463,-0.952777614885849,TRUE,"higher at P21"
1.05864858370681e-12,-0.908966278955764,0.155,0.402,2.64969154015979e-08,"Sec62","CeA/MeA GABA Meis2/Tshz2",-0.763494274654876,-0.757910996190076,TRUE,"higher at P21"
1.17539828019428e-12,0.581172024748573,0.96,0.948,2.94190435549826e-08,"Grid2","CeA/MeA GABA Meis2/Tshz2",0.580839382667838,0.582860033874283,TRUE,"higher at P10"
1.28985571756414e-12,-0.712213206648002,0.233,0.56,3.22837987549129e-08,"Ppp2r2c","CeA/MeA GABA Meis2/Tshz2",-0.698623259466396,-0.527552446731398,TRUE,"higher at P21"
1.62513186633006e-12,-0.728568911584434,0.254,0.568,4.06754254823751e-08,"Ago3","CeA/MeA GABA Meis2/Tshz2",-0.446467165457771,-0.523306773449506,TRUE,"higher at P21"
1.66914834438758e-12,-1.22863353787445,0.046,0.215,4.17771139116768e-08,"Fxyd4","CeA/MeA GABA Meis2/Tshz2",-1.14885926528315,-0.862186162245621,TRUE,"higher at P21"
1.83344469561376e-12,-0.780428232723341,0.147,0.394,4.58892872865168e-08,"Mia3","CeA/MeA GABA Meis2/Tshz2",-0.908496301313781,-0.460487041646538,TRUE,"higher at P21"
2.11409884629537e-12,-0.680429703311908,0.145,0.397,5.29137800239269e-08,"Smap2","CeA/MeA GABA Meis2/Tshz2",-0.676820957010697,-0.464147085283652,TRUE,"higher at P21"
2.73625090633739e-12,-1.19285389376572,0.125,0.38,6.84856239347186e-08,"mt-Co3","CeA/MeA GABA Meis2/Tshz2",-1.27451585167747,-0.71780275446095,TRUE,"higher at P21"
3.44821808455832e-12,-1.08311658824592,0.062,0.236,8.63054504384103e-08,"Kcnc3","CeA/MeA GABA Meis2/Tshz2",-1.01282615881817,-0.680361337617995,TRUE,"higher at P21"
3.46272416475395e-12,-0.909051825164012,0.097,0.31,8.66685231196267e-08,"Flrt1","CeA/MeA GABA Meis2/Tshz2",-1.07398010494016,-0.709649558149306,TRUE,"higher at P21"
3.61656699710791e-12,-0.939734769866738,0.127,0.375,9.05190553706139e-08,"Mir9-3hg","CeA/MeA GABA Meis2/Tshz2",-0.632620647005464,-0.844253855029704,TRUE,"higher at P21"
3.64913381212751e-12,0.587513663205253,0.899,0.894,9.13341701837395e-08,"Ncam1","CeA/MeA GABA Meis2/Tshz2",0.412318973484027,0.598600988636666,TRUE,"higher at P10"
3.65739952879111e-12,-0.797344417739324,0.125,0.351,9.15410528061127e-08,"Celf3","CeA/MeA GABA Meis2/Tshz2",-0.793252205409967,-0.49646157909642,TRUE,"higher at P21"
3.84233015628072e-12,-0.900089524000151,0.211,0.486,9.61696814815501e-08,"Ano3","CeA/MeA GABA Meis2/Tshz2",-0.936190362526424,-0.6770324805023,TRUE,"higher at P21"
3.97955420235403e-12,-1.03546068749533,0.085,0.285,9.96042621307189e-08,"Zdhhc1","CeA/MeA GABA Meis2/Tshz2",-0.647542323742657,-0.752316944691579,TRUE,"higher at P21"
4.69217677526616e-12,1.37961199843901,0.533,0.342,1.17440492508137e-07,"4930509J09Rik","CeA/MeA GABA Meis2/Tshz2",1.33877833068371,1.52578904917674,TRUE,"higher at P10"
5.14288884180155e-12,-1.22391682723262,0.068,0.25,1.28721364821451e-07,"Khsrp","CeA/MeA GABA Meis2/Tshz2",-0.955684943535899,-0.837060809487758,TRUE,"higher at P21"
5.26598009541835e-12,-0.888392262326834,0.089,0.299,1.31802215808226e-07,"Ccdc47","CeA/MeA GABA Meis2/Tshz2",-0.434654888513166,-0.796287320971892,TRUE,"higher at P21"
7.07795988847585e-12,0.924118752419913,0.801,0.701,1.77154258048662e-07,"Kcnq5","CeA/MeA GABA Meis2/Tshz2",0.596637869403745,1.10679612358961,TRUE,"higher at P10"
7.64201185155397e-12,-0.503272463429469,0.787,0.94,1.91271914632544e-07,"Agbl4","CeA/MeA GABA Meis2/Tshz2",-0.53164881913831,-0.485400739960476,TRUE,"higher at P21"
7.93516347186509e-12,-0.699324838983952,0.243,0.557,1.98609206537311e-07,"5031425E22Rik","CeA/MeA GABA Meis2/Tshz2",-0.599453671534638,-0.725956189372041,TRUE,"higher at P21"
9.43489252553619e-12,-0.749887014593689,0.163,0.416,2.36145925021645e-07,"Gm17276","CeA/MeA GABA Meis2/Tshz2",-0.822337464949012,-0.504881540972107,TRUE,"higher at P21"
9.60904282158345e-12,-1.00173931966381,0.664,0.902,2.40504732781412e-07,"Gm42418","CeA/MeA GABA Meis2/Tshz2",-1.33167258279016,-0.508616948304945,TRUE,"higher at P21"
9.74755635268744e-12,-1.88132714896217,0.036,0.204,2.43971587951414e-07,"mt-Co2","CeA/MeA GABA Meis2/Tshz2",-1.65559745552535,-1.01135824261601,TRUE,"higher at P21"
1.00509160145599e-11,-1.00388040180903,0.109,0.323,2.5156437692842e-07,"Klhl10","CeA/MeA GABA Meis2/Tshz2",-1.0503589333256,-0.671819054259261,TRUE,"higher at P21"
1.05675891152551e-11,-1.21334134137805,0.083,0.288,2.64496187965721e-07,"Suds3","CeA/MeA GABA Meis2/Tshz2",-0.594894431502949,-0.891393910594684,TRUE,"higher at P21"
1.08674675250396e-11,-1.57497750566644,0.034,0.204,2.72001844684215e-07,"Gm47523","CeA/MeA GABA Meis2/Tshz2",-1.2946402604148,-1.25661576235461,TRUE,"higher at P21"
1.36795963404837e-11,-0.720958248678864,0.191,0.476,3.42386616805965e-07,"Mycbp","CeA/MeA GABA Meis2/Tshz2",-0.564320389249466,-0.72651931583978,TRUE,"higher at P21"
1.42126225318682e-11,-0.672581850279365,0.117,0.334,3.5572772935013e-07,"Usp11","CeA/MeA GABA Meis2/Tshz2",-0.441063752244107,-0.560084896109953,TRUE,"higher at P21"
1.42666625577071e-11,1.03479274219717,0.7,0.682,3.5708029715685e-07,"Plxna4","CeA/MeA GABA Meis2/Tshz2",0.910768868458477,0.903115466475043,TRUE,"higher at P10"
1.52319530297993e-11,-0.997602102810335,0.078,0.264,3.81240552382846e-07,"Naxd","CeA/MeA GABA Meis2/Tshz2",-0.78875313026083,-0.791876434311445,TRUE,"higher at P21"
1.80845674273032e-11,-1.05022532404742,0.095,0.299,4.52638638137972e-07,"Slc7a6","CeA/MeA GABA Meis2/Tshz2",-0.809003650722229,-0.727892145606139,TRUE,"higher at P21"
1.91389477147891e-11,0.54365857640334,0.972,0.981,4.79028722353457e-07,"Cntnap2","CeA/MeA GABA Meis2/Tshz2",0.46950456236674,0.584396250065626,TRUE,"higher at P10"
2.08007388326254e-11,-0.644337743926173,0.135,0.378,5.2062169224178e-07,"Vti1b","CeA/MeA GABA Meis2/Tshz2",-0.517141002525919,-0.613619405217936,TRUE,"higher at P21"
2.22149460410451e-11,-0.56312404808325,0.298,0.606,5.56017884461318e-07,"Grb10","CeA/MeA GABA Meis2/Tshz2",-0.400528650065831,-0.534738661381462,TRUE,"higher at P21"
2.36951614139105e-11,1.27596845870563,0.588,0.508,5.93066195028767e-07,"Pfkp","CeA/MeA GABA Meis2/Tshz2",1.08452995522807,1.09274947681804,TRUE,"higher at P10"
2.54523489740669e-11,-0.905753438748565,0.155,0.424,6.3704684247192e-07,"Cdc37l1","CeA/MeA GABA Meis2/Tshz2",-0.767391084471796,-0.839273257911679,TRUE,"higher at P21"
2.86011242624456e-11,-0.713893025429092,0.105,0.299,7.15857539164752e-07,"4833420G17Rik","CeA/MeA GABA Meis2/Tshz2",-0.682926217624299,-0.577715820928019,TRUE,"higher at P21"
2.98894333695584e-11,-0.755892224556201,0.141,0.383,7.48102627806677e-07,"Hsp90b1","CeA/MeA GABA Meis2/Tshz2",-0.610059253699056,-0.760026381534564,TRUE,"higher at P21"
3.23546918844918e-11,-0.909477225190962,0.08,0.258,8.09805583176944e-07,"Atp6v1e1","CeA/MeA GABA Meis2/Tshz2",-0.519201866653612,-0.819382618923486,TRUE,"higher at P21"
3.6774380817053e-11,-0.850218589573277,0.08,0.269,9.2042597747002e-07,"Rab21","CeA/MeA GABA Meis2/Tshz2",-0.619310919099698,-0.746333084631785,TRUE,"higher at P21"
3.93059963623e-11,-0.830088507819262,0.101,0.312,9.83789782952006e-07,"Tmem38a","CeA/MeA GABA Meis2/Tshz2",-0.627264065487594,-0.684500071162858,TRUE,"higher at P21"
4.40122133709673e-11,-0.831392284706297,0.107,0.329,1.10158168846194e-06,"Sf3b2","CeA/MeA GABA Meis2/Tshz2",-0.638899965466132,-0.731064634850904,TRUE,"higher at P21"
5.15433947626818e-11,-0.53764157474332,0.519,0.812,1.29007962751516e-06,"Luc7l2","CeA/MeA GABA Meis2/Tshz2",-0.603391983581668,-0.514928774961793,TRUE,"higher at P21"
5.17965780481623e-11,-1.04252961973162,0.153,0.394,1.29641655196745e-06,"Runx2","CeA/MeA GABA Meis2/Tshz2",-0.873598437338072,-0.726803238642779,TRUE,"higher at P21"
5.20967775887428e-11,-1.11113423885389,0.076,0.283,1.30393024626864e-06,"Sntb2","CeA/MeA GABA Meis2/Tshz2",-0.904808807665391,-1.00490564460796,TRUE,"higher at P21"
5.57718532590398e-11,-0.693090895440704,0.161,0.397,1.39591371522051e-06,"Fnip1","CeA/MeA GABA Meis2/Tshz2",-0.73031720851833,-0.64041487425346,TRUE,"higher at P21"
5.64626377309234e-11,-0.593724345711823,0.278,0.549,1.41320335976728e-06,"Atp1b1","CeA/MeA GABA Meis2/Tshz2",-0.677300602172774,-0.447677120442096,TRUE,"higher at P21"
6.01576709017427e-11,-0.906303820467041,0.064,0.231,1.50568634499972e-06,"Pcsk1n","CeA/MeA GABA Meis2/Tshz2",-0.759814554522593,-0.811895457557692,TRUE,"higher at P21"
7.56015907422491e-11,-0.976907988274508,0.087,0.274,1.89223221468775e-06,"Cdc14b","CeA/MeA GABA Meis2/Tshz2",-0.835620996684061,-0.571150561287394,TRUE,"higher at P21"
8.30094192182897e-11,-0.597807437129823,0.245,0.533,2.07764275361457e-06,"Zdhhc20","CeA/MeA GABA Meis2/Tshz2",-0.593651469930543,-0.596859200498859,TRUE,"higher at P21"
8.6456673925102e-11,-0.524729030032313,0.26,0.549,2.16392409167138e-06,"Mapre2","CeA/MeA GABA Meis2/Tshz2",-0.577280393884636,-0.495704867686389,TRUE,"higher at P21"
8.69937332901335e-11,-0.557568365044286,0.394,0.671,2.17736615051875e-06,"Tmem132b","CeA/MeA GABA Meis2/Tshz2",-0.548896398695644,-0.59876110559703,TRUE,"higher at P21"
8.80370135030641e-11,-0.637629759421472,0.465,0.764,2.20347841096819e-06,"Akap8l","CeA/MeA GABA Meis2/Tshz2",-0.7053190717118,-0.546974810155992,TRUE,"higher at P21"
9.31044880335361e-11,-0.511687139298807,0.091,0.283,2.33031223099138e-06,"Atp6ap1","CeA/MeA GABA Meis2/Tshz2",-0.455038352464441,-0.620247497959912,TRUE,"higher at P21"
9.63915320198355e-11,-1.1614721021709,0.07,0.247,2.41258365492446e-06,"Ddx27","CeA/MeA GABA Meis2/Tshz2",-0.540319259088886,-0.76611530425652,TRUE,"higher at P21"
1.07180961071499e-10,-0.860235390624841,0.101,0.302,2.68263227465854e-06,"Flywch1","CeA/MeA GABA Meis2/Tshz2",-0.734686670244338,-0.766274567338906,TRUE,"higher at P21"
1.08101220600412e-10,-0.733123919666917,0.149,0.394,2.70566545040772e-06,"Man2a2","CeA/MeA GABA Meis2/Tshz2",-0.695015982405097,-0.608716542495554,TRUE,"higher at P21"
1.28551111583525e-10,-1.45597360106646,0.06,0.228,3.21750577182406e-06,"Nos1","CeA/MeA GABA Meis2/Tshz2",-1.26360797538804,-0.67832906827063,TRUE,"higher at P21"
1.31070323458443e-10,-0.611698695354693,0.119,0.315,3.28055912584136e-06,"Hspa4l","CeA/MeA GABA Meis2/Tshz2",-0.466711860824803,-0.547937738599256,TRUE,"higher at P21"
1.32264563418564e-10,-0.827009858911748,0.185,0.446,3.31044975780325e-06,"Gripap1","CeA/MeA GABA Meis2/Tshz2",-0.480686434926802,-0.726273108980886,TRUE,"higher at P21"
1.36335161622879e-10,-0.832955751308169,0.097,0.315,3.41233276025904e-06,"Esco1","CeA/MeA GABA Meis2/Tshz2",-0.879679184626992,-0.7408000806181,TRUE,"higher at P21"
1.36646875425564e-10,-0.618211873771977,0.229,0.503,3.42013464502645e-06,"Cacng8","CeA/MeA GABA Meis2/Tshz2",-0.644931418733726,-0.519802259957097,TRUE,"higher at P21"
1.42751910128296e-10,-1.26360208036729,0.05,0.207,3.57293755860112e-06,"Cst3","CeA/MeA GABA Meis2/Tshz2",-1.01350440920404,-0.851472000952183,TRUE,"higher at P21"
1.44519898724574e-10,-0.62966439918872,0.264,0.56,3.61718854517736e-06,"Pdss2","CeA/MeA GABA Meis2/Tshz2",-0.419540629028094,-0.59136765398557,TRUE,"higher at P21"
1.49690061157387e-10,-1.00613387093537,0.06,0.215,3.74659254070824e-06,"Cap1","CeA/MeA GABA Meis2/Tshz2",-0.704550869301599,-0.778346883711709,TRUE,"higher at P21"
1.58585024770514e-10,-0.796310536743089,0.127,0.326,3.96922458498118e-06,"Mir124a-1hg","CeA/MeA GABA Meis2/Tshz2",-0.872767565278293,-0.55756567168504,TRUE,"higher at P21"
1.6637411784574e-10,-0.669947916348359,0.072,0.228,4.16417779556102e-06,"Zfp30","CeA/MeA GABA Meis2/Tshz2",-0.896490426344605,-0.631270755592169,TRUE,"higher at P21"
1.6805985343395e-10,-0.567101650533084,0.205,0.473,4.20637007159833e-06,"Ube2b","CeA/MeA GABA Meis2/Tshz2",-0.64944169008917,-0.63517055088915,TRUE,"higher at P21"
1.71462555546316e-10,-0.749813841167617,0.205,0.481,4.29153630276875e-06,"Pcca","CeA/MeA GABA Meis2/Tshz2",-0.69240323025617,-0.764443347739722,TRUE,"higher at P21"
1.74539516740085e-10,-0.850640772562996,0.068,0.247,4.36854956448759e-06,"Tmem214","CeA/MeA GABA Meis2/Tshz2",-0.463869326068357,-0.798081027577591,TRUE,"higher at P21"
1.77938483779999e-10,-0.847765503908544,0.058,0.231,4.45362231052961e-06,"Mmaa","CeA/MeA GABA Meis2/Tshz2",-0.742269499719407,-0.814748878371285,TRUE,"higher at P21"
2.04063821260292e-10,-0.533896009249086,0.237,0.503,5.10751338232385e-06,"Golga4","CeA/MeA GABA Meis2/Tshz2",-0.497776527284161,-0.465991900042607,TRUE,"higher at P21"
2.05573056345622e-10,-0.942203211435753,0.089,0.285,5.14528802727457e-06,"Cdadc1","CeA/MeA GABA Meis2/Tshz2",-0.602767627203527,-0.970230218441802,TRUE,"higher at P21"
2.19086923587568e-10,1.14197360161086,0.567,0.489,5.48352661047325e-06,"C2cd2","CeA/MeA GABA Meis2/Tshz2",1.30882279879948,1.01577627063993,TRUE,"higher at P10"
2.31155783233357e-10,-0.641633276981897,0.247,0.546,5.78559809854769e-06,"Dhx36","CeA/MeA GABA Meis2/Tshz2",-0.463745432827481,-0.555325004569741,TRUE,"higher at P21"
2.38148779095269e-10,-0.736726853161132,0.125,0.329,5.96062579197549e-06,"Ankrd24","CeA/MeA GABA Meis2/Tshz2",-0.670831921533936,-0.59089023601951,TRUE,"higher at P21"
2.46153795398857e-10,0.844233451039734,0.712,0.617,6.16098334503799e-06,"Meis2","CeA/MeA GABA Meis2/Tshz2",0.598044848417027,0.837656228217159,TRUE,"higher at P10"
2.56546509852143e-10,0.654601167498993,0.753,0.764,6.42110259508929e-06,"Ccdc88a","CeA/MeA GABA Meis2/Tshz2",0.427129454522473,0.673840849681099,TRUE,"higher at P10"
2.71704176233381e-10,-1.2305935923094,0.083,0.288,6.80048382694529e-06,"mt-Atp6","CeA/MeA GABA Meis2/Tshz2",-1.23171433196053,-0.867383785169672,TRUE,"higher at P21"
3.11835664297221e-10,-0.639162935863293,0.191,0.438,7.80493484169514e-06,"Mef2d","CeA/MeA GABA Meis2/Tshz2",-0.632904701748434,-0.524135568049907,TRUE,"higher at P21"
3.16196986184859e-10,-0.808867803615962,0.105,0.304,7.91409436722083e-06,"St13","CeA/MeA GABA Meis2/Tshz2",-0.523764765738624,-0.656751096133116,TRUE,"higher at P21"
3.16908496867682e-10,-0.638884178352821,0.147,0.367,7.93190276810121e-06,"Sh3pxd2a","CeA/MeA GABA Meis2/Tshz2",-0.621105246780141,-0.460046925853905,TRUE,"higher at P21"
3.29363212066258e-10,-0.75387612890982,0.119,0.307,8.24363183480637e-06,"Wasl","CeA/MeA GABA Meis2/Tshz2",-0.570060445384473,-0.625511664703931,TRUE,"higher at P21"
3.36455368939257e-10,-0.711062364889436,0.173,0.413,8.42114142918067e-06,"Setd7","CeA/MeA GABA Meis2/Tshz2",-0.847740291364249,-0.455935154180312,TRUE,"higher at P21"
4.55952998754536e-10,-0.868256516425398,0.125,0.337,1.14120476058273e-05,"Coq8b","CeA/MeA GABA Meis2/Tshz2",-0.583037719941131,-0.657864814869914,TRUE,"higher at P21"
4.84334065617585e-10,-0.971022127469839,0.076,0.242,1.21223973283425e-05,"Ap2a1","CeA/MeA GABA Meis2/Tshz2",-0.695142206201953,-0.729323513403984,TRUE,"higher at P21"
5.72130622755927e-10,-0.645855336627371,0.105,0.304,1.43198573569581e-05,"P4htm","CeA/MeA GABA Meis2/Tshz2",-0.545292986709507,-0.47386682161694,TRUE,"higher at P21"
5.72597817258952e-10,-0.512982924319796,0.525,0.812,1.43315507681743e-05,"Snrnp70","CeA/MeA GABA Meis2/Tshz2",-0.488246739700969,-0.469836691966306,TRUE,"higher at P21"
5.77931690772483e-10,-0.867604153853996,0.123,0.329,1.44650522883445e-05,"Clmn","CeA/MeA GABA Meis2/Tshz2",-1.061582396086,-0.797123874746318,TRUE,"higher at P21"
5.79105150880368e-10,0.615113304400669,0.924,0.91,1.44944228213847e-05,"Pcdh7","CeA/MeA GABA Meis2/Tshz2",0.506059906680762,0.503192248705247,TRUE,"higher at P10"
5.86656523132377e-10,-1.3336752511253,0.066,0.209,1.46834261174803e-05,"9530026P05Rik","CeA/MeA GABA Meis2/Tshz2",-0.808162583839567,-0.970230218441802,TRUE,"higher at P21"
7.44774388563775e-10,-0.541975660629776,0.181,0.432,1.86409581713627e-05,"Arfgef2","CeA/MeA GABA Meis2/Tshz2",-0.546460915259289,-0.466503827264139,TRUE,"higher at P21"
7.47022521483041e-10,-0.541404432080624,0.191,0.465,1.8697226690199e-05,"Kdm5b","CeA/MeA GABA Meis2/Tshz2",-0.575325961119964,-0.495001713468633,TRUE,"higher at P21"
7.80704558423982e-10,-0.665042272737859,0.111,0.304,1.95402543927938e-05,"Mfap3","CeA/MeA GABA Meis2/Tshz2",-0.505049672645576,-0.523848011403864,TRUE,"higher at P21"
7.87339279087438e-10,-0.829348674421136,0.085,0.258,1.97063148162795e-05,"Pdia3","CeA/MeA GABA Meis2/Tshz2",-0.728783375760284,-0.597342875636036,TRUE,"higher at P21"
8.77511197572796e-10,-0.976309581085885,0.099,0.299,2.19632277640495e-05,"Cebpz","CeA/MeA GABA Meis2/Tshz2",-0.511715959870142,-0.717083794975119,TRUE,"higher at P21"
9.64934500930174e-10,-0.544362677807806,0.149,0.367,2.41513456237813e-05,"Baz1b","CeA/MeA GABA Meis2/Tshz2",-0.763494274654876,-0.432267444327815,TRUE,"higher at P21"
9.75632971725387e-10,-0.516013752280648,0.147,0.386,2.44191176493147e-05,"Zfyve28","CeA/MeA GABA Meis2/Tshz2",-0.873598437338072,-0.443130667654185,TRUE,"higher at P21"
1.00285148457451e-09,0.592790933224399,0.885,0.883,2.51003698074153e-05,"Ncam2","CeA/MeA GABA Meis2/Tshz2",0.48540473167568,0.508320764026603,TRUE,"higher at P10"
1.07389086707871e-09,-0.564578739044071,0.101,0.28,2.6878414512113e-05,"Zfp612","CeA/MeA GABA Meis2/Tshz2",-0.567478099704679,-0.486887112896829,TRUE,"higher at P21"
1.09951625210635e-09,-0.758446574454486,0.099,0.266,2.75197922739699e-05,"Gm45847","CeA/MeA GABA Meis2/Tshz2",-0.573477255903675,-0.488695346086074,TRUE,"higher at P21"
1.13134606516408e-09,-0.996845479706131,0.125,0.326,2.83164606649917e-05,"Numb","CeA/MeA GABA Meis2/Tshz2",-0.564974119604961,-0.81448747389263,TRUE,"higher at P21"
1.37772963489616e-09,-1.06120359867334,0.06,0.22,3.4483195031816e-05,"Acsl3","CeA/MeA GABA Meis2/Tshz2",-0.673911658578761,-0.710363357516657,TRUE,"higher at P21"
1.41304891618835e-09,-0.605046168368956,0.147,0.367,3.53672013232781e-05,"Gm50232","CeA/MeA GABA Meis2/Tshz2",-0.49424095521521,-0.574554288045763,TRUE,"higher at P21"
1.44722928342309e-09,-1.07788017948562,0.066,0.242,3.62227017347966e-05,"Gm41361","CeA/MeA GABA Meis2/Tshz2",-1.11995694597279,-0.737831984524394,TRUE,"higher at P21"
1.53495320526965e-09,-0.557299996443469,0.105,0.302,3.8418343774694e-05,"Cacng7","CeA/MeA GABA Meis2/Tshz2",-0.613699873549585,-0.456729024233267,TRUE,"higher at P21"
1.98836401675077e-09,-0.861708724054141,0.08,0.236,4.9766762975255e-05,"Tbc1d1","CeA/MeA GABA Meis2/Tshz2",-0.676031082194189,-0.67832906827063,TRUE,"higher at P21"
2.12118530085442e-09,-0.760796412823044,0.183,0.429,5.30911468950854e-05,"Arhgap6","CeA/MeA GABA Meis2/Tshz2",-0.436461044525396,-0.808085534003724,TRUE,"higher at P21"
2.14770137643419e-09,-0.633097017661009,0.151,0.397,5.37548177507713e-05,"Snrnp48","CeA/MeA GABA Meis2/Tshz2",-0.443521090883217,-0.64041487425346,TRUE,"higher at P21"
2.15962015262948e-09,0.868290227720832,0.682,0.633,5.40531328001632e-05,"Gm11149","CeA/MeA GABA Meis2/Tshz2",0.633119548688682,0.83145210127402,TRUE,"higher at P10"
2.5361117103091e-09,-0.594701555329403,0.451,0.739,6.34763399973265e-05,"Prickle1","CeA/MeA GABA Meis2/Tshz2",-0.681969795996442,-0.481403720175663,TRUE,"higher at P21"
2.61267618581064e-09,1.32603793140464,0.509,0.389,6.53926722546545e-05,"Chl1","CeA/MeA GABA Meis2/Tshz2",1.21873042922095,1.21293422541962,TRUE,"higher at P10"
2.6346470755019e-09,-0.656167475942228,0.177,0.399,6.59425816527371e-05,"Mbp","CeA/MeA GABA Meis2/Tshz2",-0.577233207938212,-0.408427746187164,TRUE,"higher at P21"
2.65330278806439e-09,-0.684388025668858,0.095,0.277,6.64095154824635e-05,"Cx3cl1","CeA/MeA GABA Meis2/Tshz2",-0.402962182589195,-0.498101026995693,TRUE,"higher at P21"
2.78341787877115e-09,-0.668997741272937,0.091,0.269,6.96661660877631e-05,"Dcun1d5","CeA/MeA GABA Meis2/Tshz2",-0.506761003116449,-0.641436459040901,TRUE,"higher at P21"
2.90041960652099e-09,-0.576432901722149,0.135,0.332,7.2594602331614e-05,"Col4a2","CeA/MeA GABA Meis2/Tshz2",-0.407641572125261,-0.553972507376197,TRUE,"higher at P21"
2.94531890301927e-09,-0.524393299106577,0.161,0.408,7.37183868236692e-05,"Zwint","CeA/MeA GABA Meis2/Tshz2",-0.677652650378261,-0.459237337549646,TRUE,"higher at P21"
3.29987342212312e-09,-0.827389687831594,0.068,0.226,8.25925318823195e-05,"Nono","CeA/MeA GABA Meis2/Tshz2",-0.954631391821333,-0.544446529749401,TRUE,"higher at P21"
3.48364936181538e-09,-1.0544253523919,0.064,0.231,8.71922598768773e-05,"Cpeb1","CeA/MeA GABA Meis2/Tshz2",-0.507183713992188,-0.865300939988957,TRUE,"higher at P21"
3.67883387580347e-09,-0.942292497499531,0.082,0.247,9.20775330774851e-05,"Tex50","CeA/MeA GABA Meis2/Tshz2",-0.538280414363536,-0.770956005901726,TRUE,"higher at P21"
3.7864673451266e-09,-0.618789318261515,0.229,0.478,9.47714911811738e-05,"Iqsec3","CeA/MeA GABA Meis2/Tshz2",-0.776187568909815,-0.432403220651156,TRUE,"higher at P21"
4.11700923650189e-09,-0.731955423219427,0.076,0.223,0.000103044624180406,"Terf1","CeA/MeA GABA Meis2/Tshz2",-0.688727793441851,-0.639061623564634,TRUE,"higher at P21"
4.27278197645124e-09,-0.618767996649107,0.091,0.261,0.000106943460088598,"Pcf11","CeA/MeA GABA Meis2/Tshz2",-0.401053174359301,-0.672456428777558,TRUE,"higher at P21"
4.3879672500941e-09,-0.558381580607389,0.113,0.307,0.000109826432302605,"6430590A07Rik","CeA/MeA GABA Meis2/Tshz2",-0.516679411416317,-0.433749746963052,TRUE,"higher at P21"
4.47455758235319e-09,-0.588216274862413,0.179,0.421,0.000111993701728718,"Banp","CeA/MeA GABA Meis2/Tshz2",-0.626843059015779,-0.492345916224151,TRUE,"higher at P21"
4.91954949433798e-09,-0.608108616027283,0.256,0.524,0.000123131404293785,"Map7","CeA/MeA GABA Meis2/Tshz2",-0.618482257435599,-0.571774547474355,TRUE,"higher at P21"
4.97416135447263e-09,-0.730515135864792,0.139,0.34,0.000124498284541095,"4930428E07Rik","CeA/MeA GABA Meis2/Tshz2",-0.619141218089826,-0.526556964155387,TRUE,"higher at P21"
4.97714640698102e-09,-0.883112444525895,0.119,0.31,0.000124572997420328,"Zmiz1os1","CeA/MeA GABA Meis2/Tshz2",-0.919826390879881,-0.64847045558362,TRUE,"higher at P21"
5.52882440301891e-09,-0.732845195237616,0.131,0.345,0.00013838094598316,"Ttyh1","CeA/MeA GABA Meis2/Tshz2",-0.53333515712561,-0.552568251820319,TRUE,"higher at P21"
6.20398089032897e-09,-1.09519436308227,0.064,0.217,0.000155279437704044,"Atp1b3","CeA/MeA GABA Meis2/Tshz2",-0.724839306645868,-0.669763531865857,TRUE,"higher at P21"
6.50172337231168e-09,-0.993417414752604,0.078,0.226,0.000162731634285589,"Ttc27","CeA/MeA GABA Meis2/Tshz2",-0.475926924052583,-0.639061623564634,TRUE,"higher at P21"
7.61141224357535e-09,-0.722979730825875,0.169,0.391,0.000190506037044447,"Npas2","CeA/MeA GABA Meis2/Tshz2",-0.402169210288175,-0.732349160083676,TRUE,"higher at P21"
7.87259949787089e-09,-0.843336582483727,0.099,0.283,0.00019704329283221,"Anks3","CeA/MeA GABA Meis2/Tshz2",-0.464689785522483,-0.693985422104365,TRUE,"higher at P21"
8.23573313946848e-09,-0.532763696343089,0.135,0.334,0.000206132164747756,"Trak1","CeA/MeA GABA Meis2/Tshz2",-0.438308012726713,-0.457621542450738,TRUE,"higher at P21"
8.44368460614548e-09,0.817740106412632,0.676,0.601,0.000211336982007215,"Sema6d","CeA/MeA GABA Meis2/Tshz2",0.64798580145944,0.62301890475686,TRUE,"higher at P10"
9.73410944815975e-09,-0.772899558600584,0.056,0.217,0.00024363502537799,"Notch3","CeA/MeA GABA Meis2/Tshz2",-0.626019711610529,-0.72196154340697,TRUE,"higher at P21"
9.82891684044586e-09,-0.807018226107474,0.097,0.277,0.000246007959599519,"Cyp51","CeA/MeA GABA Meis2/Tshz2",-0.565955520307743,-0.56983737001135,TRUE,"higher at P21"
1.03361256199936e-08,-0.801887950706595,0.068,0.212,0.000258702888142819,"Ddrgk1","CeA/MeA GABA Meis2/Tshz2",-0.535987688173941,-0.512083263275058,TRUE,"higher at P21"
1.08334310352863e-08,-0.588497116779681,0.276,0.568,0.000271149945382182,"Rmdn1","CeA/MeA GABA Meis2/Tshz2",-0.665102172369495,-0.435954871170427,TRUE,"higher at P21"
1.08665426832226e-08,-0.773603623975231,0.064,0.204,0.000271978696818377,"Mpp5","CeA/MeA GABA Meis2/Tshz2",-0.631950938180153,-0.496104098796723,TRUE,"higher at P21"
1.14048933475594e-08,-1.01273851841049,0.068,0.22,0.000285453075596063,"Azin2","CeA/MeA GABA Meis2/Tshz2",-0.802879502285728,-0.631270755592169,TRUE,"higher at P21"
1.36323099215066e-08,0.778470605182481,0.833,0.837,0.000341203085025389,"Dcc","CeA/MeA GABA Meis2/Tshz2",0.690208246515071,0.832821092164171,TRUE,"higher at P10"
1.43602743189695e-08,-0.621000011561529,0.095,0.266,0.000359423305929488,"Psma1","CeA/MeA GABA Meis2/Tshz2",-0.536661838091978,-0.540172244589659,TRUE,"higher at P21"
1.47718810330272e-08,0.66112920191161,0.811,0.821,0.000369725410375637,"Ptprg","CeA/MeA GABA Meis2/Tshz2",0.684693709816941,0.689759220419534,TRUE,"higher at P10"
1.57652607650037e-08,-1.10651202032573,0.072,0.22,0.000394588711687278,"Mfsd4a","CeA/MeA GABA Meis2/Tshz2",-0.779888710900336,-0.716798171143986,TRUE,"higher at P21"
1.64383153745099e-08,-0.743415604690632,0.097,0.272,0.000411434595508608,"Gm14858","CeA/MeA GABA Meis2/Tshz2",-0.820714192687454,-0.552376081784825,TRUE,"higher at P21"
1.70721013280345e-08,-0.708406012765615,0.07,0.226,0.000427297624139376,"Ckb","CeA/MeA GABA Meis2/Tshz2",-0.518743438579337,-0.685535007871511,TRUE,"higher at P21"
1.71451187507395e-08,-0.724069778009468,0.105,0.291,0.00042912517721226,"Phf6","CeA/MeA GABA Meis2/Tshz2",-0.707489785108352,-0.60021069076871,TRUE,"higher at P21"
1.8872919909758e-08,-0.530565759769124,0.139,0.345,0.000472370312421333,"Grb2","CeA/MeA GABA Meis2/Tshz2",-0.541917375458636,-0.427285182657135,TRUE,"higher at P21"
1.91455785196033e-08,-0.87976337642207,0.068,0.228,0.00047919468476715,"Rab1a","CeA/MeA GABA Meis2/Tshz2",-0.518743438579337,-0.804736972516313,TRUE,"higher at P21"
2.01857930458465e-08,-0.866075464944591,0.076,0.245,0.000505230214144492,"Uri1","CeA/MeA GABA Meis2/Tshz2",-0.621222632710166,-0.771407322959096,TRUE,"higher at P21"
2.04119895801209e-08,-0.580596753638191,0.256,0.533,0.000510891687200846,"Dzank1","CeA/MeA GABA Meis2/Tshz2",-0.59930096691526,-0.471159983061526,TRUE,"higher at P21"
2.04757951341719e-08,-0.72327620298809,0.113,0.291,0.000512488676413188,"Txndc16","CeA/MeA GABA Meis2/Tshz2",-0.414951408204764,-0.560084896109953,TRUE,"higher at P21"
2.16148384441019e-08,-0.549940357197237,0.859,0.929,0.000540997791417428,"Phactr1","CeA/MeA GABA Meis2/Tshz2",-0.468257662461292,-0.566101561143758,TRUE,"higher at P21"
2.20904788829397e-08,-0.678915672655775,0.143,0.348,0.000552902595961098,"Abl1","CeA/MeA GABA Meis2/Tshz2",-0.409039953904362,-0.564588738990516,TRUE,"higher at P21"
2.23497182381492e-08,-0.62437389578522,0.111,0.293,0.000559391097782635,"Sympk","CeA/MeA GABA Meis2/Tshz2",-0.644453834433338,-0.521360747497828,TRUE,"higher at P21"
2.36405094982466e-08,-0.747445966859504,0.072,0.223,0.000591698312231614,"Ammecr1l","CeA/MeA GABA Meis2/Tshz2",-0.78440891964411,-0.434658582118727,TRUE,"higher at P21"
2.40878874262067e-08,-0.586233628254286,0.201,0.44,0.000602895734390527,"Fam126b","CeA/MeA GABA Meis2/Tshz2",-0.51185902557575,-0.587119593102951,TRUE,"higher at P21"
2.44245609324248e-08,-1.03879348715811,0.064,0.201,0.000611322335577661,"Stk24","CeA/MeA GABA Meis2/Tshz2",-1.06959020843212,-0.491103981331283,TRUE,"higher at P21"
2.91665375837662e-08,-0.631441996504174,0.095,0.261,0.000730009269184084,"Cep162","CeA/MeA GABA Meis2/Tshz2",-0.445033400183161,-0.555081053851098,TRUE,"higher at P21"
3.10111693363677e-08,-0.572942108914716,0.203,0.44,0.000776178557319947,"Gkap1","CeA/MeA GABA Meis2/Tshz2",-0.458649577168356,-0.425561643531329,TRUE,"higher at P21"
3.41813581777731e-08,-0.522914450718861,0.169,0.37,0.000855525213831482,"Cep290","CeA/MeA GABA Meis2/Tshz2",-0.416948514867038,-0.532551777965821,TRUE,"higher at P21"
4.12759778086374e-08,-0.537771834181145,0.324,0.603,0.00103309644857239,"Galnt16","CeA/MeA GABA Meis2/Tshz2",-0.513330499571891,-0.60837487412494,TRUE,"higher at P21"
4.1708421871802e-08,-1.0946220401275,0.07,0.223,0.00104392009102933,"Rreb1","CeA/MeA GABA Meis2/Tshz2",-0.695142206201953,-0.807099884676953,TRUE,"higher at P21"
4.18681485503172e-08,-0.622487466663044,0.07,0.223,0.00104791789006589,"Elfn2","CeA/MeA GABA Meis2/Tshz2",-0.682043711028307,-0.441229986285742,TRUE,"higher at P21"
4.24275127860296e-08,-0.760352239761972,0.058,0.201,0.00106191821752153,"Stx1b","CeA/MeA GABA Meis2/Tshz2",-0.779027066299693,-0.702665845720428,TRUE,"higher at P21"
4.29211259713823e-08,-0.575836644067837,0.165,0.38,0.00107427286193773,"Hnrnph3","CeA/MeA GABA Meis2/Tshz2",-0.50181890680994,-0.492571447112003,TRUE,"higher at P21"
4.36344706862132e-08,-0.710535713134549,0.082,0.231,0.00109212716680523,"Rnf13","CeA/MeA GABA Meis2/Tshz2",-0.547267237833192,-0.429922743418975,TRUE,"higher at P21"
4.47111363504983e-08,-0.524777388443817,0.087,0.247,0.00111907503171662,"Dcun1d4","CeA/MeA GABA Meis2/Tshz2",-0.455038352464441,-0.457757883249812,TRUE,"higher at P21"
4.47261404086311e-08,-0.500243220401871,0.624,0.859,0.00111945056828763,"Syne1","CeA/MeA GABA Meis2/Tshz2",-0.462618764808946,-0.435139963852009,TRUE,"higher at P21"
4.48988564334247e-08,-0.556952780119636,0.119,0.307,0.00112377347767219,"Pgbd5","CeA/MeA GABA Meis2/Tshz2",-0.775689115004929,-0.487130780931209,TRUE,"higher at P21"
4.66412517145394e-08,-0.524887795095288,0.115,0.293,0.00116738388916321,"Anapc1","CeA/MeA GABA Meis2/Tshz2",-0.505049672645576,-0.45627403298215,TRUE,"higher at P21"
4.68338878195587e-08,-0.603205425255728,0.083,0.231,0.00117220537823573,"Zkscan3","CeA/MeA GABA Meis2/Tshz2",-0.885859531150665,-0.459687679468967,TRUE,"higher at P21"
5.41480855993839e-08,-0.713154716871354,0.117,0.291,0.00135527243446698,"Bicc1","CeA/MeA GABA Meis2/Tshz2",-0.407641572125261,-0.691205358902423,TRUE,"higher at P21"
5.75029723982368e-08,-0.787260953000784,0.097,0.272,0.00143924189615547,"Kif17","CeA/MeA GABA Meis2/Tshz2",-0.552594999390698,-0.719917824105123,TRUE,"higher at P21"
6.49591044496614e-08,-0.618776557052533,0.153,0.37,0.00162586142527058,"Ppme1","CeA/MeA GABA Meis2/Tshz2",-0.54404563807679,-0.511552759116982,TRUE,"higher at P21"
6.65700120164019e-08,-0.822768232355689,0.066,0.201,0.00166618083075852,"Gabpb2","CeA/MeA GABA Meis2/Tshz2",-0.834762823411317,-0.412771012247829,TRUE,"higher at P21"
7.13871987522279e-08,-0.533981066312649,0.078,0.22,0.00178675019756951,"Gm11508","CeA/MeA GABA Meis2/Tshz2",-0.562290539788548,-0.495193740955017,TRUE,"higher at P21"
7.66301212782898e-08,-1.12272735272694,0.074,0.223,0.00191797530547432,"Xpnpep1","CeA/MeA GABA Meis2/Tshz2",-0.577076825669172,-0.889936364568274,TRUE,"higher at P21"
7.81311421243833e-08,-0.887094199714471,0.062,0.201,0.00195554435623119,"E230016M11Rik","CeA/MeA GABA Meis2/Tshz2",-0.688995042863104,-0.811895457557692,TRUE,"higher at P21"
8.63037458610661e-08,-0.756853895382172,0.083,0.231,0.00216009645515662,"Zscan26","CeA/MeA GABA Meis2/Tshz2",-0.538280414363536,-0.522856156666951,TRUE,"higher at P21"
9.22025462557486e-08,-0.71074438108189,0.145,0.329,0.00230773753023513,"Gm46367","CeA/MeA GABA Meis2/Tshz2",-0.851322554958848,-0.498444416868553,TRUE,"higher at P21"
9.39351568279745e-08,-0.533255416311853,0.483,0.753,0.00235110304024737,"Sipa1l1","CeA/MeA GABA Meis2/Tshz2",-0.603591479566389,-0.475287948722289,TRUE,"higher at P21"
9.95133354708868e-08,-0.60948246726039,0.153,0.353,0.00249071927350083,"Txlng","CeA/MeA GABA Meis2/Tshz2",-0.58924942000778,-0.52826131561162,TRUE,"higher at P21"
1.04404224625087e-07,-0.629211823231141,0.091,0.242,0.00261313333814129,"Zim1","CeA/MeA GABA Meis2/Tshz2",-0.594773150864264,-0.503019697035973,TRUE,"higher at P21"
1.15741725584026e-07,-0.910431979275613,0.085,0.231,0.00289689964964259,"Chac2","CeA/MeA GABA Meis2/Tshz2",-0.712921843158575,-0.571282769688711,TRUE,"higher at P21"
1.18355042716924e-07,-0.851139948171707,0.06,0.209,0.0029623083641619,"Anp32a","CeA/MeA GABA Meis2/Tshz2",-0.754230099460956,-0.602641296746242,TRUE,"higher at P21"
1.19853685676089e-07,-0.51057678994932,0.173,0.389,0.00299981789878683,"Lonp2","CeA/MeA GABA Meis2/Tshz2",-0.417111166720473,-0.512053180225664,TRUE,"higher at P21"
1.64180597031422e-07,-0.58404877603035,0.143,0.342,0.00410927616309946,"Cab39l","CeA/MeA GABA Meis2/Tshz2",-0.415980114215945,-0.513616713381237,TRUE,"higher at P21"
1.67460427709553e-07,-0.775707573999029,0.107,0.277,0.00419136704514239,"Cc2d2a","CeA/MeA GABA Meis2/Tshz2",-0.500113853826143,-0.546407087864639,TRUE,"higher at P21"
1.88561915335715e-07,-0.671273063590726,0.135,0.329,0.00471951617893762,"Lrrc29","CeA/MeA GABA Meis2/Tshz2",-0.703885997558031,-0.482897899807765,TRUE,"higher at P21"
2.04012110558357e-07,-0.779191640026615,0.08,0.228,0.00510621911516511,"Usf3","CeA/MeA GABA Meis2/Tshz2",-0.669419684975536,-0.497810938281977,TRUE,"higher at P21"
2.18439005281998e-07,-0.75178951987254,0.082,0.242,0.00546730986320313,"Trafd1","CeA/MeA GABA Meis2/Tshz2",-0.519201866653612,-0.554263401338364,TRUE,"higher at P21"
2.40540771796662e-07,-0.706310560853527,0.076,0.228,0.00602049497729865,"Cyb5b","CeA/MeA GABA Meis2/Tshz2",-0.669419684975536,-0.71949532277838,TRUE,"higher at P21"
2.65606414107885e-07,-0.689896771217194,0.085,0.253,0.00664786293870625,"Hcn2","CeA/MeA GABA Meis2/Tshz2",-0.688505355561826,-0.613004345984722,TRUE,"higher at P21"
2.95973515649072e-07,-0.653076903197713,0.173,0.389,0.00740792112318063,"Gm45159","CeA/MeA GABA Meis2/Tshz2",-0.464761940776465,-0.593841900701407,TRUE,"higher at P21"
3.03784379071126e-07,-0.53875662645664,0.135,0.302,0.00760341922377121,"Crocc","CeA/MeA GABA Meis2/Tshz2",-0.487349721459147,-0.422153498602557,TRUE,"higher at P21"
3.16717114314059e-07,-1.25051751837191,0.064,0.207,0.0079271126541666,"Chgb","CeA/MeA GABA Meis2/Tshz2",-0.718385835678192,-0.789613709235835,TRUE,"higher at P21"
3.17348716173228e-07,-1.09896128082713,0.06,0.201,0.00794292101709972,"Zhx2","CeA/MeA GABA Meis2/Tshz2",-0.881150633546005,-0.881558995444159,TRUE,"higher at P21"
3.40088254632787e-07,-0.596294004031573,0.078,0.207,0.00851206892520403,"Rbm24","CeA/MeA GABA Meis2/Tshz2",-0.603458006229096,-0.534212932941553,TRUE,"higher at P21"
3.61537758018799e-07,-0.868258328336123,0.107,0.261,0.00904892854545252,"Aven","CeA/MeA GABA Meis2/Tshz2",-0.678112265984837,-0.538473001783865,TRUE,"higher at P21"
3.88795268084414e-07,-0.742510471916486,0.082,0.226,0.0097311567648848,"Pigb","CeA/MeA GABA Meis2/Tshz2",-0.737758685127477,-0.526803266654382,TRUE,"higher at P21"
3.90959087704129e-07,-0.533343154916994,0.099,0.25,0.00978531500614664,"Ufd1","CeA/MeA GABA Meis2/Tshz2",-0.423881213538609,-0.583507270785098,TRUE,"higher at P21"
2.34996426959174e-11,-3.12655444978201,0.064,0.512,5.88172557036116e-07,"mt-Co3","CeA GABA Prkcd/Calcrl",-2.31334910593241,-2.03423001866469,TRUE,"higher at P21"
7.50108887722514e-11,-2.63324210400572,0.05,0.465,1.87744753508068e-06,"Gm41361","CeA GABA Prkcd/Calcrl",-2.33206447922677,-1.45923234763952,TRUE,"higher at P21"
8.16224994584864e-11,-3.20018587060277,0.057,0.465,2.04292953894646e-06,"Slc17a5","CeA GABA Prkcd/Calcrl",-1.85440500582518,-2.46508559067743,TRUE,"higher at P21"
2.27070581337992e-09,-3.53160313031507,0.021,0.326,5.6833495803086e-05,"Zfp831","CeA GABA Prkcd/Calcrl",-2.27704089309061,-1.93159492924418,TRUE,"higher at P21"
9.03400523953289e-09,-1.61647126638353,0.128,0.605,0.000226112117140269,"Specc1","CeA GABA Prkcd/Calcrl",-1.91349139276659,-0.899830511652794,TRUE,"higher at P21"
1.44302348703088e-08,-2.64314181832248,0.043,0.372,0.000361174348568958,"Zscan26","CeA GABA Prkcd/Calcrl",-1.49562412715793,-1.74199608146669,TRUE,"higher at P21"
2.07399483167543e-08,-2.65754723525987,0.035,0.349,0.000519100166420042,"Clu","CeA GABA Prkcd/Calcrl",-2.26143159667499,-1.57812603450715,TRUE,"higher at P21"
2.83681456584118e-08,-1.84711414203844,0.184,0.651,0.000710026317684388,"Cmss1","CeA GABA Prkcd/Calcrl",-1.54375891637313,-1.42648322101997,TRUE,"higher at P21"
2.87256592148544e-08,-1.68722816480954,0.028,0.326,0.000718974524488592,"1810034E14Rik","CeA GABA Prkcd/Calcrl",-1.36074327597813,-1.60711523028689,TRUE,"higher at P21"
5.30635420285588e-08,-1.814159751743,0.092,0.488,0.0013281273934328,"Runx2","CeA GABA Prkcd/Calcrl",-1.83889449930947,-1.57987706399839,TRUE,"higher at P21"
5.93320337970062e-08,-2.40811680259885,0.078,0.442,0.00148502147390527,"Hpcal1","CeA GABA Prkcd/Calcrl",-1.10754541692153,-2.43025002009141,TRUE,"higher at P21"
8.84802050896626e-08,-1.61268531524174,0.092,0.488,0.00221457105318917,"A930015D03Rik","CeA GABA Prkcd/Calcrl",-1.7133280441784,-1.12250246311612,TRUE,"higher at P21"
9.04202957542815e-08,-2.61913859644519,0.035,0.326,0.00226312958243391,"Rbm34","CeA GABA Prkcd/Calcrl",-1.79074095359032,-1.57812603450715,TRUE,"higher at P21"
1.0403213370539e-07,-2.81221292520086,0.028,0.302,0.00260382027451221,"Nceh1","CeA GABA Prkcd/Calcrl",-1.81036435978981,-2.19085998197616,TRUE,"higher at P21"
1.20002544023475e-07,-2.73183324711672,0.028,0.302,0.00300354367436355,"Rlim","CeA GABA Prkcd/Calcrl",-1.64752085719172,-2.05673631409857,TRUE,"higher at P21"
1.45405481805047e-07,-2.00238055036315,0.035,0.326,0.00363935380409852,"Rnf41","CeA GABA Prkcd/Calcrl",-0.938781422204909,-1.87611974934428,TRUE,"higher at P21"
1.8001402603621e-07,-1.82262792918863,0.106,0.488,0.00450557105766029,"Pitpnm2","CeA GABA Prkcd/Calcrl",-1.88920721928485,-1.12639661980882,TRUE,"higher at P21"
2.03009770411006e-07,-1.32111803149561,0.305,0.791,0.00508113154361706,"Gpr158","CeA GABA Prkcd/Calcrl",-0.87607656802967,-1.3513694976937,TRUE,"higher at P21"
2.47415867055769e-07,-1.29953953970871,0.589,0.907,0.00619257173653884,"Lncpint","CeA GABA Prkcd/Calcrl",-1.15617089814304,-1.2965787482213,TRUE,"higher at P21"
2.50301416372137e-07,-1.66090189113689,0.106,0.488,0.00626479415037821,"Polr2a","CeA GABA Prkcd/Calcrl",-0.910877548808861,-1.8735847280972,TRUE,"higher at P21"
3.23728491962688e-07,0.941506815395111,0.986,0.977,0.00810260042533413,"Gm26871","CeA GABA Prkcd/Calcrl",1.04608842249244,0.802903577119229,TRUE,"higher at P10"
3.46082992635962e-07,-1.89712455296451,0.05,0.349,0.0086621112226855,"Rab27a","CeA GABA Prkcd/Calcrl",-1.51654540750377,-1.48377355660593,TRUE,"higher at P21"
3.46082992635962e-07,-2.26974914009848,0.05,0.349,0.0086621112226855,"Baiap3","CeA GABA Prkcd/Calcrl",-1.76151263759632,-1.97703170859628,TRUE,"higher at P21"
3.6828196560411e-07,-1.2889462020671,0.213,0.674,0.00921772931710527,"Prkag2","CeA GABA Prkcd/Calcrl",-1.02891492314924,-1.2792518031946,TRUE,"higher at P21"
3.97260692941915e-07,-3.97279261571186,0.007,0.209,0.0099430378836432,"F730043M19Rik","CeA GABA Prkcd/Calcrl",-2.61339784287214,-1.75012205650651,TRUE,"higher at P21"
7.19580304764416e-15,-1.68976516402496,0.401,0.929,1.80103754479486e-10,"Lncpint","D2 SPN-like Adora2a",-1.66213111551464,-1.67958471898209,TRUE,"higher at P21"
4.37497568797225e-14,-1.24703807232752,0.718,0.982,1.09501266494257e-09,"Grin2a","D2 SPN-like Adora2a",-1.13509471558944,-1.16447034424189,TRUE,"higher at P21"
1.26005169420779e-13,-2.13749971640055,0.163,0.661,3.15378338543267e-09,"Ptk2b","D2 SPN-like Adora2a",-2.10238010243781,-1.85105206985195,TRUE,"higher at P21"
4.91511785797331e-13,1.22618044915664,0.955,0.911,1.23020484867214e-08,"Robo2","D2 SPN-like Adora2a",1.11095241944603,1.09813157500046,TRUE,"higher at P10"
1.67683329130786e-12,-3.38971219804963,0.02,0.321,4.19694604481443e-08,"Cap1","D2 SPN-like Adora2a",-2.21306815586005,-2.510946901755,TRUE,"higher at P21"
2.24899110934725e-12,-2.98137843445704,0.03,0.357,5.62899984758523e-08,"Ankrd33b","D2 SPN-like Adora2a",-2.76198184592131,-1.7993485763155,TRUE,"higher at P21"
3.82749042280175e-12,-1.73066488034297,0.134,0.625,9.57982577923049e-08,"Rab6b","D2 SPN-like Adora2a",-1.65086756188665,-1.67611759424885,TRUE,"higher at P21"
1.01192764673029e-11,-1.99784155187497,0.153,0.625,2.53275370700123e-07,"Cap2","D2 SPN-like Adora2a",-1.94846010193672,-1.75794799667309,TRUE,"higher at P21"
1.16087371209537e-11,-1.58986450665123,0.149,0.643,2.90555081400351e-07,"Prex2","D2 SPN-like Adora2a",-1.49320950669985,-1.35316812810708,TRUE,"higher at P21"
1.31613029112327e-11,-2.5944882599094,0.05,0.393,3.29414250565244e-07,"2210408F21Rik","D2 SPN-like Adora2a",-2.78132751009368,-2.12605718315659,TRUE,"higher at P21"
2.30338243539205e-11,-1.90580501162776,0.114,0.554,5.76513589754276e-07,"Cmss1","D2 SPN-like Adora2a",-1.81767170367399,-1.47004707283455,TRUE,"higher at P21"
4.51434699105788e-11,-2.64753590457883,0.035,0.339,1.12989590839188e-06,"Ano2","D2 SPN-like Adora2a",-2.44258555992434,-1.7652831252484,TRUE,"higher at P21"
4.85868349870441e-11,-1.70591137724743,0.342,0.804,1.21607989289073e-06,"Arhgap6","D2 SPN-like Adora2a",-0.738708421910312,-1.64768561173167,TRUE,"higher at P21"
6.29073813169007e-11,-1.35632837550239,0.366,0.911,1.57450884698071e-06,"Akap8l","D2 SPN-like Adora2a",-1.01616470067372,-1.28992796783768,TRUE,"higher at P21"
7.34611528570881e-11,-0.886350009998489,0.926,0.982,1.83865919486006e-06,"AC149090.1","D2 SPN-like Adora2a",-0.444889906991168,-0.905722018090221,TRUE,"higher at P21"
1.45100555143712e-10,0.731188347938139,0.995,1,3.63172179469197e-06,"Cadm2","D2 SPN-like Adora2a",0.512812595083425,0.748437601939123,TRUE,"higher at P10"
2.38607110533803e-10,2.78392205459779,0.673,0.304,5.97209736955054e-06,"Gm20754","D2 SPN-like Adora2a",2.20532020504337,2.51428512270408,TRUE,"higher at P10"
2.74471675084691e-10,-1.62158913279136,0.178,0.643,6.86975155569473e-06,"Cyld","D2 SPN-like Adora2a",-1.74551361924141,-1.42363030154782,TRUE,"higher at P21"
3.70837552418748e-10,-1.60789045444787,0.257,0.732,9.28169309948884e-06,"Kctd1","D2 SPN-like Adora2a",-1.57293737613432,-1.35378706387377,TRUE,"higher at P21"
4.10022379057234e-10,-3.8499953650816,0.02,0.268,1.02624501254235e-05,"Amelx","D2 SPN-like Adora2a",-1.38548578943497,-2.90764922669856,TRUE,"higher at P21"
4.35892552575661e-10,-1.22122403319359,0.629,0.929,1.09099546984162e-05,"Syne1","D2 SPN-like Adora2a",-1.55487621426414,-0.870798412157988,TRUE,"higher at P21"
4.80639818178405e-10,-3.94134232296963,0.01,0.232,1.20299340091873e-05,"Ppid","D2 SPN-like Adora2a",-1.01085860221555,-2.40147049849829,TRUE,"higher at P21"
5.75468641619115e-10,-2.5410478528856,0.03,0.304,1.44034046310848e-05,"Kcnj9","D2 SPN-like Adora2a",-2.46577985793787,-1.69209645093441,TRUE,"higher at P21"
6.11938986262175e-10,-1.34982272586026,0.124,0.536,1.5316220887156e-05,"Ttll11","D2 SPN-like Adora2a",-1.73294004265176,-1.17735114292005,TRUE,"higher at P21"
9.53311972181017e-10,-1.56845493543986,0.139,0.571,2.38604453517187e-05,"Kcnip2","D2 SPN-like Adora2a",-1.88954989739993,-1.35816342130902,TRUE,"higher at P21"
9.75126677148276e-10,-2.63415073177206,0.045,0.339,2.44064456023442e-05,"Gm10419","D2 SPN-like Adora2a",-1.61445933121357,-1.75149401381656,TRUE,"higher at P21"
1.32284790568566e-09,-3.2294914224387,0.035,0.304,3.31095602314063e-05,"Sidt1","D2 SPN-like Adora2a",-1.36069062812635,-2.41051766541378,TRUE,"higher at P21"
1.57950466513168e-09,1.00517053025625,1,0.982,3.95334222635807e-05,"Tenm2","D2 SPN-like Adora2a",1.0579277634338,0.776744425033695,TRUE,"higher at P10"
1.65344051043847e-09,-1.91201876410174,0.089,0.446,4.13839625357645e-05,"Specc1","D2 SPN-like Adora2a",-1.92455454312017,-1.22438837438313,TRUE,"higher at P21"
2.27462751382652e-09,-2.84183009376195,0.03,0.286,5.69316520435641e-05,"Gm17202","D2 SPN-like Adora2a",-1.6583792202721,-2.04479243560237,TRUE,"higher at P21"
2.34043027223334e-09,-2.41035712026965,0.035,0.304,5.85786292837284e-05,"Cystm1","D2 SPN-like Adora2a",-1.71593659457527,-1.67191832620839,TRUE,"higher at P21"
2.87141184732197e-09,-1.68222005324439,0.114,0.5,7.18685671266215e-05,"Fam222b","D2 SPN-like Adora2a",-1.27985015151809,-1.18878651307311,TRUE,"higher at P21"
3.03970961407288e-09,-2.01428315632906,0.069,0.393,7.60808919306301e-05,"Gm17276","D2 SPN-like Adora2a",-1.46189926924083,-1.62737485732301,TRUE,"higher at P21"
4.47537311699406e-09,0.944212226313756,0.931,0.875,0.000112014113745244,"Ncam1","D2 SPN-like Adora2a",0.857353091531774,1.13338520703629,TRUE,"higher at P10"
5.24736568317128e-09,-2.32869548700051,0.099,0.429,0.000131336315684094,"Dpy19l3","D2 SPN-like Adora2a",-1.71472714318438,-1.50865672636327,TRUE,"higher at P21"
5.46898921920412e-09,-2.06654943058911,0.064,0.375,0.00013688333116746,"Fam227a","D2 SPN-like Adora2a",-1.19264677146699,-1.41234386088564,TRUE,"higher at P21"
1.08126460223097e-08,1.72859489288536,0.827,0.589,0.000270629717292388,"Galntl6","D2 SPN-like Adora2a",0.965480832103758,1.85057985172798,TRUE,"higher at P10"
1.22662294794648e-08,-3.46214667529446,0.025,0.25,0.000307011457641524,"Akap5","D2 SPN-like Adora2a",-2.22126093208662,-1.820732085547,TRUE,"higher at P21"
1.26831291807381e-08,-1.75861750520475,0.109,0.464,0.000317446040264694,"S100pbp","D2 SPN-like Adora2a",-1.22916305829059,-1.65220142885642,TRUE,"higher at P21"
1.30662529699958e-08,-2.60101329407376,0.035,0.286,0.000327035245586024,"Col6a1","D2 SPN-like Adora2a",-1.46984937973481,-1.78107707781685,TRUE,"higher at P21"
1.38029530797908e-08,-1.33882385969741,0.307,0.75,0.000345474112634084,"Ctdspl","D2 SPN-like Adora2a",-1.55959214210577,-0.966325023615298,TRUE,"higher at P21"
1.50818885442408e-08,-1.98917294238075,0.035,0.286,0.000377484588373803,"Tmem38a","D2 SPN-like Adora2a",-1.71593659457527,-1.57209071768738,TRUE,"higher at P21"
2.07087664482554e-08,-0.917324712417845,0.995,0.982,0.000518319715433383,"Phactr1","D2 SPN-like Adora2a",-1.36556011488051,-0.623576473097581,TRUE,"higher at P21"
2.22121758628428e-08,-1.39346176384338,0.564,0.911,0.000555948549671092,"Mctp1","D2 SPN-like Adora2a",-1.24602962170632,-1.21162657165391,TRUE,"higher at P21"
4.20578134930822e-08,-1.99397738127501,0.045,0.304,0.00105266501391835,"Zfp799","D2 SPN-like Adora2a",-1.04228973005307,-1.75149401381656,TRUE,"higher at P21"
4.85933524310783e-08,-2.25250734512411,0.054,0.321,0.00121624301799746,"Ror1","D2 SPN-like Adora2a",-2.16569207780413,-1.4839393676892,TRUE,"higher at P21"
7.13298987887557e-08,-1.42499272822309,0.183,0.589,0.00178531603678377,"Gripap1","D2 SPN-like Adora2a",-1.09554537000979,-0.939174224805073,TRUE,"higher at P21"
7.21788992185461e-08,-2.16422506925829,0.035,0.268,0.00180656566854099,"Gpr83","D2 SPN-like Adora2a",-1.6583792202721,-1.33213127091857,TRUE,"higher at P21"
8.24926124406652e-08,-2.89061079271299,0.025,0.232,0.00206470759677741,"Ccdc191","D2 SPN-like Adora2a",-1.49966048665548,-1.820732085547,TRUE,"higher at P21"
8.53691343716878e-08,-1.83657665587506,0.069,0.357,0.00213670406418897,"Azin2","D2 SPN-like Adora2a",-0.837400805018077,-1.56468730981599,TRUE,"higher at P21"
8.86976011681717e-08,-1.65307295417548,0.158,0.518,0.00222001225963817,"Pitpnm2","D2 SPN-like Adora2a",-1.09876743378925,-1.33307285275324,TRUE,"higher at P21"
1.15168403726208e-07,0.818472221079117,0.921,0.893,0.00288254997686326,"Xkr4","D2 SPN-like Adora2a",0.80455341846516,0.727339793841561,TRUE,"higher at P10"
1.30296368851764e-07,-1.01898149089006,0.708,0.946,0.00326118781599081,"Slc35f3","D2 SPN-like Adora2a",-1.40063790047901,-0.64778955503482,TRUE,"higher at P21"
1.36469199016499e-07,-2.3007266852711,0.025,0.232,0.00341568758218394,"Hexa","D2 SPN-like Adora2a",-1.49966048665548,-1.820732085547,TRUE,"higher at P21"
1.44446766788055e-07,-1.56043827775298,0.134,0.482,0.00361535812593823,"Cdh22","D2 SPN-like Adora2a",-1.96605712966867,-0.805657226227645,TRUE,"higher at P21"
1.67313264576703e-07,-1.59818990406674,0.193,0.571,0.00418768369909031,"Prkd1","D2 SPN-like Adora2a",-1.55872936972176,-1.31439507470827,TRUE,"higher at P21"
1.76726752213928e-07,-1.1667487254825,0.233,0.661,0.0044232938811624,"A330023F24Rik","D2 SPN-like Adora2a",-1.19709941250068,-1.05364115407583,TRUE,"higher at P21"
1.84966791241764e-07,-2.27705330005939,0.054,0.304,0.00462953381799012,"Sulf1","D2 SPN-like Adora2a",-1.47747315541575,-2.19804192966835,TRUE,"higher at P21"
1.88130190842321e-07,-2.20144052884812,0.045,0.286,0.00470871054659246,"mt-Co1","D2 SPN-like Adora2a",-1.76389017548421,-1.12149525594842,TRUE,"higher at P21"
1.88742970957797e-07,-2.33709153241437,0.054,0.304,0.0047240478201027,"Kcnab2","D2 SPN-like Adora2a",-1.86949008982069,-1.39625121575934,TRUE,"higher at P21"
1.90990541647407e-07,0.859527768245492,0.936,0.946,0.00478030226689296,"Nav3","D2 SPN-like Adora2a",1.15712889877431,0.779601494614208,TRUE,"higher at P10"
2.02287118357034e-07,-1.54424762954476,0.074,0.357,0.0050630442853582,"Clk2","D2 SPN-like Adora2a",-1.2731968203409,-1.20806752581079,TRUE,"higher at P21"
2.18223915023314e-07,0.803710849519034,0.97,0.946,0.00546192636911853,"Cntn5","D2 SPN-like Adora2a",1.07221572585051,0.429614713661292,TRUE,"higher at P10"
3.05312992726611e-07,-2.00031238948812,0.054,0.304,0.00764167889495435,"Gsg1l","D2 SPN-like Adora2a",-2.33608780466876,-1.38667658979836,TRUE,"higher at P21"
3.54648464487047e-07,-1.37713376992151,0.074,0.357,0.0088764964176463,"Khsrp","D2 SPN-like Adora2a",-1.20273185676082,-1.19033569509317,TRUE,"higher at P21"
2.86466697919439e-10,-2.65659991759705,0.036,0.474,7.16997498222565e-06,"Gsg1l","D1 SPN-like Ebf1/Tac1",-2.33079735172392,-2.21662691872895,TRUE,"higher at P21"
6.4092799319218e-09,-2.11988517934251,0.126,0.632,0.000160417867416071,"Lrrk2","D1 SPN-like Ebf1/Tac1",-1.43677434237319,-1.78540862071725,TRUE,"higher at P21"
7.57670564308625e-09,-1.65180664044303,0.405,0.895,0.000189637365540806,"Lncpint","D1 SPN-like Ebf1/Tac1",-1.66079117068662,-1.71670947774147,TRUE,"higher at P21"
2.82260256690987e-08,-2.29092888483495,0.153,0.605,0.000706469196471871,"Fstl4","D1 SPN-like Ebf1/Tac1",-1.56115690912861,-2.35644749623785,TRUE,"higher at P21"
1.41610983501668e-07,-5.87138529604933,0,0.237,0.00354438130606325,"Ypel1","D1 SPN-like Ebf1/Tac1",-3.06407159224174,-1.93270189617987,TRUE,"higher at P21"
1.90242852780001e-07,0.940871755245873,0.991,0.974,0.00476158836223064,"Lsamp","D1 SPN-like Ebf1/Tac1",1.23076940243136,0.793773084450436,TRUE,"higher at P10"
2.19035890788488e-07,-1.64704883776134,0.234,0.711,0.00548224931054507,"Baiap2","D1 SPN-like Ebf1/Tac1",-1.54246129756884,-1.16827539333029,TRUE,"higher at P21"
2.92243728258013e-41,-0.795724754944692,1,1,7.31456827456982e-37,"Snhg11","IN Sst",-0.784037342158648,-0.715770474042285,TRUE,"higher at P21"
3.06569676045124e-38,-0.951405367143559,1,1,7.6731324217334e-34,"Malat1","IN Sst",-0.666229083243196,-1.06926000918632,TRUE,"higher at P21"
4.43037745097917e-27,-1.89464340738504,0.333,0.874,1.10887917220558e-22,"Lncpint","IN Sst",-1.72118050102963,-1.72261093474769,TRUE,"higher at P21"
7.07455088252115e-24,-2.09169866358384,0.146,0.681,1.77068934038622e-19,"6330576A10Rik","IN Sst",-1.75766925355683,-2.03275270537893,TRUE,"higher at P21"
2.77738054181362e-23,-1.99487138139383,0.094,0.604,6.9515057581053e-19,"1810034E14Rik","IN Sst",-1.84382918112444,-2.02700841141246,TRUE,"higher at P21"
5.82255739742678e-22,-1.53094315203993,0.343,0.846,1.45732789100195e-17,"Rasgrf1","IN Sst",-1.39313166078144,-1.19113718242881,TRUE,"higher at P21"
7.87272245173019e-19,-1.17738981924891,0.427,0.94,1.97046370244355e-14,"Zranb2","IN Sst",-1.0435519312735,-1.05835114962222,TRUE,"higher at P21"
2.4987313573593e-18,-1.22121712951785,0.343,0.852,6.2540747143346e-14,"Camk2a","IN Sst",-1.13233149549647,-0.931244570233887,TRUE,"higher at P21"
3.20618908916928e-18,-1.10186881857493,0.554,0.94,8.02477067128178e-14,"Oxr1","IN Sst",-1.07840900461463,-0.988719572469996,TRUE,"higher at P21"
6.86989310919956e-17,-1.25437903247912,0.333,0.819,1.71946554630156e-12,"Upp2","IN Sst",-1.24757377568728,-1.26991475809488,TRUE,"higher at P21"
1.13454504579935e-16,-1.4203818735824,0.474,0.863,2.83965279513119e-12,"Ctnna3","IN Sst",-0.924790025436326,-1.24367648733677,TRUE,"higher at P21"
3.11563196010626e-16,-1.13917662353054,0.657,0.929,7.79811523294995e-12,"Pde10a","IN Sst",-1.23137606196515,-1.09952970391718,TRUE,"higher at P21"
3.29479037615774e-16,-2.44686518482709,0.033,0.363,8.2465308324852e-12,"Prxl2c","IN Sst",-1.98370523799077,-1.7473194019003,TRUE,"higher at P21"
5.41755571309508e-16,-1.09027569655098,0.244,0.747,1.35596001943057e-11,"Ttll11","IN Sst",-0.906157957403523,-0.944183674768462,TRUE,"higher at P21"
6.57426390928214e-15,-1.40572289145069,0.164,0.593,1.64547251385423e-10,"Cmss1","IN Sst",-1.44869021513493,-1.1238965188769,TRUE,"higher at P21"
7.58802276230644e-15,-1.19177768363774,0.23,0.681,1.89920621717768e-10,"Ftx","IN Sst",-1.19961822799693,-1.00207678860864,TRUE,"higher at P21"
4.02669485521816e-14,-0.907467190317303,0.357,0.819,1.00784145531255e-09,"3110021N24Rik","IN Sst",-0.787989484497297,-0.92311147893892,TRUE,"higher at P21"
5.77291993457872e-14,-0.969859709760273,0.432,0.885,1.44490413042571e-09,"Snrnp70","IN Sst",-1.24785910438717,-0.833213347591007,TRUE,"higher at P21"
8.96851355930753e-14,-1.06937734292002,0.362,0.808,2.24472925875908e-09,"Akap8l","IN Sst",-0.919344953253103,-0.950627095205955,TRUE,"higher at P21"
1.01735406814017e-13,-2.04591691084756,0.07,0.39,2.54633549714804e-09,"Gm10125","IN Sst",-1.46549783879932,-1.27700959117938,TRUE,"higher at P21"
1.77287620048844e-13,-1.08728434555011,0.23,0.676,4.4373318422025e-09,"Hmgcll1","IN Sst",-0.878054732608383,-0.933395063068425,TRUE,"higher at P21"
2.41688251844676e-13,-1.51903697496261,0.085,0.434,6.0492152554204e-09,"Ccnd2","IN Sst",-1.05272608842148,-1.25058773873951,TRUE,"higher at P21"
3.04490608746391e-13,-1.07748333327367,0.282,0.736,7.62109544631341e-09,"Phf21a","IN Sst",-0.709085685676709,-0.902264304832637,TRUE,"higher at P21"
3.91006330465017e-13,-1.50173829916263,0.089,0.434,9.78649744520892e-09,"Stx16","IN Sst",-1.29676201729127,-1.10827376967132,TRUE,"higher at P21"
3.91652351109823e-13,-1.35847548652434,0.235,0.654,9.80266669592777e-09,"Gm26854","IN Sst",-0.962724170169343,-1.17409643048867,TRUE,"higher at P21"
4.94294643909222e-13,-1.16127505032848,0.216,0.637,1.23717006424039e-08,"A330023F24Rik","IN Sst",-1.18855336217839,-0.768548309563808,TRUE,"higher at P21"
5.21241180773928e-13,-1.24390397286102,0.192,0.593,1.30461455135907e-08,"4933424G05Rik","IN Sst",-1.09505010552501,-0.72071238993972,TRUE,"higher at P21"
1.16681693146494e-12,-1.03890548112031,0.249,0.681,2.92042609776361e-08,"Rmdn1","IN Sst",-1.09094688578252,-0.880057619570025,TRUE,"higher at P21"
1.71744891313549e-12,-1.74478079646142,0.085,0.407,4.29860288468682e-08,"Cdc14b","IN Sst",-1.19024350334677,-0.954672027231692,TRUE,"higher at P21"
4.1244585938387e-12,-1.19904067101395,0.108,0.451,1.03231074145189e-07,"Crebzf","IN Sst",-1.00898686804821,-0.901446050190069,TRUE,"higher at P21"
4.19421818667898e-12,-1.35454350086514,0.099,0.434,1.04977086994388e-07,"Gm14858","IN Sst",-1.39595380461422,-1.04443592458074,TRUE,"higher at P21"
4.95232395163903e-12,-2.40240628617388,0.028,0.28,1.23951716185573e-07,"Zfp612","IN Sst",-1.55883785126965,-1.55427499454574,TRUE,"higher at P21"
5.39285354533665e-12,-1.22329228433243,0.094,0.429,1.34977731386231e-07,"Fbrsl1","IN Sst",-1.04498324960666,-1.24708396262808,TRUE,"higher at P21"
7.87946030504556e-12,0.747194313387786,0.962,0.962,1.97215011974985e-07,"Pcdh15","IN Sst",0.609883057714789,0.667879338034839,TRUE,"higher at P10"
8.49628254676223e-12,-1.10461006706752,0.169,0.555,2.12653455862912e-07,"Ppt1","IN Sst",-0.913292046256434,-0.591542692651456,TRUE,"higher at P21"
1.29139468054032e-11,-1.86747081778789,0.028,0.275,3.23223174592437e-07,"Ltbp3","IN Sst",-1.69546857205307,-1.29334751921999,TRUE,"higher at P21"
1.31919287337927e-11,-0.999534368964178,0.108,0.445,3.30180784278098e-07,"Luzp1","IN Sst",-1.14912998978185,-0.88922655187737,TRUE,"higher at P21"
1.51036609772853e-11,-1.26447633520549,0.113,0.451,3.78029530600473e-07,"Sfxn5","IN Sst",-1.30918433879667,-0.901446050190069,TRUE,"higher at P21"
1.59707144310556e-11,-2.47671196866311,0.014,0.236,3.99731011494891e-07,"Tor1aip2","IN Sst",-1.45634739591116,-1.89238786004125,TRUE,"higher at P21"
1.83646736130358e-11,-1.04667745929418,0.249,0.659,4.59649415860673e-07,"Vps13a","IN Sst",-0.792166834335471,-0.863221784968988,TRUE,"higher at P21"
2.01105824930306e-11,-1.11725044360371,0.155,0.511,5.03347769218062e-07,"4930595D18Rik","IN Sst",-0.832280357734919,-0.726720451113936,TRUE,"higher at P21"
2.1624476548973e-11,-1.15017542853493,0.089,0.401,5.41239023544245e-07,"Mfap3","IN Sst",-0.971312084180868,-1.14138856859567,TRUE,"higher at P21"
2.21731297494034e-11,-1.01204725116751,0.174,0.549,5.54971264497817e-07,"Atp2b3","IN Sst",-0.720416570493916,-0.786066221946179,TRUE,"higher at P21"
2.49267759161662e-11,-1.01769578852598,0.192,0.588,6.23892274405724e-07,"Ccdc136","IN Sst",-0.687202724524383,-0.828504015700858,TRUE,"higher at P21"
2.51246428185475e-11,-0.979816892573544,0.207,0.61,6.28844685105426e-07,"Golgb1","IN Sst",-0.657129043222245,-0.659561465571485,TRUE,"higher at P21"
2.5311883770454e-11,-1.24788878244678,0.16,0.527,6.33531138890694e-07,"Specc1","IN Sst",-1.07496872581678,-0.883386088042,TRUE,"higher at P21"
2.64392205673576e-11,-1.01346238615762,0.192,0.588,6.61747251580393e-07,"Nme7","IN Sst",-0.762256707852126,-0.782566417120904,TRUE,"higher at P21"
2.8216307368353e-11,-1.07473233227856,0.282,0.676,7.06225957122507e-07,"Gm1604a","IN Sst",-1.22862937060993,-1.01057594017758,TRUE,"higher at P21"
3.30694904265817e-11,-0.866636342759979,0.164,0.544,8.27696275886913e-07,"Psma3","IN Sst",-0.908127915445293,-0.915069142306556,TRUE,"higher at P21"
3.33696744265541e-11,-1.29875699163242,0.113,0.445,8.35209581222223e-07,"Dpm1","IN Sst",-0.893932206367169,-1.11481603369212,TRUE,"higher at P21"
3.3971341098977e-11,-1.09599730508044,0.117,0.456,8.50268696366295e-07,"Dnaja2","IN Sst",-1.08910705983218,-0.798325840967153,TRUE,"higher at P21"
3.42132256412232e-11,-0.994940181700492,0.268,0.687,8.56322824574176e-07,"2210408F21Rik","IN Sst",-0.995595834243268,-0.995005107440368,TRUE,"higher at P21"
3.68504204612888e-11,-1.0502140832448,0.094,0.407,9.22329173725597e-07,"Txlng","IN Sst",-0.550455527173925,-1.25687731178038,TRUE,"higher at P21"
4.15947949734094e-11,-1.17256849266467,0.352,0.692,1.04107612338947e-06,"4930419G24Rik","IN Sst",-0.751967948734052,-1.14095802429543,TRUE,"higher at P21"
4.65870435585635e-11,-1.27238898886493,0.108,0.429,1.16602711322729e-06,"mt-Co3","IN Sst",-1.12816322274056,-0.864649126504576,TRUE,"higher at P21"
4.68214534393427e-11,-0.98741369851195,0.15,0.505,1.17189415813331e-06,"Ip6k1","IN Sst",-0.879160059395404,-0.843984225352971,TRUE,"higher at P21"
5.32856069016463e-11,-1.86211348322129,0.056,0.319,1.33368545514131e-06,"Hdlbp","IN Sst",-1.20668795355919,-0.986979548535461,TRUE,"higher at P21"
6.08584026193569e-11,-0.85398728874297,0.244,0.632,1.52322495915988e-06,"Stxbp6","IN Sst",-0.805032882533901,-0.524934330346279,TRUE,"higher at P21"
6.82546151803534e-11,-1.08410888537545,0.127,0.462,1.70834476334907e-06,"Kcnc1","IN Sst",-0.856927876703142,-0.794126433089373,TRUE,"higher at P21"
6.91553211496797e-11,-0.881956255349217,0.324,0.725,1.73088853305533e-06,"4933413L06Rik","IN Sst",-0.749803168240645,-0.956867768003105,TRUE,"higher at P21"
7.77700323839064e-11,-1.3737298608213,0.066,0.341,1.94650614053679e-06,"Ccdc174","IN Sst",-1.50486112355694,-1.23822958399637,TRUE,"higher at P21"
8.76736295870718e-11,-1.8648963830188,0.038,0.28,2.19438327493482e-06,"mt-Co1","IN Sst",-1.75211877627847,-0.945893205503002,TRUE,"higher at P21"
9.02361355128857e-11,-1.00729593503679,0.244,0.626,2.25852023575202e-06,"Lrrtm3","IN Sst",-0.703906138683616,-0.791294792678211,TRUE,"higher at P21"
1.09077875313713e-10,-1.1193352790247,0.099,0.412,2.73011014122692e-06,"Crebrf","IN Sst",-0.893932206367169,-0.914979551310237,TRUE,"higher at P21"
1.32478001732135e-10,-0.786624978835238,0.23,0.659,3.31579190535362e-06,"Igf2bp3","IN Sst",-0.853411570597086,-0.75722031860277,TRUE,"higher at P21"
1.498070975708e-10,-1.28288721812232,0.113,0.423,3.74952184509954e-06,"Baz1b","IN Sst",-1.0594350791654,-0.666896877988639,TRUE,"higher at P21"
1.51543869549826e-10,-0.958440619633697,0.347,0.758,3.79299151096258e-06,"Cit","IN Sst",-0.603211968528249,-0.895961228476908,TRUE,"higher at P21"
1.55376226133285e-10,-0.848964801021182,0.3,0.714,3.88891156389e-06,"Asb3","IN Sst",-0.884202614222525,-0.52882388285135,TRUE,"higher at P21"
1.63713169195777e-10,-1.11743726065653,0.254,0.637,4.09757691180111e-06,"Rab27b","IN Sst",-0.809815012250315,-0.979325975595427,TRUE,"higher at P21"
1.67227764833217e-10,-0.935070272550075,0.103,0.418,4.18554372601059e-06,"Mroh1","IN Sst",-0.964257764758808,-0.824432862707542,TRUE,"higher at P21"
1.74050804221126e-10,-0.821789644609151,0.188,0.56,4.35631757885056e-06,"Pdcd7","IN Sst",-0.85752696778167,-0.692585399035949,TRUE,"higher at P21"
1.75070529528211e-10,-2.20694656866879,0.038,0.269,4.38184028356159e-06,"A430010J10Rik","IN Sst",-1.37014051457734,-1.21119193979886,TRUE,"higher at P21"
2.04254430396656e-10,-0.98626494950954,0.16,0.511,5.11228413839791e-06,"N4bp2l1","IN Sst",-0.896097228107742,-0.805125022440242,TRUE,"higher at P21"
2.18082137511818e-10,-1.15343550256274,0.15,0.473,5.45837781978329e-06,"Prickle1","IN Sst",-0.549429139721125,-0.915117267941965,TRUE,"higher at P21"
2.19279806556888e-10,-0.969311739441505,0.122,0.445,5.48835427831236e-06,"Dhdds","IN Sst",-0.749681808661083,-0.834427767903751,TRUE,"higher at P21"
2.2613187007427e-10,-1.32640203416639,0.211,0.555,5.6598545760889e-06,"Gm37459","IN Sst",-0.995991610127472,-1.17155690860981,TRUE,"higher at P21"
2.47457255763352e-10,-1.52563284842233,0.089,0.368,6.19360765450094e-06,"Cap2","IN Sst",-0.883442720675522,-1.26586707693161,TRUE,"higher at P21"
2.69077235921709e-10,-1.04454845078288,0.131,0.451,6.73473413788445e-06,"Mkln1os","IN Sst",-0.792494302102674,-1.05399597458655,TRUE,"higher at P21"
2.88832906158934e-10,-0.740212143047916,0.211,0.593,7.22919880825195e-06,"Nr6a1","IN Sst",-0.416395495283895,-0.623004330479719,TRUE,"higher at P21"
3.09030572771e-10,0.509461724395467,0.986,0.967,7.73472620588535e-06,"Auts2","IN Sst",0.489540622652915,0.43867470807894,TRUE,"higher at P10"
3.44313734696188e-10,-0.959001475741442,0.131,0.456,8.6178284657109e-06,"Wapl","IN Sst",-0.831829415164017,-0.834427767903751,TRUE,"higher at P21"
4.12226304398742e-10,-1.01218717087841,0.136,0.462,1.03176121727961e-05,"Spaca6","IN Sst",-0.866702823550323,-0.508862763748673,TRUE,"higher at P21"
4.15590602393731e-10,-0.846247208048177,0.178,0.538,1.04018171873127e-05,"6530409C15Rik","IN Sst",-0.964553907224867,-0.575437284363569,TRUE,"higher at P21"
4.28079644390588e-10,-1.46586737822644,0.052,0.297,1.0714405419452e-05,"G3bp2","IN Sst",-1.16515286582084,-1.02948366152781,TRUE,"higher at P21"
4.48253661912048e-10,-1.04741463863938,0.155,0.495,1.12193409039967e-05,"Pip5k1a","IN Sst",-1.00403730010284,-0.871960429872164,TRUE,"higher at P21"
5.10581048461394e-10,-0.943704594970102,0.225,0.604,1.27793330619402e-05,"Mbnl2","IN Sst",-1.05757566451611,-0.796161334588038,TRUE,"higher at P21"
5.1137554761301e-10,-0.940143877346753,0.089,0.379,1.2799218581206e-05,"St13","IN Sst",-1.09279053121641,-0.969220439097165,TRUE,"higher at P21"
5.32430204754858e-10,-2.12242328526877,0.042,0.269,1.33261955948093e-05,"Trip4","IN Sst",-1.33367321592118,-1.3354336291702,TRUE,"higher at P21"
5.68571177780936e-10,-1.87826051528895,0.038,0.264,1.4230768008679e-05,"Kiz","IN Sst",-1.47611347766524,-1.33491990015791,TRUE,"higher at P21"
5.71726580530398e-10,-1.25254633093833,0.15,0.462,1.43097445840953e-05,"Map7","IN Sst",-1.24597741408577,-0.704618743134553,TRUE,"higher at P21"
6.61278406288592e-10,-1.71430836065695,0.061,0.308,1.65511372309972e-05,"Gm45847","IN Sst",-0.855140326964929,-1.17740244974111,TRUE,"higher at P21"
6.61701929218369e-10,-1.17984061251282,0.131,0.44,1.65617375864065e-05,"Hsp90ab1","IN Sst",-1.00706541556962,-0.49494871350524,TRUE,"higher at P21"
6.67569277647875e-10,-1.60976306239832,0.066,0.324,1.67085914502487e-05,"Gm41231","IN Sst",-1.37987683869745,-1.31311488053404,TRUE,"higher at P21"
7.07728240458045e-10,-0.652478213643705,0.202,0.544,1.77137301304244e-05,"Gm13963","IN Sst",-0.866755495157493,-0.525329337049834,TRUE,"higher at P21"
7.52381006704458e-10,-1.82378524195223,0.042,0.269,1.88313442168059e-05,"Zbtb4","IN Sst",-1.58017869168946,-1.13049646827183,TRUE,"higher at P21"
7.98831409593447e-10,-1.36540832787016,0.085,0.357,1.99939513507144e-05,"Gm15083","IN Sst",-1.19024350334677,-0.858950314778229,TRUE,"higher at P21"
8.23399087519598e-10,-0.847683713451585,0.254,0.637,2.0608855761528e-05,"St3gal3","IN Sst",-0.918032603191785,-0.619030765830202,TRUE,"higher at P21"
8.25161217387796e-10,-0.99475797395372,0.15,0.478,2.06529601099991e-05,"E530011L22Rik","IN Sst",-0.751890055079205,-0.822268459160635,TRUE,"higher at P21"
8.56141445535842e-10,-0.879958799325609,0.155,0.484,2.14283642403166e-05,"Nxpe4","IN Sst",-0.693116527978284,-0.802157579367837,TRUE,"higher at P21"
8.97665338761704e-10,-1.99525917721867,0.028,0.236,2.24676657638667e-05,"Il34","IN Sst",-1.29405827211946,-1.5707599821583,TRUE,"higher at P21"
1.06384611449724e-09,-2.56858445539,0.019,0.214,2.66270043997515e-05,"D3Ertd751e","IN Sst",-1.66669366277662,-1.42404116224046,TRUE,"higher at P21"
1.0649749527458e-09,-0.601704182238749,0.746,0.945,2.66552580922747e-05,"Srrm2","IN Sst",-0.72942663554082,-0.507347195516733,TRUE,"higher at P21"
1.17096762477163e-09,-0.950368603798672,0.056,0.302,2.93081486804091e-05,"Zfp933","IN Sst",-1.20446480424732,-1.09048282773588,TRUE,"higher at P21"
1.29258098509255e-09,-0.755363669899249,0.225,0.588,3.23520094758814e-05,"Pde8b","IN Sst",-0.648066933625121,-0.653636579513146,TRUE,"higher at P21"
1.38007372641818e-09,-0.949525302533953,0.155,0.484,3.45418652985207e-05,"Pak1","IN Sst",-0.798282274258224,-0.944721965988243,TRUE,"higher at P21"
1.48658889041064e-09,-0.822382012608378,0.122,0.429,3.7207833338088e-05,"Cab39l","IN Sst",-0.804963269614548,-0.674650595779646,TRUE,"higher at P21"
1.50937587419559e-09,-1.1397464771716,0.042,0.269,3.77781687552413e-05,"Azin2","IN Sst",-1.88538628795195,-0.847574255464186,TRUE,"higher at P21"
1.57765347469243e-09,-2.17103319561937,0.052,0.28,3.94870888180768e-05,"Crhbp","IN Sst",-0.932393744107889,-1.43916196575509,TRUE,"higher at P21"
1.63216816365753e-09,-1.24392321371395,0.075,0.335,4.08515369681843e-05,"Rab27a","IN Sst",-1.14690160767769,-0.959282549599849,TRUE,"higher at P21"
1.64540798083378e-09,-0.916151655308813,0.315,0.681,4.11829163522888e-05,"Lrtm1","IN Sst",-0.737402178604611,-0.919744490889723,TRUE,"higher at P21"
1.65128693512279e-09,-0.697790428289199,0.305,0.714,4.13300606991884e-05,"Scg5","IN Sst",-0.650771283515412,-0.654422813456301,TRUE,"higher at P21"
1.89713614990277e-09,-0.949950585964031,0.178,0.522,4.74834206959165e-05,"Ankrd24","IN Sst",-0.811221466321822,-0.891182384013995,TRUE,"higher at P21"
1.94213728058033e-09,-0.827231465649931,0.432,0.824,4.86097539956452e-05,"Zmynd8","IN Sst",-0.777921949528843,-0.82622890513354,TRUE,"higher at P21"
1.99268659490722e-09,0.65780009606828,1,0.984,4.98749527839329e-05,"Sox2ot","IN Sst",0.554940313683683,0.5650340040335,TRUE,"higher at P10"
2.08234536993728e-09,-1.26306821126415,0.07,0.324,5.21190222641602e-05,"Sirt2","IN Sst",-1.21052477283693,-0.723194518709075,TRUE,"higher at P21"
2.09451519240024e-09,-0.934151506901799,0.131,0.44,5.24236207505857e-05,"Gripap1","IN Sst",-0.915520867374724,-0.516852602893156,TRUE,"higher at P21"
2.35827661284718e-09,-0.805689519370257,0.127,0.434,5.9025305342952e-05,"Cdc37l1","IN Sst",-0.710346695599739,-0.904289389204001,TRUE,"higher at P21"
2.58242348332212e-09,-0.777804538914502,0.221,0.604,6.46354773640693e-05,"Setx","IN Sst",-0.547881498112752,-0.723586404101116,TRUE,"higher at P21"
2.95082601596267e-09,-0.900287158724958,0.085,0.346,7.38562243535296e-05,"Stx8","IN Sst",-0.953802519263669,-0.466032453407329,TRUE,"higher at P21"
2.99435251256746e-09,-1.54621782612633,0.028,0.231,7.4945649037051e-05,"Ypel4","IN Sst",-1.51025917590296,-1.25189883559115,TRUE,"higher at P21"
3.11513318132431e-09,-0.82285303862505,0.146,0.462,7.79686683953661e-05,"Nr6a1os","IN Sst",-0.761926952114166,-0.722253844489618,TRUE,"higher at P21"
3.25061735744077e-09,-1.21855049108015,0.089,0.357,8.1359701839385e-05,"A930015D03Rik","IN Sst",-1.12931073116845,-0.913032092869923,TRUE,"higher at P21"
3.31334601127082e-09,-1.11244280466192,0.094,0.363,8.29297373160974e-05,"Gss","IN Sst",-0.880083433042004,-0.805167934374097,TRUE,"higher at P21"
3.52925477761561e-09,-0.857522653503406,0.113,0.401,8.83337178289411e-05,"Wipf3","IN Sst",-0.761663597599455,-0.69381211841945,TRUE,"higher at P21"
3.54242679464845e-09,-1.15216262858535,0.052,0.28,8.86634002432559e-05,"Gm37768","IN Sst",-1.04034972311504,-1.09048282773588,TRUE,"higher at P21"
3.70460269324158e-09,-1.5477524415947,0.061,0.297,9.27225008091436e-05,"Wrn","IN Sst",-0.903719002331618,-1.3115556473501,TRUE,"higher at P21"
3.7446618663025e-09,-1.01487871950239,0.108,0.39,9.37251418516852e-05,"Gm46124","IN Sst",-0.651905856435699,-0.916469412166303,TRUE,"higher at P21"
3.85190073258772e-09,-0.58248527287803,0.108,0.401,9.64092234359382e-05,"Usp13","IN Sst",-0.726314701070919,-0.756660775337683,TRUE,"higher at P21"
3.8963205543252e-09,-0.889890597258474,0.103,0.379,9.75210071542054e-05,"Flrt1","IN Sst",-1.19615918516897,-0.732431666814368,TRUE,"higher at P21"
3.89664254859401e-09,-2.12927002910001,0.028,0.225,9.75290663487596e-05,"Uba5","IN Sst",-1.00102228712955,-1.17950499091245,TRUE,"higher at P21"
3.99333287863677e-09,-1.54042206084281,0.066,0.302,9.99491286193996e-05,"Gtf3c1","IN Sst",-1.20668795355919,-0.986979548535461,TRUE,"higher at P21"
4.14803826858223e-09,-0.64373966900393,0.413,0.83,0.000103821249824345,"Gnas","IN Sst",-0.791575342987118,-0.67706893566942,TRUE,"higher at P21"
4.21807692833204e-09,-1.126603440417,0.085,0.346,0.000105574247439223,"Terf1","IN Sst",-1.11898048972533,-0.695261249201965,TRUE,"higher at P21"
4.41562406887903e-09,-0.708226482708634,0.174,0.516,0.000110518654819973,"Pibf1","IN Sst",-0.728744121418827,-0.565011951631915,TRUE,"higher at P21"
4.44961349376608e-09,-1.52603707476048,0.042,0.258,0.000111369376135471,"Pcsk1n","IN Sst",-1.03618877870564,-1.3354336291702,TRUE,"higher at P21"
4.71487990639788e-09,-0.992024707805627,0.127,0.423,0.000118008729177233,"Nipa1","IN Sst",-0.749681808661083,-0.674650595779646,TRUE,"higher at P21"
4.74046385698053e-09,-1.06034978239435,0.127,0.418,0.000118649069876366,"Lrrc19","IN Sst",-0.634754681697833,-0.775131891133614,TRUE,"higher at P21"
4.81206603027561e-09,-1.25910266848071,0.183,0.5,0.000120441200671768,"Dlx6os1","IN Sst",-1.14359145671569,-0.843146876101342,TRUE,"higher at P21"
4.85483711428036e-09,-0.769949115149608,0.371,0.753,0.000121511718133323,"Slc24a2","IN Sst",-0.552418848956651,-0.811144643161535,TRUE,"higher at P21"
5.07454321488646e-09,-0.770560803420582,0.239,0.604,0.000127010742125393,"Grb10","IN Sst",-0.733367552931858,-0.461559507844291,TRUE,"higher at P21"
5.7828781073096e-09,-1.50465066998826,0.052,0.275,0.000144739656147852,"Itm2b","IN Sst",-1.10959388696612,-1.15686763835655,TRUE,"higher at P21"
5.79903689507326e-09,0.775252301065469,0.939,0.956,0.000145144094446789,"Nkain3","IN Sst",0.794660640591783,0.712473351806736,TRUE,"higher at P10"
5.97124813494991e-09,-0.64883833078198,0.127,0.423,0.000149454369569661,"Lrrc29","IN Sst",-0.716902288200768,-0.538447272862147,TRUE,"higher at P21"
6.10131474206624e-09,-2.25354184803383,0.033,0.231,0.000152709806679176,"Gclc","IN Sst",-1.49199139389886,-1.3705701595117,TRUE,"higher at P21"
6.10820055031859e-09,-0.602703718123623,0.258,0.648,0.000152882151573924,"Wdr33","IN Sst",-0.508325916654283,-0.554177946097154,TRUE,"higher at P21"
6.26300397937687e-09,-0.962521383048422,0.075,0.33,0.000156756726599824,"Rnf13","IN Sst",-0.891865933575454,-0.724701892413425,TRUE,"higher at P21"
6.3150661761911e-09,0.769389952236194,0.948,0.956,0.000158059791323887,"Sox6","IN Sst",0.498625524450471,0.828092837024457,TRUE,"higher at P10"
6.61553536289179e-09,-1.20889539095727,0.174,0.467,0.000165580234597819,"Pou6f2","IN Sst",-1.11922479922805,-0.982468102512973,TRUE,"higher at P21"
6.65500624783442e-09,-0.849755135703167,0.188,0.511,0.000166568151377048,"Sdccag8","IN Sst",-0.634990180660423,-0.811341726702602,TRUE,"higher at P21"
7.02871881616413e-09,-0.610792045049112,0.16,0.478,0.000175921803249772,"Pnkd","IN Sst",-0.679378673193708,-0.740096799805123,TRUE,"higher at P21"
7.18083371026987e-09,-0.874609595483862,0.254,0.604,0.000179729086934345,"Fbxl20","IN Sst",-0.861447038485322,-0.655563982079478,TRUE,"higher at P21"
7.2581905824537e-09,-2.30765578788482,0.028,0.22,0.000181665252088234,"Cntnap1","IN Sst",-1.35386282313228,-1.25189883559115,TRUE,"higher at P21"
7.71681019139605e-09,-0.869489317394508,0.16,0.478,0.000193144042280452,"Plekhh2","IN Sst",-1.09082319882085,-0.836384137473356,TRUE,"higher at P21"
8.12280494430531e-09,-0.93880982873728,0.113,0.396,0.000203305684951018,"Lgals8","IN Sst",-0.578975544452409,-0.84635568595413,TRUE,"higher at P21"
8.2548786093184e-09,-1.07734890698351,0.127,0.407,0.00020661135671263,"Nub1","IN Sst",-0.641871374183694,-0.582453551101415,TRUE,"higher at P21"
8.54233908424437e-09,-1.02956254163635,0.094,0.357,0.000213806204939552,"E230016M11Rik","IN Sst",-0.831315246593839,-0.677483773929649,TRUE,"higher at P21"
8.99432060405821e-09,-0.941296673027533,0.122,0.407,0.000225118850398973,"Pcgf5","IN Sst",-0.940246031225168,-0.647027458976195,TRUE,"higher at P21"
9.45825254725066e-09,-1.34916411782848,0.056,0.28,0.000236730603005137,"Mpp2","IN Sst",-0.804868732303485,-0.932858285795228,TRUE,"higher at P21"
1.01735967311025e-08,-1.60294928068792,0.047,0.258,0.000254634952582764,"Grina","IN Sst",-1.10054120256981,-1.11004871059806,TRUE,"higher at P21"
1.04785904321426e-08,-1.18306326261507,0.066,0.302,0.000262268639926096,"Gaa","IN Sst",-0.830392938977892,-1.1319235770157,TRUE,"higher at P21"
1.07569405063826e-08,-1.03663251234915,0.108,0.374,0.00026923546393425,"Rnf14","IN Sst",-0.662345744654873,-0.849200954222236,TRUE,"higher at P21"
1.19282503875229e-08,-0.564173322532756,0.038,0.242,0.000298552178949312,"Aldoa","IN Sst",-0.980047710894551,-0.975673474793344,TRUE,"higher at P21"
1.1936252330259e-08,-1.31856650416589,0.056,0.28,0.000298752459574054,"Papss2","IN Sst",-1.20199305611542,-1.22626056710056,TRUE,"higher at P21"
1.2010440390762e-08,-0.872996454966578,0.099,0.363,0.000300609312540382,"Flywch1","IN Sst",-0.880083433042004,-0.599854432680051,TRUE,"higher at P21"
1.22073169472474e-08,-0.544650797900881,0.178,0.511,0.000305536935872654,"Kpna4","IN Sst",-0.570048672015581,-0.58202322242123,TRUE,"higher at P21"
1.28275987667946e-08,-1.03319078766294,0.117,0.39,0.000321061969534103,"Gm45435","IN Sst",-0.569772144727616,-0.864649126504576,TRUE,"higher at P21"
1.40925072686435e-08,-0.819514533257224,0.178,0.5,0.000352721364426879,"Zfp692","IN Sst",-0.610570929306848,-0.50073779682355,TRUE,"higher at P21"
1.45990238692414e-08,-0.834990748744616,0.103,0.368,0.000365398968423243,"Tfdp2","IN Sst",-0.541695414717565,-0.80217175883512,TRUE,"higher at P21"
1.57009533571372e-08,-1.34119812656845,0.047,0.253,0.000392979161575788,"Rab21","IN Sst",-1.28575059871992,-0.88362954588684,TRUE,"higher at P21"
1.57296635256706e-08,-0.910162849691612,0.085,0.33,0.000393697748384009,"Dcakd","IN Sst",-0.850045777663106,-0.81256153085446,TRUE,"higher at P21"
1.60692012508634e-08,-0.607023679584741,0.31,0.709,0.000402196038107859,"Ptprn","IN Sst",-0.53657831186834,-0.687467972227716,TRUE,"higher at P21"
1.70109389349989e-08,-2.00223257720994,0.028,0.214,0.000425766790604087,"Zdhhc1","IN Sst",-1.17842736727758,-1.41099437955254,TRUE,"higher at P21"
1.74263326370607e-08,0.700021916259378,0.836,0.912,0.000436163679572993,"Ncam1","IN Sst",0.657349960948401,0.61616534691903,TRUE,"higher at P10"
1.75479519600499e-08,-1.06389483267445,0.085,0.335,0.000439207689608089,"Rrnad1","IN Sst",-0.982132609402422,-0.898347069519392,TRUE,"higher at P21"
1.99108557394159e-08,-1.52754814148132,0.052,0.264,0.000498348808301841,"Rnf144b","IN Sst",-1.7140937247066,-0.631358584137985,TRUE,"higher at P21"
2.0065765255437e-08,-1.05611958253939,0.085,0.33,0.000502226038578332,"Zfp182","IN Sst",-0.616492660942529,-0.81478473763176,TRUE,"higher at P21"
2.05817105882848e-08,-0.79013996287914,0.164,0.478,0.000515139634314181,"Cdkal1","IN Sst",-0.964451726645142,-0.674774737100262,TRUE,"higher at P21"
2.14870807985449e-08,-1.09215636689154,0.136,0.412,0.000537800145306779,"B230307C23Rik","IN Sst",-0.938530507785392,-0.756825463107106,TRUE,"higher at P21"
2.19251624419115e-08,-0.757897589287596,0.286,0.637,0.000548764890758603,"Zfyve9","IN Sst",-0.644849367347687,-0.757285435352564,TRUE,"higher at P21"
2.46607370091293e-08,-0.837093667388836,0.113,0.379,0.000617233586601498,"Prpf6","IN Sst",-0.673605662922428,-0.734017366271226,TRUE,"higher at P21"
2.47538928898214e-08,-0.68920123229878,0.23,0.566,0.000619565185139341,"Gm12709","IN Sst",-0.409151198732969,-0.735887944118974,TRUE,"higher at P21"
2.49226124081622e-08,-1.11503629598353,0.07,0.297,0.000623788065963891,"Tek","IN Sst",-0.809874705484509,-0.931962708124041,TRUE,"higher at P21"
2.58488781060546e-08,-0.90853669431019,0.141,0.434,0.000646971570116441,"Ogdh","IN Sst",-0.976548464737391,-0.609356777085226,TRUE,"higher at P21"
2.60774967119528e-08,-0.840499372038572,0.15,0.445,0.000652693665203468,"Rab11fip2","IN Sst",-0.499855221229676,-0.594026220317951,TRUE,"higher at P21"
2.77532528026151e-08,-0.885649149632493,0.108,0.368,0.000694636164396654,"6430590A07Rik","IN Sst",-0.464114393360332,-0.635913291312423,TRUE,"higher at P21"
2.94831028562077e-08,-1.0577152965332,0.089,0.335,0.000737932581388022,"Osbpl1a","IN Sst",-0.71095981403889,-0.828893427668373,TRUE,"higher at P21"
2.98796781514156e-08,-0.861760852481123,0.16,0.451,0.000747858464451781,"Irf2","IN Sst",-0.976548464737391,-0.906576276449572,TRUE,"higher at P21"
3.04444741600099e-08,0.699552384673277,0.934,0.918,0.000761994743750887,"Grik1","IN Sst",0.679064978651702,0.608187432416307,TRUE,"higher at P10"
3.1029689346879e-08,-1.18283976736932,0.033,0.22,0.000776642094663034,"Nars","IN Sst",-0.638654250356003,-0.96311690284237,TRUE,"higher at P21"
3.1921885049231e-08,-0.91725251335601,0.61,0.885,0.000798972860897203,"Kansl1l","IN Sst",-0.706335983828478,-0.850103216107321,TRUE,"higher at P21"
3.20330549371097e-08,-0.71491268295296,0.117,0.385,0.000801755332020918,"Cacng7","IN Sst",-0.956710460645295,-0.52082226427314,TRUE,"higher at P21"
3.33301608078195e-08,-0.810502665176284,0.122,0.396,0.000834220594858914,"Gm50138","IN Sst",-0.703010476946481,-0.777096663649463,TRUE,"higher at P21"
3.43652604384431e-08,-0.886861243523141,0.103,0.363,0.000860128103513793,"Galnt16","IN Sst",-0.592991941820985,-0.614039286764053,TRUE,"higher at P21"
3.44477627657508e-08,1.45120743935048,0.62,0.599,0.000862193054263976,"Pfkp","IN Sst",1.84577720804083,1.27182601801005,TRUE,"higher at P10"
3.45509037872632e-08,-1.59416499385885,0.033,0.22,0.000864774570891412,"Laptm4b","IN Sst",-1.29090408151513,-1.07399242483216,TRUE,"higher at P21"
3.51801675524078e-08,-1.11108207207274,0.066,0.291,0.000880524413669216,"Zmiz1os1","IN Sst",-1.00672708466753,-0.692504131948587,TRUE,"higher at P21"
3.80647484937597e-08,-1.26116610079191,0.113,0.368,0.000952722590050311,"Mir124a-1hg","IN Sst",-0.71915006746257,-0.971325905637145,TRUE,"higher at P21"
4.05789798681761e-08,-0.608544640200429,0.305,0.67,0.00101565128712058,"Sipa1l1","IN Sst",-0.516679678074981,-0.644653911866479,TRUE,"higher at P21"
4.07011969556772e-08,-0.882169265862226,0.155,0.445,0.00101871025860364,"A330102I10Rik","IN Sst",-0.852124917996012,-0.458503652196045,TRUE,"higher at P21"
4.25047553865767e-08,-0.650029065385396,0.178,0.489,0.00106385152257063,"Stk38","IN Sst",-0.54588273330867,-0.615455581984043,TRUE,"higher at P21"
4.4955408645267e-08,-0.545386258712511,0.136,0.418,0.00112518892298239,"5530401A14Rik","IN Sst",-0.506122577348727,-0.537977208482976,TRUE,"higher at P21"
4.712042140472e-08,-0.813659442397037,0.113,0.368,0.00117937702733874,"Rpgr","IN Sst",-0.706620025050524,-0.687705758357099,TRUE,"higher at P21"
4.82169494171277e-08,-0.608751232222003,0.188,0.505,0.00120682202696129,"Ppig","IN Sst",-0.520405754323907,-0.584269096735969,TRUE,"higher at P21"
4.85574922598841e-08,-1.03538572596123,0.127,0.39,0.00121534547377264,"E430024P14Rik","IN Sst",-1.06533925415244,-0.838791593801972,TRUE,"higher at P21"
5.01776913762964e-08,-0.637154062442126,0.239,0.577,0.00125589743745732,"Rabl6","IN Sst",-0.53784265750099,-0.453147430204487,TRUE,"higher at P21"
5.11063701918353e-08,1.19283656754116,0.714,0.621,0.00127914133953145,"Sema6d","IN Sst",1.1987705979633,0.976094975935306,TRUE,"higher at P10"
5.17826491019309e-08,-1.01716547734548,0.056,0.264,0.00129606792437223,"Zfp941","IN Sst",-0.932393744107889,-1.04304448133693,TRUE,"higher at P21"
5.28101940770072e-08,-0.563074999302518,0.333,0.703,0.00132178634755341,"Lgi1","IN Sst",-0.483051580492967,-0.405174392911642,TRUE,"higher at P21"
5.28455216187445e-08,-0.678128367091354,0.244,0.582,0.00132267056059556,"Zeb1","IN Sst",-0.573472604631064,-0.430083339209252,TRUE,"higher at P21"
5.36400450401408e-08,-0.790608141317437,0.263,0.599,0.00134255668730968,"Gm32250","IN Sst",-0.443853343196292,-0.71488131577476,TRUE,"higher at P21"
5.39708732621481e-08,0.89850353613725,0.901,0.918,0.0013508369868783,"Erbb4","IN Sst",1.00803407844647,0.702395099283163,TRUE,"higher at P10"
6.02468474992416e-08,-1.0427893974863,0.108,0.357,0.00150791834605852,"Arhgap18","IN Sst",-0.757208100363607,-1.01494006357814,TRUE,"higher at P21"
6.0702430231705e-08,-0.679008689826883,0.211,0.538,0.00151932112626934,"Sycp2","IN Sst",-0.507813727002198,-0.643816463451064,TRUE,"higher at P21"
6.68577753794478e-08,-0.810445963249945,0.099,0.346,0.0016733832599722,"Cep290","IN Sst",-0.550455527173925,-0.780279358284356,TRUE,"higher at P21"
7.2582938483931e-08,-0.616792244939493,0.221,0.56,0.00181667836731431,"BC005561","IN Sst",-0.713567973387623,-0.481077963414631,TRUE,"higher at P21"
7.43430233661067e-08,-1.01579539559563,0.113,0.368,0.00186073153183028,"Fndc1","IN Sst",-0.973994821172132,-0.843682147337229,TRUE,"higher at P21"
7.69360671290393e-08,-0.579875499524868,0.183,0.5,0.00192563282417273,"Akap8","IN Sst",-0.491667328242331,-0.569198475757627,TRUE,"higher at P21"
8.32473934412661e-08,-1.00099593552112,0.099,0.341,0.00208359901044145,"Gm46367","IN Sst",-0.79919362497778,-0.732431666814368,TRUE,"higher at P21"
8.89718227848713e-08,-0.621686407148314,0.507,0.907,0.00222687575248254,"Pnisr","IN Sst",-0.567672877038662,-0.514204787311115,TRUE,"higher at P21"
9.41735121683791e-08,-1.17082537799365,0.066,0.28,0.00235706883606236,"Tmem38a","IN Sst",-0.853123570298221,-0.822686223082407,TRUE,"higher at P21"
9.53477999956322e-08,-0.890120763197315,0.075,0.297,0.00238646008609068,"Fxyd4","IN Sst",-0.809874705484509,-0.756196729282422,TRUE,"higher at P21"
9.75804672794636e-08,-1.25178948929435,0.056,0.258,0.0024423415155377,"Apopt1","IN Sst",-0.775997391337213,-0.941901252136135,TRUE,"higher at P21"
9.8900686467155e-08,-0.865101722010814,0.075,0.297,0.00247538528158642,"Spg7","IN Sst",-0.741051306182221,-0.91037796339457,TRUE,"higher at P21"
1.0306764263173e-07,-1.03101645792038,0.061,0.269,0.00257968002742958,"Mxi1","IN Sst",-0.67945588813524,-0.892465000840249,TRUE,"higher at P21"
1.08322619119789e-07,-0.563220952090373,0.197,0.516,0.00271120683394921,"Glrb","IN Sst",-0.737060760595036,-0.565017992372604,TRUE,"higher at P21"
1.08630840206275e-07,-1.63978728891748,0.047,0.236,0.00271892129952286,"Ccpg1","IN Sst",-0.963747546001227,-0.837398527002793,TRUE,"higher at P21"
1.0953852976967e-07,-0.568465163094931,0.117,0.379,0.00274163986160507,"Ncapd3","IN Sst",-0.476626346405389,-0.628033521331449,TRUE,"higher at P21"
1.09543987399195e-07,-1.01859926925618,0.075,0.297,0.00274177646061445,"Atp6v1e1","IN Sst",-0.645476559878776,-1.04971780952423,TRUE,"higher at P21"
1.13903202092929e-07,-1.75096127698139,0.056,0.253,0.00285088324518391,"4930428E07Rik","IN Sst",-0.677428141022986,-0.846754798235336,TRUE,"higher at P21"
1.15708967372254e-07,-0.789107162588611,0.094,0.335,0.00289607974436015,"Itm2c","IN Sst",-0.746407848680194,-0.805167934374097,TRUE,"higher at P21"
1.2267815180442e-07,-0.948679237821959,0.437,0.753,0.00307051146151283,"Sst","IN Sst",-1.23062448476711,-0.812560105482653,TRUE,"higher at P21"
1.25758093031531e-07,-0.981649184678266,0.052,0.247,0.0031475993104862,"Stk4","IN Sst",-0.830035368631926,-1.01011170293819,TRUE,"higher at P21"
1.27299530556314e-07,-0.957108720487938,0.085,0.308,0.00318617995029399,"Hcn2","IN Sst",-0.591473267372827,-0.580607205785599,TRUE,"higher at P21"
1.2986716664341e-07,-0.666938504752977,0.3,0.665,0.0032504453139179,"Papola","IN Sst",-0.709085685676709,-0.446589026015367,TRUE,"higher at P21"
1.32331805768651e-07,-0.71461675877735,0.155,0.445,0.00331213276658356,"Clstn3","IN Sst",-0.728122249399474,-0.481483584564993,TRUE,"higher at P21"
1.33228672222021e-07,-1.50789879308371,0.047,0.236,0.00333458043704496,"Sqstm1","IN Sst",-1.10054120256981,-0.88362954588684,TRUE,"higher at P21"
1.33274672646242e-07,-0.768375618138934,0.099,0.341,0.00333573178166279,"Uri1","IN Sst",-0.865102832007491,-0.677483773929649,TRUE,"higher at P21"
1.34832228823032e-07,-1.93788581921183,0.038,0.214,0.00337471585521166,"Pip5k1bos","IN Sst",-0.959072272889753,-1.36862204034543,TRUE,"higher at P21"
1.47367271247172e-07,-0.633275323041569,0.258,0.599,0.00368845543204547,"Phf3","IN Sst",-0.758037688000405,-0.507856342341013,TRUE,"higher at P21"
1.49801065323672e-07,-0.908623248014517,0.061,0.269,0.00374937086398618,"Tex50","IN Sst",-0.661763891191918,-0.75605130449614,TRUE,"higher at P21"
1.50487989465428e-07,-1.28715095334565,0.047,0.236,0.0037665638883302,"Has1","IN Sst",-0.888003781988047,-1.17825916140011,TRUE,"higher at P21"
1.53132069901979e-07,-0.772051314863222,0.103,0.346,0.00383274257757663,"Gnl3l","IN Sst",-0.674618809223542,-0.756513340922756,TRUE,"higher at P21"
1.53792107168242e-07,-0.672072453512023,0.46,0.819,0.00384926265031393,"Atp2b2","IN Sst",-0.572248143450854,-0.553366533242729,TRUE,"higher at P21"
1.56818943330203e-07,-0.89379499835714,0.07,0.286,0.00392502133261165,"Ypel2","IN Sst",-1.21052477283693,-0.967738682654957,TRUE,"higher at P21"
1.57877925792956e-07,-0.725063440942409,0.127,0.39,0.00395152660467191,"Psma1","IN Sst",-0.59566757143247,-0.643555252280793,TRUE,"higher at P21"
1.61852509575964e-07,-0.628801578010517,0.221,0.555,0.00405100646217679,"Rab30","IN Sst",-0.605723056548129,-0.402009367925512,TRUE,"higher at P21"
1.63638447411232e-07,-0.800842724850466,0.174,0.467,0.00409570670025573,"Tm6sf1","IN Sst",-0.699106353851343,-0.518159932240111,TRUE,"higher at P21"
1.64635984449366e-07,-1.04432034058494,0.07,0.28,0.00412067405478319,"Capzb","IN Sst",-0.955489098734688,-0.723194518709075,TRUE,"higher at P21"
1.68414170574173e-07,-0.753674327374227,0.099,0.335,0.00421523827530097,"Polr2a","IN Sst",-0.781005746820049,-0.424088453838433,TRUE,"higher at P21"
1.69900587420242e-07,-1.44054883845278,0.047,0.236,0.00425244180254123,"Stxbp4","IN Sst",-0.911660765186708,-0.988172652578948,TRUE,"higher at P21"
1.74171645217905e-07,-1.25607005026477,0.038,0.214,0.00435934210815893,"Serinc3","IN Sst",-0.980047710894551,-0.891549971506412,TRUE,"higher at P21"
1.76434090668172e-07,-1.11408821048021,0.056,0.253,0.00441596885533368,"Gm48677","IN Sst",-1.20446480424732,-0.717716027237487,TRUE,"higher at P21"
1.8327358186636e-07,-1.39475983838603,0.038,0.214,0.00458715448053312,"2610027K06Rik","IN Sst",-0.587746746739457,-1.05516083174887,TRUE,"higher at P21"
1.84687625996008e-07,-1.13764904287968,0.061,0.264,0.00462254659105409,"A230009B12Rik","IN Sst",-1.04306808948288,-0.7870186796438,TRUE,"higher at P21"
1.85805726806463e-07,-1.45915789756796,0.033,0.203,0.00465053153623896,"9530036O11Rik","IN Sst",-1.44499532296211,-1.09538148762552,TRUE,"higher at P21"
1.87130883452258e-07,-0.653746327853536,0.221,0.533,0.00468369888192656,"Mrap2","IN Sst",-0.794005763609545,-0.508478016162047,TRUE,"higher at P21"
1.90451928621211e-07,-0.658350433215434,0.113,0.363,0.00476682132146028,"Dlg4","IN Sst",-0.801358606439913,-0.590368886772282,TRUE,"higher at P21"
1.93351772849984e-07,-1.87353177458645,0.042,0.22,0.00483940152266226,"Olfr55","IN Sst",-0.660992306695488,-1.0933203351259,TRUE,"higher at P21"
1.98997694447884e-07,-0.873197174272792,0.113,0.357,0.00498071329433609,"Atp5a1","IN Sst",-0.482782237432585,-0.713821374118958,TRUE,"higher at P21"
2.00627695418231e-07,-0.669259265695751,0.146,0.418,0.00502151058862291,"Hnrnpl","IN Sst",-0.511284823409858,-0.480491794913837,TRUE,"higher at P21"
2.04382478454855e-07,-1.24829677833722,0.056,0.253,0.00511548905324656,"Zscan26","IN Sst",-0.775997391337213,-1.07524224180177,TRUE,"higher at P21"
2.17162034607552e-07,-0.833380569452852,0.15,0.418,0.00543534856419242,"Dzank1","IN Sst",-0.747799222485806,-0.508862763748673,TRUE,"higher at P21"
2.18517540851629e-07,-0.838727504303177,0.122,0.374,0.00546927552997542,"Ski","IN Sst",-0.632327054882329,-0.653374399825397,TRUE,"higher at P21"
2.20549538784416e-07,-0.625606539455208,0.249,0.566,0.00552013440623516,"Moxd1","IN Sst",-0.956224185053193,-0.539743970905041,TRUE,"higher at P21"
2.38942308742512e-07,-0.800735865288807,0.127,0.39,0.00598048704551632,"Trak1","IN Sst",-0.74461440261498,-0.576990357767792,TRUE,"higher at P21"
2.46462407648881e-07,-0.692887836504271,0.338,0.698,0.00616870760104384,"Sik3","IN Sst",-0.882134670308313,-0.749843524541871,TRUE,"higher at P21"
2.47263771599295e-07,-0.658879235088134,0.122,0.374,0.00618876493935875,"Gm50232","IN Sst",-0.973994821172132,-0.402424272956954,TRUE,"higher at P21"
2.54668986424185e-07,-0.661701225329201,0.225,0.538,0.00637411006121094,"Rab3b","IN Sst",-0.679355128099058,-0.52075961903986,TRUE,"higher at P21"
2.62179630079855e-07,-0.70161930415456,0.16,0.429,0.0065620939612687,"Abca8b","IN Sst",-0.589053003049949,-0.772833664452612,TRUE,"higher at P21"
2.6545513756695e-07,-0.679082287096378,0.249,0.582,0.0066440766381632,"Ttll7","IN Sst",-0.621999971337199,-0.49076807743777,TRUE,"higher at P21"
2.66948542559028e-07,-1.51464085377589,0.042,0.22,0.00668145507170991,"Abcg1","IN Sst",-0.860753322850937,-1.05516083174887,TRUE,"higher at P21"
2.91575328525483e-07,-0.52899476496141,0.183,0.484,0.00729783889766432,"Ewsr1","IN Sst",-0.441219117125141,-0.483102695468485,TRUE,"higher at P21"
3.05245668413937e-07,-1.08083722721828,0.08,0.291,0.00763999383473244,"Klhl10","IN Sst",-0.493270177575885,-0.702291406535524,TRUE,"higher at P21"
3.07397628608948e-07,-0.590501118418899,0.169,0.456,0.00769385524645336,"Asxl2","IN Sst",-0.506122577348727,-0.57390759129639,TRUE,"higher at P21"
3.07477827821732e-07,-0.892299066894089,0.099,0.324,0.00769586255255012,"Spats2","IN Sst",-0.477766430040519,-0.781045736198385,TRUE,"higher at P21"
3.30362014872305e-07,-0.623386589349152,0.188,0.489,0.00826863087023892,"Rbm28","IN Sst",-0.409154505906654,-0.624194282342432,TRUE,"higher at P21"
3.31078565650877e-07,-0.940177320266156,0.07,0.275,0.00828656541967579,"Smim13","IN Sst",-0.722941479164401,-0.482588598369124,TRUE,"higher at P21"
3.52759515478294e-07,-0.748242446613262,0.047,0.231,0.00882921791290622,"Kdm7a","IN Sst",-0.882122149446445,-0.542024442262817,TRUE,"higher at P21"
3.56243804691875e-07,-0.511515293048641,0.066,0.269,0.00891642618763294,"Tmem59","IN Sst",-0.807610232156806,-0.649946822648877,TRUE,"higher at P21"
3.583037524458e-07,-0.623928772169616,0.113,0.363,0.00896798461996592,"Fam120b","IN Sst",-0.464114393360332,-0.610517174889587,TRUE,"higher at P21"
3.8571473347848e-07,-0.985719381676328,0.446,0.714,0.00965405406423287,"Htr2c","IN Sst",-0.977765371409298,-0.602909331295951,TRUE,"higher at P21"
3.97065350014565e-07,-1.53776239692275,0.042,0.214,0.00993814864551456,"Crocc","IN Sst",-0.429057038584647,-1.30323586870536,TRUE,"higher at P21"
5.57729891072589e-25,-1.03914561172073,1,1,1.39594214436558e-20,"Malat1","IN Maf/Calb1 (Pvalb-lineage)",-0.823147658645415,-1.15391648804269,TRUE,"higher at P21"
8.50602213982619e-23,-0.745301239293024,1,1,2.1289722813771e-18,"Snhg11","IN Maf/Calb1 (Pvalb-lineage)",-0.689744166698496,-0.772198423998909,TRUE,"higher at P21"
2.12093858334131e-21,-2.15312406380113,0.25,0.898,5.30849718024497e-17,"Lncpint","IN Maf/Calb1 (Pvalb-lineage)",-2.0735629337318,-1.79108357653186,TRUE,"higher at P21"
9.36150404845125e-16,-1.73970377076457,0.337,0.881,2.34309084828686e-11,"Slc24a2","IN Maf/Calb1 (Pvalb-lineage)",-1.72642564532988,-1.62952250392981,TRUE,"higher at P21"
2.01450954525253e-15,-2.19770423861705,0.202,0.78,5.04211594081256e-11,"Scn9a","IN Maf/Calb1 (Pvalb-lineage)",-2.23717390840538,-2.26608792538815,TRUE,"higher at P21"
3.66278245126766e-14,-1.89447779763369,0.173,0.754,9.16757819727782e-10,"Igf2bp3","IN Maf/Calb1 (Pvalb-lineage)",-1.29696602575068,-1.65176675387135,TRUE,"higher at P21"
6.09157727934406e-14,-1.57491066938847,0.327,0.873,1.52466087724702e-09,"Rasgrf1","IN Maf/Calb1 (Pvalb-lineage)",-1.40405832611261,-1.35468954920322,TRUE,"higher at P21"
7.68230488044653e-14,0.760154886432256,0.99,0.992,1.92280408852696e-09,"Nxph1","IN Maf/Calb1 (Pvalb-lineage)",0.656570354094064,0.752826536035032,TRUE,"higher at P10"
8.86074401425411e-14,-1.95160163574182,0.067,0.593,2.21775561932766e-09,"Cap2","IN Maf/Calb1 (Pvalb-lineage)",-1.96046442090289,-1.70145957406179,TRUE,"higher at P21"
1.26416981194952e-13,-2.99471322759183,0.048,0.525,3.16409062232844e-09,"Nr3c2","IN Maf/Calb1 (Pvalb-lineage)",-2.61617687741299,-2.78850976174635,TRUE,"higher at P21"
1.44080349743261e-13,1.38265716868422,0.875,0.831,3.60618707372407e-09,"Chrm3","IN Maf/Calb1 (Pvalb-lineage)",1.4142807386018,1.44279572063097,TRUE,"higher at P10"
5.90783896698244e-13,2.25478098632656,0.731,0.5,1.47867301504604e-08,"Pfkp","IN Maf/Calb1 (Pvalb-lineage)",1.89670329310471,2.08871554751201,TRUE,"higher at P10"
3.86164151215705e-12,-1.59751423609463,0.173,0.703,9.66530254077787e-08,"A330023F24Rik","IN Maf/Calb1 (Pvalb-lineage)",-1.44426050089103,-1.51373764850147,TRUE,"higher at P21"
4.27256901645368e-12,-1.66316466723204,0.25,0.771,1.06938129912819e-07,"Utrn","IN Maf/Calb1 (Pvalb-lineage)",-1.40854224575517,-1.41084640702605,TRUE,"higher at P21"
7.51460094110499e-12,-1.62300341174055,0.106,0.61,1.88082946954917e-07,"Mir124a-1hg","IN Maf/Calb1 (Pvalb-lineage)",-2.06683601772239,-1.55165547125398,TRUE,"higher at P21"
8.97168529792036e-12,-1.44269209753836,0.212,0.754,2.24552311321649e-07,"Ftx","IN Maf/Calb1 (Pvalb-lineage)",-1.203610890688,-1.30528688534682,TRUE,"higher at P21"
9.96579043366424e-12,-1.31908215926199,0.587,0.915,2.49433768764182e-07,"Cntnap5c","IN Maf/Calb1 (Pvalb-lineage)",-1.45874438188556,-1.30608938448663,TRUE,"higher at P21"
1.59035891296931e-11,-2.24524214623098,0.106,0.559,3.98050932327087e-07,"1810034E14Rik","IN Maf/Calb1 (Pvalb-lineage)",-1.57878149910826,-1.77449474557402,TRUE,"higher at P21"
1.67287196816284e-11,-2.89984878154648,0.029,0.432,4.18703124911477e-07,"9530036O11Rik","IN Maf/Calb1 (Pvalb-lineage)",-2.42402105714079,-2.33857328147089,TRUE,"higher at P21"
1.9534191935361e-11,-1.17975627675043,0.481,0.915,4.8892128995015e-07,"Zranb2","IN Maf/Calb1 (Pvalb-lineage)",-0.727864367980086,-1.33837047477014,TRUE,"higher at P21"
2.17466811872334e-11,1.54905990614792,0.837,0.653,5.44297683435265e-07,"Sema6d","IN Maf/Calb1 (Pvalb-lineage)",1.82132102864209,1.18694861704566,TRUE,"higher at P10"
3.01724840251174e-11,-3.05553665619457,0.029,0.424,7.55187102664662e-07,"Ypel4","IN Maf/Calb1 (Pvalb-lineage)",-2.05335382475847,-1.97056972052458,TRUE,"higher at P21"
3.86086982479352e-11,-1.72490765524208,0.144,0.636,9.66337108447571e-07,"Rnf144b","IN Maf/Calb1 (Pvalb-lineage)",-1.17538329887308,-1.20174844496605,TRUE,"higher at P21"
4.54284458950028e-11,-1.55872824726575,0.202,0.712,1.13702857230602e-06,"Gm1604a","IN Maf/Calb1 (Pvalb-lineage)",-1.59142384198274,-1.59810169662126,TRUE,"higher at P21"
5.25544002570446e-11,-1.89616510517383,0.096,0.551,1.31538408403357e-06,"Catspere2","IN Maf/Calb1 (Pvalb-lineage)",-2.07170250663053,-1.51662177894484,TRUE,"higher at P21"
6.53318969378155e-11,-1.25245571746945,0.452,0.932,1.63519204845658e-06,"Pnisr","IN Maf/Calb1 (Pvalb-lineage)",-0.999745646812309,-1.12407091105294,TRUE,"higher at P21"
9.55118317862813e-11,-1.93090329835806,0.125,0.585,2.39056563777883e-06,"Rsph3a","IN Maf/Calb1 (Pvalb-lineage)",-1.85762512116333,-1.94318429190406,TRUE,"higher at P21"
9.78674529692543e-11,-1.6509960313754,0.163,0.653,2.44952448036747e-06,"Lrrtm3","IN Maf/Calb1 (Pvalb-lineage)",-1.2251726103602,-1.39563807004973,TRUE,"higher at P21"
2.18105319497084e-10,0.742774885468833,0.981,1,5.45895804169251e-06,"Nrxn1","IN Maf/Calb1 (Pvalb-lineage)",0.728095792440833,0.649674562009417,TRUE,"higher at P10"
2.2844468852155e-10,-1.27230266904824,0.135,0.627,5.71774210900587e-06,"Gm47283","IN Maf/Calb1 (Pvalb-lineage)",-1.06132672284689,-1.40804833478324,TRUE,"higher at P21"
2.5723646607576e-10,-2.24418837749319,0.067,0.475,6.43837150941021e-06,"Sparcl1","IN Maf/Calb1 (Pvalb-lineage)",-1.81550893030785,-1.89785292020729,TRUE,"higher at P21"
2.91273645886227e-10,-4.20733718525918,0.01,0.347,7.29028808288638e-06,"Gm10125","IN Maf/Calb1 (Pvalb-lineage)",-2.59131712455479,-2.82800891581564,TRUE,"higher at P21"
3.12592299545244e-10,-1.54850004548976,0.154,0.627,7.82387266531791e-06,"Ppip5k1","IN Maf/Calb1 (Pvalb-lineage)",-1.83302328580372,-1.33356745688389,TRUE,"higher at P21"
5.92215345289553e-10,-1.27778099229339,0.471,0.881,1.48225578772522e-05,"A330015K06Rik","IN Maf/Calb1 (Pvalb-lineage)",-0.947152024285974,-1.34636425267149,TRUE,"higher at P21"
9.15169823404323e-10,-1.65604346210775,0.106,0.542,2.29057855099868e-05,"Map7","IN Maf/Calb1 (Pvalb-lineage)",-1.66853828025024,-1.38509225052348,TRUE,"higher at P21"
9.24239299431975e-10,-4.32548626712055,0.01,0.331,2.31327854254829e-05,"Gm13832","IN Maf/Calb1 (Pvalb-lineage)",-2.6758690132047,-2.51280704627935,TRUE,"higher at P21"
1.11189236194003e-09,-2.22880148191126,0.135,0.551,2.7829553926997e-05,"Htr1f","IN Maf/Calb1 (Pvalb-lineage)",-2.34802963780234,-1.79039632967891,TRUE,"higher at P21"
1.1603518300168e-09,1.21355516148368,0.885,0.805,2.90424459534904e-05,"Gm20754","IN Maf/Calb1 (Pvalb-lineage)",1.12552470621172,1.15310591995988,TRUE,"higher at P10"
1.2203944471664e-09,-1.8019651441906,0.048,0.424,3.05452526181279e-05,"Prxl2c","IN Maf/Calb1 (Pvalb-lineage)",-1.46056345772945,-1.73655850365852,TRUE,"higher at P21"
1.88235052065525e-09,-1.22448985841901,0.183,0.644,4.71133511814802e-05,"Pla2g3","IN Maf/Calb1 (Pvalb-lineage)",-1.05921586256409,-1.09145987961501,TRUE,"higher at P21"
1.93447878710943e-09,-2.9344956246093,0.019,0.347,4.8418069562562e-05,"Arhgef6","IN Maf/Calb1 (Pvalb-lineage)",-1.66809092448542,-1.76621149540815,TRUE,"higher at P21"
1.99921174955487e-09,-1.11994392640519,0.202,0.695,5.00382708796089e-05,"Ttll7","IN Maf/Calb1 (Pvalb-lineage)",-0.963499681656545,-1.07270922532352,TRUE,"higher at P21"
2.09065504942725e-09,-1.1247194014672,0.423,0.856,5.23270052321145e-05,"Cit","IN Maf/Calb1 (Pvalb-lineage)",-1.1207040251447,-1.26492296324032,TRUE,"higher at P21"
2.1418039024321e-09,-1.21442849620691,0.192,0.669,5.36072098739729e-05,"Bicral","IN Maf/Calb1 (Pvalb-lineage)",-1.05921586256409,-1.02165455243212,TRUE,"higher at P21"
2.24300400536331e-09,-2.02687440300824,0.087,0.475,5.61401472502382e-05,"Acss2","IN Maf/Calb1 (Pvalb-lineage)",-1.29107582759553,-1.58661428495695,TRUE,"higher at P21"
2.47833625372155e-09,-2.84530938412804,0.029,0.364,6.20302780943966e-05,"Akain1","IN Maf/Calb1 (Pvalb-lineage)",-2.05335382475847,-1.76621149540815,TRUE,"higher at P21"
3.41216248294262e-09,-1.06859351489761,0.385,0.847,8.54030147855709e-05,"Unc80","IN Maf/Calb1 (Pvalb-lineage)",-1.04676766376869,-1.14182384706385,TRUE,"higher at P21"
4.64862291097533e-09,-1.89300736066939,0.058,0.424,0.000116350382838802,"E430024P14Rik","IN Maf/Calb1 (Pvalb-lineage)",-1.42823850593957,-1.63312159203344,TRUE,"higher at P21"
4.98172006328536e-09,-0.799744500660469,0.769,0.958,0.000124687471463969,"Srrm2","IN Maf/Calb1 (Pvalb-lineage)",-0.653602798845914,-0.716108535734409,TRUE,"higher at P21"
5.05471122266609e-09,-1.36122677219271,0.212,0.669,0.00012651436719211,"Tmem132d","IN Maf/Calb1 (Pvalb-lineage)",-1.02023400622662,-1.37452382640358,TRUE,"higher at P21"
6.80078018611265e-09,-3.70437719655133,0.01,0.305,0.000170216727278214,"Kcna1","IN Maf/Calb1 (Pvalb-lineage)",-1.94260619457682,-2.51280704627935,TRUE,"higher at P21"
6.98195794881335e-09,-2.12208779313345,0.038,0.373,0.000174751425500849,"Etv5","IN Maf/Calb1 (Pvalb-lineage)",-1.50104405620874,-1.85937465336994,TRUE,"higher at P21"
7.40328884675835e-09,-2.34885603085218,0.048,0.39,0.000185296916545515,"Nek7","IN Maf/Calb1 (Pvalb-lineage)",-2.05418694315637,-1.69605278304376,TRUE,"higher at P21"
7.73844715616118e-09,-3.00742600931166,0.038,0.364,0.000193685593871558,"Nxpe2","IN Maf/Calb1 (Pvalb-lineage)",-2.49743912398696,-2.02593262221037,TRUE,"higher at P21"
8.30909814670868e-09,-1.81321993801628,0.077,0.458,0.000207968417513972,"Dpm1","IN Maf/Calb1 (Pvalb-lineage)",-1.46045978529498,-1.37191960201806,TRUE,"higher at P21"
8.45604345026337e-09,-1.33471188122601,0.202,0.661,0.000211646311516642,"Runx2","IN Maf/Calb1 (Pvalb-lineage)",-1.08015843195523,-1.38772300438778,TRUE,"higher at P21"
1.02362786670491e-08,-1.11461896760448,0.442,0.822,0.000256203818757572,"Ctnna3","IN Maf/Calb1 (Pvalb-lineage)",-1.268129676742,-1.18000686351402,TRUE,"higher at P21"
1.04912287760368e-08,-1.56365772772519,0.115,0.525,0.000262584965035425,"Nfx1","IN Maf/Calb1 (Pvalb-lineage)",-1.28186678426618,-1.09579199932855,TRUE,"higher at P21"
1.09953708391831e-08,-1.00966252424262,0.115,0.542,0.000275203136733915,"Gm5820","IN Maf/Calb1 (Pvalb-lineage)",-0.969710583253891,-1.09947131744281,TRUE,"higher at P21"
1.11219252764366e-08,-1.34424414541087,0.192,0.636,0.000278370667743932,"Kcnc1","IN Maf/Calb1 (Pvalb-lineage)",-1.43320640240993,-1.28804697579029,TRUE,"higher at P21"
1.33967708315618e-08,-0.847229128531733,0.317,0.839,0.000335307777143159,"Cox16","IN Maf/Calb1 (Pvalb-lineage)",-0.817031084433539,-0.844925518765654,TRUE,"higher at P21"
1.34727431423858e-08,-1.5022271240327,0.106,0.508,0.000337209288110775,"Mpc1","IN Maf/Calb1 (Pvalb-lineage)",-1.57433694279035,-0.899282158733337,TRUE,"higher at P21"
1.46612393187918e-08,-1.20758117606904,0.404,0.847,0.000366956158910039,"Camk2a","IN Maf/Calb1 (Pvalb-lineage)",-1.54064430558564,-0.945780432458031,TRUE,"higher at P21"
1.55158132313053e-08,-0.984691564597586,0.279,0.763,0.000388345289366339,"6330576A10Rik","IN Maf/Calb1 (Pvalb-lineage)",-0.932439864060866,-1.20212269639782,TRUE,"higher at P21"
1.64166643064935e-08,-1.34174875310354,0.51,0.847,0.000410892690927226,"Dock4","IN Maf/Calb1 (Pvalb-lineage)",-0.913723293054799,-1.43461063930568,TRUE,"higher at P21"
1.6977173315655e-08,-0.984432093184312,0.077,0.458,0.000424921670917529,"Efr3a","IN Maf/Calb1 (Pvalb-lineage)",-0.970364339772192,-1.37191960201806,TRUE,"higher at P21"
1.89756246612839e-08,-1.2556392455382,0.106,0.5,0.000474940909647275,"Kif13b","IN Maf/Calb1 (Pvalb-lineage)",-0.857892229346348,-1.10755850451405,TRUE,"higher at P21"
2.08674724193175e-08,-0.939954479174367,0.413,0.898,0.000522291967183098,"Upp2","IN Maf/Calb1 (Pvalb-lineage)",-0.815261950948416,-0.873545679219365,TRUE,"higher at P21"
2.32428339293842e-08,-1.9857656087304,0.038,0.356,0.000581744890418556,"Fndc1","IN Maf/Calb1 (Pvalb-lineage)",-1.7225167896084,-1.51896732692865,TRUE,"higher at P21"
2.47765140158665e-08,-0.816397352361111,0.433,0.915,0.000620131369303123,"Tnrc6b","IN Maf/Calb1 (Pvalb-lineage)",-0.626065924777628,-0.795843338671102,TRUE,"higher at P21"
2.78485708479583e-08,-1.55958910367229,0.096,0.475,0.000697021879753548,"Gm49969","IN Maf/Calb1 (Pvalb-lineage)",-0.896227902549366,-1.26551072827875,TRUE,"higher at P21"
3.32842443854585e-08,-0.854436880160334,0.529,0.924,0.00083307135272364,"Snrnp70","IN Maf/Calb1 (Pvalb-lineage)",-0.665475266537438,-0.813563099335544,TRUE,"higher at P21"
3.34974195309382e-08,-1.14591428327251,0.385,0.805,0.000838406913439853,"Me3","IN Maf/Calb1 (Pvalb-lineage)",-1.05775391457401,-1.27952250072052,TRUE,"higher at P21"
5.49706527575293e-08,-2.64807076129192,0.038,0.339,0.0013758604678682,"Naxd","IN Maf/Calb1 (Pvalb-lineage)",-1.55325427945971,-1.500403686793,TRUE,"higher at P21"
6.14979088012791e-08,-1.36403703737139,0.163,0.576,0.00153923115938722,"Nxpe4","IN Maf/Calb1 (Pvalb-lineage)",-1.156570514779,-0.883906883230985,TRUE,"higher at P21"
6.2206306590986e-08,-0.815068205698377,0.413,0.856,0.00155696164766579,"Akap8l","IN Maf/Calb1 (Pvalb-lineage)",-1.11474894633931,-0.645770229306753,TRUE,"higher at P21"
6.23737921100687e-08,-1.68162259519192,0.048,0.364,0.00156115364272291,"Epb41","IN Maf/Calb1 (Pvalb-lineage)",-1.18696711965865,-1.44914174640595,TRUE,"higher at P21"
6.25088983357168e-08,-1.52484095475275,0.087,0.441,0.00156453521644466,"Gss","IN Maf/Calb1 (Pvalb-lineage)",-1.46780294573158,-1.16722832465975,TRUE,"higher at P21"
7.02394552835815e-08,-5.37985337854688,0,0.246,0.00175802332629276,"Inpp5j","IN Maf/Calb1 (Pvalb-lineage)",-2.13269900658241,-2.29623029949502,TRUE,"higher at P21"
7.02394552835815e-08,-5.37055621614168,0,0.246,0.00175802332629276,"Sept4","IN Maf/Calb1 (Pvalb-lineage)",-1.96412017779777,-2.29623029949502,TRUE,"higher at P21"
7.02394552835815e-08,-5.71164815267865,0,0.246,0.00175802332629276,"St6gal1","IN Maf/Calb1 (Pvalb-lineage)",-2.42024530941863,-2.57073699581718,TRUE,"higher at P21"
7.03903325836707e-08,-1.50812450649877,0.087,0.441,0.00176179963423669,"Dnaja2","IN Maf/Calb1 (Pvalb-lineage)",-1.17899578602455,-1.01229960323397,TRUE,"higher at P21"
7.0741657983042e-08,-2.44522715727345,0.019,0.297,0.00177059295765756,"Ppwd1","IN Maf/Calb1 (Pvalb-lineage)",-1.40228665770194,-1.98301284215741,TRUE,"higher at P21"
7.22725024129243e-08,-1.16033693494585,0.173,0.593,0.00180890846289308,"Gm13629","IN Maf/Calb1 (Pvalb-lineage)",-1.07205469317039,-1.45738269156205,TRUE,"higher at P21"
7.3816731215971e-08,-1.15748092250764,0.788,0.924,0.00184755896560454,"Kansl1l","IN Maf/Calb1 (Pvalb-lineage)",-1.02759730501331,-1.3664770561046,TRUE,"higher at P21"
7.79215193734217e-08,-0.997186983731478,0.212,0.669,0.00195029770839737,"Cacna2d2","IN Maf/Calb1 (Pvalb-lineage)",-0.57718258580158,-0.917517925862153,TRUE,"higher at P21"
9.86747642378264e-08,-1.64157422935375,0.038,0.339,0.00246973067410856,"Sugp1","IN Maf/Calb1 (Pvalb-lineage)",-1.78924083094952,-1.4543913582236,TRUE,"higher at P21"
1.03677687578177e-07,-1.65422919273194,0.106,0.458,0.00259494884239419,"Crebrf","IN Maf/Calb1 (Pvalb-lineage)",-1.13942979087911,-0.997653763192198,TRUE,"higher at P21"
1.03923575855837e-07,-0.881137314678727,0.192,0.644,0.00260110318009574,"Vps13c","IN Maf/Calb1 (Pvalb-lineage)",-0.507709081153327,-0.806057801298644,TRUE,"higher at P21"
1.04559020711042e-07,-1.59100282422789,0.077,0.415,0.00261700772937666,"Mkln1os","IN Maf/Calb1 (Pvalb-lineage)",-0.903743886887185,-1.63495499990854,TRUE,"higher at P21"
1.0477457178174e-07,-1.0281714339455,0.115,0.5,0.00262240275712517,"Gm41231","IN Maf/Calb1 (Pvalb-lineage)",-0.473881453449939,-1.05205457315333,TRUE,"higher at P21"
1.12692764641456e-07,-1.53487551726997,0.067,0.398,0.00282058720621101,"Rmnd1","IN Maf/Calb1 (Pvalb-lineage)",-1.139730438377,-1.09984160538495,TRUE,"higher at P21"
1.13918615009891e-07,-1.08784859395981,0.144,0.551,0.00285126901508256,"Bbof1","IN Maf/Calb1 (Pvalb-lineage)",-1.02002955122639,-1.09366307089105,TRUE,"higher at P21"
1.15336961196641e-07,-0.826153071046764,0.673,0.915,0.00288676880179074,"Agbl4","IN Maf/Calb1 (Pvalb-lineage)",-0.773312758162779,-0.883589345165116,TRUE,"higher at P21"
1.17446293681426e-07,-0.794264106364034,0.74,0.958,0.00293956328455241,"Pde10a","IN Maf/Calb1 (Pvalb-lineage)",-0.762375624717089,-0.834366025568829,TRUE,"higher at P21"
1.23308835762191e-07,-0.682126537516546,0.721,0.958,0.00308629685029187,"Prkn","IN Maf/Calb1 (Pvalb-lineage)",-0.568024762244745,-0.602843491508535,TRUE,"higher at P21"
1.28436720031235e-07,-1.02594646715091,0.144,0.551,0.00321464266566179,"Larp1","IN Maf/Calb1 (Pvalb-lineage)",-0.987456437465631,-0.80054498034975,TRUE,"higher at P21"
1.30797602245018e-07,-2.03123497253853,0.019,0.288,0.00327373318659055,"Gm15243","IN Maf/Calb1 (Pvalb-lineage)",-1.55321190789106,-1.84032464693671,TRUE,"higher at P21"
1.36985373329356e-07,-0.93999062428592,0.279,0.746,0.00342860690906046,"Ttc14","IN Maf/Calb1 (Pvalb-lineage)",-0.720283973196,-0.855603964071439,TRUE,"higher at P21"
1.37918788051713e-07,-2.8509470288942,0.029,0.305,0.00345196934614633,"Phka2","IN Maf/Calb1 (Pvalb-lineage)",-1.0590667142011,-1.76621149540815,TRUE,"higher at P21"
1.52884032918982e-07,-2.53787699793702,0.029,0.305,0.00382653445992921,"Rexo1","IN Maf/Calb1 (Pvalb-lineage)",-1.42844152774086,-1.57893321413941,TRUE,"higher at P21"
1.55658302375452e-07,-0.900038528085241,0.173,0.602,0.00389597165015518,"Sfxn5","IN Maf/Calb1 (Pvalb-lineage)",-1.05301488788659,-1.02163197271894,TRUE,"higher at P21"
1.57473278255546e-07,-1.17362356354119,0.144,0.542,0.00394139868145806,"Wdr60","IN Maf/Calb1 (Pvalb-lineage)",-1.05693461942489,-1.1226077987485,TRUE,"higher at P21"
1.6258561347847e-07,-1.13501677452355,0.106,0.475,0.00406935531975262,"Cacng7","IN Maf/Calb1 (Pvalb-lineage)",-0.947226551577782,-0.77292465494091,TRUE,"higher at P21"
1.7683192750363e-07,-1.06002883158948,0.144,0.534,0.00442592631348837,"Smchd1","IN Maf/Calb1 (Pvalb-lineage)",-1.08773330653569,-0.974196820754685,TRUE,"higher at P21"
1.794816696844e-07,0.633892328855704,0.962,0.975,0.00449224671053085,"Macrod2","IN Maf/Calb1 (Pvalb-lineage)",0.55382876571768,0.709361640719688,TRUE,"higher at P10"
1.82816492979737e-07,-0.881070008205588,0.25,0.712,0.00457571400278983,"Usp9x","IN Maf/Calb1 (Pvalb-lineage)",-0.853683949965277,-0.690776521798224,TRUE,"higher at P21"
1.86837786694221e-07,-1.73704794493887,0.048,0.347,0.00467636296316965,"Pou6f1","IN Maf/Calb1 (Pvalb-lineage)",-1.07920686532951,-1.47928367691886,TRUE,"higher at P21"
1.87278691950168e-07,-1.54502477088868,0.067,0.39,0.00468739838082076,"Stx16","IN Maf/Calb1 (Pvalb-lineage)",-1.40182391366636,-1.34691835168247,TRUE,"higher at P21"
1.91760292561385e-07,-0.705551337861067,0.337,0.839,0.00479956836251891,"1110051M20Rik","IN Maf/Calb1 (Pvalb-lineage)",-0.428884200104632,-0.69328473414084,TRUE,"higher at P21"
1.98476698138649e-07,-1.48670543011366,0.087,0.424,0.00496767327771225,"Uri1","IN Maf/Calb1 (Pvalb-lineage)",-1.34529964218927,-0.820903969280119,TRUE,"higher at P21"
2.11461529457005e-07,-1.61233698997987,0.058,0.364,0.00529267062077938,"Coro6","IN Maf/Calb1 (Pvalb-lineage)",-1.42823850593957,-1.26923861568193,TRUE,"higher at P21"
2.22320655998766e-07,-1.4514689847976,0.096,0.441,0.00556446369899311,"Emsy","IN Maf/Calb1 (Pvalb-lineage)",-1.17326927241042,-0.752881844106282,TRUE,"higher at P21"
2.25630873506039e-07,-5.35532625098194,0,0.229,0.00564731513298266,"A930029G22Rik","IN Maf/Calb1 (Pvalb-lineage)",-1.96412017779777,-2.46711454025492,TRUE,"higher at P21"
2.37465973819025e-07,-0.957288267695418,0.173,0.576,0.00594353585871639,"Fars2","IN Maf/Calb1 (Pvalb-lineage)",-0.719041427289367,-0.435595397562601,TRUE,"higher at P21"
2.40517424366022e-07,-0.931629460822312,0.173,0.593,0.00601991061445716,"Coro2b","IN Maf/Calb1 (Pvalb-lineage)",-0.585025318619014,-1.01701053466036,TRUE,"higher at P21"
2.51355297844348e-07,-0.686483586289362,0.106,0.466,0.00629117174974618,"Hnrnpl","IN Maf/Calb1 (Pvalb-lineage)",-0.990786908524293,-0.547670408679554,TRUE,"higher at P21"
2.62470391708931e-07,-1.26873939437786,0.058,0.364,0.00656937143408284,"Gm16126","IN Maf/Calb1 (Pvalb-lineage)",-1.47954179782834,-1.15859080097682,TRUE,"higher at P21"
2.64586742371421e-07,-2.71821207712313,0.029,0.297,0.00662234157481428,"C030034I22Rik","IN Maf/Calb1 (Pvalb-lineage)",-1.49218801364205,-1.85145866325898,TRUE,"higher at P21"
2.82648014939654e-07,-0.899171663652508,0.231,0.686,0.0070743971659246,"Tango2","IN Maf/Calb1 (Pvalb-lineage)",-0.848061771742383,-0.822572879168996,TRUE,"higher at P21"
3.00509146175248e-07,-1.28632332963737,0.067,0.381,0.00752144341962029,"Mtrex","IN Maf/Calb1 (Pvalb-lineage)",-1.0499130287736,-0.98073054811935,TRUE,"higher at P21"
3.00992866394909e-07,-1.68881610638802,0.087,0.415,0.00753355045299817,"Dexi","IN Maf/Calb1 (Pvalb-lineage)",-1.25467477900929,-1.04895802989782,TRUE,"higher at P21"
3.06644187800123e-07,-0.817006254661101,0.135,0.517,0.00767499737644927,"Mef2d","IN Maf/Calb1 (Pvalb-lineage)",-0.686487052672513,-0.566332124948018,TRUE,"higher at P21"
3.25635366354048e-07,-1.76633969388383,0.058,0.356,0.00815032758447547,"Prr14","IN Maf/Calb1 (Pvalb-lineage)",-1.1400417311988,-1.09338903321366,TRUE,"higher at P21"
3.45795454803432e-07,-1.1422483173267,0.288,0.712,0.0086549144382751,"Tmem44","IN Maf/Calb1 (Pvalb-lineage)",-0.685547334822415,-0.981514453253432,TRUE,"higher at P21"
3.56278861309786e-07,-2.79530296969148,0.019,0.271,0.00891730361972263,"5530401A14Rik","IN Maf/Calb1 (Pvalb-lineage)",-1.75357944643935,-2.1536562580287,TRUE,"higher at P21"
3.78520965296817e-07,-1.34973277490344,0.087,0.415,0.00947400124041402,"Afg1l","IN Maf/Calb1 (Pvalb-lineage)",-0.942309318797408,-1.28540963684589,TRUE,"higher at P21"
3.38206660727332e-10,-0.9199106556134,1,1,8.4649745113444e-06,"Malat1","IN Moxd1/Gna14 (MGE)",-0.520347849840927,-1.02399831210576,TRUE,"higher at P21"
1.16059261223781e-09,-0.669158593933146,1,1,2.90484724917002e-05,"Snhg11","IN Moxd1/Gna14 (MGE)",-0.531785584854523,-0.732855422264176,TRUE,"higher at P21"
2.25863417001952e-08,-3.06387492164198,0.067,0.574,0.000565313546414187,"Specc1","IN Moxd1/Gna14 (MGE)",-2.56201285519045,-2.60105934046655,TRUE,"higher at P21"
2.39568929642092e-08,-1.89643094658766,0.317,0.851,0.000599617074001192,"Rasgrf1","IN Moxd1/Gna14 (MGE)",-1.856665683771,-1.73471150952416,TRUE,"higher at P21"
1.62166650201074e-07,0.860685650357893,0.983,1,0.00405886908788268,"Nrxn1","IN Moxd1/Gna14 (MGE)",0.927291061468011,0.751153925273552,TRUE,"higher at P10"
2.38193762875649e-07,-1.59251871425856,0.383,0.851,0.00596175169101462,"Cit","IN Moxd1/Gna14 (MGE)",-1.74997606412487,-1.61545139529224,TRUE,"higher at P21"
3.76742647112932e-07,-3.62103473341249,0.033,0.447,0.00942949171458958,"Susd4","IN Moxd1/Gna14 (MGE)",-2.16085920142082,-2.75124383573982,TRUE,"higher at P21"
1.9179268257992e-23,-1.2604953814557,0.974,1,4.80037905229281e-19,"Snhg11","IN Vip",-1.35794922024314,-1.23113432953313,TRUE,"higher at P21"
2.47727841159819e-17,-0.749819040571827,1,1,6.20038013638911e-13,"Malat1","IN Vip",-0.448938069693361,-0.761260562579499,TRUE,"higher at P21"
4.10031631438201e-16,-2.55386862556333,0.158,0.82,1.02626817032667e-11,"Rasgrf1","IN Vip",-2.53283108767884,-2.60928035761868,TRUE,"higher at P21"
1.23920426348909e-13,-1.78983601913865,0.316,0.86,3.10160435108685e-09,"Camk2a","IN Vip",-1.60790782630921,-1.77926828710078,TRUE,"higher at P21"
1.66593002881534e-13,-1.48334413897088,0.632,0.95,4.1696562691219e-09,"Pde10a","IN Vip",-1.22339354438566,-1.45079086459685,TRUE,"higher at P21"
3.46100499973689e-12,-0.529225655241635,1,1,8.66254941384147e-08,"Meg3","IN Vip",-0.650560412263782,-0.446836362642548,TRUE,"higher at P21"
5.21381652807157e-10,-2.18884200808563,0.184,0.67,1.30496613881103e-05,"Vip","IN Vip",-1.85058207340351,-2.11786155924162,TRUE,"higher at P21"
4.26795659862837e-09,-2.21078566168401,0.132,0.6,0.000106822685707069,"6330576A10Rik","IN Vip",-2.2675844680675,-1.60543127540964,TRUE,"higher at P21"
8.32759317161347e-09,-1.73056726192392,0.211,0.7,0.000208431329492314,"Lncpint","IN Vip",-1.65829822618917,-1.91246043363103,TRUE,"higher at P21"
8.71811084937398e-09,0.710189337907409,1,1,0.000218205596448981,"Adarb2","IN Vip",0.873300837599305,0.646726459386107,TRUE,"higher at P10"
1.19192485649742e-08,-1.13062862869074,0.605,0.9,0.000298326872332739,"Zbtb16","IN Vip",-1.04041218537303,-1.12065589040106,TRUE,"higher at P21"
1.23400167300566e-08,-1.8114133081342,0.342,0.75,0.000308858278736587,"Cit","IN Vip",-1.43291571069836,-1.53498199680748,TRUE,"higher at P21"
1.49931273852726e-08,-1.62495695003883,0.316,0.75,0.000375262985325989,"A330015K06Rik","IN Vip",-1.185688786091,-1.44899781860175,TRUE,"higher at P21"
2.06996690978298e-08,1.56842100319918,0.763,0.57,0.000518092017849581,"Chl1","IN Vip",1.28084033184968,1.49716824783661,TRUE,"higher at P10"
2.89176237915632e-08,0.663954833755608,0.987,1,0.000723779205879034,"Ptprd","IN Vip",0.714604605983397,0.554401960947818,TRUE,"higher at P10"
5.22933940846872e-08,0.644700051980812,1,1,0.00130885136054563,"Auts2","IN Vip",0.49932583664336,0.666253010144179,TRUE,"higher at P10"
1.44020038266059e-07,-2.15968728853669,0.066,0.44,0.0036046775377612,"Gpd1","IN Vip",-1.67148913520444,-2.29098654437952,TRUE,"higher at P21"
1.55760331797666e-07,-1.70386938593089,0.211,0.64,0.00389852534456378,"Ftx","IN Vip",-1.6035967231722,-1.40863206244064,TRUE,"higher at P21"
1.8584337837427e-07,-1.20154060767573,0.605,0.95,0.00465147391732961,"Etl4","IN Vip",-1.19209527289671,-1.1080879840697,TRUE,"higher at P21"
2.19357074124991e-07,-1.12563955309024,0.224,0.71,0.00549028820827441,"Ogt","IN Vip",-1.2061803240805,-1.20564307473855,TRUE,"higher at P21"
2.55045686057281e-07,-0.708479565820911,0.882,1,0.00638353847632769,"Ahi1","IN Vip",-0.6321919653767,-0.647112672745497,TRUE,"higher at P21"
4.12328418551666e-12,-1.02312575884663,0.977,1,1.03201679879297e-07,"Snhg11","IN Reln/Npas1 (CGE)",-0.876502747292166,-0.973620681753073,TRUE,"higher at P21"
3.26394062014741e-11,-0.900133731049134,1,1,8.16931697816695e-07,"Malat1","IN Reln/Npas1 (CGE)",-0.573360628387531,-1.02272816392507,TRUE,"higher at P21"
1.39385523686567e-09,-2.87134985406789,0.136,0.754,3.48868027235109e-05,"Lncpint","IN Reln/Npas1 (CGE)",-2.77782027028243,-2.89489564094264,TRUE,"higher at P21"
1.54681801574343e-10,-0.918244285791308,1,1,3.87153081160422e-06,"Malat1","IN Cck/Cnr1 (CGE)",-0.546414534757254,-1.16761186272573,TRUE,"higher at P21"
3.18247574614878e-09,1.86324007661564,0.917,0.708,7.96541854503578e-05,"Khdrbs2","IN Cck/Cnr1 (CGE)",1.52234364658011,1.81346754791725,TRUE,"higher at P10"
3.42661825439625e-09,-0.878846467499535,1,1,8.57648282892838e-05,"Snhg11","IN Cck/Cnr1 (CGE)",-0.817393570560179,-0.91263544709305,TRUE,"higher at P21"
1.27110427566225e-08,0.852311194290852,1,1,0.000318144689155504,"Adarb2","IN Cck/Cnr1 (CGE)",0.787365923442778,0.678428107005589,TRUE,"higher at P10"
4.49796509953441e-08,0.955643721028041,1,0.958,0.00112579568476247,"Auts2","IN Cck/Cnr1 (CGE)",0.810619023982607,0.995054144744847,TRUE,"higher at P10"
1.21241474617353e-16,-1.10168127750473,0.964,1,3.03455286819772e-12,"Snhg11","IN Lamp5",-1.13291552373389,-1.04965358683825,TRUE,"higher at P21"
2.68873088541192e-13,-1.33609014448699,0.875,0.966,6.72962453309749e-09,"Grin2a","IN Lamp5",-1.41330308121416,-1.26632359518998,TRUE,"higher at P21"
6.1528894369852e-13,-2.11916841256796,0.321,0.908,1.54000669718303e-08,"Akap8l","IN Lamp5",-2.05060805159548,-1.84833224811654,TRUE,"higher at P21"
7.38496822417289e-13,-2.12901462818246,0.446,0.908,1.84838369682823e-08,"Kcnn2","IN Lamp5",-1.82494886771255,-1.88215203532052,TRUE,"higher at P21"
1.17199226561967e-12,-2.18638959989366,0.232,0.897,2.93337944161947e-08,"Lncpint","IN Lamp5",-2.19901879780412,-2.280128015586,TRUE,"higher at P21"
3.67649995983005e-11,-1.86663050938786,0.339,0.897,9.20191174945863e-07,"Pip5k1b","IN Lamp5",-1.92998187552897,-1.40938631276092,TRUE,"higher at P21"
3.28570350184654e-10,1.03406867957919,0.946,0.954,8.2237872947717e-06,"Unc5d","IN Lamp5",0.934469230618489,1.09165987104633,TRUE,"higher at P10"
4.16974680157828e-10,-1.5168511488225,0.375,0.943,1.04364592696703e-05,"Rasgrf1","IN Lamp5",-1.56722138986534,-1.49169476105435,TRUE,"higher at P21"
9.04728464596952e-10,-2.81386403388515,0.071,0.632,2.26444487403971e-05,"Mycbp","IN Lamp5",-1.76848905579321,-2.45384764478053,TRUE,"higher at P21"
1.38178804258467e-09,-1.30291065345975,0.804,0.966,3.45847729178517e-05,"Zmat4","IN Lamp5",-1.3973940000257,-1.15976515327557,TRUE,"higher at P21"
2.04426242196513e-09,-2.95337067311421,0.036,0.563,5.11658441593651e-05,"Map7","IN Lamp5",-2.59844368928553,-2.31606739453923,TRUE,"higher at P21"
2.54915007321842e-09,-2.6324147481591,0.071,0.621,6.38026771825839e-05,"Gm13963","IN Lamp5",-1.9331719766221,-2.02386737748121,TRUE,"higher at P21"
2.69837757546286e-09,-2.72185827514216,0.071,0.621,6.753769233626e-05,"Gm15243","IN Lamp5",-1.99538792177066,-2.02144884609748,TRUE,"higher at P21"
2.19704255961045e-08,0.84672560997483,1,0.966,0.0005498977822449,"Dpp10","IN Lamp5",0.638928694831888,0.718783789875046,TRUE,"higher at P10"
2.738995427098e-08,0.995654286254642,0.964,0.908,0.000685543165448358,"Nkain3","IN Lamp5",0.813216255861921,0.798981418517137,TRUE,"higher at P10"
5.30689778405816e-08,-1.11669122024146,0.232,0.816,0.00132826344637192,"Camk2a","IN Lamp5",-1.21563252839777,-0.910895947093395,TRUE,"higher at P21"
5.37297618713601e-08,-1.1752158048168,0.393,0.897,0.00134480220987827,"Zbtb16","IN Lamp5",-1.20672003167504,-1.10098506826618,TRUE,"higher at P21"
6.84268913819936e-08,-2.16734893335392,0.143,0.644,0.00171265666439992,"Hmgcll1","IN Lamp5",-1.5297031867117,-1.67697155067387,TRUE,"higher at P21"
8.6329357376344e-08,-2.33659529689812,0.107,0.598,0.00216073748577251,"Phka2","IN Lamp5",-1.80433890694433,-1.62820554013533,TRUE,"higher at P21"
9.97574425951383e-08,-1.68471135652098,0.589,0.908,0.00249682903071372,"Ctnna3","IN Lamp5",-0.986623471817384,-1.46565146122072,TRUE,"higher at P21"
1.02056889600145e-07,-3.32563505457857,0.054,0.494,0.00255438188980202,"Fmn1","IN Lamp5",-2.44157025876685,-2.21098498513499,TRUE,"higher at P21"
1.02188702076931e-07,0.636619568464717,0.982,0.966,0.00255768102428349,"Auts2","IN Lamp5",0.685896990597796,0.578501253659372,TRUE,"higher at P10"
1.23035154096019e-07,-1.35118472107015,0.179,0.724,0.00307944687186925,"Glp2r","IN Lamp5",-0.668971081049528,-1.21036805771484,TRUE,"higher at P21"
1.34221450293798e-07,2.49232908424324,0.643,0.31,0.00335942867940347,"Gm20754","IN Lamp5",2.10740838105853,2.24017057977975,TRUE,"higher at P10"
1.81682753850748e-07,-3.76371224604431,0.018,0.425,0.00454733764613037,"Kdm5c","IN Lamp5",-3.02778126877742,-2.5179850073491,TRUE,"higher at P21"
2.05186479554564e-07,-1.72673632623333,0.179,0.69,0.00513561239677117,"Ndst3","IN Lamp5",-1.18717893607211,-1.23566285216571,TRUE,"higher at P21"
2.13621005917062e-07,-1.55493993272835,0.268,0.782,0.00534672015709813,"Mpdz","IN Lamp5",-1.47658933711528,-1.56876899624067,TRUE,"higher at P21"
2.28173109065049e-07,-1.77880113923479,0.304,0.77,0.0057109447467891,"Dgkg","IN Lamp5",-1.73727275593463,-1.24846799667618,TRUE,"higher at P21"
2.28725208506164e-07,-5.63086870152356,0,0.379,0.00572476324370077,"Siah3","IN Lamp5",-3.64052854160892,-3.00398148869597,TRUE,"higher at P21"
3.1041836096045e-07,-1.39723019711844,0.393,0.862,0.00776946115647911,"Rasgrf2","IN Lamp5",-1.25366667740173,-1.00070492060708,TRUE,"higher at P21"
3.4789588859684e-07,1.06240007492315,0.964,0.954,0.00870748619569031,"Cadm2","IN Lamp5",1.16612492809202,1.10313200927162,TRUE,"higher at P10"
3.50825851808584e-07,-2.04324047345362,0.143,0.609,0.00878082024491705,"Upp2","IN Lamp5",-1.85204655254899,-1.71517560305686,TRUE,"higher at P21"
3.73083724318855e-07,-2.99819503158067,0.054,0.471,0.00933791253597663,"1810034E14Rik","IN Lamp5",-2.10739389994263,-2.38209748001386,TRUE,"higher at P21"
3.93448507726972e-07,-0.820425847069651,0.643,0.954,0.00984762269989838,"Srrm2","IN Lamp5",-0.951287983811654,-0.841329963710131,TRUE,"higher at P21"
4.96996872031008e-87,-0.778994236497912,1,1,1.24393347100641e-82,"Malat1","Astrocyte",-0.544969344117954,-0.832017401194283,TRUE,"higher at P21"
2.02068804758311e-73,-2.57020448098316,0.197,0.842,5.05758011429578e-69,"Prex2","Astrocyte",-2.74011377450545,-2.50041945060046,TRUE,"higher at P21"
1.06760072834637e-59,1.40942194067114,0.95,0.93,2.67209786297812e-55,"Ptprz1","Astrocyte",1.31323144603428,1.53687506842731,TRUE,"higher at P10"
2.79512403795973e-56,-2.30079099473854,0.306,0.856,6.99591595460941e-52,"Apoe","Astrocyte",-2.56124338668564,-2.10653788337728,TRUE,"higher at P21"
1.03747483985778e-51,-2.56743628748463,0.177,0.746,2.59669577668003e-47,"Cst3","Astrocyte",-3.05041964076997,-2.25566641398219,TRUE,"higher at P21"
6.28816110610581e-48,-2.39137436055952,0.152,0.694,1.57386384324722e-43,"Clu","Astrocyte",-2.58449034669787,-2.19527034756813,TRUE,"higher at P21"
1.10991379081574e-46,-3.36332060015427,0.035,0.487,2.77800322703272e-42,"Hif3a","Astrocyte",-2.85031579956126,-3.05084006267993,TRUE,"higher at P21"
2.12996867392529e-45,-1.6708576765697,0.304,0.75,5.3310985939676e-41,"Mertk","Astrocyte",-1.61111916515504,-1.6664732569522,TRUE,"higher at P21"
4.23657311307404e-44,-0.94787225769404,0.87,0.984,1.0603718844713e-39,"Slc1a2","Astrocyte",-1.0395690872813,-0.867082957173706,TRUE,"higher at P21"
1.15956420744931e-42,-2.09368064189011,0.16,0.67,2.90227325482489e-38,"Acsl3","Astrocyte",-1.9182326644253,-2.06148474977901,TRUE,"higher at P21"
1.41348896380111e-42,-2.92813094881504,0.049,0.467,3.53782152749779e-38,"Lncpint","Astrocyte",-2.68027752613569,-2.69559773827694,TRUE,"higher at P21"
1.41879267226416e-42,-2.9256396922238,0.04,0.423,3.55109617940998e-38,"Pnpla7","Astrocyte",-2.40765290693771,-2.76819513846234,TRUE,"higher at P21"
4.62304173036957e-40,-3.8667351598911,0.015,0.367,1.1571011146942e-35,"Ccnd3","Astrocyte",-3.14838498366928,-3.66671428384187,TRUE,"higher at P21"
9.5473862430415e-39,1.16965434145217,0.926,0.886,2.38961530277086e-34,"Csmd1","Astrocyte",1.28029248391453,1.27338737547259,TRUE,"higher at P10"
3.78082778968074e-38,-1.74150189499998,0.352,0.761,9.46303387479193e-34,"Trpm3","Astrocyte",-1.58800055578868,-1.73112772752986,TRUE,"higher at P21"
1.17141640201098e-37,2.08343352629207,0.695,0.413,2.93193811259329e-33,"Grip1","Astrocyte",1.91247750314646,2.13852451369838,TRUE,"higher at P10"
3.22183299997076e-34,-1.62426306796699,0.232,0.684,8.06392581562681e-30,"Kcnn2","Astrocyte",-1.67471504111824,-1.56366739546502,TRUE,"higher at P21"
3.43015886210851e-33,-2.28061750581558,0.081,0.478,8.58534461597138e-29,"Clmn","Astrocyte",-2.47194291710043,-2.14289124646628,TRUE,"higher at P21"
2.73442880020552e-32,-2.17362155403699,0.078,0.435,6.84400184403439e-28,"Grin2c","Astrocyte",-1.92606587976832,-2.0422017555144,TRUE,"higher at P21"
5.32624398507895e-32,-3.50390373955327,0.026,0.333,1.33310560702541e-27,"Lgi1","Astrocyte",-2.64280893450027,-3.06607942241404,TRUE,"higher at P21"
4.26890511580009e-31,-1.43226239668756,0.264,0.71,1.0684642614336e-26,"Asic2","Astrocyte",-1.07257785838028,-1.46494649162513,TRUE,"higher at P21"
5.36922865397862e-31,-1.78246299658962,0.13,0.539,1.34386423980431e-26,"Nxn","Astrocyte",-1.80834235035645,-1.69728342847232,TRUE,"higher at P21"
1.66240287334441e-30,-1.21663088469372,0.423,0.858,4.16082815169372e-26,"Farp1","Astrocyte",-1.18544296763882,-1.14863373335721,TRUE,"higher at P21"
2.68148967570192e-30,-1.88186270774824,0.099,0.475,6.71150050931433e-26,"Pde8b","Astrocyte",-1.86480354966514,-1.72967135267757,TRUE,"higher at P21"
6.47339393264568e-30,-3.34121442253619,0.029,0.345,1.62022576740189e-25,"Zbtb16","Astrocyte",-2.38736678838174,-2.84436722290662,TRUE,"higher at P21"
8.39292188870172e-28,-1.9247964316317,0.137,0.569,2.10066441952315e-23,"Rmst","Astrocyte",-1.80975257476687,-2.10910653857947,TRUE,"higher at P21"
1.96507113359829e-26,0.814735421006626,0.942,0.938,4.91837654028315e-22,"Npas3","Astrocyte",0.701216793663606,0.858044486649293,TRUE,"higher at P10"
3.20795616672097e-26,-1.11846878278069,0.375,0.756,8.02919348968592e-22,"Sik3","Astrocyte",-1.16871433606898,-1.04099031894326,TRUE,"higher at P21"
4.12600345845773e-26,-1.75946177373717,0.103,0.419,1.03269740561739e-21,"Cables1","Astrocyte",-1.59684719602116,-1.54652476341394,TRUE,"higher at P21"
4.68754101999996e-26,2.36351048620783,0.583,0.357,1.17324464189579e-21,"Grm5","Astrocyte",2.74809470296266,2.35111150235515,TRUE,"higher at P10"
8.53569197344565e-26,-1.68336138149451,0.113,0.492,2.13639834403371e-21,"9330159F19Rik","Astrocyte",-1.69838943932244,-1.6060974275598,TRUE,"higher at P21"
9.12482468831497e-26,-0.771067414603751,0.68,0.929,2.28385237123835e-21,"Gabrb1","Astrocyte",-0.906098404465182,-0.797228906263984,TRUE,"higher at P21"
2.91254422901564e-25,-1.33798718683063,0.242,0.653,7.28980695080325e-21,"Adk","Astrocyte",-1.36242343584404,-1.22514800499235,TRUE,"higher at P21"
3.6332743670626e-25,-1.51241674138381,0.211,0.586,9.09372241332099e-21,"Htra1","Astrocyte",-1.4776933955982,-1.44661406760763,TRUE,"higher at P21"
1.04050958557323e-24,-1.65791593339427,0.122,0.478,2.60429144173125e-20,"Cmss1","Astrocyte",-1.85627458507309,-1.35941835726531,TRUE,"higher at P21"
2.24802577700393e-24,-1.05447378475345,0.357,0.752,5.62658371726314e-20,"Sorbs1","Astrocyte",-0.981896279849216,-1.06265527470011,TRUE,"higher at P21"
7.96248877612872e-24,-1.4017905307282,0.191,0.565,1.99293131577726e-19,"Vcl","Astrocyte",-1.41409508362478,-1.32294431723119,TRUE,"higher at P21"
2.31169862015099e-23,-1.223339975571,0.278,0.662,5.7859504763759e-19,"Phkg1","Astrocyte",-1.14687075290007,-1.17637721940841,TRUE,"higher at P21"
6.20736187087842e-23,-1.41684157209475,0.121,0.449,1.55364060266216e-18,"Ndrg2","Astrocyte",-1.47377395482636,-1.27113392215974,TRUE,"higher at P21"
1.9875026690094e-22,-1.44737669063854,0.155,0.532,4.97452043026363e-18,"Wnk2","Astrocyte",-1.27478889941073,-1.39783026759619,TRUE,"higher at P21"
2.92681698205943e-22,-1.43260423580765,0.114,0.436,7.32553022439655e-18,"Hivep3","Astrocyte",-1.43588192915024,-1.38631013997753,TRUE,"higher at P21"
4.88325398397173e-22,-1.14239286441164,0.214,0.543,1.22222963964829e-17,"Glul","Astrocyte",-1.16590971251688,-0.99305702803431,TRUE,"higher at P21"
7.93109960365434e-22,-1.5157260393788,0.143,0.506,1.98507491979864e-17,"Npas2","Astrocyte",-1.26924668557957,-1.52028644532248,TRUE,"higher at P21"
8.37648914466362e-22,-1.04282120640824,0.303,0.696,2.09655146801786e-17,"Mapk4","Astrocyte",-0.959502399219919,-1.03084940056105,TRUE,"higher at P21"
1.26700410403778e-21,-3.09880295334992,0.022,0.246,3.17118457199617e-17,"Gm9925","Astrocyte",-2.39988669790108,-2.49926632688747,TRUE,"higher at P21"
1.51743785452657e-21,1.35190197533158,0.718,0.604,3.79799520609456e-17,"Nrxn3","Astrocyte",1.67209853634547,1.29141382314966,TRUE,"higher at P10"
1.54279688709602e-21,-1.79416057240108,0.094,0.434,3.86146632871262e-17,"Csrp1","Astrocyte",-1.42073812456862,-1.82610111099249,TRUE,"higher at P21"
2.79177402249824e-21,1.17051736544174,0.68,0.592,6.98753120091083e-17,"Ncam2","Astrocyte",1.13149778613034,1.17762826529585,TRUE,"higher at P10"
3.74243007672703e-21,-1.90960082467261,0.089,0.4,9.36692823904008e-17,"A330093E20Rik","Astrocyte",-1.3020426794105,-1.8225906338519,TRUE,"higher at P21"
3.83619725363373e-21,-2.32913044429829,0.12,0.402,9.60161810611986e-17,"mt-Co3","Astrocyte",-3.51092594899407,-1.60303465703185,TRUE,"higher at P21"
5.5171781113399e-21,-1.83081610765542,0.089,0.393,1.38089450948726e-16,"Tprkb","Astrocyte",-1.55110700880354,-1.797583771837,TRUE,"higher at P21"
5.95222726277402e-21,-1.11138826657109,0.257,0.645,1.48978296159971e-16,"Sumo1","Astrocyte",-1.09077984827341,-1.08448834679337,TRUE,"higher at P21"
1.27292682318746e-20,-0.928723261885381,0.514,0.827,3.18600854575589e-16,"Cadm1","Astrocyte",-0.910961321708565,-0.983987839229659,TRUE,"higher at P21"
2.59679300815981e-20,-1.49975360892896,0.073,0.319,6.4995132201232e-16,"Gpr37l1","Astrocyte",-1.70473470383873,-1.33197236400701,TRUE,"higher at P21"
2.61564728114662e-20,-4.11316310101385,0.008,0.204,6.54670357998188e-16,"2210408F21Rik","Astrocyte",-2.73491550772013,-2.99183510488673,TRUE,"higher at P21"
3.77790451358782e-20,-1.92840843567798,0.047,0.287,9.45571720705894e-16,"Acot11","Astrocyte",-1.69201106152642,-1.75680125823816,TRUE,"higher at P21"
7.1713619401545e-20,-1.62407299855285,0.11,0.382,1.79492018000127e-15,"9630028H03Rik","Astrocyte",-1.42434452587052,-1.57329351648174,TRUE,"higher at P21"
8.50015653049089e-20,-3.84634841132789,0.007,0.209,2.12750417801657e-15,"Cdh19","Astrocyte",-2.71573675095285,-3.25759471159429,TRUE,"higher at P21"
1.27917021718852e-19,-0.971104710086897,0.223,0.567,3.20163513660114e-15,"Mical2","Astrocyte",-0.910186756973213,-0.984890255006384,TRUE,"higher at P21"
1.30583091289057e-19,-1.05246250783873,0.2,0.518,3.26836419187381e-15,"Tjp1","Astrocyte",-0.992384944371659,-0.967757901819989,TRUE,"higher at P21"
2.18248097586934e-19,-1.39397702127362,0.083,0.326,5.46253163450338e-15,"Sat1","Astrocyte",-1.78850216501623,-1.15864057353985,TRUE,"higher at P21"
1.05583323570802e-18,-1.35425243421092,0.194,0.562,2.64264500565361e-14,"Tmcc3","Astrocyte",-1.19010150322379,-1.36099425164601,TRUE,"higher at P21"
1.1292978905584e-18,-1.45860476128712,0.117,0.408,2.82651969027861e-14,"St3gal4","Astrocyte",-1.51230740539261,-1.36773519210755,TRUE,"higher at P21"
1.27273341981524e-18,-3.54902368169084,0.011,0.219,3.18552447645558e-14,"Mt1","Astrocyte",-2.52521711541562,-2.81603958112297,TRUE,"higher at P21"
1.3973019752237e-18,-0.960661758271441,0.254,0.615,3.49730711378739e-14,"Zhx3","Astrocyte",-0.960486776956878,-0.900062124311336,TRUE,"higher at P21"
1.96525152845745e-18,-0.804332947148151,0.609,0.873,4.91882805057614e-14,"Atp1a2","Astrocyte",-0.999666185740943,-0.692711804810199,TRUE,"higher at P21"
2.51001589255604e-18,-2.08142596602838,0.039,0.246,6.28231877747852e-14,"Utp14b","Astrocyte",-1.55649968892594,-1.80147186994733,TRUE,"higher at P21"
2.83231087490541e-18,-1.00400515389975,0.507,0.853,7.08899088880074e-14,"Sparcl1","Astrocyte",-1.17311764527803,-0.851471023758363,TRUE,"higher at P21"
3.20656967969544e-18,1.01029133696991,0.805,0.738,8.0257232513097e-14,"Luzp2","Astrocyte",0.63348622154331,1.07213255828033,TRUE,"higher at P10"
3.98955394024976e-18,-0.739230728584328,0.379,0.702,9.98545455705113e-14,"Lama2","Astrocyte",-0.847346772842196,-0.609833974480971,TRUE,"higher at P21"
5.83751355892269e-18,-1.07107875865136,0.422,0.8,1.46107126866276e-13,"Gm42418","Astrocyte",-1.58154584342466,-0.730322409460613,TRUE,"higher at P21"
7.68612167796103e-18,-1.44520142477797,0.074,0.31,1.92375939477687e-13,"Prodh","Astrocyte",-1.36059837769463,-1.32836142346339,TRUE,"higher at P21"
8.90595716076989e-18,-2.01333681089078,0.082,0.36,2.2290720177691e-13,"Zfhx3","Astrocyte",-1.2337857378615,-2.08531624983946,TRUE,"higher at P21"
9.63018102415104e-18,-1.31996031705127,0.109,0.408,2.41033800853476e-13,"Wasf3","Astrocyte",-1.40196607505138,-1.36388486992632,TRUE,"higher at P21"
1.41411649148792e-17,1.86389460497938,0.507,0.295,3.53939216654512e-13,"Csmd2","Astrocyte",1.69138097976241,1.92047328266376,TRUE,"higher at P10"
1.50057582277614e-17,-1.2167117463433,0.129,0.412,3.75579122682639e-13,"F3","Astrocyte",-1.18321619533618,-1.0414923715174,TRUE,"higher at P21"
1.59457853087357e-17,-1.1760633966893,0.123,0.353,3.99107060492346e-13,"Cdk19","Astrocyte",-0.977344077150031,-1.06135399054749,TRUE,"higher at P21"
2.09944375252333e-17,-1.00318749819511,0.129,0.367,5.25469776819065e-13,"Nt5c2","Astrocyte",-1.1503221239354,-0.931741540141804,TRUE,"higher at P21"
2.82810950425593e-17,-0.937950158067852,0.216,0.556,7.07847527820217e-13,"Gm973","Astrocyte",-0.986662135898022,-0.867439258132889,TRUE,"higher at P21"
3.17435186887974e-17,-0.798637164388071,0.31,0.65,7.94508529261911e-13,"Ttyh1","Astrocyte",-0.922632065553544,-0.697864684089388,TRUE,"higher at P21"
4.62574506115039e-17,-3.19016327307184,0.013,0.21,1.15777773135533e-12,"Rhou","Astrocyte",-2.88516216003459,-2.54108399657842,TRUE,"higher at P21"
1.32717337600957e-16,-1.59283138333594,0.051,0.226,3.32178224281435e-12,"9530026P05Rik","Astrocyte",-1.51717047029499,-1.35645289635272,TRUE,"higher at P21"
1.65998151655171e-16,-0.93435830113999,0.178,0.462,4.15476773777727e-12,"Fam184a","Astrocyte",-0.966007495565884,-0.897463908837518,TRUE,"higher at P21"
1.93552319973064e-16,-2.85521121823822,0.042,0.237,4.84442101660581e-12,"mt-Co2","Astrocyte",-4.11343581970637,-2.13600061682593,TRUE,"higher at P21"
2.02995291878661e-16,-1.37557220164831,0.066,0.286,5.080769160431e-12,"1810062O18Rik","Astrocyte",-1.38996732004013,-1.40306844437779,TRUE,"higher at P21"
2.15603345930687e-16,-0.524865906892485,0.915,0.981,5.39633614529918e-12,"Rora","Astrocyte",-0.459368545428952,-0.528761194771175,TRUE,"higher at P21"
2.21840096413299e-16,1.05875677439415,0.702,0.659,5.55243577312847e-12,"Sema6d","Astrocyte",0.834006278130198,1.11645914900572,TRUE,"higher at P10"
3.1724600961185e-16,-1.10037831798992,0.123,0.354,7.94035037457498e-12,"9430041J12Rik","Astrocyte",-0.686443422504427,-1.07443299631827,TRUE,"higher at P21"
3.64922689922957e-16,1.03485010866373,0.731,0.693,9.1336500060817e-12,"Grm3","Astrocyte",0.768759631215282,1.07103911811388,TRUE,"higher at P10"
5.65507897020514e-16,-1.17212624554747,0.102,0.32,1.41540971545264e-11,"Atp2b2","Astrocyte",-1.08734109250128,-1.11181252832,TRUE,"higher at P21"
8.51844677503834e-16,0.845318971109646,0.767,0.789,2.13208204332435e-11,"Nckap5","Astrocyte",0.70662107468925,0.908815945422596,TRUE,"higher at P10"
9.76866624355377e-16,-2.52304182334047,0.018,0.207,2.44499947409907e-11,"Prxl2a","Astrocyte",-1.97798565525143,-2.17759303182787,TRUE,"higher at P21"
1.59348712216122e-15,-0.918104683231059,0.289,0.644,3.98833891805732e-11,"Abr","Astrocyte",-0.909740668689369,-0.84939354668314,TRUE,"higher at P21"
1.59860435837408e-15,-1.47162094502278,0.065,0.288,4.00114684857449e-11,"Usp53","Astrocyte",-1.28383033649298,-1.42421049058575,TRUE,"higher at P21"
1.73526705487681e-15,-0.775474896118765,0.325,0.642,4.34319991165116e-11,"Nebl","Astrocyte",-0.927396529283758,-0.729640002803056,TRUE,"higher at P21"
1.78379979323266e-15,0.665351785345592,0.912,0.914,4.46467250248201e-11,"Celf2","Astrocyte",0.686858438841693,0.644474288739904,TRUE,"higher at P10"
1.87646889482858e-15,-0.868863738363677,0.407,0.736,4.69661399686644e-11,"Plcb1","Astrocyte",-0.884898084879966,-0.921282400589306,TRUE,"higher at P21"
2.47051785627408e-15,-1.0329216752976,0.153,0.423,6.1834591424684e-11,"Efr3b","Astrocyte",-1.03625563117756,-0.95416124161207,TRUE,"higher at P21"
4.14789600081838e-15,-0.537584257945269,0.665,0.898,1.03817689004483e-10,"Ntrk2","Astrocyte",-0.617879418025339,-0.542251621794777,TRUE,"higher at P21"
4.24535902309127e-15,-1.55947903670267,0.042,0.212,1.06257090988951e-10,"Id4","Astrocyte",-1.77424974099495,-1.41900688493885,TRUE,"higher at P21"
5.36655532279636e-15,-1.86549116385337,0.045,0.245,1.3431951317427e-10,"Gm11417","Astrocyte",-1.47249372721816,-1.77081397646063,TRUE,"higher at P21"
6.99061473572038e-15,3.25275796228583,0.208,0.045,1.74968096220345e-10,"Fabp7","Astrocyte",2.26185828667505,3.01561158262059,TRUE,"higher at P10"
7.27426868595276e-15,-1.73198078148365,0.051,0.255,1.82067670940712e-10,"4930488L21Rik","Astrocyte",-1.89396316056568,-1.52206824725281,TRUE,"higher at P21"
8.94394486726383e-15,1.16598452740775,0.71,0.64,2.23857996082746e-10,"Ptn","Astrocyte",0.88203828488811,1.2552938076155,TRUE,"higher at P10"
2.82266211966604e-14,-0.524380606523474,0.594,0.83,7.06484101931213e-10,"Tspan7","Astrocyte",-0.541632501443644,-0.55974209983573,TRUE,"higher at P21"
3.03908998826184e-14,-2.74777985668203,0.048,0.249,7.60653833162056e-10,"mt-Co1","Astrocyte",-3.73421654384331,-2.22720998685406,TRUE,"higher at P21"
4.24349236816874e-14,-2.05898041490918,0.032,0.219,1.06210370482895e-09,"Eva1a","Astrocyte",-1.85005669121862,-1.73223500830922,TRUE,"higher at P21"
4.87522267866785e-14,-1.00627610243189,0.197,0.483,1.22021948424378e-09,"Kcnq3","Astrocyte",-1.22187975429993,-1.06438760912836,TRUE,"higher at P21"
5.3750129282871e-14,0.882388962175226,0.75,0.707,1.34531198582098e-09,"Nkain2","Astrocyte",1.09649425511385,0.840440461123128,TRUE,"higher at P10"
8.89210068756421e-14,-0.962776487811336,0.12,0.375,2.22560388109045e-09,"S1pr1","Astrocyte",-1.04096124779648,-0.950282295656937,TRUE,"higher at P21"
1.08518766710998e-13,-1.62411261013347,0.062,0.257,2.71611621200957e-09,"Camk2a","Astrocyte",-1.9628151876105,-1.15268011373539,TRUE,"higher at P21"
1.45784946886445e-13,-0.552532872906507,0.171,0.402,3.64885143562084e-09,"Cdc37l1","Astrocyte",-0.643156897424257,-0.574673296628957,TRUE,"higher at P21"
1.66898418920183e-13,-0.874192885964332,0.216,0.498,4.17730052715327e-09,"Gja1","Astrocyte",-1.07767658554161,-0.719506280435657,TRUE,"higher at P21"
1.96544984467548e-13,-0.969889809485438,0.095,0.318,4.91932441623825e-09,"Ivd","Astrocyte",-1.02782913558429,-0.89348499206278,TRUE,"higher at P21"
2.66811796057279e-13,-1.146566491728,0.109,0.351,6.67803244351765e-09,"Klf9","Astrocyte",-0.866591708744101,-1.08102796064767,TRUE,"higher at P21"
2.86024777099623e-13,-1.35198000799029,0.072,0.293,7.15891414602645e-09,"Ntsr2","Astrocyte",-1.38513838356129,-1.13736011840497,TRUE,"higher at P21"
3.62616856350798e-13,-0.712519535368457,0.25,0.526,9.07593729760411e-09,"Bcan","Astrocyte",-0.792135069327566,-0.633576040865948,TRUE,"higher at P21"
7.41952043721824e-13,-1.11654698905246,0.125,0.391,1.85703177023135e-08,"Prdx6","Astrocyte",-1.26844195910359,-0.960962237882502,TRUE,"higher at P21"
7.82772940103692e-13,1.77267658648437,0.434,0.272,1.95920239178553e-08,"Ntrk3","Astrocyte",1.78292462411214,1.73937849239683,TRUE,"higher at P10"
1.08721225121702e-12,-1.24789809496331,0.098,0.327,2.72118354357108e-08,"Acsl6","Astrocyte",-0.912397667291408,-1.06217142079006,TRUE,"higher at P21"
1.45820969203191e-12,1.05392575437883,0.727,0.671,3.64975303818666e-08,"Kcnd2","Astrocyte",1.15687610676718,1.06032435489304,TRUE,"higher at P10"
1.86356174234793e-12,-0.89264006903573,0.144,0.364,4.66430868492263e-08,"Garem1","Astrocyte",-0.860120015093984,-0.764007531260966,TRUE,"higher at P21"
1.90741476160572e-12,-0.95935584210707,0.242,0.548,4.77406840682295e-08,"Phka1","Astrocyte",-0.951424265099486,-0.905946827591304,TRUE,"higher at P21"
2.25477465133008e-12,-0.725005784434495,0.221,0.506,5.64347547481406e-08,"Ahcyl1","Astrocyte",-0.734138211207268,-0.656468086203506,TRUE,"higher at P21"
2.25922772513181e-12,-1.37899231944091,0.073,0.272,5.6546210732324e-08,"Bcar3","Astrocyte",-1.1481624926444,-1.17944642181459,TRUE,"higher at P21"
2.33516220656535e-12,0.595989541634331,0.888,0.856,5.84467748681242e-08,"Ctnna2","Astrocyte",0.474107213480877,0.624141736734152,TRUE,"higher at P10"
2.62220920353348e-12,-1.58825136196756,0.05,0.254,6.56312741552396e-08,"St6gal1","Astrocyte",-1.51582548239335,-1.57958156840904,TRUE,"higher at P21"
2.73247221845275e-12,-0.92883645646762,0.258,0.555,6.8391047155654e-08,"Daam2","Astrocyte",-0.952557864344786,-0.886348151987001,TRUE,"higher at P21"
3.17772222749986e-12,-0.990595045450776,0.086,0.262,7.95352096320941e-08,"Crlf3","Astrocyte",-1.06989089911813,-0.860540598900671,TRUE,"higher at P21"
3.46772779288663e-12,-0.814694678145003,0.117,0.306,8.67937589281595e-08,"Rapgef3","Astrocyte",-0.794911842312906,-0.812256482874873,TRUE,"higher at P21"
3.47307190904306e-12,-0.940501707186051,0.208,0.488,8.69275168114388e-08,"Mast4","Astrocyte",-0.780825897174941,-1.01350542928921,TRUE,"higher at P21"
4.0515314610051e-12,-1.18134438294018,0.056,0.219,1.01405780937497e-07,"Fam163a","Astrocyte",-1.02357757976065,-1.25926826545994,TRUE,"higher at P21"
4.29153189700974e-12,1.87921774440558,0.363,0.197,1.07412751850257e-07,"Cdh13","Astrocyte",2.01929114894696,1.72590620051339,TRUE,"higher at P10"
4.4457840965807e-12,-1.53524464148249,0.045,0.215,1.11273530153318e-07,"B930095G15Rik","Astrocyte",-1.52284616711602,-1.31448818973234,TRUE,"higher at P21"
5.5932638804416e-12,0.582824674202597,0.874,0.894,1.39993801663573e-07,"Lrp1b","Astrocyte",0.613787849533919,0.536838013350602,TRUE,"higher at P10"
5.78078255731742e-12,-0.993127268964944,0.107,0.3,1.44687206627098e-07,"Folh1","Astrocyte",-0.977553185664158,-0.962788897221785,TRUE,"higher at P21"
8.95967567422955e-12,-0.918394790381751,0.095,0.268,2.24251722450291e-07,"Dzip1l","Astrocyte",-0.759297222631385,-0.913183738601068,TRUE,"higher at P21"
1.01765866161758e-11,-0.534214815767449,0.198,0.425,2.54709786416265e-07,"Igsf11","Astrocyte",-0.537603462080856,-0.453047352407507,TRUE,"higher at P21"
1.22831392945433e-11,-0.774290418103848,0.149,0.397,3.07434693403124e-07,"Ablim1","Astrocyte",-0.977803968885425,-0.843463038963542,TRUE,"higher at P21"
1.67184825920056e-11,0.601294259892573,0.817,0.854,4.18446900795308e-07,"Fgf14","Astrocyte",0.465302350590867,0.651478582320547,TRUE,"higher at P10"
1.78295612616494e-11,-1.92887644239428,0.109,0.303,4.46256088817823e-07,"mt-Atp6","Astrocyte",-3.36127576554134,-1.28406365274275,TRUE,"higher at P21"
2.04143503006597e-11,0.522330773093969,0.903,0.931,5.10950773675212e-07,"Adgrb3","Astrocyte",0.464760431299049,0.545493598376497,TRUE,"higher at P10"
2.16091511367372e-11,0.803675791366092,0.685,0.685,5.40855443801396e-07,"Gpc6","Astrocyte",0.627942974850564,0.818050269949471,TRUE,"higher at P10"
2.17525801726311e-11,-0.77313217915015,0.202,0.481,5.44445329140783e-07,"Slc27a1","Astrocyte",-0.570046922019542,-0.80879193406282,TRUE,"higher at P21"
2.64932436347387e-11,-1.04240836433324,0.101,0.315,6.63099394933876e-07,"Xpnpep1","Astrocyte",-1.19810150316036,-1.01517960374658,TRUE,"higher at P21"
2.75646915598304e-11,-0.731874630174632,0.613,0.871,6.89916665050994e-07,"Pitpnc1","Astrocyte",-0.908934370277747,-0.642717390287966,TRUE,"higher at P21"
3.63197131311595e-11,-0.608081300236448,0.253,0.534,9.09046099959792e-07,"Itsn1","Astrocyte",-0.606214216579922,-0.486930568770795,TRUE,"higher at P21"
4.71215401746439e-11,0.691659197610015,0.781,0.783,1.17940502903116e-06,"Nfib","Astrocyte",0.748802580955123,0.606801772419844,TRUE,"higher at P10"
4.7870005917103e-11,-1.30427696812778,0.051,0.207,1.19813837809917e-06,"Smox","Astrocyte",-0.95663341096606,-1.13378058803917,TRUE,"higher at P21"
6.14847479880035e-11,-0.684451454354886,0.09,0.214,1.53890175739174e-06,"Sec62","Astrocyte",-0.506738261072583,-0.469104641144747,TRUE,"higher at P21"
6.74119949019798e-11,-0.715292269422012,0.096,0.257,1.68725482040165e-06,"Pbxip1","Astrocyte",-0.939746744421353,-0.543691834867562,TRUE,"higher at P21"
7.81072502897665e-11,-0.807755602506444,0.153,0.353,1.95494636750256e-06,"Otud7a","Astrocyte",-0.796558711307881,-0.834214849704982,TRUE,"higher at P21"
1.26596561639475e-10,-0.63708221041949,0.21,0.49,3.16858534127442e-06,"Ddx5","Astrocyte",-0.539947401187779,-0.653125366400229,TRUE,"higher at P21"
1.34823540390414e-10,0.635946939941285,0.961,0.967,3.37449839243168e-06,"Mir99ahg","Astrocyte",0.513768902222168,0.68285589398962,TRUE,"higher at P10"
1.38309706889354e-10,-1.06948622341134,0.077,0.269,3.46175365373365e-06,"Adhfe1","Astrocyte",-0.710242652660986,-1.12538862356496,TRUE,"higher at P21"
1.45684131887722e-10,-0.581850424001575,0.218,0.474,3.64632813701778e-06,"Mfge8","Astrocyte",-0.613016690897902,-0.581794818835044,TRUE,"higher at P21"
1.57594623365668e-10,-0.569307709607751,0.746,0.889,3.9444358282193e-06,"Mdga2","Astrocyte",-0.570830200092662,-0.640549847365451,TRUE,"higher at P21"
1.59563843353178e-10,-0.776381306133318,0.146,0.359,3.99372343528669e-06,"Magi3","Astrocyte",-0.873996078344435,-0.737569908144244,TRUE,"higher at P21"
1.62627977771381e-10,-0.802454786211656,0.134,0.327,4.0704156556399e-06,"Cd81","Astrocyte",-1.17391350299194,-0.570743993880256,TRUE,"higher at P21"
1.65354807485371e-10,-0.675060150705557,0.192,0.415,4.13866547655136e-06,"Stard13","Astrocyte",-1.01465271339533,-0.513358357352762,TRUE,"higher at P21"
2.02986212498467e-10,1.34001218925499,0.312,0.239,5.08054191262414e-06,"C030005K06Rik","Astrocyte",1.43115878727929,1.35083314928602,TRUE,"higher at P10"
2.05993717888464e-10,-1.27878580397766,0.063,0.21,5.15581676503037e-06,"Gpld1","Astrocyte",-1.16006311476814,-0.787280953543959,TRUE,"higher at P21"
2.3066123686419e-10,-0.865483538074199,0.103,0.283,5.77322009747381e-06,"Gldc","Astrocyte",-0.885700005557366,-0.777861067658269,TRUE,"higher at P21"
3.2893269052258e-10,-0.877287946351971,0.074,0.234,8.23285631108966e-06,"Usp54","Astrocyte",-1.01502163081811,-0.902478606580244,TRUE,"higher at P21"
3.68030019625705e-10,-1.07944669753016,0.075,0.246,9.21142336121178e-06,"Washc2","Astrocyte",-1.04989334851179,-0.911865116596553,TRUE,"higher at P21"
3.86818382756387e-10,-0.642921290291491,0.325,0.644,9.68167730200961e-06,"Spire1","Astrocyte",-0.6301052086804,-0.533669028865938,TRUE,"higher at P21"
4.22700792700554e-10,-0.543123046030185,0.091,0.218,1.05797781405022e-05,"Cox7c","Astrocyte",-0.653374632915918,-0.433790912760328,TRUE,"higher at P21"
5.43009637249575e-10,-0.507060764751925,0.474,0.773,1.35909882107196e-05,"Gphn","Astrocyte",-0.590913547951763,-0.519441368607256,TRUE,"higher at P21"
5.78177374264361e-10,-0.858235040712729,0.067,0.2,1.44712015004627e-05,"Crebrf","Astrocyte",-0.577779360284068,-0.80961764953056,TRUE,"higher at P21"
5.83797155169233e-10,-0.958580824851784,0.086,0.255,1.46118589967307e-05,"Aff1","Astrocyte",-0.790383124317261,-0.784603992752186,TRUE,"higher at P21"
6.19988272315952e-10,-0.577479339148645,0.224,0.44,1.5517686467796e-05,"Sycp2","Astrocyte",-0.447294748778975,-0.619344342992612,TRUE,"higher at P21"
6.58306221208871e-10,-0.835416513942961,0.134,0.341,1.64767464106368e-05,"Fam20a","Astrocyte",-0.691972249908242,-0.891857729878756,TRUE,"higher at P21"
6.77012422220415e-10,-0.760782771515472,0.173,0.413,1.69449439157548e-05,"Gm31356","Astrocyte",-0.501188087031139,-0.876488421894431,TRUE,"higher at P21"
8.19874723009889e-10,-1.00154683337746,0.073,0.248,2.05206444422145e-05,"6430590A07Rik","Astrocyte",-0.741690875798597,-0.822284157134164,TRUE,"higher at P21"
8.73203460329297e-10,-0.654183007696391,0.112,0.312,2.1855409408582e-05,"Gm40578","Astrocyte",-0.712342280526271,-0.668079301554171,TRUE,"higher at P21"
9.38263297788407e-10,1.12187118408373,0.621,0.543,2.3483792080346e-05,"Xylt1","Astrocyte",1.04069319261169,1.0932603275617,TRUE,"higher at P10"
1.07595481798556e-09,-0.617152213685363,0.178,0.4,2.69300731393606e-05,"2610035D17Rik","Astrocyte",-0.783178723075928,-0.553637081883208,TRUE,"higher at P21"
1.11039161733799e-09,-1.29534787601974,0.056,0.219,2.77919917903526e-05,"Trp53bp2","Astrocyte",-1.25460492493704,-1.12925388116263,TRUE,"higher at P21"
1.22031456017183e-09,1.58695808202554,0.326,0.174,3.05432531265408e-05,"Sncaip","Astrocyte",1.78158384406745,1.50435294028495,TRUE,"higher at P10"
1.24479012537111e-09,-0.5650107329479,0.346,0.657,3.11558520479135e-05,"Hepacam","Astrocyte",-0.534807687709655,-0.571729705572809,TRUE,"higher at P21"
1.91145354955796e-09,-1.01241342454724,0.072,0.226,4.78417708918862e-05,"Megf9","Astrocyte",-0.769779861136814,-1.04666260798277,TRUE,"higher at P21"
2.46749445083943e-09,-1.11195554436354,0.105,0.296,6.17589186100601e-05,"Gm26512","Astrocyte",-1.08968631284523,-1.02365260270811,TRUE,"higher at P21"
2.48662957216907e-09,-0.854335382901251,0.074,0.208,6.22378515618196e-05,"Lgr4","Astrocyte",-1.03944802767002,-0.597794262489696,TRUE,"higher at P21"
2.50784893076896e-09,-0.932911436553748,0.174,0.399,6.27689508882164e-05,"Rgs6","Astrocyte",-0.99080642110158,-0.995162332904081,TRUE,"higher at P21"
2.65624784070334e-09,-1.02846634910701,0.104,0.318,6.64832272049638e-05,"Irak2","Astrocyte",-1.024653191765,-0.896815862245075,TRUE,"higher at P21"
2.94044041503496e-09,1.60518821556736,0.426,0.301,7.359628314791e-05,"Tnfaip8","Astrocyte",1.73287808415153,1.57294088404006,TRUE,"higher at P10"
3.60644463187956e-09,-0.730797758358885,0.087,0.224,9.02657026913136e-05,"Cbs","Astrocyte",-0.571453224836981,-0.625846979014764,TRUE,"higher at P21"
3.87680218057306e-09,0.945890327097619,0.552,0.488,9.70324817775632e-05,"Setbp1","Astrocyte",0.806660955530781,0.972861107311734,TRUE,"higher at P10"
5.07719685711302e-09,-1.19283823624958,0.075,0.249,0.000127077160136682,"Pitpnm2","Astrocyte",-1.0964200040009,-1.04475250282332,TRUE,"higher at P21"
5.16611068333673e-09,1.94019475297591,0.306,0.153,0.000129302584293235,"Sema6a","Astrocyte",1.7241078057992,1.90906081839762,TRUE,"higher at P10"
5.78347766171824e-09,0.756330546385495,0.741,0.739,0.000144754662395146,"Grid2","Astrocyte",0.77771943098817,0.716123185145162,TRUE,"higher at P10"
5.94170813040446e-09,-0.536784608791156,0.125,0.282,0.000148715012795893,"Ralgps1","Astrocyte",-0.448509691812996,-0.477661476945268,TRUE,"higher at P21"
6.17914614378225e-09,-0.717840191657287,0.088,0.245,0.000154657848832726,"Shisa4","Astrocyte",-0.98209738064794,-0.60267131144686,TRUE,"higher at P21"
6.70626307975661e-09,-0.835502446770074,0.111,0.293,0.000167851058623228,"Foxo1","Astrocyte",-0.673026256719829,-0.74119598825348,TRUE,"higher at P21"
8.43445672700462e-09,-0.532750620203974,0.199,0.403,0.000211106017420199,"Cpeb3","Astrocyte",-0.434902108814943,-0.537510709170807,TRUE,"higher at P21"
9.06210063384876e-09,-0.898351266268266,0.069,0.208,0.000226815316764601,"Sirpa","Astrocyte",-0.722647720261239,-0.733614670611365,TRUE,"higher at P21"
9.93498728672678e-09,-0.74966104431908,0.117,0.304,0.000248662796799485,"Ralgps2","Astrocyte",-0.589283562039332,-0.754062102924196,TRUE,"higher at P21"
1.10784579574083e-08,-1.09037626195591,0.066,0.21,0.000277282724215971,"Cnnm2","Astrocyte",-1.20737732678009,-0.846597023314129,TRUE,"higher at P21"
1.12074627414072e-08,-0.719641149988416,0.168,0.407,0.000280511584954682,"Plcd4","Astrocyte",-0.798973049674734,-0.754761227091112,TRUE,"higher at P21"
1.21079596009151e-08,-0.591410196534988,0.097,0.254,0.000303050120851304,"Irf2","Astrocyte",-0.596599029043846,-0.552909345074096,TRUE,"higher at P21"
1.23239508157126e-08,-0.757077558695217,0.152,0.357,0.000308456164966469,"Gm11713","Astrocyte",-0.511835338722,-0.717143906038191,TRUE,"higher at P21"
1.37714782693101e-08,-0.75971476328028,0.144,0.342,0.000344686329602563,"Lix1","Astrocyte",-1.01565522587919,-0.599705738275795,TRUE,"higher at P21"
1.51758936436958e-08,-0.800528590504707,0.098,0.278,0.000379837442008063,"Macrod1","Astrocyte",-0.939746744421353,-0.688726852516244,TRUE,"higher at P21"
1.87319954461042e-08,1.91127711133179,0.243,0.096,0.000468843114020543,"Sema5b","Astrocyte",1.89828193907292,1.92062581078637,TRUE,"higher at P10"
1.88540869063991e-08,-0.669413930346755,0.105,0.273,0.000471898941180262,"Aifm3","Astrocyte",-0.669484993022525,-0.757765435892053,TRUE,"higher at P21"
2.16101204172898e-08,-0.597832901274634,0.336,0.653,0.000540879703924347,"Gm6145","Astrocyte",-0.813262274066897,-0.521017853497885,TRUE,"higher at P21"
2.25546953203232e-08,-0.779855302912237,0.094,0.254,0.000564521469172369,"Tef","Astrocyte",-0.629127217583841,-0.730409083473272,TRUE,"higher at P21"
2.42322950771329e-08,1.12734765462323,0.571,0.49,0.00060651011348556,"8030451A03Rik","Astrocyte",1.09819920788691,1.22956170198258,TRUE,"higher at P10"
2.55345153917825e-08,-0.651205949925941,0.153,0.368,0.000639103385740923,"Scg3","Astrocyte",-0.827678707026267,-0.562429202150061,TRUE,"higher at P21"
2.58430387085959e-08,-0.722566941092805,0.177,0.394,0.000646825415837447,"Kank1","Astrocyte",-0.504092519008989,-0.72714817096057,TRUE,"higher at P21"
2.69793963156259e-08,-0.683687002665214,0.095,0.294,0.000675267310383801,"Prnp","Astrocyte",-0.894122508357204,-0.72587616960883,TRUE,"higher at P21"
2.85653738975757e-08,-0.764511551219076,0.075,0.217,0.000714962743282422,"Tmem47","Astrocyte",-1.14353807688476,-0.633591899780561,TRUE,"higher at P21"
2.94454870464442e-08,-0.639326549602748,0.091,0.24,0.000736991095285452,"Zfp710","Astrocyte",-0.787320830660525,-0.548002056396339,TRUE,"higher at P21"
3.2944836568891e-08,-0.530607054511246,0.479,0.754,0.000824576314482773,"Gnao1","Astrocyte",-0.755196224428558,-0.486590008956368,TRUE,"higher at P21"
3.5834368082799e-08,-0.842231925633791,0.115,0.289,0.000896898398744375,"Mapre2","Astrocyte",-0.963186883161651,-0.672575219583143,TRUE,"higher at P21"
3.64558284860201e-08,-1.09710550035834,0.111,0.317,0.000912452931176597,"Galnt18","Astrocyte",-0.67622221346945,-1.03909370250806,TRUE,"higher at P21"
3.94143768064361e-08,-0.514652958935309,0.133,0.306,0.000986502437088289,"Soat1","Astrocyte",-0.574813372010664,-0.52822298077419,TRUE,"higher at P21"
4.38606256641664e-08,-1.3267443072808,0.055,0.203,0.00109778759974842,"Lrmda","Astrocyte",-1.22688013787391,-1.09912452134194,TRUE,"higher at P21"
4.41044961945038e-08,-0.869857098861684,0.096,0.264,0.00110389143525224,"Chpt1","Astrocyte",-0.838807215114923,-0.788239437869738,TRUE,"higher at P21"
5.27245562390874e-08,-0.943023537137976,0.083,0.27,0.00131964291810812,"Mat2a","Astrocyte",-0.81738793688486,-1.02540122745468,TRUE,"higher at P21"
5.40989333912083e-08,-1.30181702528389,0.066,0.202,0.00135404220384855,"Gm10561","Astrocyte",-1.24362481598152,-1.01698354704783,TRUE,"higher at P21"
7.18699365348298e-08,0.797736387663324,0.697,0.725,0.00179883264153026,"Trim9","Astrocyte",0.693293454710736,0.820645979545371,TRUE,"higher at P10"
7.32183914129267e-08,-0.709952521582926,0.08,0.216,0.00183258311867414,"Mxi1","Astrocyte",-0.688366757610676,-0.64609320268403,TRUE,"higher at P21"
7.58697484806059e-08,-0.809545244515897,0.083,0.219,0.00189894393472109,"Itm2b","Astrocyte",-0.805670018430305,-0.632632477682933,TRUE,"higher at P21"
8.10412505695246e-08,-0.525284748716675,0.155,0.359,0.00202838146050463,"Ccdc50","Astrocyte",-0.639491541938679,-0.57919916905196,TRUE,"higher at P21"
1.52793640060929e-07,-0.685449497564036,0.207,0.451,0.00382427201708498,"Slc39a12","Astrocyte",-0.710097006713582,-0.639615705875436,TRUE,"higher at P21"
1.5636790155586e-07,-0.578287887072783,0.118,0.272,0.00391373220804163,"Lpcat3","Astrocyte",-0.490657546415436,-0.561054790008445,TRUE,"higher at P21"
1.65246361859977e-07,-0.86907984209867,0.066,0.225,0.00413595119099336,"Cmtm5","Astrocyte",-1.14419305845215,-0.684136580121214,TRUE,"higher at P21"
1.79873701937635e-07,-1.37394119434821,0.057,0.209,0.00450205888579707,"Cldn10","Astrocyte",-1.35868957923992,-0.896949574084947,TRUE,"higher at P21"
1.85362695169669e-07,-0.687256039384392,0.192,0.43,0.00463944289740164,"Gm13872","Astrocyte",-0.490453343057777,-0.590594631360644,TRUE,"higher at P21"
2.08329976258931e-07,-0.575182172672606,0.15,0.324,0.00521429097578479,"Wwp1","Astrocyte",-0.648233921929791,-0.523379375852553,TRUE,"higher at P21"
2.30090369267725e-07,0.961240247683731,0.527,0.49,0.0057589318524019,"Pde4b","Astrocyte",0.729138139111453,0.944676850411305,TRUE,"higher at P10"
2.60653636405475e-07,-0.559957474078236,0.121,0.297,0.00652389986559265,"Arrb1","Astrocyte",-0.469663409122006,-0.60420168016031,TRUE,"higher at P21"
2.97627386613225e-07,-0.512655261600503,0.155,0.325,0.00744931585954241,"Ttyh3","Astrocyte",-0.424188587335342,-0.418008048535757,TRUE,"higher at P21"
3.48978204628095e-07,-0.828426061160206,0.067,0.2,0.00873457548363659,"Por","Astrocyte",-0.717186636324199,-0.76131851138527,TRUE,"higher at P21"
3.79001746675529e-07,-0.541933633201615,0.283,0.499,0.00948603471754183,"Gm16168","Astrocyte",-0.47842807680918,-0.627932012382835,TRUE,"higher at P21"
1.49527856041302e-47,-0.814943159137048,1,1,3.74253270885774e-43,"Malat1","Microglia",-0.54033597268074,-0.905992582494833,TRUE,"higher at P21"
5.91122428883146e-35,-3.50765085682132,0.092,0.745,1.47952032725163e-30,"Ccnd3","Microglia",-3.47836297815364,-3.36441958411295,TRUE,"higher at P21"
2.88277746174287e-32,-1.78937647815152,0.451,0.943,7.21530370899623e-28,"Nav2","Microglia",-1.85802971217137,-1.78418461804058,TRUE,"higher at P21"
3.87565033355118e-24,-2.21913897650683,0.352,0.807,9.70036521984525e-20,"Csmd3","Microglia",-2.22796609276184,-2.30750662232542,TRUE,"higher at P21"
3.24906440499802e-21,-2.86643542337397,0.063,0.564,8.13208329926955e-17,"Ifitm10","Microglia",-2.60587918344743,-2.71992943502567,TRUE,"higher at P21"
2.874691435701e-17,-2.16270272443977,0.141,0.603,7.19506519441604e-13,"Selplg","Microglia",-2.37464243969417,-2.10033573913398,TRUE,"higher at P21"
4.5545900870144e-16,-1.95718998310719,0.162,0.611,1.13996835287883e-11,"Gm16337","Microglia",-2.03302963156101,-1.8916630391457,TRUE,"higher at P21"
1.27298138038308e-14,-1.42951966885922,0.282,0.684,3.18614509696081e-10,"Pag1","Microglia",-1.58869273915616,-1.37183350101479,TRUE,"higher at P21"
2.14493374495202e-14,-1.44817996439861,0.261,0.713,5.36855467024042e-10,"Dst","Microglia",-1.4214604883894,-1.47535596833039,TRUE,"higher at P21"
4.59947161791674e-14,-2.3711440410184,0.092,0.497,1.15120175124838e-09,"Chn2","Microglia",-2.36053573028212,-2.25802212065903,TRUE,"higher at P21"
4.60039996261558e-14,-1.93550708704281,0.204,0.611,1.15143410664305e-09,"Cst3","Microglia",-2.4193413600448,-1.6305245413329,TRUE,"higher at P21"
1.30026453455985e-12,-0.759892269712572,0.718,0.943,3.25443210354984e-08,"Inpp5d","Microglia",-0.715984135167102,-0.690896878356407,TRUE,"higher at P21"
2.82494384067036e-12,-1.4938160160702,0.169,0.527,7.07055193881385e-08,"Cdh23","Microglia",-1.42564732651345,-1.30531114745632,TRUE,"higher at P21"
3.61080632789664e-12,-2.46267247986288,0.056,0.362,9.03748715809251e-08,"9130015G15Rik","Microglia",-2.31540465950206,-2.17460050754452,TRUE,"higher at P21"
2.41563995246065e-11,-2.06518838007876,0.07,0.361,6.04610523701376e-07,"mt-Co3","Microglia",-2.29851587710634,-2.16017348422261,TRUE,"higher at P21"
3.28444422301891e-11,-2.04637383211527,0.07,0.397,8.22063544579404e-07,"Fkbp5","Microglia",-1.89472090540572,-2.09944653257957,TRUE,"higher at P21"
8.34795225940124e-10,-0.72273460706534,0.592,0.852,2.08940897100554e-05,"Lysmd4","Microglia",-0.674233258901353,-0.60982036849632,TRUE,"higher at P21"
1.26848769350902e-09,-1.71005080400285,0.07,0.336,3.17489784808373e-05,"Arhgap22","Microglia",-1.92628852511348,-1.55494242259419,TRUE,"higher at P21"
2.31057338285751e-09,-0.809347853308895,0.528,0.842,5.78313411995406e-05,"Mertk","Microglia",-0.991284839696631,-0.795262454914129,TRUE,"higher at P21"
3.85704494188534e-09,-1.40760036182252,0.141,0.434,9.65379778504483e-05,"Ctss","Microglia",-1.5765130083482,-1.23957822076954,TRUE,"higher at P21"
4.97220583439215e-09,-0.724006849784568,0.613,0.864,0.000124449339829001,"Hexb","Microglia",-0.912461076750781,-0.639840455330979,TRUE,"higher at P21"
8.16871864368197e-09,-0.763501513156601,0.373,0.728,0.000204454858932716,"Adap2os","Microglia",-0.90294843109559,-0.640063450211523,TRUE,"higher at P21"
9.2640436875008e-09,-2.10672267585413,0.056,0.307,0.000231869749454457,"Ptprm","Microglia",-2.10864072073231,-2.01855527465606,TRUE,"higher at P21"
1.67492967651228e-08,-1.04142640139322,0.289,0.615,0.000419218148734259,"Gm32036","Microglia",-0.954662959760605,-1.0470035313672,TRUE,"higher at P21"
1.79661570342536e-08,-1.10973696067829,0.19,0.491,0.000449674944410333,"4930444A19Rik","Microglia",-1.05634479933621,-0.891783283350977,TRUE,"higher at P21"
2.05233682366184e-08,-1.27189302943047,0.134,0.427,0.000513679383594322,"Prkce","Microglia",-1.45489728927241,-1.20455672012859,TRUE,"higher at P21"
3.11019504451024e-08,-1.0917595932917,0.19,0.475,0.000778450717690467,"Phyhd1","Microglia",-1.051125574743,-0.942887395348505,TRUE,"higher at P21"
3.43618086710785e-08,-1.62329705329802,0.099,0.355,0.000860041709228423,"Bbs9","Microglia",-1.62212083083445,-1.64183380669693,TRUE,"higher at P21"
5.02942189586605e-08,-1.15144143056524,0.155,0.431,0.00125881400631631,"Lair1","Microglia",-1.11235645802456,-1.10772490660155,TRUE,"higher at P21"
5.71389531347689e-08,-0.620050773553669,0.563,0.857,0.00143013085801013,"Nav3","Microglia",-0.805675447102625,-0.566903195719041,TRUE,"higher at P21"
8.34504518081832e-08,-0.647797365272245,0.535,0.843,0.00208868135830702,"Gm35188","Microglia",-0.714179863193376,-0.516742350915137,TRUE,"higher at P21"
9.0445529583733e-08,-1.37323527958436,0.113,0.374,0.00226376115995125,"8030442B05Rik","Microglia",-1.38158261069144,-1.14508057091478,TRUE,"higher at P21"
1.67529045164609e-07,-1.63706235872089,0.077,0.313,0.00419308447142499,"C1qb","Microglia",-1.80246990069189,-1.41243753186116,TRUE,"higher at P21"
2.35318821045484e-07,1.32078169414366,0.563,0.477,0.00588979477194743,"Maf","Microglia",1.21273181657093,1.35207090683459,TRUE,"higher at P10"
2.45167966313387e-07,-1.33403102176199,0.07,0.283,0.00613630902885775,"Eef2k","Microglia",-1.59871430979212,-1.14336054403657,TRUE,"higher at P21"
2.47433449858047e-07,-1.15037937178751,0.092,0.296,0.00619301181649706,"Zranb2","Microglia",-0.831994637235289,-1.0956832279711,TRUE,"higher at P21"
2.77292202112589e-07,-1.84439550594447,0.056,0.269,0.00694034652667598,"A830008E24Rik","Microglia",-1.66964297398035,-1.90802159854327,TRUE,"higher at P21"
1.26260387545293e-22,-0.744519087497599,0.892,0.96,3.16017123987115e-18,"Tnr","OPC",-0.882434331746288,-0.733380009010014,TRUE,"higher at P21"
2.94205425140822e-22,-1.07027440703489,0.538,0.867,7.36366758584964e-18,"Pdgfra","OPC",-0.869052505681985,-1.14729689981469,TRUE,"higher at P21"
2.33611088719764e-21,-2.29372238070291,0.063,0.38,5.84705193956697e-17,"6330576A10Rik","OPC",-2.31380667162968,-2.26364639454698,TRUE,"higher at P21"
1.08152011669672e-19,-1.15064065707153,0.388,0.747,2.70693670008023e-15,"Gm42418","OPC",-1.09870329324998,-0.81177731434589,TRUE,"higher at P21"
3.37778172281222e-19,-1.49723079334669,0.388,0.72,8.4542498740267e-15,"4930445B16Rik","OPC",-1.32732357327814,-1.37928856459925,TRUE,"higher at P21"
4.37815557922415e-19,-1.54004167526056,0.14,0.472,1.09580855992401e-14,"Sema3d","OPC",-1.61884808788869,-1.36405305074995,TRUE,"higher at P21"
1.4062488639635e-18,-1.17070616882532,0.217,0.558,3.51970028161425e-14,"Gm2164","OPC",-0.842066096718536,-1.30505025800369,TRUE,"higher at P21"
4.78706015742929e-18,0.637140839781924,0.948,0.922,1.19815328680298e-13,"Sema6d","OPC",0.465282204622076,0.707925679389976,TRUE,"higher at P10"
4.96563124393497e-18,0.613951965594606,0.937,0.94,1.24284784404448e-13,"Adgrb3","OPC",0.605379561334345,0.622009498010527,TRUE,"higher at P10"
1.17515109125395e-17,-0.971119605881864,0.448,0.784,2.94128566629951e-13,"Nrxn2","OPC",-1.00379462844774,-0.964540522882882,TRUE,"higher at P21"
1.88740858891488e-17,-0.876696432484374,0.598,0.878,4.72399495719504e-13,"Adarb2","OPC",-0.870004342691649,-0.731587701537499,TRUE,"higher at P21"
2.46239383296216e-16,-2.68273418627384,0.028,0.262,6.16312552452098e-12,"Neu4","OPC",-2.03480083589695,-2.49894358727889,TRUE,"higher at P21"
5.94261406874736e-16,-1.81797051471405,0.084,0.334,1.48737687526678e-11,"Matn4","OPC",-1.77460765809212,-1.53790271230597,TRUE,"higher at P21"
2.29234029730118e-15,-0.761870691187614,0.608,0.858,5.73749853011513e-11,"Gm20713","OPC",-0.575144909327824,-0.581071233662577,TRUE,"higher at P21"
3.3669099686434e-15,-2.06410612524738,0.063,0.297,8.42703896051758e-11,"Cst3","OPC",-2.05644764730628,-2.02405181923296,TRUE,"higher at P21"
3.66647282169979e-15,-0.987485412121091,0.357,0.64,9.1768148254324e-11,"Hip1","OPC",-0.98106697357145,-1.06836123249079,TRUE,"higher at P21"
1.36444499794617e-14,-1.36768443791204,0.143,0.432,3.41506938535946e-10,"mt-Co3","OPC",-1.8469602901224,-1.10195500782834,TRUE,"higher at P21"
4.92471927583192e-14,0.652310665690139,0.867,0.843,1.23260798754797e-09,"Ppp2r2b","OPC",0.56191737201249,0.70755217221666,TRUE,"higher at P10"
1.49145575559997e-13,-1.28154391375263,0.182,0.488,3.73296461069116e-09,"Cmss1","OPC",-1.33659399674311,-1.03500983368106,TRUE,"higher at P21"
4.68908388406009e-13,-1.6726158245125,0.077,0.319,1.1736308053414e-08,"Lncpint","OPC",-1.20930184607745,-1.41589846746912,TRUE,"higher at P21"
2.14513348655164e-12,-0.634091001733838,0.706,0.868,5.36905460349009e-08,"Slc35f1","OPC",-0.818305919757664,-0.544287508368358,TRUE,"higher at P21"
2.4539387695992e-12,0.546635282264449,0.955,0.922,6.14196334642984e-08,"Npas3","OPC",0.493373943028595,0.583158746997162,TRUE,"higher at P10"
5.85174796710479e-12,-1.2985451051131,0.105,0.325,1.46463399868666e-07,"Apoe","OPC",-1.43199487159818,-1.26144698798063,TRUE,"higher at P21"
6.37185669796973e-12,0.895633580798252,0.829,0.737,1.59481201293484e-07,"Mir99ahg","OPC",0.770565056794036,0.788751799660258,TRUE,"higher at P10"
7.47009691055764e-12,-0.634297084694451,0.493,0.757,1.86969055574347e-07,"Cspg5","OPC",-0.646660010198373,-0.538445014992095,TRUE,"higher at P21"
1.8291792199169e-11,-2.19911523875761,0.042,0.227,4.57825266953e-07,"Zbtb16","OPC",-1.66544285237199,-1.90966069173272,TRUE,"higher at P21"
2.45507508464953e-11,-0.657936477755311,0.483,0.759,6.1448074293693e-07,"Arhgap31","OPC",-0.632665306648631,-0.720787384607242,TRUE,"higher at P21"
2.45862841763693e-11,-0.913327292284219,0.101,0.332,6.15370106650348e-07,"mt-Atp6","OPC",-1.53581245110049,-0.57771365209028,TRUE,"higher at P21"
6.91400137758341e-11,-2.68267712115672,0.031,0.203,1.73050540479535e-06,"mt-Nd4","OPC",-2.64372627060515,-1.75239783547957,TRUE,"higher at P21"
1.02570624936918e-10,-0.569146626200707,0.916,0.965,2.56724017154612e-06,"Ctnna3","OPC",-0.512615730070008,-0.543133504850841,TRUE,"higher at P21"
1.75968609981905e-10,-1.58839195466288,0.073,0.266,4.4043183392371e-06,"Rin2","OPC",-1.48303153613051,-1.50161453920753,TRUE,"higher at P21"
2.36586923272375e-10,-0.817947094760962,0.189,0.444,5.92153410258428e-06,"Cobl","OPC",-0.742633061960333,-0.8047198621161,TRUE,"higher at P21"
3.24463203005812e-10,-0.928408781310951,0.136,0.341,8.12098950803246e-06,"Vps13a","OPC",-1.06619969446709,-0.867043339304008,TRUE,"higher at P21"
4.2127318051377e-10,-0.558670727307847,0.29,0.561,1.05440464350791e-05,"Olfm2","OPC",-0.607752372486671,-0.680179516513984,TRUE,"higher at P21"
4.57353358044691e-10,-1.06249767418286,0.136,0.343,1.14470971985006e-05,"Mtss2","OPC",-1.21284259126926,-0.787505121150166,TRUE,"higher at P21"
6.69905357500587e-10,1.25074679139905,0.517,0.384,1.67670611928822e-05,"Arhgef3","OPC",1.0449171310778,1.24342588514554,TRUE,"higher at P10"
6.75781591267834e-10,-0.552428466145317,0.514,0.769,1.69141374478426e-05,"Dpyd","OPC",-0.530508392362601,-0.478441728506648,TRUE,"higher at P21"
8.72912608399403e-10,-1.19980717926174,0.161,0.38,2.18481296756287e-05,"Cfap20","OPC",-1.0240344414022,-1.09464584125548,TRUE,"higher at P21"
9.98182448867231e-10,0.854282709934338,0.706,0.624,2.49835085126979e-05,"Grip1","OPC",0.632563770986466,1.09593344629019,TRUE,"higher at P10"
1.09874853241494e-09,-0.669296307591617,0.325,0.576,2.75005770178135e-05,"Sulf2","OPC",-0.527423074464024,-0.705043015491697,TRUE,"higher at P21"
1.29984353438008e-09,-0.835958241604573,0.297,0.6,3.2533783821999e-05,"Abtb2","OPC",-0.808198787049338,-0.828524671875466,TRUE,"higher at P21"
1.3590397966079e-09,-0.562563659565894,0.577,0.812,3.40154070692991e-05,"Fry","OPC",-0.609715867582921,-0.529185447882417,TRUE,"higher at P21"
1.70492967032656e-09,-0.876430550828213,0.259,0.501,4.26726847186034e-05,"Tes","OPC",-0.500463174575905,-0.803288328746381,TRUE,"higher at P21"
5.30144975491115e-09,-0.786824912958348,0.297,0.567,0.000132689985915671,"Dock9","OPC",-0.824590385040412,-0.722876914790553,TRUE,"higher at P21"
7.82328004087384e-09,-0.966916943679826,0.105,0.266,0.000195808876143031,"B230217J21Rik","OPC",-1.00643459662973,-0.943827467462966,TRUE,"higher at P21"
9.78744314067586e-09,-0.788680666232814,0.343,0.576,0.000244969914367976,"Unc13c","OPC",-0.518381422846848,-0.653929983068084,TRUE,"higher at P21"
1.06064927252322e-08,-0.674264176924904,0.287,0.551,0.000265469906419836,"Cspg4","OPC",-0.747688482719032,-0.708169105233299,TRUE,"higher at P21"
2.18001295683026e-08,-0.852449452217583,0.136,0.305,0.000545635442965045,"Cpq","OPC",-0.502689438461706,-0.850163728126628,TRUE,"higher at P21"
2.23726837443455e-08,-1.58182030013905,0.073,0.242,0.000559965901437223,"mt-Co1","OPC",-1.84143182916613,-1.29113766034352,TRUE,"higher at P21"
2.28239415857634e-08,-0.648840692289334,0.308,0.538,0.000571260433950071,"Wipf1","OPC",-0.648695440945224,-0.577002143257888,TRUE,"higher at P21"
2.57618453514751e-08,0.690285330899449,0.741,0.714,0.00064479322730207,"Kirrel3","OPC",0.72247790690583,0.691421565225167,TRUE,"higher at P10"
2.77904725208468e-08,-0.629320647160429,0.266,0.467,0.000695567736724274,"Atp1a2","OPC",-0.617460401573656,-0.502482956991785,TRUE,"higher at P21"
2.79441479414786e-08,-0.662195309310695,0.238,0.452,0.000699414078827267,"Prex1","OPC",-0.586618369844288,-0.593336633585937,TRUE,"higher at P21"
3.60492691403159e-08,-0.954379200441047,0.15,0.341,0.000902277157312967,"Sgms1","OPC",-0.88013728367109,-0.757495863384323,TRUE,"higher at P21"
3.97923982653085e-08,-1.22812252776077,0.066,0.203,0.000995963936182405,"Plekha6","OPC",-0.95672662315368,-0.939861129560995,TRUE,"higher at P21"
4.68080614852418e-08,-0.810878418970755,0.346,0.575,0.00117155897091412,"Gm42948","OPC",-0.989534742223915,-0.549972714490777,TRUE,"higher at P21"
5.16196247642161e-08,-0.665576517842873,0.266,0.511,0.00129198758822357,"Gm48678","OPC",-0.608464941625455,-0.711315427372167,TRUE,"higher at P21"
6.41322426722322e-08,-0.773378795052028,0.224,0.432,0.0016051659018433,"Oxr1","OPC",-0.716265416248162,-0.677448145812292,TRUE,"higher at P21"
6.48465740800828e-08,-0.737149316679558,0.259,0.478,0.00162304490265039,"Rtl4","OPC",-0.641645257036302,-0.723589700839606,TRUE,"higher at P21"
7.62285042029045e-08,-0.903577687013399,0.178,0.385,0.0019079232316945,"Bcas1os2","OPC",-0.619516373844963,-1.098002839443,TRUE,"higher at P21"
1.18732088800238e-07,-0.615769585079445,0.329,0.556,0.00297174545058115,"Ppfibp1","OPC",-0.520763359423907,-0.572804973115729,TRUE,"higher at P21"
1.25765963940724e-07,-0.757177250760621,0.364,0.604,0.00314779631147238,"2610035D17Rik","OPC",-0.947268341584723,-0.53205030733785,TRUE,"higher at P21"
1.88118281876979e-07,-1.28248529405928,0.094,0.245,0.00470841247709892,"Csnk2a2","OPC",-0.849298785775971,-1.01200725321292,TRUE,"higher at P21"
2.22066079174715e-07,-0.69283888382602,0.297,0.548,0.00555809189566395,"Sox10","OPC",-0.714800902388498,-0.672859981460678,TRUE,"higher at P21"
2.43729172918189e-07,-0.899525300070875,0.122,0.307,0.00610029746896934,"Itga9","OPC",-0.787975910045758,-0.852799722932602,TRUE,"higher at P21"
2.44135566589043e-07,-0.892910852631573,0.087,0.225,0.00611046909615716,"St3gal6","OPC",-0.669669929498055,-0.707676388496648,TRUE,"higher at P21"
2.44496998990043e-07,-1.27302072955427,0.08,0.222,0.00611951538772178,"Lrmda","OPC",-1.26395628093912,-1.26830647913353,TRUE,"higher at P21"
2.55024828889282e-07,-0.537190675862834,0.441,0.684,0.00638301644226985,"Nav1","OPC",-0.536348073296633,-0.545149920278668,TRUE,"higher at P21"
2.5753754095756e-07,-0.837332647481908,0.217,0.435,0.00644590711262678,"Rasgrf1","OPC",-0.872938647497384,-0.721273531916602,TRUE,"higher at P21"
2.81625951158857e-07,-0.748343250601264,0.206,0.403,0.00704881593155504,"Galnt16","OPC",-0.609888165808334,-0.737607048401717,TRUE,"higher at P21"
3.8963350524282e-07,-0.587925370729362,0.336,0.566,0.00975213700272255,"Stk32a","OPC",-0.761714345541509,-0.528064992065555,TRUE,"higher at P21"
2.00655717346312e-17,-0.764031820212166,1,1,5.02221194946083e-13,"Malat1","COP/NFOL",-0.515350925992048,-0.85627982065888,TRUE,"higher at P21"
8.34650491517543e-13,-4.22642065268855,0.01,0.411,2.08904671521926e-08,"mt-Atp6","COP/NFOL",-4.31487597566542,-3.66030020423881,TRUE,"higher at P21"
3.96542496996631e-11,-1.22411995203075,0.779,0.937,9.92506215732867e-07,"Nav2","COP/NFOL",-1.56308206897492,-1.36132513772199,TRUE,"higher at P21"
1.50189406495119e-09,-2.11186083384012,0.115,0.513,3.75909065516632e-05,"mt-Co3","COP/NFOL",-1.91465513010569,-2.16100726462224,TRUE,"higher at P21"
7.69007619046664e-09,-1.68452918345595,0.183,0.576,0.00019247491697119,"Cmss1","COP/NFOL",-1.43922206661419,-1.2086981968602,TRUE,"higher at P21"
8.10628440168036e-09,-3.53556495221921,0.029,0.329,0.000202892192289658,"Ablim2","COP/NFOL",-3.31052786137138,-3.15775628029586,TRUE,"higher at P21"
9.31520131371758e-09,-1.30980020799938,0.51,0.81,0.000233150173681037,"Mapt","COP/NFOL",-1.21685783566328,-1.21978953968185,TRUE,"higher at P21"
1.46737285325706e-08,-2.02302042342741,0.106,0.443,0.000367268751441709,"Lrmda","COP/NFOL",-2.17301386102016,-1.89243224678616,TRUE,"higher at P21"
1.59985316569814e-08,2.77560010399564,0.423,0.152,0.000400427248842587,"Dach2","COP/NFOL",2.25085038708334,2.50130038543482,TRUE,"higher at P10"
1.78300358002727e-08,1.09483114191704,0.846,0.772,0.000446267966045026,"Sema6d","COP/NFOL",1.29128527698475,1.11578931581479,TRUE,"higher at P10"
2.10022697022282e-08,-1.3153961632348,0.202,0.601,0.000525665808377069,"Glrb","COP/NFOL",-0.971838566954558,-1.31536776965351,TRUE,"higher at P21"
3.47001089529684e-08,0.7880387034609,0.933,0.968,0.000868509026983845,"Ncam2","COP/NFOL",0.61739953259782,0.886540413727569,TRUE,"higher at P10"
4.75201122162202e-08,-1.49368631563724,0.183,0.551,0.00118938088865978,"Gm10863","COP/NFOL",-1.74178211689669,-1.28068892726255,TRUE,"higher at P21"
1.18726407093636e-07,-2.30954952021079,0.058,0.348,0.00297160324314662,"Jak2","COP/NFOL",-2.0495733521118,-2.03313908198627,TRUE,"higher at P21"
3.48281972137953e-07,-1.83743894526746,0.058,0.342,0.00871714948064083,"Cerk","COP/NFOL",-2.34233434905949,-1.71549383182303,TRUE,"higher at P21"
1.04972521698439e-25,-0.984215985412789,1,1,2.62735724559023e-21,"Malat1","Endothelial",-0.794549671234699,-1.01097344206609,TRUE,"higher at P21"
1.10573651588215e-13,-1.69199400507259,0.521,0.872,2.76754792560143e-09,"Slco1a4","Endothelial",-1.3968676010604,-1.53177729328265,TRUE,"higher at P21"
1.44177393604214e-13,-1.8993248641904,0.489,0.812,3.60861598451987e-09,"Sgms1","Endothelial",-1.34905237228075,-1.74847581633624,TRUE,"higher at P21"
1.73908361628432e-13,-2.51502204218245,0.298,0.729,4.35275238319801e-09,"Atp10a","Endothelial",-2.31327258520313,-2.41905554748159,TRUE,"higher at P21"
2.24470348145549e-12,1.88330435874384,0.734,0.323,5.61826834373494e-08,"Ccser1","Endothelial",1.3664790454502,2.56680187088633,TRUE,"higher at P10"
3.77010504883857e-12,1.2998905021789,0.894,0.729,9.43619592673806e-08,"Auts2","Endothelial",0.690669389409398,1.65817165593102,TRUE,"higher at P10"
5.21561400430118e-12,2.11886053478643,0.702,0.346,1.30541602913654e-07,"Slc38a2","Endothelial",2.10987854214759,1.84527303138259,TRUE,"higher at P10"
5.47843311957817e-12,-8.65482418293808,0,0.398,1.37119702549922e-07,"Zbtb16","Endothelial",-3.92564270334216,-5.06308285429467,TRUE,"higher at P21"
1.58211337562861e-11,-4.12047295835846,0.096,0.496,3.95987156786085e-07,"Ly6c1","Endothelial",-3.77650196084823,-4.10963271436557,TRUE,"higher at P21"
1.62952630868063e-11,1.99184740106181,0.819,0.609,4.07854139799675e-07,"Dach1","Endothelial",2.19980149940134,2.07100511952818,TRUE,"higher at P10"
9.2007987689336e-11,5.94771170700957,0.33,0.023,2.30286792387639e-06,"Slc7a8","Endothelial",4.78195126057135,3.59282758032649,TRUE,"higher at P10"
3.47034278005936e-10,-2.73303021005517,0.234,0.609,8.68592094421056e-06,"Tbc1d4","Endothelial",-1.58018690467229,-2.51771107450928,TRUE,"higher at P21"
4.39397531771665e-10,1.42271245974086,0.798,0.564,1.0997680822713e-05,"Pde4d","Endothelial",1.29528717111403,1.35347132104759,TRUE,"higher at P10"
4.98039687768028e-10,1.8589542451005,0.691,0.376,1.2465435345146e-05,"Cdh2","Endothelial",1.89712973419943,1.68335445551127,TRUE,"higher at P10"
6.31832243122373e-10,-1.94475870121426,0.298,0.662,1.58141292131099e-05,"Slc2a1","Endothelial",-2.31439057508134,-2.11792401302397,TRUE,"higher at P21"
9.57354879919826e-10,-1.97954301169546,0.543,0.774,2.39616352895133e-05,"Gm42418","Endothelial",-2.69776431217866,-2.39274394069783,TRUE,"higher at P21"
1.42067850433617e-09,-4.62425114475379,0.021,0.361,3.55581622850299e-05,"Paqr5","Endothelial",-3.3932970829447,-4.00504835485952,TRUE,"higher at P21"
1.80696700488523e-09,-1.98827093074058,0.298,0.647,4.52265771652725e-05,"Pltp","Endothelial",-2.10651012101892,-1.98483878913631,TRUE,"higher at P21"
2.36155274899234e-09,1.55322864723334,0.766,0.474,5.91073037545294e-05,"Sema6a","Endothelial",1.30246474322257,1.67225118346648,TRUE,"higher at P10"
5.256036624551e-09,-5.52983404609587,0.011,0.323,0.000131553340675887,"Ndrg1","Endothelial",-3.58838925324433,-3.65025450556449,TRUE,"higher at P21"
6.20954702709412e-09,-1.64461454975669,0.404,0.752,0.000155418752541139,"Sema3c","Endothelial",-1.50816071934664,-1.66263564521565,TRUE,"higher at P21"
6.62425085115595e-09,-3.35252555401271,0.053,0.398,0.000165798374553582,"Osbpl1a","Endothelial",-2.66790563952997,-2.69795432755332,TRUE,"higher at P21"
9.77693005814126e-09,-2.06781946853437,0.255,0.594,0.000244706782425218,"Cmss1","Endothelial",-2.75527648956862,-2.43166910453272,TRUE,"higher at P21"
1.33867423588196e-08,-1.25515061461359,0.426,0.759,0.000335056774498896,"Abcb1a","Endothelial",-1.35418500297629,-1.14275364622156,TRUE,"higher at P21"
1.87085255669782e-08,-3.28009097161784,0.064,0.398,0.000468255686415898,"Lims2","Endothelial",-1.72265421198467,-2.33381234315529,TRUE,"higher at P21"
2.92087007626632e-08,-2.41990783228051,0.138,0.481,0.000731064571388697,"Prom1","Endothelial",-1.81337957836958,-1.81162744734389,TRUE,"higher at P21"
3.04679179617391e-08,-3.80896714702247,0.043,0.353,0.000762581518664369,"Ccnd3","Endothelial",-2.84354208993401,-3.00052483694873,TRUE,"higher at P21"
4.39980062187427e-08,1.92687985677265,0.553,0.241,0.00110122609764891,"Pip5k1b","Endothelial",1.87309318445294,2.06392332712895,TRUE,"higher at P10"
5.48585059696503e-08,1.92106469196399,0.585,0.293,0.00137305354591438,"Abca1","Endothelial",1.94356948482191,1.72277496562441,TRUE,"higher at P10"
5.79709224823104e-08,2.08837236415491,0.543,0.233,0.00145095421880975,"Myh10","Endothelial",1.39094365483494,1.39415851597054,TRUE,"higher at P10"
5.94896218262988e-08,-1.37149373920138,0.585,0.835,0.00148896574469043,"Plcb1","Endothelial",-0.781613246736175,-1.08584750140344,TRUE,"higher at P21"
9.83496333238762e-08,1.64861418124128,0.617,0.338,0.0024615929724633,"Srgap1","Endothelial",1.4371415478018,1.35677010077191,TRUE,"higher at P10"
1.57472661321201e-07,1.86178367710026,0.532,0.241,0.00394138324020833,"Maml3","Endothelial",1.29282170803525,1.65726855682435,TRUE,"higher at P10"
1.96249600120021e-07,0.87963467588441,0.915,0.805,0.00491193124140401,"Ptprm","Endothelial",0.921658667229056,0.749483937954723,TRUE,"higher at P10"
2.05435115345875e-07,-2.619808531422,0.074,0.376,0.00514183550199191,"Id3","Endothelial",-2.38857922508944,-3.02570589495966,TRUE,"higher at P21"
2.33443350099288e-07,-1.82208720695611,0.426,0.669,0.00584285360963507,"Bsg","Endothelial",-1.92134687020089,-1.9190996292712,TRUE,"higher at P21"
2.56851981830817e-07,-1.76040627920319,0.277,0.564,0.00642874825324352,"Abcg2","Endothelial",-1.65523768052477,-2.08584913989788,TRUE,"higher at P21"
3.79455423733402e-07,1.93155928808816,0.543,0.263,0.00949738980062331,"Sema6d","Endothelial",1.45203330644605,1.44882811750891,TRUE,"higher at P10"
3.86370404055387e-07,-2.84327829359268,0.149,0.444,0.00967046484310228,"mt-Atp6","Endothelial",-3.50037737025997,-2.70973201805056,TRUE,"higher at P21"
2.28159009635817e-11,-1.21588990786849,1,1,5.71059185217486e-07,"Malat1","Pericyte/mural",-1.08409744806843,-1.21721260370241,TRUE,"higher at P21"
3.11271822643826e-07,5.20696952153762,0.394,0.015,0.00779082244895232,"Frmd5","Pericyte/mural",5.76692055336539,3.74080118539081,TRUE,"higher at P10"
8.44776597268298e-15,-1.17114420050644,1,1,2.11439134530282e-10,"Malat1","Ependymal",-0.77332581262957,-1.23226867699119,TRUE,"higher at P21"
6.09437347266279e-12,-3.60879337078918,0.149,0.836,1.52536073647277e-07,"Rarres2","Ependymal",-3.36130854912131,-3.57175092170354,TRUE,"higher at P21"
1.37323334060181e-10,-3.07054075773477,0.106,0.764,3.43706572819227e-06,"Itm2b","Ependymal",-3.12278418341423,-3.0324425352149,TRUE,"higher at P21"
5.11219071912616e-10,-2.46287086352271,0.319,0.909,1.27953021509009e-05,"Apoe","Ependymal",-2.37567903517026,-2.60531135683621,TRUE,"higher at P21"
1.12981917380398e-09,-4.93660302012102,0.043,0.636,2.82782441011397e-05,"mt-Nd4","Ependymal",-4.99719908880915,-4.32715401965636,TRUE,"higher at P21"
6.10116335629922e-09,-3.73073571445695,0.191,0.727,0.000152706017644813,"mt-Co3","Ependymal",-4.00228321246078,-3.60645760860543,TRUE,"higher at P21"
1.16099833861891e-08,-2.77462084521066,0.17,0.745,0.000290586274172926,"Dbi","Ependymal",-2.57066664243674,-2.46552092770791,TRUE,"higher at P21"
2.1067540548108e-08,-2.48985018828926,0.106,0.709,0.000527299472378595,"Hsp90b1","Ependymal",-2.49082939190789,-2.76340024939853,TRUE,"higher at P21"
3.39787404905089e-08,-5.08582828744606,0.021,0.527,0.000850453895736946,"Mia","Ependymal",-4.12433039234645,-4.13000875699994,TRUE,"higher at P21"
7.06725589754752e-08,-2.10833799454758,0.213,0.782,0.00176886347859717,"Clu","Ependymal",-2.47790555009047,-2.75740396274726,TRUE,"higher at P21"
1.80604836608084e-07,-1.76587093481103,0.34,0.836,0.00452035845546375,"Rasa2","Ependymal",-1.29744833670944,-1.47466483778829,TRUE,"higher at P21"
2.97980645356324e-07,-2.29883779740942,0.255,0.764,0.00745815757262344,"Dync1i1","Ependymal",-1.44209972372574,-1.71950295890604,TRUE,"higher at P21"
3.14427761689989e-07,-3.71596657431683,0.021,0.491,0.00786981244733874,"Mt3","Ependymal",-3.24779997059347,-3.53540528721733,TRUE,"higher at P21"
