"gene","cell_type","pct_P10","pct_P21","avg_P10","avg_P21","pct_other_max_P10","spec_pp_P10","log2_P10_vs_P21","family","partner_on_axon"
"Sema3a","BLA Glut Rspo2/Etv1",0.51875,0.494186046511628,0.796747196944676,0.457308241670996,0.477541371158392,4.12086288416076,0.489706897457869,"Semaphorin","Nrp1/Plxna1-4"
"Sema3c","BLA Glut Rspo2/Etv1",0.509375,0.825581395348837,0.706932840257472,0.952269384782031,0.564102564102564,-5.47275641025641,-0.353945816134415,"Semaphorin","Nrp1-2/Plxnd1"
"Sema3d","BLA Glut Rspo2/Etv1",0.10625,0.145348837209302,0.123471666716185,0.0991257392482742,0.0894308943089431,1.68191056910569,0.0351237488237976,"Semaphorin","Nrp1/Plxnd1"
"Sema3e","BLA Glut Rspo2/Etv1",0.384375,0.540697674418605,0.501295649439204,0.533603438836494,0.171171171171171,21.3203828828829,-0.0466102875455564,"Semaphorin","Plxnd1"
"Sema3f","BLA Glut Rspo2/Etv1",0.015625,0.0116279069767442,0.0155544995107617,0.00823977650941231,0.036036036036036,-2.0411036036036,0.0105529145995232,"Semaphorin","Nrp2/Plxna3"
"Sema5a","BLA Glut Rspo2/Etv1",0.265625,0.226744186046512,0.409368331244326,0.178832854180228,0.517857142857143,-25.2232142857143,0.332592389509346,"Semaphorin","Plxna1/a3"
"Sema5b","BLA Glut Rspo2/Etv1",0.028125,0.0465116279069767,0.0318192222843988,0.0312410148927514,0.552631578947368,-52.4506578947368,0.000834176936535011,"Semaphorin","Plxna1/a3"
"Sema6a","BLA Glut Rspo2/Etv1",0.365625,0.186046511627907,0.534254460834407,0.149829983573571,0.684210526315789,-31.8585526315789,0.554607286940541,"Semaphorin","Plxna2/a4"
"Sema6d","BLA Glut Rspo2/Etv1",0.86875,0.825581395348837,1.85727581525717,1.20112429572169,0.932432432432432,-6.36824324324324,0.946626543305594,"Semaphorin","Plxna1"
"Sema7a","BLA Glut Rspo2/Etv1",0.025,0.116279069767442,0.0294743449860656,0.0673782396135133,0.107142857142857,-8.21428571428571,-0.0546837608093967,"Semaphorin","Plxnc1/Itgb1"
"Efna1","BLA Glut Rspo2/Etv1",0.00625,0.00581395348837209,0.00704479335799792,0.00243289146604232,0.00970873786407767,-0.345873786407767,0.00665356798859077,"Ephrin","EphA"
"Efna2","BLA Glut Rspo2/Etv1",0.03125,0.0465116279069767,0.0350909074671391,0.0276313229989264,0.0512820512820513,-2.00320512820513,0.0107619055193829,"Ephrin","EphA"
"Efna3","BLA Glut Rspo2/Etv1",0.028125,0.0872093023255814,0.0309557948965288,0.0529918270445058,0.0512820512820513,-2.31570512820513,-0.0317912743007562,"Ephrin","EphA"
"Efna5","BLA Glut Rspo2/Etv1",0.046875,0.261627906976744,0.0577808875150718,0.194669359880113,0.652482269503546,-60.5607269503546,-0.197488320235911,"Ephrin","EphA (Epha3-7)"
"Efnb1","BLA Glut Rspo2/Etv1",0.034375,0.0581395348837209,0.0399647326197442,0.0404361446795889,0.0454545454545455,-1.10795454545455,-0.000680103840953164,"Ephrin","EphB"
"Efnb2","BLA Glut Rspo2/Etv1",0.096875,0.215116279069767,0.11621805657228,0.146745641952833,0.25,-15.3125,-0.0440419960388376,"Ephrin","EphB/Epha4"
"Efnb3","BLA Glut Rspo2/Etv1",0.234375,0.191860465116279,0.294203039251199,0.127127490538487,0.194174757281553,4.02002427184466,0.241039065581631,"Ephrin","EphB/Epha4"
"Slit1","BLA Glut Rspo2/Etv1",0.565625,0.843023255813953,0.825774887801036,1.10577025364006,0.641025641025641,-7.54006410256409,-0.403947925767854,"Slit/Netrin","Robo1-3"
"Slit2","BLA Glut Rspo2/Etv1",0.878125,0.88953488372093,1.91153198824772,1.4949406839871,0.74390243902439,13.422256097561,0.601014208734264,"Slit/Netrin","Robo1-3"
"Slit3","BLA Glut Rspo2/Etv1",0.96875,0.982558139534884,2.49127547427411,2.57207000722361,0.991869918699187,-2.31199186991871,-0.116561872017186,"Slit/Netrin","Robo1-3"
"Ntn1","BLA Glut Rspo2/Etv1",0.009375,0.0174418604651163,0.0117535305816506,0.0113238665813623,0.288288288288288,-27.8913288288288,0.000619874122464563,"Slit/Netrin","Dcc/Unc5a-d/Neo1"
"Ntn4","BLA Glut Rspo2/Etv1",0.0125,0.00581395348837209,0.0130628654972513,0.00296064376218706,0.134615384615385,-12.2115384615385,0.0145744251991379,"Slit/Netrin","Unc5/Neo1"
"Ntng1","BLA Glut Rspo2/Etv1",0.590625,0.831395348837209,0.995735629303795,1.22543316432941,0.789598108747045,-19.8973108747045,-0.331383494685881,"Slit/Netrin","Lrrc4c (NGL-1)"
"Ntng2","BLA Glut Rspo2/Etv1",0.328125,0.505813953488372,0.423929693570708,0.502020804256813,0.308943089430894,1.91819105691057,-0.112661658124354,"Slit/Netrin","Lrrc4 (NGL-2)"
"Cxcl12","BLA Glut Rspo2/Etv1",0.009375,0,0.00803139064904103,0,0.0357142857142857,-2.63392857142857,0.0115868474608135,"Secreted other","Cxcr4/Ackr3"
"Reln","BLA Glut Rspo2/Etv1",0.01875,0.0406976744186047,0.0231481449803643,0.0286717527062542,0.795454545454546,-77.6704545454545,-0.00796888147395738,"Secreted other","Vldlr/Lrp8"
"Wnt5a","BLA Glut Rspo2/Etv1",0.00625,0.0290697674418605,0.00627138448500538,0.0169479186867095,0.104166666666667,-9.79166666666666,-0.0154029829466799,"Secreted other","Ryk/Fzd"
"Wnt7b","BLA Glut Rspo2/Etv1",0.0375,0.116279069767442,0.0450870418140569,0.0790665005544376,0.0625,-2.5,-0.0490219966168385,"Secreted other","Fzd"
"Fgf10","BLA Glut Rspo2/Etv1",0.0875,0.145348837209302,0.102505230326504,0.118045193117933,0.264227642276423,-17.6727642276423,-0.0224194272547944,"Secreted other","Fgfr2"
"Bdnf","BLA Glut Rspo2/Etv1",0.115625,0.180232558139535,0.131784568980883,0.165253741187678,0.131313131313131,-1.56881313131313,-0.0482858087654025,"Secreted other","Ntrk2"
"Ntf3","BLA Glut Rspo2/Etv1",0,0.0116279069767442,0,0.00610472803106603,0.0384615384615385,-3.84615384615385,-0.00880726085639481,"Secreted other","Ntrk3/Ntrk2"
"Nrg1","BLA Glut Rspo2/Etv1",0.990625,0.988372093023256,2.87536052094208,2.70300652233191,1,-0.937499999999991,0.248654259072277,"Secreted other","Erbb4"
"Nrg3","BLA Glut Rspo2/Etv1",1,0.994186046511628,4.01093103039131,3.72112553591742,1,0,0.418100949699855,"Secreted other","Erbb4"
"Cbln1","BLA Glut Rspo2/Etv1",0,0,0,0,0.0131578947368421,-1.31578947368421,0,"Secreted other","Nrxn + Grid2"
"Cbln2","BLA Glut Rspo2/Etv1",0,0.0348837209302326,0,0.0188985739797708,0.0921052631578947,-9.21052631578947,-0.0272648789604886,"Secreted other","Nrxn + Grid1"
"Cbln4","BLA Glut Rspo2/Etv1",0.115625,0.063953488372093,0.133214518589366,0.0436391046208312,0.0714285714285714,4.41964285714286,0.129230005517982,"Secreted other","Nrxn + Dcc/Neo1"
"C1ql2","BLA Glut Rspo2/Etv1",0,0,0,0,0.00970873786407767,-0.970873786407767,0,"Secreted other","Adgrb3"
"C1ql3","BLA Glut Rspo2/Etv1",0.853125,0.982558139534884,1.51839079695476,1.86382433910435,0.642276422764228,21.0848577235772,-0.498355258215932,"Secreted other","Adgrb3"
"Flrt2","BLA Glut Rspo2/Etv1",0.603125,0.651162790697674,0.943242789748584,0.631617407481309,0.488372093023256,11.4752906976744,0.449580393612126,"Adhesion / synaptic organiser","Unc5/Adgrl"
"Flrt3","BLA Glut Rspo2/Etv1",0.58125,0.825581395348837,0.88000161598312,0.996962664509453,0.607142857142857,-2.58928571428571,-0.168739124686115,"Adhesion / synaptic organiser","Unc5/Adgrl"
"Tenm2","BLA Glut Rspo2/Etv1",0.990625,0.994186046511628,3.74973441021143,3.58837889583807,1,-0.937499999999991,0.232786800406532,"Adhesion / synaptic organiser","Adgrl1-3"
"Tenm3","BLA Glut Rspo2/Etv1",0.34375,0.523255813953488,0.469049512767086,0.480705275376021,0.958333333333333,-61.4583333333333,-0.0168157109136884,"Adhesion / synaptic organiser","Tenm3/Adgrl"
"Tenm4","BLA Glut Rspo2/Etv1",0.659375,0.976744186046512,1.05981301165336,1.96209364244639,0.955445544554455,-29.6070544554455,-1.30171579153528,"Adhesion / synaptic organiser","Adgrl"
"Lrrtm4","BLA Glut Rspo2/Etv1",0.946875,0.994186046511628,2.59714550189799,3.43954938703085,1,-5.3125,-1.21533190750676,"Adhesion / synaptic organiser","Nrxn/Ptprs"
"Nlgn1","BLA Glut Rspo2/Etv1",1,1,3.4977450646711,3.59593962174064,1,0,-0.141664800526513,"Adhesion / synaptic organiser","Nrxn1-3"
"Cdh6","BLA Glut Rspo2/Etv1",0.028125,0.0930232558139535,0.0330169093002381,0.0606405756361573,0.475247524752475,-44.7122524752475,-0.039852526434002,"Adhesion / synaptic organiser","homophilic (same cadherin/protocadherin)"
"Cdh8","BLA Glut Rspo2/Etv1",0.959375,0.959302325581395,2.53785113680706,1.89120178019259,0.893877551020408,6.54974489795919,0.932917819981723,"Adhesion / synaptic organiser","homophilic (same cadherin/protocadherin)"
"Cdh9","BLA Glut Rspo2/Etv1",0.821875,0.947674418604651,1.8006640893963,1.88996296731237,0.50354609929078,31.832890070922,-0.128831048326457,"Adhesion / synaptic organiser","homophilic (same cadherin/protocadherin)"
"Cdh10","BLA Glut Rspo2/Etv1",0.315625,0.796511627906977,0.422230118244631,1.0000623633494,0.794871794871795,-47.9246794871795,-0.83363571447839,"Adhesion / synaptic organiser","homophilic (same cadherin/protocadherin)"
"Cdh11","BLA Glut Rspo2/Etv1",0.7375,0.872093023255814,1.25106290584052,1.28933226170229,0.666666666666667,7.08333333333334,-0.0552110099197959,"Adhesion / synaptic organiser","homophilic (same cadherin/protocadherin)"
"Cdh12","BLA Glut Rspo2/Etv1",0.05,0.244186046511628,0.0613048829408167,0.202175115275312,0.615384615384615,-56.5384615384615,-0.203232785597852,"Adhesion / synaptic organiser","homophilic (same cadherin/protocadherin)"
"Cdh13","BLA Glut Rspo2/Etv1",0.33125,0.383720930232558,0.458835306659419,0.419312154309198,0.935828877005348,-60.4578877005348,0.0570198558959632,"Adhesion / synaptic organiser","homophilic (same cadherin/protocadherin)"
"Cdh18","BLA Glut Rspo2/Etv1",0.26875,0.75,0.377146475454726,0.973485067009259,0.928571428571428,-65.9821428571429,-0.860334728726433,"Adhesion / synaptic organiser","homophilic (same cadherin/protocadherin)"
"Pcdh7","BLA Glut Rspo2/Etv1",0.98125,0.982558139534884,2.67012430040868,2.32300835877123,0.977272727272727,0.397727272727277,0.500782447613854,"Adhesion / synaptic organiser","homophilic (same cadherin/protocadherin)"
"Pcdh9","BLA Glut Rspo2/Etv1",0.996875,1,3.23179111120094,3.27234312240967,1,-0.312499999999993,-0.0585041854689102,"Adhesion / synaptic organiser","homophilic (same cadherin/protocadherin)"
"Pcdh10","BLA Glut Rspo2/Etv1",0.715625,0.88953488372093,1.21299305820219,1.15159601977257,0.589108910891089,12.6516089108911,0.0885772028676798,"Adhesion / synaptic organiser","homophilic (same cadherin/protocadherin)"
"Pcdh17","BLA Glut Rspo2/Etv1",0.4,0.63953488372093,0.608593713324156,0.708637061562617,0.825242718446602,-42.5242718446602,-0.144332042377555,"Adhesion / synaptic organiser","homophilic (same cadherin/protocadherin)"
"Kirrel3","BLA Glut Rspo2/Etv1",0.35,0.569767441860465,0.570781586266167,0.783896275529757,1,-65,-0.307459505341174,"Adhesion / synaptic organiser","Kirrel3 (homophilic)"
"Sdk1","BLA Glut Rspo2/Etv1",0.45625,0.412790697674419,0.760778938182555,0.412617856869389,0.948717948717949,-49.2467948717949,0.502290265441044,"Adhesion / synaptic organiser","Sdk1 (homophilic)"
"Sdk2","BLA Glut Rspo2/Etv1",0.125,0.447674418604651,0.148981019601673,0.379080404450584,0.666666666666667,-54.1666666666667,-0.331963241433125,"Adhesion / synaptic organiser","Sdk2 (homophilic)"
"Cntn4","BLA Glut Rspo2/Etv1",0.95625,0.994186046511628,2.46648475606706,2.86177483974772,0.957446808510638,-0.119680851063819,-0.570283043438669,"Adhesion / synaptic organiser","Ptprg/App"
"Cntn5","BLA Glut Rspo2/Etv1",0.64375,0.813953488372093,1.21014919490519,1.24105990448553,1,-35.625,-0.0445947274219082,"Adhesion / synaptic organiser","Ptprg"
"Cntn6","BLA Glut Rspo2/Etv1",0.44375,0.52906976744186,0.634243525106653,0.515535879799336,0.832151300236407,-38.8401300236407,0.171258931200472,"Adhesion / synaptic organiser","Ptprg/Chl1"
"Nectin3","BLA Glut Rspo2/Etv1",0.28125,0.273255813953488,0.356787423879036,0.192994099695697,0.391836734693878,-11.0586734693878,0.23630381653002,"Adhesion / synaptic organiser","Nectin1"
"Igsf21","BLA Glut Rspo2/Etv1",0.29375,0.587209302325581,0.368164688340627,0.548432289757064,0.615384615384615,-32.1634615384615,-0.260071174596441,"Adhesion / synaptic organiser","Nrxn2"
"Sema3a","BLA Glut Tshz2/Satb1",0.477541371158392,0.424,0.852554110872239,0.510647223353714,0.51875,-4.12086288416076,0.493267371068756,"Semaphorin","Nrp1/Plxna1-4"
"Sema3c","BLA Glut Tshz2/Satb1",0.434988179669031,0.7,0.702055549338076,0.918074203851022,0.564102564102564,-12.9114384433533,-0.311649041605334,"Semaphorin","Nrp1-2/Plxnd1"
"Sema3d","BLA Glut Tshz2/Satb1",0.0874704491725768,0.112,0.153902049630703,0.110888774608633,0.10625,-1.87795508274232,0.0620550385667342,"Semaphorin","Nrp1/Plxnd1"
"Sema3e","BLA Glut Tshz2/Satb1",0.0118203309692671,0.024,0.0189889029507553,0.0262845565374569,0.384375,-37.2554669030733,-0.0105254032495782,"Semaphorin","Plxnd1"
"Sema3f","BLA Glut Tshz2/Satb1",0.0118203309692671,0.004,0.0139151301266106,0.00237601891938767,0.036036036036036,-2.42157050667689,0.0166474185149268,"Semaphorin","Nrp2/Plxna3"
"Sema5a","BLA Glut Tshz2/Satb1",0.309692671394799,0.116,0.517112123992484,0.122538352088455,0.517857142857143,-20.8164471462344,0.569249623990796,"Semaphorin","Plxna1/a3"
"Sema5b","BLA Glut Tshz2/Satb1",0.0472813238770686,0.02,0.066803017983998,0.0223763922089554,0.552631578947368,-50.53502550703,0.0640940726890838,"Semaphorin","Plxna1/a3"
"Sema6a","BLA Glut Tshz2/Satb1",0.182033096926714,0.24,0.276913469900257,0.243314323866108,0.684210526315789,-50.2177429389075,0.0484733213615695,"Semaphorin","Plxna2/a4"
"Sema6d","BLA Glut Tshz2/Satb1",0.626477541371158,0.336,1.20485242898119,0.424089279140781,0.932432432432432,-30.5954891061274,1.12640312438361,"Semaphorin","Plxna1"
"Sema7a","BLA Glut Tshz2/Satb1",0,0.04,0,0.0304035449596744,0.107142857142857,-10.7142857142857,-0.043863043538767,"Semaphorin","Plxnc1/Itgb1"
"Efna1","BLA Glut Tshz2/Satb1",0,0,0,0,0.00970873786407767,-0.970873786407767,0,"Ephrin","EphA"
"Efna2","BLA Glut Tshz2/Satb1",0.0189125295508274,0.028,0.0276743500290002,0.0268841168939251,0.0512820512820513,-3.23695217312239,0.00114006542511901,"Ephrin","EphA"
"Efna3","BLA Glut Tshz2/Satb1",0.0307328605200946,0.04,0.0412043525250339,0.0304703141297645,0.0512820512820513,-2.05491907619567,0.0154859439615668,"Ephrin","EphA"
"Efna5","BLA Glut Tshz2/Satb1",0.0307328605200946,0.284,0.0437427407187341,0.305462540455975,0.652482269503546,-62.1749408983451,-0.37758185718337,"Ephrin","EphA (Epha3-7)"
"Efnb1","BLA Glut Tshz2/Satb1",0.0141843971631206,0.02,0.0181442767192631,0.0217076223758632,0.0454545454545455,-3.12701482914249,-0.00514082110775028,"Ephrin","EphB"
"Efnb2","BLA Glut Tshz2/Satb1",0.0874704491725768,0.208,0.131700575746052,0.186947456935207,0.25,-16.2529550827423,-0.0797044015161753,"Ephrin","EphB/Epha4"
"Efnb3","BLA Glut Tshz2/Satb1",0.144208037825059,0.14,0.220307817800856,0.131736058654688,0.234375,-9.01669621749409,0.127782037682989,"Ephrin","EphB/Epha4"
"Slit1","BLA Glut Tshz2/Satb1",0.366430260047281,0.588,0.584893351989101,0.675272859805492,0.641025641025641,-27.459538097836,-0.130390067724692,"Slit/Netrin","Robo1-3"
"Slit2","BLA Glut Tshz2/Satb1",0.335697399527187,0.456,0.568621251444678,0.552246289777146,0.878125,-54.2427600472813,0.0236240759924949,"Slit/Netrin","Robo1-3"
"Slit3","BLA Glut Tshz2/Satb1",0.966903073286052,0.904,2.71977862265172,2.50955257797216,0.991869918699187,-2.49668454131351,0.30329207212491,"Slit/Netrin","Robo1-3"
"Ntn1","BLA Glut Tshz2/Satb1",0.00236406619385343,0.008,0.00309517807238519,0.00692210818263112,0.288288288288288,-28.5924222094435,-0.00552109309188046,"Slit/Netrin","Dcc/Unc5a-d/Neo1"
"Ntn4","BLA Glut Tshz2/Satb1",0.0118203309692671,0.028,0.0166108282513243,0.0300299246874948,0.134615384615385,-12.2795053646117,-0.0193596638816739,"Slit/Netrin","Unc5/Neo1"
"Ntng1","BLA Glut Tshz2/Satb1",0.789598108747045,0.82,1.82828899090765,1.82469651547878,0.763265306122449,2.63328026245959,0.00518284648574153,"Slit/Netrin","Lrrc4c (NGL-1)"
"Ntng2","BLA Glut Tshz2/Satb1",0.0969267139479905,0.108,0.140896463446331,0.101579702570559,0.328125,-23.1198286052009,0.0567220959392943,"Slit/Netrin","Lrrc4 (NGL-2)"
"Cxcl12","BLA Glut Tshz2/Satb1",0.00472813238770686,0.004,0.00631696928712237,0.00330838661423387,0.0357142857142857,-3.09861533265789,0.0043404673022807,"Secreted other","Cxcr4/Ackr3"
"Reln","BLA Glut Tshz2/Satb1",0.016548463356974,0.024,0.0256523001055483,0.016639139075638,0.795454545454546,-77.8906082097571,0.0130032427205853,"Secreted other","Vldlr/Lrp8"
"Wnt5a","BLA Glut Tshz2/Satb1",0.00472813238770686,0.008,0.00587182037540558,0.0102089643774836,0.104166666666667,-9.94385342789598,-0.00625717614341923,"Secreted other","Ryk/Fzd"
"Wnt7b","BLA Glut Tshz2/Satb1",0.0212765957446809,0.024,0.0285642734649664,0.0237325671263132,0.0625,-4.12234042553191,0.00697067877380676,"Secreted other","Fzd"
"Fgf10","BLA Glut Tshz2/Satb1",0.0212765957446809,0.02,0.0311600814530049,0.0136774194800941,0.264227642276423,-24.2951046531742,0.0252221497298566,"Secreted other","Fgfr2"
"Bdnf","BLA Glut Tshz2/Satb1",0.0260047281323877,0.08,0.0368779675609533,0.0717746722548995,0.131313131313131,-10.5308403180744,-0.0503453028053228,"Secreted other","Ntrk2"
"Ntf3","BLA Glut Tshz2/Satb1",0,0.008,0,0.00644739604697185,0.0384615384615385,-3.84615384615385,-0.0093016263036134,"Secreted other","Ntrk3/Ntrk2"
"Nrg1","BLA Glut Tshz2/Satb1",0.990543735224586,0.972,3.58723836754382,3.3870414518627,1,-0.945626477541373,0.288823097454418,"Secreted other","Erbb4"
"Nrg3","BLA Glut Tshz2/Satb1",0.997635933806147,0.976,3.8933938920649,3.66208925844067,1,-0.236406619385343,0.333702047864319,"Secreted other","Erbb4"
"Cbln1","BLA Glut Tshz2/Satb1",0,0,0,0,0.0131578947368421,-1.31578947368421,0,"Secreted other","Nrxn + Grid2"
"Cbln2","BLA Glut Tshz2/Satb1",0,0.004,0,0.00668563337613721,0.0921052631578947,-9.21052631578947,-0.0096453301169549,"Secreted other","Nrxn + Grid1"
"Cbln4","BLA Glut Tshz2/Satb1",0.0425531914893617,0.028,0.0601284780568534,0.0266643704958481,0.115625,-7.30718085106383,0.0482785020260372,"Secreted other","Nrxn + Dcc/Neo1"
"C1ql2","BLA Glut Tshz2/Satb1",0,0,0,0,0.00970873786407767,-0.970873786407767,0,"Secreted other","Adgrb3"
"C1ql3","BLA Glut Tshz2/Satb1",0.120567375886525,0.36,0.17315214679659,0.418514783692254,0.853125,-73.2557624113475,-0.353983459468815,"Secreted other","Adgrb3"
"Flrt2","BLA Glut Tshz2/Satb1",0.41371158392435,0.496,0.67991681182884,0.587262985607101,0.603125,-18.941341607565,0.13367121560949,"Adhesion / synaptic organiser","Unc5/Adgrl"
"Flrt3","BLA Glut Tshz2/Satb1",0.404255319148936,0.592,0.688686176497814,0.716425106914845,0.607142857142857,-20.2887537993921,-0.0400188173522148,"Adhesion / synaptic organiser","Unc5/Adgrl"
"Tenm2","BLA Glut Tshz2/Satb1",1,0.98,4.56191642297344,4.0763347943542,1,0,0.700546207555755,"Adhesion / synaptic organiser","Adgrl1-3"
"Tenm3","BLA Glut Tshz2/Satb1",0.810874704491726,0.736,1.83280357555778,1.23321676068994,0.958333333333333,-14.7458628841608,0.865020924392234,"Adhesion / synaptic organiser","Tenm3/Adgrl"
"Tenm4","BLA Glut Tshz2/Satb1",0.777777777777778,0.908,1.67318608156564,2.12926991920231,0.955445544554455,-17.7667766776678,-0.657989890788034,"Adhesion / synaptic organiser","Adgrl"
"Lrrtm4","BLA Glut Tshz2/Satb1",0.943262411347518,0.96,2.8721095219399,3.22647552306034,1,-5.67375886524822,-0.511242072476114,"Adhesion / synaptic organiser","Nrxn/Ptprs"
"Nlgn1","BLA Glut Tshz2/Satb1",0.997635933806147,0.972,3.66544244338786,3.63387282510799,1,-0.236406619385343,0.0455453317351352,"Adhesion / synaptic organiser","Nrxn1-3"
"Cdh6","BLA Glut Tshz2/Satb1",0.288416075650118,0.316,0.47774712635724,0.360530530288357,0.475247524752475,-18.6831449102357,0.169107801858462,"Adhesion / synaptic organiser","homophilic (same cadherin/protocadherin)"
"Cdh8","BLA Glut Tshz2/Satb1",0.460992907801418,0.668,0.83824812544495,1.00811543479799,0.959375,-49.8382092198582,-0.245066724812778,"Adhesion / synaptic organiser","homophilic (same cadherin/protocadherin)"
"Cdh9","BLA Glut Tshz2/Satb1",0.049645390070922,0.288,0.0747569593819141,0.348935164791318,0.821875,-77.2229609929078,-0.395555537263982,"Adhesion / synaptic organiser","homophilic (same cadherin/protocadherin)"
"Cdh10","BLA Glut Tshz2/Satb1",0.609929078014184,0.816,1.14278026659083,1.414735063457,0.794871794871795,-18.494271685761,-0.392347836784799,"Adhesion / synaptic organiser","homophilic (same cadherin/protocadherin)"
"Cdh11","BLA Glut Tshz2/Satb1",0.278959810874705,0.476,0.444547234192945,0.558936111926651,0.7375,-45.8540189125296,-0.165028266639272,"Adhesion / synaptic organiser","homophilic (same cadherin/protocadherin)"
"Cdh12","BLA Glut Tshz2/Satb1",0.0472813238770686,0.368,0.0669776596574825,0.426644462227107,0.615384615384615,-56.8103291507547,-0.518889512439587,"Adhesion / synaptic organiser","homophilic (same cadherin/protocadherin)"
"Cdh13","BLA Glut Tshz2/Satb1",0.75177304964539,0.752,1.79006698498207,1.63418735738551,0.935828877005348,-18.4055827359958,0.224886765709175,"Adhesion / synaptic organiser","homophilic (same cadherin/protocadherin)"
"Cdh18","BLA Glut Tshz2/Satb1",0.650118203309693,0.812,1.31592437059022,1.5479891308208,0.928571428571428,-27.8453225261736,-0.334798678749748,"Adhesion / synaptic organiser","homophilic (same cadherin/protocadherin)"
"Pcdh7","BLA Glut Tshz2/Satb1",0.969267139479905,0.908,2.99610178766854,2.28707844508492,0.98125,-1.19828605200947,1.02290446021991,"Adhesion / synaptic organiser","homophilic (same cadherin/protocadherin)"
"Pcdh9","BLA Glut Tshz2/Satb1",0.971631205673759,0.992,3.10192943958742,3.24971288001052,1,-2.83687943262412,-0.213206436623912,"Adhesion / synaptic organiser","homophilic (same cadherin/protocadherin)"
"Pcdh10","BLA Glut Tshz2/Satb1",0.328605200945626,0.42,0.537292647668916,0.494508889061933,0.715625,-38.7019799054374,0.0617239163728856,"Adhesion / synaptic organiser","homophilic (same cadherin/protocadherin)"
"Pcdh17","BLA Glut Tshz2/Satb1",0.472813238770686,0.596,0.810203240093222,0.817348770961155,0.825242718446602,-35.2429479675916,-0.0103088219476855,"Adhesion / synaptic organiser","homophilic (same cadherin/protocadherin)"
"Kirrel3","BLA Glut Tshz2/Satb1",0.59338061465721,0.692,1.37970647250081,1.20937973042877,1,-40.661938534279,0.245729546118104,"Adhesion / synaptic organiser","Kirrel3 (homophilic)"
"Sdk1","BLA Glut Tshz2/Satb1",0.0780141843971631,0.112,0.124147332081646,0.124090228833266,0.948717948717949,-87.0703764320786,8.23825732562764e-05,"Adhesion / synaptic organiser","Sdk1 (homophilic)"
"Sdk2","BLA Glut Tshz2/Satb1",0.0141843971631206,0.064,0.0221583867120289,0.0489724974620377,0.666666666666667,-65.2482269503546,-0.0386845846048852,"Adhesion / synaptic organiser","Sdk2 (homophilic)"
"Cntn4","BLA Glut Tshz2/Satb1",0.957446808510638,0.936,2.88573045374537,2.87959233296055,0.95625,0.119680851063819,0.00885543641664675,"Adhesion / synaptic organiser","Ptprg/App"
"Cntn5","BLA Glut Tshz2/Satb1",0.938534278959811,0.888,2.61601326288004,2.29761731425921,1,-6.14657210401891,0.459348256114399,"Adhesion / synaptic organiser","Ptprg"
"Cntn6","BLA Glut Tshz2/Satb1",0.832151300236407,0.788,1.88965610529694,1.28689546794362,0.693877551020408,13.8273749215998,0.869599782352704,"Adhesion / synaptic organiser","Ptprg/Chl1"
"Nectin3","BLA Glut Tshz2/Satb1",0.205673758865248,0.228,0.316172145912496,0.215160604407887,0.391836734693878,-18.6162975828629,0.14572885000125,"Adhesion / synaptic organiser","Nectin1"
"Igsf21","BLA Glut Tshz2/Satb1",0.160756501182033,0.416,0.252565886114508,0.46947186823476,0.615384615384615,-45.4628114202582,-0.312929184744038,"Adhesion / synaptic organiser","Nrxn2"
"Sema3a","BLA Glut Cdh8/Tshz3",0.244897959183673,0.339449541284404,0.355386849723655,0.364247828258847,0.51875,-27.3852040816327,-0.0127836897901451,"Semaphorin","Nrp1/Plxna1-4"
"Sema3c","BLA Glut Cdh8/Tshz3",0.469387755102041,0.68348623853211,0.675652309626214,0.83119708328989,0.564102564102564,-9.47148090005233,-0.224403673600781,"Semaphorin","Nrp1-2/Plxnd1"
"Sema3d","BLA Glut Cdh8/Tshz3",0.0122448979591837,0.0321100917431193,0.0152998603612603,0.01798883828162,0.10625,-9.40051020408163,-0.00387937511076287,"Semaphorin","Nrp1/Plxnd1"
"Sema3e","BLA Glut Cdh8/Tshz3",0.0244897959183673,0.0458715596330275,0.0338260792591105,0.045245838862577,0.384375,-35.9885204081633,-0.0164752305480653,"Semaphorin","Plxnd1"
"Sema3f","BLA Glut Cdh8/Tshz3",0.0122448979591837,0.00458715596330275,0.0158695937995121,0.00387657991455241,0.036036036036036,-2.37911380768524,0.0173022616571438,"Semaphorin","Nrp2/Plxna3"
"Sema5a","BLA Glut Cdh8/Tshz3",0.0857142857142857,0.105504587155963,0.113940388119243,0.10258346252039,0.517857142857143,-43.2142857142857,0.0163845802412097,"Semaphorin","Plxna1/a3"
"Sema5b","BLA Glut Cdh8/Tshz3",0.036734693877551,0.0321100917431193,0.0476873641426534,0.0252649631549225,0.552631578947368,-51.5896885069817,0.0323486867098232,"Semaphorin","Plxna1/a3"
"Sema6a","BLA Glut Cdh8/Tshz3",0.359183673469388,0.279816513761468,0.520019025798279,0.268360285916449,0.684210526315789,-32.5026852846402,0.363066816023883,"Semaphorin","Plxna2/a4"
"Sema6d","BLA Glut Cdh8/Tshz3",0.608163265306123,0.55045871559633,1.12250003903137,0.718383238840352,0.932432432432432,-32.426916712631,0.583017303575503,"Semaphorin","Plxna1"
"Sema7a","BLA Glut Cdh8/Tshz3",0.0163265306122449,0.0458715596330275,0.0211590390457662,0.0361091138793371,0.107142857142857,-9.08163265306122,-0.0215683988233116,"Semaphorin","Plxnc1/Itgb1"
"Efna1","BLA Glut Cdh8/Tshz3",0,0.00458715596330275,0,0.00197887592496319,0.00970873786407767,-0.970873786407767,-0.00285491448347895,"Ephrin","EphA"
"Efna2","BLA Glut Cdh8/Tshz3",0.0163265306122449,0.0275229357798165,0.0216118743848791,0.0196365139215521,0.0512820512820513,-3.49555206698064,0.00284984274441004,"Ephrin","EphA"
"Efna3","BLA Glut Cdh8/Tshz3",0.0326530612244898,0.0504587155963303,0.0454034220092852,0.0360147612442755,0.0512820512820513,-1.86289900575615,0.0135449743262682,"Ephrin","EphA"
"Efna5","BLA Glut Cdh8/Tshz3",0.102040816326531,0.353211009174312,0.153741913868683,0.415573108190589,0.652482269503546,-55.0441453177015,-0.377742565598248,"Ephrin","EphA (Epha3-7)"
"Efnb1","BLA Glut Cdh8/Tshz3",0.00408163265306122,0.0275229357798165,0.00425545946932907,0.0189684122006911,0.0454545454545455,-4.13729128014842,-0.0212263039423698,"Ephrin","EphB"
"Efnb2","BLA Glut Cdh8/Tshz3",0.187755102040816,0.256880733944954,0.250859058915119,0.214395958615228,0.25,-6.22448979591836,0.0526051339780892,"Ephrin","EphB/Epha4"
"Efnb3","BLA Glut Cdh8/Tshz3",0.126530612244898,0.174311926605505,0.172766907079261,0.142598126843888,0.234375,-10.7844387755102,0.0435243496352408,"Ephrin","EphB/Epha4"
"Slit1","BLA Glut Cdh8/Tshz3",0.538775510204082,0.711009174311927,0.814857688372543,1.00569228062157,0.641025641025641,-10.2250130821559,-0.275316119867741,"Slit/Netrin","Robo1-3"
"Slit2","BLA Glut Cdh8/Tshz3",0.448979591836735,0.55045871559633,0.752277899079237,0.709891512600343,0.878125,-42.9145408163265,0.0611506295743039,"Slit/Netrin","Robo1-3"
"Slit3","BLA Glut Cdh8/Tshz3",0.96734693877551,0.94954128440367,2.80843207804928,2.63394635180855,0.991869918699187,-2.45229799236768,0.251729691953414,"Slit/Netrin","Robo1-3"
"Ntn1","BLA Glut Cdh8/Tshz3",0.0122448979591837,0.018348623853211,0.0140122195488669,0.0115128367845969,0.288288288288288,-27.6043390329105,0.00360584711929562,"Slit/Netrin","Dcc/Unc5a-d/Neo1"
"Ntn4","BLA Glut Cdh8/Tshz3",0.0285714285714286,0.018348623853211,0.0390885556883843,0.0137771207358789,0.134615384615385,-10.6043956043956,0.0365166816837631,"Slit/Netrin","Unc5/Neo1"
"Ntng1","BLA Glut Cdh8/Tshz3",0.763265306122449,0.830275229357798,1.55100490150099,1.63522927600459,0.789598108747045,-2.63328026245959,-0.121510087418312,"Slit/Netrin","Lrrc4c (NGL-1)"
"Ntng2","BLA Glut Cdh8/Tshz3",0.0897959183673469,0.188073394495413,0.124406884422782,0.154680627329563,0.328125,-23.8329081632653,-0.0436757787607605,"Slit/Netrin","Lrrc4 (NGL-2)"
"Cxcl12","BLA Glut Cdh8/Tshz3",0.0122448979591837,0.00458715596330275,0.0167672972500299,0.0047961906086405,0.0357142857142857,-2.3469387755102,0.0172706561854854,"Secreted other","Cxcr4/Ackr3"
"Reln","BLA Glut Cdh8/Tshz3",0.0571428571428571,0.073394495412844,0.0828439679002493,0.072950471820634,0.795454545454546,-73.8311688311688,0.0142732977311155,"Secreted other","Vldlr/Lrp8"
"Wnt5a","BLA Glut Cdh8/Tshz3",0.0122448979591837,0.0137614678899083,0.0150878222336457,0.0077778527205486,0.104166666666667,-9.1921768707483,0.0105460567655947,"Secreted other","Ryk/Fzd"
"Wnt7b","BLA Glut Cdh8/Tshz3",0.0285714285714286,0.0963302752293578,0.0360758978037345,0.0694850617737724,0.0625,-3.39285714285714,-0.0481992351798199,"Secreted other","Fzd"
"Fgf10","BLA Glut Cdh8/Tshz3",0.0244897959183673,0.0412844036697248,0.0296887158244891,0.0300915184019893,0.264227642276423,-23.9737846358055,-0.000581121281016813,"Secreted other","Fgfr2"
"Bdnf","BLA Glut Cdh8/Tshz3",0.0163265306122449,0.0642201834862385,0.0237151302235249,0.0495147034539049,0.131313131313131,-11.4986600700886,-0.0372209163565209,"Secreted other","Ntrk2"
"Ntf3","BLA Glut Cdh8/Tshz3",0.0244897959183673,0.0137614678899083,0.0387313778017403,0.0153715435197936,0.0384615384615385,-1.39717425431711,0.0337011170745525,"Secreted other","Ntrk3/Ntrk2"
"Nrg1","BLA Glut Cdh8/Tshz3",0.991836734693878,0.977064220183486,3.58335773025623,3.34844093727097,1,-0.816326530612232,0.338913292261381,"Secreted other","Erbb4"
"Nrg3","BLA Glut Cdh8/Tshz3",1,0.977064220183486,4.13105089036364,3.79920159739096,1,0,0.478757329294192,"Secreted other","Erbb4"
"Cbln1","BLA Glut Cdh8/Tshz3",0.00408163265306122,0,0.00608645486884369,0,0.0131578947368421,-0.907626208378088,0.00878089825587527,"Secreted other","Nrxn + Grid2"
"Cbln2","BLA Glut Cdh8/Tshz3",0.00408163265306122,0,0.00354552615576893,0,0.0921052631578947,-8.80236305048335,0.00511511300226995,"Secreted other","Nrxn + Grid1"
"Cbln4","BLA Glut Cdh8/Tshz3",0.00816326530612245,0.00917431192660551,0.00990910243013553,0.00615825553744471,0.115625,-10.7461734693878,0.00541132821121882,"Secreted other","Nrxn + Dcc/Neo1"
"C1ql2","BLA Glut Cdh8/Tshz3",0,0,0,0,0.00970873786407767,-0.970873786407767,0,"Secreted other","Adgrb3"
"C1ql3","BLA Glut Cdh8/Tshz3",0.477551020408163,0.692660550458716,0.759400000068953,0.937836890085271,0.853125,-37.5573979591837,-0.257430016338192,"Secreted other","Adgrb3"
"Flrt2","BLA Glut Cdh8/Tshz3",0.351020408163265,0.36697247706422,0.506788454960776,0.349060622518412,0.603125,-25.2104591836735,0.227553161674765,"Adhesion / synaptic organiser","Unc5/Adgrl"
"Flrt3","BLA Glut Cdh8/Tshz3",0.551020408163265,0.637614678899083,0.905882573858567,0.800460230092377,0.607142857142857,-5.61224489795917,0.152092292550374,"Adhesion / synaptic organiser","Unc5/Adgrl"
"Tenm2","BLA Glut Cdh8/Tshz3",0.975510204081633,0.967889908256881,3.14962857217048,3.12893242639576,1,-2.44897959183673,0.0298582268746951,"Adhesion / synaptic organiser","Adgrl1-3"
"Tenm3","BLA Glut Cdh8/Tshz3",0.477551020408163,0.596330275229358,0.837390391164605,0.859091832959909,0.958333333333333,-48.078231292517,-0.0313085624582257,"Adhesion / synaptic organiser","Tenm3/Adgrl"
"Tenm4","BLA Glut Cdh8/Tshz3",0.885714285714286,0.908256880733945,1.89295970985393,1.96783330968589,0.955445544554455,-6.97312588401696,-0.108019771171079,"Adhesion / synaptic organiser","Adgrl"
"Lrrtm4","BLA Glut Cdh8/Tshz3",0.910204081632653,0.981651376146789,2.99130464433965,3.60191063601282,1,-8.97959183673469,-0.880918236123967,"Adhesion / synaptic organiser","Nrxn/Ptprs"
"Nlgn1","BLA Glut Cdh8/Tshz3",1,0.986238532110092,3.74277611406577,3.69420455133806,1,0,0.0700739526754818,"Adhesion / synaptic organiser","Nrxn1-3"
"Cdh6","BLA Glut Cdh8/Tshz3",0.0938775510204082,0.105504587155963,0.12408870789456,0.0864296049145122,0.475247524752475,-38.1369973732067,0.0543306011136423,"Adhesion / synaptic organiser","homophilic (same cadherin/protocadherin)"
"Cdh8","BLA Glut Cdh8/Tshz3",0.893877551020408,0.880733944954128,2.20702421906699,1.82317026400341,0.959375,-6.54974489795919,0.553784197395845,"Adhesion / synaptic organiser","homophilic (same cadherin/protocadherin)"
"Cdh9","BLA Glut Cdh8/Tshz3",0.179591836734694,0.458715596330275,0.275790891196286,0.505169856051995,0.821875,-64.2283163265306,-0.330923895081575,"Adhesion / synaptic organiser","homophilic (same cadherin/protocadherin)"
"Cdh10","BLA Glut Cdh8/Tshz3",0.546938775510204,0.821100917431193,0.928016514597597,1.33987441295881,0.794871794871795,-24.7933019361591,-0.59418534751668,"Adhesion / synaptic organiser","homophilic (same cadherin/protocadherin)"
"Cdh11","BLA Glut Cdh8/Tshz3",0.546938775510204,0.711009174311927,0.854461298603536,0.891990446753383,0.7375,-19.0561224489796,-0.0541431159245711,"Adhesion / synaptic organiser","homophilic (same cadherin/protocadherin)"
"Cdh12","BLA Glut Cdh8/Tshz3",0.0489795918367347,0.220183486238532,0.0676133182047829,0.261104233232725,0.615384615384615,-56.6405023547881,-0.279148383567879,"Adhesion / synaptic organiser","homophilic (same cadherin/protocadherin)"
"Cdh13","BLA Glut Cdh8/Tshz3",0.485714285714286,0.504587155963303,0.922226928009358,0.740344372758688,0.935828877005348,-45.0114591291062,0.262401060484355,"Adhesion / synaptic organiser","homophilic (same cadherin/protocadherin)"
"Cdh18","BLA Glut Cdh8/Tshz3",0.738775510204082,0.844036697247706,1.64559513350958,1.81362742299028,0.928571428571428,-18.9795918367347,-0.242419350743026,"Adhesion / synaptic organiser","homophilic (same cadherin/protocadherin)"
"Pcdh7","BLA Glut Cdh8/Tshz3",0.926530612244898,0.903669724770642,2.34158984684376,1.87978988375108,0.98125,-5.4719387755102,0.666236516636516,"Adhesion / synaptic organiser","homophilic (same cadherin/protocadherin)"
"Pcdh9","BLA Glut Cdh8/Tshz3",0.877551020408163,0.958715596330275,2.31111826362207,2.60836894678493,1,-12.2448979591837,-0.428842086499929,"Adhesion / synaptic organiser","homophilic (same cadherin/protocadherin)"
"Pcdh10","BLA Glut Cdh8/Tshz3",0.440816326530612,0.545871559633028,0.694453644468106,0.622675873614763,0.715625,-27.4808673469388,0.103553434056182,"Adhesion / synaptic organiser","homophilic (same cadherin/protocadherin)"
"Pcdh17","BLA Glut Cdh8/Tshz3",0.571428571428572,0.58256880733945,0.991271507249371,0.799981294212747,0.825242718446602,-25.381414701803,0.275973441718532,"Adhesion / synaptic organiser","homophilic (same cadherin/protocadherin)"
"Kirrel3","BLA Glut Cdh8/Tshz3",0.897959183673469,0.894495412844037,2.31333689498117,2.12067669373404,1,-10.2040816326531,0.277949916915903,"Adhesion / synaptic organiser","Kirrel3 (homophilic)"
"Sdk1","BLA Glut Cdh8/Tshz3",0.330612244897959,0.325688073394495,0.63141446534526,0.429111554114721,0.948717948717949,-61.810570381999,0.291861406789699,"Adhesion / synaptic organiser","Sdk1 (homophilic)"
"Sdk2","BLA Glut Cdh8/Tshz3",0.106122448979592,0.330275229357798,0.142834094375624,0.344475537369957,0.666666666666667,-56.0544217687075,-0.290907109845619,"Adhesion / synaptic organiser","Sdk2 (homophilic)"
"Cntn4","BLA Glut Cdh8/Tshz3",0.808163265306122,0.871559633027523,2.00773525029131,2.26136081886895,0.957446808510638,-14.9283543204516,-0.365904350029606,"Adhesion / synaptic organiser","Ptprg/App"
"Cntn5","BLA Glut Cdh8/Tshz3",0.836734693877551,0.894495412844037,1.86623817609952,1.97324253235762,1,-16.3265306122449,-0.154374654127076,"Adhesion / synaptic organiser","Ptprg"
"Cntn6","BLA Glut Cdh8/Tshz3",0.693877551020408,0.715596330275229,1.34674218367043,1.12980621281237,0.832151300236407,-13.8273749215998,0.312972449347363,"Adhesion / synaptic organiser","Ptprg/Chl1"
"Nectin3","BLA Glut Cdh8/Tshz3",0.391836734693878,0.279816513761468,0.594533096125852,0.223496079032255,0.371287128712871,2.05496059810063,0.535293264547166,"Adhesion / synaptic organiser","Nectin1"
"Igsf21","BLA Glut Cdh8/Tshz3",0.481632653061225,0.619266055045872,0.735615960294949,0.790713660386775,0.615384615384615,-13.3751962323391,-0.0794891786868648,"Adhesion / synaptic organiser","Nrxn2"
"Sema3a","BLA Glut Fgf10/Nrp1",0.304878048780488,0.201149425287356,0.470927112584457,0.170601379352363,0.51875,-21.3871951219512,0.433278445985284,"Semaphorin","Nrp1/Plxna1-4"
"Sema3c","BLA Glut Fgf10/Nrp1",0.455284552845528,0.78735632183908,0.698272240624325,0.917719982468301,0.564102564102564,-10.8818011257036,-0.316596168892585,"Semaphorin","Nrp1-2/Plxnd1"
"Sema3d","BLA Glut Fgf10/Nrp1",0.0894308943089431,0.0632183908045977,0.114589331516967,0.0548914001644258,0.10625,-1.68191056910569,0.0861259095136417,"Semaphorin","Nrp1/Plxnd1"
"Sema3e","BLA Glut Fgf10/Nrp1",0.0365853658536585,0.0459770114942529,0.0434443734742659,0.0416537690686105,0.384375,-34.7789634146341,0.00258329609623303,"Semaphorin","Plxnd1"
"Sema3f","BLA Glut Fgf10/Nrp1",0.0203252032520325,0.00574712643678161,0.0282768333069236,0.00283806706106226,0.036036036036036,-1.57108327840035,0.0367003819092377,"Semaphorin","Nrp2/Plxna3"
"Sema5a","BLA Glut Fgf10/Nrp1",0.451219512195122,0.408045977011494,0.797091307722203,0.488697870855018,0.517857142857143,-6.66376306620208,0.444917682010991,"Semaphorin","Plxna1/a3"
"Sema5b","BLA Glut Fgf10/Nrp1",0.0487804878048781,0.0459770114942529,0.06475069448072,0.0579324661547075,0.552631578947368,-50.385109114249,0.00983662419358681,"Semaphorin","Plxna1/a3"
"Sema6a","BLA Glut Fgf10/Nrp1",0.134146341463415,0.0747126436781609,0.208287969647947,0.0616036692693432,0.684210526315789,-55.0064184852375,0.211620712732478,"Semaphorin","Plxna2/a4"
"Sema6d","BLA Glut Fgf10/Nrp1",0.650406504065041,0.597701149425287,1.25681225591299,0.882341141285867,0.932432432432432,-28.2025928367392,0.540247620028711,"Semaphorin","Plxna1"
"Sema7a","BLA Glut Fgf10/Nrp1",0.0284552845528455,0.0459770114942529,0.036619689141805,0.0386111483583572,0.107142857142857,-7.86875725900116,-0.00287306833585259,"Semaphorin","Plxnc1/Itgb1"
"Efna1","BLA Glut Fgf10/Nrp1",0,0,0,0,0.00970873786407767,-0.970873786407767,0,"Ephrin","EphA"
"Efna2","BLA Glut Fgf10/Nrp1",0,0.0402298850574713,0,0.0254333516946128,0.0512820512820513,-5.12820512820513,-0.0366925703630027,"Ephrin","EphA"
"Efna3","BLA Glut Fgf10/Nrp1",0.032520325203252,0.0459770114942529,0.0371260117338196,0.0260110579065237,0.0512820512820513,-1.87617260787992,0.0160354887663496,"Ephrin","EphA"
"Efna5","BLA Glut Fgf10/Nrp1",0.150406504065041,0.333333333333333,0.252936653915487,0.441512604244971,0.652482269503546,-50.2075765438505,-0.27205758837127,"Ephrin","EphA (Epha3-7)"
"Efnb1","BLA Glut Fgf10/Nrp1",0.0284552845528455,0.0459770114942529,0.0329660216647377,0.0354168534234896,0.0454545454545455,-1.69992609016999,-0.00353580282440454,"Ephrin","EphB"
"Efnb2","BLA Glut Fgf10/Nrp1",0.0772357723577236,0.160919540229885,0.106738634919899,0.124072439800714,0.25,-17.2764227642276,-0.0250073943412886,"Ephrin","EphB/Epha4"
"Efnb3","BLA Glut Fgf10/Nrp1",0.178861788617886,0.258620689655172,0.217564864973327,0.224362967689406,0.234375,-5.55132113821138,-0.00980758907594037,"Ephrin","EphB/Epha4"
"Slit1","BLA Glut Fgf10/Nrp1",0.59349593495935,0.758620689655172,0.921159778529328,1.06609893671364,0.641025641025641,-4.75297060662914,-0.209103004743131,"Slit/Netrin","Robo1-3"
"Slit2","BLA Glut Fgf10/Nrp1",0.74390243902439,0.609195402298851,1.46628064076172,0.774513699126337,0.878125,-13.422256097561,0.998008736148291,"Slit/Netrin","Robo1-3"
"Slit3","BLA Glut Fgf10/Nrp1",0.991869918699187,0.971264367816092,2.93349770257812,2.79350082845593,0.990291262135922,0.157865656326484,0.201972796036047,"Slit/Netrin","Robo1-3"
"Ntn1","BLA Glut Fgf10/Nrp1",0.016260162601626,0.0517241379310345,0.0241670444480156,0.0430462132844735,0.288288288288288,-27.2028125686662,-0.0272368832564633,"Slit/Netrin","Dcc/Unc5a-d/Neo1"
"Ntn4","BLA Glut Fgf10/Nrp1",0,0,0,0,0.134615384615385,-13.4615384615385,0,"Slit/Netrin","Unc5/Neo1"
"Ntng1","BLA Glut Fgf10/Nrp1",0.207317073170732,0.339080459770115,0.2977321023903,0.326496784885643,0.789598108747045,-58.2281035576313,-0.0414986647887773,"Slit/Netrin","Lrrc4c (NGL-1)"
"Ntng2","BLA Glut Fgf10/Nrp1",0.308943089430894,0.425287356321839,0.425467040484987,0.429575472722817,0.328125,-1.91819105691057,-0.00592721481534573,"Slit/Netrin","Lrrc4 (NGL-2)"
"Cxcl12","BLA Glut Fgf10/Nrp1",0.00813008130081301,0.0344827586206897,0.00937845210798415,0.0249328884069923,0.0357142857142857,-2.75842044134727,-0.0224403081124023,"Secreted other","Cxcr4/Ackr3"
"Reln","BLA Glut Fgf10/Nrp1",0.0975609756097561,0.0977011494252873,0.142663768791824,0.0957164616455959,0.795454545454546,-69.7893569844789,0.0677306472029542,"Secreted other","Vldlr/Lrp8"
"Wnt5a","BLA Glut Fgf10/Nrp1",0.00813008130081301,0.0114942528735632,0.00743026597413502,0.00786042367050423,0.104166666666667,-9.60365853658536,-0.000620586375352079,"Secreted other","Ryk/Fzd"
"Wnt7b","BLA Glut Fgf10/Nrp1",0.0487804878048781,0.0804597701149425,0.0637642121755923,0.0654183118536713,0.0625,-1.3719512195122,-0.00238636140270053,"Secreted other","Fzd"
"Fgf10","BLA Glut Fgf10/Nrp1",0.264227642276423,0.28735632183908,0.358980615831998,0.263770036446813,0.179487179487179,8.47404627892433,0.137359830719171,"Secreted other","Fgfr2"
"Bdnf","BLA Glut Fgf10/Nrp1",0.105691056910569,0.114942528735632,0.141013300712128,0.0882612078468095,0.131313131313131,-2.56220744025622,0.0761051827733092,"Secreted other","Ntrk2"
"Ntf3","BLA Glut Fgf10/Nrp1",0.032520325203252,0.0919540229885057,0.037697846298,0.0539587031683383,0.0384615384615385,-0.594121325828643,-0.0234594575674423,"Secreted other","Ntrk3/Ntrk2"
"Nrg1","BLA Glut Fgf10/Nrp1",0.991869918699187,0.994252873563218,3.28193986352277,2.88983584295448,1,-0.813008130081294,0.565686525986508,"Secreted other","Erbb4"
"Nrg3","BLA Glut Fgf10/Nrp1",0.995934959349594,1,3.92708046264479,3.68933597561605,1,-0.406504065040636,0.342992792435059,"Secreted other","Erbb4"
"Cbln1","BLA Glut Fgf10/Nrp1",0,0,0,0,0.0131578947368421,-1.31578947368421,0,"Secreted other","Nrxn + Grid2"
"Cbln2","BLA Glut Fgf10/Nrp1",0,0.0172413793103448,0,0.0202193573085626,0.0921052631578947,-9.21052631578947,-0.0291703665190253,"Secreted other","Nrxn + Grid1"
"Cbln4","BLA Glut Fgf10/Nrp1",0.0650406504065041,0.120689655172414,0.0784280241202559,0.0912084810802245,0.115625,-5.05843495934959,-0.0184383018764415,"Secreted other","Nrxn + Dcc/Neo1"
"C1ql2","BLA Glut Fgf10/Nrp1",0,0,0,0,0.00970873786407767,-0.970873786407767,0,"Secreted other","Adgrb3"
"C1ql3","BLA Glut Fgf10/Nrp1",0.642276422764228,0.833333333333333,1.05276991961793,1.19033240374792,0.853125,-21.0848577235772,-0.198460713666693,"Secreted other","Adgrb3"
"Flrt2","BLA Glut Fgf10/Nrp1",0.40650406504065,0.367816091954023,0.641448133935498,0.350161922029763,0.603125,-19.662093495935,0.420237173395736,"Adhesion / synaptic organiser","Unc5/Adgrl"
"Flrt3","BLA Glut Fgf10/Nrp1",0.495934959349594,0.718390804597701,0.780155848272124,0.920732945970534,0.607142857142857,-11.1207897793264,-0.20280988171206,"Adhesion / synaptic organiser","Unc5/Adgrl"
"Tenm2","BLA Glut Fgf10/Nrp1",0.959349593495935,0.908045977011494,2.91832113410854,2.37480453428963,1,-4.06504065040649,0.784128703199562,"Adhesion / synaptic organiser","Adgrl1-3"
"Tenm3","BLA Glut Fgf10/Nrp1",0.288617886178862,0.431034482758621,0.452777608689245,0.526824324886111,0.958333333333333,-66.9715447154472,-0.106826830251331,"Adhesion / synaptic organiser","Tenm3/Adgrl"
"Tenm4","BLA Glut Fgf10/Nrp1",0.800813008130081,0.971264367816092,1.63604501930625,2.07513350247828,0.955445544554455,-15.4632536424374,-0.63347077718374,"Adhesion / synaptic organiser","Adgrl"
"Lrrtm4","BLA Glut Fgf10/Nrp1",0.971544715447155,1,3.54850725470609,3.8366205065748,1,-2.84552845528454,-0.415659559685383,"Adhesion / synaptic organiser","Nrxn/Ptprs"
"Nlgn1","BLA Glut Fgf10/Nrp1",1,0.994252873563218,3.60178028273132,3.60940718747002,1,0,-0.0110032976438455,"Adhesion / synaptic organiser","Nrxn1-3"
"Cdh6","BLA Glut Fgf10/Nrp1",0.0853658536585366,0.0804597701149425,0.137502222297501,0.0879558087734718,0.475247524752475,-38.9881671093939,0.0714803650849514,"Adhesion / synaptic organiser","homophilic (same cadherin/protocadherin)"
"Cdh8","BLA Glut Fgf10/Nrp1",0.626016260162602,0.637931034482759,1.27626309628333,0.951946977959742,0.959375,-33.3358739837398,0.467889255585805,"Adhesion / synaptic organiser","homophilic (same cadherin/protocadherin)"
"Cdh9","BLA Glut Fgf10/Nrp1",0.280487804878049,0.637931034482759,0.39181017372651,0.808100934076913,0.821875,-54.1387195121951,-0.600580615525423,"Adhesion / synaptic organiser","homophilic (same cadherin/protocadherin)"
"Cdh10","BLA Glut Fgf10/Nrp1",0.166666666666667,0.505747126436782,0.23387246788445,0.581529246673084,0.794871794871795,-62.8205128205128,-0.501562710689793,"Adhesion / synaptic organiser","homophilic (same cadherin/protocadherin)"
"Cdh11","BLA Glut Fgf10/Nrp1",0.459349593495935,0.551724137931034,0.681872515799606,0.580039467853662,0.7375,-27.8150406504065,0.146914033270222,"Adhesion / synaptic organiser","homophilic (same cadherin/protocadherin)"
"Cdh12","BLA Glut Fgf10/Nrp1",0.25609756097561,0.419540229885057,0.377993660404906,0.43537941612945,0.615384615384615,-35.9287054409006,-0.0827901452014652,"Adhesion / synaptic organiser","homophilic (same cadherin/protocadherin)"
"Cdh13","BLA Glut Fgf10/Nrp1",0.626016260162602,0.626436781609195,1.26939426338921,0.939509794887113,0.935828877005348,-30.9812616842746,0.475922686774272,"Adhesion / synaptic organiser","homophilic (same cadherin/protocadherin)"
"Cdh18","BLA Glut Fgf10/Nrp1",0.195121951219512,0.540229885057471,0.284162723020929,0.619484512474932,0.928571428571428,-73.3449477351916,-0.483767082747303,"Adhesion / synaptic organiser","homophilic (same cadherin/protocadherin)"
"Pcdh7","BLA Glut Fgf10/Nrp1",0.967479674796748,0.971264367816092,2.83119786672821,2.36883398682092,0.98125,-1.37703252032519,0.667050076628426,"Adhesion / synaptic organiser","homophilic (same cadherin/protocadherin)"
"Pcdh9","BLA Glut Fgf10/Nrp1",0.995934959349594,0.994252873563218,4.00898137669459,3.61253021088032,1,-0.406504065040636,0.571958130874904,"Adhesion / synaptic organiser","homophilic (same cadherin/protocadherin)"
"Pcdh10","BLA Glut Fgf10/Nrp1",0.447154471544715,0.568965517241379,0.70615108389813,0.654616333766615,0.715625,-26.8470528455285,0.0743489284481884,"Adhesion / synaptic organiser","homophilic (same cadherin/protocadherin)"
"Pcdh17","BLA Glut Fgf10/Nrp1",0.451219512195122,0.522988505747126,0.699973364182018,0.636668559820967,0.825242718446602,-37.402320625148,0.0913295273161332,"Adhesion / synaptic organiser","homophilic (same cadherin/protocadherin)"
"Kirrel3","BLA Glut Fgf10/Nrp1",0.626016260162602,0.885057471264368,1.37505610494324,2.00608587488456,1,-37.3983739837398,-0.91038351974765,"Adhesion / synaptic organiser","Kirrel3 (homophilic)"
"Sdk1","BLA Glut Fgf10/Nrp1",0.101626016260163,0.183908045977011,0.148807360156053,0.165235197452343,0.948717948717949,-84.7091932457786,-0.0237003593998879,"Adhesion / synaptic organiser","Sdk1 (homophilic)"
"Sdk2","BLA Glut Fgf10/Nrp1",0.101626016260163,0.385057471264368,0.147289035905787,0.360820748882898,0.666666666666667,-56.5040650406504,-0.308061143384604,"Adhesion / synaptic organiser","Sdk2 (homophilic)"
"Cntn4","BLA Glut Fgf10/Nrp1",0.792682926829268,0.82183908045977,1.8116189102662,1.90842912419946,0.957446808510638,-16.476388168137,-0.139667615548916,"Adhesion / synaptic organiser","Ptprg/App"
"Cntn5","BLA Glut Fgf10/Nrp1",0.951219512195122,0.873563218390805,3.00379953222189,2.21980187760932,1,-4.8780487804878,1.13106952837814,"Adhesion / synaptic organiser","Ptprg"
"Cntn6","BLA Glut Fgf10/Nrp1",0.313008130081301,0.235632183908046,0.444012561559801,0.237872428523929,0.832151300236407,-51.9143170155106,0.297397347659044,"Adhesion / synaptic organiser","Ptprg/Chl1"
"Nectin3","BLA Glut Fgf10/Nrp1",0.199186991869919,0.149425287356322,0.27315854795728,0.105362027345022,0.391836734693878,-19.2649742823959,0.242079208165727,"Adhesion / synaptic organiser","Nectin1"
"Igsf21","BLA Glut Fgf10/Nrp1",0.235772357723577,0.431034482758621,0.361009651841743,0.484199165362521,0.615384615384615,-37.9612257661038,-0.17772490024595,"Adhesion / synaptic organiser","Nrxn2"
"Sema3a","BLA Glut Otof/Trhr",0.363636363636364,0.411255411255411,0.572066554711747,0.411877416623298,0.51875,-15.5113636363636,0.231104075124483,"Semaphorin","Nrp1/Plxna1-4"
"Sema3c","BLA Glut Otof/Trhr",0.491978609625668,0.701298701298701,0.766910099035594,0.8176075237501,0.564102564102564,-7.21239544768957,-0.0731409232214605,"Semaphorin","Nrp1-2/Plxnd1"
"Sema3d","BLA Glut Otof/Trhr",0.0641711229946524,0.051948051948052,0.0811191611650983,0.0434637205956018,0.10625,-4.20788770053476,0.0543253173721018,"Semaphorin","Nrp1/Plxnd1"
"Sema3e","BLA Glut Otof/Trhr",0.0053475935828877,0.0346320346320346,0.00600568833449889,0.0243635889664082,0.384375,-37.9027406417112,-0.0264848522027879,"Semaphorin","Plxnd1"
"Sema3f","BLA Glut Otof/Trhr",0.0213903743315508,0,0.0261642581951021,0,0.036036036036036,-1.46456617044852,0.0377470455466123,"Semaphorin","Nrp2/Plxna3"
"Sema5a","BLA Glut Otof/Trhr",0.272727272727273,0.346320346320346,0.429268001387787,0.360754597364181,0.517857142857143,-24.512987012987,0.0988439482192782,"Semaphorin","Plxna1/a3"
"Sema5b","BLA Glut Otof/Trhr",0.0213903743315508,0.0432900432900433,0.0286235161534787,0.0296908352203232,0.552631578947368,-53.1241204615818,-0.00153981592478289,"Semaphorin","Plxna1/a3"
"Sema6a","BLA Glut Otof/Trhr",0.155080213903743,0.164502164502165,0.209376410837825,0.143317541164336,0.684210526315789,-52.9130312412046,0.0953028036846731,"Semaphorin","Plxna2/a4"
"Sema6d","BLA Glut Otof/Trhr",0.449197860962567,0.354978354978355,0.754531151358841,0.420128009074528,0.932432432432432,-48.3234571469866,0.482441755031265,"Semaphorin","Plxna1"
"Sema7a","BLA Glut Otof/Trhr",0.0053475935828877,0.0173160173160173,0.00817397922060813,0.0109123115185338,0.107142857142857,-10.1795263559969,-0.00395057842652345,"Semaphorin","Plxnc1/Itgb1"
"Efna1","BLA Glut Otof/Trhr",0.0053475935828877,0.00432900432900433,0.00920239091520048,0.00373006988477185,0.00970873786407767,-0.436114428118997,0.00789489041275177,"Ephrin","EphA"
"Efna2","BLA Glut Otof/Trhr",0.0106951871657754,0.0346320346320346,0.0145678554813273,0.0275757562916299,0.0512820512820513,-4.05868641162759,-0.0187664339913991,"Ephrin","EphA"
"Efna3","BLA Glut Otof/Trhr",0.0160427807486631,0.0562770562770563,0.0214493123504349,0.0416800019723382,0.0512820512820513,-3.52392705333882,-0.0291867155912837,"Ephrin","EphA"
"Efna5","BLA Glut Otof/Trhr",0.0695187165775401,0.112554112554113,0.10173697381865,0.111267724878692,0.652482269503546,-58.2963552926006,-0.0137499672902708,"Ephrin","EphA (Epha3-7)"
"Efnb1","BLA Glut Otof/Trhr",0.0053475935828877,0.0606060606060606,0.00580109819904816,0.039036332043322,0.0454545454545455,-4.01069518716578,-0.0479483070499189,"Ephrin","EphB"
"Efnb2","BLA Glut Otof/Trhr",0.112299465240642,0.168831168831169,0.159337739337274,0.136456564172628,0.25,-13.7700534759358,0.0330105579397472,"Ephrin","EphB/Epha4"
"Efnb3","BLA Glut Otof/Trhr",0.160427807486631,0.294372294372294,0.218731082094408,0.233088433194868,0.234375,-7.3947192513369,-0.0207132792329363,"Ephrin","EphB/Epha4"
"Slit1","BLA Glut Otof/Trhr",0.390374331550802,0.74025974025974,0.587345268723959,0.927444488774645,0.641025641025641,-25.0651309474839,-0.490659458177328,"Slit/Netrin","Robo1-3"
"Slit2","BLA Glut Otof/Trhr",0.540106951871658,0.476190476190476,0.919915286044765,0.562502899503601,0.878125,-33.8018048128342,0.515637077615227,"Slit/Netrin","Robo1-3"
"Slit3","BLA Glut Otof/Trhr",0.983957219251337,0.974025974025974,2.95576467415387,2.66159660836838,0.991869918699187,-0.791269944785022,0.424394809696632,"Slit/Netrin","Robo1-3"
"Ntn1","BLA Glut Otof/Trhr",0.0106951871657754,0.025974025974026,0.0125168375792898,0.018946133593605,0.288288288288288,-27.7593101122513,-0.0092755134762598,"Slit/Netrin","Dcc/Unc5a-d/Neo1"
"Ntn4","BLA Glut Otof/Trhr",0.0053475935828877,0.012987012987013,0.00600568833449889,0.0113729785967381,0.134615384615385,-12.9267791032497,-0.00774336304434419,"Slit/Netrin","Unc5/Neo1"
"Ntng1","BLA Glut Otof/Trhr",0.320855614973262,0.528138528138528,0.549303876145875,0.722090041138082,0.789598108747045,-46.8742493773783,-0.24927774336848,"Slit/Netrin","Lrrc4c (NGL-1)"
"Ntng2","BLA Glut Otof/Trhr",0.304812834224599,0.324675324675325,0.463822989019765,0.296859422022254,0.328125,-2.33121657754011,0.240877510116442,"Slit/Netrin","Lrrc4 (NGL-2)"
"Cxcl12","BLA Glut Otof/Trhr",0.0213903743315508,0.00432900432900433,0.0229761126884592,0.00212066849817744,0.0357142857142857,-1.43239113827349,0.0300880459088561,"Secreted other","Cxcr4/Ackr3"
"Reln","BLA Glut Otof/Trhr",0.112299465240642,0.134199134199134,0.17858915490993,0.144201544932367,0.795454545454546,-68.3155080213904,0.0496108343826538,"Secreted other","Vldlr/Lrp8"
"Wnt5a","BLA Glut Otof/Trhr",0.0106951871657754,0,0.0158401775120084,0,0.104166666666667,-9.34714795008913,0.0228525455433755,"Secreted other","Ryk/Fzd"
"Wnt7b","BLA Glut Otof/Trhr",0.0588235294117647,0.0865800865800866,0.0850393825791409,0.0716543145983366,0.0625,-0.367647058823529,0.019310571197868,"Secreted other","Fzd"
"Fgf10","BLA Glut Otof/Trhr",0.0748663101604278,0.134199134199134,0.10241356548853,0.116828205148104,0.264227642276423,-18.9361332115995,-0.0207959291530677,"Secreted other","Fgfr2"
"Bdnf","BLA Glut Otof/Trhr",0.0962566844919786,0.0432900432900433,0.129408135593744,0.0390072655763268,0.131313131313131,-3.50564468211527,0.130420886866175,"Secreted other","Ntrk2"
"Ntf3","BLA Glut Otof/Trhr",0.0213903743315508,0.16017316017316,0.0339312889063288,0.152380443851891,0.0384615384615385,-1.70711641299877,-0.170886008437451,"Secreted other","Ntrk3/Ntrk2"
"Nrg1","BLA Glut Otof/Trhr",1,0.995670995670996,3.9061038179807,3.59176298319053,1,-1.11022302462516e-14,0.453497963500675,"Secreted other","Erbb4"
"Nrg3","BLA Glut Otof/Trhr",1,0.991341991341991,3.94665058310348,3.63190986383868,1,-1.11022302462516e-14,0.454074874849154,"Secreted other","Erbb4"
"Cbln1","BLA Glut Otof/Trhr",0,0,0,0,0.0131578947368421,-1.31578947368421,0,"Secreted other","Nrxn + Grid2"
"Cbln2","BLA Glut Otof/Trhr",0,0.00432900432900433,0,0.00192149795198864,0.0921052631578947,-9.21052631578947,-0.00277213556641232,"Secreted other","Nrxn + Grid1"
"Cbln4","BLA Glut Otof/Trhr",0.0213903743315508,0.0216450216450216,0.033499714904792,0.0170792109271099,0.115625,-9.42346256684492,0.0236897796574994,"Secreted other","Nrxn + Dcc/Neo1"
"C1ql2","BLA Glut Otof/Trhr",0,0,0,0,0.00970873786407767,-0.970873786407767,0,"Secreted other","Adgrb3"
"C1ql3","BLA Glut Otof/Trhr",0.406417112299465,0.666666666666667,0.623947942311948,0.797481326110929,0.853125,-44.6707887700535,-0.250355752235472,"Secreted other","Adgrb3"
"Flrt2","BLA Glut Otof/Trhr",0.304812834224599,0.363636363636364,0.434795534858784,0.329114129081554,0.603125,-29.8312165775401,0.152466040028983,"Adhesion / synaptic organiser","Unc5/Adgrl"
"Flrt3","BLA Glut Otof/Trhr",0.486631016042781,0.683982683982684,0.780747600144945,0.826698678953141,0.607142857142857,-12.0511841100076,-0.0662933935200825,"Adhesion / synaptic organiser","Unc5/Adgrl"
"Tenm2","BLA Glut Otof/Trhr",0.989304812834225,0.987012987012987,3.68148225027465,3.7458548103036,1,-1.06951871657754,-0.0928699731230932,"Adhesion / synaptic organiser","Adgrl1-3"
"Tenm3","BLA Glut Otof/Trhr",0.427807486631016,0.519480519480519,0.772367521460736,0.720626633838258,0.958333333333333,-53.0525846702317,0.0746463219841428,"Adhesion / synaptic organiser","Tenm3/Adgrl"
"Tenm4","BLA Glut Otof/Trhr",0.919786096256684,0.956709956709957,2.07704001576271,2.1443973662499,0.955445544554455,-3.5659448297771,-0.097176115515295,"Adhesion / synaptic organiser","Adgrl"
"Lrrtm4","BLA Glut Otof/Trhr",0.941176470588235,0.995670995670996,2.79362167110979,3.57984739023941,1,-5.88235294117647,-1.13428394600767,"Adhesion / synaptic organiser","Nrxn/Ptprs"
"Nlgn1","BLA Glut Otof/Trhr",1,1,3.68161253134017,3.77408127491654,1,-1.11022302462516e-14,-0.133404197794855,"Adhesion / synaptic organiser","Nrxn1-3"
"Cdh6","BLA Glut Otof/Trhr",0.0855614973262032,0.112554112554113,0.125043065337055,0.0899397006410359,0.475247524752475,-38.9686027426272,0.050643450165464,"Adhesion / synaptic organiser","homophilic (same cadherin/protocadherin)"
"Cdh8","BLA Glut Otof/Trhr",0.443850267379679,0.61038961038961,0.759534657136376,0.778243768613501,0.959375,-51.5524732620321,-0.026991542347487,"Adhesion / synaptic organiser","homophilic (same cadherin/protocadherin)"
"Cdh9","BLA Glut Otof/Trhr",0.267379679144385,0.714285714285714,0.395285245013827,0.926579393623575,0.821875,-55.4495320855615,-0.766495433452607,"Adhesion / synaptic organiser","homophilic (same cadherin/protocadherin)"
"Cdh10","BLA Glut Otof/Trhr",0.331550802139037,0.753246753246753,0.547056627219283,1.00731134930066,0.794871794871795,-46.3320992732757,-0.664007205092526,"Adhesion / synaptic organiser","homophilic (same cadherin/protocadherin)"
"Cdh11","BLA Glut Otof/Trhr",0.304812834224599,0.372294372294372,0.447802601734105,0.36981919070876,0.7375,-43.2687165775401,0.112506280357871,"Adhesion / synaptic organiser","homophilic (same cadherin/protocadherin)"
"Cdh12","BLA Glut Otof/Trhr",0.165775401069519,0.337662337662338,0.263308378768431,0.391517766766927,0.615384615384615,-44.9609214315097,-0.184967048260839,"Adhesion / synaptic organiser","homophilic (same cadherin/protocadherin)"
"Cdh13","BLA Glut Otof/Trhr",0.935828877005348,0.978354978354978,2.60720373684471,2.70548549953511,0.90990990990991,2.59189670954376,-0.141790611643255,"Adhesion / synaptic organiser","homophilic (same cadherin/protocadherin)"
"Cdh18","BLA Glut Otof/Trhr",0.422459893048128,0.701298701298701,0.728730490036894,1.12227911730142,0.928571428571428,-50.61115355233,-0.567770652903187,"Adhesion / synaptic organiser","homophilic (same cadherin/protocadherin)"
"Pcdh7","BLA Glut Otof/Trhr",0.93048128342246,0.965367965367965,2.44366951201703,2.21307610436273,0.98125,-5.07687165775402,0.332675965684551,"Adhesion / synaptic organiser","homophilic (same cadherin/protocadherin)"
"Pcdh9","BLA Glut Otof/Trhr",1,1,3.92673952348541,3.92575509515229,1,-1.11022302462516e-14,0.00142022987430339,"Adhesion / synaptic organiser","homophilic (same cadherin/protocadherin)"
"Pcdh10","BLA Glut Otof/Trhr",0.422459893048128,0.493506493506494,0.624259451235162,0.488444306671429,0.715625,-29.3165106951872,0.195939835539714,"Adhesion / synaptic organiser","homophilic (same cadherin/protocadherin)"
"Pcdh17","BLA Glut Otof/Trhr",0.550802139037433,0.649350649350649,0.997021397834092,0.843836587532872,0.825242718446602,-27.4440579409169,0.220998966161086,"Adhesion / synaptic organiser","homophilic (same cadherin/protocadherin)"
"Kirrel3","BLA Glut Otof/Trhr",0.679144385026738,0.852813852813853,1.5693116808043,1.75758810235604,1,-32.0855614973262,-0.27162545968902,"Adhesion / synaptic organiser","Kirrel3 (homophilic)"
"Sdk1","BLA Glut Otof/Trhr",0.0427807486631016,0.0692640692640693,0.0756307292987508,0.0610944194185371,0.948717948717949,-90.5937200054847,0.0209714621770096,"Adhesion / synaptic organiser","Sdk1 (homophilic)"
"Sdk2","BLA Glut Otof/Trhr",0.0641711229946524,0.207792207792208,0.0897103632231308,0.185441916963682,0.666666666666667,-60.2495543672014,-0.138111437838088,"Adhesion / synaptic organiser","Sdk2 (homophilic)"
"Cntn4","BLA Glut Otof/Trhr",0.754010695187166,0.904761904761905,1.94226940214779,2.48225322586227,0.957446808510638,-20.3436113323473,-0.779031984633134,"Adhesion / synaptic organiser","Ptprg/App"
"Cntn5","BLA Glut Otof/Trhr",0.989304812834225,0.974025974025974,3.07356424756351,2.65602538137799,1,-1.06951871657754,0.602381251624254,"Adhesion / synaptic organiser","Ptprg"
"Cntn6","BLA Glut Otof/Trhr",0.593582887700535,0.670995670995671,1.15211485003353,0.911849949546368,0.832151300236407,-23.8568412535872,0.346628980432504,"Adhesion / synaptic organiser","Ptprg/Chl1"
"Nectin3","BLA Glut Otof/Trhr",0.144385026737968,0.19047619047619,0.19656419597937,0.153856433430031,0.391836734693878,-24.745170795591,0.0616142772373948,"Adhesion / synaptic organiser","Nectin1"
"Igsf21","BLA Glut Otof/Trhr",0.101604278074866,0.264069264069264,0.136992567046062,0.236883543517431,0.615384615384615,-51.3780337309749,-0.1441122163848,"Adhesion / synaptic organiser","Nrxn2"
"Sema3a","BLA Glut Vgll3/Prr16",0.0303030303030303,0.0738255033557047,0.039299014773301,0.0596872317826402,0.51875,-48.844696969697,-0.0294139795719417,"Semaphorin","Nrp1/Plxna1-4"
"Sema3c","BLA Glut Vgll3/Prr16",0.522727272727273,0.590604026845638,0.922798224548918,0.729758647184079,0.564102564102564,-4.13752913752914,0.278497240959554,"Semaphorin","Nrp1-2/Plxnd1"
"Sema3d","BLA Glut Vgll3/Prr16",0.0757575757575758,0.0604026845637584,0.0973912488541786,0.057113795992471,0.10625,-3.04924242424243,0.0581080815032246,"Semaphorin","Nrp1/Plxnd1"
"Sema3e","BLA Glut Vgll3/Prr16",0,0.0335570469798658,0,0.0269488524703793,0.384375,-38.4375,-0.0388789758166645,"Semaphorin","Plxnd1"
"Sema3f","BLA Glut Vgll3/Prr16",0.0227272727272727,0.0134228187919463,0.027376140792168,0.00713760284498,0.036036036036036,-1.33087633087633,0.0291980383312513,"Semaphorin","Nrp2/Plxna3"
"Sema5a","BLA Glut Vgll3/Prr16",0.227272727272727,0.187919463087248,0.334066066135445,0.214976418933157,0.517857142857143,-29.0584415584416,0.171810043439958,"Semaphorin","Plxna1/a3"
"Sema5b","BLA Glut Vgll3/Prr16",0.0454545454545455,0.0268456375838926,0.0741738470620237,0.0284208522104892,0.552631578947368,-50.7177033492823,0.0660076187781271,"Semaphorin","Plxna1/a3"
"Sema6a","BLA Glut Vgll3/Prr16",0.25,0.167785234899329,0.454120945914289,0.184911685735566,0.684210526315789,-43.4210526315789,0.388386864621231,"Semaphorin","Plxna2/a4"
"Sema6d","BLA Glut Vgll3/Prr16",0.204545454545455,0.161073825503356,0.318001106276215,0.200165708071463,0.932432432432432,-72.7886977886978,0.170000544631172,"Semaphorin","Plxna1"
"Sema7a","BLA Glut Vgll3/Prr16",0,0.0134228187919463,0,0.00856512809062615,0.107142857142857,-10.7142857142857,-0.0123568678209251,"Semaphorin","Plxnc1/Itgb1"
"Efna1","BLA Glut Vgll3/Prr16",0.00757575757575758,0,0.0103933213548207,0,0.00970873786407767,-0.213298028832009,0.0149943931769652,"Ephrin","EphA"
"Efna2","BLA Glut Vgll3/Prr16",0.00757575757575758,0.0268456375838926,0.00779100291995074,0.0213729601181014,0.0512820512820513,-4.37062937062937,-0.019594622295338,"Ephrin","EphA"
"Efna3","BLA Glut Vgll3/Prr16",0.00757575757575758,0.0738255033557047,0.00887463918907717,0.0666262420590819,0.0512820512820513,-4.37062937062937,-0.0833179510639447,"Ephrin","EphA"
"Efna5","BLA Glut Vgll3/Prr16",0.0606060606060606,0.295302013422819,0.10419183618672,0.337491869931568,0.652482269503546,-59.1876208897485,-0.33658080172292,"Ephrin","EphA (Epha3-7)"
"Efnb1","BLA Glut Vgll3/Prr16",0.0151515151515152,0.0268456375838926,0.0137022915001297,0.020204852283057,0.0454545454545455,-3.03030303030303,-0.00938121219460835,"Ephrin","EphB"
"Efnb2","BLA Glut Vgll3/Prr16",0.0909090909090909,0.114093959731544,0.141320242367125,0.103525912482849,0.25,-15.9090909090909,0.0545256922977659,"Ephrin","EphB/Epha4"
"Efnb3","BLA Glut Vgll3/Prr16",0.174242424242424,0.348993288590604,0.256995569286489,0.414215099617065,0.234375,-6.01325757575757,-0.226819836738814,"Ephrin","EphB/Epha4"
"Slit1","BLA Glut Vgll3/Prr16",0.424242424242424,0.805369127516778,0.688901235577534,1.25832407204046,0.641025641025641,-21.6783216783217,-0.821503502333996,"Slit/Netrin","Robo1-3"
"Slit2","BLA Glut Vgll3/Prr16",0.659090909090909,0.563758389261745,1.30671821041146,0.766210146674544,0.878125,-21.9034090909091,0.779788303113742,"Slit/Netrin","Robo1-3"
"Slit3","BLA Glut Vgll3/Prr16",0.962121212121212,0.966442953020134,2.7446230272384,2.67453711327688,0.991869918699187,-2.97487065779749,0.101112600508456,"Slit/Netrin","Robo1-3"
"Ntn1","BLA Glut Vgll3/Prr16",0.0303030303030303,0.00671140939597315,0.0441284464361989,0.0093899654040073,0.288288288288288,-25.7985257985258,0.0501170343131581,"Slit/Netrin","Dcc/Unc5a-d/Neo1"
"Ntn4","BLA Glut Vgll3/Prr16",0.0303030303030303,0.00671140939597315,0.048990570491973,0.0039530074955216,0.134615384615385,-10.4312354312354,0.0649754687887047,"Slit/Netrin","Unc5/Neo1"
"Ntng1","BLA Glut Vgll3/Prr16",0.174242424242424,0.335570469798658,0.275412400839351,0.448729186038454,0.789598108747045,-61.5355684504621,-0.250043266509564,"Slit/Netrin","Lrrc4c (NGL-1)"
"Ntng2","BLA Glut Vgll3/Prr16",0.189393939393939,0.275167785234899,0.281997362749908,0.292426973006908,0.328125,-13.8731060606061,-0.015046746996179,"Slit/Netrin","Lrrc4 (NGL-2)"
"Cxcl12","BLA Glut Vgll3/Prr16",0.00757575757575758,0.00671140939597315,0.010970785779032,0.00233688882830252,0.0357142857142857,-2.81385281385281,0.0124560803143637,"Secreted other","Cxcr4/Ackr3"
"Reln","BLA Glut Vgll3/Prr16",0.0454545454545455,0.0671140939597315,0.086399416062766,0.0791822140027136,0.795454545454546,-75,0.0104122216211313,"Secreted other","Vldlr/Lrp8"
"Wnt5a","BLA Glut Vgll3/Prr16",0.00757575757575758,0,0.0104586894271024,0,0.104166666666667,-9.65909090909091,0.0150886993706785,"Secreted other","Ryk/Fzd"
"Wnt7b","BLA Glut Vgll3/Prr16",0.00757575757575758,0.0469798657718121,0.013042432911155,0.0394477562785218,0.0625,-5.49242424242424,-0.0380948290751695,"Secreted other","Fzd"
"Fgf10","BLA Glut Vgll3/Prr16",0.00757575757575758,0.0134228187919463,0.0130395759142092,0.0121765499380479,0.264227642276423,-25.6651884700665,0.00124508329596628,"Secreted other","Fgfr2"
"Bdnf","BLA Glut Vgll3/Prr16",0.053030303030303,0.100671140939597,0.0748510609779573,0.127556374687221,0.131313131313131,-7.82828282828283,-0.0760376947168515,"Secreted other","Ntrk2"
"Ntf3","BLA Glut Vgll3/Prr16",0,0,0,0,0.0384615384615385,-3.84615384615385,0,"Secreted other","Ntrk3/Ntrk2"
"Nrg1","BLA Glut Vgll3/Prr16",1,0.979865771812081,3.60773784729366,3.26481283544186,1,0,0.494736213995383,"Secreted other","Erbb4"
"Nrg3","BLA Glut Vgll3/Prr16",1,1,3.90541157454729,3.72322583333964,1,0,0.262838465360952,"Secreted other","Erbb4"
"Cbln1","BLA Glut Vgll3/Prr16",0,0,0,0,0.0131578947368421,-1.31578947368421,0,"Secreted other","Nrxn + Grid2"
"Cbln2","BLA Glut Vgll3/Prr16",0.00757575757575758,0,0.0146823154096012,0,0.0921052631578947,-8.45295055821371,0.0211821036301993,"Secreted other","Nrxn + Grid1"
"Cbln4","BLA Glut Vgll3/Prr16",0.0227272727272727,0.0201342281879195,0.0285724107576679,0.0152903074865156,0.115625,-9.28977272727273,0.0191620245218664,"Secreted other","Nrxn + Dcc/Neo1"
"C1ql2","BLA Glut Vgll3/Prr16",0,0,0,0,0.00970873786407767,-0.970873786407767,0,"Secreted other","Adgrb3"
"C1ql3","BLA Glut Vgll3/Prr16",0.537878787878788,0.852348993288591,0.96612284316169,1.52654808103244,0.853125,-31.5246212121212,-0.808522711465153,"Secreted other","Adgrb3"
"Flrt2","BLA Glut Vgll3/Prr16",0.446969696969697,0.375838926174497,0.745798342702008,0.458767869712592,0.603125,-15.6155303030303,0.414097439965844,"Adhesion / synaptic organiser","Unc5/Adgrl"
"Flrt3","BLA Glut Vgll3/Prr16",0.553030303030303,0.758389261744966,0.968024577886713,1.14048583263005,0.607142857142857,-5.4112554112554,-0.248808996963699,"Adhesion / synaptic organiser","Unc5/Adgrl"
"Tenm2","BLA Glut Vgll3/Prr16",1,0.993288590604027,4.15348209823342,4.12418781334861,1,0,0.0422627195297079,"Adhesion / synaptic organiser","Adgrl1-3"
"Tenm3","BLA Glut Vgll3/Prr16",0.409090909090909,0.536912751677852,0.699704743785417,0.820992629198785,0.958333333333333,-54.9242424242424,-0.174981430805775,"Adhesion / synaptic organiser","Tenm3/Adgrl"
"Tenm4","BLA Glut Vgll3/Prr16",0.568181818181818,0.899328859060403,1.11197036465759,1.68093291729311,0.955445544554455,-38.7263726372637,-0.820839453138794,"Adhesion / synaptic organiser","Adgrl"
"Lrrtm4","BLA Glut Vgll3/Prr16",0.96969696969697,0.986577181208054,3.43840371701597,3.51634638960322,1,-3.03030303030303,-0.112447507215251,"Adhesion / synaptic organiser","Nrxn/Ptprs"
"Nlgn1","BLA Glut Vgll3/Prr16",1,0.993288590604027,3.79819104892378,3.76901808498651,1,0,0.0420876904003435,"Adhesion / synaptic organiser","Nrxn1-3"
"Cdh6","BLA Glut Vgll3/Prr16",0.0606060606060606,0.0402684563758389,0.0837491084632455,0.0557452616650734,0.475247524752475,-41.4641464146415,0.0404010109015371,"Adhesion / synaptic organiser","homophilic (same cadherin/protocadherin)"
"Cdh8","BLA Glut Vgll3/Prr16",0.257575757575758,0.335570469798658,0.4124024464629,0.390826664826333,0.959375,-70.1799242424242,0.031127273170379,"Adhesion / synaptic organiser","homophilic (same cadherin/protocadherin)"
"Cdh9","BLA Glut Vgll3/Prr16",0.25,0.604026845637584,0.403849926189812,0.809226311681833,0.821875,-57.1875,-0.584834501042832,"Adhesion / synaptic organiser","homophilic (same cadherin/protocadherin)"
"Cdh10","BLA Glut Vgll3/Prr16",0.21969696969697,0.530201342281879,0.362956789800639,0.645254626558493,0.794871794871795,-57.5174825174825,-0.407269689144238,"Adhesion / synaptic organiser","homophilic (same cadherin/protocadherin)"
"Cdh11","BLA Glut Vgll3/Prr16",0.227272727272727,0.342281879194631,0.351877670866462,0.38990564683947,0.7375,-51.0227272727273,-0.0548627723513033,"Adhesion / synaptic organiser","homophilic (same cadherin/protocadherin)"
"Cdh12","BLA Glut Vgll3/Prr16",0.0151515151515152,0.0604026845637584,0.0240425017709833,0.059153048275217,0.615384615384615,-60.02331002331,-0.0506538113245594,"Adhesion / synaptic organiser","homophilic (same cadherin/protocadherin)"
"Cdh13","BLA Glut Vgll3/Prr16",0.893939393939394,0.885906040268456,2.33922213142859,1.85180543754536,0.935828877005348,-4.18894830659536,0.703193647111834,"Adhesion / synaptic organiser","homophilic (same cadherin/protocadherin)"
"Cdh18","BLA Glut Vgll3/Prr16",0.454545454545455,0.711409395973154,0.791416890206081,1.16623986059443,0.928571428571428,-47.4025974025974,-0.540755240590544,"Adhesion / synaptic organiser","homophilic (same cadherin/protocadherin)"
"Pcdh7","BLA Glut Vgll3/Prr16",0.931818181818182,0.912751677852349,2.44385375508981,1.99420361607486,0.98125,-4.94318181818182,0.648708025691909,"Adhesion / synaptic organiser","homophilic (same cadherin/protocadherin)"
"Pcdh9","BLA Glut Vgll3/Prr16",0.977272727272727,0.993288590604027,3.52637514101796,3.21586380540406,1,-2.27272727272727,0.447973164029988,"Adhesion / synaptic organiser","homophilic (same cadherin/protocadherin)"
"Pcdh10","BLA Glut Vgll3/Prr16",0.431818181818182,0.550335570469799,0.682658966275664,0.711114230924622,0.715625,-28.3806818181818,-0.0410522691962349,"Adhesion / synaptic organiser","homophilic (same cadherin/protocadherin)"
"Pcdh17","BLA Glut Vgll3/Prr16",0.621212121212121,0.704697986577181,1.13588660864807,0.995487644885289,0.825242718446602,-20.4030597234481,0.202552888766509,"Adhesion / synaptic organiser","homophilic (same cadherin/protocadherin)"
"Kirrel3","BLA Glut Vgll3/Prr16",0.772727272727273,0.738255033557047,1.74125458298677,1.59511703432244,1,-22.7272727272727,0.210831916745701,"Adhesion / synaptic organiser","Kirrel3 (homophilic)"
"Sdk1","BLA Glut Vgll3/Prr16",0.0833333333333333,0.0939597315436242,0.137039104494422,0.109141514278058,0.948717948717949,-86.5384615384615,0.0402477150579012,"Adhesion / synaptic organiser","Sdk1 (homophilic)"
"Sdk2","BLA Glut Vgll3/Prr16",0.204545454545455,0.550335570469799,0.310236598635909,0.694962149984437,0.666666666666667,-46.2121212121212,-0.555041645033793,"Adhesion / synaptic organiser","Sdk2 (homophilic)"
"Cntn4","BLA Glut Vgll3/Prr16",0.931818181818182,0.973154362416107,2.83477915693818,3.00197015056626,0.957446808510638,-2.56286266924564,-0.241205617388531,"Adhesion / synaptic organiser","Ptprg/App"
"Cntn5","BLA Glut Vgll3/Prr16",0.96969696969697,0.906040268456376,2.85887154975447,2.27855180205313,1,-3.03030303030303,0.837224422138647,"Adhesion / synaptic organiser","Ptprg"
"Cntn6","BLA Glut Vgll3/Prr16",0.681818181818182,0.718120805369127,1.36773352801902,1.03615128702198,0.832151300236407,-15.0333118418225,0.478372054733285,"Adhesion / synaptic organiser","Ptprg/Chl1"
"Nectin3","BLA Glut Vgll3/Prr16",0.189393939393939,0.174496644295302,0.274477640668128,0.155301920133867,0.391836734693878,-20.2442795299938,0.171934221009147,"Adhesion / synaptic organiser","Nectin1"
"Igsf21","BLA Glut Vgll3/Prr16",0.143939393939394,0.275167785234899,0.209664860405842,0.295315456749096,0.615384615384615,-47.1445221445221,-0.123567690593595,"Adhesion / synaptic organiser","Nrxn2"
"Sema3a","BMA Glut Slc17a6/Zfp804b",0.127946127946128,0.113432835820896,0.198748001786437,0.120985202160247,0.51875,-39.0803872053872,0.112188005386346,"Semaphorin","Nrp1/Plxna1-4"
"Sema3c","BMA Glut Slc17a6/Zfp804b",0.558922558922559,0.614925373134328,0.934348537698135,0.811216589136855,0.564102564102564,-0.518000518000516,0.177641851564354,"Semaphorin","Nrp1-2/Plxnd1"
"Sema3d","BMA Glut Slc17a6/Zfp804b",0.0235690235690236,0.026865671641791,0.0353293767145374,0.0269246916374212,0.10625,-8.26809764309764,0.012125397480989,"Semaphorin","Nrp1/Plxnd1"
"Sema3e","BMA Glut Slc17a6/Zfp804b",0.101010101010101,0.0865671641791045,0.15941255471831,0.0932475430118255,0.384375,-28.3364898989899,0.0954559342693047,"Semaphorin","Plxnd1"
"Sema3f","BMA Glut Slc17a6/Zfp804b",0.0134680134680135,0.00895522388059702,0.017049008823208,0.0104311616625933,0.036036036036036,-2.25680225680226,0.00954753527997998,"Semaphorin","Nrp2/Plxna3"
"Sema5a","BMA Glut Slc17a6/Zfp804b",0.427609427609428,0.555223880597015,0.732165392547359,0.820513047862167,0.517857142857143,-9.02477152477152,-0.127458724196842,"Semaphorin","Plxna1/a3"
"Sema5b","BMA Glut Slc17a6/Zfp804b",0.0303030303030303,0.0507462686567164,0.0435039020088636,0.0531821671244253,0.552631578947368,-52.2328548644338,-0.0139627850866295,"Semaphorin","Plxna1/a3"
"Sema6a","BMA Glut Slc17a6/Zfp804b",0.276094276094276,0.202985074626866,0.469767447434621,0.251257076261935,0.684210526315789,-40.8116250221513,0.315243828873641,"Semaphorin","Plxna2/a4"
"Sema6d","BMA Glut Slc17a6/Zfp804b",0.552188552188552,0.680597014925373,1.17072606967842,1.29944181603979,0.932432432432432,-38.024388024388,-0.185697568959869,"Semaphorin","Plxna1"
"Sema7a","BMA Glut Slc17a6/Zfp804b",0.0168350168350168,0.0298507462686567,0.0242891042433641,0.0304815095522633,0.107142857142857,-9.03078403078403,-0.00893375243032324,"Semaphorin","Plxnc1/Itgb1"
"Efna1","BMA Glut Slc17a6/Zfp804b",0.00336700336700337,0.00298507462686567,0.00334621243590862,0.00321899520310699,0.00970873786407767,-0.63417344970743,0.000183535670878527,"Ephrin","EphA"
"Efna2","BMA Glut Slc17a6/Zfp804b",0.0101010101010101,0.0149253731343284,0.0135283758115981,0.0141643830635079,0.0512820512820513,-4.11810411810412,-0.000917564508299711,"Ephrin","EphA"
"Efna3","BMA Glut Slc17a6/Zfp804b",0.0202020202020202,0.0388059701492537,0.029011945919951,0.0390203271356041,0.0512820512820513,-3.10800310800311,-0.0144390419471489,"Ephrin","EphA"
"Efna5","BMA Glut Slc17a6/Zfp804b",0.37037037037037,0.462686567164179,0.690525824497937,0.685485053763086,0.652482269503546,-28.2111899133176,0.00727229494142709,"Ephrin","EphA (Epha3-7)"
"Efnb1","BMA Glut Slc17a6/Zfp804b",0.0168350168350168,0.0328358208955224,0.023202540027517,0.0360099705634441,0.0454545454545455,-2.86195286195286,-0.018477216520712,"Ephrin","EphB"
"Efnb2","BMA Glut Slc17a6/Zfp804b",0.0942760942760943,0.119402985074627,0.136143286892024,0.119384398541757,0.25,-15.5723905723906,0.024177965113742,"Ephrin","EphB/Epha4"
"Efnb3","BMA Glut Slc17a6/Zfp804b",0.164983164983165,0.143283582089552,0.258289159100418,0.141107542909342,0.234375,-6.9391835016835,0.169057336562219,"Ephrin","EphB/Epha4"
"Slit1","BMA Glut Slc17a6/Zfp804b",0.336700336700337,0.543283582089552,0.554996771223807,0.711029073625444,0.641025641025641,-30.4325304325304,-0.225107028893329,"Slit/Netrin","Robo1-3"
"Slit2","BMA Glut Slc17a6/Zfp804b",0.693602693602694,0.516417910447761,1.50397942373633,0.779516979246063,0.878125,-18.4522306397307,1.0451783759764,"Slit/Netrin","Robo1-3"
"Slit3","BMA Glut Slc17a6/Zfp804b",0.895622895622896,0.925373134328358,2.28767170294106,2.03237838831204,0.991869918699187,-9.62470230762915,0.368310398987393,"Slit/Netrin","Robo1-3"
"Ntn1","BMA Glut Slc17a6/Zfp804b",0.0202020202020202,0.0149253731343284,0.0317987536734029,0.0120240430960642,0.288288288288288,-26.8086268086268,0.0285288768849412,"Slit/Netrin","Dcc/Unc5a-d/Neo1"
"Ntn4","BMA Glut Slc17a6/Zfp804b",0.0168350168350168,0.00597014925373134,0.0246909236510399,0.00772160006238383,0.134615384615385,-11.7780367780368,0.0244815589885943,"Slit/Netrin","Unc5/Neo1"
"Ntng1","BMA Glut Slc17a6/Zfp804b",0.734006734006734,0.844776119402985,1.69227039163854,1.85069730247069,0.789598108747045,-5.5591374740311,-0.228561718600888,"Slit/Netrin","Lrrc4c (NGL-1)"
"Ntng2","BMA Glut Slc17a6/Zfp804b",0.0976430976430976,0.0567164179104478,0.147602119498645,0.0622017102449401,0.328125,-23.0481902356902,0.123206746920207,"Slit/Netrin","Lrrc4 (NGL-2)"
"Cxcl12","BMA Glut Slc17a6/Zfp804b",0.00336700336700337,0.00298507462686567,0.00406465476029188,0.00336501411877089,0.0357142857142857,-3.23472823472823,0.0010093680839267,"Secreted other","Cxcr4/Ackr3"
"Reln","BMA Glut Slc17a6/Zfp804b",0.0740740740740741,0.0626865671641791,0.120489154168578,0.0760549353718521,0.795454545454546,-72.1380471380471,0.064105027103812,"Secreted other","Vldlr/Lrp8"
"Wnt5a","BMA Glut Slc17a6/Zfp804b",0.00336700336700337,0.0119402985074627,0.00303415133231772,0.0091947219375432,0.104166666666667,-10.0799663299663,-0.00888782466120512,"Secreted other","Ryk/Fzd"
"Wnt7b","BMA Glut Slc17a6/Zfp804b",0.0269360269360269,0.0238805970149254,0.0361477974883437,0.0234043156420702,0.0625,-3.55639730639731,0.0183849580632774,"Secreted other","Fzd"
"Fgf10","BMA Glut Slc17a6/Zfp804b",0.0202020202020202,0.0208955223880597,0.0324269275560205,0.0219243159601507,0.264227642276423,-24.4025622074403,0.0151520656657443,"Secreted other","Fgfr2"
"Bdnf","BMA Glut Slc17a6/Zfp804b",0.131313131313131,0.116417910447761,0.202552216802934,0.126961587967277,0.128205128205128,0.31080031080031,0.109054225358881,"Secreted other","Ntrk2"
"Ntf3","BMA Glut Slc17a6/Zfp804b",0.0168350168350168,0.0149253731343284,0.0251693648507222,0.0148554667678469,0.0384615384615385,-2.16265216265216,0.0148798096163984,"Secreted other","Ntrk3/Ntrk2"
"Nrg1","BMA Glut Slc17a6/Zfp804b",0.956228956228956,0.964179104477612,3.02450630765174,2.87747062946871,1,-4.37710437710438,0.212127643748405,"Secreted other","Erbb4"
"Nrg3","BMA Glut Slc17a6/Zfp804b",0.996632996632997,0.994029850746269,3.87227957341121,3.70765267720909,1,-0.336700336700346,0.237506406747729,"Secreted other","Erbb4"
"Cbln1","BMA Glut Slc17a6/Zfp804b",0,0,0,0,0.0131578947368421,-1.31578947368421,0,"Secreted other","Nrxn + Grid2"
"Cbln2","BMA Glut Slc17a6/Zfp804b",0.00673400673400673,0,0.00929698773174712,0,0.0921052631578947,-8.5371256423888,0.0134127180957971,"Secreted other","Nrxn + Grid1"
"Cbln4","BMA Glut Slc17a6/Zfp804b",0.0134680134680135,0.0119402985074627,0.0192767495491704,0.0115879666763141,0.115625,-10.2156986531987,0.0110925689211418,"Secreted other","Nrxn + Dcc/Neo1"
"C1ql2","BMA Glut Slc17a6/Zfp804b",0,0,0,0,0.00970873786407767,-0.970873786407767,0,"Secreted other","Adgrb3"
"C1ql3","BMA Glut Slc17a6/Zfp804b",0.164983164983165,0.286567164179104,0.254913565939135,0.349767000699612,0.853125,-68.8141835016835,-0.136844579940225,"Secreted other","Adgrb3"
"Flrt2","BMA Glut Slc17a6/Zfp804b",0.303030303030303,0.274626865671642,0.475539088213124,0.318366196149646,0.603125,-30.0094696969697,0.226752551942157,"Adhesion / synaptic organiser","Unc5/Adgrl"
"Flrt3","BMA Glut Slc17a6/Zfp804b",0.582491582491583,0.576119402985075,1.0401817526991,0.815925676484347,0.607142857142857,-2.46512746512746,0.323533129044239,"Adhesion / synaptic organiser","Unc5/Adgrl"
"Tenm2","BMA Glut Slc17a6/Zfp804b",0.851851851851852,0.955223880597015,2.32305413223815,2.67886218596112,1,-14.8148148148148,-0.513322514614482,"Adhesion / synaptic organiser","Adgrl1-3"
"Tenm3","BMA Glut Slc17a6/Zfp804b",0.656565656565657,0.773134328358209,1.4507260745258,1.44534181668985,0.958333333333333,-30.1767676767677,0.00776784207878649,"Adhesion / synaptic organiser","Tenm3/Adgrl"
"Tenm4","BMA Glut Slc17a6/Zfp804b",0.804713804713805,0.916417910447761,1.75478956343368,1.94313747398499,0.955445544554455,-15.0731739840651,-0.271728596514176,"Adhesion / synaptic organiser","Adgrl"
"Lrrtm4","BMA Glut Slc17a6/Zfp804b",0.929292929292929,0.973134328358209,3.02933748267621,3.11431416497859,1,-7.07070707070707,-0.122595438148852,"Adhesion / synaptic organiser","Nrxn/Ptprs"
"Nlgn1","BMA Glut Slc17a6/Zfp804b",1,0.997014925373134,3.72867995805705,3.63554015236161,1,0,0.134372335786172,"Adhesion / synaptic organiser","Nrxn1-3"
"Cdh6","BMA Glut Slc17a6/Zfp804b",0.178451178451178,0.149253731343284,0.304985719095894,0.190596807920965,0.475247524752475,-29.6796346301297,0.165028314884758,"Adhesion / synaptic organiser","homophilic (same cadherin/protocadherin)"
"Cdh8","BMA Glut Slc17a6/Zfp804b",0.494949494949495,0.567164179104478,0.89946433215631,0.829207721550852,0.959375,-46.4425505050505,0.101358863710161,"Adhesion / synaptic organiser","homophilic (same cadherin/protocadherin)"
"Cdh9","BMA Glut Slc17a6/Zfp804b",0.191919191919192,0.229850746268657,0.30471158643092,0.244995070909493,0.821875,-62.9955808080808,0.0861527208019327,"Adhesion / synaptic organiser","homophilic (same cadherin/protocadherin)"
"Cdh10","BMA Glut Slc17a6/Zfp804b",0.491582491582492,0.605970149253731,0.932503672826187,0.907144453698844,0.794871794871795,-30.3289303289303,0.0365856196758339,"Adhesion / synaptic organiser","homophilic (same cadherin/protocadherin)"
"Cdh11","BMA Glut Slc17a6/Zfp804b",0.410774410774411,0.417910447761194,0.695175590341246,0.551849454039596,0.7375,-32.6725589225589,0.206775906072166,"Adhesion / synaptic organiser","homophilic (same cadherin/protocadherin)"
"Cdh12","BMA Glut Slc17a6/Zfp804b",0.262626262626263,0.244776119402985,0.485449921874406,0.354527765693622,0.615384615384615,-35.2758352758353,0.188880745464507,"Adhesion / synaptic organiser","homophilic (same cadherin/protocadherin)"
"Cdh13","BMA Glut Slc17a6/Zfp804b",0.882154882154882,0.91044776119403,2.14451887396382,2.15430956651507,0.935828877005348,-5.36739948504654,-0.014124983590565,"Adhesion / synaptic organiser","homophilic (same cadherin/protocadherin)"
"Cdh18","BMA Glut Slc17a6/Zfp804b",0.579124579124579,0.659701492537313,1.32721900628393,1.27478112586197,0.928571428571428,-34.9446849446849,0.0756518700394787,"Adhesion / synaptic organiser","homophilic (same cadherin/protocadherin)"
"Pcdh7","BMA Glut Slc17a6/Zfp804b",0.95959595959596,0.952238805970149,3.0625880383638,2.4666907811253,0.98125,-2.16540404040405,0.859698017897316,"Adhesion / synaptic organiser","homophilic (same cadherin/protocadherin)"
"Pcdh9","BMA Glut Slc17a6/Zfp804b",0.932659932659933,0.967164179104478,3.33892489203464,3.00994380784875,1,-6.73400673400674,0.474619378701254,"Adhesion / synaptic organiser","homophilic (same cadherin/protocadherin)"
"Pcdh10","BMA Glut Slc17a6/Zfp804b",0.420875420875421,0.301492537313433,0.697612875669176,0.342956092304882,0.715625,-29.4749579124579,0.511661582577298,"Adhesion / synaptic organiser","homophilic (same cadherin/protocadherin)"
"Pcdh17","BMA Glut Slc17a6/Zfp804b",0.249158249158249,0.256716417910448,0.411577857771505,0.339113883499297,0.825242718446602,-57.6084469288353,0.104543416325619,"Adhesion / synaptic organiser","homophilic (same cadherin/protocadherin)"
"Kirrel3","BMA Glut Slc17a6/Zfp804b",0.898989898989899,0.93134328358209,2.96577790554555,2.50319508921671,1,-10.1010101010101,0.667365935118056,"Adhesion / synaptic organiser","Kirrel3 (homophilic)"
"Sdk1","BMA Glut Slc17a6/Zfp804b",0.491582491582492,0.444776119402985,1.03106967745249,0.736644194362488,0.948717948717949,-45.7135457135457,0.424766184365279,"Adhesion / synaptic organiser","Sdk1 (homophilic)"
"Sdk2","BMA Glut Slc17a6/Zfp804b",0.306397306397306,0.283582089552239,0.528110721142832,0.339465466991392,0.666666666666667,-36.026936026936,0.272157572651521,"Adhesion / synaptic organiser","Sdk2 (homophilic)"
"Cntn4","BMA Glut Slc17a6/Zfp804b",0.592592592592593,0.758208955223881,1.32509740612823,1.5468595196137,0.957446808510638,-36.4854215918046,-0.319935101382531,"Adhesion / synaptic organiser","Ptprg/App"
"Cntn5","BMA Glut Slc17a6/Zfp804b",0.922558922558922,0.916417910447761,2.82135774379282,2.530122185227,1,-7.74410774410775,0.420164096073432,"Adhesion / synaptic organiser","Ptprg"
"Cntn6","BMA Glut Slc17a6/Zfp804b",0.444444444444444,0.483582089552239,0.838822389914647,0.683680330854599,0.832151300236407,-38.7706855791962,0.223822679239235,"Adhesion / synaptic organiser","Ptprg/Chl1"
"Nectin3","BMA Glut Slc17a6/Zfp804b",0.161616161616162,0.161194029850746,0.234957597721197,0.170677460287377,0.391836734693878,-23.0220573077716,0.092736635503433,"Adhesion / synaptic organiser","Nectin1"
"Igsf21","BMA Glut Slc17a6/Zfp804b",0.111111111111111,0.143283582089552,0.163677492299569,0.153715122600809,0.615384615384615,-50.4273504273504,0.0143726613599034,"Adhesion / synaptic organiser","Nrxn2"
"Sema3a","PA/BMAp Glut Esr1/Reln",0.174757281553398,0.277777777777778,0.280683176781907,0.289891414403354,0.51875,-34.3992718446602,-0.0132846787517888,"Semaphorin","Nrp1/Plxna1-4"
"Sema3c","PA/BMAp Glut Esr1/Reln",0.45631067961165,0.62962962962963,0.740200682524112,0.687082493153404,0.564102564102564,-10.7791884490914,0.076633348386121,"Semaphorin","Nrp1-2/Plxnd1"
"Sema3d","PA/BMAp Glut Esr1/Reln",0.00970873786407767,0.037037037037037,0.0106031198051243,0.0428935979972909,0.10625,-9.65412621359224,-0.046585312755772,"Semaphorin","Nrp1/Plxnd1"
"Sema3e","PA/BMAp Glut Esr1/Reln",0,0,0,0,0.384375,-38.4375,0,"Semaphorin","Plxnd1"
"Sema3f","PA/BMAp Glut Esr1/Reln",0.0194174757281553,0.00925925925925926,0.0198953080466298,0.0112236531473036,0.036036036036036,-1.66185603078807,0.0125105535195585,"Semaphorin","Nrp2/Plxna3"
"Sema5a","PA/BMAp Glut Esr1/Reln",0.029126213592233,0.0648148148148148,0.0279760553662526,0.0482818097280847,0.517857142857143,-48.873092926491,-0.0292950111193247,"Semaphorin","Plxna1/a3"
"Sema5b","PA/BMAp Glut Esr1/Reln",0.0194174757281553,0.0185185185185185,0.026433452966233,0.0149934419630878,0.552631578947368,-53.3214103219213,0.0165044471419528,"Semaphorin","Plxna1/a3"
"Sema6a","PA/BMAp Glut Esr1/Reln",0.514563106796116,0.416666666666667,0.857261648742402,0.396044372035246,0.684210526315789,-16.9647419519673,0.665395877877728,"Semaphorin","Plxna2/a4"
"Sema6d","PA/BMAp Glut Esr1/Reln",0.679611650485437,0.546296296296296,1.35307445076751,0.674936838281924,0.932432432432432,-25.2820781946996,0.978345770573237,"Semaphorin","Plxna1"
"Sema7a","PA/BMAp Glut Esr1/Reln",0,0.0185185185185185,0,0.0171566851001425,0.107142857142857,-10.7142857142857,-0.0247518645120692,"Semaphorin","Plxnc1/Itgb1"
"Efna1","PA/BMAp Glut Esr1/Reln",0.00970873786407767,0,0.0188062958126734,0,0.00900900900900901,0.069972885506866,0.0271317497064348,"Ephrin","EphA"
"Efna2","PA/BMAp Glut Esr1/Reln",0.0194174757281553,0.00925925925925926,0.0211700828361209,0.00722934875872004,0.0512820512820513,-3.18645755538959,0.020112227919818,"Ephrin","EphA"
"Efna3","PA/BMAp Glut Esr1/Reln",0.0388349514563107,0.0648148148148148,0.048318128083987,0.049623740246578,0.0512820512820513,-1.24470998257406,-0.00188360019229431,"Ephrin","EphA"
"Efna5","PA/BMAp Glut Esr1/Reln",0.281553398058252,0.518518518518518,0.415153556516319,0.613018228297235,0.652482269503546,-37.0928871445294,-0.28545838074545,"Ephrin","EphA (Epha3-7)"
"Efnb1","PA/BMAp Glut Esr1/Reln",0.0194174757281553,0.037037037037037,0.027188400265281,0.0249840725751381,0.0454545454545455,-2.60370697263901,0.00318017262706337,"Ephrin","EphB"
"Efnb2","PA/BMAp Glut Esr1/Reln",0.106796116504854,0.25,0.175864492996164,0.203428669821958,0.25,-14.3203883495146,-0.0397667012127596,"Ephrin","EphB/Epha4"
"Efnb3","PA/BMAp Glut Esr1/Reln",0.194174757281553,0.25,0.273039169290991,0.221468557750027,0.234375,-4.02002427184466,0.0744006655257586,"Ephrin","EphB/Epha4"
"Slit1","PA/BMAp Glut Esr1/Reln",0.339805825242718,0.777777777777778,0.50653538960599,1.22164316077407,0.641025641025641,-30.1219815782923,-1.03168243516535,"Slit/Netrin","Robo1-3"
"Slit2","PA/BMAp Glut Esr1/Reln",0.728155339805825,0.583333333333333,1.42683927985733,0.731271101880196,0.878125,-14.9969660194175,1.00349276096779,"Slit/Netrin","Robo1-3"
"Slit3","PA/BMAp Glut Esr1/Reln",0.990291262135922,0.962962962962963,2.89753597231722,2.77295878349826,0.991869918699187,-0.157865656326484,0.179726892517003,"Slit/Netrin","Robo1-3"
"Ntn1","PA/BMAp Glut Esr1/Reln",0.0485436893203883,0.111111111111111,0.0623723748690705,0.0855279085917383,0.288288288288288,-23.97445989679,-0.03340637367083,"Slit/Netrin","Dcc/Unc5a-d/Neo1"
"Ntn4","PA/BMAp Glut Esr1/Reln",0,0,0,0,0.134615384615385,-13.4615384615385,0,"Slit/Netrin","Unc5/Neo1"
"Ntng1","PA/BMAp Glut Esr1/Reln",0.116504854368932,0.222222222222222,0.164922357925242,0.261145254790131,0.789598108747045,-67.3093254378113,-0.138820296126946,"Slit/Netrin","Lrrc4c (NGL-1)"
"Ntng2","PA/BMAp Glut Esr1/Reln",0.174757281553398,0.231481481481481,0.248751802583503,0.219775064824537,0.328125,-15.3367718446602,0.0418045958659997,"Slit/Netrin","Lrrc4 (NGL-2)"
"Cxcl12","PA/BMAp Glut Esr1/Reln",0.0194174757281553,0.0648148148148148,0.029841508143287,0.0539510936972143,0.0357142857142857,-1.62968099861304,-0.0347827795165391,"Secreted other","Cxcr4/Ackr3"
"Reln","PA/BMAp Glut Esr1/Reln",0.368932038834951,0.509259259259259,0.60473700814086,0.755510459551565,0.795454545454546,-42.6522506619594,-0.217520110647937,"Secreted other","Vldlr/Lrp8"
"Wnt5a","PA/BMAp Glut Esr1/Reln",0.0194174757281553,0.037037037037037,0.0271538668824156,0.0241173413385372,0.104166666666667,-8.47491909385113,0.00438078034368597,"Secreted other","Ryk/Fzd"
"Wnt7b","PA/BMAp Glut Esr1/Reln",0,0.037037037037037,0,0.0227874865792404,0.0625,-6.25,-0.0328753938821939,"Secreted other","Fzd"
"Fgf10","PA/BMAp Glut Esr1/Reln",0.00970873786407767,0.0185185185185185,0.0115185766303592,0.0187587032560509,0.264227642276423,-25.4518904412345,-0.0104452947782935,"Secreted other","Fgfr2"
"Bdnf","PA/BMAp Glut Esr1/Reln",0.0679611650485437,0.12962962962963,0.116644094489689,0.143011336636003,0.131313131313131,-6.33519662645876,-0.0380398894864049,"Secreted other","Ntrk2"
"Ntf3","PA/BMAp Glut Esr1/Reln",0.029126213592233,0.0740740740740741,0.0423988720660935,0.0616728911853581,0.0384615384615385,-0.933532486930546,-0.0278065318013621,"Secreted other","Ntrk3/Ntrk2"
"Nrg1","PA/BMAp Glut Esr1/Reln",1,1,3.77775802472665,3.5496914610449,1,-1.11022302462516e-14,0.329030500416249,"Secreted other","Erbb4"
"Nrg3","PA/BMAp Glut Esr1/Reln",1,0.990740740740741,4.06159462170449,3.85460745159335,1,-1.11022302462516e-14,0.298619363846988,"Secreted other","Erbb4"
"Cbln1","PA/BMAp Glut Esr1/Reln",0,0,0,0,0.0131578947368421,-1.31578947368421,0,"Secreted other","Nrxn + Grid2"
"Cbln2","PA/BMAp Glut Esr1/Reln",0,0,0,0,0.0921052631578947,-9.21052631578947,0,"Secreted other","Nrxn + Grid1"
"Cbln4","PA/BMAp Glut Esr1/Reln",0,0.00925925925925926,0,0.0027005717447299,0.115625,-11.5625,-0.00389610146368668,"Secreted other","Nrxn + Dcc/Neo1"
"C1ql2","PA/BMAp Glut Esr1/Reln",0.00970873786407767,0.00925925925925926,0.0153518929353865,0.010781769655207,0.00709219858156028,0.261653928251739,0.0065932941925661,"Secreted other","Adgrb3"
"C1ql3","PA/BMAp Glut Esr1/Reln",0.252427184466019,0.388888888888889,0.384900474400788,0.439942700575305,0.853125,-60.0697815533981,-0.0794091467414641,"Secreted other","Adgrb3"
"Flrt2","PA/BMAp Glut Esr1/Reln",0.203883495145631,0.314814814814815,0.301937644939147,0.278405892000804,0.603125,-39.9241504854369,0.0339491432675711,"Adhesion / synaptic organiser","Unc5/Adgrl"
"Flrt3","PA/BMAp Glut Esr1/Reln",0.572815533980582,0.75,1.05853178019056,1.00316591394482,0.607142857142857,-3.43273231622746,0.079876060667259,"Adhesion / synaptic organiser","Unc5/Adgrl"
"Tenm2","PA/BMAp Glut Esr1/Reln",0.922330097087379,0.953703703703704,2.70882754436308,2.516027881227,1,-7.76699029126214,0.278151117891484,"Adhesion / synaptic organiser","Adgrl1-3"
"Tenm3","PA/BMAp Glut Esr1/Reln",0.271844660194175,0.351851851851852,0.416113300970986,0.377306002162549,0.958333333333333,-68.6488673139159,0.0559870975412291,"Adhesion / synaptic organiser","Tenm3/Adgrl"
"Tenm4","PA/BMAp Glut Esr1/Reln",0.766990291262136,0.833333333333333,1.73766179411505,1.72100962103277,0.955445544554455,-18.845525329232,0.0240240075258284,"Adhesion / synaptic organiser","Adgrl"
"Lrrtm4","PA/BMAp Glut Esr1/Reln",0.980582524271845,0.953703703703704,3.12152018805865,3.11479543038813,1,-1.94174757281554,0.00970177454242617,"Adhesion / synaptic organiser","Nrxn/Ptprs"
"Nlgn1","PA/BMAp Glut Esr1/Reln",1,0.981481481481481,3.7300061667202,3.69115301840443,1,-1.11022302462516e-14,0.0560532443980872,"Adhesion / synaptic organiser","Nrxn1-3"
"Cdh6","PA/BMAp Glut Esr1/Reln",0.0388349514563107,0.0185185185185185,0.0480965121348839,0.0227512507886208,0.475247524752475,-43.6412573296165,0.0365654828542886,"Adhesion / synaptic organiser","homophilic (same cadherin/protocadherin)"
"Cdh8","PA/BMAp Glut Esr1/Reln",0.310679611650485,0.518518518518518,0.485216619741004,0.578766681404166,0.959375,-64.8695388349515,-0.1349642100363,"Adhesion / synaptic organiser","homophilic (same cadherin/protocadherin)"
"Cdh9","PA/BMAp Glut Esr1/Reln",0.407766990291262,0.574074074074074,0.675335866813938,0.764646191286389,0.821875,-41.4108009708738,-0.12884756221659,"Adhesion / synaptic organiser","homophilic (same cadherin/protocadherin)"
"Cdh10","PA/BMAp Glut Esr1/Reln",0.504854368932039,0.768518518518518,0.914093537132495,1.22041947440668,0.794871794871795,-29.0017425939756,-0.441934910601137,"Adhesion / synaptic organiser","homophilic (same cadherin/protocadherin)"
"Cdh11","PA/BMAp Glut Esr1/Reln",0.310679611650485,0.537037037037037,0.463422091712691,0.599228926171625,0.7375,-42.6820388349515,-0.195927846592734,"Adhesion / synaptic organiser","homophilic (same cadherin/protocadherin)"
"Cdh12","PA/BMAp Glut Esr1/Reln",0.135922330097087,0.212962962962963,0.22254089202721,0.226816087338799,0.615384615384615,-47.9462285287528,-0.00616780307486094,"Adhesion / synaptic organiser","homophilic (same cadherin/protocadherin)"
"Cdh13","PA/BMAp Glut Esr1/Reln",0.87378640776699,0.759259259259259,2.09283506295083,1.56302271688925,0.935828877005348,-6.20424692383573,0.764357644264791,"Adhesion / synaptic organiser","homophilic (same cadherin/protocadherin)"
"Cdh18","PA/BMAp Glut Esr1/Reln",0.242718446601942,0.583333333333333,0.395191279286725,0.854955491592779,0.928571428571428,-68.5852981969487,-0.663299549072165,"Adhesion / synaptic organiser","homophilic (same cadherin/protocadherin)"
"Pcdh7","PA/BMAp Glut Esr1/Reln",0.883495145631068,0.916666666666667,2.26810579905688,1.96299471047415,0.98125,-9.77548543689322,0.440182254418527,"Adhesion / synaptic organiser","homophilic (same cadherin/protocadherin)"
"Pcdh9","PA/BMAp Glut Esr1/Reln",0.990291262135922,0.990740740740741,3.75311901764112,3.76146740475089,1,-0.970873786407778,-0.0120441766826792,"Adhesion / synaptic organiser","homophilic (same cadherin/protocadherin)"
"Pcdh10","PA/BMAp Glut Esr1/Reln",0.310679611650485,0.287037037037037,0.4564776933504,0.280328956166366,0.715625,-40.4945388349515,0.254128909594258,"Adhesion / synaptic organiser","homophilic (same cadherin/protocadherin)"
"Pcdh17","PA/BMAp Glut Esr1/Reln",0.825242718446602,0.888888888888889,1.72813611655428,1.54878172182543,0.621212121212121,20.4030597234481,0.258753695836951,"Adhesion / synaptic organiser","homophilic (same cadherin/protocadherin)"
"Kirrel3","PA/BMAp Glut Esr1/Reln",0.951456310679612,0.972222222222222,2.84976534286037,2.83056616986209,1,-4.85436893203884,0.0276985516737938,"Adhesion / synaptic organiser","Kirrel3 (homophilic)"
"Sdk1","PA/BMAp Glut Esr1/Reln",0.203883495145631,0.185185185185185,0.349940037151917,0.201929704238921,0.948717948717949,-74.4834453572318,0.213533773293904,"Adhesion / synaptic organiser","Sdk1 (homophilic)"
"Sdk2","PA/BMAp Glut Esr1/Reln",0.135922330097087,0.259259259259259,0.193902437907293,0.252712311827545,0.666666666666667,-53.0744336569579,-0.0848447134600519,"Adhesion / synaptic organiser","Sdk2 (homophilic)"
"Cntn4","PA/BMAp Glut Esr1/Reln",0.466019417475728,0.759259259259259,0.955108066982615,1.59915722410516,0.957446808510638,-49.142739103491,-0.929166525069406,"Adhesion / synaptic organiser","Ptprg/App"
"Cntn5","PA/BMAp Glut Esr1/Reln",0.844660194174757,0.842592592592593,2.21016203390412,1.6415291929623,1,-15.5339805825243,0.820363779713361,"Adhesion / synaptic organiser","Ptprg"
"Cntn6","PA/BMAp Glut Esr1/Reln",0.29126213592233,0.351851851851852,0.494533437423692,0.371936049553744,0.832151300236407,-54.0889164314077,0.176870643505915,"Adhesion / synaptic organiser","Ptprg/Chl1"
"Nectin3","PA/BMAp Glut Esr1/Reln",0.320388349514563,0.287037037037037,0.503635471554178,0.260944973951302,0.391836734693878,-7.14483851793145,0.350128377362544,"Adhesion / synaptic organiser","Nectin1"
"Igsf21","PA/BMAp Glut Esr1/Reln",0.155339805825243,0.222222222222222,0.226882901206292,0.218389466948852,0.615384615384615,-46.0044809559373,0.0122534354833259,"Adhesion / synaptic organiser","Nrxn2"
"Sema3a","Immature Glut Igfbpl1/Epha3",0.243243243243243,0.150537634408602,0.500139344801218,0.247388973668647,0.51875,-27.5506756756757,0.364641707015805,"Semaphorin","Nrp1/Plxna1-4"
"Sema3c","Immature Glut Igfbpl1/Epha3",0.297297297297297,0.548387096774194,0.656557251266047,1.06026975483211,0.564102564102564,-26.6805266805267,-0.582434026839632,"Semaphorin","Nrp1-2/Plxnd1"
"Sema3d","Immature Glut Igfbpl1/Epha3",0,0,0,0,0.10625,-10.625,0,"Semaphorin","Nrp1/Plxnd1"
"Sema3e","Immature Glut Igfbpl1/Epha3",0.027027027027027,0.043010752688172,0.0618438386168585,0.0734856633885942,0.384375,-35.7347972972973,-0.0167956028650815,"Semaphorin","Plxnd1"
"Sema3f","Immature Glut Igfbpl1/Epha3",0,0.043010752688172,0,0.0521109595690003,0.036036036036036,-3.6036036036036,-0.075180222946162,"Semaphorin","Nrp2/Plxna3"
"Sema5a","Immature Glut Igfbpl1/Epha3",0.351351351351351,0.268817204301075,0.827895482063156,0.566974291879639,0.517857142857143,-16.6505791505791,0.376429707140606,"Semaphorin","Plxna1/a3"
"Sema5b","Immature Glut Igfbpl1/Epha3",0.351351351351351,0.397849462365591,0.785155271169061,0.729968105526356,0.552631578947368,-20.1280227596017,0.0796182501934484,"Semaphorin","Plxna1/a3"
"Sema6a","Immature Glut Igfbpl1/Epha3",0.0810810810810811,0.182795698924731,0.148475718498152,0.281399395990143,0.684210526315789,-60.3129445234708,-0.191768330334418,"Semaphorin","Plxna2/a4"
"Sema6d","Immature Glut Igfbpl1/Epha3",0.567567567567568,0.688172043010753,1.54608218131889,1.54408016034099,0.932432432432432,-36.4864864864865,0.00288830573655972,"Semaphorin","Plxna1"
"Sema7a","Immature Glut Igfbpl1/Epha3",0.027027027027027,0.043010752688172,0.0365303318708662,0.0626436786232687,0.107142857142857,-8.01158301158301,-0.037673595860705,"Semaphorin","Plxnc1/Itgb1"
"Efna1","Immature Glut Igfbpl1/Epha3",0,0,0,0,0.00970873786407767,-0.970873786407767,0,"Ephrin","EphA"
"Efna2","Immature Glut Igfbpl1/Epha3",0.027027027027027,0.010752688172043,0.0551136288979578,0.0142175559458776,0.0512820512820513,-2.42550242550243,0.0590005616397994,"Ephrin","EphA"
"Efna3","Immature Glut Igfbpl1/Epha3",0,0.010752688172043,0,0.0142110486115145,0.0512820512820513,-5.12820512820513,-0.0205022093576639,"Ephrin","EphA"
"Efna5","Immature Glut Igfbpl1/Epha3",0.0810810810810811,0.129032258064516,0.197470720908559,0.209050496433504,0.652482269503546,-57.1401188422465,-0.0167060847244445,"Ephrin","EphA (Epha3-7)"
"Efnb1","Immature Glut Igfbpl1/Epha3",0,0.032258064516129,0,0.0465568023856457,0.0454545454545455,-4.54545454545455,-0.0671672679214185,"Ephrin","EphB"
"Efnb2","Immature Glut Igfbpl1/Epha3",0.0810810810810811,0.182795698924731,0.156122587830469,0.270645544226465,0.25,-16.8918918918919,-0.165221701260446,"Ephrin","EphB/Epha4"
"Efnb3","Immature Glut Igfbpl1/Epha3",0.0810810810810811,0.0860215053763441,0.17118164353633,0.138865473874048,0.234375,-15.3293918918919,0.0466223777123004,"Ephrin","EphB/Epha4"
"Slit1","Immature Glut Igfbpl1/Epha3",0.243243243243243,0.129032258064516,0.474084146919628,0.22952236225825,0.641025641025641,-39.7782397782398,0.352828073921925,"Slit/Netrin","Robo1-3"
"Slit2","Immature Glut Igfbpl1/Epha3",0.486486486486487,0.408602150537634,1.1243126854533,0.802033785832952,0.878125,-39.1638513513514,0.464950170265425,"Slit/Netrin","Robo1-3"
"Slit3","Immature Glut Igfbpl1/Epha3",0.243243243243243,0.408602150537634,0.506122034093871,0.874033990597899,0.991869918699187,-74.8626675455944,-0.530784755132117,"Slit/Netrin","Robo1-3"
"Ntn1","Immature Glut Igfbpl1/Epha3",0,0.010752688172043,0,0.0142110486115145,0.288288288288288,-28.8288288288288,-0.0205022093576639,"Slit/Netrin","Dcc/Unc5a-d/Neo1"
"Ntn4","Immature Glut Igfbpl1/Epha3",0,0,0,0,0.134615384615385,-13.4615384615385,0,"Slit/Netrin","Unc5/Neo1"
"Ntng1","Immature Glut Igfbpl1/Epha3",0.162162162162162,0.0752688172043011,0.289145761045712,0.0975457733101353,0.789598108747045,-62.7435946584883,0.276420352140503,"Slit/Netrin","Lrrc4c (NGL-1)"
"Ntng2","Immature Glut Igfbpl1/Epha3",0.0810810810810811,0.150537634408602,0.203279335222451,0.334369456289049,0.328125,-24.7043918918919,-0.189123067572314,"Slit/Netrin","Lrrc4 (NGL-2)"
"Cxcl12","Immature Glut Igfbpl1/Epha3",0,0.010752688172043,0,0.0212895123483624,0.0357142857142857,-3.57142857142857,-0.0307142738879268,"Secreted other","Cxcr4/Ackr3"
"Reln","Immature Glut Igfbpl1/Epha3",0.189189189189189,0.247311827956989,0.353210385858934,0.496837527339729,0.795454545454546,-60.6265356265356,-0.2072101647514,"Secreted other","Vldlr/Lrp8"
"Wnt5a","Immature Glut Igfbpl1/Epha3",0,0,0,0,0.104166666666667,-10.4166666666667,0,"Secreted other","Ryk/Fzd"
"Wnt7b","Immature Glut Igfbpl1/Epha3",0.027027027027027,0.032258064516129,0.0719953789852931,0.056644612423135,0.0625,-3.5472972972973,0.0221464747930697,"Secreted other","Fzd"
"Fgf10","Immature Glut Igfbpl1/Epha3",0,0.0752688172043011,0,0.107357169326682,0.264227642276423,-26.4227642276423,-0.154883655791481,"Secreted other","Fgfr2"
"Bdnf","Immature Glut Igfbpl1/Epha3",0,0,0,0,0.131313131313131,-13.1313131313131,0,"Secreted other","Ntrk2"
"Ntf3","Immature Glut Igfbpl1/Epha3",0.027027027027027,0,0.0261373454276412,0,0.0384615384615385,-1.14345114345114,0.0377082186304597,"Secreted other","Ntrk3/Ntrk2"
"Nrg1","Immature Glut Igfbpl1/Epha3",0.918918918918919,0.913978494623656,3.38760790595722,3.18444328997999,1,-8.1081081081081,0.293104583954456,"Secreted other","Erbb4"
"Nrg3","Immature Glut Igfbpl1/Epha3",0.918918918918919,0.870967741935484,3.45315502544981,3.04968215888134,1,-8.1081081081081,0.582088303731593,"Secreted other","Erbb4"
"Cbln1","Immature Glut Igfbpl1/Epha3",0,0,0,0,0.0131578947368421,-1.31578947368421,0,"Secreted other","Nrxn + Grid2"
"Cbln2","Immature Glut Igfbpl1/Epha3",0.027027027027027,0.010752688172043,0.0679382649193198,0.0152067925961723,0.0921052631578947,-6.50782361308677,0.0760754336193785,"Secreted other","Nrxn + Grid1"
"Cbln4","Immature Glut Igfbpl1/Epha3",0.0540540540540541,0.021505376344086,0.0866495327949127,0.0495924293004903,0.115625,-6.15709459459459,0.0534620994411123,"Secreted other","Nrxn + Dcc/Neo1"
"C1ql2","Immature Glut Igfbpl1/Epha3",0,0,0,0,0.00970873786407767,-0.970873786407767,0,"Secreted other","Adgrb3"
"C1ql3","Immature Glut Igfbpl1/Epha3",0.0540540540540541,0.0645161290322581,0.0899538344621796,0.0924265989300544,0.853125,-79.9070945945946,-0.00356744503508931,"Secreted other","Adgrb3"
"Flrt2","Immature Glut Igfbpl1/Epha3",0.243243243243243,0.290322580645161,0.458497079783252,0.487728936872489,0.603125,-35.9881756756757,-0.0421726552586172,"Adhesion / synaptic organiser","Unc5/Adgrl"
"Flrt3","Immature Glut Igfbpl1/Epha3",0.27027027027027,0.193548387096774,0.495860608861365,0.264499821306718,0.607142857142857,-33.6872586872587,0.333783060861255,"Adhesion / synaptic organiser","Unc5/Adgrl"
"Tenm2","Immature Glut Igfbpl1/Epha3",0.945945945945946,0.913978494623656,3.31368329277578,2.78416540112613,1,-5.40540540540539,0.763932836344918,"Adhesion / synaptic organiser","Adgrl1-3"
"Tenm3","Immature Glut Igfbpl1/Epha3",0.216216216216216,0.139784946236559,0.480044767511378,0.181650018343193,0.958333333333333,-74.2117117117117,0.430492624852247,"Adhesion / synaptic organiser","Tenm3/Adgrl"
"Tenm4","Immature Glut Igfbpl1/Epha3",0.675675675675676,0.860215053763441,1.86560231432928,2.50399256609811,0.955445544554455,-27.976986887878,-0.92100245037874,"Adhesion / synaptic organiser","Adgrl"
"Lrrtm4","Immature Glut Igfbpl1/Epha3",0.756756756756757,0.806451612903226,2.37969166551485,2.43686477040698,1,-24.3243243243243,-0.0824833549001047,"Adhesion / synaptic organiser","Nrxn/Ptprs"
"Nlgn1","Immature Glut Igfbpl1/Epha3",0.945945945945946,0.956989247311828,3.15019884987992,3.26225281898394,1,-5.40540540540539,-0.16165970553829,"Adhesion / synaptic organiser","Nrxn1-3"
"Cdh6","Immature Glut Igfbpl1/Epha3",0.027027027027027,0.043010752688172,0.061930048443133,0.0559373229802909,0.475247524752475,-44.8220497725448,0.00864567530665127,"Adhesion / synaptic organiser","homophilic (same cadherin/protocadherin)"
"Cdh8","Immature Glut Igfbpl1/Epha3",0.27027027027027,0.204301075268817,0.55922007328326,0.374606823305103,0.959375,-68.910472972973,0.266340620225882,"Adhesion / synaptic organiser","homophilic (same cadherin/protocadherin)"
"Cdh9","Immature Glut Igfbpl1/Epha3",0,0.0752688172043011,0,0.117372224198453,0.821875,-82.1875,-0.169332325789216,"Adhesion / synaptic organiser","homophilic (same cadherin/protocadherin)"
"Cdh10","Immature Glut Igfbpl1/Epha3",0.297297297297297,0.451612903225806,0.666883111237313,0.967580198898276,0.794871794871795,-49.7574497574497,-0.433814197178225,"Adhesion / synaptic organiser","homophilic (same cadherin/protocadherin)"
"Cdh11","Immature Glut Igfbpl1/Epha3",0.297297297297297,0.311827956989247,0.630713645603667,0.567888299984912,0.7375,-44.0202702702703,0.0906378145663133,"Adhesion / synaptic organiser","homophilic (same cadherin/protocadherin)"
"Cdh12","Immature Glut Igfbpl1/Epha3",0.216216216216216,0.258064516129032,0.432904668734926,0.501166994026919,0.615384615384615,-39.9168399168399,-0.098481718178308,"Adhesion / synaptic organiser","homophilic (same cadherin/protocadherin)"
"Cdh13","Immature Glut Igfbpl1/Epha3",0.162162162162162,0.139784946236559,0.35838606153655,0.232349869144542,0.935828877005348,-77.3666714843185,0.181831789736478,"Adhesion / synaptic organiser","homophilic (same cadherin/protocadherin)"
"Cdh18","Immature Glut Igfbpl1/Epha3",0.162162162162162,0.387096774193548,0.328550416790769,0.676504578516601,0.928571428571428,-76.6409266409266,-0.501991743578534,"Adhesion / synaptic organiser","homophilic (same cadherin/protocadherin)"
"Pcdh7","Immature Glut Igfbpl1/Epha3",0.72972972972973,0.731182795698925,2.10211084808186,1.82275262886626,0.98125,-25.152027027027,0.403028717493917,"Adhesion / synaptic organiser","homophilic (same cadherin/protocadherin)"
"Pcdh9","Immature Glut Igfbpl1/Epha3",0.837837837837838,0.967741935483871,2.84108791146257,3.63859580034058,1,-16.2162162162162,-1.15056067635413,"Adhesion / synaptic organiser","homophilic (same cadherin/protocadherin)"
"Pcdh10","Immature Glut Igfbpl1/Epha3",0.216216216216216,0.258064516129032,0.428560149124447,0.463833782011575,0.715625,-49.9408783783784,-0.0508890952403979,"Adhesion / synaptic organiser","homophilic (same cadherin/protocadherin)"
"Pcdh17","Immature Glut Igfbpl1/Epha3",0.27027027027027,0.354838709677419,0.551364927558768,0.671463579147031,0.825242718446602,-55.4972448176332,-0.173265729063839,"Adhesion / synaptic organiser","homophilic (same cadherin/protocadherin)"
"Kirrel3","Immature Glut Igfbpl1/Epha3",0.648648648648649,0.645161290322581,1.62027959354986,1.67324707560587,1,-35.1351351351351,-0.0764159236905901,"Adhesion / synaptic organiser","Kirrel3 (homophilic)"
"Sdk1","Immature Glut Igfbpl1/Epha3",0.135135135135135,0.150537634408602,0.259860707722349,0.279333696068384,0.948717948717949,-81.3582813582814,-0.0280935837181132,"Adhesion / synaptic organiser","Sdk1 (homophilic)"
"Sdk2","Immature Glut Igfbpl1/Epha3",0.0540540540540541,0.0645161290322581,0.103089826456611,0.0956336557698785,0.666666666666667,-61.2612612612613,0.0107569804737704,"Adhesion / synaptic organiser","Sdk2 (homophilic)"
"Cntn4","Immature Glut Igfbpl1/Epha3",0.594594594594595,0.408602150537634,1.59262470141934,1.20074345971442,0.957446808510638,-36.2852213916044,0.565365124025096,"Adhesion / synaptic organiser","Ptprg/App"
"Cntn5","Immature Glut Igfbpl1/Epha3",0.837837837837838,0.870967741935484,2.70445994403701,3.13712005540404,1,-16.2162162162162,-0.624196597059676,"Adhesion / synaptic organiser","Ptprg"
"Cntn6","Immature Glut Igfbpl1/Epha3",0.243243243243243,0.376344086021505,0.459456367408851,0.738935850591492,0.832151300236407,-58.8908056993163,-0.403203664417806,"Adhesion / synaptic organiser","Ptprg/Chl1"
"Nectin3","Immature Glut Igfbpl1/Epha3",0.0540540540540541,0.043010752688172,0.112947040153765,0.0557656049614621,0.391836734693878,-33.7782680639824,0.0824953729828486,"Adhesion / synaptic organiser","Nectin1"
"Igsf21","Immature Glut Igfbpl1/Epha3",0.0540540540540541,0.0860215053763441,0.0967374051011927,0.129692256264309,0.615384615384615,-56.1330561330561,-0.0475438003462617,"Adhesion / synaptic organiser","Nrxn2"
"Sema3a","CLA/EPd-like Glut Satb2/Nr4a2",0.205128205128205,0.263157894736842,0.298025334296459,0.217360417276015,0.51875,-31.3621794871795,0.116374875759114,"Semaphorin","Nrp1/Plxna1-4"
"Sema3c","CLA/EPd-like Glut Satb2/Nr4a2",0.564102564102564,0.684210526315789,0.877523805511366,0.757103240469279,0.558922558922559,0.518000518000516,0.173730152007266,"Semaphorin","Nrp1-2/Plxnd1"
"Sema3d","CLA/EPd-like Glut Satb2/Nr4a2",0,0.0526315789473684,0,0.0174278471026132,0.10625,-10.625,-0.0251430685883112,"Semaphorin","Nrp1/Plxnd1"
"Sema3e","CLA/EPd-like Glut Satb2/Nr4a2",0.102564102564103,0.236842105263158,0.178801197112622,0.227516989289793,0.384375,-28.1810897435897,-0.0702820317869824,"Semaphorin","Plxnd1"
"Sema3f","CLA/EPd-like Glut Satb2/Nr4a2",0,0.0526315789473684,0,0.0394367568542618,0.036036036036036,-3.6036036036036,-0.0568952135423873,"Semaphorin","Nrp2/Plxna3"
"Sema5a","CLA/EPd-like Glut Satb2/Nr4a2",0.41025641025641,0.421052631578947,0.645022464087347,0.35855289632713,0.517857142857143,-10.7600732600733,0.41328822477327,"Semaphorin","Plxna1/a3"
"Sema5b","CLA/EPd-like Glut Satb2/Nr4a2",0.435897435897436,0.526315789473684,0.670643340553157,0.682615518367528,0.552631578947368,-11.6734143049932,-0.0172722015614341,"Semaphorin","Plxna1/a3"
"Sema6a","CLA/EPd-like Glut Satb2/Nr4a2",0.179487179487179,0.184210526315789,0.208842576660424,0.202973864575246,0.684210526315789,-50.472334682861,0.00846676182169111,"Semaphorin","Plxna2/a4"
"Sema6d","CLA/EPd-like Glut Satb2/Nr4a2",0.846153846153846,0.842105263157895,2.13510898761125,1.63579479789489,0.932432432432432,-8.62785862785863,0.720358105349298,"Semaphorin","Plxna1"
"Sema7a","CLA/EPd-like Glut Satb2/Nr4a2",0.0512820512820513,0.184210526315789,0.0750639233584538,0.0980104108033568,0.107142857142857,-5.58608058608059,-0.0331047836425824,"Semaphorin","Plxnc1/Itgb1"
"Efna1","CLA/EPd-like Glut Satb2/Nr4a2",0,0.0263157894736842,0,0.0149372953202927,0.00970873786407767,-0.970873786407767,-0.0215499618828802,"Ephrin","EphA"
"Efna2","CLA/EPd-like Glut Satb2/Nr4a2",0.0512820512820513,0.0263157894736842,0.0653123922185477,0.0220987014408374,0.0357142857142857,1.55677655677656,0.0623441773835119,"Ephrin","EphA"
"Efna3","CLA/EPd-like Glut Satb2/Nr4a2",0.0512820512820513,0.0789473684210526,0.061198604252783,0.0444673336840563,0.0396039603960396,1.16780908860117,0.0241381210772735,"Ephrin","EphA"
"Efna5","CLA/EPd-like Glut Satb2/Nr4a2",0.307692307692308,0.421052631578947,0.513731255992245,0.515779814889949,0.652482269503546,-34.4789961811238,-0.0029554457626866,"Ephrin","EphA (Epha3-7)"
"Efnb1","CLA/EPd-like Glut Satb2/Nr4a2",0.0256410256410256,0.0263157894736842,0.0178489819101935,0.00713370423835714,0.0454545454545455,-1.98135198135198,0.0154588779589066,"Ephrin","EphB"
"Efnb2","CLA/EPd-like Glut Satb2/Nr4a2",0.102564102564103,0.394736842105263,0.132982944759761,0.310583732612007,0.25,-14.7435897435897,-0.256223775892408,"Ephrin","EphB/Epha4"
"Efnb3","CLA/EPd-like Glut Satb2/Nr4a2",0.0769230769230769,0.131578947368421,0.0778821071657832,0.0958133218494599,0.234375,-15.7451923076923,-0.0258692745012557,"Ephrin","EphB/Epha4"
"Slit1","CLA/EPd-like Glut Satb2/Nr4a2",0.641025641025641,0.473684210526316,1.01954404981482,0.468986621003357,0.59349593495935,4.75297060662914,0.794286472270875,"Slit/Netrin","Robo1-3"
"Slit2","CLA/EPd-like Glut Satb2/Nr4a2",0.307692307692308,0.605263157894737,0.556306205765273,0.7591228216038,0.878125,-57.0432692307692,-0.292602525880125,"Slit/Netrin","Robo1-3"
"Slit3","CLA/EPd-like Glut Satb2/Nr4a2",0.41025641025641,0.631578947368421,0.892074002799929,1.50528372678353,0.991869918699187,-58.1613508442777,-0.884674627816027,"Slit/Netrin","Robo1-3"
"Ntn1","CLA/EPd-like Glut Satb2/Nr4a2",0,0.0263157894736842,0,0.0196481601284235,0.288288288288288,-28.8288288288288,-0.0283463031798688,"Slit/Netrin","Dcc/Unc5a-d/Neo1"
"Ntn4","CLA/EPd-like Glut Satb2/Nr4a2",0.0256410256410256,0.0526315789473684,0.0310003323163923,0.0247072712843271,0.134615384615385,-10.8974358974359,0.00907896794297191,"Slit/Netrin","Unc5/Neo1"
"Ntng1","CLA/EPd-like Glut Satb2/Nr4a2",0.41025641025641,0.473684210526316,0.851752489307071,0.766357473213773,0.789598108747045,-37.9341698490635,0.123198966234434,"Slit/Netrin","Lrrc4c (NGL-1)"
"Ntng2","CLA/EPd-like Glut Satb2/Nr4a2",0.102564102564103,0.263157894736842,0.121573913337577,0.385502904535817,0.328125,-22.5560897435897,-0.380769046748527,"Slit/Netrin","Lrrc4 (NGL-2)"
"Cxcl12","CLA/EPd-like Glut Satb2/Nr4a2",0,0.0263157894736842,0,0.00447445645356999,0.0357142857142857,-3.57142857142857,-0.00645527613623904,"Secreted other","Cxcr4/Ackr3"
"Reln","CLA/EPd-like Glut Satb2/Nr4a2",0.205128205128205,0.421052631578947,0.309517939630477,0.494421081476076,0.795454545454546,-59.032634032634,-0.266758845785434,"Secreted other","Vldlr/Lrp8"
"Wnt5a","CLA/EPd-like Glut Satb2/Nr4a2",0,0.0263157894736842,0,0.00713370423835714,0.104166666666667,-10.4166666666667,-0.0102917597278464,"Secreted other","Ryk/Fzd"
"Wnt7b","CLA/EPd-like Glut Satb2/Nr4a2",0.0256410256410256,0.0263157894736842,0.0240741616312635,0.0255563645042217,0.0625,-3.68589743589744,-0.0021383667344082,"Secreted other","Fzd"
"Fgf10","CLA/EPd-like Glut Satb2/Nr4a2",0.179487179487179,0.289473684210526,0.293688330952508,0.240360408873403,0.264227642276423,-8.47404627892433,0.0769359287244374,"Secreted other","Fgfr2"
"Bdnf","CLA/EPd-like Glut Satb2/Nr4a2",0.128205128205128,0.131578947368421,0.176638982032358,0.0982338470620024,0.131313131313131,-0.31080031080031,0.113114699401961,"Secreted other","Ntrk2"
"Ntf3","CLA/EPd-like Glut Satb2/Nr4a2",0,0.0263157894736842,0,0.0278306100189312,0.0384615384615385,-3.84615384615385,-0.0401510830592267,"Secreted other","Ntrk3/Ntrk2"
"Nrg1","CLA/EPd-like Glut Satb2/Nr4a2",0.948717948717949,0.973684210526316,2.95237314046523,3.42282065792392,1,-5.12820512820513,-0.678712300436169,"Secreted other","Erbb4"
"Nrg3","CLA/EPd-like Glut Satb2/Nr4a2",1,1,4.04975822239118,3.90784091314053,1,0,0.204743398272224,"Secreted other","Erbb4"
"Cbln1","CLA/EPd-like Glut Satb2/Nr4a2",0,0.0263157894736842,0,0.0205431959739938,0.0131578947368421,-1.31578947368421,-0.029637566955691,"Secreted other","Nrxn + Grid2"
"Cbln2","CLA/EPd-like Glut Satb2/Nr4a2",0.0512820512820513,0.0526315789473684,0.0820853624451729,0.0370492428045352,0.0921052631578947,-4.08232118758434,0.0649733864664301,"Secreted other","Nrxn + Grid1"
"Cbln4","CLA/EPd-like Glut Satb2/Nr4a2",0.0256410256410256,0,0.0301321320840377,0,0.115625,-8.99839743589744,0.0434714775290525,"Secreted other","Nrxn + Dcc/Neo1"
"C1ql2","CLA/EPd-like Glut Satb2/Nr4a2",0,0,0,0,0.00970873786407767,-0.970873786407767,0,"Secreted other","Adgrb3"
"C1ql3","CLA/EPd-like Glut Satb2/Nr4a2",0.179487179487179,0.5,0.276380099305488,0.517655791509959,0.853125,-67.363782051282,-0.348087244630442,"Secreted other","Adgrb3"
"Flrt2","CLA/EPd-like Glut Satb2/Nr4a2",0.128205128205128,0.473684210526316,0.153998654003135,0.462862757372893,0.603125,-47.4919871794872,-0.445596710240165,"Adhesion / synaptic organiser","Unc5/Adgrl"
"Flrt3","CLA/EPd-like Glut Satb2/Nr4a2",0.358974358974359,0.631578947368421,0.564941973562974,0.826112787758622,0.607142857142857,-24.8168498168498,-0.376789838464993,"Adhesion / synaptic organiser","Unc5/Adgrl"
"Tenm2","CLA/EPd-like Glut Satb2/Nr4a2",0.974358974358974,0.947368421052632,2.99770548285747,2.68174048675191,1,-2.56410256410257,0.455841132976002,"Adhesion / synaptic organiser","Adgrl1-3"
"Tenm3","CLA/EPd-like Glut Satb2/Nr4a2",0.769230769230769,0.947368421052632,1.56380423006326,1.93041312496116,0.958333333333333,-18.9102564102564,-0.528904834614984,"Adhesion / synaptic organiser","Tenm3/Adgrl"
"Tenm4","CLA/EPd-like Glut Satb2/Nr4a2",0.871794871794872,0.842105263157895,1.74673860319252,1.87810340014516,0.955445544554455,-8.36506727595836,-0.189519341110965,"Adhesion / synaptic organiser","Adgrl"
"Lrrtm4","CLA/EPd-like Glut Satb2/Nr4a2",0.666666666666667,0.947368421052632,1.90514977249793,2.47060343843805,1,-33.3333333333333,-0.815777199704299,"Adhesion / synaptic organiser","Nrxn/Ptprs"
"Nlgn1","CLA/EPd-like Glut Satb2/Nr4a2",0.974358974358974,0.973684210526316,3.17530517229969,3.20497754497242,1,-2.56410256410257,-0.0428081849063615,"Adhesion / synaptic organiser","Nrxn1-3"
"Cdh6","CLA/EPd-like Glut Satb2/Nr4a2",0.128205128205128,0.368421052631579,0.140060350125373,0.434930071170969,0.475247524752475,-34.7042396547347,-0.425407084260793,"Adhesion / synaptic organiser","homophilic (same cadherin/protocadherin)"
"Cdh8","CLA/EPd-like Glut Satb2/Nr4a2",0.333333333333333,0.421052631578947,0.474878502826912,0.626296588030492,0.959375,-62.6041666666667,-0.218450120624107,"Adhesion / synaptic organiser","homophilic (same cadherin/protocadherin)"
"Cdh9","CLA/EPd-like Glut Satb2/Nr4a2",0.384615384615385,0.394736842105263,0.574707451115174,0.555456406299606,0.821875,-43.7259615384615,0.0277733868873507,"Adhesion / synaptic organiser","homophilic (same cadherin/protocadherin)"
"Cdh10","CLA/EPd-like Glut Satb2/Nr4a2",0.794871794871795,0.815789473684211,1.73578534314408,1.41909707494795,0.609929078014184,18.494271685761,0.456884594034269,"Adhesion / synaptic organiser","homophilic (same cadherin/protocadherin)"
"Cdh11","CLA/EPd-like Glut Satb2/Nr4a2",0.487179487179487,0.684210526315789,0.795435050208511,0.962891558918248,0.7375,-25.0320512820513,-0.241588674680117,"Adhesion / synaptic organiser","homophilic (same cadherin/protocadherin)"
"Cdh12","CLA/EPd-like Glut Satb2/Nr4a2",0.615384615384615,0.657894736842105,1.13136412403565,1.09227528094322,0.558139534883721,5.72450805008945,0.0563932800835338,"Adhesion / synaptic organiser","homophilic (same cadherin/protocadherin)"
"Cdh13","CLA/EPd-like Glut Satb2/Nr4a2",0.769230769230769,0.763157894736842,2.02526829954457,1.85996412147188,0.935828877005348,-16.6598107774578,0.238483517943694,"Adhesion / synaptic organiser","homophilic (same cadherin/protocadherin)"
"Cdh18","CLA/EPd-like Glut Satb2/Nr4a2",0.769230769230769,0.736842105263158,2.63043472440281,2.17757218096393,0.928571428571428,-15.9340659340659,0.653342545623646,"Adhesion / synaptic organiser","homophilic (same cadherin/protocadherin)"
"Pcdh7","CLA/EPd-like Glut Satb2/Nr4a2",0.717948717948718,0.921052631578947,1.55390236292822,1.70215478209295,0.98125,-26.3301282051282,-0.213883029928745,"Adhesion / synaptic organiser","homophilic (same cadherin/protocadherin)"
"Pcdh9","CLA/EPd-like Glut Satb2/Nr4a2",1,1,4.09772373400479,3.94486974282139,1,0,0.220521695060376,"Adhesion / synaptic organiser","homophilic (same cadherin/protocadherin)"
"Pcdh10","CLA/EPd-like Glut Satb2/Nr4a2",0.179487179487179,0.473684210526316,0.241644174885375,0.512750687607451,0.715625,-53.6137820512821,-0.39112402145684,"Adhesion / synaptic organiser","homophilic (same cadherin/protocadherin)"
"Pcdh17","CLA/EPd-like Glut Satb2/Nr4a2",0.615384615384615,0.578947368421053,1.12244243434151,0.715522078947346,0.825242718446602,-20.9858103061986,0.587061978763931,"Adhesion / synaptic organiser","homophilic (same cadherin/protocadherin)"
"Kirrel3","CLA/EPd-like Glut Satb2/Nr4a2",0.769230769230769,0.842105263157895,2.42261134352343,2.00508850653275,1,-23.0769230769231,0.602358126384344,"Adhesion / synaptic organiser","Kirrel3 (homophilic)"
"Sdk1","CLA/EPd-like Glut Satb2/Nr4a2",0.948717948717949,0.842105263157895,2.62117121042377,1.89943724594268,0.930232558139535,1.84853905784138,1.04124201139801,"Adhesion / synaptic organiser","Sdk1 (homophilic)"
"Sdk2","CLA/EPd-like Glut Satb2/Nr4a2",0.666666666666667,0.684210526315789,1.1200266981056,1.15057625633185,0.659090909090909,0.757575757575757,-0.0440736961543625,"Adhesion / synaptic organiser","Sdk2 (homophilic)"
"Cntn4","CLA/EPd-like Glut Satb2/Nr4a2",0.641025641025641,0.973684210526316,1.38409818575762,2.29682781073194,0.957446808510638,-31.6421167484997,-1.3167905036229,"Adhesion / synaptic organiser","Ptprg/App"
"Cntn5","CLA/EPd-like Glut Satb2/Nr4a2",0.58974358974359,0.894736842105263,1.08432020222335,1.65823057808193,1,-41.025641025641,-0.827977653165892,"Adhesion / synaptic organiser","Ptprg"
"Cntn6","CLA/EPd-like Glut Satb2/Nr4a2",0.307692307692308,0.710526315789474,0.564484895505791,0.982011648735233,0.832151300236407,-52.4458992544099,-0.602363776322585,"Adhesion / synaptic organiser","Ptprg/Chl1"
"Nectin3","CLA/EPd-like Glut Satb2/Nr4a2",0.205128205128205,0.184210526315789,0.283154957241237,0.116471676189852,0.391836734693878,-18.6708529565672,0.240473142971933,"Adhesion / synaptic organiser","Nectin1"
"Igsf21","CLA/EPd-like Glut Satb2/Nr4a2",0.615384615384615,0.815789473684211,1.20783874494471,1.17660724660787,0.481632653061225,13.3751962323391,0.0450575277700955,"Adhesion / synaptic organiser","Nrxn2"
"Sema3a","ITC Foxp2/Tshz1 (a)",0.152125279642058,0.130824372759857,0.264456774633543,0.168454900840973,0.51875,-36.6624720357942,0.13850142723659,"Semaphorin","Nrp1/Plxna1-4"
"Sema3c","ITC Foxp2/Tshz1 (a)",0.387024608501119,0.559139784946237,0.703551299763773,0.79945101998725,0.564102564102564,-17.7077955601446,-0.13835405078905,"Semaphorin","Nrp1-2/Plxnd1"
"Sema3d","ITC Foxp2/Tshz1 (a)",0.00894854586129754,0.0161290322580645,0.014821273920769,0.0183034526227565,0.10625,-9.73014541387025,-0.00502372194484661,"Semaphorin","Nrp1/Plxnd1"
"Sema3e","ITC Foxp2/Tshz1 (a)",0.0850111856823266,0.195340501792115,0.152788144711886,0.278941622086929,0.384375,-29.9363814317673,-0.182000996199873,"Semaphorin","Plxnd1"
"Sema3f","ITC Foxp2/Tshz1 (a)",0.0134228187919463,0.0161290322580645,0.0224873443319841,0.0217867514412919,0.036036036036036,-2.26132172440897,0.00101074188908368,"Semaphorin","Nrp2/Plxna3"
"Sema5a","ITC Foxp2/Tshz1 (a)",0.0246085011185682,0.025089605734767,0.0391161858990902,0.0304897713361771,0.517857142857143,-49.3248641738575,0.0124452855105671,"Semaphorin","Plxna1/a3"
"Sema5b","ITC Foxp2/Tshz1 (a)",0.425055928411633,0.546594982078853,0.82268284583919,0.863823767258055,0.552631578947368,-12.7575650535735,-0.0593538033085995,"Semaphorin","Plxna1/a3"
"Sema6a","ITC Foxp2/Tshz1 (a)",0.420581655480984,0.537634408602151,0.801895880209147,0.803901866188986,0.684210526315789,-26.3628870834805,-0.00289402602520736,"Semaphorin","Plxna2/a4"
"Sema6d","ITC Foxp2/Tshz1 (a)",0.774049217002237,0.741935483870968,1.84743236269968,1.44971595504499,0.932432432432432,-15.8383215430195,0.573783489003598,"Semaphorin","Plxna1"
"Sema7a","ITC Foxp2/Tshz1 (a)",0.00223713646532438,0.00537634408602151,0.003635295826634,0.00683002174555886,0.107142857142857,-10.4905720677533,-0.00460901524023234,"Semaphorin","Plxnc1/Itgb1"
"Efna1","ITC Foxp2/Tshz1 (a)",0,0.00537634408602151,0,0.00569202399764707,0.00970873786407767,-0.970873786407767,-0.00821185479402639,"Ephrin","EphA"
"Efna2","ITC Foxp2/Tshz1 (a)",0.0134228187919463,0.017921146953405,0.0209584989945855,0.0178821470138815,0.0512820512820513,-3.7859232490105,0.00443823774659059,"Ephrin","EphA"
"Efna3","ITC Foxp2/Tshz1 (a)",0.0313199105145414,0.0232974910394265,0.0479692623688968,0.0283650324150324,0.0512820512820513,-1.99621407675099,0.028282925334887,"Ephrin","EphA"
"Efna5","ITC Foxp2/Tshz1 (a)",0.105145413870246,0.21326164874552,0.189303978779442,0.28750920717158,0.652482269503546,-54.73368556333,-0.141680195990706,"Ephrin","EphA (Epha3-7)"
"Efnb1","ITC Foxp2/Tshz1 (a)",0.0111856823266219,0.0232974910394265,0.019526294824001,0.0250739492623615,0.0454545454545455,-3.42688631279235,-0.00800357354678827,"Ephrin","EphB"
"Efnb2","ITC Foxp2/Tshz1 (a)",0.129753914988814,0.0949820788530466,0.218538061871567,0.109581066819919,0.25,-12.0246085011186,0.157191716431175,"Ephrin","EphB/Epha4"
"Efnb3","ITC Foxp2/Tshz1 (a)",0.111856823266219,0.168458781362007,0.187588324561862,0.207901153980415,0.234375,-12.2518176733781,-0.0293052182685696,"Ephrin","EphB/Epha4"
"Slit1","ITC Foxp2/Tshz1 (a)",0.185682326621924,0.275985663082437,0.318210903713745,0.360205769689887,0.641025641025641,-45.5343314403717,-0.0605857848865774,"Slit/Netrin","Robo1-3"
"Slit2","ITC Foxp2/Tshz1 (a)",0.586129753914989,0.711469534050179,1.24372357757064,1.37780832967819,0.878125,-29.1995246085011,-0.193443406924389,"Slit/Netrin","Robo1-3"
"Slit3","ITC Foxp2/Tshz1 (a)",0.16331096196868,0.317204301075269,0.295902635025347,0.516475838970202,0.991869918699187,-82.8558956730507,-0.318219867484232,"Slit/Netrin","Robo1-3"
"Ntn1","ITC Foxp2/Tshz1 (a)",0.0246085011185682,0.0860215053763441,0.0384443347610996,0.103321834043355,0.288288288288288,-26.367978716972,-0.093598446479787,"Slit/Netrin","Dcc/Unc5a-d/Neo1"
"Ntn4","ITC Foxp2/Tshz1 (a)",0.00447427293064877,0.00716845878136201,0.00832066501661029,0.00720405671410742,0.134615384615385,-13.0141111684736,0.00161092526063633,"Slit/Netrin","Unc5/Neo1"
"Ntng1","ITC Foxp2/Tshz1 (a)",0.751677852348993,0.865591397849462,1.71538596357386,1.76119456643138,0.789598108747045,-3.79202563980516,-0.0660878441726038,"Slit/Netrin","Lrrc4c (NGL-1)"
"Ntng2","ITC Foxp2/Tshz1 (a)",0.00894854586129754,0.00896057347670251,0.0168565028060241,0.00967332900984604,0.328125,-31.9176454138702,0.0103631292135897,"Slit/Netrin","Lrrc4 (NGL-2)"
"Cxcl12","ITC Foxp2/Tshz1 (a)",0.00223713646532438,0,0.0040056164694844,0,0.0357142857142857,-3.34771492489613,0.0057788830162283,"Secreted other","Cxcr4/Ackr3"
"Reln","ITC Foxp2/Tshz1 (a)",0.0536912751677852,0.0519713261648745,0.0965172957397903,0.0631038621839948,0.795454545454546,-74.176327028676,0.048205394890019,"Secreted other","Vldlr/Lrp8"
"Wnt5a","ITC Foxp2/Tshz1 (a)",0.0492170022371365,0.0627240143369176,0.0823494837464811,0.0752159407663597,0.104166666666667,-5.49496644295302,0.0102915270813893,"Secreted other","Ryk/Fzd"
"Wnt7b","ITC Foxp2/Tshz1 (a)",0,0.00896057347670251,0,0.00970070275963369,0.0625,-6.25,-0.0139951557644614,"Secreted other","Fzd"
"Fgf10","ITC Foxp2/Tshz1 (a)",0.00447427293064877,0.043010752688172,0.00823682232379838,0.0555147029160293,0.264227642276423,-25.9753369345774,-0.0682075638741522,"Secreted other","Fgfr2"
"Bdnf","ITC Foxp2/Tshz1 (a)",0.0111856823266219,0.00896057347670251,0.0206333407519495,0.00822056723572986,0.131313131313131,-12.0127448986509,0.0179078467955279,"Secreted other","Ntrk2"
"Ntf3","ITC Foxp2/Tshz1 (a)",0.0111856823266219,0.010752688172043,0.0191092563451778,0.0126328171134328,0.0384615384615385,-2.72758561349165,0.00934352676225727,"Secreted other","Ntrk3/Ntrk2"
"Nrg1","ITC Foxp2/Tshz1 (a)",0.937360178970917,0.962365591397849,3.13529364585559,2.90678527806735,1,-6.26398210290828,0.329667889009735,"Secreted other","Erbb4"
"Nrg3","ITC Foxp2/Tshz1 (a)",0.874720357941834,0.948028673835125,2.39691933902975,2.64307483309771,1,-12.5279642058166,-0.355127310579431,"Secreted other","Erbb4"
"Cbln1","ITC Foxp2/Tshz1 (a)",0.00447427293064877,0.0017921146953405,0.00624116292603498,0.00219669442698289,0.0131578947368421,-0.868362180619333,0.00583493464661409,"Secreted other","Nrxn + Grid2"
"Cbln2","ITC Foxp2/Tshz1 (a)",0,0.00716845878136201,0,0.0102427316503201,0.0921052631578947,-9.21052631578947,-0.0147771381570732,"Secreted other","Nrxn + Grid1"
"Cbln4","ITC Foxp2/Tshz1 (a)",0.0111856823266219,0.00716845878136201,0.0187654637948272,0.0116134309716681,0.115625,-10.4439317673378,0.0103182022862467,"Secreted other","Nrxn + Dcc/Neo1"
"C1ql2","ITC Foxp2/Tshz1 (a)",0,0,0,0,0.00970873786407767,-0.970873786407767,0,"Secreted other","Adgrb3"
"C1ql3","ITC Foxp2/Tshz1 (a)",0.058165548098434,0.0824372759856631,0.100204842052332,0.107381792013591,0.853125,-79.4959451901566,-0.0103541501178156,"Secreted other","Adgrb3"
"Flrt2","ITC Foxp2/Tshz1 (a)",0.449664429530201,0.46594982078853,0.846569975592611,0.632082350715863,0.603125,-15.3460570469799,0.309440232741737,"Adhesion / synaptic organiser","Unc5/Adgrl"
"Flrt3","ITC Foxp2/Tshz1 (a)",0.398210290827741,0.5,0.739103212889663,0.743034676156196,0.607142857142857,-20.8932566315117,-0.00567190255806338,"Adhesion / synaptic organiser","Unc5/Adgrl"
"Tenm2","ITC Foxp2/Tshz1 (a)",0.966442953020134,0.960573476702509,3.06392594642538,2.71539559195509,1,-3.35570469798658,0.502823013993562,"Adhesion / synaptic organiser","Adgrl1-3"
"Tenm3","ITC Foxp2/Tshz1 (a)",0.731543624161074,0.89247311827957,1.71517223260538,2.05965569825892,0.958333333333333,-22.6789709172259,-0.496984587566606,"Adhesion / synaptic organiser","Tenm3/Adgrl"
"Tenm4","ITC Foxp2/Tshz1 (a)",0.892617449664429,0.969534050179211,2.25227162591267,2.50875304500102,0.955445544554455,-6.28280948900259,-0.370024471398925,"Adhesion / synaptic organiser","Adgrl"
"Lrrtm4","ITC Foxp2/Tshz1 (a)",0.917225950782998,0.940860215053763,2.86274773555406,2.68974884791606,1,-8.27740492170023,0.249584637274654,"Adhesion / synaptic organiser","Nrxn/Ptprs"
"Nlgn1","ITC Foxp2/Tshz1 (a)",0.937360178970917,0.992831541218638,3.07903320672809,3.30012509349789,1,-6.26398210290828,-0.318968168623567,"Adhesion / synaptic organiser","Nrxn1-3"
"Cdh6","ITC Foxp2/Tshz1 (a)",0.172259507829978,0.281362007168459,0.303965478406161,0.389051034668357,0.475247524752475,-30.2988016922498,-0.122752510070749,"Adhesion / synaptic organiser","homophilic (same cadherin/protocadherin)"
"Cdh8","ITC Foxp2/Tshz1 (a)",0.480984340044743,0.681003584229391,0.984204331505901,1.21132544096659,0.959375,-47.8390659955257,-0.327666498300137,"Adhesion / synaptic organiser","homophilic (same cadherin/protocadherin)"
"Cdh9","ITC Foxp2/Tshz1 (a)",0.449664429530201,0.474910394265233,0.860085600901382,0.696525377050847,0.821875,-37.2210570469799,0.235967523835856,"Adhesion / synaptic organiser","homophilic (same cadherin/protocadherin)"
"Cdh10","ITC Foxp2/Tshz1 (a)",0.554809843400447,0.634408602150538,1.12151997548517,1.039080153683,0.794871794871795,-24.0061951471347,0.118935522085761,"Adhesion / synaptic organiser","homophilic (same cadherin/protocadherin)"
"Cdh11","ITC Foxp2/Tshz1 (a)",0.205816554809843,0.25089605734767,0.362912005969923,0.327477293472476,0.7375,-53.1683445190157,0.0511214839953935,"Adhesion / synaptic organiser","homophilic (same cadherin/protocadherin)"
"Cdh12","ITC Foxp2/Tshz1 (a)",0.111856823266219,0.136200716845878,0.204794752198022,0.189304832714765,0.615384615384615,-50.3527792118396,0.0223472300222642,"Adhesion / synaptic organiser","homophilic (same cadherin/protocadherin)"
"Cdh13","ITC Foxp2/Tshz1 (a)",0.83668903803132,0.924731182795699,2.09553708133198,2.22123798937059,0.935828877005348,-9.91398389740277,-0.181348076662536,"Adhesion / synaptic organiser","homophilic (same cadherin/protocadherin)"
"Cdh18","ITC Foxp2/Tshz1 (a)",0.731543624161074,0.792114695340502,1.79784041395916,1.85177515726289,0.928571428571428,-19.7027804410355,-0.0778113866959032,"Adhesion / synaptic organiser","homophilic (same cadherin/protocadherin)"
"Pcdh7","ITC Foxp2/Tshz1 (a)",0.691275167785235,0.620071684587814,1.63970301732975,1.16654745306377,0.98125,-28.9974832214765,0.68261918613555,"Adhesion / synaptic organiser","homophilic (same cadherin/protocadherin)"
"Pcdh9","ITC Foxp2/Tshz1 (a)",0.988814317673378,1,3.75695535532019,3.5454036668335,1,-1.1185682326622,0.305204571871427,"Adhesion / synaptic organiser","homophilic (same cadherin/protocadherin)"
"Pcdh10","ITC Foxp2/Tshz1 (a)",0.237136465324385,0.28673835125448,0.421569542709315,0.384923085223501,0.715625,-47.8488534675615,0.0528696624809314,"Adhesion / synaptic organiser","homophilic (same cadherin/protocadherin)"
"Pcdh17","ITC Foxp2/Tshz1 (a)",0.402684563758389,0.39426523297491,0.76442211964204,0.569471735198097,0.825242718446602,-42.2558154688213,0.281253952856675,"Adhesion / synaptic organiser","homophilic (same cadherin/protocadherin)"
"Kirrel3","ITC Foxp2/Tshz1 (a)",0.984340044742729,0.991039426523297,3.41905195685325,3.22631784508372,1,-1.56599552572707,0.278056547260034,"Adhesion / synaptic organiser","Kirrel3 (homophilic)"
"Sdk1","ITC Foxp2/Tshz1 (a)",0.395973154362416,0.478494623655914,0.771942987116039,0.771762963504889,0.948717948717949,-55.2744794355533,0.000259719171049178,"Adhesion / synaptic organiser","Sdk1 (homophilic)"
"Sdk2","ITC Foxp2/Tshz1 (a)",0.366890380313199,0.60573476702509,0.731771380306358,1.00884299121081,0.666666666666667,-29.9776286353468,-0.399729839022971,"Adhesion / synaptic organiser","Sdk2 (homophilic)"
"Cntn4","ITC Foxp2/Tshz1 (a)",0.248322147651007,0.360215053763441,0.473011558947996,0.544316890844205,0.957446808510638,-70.9124660859632,-0.102871848715603,"Adhesion / synaptic organiser","Ptprg/App"
"Cntn5","ITC Foxp2/Tshz1 (a)",0.94407158836689,0.937275985663082,2.83250465295476,2.44193630421728,1,-5.59284116331097,0.563471019851762,"Adhesion / synaptic organiser","Ptprg"
"Cntn6","ITC Foxp2/Tshz1 (a)",0.123042505592841,0.0860215053763441,0.216746489975581,0.107589522094154,0.832151300236407,-70.9108794643565,0.15748021624101,"Adhesion / synaptic organiser","Ptprg/Chl1"
"Nectin3","ITC Foxp2/Tshz1 (a)",0.0514541387024608,0.043010752688172,0.0847861769130639,0.0502739476249036,0.391836734693878,-34.0382595991417,0.0497906220440517,"Adhesion / synaptic organiser","Nectin1"
"Igsf21","ITC Foxp2/Tshz1 (a)",0.152125279642058,0.247311827956989,0.259903211446095,0.347083611033718,0.615384615384615,-46.3259335742557,-0.125774730147782,"Adhesion / synaptic organiser","Nrxn2"
"Sema3a","ITC Foxp2/Kcnh5 (b)",0.0720720720720721,0.117647058823529,0.127511947447211,0.148237559183201,0.51875,-44.6677927927928,-0.0299007372709019,"Semaphorin","Nrp1/Plxna1-4"
"Sema3c","ITC Foxp2/Kcnh5 (b)",0.328828828828829,0.558823529411765,0.61390675524922,0.819277685420594,0.564102564102564,-23.5273735273735,-0.296287622500994,"Semaphorin","Nrp1-2/Plxnd1"
"Sema3d","ITC Foxp2/Kcnh5 (b)",0.00900900900900901,0.00840336134453781,0.0163969195485786,0.00955653578462534,0.10625,-9.7240990990991,0.00986858773403282,"Semaphorin","Nrp1/Plxnd1"
"Sema3e","ITC Foxp2/Kcnh5 (b)",0.0045045045045045,0.0336134453781513,0.00900509546282457,0.0433499258649479,0.384375,-37.9870495495496,-0.0495491165013158,"Semaphorin","Plxnd1"
"Sema3f","ITC Foxp2/Kcnh5 (b)",0.0315315315315315,0.0126050420168067,0.0549847903185749,0.0134374964872933,0.036036036036036,-0.450450450450451,0.0599400747727466,"Semaphorin","Nrp2/Plxna3"
"Sema5a","ITC Foxp2/Kcnh5 (b)",0.045045045045045,0.0336134453781513,0.0803043337663578,0.0402454196099121,0.517857142857143,-47.2812097812098,0.0577927967969009,"Semaphorin","Plxna1/a3"
"Sema5b","ITC Foxp2/Kcnh5 (b)",0.459459459459459,0.65546218487395,0.892091872619701,1.0959481317334,0.552631578947368,-9.31721194879089,-0.294102414077514,"Semaphorin","Plxna1/a3"
"Sema6a","ITC Foxp2/Kcnh5 (b)",0.355855855855856,0.516806722689076,0.699273978418058,0.785752089021908,0.684210526315789,-32.8354670459934,-0.124761541313622,"Semaphorin","Plxna2/a4"
"Sema6d","ITC Foxp2/Kcnh5 (b)",0.932432432432432,0.949579831932773,2.69611825980963,2.60646373402872,0.86875,6.36824324324324,0.129344139737374,"Semaphorin","Plxna1"
"Sema7a","ITC Foxp2/Kcnh5 (b)",0.00900900900900901,0.0126050420168067,0.0161963986289905,0.0118829941487931,0.107142857142857,-9.81338481338481,0.00622292725292903,"Semaphorin","Plxnc1/Itgb1"
"Efna1","ITC Foxp2/Kcnh5 (b)",0,0.00420168067226891,0,0.00303771743183796,0.00970873786407767,-0.970873786407767,-0.00438249987453459,"Ephrin","EphA"
"Efna2","ITC Foxp2/Kcnh5 (b)",0.0045045045045045,0.0126050420168067,0.00688019730372522,0.0153538063161474,0.0512820512820513,-4.67775467775468,-0.0122248337006535,"Ephrin","EphA"
"Efna3","ITC Foxp2/Kcnh5 (b)",0.0225225225225225,0.0294117647058824,0.0414729173062985,0.0310690433664579,0.0512820512820513,-2.87595287595288,0.015009617339042,"Ephrin","EphA"
"Efna5","ITC Foxp2/Kcnh5 (b)",0.0900900900900901,0.172268907563025,0.156419642691945,0.236829838175907,0.652482269503546,-56.2392179413456,-0.116007390261623,"Ephrin","EphA (Epha3-7)"
"Efnb1","ITC Foxp2/Kcnh5 (b)",0.036036036036036,0.0420168067226891,0.0629076611797432,0.0421013088451261,0.0454545454545455,-0.941850941850942,0.0300172213321405,"Ephrin","EphB"
"Efnb2","ITC Foxp2/Kcnh5 (b)",0.0495495495495495,0.130252100840336,0.0857101005410379,0.137868461878604,0.25,-20.045045045045,-0.0752486092426016,"Ephrin","EphB/Epha4"
"Efnb3","ITC Foxp2/Kcnh5 (b)",0.130630630630631,0.117647058823529,0.231012883145487,0.139054927345961,0.234375,-10.3744369369369,0.132667286802263,"Ephrin","EphB/Epha4"
"Slit1","ITC Foxp2/Kcnh5 (b)",0.135135135135135,0.327731092436975,0.244609761678375,0.439676802863231,0.641025641025641,-50.5890505890506,-0.281422252958274,"Slit/Netrin","Robo1-3"
"Slit2","ITC Foxp2/Kcnh5 (b)",0.31981981981982,0.365546218487395,0.646315631650141,0.607303991775685,0.878125,-55.830518018018,0.0562818993838233,"Slit/Netrin","Robo1-3"
"Slit3","ITC Foxp2/Kcnh5 (b)",0.0855855855855856,0.189075630252101,0.159769911174538,0.269031979964201,0.991869918699187,-90.6284333113601,-0.157631844800115,"Slit/Netrin","Robo1-3"
"Ntn1","ITC Foxp2/Kcnh5 (b)",0.0045045045045045,0.0252100840336134,0.00823065084705028,0.026203839067412,0.288288288288288,-28.3783783783784,-0.0259298295144798,"Slit/Netrin","Dcc/Unc5a-d/Neo1"
"Ntn4","ITC Foxp2/Kcnh5 (b)",0.0045045045045045,0.0294117647058824,0.00829838989924718,0.0380054246280839,0.134615384615385,-13.011088011088,-0.042858191682809,"Slit/Netrin","Unc5/Neo1"
"Ntng1","ITC Foxp2/Kcnh5 (b)",0.513513513513513,0.714285714285714,1.09097540297145,1.28770143637748,0.789598108747045,-27.6084595233531,-0.283815672808625,"Slit/Netrin","Lrrc4c (NGL-1)"
"Ntng2","ITC Foxp2/Kcnh5 (b)",0.0405405405405405,0.0420168067226891,0.0726841205251534,0.0572373542182306,0.328125,-28.7584459459459,0.0222849731487683,"Slit/Netrin","Lrrc4 (NGL-2)"
"Cxcl12","ITC Foxp2/Kcnh5 (b)",0.0045045045045045,0.00420168067226891,0.00823065084705028,0.00356263802087745,0.0357142857142857,-3.12097812097812,0.00673451895512562,"Secreted other","Cxcr4/Ackr3"
"Reln","ITC Foxp2/Kcnh5 (b)",0.0720720720720721,0.0840336134453781,0.136608689200113,0.107275130308098,0.795454545454546,-72.3382473382473,0.0423193799451352,"Secreted other","Vldlr/Lrp8"
"Wnt5a","ITC Foxp2/Kcnh5 (b)",0.0675675675675676,0.109243697478992,0.109443940382682,0.139153067180255,0.104166666666667,-3.65990990990991,-0.0428612098999997,"Secreted other","Ryk/Fzd"
"Wnt7b","ITC Foxp2/Kcnh5 (b)",0.00900900900900901,0.00840336134453781,0.0157841746900171,0.0104241872781468,0.0625,-5.3490990990991,0.00773282725833261,"Secreted other","Fzd"
"Fgf10","ITC Foxp2/Kcnh5 (b)",0.0135135135135135,0.0126050420168067,0.0228625761744306,0.0167448316037133,0.264227642276423,-25.0714128762909,0.00882603975359918,"Secreted other","Fgfr2"
"Bdnf","ITC Foxp2/Kcnh5 (b)",0.00900900900900901,0,0.017308379782095,0,0.131313131313131,-12.2304122304122,0.0249707136774512,"Secreted other","Ntrk2"
"Ntf3","ITC Foxp2/Kcnh5 (b)",0.018018018018018,0.0168067226890756,0.029532198543482,0.0190588917027945,0.0384615384615385,-2.04435204435204,0.0151097878407684,"Secreted other","Ntrk3/Ntrk2"
"Nrg1","ITC Foxp2/Kcnh5 (b)",0.788288288288288,0.848739495798319,2.08096710231546,2.06533824210017,1,-21.1711711711712,0.0225476791273529,"Secreted other","Erbb4"
"Nrg3","ITC Foxp2/Kcnh5 (b)",0.954954954954955,1,3.03042955423422,3.29057703465265,1,-4.5045045045045,-0.375313479899426,"Secreted other","Erbb4"
"Cbln1","ITC Foxp2/Kcnh5 (b)",0,0,0,0,0.0131578947368421,-1.31578947368421,0,"Secreted other","Nrxn + Grid2"
"Cbln2","ITC Foxp2/Kcnh5 (b)",0,0,0,0,0.0921052631578947,-9.21052631578947,0,"Secreted other","Nrxn + Grid1"
"Cbln4","ITC Foxp2/Kcnh5 (b)",0.00900900900900901,0.00420168067226891,0.0165272306035416,0.00318267564581714,0.115625,-10.6615990990991,0.0192521232603793,"Secreted other","Nrxn + Dcc/Neo1"
"C1ql2","ITC Foxp2/Kcnh5 (b)",0,0,0,0,0.00970873786407767,-0.970873786407767,0,"Secreted other","Adgrb3"
"C1ql3","ITC Foxp2/Kcnh5 (b)",0.0540540540540541,0.130252100840336,0.0986828683573823,0.177127822369251,0.853125,-79.9070945945946,-0.113172146135686,"Secreted other","Adgrb3"
"Flrt2","ITC Foxp2/Kcnh5 (b)",0.238738738738739,0.26890756302521,0.435428374639184,0.376088172709377,0.603125,-36.4386261261261,0.0856098150494821,"Adhesion / synaptic organiser","Unc5/Adgrl"
"Flrt3","ITC Foxp2/Kcnh5 (b)",0.252252252252252,0.323529411764706,0.465342044514206,0.440223018256831,0.607142857142857,-35.4890604890605,0.0362390946134743,"Adhesion / synaptic organiser","Unc5/Adgrl"
"Tenm2","ITC Foxp2/Kcnh5 (b)",0.963963963963964,0.96218487394958,2.84284865269401,2.60682526107178,1,-3.6036036036036,0.340509776627195,"Adhesion / synaptic organiser","Adgrl1-3"
"Tenm3","ITC Foxp2/Kcnh5 (b)",0.207207207207207,0.30672268907563,0.40881520247053,0.480092091941048,0.958333333333333,-75.1126126126126,-0.102830814969107,"Adhesion / synaptic organiser","Tenm3/Adgrl"
"Tenm4","ITC Foxp2/Kcnh5 (b)",0.828828828828829,0.949579831932773,2.08556852734326,2.44996836709644,0.955445544554455,-12.6616715725627,-0.525717841712642,"Adhesion / synaptic organiser","Adgrl"
"Lrrtm4","ITC Foxp2/Kcnh5 (b)",0.923423423423423,0.991596638655462,3.11936476994247,3.33082032252517,1,-7.65765765765766,-0.305065877079504,"Adhesion / synaptic organiser","Nrxn/Ptprs"
"Nlgn1","ITC Foxp2/Kcnh5 (b)",0.959459459459459,0.995798319327731,3.18103341599911,3.72988781914073,1,-4.05405405405406,-0.791829525582488,"Adhesion / synaptic organiser","Nrxn1-3"
"Cdh6","ITC Foxp2/Kcnh5 (b)",0.328828828828829,0.386554621848739,0.638088489330781,0.520412162400338,0.475247524752475,-14.6418695923646,0.169771053292577,"Adhesion / synaptic organiser","homophilic (same cadherin/protocadherin)"
"Cdh8","ITC Foxp2/Kcnh5 (b)",0.648648648648649,0.756302521008403,1.42731517024248,1.39327312082599,0.959375,-31.0726351351351,0.0491122958748699,"Adhesion / synaptic organiser","homophilic (same cadherin/protocadherin)"
"Cdh9","ITC Foxp2/Kcnh5 (b)",0.364864864864865,0.357142857142857,0.741798169632229,0.544214420383404,0.821875,-45.7010135135135,0.285053095201528,"Adhesion / synaptic organiser","homophilic (same cadherin/protocadherin)"
"Cdh10","ITC Foxp2/Kcnh5 (b)",0.31981981981982,0.445378151260504,0.644079116923059,0.660701283340444,0.794871794871795,-47.5051975051975,-0.0239807170591919,"Adhesion / synaptic organiser","homophilic (same cadherin/protocadherin)"
"Cdh11","ITC Foxp2/Kcnh5 (b)",0.0990990990990991,0.264705882352941,0.183233366885742,0.345234951601813,0.7375,-63.8400900900901,-0.233718882886029,"Adhesion / synaptic organiser","homophilic (same cadherin/protocadherin)"
"Cdh12","ITC Foxp2/Kcnh5 (b)",0.0540540540540541,0.046218487394958,0.0913039309272932,0.0720258473309596,0.615384615384615,-56.1330561330561,0.0278123956022734,"Adhesion / synaptic organiser","homophilic (same cadherin/protocadherin)"
"Cdh13","ITC Foxp2/Kcnh5 (b)",0.90990990990991,0.953781512605042,2.46948178552706,2.48445000126619,0.935828877005348,-2.59189670954376,-0.0215945706177929,"Adhesion / synaptic organiser","homophilic (same cadherin/protocadherin)"
"Cdh18","ITC Foxp2/Kcnh5 (b)",0.788288288288288,0.857142857142857,2.01401356000733,1.9959927000803,0.928571428571428,-14.028314028314,0.0259986052492833,"Adhesion / synaptic organiser","homophilic (same cadherin/protocadherin)"
"Pcdh7","ITC Foxp2/Kcnh5 (b)",0.752252252252252,0.852941176470588,1.92544175408883,1.81759573874277,0.98125,-22.8997747747748,0.155588911519392,"Adhesion / synaptic organiser","homophilic (same cadherin/protocadherin)"
"Pcdh9","ITC Foxp2/Kcnh5 (b)",0.86036036036036,0.953781512605042,2.63714131921232,2.53932358754146,1,-13.963963963964,0.141121156392551,"Adhesion / synaptic organiser","homophilic (same cadherin/protocadherin)"
"Pcdh10","ITC Foxp2/Kcnh5 (b)",0.22972972972973,0.315126050420168,0.422657285597957,0.439011704614785,0.715625,-48.589527027027,-0.0235944392121985,"Adhesion / synaptic organiser","homophilic (same cadherin/protocadherin)"
"Pcdh17","ITC Foxp2/Kcnh5 (b)",0.346846846846847,0.352941176470588,0.653661278811678,0.503253272813172,0.825242718446602,-47.8395871599755,0.216992884364042,"Adhesion / synaptic organiser","homophilic (same cadherin/protocadherin)"
"Kirrel3","ITC Foxp2/Kcnh5 (b)",0.977477477477477,0.978991596638655,3.56108904992601,3.07195544726182,1,-2.25225225225225,0.705670622895776,"Adhesion / synaptic organiser","Kirrel3 (homophilic)"
"Sdk1","ITC Foxp2/Kcnh5 (b)",0.472972972972973,0.453781512605042,1.00912146873846,0.732973490531465,0.948717948717949,-47.5744975744976,0.398397318710751,"Adhesion / synaptic organiser","Sdk1 (homophilic)"
"Sdk2","ITC Foxp2/Kcnh5 (b)",0.599099099099099,0.76890756302521,1.26856780351784,1.42099712553909,0.666666666666667,-6.75675675675675,-0.219909026966119,"Adhesion / synaptic organiser","Sdk2 (homophilic)"
"Cntn4","ITC Foxp2/Kcnh5 (b)",0.157657657657658,0.310924369747899,0.299933151859964,0.403550023679704,0.957446808510638,-79.9789150852981,-0.149487547126767,"Adhesion / synaptic organiser","Ptprg/App"
"Cntn5","ITC Foxp2/Kcnh5 (b)",0.887387387387387,0.899159663865546,2.75589245549753,2.23406273563611,1,-11.2612612612613,0.752841149032542,"Adhesion / synaptic organiser","Ptprg"
"Cntn6","ITC Foxp2/Kcnh5 (b)",0.0855855855855856,0.0840336134453781,0.150568981987992,0.105148591626814,0.832151300236407,-74.6565714650821,0.0655277719293133,"Adhesion / synaptic organiser","Ptprg/Chl1"
"Nectin3","ITC Foxp2/Kcnh5 (b)",0.0630630630630631,0.0294117647058824,0.109316324399424,0.0336952176706465,0.391836734693878,-32.8773671630815,0.109098195664143,"Adhesion / synaptic organiser","Nectin1"
"Igsf21","ITC Foxp2/Kcnh5 (b)",0.130630630630631,0.130252100840336,0.242147980202423,0.165553866405875,0.615384615384615,-48.4753984753985,0.110501948135564,"Adhesion / synaptic organiser","Nrxn2"
"Sema3a","CeA/MeA GABA Meis2/Tshz2",0.240556660039761,0.214673913043478,0.431180620984071,0.256903455514617,0.51875,-27.8193339960239,0.251428802362967,"Semaphorin","Nrp1/Plxna1-4"
"Sema3c","CeA/MeA GABA Meis2/Tshz2",0.439363817097415,0.627717391304348,0.728656676276295,0.850108883017942,0.564102564102564,-12.4738747005149,-0.175218496371195,"Semaphorin","Nrp1-2/Plxnd1"
"Sema3d","CeA/MeA GABA Meis2/Tshz2",0.0119284294234592,0.0271739130434783,0.0190301105303893,0.0282053631177936,0.10625,-9.43215705765408,-0.0132370914067518,"Semaphorin","Nrp1/Plxnd1"
"Sema3e","CeA/MeA GABA Meis2/Tshz2",0.0576540755467197,0.0896739130434783,0.0950954731558262,0.100677918589157,0.384375,-32.672092445328,-0.00805376634269956,"Semaphorin","Plxnd1"
"Sema3f","CeA/MeA GABA Meis2/Tshz2",0.0337972166998012,0.0271739130434783,0.0470416442535688,0.0260964764003682,0.036036036036036,-0.223881933623485,0.0302174897923995,"Semaphorin","Nrp2/Plxna3"
"Sema5a","CeA/MeA GABA Meis2/Tshz2",0.222664015904573,0.339673913043478,0.378282338790928,0.457584104542266,0.517857142857143,-29.519312695257,-0.114408264183194,"Semaphorin","Plxna1/a3"
"Sema5b","CeA/MeA GABA Meis2/Tshz2",0.125248508946322,0.16304347826087,0.190642373348998,0.202217778098857,0.552631578947368,-42.7383070001046,-0.0166997790289045,"Semaphorin","Plxna1/a3"
"Sema6a","CeA/MeA GABA Meis2/Tshz2",0.300198807157058,0.339673913043478,0.508761297795847,0.433701723520822,0.684210526315789,-38.4011719158732,0.108288075577815,"Semaphorin","Plxna2/a4"
"Sema6d","CeA/MeA GABA Meis2/Tshz2",0.675944333996024,0.60054347826087,1.58545069518273,1.16646029389108,0.932432432432432,-25.6488098436409,0.604475374123541,"Semaphorin","Plxna1"
"Sema7a","CeA/MeA GABA Meis2/Tshz2",0.00596421471172962,0.016304347826087,0.00851608586676157,0.0177260711550756,0.107142857142857,-10.1178642431128,-0.013287200102111,"Semaphorin","Plxnc1/Itgb1"
"Efna1","CeA/MeA GABA Meis2/Tshz2",0,0.00543478260869565,0,0.00426010359947494,0.00970873786407767,-0.970873786407767,-0.00614603033663572,"Ephrin","EphA"
"Efna2","CeA/MeA GABA Meis2/Tshz2",0.0139165009940358,0.0271739130434783,0.019556001378696,0.0206767556755059,0.0512820512820513,-3.73655502880155,-0.00161690666606264,"Ephrin","EphA"
"Efna3","CeA/MeA GABA Meis2/Tshz2",0.0139165009940358,0.0380434782608696,0.0174508771051201,0.0366075032439573,0.0512820512820513,-3.73655502880155,-0.0276371695306644,"Ephrin","EphA"
"Efna5","CeA/MeA GABA Meis2/Tshz2",0.347912524850895,0.429347826086956,0.629967791312416,0.666687684327371,0.652482269503546,-30.4569744652651,-0.0529756075546486,"Ephrin","EphA (Epha3-7)"
"Efnb1","CeA/MeA GABA Meis2/Tshz2",0.0139165009940358,0.0326086956521739,0.021909509691484,0.0323959470386832,0.0454545454545455,-3.15380444605097,-0.0151287311573971,"Ephrin","EphB"
"Efnb2","CeA/MeA GABA Meis2/Tshz2",0.119284294234592,0.184782608695652,0.173766457245099,0.190022734677871,0.25,-13.0715705765408,-0.0234528508355753,"Ephrin","EphB/Epha4"
"Efnb3","CeA/MeA GABA Meis2/Tshz2",0.149105367793241,0.154891304347826,0.217623369155781,0.159973026513803,0.234375,-8.52696322067595,0.0831718634351314,"Ephrin","EphB/Epha4"
"Slit1","CeA/MeA GABA Meis2/Tshz2",0.318091451292246,0.434782608695652,0.512215244067239,0.56290006794182,0.641025641025641,-32.2934189733394,-0.0731227440521888,"Slit/Netrin","Robo1-3"
"Slit2","CeA/MeA GABA Meis2/Tshz2",0.429423459244533,0.347826086956522,0.823013141112012,0.505113851108634,0.878125,-44.8701540755467,0.458631729189996,"Slit/Netrin","Robo1-3"
"Slit3","CeA/MeA GABA Meis2/Tshz2",0.447316103379722,0.548913043478261,0.910508059472705,0.960211550344566,0.991869918699187,-54.4553815319465,-0.0717069797957027,"Slit/Netrin","Robo1-3"
"Ntn1","CeA/MeA GABA Meis2/Tshz2",0.0457256461232604,0.0244565217391304,0.0720437647376851,0.0273141179561023,0.288288288288288,-24.2562642165028,0.0645312395925045,"Slit/Netrin","Dcc/Unc5a-d/Neo1"
"Ntn4","CeA/MeA GABA Meis2/Tshz2",0.0159045725646123,0.0217391304347826,0.0284267761374655,0.0201828999097249,0.134615384615385,-11.8710812050772,0.0118933993514637,"Slit/Netrin","Unc5/Neo1"
"Ntng1","CeA/MeA GABA Meis2/Tshz2",0.431411530815109,0.52445652173913,0.866380396338629,0.938366808648586,0.789598108747045,-35.8186577931936,-0.103854440050964,"Slit/Netrin","Lrrc4c (NGL-1)"
"Ntng2","CeA/MeA GABA Meis2/Tshz2",0.0178926441351889,0.0353260869565217,0.0287184370974402,0.0429991997812195,0.328125,-31.0232355864811,-0.0206027855040005,"Slit/Netrin","Lrrc4 (NGL-2)"
"Cxcl12","CeA/MeA GABA Meis2/Tshz2",0.00198807157057654,0,0.00317822240537482,0,0.0357142857142857,-3.37262141437092,0.00458520570307645,"Secreted other","Cxcr4/Ackr3"
"Reln","CeA/MeA GABA Meis2/Tshz2",0.190854870775348,0.222826086956522,0.360517449848039,0.336462287753617,0.795454545454546,-60.4599674679198,0.0347042630614032,"Secreted other","Vldlr/Lrp8"
"Wnt5a","CeA/MeA GABA Meis2/Tshz2",0.0099403578528827,0.0271739130434783,0.0143811022675742,0.0328120698031537,0.104166666666667,-9.4226308813784,-0.026590265462366,"Secreted other","Ryk/Fzd"
"Wnt7b","CeA/MeA GABA Meis2/Tshz2",0.00596421471172962,0.0135869565217391,0.00572562137588939,0.0106602298070998,0.0625,-5.65357852882704,-0.0071191351124361,"Secreted other","Fzd"
"Fgf10","CeA/MeA GABA Meis2/Tshz2",0.0218687872763419,0.114130434782609,0.0371393977913995,0.133505513385918,0.264227642276423,-24.2358855000081,-0.139026917077944,"Secreted other","Fgfr2"
"Bdnf","CeA/MeA GABA Meis2/Tshz2",0.0318091451292246,0.0271739130434783,0.0428867140081519,0.0231546969049157,0.131313131313131,-9.95039861839066,0.028467283221575,"Secreted other","Ntrk2"
"Ntf3","CeA/MeA GABA Meis2/Tshz2",0.0159045725646123,0.0217391304347826,0.0182940361452123,0.021472654989032,0.0384615384615385,-2.25569658969261,-0.0045857776428548,"Secreted other","Ntrk3/Ntrk2"
"Nrg1","CeA/MeA GABA Meis2/Tshz2",0.932405566600398,0.923913043478261,2.98302692771831,2.77692276288295,1,-6.75944333996025,0.297345456514535,"Secreted other","Erbb4"
"Nrg3","CeA/MeA GABA Meis2/Tshz2",0.946322067594433,0.980978260869565,3.2916457296437,3.26326230449669,1,-5.36779324055667,0.0409486267030387,"Secreted other","Erbb4"
"Cbln1","CeA/MeA GABA Meis2/Tshz2",0,0,0,0,0.0131578947368421,-1.31578947368421,0,"Secreted other","Nrxn + Grid2"
"Cbln2","CeA/MeA GABA Meis2/Tshz2",0.0119284294234592,0.00815217391304348,0.0172393458553271,0.00720528952698006,0.0921052631578947,-8.01768337344355,0.0144760833049068,"Secreted other","Nrxn + Grid1"
"Cbln4","CeA/MeA GABA Meis2/Tshz2",0.0159045725646123,0.0407608695652174,0.0279453755407041,0.0393739866790019,0.115625,-9.97204274353877,-0.0164880006134705,"Secreted other","Nrxn + Dcc/Neo1"
"C1ql2","CeA/MeA GABA Meis2/Tshz2",0,0,0,0,0.00970873786407767,-0.970873786407767,0,"Secreted other","Adgrb3"
"C1ql3","CeA/MeA GABA Meis2/Tshz2",0.0675944333996024,0.135869565217391,0.101547185197315,0.131906605735041,0.853125,-78.5530566600398,-0.0437993854540402,"Secreted other","Adgrb3"
"Flrt2","CeA/MeA GABA Meis2/Tshz2",0.232604373757455,0.28804347826087,0.372650544141219,0.327551080327716,0.603125,-37.0520626242545,0.0650647727904926,"Adhesion / synaptic organiser","Unc5/Adgrl"
"Flrt3","CeA/MeA GABA Meis2/Tshz2",0.487077534791252,0.543478260869565,0.885249897899187,0.72971795655042,0.607142857142857,-12.0065322351605,0.224385160483698,"Adhesion / synaptic organiser","Unc5/Adgrl"
"Tenm2","CeA/MeA GABA Meis2/Tshz2",0.870775347912525,0.956521739130435,2.76261949173536,2.65755337761964,1,-12.9224652087475,0.151578361800235,"Adhesion / synaptic organiser","Adgrl1-3"
"Tenm3","CeA/MeA GABA Meis2/Tshz2",0.709741550695825,0.709239130434783,1.61797534311652,1.36820096434768,0.958333333333333,-24.8591782637508,0.36034825759093,"Adhesion / synaptic organiser","Tenm3/Adgrl"
"Tenm4","CeA/MeA GABA Meis2/Tshz2",0.866799204771372,0.910326086956522,2.0347807809621,2.04029701721182,0.955445544554455,-8.86463397830837,-0.00795824668184598,"Adhesion / synaptic organiser","Adgrl"
"Lrrtm4","CeA/MeA GABA Meis2/Tshz2",0.936381709741551,0.978260869565217,3.31611371342229,3.42392034773047,1,-6.36182902584495,-0.155532096691342,"Adhesion / synaptic organiser","Nrxn/Ptprs"
"Nlgn1","CeA/MeA GABA Meis2/Tshz2",0.970178926441352,0.983695652173913,3.31561697246032,3.36393192730913,1,-2.98210735586482,-0.0697037457611655,"Adhesion / synaptic organiser","Nrxn1-3"
"Cdh6","CeA/MeA GABA Meis2/Tshz2",0.157057654075547,0.157608695652174,0.254607164700133,0.183850794916318,0.475247524752475,-31.8189870676928,0.102079863798416,"Adhesion / synaptic organiser","homophilic (same cadherin/protocadherin)"
"Cdh8","CeA/MeA GABA Meis2/Tshz2",0.566600397614314,0.638586956521739,1.19848904489533,1.09205224177221,0.959375,-39.2774602385686,0.153555848033801,"Adhesion / synaptic organiser","homophilic (same cadherin/protocadherin)"
"Cdh9","CeA/MeA GABA Meis2/Tshz2",0.210735586481113,0.339673913043478,0.341056677596363,0.407939500362391,0.821875,-61.1139413518887,-0.0964915167252049,"Adhesion / synaptic organiser","homophilic (same cadherin/protocadherin)"
"Cdh10","CeA/MeA GABA Meis2/Tshz2",0.463220675944334,0.58695652173913,0.842266571846366,0.932939955052163,0.794871794871795,-33.1651118927461,-0.130814040291627,"Adhesion / synaptic organiser","homophilic (same cadherin/protocadherin)"
"Cdh11","CeA/MeA GABA Meis2/Tshz2",0.302186878727634,0.372282608695652,0.501440988353964,0.455467443827279,0.7375,-43.5313121272366,0.0663258047007362,"Adhesion / synaptic organiser","homophilic (same cadherin/protocadherin)"
"Cdh12","CeA/MeA GABA Meis2/Tshz2",0.272365805168986,0.364130434782609,0.516652106709568,0.612167239264113,0.615384615384615,-34.3018810215629,-0.137799208066294,"Adhesion / synaptic organiser","homophilic (same cadherin/protocadherin)"
"Cdh13","CeA/MeA GABA Meis2/Tshz2",0.713717693836978,0.744565217391304,1.69414010653599,1.64282259413988,0.935828877005348,-22.211118316837,0.0740355206446214,"Adhesion / synaptic organiser","homophilic (same cadherin/protocadherin)"
"Cdh18","CeA/MeA GABA Meis2/Tshz2",0.733598409542743,0.782608695652174,1.85660909307017,1.74184042143691,0.928571428571428,-19.4973019028685,0.165576193414717,"Adhesion / synaptic organiser","homophilic (same cadherin/protocadherin)"
"Pcdh7","CeA/MeA GABA Meis2/Tshz2",0.924453280318091,0.910326086956522,2.70137643842656,2.30004497420543,0.98125,-5.67967196819087,0.578998913184528,"Adhesion / synaptic organiser","homophilic (same cadherin/protocadherin)"
"Pcdh9","CeA/MeA GABA Meis2/Tshz2",0.928429423459244,0.97554347826087,3.10449978180681,3.06029256741534,1,-7.15705765407556,0.0637775289740909,"Adhesion / synaptic organiser","homophilic (same cadherin/protocadherin)"
"Pcdh10","CeA/MeA GABA Meis2/Tshz2",0.357852882703777,0.326086956521739,0.59135298379953,0.378790749370861,0.715625,-35.7772117296223,0.306662481490517,"Adhesion / synaptic organiser","homophilic (same cadherin/protocadherin)"
"Pcdh17","CeA/MeA GABA Meis2/Tshz2",0.461232604373757,0.578804347826087,0.845234917954487,0.834572520353398,0.825242718446602,-36.4010114072845,0.0153825881430781,"Adhesion / synaptic organiser","homophilic (same cadherin/protocadherin)"
"Kirrel3","CeA/MeA GABA Meis2/Tshz2",0.938369781312127,0.918478260869565,2.92164733914597,2.68654758452776,1,-6.16302186878729,0.339177250101897,"Adhesion / synaptic organiser","Kirrel3 (homophilic)"
"Sdk1","CeA/MeA GABA Meis2/Tshz2",0.499005964214712,0.5,1.12472461445007,0.913345504651175,0.948717948717949,-44.9711984503237,0.304955593454396,"Adhesion / synaptic organiser","Sdk1 (homophilic)"
"Sdk2","CeA/MeA GABA Meis2/Tshz2",0.328031809145129,0.388586956521739,0.565258965068797,0.489011479025878,0.666666666666667,-33.8634857521537,0.110001869994371,"Adhesion / synaptic organiser","Sdk2 (homophilic)"
"Cntn4","CeA/MeA GABA Meis2/Tshz2",0.512922465208748,0.6875,1.22111794612322,1.42012993500452,0.957446808510638,-44.4524343301891,-0.287113609436503,"Adhesion / synaptic organiser","Ptprg/App"
"Cntn5","CeA/MeA GABA Meis2/Tshz2",0.916500994035785,0.91304347826087,2.83199666954087,2.58508641438673,1,-8.34990059642148,0.356216200655496,"Adhesion / synaptic organiser","Ptprg"
"Cntn6","CeA/MeA GABA Meis2/Tshz2",0.300198807157058,0.472826086956522,0.52837526148497,0.647872479650939,0.832151300236407,-53.1952493079349,-0.17239804404807,"Adhesion / synaptic organiser","Ptprg/Chl1"
"Nectin3","CeA/MeA GABA Meis2/Tshz2",0.141153081510934,0.103260869565217,0.210267194259385,0.0976405557026315,0.391836734693878,-25.0683653182943,0.162485892917822,"Adhesion / synaptic organiser","Nectin1"
"Igsf21","CeA/MeA GABA Meis2/Tshz2",0.226640159045726,0.28804347826087,0.377920986065716,0.354934900147975,0.615384615384615,-38.874445633889,0.033161912162972,"Adhesion / synaptic organiser","Nrxn2"
"Sema3a","CeA GABA Prkcd/Calcrl",0.177304964539007,0.162790697674419,0.293963574872397,0.186727648746857,0.51875,-34.1445035460993,0.154708738826453,"Semaphorin","Nrp1/Plxna1-4"
"Sema3c","CeA GABA Prkcd/Calcrl",0.411347517730496,0.744186046511628,0.658808425357835,0.948034129111489,0.564102564102564,-15.2755046372068,-0.417264488503018,"Semaphorin","Nrp1-2/Plxnd1"
"Sema3d","CeA GABA Prkcd/Calcrl",0.00709219858156028,0,0.0118764008969605,0,0.10625,-9.91578014184397,0.0171340246776542,"Semaphorin","Nrp1/Plxnd1"
"Sema3e","CeA GABA Prkcd/Calcrl",0.0567375886524823,0.0465116279069767,0.086280879599307,0.0352170560755736,0.384375,-32.7637411347518,0.0736695249665194,"Semaphorin","Plxnd1"
"Sema3f","CeA GABA Prkcd/Calcrl",0.0212765957446809,0.0465116279069767,0.027514746460018,0.0373365282616894,0.036036036036036,-1.47594402913552,-0.0141698358979649,"Semaphorin","Nrp2/Plxna3"
"Sema5a","CeA GABA Prkcd/Calcrl",0.163120567375887,0.325581395348837,0.247768693193669,0.365242267851822,0.517857142857143,-35.4736575481256,-0.169478543594817,"Semaphorin","Plxna1/a3"
"Sema5b","CeA GABA Prkcd/Calcrl",0.049645390070922,0.0697674418604651,0.0681346298070203,0.107716105278364,0.552631578947368,-50.2986188876446,-0.0571039983735764,"Semaphorin","Plxna1/a3"
"Sema6a","CeA GABA Prkcd/Calcrl",0.0851063829787234,0.0697674418604651,0.122851530229706,0.0785142977460303,0.684210526315789,-59.9104143337066,0.0639651054309393,"Semaphorin","Plxna2/a4"
"Sema6d","CeA GABA Prkcd/Calcrl",0.219858156028369,0.325581395348837,0.396585221934169,0.486932071266795,0.932432432432432,-71.2574276404064,-0.130342951492121,"Semaphorin","Plxna1"
"Sema7a","CeA GABA Prkcd/Calcrl",0.00709219858156028,0,0.00922303408955003,0,0.107142857142857,-10.0050658561297,0.0133060255429437,"Semaphorin","Plxnc1/Itgb1"
"Efna1","CeA GABA Prkcd/Calcrl",0,0,0,0,0.00970873786407767,-0.970873786407767,0,"Ephrin","EphA"
"Efna2","CeA GABA Prkcd/Calcrl",0.00709219858156028,0.0465116279069767,0.00896415562269073,0.0481671563925027,0.0512820512820513,-4.4189852700491,-0.0565579747985739,"Ephrin","EphA"
"Efna3","CeA GABA Prkcd/Calcrl",0.0141843971631206,0.0930232558139535,0.0167471070710237,0.0816008743880223,0.0512820512820513,-3.70976541189307,-0.0935642084912006,"Ephrin","EphA"
"Efna5","CeA GABA Prkcd/Calcrl",0.652482269503546,0.651162790697674,1.3015770836042,1.1783295147195,0.65,0.248226950354602,0.177808656431575,"Ephrin","EphA (Epha3-7)"
"Efnb1","CeA GABA Prkcd/Calcrl",0.00709219858156028,0.0930232558139535,0.00847416470925023,0.101975943983165,0.0454545454545455,-3.83623468729852,-0.134894553272771,"Ephrin","EphB"
"Efnb2","CeA GABA Prkcd/Calcrl",0.120567375886525,0.186046511627907,0.163723747693269,0.20662965891952,0.25,-12.9432624113475,-0.0619001453509344,"Ephrin","EphB/Epha4"
"Efnb3","CeA GABA Prkcd/Calcrl",0.0851063829787234,0.209302325581395,0.119265116183572,0.216165023843951,0.234375,-14.9268617021277,-0.139797016244227,"Ephrin","EphB/Epha4"
"Slit1","CeA GABA Prkcd/Calcrl",0.141843971631206,0.232558139534884,0.221078262954071,0.222596513904933,0.641025641025641,-49.9181669394435,-0.00219037311763352,"Slit/Netrin","Robo1-3"
"Slit2","CeA GABA Prkcd/Calcrl",0.156028368794326,0.162790697674419,0.239468243011391,0.240425347254188,0.878125,-72.2096631205674,-0.00138080954469592,"Slit/Netrin","Robo1-3"
"Slit3","CeA GABA Prkcd/Calcrl",0.780141843971631,0.837209302325581,1.8097177374032,1.61150024776435,0.991869918699187,-21.1728074727556,0.28596738931944,"Slit/Netrin","Robo1-3"
"Ntn1","CeA GABA Prkcd/Calcrl",0.0425531914893617,0.232558139534884,0.0501721693041883,0.301158426230426,0.288288288288288,-24.5735096798927,-0.362096628198767,"Slit/Netrin","Dcc/Unc5a-d/Neo1"
"Ntn4","CeA GABA Prkcd/Calcrl",0.00709219858156028,0,0.0111432755027375,0,0.134615384615385,-12.7523186033824,0.0160763483070589,"Slit/Netrin","Unc5/Neo1"
"Ntng1","CeA GABA Prkcd/Calcrl",0.141843971631206,0.348837209302326,0.241819975840872,0.446017825107275,0.789598108747045,-64.7754137115839,-0.294595224496832,"Slit/Netrin","Lrrc4c (NGL-1)"
"Ntng2","CeA GABA Prkcd/Calcrl",0.0141843971631206,0,0.0260581059153898,0,0.328125,-31.3940602836879,0.0375939001790923,"Slit/Netrin","Lrrc4 (NGL-2)"
"Cxcl12","CeA GABA Prkcd/Calcrl",0,0,0,0,0.0357142857142857,-3.57142857142857,0,"Secreted other","Cxcr4/Ackr3"
"Reln","CeA GABA Prkcd/Calcrl",0.0851063829787234,0.0232558139534884,0.136486017631716,0.0252824460469142,0.795454545454546,-71.0348162475822,0.160432841254534,"Secreted other","Vldlr/Lrp8"
"Wnt5a","CeA GABA Prkcd/Calcrl",0,0.0232558139534884,0,0.0131811889591922,0.104166666666667,-10.4166666666667,-0.019016435944447,"Secreted other","Ryk/Fzd"
"Wnt7b","CeA GABA Prkcd/Calcrl",0,0,0,0,0.0625,-6.25,0,"Secreted other","Fzd"
"Fgf10","CeA GABA Prkcd/Calcrl",0.0141843971631206,0,0.0173084258791882,0,0.264227642276423,-25.0043245113302,0.024970780181499,"Secreted other","Fgfr2"
"Bdnf","CeA GABA Prkcd/Calcrl",0.0141843971631206,0.0232558139534884,0.0233376788213614,0.0188636885113794,0.131313131313131,-11.7128734150011,0.0064546036331964,"Secreted other","Ntrk2"
"Ntf3","CeA GABA Prkcd/Calcrl",0.0283687943262411,0,0.0410179148431437,0,0.0384615384615385,-1.00927441352973,0.0591763423318092,"Secreted other","Ntrk3/Ntrk2"
"Nrg1","CeA GABA Prkcd/Calcrl",0.886524822695035,0.976744186046512,3.02318151491795,2.8700705360376,1,-11.3475177304965,0.220892449936336,"Secreted other","Erbb4"
"Nrg3","CeA GABA Prkcd/Calcrl",0.964539007092199,0.953488372093023,3.05172828561584,2.69859617813145,1,-3.54609929078015,0.509461940246394,"Secreted other","Erbb4"
"Cbln1","CeA GABA Prkcd/Calcrl",0,0,0,0,0.0131578947368421,-1.31578947368421,0,"Secreted other","Nrxn + Grid2"
"Cbln2","CeA GABA Prkcd/Calcrl",0,0,0,0,0.0921052631578947,-9.21052631578947,0,"Secreted other","Nrxn + Grid1"
"Cbln4","CeA GABA Prkcd/Calcrl",0.00709219858156028,0,0.00885079689268239,0,0.115625,-10.853280141844,0.0127690007849883,"Secreted other","Nrxn + Dcc/Neo1"
"C1ql2","CeA GABA Prkcd/Calcrl",0.00709219858156028,0,0.01107101244704,0,0.00970873786407767,-0.261653928251739,0.0159720947549645,"Secreted other","Adgrb3"
"C1ql3","CeA GABA Prkcd/Calcrl",0.049645390070922,0.0465116279069767,0.0808821676736562,0.0543438966494513,0.853125,-80.3479609929078,0.0382866320003877,"Secreted other","Adgrb3"
"Flrt2","CeA GABA Prkcd/Calcrl",0.276595744680851,0.395348837209302,0.441718066672881,0.461217242889092,0.603125,-32.6529255319149,-0.0281313648285476,"Adhesion / synaptic organiser","Unc5/Adgrl"
"Flrt3","CeA GABA Prkcd/Calcrl",0.382978723404255,0.441860465116279,0.678666704620666,0.575271863619734,0.607142857142857,-22.4164133738602,0.149167224365548,"Adhesion / synaptic organiser","Unc5/Adgrl"
"Tenm2","CeA GABA Prkcd/Calcrl",0.794326241134752,0.930232558139535,2.44548393467636,2.68164913334237,1,-20.5673758865248,-0.340714360946002,"Adhesion / synaptic organiser","Adgrl1-3"
"Tenm3","CeA GABA Prkcd/Calcrl",0.609929078014184,0.674418604651163,1.29177343100277,1.3092006575311,0.958333333333333,-34.8404255319149,-0.0251421732888641,"Adhesion / synaptic organiser","Tenm3/Adgrl"
"Tenm4","CeA GABA Prkcd/Calcrl",0.843971631205674,0.906976744186046,2.04441359396277,2.04817884014117,0.955445544554455,-11.1473913348782,-0.00543210198930495,"Adhesion / synaptic organiser","Adgrl"
"Lrrtm4","CeA GABA Prkcd/Calcrl",1,1,3.88496075088502,3.53217322616461,0.983333333333333,1.66666666666667,0.508964812401628,"Adhesion / synaptic organiser","Nrxn/Ptprs"
"Nlgn1","CeA GABA Prkcd/Calcrl",0.978723404255319,1,3.33264272092418,3.32877191720814,1,-2.12765957446809,0.00558438932539378,"Adhesion / synaptic organiser","Nrxn1-3"
"Cdh6","CeA GABA Prkcd/Calcrl",0.156028368794326,0.13953488372093,0.250706955037008,0.156688629388021,0.475247524752475,-31.9219155958149,0.135639772166477,"Adhesion / synaptic organiser","homophilic (same cadherin/protocadherin)"
"Cdh8","CeA GABA Prkcd/Calcrl",0.425531914893617,0.465116279069767,0.763629232730307,0.635177913323396,0.959375,-53.3843085106383,0.185316081503995,"Adhesion / synaptic organiser","homophilic (same cadherin/protocadherin)"
"Cdh9","CeA GABA Prkcd/Calcrl",0.50354609929078,0.441860465116279,1.01454624564296,0.653719421252653,0.821875,-31.832890070922,0.520563070167612,"Adhesion / synaptic organiser","homophilic (same cadherin/protocadherin)"
"Cdh10","CeA GABA Prkcd/Calcrl",0.269503546099291,0.395348837209302,0.472083955902863,0.533151981089326,0.794871794871795,-52.5368248772504,-0.0881025370933928,"Adhesion / synaptic organiser","homophilic (same cadherin/protocadherin)"
"Cdh11","CeA GABA Prkcd/Calcrl",0.134751773049645,0.116279069767442,0.211407169907923,0.129868776463699,0.7375,-60.2748226950355,0.117635035864035,"Adhesion / synaptic organiser","homophilic (same cadherin/protocadherin)"
"Cdh12","CeA GABA Prkcd/Calcrl",0.290780141843972,0.441860465116279,0.543658611293621,0.63745436156584,0.615384615384615,-32.4604473540644,-0.135318663774191,"Adhesion / synaptic organiser","homophilic (same cadherin/protocadherin)"
"Cdh13","CeA GABA Prkcd/Calcrl",0.74468085106383,0.790697674418605,1.82068792048263,1.53055833007779,0.935828877005348,-19.1148025941518,0.418568521292207,"Adhesion / synaptic organiser","homophilic (same cadherin/protocadherin)"
"Cdh18","CeA GABA Prkcd/Calcrl",0.773049645390071,0.767441860465116,2.02219193820904,1.71157161722424,0.928571428571428,-15.5521783181358,0.448130396684114,"Adhesion / synaptic organiser","homophilic (same cadherin/protocadherin)"
"Pcdh7","CeA GABA Prkcd/Calcrl",0.75886524822695,0.837209302325581,1.79525619900747,1.62176644715873,0.98125,-22.238475177305,0.250292804637243,"Adhesion / synaptic organiser","homophilic (same cadherin/protocadherin)"
"Pcdh9","CeA GABA Prkcd/Calcrl",0.872340425531915,1,2.54848039531026,2.93342660349396,1,-12.7659574468085,-0.555359985555632,"Adhesion / synaptic organiser","homophilic (same cadherin/protocadherin)"
"Pcdh10","CeA GABA Prkcd/Calcrl",0.177304964539007,0.209302325581395,0.286621733010234,0.1940189826321,0.715625,-53.8320035460993,0.133597528743212,"Adhesion / synaptic organiser","homophilic (same cadherin/protocadherin)"
"Pcdh17","CeA GABA Prkcd/Calcrl",0.51063829787234,0.604651162790698,0.883322720397972,0.72213307410723,0.825242718446602,-31.4604420574262,0.232547503346299,"Adhesion / synaptic organiser","homophilic (same cadherin/protocadherin)"
"Kirrel3","CeA GABA Prkcd/Calcrl",0.851063829787234,0.883720930232558,2.10541866530566,2.06408509128532,1,-14.8936170212766,0.0596317422613646,"Adhesion / synaptic organiser","Kirrel3 (homophilic)"
"Sdk1","CeA GABA Prkcd/Calcrl",0.141843971631206,0.186046511627907,0.228339712905286,0.215114738625135,0.948717948717949,-80.6873977086743,0.0190796048098573,"Adhesion / synaptic organiser","Sdk1 (homophilic)"
"Sdk2","CeA GABA Prkcd/Calcrl",0.312056737588652,0.488372093023256,0.541087904456439,0.747716625309561,0.666666666666667,-35.4609929078014,-0.298102230880029,"Adhesion / synaptic organiser","Sdk2 (homophilic)"
"Cntn4","CeA GABA Prkcd/Calcrl",0.333333333333333,0.395348837209302,0.59493467272439,0.605036188733107,0.957446808510638,-62.4113475177305,-0.0145734070512362,"Adhesion / synaptic organiser","Ptprg/App"
"Cntn5","CeA GABA Prkcd/Calcrl",0.957446808510638,0.953488372093023,2.8702267899647,2.51027855256155,1,-4.25531914893618,0.519295537078254,"Adhesion / synaptic organiser","Ptprg"
"Cntn6","CeA GABA Prkcd/Calcrl",0.106382978723404,0.255813953488372,0.166812280736333,0.262841791086643,0.832151300236407,-72.5768321513002,-0.138541298361388,"Adhesion / synaptic organiser","Ptprg/Chl1"
"Nectin3","CeA GABA Prkcd/Calcrl",0.283687943262411,0.186046511627907,0.439983398025657,0.167004149202856,0.391836734693878,-10.8148791431466,0.393825808542249,"Adhesion / synaptic organiser","Nectin1"
"Igsf21","CeA GABA Prkcd/Calcrl",0.156028368794326,0.116279069767442,0.232439369955204,0.12636208854841,0.615384615384615,-45.9356246590289,0.153037167836564,"Adhesion / synaptic organiser","Nrxn2"
"Sema3a","D2 SPN-like Adora2a",0.267326732673267,0.303571428571429,0.438603297957198,0.369444481561352,0.51875,-25.1423267326733,0.0997750814480362,"Semaphorin","Nrp1/Plxna1-4"
"Sema3c","D2 SPN-like Adora2a",0.415841584158416,0.553571428571428,0.716371653268465,0.721460821550173,0.564102564102564,-14.8260979944148,-0.00734211784226909,"Semaphorin","Nrp1-2/Plxnd1"
"Sema3d","D2 SPN-like Adora2a",0.0099009900990099,0,0.0155528158849145,0,0.10625,-9.63490099009901,0.0224379703490252,"Semaphorin","Nrp1/Plxnd1"
"Sema3e","D2 SPN-like Adora2a",0.148514851485149,0.25,0.23452741305662,0.325719532585176,0.384375,-23.5860148514852,-0.131562418612002,"Semaphorin","Plxnd1"
"Sema3f","D2 SPN-like Adora2a",0.0148514851485149,0.0357142857142857,0.0173749662123463,0.0340104400977262,0.036036036036036,-2.11845508875212,-0.0239999156772754,"Semaphorin","Nrp2/Plxna3"
"Sema5a","D2 SPN-like Adora2a",0.0792079207920792,0.0535714285714286,0.128134560998693,0.0651138888793075,0.517857142857143,-43.8649222065064,0.0909196111401265,"Semaphorin","Plxna1/a3"
"Sema5b","D2 SPN-like Adora2a",0.0643564356435644,0.214285714285714,0.0995653240902824,0.261171582367858,0.552631578947368,-48.8275143303804,-0.233148547393679,"Semaphorin","Plxna1/a3"
"Sema6a","D2 SPN-like Adora2a",0.0742574257425743,0.0535714285714286,0.117677921724225,0.0573970996130197,0.684210526315789,-60.9953100573215,0.0869668431205458,"Semaphorin","Plxna2/a4"
"Sema6d","D2 SPN-like Adora2a",0.663366336633663,0.375,1.38714549140634,0.593939750788643,0.932432432432432,-26.9066095798769,1.14435398839382,"Semaphorin","Plxna1"
"Sema7a","D2 SPN-like Adora2a",0.00495049504950495,0,0.00719751403204947,0,0.107142857142857,-10.2192362093352,0.0103838178007665,"Semaphorin","Plxnc1/Itgb1"
"Efna1","D2 SPN-like Adora2a",0,0,0,0,0.00970873786407767,-0.970873786407767,0,"Ephrin","EphA"
"Efna2","D2 SPN-like Adora2a",0.0148514851485149,0.0357142857142857,0.0187502018726048,0.034726917378982,0.0512820512820513,-3.64305661335364,-0.0230495282307443,"Ephrin","EphA"
"Efna3","D2 SPN-like Adora2a",0.0396039603960396,0.0178571428571429,0.0504571445325462,0.0242427761819342,0.0512820512820513,-1.16780908860117,0.0378193392194645,"Ephrin","EphA"
"Efna5","D2 SPN-like Adora2a",0.643564356435644,0.625,1.31415847514852,1.04433462032979,0.652482269503546,-0.891791306790246,0.389273537260537,"Ephrin","EphA (Epha3-7)"
"Efnb1","D2 SPN-like Adora2a",0.0247524752475248,0,0.0364962721654674,0,0.0454545454545455,-2.07020702070207,0.0526529908640538,"Ephrin","EphB"
"Efnb2","D2 SPN-like Adora2a",0.113861386138614,0.0892857142857143,0.181694050301714,0.0952416602548475,0.25,-13.6138613861386,0.124724434393613,"Ephrin","EphB/Epha4"
"Efnb3","D2 SPN-like Adora2a",0.123762376237624,0.0714285714285714,0.188196066657596,0.0812345030468047,0.234375,-11.0612623762376,0.154312917387018,"Ephrin","EphB/Epha4"
"Slit1","D2 SPN-like Adora2a",0.198019801980198,0.125,0.328730144680033,0.125905092774531,0.641025641025641,-44.3005839045443,0.292614696552115,"Slit/Netrin","Robo1-3"
"Slit2","D2 SPN-like Adora2a",0.742574257425743,0.857142857142857,1.60264298667312,1.64966785378814,0.878125,-13.5550742574257,-0.0678425425852976,"Slit/Netrin","Robo1-3"
"Slit3","D2 SPN-like Adora2a",0.782178217821782,0.803571428571428,1.67750624601043,1.74854039850419,0.991869918699187,-20.9691700877405,-0.102480619536499,"Slit/Netrin","Robo1-3"
"Ntn1","D2 SPN-like Adora2a",0.173267326732673,0.267857142857143,0.282404209337377,0.35541700977908,0.288288288288288,-11.5020961555615,-0.105335205118662,"Slit/Netrin","Dcc/Unc5a-d/Neo1"
"Ntn4","D2 SPN-like Adora2a",0.0099009900990099,0,0.0123027174544604,0,0.134615384615385,-12.4714394516375,0.0177490694610081,"Slit/Netrin","Unc5/Neo1"
"Ntng1","D2 SPN-like Adora2a",0.148514851485149,0.410714285714286,0.266735310452867,0.528324363312183,0.789598108747045,-64.1083257261896,-0.377393229310977,"Slit/Netrin","Lrrc4c (NGL-1)"
"Ntng2","D2 SPN-like Adora2a",0.0099009900990099,0.0357142857142857,0.0156067882775939,0.0364015012343744,0.328125,-31.822400990099,-0.0300004292594567,"Slit/Netrin","Lrrc4 (NGL-2)"
"Cxcl12","D2 SPN-like Adora2a",0,0,0,0,0.0357142857142857,-3.57142857142857,0,"Secreted other","Cxcr4/Ackr3"
"Reln","D2 SPN-like Adora2a",0.113861386138614,0.142857142857143,0.186229902519032,0.177057756793302,0.795454545454546,-68.1593159315932,0.0132326091528215,"Secreted other","Vldlr/Lrp8"
"Wnt5a","D2 SPN-like Adora2a",0.00495049504950495,0,0.00639868889894232,0,0.104166666666667,-9.92161716171617,0.00923135674269534,"Secreted other","Ryk/Fzd"
"Wnt7b","D2 SPN-like Adora2a",0,0,0,0,0.0625,-6.25,0,"Secreted other","Fzd"
"Fgf10","D2 SPN-like Adora2a",0.0346534653465347,0.125,0.0480589275017336,0.190735252241146,0.264227642276423,-22.9574176929888,-0.205838426153813,"Secreted other","Fgfr2"
"Bdnf","D2 SPN-like Adora2a",0.0198019801980198,0.0178571428571429,0.0275015686942525,0.0373153266835751,0.131313131313131,-11.1511151115111,-0.0141582599836802,"Secreted other","Ntrk2"
"Ntf3","D2 SPN-like Adora2a",0.0198019801980198,0.0357142857142857,0.0304569137395707,0.0307550067572436,0.0384615384615385,-1.86595582635187,-0.00043005731832032,"Secreted other","Ntrk3/Ntrk2"
"Nrg1","D2 SPN-like Adora2a",1,0.982142857142857,3.88021265211038,3.78051681340387,1,0,0.143830692099153,"Secreted other","Erbb4"
"Nrg3","D2 SPN-like Adora2a",0.643564356435644,0.642857142857143,1.38669840199784,1.03574540104205,1,-35.6435643564356,0.506318154064014,"Secreted other","Erbb4"
"Cbln1","D2 SPN-like Adora2a",0,0,0,0,0.0131578947368421,-1.31578947368421,0,"Secreted other","Nrxn + Grid2"
"Cbln2","D2 SPN-like Adora2a",0,0,0,0,0.0921052631578947,-9.21052631578947,0,"Secreted other","Nrxn + Grid1"
"Cbln4","D2 SPN-like Adora2a",0.0247524752475248,0.0178571428571429,0.0410604538718443,0.00857764251029071,0.115625,-9.08725247524753,0.0468627908654451,"Secreted other","Nrxn + Dcc/Neo1"
"C1ql2","D2 SPN-like Adora2a",0,0,0,0,0.00970873786407767,-0.970873786407767,0,"Secreted other","Adgrb3"
"C1ql3","D2 SPN-like Adora2a",0.0544554455445545,0.0892857142857143,0.075408402674023,0.116463871228053,0.853125,-79.8669554455445,-0.0592305208842723,"Secreted other","Adgrb3"
"Flrt2","D2 SPN-like Adora2a",0.435643564356436,0.517857142857143,0.761788532582581,0.73584202953899,0.603125,-16.7481435643564,0.0374328912693987,"Adhesion / synaptic organiser","Unc5/Adgrl"
"Flrt3","D2 SPN-like Adora2a",0.410891089108911,0.571428571428571,0.709438182496696,0.829780840721426,0.607142857142857,-19.6251768033946,-0.173617756228214,"Adhesion / synaptic organiser","Unc5/Adgrl"
"Tenm2","D2 SPN-like Adora2a",1,0.982142857142857,4.53484424436074,3.90288149203046,1,0,0.911729528813442,"Adhesion / synaptic organiser","Adgrl1-3"
"Tenm3","D2 SPN-like Adora2a",0.782178217821782,0.839285714285714,1.78264635895571,1.93420125769647,0.958333333333333,-17.6155115511551,-0.218647500835723,"Adhesion / synaptic organiser","Tenm3/Adgrl"
"Tenm4","D2 SPN-like Adora2a",0.955445544554455,0.946428571428571,2.46319020191369,2.35530542394477,0.919786096256684,3.5659448297771,0.155644834163162,"Adhesion / synaptic organiser","Adgrl"
"Lrrtm4","D2 SPN-like Adora2a",0.96039603960396,0.964285714285714,3.19898322755684,3.14321059706019,1,-3.96039603960396,0.0804628974348453,"Adhesion / synaptic organiser","Nrxn/Ptprs"
"Nlgn1","D2 SPN-like Adora2a",0.965346534653465,1,2.84317918596743,3.20565278163381,1,-3.46534653465347,-0.522938858921079,"Adhesion / synaptic organiser","Nrxn1-3"
"Cdh6","D2 SPN-like Adora2a",0.475247524752475,0.482142857142857,0.96639522011782,0.583533592621024,0.328828828828829,14.6418695923646,0.552352571336305,"Adhesion / synaptic organiser","homophilic (same cadherin/protocadherin)"
"Cdh8","D2 SPN-like Adora2a",0.168316831683168,0.214285714285714,0.285241234312453,0.280416140810971,0.959375,-79.1058168316832,0.00696113846641464,"Adhesion / synaptic organiser","homophilic (same cadherin/protocadherin)"
"Cdh9","D2 SPN-like Adora2a",0.331683168316832,0.428571428571429,0.580995831036593,0.641102427101715,0.821875,-49.0191831683168,-0.0867154880678683,"Adhesion / synaptic organiser","homophilic (same cadherin/protocadherin)"
"Cdh10","D2 SPN-like Adora2a",0.133663366336634,0.392857142857143,0.214709357415799,0.537527811643066,0.794871794871795,-66.1208428535161,-0.465728583021119,"Adhesion / synaptic organiser","homophilic (same cadherin/protocadherin)"
"Cdh11","D2 SPN-like Adora2a",0.158415841584158,0.285714285714286,0.252473984804264,0.314656795631529,0.7375,-57.9084158415842,-0.0897108328090306,"Adhesion / synaptic organiser","homophilic (same cadherin/protocadherin)"
"Cdh12","D2 SPN-like Adora2a",0.0445544554455446,0.125,0.0754538365570296,0.122816781323827,0.615384615384615,-57.0830159939071,-0.0683302855369567,"Adhesion / synaptic organiser","homophilic (same cadherin/protocadherin)"
"Cdh13","D2 SPN-like Adora2a",0.594059405940594,0.642857142857143,1.25381323323377,1.20393918056018,0.935828877005348,-34.1769471064754,0.071953048461226,"Adhesion / synaptic organiser","homophilic (same cadherin/protocadherin)"
"Cdh18","D2 SPN-like Adora2a",0.49009900990099,0.607142857142857,0.988612529760967,1.04908814010941,0.928571428571428,-43.8472418670438,-0.0872478631444327,"Adhesion / synaptic organiser","homophilic (same cadherin/protocadherin)"
"Pcdh7","D2 SPN-like Adora2a",0.841584158415842,0.821428571428571,2.15217875620414,1.8095818838067,0.98125,-13.9665841584159,0.494262808831845,"Adhesion / synaptic organiser","homophilic (same cadherin/protocadherin)"
"Pcdh9","D2 SPN-like Adora2a",1,0.982142857142857,3.49166079400582,3.15150955015819,1,0,0.490734512651196,"Adhesion / synaptic organiser","homophilic (same cadherin/protocadherin)"
"Pcdh10","D2 SPN-like Adora2a",0.589108910891089,0.553571428571428,1.06002615190704,0.813748603554133,0.715625,-12.6516089108911,0.355303397691036,"Adhesion / synaptic organiser","homophilic (same cadherin/protocadherin)"
"Pcdh17","D2 SPN-like Adora2a",0.51980198019802,0.464285714285714,0.92984950234937,0.608548477437114,0.825242718446602,-30.5440738248582,0.463539395273454,"Adhesion / synaptic organiser","homophilic (same cadherin/protocadherin)"
"Kirrel3","D2 SPN-like Adora2a",0.98019801980198,0.964285714285714,3.30494690290719,3.14352439868384,1,-1.98019801980198,0.232883446330904,"Adhesion / synaptic organiser","Kirrel3 (homophilic)"
"Sdk1","D2 SPN-like Adora2a",0.103960396039604,0.0892857142857143,0.175418682770713,0.0851720926062704,0.948717948717949,-84.4757552678345,0.13019830808738,"Adhesion / synaptic organiser","Sdk1 (homophilic)"
"Sdk2","D2 SPN-like Adora2a",0.0792079207920792,0.267857142857143,0.107648311112698,0.332298121118119,0.666666666666667,-58.7458745874587,-0.324101166831468,"Adhesion / synaptic organiser","Sdk2 (homophilic)"
"Cntn4","D2 SPN-like Adora2a",0.386138613861386,0.696428571428571,0.774919131791372,1.34855355877721,0.957446808510638,-57.1308194649252,-0.827579543095651,"Adhesion / synaptic organiser","Ptprg/App"
"Cntn5","D2 SPN-like Adora2a",0.97029702970297,0.946428571428571,2.89562305848896,2.27924523155055,1,-2.97029702970297,0.88924523423796,"Adhesion / synaptic organiser","Ptprg"
"Cntn6","D2 SPN-like Adora2a",0.331683168316832,0.446428571428571,0.562716919549707,0.65609582615973,0.832151300236407,-50.0468131919575,-0.134717285489913,"Adhesion / synaptic organiser","Ptprg/Chl1"
"Nectin3","D2 SPN-like Adora2a",0.371287128712871,0.196428571428571,0.62973417934509,0.186619127783757,0.391836734693878,-2.05496059810063,0.639279887430793,"Adhesion / synaptic organiser","Nectin1"
"Igsf21","D2 SPN-like Adora2a",0.133663366336634,0.142857142857143,0.202446879646887,0.139678639921254,0.615384615384615,-48.1721249047982,0.0905554281775,"Adhesion / synaptic organiser","Nrxn2"
"Sema3a","D1 SPN-like Ebf1/Tac1",0.189189189189189,0.315789473684211,0.37649694766266,0.435888716525389,0.51875,-32.9560810810811,-0.085684210407884,"Semaphorin","Nrp1/Plxna1-4"
"Sema3c","D1 SPN-like Ebf1/Tac1",0.36036036036036,0.552631578947368,0.617671393502585,0.789608525158435,0.564102564102564,-20.3742203742204,-0.248052847184568,"Semaphorin","Nrp1-2/Plxnd1"
"Sema3d","D1 SPN-like Ebf1/Tac1",0.027027027027027,0,0.0407972298417572,0,0.10625,-7.9222972972973,0.0588579611747104,"Semaphorin","Nrp1/Plxnd1"
"Sema3e","D1 SPN-like Ebf1/Tac1",0.171171171171171,0.394736842105263,0.315183187206383,0.690485143197344,0.384375,-21.3203828828829,-0.541446270744089,"Semaphorin","Plxnd1"
"Sema3f","D1 SPN-like Ebf1/Tac1",0.036036036036036,0.0789473684210526,0.0562333386119526,0.0907275000968739,0.0357142857142857,0.0321750321750323,-0.049764555713919,"Semaphorin","Nrp2/Plxna3"
"Sema5a","D1 SPN-like Ebf1/Tac1",0.036036036036036,0.0263157894736842,0.0572692379579171,0.0237120026976898,0.517857142857143,-48.1821106821107,0.0484128568958741,"Semaphorin","Plxna1/a3"
"Sema5b","D1 SPN-like Ebf1/Tac1",0.162162162162162,0.315789473684211,0.293432376389696,0.525294632511833,0.552631578947368,-39.0469416785206,-0.334506527076735,"Semaphorin","Plxna1/a3"
"Sema6a","D1 SPN-like Ebf1/Tac1",0.207207207207207,0.157894736842105,0.340205623548345,0.218736781221743,0.684210526315789,-47.7003319108582,0.175242496447112,"Semaphorin","Plxna2/a4"
"Sema6d","D1 SPN-like Ebf1/Tac1",0.828828828828829,0.710526315789474,2.1607173171533,1.40405198171298,0.932432432432432,-10.3603603603604,1.09163732705233,"Semaphorin","Plxna1"
"Sema7a","D1 SPN-like Ebf1/Tac1",0.018018018018018,0.0263157894736842,0.0273202565359611,0.0343197930411598,0.107142857142857,-8.91248391248391,-0.0100981966045715,"Semaphorin","Plxnc1/Itgb1"
"Efna1","D1 SPN-like Ebf1/Tac1",0.00900900900900901,0,0.0128827542811288,0,0.00970873786407767,-0.069972885506866,0.0185858857143756,"Ephrin","EphA"
"Efna2","D1 SPN-like Ebf1/Tac1",0.00900900900900901,0,0.0142953902032428,0,0.0512820512820513,-4.22730422730423,0.020623888553791,"Ephrin","EphA"
"Efna3","D1 SPN-like Ebf1/Tac1",0,0,0,0,0.0512820512820513,-5.12820512820513,0,"Ephrin","EphA"
"Efna5","D1 SPN-like Ebf1/Tac1",0.288288288288288,0.289473684210526,0.527142036965415,0.463730153785833,0.652482269503546,-36.4193981215258,0.0914840093966131,"Ephrin","EphA (Epha3-7)"
"Efnb1","D1 SPN-like Ebf1/Tac1",0.045045045045045,0,0.0634444620997121,0,0.0454545454545455,-0.0409500409500413,0.0915310108431224,"Ephrin","EphB"
"Efnb2","D1 SPN-like Ebf1/Tac1",0.171171171171171,0.184210526315789,0.284646561157831,0.212258929803098,0.25,-7.88288288288288,0.104433276777172,"Ephrin","EphB/Epha4"
"Efnb3","D1 SPN-like Ebf1/Tac1",0.108108108108108,0.0789473684210526,0.168413709328963,0.0871682381825497,0.234375,-12.6266891891892,0.117212438317617,"Ephrin","EphB/Epha4"
"Slit1","D1 SPN-like Ebf1/Tac1",0.126126126126126,0.0789473684210526,0.190692013486317,0.107223581931319,0.641025641025641,-51.4899514899515,0.120419492275176,"Slit/Netrin","Robo1-3"
"Slit2","D1 SPN-like Ebf1/Tac1",0.513513513513513,0.394736842105263,1.07564627848578,0.636229322698959,0.878125,-36.4611486486487,0.633944662996169,"Slit/Netrin","Robo1-3"
"Slit3","D1 SPN-like Ebf1/Tac1",0.720720720720721,0.868421052631579,1.63675952503924,1.94146541248981,0.991869918699187,-27.1149197978466,-0.439597672754603,"Slit/Netrin","Robo1-3"
"Ntn1","D1 SPN-like Ebf1/Tac1",0.288288288288288,0.236842105263158,0.494681907099325,0.361412390137118,0.173267326732673,11.5020961555615,0.192267271223044,"Slit/Netrin","Dcc/Unc5a-d/Neo1"
"Ntn4","D1 SPN-like Ebf1/Tac1",0.00900900900900901,0.0263157894736842,0.0159935552434644,0.0229059160473147,0.134615384615385,-12.5606375606376,-0.00997242865255004,"Slit/Netrin","Unc5/Neo1"
"Ntng1","D1 SPN-like Ebf1/Tac1",0.243243243243243,0.289473684210526,0.413885487153729,0.480812513615219,0.789598108747045,-54.6354865503802,-0.096555289177436,"Slit/Netrin","Lrrc4c (NGL-1)"
"Ntng2","D1 SPN-like Ebf1/Tac1",0.00900900900900901,0,0.0155235286770556,0,0.328125,-31.9115990990991,0.0223957178394857,"Slit/Netrin","Lrrc4 (NGL-2)"
"Cxcl12","D1 SPN-like Ebf1/Tac1",0.018018018018018,0,0.0250475536632201,0,0.0357142857142857,-1.76962676962677,0.0361359814563279,"Secreted other","Cxcr4/Ackr3"
"Reln","D1 SPN-like Ebf1/Tac1",0.225225225225225,0.368421052631579,0.440322202987772,0.654509475708214,0.795454545454546,-57.022932022932,-0.309006916175315,"Secreted other","Vldlr/Lrp8"
"Wnt5a","D1 SPN-like Ebf1/Tac1",0,0,0,0,0.104166666666667,-10.4166666666667,0,"Secreted other","Ryk/Fzd"
"Wnt7b","D1 SPN-like Ebf1/Tac1",0,0,0,0,0.0625,-6.25,0,"Secreted other","Fzd"
"Fgf10","D1 SPN-like Ebf1/Tac1",0.036036036036036,0.0789473684210526,0.0498921823192593,0.111713918934648,0.264227642276423,-22.8191606240387,-0.0891899128341642,"Secreted other","Fgfr2"
"Bdnf","D1 SPN-like Ebf1/Tac1",0.00900900900900901,0,0.0177408999816189,0,0.131313131313131,-12.2304122304122,0.0255947084243886,"Secreted other","Ntrk2"
"Ntf3","D1 SPN-like Ebf1/Tac1",0.00900900900900901,0.0263157894736842,0.0117350405010423,0.0351828836682679,0.0384615384615385,-2.94525294525295,-0.0338280870568985,"Secreted other","Ntrk3/Ntrk2"
"Nrg1","D1 SPN-like Ebf1/Tac1",0.990990990990991,1,4.13220060009953,4.03690510631912,1,-0.900900900900903,0.137482336296071,"Secreted other","Erbb4"
"Nrg3","D1 SPN-like Ebf1/Tac1",0.882882882882883,0.842105263157895,2.46540212347411,1.96208079843643,1,-11.7117117117117,0.726139179605519,"Secreted other","Erbb4"
"Cbln1","D1 SPN-like Ebf1/Tac1",0,0,0,0,0.0131578947368421,-1.31578947368421,0,"Secreted other","Nrxn + Grid2"
"Cbln2","D1 SPN-like Ebf1/Tac1",0,0,0,0,0.0921052631578947,-9.21052631578947,0,"Secreted other","Nrxn + Grid1"
"Cbln4","D1 SPN-like Ebf1/Tac1",0.018018018018018,0,0.0233020691062952,0,0.115625,-9.7606981981982,0.033617779542104,"Secreted other","Nrxn + Dcc/Neo1"
"C1ql2","D1 SPN-like Ebf1/Tac1",0,0,0,0,0.00970873786407767,-0.970873786407767,0,"Secreted other","Adgrb3"
"C1ql3","D1 SPN-like Ebf1/Tac1",0.0630630630630631,0.0263157894736842,0.095194043946997,0.0385541139714064,0.853125,-79.0061936936937,0.0817141460920827,"Secreted other","Adgrb3"
"Flrt2","D1 SPN-like Ebf1/Tac1",0.369369369369369,0.315789473684211,0.614477966908826,0.403491065100356,0.603125,-23.3755630630631,0.304389756931605,"Adhesion / synaptic organiser","Unc5/Adgrl"
"Flrt3","D1 SPN-like Ebf1/Tac1",0.477477477477477,0.421052631578947,0.850048680712533,0.609052050180065,0.607142857142857,-12.966537966538,0.347684643740141,"Adhesion / synaptic organiser","Unc5/Adgrl"
"Tenm2","D1 SPN-like Ebf1/Tac1",0.918918918918919,0.973684210526316,3.31053770368999,3.1872719444647,1,-8.10810810810811,0.177834899545743,"Adhesion / synaptic organiser","Adgrl1-3"
"Tenm3","D1 SPN-like Ebf1/Tac1",0.522522522522523,0.447368421052632,1.14119126097127,0.870318109510765,0.958333333333333,-43.5810810810811,0.390787352322032,"Adhesion / synaptic organiser","Tenm3/Adgrl"
"Tenm4","D1 SPN-like Ebf1/Tac1",0.846846846846847,0.921052631578947,2.06327960536129,2.28121916793188,0.955445544554455,-10.8598697707609,-0.314420326134092,"Adhesion / synaptic organiser","Adgrl"
"Lrrtm4","D1 SPN-like Ebf1/Tac1",0.963963963963964,0.973684210526316,3.01787455879944,2.9017284881246,1,-3.6036036036036,0.167563360181334,"Adhesion / synaptic organiser","Nrxn/Ptprs"
"Nlgn1","D1 SPN-like Ebf1/Tac1",0.90990990990991,0.973684210526316,3.07380213848763,3.52078721584915,1,-9.00900900900901,-0.64486315446083,"Adhesion / synaptic organiser","Nrxn1-3"
"Cdh6","D1 SPN-like Ebf1/Tac1",0.279279279279279,0.184210526315789,0.477653132947917,0.240211422994055,0.475247524752475,-19.5968245473196,0.342555977450633,"Adhesion / synaptic organiser","homophilic (same cadherin/protocadherin)"
"Cdh8","D1 SPN-like Ebf1/Tac1",0.216216216216216,0.184210526315789,0.369317953785812,0.275388160148216,0.959375,-74.3158783783784,0.135512047472683,"Adhesion / synaptic organiser","homophilic (same cadherin/protocadherin)"
"Cdh9","D1 SPN-like Ebf1/Tac1",0.315315315315315,0.342105263157895,0.601158573946395,0.500132863689583,0.821875,-50.6559684684685,0.145749291189788,"Adhesion / synaptic organiser","homophilic (same cadherin/protocadherin)"
"Cdh10","D1 SPN-like Ebf1/Tac1",0.261261261261261,0.526315789473684,0.465421352511299,0.785293310662233,0.794871794871795,-53.3610533610534,-0.461477687743794,"Adhesion / synaptic organiser","homophilic (same cadherin/protocadherin)"
"Cdh11","D1 SPN-like Ebf1/Tac1",0.216216216216216,0.315789473684211,0.434599605681746,0.410904427552984,0.7375,-52.1283783783784,0.0341849159793453,"Adhesion / synaptic organiser","homophilic (same cadherin/protocadherin)"
"Cdh12","D1 SPN-like Ebf1/Tac1",0.18018018018018,0.0526315789473684,0.296839818194945,0.059709803651266,0.615384615384615,-43.5204435204435,0.342106296028094,"Adhesion / synaptic organiser","homophilic (same cadherin/protocadherin)"
"Cdh13","D1 SPN-like Ebf1/Tac1",0.90990990990991,0.868421052631579,2.45821466060739,2.25045906427376,0.935828877005348,-2.59189670954376,0.299727968547445,"Adhesion / synaptic organiser","homophilic (same cadherin/protocadherin)"
"Cdh18","D1 SPN-like Ebf1/Tac1",0.513513513513513,0.552631578947368,1.18219809652983,1.04994232733345,0.928571428571428,-41.5057915057915,0.190804742348578,"Adhesion / synaptic organiser","homophilic (same cadherin/protocadherin)"
"Pcdh7","D1 SPN-like Ebf1/Tac1",0.882882882882883,0.921052631578947,2.29786358893331,1.94780435635914,0.98125,-9.83671171171172,0.505028718852141,"Adhesion / synaptic organiser","homophilic (same cadherin/protocadherin)"
"Pcdh9","D1 SPN-like Ebf1/Tac1",0.936936936936937,1,3.12991166114195,3.2491821183143,1,-6.30630630630631,-0.172070897087104,"Adhesion / synaptic organiser","homophilic (same cadherin/protocadherin)"
"Pcdh10","D1 SPN-like Ebf1/Tac1",0.486486486486486,0.657894736842105,0.846239219272342,0.987003945513266,0.715625,-22.9138513513514,-0.203080572479873,"Adhesion / synaptic organiser","homophilic (same cadherin/protocadherin)"
"Pcdh17","D1 SPN-like Ebf1/Tac1",0.297297297297297,0.342105263157895,0.545293556862949,0.504410835714319,0.825242718446602,-52.7945421149305,0.0589812990591753,"Adhesion / synaptic organiser","homophilic (same cadherin/protocadherin)"
"Kirrel3","D1 SPN-like Ebf1/Tac1",0.990990990990991,1,3.36303494528577,3.21713988597102,1,-0.900900900900903,0.210482078563583,"Adhesion / synaptic organiser","Kirrel3 (homophilic)"
"Sdk1","D1 SPN-like Ebf1/Tac1",0.00900900900900901,0,0.0179693002495018,0,0.948717948717949,-93.970893970894,0.0259242203582011,"Adhesion / synaptic organiser","Sdk1 (homophilic)"
"Sdk2","D1 SPN-like Ebf1/Tac1",0.144144144144144,0.184210526315789,0.246104452234459,0.2267214633808,0.666666666666667,-52.2522522522522,0.0279637418967794,"Adhesion / synaptic organiser","Sdk2 (homophilic)"
"Cntn4","D1 SPN-like Ebf1/Tac1",0.567567567567568,0.789473684210526,1.21644507791986,1.52010462891556,0.957446808510638,-38.9879240943071,-0.438088128340058,"Adhesion / synaptic organiser","Ptprg/App"
"Cntn5","D1 SPN-like Ebf1/Tac1",0.936936936936937,0.973684210526316,2.85467734606836,2.54937213964076,1,-6.30630630630631,0.440462307270677,"Adhesion / synaptic organiser","Ptprg"
"Cntn6","D1 SPN-like Ebf1/Tac1",0.288288288288288,0.263157894736842,0.4589712831004,0.312093772342625,0.832151300236407,-54.3863011948118,0.211899456388358,"Adhesion / synaptic organiser","Ptprg/Chl1"
"Nectin3","D1 SPN-like Ebf1/Tac1",0.171171171171171,0,0.287246663410532,0,0.391836734693878,-22.0665563522706,0.414409336814276,"Adhesion / synaptic organiser","Nectin1"
"Igsf21","D1 SPN-like Ebf1/Tac1",0.0900900900900901,0.157894736842105,0.138644235131051,0.17686939537115,0.615384615384615,-52.5294525294525,-0.0551472491155761,"Adhesion / synaptic organiser","Nrxn2"
"Sema3a","IN Sst",0.394366197183099,0.43956043956044,0.753452684774385,0.608109595581269,0.51875,-12.4383802816901,0.20968575400639,"Semaphorin","Nrp1/Plxna1-4"
"Sema3c","IN Sst",0.422535211267606,0.67032967032967,0.70035234480114,0.910043951727726,0.564102564102564,-14.1567352834958,-0.302521041429023,"Semaphorin","Nrp1-2/Plxnd1"
"Sema3d","IN Sst",0.0140845070422535,0.054945054945055,0.0234269719736367,0.0495261092297177,0.10625,-9.21654929577465,-0.0376530958908284,"Semaphorin","Nrp1/Plxnd1"
"Sema3e","IN Sst",0.0938967136150235,0.241758241758242,0.17310810384374,0.271171434904658,0.384375,-29.0478286384977,-0.141475481414638,"Semaphorin","Plxnd1"
"Sema3f","IN Sst",0,0.010989010989011,0,0.00928154645517888,0.036036036036036,-3.6036036036036,-0.0133904410426671,"Semaphorin","Nrp2/Plxna3"
"Sema5a","IN Sst",0.112676056338028,0.137362637362637,0.172292085118884,0.145589320562301,0.517857142857143,-40.5181086519115,0.0385239460038082,"Semaphorin","Plxna1/a3"
"Sema5b","IN Sst",0.0657276995305164,0.0989010989010989,0.0896759754826781,0.0862373749697759,0.552631578947368,-48.6903879416852,0.0049608519075622,"Semaphorin","Plxna1/a3"
"Sema6a","IN Sst",0.248826291079812,0.230769230769231,0.409923413945286,0.284869424177431,0.684210526315789,-43.5384235235977,0.180414770881464,"Semaphorin","Plxna2/a4"
"Sema6d","IN Sst",0.713615023474178,0.620879120879121,1.78655949075397,1.17596650265281,0.932432432432432,-21.8817408958254,0.880899475935118,"Semaphorin","Plxna1"
"Sema7a","IN Sst",0.0140845070422535,0.0384615384615385,0.0212617576525387,0.034377350670499,0.107142857142857,-9.30583501006036,-0.0189218010053292,"Semaphorin","Plxnc1/Itgb1"
"Efna1","IN Sst",0.00469483568075117,0.00549450549450549,0.00991701940633678,0.00682019614803322,0.00970873786407767,-0.50139021833265,0.00446777155726414,"Ephrin","EphA"
"Efna2","IN Sst",0.00938967136150235,0.010989010989011,0.0218253255815966,0.00817178326698143,0.0512820512820513,-4.18923799205489,0.0196978977878629,"Ephrin","EphA"
"Efna3","IN Sst",0.00469483568075117,0.00549450549450549,0.00877511489461834,0.00408320964552353,0.0512820512820513,-4.65872156013001,0.00676898843518998,"Ephrin","EphA"
"Efna5","IN Sst",0.469483568075117,0.510989010989011,0.88321055924421,0.758416484034996,0.652482269503546,-18.2998701428429,0.180039793436657,"Ephrin","EphA (Epha3-7)"
"Efnb1","IN Sst",0.00469483568075117,0.021978021978022,0.00445887285110849,0.0221520975778623,0.0454545454545455,-4.07597097737943,-0.0255259275706218,"Ephrin","EphB"
"Efnb2","IN Sst",0.15962441314554,0.285714285714286,0.241635380831052,0.285841360293291,0.25,-9.03755868544601,-0.0637757473478117,"Ephrin","EphB/Epha4"
"Efnb3","IN Sst",0.0845070422535211,0.0934065934065934,0.12824618394304,0.0818025825961875,0.234375,-14.9867957746479,0.0670039533441277,"Ephrin","EphB/Epha4"
"Slit1","IN Sst",0.248826291079812,0.302197802197802,0.411286046951014,0.329178435583427,0.641025641025641,-39.2199349945829,0.118456243739257,"Slit/Netrin","Robo1-3"
"Slit2","IN Sst",0.173708920187793,0.192307692307692,0.297611741729812,0.224743314219482,0.878125,-70.4416079812207,0.10512691900653,"Slit/Netrin","Robo1-3"
"Slit3","IN Sst",0.28169014084507,0.335164835164835,0.507505636847003,0.445053776126512,0.991869918699187,-71.0179777854117,0.0900989897557408,"Slit/Netrin","Robo1-3"
"Ntn1","IN Sst",0.0610328638497653,0.043956043956044,0.101335825083958,0.0459859266724403,0.288288288288288,-22.7255424438523,0.0798530239520042,"Slit/Netrin","Dcc/Unc5a-d/Neo1"
"Ntn4","IN Sst",0.0563380281690141,0.126373626373626,0.0806105121509655,0.122205097954822,0.134615384615385,-7.82773564463705,-0.0600083026670538,"Slit/Netrin","Unc5/Neo1"
"Ntng1","IN Sst",0.356807511737089,0.472527472527473,0.685706831700544,0.789401613623894,0.789598108747045,-43.2790597009956,-0.14959994764688,"Slit/Netrin","Lrrc4c (NGL-1)"
"Ntng2","IN Sst",0.0140845070422535,0.00549450549450549,0.020432545138149,0.00358409901074721,0.328125,-31.4040492957746,0.0243071696746874,"Slit/Netrin","Lrrc4 (NGL-2)"
"Cxcl12","IN Sst",0,0,0,0,0.0357142857142857,-3.57142857142857,0,"Secreted other","Cxcr4/Ackr3"
"Reln","IN Sst",0.154929577464789,0.263736263736264,0.256019454413395,0.338828947146008,0.795454545454546,-64.0524967989757,-0.119468844503872,"Secreted other","Vldlr/Lrp8"
"Wnt5a","IN Sst",0.0187793427230047,0.0164835164835165,0.0338226891463685,0.0148143535596712,0.104166666666667,-8.5387323943662,0.0274232314864814,"Secreted other","Ryk/Fzd"
"Wnt7b","IN Sst",0.00938967136150235,0.0164835164835165,0.00904636784841703,0.0119710374826873,0.0625,-5.31103286384977,-0.00421940637760023,"Secreted other","Fzd"
"Fgf10","IN Sst",0.00938967136150235,0.0384615384615385,0.0159301120654372,0.0516626535765653,0.264227642276423,-25.483797091492,-0.0515511604364636,"Secreted other","Fgfr2"
"Bdnf","IN Sst",0.0140845070422535,0.010989010989011,0.0211724426679239,0.0112649375987706,0.131313131313131,-11.7228624270878,0.0142935084308498,"Secreted other","Ntrk2"
"Ntf3","IN Sst",0.0375586854460094,0.0659340659340659,0.0636613305564417,0.0689383832286492,0.0384615384615385,-0.0902853015529073,-0.00761317772070374,"Secreted other","Ntrk3/Ntrk2"
"Nrg1","IN Sst",0.769953051643192,0.752747252747253,2.23324903244171,1.64311884020084,1,-23.0046948356808,0.851377901824755,"Secreted other","Erbb4"
"Nrg3","IN Sst",0.967136150234742,1,3.38586279453471,3.35195419230637,1,-3.28638497652582,0.0489197722783108,"Secreted other","Erbb4"
"Cbln1","IN Sst",0,0,0,0,0.0131578947368421,-1.31578947368421,0,"Secreted other","Nrxn + Grid2"
"Cbln2","IN Sst",0.00469483568075117,0,0.00711314519180024,0,0.0921052631578947,-8.74104274771436,0.0102620992933334,"Secreted other","Nrxn + Grid1"
"Cbln4","IN Sst",0.028169014084507,0.0274725274725275,0.0411877818056813,0.0303284730715199,0.115625,-8.7455985915493,0.0156666708582569,"Secreted other","Nrxn + Dcc/Neo1"
"C1ql2","IN Sst",0,0.00549450549450549,0,0.00658107446351222,0.00970873786407767,-0.970873786407767,-0.00949448349223008,"Secreted other","Adgrb3"
"C1ql3","IN Sst",0.0328638497652582,0.115384615384615,0.0503834103370451,0.127755393798396,0.853125,-82.0261150234742,-0.111624176843434,"Secreted other","Adgrb3"
"Flrt2","IN Sst",0.417840375586854,0.423076923076923,0.749439170715207,0.565365094912504,0.603125,-18.5284624413146,0.265562756316779,"Adhesion / synaptic organiser","Unc5/Adgrl"
"Flrt3","IN Sst",0.39906103286385,0.598901098901099,0.710988293385549,0.774701523994476,0.607142857142857,-20.8081824279007,-0.0919187618385131,"Adhesion / synaptic organiser","Unc5/Adgrl"
"Tenm2","IN Sst",0.92018779342723,0.983516483516484,2.95371635067016,3.02181167255851,1,-7.98122065727699,-0.0982407831960657,"Adhesion / synaptic organiser","Adgrl1-3"
"Tenm3","IN Sst",0.704225352112676,0.802197802197802,1.58527031284803,1.49431755214963,0.958333333333333,-25.4107981220657,0.131217096814743,"Adhesion / synaptic organiser","Tenm3/Adgrl"
"Tenm4","IN Sst",0.624413145539906,0.873626373626374,1.4109384177146,1.728836460602,0.955445544554455,-33.1032399014549,-0.458629929981968,"Adhesion / synaptic organiser","Adgrl"
"Lrrtm4","IN Sst",0.934272300469484,0.967032967032967,2.84715763577393,3.00779587496385,1,-6.57276995305164,-0.231751991056441,"Adhesion / synaptic organiser","Nrxn/Ptprs"
"Nlgn1","IN Sst",0.882629107981221,0.956043956043956,2.66366111399929,2.52815505207771,1,-11.7370892018779,0.195493923544652,"Adhesion / synaptic organiser","Nrxn1-3"
"Cdh6","IN Sst",0.0469483568075117,0.0604395604395604,0.0655013383728235,0.0670091951475384,0.475247524752475,-42.8299167944963,-0.002175377491252,"Adhesion / synaptic organiser","homophilic (same cadherin/protocadherin)"
"Cdh8","IN Sst",0.624413145539906,0.730769230769231,1.38118832358456,1.20503844270257,0.959375,-33.4961854460094,0.254130559601623,"Adhesion / synaptic organiser","homophilic (same cadherin/protocadherin)"
"Cdh9","IN Sst",0.2018779342723,0.373626373626374,0.35122922842505,0.467787118374836,0.821875,-61.99970657277,-0.168157489807037,"Adhesion / synaptic organiser","homophilic (same cadherin/protocadherin)"
"Cdh10","IN Sst",0.39906103286385,0.653846153846154,0.74301512877464,0.979190006078307,0.794871794871795,-39.5810762007945,-0.34072832426856,"Adhesion / synaptic organiser","homophilic (same cadherin/protocadherin)"
"Cdh11","IN Sst",0.328638497652582,0.478021978021978,0.546217923725355,0.582114953639444,0.7375,-40.8861502347418,-0.0517884670396986,"Adhesion / synaptic organiser","homophilic (same cadherin/protocadherin)"
"Cdh12","IN Sst",0.248826291079812,0.43956043956044,0.464240830125466,0.638447725518331,0.615384615384615,-36.6558324304803,-0.251327424071949,"Adhesion / synaptic organiser","homophilic (same cadherin/protocadherin)"
"Cdh13","IN Sst",0.661971830985915,0.637362637362637,1.47866060101338,1.07440519126622,0.935828877005348,-27.3857046019432,0.583217274894764,"Adhesion / synaptic organiser","homophilic (same cadherin/protocadherin)"
"Cdh18","IN Sst",0.31924882629108,0.538461538461539,0.612375766373253,0.797637469014403,0.928571428571428,-60.9322602280349,-0.267276139667033,"Adhesion / synaptic organiser","homophilic (same cadherin/protocadherin)"
"Pcdh7","IN Sst",0.788732394366197,0.879120879120879,2.15609542792447,1.97931129862173,0.98125,-19.2517605633803,0.255045586652936,"Adhesion / synaptic organiser","homophilic (same cadherin/protocadherin)"
"Pcdh9","IN Sst",0.896713615023474,0.994505494505495,2.94499663704515,3.12446369046864,1,-10.3286384976526,-0.25891622797702,"Adhesion / synaptic organiser","homophilic (same cadherin/protocadherin)"
"Pcdh10","IN Sst",0.460093896713615,0.576923076923077,0.832500128034003,0.826451447961254,0.715625,-25.5531103286385,0.00872640074487944,"Adhesion / synaptic organiser","homophilic (same cadherin/protocadherin)"
"Pcdh17","IN Sst",0.370892018779343,0.549450549450549,0.663984177809068,0.764096732941628,0.825242718446602,-45.4350699667259,-0.144431886820468,"Adhesion / synaptic organiser","homophilic (same cadherin/protocadherin)"
"Kirrel3","IN Sst",0.873239436619718,0.923076923076923,2.62529101749464,2.57171411012619,1,-12.6760563380282,0.0772951385666247,"Adhesion / synaptic organiser","Kirrel3 (homophilic)"
"Sdk1","IN Sst",0.380281690140845,0.406593406593407,0.790871136796156,0.576146529689353,0.948717948717949,-56.8436258577104,0.309782125829816,"Adhesion / synaptic organiser","Sdk1 (homophilic)"
"Sdk2","IN Sst",0.248826291079812,0.368131868131868,0.4132547027075,0.474346977331965,0.666666666666667,-41.7840375586854,-0.0881375216373416,"Adhesion / synaptic organiser","Sdk2 (homophilic)"
"Cntn4","IN Sst",0.629107981220657,0.807692307692308,1.4634537385625,1.58366378651998,0.957446808510638,-32.8338827289981,-0.17342644005329,"Adhesion / synaptic organiser","Ptprg/App"
"Cntn5","IN Sst",0.84037558685446,0.851648351648352,2.28360524546252,1.8866128130165,1,-15.962441314554,0.572739013560316,"Adhesion / synaptic organiser","Ptprg"
"Cntn6","IN Sst",0.380281690140845,0.620879120879121,0.689766353135555,0.869155159856096,0.832151300236407,-45.1869610095562,-0.258803341846714,"Adhesion / synaptic organiser","Ptprg/Chl1"
"Nectin3","IN Sst",0.0845070422535211,0.0769230769230769,0.12126281257163,0.0734978888583978,0.391836734693878,-30.7329692440356,0.06891021856952,"Adhesion / synaptic organiser","Nectin1"
"Igsf21","IN Sst",0.234741784037559,0.175824175824176,0.399126905038016,0.211596139276029,0.615384615384615,-38.0642831347057,0.270549705778928,"Adhesion / synaptic organiser","Nrxn2"
"Sema3a","IN Maf/Calb1 (Pvalb-lineage)",0.413461538461538,0.483050847457627,0.840199802490875,0.698783734047011,0.51875,-10.5288461538462,0.204020260645977,"Semaphorin","Nrp1/Plxna1-4"
"Sema3c","IN Maf/Calb1 (Pvalb-lineage)",0.432692307692308,0.627118644067797,0.76498523549389,0.81435361006468,0.564102564102564,-13.1410256410256,-0.0712235091700272,"Semaphorin","Nrp1-2/Plxnd1"
"Sema3d","IN Maf/Calb1 (Pvalb-lineage)",0.0576923076923077,0.076271186440678,0.0867294312903123,0.0827742574524116,0.10625,-4.85576923076923,0.00570610968179303,"Semaphorin","Nrp1/Plxnd1"
"Sema3e","IN Maf/Calb1 (Pvalb-lineage)",0.0288461538461538,0.0423728813559322,0.0518185809468669,0.0435432618720778,0.384375,-35.5528846153846,0.0119387617909721,"Semaphorin","Plxnd1"
"Sema3f","IN Maf/Calb1 (Pvalb-lineage)",0,0,0,0,0.036036036036036,-3.6036036036036,0,"Semaphorin","Nrp2/Plxna3"
"Sema5a","IN Maf/Calb1 (Pvalb-lineage)",0.105769230769231,0.161016949152542,0.16018955429801,0.154638247954544,0.517857142857143,-41.2087912087912,0.00800884213217426,"Semaphorin","Plxna1/a3"
"Sema5b","IN Maf/Calb1 (Pvalb-lineage)",0.0480769230769231,0.101694915254237,0.0704734227187771,0.091734370874445,0.552631578947368,-50.4554655870445,-0.0306730644687794,"Semaphorin","Plxna1/a3"
"Sema6a","IN Maf/Calb1 (Pvalb-lineage)",0.182692307692308,0.220338983050847,0.290280111709736,0.193986012011896,0.684210526315789,-50.1518218623482,0.138923020100941,"Semaphorin","Plxna2/a4"
"Sema6d","IN Maf/Calb1 (Pvalb-lineage)",0.836538461538462,0.652542372881356,1.92919549179555,1.03194075773349,0.932432432432432,-9.58939708939709,1.29446495524548,"Semaphorin","Plxna1"
"Sema7a","IN Maf/Calb1 (Pvalb-lineage)",0.0384615384615385,0.0508474576271186,0.0616969908008348,0.042707331103715,0.107142857142857,-6.86813186813187,0.0273962878732037,"Semaphorin","Plxnc1/Itgb1"
"Efna1","IN Maf/Calb1 (Pvalb-lineage)",0,0,0,0,0.00970873786407767,-0.970873786407767,0,"Ephrin","EphA"
"Efna2","IN Maf/Calb1 (Pvalb-lineage)",0.00961538461538462,0.0169491525423729,0.0135062143693012,0.0147596854898891,0.0512820512820513,-4.16666666666667,-0.0018083765695696,"Ephrin","EphA"
"Efna3","IN Maf/Calb1 (Pvalb-lineage)",0,0.0254237288135593,0,0.0218477333981798,0.0512820512820513,-5.12820512820513,-0.0315196166282181,"Ephrin","EphA"
"Efna5","IN Maf/Calb1 (Pvalb-lineage)",0.307692307692308,0.457627118644068,0.632003339802888,0.639936163610384,0.652482269503546,-34.4789961811238,-0.0114446455673206,"Ephrin","EphA (Epha3-7)"
"Efnb1","IN Maf/Calb1 (Pvalb-lineage)",0.0384615384615385,0,0.0546392409985173,0,0.0454545454545455,-0.699300699300699,0.0788277620264978,"Ephrin","EphB"
"Efnb2","IN Maf/Calb1 (Pvalb-lineage)",0.240384615384615,0.271186440677966,0.364797469497776,0.265685812416613,0.25,-0.961538461538461,0.142987896165281,"Ephrin","EphB/Epha4"
"Efnb3","IN Maf/Calb1 (Pvalb-lineage)",0.0865384615384615,0.0423728813559322,0.115856409539098,0.0326057699703296,0.234375,-14.7836538461538,0.120105284856697,"Ephrin","EphB/Epha4"
"Slit1","IN Maf/Calb1 (Pvalb-lineage)",0.259615384615385,0.38135593220339,0.395242624654511,0.382404495130296,0.641025641025641,-38.1410256410256,0.0185215057988743,"Slit/Netrin","Robo1-3"
"Slit2","IN Maf/Calb1 (Pvalb-lineage)",0.346153846153846,0.508474576271186,0.672789409865697,0.764260728237033,0.878125,-53.1971153846154,-0.131965217397901,"Slit/Netrin","Robo1-3"
"Slit3","IN Maf/Calb1 (Pvalb-lineage)",0.567307692307692,0.720338983050847,1.09898756550057,1.14309133573078,0.991869918699187,-42.4562226391495,-0.0636282905956316,"Slit/Netrin","Robo1-3"
"Ntn1","IN Maf/Calb1 (Pvalb-lineage)",0.00961538461538462,0.0169491525423729,0.0155000272932272,0.0186300374131572,0.288288288288288,-27.8672903672904,-0.00451565007795529,"Slit/Netrin","Dcc/Unc5a-d/Neo1"
"Ntn4","IN Maf/Calb1 (Pvalb-lineage)",0.134615384615385,0.322033898305085,0.18611432542158,0.332269640140427,0.116666666666667,1.7948717948718,-0.210857547744446,"Slit/Netrin","Unc5/Neo1"
"Ntng1","IN Maf/Calb1 (Pvalb-lineage)",0.0961538461538462,0.144067796610169,0.148092609946292,0.161860363516483,0.789598108747045,-69.3444262593199,-0.0198626697998954,"Slit/Netrin","Lrrc4c (NGL-1)"
"Ntng2","IN Maf/Calb1 (Pvalb-lineage)",0.00961538461538462,0.0169491525423729,0.0138910307933325,0.0209560003956306,0.328125,-31.8509615384615,-0.0101925966092667,"Slit/Netrin","Lrrc4 (NGL-2)"
"Cxcl12","IN Maf/Calb1 (Pvalb-lineage)",0,0,0,0,0.0357142857142857,-3.57142857142857,0,"Secreted other","Cxcr4/Ackr3"
"Reln","IN Maf/Calb1 (Pvalb-lineage)",0.0576923076923077,0.0847457627118644,0.0682443000707299,0.0930919110189557,0.795454545454546,-73.7762237762238,-0.0358475250929436,"Secreted other","Vldlr/Lrp8"
"Wnt5a","IN Maf/Calb1 (Pvalb-lineage)",0,0.0169491525423729,0,0.011241560537602,0.104166666666667,-10.4166666666667,-0.0162181436394515,"Secreted other","Ryk/Fzd"
"Wnt7b","IN Maf/Calb1 (Pvalb-lineage)",0.00961538461538462,0,0.0139918828646888,0,0.0625,-5.28846153846154,0.0201860200215858,"Secreted other","Fzd"
"Fgf10","IN Maf/Calb1 (Pvalb-lineage)",0.00961538461538462,0.11864406779661,0.0204785197797441,0.121874834703275,0.264227642276423,-25.4612257661038,-0.146283960704593,"Secreted other","Fgfr2"
"Bdnf","IN Maf/Calb1 (Pvalb-lineage)",0,0.0169491525423729,0,0.0124068805597559,0.131313131313131,-13.1313131313131,-0.0178993450564615,"Secreted other","Ntrk2"
"Ntf3","IN Maf/Calb1 (Pvalb-lineage)",0.0384615384615385,0.0254237288135593,0.0535705193310902,0.0163902790226887,0.0375586854460094,0.0902853015529073,0.0536397483119908,"Secreted other","Ntrk3/Ntrk2"
"Nrg1","IN Maf/Calb1 (Pvalb-lineage)",0.817307692307692,0.745762711864407,2.24273065643049,1.57896734442126,1,-18.2692307692308,0.957608038559755,"Secreted other","Erbb4"
"Nrg3","IN Maf/Calb1 (Pvalb-lineage)",1,0.991525423728814,3.75325075912138,3.46953136660467,1,0,0.409320560587889,"Secreted other","Erbb4"
"Cbln1","IN Maf/Calb1 (Pvalb-lineage)",0,0,0,0,0.0131578947368421,-1.31578947368421,0,"Secreted other","Nrxn + Grid2"
"Cbln2","IN Maf/Calb1 (Pvalb-lineage)",0,0,0,0,0.0921052631578947,-9.21052631578947,0,"Secreted other","Nrxn + Grid1"
"Cbln4","IN Maf/Calb1 (Pvalb-lineage)",0.0192307692307692,0,0.0335064660629071,0,0.115625,-9.63942307692308,0.0483396124266704,"Secreted other","Nrxn + Dcc/Neo1"
"C1ql2","IN Maf/Calb1 (Pvalb-lineage)",0,0,0,0,0.00970873786407767,-0.970873786407767,0,"Secreted other","Adgrb3"
"C1ql3","IN Maf/Calb1 (Pvalb-lineage)",0.0480769230769231,0.135593220338983,0.081391734932705,0.123357197046217,0.853125,-80.5048076923077,-0.0605433640797773,"Secreted other","Adgrb3"
"Flrt2","IN Maf/Calb1 (Pvalb-lineage)",0.336538461538462,0.474576271186441,0.547149845155463,0.498465253175318,0.603125,-26.6586538461538,0.070237019417458,"Adhesion / synaptic organiser","Unc5/Adgrl"
"Flrt3","IN Maf/Calb1 (Pvalb-lineage)",0.375,0.525423728813559,0.639278080555296,0.606807206093027,0.607142857142857,-23.2142857142857,0.0468455695600435,"Adhesion / synaptic organiser","Unc5/Adgrl"
"Tenm2","IN Maf/Calb1 (Pvalb-lineage)",0.961538461538462,0.940677966101695,3.30280822721579,3.02752401234718,1,-3.84615384615384,0.397151171625965,"Adhesion / synaptic organiser","Adgrl1-3"
"Tenm3","IN Maf/Calb1 (Pvalb-lineage)",0.548076923076923,0.73728813559322,1.11328581028655,1.27639117500308,0.958333333333333,-41.025641025641,-0.235311300818926,"Adhesion / synaptic organiser","Tenm3/Adgrl"
"Tenm4","IN Maf/Calb1 (Pvalb-lineage)",0.759615384615385,0.906779661016949,1.56938492650166,1.67010391500755,0.955445544554455,-19.5830159939071,-0.145306785240804,"Adhesion / synaptic organiser","Adgrl"
"Lrrtm4","IN Maf/Calb1 (Pvalb-lineage)",0.894230769230769,0.983050847457627,2.70698467553633,3.02744158370184,1,-10.5769230769231,-0.462321592228993,"Adhesion / synaptic organiser","Nrxn/Ptprs"
"Nlgn1","IN Maf/Calb1 (Pvalb-lineage)",0.923076923076923,0.940677966101695,2.61888421887663,2.37883118190887,1,-7.69230769230769,0.346323325983722,"Adhesion / synaptic organiser","Nrxn1-3"
"Cdh6","IN Maf/Calb1 (Pvalb-lineage)",0.0384615384615385,0.0593220338983051,0.0653716252375628,0.0541869387930929,0.475247524752475,-43.6785986290937,0.0161360916673348,"Adhesion / synaptic organiser","homophilic (same cadherin/protocadherin)"
"Cdh8","IN Maf/Calb1 (Pvalb-lineage)",0.346153846153846,0.364406779661017,0.650513280798249,0.456400290436284,0.959375,-61.3221153846154,0.280045848567334,"Adhesion / synaptic organiser","homophilic (same cadherin/protocadherin)"
"Cdh9","IN Maf/Calb1 (Pvalb-lineage)",0.288461538461538,0.398305084745763,0.530251157549654,0.517716982555674,0.821875,-53.3413461538462,0.0180829921054483,"Adhesion / synaptic organiser","homophilic (same cadherin/protocadherin)"
"Cdh10","IN Maf/Calb1 (Pvalb-lineage)",0.403846153846154,0.550847457627119,0.766139438901228,0.707033487950753,0.794871794871795,-39.1025641025641,0.0852718623232766,"Adhesion / synaptic organiser","homophilic (same cadherin/protocadherin)"
"Cdh11","IN Maf/Calb1 (Pvalb-lineage)",0.173076923076923,0.347457627118644,0.2638479793569,0.338854941865933,0.7375,-56.4423076923077,-0.108212172843926,"Adhesion / synaptic organiser","homophilic (same cadherin/protocadherin)"
"Cdh12","IN Maf/Calb1 (Pvalb-lineage)",0.442307692307692,0.644067796610169,0.838612608419664,1.05850144148705,0.615384615384615,-17.3076923076923,-0.317232529013174,"Adhesion / synaptic organiser","homophilic (same cadherin/protocadherin)"
"Cdh13","IN Maf/Calb1 (Pvalb-lineage)",0.644230769230769,0.771186440677966,1.40933385893063,1.38156851952744,0.935828877005348,-29.1598107774578,0.0400569174655857,"Adhesion / synaptic organiser","homophilic (same cadherin/protocadherin)"
"Cdh18","IN Maf/Calb1 (Pvalb-lineage)",0.432692307692308,0.694915254237288,0.875580718157044,1.1167633099624,0.928571428571428,-49.5879120879121,-0.347952929146337,"Adhesion / synaptic organiser","homophilic (same cadherin/protocadherin)"
"Pcdh7","IN Maf/Calb1 (Pvalb-lineage)",0.788461538461539,0.855932203389831,2.04871043028006,1.67075527144794,0.98125,-19.2788461538462,0.545274033325494,"Adhesion / synaptic organiser","homophilic (same cadherin/protocadherin)"
"Pcdh9","IN Maf/Calb1 (Pvalb-lineage)",0.951923076923077,1,3.56249051226679,3.56576049880147,1,-4.8076923076923,-0.004717593357358,"Adhesion / synaptic organiser","homophilic (same cadherin/protocadherin)"
"Pcdh10","IN Maf/Calb1 (Pvalb-lineage)",0.288461538461538,0.440677966101695,0.517996063709237,0.465488315360631,0.715625,-42.7163461538462,0.0757526681507806,"Adhesion / synaptic organiser","homophilic (same cadherin/protocadherin)"
"Pcdh17","IN Maf/Calb1 (Pvalb-lineage)",0.384615384615385,0.406779661016949,0.691580976754316,0.528089701392521,0.825242718446602,-44.0627333831217,0.235868052193073,"Adhesion / synaptic organiser","homophilic (same cadherin/protocadherin)"
"Kirrel3","IN Maf/Calb1 (Pvalb-lineage)",0.942307692307692,0.940677966101695,3.01075954612349,2.64257566718773,1,-5.76923076923076,0.53117705627589,"Adhesion / synaptic organiser","Kirrel3 (homophilic)"
"Sdk1","IN Maf/Calb1 (Pvalb-lineage)",0.278846153846154,0.415254237288136,0.459293212025171,0.510252528126423,0.948717948717949,-66.9871794871795,-0.0735187526263692,"Adhesion / synaptic organiser","Sdk1 (homophilic)"
"Sdk2","IN Maf/Calb1 (Pvalb-lineage)",0.163461538461538,0.194915254237288,0.280877570076313,0.222912573507672,0.666666666666667,-50.3205128205128,0.0836258130947238,"Adhesion / synaptic organiser","Sdk2 (homophilic)"
"Cntn4","IN Maf/Calb1 (Pvalb-lineage)",0.519230769230769,0.661016949152542,1.13607492013461,1.16538575939784,0.957446808510638,-43.8216039279869,-0.0422866024493445,"Adhesion / synaptic organiser","Ptprg/App"
"Cntn5","IN Maf/Calb1 (Pvalb-lineage)",0.923076923076923,0.864406779661017,2.7610308772745,2.31978101563228,1,-7.69230769230769,0.636588987184166,"Adhesion / synaptic organiser","Ptprg"
"Cntn6","IN Maf/Calb1 (Pvalb-lineage)",0.375,0.542372881355932,0.740772795358915,0.782290318559773,0.832151300236407,-45.7151300236407,-0.0598971248318711,"Adhesion / synaptic organiser","Ptprg/Chl1"
"Nectin3","IN Maf/Calb1 (Pvalb-lineage)",0.163461538461538,0.0847457627118644,0.262669526497065,0.0743749827746177,0.391836734693878,-22.8375196232339,0.271651604454825,"Adhesion / synaptic organiser","Nectin1"
"Igsf21","IN Maf/Calb1 (Pvalb-lineage)",0.182692307692308,0.161016949152542,0.294222706135799,0.147974372678308,0.615384615384615,-43.2692307692308,0.210991745417397,"Adhesion / synaptic organiser","Nrxn2"
"Sema3a","IN Moxd1/Gna14 (MGE)",0.216666666666667,0.212765957446809,0.34968418812068,0.33419907502374,0.51875,-30.2083333333333,0.0223402958725598,"Semaphorin","Nrp1/Plxna1-4"
"Sema3c","IN Moxd1/Gna14 (MGE)",0.533333333333333,0.702127659574468,0.916192542982746,0.973229533607581,0.564102564102564,-3.07692307692308,-0.0822869835216801,"Semaphorin","Nrp1-2/Plxnd1"
"Sema3d","IN Moxd1/Gna14 (MGE)",0.0166666666666667,0.0212765957446809,0.0150349900126361,0.0215573305853991,0.10625,-8.95833333333334,-0.00940974839931406,"Semaphorin","Nrp1/Plxnd1"
"Sema3e","IN Moxd1/Gna14 (MGE)",0.0166666666666667,0.0425531914893617,0.0250368910556369,0.0425020605090212,0.384375,-36.7708333333333,-0.025196913358683,"Semaphorin","Plxnd1"
"Sema3f","IN Moxd1/Gna14 (MGE)",0,0,0,0,0.036036036036036,-3.6036036036036,0,"Semaphorin","Nrp2/Plxna3"
"Sema5a","IN Moxd1/Gna14 (MGE)",0.333333333333333,0.446808510638298,0.578219048245181,0.672751314968543,0.517857142857143,-18.4523809523809,-0.136381232405788,"Semaphorin","Plxna1/a3"
"Sema5b","IN Moxd1/Gna14 (MGE)",0.366666666666667,0.468085106382979,0.63994469067577,0.586513073908131,0.552631578947368,-18.5964912280702,0.0770855285373525,"Semaphorin","Plxna1/a3"
"Sema6a","IN Moxd1/Gna14 (MGE)",0.283333333333333,0.191489361702128,0.4519405948081,0.285469858927139,0.684210526315789,-40.0877192982456,0.2401665051086,"Semaphorin","Plxna2/a4"
"Sema6d","IN Moxd1/Gna14 (MGE)",0.65,0.659574468085106,1.41788764097948,1.09695572249508,0.932432432432432,-28.2432432432432,0.46300688726043,"Semaphorin","Plxna1"
"Sema7a","IN Moxd1/Gna14 (MGE)",0.0333333333333333,0,0.0503184527584324,0,0.107142857142857,-7.38095238095238,0.072594182259796,"Semaphorin","Plxnc1/Itgb1"
"Efna1","IN Moxd1/Gna14 (MGE)",0,0,0,0,0.00970873786407767,-0.970873786407767,0,"Ephrin","EphA"
"Efna2","IN Moxd1/Gna14 (MGE)",0,0,0,0,0.0512820512820513,-5.12820512820513,0,"Ephrin","EphA"
"Efna3","IN Moxd1/Gna14 (MGE)",0.0166666666666667,0.0212765957446809,0.0334459433222389,0.0215573305853991,0.0512820512820513,-3.46153846153846,0.0171516426384881,"Ephrin","EphA"
"Efna5","IN Moxd1/Gna14 (MGE)",0.65,0.659574468085106,1.41498998029771,1.12489000333565,0.652482269503546,-0.248226950354602,0.418525798125162,"Ephrin","EphA (Epha3-7)"
"Efnb1","IN Moxd1/Gna14 (MGE)",0.0166666666666667,0.0212765957446809,0.0270067922274084,0.0172243368149312,0.0454545454545455,-2.87878787878788,0.0141130999112982,"Ephrin","EphB"
"Efnb2","IN Moxd1/Gna14 (MGE)",0.183333333333333,0.106382978723404,0.271548662976916,0.126942636469083,0.25,-6.66666666666667,0.208622397325509,"Ephrin","EphB/Epha4"
"Efnb3","IN Moxd1/Gna14 (MGE)",0.0833333333333333,0.0425531914893617,0.134424430088475,0.055587346983379,0.234375,-15.1041666666667,0.113737868833872,"Ephrin","EphB/Epha4"
"Slit1","IN Moxd1/Gna14 (MGE)",0.216666666666667,0.297872340425532,0.365223812572859,0.374437963001836,0.641025641025641,-42.4358974358974,-0.0132932091298895,"Slit/Netrin","Robo1-3"
"Slit2","IN Moxd1/Gna14 (MGE)",0.183333333333333,0.127659574468085,0.317609491132119,0.16187811228462,0.878125,-69.4791666666667,0.224672887974087,"Slit/Netrin","Robo1-3"
"Slit3","IN Moxd1/Gna14 (MGE)",0.2,0.234042553191489,0.402897478123564,0.316432435155465,0.991869918699187,-79.1869918699187,0.124742688700327,"Slit/Netrin","Robo1-3"
"Ntn1","IN Moxd1/Gna14 (MGE)",0.0166666666666667,0.0212765957446809,0.0267336667365451,0.0132802740653615,0.288288288288288,-27.1621621621622,0.0194091428898485,"Slit/Netrin","Dcc/Unc5a-d/Neo1"
"Ntn4","IN Moxd1/Gna14 (MGE)",0.116666666666667,0.170212765957447,0.187014680211531,0.218445398866466,0.134615384615385,-1.7948717948718,-0.0453449419350505,"Slit/Netrin","Unc5/Neo1"
"Ntng1","IN Moxd1/Gna14 (MGE)",0.166666666666667,0.148936170212766,0.281963683117919,0.178117065926373,0.789598108747045,-62.2931442080378,0.149818999635338,"Slit/Netrin","Lrrc4c (NGL-1)"
"Ntng2","IN Moxd1/Gna14 (MGE)",0.0333333333333333,0.0638297872340425,0.0458411413955474,0.0541172239923735,0.328125,-29.4791666666667,-0.0119398633204286,"Slit/Netrin","Lrrc4 (NGL-2)"
"Cxcl12","IN Moxd1/Gna14 (MGE)",0.0166666666666667,0.0212765957446809,0.0240695357949644,0.0218247905753826,0.0357142857142857,-1.9047619047619,0.0032384827963498,"Secreted other","Cxcr4/Ackr3"
"Reln","IN Moxd1/Gna14 (MGE)",0.0666666666666667,0.0425531914893617,0.140227366175779,0.0424560150230856,0.795454545454546,-72.8787878787879,0.141054243449005,"Secreted other","Vldlr/Lrp8"
"Wnt5a","IN Moxd1/Gna14 (MGE)",0,0,0,0,0.104166666666667,-10.4166666666667,0,"Secreted other","Ryk/Fzd"
"Wnt7b","IN Moxd1/Gna14 (MGE)",0.0166666666666667,0,0.0179407850806684,0,0.0625,-4.58333333333333,0.025883081665535,"Secreted other","Fzd"
"Fgf10","IN Moxd1/Gna14 (MGE)",0,0.0212765957446809,0,0.033669634143725,0.264227642276423,-26.4227642276423,-0.0485750142076978,"Secreted other","Fgfr2"
"Bdnf","IN Moxd1/Gna14 (MGE)",0,0,0,0,0.131313131313131,-13.1313131313131,0,"Secreted other","Ntrk2"
"Ntf3","IN Moxd1/Gna14 (MGE)",0,0,0,0,0.0384615384615385,-3.84615384615385,0,"Secreted other","Ntrk3/Ntrk2"
"Nrg1","IN Moxd1/Gna14 (MGE)",0.733333333333333,0.553191489361702,1.90942952704254,1.12204002304016,1,-26.6666666666667,1.13596293267226,"Secreted other","Erbb4"
"Nrg3","IN Moxd1/Gna14 (MGE)",1,0.978723404255319,3.37955361480141,3.21901112783027,1,0,0.231613849805247,"Secreted other","Erbb4"
"Cbln1","IN Moxd1/Gna14 (MGE)",0,0,0,0,0.0131578947368421,-1.31578947368421,0,"Secreted other","Nrxn + Grid2"
"Cbln2","IN Moxd1/Gna14 (MGE)",0,0.0212765957446809,0,0.019037540375024,0.0921052631578947,-9.21052631578947,-0.0274653650897705,"Secreted other","Nrxn + Grid1"
"Cbln4","IN Moxd1/Gna14 (MGE)",0.0166666666666667,0,0.0222583722442632,0,0.115625,-9.89583333333333,0.0321120432550591,"Secreted other","Nrxn + Dcc/Neo1"
"C1ql2","IN Moxd1/Gna14 (MGE)",0,0,0,0,0.00970873786407767,-0.970873786407767,0,"Secreted other","Adgrb3"
"C1ql3","IN Moxd1/Gna14 (MGE)",0.0666666666666667,0.106382978723404,0.110074263068931,0.111049725292602,0.853125,-78.6458333333333,-0.00140729451266473,"Secreted other","Adgrb3"
"Flrt2","IN Moxd1/Gna14 (MGE)",0.466666666666667,0.468085106382979,0.797543848936094,0.6008230566458,0.603125,-13.6458333333333,0.283808111476954,"Adhesion / synaptic organiser","Unc5/Adgrl"
"Flrt3","IN Moxd1/Gna14 (MGE)",0.366666666666667,0.48936170212766,0.651883413082603,0.664911859620258,0.607142857142857,-24.047619047619,-0.0187960752103617,"Adhesion / synaptic organiser","Unc5/Adgrl"
"Tenm2","IN Moxd1/Gna14 (MGE)",0.983333333333333,1,3.3276414795733,3.09431490833159,1,-1.66666666666667,0.336619087238042,"Adhesion / synaptic organiser","Adgrl1-3"
"Tenm3","IN Moxd1/Gna14 (MGE)",0.716666666666667,0.872340425531915,1.52749770414526,1.87046649832532,0.958333333333333,-24.1666666666667,-0.494799378543245,"Adhesion / synaptic organiser","Tenm3/Adgrl"
"Tenm4","IN Moxd1/Gna14 (MGE)",0.416666666666667,0.765957446808511,0.744453168598341,1.4283956559204,0.955445544554455,-53.8778877887789,-0.9867204347128,"Adhesion / synaptic organiser","Adgrl"
"Lrrtm4","IN Moxd1/Gna14 (MGE)",0.983333333333333,0.957446808510638,3.12773249232161,2.79165657854799,1,-1.66666666666667,0.484855054163429,"Adhesion / synaptic organiser","Nrxn/Ptprs"
"Nlgn1","IN Moxd1/Gna14 (MGE)",0.85,0.914893617021277,2.20391919217365,2.0721855730724,1,-15,0.190051438995725,"Adhesion / synaptic organiser","Nrxn1-3"
"Cdh6","IN Moxd1/Gna14 (MGE)",0.116666666666667,0.0638297872340425,0.177213093742941,0.0748337700153263,0.475247524752475,-35.8580858085809,0.147702142631395,"Adhesion / synaptic organiser","homophilic (same cadherin/protocadherin)"
"Cdh8","IN Moxd1/Gna14 (MGE)",0.166666666666667,0.212765957446809,0.310947256337712,0.367922656705813,0.959375,-79.2708333333333,-0.0821981275637222,"Adhesion / synaptic organiser","homophilic (same cadherin/protocadherin)"
"Cdh9","IN Moxd1/Gna14 (MGE)",0.05,0.148936170212766,0.10174851967157,0.180140604414845,0.821875,-77.1875,-0.11309587190407,"Adhesion / synaptic organiser","homophilic (same cadherin/protocadherin)"
"Cdh10","IN Moxd1/Gna14 (MGE)",0.25,0.404255319148936,0.476977760096275,0.508514296122334,0.794871794871795,-54.4871794871795,-0.0454976041316109,"Adhesion / synaptic organiser","homophilic (same cadherin/protocadherin)"
"Cdh11","IN Moxd1/Gna14 (MGE)",0.133333333333333,0.148936170212766,0.192286145596168,0.179456738195725,0.7375,-60.4166666666667,0.0185089224341632,"Adhesion / synaptic organiser","homophilic (same cadherin/protocadherin)"
"Cdh12","IN Moxd1/Gna14 (MGE)",0.0833333333333333,0.25531914893617,0.150284714082602,0.375490272616076,0.615384615384615,-53.2051282051282,-0.324902942476871,"Adhesion / synaptic organiser","homophilic (same cadherin/protocadherin)"
"Cdh13","IN Moxd1/Gna14 (MGE)",0.833333333333333,0.765957446808511,1.98836817254773,1.70031368780762,0.935828877005348,-10.2495543672014,0.41557477664038,"Adhesion / synaptic organiser","homophilic (same cadherin/protocadherin)"
"Cdh18","IN Moxd1/Gna14 (MGE)",0.366666666666667,0.680851063829787,0.927464854822695,1.32075485713111,0.928571428571428,-56.1904761904762,-0.567397535961553,"Adhesion / synaptic organiser","homophilic (same cadherin/protocadherin)"
"Pcdh7","IN Moxd1/Gna14 (MGE)",0.666666666666667,0.638297872340426,1.53559443923725,1.05835011366033,0.98125,-31.4583333333333,0.688518021802222,"Adhesion / synaptic organiser","homophilic (same cadherin/protocadherin)"
"Pcdh9","IN Moxd1/Gna14 (MGE)",0.983333333333333,0.978723404255319,3.49777509763555,3.15894656893834,1,-1.66666666666667,0.488826238063174,"Adhesion / synaptic organiser","homophilic (same cadherin/protocadherin)"
"Pcdh10","IN Moxd1/Gna14 (MGE)",0.366666666666667,0.48936170212766,0.642889134146997,0.679464877556702,0.715625,-34.8958333333333,-0.0527676436340086,"Adhesion / synaptic organiser","homophilic (same cadherin/protocadherin)"
"Pcdh17","IN Moxd1/Gna14 (MGE)",0.35,0.48936170212766,0.567246982711976,0.659479977739796,0.825242718446602,-47.5242718446602,-0.133064084532972,"Adhesion / synaptic organiser","homophilic (same cadherin/protocadherin)"
"Kirrel3","IN Moxd1/Gna14 (MGE)",1,1,3.76658889387036,3.13960431240955,0.990990990990991,0.900900900900903,0.90454754638734,"Adhesion / synaptic organiser","Kirrel3 (homophilic)"
"Sdk1","IN Moxd1/Gna14 (MGE)",0.266666666666667,0.361702127659574,0.620283592736151,0.583986906026804,0.948717948717949,-68.2051282051282,0.0523650499162758,"Adhesion / synaptic organiser","Sdk1 (homophilic)"
"Sdk2","IN Moxd1/Gna14 (MGE)",0.216666666666667,0.25531914893617,0.360556348378122,0.288277042270212,0.666666666666667,-45,0.104276996480777,"Adhesion / synaptic organiser","Sdk2 (homophilic)"
"Cntn4","IN Moxd1/Gna14 (MGE)",0.766666666666667,0.808510638297872,2.23625796796297,1.92870405672128,0.957446808510638,-19.0780141843972,0.443706502554398,"Adhesion / synaptic organiser","Ptprg/App"
"Cntn5","IN Moxd1/Gna14 (MGE)",0.85,0.808510638297872,2.15355153584662,1.9488180127683,1,-15,0.295368038448828,"Adhesion / synaptic organiser","Ptprg"
"Cntn6","IN Moxd1/Gna14 (MGE)",0.583333333333333,0.574468085106383,1.10904781733565,0.780882597016254,0.832151300236407,-24.8817966903073,0.473442335947027,"Adhesion / synaptic organiser","Ptprg/Chl1"
"Nectin3","IN Moxd1/Gna14 (MGE)",0.05,0.0212765957446809,0.0776747112924281,0.0347351659945391,0.391836734693878,-34.1836734693878,0.0619486690592915,"Adhesion / synaptic organiser","Nectin1"
"Igsf21","IN Moxd1/Gna14 (MGE)",0.2,0.0425531914893617,0.313728687114974,0.0472285970944665,0.615384615384615,-41.5384615384615,0.384478358269049,"Adhesion / synaptic organiser","Nrxn2"
"Sema3a","IN Pvalb chandelier",0.0465116279069767,0,0.0877333799312388,0,0.51875,-47.2238372093023,0.126572512147226,"Semaphorin","Nrp1/Plxna1-4"
"Sema3c","IN Pvalb chandelier",0.418604651162791,0.5,0.691850914541583,0.6876137031759,0.564102564102564,-14.5497912939773,0.00611300382447002,"Semaphorin","Nrp1-2/Plxnd1"
"Sema3d","IN Pvalb chandelier",0.0465116279069767,0.0833333333333333,0.0564309433174577,0.0780411823924911,0.10625,-5.97383720930233,-0.0311769847459755,"Semaphorin","Nrp1/Plxnd1"
"Sema3e","IN Pvalb chandelier",0.0232558139534884,0,0.0310437949745984,0,0.384375,-36.1119186046512,0.0447867290602268,"Semaphorin","Plxnd1"
"Sema3f","IN Pvalb chandelier",0.0232558139534884,0,0.0374139120805791,0,0.036036036036036,-1.27802220825477,0.0539768654189071,"Semaphorin","Nrp2/Plxna3"
"Sema5a","IN Pvalb chandelier",0.0697674418604651,0.0416666666666667,0.0937159775195403,0.075173248839124,0.517857142857143,-44.8089700996678,0.0267515027117862,"Semaphorin","Plxna1/a3"
"Sema5b","IN Pvalb chandelier",0.0930232558139535,0.0833333333333333,0.118880545358803,0.09573362569817,0.552631578947368,-45.9608323133415,0.0333939462062508,"Semaphorin","Plxna1/a3"
"Sema6a","IN Pvalb chandelier",0.255813953488372,0.125,0.453144828290107,0.111551895108782,0.684210526315789,-42.8396572827417,0.492814430703412,"Semaphorin","Plxna2/a4"
"Sema6d","IN Pvalb chandelier",0.581395348837209,0.25,1.23490064803709,0.323549088378657,0.932432432432432,-35.1037083595223,1.31480237562564,"Semaphorin","Plxna1"
"Sema7a","IN Pvalb chandelier",0,0.208333333333333,0,0.196039930838339,0.107142857142857,-10.7142857142857,-0.282825836036686,"Semaphorin","Plxnc1/Itgb1"
"Efna1","IN Pvalb chandelier",0,0,0,0,0.00970873786407767,-0.970873786407767,0,"Ephrin","EphA"
"Efna2","IN Pvalb chandelier",0.0232558139534884,0,0.0342748255785597,0,0.0512820512820513,-2.80262373285629,0.0494481208895222,"Ephrin","EphA"
"Efna3","IN Pvalb chandelier",0,0,0,0,0.0512820512820513,-5.12820512820513,0,"Ephrin","EphA"
"Efna5","IN Pvalb chandelier",0.186046511627907,0.125,0.284339925897926,0.182880577861246,0.652482269503546,-46.6435757875639,0.146374898264346,"Ephrin","EphA (Epha3-7)"
"Efnb1","IN Pvalb chandelier",0.0232558139534884,0.0416666666666667,0.0349036693374953,0.0341338725641798,0.0454545454545455,-2.21987315010571,0.00111058198735471,"Ephrin","EphB"
"Efnb2","IN Pvalb chandelier",0.186046511627907,0.166666666666667,0.307611751377309,0.151963818621083,0.25,-6.3953488372093,0.224552500712025,"Ephrin","EphB/Epha4"
"Efnb3","IN Pvalb chandelier",0.0930232558139535,0.125,0.143249973918734,0.117683963346771,0.234375,-14.1351744186047,0.0368839566674857,"Ephrin","EphB/Epha4"
"Slit1","IN Pvalb chandelier",0.0465116279069767,0.0416666666666667,0.0866576120425075,0.037489816412406,0.641025641025641,-59.4514013118664,0.0709341349269894,"Slit/Netrin","Robo1-3"
"Slit2","IN Pvalb chandelier",0.441860465116279,0.25,0.809823674035346,0.324920778723742,0.878125,-43.6264534883721,0.699567002378752,"Slit/Netrin","Robo1-3"
"Slit3","IN Pvalb chandelier",0.232558139534884,0.416666666666667,0.358336094150464,0.517634576067091,0.991869918699187,-75.9311779164303,-0.229819129882258,"Slit/Netrin","Robo1-3"
"Ntn1","IN Pvalb chandelier",0,0,0,0,0.288288288288288,-28.8288288288288,0,"Slit/Netrin","Dcc/Unc5a-d/Neo1"
"Ntn4","IN Pvalb chandelier",0.0697674418604651,0.125,0.101689729585372,0.188737376564895,0.134615384615385,-6.48479427549195,-0.125583208618411,"Slit/Netrin","Unc5/Neo1"
"Ntng1","IN Pvalb chandelier",0.162790697674419,0.166666666666667,0.245554960565071,0.301836443360565,0.789598108747045,-62.6807411072626,-0.0811970161229366,"Slit/Netrin","Lrrc4c (NGL-1)"
"Ntng2","IN Pvalb chandelier",0.0697674418604651,0.125,0.116013896872934,0.124501850995981,0.328125,-25.8357558139535,-0.0122455293206137,"Slit/Netrin","Lrrc4 (NGL-2)"
"Cxcl12","IN Pvalb chandelier",0,0,0,0,0.0357142857142857,-3.57142857142857,0,"Secreted other","Cxcr4/Ackr3"
"Reln","IN Pvalb chandelier",0.0697674418604651,0.0833333333333333,0.154501596566376,0.0677671394161256,0.795454545454546,-72.568710359408,0.125131371204862,"Secreted other","Vldlr/Lrp8"
"Wnt5a","IN Pvalb chandelier",0,0.0416666666666667,0,0.0420310846940743,0.104166666666667,-10.4166666666667,-0.0606380374513249,"Secreted other","Ryk/Fzd"
"Wnt7b","IN Pvalb chandelier",0,0,0,0,0.0625,-6.25,0,"Secreted other","Fzd"
"Fgf10","IN Pvalb chandelier",0,0,0,0,0.264227642276423,-26.4227642276423,0,"Secreted other","Fgfr2"
"Bdnf","IN Pvalb chandelier",0,0.0416666666666667,0,0.0420310846940743,0.131313131313131,-13.1313131313131,-0.0606380374513249,"Secreted other","Ntrk2"
"Ntf3","IN Pvalb chandelier",0.0232558139534884,0,0.0388007753284974,0,0.0384615384615385,-1.52057245080501,0.05597768614907,"Secreted other","Ntrk3/Ntrk2"
"Nrg1","IN Pvalb chandelier",0.767441860465116,0.708333333333333,1.63538861576463,1.00790372204174,1,-23.2558139534884,0.905269344406759,"Secreted other","Erbb4"
"Nrg3","IN Pvalb chandelier",1,1,3.86742991902713,3.74027095617837,1,0,0.1834516051065,"Secreted other","Erbb4"
"Cbln1","IN Pvalb chandelier",0,0,0,0,0.0131578947368421,-1.31578947368421,0,"Secreted other","Nrxn + Grid2"
"Cbln2","IN Pvalb chandelier",0,0,0,0,0.0921052631578947,-9.21052631578947,0,"Secreted other","Nrxn + Grid1"
"Cbln4","IN Pvalb chandelier",0.0232558139534884,0,0.0297244866034678,0,0.115625,-9.23691860465116,0.0428833694157935,"Secreted other","Nrxn + Dcc/Neo1"
"C1ql2","IN Pvalb chandelier",0,0,0,0,0.00970873786407767,-0.970873786407767,0,"Secreted other","Adgrb3"
"C1ql3","IN Pvalb chandelier",0.0232558139534884,0.208333333333333,0.0511479246447438,0.22390715506363,0.853125,-82.9869186046512,-0.249238884993121,"Secreted other","Adgrb3"
"Flrt2","IN Pvalb chandelier",0.488372093023256,0.625,0.842578481682135,0.76170991331693,0.603125,-11.4752906976744,0.116668682544271,"Adhesion / synaptic organiser","Unc5/Adgrl"
"Flrt3","IN Pvalb chandelier",0.511627906976744,0.583333333333333,0.814161593332641,0.862136179477127,0.607142857142857,-9.55149501661129,-0.0692126975193497,"Adhesion / synaptic organiser","Unc5/Adgrl"
"Tenm2","IN Pvalb chandelier",0.976744186046512,1,3.39335331835902,3.14204574143035,1,-2.32558139534884,0.362560194972818,"Adhesion / synaptic organiser","Adgrl1-3"
"Tenm3","IN Pvalb chandelier",0.651162790697674,0.958333333333333,1.16986367584485,1.60449685691857,0.958333333333333,-30.7170542635659,-0.627043134940839,"Adhesion / synaptic organiser","Tenm3/Adgrl"
"Tenm4","IN Pvalb chandelier",0.86046511627907,0.958333333333333,2.0918518580479,2.41838875824151,0.955445544554455,-9.49804282753857,-0.471093166576562,"Adhesion / synaptic organiser","Adgrl"
"Lrrtm4","IN Pvalb chandelier",0.953488372093023,1,2.8704898856053,2.82319124398195,1,-4.65116279069767,0.0682375157107991,"Adhesion / synaptic organiser","Nrxn/Ptprs"
"Nlgn1","IN Pvalb chandelier",1,1,3.00301167018734,2.85758583755654,1,0,0.209805127553604,"Adhesion / synaptic organiser","Nrxn1-3"
"Cdh6","IN Pvalb chandelier",0.232558139534884,0.0416666666666667,0.315505940634062,0.0388343606065826,0.475247524752475,-24.2689385217592,0.399152716460558,"Adhesion / synaptic organiser","homophilic (same cadherin/protocadherin)"
"Cdh8","IN Pvalb chandelier",0.534883720930233,0.625,1.05309213889042,0.857161037439425,0.959375,-42.4491279069768,0.28266882841927,"Adhesion / synaptic organiser","homophilic (same cadherin/protocadherin)"
"Cdh9","IN Pvalb chandelier",0.0930232558139535,0.166666666666667,0.166063699610924,0.23016973391396,0.821875,-72.8851744186046,-0.0924854577800474,"Adhesion / synaptic organiser","homophilic (same cadherin/protocadherin)"
"Cdh10","IN Pvalb chandelier",0.0930232558139535,0.208333333333333,0.140782721550028,0.214634286342338,0.794871794871795,-70.1848539057841,-0.106545286287755,"Adhesion / synaptic organiser","homophilic (same cadherin/protocadherin)"
"Cdh11","IN Pvalb chandelier",0.418604651162791,0.791666666666667,0.710771131463061,1.15182059204466,0.7375,-31.8895348837209,-0.636299869567827,"Adhesion / synaptic organiser","homophilic (same cadherin/protocadherin)"
"Cdh12","IN Pvalb chandelier",0.558139534883721,0.791666666666667,1.03042874212693,1.47714616103353,0.615384615384615,-5.72450805008945,-0.644477004935277,"Adhesion / synaptic organiser","homophilic (same cadherin/protocadherin)"
"Cdh13","IN Pvalb chandelier",0.302325581395349,0.25,0.516549195412286,0.434070967911816,0.935828877005348,-63.3503295609999,0.11899092979624,"Adhesion / synaptic organiser","homophilic (same cadherin/protocadherin)"
"Cdh18","IN Pvalb chandelier",0.348837209302326,0.541666666666667,0.594721824318383,0.977206148390889,0.928571428571428,-57.9734219269103,-0.551808237557171,"Adhesion / synaptic organiser","homophilic (same cadherin/protocadherin)"
"Pcdh7","IN Pvalb chandelier",0.906976744186046,0.916666666666667,2.54988305209839,1.87714726000106,0.98125,-7.42732558139536,0.970552591087327,"Adhesion / synaptic organiser","homophilic (same cadherin/protocadherin)"
"Pcdh9","IN Pvalb chandelier",0.953488372093023,1,3.36198919256515,3.87097255488018,1,-4.65116279069767,-0.734307772706885,"Adhesion / synaptic organiser","homophilic (same cadherin/protocadherin)"
"Pcdh10","IN Pvalb chandelier",0.558139534883721,0.541666666666667,0.937448662249944,0.799916710443766,0.715625,-15.7485465116279,0.198416664834553,"Adhesion / synaptic organiser","homophilic (same cadherin/protocadherin)"
"Pcdh17","IN Pvalb chandelier",0.488372093023256,0.708333333333333,0.815657042236139,0.935485775784293,0.825242718446602,-33.6870625423346,-0.172876319645927,"Adhesion / synaptic organiser","homophilic (same cadherin/protocadherin)"
"Kirrel3","IN Pvalb chandelier",0.697674418604651,0.625,1.52768176898125,1.19453460584803,1,-30.2325581395349,0.480629760138521,"Adhesion / synaptic organiser","Kirrel3 (homophilic)"
"Sdk1","IN Pvalb chandelier",0.930232558139535,1,2.56970295251455,2.63346327443324,0.948717948717949,-1.84853905784138,-0.0919867002375769,"Adhesion / synaptic organiser","Sdk1 (homophilic)"
"Sdk2","IN Pvalb chandelier",0.0697674418604651,0.166666666666667,0.0995089478826982,0.168776554784676,0.666666666666667,-59.6899224806201,-0.0999320329717303,"Adhesion / synaptic organiser","Sdk2 (homophilic)"
"Cntn4","IN Pvalb chandelier",0.348837209302326,0.875,0.585558263771097,1.8256879517212,0.957446808510638,-60.8609599208313,-1.78912895086479,"Adhesion / synaptic organiser","Ptprg/App"
"Cntn5","IN Pvalb chandelier",0.930232558139535,1,2.65962395579504,3.16866798606433,1,-6.97674418604651,-0.734395298063635,"Adhesion / synaptic organiser","Ptprg"
"Cntn6","IN Pvalb chandelier",0.418604651162791,0.583333333333333,0.636988563597674,0.845795703311194,0.832151300236407,-41.3546649073616,-0.301245024966904,"Adhesion / synaptic organiser","Ptprg/Chl1"
"Nectin3","IN Pvalb chandelier",0.27906976744186,0.25,0.439497923803329,0.292559579190675,0.391836734693878,-11.2766967252017,0.21198722108911,"Adhesion / synaptic organiser","Nectin1"
"Igsf21","IN Pvalb chandelier",0.162790697674419,0.125,0.245203139325619,0.130628205414028,0.615384615384615,-45.2593917710197,0.165296688964433,"Adhesion / synaptic organiser","Nrxn2"
"Sema3a","IN Vip",0.0789473684210526,0.06,0.14121998739395,0.0706927254923676,0.51875,-43.9802631578947,0.10174933099289,"Semaphorin","Nrp1/Plxna1-4"
"Sema3c","IN Vip",0.5,0.44,0.936767415154898,0.622568670343946,0.564102564102564,-6.41025641025641,0.453292970992297,"Semaphorin","Nrp1-2/Plxnd1"
"Sema3d","IN Vip",0,0.02,0,0.0252898364552134,0.10625,-10.625,-0.0364855216388293,"Semaphorin","Nrp1/Plxnd1"
"Sema3e","IN Vip",0.0921052631578947,0.08,0.148536305234094,0.116085185801217,0.384375,-29.2269736842105,0.0468170690771067,"Semaphorin","Plxnd1"
"Sema3f","IN Vip",0,0,0,0,0.036036036036036,-3.6036036036036,0,"Semaphorin","Nrp2/Plxna3"
"Sema5a","IN Vip",0.407894736842105,0.61,0.763453870035564,1.01909039659501,0.517857142857143,-10.9962406015038,-0.368805549137387,"Semaphorin","Plxna1/a3"
"Sema5b","IN Vip",0.552631578947368,0.75,0.983445689923571,1.35357406809542,0.459459459459459,9.31721194879089,-0.533982375680803,"Semaphorin","Plxna1/a3"
"Sema6a","IN Vip",0.684210526315789,0.61,1.4335865878631,0.999992066522904,0.535714285714286,14.8496240601504,0.625544665694118,"Semaphorin","Plxna2/a4"
"Sema6d","IN Vip",0.473684210526316,0.54,1.02490488185296,0.914978917121869,0.932432432432432,-45.8748221906117,0.158589644182487,"Semaphorin","Plxna1"
"Sema7a","IN Vip",0.0131578947368421,0.01,0.0241057324934104,0.0134403047345173,0.107142857142857,-9.3984962406015,0.0153869597367145,"Semaphorin","Plxnc1/Itgb1"
"Efna1","IN Vip",0,0,0,0,0.00970873786407767,-0.970873786407767,0,"Ephrin","EphA"
"Efna2","IN Vip",0.0131578947368421,0.01,0.0208179688434931,0.0107187828023387,0.0512820512820513,-3.81241565452092,0.0145700456185885,"Ephrin","EphA"
"Efna3","IN Vip",0,0.02,0,0.0351889932644818,0.0512820512820513,-5.12820512820513,-0.050766986076543,"Ephrin","EphA"
"Efna5","IN Vip",0.0526315789473684,0.17,0.099979876731654,0.226837986469014,0.652482269503546,-59.9850690556178,-0.183017565814637,"Ephrin","EphA (Epha3-7)"
"Efnb1","IN Vip",0,0.02,0,0.0292570101664773,0.0454545454545455,-4.54545454545455,-0.0422089434784148,"Ephrin","EphB"
"Efnb2","IN Vip",0.144736842105263,0.25,0.234926401755059,0.33090016048647,0.25,-10.5263157894737,-0.138460865777281,"Ephrin","EphB/Epha4"
"Efnb3","IN Vip",0.0789473684210526,0.05,0.128120704455936,0.0543228741345105,0.234375,-15.5427631578947,0.106467763833085,"Ephrin","EphB/Epha4"
"Slit1","IN Vip",0.302631578947368,0.43,0.545982567652763,0.633100039219577,0.641025641025641,-33.8394062078273,-0.125683944204228,"Slit/Netrin","Robo1-3"
"Slit2","IN Vip",0.0921052631578947,0.02,0.14832959412657,0.0244120036395905,0.878125,-78.6019736842105,0.178775293274474,"Slit/Netrin","Robo1-3"
"Slit3","IN Vip",0.144736842105263,0.25,0.27753365836804,0.319468098449641,0.991869918699187,-84.7133076593924,-0.0604986087481819,"Slit/Netrin","Robo1-3"
"Ntn1","IN Vip",0,0.03,0,0.0429597813371172,0.288288288288288,-28.8288288288288,-0.0619778634927332,"Slit/Netrin","Dcc/Unc5a-d/Neo1"
"Ntn4","IN Vip",0.0131578947368421,0.04,0.0178574578793378,0.0470606651681283,0.134615384615385,-12.1457489878543,-0.0421313223335904,"Slit/Netrin","Unc5/Neo1"
"Ntng1","IN Vip",0.118421052631579,0.1,0.20658222513985,0.127659488699441,0.789598108747045,-67.1177056115466,0.113861440475965,"Slit/Netrin","Lrrc4c (NGL-1)"
"Ntng2","IN Vip",0.0131578947368421,0.02,0.0154849743508545,0.026257815342381,0.328125,-31.4967105263158,-0.0155419242747606,"Slit/Netrin","Lrrc4 (NGL-2)"
"Cxcl12","IN Vip",0.0131578947368421,0,0.0252692394311932,0,0.0357142857142857,-2.25563909774436,0.0364558064144182,"Secreted other","Cxcr4/Ackr3"
"Reln","IN Vip",0.223684210526316,0.21,0.421698338679724,0.275921054828514,0.795454545454546,-57.177033492823,0.210312164486404,"Secreted other","Vldlr/Lrp8"
"Wnt5a","IN Vip",0.0131578947368421,0.06,0.0222449513151897,0.0690196315874903,0.104166666666667,-9.10087719298246,-0.067481599268015,"Secreted other","Ryk/Fzd"
"Wnt7b","IN Vip",0,0.03,0,0.0405926091488616,0.0625,-6.25,-0.0585627559158066,"Secreted other","Fzd"
"Fgf10","IN Vip",0,0.01,0,0.0166356142257889,0.264227642276423,-26.4227642276423,-0.0240001181456876,"Secreted other","Fgfr2"
"Bdnf","IN Vip",0.0263157894736842,0,0.0389008172501419,0,0.131313131313131,-10.4997341839447,0.0561220161333075,"Secreted other","Ntrk2"
"Ntf3","IN Vip",0.0131578947368421,0.03,0.0207857025419305,0.0308484118635207,0.0384615384615385,-2.53036437246964,-0.0145174208361652,"Secreted other","Ntrk3/Ntrk2"
"Nrg1","IN Vip",0.763157894736842,0.72,1.80697386994356,1.4700907460875,1,-23.6842105263158,0.486019612146313,"Secreted other","Erbb4"
"Nrg3","IN Vip",1,0.99,4.00836207848025,3.96886996163473,1,0,0.0569750811272296,"Secreted other","Erbb4"
"Cbln1","IN Vip",0.0131578947368421,0,0.0249539067665855,0,0.00447427293064877,0.868362180619333,0.0360008775429584,"Secreted other","Nrxn + Grid2"
"Cbln2","IN Vip",0.0921052631578947,0.18,0.133522371619833,0.218397626734951,0.0512820512820513,4.08232118758434,-0.122449109648765,"Secreted other","Nrxn + Grid1"
"Cbln4","IN Vip",0.0131578947368421,0.07,0.0171573233198296,0.0849603768578412,0.115625,-10.2467105263158,-0.0978191290964183,"Secreted other","Nrxn + Dcc/Neo1"
"C1ql2","IN Vip",0,0,0,0,0.00970873786407767,-0.970873786407767,0,"Secreted other","Adgrb3"
"C1ql3","IN Vip",0.0526315789473684,0.09,0.0777133308800348,0.108570029860465,0.853125,-80.0493421052632,-0.0445168065972707,"Secreted other","Adgrb3"
"Flrt2","IN Vip",0.342105263157895,0.32,0.631184692648784,0.447466213272423,0.603125,-26.1019736842105,0.265049739115937,"Adhesion / synaptic organiser","Unc5/Adgrl"
"Flrt3","IN Vip",0.434210526315789,0.57,0.753312797307512,0.868281106748171,0.607142857142857,-17.2932330827068,-0.165864209889427,"Adhesion / synaptic organiser","Unc5/Adgrl"
"Tenm2","IN Vip",0.868421052631579,0.93,2.35915482292682,2.46789837582445,1,-13.1578947368421,-0.156883784494052,"Adhesion / synaptic organiser","Adgrl1-3"
"Tenm3","IN Vip",0.565789473684211,0.61,1.1945416755256,1.25146310800407,0.958333333333333,-39.2543859649123,-0.0821202683569865,"Adhesion / synaptic organiser","Tenm3/Adgrl"
"Tenm4","IN Vip",0.736842105263158,0.8,1.66842931926666,1.53928784298568,0.955445544554455,-21.8603439291298,0.186311767403647,"Adhesion / synaptic organiser","Adgrl"
"Lrrtm4","IN Vip",0.842105263157895,0.95,2.72370021027041,2.92792495182503,1,-15.7894736842105,-0.294634021867684,"Adhesion / synaptic organiser","Nrxn/Ptprs"
"Nlgn1","IN Vip",0.934210526315789,1,2.53438745944176,2.7427755518635,1,-6.57894736842106,-0.300640467517156,"Adhesion / synaptic organiser","Nrxn1-3"
"Cdh6","IN Vip",0.0657894736842105,0.08,0.110958137091736,0.0942686213148737,0.475247524752475,-40.9458051068265,0.0240778816461179,"Adhesion / synaptic organiser","homophilic (same cadherin/protocadherin)"
"Cdh8","IN Vip",0.328947368421053,0.38,0.589077167458902,0.57045291093678,0.959375,-63.0427631578947,0.0268691225247091,"Adhesion / synaptic organiser","homophilic (same cadherin/protocadherin)"
"Cdh9","IN Vip",0.131578947368421,0.09,0.200078703795998,0.123205614601565,0.821875,-69.0296052631579,0.110904424558623,"Adhesion / synaptic organiser","homophilic (same cadherin/protocadherin)"
"Cdh10","IN Vip",0.526315789473684,0.69,1.12687620754288,1.33265431055233,0.794871794871795,-26.8556005398111,-0.29687504873527,"Adhesion / synaptic organiser","homophilic (same cadherin/protocadherin)"
"Cdh11","IN Vip",0.223684210526316,0.28,0.398831819657485,0.447565671375124,0.7375,-51.3815789473684,-0.0703080861964548,"Adhesion / synaptic organiser","homophilic (same cadherin/protocadherin)"
"Cdh12","IN Vip",0.184210526315789,0.3,0.318590154333039,0.459676440231692,0.615384615384615,-43.1174089068826,-0.203544485003429,"Adhesion / synaptic organiser","homophilic (same cadherin/protocadherin)"
"Cdh13","IN Vip",0.618421052631579,0.86,1.42074279536304,1.98136950566036,0.935828877005348,-31.7407824373769,-0.808813374735835,"Adhesion / synaptic organiser","homophilic (same cadherin/protocadherin)"
"Cdh18","IN Vip",0.171052631578947,0.19,0.323965308827817,0.260748435251437,0.928571428571428,-75.7518796992481,0.0912026700091487,"Adhesion / synaptic organiser","homophilic (same cadherin/protocadherin)"
"Pcdh7","IN Vip",0.815789473684211,0.89,1.9524697410631,1.95616421482676,0.98125,-16.546052631579,-0.00532999897752691,"Adhesion / synaptic organiser","homophilic (same cadherin/protocadherin)"
"Pcdh9","IN Vip",0.881578947368421,0.92,2.53873287873288,2.49937838424197,1,-11.8421052631579,0.0567765340387341,"Adhesion / synaptic organiser","homophilic (same cadherin/protocadherin)"
"Pcdh10","IN Vip",0.394736842105263,0.52,0.711890425836246,0.85863230894136,0.715625,-32.0888157894737,-0.211703787046456,"Adhesion / synaptic organiser","homophilic (same cadherin/protocadherin)"
"Pcdh17","IN Vip",0.434210526315789,0.39,0.795879037765831,0.560373080231827,0.825242718446602,-39.1032192130812,0.339763277034114,"Adhesion / synaptic organiser","homophilic (same cadherin/protocadherin)"
"Kirrel3","IN Vip",0.763157894736842,0.75,2.14776537557368,1.8328638086488,1,-23.6842105263158,0.454306928970687,"Adhesion / synaptic organiser","Kirrel3 (homophilic)"
"Sdk1","IN Vip",0.868421052631579,0.9,2.36093673709542,2.02969793909187,0.948717948717949,-8.02968960863698,0.47787657122974,"Adhesion / synaptic organiser","Sdk1 (homophilic)"
"Sdk2","IN Vip",0.434210526315789,0.49,0.80775669292232,0.756351783015785,0.666666666666667,-23.2456140350877,0.0741616085995023,"Adhesion / synaptic organiser","Sdk2 (homophilic)"
"Cntn4","IN Vip",0.526315789473684,0.71,1.10561640147364,1.6890191962691,0.957446808510638,-43.1131019036954,-0.841672318892159,"Adhesion / synaptic organiser","Ptprg/App"
"Cntn5","IN Vip",0.934210526315789,1,3.04650712034887,3.44098546650633,1,-6.57894736842106,-0.569111953739449,"Adhesion / synaptic organiser","Ptprg"
"Cntn6","IN Vip",0.565789473684211,0.72,1.16704005694734,1.2809254896931,0.832151300236407,-26.6361826552196,-0.164301949051797,"Adhesion / synaptic organiser","Ptprg/Chl1"
"Nectin3","IN Vip",0.0394736842105263,0.05,0.0673536687271943,0.0637062014529954,0.391836734693878,-35.2363050483351,0.00526218294829158,"Adhesion / synaptic organiser","Nectin1"
"Igsf21","IN Vip",0.0789473684210526,0.12,0.126597027250305,0.158001574339781,0.615384615384615,-53.6437246963563,-0.04530718434735,"Adhesion / synaptic organiser","Nrxn2"
"Sema3a","IN Reln/Npas1 (CGE)",0,0.0819672131147541,0,0.105808139955788,0.51875,-51.875,-0.1526488787999,"Semaphorin","Nrp1/Plxna1-4"
"Sema3c","IN Reln/Npas1 (CGE)",0.25,0.540983606557377,0.427791281060889,0.870671304196523,0.564102564102564,-31.4102564102564,-0.638940813086568,"Semaphorin","Nrp1-2/Plxnd1"
"Sema3d","IN Reln/Npas1 (CGE)",0,0,0,0,0.10625,-10.625,0,"Semaphorin","Nrp1/Plxnd1"
"Sema3e","IN Reln/Npas1 (CGE)",0.0909090909090909,0.163934426229508,0.142773901966182,0.203466761568794,0.384375,-29.3465909090909,-0.0875612875660585,"Semaphorin","Plxnd1"
"Sema3f","IN Reln/Npas1 (CGE)",0,0,0,0,0.036036036036036,-3.6036036036036,0,"Semaphorin","Nrp2/Plxna3"
"Sema5a","IN Reln/Npas1 (CGE)",0.227272727272727,0.213114754098361,0.458596849183198,0.234946179790449,0.517857142857143,-29.0584415584416,0.322659711624416,"Semaphorin","Plxna1/a3"
"Sema5b","IN Reln/Npas1 (CGE)",0.295454545454545,0.262295081967213,0.587776518035896,0.376513237553244,0.552631578947368,-25.7177033492823,0.304788487074256,"Semaphorin","Plxna1/a3"
"Sema6a","IN Reln/Npas1 (CGE)",0.431818181818182,0.426229508196721,0.896137212000934,0.56244350856109,0.684210526315789,-25.2392344497608,0.481418251128535,"Semaphorin","Plxna2/a4"
"Sema6d","IN Reln/Npas1 (CGE)",0.659090909090909,0.639344262295082,1.47099319377422,1.17752722731748,0.932432432432432,-27.3341523341523,0.423381894476837,"Semaphorin","Plxna1"
"Sema7a","IN Reln/Npas1 (CGE)",0,0.0163934426229508,0,0.00841240065250367,0.107142857142857,-10.7142857142857,-0.0121365287033381,"Semaphorin","Plxnc1/Itgb1"
"Efna1","IN Reln/Npas1 (CGE)",0,0,0,0,0.00970873786407767,-0.970873786407767,0,"Ephrin","EphA"
"Efna2","IN Reln/Npas1 (CGE)",0,0.0327868852459016,0,0.0459428843489731,0.0512820512820513,-5.12820512820513,-0.0662815714143987,"Ephrin","EphA"
"Efna3","IN Reln/Npas1 (CGE)",0.0227272727272727,0,0.0280292801627246,0,0.0512820512820513,-2.85547785547786,0.0404377034904502,"Ephrin","EphA"
"Efna5","IN Reln/Npas1 (CGE)",0.295454545454545,0.39344262295082,0.611997715560015,0.481691546790661,0.652482269503546,-35.7027724049001,0.187992063480789,"Ephrin","EphA (Epha3-7)"
"Efnb1","IN Reln/Npas1 (CGE)",0.0454545454545455,0.0163934426229508,0.0755081267564598,0.0172272663771654,0.045045045045045,0.0409500409500413,0.0840815082479502,"Ephrin","EphB"
"Efnb2","IN Reln/Npas1 (CGE)",0.113636363636364,0.19672131147541,0.196404020337319,0.258030692162936,0.25,-13.6363636363636,-0.0889084938293085,"Ephrin","EphB/Epha4"
"Efnb3","IN Reln/Npas1 (CGE)",0.0909090909090909,0.131147540983607,0.163733201071111,0.14847007726497,0.234375,-14.3465909090909,0.0220200330235942,"Ephrin","EphB/Epha4"
"Slit1","IN Reln/Npas1 (CGE)",0.431818181818182,0.524590163934426,0.771870497840329,0.713235988560415,0.641025641025641,-20.9207459207459,0.0845917157630895,"Slit/Netrin","Robo1-3"
"Slit2","IN Reln/Npas1 (CGE)",0.0681818181818182,0.0983606557377049,0.101323251698989,0.104727515690761,0.878125,-80.9943181818182,-0.0049113147788072,"Slit/Netrin","Robo1-3"
"Slit3","IN Reln/Npas1 (CGE)",0.0681818181818182,0.131147540983607,0.135743670686906,0.202383116436443,0.991869918699187,-92.3688100517369,-0.0961403979104468,"Slit/Netrin","Robo1-3"
"Ntn1","IN Reln/Npas1 (CGE)",0.0227272727272727,0.0327868852459016,0.0318816704520064,0.0326389767114979,0.288288288288288,-26.5561015561016,-0.00109256198500257,"Slit/Netrin","Dcc/Unc5a-d/Neo1"
"Ntn4","IN Reln/Npas1 (CGE)",0,0.0163934426229508,0,0.0150769540302709,0.134615384615385,-13.4615384615385,-0.0217514468111826,"Slit/Netrin","Unc5/Neo1"
"Ntng1","IN Reln/Npas1 (CGE)",0.727272727272727,0.786885245901639,1.59928702616432,1.52409567996255,0.789598108747045,-6.23253814743177,0.108478182283061,"Slit/Netrin","Lrrc4c (NGL-1)"
"Ntng2","IN Reln/Npas1 (CGE)",0,0,0,0,0.328125,-32.8125,0,"Slit/Netrin","Lrrc4 (NGL-2)"
"Cxcl12","IN Reln/Npas1 (CGE)",0,0,0,0,0.0357142857142857,-3.57142857142857,0,"Secreted other","Cxcr4/Ackr3"
"Reln","IN Reln/Npas1 (CGE)",0.795454545454546,0.721311475409836,2.23219236208418,1.5897916049972,0.708333333333333,8.71212121212123,0.926788386512704,"Secreted other","Vldlr/Lrp8"
"Wnt5a","IN Reln/Npas1 (CGE)",0.0681818181818182,0.0819672131147541,0.133666747500541,0.0589101537091564,0.104166666666667,-3.59848484848485,0.107850967136581,"Secreted other","Ryk/Fzd"
"Wnt7b","IN Reln/Npas1 (CGE)",0,0.0163934426229508,0,0.0174017118605678,0.0625,-6.25,-0.0251053634042198,"Secreted other","Fzd"
"Fgf10","IN Reln/Npas1 (CGE)",0,0,0,0,0.264227642276423,-26.4227642276423,0,"Secreted other","Fgfr2"
"Bdnf","IN Reln/Npas1 (CGE)",0.0227272727272727,0.0163934426229508,0.0350184502621877,0.0135110728355139,0.131313131313131,-10.8585858585859,0.0310285867559895,"Secreted other","Ntrk2"
"Ntf3","IN Reln/Npas1 (CGE)",0,0.0491803278688525,0,0.0650405398008875,0.0384615384615385,-3.84615384615385,-0.0938336642274817,"Secreted other","Ntrk3/Ntrk2"
"Nrg1","IN Reln/Npas1 (CGE)",0.818181818181818,0.737704918032787,2.25161651952941,1.58155383030736,1,-18.1818181818182,0.966696118825379,"Secreted other","Erbb4"
"Nrg3","IN Reln/Npas1 (CGE)",1,1,5.11482945197738,5.02566636255123,1,0,0.128635146945443,"Secreted other","Erbb4"
"Cbln1","IN Reln/Npas1 (CGE)",0,0,0,0,0.0131578947368421,-1.31578947368421,0,"Secreted other","Nrxn + Grid2"
"Cbln2","IN Reln/Npas1 (CGE)",0.0227272727272727,0,0.0372623840551742,0,0.0921052631578947,-6.9377990430622,0.0537582566880997,"Secreted other","Nrxn + Grid1"
"Cbln4","IN Reln/Npas1 (CGE)",0,0.0327868852459016,0,0.0324718217646461,0.115625,-11.5625,-0.0468469362284852,"Secreted other","Nrxn + Dcc/Neo1"
"C1ql2","IN Reln/Npas1 (CGE)",0,0,0,0,0.00970873786407767,-0.970873786407767,0,"Secreted other","Adgrb3"
"C1ql3","IN Reln/Npas1 (CGE)",0.0454545454545455,0.114754098360656,0.0730861088760903,0.121912624866299,0.853125,-80.7670454545455,-0.0704417724829599,"Secreted other","Adgrb3"
"Flrt2","IN Reln/Npas1 (CGE)",0.340909090909091,0.377049180327869,0.65038467547636,0.576797023462936,0.603125,-26.2215909090909,0.106164540630428,"Adhesion / synaptic organiser","Unc5/Adgrl"
"Flrt3","IN Reln/Npas1 (CGE)",0.409090909090909,0.672131147540984,0.777507987419211,0.960111683551616,0.607142857142857,-19.8051948051948,-0.263441446858215,"Adhesion / synaptic organiser","Unc5/Adgrl"
"Tenm2","IN Reln/Npas1 (CGE)",0.954545454545455,0.983606557377049,3.22640935042221,3.02531901808943,1,-4.54545454545454,0.290112025227208,"Adhesion / synaptic organiser","Adgrl1-3"
"Tenm3","IN Reln/Npas1 (CGE)",0.409090909090909,0.508196721311475,0.841691491179623,0.932110436833667,0.958333333333333,-54.9242424242424,-0.130446964497497,"Adhesion / synaptic organiser","Tenm3/Adgrl"
"Tenm4","IN Reln/Npas1 (CGE)",0.704545454545455,0.80327868852459,1.55031242462878,1.6731809787387,0.955445544554455,-25.0900090009001,-0.177261853695569,"Adhesion / synaptic organiser","Adgrl"
"Lrrtm4","IN Reln/Npas1 (CGE)",0.886363636363636,0.901639344262295,2.49610607480249,2.6136308672045,1,-11.3636363636364,-0.169552435179881,"Adhesion / synaptic organiser","Nrxn/Ptprs"
"Nlgn1","IN Reln/Npas1 (CGE)",0.795454545454546,0.967213114754098,2.17138306018416,2.53086356433897,1,-20.4545454545454,-0.518620740640411,"Adhesion / synaptic organiser","Nrxn1-3"
"Cdh6","IN Reln/Npas1 (CGE)",0,0.0491803278688525,0,0.048426259239062,0.475247524752475,-47.5247524752475,-0.069864324052998,"Adhesion / synaptic organiser","homophilic (same cadherin/protocadherin)"
"Cdh8","IN Reln/Npas1 (CGE)",0.227272727272727,0.180327868852459,0.399703636299121,0.204513784373259,0.959375,-73.2102272727273,0.281599431405292,"Adhesion / synaptic organiser","homophilic (same cadherin/protocadherin)"
"Cdh9","IN Reln/Npas1 (CGE)",0.0681818181818182,0.19672131147541,0.144482191402815,0.247398632333917,0.821875,-75.3693181818182,-0.148477038957243,"Adhesion / synaptic organiser","homophilic (same cadherin/protocadherin)"
"Cdh10","IN Reln/Npas1 (CGE)",0.340909090909091,0.508196721311475,0.664530882533261,0.836449610200662,0.794871794871795,-45.3962703962704,-0.248026295841699,"Adhesion / synaptic organiser","homophilic (same cadherin/protocadherin)"
"Cdh11","IN Reln/Npas1 (CGE)",0.113636363636364,0.278688524590164,0.203974936326765,0.408071212440725,0.7375,-62.3863636363636,-0.294448685413515,"Adhesion / synaptic organiser","homophilic (same cadherin/protocadherin)"
"Cdh12","IN Reln/Npas1 (CGE)",0.0227272727272727,0.0491803278688525,0.037330996371367,0.0384279032299489,0.615384615384615,-59.2657342657343,-0.00158250208519327,"Adhesion / synaptic organiser","homophilic (same cadherin/protocadherin)"
"Cdh13","IN Reln/Npas1 (CGE)",0.295454545454545,0.262295081967213,0.641761447000379,0.435420122349573,0.935828877005348,-64.0374331550802,0.297687605804178,"Adhesion / synaptic organiser","homophilic (same cadherin/protocadherin)"
"Cdh18","IN Reln/Npas1 (CGE)",0.295454545454545,0.409836065573771,0.638233687586466,0.585143009305819,0.928571428571428,-63.3116883116883,0.0765936582729201,"Adhesion / synaptic organiser","homophilic (same cadherin/protocadherin)"
"Pcdh7","IN Reln/Npas1 (CGE)",0.977272727272727,0.934426229508197,2.90649044055401,2.48586009794077,0.98125,-0.397727272727277,0.606841309335553,"Adhesion / synaptic organiser","homophilic (same cadherin/protocadherin)"
"Pcdh9","IN Reln/Npas1 (CGE)",0.909090909090909,0.950819672131148,3.05055145164233,3.09696468749486,1,-9.09090909090908,-0.0669601451960507,"Adhesion / synaptic organiser","homophilic (same cadherin/protocadherin)"
"Pcdh10","IN Reln/Npas1 (CGE)",0.386363636363636,0.524590163934426,0.669432180932383,0.807057291220001,0.715625,-32.9261363636364,-0.198551064113744,"Adhesion / synaptic organiser","homophilic (same cadherin/protocadherin)"
"Pcdh17","IN Reln/Npas1 (CGE)",0.272727272727273,0.426229508196721,0.46976844017807,0.619500636112452,0.825242718446602,-55.2515445719329,-0.216017896535947,"Adhesion / synaptic organiser","homophilic (same cadherin/protocadherin)"
"Kirrel3","IN Reln/Npas1 (CGE)",0.454545454545455,0.459016393442623,1.12991681750626,0.917380104269335,1,-54.5454545454545,0.306625662193748,"Adhesion / synaptic organiser","Kirrel3 (homophilic)"
"Sdk1","IN Reln/Npas1 (CGE)",0.386363636363636,0.409836065573771,0.816177346124268,0.610927490599411,0.948717948717949,-56.2354312354312,0.296112948708888,"Adhesion / synaptic organiser","Sdk1 (homophilic)"
"Sdk2","IN Reln/Npas1 (CGE)",0.659090909090909,0.688524590163934,1.37361354348824,1.12846900692891,0.666666666666667,-0.757575757575757,0.353668807195168,"Adhesion / synaptic organiser","Sdk2 (homophilic)"
"Cntn4","IN Reln/Npas1 (CGE)",0.477272727272727,0.639344262295082,1.03295487804544,1.20594785229227,0.957446808510638,-48.0174081237911,-0.249576106054532,"Adhesion / synaptic organiser","Ptprg/App"
"Cntn5","IN Reln/Npas1 (CGE)",1,0.967213114754098,3.6269523521725,3.17073172780223,0.989304812834225,1.06951871657754,0.658187232330257,"Adhesion / synaptic organiser","Ptprg"
"Cntn6","IN Reln/Npas1 (CGE)",0.295454545454545,0.524590163934426,0.566924524758582,0.692115450458107,0.832151300236407,-53.6696754781861,-0.180612327671003,"Adhesion / synaptic organiser","Ptprg/Chl1"
"Nectin3","IN Reln/Npas1 (CGE)",0.0681818181818182,0.163934426229508,0.118260320473315,0.165406925782736,0.391836734693878,-32.3654916512059,-0.068018173674652,"Adhesion / synaptic organiser","Nectin1"
"Igsf21","IN Reln/Npas1 (CGE)",0.181818181818182,0.163934426229508,0.309766533099852,0.144259326650429,0.615384615384615,-43.3566433566434,0.238776425975969,"Adhesion / synaptic organiser","Nrxn2"
"Sema3a","IN Cck/Cnr1 (CGE)",0.0833333333333333,0.0416666666666667,0.112331879467516,0.0631712485167509,0.51875,-43.5416666666667,0.0709237984796417,"Semaphorin","Nrp1/Plxna1-4"
"Sema3c","IN Cck/Cnr1 (CGE)",0.541666666666667,0.75,0.926951266685569,1.11633225809847,0.564102564102564,-2.24358974358975,-0.273219017150023,"Semaphorin","Nrp1-2/Plxnd1"
"Sema3d","IN Cck/Cnr1 (CGE)",0,0,0,0,0.10625,-10.625,0,"Semaphorin","Nrp1/Plxnd1"
"Sema3e","IN Cck/Cnr1 (CGE)",0.166666666666667,0.104166666666667,0.259389346404807,0.111948731396294,0.384375,-21.7708333333333,0.212711844098401,"Semaphorin","Plxnd1"
"Sema3f","IN Cck/Cnr1 (CGE)",0,0,0,0,0.036036036036036,-3.6036036036036,0,"Semaphorin","Nrp2/Plxna3"
"Sema5a","IN Cck/Cnr1 (CGE)",0.0208333333333333,0.0416666666666667,0.0372101587113839,0.0385983181961871,0.517857142857143,-49.7023809523809,-0.00200269080468848,"Semaphorin","Plxna1/a3"
"Sema5b","IN Cck/Cnr1 (CGE)",0.0625,0.145833333333333,0.069177659999759,0.17459503115183,0.552631578947368,-49.0131578947368,-0.152085118584644,"Semaphorin","Plxna1/a3"
"Sema6a","IN Cck/Cnr1 (CGE)",0.229166666666667,0.166666666666667,0.305888796393411,0.198121059488103,0.684210526315789,-45.5043859649123,0.155475979601115,"Semaphorin","Plxna2/a4"
"Sema6d","IN Cck/Cnr1 (CGE)",0.770833333333333,0.729166666666667,1.9578221591268,1.4509890832446,0.932432432432432,-16.1599099099099,0.731205565133742,"Semaphorin","Plxna1"
"Sema7a","IN Cck/Cnr1 (CGE)",0.0208333333333333,0.0208333333333333,0.0313925940156994,0.0343396527950819,0.107142857142857,-8.63095238095238,-0.00425170708622341,"Semaphorin","Plxnc1/Itgb1"
"Efna1","IN Cck/Cnr1 (CGE)",0,0,0,0,0.00970873786407767,-0.970873786407767,0,"Ephrin","EphA"
"Efna2","IN Cck/Cnr1 (CGE)",0.0208333333333333,0,0.0406869133073383,0,0.0512820512820513,-3.04487179487179,0.0586988080575762,"Ephrin","EphA"
"Efna3","IN Cck/Cnr1 (CGE)",0.0208333333333333,0,0.0395304179813989,0,0.0512820512820513,-3.04487179487179,0.0570303379860322,"Ephrin","EphA"
"Efna5","IN Cck/Cnr1 (CGE)",0.0416666666666667,0.0833333333333333,0.0822946584191367,0.0907384999771444,0.652482269503546,-61.0815602836879,-0.0121818883417899,"Ephrin","EphA (Epha3-7)"
"Efnb1","IN Cck/Cnr1 (CGE)",0,0,0,0,0.0454545454545455,-4.54545454545455,0,"Ephrin","EphB"
"Efnb2","IN Cck/Cnr1 (CGE)",0.25,0.1875,0.346954981174799,0.20243774460423,0.240384615384615,0.961538461538461,0.208494300523337,"Ephrin","EphB/Epha4"
"Efnb3","IN Cck/Cnr1 (CGE)",0.125,0.0208333333333333,0.200114034674756,0.0190532136767078,0.234375,-10.9375,0.261215548553168,"Ephrin","EphB/Epha4"
"Slit1","IN Cck/Cnr1 (CGE)",0.333333333333333,0.541666666666667,0.515244422583515,0.679115235861435,0.641025641025641,-30.7692307692308,-0.236415609662497,"Slit/Netrin","Robo1-3"
"Slit2","IN Cck/Cnr1 (CGE)",0.208333333333333,0.0833333333333333,0.257746188830968,0.115264775265196,0.878125,-66.9791666666667,0.205557228770189,"Slit/Netrin","Robo1-3"
"Slit3","IN Cck/Cnr1 (CGE)",0.25,0.1875,0.361783871828692,0.244267642882575,0.991869918699187,-74.1869918699187,0.169540080724534,"Slit/Netrin","Robo1-3"
"Ntn1","IN Cck/Cnr1 (CGE)",0.0416666666666667,0,0.0472293582876044,0,0.288288288288288,-24.6621621621622,0.068137560985895,"Slit/Netrin","Dcc/Unc5a-d/Neo1"
"Ntn4","IN Cck/Cnr1 (CGE)",0.0208333333333333,0.0208333333333333,0.0268839752984774,0.0155511453365245,0.134615384615385,-11.3782051282051,0.0163498175853472,"Slit/Netrin","Unc5/Neo1"
"Ntng1","IN Cck/Cnr1 (CGE)",0.125,0.1875,0.273960960125722,0.347552833736534,0.789598108747045,-66.4598108747045,-0.106170631108046,"Slit/Netrin","Lrrc4c (NGL-1)"
"Ntng2","IN Cck/Cnr1 (CGE)",0,0,0,0,0.328125,-32.8125,0,"Slit/Netrin","Lrrc4 (NGL-2)"
"Cxcl12","IN Cck/Cnr1 (CGE)",0,0,0,0,0.0357142857142857,-3.57142857142857,0,"Secreted other","Cxcr4/Ackr3"
"Reln","IN Cck/Cnr1 (CGE)",0.708333333333333,0.645833333333333,1.47111995648449,1.32357456839315,0.795454545454546,-8.71212121212123,0.212862999705421,"Secreted other","Vldlr/Lrp8"
"Wnt5a","IN Cck/Cnr1 (CGE)",0.104166666666667,0.0625,0.149906017697961,0.0530105208317468,0.0681818181818182,3.59848484848485,0.139790652813359,"Secreted other","Ryk/Fzd"
"Wnt7b","IN Cck/Cnr1 (CGE)",0.0625,0.0208333333333333,0.0914374044028783,0.0221948589450073,0.0588235294117647,0.367647058823529,0.0998958769505992,"Secreted other","Fzd"
"Fgf10","IN Cck/Cnr1 (CGE)",0,0.0416666666666667,0,0.03017520038021,0.264227642276423,-26.4227642276423,-0.0435336119463597,"Secreted other","Fgfr2"
"Bdnf","IN Cck/Cnr1 (CGE)",0.0208333333333333,0,0.0161362188771828,0,0.131313131313131,-11.0479797979798,0.0232796429528105,"Secreted other","Ntrk2"
"Ntf3","IN Cck/Cnr1 (CGE)",0,0,0,0,0.0384615384615385,-3.84615384615385,0,"Secreted other","Ntrk3/Ntrk2"
"Nrg1","IN Cck/Cnr1 (CGE)",0.979166666666667,0.9375,3.23655509814375,2.4362093905797,1,-2.08333333333334,1.15465478329942,"Secreted other","Erbb4"
"Nrg3","IN Cck/Cnr1 (CGE)",1,0.958333333333333,3.35915685994117,3.12985291228272,1,0,0.330815668143109,"Secreted other","Erbb4"
"Cbln1","IN Cck/Cnr1 (CGE)",0,0,0,0,0.0131578947368421,-1.31578947368421,0,"Secreted other","Nrxn + Grid2"
"Cbln2","IN Cck/Cnr1 (CGE)",0.0208333333333333,0,0.0328597969758943,0,0.0921052631578947,-7.12719298245614,0.0474066661417409,"Secreted other","Nrxn + Grid1"
"Cbln4","IN Cck/Cnr1 (CGE)",0.0208333333333333,0,0.0323671016753824,0,0.115625,-9.47916666666667,0.046695857075023,"Secreted other","Nrxn + Dcc/Neo1"
"C1ql2","IN Cck/Cnr1 (CGE)",0,0,0,0,0.00970873786407767,-0.970873786407767,0,"Secreted other","Adgrb3"
"C1ql3","IN Cck/Cnr1 (CGE)",0.104166666666667,0.0625,0.133995214011826,0.0660627867982844,0.853125,-74.8958333333333,0.0980057758565273,"Secreted other","Adgrb3"
"Flrt2","IN Cck/Cnr1 (CGE)",0.416666666666667,0.270833333333333,0.636024660860186,0.28388916252763,0.603125,-18.6458333333333,0.508024137165342,"Adhesion / synaptic organiser","Unc5/Adgrl"
"Flrt3","IN Cck/Cnr1 (CGE)",0.520833333333333,0.625,0.867982285593832,0.867574210956802,0.607142857142857,-8.63095238095238,0.000588727255155694,"Adhesion / synaptic organiser","Unc5/Adgrl"
"Tenm2","IN Cck/Cnr1 (CGE)",1,0.958333333333333,3.30587781291954,3.03269119270239,1,0,0.394124982224501,"Adhesion / synaptic organiser","Adgrl1-3"
"Tenm3","IN Cck/Cnr1 (CGE)",0.958333333333333,0.916666666666667,2.67136903308555,2.52011768544277,0.810874704491726,14.7458628841608,0.218209569172012,"Adhesion / synaptic organiser","Tenm3/Adgrl"
"Tenm4","IN Cck/Cnr1 (CGE)",0.833333333333333,0.958333333333333,2.07811641450059,2.26634516551928,0.955445544554455,-12.2112211221122,-0.271556685647396,"Adhesion / synaptic organiser","Adgrl"
"Lrrtm4","IN Cck/Cnr1 (CGE)",0.958333333333333,0.979166666666667,3.82259767412089,3.63519628132489,1,-4.16666666666667,0.270363060042466,"Adhesion / synaptic organiser","Nrxn/Ptprs"
"Nlgn1","IN Cck/Cnr1 (CGE)",0.9375,0.958333333333333,2.64384669467104,2.60292313440329,1,-6.25,0.0590402174537956,"Adhesion / synaptic organiser","Nrxn1-3"
"Cdh6","IN Cck/Cnr1 (CGE)",0.166666666666667,0.145833333333333,0.258849752167106,0.184700553475228,0.475247524752475,-30.8580858085809,0.106974681238662,"Adhesion / synaptic organiser","homophilic (same cadherin/protocadherin)"
"Cdh8","IN Cck/Cnr1 (CGE)",0.208333333333333,0.25,0.34279521186122,0.327309070659877,0.959375,-75.1041666666667,0.0223417791136842,"Adhesion / synaptic organiser","homophilic (same cadherin/protocadherin)"
"Cdh9","IN Cck/Cnr1 (CGE)",0.291666666666667,0.3125,0.428075542190317,0.35886942220537,0.821875,-53.0208333333333,0.0998433261014492,"Adhesion / synaptic organiser","homophilic (same cadherin/protocadherin)"
"Cdh10","IN Cck/Cnr1 (CGE)",0.5,0.541666666666667,0.964413857756203,0.815129851257251,0.794871794871795,-29.4871794871795,0.215371295860075,"Adhesion / synaptic organiser","homophilic (same cadherin/protocadherin)"
"Cdh11","IN Cck/Cnr1 (CGE)",0.666666666666667,0.625,1.2830323137681,1.00946155182452,0.7375,-7.08333333333334,0.394679181588227,"Adhesion / synaptic organiser","homophilic (same cadherin/protocadherin)"
"Cdh12","IN Cck/Cnr1 (CGE)",0.125,0.166666666666667,0.215806158592084,0.211177338607804,0.615384615384615,-49.0384615384615,0.00667797563648848,"Adhesion / synaptic organiser","homophilic (same cadherin/protocadherin)"
"Cdh13","IN Cck/Cnr1 (CGE)",0.395833333333333,0.625,0.684661185757738,1.06095101638137,0.935828877005348,-53.9995543672014,-0.542871472577665,"Adhesion / synaptic organiser","homophilic (same cadherin/protocadherin)"
"Cdh18","IN Cck/Cnr1 (CGE)",0.3125,0.520833333333333,0.567340935881463,0.86493596208434,0.928571428571428,-61.6071428571428,-0.429338868496113,"Adhesion / synaptic organiser","homophilic (same cadherin/protocadherin)"
"Pcdh7","IN Cck/Cnr1 (CGE)",0.666666666666667,0.583333333333333,1.4426679995614,1.14151855789927,0.98125,-31.4583333333333,0.434466806052428,"Adhesion / synaptic organiser","homophilic (same cadherin/protocadherin)"
"Pcdh9","IN Cck/Cnr1 (CGE)",0.916666666666667,0.895833333333333,3.08585920018028,3.04832850916808,1,-8.33333333333334,0.0541453418044417,"Adhesion / synaptic organiser","homophilic (same cadherin/protocadherin)"
"Pcdh10","IN Cck/Cnr1 (CGE)",0.520833333333333,0.541666666666667,0.942015313136997,0.60971813295126,0.715625,-19.4791666666667,0.479403493955349,"Adhesion / synaptic organiser","homophilic (same cadherin/protocadherin)"
"Pcdh17","IN Cck/Cnr1 (CGE)",0.416666666666667,0.479166666666667,0.707567067272417,0.686341176211303,0.825242718446602,-40.8576051779935,0.0306224877723185,"Adhesion / synaptic organiser","homophilic (same cadherin/protocadherin)"
"Kirrel3","IN Cck/Cnr1 (CGE)",0.833333333333333,0.854166666666667,2.59082433953108,2.616256735934,1,-16.6666666666667,-0.0366911921684178,"Adhesion / synaptic organiser","Kirrel3 (homophilic)"
"Sdk1","IN Cck/Cnr1 (CGE)",0.666666666666667,0.770833333333333,1.52553666949128,1.3539788437471,0.948717948717949,-28.2051282051282,0.247505624426819,"Adhesion / synaptic organiser","Sdk1 (homophilic)"
"Sdk2","IN Cck/Cnr1 (CGE)",0.583333333333333,0.770833333333333,1.06851836972906,1.44842419342789,0.666666666666667,-8.33333333333334,-0.548088247855146,"Adhesion / synaptic organiser","Sdk2 (homophilic)"
"Cntn4","IN Cck/Cnr1 (CGE)",0.645833333333333,0.5,1.50114383259008,0.843966694751287,0.957446808510638,-31.1613475177305,0.948106197745628,"Adhesion / synaptic organiser","Ptprg/App"
"Cntn5","IN Cck/Cnr1 (CGE)",0.875,0.8125,2.3020244011051,2.00905284404237,1,-12.5,0.422668612495917,"Adhesion / synaptic organiser","Ptprg"
"Cntn6","IN Cck/Cnr1 (CGE)",0.583333333333333,0.4375,1.12089606963927,0.608956595536507,0.832151300236407,-24.8817966903073,0.738572540523364,"Adhesion / synaptic organiser","Ptprg/Chl1"
"Nectin3","IN Cck/Cnr1 (CGE)",0.333333333333333,0.291666666666667,0.476693718478365,0.370108633487613,0.391836734693878,-5.85034013605443,0.153769773548888,"Adhesion / synaptic organiser","Nectin1"
"Igsf21","IN Cck/Cnr1 (CGE)",0.291666666666667,0.145833333333333,0.441547178378322,0.137140942426167,0.615384615384615,-32.3717948717949,0.439165367023849,"Adhesion / synaptic organiser","Nrxn2"
"Sema3a","IN Lamp5",0.0357142857142857,0,0.0660719847434419,0,0.51875,-48.3035714285714,0.0953217247310549,"Semaphorin","Nrp1/Plxna1-4"
"Sema3c","IN Lamp5",0.5,0.701149425287356,0.9266129932803,1.07862073437679,0.564102564102564,-6.41025641025641,-0.219300814256647,"Semaphorin","Nrp1-2/Plxnd1"
"Sema3d","IN Lamp5",0,0.0344827586206897,0,0.0345047755418693,0.10625,-10.625,-0.0497798685612417,"Semaphorin","Nrp1/Plxnd1"
"Sema3e","IN Lamp5",0.0714285714285714,0.229885057471264,0.110836176293205,0.299649195041359,0.384375,-31.2946428571429,-0.272399605803237,"Semaphorin","Plxnd1"
"Sema3f","IN Lamp5",0.0178571428571429,0.0344827586206897,0.0303582048005197,0.0314777138164208,0.036036036036036,-1.81788931788932,-0.00161511010547103,"Semaphorin","Nrp2/Plxna3"
"Sema5a","IN Lamp5",0.517857142857143,0.71264367816092,1.03931588916046,1.20381621719301,0.451219512195122,6.66376306620208,-0.237323807477169,"Semaphorin","Plxna1/a3"
"Sema5b","IN Lamp5",0.0357142857142857,0.0804597701149425,0.0556294555972502,0.0757840782418233,0.552631578947368,-51.6917293233083,-0.0290769741403141,"Semaphorin","Plxna1/a3"
"Sema6a","IN Lamp5",0.535714285714286,0.436781609195402,1.09570151824826,0.676218255031779,0.684210526315789,-14.8496240601504,0.605186423578338,"Semaphorin","Plxna2/a4"
"Sema6d","IN Lamp5",0.803571428571428,0.804597701149425,1.99786183427638,1.58685926948858,0.932432432432432,-12.8861003861004,0.592951362012009,"Semaphorin","Plxna1"
"Sema7a","IN Lamp5",0,0.0229885057471264,0,0.0153293834612571,0.107142857142857,-10.7142857142857,-0.0221156254994409,"Semaphorin","Plxnc1/Itgb1"
"Efna1","IN Lamp5",0,0,0,0,0.00970873786407767,-0.970873786407767,0,"Ephrin","EphA"
"Efna2","IN Lamp5",0.0357142857142857,0,0.0572819774746247,0,0.0512820512820513,-1.55677655677656,0.0826404248349544,"Ephrin","EphA"
"Efna3","IN Lamp5",0.0178571428571429,0.0114942528735632,0.0336952482850253,0.00616472977834702,0.0512820512820513,-3.34249084249084,0.0397181425226865,"Ephrin","EphA"
"Efna5","IN Lamp5",0.25,0.597701149425287,0.57200563574506,0.991997663681986,0.652482269503546,-40.2482269503546,-0.605920415917502,"Ephrin","EphA (Epha3-7)"
"Efnb1","IN Lamp5",0,0,0,0,0.0454545454545455,-4.54545454545455,0,"Ephrin","EphB"
"Efnb2","IN Lamp5",0.160714285714286,0.229885057471264,0.24246942149542,0.252637696884777,0.25,-8.92857142857143,-0.014669720478619,"Ephrin","EphB/Epha4"
"Efnb3","IN Lamp5",0.0714285714285714,0.0804597701149425,0.130282074360525,0.0701313454733749,0.234375,-16.2946428571429,0.0867791582713481,"Ephrin","EphB/Epha4"
"Slit1","IN Lamp5",0.178571428571429,0.172413793103448,0.282270915504352,0.180004964707527,0.641025641025641,-46.2454212454212,0.147538580066374,"Slit/Netrin","Robo1-3"
"Slit2","IN Lamp5",0.0714285714285714,0.149425287356322,0.128663320666414,0.217523752584064,0.878125,-80.6696428571429,-0.128198504458845,"Slit/Netrin","Robo1-3"
"Slit3","IN Lamp5",0.357142857142857,0.402298850574713,0.759454052470512,0.586050168676396,0.991869918699187,-63.472706155633,0.250168923220658,"Slit/Netrin","Robo1-3"
"Ntn1","IN Lamp5",0.0535714285714286,0.103448275862069,0.0685157026575604,0.122149568101277,0.288288288288288,-23.471685971686,-0.0773773116993557,"Slit/Netrin","Dcc/Unc5a-d/Neo1"
"Ntn4","IN Lamp5",0.0357142857142857,0.114942528735632,0.0582061915174903,0.0975205726309691,0.134615384615385,-9.89010989010989,-0.0567186626680346,"Slit/Netrin","Unc5/Neo1"
"Ntng1","IN Lamp5",0.0892857142857143,0.114942528735632,0.149420838669336,0.134766865477666,0.789598108747045,-70.0312394461331,0.0211412144529422,"Slit/Netrin","Lrrc4c (NGL-1)"
"Ntng2","IN Lamp5",0,0.0344827586206897,0,0.0443377455409586,0.328125,-32.8125,-0.0639658456161378,"Slit/Netrin","Lrrc4 (NGL-2)"
"Cxcl12","IN Lamp5",0.0357142857142857,0,0.0546953044836524,0,0.0357142857142857,0,0.0789086445384772,"Secreted other","Cxcr4/Ackr3"
"Reln","IN Lamp5",0.410714285714286,0.597701149425287,1.08940144553464,1.44760020552646,0.795454545454546,-38.474025974026,-0.516771574692777,"Secreted other","Vldlr/Lrp8"
"Wnt5a","IN Lamp5",0.0178571428571429,0.0804597701149425,0.0324039376883268,0.073887945959302,0.104166666666667,-8.63095238095238,-0.0598487730087326,"Secreted other","Ryk/Fzd"
"Wnt7b","IN Lamp5",0.0357142857142857,0.0229885057471264,0.0587421182669975,0.0287569753794797,0.0625,-2.67857142857143,0.0432594169441689,"Secreted other","Fzd"
"Fgf10","IN Lamp5",0,0.298850574712644,0,0.395826747217986,0.264227642276423,-26.4227642276423,-0.571057285262598,"Secreted other","Fgfr2"
"Bdnf","IN Lamp5",0.0178571428571429,0.0114942528735632,0.0290467293849697,0.00806912195132858,0.131313131313131,-11.3455988455988,0.0302642902142296,"Secreted other","Ntrk2"
"Ntf3","IN Lamp5",0,0,0,0,0.0384615384615385,-3.84615384615385,0,"Secreted other","Ntrk3/Ntrk2"
"Nrg1","IN Lamp5",0.785714285714286,0.862068965517241,2.24559177275312,2.0195115017321,1,-21.4285714285714,0.326164885844851,"Secreted other","Erbb4"
"Nrg3","IN Lamp5",0.964285714285714,1,3.32321800662547,3.43024531186387,1,-3.57142857142858,-0.154407762507159,"Secreted other","Erbb4"
"Cbln1","IN Lamp5",0,0,0,0,0.0131578947368421,-1.31578947368421,0,"Secreted other","Nrxn + Grid2"
"Cbln2","IN Lamp5",0,0.0114942528735632,0,0.00678572628426006,0.0921052631578947,-9.21052631578947,-0.00978973365913188,"Secreted other","Nrxn + Grid1"
"Cbln4","IN Lamp5",0,0,0,0,0.115625,-11.5625,0,"Secreted other","Nrxn + Dcc/Neo1"
"C1ql2","IN Lamp5",0,0,0,0,0.00970873786407767,-0.970873786407767,0,"Secreted other","Adgrb3"
"C1ql3","IN Lamp5",0.0178571428571429,0.0919540229885057,0.0337803556681525,0.104014217991065,0.853125,-83.5267857142857,-0.101326044875743,"Secreted other","Adgrb3"
"Flrt2","IN Lamp5",0.446428571428571,0.517241379310345,0.796864750582128,0.754486306740475,0.603125,-15.6696428571429,0.0611391707709449,"Adhesion / synaptic organiser","Unc5/Adgrl"
"Flrt3","IN Lamp5",0.303571428571429,0.425287356321839,0.505958086457827,0.570856778782176,0.607142857142857,-30.3571428571429,-0.0936290215765174,"Adhesion / synaptic organiser","Unc5/Adgrl"
"Tenm2","IN Lamp5",0.982142857142857,0.977011494252874,3.85003177001889,3.29461275091284,1,-1.78571428571429,0.801300264479704,"Adhesion / synaptic organiser","Adgrl1-3"
"Tenm3","IN Lamp5",0.696428571428571,0.64367816091954,1.81308394258214,1.31547043821328,0.958333333333333,-26.1904761904762,0.717904535032344,"Adhesion / synaptic organiser","Tenm3/Adgrl"
"Tenm4","IN Lamp5",0.696428571428571,0.896551724137931,1.52811974174273,1.72104913509411,0.955445544554455,-25.9016973125884,-0.278338279029752,"Adhesion / synaptic organiser","Adgrl"
"Lrrtm4","IN Lamp5",0.857142857142857,0.988505747126437,2.3017759455243,2.9081386859354,1,-14.2857142857143,-0.874796518570941,"Adhesion / synaptic organiser","Nrxn/Ptprs"
"Nlgn1","IN Lamp5",0.964285714285714,1,2.95070763126924,3.29817258962706,1,-3.57142857142858,-0.501285972305517,"Adhesion / synaptic organiser","Nrxn1-3"
"Cdh6","IN Lamp5",0.0357142857142857,0.0344827586206897,0.0599918819936378,0.0227614665256649,0.475247524752475,-43.953323903819,0.0537121357658803,"Adhesion / synaptic organiser","homophilic (same cadherin/protocadherin)"
"Cdh8","IN Lamp5",0.267857142857143,0.126436781609195,0.47097352652962,0.176915311429817,0.959375,-69.1517857142857,0.424236328657146,"Adhesion / synaptic organiser","homophilic (same cadherin/protocadherin)"
"Cdh9","IN Lamp5",0.196428571428571,0.206896551724138,0.306327149296229,0.231221308721391,0.821875,-62.5446428571429,0.108354823739116,"Adhesion / synaptic organiser","homophilic (same cadherin/protocadherin)"
"Cdh10","IN Lamp5",0.392857142857143,0.586206896551724,0.70315147363685,0.935180614626764,0.794871794871795,-40.2014652014652,-0.334747291047875,"Adhesion / synaptic organiser","homophilic (same cadherin/protocadherin)"
"Cdh11","IN Lamp5",0.357142857142857,0.436781609195402,0.711408957893696,0.624819939851652,0.7375,-38.0357142857143,0.124921546924701,"Adhesion / synaptic organiser","homophilic (same cadherin/protocadherin)"
"Cdh12","IN Lamp5",0.339285714285714,0.459770114942529,0.642044915178194,0.635489501950792,0.615384615384615,-27.6098901098901,0.00945746215415101,"Adhesion / synaptic organiser","homophilic (same cadherin/protocadherin)"
"Cdh13","IN Lamp5",0.392857142857143,0.64367816091954,0.789100937213466,1.09620265836712,0.935828877005348,-54.2971734148205,-0.443054130156843,"Adhesion / synaptic organiser","homophilic (same cadherin/protocadherin)"
"Cdh18","IN Lamp5",0.196428571428571,0.344827586206897,0.332422781180815,0.474661577095477,0.928571428571428,-73.2142857142857,-0.205207205488101,"Adhesion / synaptic organiser","homophilic (same cadherin/protocadherin)"
"Pcdh7","IN Lamp5",0.553571428571428,0.586206896551724,1.10360959785419,0.872323198128459,0.98125,-42.7678571428572,0.333675741909374,"Adhesion / synaptic organiser","homophilic (same cadherin/protocadherin)"
"Pcdh9","IN Lamp5",0.982142857142857,0.988505747126437,3.55555348571085,3.45037919829957,1,-1.78571428571429,0.15173442287728,"Adhesion / synaptic organiser","homophilic (same cadherin/protocadherin)"
"Pcdh10","IN Lamp5",0.321428571428571,0.425287356321839,0.620279321810894,0.543749868567432,0.715625,-39.4196428571429,0.110408662676285,"Adhesion / synaptic organiser","homophilic (same cadherin/protocadherin)"
"Pcdh17","IN Lamp5",0.267857142857143,0.379310344827586,0.481540077067703,0.41454905453535,0.825242718446602,-55.7385575589459,0.096647615991507,"Adhesion / synaptic organiser","homophilic (same cadherin/protocadherin)"
"Kirrel3","IN Lamp5",0.892857142857143,0.896551724137931,2.34464241787566,2.00883231683424,1,-10.7142857142857,0.484471567452885,"Adhesion / synaptic organiser","Kirrel3 (homophilic)"
"Sdk1","IN Lamp5",0.196428571428571,0.310344827586207,0.412799495474048,0.417562928005901,0.948717948717949,-75.2289377289377,-0.00687218049131343,"Adhesion / synaptic organiser","Sdk1 (homophilic)"
"Sdk2","IN Lamp5",0.214285714285714,0.298850574712644,0.372610553846874,0.367602128171992,0.666666666666667,-45.2380952380952,0.00722563088381269,"Adhesion / synaptic organiser","Sdk2 (homophilic)"
"Cntn4","IN Lamp5",0.357142857142857,0.494252873563218,0.793591406244298,0.957427612051685,0.957446808510638,-60.0303951367781,-0.23636568163638,"Adhesion / synaptic organiser","Ptprg/App"
"Cntn5","IN Lamp5",0.875,0.954022988505747,2.71625698748395,3.21724047733065,1,-12.5,-0.722766396369079,"Adhesion / synaptic organiser","Ptprg"
"Cntn6","IN Lamp5",0.375,0.32183908045977,0.694483953580445,0.404514356311518,0.832151300236407,-45.7151300236407,0.418337699988451,"Adhesion / synaptic organiser","Ptprg/Chl1"
"Nectin3","IN Lamp5",0.0535714285714286,0.0689655172413793,0.0779972519938215,0.0547119744599396,0.391836734693878,-33.8265306122449,0.0335935544238546,"Adhesion / synaptic organiser","Nectin1"
"Igsf21","IN Lamp5",0.232142857142857,0.103448275862069,0.365977060080464,0.0831719546287485,0.615384615384615,-38.3241758241758,0.40800152317327,"Adhesion / synaptic organiser","Nrxn2"
"Sema3a","Unresolved Nts/Pappa2",0.0357142857142857,0.0384615384615385,0.0651481008418682,0.0535445342016586,0.51875,-48.3035714285714,0.016740408048455,"Semaphorin","Nrp1/Plxna1-4"
"Sema3c","Unresolved Nts/Pappa2",0.392857142857143,0.692307692307692,0.667165386850816,0.861324905476187,0.564102564102564,-17.1245421245421,-0.280112974662212,"Semaphorin","Nrp1-2/Plxnd1"
"Sema3d","Unresolved Nts/Pappa2",0,0,0,0,0.10625,-10.625,0,"Semaphorin","Nrp1/Plxnd1"
"Sema3e","Unresolved Nts/Pappa2",0.0714285714285714,0.115384615384615,0.108230975216768,0.101232835190413,0.384375,-31.2946428571429,0.0100961819114691,"Semaphorin","Plxnd1"
"Sema3f","Unresolved Nts/Pappa2",0.0357142857142857,0.192307692307692,0.0463891156048775,0.142048859503183,0.036036036036036,-0.0321750321750323,-0.138007838134794,"Semaphorin","Nrp2/Plxna3"
"Sema5a","Unresolved Nts/Pappa2",0.25,0.115384615384615,0.371839600566743,0.220697522335568,0.517857142857143,-26.7857142857143,0.218051926733767,"Semaphorin","Plxna1/a3"
"Sema5b","Unresolved Nts/Pappa2",0.0357142857142857,0.0769230769230769,0.0758461868174918,0.0537581398160603,0.552631578947368,-51.6917293233083,0.0318663158718876,"Semaphorin","Plxna1/a3"
"Sema6a","Unresolved Nts/Pappa2",0.214285714285714,0.269230769230769,0.323940328102291,0.26036547491072,0.684210526315789,-46.9924812030075,0.0917191254247232,"Semaphorin","Plxna2/a4"
"Sema6d","Unresolved Nts/Pappa2",0.428571428571429,0.653846153846154,0.991686571912243,1.27720856864763,0.932432432432432,-50.3861003861004,-0.411921168754863,"Semaphorin","Plxna1"
"Sema7a","Unresolved Nts/Pappa2",0.107142857142857,0,0.158312270577265,0,0.0512820512820513,5.58608058608059,0.228396327673692,"Semaphorin","Plxnc1/Itgb1"
"Efna1","Unresolved Nts/Pappa2",0,0,0,0,0.00970873786407767,-0.970873786407767,0,"Ephrin","EphA"
"Efna2","Unresolved Nts/Pappa2",0,0.0769230769230769,0,0.0741856776553934,0.0512820512820513,-5.12820512820513,-0.107027309258423,"Ephrin","EphA"
"Efna3","Unresolved Nts/Pappa2",0.0357142857142857,0.0769230769230769,0.0643510731354161,0.0664764502051229,0.0512820512820513,-1.55677655677656,-0.00306627095848517,"Ephrin","EphA"
"Efna5","Unresolved Nts/Pappa2",0.142857142857143,0.115384615384615,0.263546097599252,0.111118698616621,0.652482269503546,-50.9625126646403,0.219906252607845,"Ephrin","EphA (Epha3-7)"
"Efnb1","Unresolved Nts/Pappa2",0,0,0,0,0.0454545454545455,-4.54545454545455,0,"Ephrin","EphB"
"Efnb2","Unresolved Nts/Pappa2",0.142857142857143,0.346153846153846,0.225341060870622,0.350898627253748,0.25,-10.7142857142857,-0.181141278367023,"Ephrin","EphB/Epha4"
"Efnb3","Unresolved Nts/Pappa2",0.0714285714285714,0.153846153846154,0.132545897784176,0.114737966375872,0.234375,-16.2946428571429,0.0256914143312514,"Ephrin","EphB/Epha4"
"Slit1","Unresolved Nts/Pappa2",0.285714285714286,0.538461538461539,0.439308856050074,0.614790082164163,0.641025641025641,-35.5311355311355,-0.253165894683911,"Slit/Netrin","Robo1-3"
"Slit2","Unresolved Nts/Pappa2",0.142857142857143,0.0384615384615385,0.213052248710531,0.04788311373646,0.878125,-73.5267857142857,0.238288691935013,"Slit/Netrin","Robo1-3"
"Slit3","Unresolved Nts/Pappa2",0.107142857142857,0.192307692307692,0.158276272619793,0.206358005243103,0.991869918699187,-88.472706155633,-0.0693672772129981,"Slit/Netrin","Robo1-3"
"Ntn1","Unresolved Nts/Pappa2",0,0,0,0,0.288288288288288,-28.8288288288288,0,"Slit/Netrin","Dcc/Unc5a-d/Neo1"
"Ntn4","Unresolved Nts/Pappa2",0,0.0384615384615385,0,0.0241954433267017,0.134615384615385,-13.4615384615385,-0.0349066460995425,"Slit/Netrin","Unc5/Neo1"
"Ntng1","Unresolved Nts/Pappa2",0.464285714285714,0.576923076923077,0.82108644124559,0.846397902556201,0.789598108747045,-32.5312394461331,-0.0365167197104722,"Slit/Netrin","Lrrc4c (NGL-1)"
"Ntng2","Unresolved Nts/Pappa2",0.107142857142857,0.0769230769230769,0.182803929203656,0.0908587748501295,0.328125,-22.0982142857143,0.132648818219603,"Slit/Netrin","Lrrc4 (NGL-2)"
"Cxcl12","Unresolved Nts/Pappa2",0.0357142857142857,0,0.0728702883348187,0,0.0357142857142857,0,0.105129603608792,"Secreted other","Cxcr4/Ackr3"
"Reln","Unresolved Nts/Pappa2",0.0714285714285714,0.0769230769230769,0.108730894873565,0.0796804800961283,0.795454545454546,-72.4025974025974,0.041910889335176,"Secreted other","Vldlr/Lrp8"
"Wnt5a","Unresolved Nts/Pappa2",0,0,0,0,0.104166666666667,-10.4166666666667,0,"Secreted other","Ryk/Fzd"
"Wnt7b","Unresolved Nts/Pappa2",0,0,0,0,0.0625,-6.25,0,"Secreted other","Fzd"
"Fgf10","Unresolved Nts/Pappa2",0,0.269230769230769,0,0.284043060997779,0.264227642276423,-26.4227642276423,-0.409787515500418,"Secreted other","Fgfr2"
"Bdnf","Unresolved Nts/Pappa2",0,0,0,0,0.131313131313131,-13.1313131313131,0,"Secreted other","Ntrk2"
"Ntf3","Unresolved Nts/Pappa2",0.0357142857142857,0,0.0418540554414542,0,0.0384615384615385,-0.274725274725275,0.0603826382264777,"Secreted other","Ntrk3/Ntrk2"
"Nrg1","Unresolved Nts/Pappa2",0.928571428571428,0.961538461538462,3.38185273436686,3.15860380540969,1,-7.14285714285715,0.322080122690292,"Secreted other","Erbb4"
"Nrg3","Unresolved Nts/Pappa2",0.964285714285714,1,3.51199636435545,3.6548333996039,1,-3.57142857142858,-0.206070282408226,"Secreted other","Erbb4"
"Cbln1","Unresolved Nts/Pappa2",0,0,0,0,0.0131578947368421,-1.31578947368421,0,"Secreted other","Nrxn + Grid2"
"Cbln2","Unresolved Nts/Pappa2",0,0.0384615384615385,0,0.0347901468570675,0.0921052631578947,-9.21052631578947,-0.05019157234249,"Secreted other","Nrxn + Grid1"
"Cbln4","Unresolved Nts/Pappa2",0.0714285714285714,0,0.119259403939696,0,0.115625,-4.41964285714286,0.172054950643173,"Secreted other","Nrxn + Dcc/Neo1"
"C1ql2","Unresolved Nts/Pappa2",0,0,0,0,0.00970873786407767,-0.970873786407767,0,"Secreted other","Adgrb3"
"C1ql3","Unresolved Nts/Pappa2",0.25,0.0769230769230769,0.354386967048739,0.094961053634673,0.853125,-60.3125,0.374272478760562,"Secreted other","Adgrb3"
"Flrt2","Unresolved Nts/Pappa2",0.285714285714286,0.307692307692308,0.435103030282945,0.320489967107442,0.603125,-31.7410714285714,0.165351697864391,"Adhesion / synaptic organiser","Unc5/Adgrl"
"Flrt3","Unresolved Nts/Pappa2",0.607142857142857,0.846153846153846,1.06085374164807,1.24153863008042,0.582491582491583,2.46512746512746,-0.260673192504936,"Adhesion / synaptic organiser","Unc5/Adgrl"
"Tenm2","Unresolved Nts/Pappa2",1,1,3.99042465642315,3.66996334352238,1,0,0.462327946918708,"Adhesion / synaptic organiser","Adgrl1-3"
"Tenm3","Unresolved Nts/Pappa2",0.535714285714286,0.692307692307692,1.05429639894902,1.20148106462349,0.958333333333333,-42.2619047619048,-0.212342587263458,"Adhesion / synaptic organiser","Tenm3/Adgrl"
"Tenm4","Unresolved Nts/Pappa2",0.821428571428571,0.961538461538462,2.00598688324545,2.1969165519032,0.955445544554455,-13.4016973125884,-0.275453286131107,"Adhesion / synaptic organiser","Adgrl"
"Lrrtm4","Unresolved Nts/Pappa2",0.821428571428571,0.846153846153846,1.95941409116013,2.03477853401486,1,-17.8571428571429,-0.10872790796588,"Adhesion / synaptic organiser","Nrxn/Ptprs"
"Nlgn1","Unresolved Nts/Pappa2",0.964285714285714,1,2.99760250041679,3.20419989411717,1,-3.57142857142858,-0.298057035352125,"Adhesion / synaptic organiser","Nrxn1-3"
"Cdh6","Unresolved Nts/Pappa2",0.0357142857142857,0.115384615384615,0.0643510731354161,0.121066115818921,0.475247524752475,-43.953323903819,-0.0818225108232983,"Adhesion / synaptic organiser","homophilic (same cadherin/protocadherin)"
"Cdh8","Unresolved Nts/Pappa2",0.535714285714286,0.692307692307692,1.1300254211352,0.904405350770304,0.959375,-42.3660714285714,0.325500956640453,"Adhesion / synaptic organiser","homophilic (same cadherin/protocadherin)"
"Cdh9","Unresolved Nts/Pappa2",0.321428571428571,0.423076923076923,0.594910164367781,0.408186727468613,0.821875,-50.0446428571429,0.269384976432173,"Adhesion / synaptic organiser","homophilic (same cadherin/protocadherin)"
"Cdh10","Unresolved Nts/Pappa2",0.571428571428571,0.807692307692308,1.13244428073016,1.29069315662016,0.794871794871795,-22.3443223443223,-0.228304868472757,"Adhesion / synaptic organiser","homophilic (same cadherin/protocadherin)"
"Cdh11","Unresolved Nts/Pappa2",0.142857142857143,0.307692307692308,0.224330898227108,0.286091851156465,0.7375,-59.4642857142857,-0.0891022205117603,"Adhesion / synaptic organiser","homophilic (same cadherin/protocadherin)"
"Cdh12","Unresolved Nts/Pappa2",0.0714285714285714,0.192307692307692,0.133063191944477,0.288649566221412,0.615384615384615,-54.3956043956044,-0.224463690599228,"Adhesion / synaptic organiser","homophilic (same cadherin/protocadherin)"
"Cdh13","Unresolved Nts/Pappa2",0.607142857142857,0.692307692307692,1.05511883555592,0.99329729290302,0.935828877005348,-32.868601986249,0.0891896330054395,"Adhesion / synaptic organiser","homophilic (same cadherin/protocadherin)"
"Cdh18","Unresolved Nts/Pappa2",0.928571428571428,0.961538461538462,2.84578939054093,2.43815486966416,0.788288288288288,14.028314028314,0.588092301764058,"Adhesion / synaptic organiser","homophilic (same cadherin/protocadherin)"
"Pcdh7","Unresolved Nts/Pappa2",0.785714285714286,0.884615384615385,1.61867920842654,1.41964880190471,0.98125,-19.5535714285714,0.287140180475155,"Adhesion / synaptic organiser","homophilic (same cadherin/protocadherin)"
"Pcdh9","Unresolved Nts/Pappa2",0.964285714285714,1,2.93860651500405,2.81447205653922,1,-3.57142857142858,0.179088167630657,"Adhesion / synaptic organiser","homophilic (same cadherin/protocadherin)"
"Pcdh10","Unresolved Nts/Pappa2",0.214285714285714,0.5,0.314915245994961,0.52921659970531,0.715625,-50.1339285714286,-0.309171500253712,"Adhesion / synaptic organiser","homophilic (same cadherin/protocadherin)"
"Pcdh17","Unresolved Nts/Pappa2",0.535714285714286,0.730769230769231,0.880771942014787,0.927954320250268,0.825242718446602,-28.9528432732316,-0.0680697830976759,"Adhesion / synaptic organiser","homophilic (same cadherin/protocadherin)"
"Kirrel3","Unresolved Nts/Pappa2",0.964285714285714,1,3.23892407748277,2.77452667434719,1,-3.57142857142858,0.669983830505412,"Adhesion / synaptic organiser","Kirrel3 (homophilic)"
"Sdk1","Unresolved Nts/Pappa2",0.178571428571429,0.230769230769231,0.263292070471129,0.287231274350539,0.948717948717949,-77.014652014652,-0.0345369707196541,"Adhesion / synaptic organiser","Sdk1 (homophilic)"
"Sdk2","Unresolved Nts/Pappa2",0.25,0.230769230769231,0.364490899917841,0.23296517739835,0.666666666666667,-41.6666666666667,0.189751507628208,"Adhesion / synaptic organiser","Sdk2 (homophilic)"
"Cntn4","Unresolved Nts/Pappa2",0.178571428571429,0.461538461538462,0.267848680789616,0.624526362149048,0.957446808510638,-77.887537993921,-0.514577122093027,"Adhesion / synaptic organiser","Ptprg/App"
"Cntn5","Unresolved Nts/Pappa2",0.928571428571428,0.807692307692308,3.01571681705465,2.14159091391492,1,-7.14285714285715,1.26109710557227,"Adhesion / synaptic organiser","Ptprg"
"Cntn6","Unresolved Nts/Pappa2",0.142857142857143,0.384615384615385,0.301127652761251,0.451409827313694,0.832151300236407,-68.9294157379264,-0.216811347960818,"Adhesion / synaptic organiser","Ptprg/Chl1"
"Nectin3","Unresolved Nts/Pappa2",0.107142857142857,0.0769230769230769,0.141627713760751,0.0409916951108277,0.391836734693878,-28.469387755102,0.145187085041054,"Adhesion / synaptic organiser","Nectin1"
"Igsf21","Unresolved Nts/Pappa2",0.142857142857143,0.153846153846154,0.21507796407086,0.206087507477644,0.615384615384615,-47.2527472527473,0.0129704871423593,"Adhesion / synaptic organiser","Nrxn2"
