"gene","r","pct","is_TF","is_cue"
"Negr1",0.121796284204133,0.9703799098519,FALSE,FALSE
"Prkg1",0.120600610995407,0.835801674179008,FALSE,FALSE
"Cntnap5a",0.115396720643525,0.838377334191887,FALSE,FALSE
"Brinp3",0.1099064402626,0.764971023824855,FALSE,FALSE
"Rmst",0.109860636503082,0.490019317450097,FALSE,FALSE
"4930555F03Rik",0.107426237964099,0.576947842884739,FALSE,FALSE
"Gm45321",0.103410132374894,0.491307147456536,FALSE,FALSE
"Cdh13",0.0992774707408555,0.637475853187379,FALSE,TRUE
"Gm42303",0.0942195701154096,0.531873792659369,FALSE,FALSE
"L3mbtl4",0.0933080797213827,0.509980682549903,FALSE,FALSE
"Sphkap",0.090305685512852,0.334191886670959,FALSE,FALSE
"Epha5",0.0879938755757273,0.879587894397939,FALSE,FALSE
"Camk1d",0.0876027862739223,0.799742433998712,FALSE,FALSE
"Cntn6",0.0870060615153974,0.60656793303284,FALSE,TRUE
"Tasor2",0.0824970996444652,0.165486155827431,FALSE,FALSE
"Slc35f4",0.0820911196069173,0.496458467482292,FALSE,FALSE
"Fras1",0.0820137056205469,0.349645846748229,FALSE,FALSE
"Ncam2",0.0819710134667219,0.942691564713458,FALSE,FALSE
"Ankrd13a",0.0754539708803734,0.19703799098519,FALSE,FALSE
"BC005561",0.0752930635111693,0.25692208628461,FALSE,FALSE
"Ntng1",0.0751540274416453,0.543464262717321,FALSE,TRUE
"Hs6st3",0.0730729510882596,0.392788151963941,FALSE,FALSE
"Fndc3a",0.0728045515863237,0.231165486155827,FALSE,FALSE
"Kctd16",0.0723923767091595,0.811332904056664,FALSE,FALSE
"Cd2ap",0.0723871521379622,0.173857050869285,FALSE,FALSE
"Gpc5",0.0715301886853345,0.399227301996136,FALSE,FALSE
"Sorcs3",0.0714923124210286,0.234385061171925,FALSE,FALSE
"Mycbp2",0.0711028637785249,0.915003219575016,FALSE,FALSE
"Arl15",0.0698068479188744,0.660012878300064,FALSE,FALSE
"Far1",0.0693765009985007,0.25756600128783,FALSE,FALSE
"Mpc1",0.0680063172133108,0.180940115904701,FALSE,FALSE
"Oxr1",0.0679287420962723,0.734063103670315,FALSE,FALSE
"Sclt1",0.0678180412813921,0.356084996780425,FALSE,FALSE
"Nrxn3",0.0675206613616566,0.941403734707019,FALSE,FALSE
"Rbm27",0.0670708314546701,0.169349645846748,FALSE,FALSE
"Ppm1l",0.0670053174223298,0.492594977462975,FALSE,FALSE
"Pakap.1",0.0658164014358887,0.406954282034771,FALSE,FALSE
"Zdhhc21",0.0657966659470326,0.24211204121056,FALSE,FALSE
"Fstl5",0.0654216285567467,0.494526722472634,FALSE,FALSE
"Pam",0.0649983485908252,0.274307791371539,FALSE,FALSE
"Jph4",0.0645806000617293,0.330972311654862,FALSE,FALSE
"Snx29",0.0644199137306374,0.374758531873793,FALSE,FALSE
"D130043K22Rik",0.064074400340136,0.168061815840309,FALSE,FALSE
"4921511C10Rik",0.063861607981329,0.207340631036703,FALSE,FALSE
"Dhx32",0.0637516138543311,0.174500965872505,FALSE,FALSE
"Lrrtm1",0.0637440747211826,0.277527366387637,FALSE,FALSE
"Gm15584",0.0634904159553991,0.4539600772698,FALSE,FALSE
"Gnai1",0.0634215711628563,0.22730199613651,FALSE,FALSE
"Sh3rf3",0.0633721642490574,0.613650998068255,FALSE,FALSE
"Pdzrn4",0.0633342179327835,0.770122343850612,FALSE,FALSE
"Gm6994",0.0632688385349117,0.526078557630393,FALSE,FALSE
"Gm45323",0.0627165479041478,0.280746941403735,FALSE,FALSE
"Grm8",0.0625440492512222,0.670959433354797,FALSE,FALSE
"Kcnt1",0.0625380428340019,0.161622665808113,FALSE,FALSE
"Gm28375",0.062434631038718,0.402446877012234,FALSE,FALSE
"Gm26854",0.0623537941632024,0.316162266580811,FALSE,FALSE
"Slc6a11",0.0617399886705838,0.162266580811333,FALSE,FALSE
"Agpat3",0.0608112719742801,0.186091435930457,FALSE,FALSE
"Arih2",0.0605259109163022,0.160334835801674,FALSE,FALSE
"Tenm3",0.0600657616034107,0.499034127495171,FALSE,TRUE
"Tnpo1",0.060008399100814,0.372826786864134,FALSE,FALSE
"Srpk2",0.0594319252888101,0.486155827430779,FALSE,FALSE
"Zfp292",0.0591771712387565,0.238248551191243,TRUE,FALSE
"Anapc5",0.0588592033396297,0.320025756600129,FALSE,FALSE
"Pik3r1",0.0586727804311702,0.251770766258854,FALSE,FALSE
"Mblac2",0.0586059535417025,0.300064391500322,FALSE,FALSE
"C130073E24Rik",0.0584988342528941,0.495170637475853,FALSE,FALSE
"Glra3",0.0584966348204401,0.169349645846748,FALSE,FALSE
"Hace1",0.0584683627120663,0.413393432066967,FALSE,FALSE
"Gria3",0.0583446894584369,0.714101738570509,FALSE,FALSE
"Jarid2",0.0581882904588349,0.291693496458467,FALSE,FALSE
"Rbm26",0.0581590778538224,0.431423052157115,FALSE,FALSE
"Glod4",0.0581213126815714,0.254990341274952,FALSE,FALSE
"Ppp4r3b",0.0579274137320932,0.168705730843529,FALSE,FALSE
"Sesn1",0.0575858719724832,0.292337411461687,FALSE,FALSE
"Gda",0.0575409839181437,0.334191886670959,FALSE,FALSE
"Nipal2",0.0575176075366238,0.19703799098519,FALSE,FALSE
"Sae1",0.0573742025508449,0.171281390856407,FALSE,FALSE
"E530011L22Rik",0.0573321850385984,0.235672891178364,FALSE,FALSE
"Anks1b",0.0568562272978869,0.9703799098519,FALSE,FALSE
"Gm15594",0.0568524009223848,0.202189311010947,FALSE,FALSE
"Gm26871",0.0564309319583559,0.965228589826143,FALSE,FALSE
"Stmn1",0.0560907082189282,0.16741790083709,FALSE,FALSE
"Kdm2b",0.0557485443572359,0.231165486155827,FALSE,FALSE
"Kcnab1",0.0554318432989886,0.478428847392144,FALSE,FALSE
"Dpyd",0.0553482603462903,0.675466838377334,FALSE,FALSE
"Ccny",0.0553122978627096,0.340631036703155,FALSE,FALSE
"Rab3c",0.0552979296324334,0.535093367675467,FALSE,FALSE
"Ldlrad4",0.055253833703179,0.47005795235029,FALSE,FALSE
"Gm29587",0.0548543720387655,0.188667095943335,FALSE,FALSE
"Usp47",0.0544894132897022,0.298776561493883,FALSE,FALSE
"Ergic1",0.0544867414492763,0.277527366387637,FALSE,FALSE
"Klf13",0.0544767730857014,0.178364455891822,TRUE,FALSE
"Kcnip3",0.0544566569370955,0.201545396007727,FALSE,FALSE
"Tnik",0.0542348476257236,0.850611719253059,FALSE,FALSE
"Usp20",0.0541905325427792,0.202189311010947,FALSE,FALSE
"Olfm2",0.0538121710989285,0.410817772054089,FALSE,FALSE
"Lcorl",0.053705478854191,0.522858982614295,FALSE,FALSE
"Sox11",0.0535349273899546,0.188667095943335,TRUE,FALSE
"Synj1",0.0535089206348155,0.360592401802962,FALSE,FALSE
"Ralbp1",0.0533561098936416,0.180940115904701,FALSE,FALSE
"Gm29514",0.0533097619991841,0.169349645846748,FALSE,FALSE
"Osbpl10",0.0532744432951787,0.320669671603348,FALSE,FALSE
"Fut9",0.0529785629039577,0.473921442369607,FALSE,FALSE
"Trpm3",0.0529383455585132,0.903412749517064,FALSE,FALSE
"Cald1",0.0527990940039022,0.265292981326465,FALSE,FALSE
"Syncrip",0.0521453491896985,0.229877656149388,FALSE,FALSE
"Ntrk2",0.0520457081280475,0.766902768834514,FALSE,FALSE
"Csrnp3",0.0519168399033128,0.438506117192531,TRUE,FALSE
"Ipo11",0.0518691780664779,0.282034771410174,FALSE,FALSE
"Cacna2d3",0.0518554790014985,0.603992273019961,FALSE,FALSE
"Gabarapl2",0.051555747808195,0.280746941403735,FALSE,FALSE
"Yeats2",0.0514912322069167,0.273663876368319,FALSE,FALSE
"Apba1",0.0514804523739673,0.675466838377334,FALSE,FALSE
"Tjp1",0.0514527452231215,0.805537669027688,FALSE,FALSE
"Ssb",0.0514087217518693,0.154539600772698,FALSE,FALSE
"Ate1",0.0513320703376245,0.224082421120412,FALSE,FALSE
"Cacna1c",0.0513311743968105,0.963940759819704,FALSE,FALSE
"Acvr1",0.0512422591188643,0.246619446233097,FALSE,FALSE
"Slc2a3",0.0512153711760683,0.256278171281391,FALSE,FALSE
"Pabpn1",0.0512006882518483,0.567933032839665,FALSE,FALSE
"Cadm2",0.0511726303664177,0.989697359948487,FALSE,FALSE
"Dync1i2",0.0511481670718555,0.689632968448165,FALSE,FALSE
"1700110K17Rik",0.0510492826165384,0.236316806181584,FALSE,FALSE
"Ptprd",0.0510079674542693,0.998712169993561,FALSE,FALSE
"Gm15577",0.0509869027425589,0.581455247907276,FALSE,FALSE
"Phactr1",0.0509446959818427,0.959433354797167,FALSE,FALSE
"D430042O09Rik",0.0509094705793661,0.192530585962653,FALSE,FALSE
"Ptpn3",0.0508733922928343,0.168061815840309,FALSE,FALSE
"Gm49678",0.0507936510260581,0.577591757887959,FALSE,FALSE
"Wac",0.0505028665585512,0.324533161622666,FALSE,FALSE
"Rps8",0.0503568939369493,0.155183515775918,FALSE,FALSE
"Cdc42se2",0.0500585744215114,0.337411461687057,FALSE,FALSE
"3110021N24Rik",0.0499636791278581,0.412749517063748,FALSE,FALSE
"Trpc1",0.0497748870452889,0.206696716033484,FALSE,FALSE
"Kcnip4",0.0497249832736855,0.994204764971024,FALSE,FALSE
"Jakmip2",0.049647022067107,0.528010302640052,FALSE,FALSE
"Cacng3",0.0495745639625643,0.247263361236317,FALSE,FALSE
"Dipk1a",0.0495408938381968,0.204764971023825,FALSE,FALSE
"Gm16152",0.0492623713763928,0.236960721184804,FALSE,FALSE
"Ccnh",0.049177121543083,0.22665808113329,FALSE,FALSE
"Camk2b",0.0491195935341577,0.538956857694784,FALSE,FALSE
"Ints6",0.0490383537099935,0.244043786220219,FALSE,FALSE
"Gm16552",0.0490229163206222,0.256278171281391,FALSE,FALSE
"Ep300",0.0488920044974981,0.277527366387637,FALSE,FALSE
"Syne1",0.0488658353388697,0.540244687701223,FALSE,FALSE
"Man1a2",0.0487837241589454,0.326464906632325,FALSE,FALSE
"Rgs17",0.0487545857037059,0.392788151963941,FALSE,FALSE
"4632427E13Rik",0.0485903092612729,0.160334835801674,FALSE,FALSE
"Chd3",0.0485404738546929,0.491307147456536,FALSE,FALSE
"L1cam",0.0483019057909427,0.305859626529298,FALSE,FALSE
"Akap8",0.0482211470275361,0.246619446233097,FALSE,FALSE
"Zfp536",0.048152878130665,0.200901481004507,TRUE,FALSE
"Supt20",0.0480945078639131,0.169349645846748,FALSE,FALSE
"Hnrnph1",0.0480888961273201,0.159047005795235,FALSE,FALSE
"Lypd1",0.0480832150727334,0.370251126851256,FALSE,FALSE
"Atxn2",0.0480490842354232,0.452028332260142,FALSE,FALSE
"Trim35",0.0480415277728459,0.307791371538957,FALSE,FALSE
"Vti1b",0.0480187581445445,0.175788795878944,FALSE,FALSE
"Usp4",0.0479347373212249,0.16613007083065,FALSE,FALSE
"Ash1l",0.0477838545659631,0.509336767546684,FALSE,FALSE
"Nol4l",0.0477005285509305,0.383773341918867,FALSE,FALSE
"Nop56",0.0476073844717978,0.168705730843529,FALSE,FALSE
"Cxadr",0.0473681965853277,0.201545396007727,FALSE,FALSE
"Tmem161b",0.0472250128467396,0.159690920798455,FALSE,FALSE
"Cdk17",0.0471428081944317,0.334191886670959,FALSE,FALSE
"Nrg2",0.04707563880057,0.480360592401803,FALSE,FALSE
"Tmeff2",0.0469795908439655,0.804249839021249,FALSE,FALSE
"Cdkl5",0.0469044889795774,0.314874436574372,FALSE,FALSE
"Rapgef2",0.0467961946156913,0.542176432710882,FALSE,FALSE
"Grm1",0.0466883765380589,0.551191242755956,FALSE,FALSE
"Gm45341",0.0466871929641718,0.153895685769478,FALSE,FALSE
"Wdr33",0.046634596203198,0.330972311654862,FALSE,FALSE
"Fbxl20",0.0465571659691608,0.282678686413393,FALSE,FALSE
"Cdon",0.0465070237712699,0.15196394075982,FALSE,FALSE
"Cep295",0.0465041352455092,0.171925305859627,FALSE,FALSE
"Gm50368",0.0464331867066689,0.209916291049581,FALSE,FALSE
"Phf3",0.0464222296264328,0.309723116548616,FALSE,FALSE
"Sorbs2",0.0464088453033298,0.844172569220863,FALSE,FALSE
"Ddx39b",0.0463827323205645,0.15196394075982,FALSE,FALSE
"Zfp827",0.0463238885613308,0.215067611075338,TRUE,FALSE
"9530026P05Rik",0.0462554163536282,0.18222794591114,FALSE,FALSE
"Me3",0.0460951460845675,0.360592401802962,FALSE,FALSE
"Ptpre",0.0459218812683805,0.30328396651642,FALSE,FALSE
"Dip2c",0.0458876583938473,0.867997424339987,FALSE,FALSE
"Ube2k",0.0458663071580241,0.315518351577592,FALSE,FALSE
"Zfp318",0.0457043942177147,0.19703799098519,TRUE,FALSE
"Tbc1d16",0.0456334768316257,0.195106245975531,FALSE,FALSE
"Cacnb4",0.0456113380073895,0.60592401802962,FALSE,FALSE
"Kcnq3",0.0455783465122637,0.934964584674823,FALSE,FALSE
"Exoc5",0.0455560926008767,0.246619446233097,FALSE,FALSE
"Homer1",0.0455352914391801,0.383129426915647,FALSE,FALSE
"Larp4b",0.0452660146581849,0.260141661300708,FALSE,FALSE
"Gm17135",0.0452531974684764,0.1513200257566,FALSE,FALSE
"Tbc1d5",0.0451683039362293,0.346426271732131,FALSE,FALSE
"Zdhhc8",0.0449780492984204,0.220862846104314,FALSE,FALSE
"Mink1",0.0449777093186784,0.289761751448809,FALSE,FALSE
"Pou2f1",0.0448932518457716,0.322601416613007,TRUE,FALSE
"Zyg11b",0.0447168327649113,0.283322601416613,FALSE,FALSE
"Grid2",0.0446746056829059,0.876368319381842,FALSE,FALSE
"Sorcs1",0.0446673361631061,0.419832582099163,FALSE,FALSE
"Git2",0.0445713296507617,0.282678686413393,FALSE,FALSE
"Csmd2os",0.0445506472472545,0.213779781068899,FALSE,FALSE
"Me1",0.0444666627437551,0.170637475853187,FALSE,FALSE
"Desi1",0.0444219747716123,0.216355441081777,FALSE,FALSE
"Gm15952",0.0443096627456704,0.251126851255634,FALSE,FALSE
"Npas3",0.0441223831769806,0.762395363811977,TRUE,FALSE
"Vapa",0.0440724361422149,0.16741790083709,FALSE,FALSE
"Dst",0.043998042159568,0.781068898905344,FALSE,FALSE
"Rsf1",0.0439417333640276,0.327752736638764,FALSE,FALSE
"Nrip1",0.043869606018254,0.220862846104314,FALSE,FALSE
"Dclk1",0.0437332624702195,0.917578879587894,FALSE,FALSE
"Nrg1",0.0437021378065793,0.992916934964585,FALSE,TRUE
"Safb",0.0435653548874253,0.244043786220219,FALSE,FALSE
"Ttyh1",0.043557015157132,0.16613007083065,FALSE,FALSE
"Ppp2r5c",0.0435409938762792,0.327108821635544,FALSE,FALSE
"Gm15496",0.0435193407738996,0.150032195750161,FALSE,FALSE
"Mbtd1",0.0433887582650736,0.275595621377978,FALSE,FALSE
"Limch1",0.043366151250394,0.632324533161623,FALSE,FALSE
"Jak1",0.043343909068699,0.188667095943335,FALSE,FALSE
"Gm37982",0.0433274889481852,0.177076625885383,FALSE,FALSE
"Mef2a",0.0433169067165247,0.36316806181584,TRUE,FALSE
"Rasal2",0.0432091229458757,0.507405022537025,FALSE,FALSE
"Gm15398",0.0431965555264973,0.559562137797811,FALSE,FALSE
"Thoc1",0.0431786920885469,0.274951706374759,FALSE,FALSE
"Arhgap35",0.0431590372066875,0.33354797166774,FALSE,FALSE
"Cpne8",0.0430943795923194,0.329684481648422,FALSE,FALSE
"Zfp697",0.0430886750379528,0.325177076625885,TRUE,FALSE
"Inpp4a",0.0430875835025755,0.296200901481005,FALSE,FALSE
"Prkca",0.0429765503512915,0.60592401802962,FALSE,FALSE
"Limk2",0.0429238522852998,0.168705730843529,FALSE,FALSE
"Zbtb38",0.042911031787094,0.28783000643915,TRUE,FALSE
"Mindy2",0.0428836396492516,0.223438506117193,FALSE,FALSE
"6530409C15Rik",0.0428670155123506,0.247263361236317,FALSE,FALSE
"Gng2",0.0427549213131364,0.413393432066967,FALSE,FALSE
"Ip6k1",0.0427270667901167,0.265292981326465,FALSE,FALSE
"Ulk4",0.0426822178046007,0.421764327108822,FALSE,FALSE
"Fam49b",0.0425103088658113,0.50032195750161,FALSE,FALSE
"Agap2",0.0424745909379394,0.191886670959433,FALSE,FALSE
"Ankrd13c",0.042261219335578,0.177076625885383,FALSE,FALSE
"Celf2",0.0422024854829351,1,FALSE,FALSE
"Fnbp1l",0.0419621773334101,0.640051513200258,FALSE,FALSE
"Actb",0.0418764355814198,0.160978750804894,FALSE,FALSE
"Csde1",0.041845476501446,0.179008370895042,FALSE,FALSE
"Syt17",0.0418441220550438,0.159690920798455,FALSE,FALSE
"Dnajc13",0.0418284344340256,0.298132646490663,FALSE,FALSE
"Hnrnpr",0.0417604274701239,0.280103026400515,FALSE,FALSE
"Snx10",0.0416842096707895,0.335479716677399,FALSE,FALSE
"Epb41l4b",0.0416615495429955,0.200901481004507,FALSE,FALSE
"Gm1976",0.0416123236364943,0.19639407598197,FALSE,FALSE
"Dlg1",0.041427257486665,0.473277527366388,FALSE,FALSE
"Immp1l",0.0412777210098276,0.294269156471346,FALSE,FALSE
"Cdh10",0.0412739350192302,0.402446877012234,FALSE,TRUE
"Aff2",0.041259240225697,0.760463618802318,FALSE,FALSE
"A530046M15Rik",0.0412523271654899,0.341918866709594,FALSE,FALSE
"Snx27",0.0412134919056621,0.206696716033484,FALSE,FALSE
"Gm16599",0.0411968710923158,0.201545396007727,FALSE,FALSE
"Lmo3",0.0411464575716435,0.733419188667096,FALSE,FALSE
"Mvb12b",0.041121347563978,0.241468126207341,FALSE,FALSE
"Xpr1",0.0411123972678045,0.283322601416613,FALSE,FALSE
"Sirpa",0.0410841880920741,0.202189311010947,FALSE,FALSE
"Gnal",0.0410525479116956,0.201545396007727,FALSE,FALSE
"Pitpnm2",0.0410349329371009,0.157759175788796,FALSE,FALSE
"Rundc3b",0.0409566047197327,0.354797166773986,FALSE,FALSE
"Sgcd",0.0408894394939096,0.877656149388281,FALSE,FALSE
"Brd9",0.0407995801044008,0.576947842884739,FALSE,FALSE
"Atp11c",0.0407388601921845,0.229233741146169,FALSE,FALSE
"Mef2d",0.0407355305217502,0.207340631036703,TRUE,FALSE
"Hnrnpdl",0.040687810731692,0.179652285898261,FALSE,FALSE
"Togaram1",0.0406779267149932,0.170637475853187,FALSE,FALSE
"Elp4",0.0405737985499597,0.27237604636188,FALSE,FALSE
"Hecw2",0.0405277041597608,0.568576947842885,FALSE,FALSE
"Gm49797",0.0403894791548908,0.298776561493883,FALSE,FALSE
"B4galt6",0.0403881310245747,0.188023180940116,FALSE,FALSE
"Chl1",0.0403662026558168,0.677398583386993,FALSE,FALSE
"Tox",0.0402397303768434,0.576947842884739,TRUE,FALSE
"Cttnbp2",0.0402227558158098,0.626529298132646,FALSE,FALSE
"Lclat1",0.040216405916154,0.206696716033484,FALSE,FALSE
"Srsf11",0.0402146785756057,0.437862202189311,FALSE,FALSE
"Brinp2",0.040200449132842,0.240824211204121,FALSE,FALSE
"Atp11a",0.0401925406582617,0.150032195750161,FALSE,FALSE
"Trip12",0.0401161578677116,0.419832582099163,FALSE,FALSE
"Kif26b",0.0400857907338088,0.222150676110753,FALSE,FALSE
"Rab11fip2",0.0400314538398522,0.184803605924018,FALSE,FALSE
"Nova2",0.0400240989447588,0.384417256922086,FALSE,FALSE
"Leng9",0.0400118372607861,0.236960721184804,FALSE,FALSE
"Atp6v0d1",0.0399587239027196,0.189311010946555,FALSE,FALSE
"Dip2a",0.0399213004881946,0.291049581455248,FALSE,FALSE
"Gm26542",0.0398540121946254,0.169993560849968,FALSE,FALSE
"Gm26936",0.0398401141898204,0.420476497102382,FALSE,FALSE
"Vps8",0.0396935564128761,0.294269156471346,FALSE,FALSE
"4833422C13Rik",0.0396927893555986,0.276883451384417,FALSE,FALSE
"Ube2e2",0.0396302049619168,0.81777205408886,FALSE,FALSE
"Tmem266",0.0395812061764541,0.155827430779137,FALSE,FALSE
"Trio",0.0395560402550396,0.673535093367675,FALSE,FALSE
"Wdr37",0.0394958888388906,0.194462330972312,FALSE,FALSE
"Trerf1",0.0394707054910221,0.599484867997424,TRUE,FALSE
"Bcl2",0.0393940777879928,0.180296200901481,FALSE,FALSE
"Rb1cc1",0.0393633873458074,0.34835801674179,FALSE,FALSE
"A230004M16Rik",0.0393554809079262,0.340631036703155,FALSE,FALSE
"Zfp608",0.0392614693807164,0.47005795235029,TRUE,FALSE
"Fmnl2",0.0391572047721417,0.687057308435287,FALSE,FALSE
"Gm26724",0.0391366049399788,0.365743721828719,FALSE,FALSE
"Cacna2d1",0.0390864311971437,0.839021249195106,FALSE,FALSE
"Nkain2",0.0389874242479737,0.998068254990341,FALSE,FALSE
"Camk1",0.0389157946921243,0.221506761107534,FALSE,FALSE
"Snd1",0.0388083680523528,0.350933676754668,FALSE,FALSE
"Dennd1b",0.0388057118542678,0.169993560849968,FALSE,FALSE
"Tomm70a",0.0386132394431017,0.152607855763039,FALSE,FALSE
"Prpf39",0.0385441810876615,0.249195106245976,FALSE,FALSE
"Lrp1b",0.0385236245195855,0.990985189954926,FALSE,FALSE
"Mgat5b",0.0385037586681041,0.260785576303928,FALSE,FALSE
"Ppp1r14c",0.0384782942476817,0.309079201545396,FALSE,FALSE
"Kif13a",0.0384568741086864,0.171925305859627,FALSE,FALSE
"Usp13",0.0384554991556227,0.160978750804894,FALSE,FALSE
"Drg1",0.0382488552383642,0.551191242755956,FALSE,FALSE
"Pkig",0.0381619931639837,0.16613007083065,FALSE,FALSE
"Ddx6",0.0381405059005255,0.18222794591114,FALSE,FALSE
"Rapgef5",0.0381348128070962,0.604636188023181,FALSE,FALSE
"Ssbp2",0.0381234270485868,0.639407598197038,FALSE,FALSE
"Rbbp6",0.0380674954633656,0.24275595621378,FALSE,FALSE
"Igsf9b",0.038064234672332,0.219575016097875,FALSE,FALSE
"Nr2c2",0.0379938525126278,0.327752736638764,TRUE,FALSE
"Dzip3",0.0379518959727179,0.296200901481005,FALSE,FALSE
"Gm33228",0.0379400790998522,0.402446877012234,FALSE,FALSE
"Usp9x",0.0379328938169988,0.399227301996136,FALSE,FALSE
"Tbcd",0.0378937334355999,0.380553766902769,FALSE,FALSE
"Ppm1a",0.0377787332046433,0.152607855763039,FALSE,FALSE
"Arntl",0.0377313271274181,0.19768190598841,TRUE,FALSE
"Atl1",0.0376434318753446,0.293625241468126,FALSE,FALSE
"Rcor1",0.0376293905753966,0.266580811332904,FALSE,FALSE
"Gabrb3",0.0375551968731379,0.967804249839021,FALSE,FALSE
"Cdc42bpb",0.0374964774402848,0.260785576303928,FALSE,FALSE
"Kcnh5",0.0374950287491008,0.163554410817772,FALSE,FALSE
"Gcnt7",0.0373675578181116,0.159690920798455,FALSE,FALSE
"Tifa",0.0372519137043658,0.278171281390856,FALSE,FALSE
"Nfasc",0.0372000921852737,0.588538312942692,FALSE,FALSE
"Stk3",0.0371438131783289,0.25692208628461,FALSE,FALSE
"Gm15478",0.0370660958192067,0.24275595621378,FALSE,FALSE
"Lrp6",0.0370113632853299,0.222794591113973,FALSE,FALSE
"Abr",0.0370078507659947,0.430779137153896,FALSE,FALSE
"Ythdf3",0.0369944443577473,0.1513200257566,FALSE,FALSE
"Map2k6",0.0368831874517246,0.208628461043142,FALSE,FALSE
"Pitpna",0.0368831726450531,0.39343206696716,FALSE,FALSE
"Gspt1",0.0368118396202775,0.179008370895042,FALSE,FALSE
"Syndig1",0.0368042615534921,0.295556986477785,FALSE,FALSE
"Acp1",0.0367348625740031,0.598197037990985,FALSE,FALSE
"Kat6b",0.0366652585516344,0.368963296844816,FALSE,FALSE
"Ice1",0.0366409423160885,0.40952994204765,FALSE,FALSE
"Yme1l1",0.0365970616627534,0.194462330972312,FALSE,FALSE
"Dennd5b",0.0365576384735934,0.347714101738571,FALSE,FALSE
"Vps13b",0.0364273491063008,0.534449452672247,FALSE,FALSE
"Tra2a",0.0364163168165508,0.457179652285898,FALSE,FALSE
"Gm20754",0.0362344110343658,0.875080489375402,FALSE,FALSE
"Syn2",0.0362318241291729,0.736638763683194,FALSE,FALSE
"Gripap1",0.0361511360126656,0.236960721184804,FALSE,FALSE
"Gm43507",0.0361240950401573,0.567933032839665,FALSE,FALSE
"Slc4a4",0.0361226390867313,0.155183515775918,FALSE,FALSE
"Nhs",0.0360828887474421,0.171925305859627,FALSE,FALSE
"Adap1",0.0360580370497575,0.171281390856407,FALSE,FALSE
"Atp2b4",0.0360308403095243,0.274951706374759,FALSE,FALSE
"Ube4bos1",0.0360125662052964,0.222150676110753,FALSE,FALSE
"Pigu",0.0360009770339104,0.202189311010947,FALSE,FALSE
"Armc8",0.0359332855813255,0.229877656149388,FALSE,FALSE
"Vps53",0.0359014091957936,0.16677398583387,FALSE,FALSE
"Unc80",0.0358303811312982,0.596265292981326,FALSE,FALSE
"Fars2",0.0356911236464415,0.324533161622666,FALSE,FALSE
"Cntnap5b",0.0354900828813146,0.74307791371539,FALSE,FALSE
"Med13",0.0353886021389098,0.301996136509981,FALSE,FALSE
"4930590L20Rik",0.0353883128703517,0.346426271732131,FALSE,FALSE
"Gm28307",0.0353717175709813,0.334835801674179,FALSE,FALSE
"Ppargc1a",0.035327099512438,0.157115260785576,FALSE,FALSE
"Slc9a9",0.035320625294719,0.423052157115261,FALSE,FALSE
"Glg1",0.0352558570164656,0.339343206696716,FALSE,FALSE
"Gm32647",0.0352368743313833,0.356728911783645,FALSE,FALSE
"Coro1c",0.0352112531807739,0.188023180940116,FALSE,FALSE
"Dlgap2",0.0351683966508053,0.929169349645847,FALSE,FALSE
"Ppfia2",0.0351209530701462,0.896329684481648,FALSE,FALSE
"Fubp1",0.035086046747629,0.536381197681906,FALSE,FALSE
"Dnmt3a",0.0350858011877695,0.660012878300064,FALSE,FALSE
"Zdhhc14",0.0350501441887772,0.549259497746297,FALSE,FALSE
"Uchl3",0.034986195015971,0.220218931101095,FALSE,FALSE
"Pcdh19",0.0349380578071151,0.281390856406954,FALSE,FALSE
"Gm42609",0.034936228081577,0.377334191886671,FALSE,FALSE
"Fam171a1",0.034930417278106,0.236316806181584,FALSE,FALSE
"Sh3gl3",0.0348231420770025,0.264649066323245,FALSE,FALSE
"Ccdc88a",0.0347774135720574,0.714101738570509,FALSE,FALSE
"Fbxo41",0.0347316115758039,0.244043786220219,FALSE,FALSE
"Clasp1",0.034724920245815,0.432066967160335,FALSE,FALSE
"Smad1",0.0346547792268529,0.18158403090792,TRUE,FALSE
"Ppme1",0.0345362923827904,0.195750160978751,FALSE,FALSE
"Cnksr2",0.0345312737735472,0.710238248551191,FALSE,FALSE
"Rnf130",0.0344494730389581,0.410173857050869,FALSE,FALSE
"Dop1a",0.0344185632139669,0.282034771410174,FALSE,FALSE
"Radil",0.0344025739218214,0.158403090792015,FALSE,FALSE
"Rprd2",0.0343705885575648,0.218287186091436,FALSE,FALSE
"Cnnm2",0.0343366212076156,0.165486155827431,FALSE,FALSE
"Zfp236",0.0343041434669005,0.209272376046362,TRUE,FALSE
"Prkce",0.0342560251941322,0.904056664520283,FALSE,FALSE
"4933411O13Rik",0.0342446711667116,0.150676110753381,FALSE,FALSE
"Vwa8",0.0342371753263733,0.213135866065679,FALSE,FALSE
"Gphn",0.0341727943907004,0.862202189311011,FALSE,FALSE
"Ano3",0.0341697966598656,0.438506117192531,FALSE,FALSE
"Rsf1os1",0.0341679224273465,0.325820991629105,FALSE,FALSE
"Zfp512",0.0341135446668412,0.16677398583387,TRUE,FALSE
"Fbxw7",0.0341090466077127,0.283966516419833,FALSE,FALSE
"Hspa12a",0.0340821636865513,0.195750160978751,FALSE,FALSE
"Shc3",0.0340306388490524,0.284610431423052,FALSE,FALSE
"Gm38251",0.0340184739033609,0.310367031551835,FALSE,FALSE
"Etv6",0.0339334420183761,0.173213135866066,TRUE,FALSE
"Gria1",0.0338430866397985,0.987765614938828,FALSE,FALSE
"Atxn7l1",0.0338188521653957,0.459755312298777,FALSE,FALSE
"Nf1",0.0338114379403168,0.555054732775274,FALSE,FALSE
"Ogt",0.0337487917080244,0.273663876368319,FALSE,FALSE
"Rbm4b",0.0337295437953197,0.386992916934965,FALSE,FALSE
"Zeb2",0.0337140475075224,0.840309079201545,TRUE,FALSE
"Pak2",0.0336841779169758,0.189954925949775,FALSE,FALSE
"Tafa1",0.0335421914948815,0.980038634900193,FALSE,FALSE
"Mapk1",0.0335228906663844,0.362524146812621,FALSE,FALSE
"Arpp21",0.0335218830613245,0.994848679974243,FALSE,FALSE
"Ppil2",0.0335051674681004,0.159690920798455,FALSE,FALSE
"Clint1",0.0334903949531237,0.240180296200901,FALSE,FALSE
"Rsf1os2",0.0334489191000274,0.238248551191243,FALSE,FALSE
"Dctn1",0.0333940962465855,0.150032195750161,FALSE,FALSE
"Gm50304",0.0333746213065433,0.255634256278171,FALSE,FALSE
"Rps12",0.0333187486929806,0.205408886027044,FALSE,FALSE
"Dlg5",0.0332983098506359,0.165486155827431,FALSE,FALSE
"Nlk",0.0332747935003847,0.506761107533806,FALSE,FALSE
"Rab6b",0.0332467607158598,0.321313586606568,FALSE,FALSE
"Nsd3",0.033216585307129,0.497102382485512,FALSE,FALSE
"Dnajc11",0.0331984205785884,0.182871860914359,FALSE,FALSE
"Carmil3",0.0331900678659636,0.253058596265293,FALSE,FALSE
"Ube2e1",0.0331012337973105,0.1513200257566,FALSE,FALSE
"Tom1l2",0.0330902955449563,0.422408242112041,FALSE,FALSE
"Cdh18",0.033066754000388,0.46941403734707,FALSE,TRUE
"Gm28750",0.0330001100011304,0.614938828074694,FALSE,FALSE
"Prodh",0.032992225784214,0.180940115904701,FALSE,FALSE
"Wasf1",0.0329582598441331,0.327108821635544,FALSE,FALSE
"Mgat5",0.0329403371843178,0.51577591757888,FALSE,FALSE
"Tnrc18",0.032927824264536,0.28847392144237,FALSE,FALSE
"Wipf3",0.0329180667455916,0.194462330972312,FALSE,FALSE
"Ccdc112",0.032859767131207,0.194462330972312,FALSE,FALSE
"Khdrbs2",0.032799516830507,0.862202189311011,FALSE,FALSE
"Ubr3",0.0327612084647812,0.497746297488732,FALSE,FALSE
"Akap9",0.0327441982691785,0.460399227301996,FALSE,FALSE
"Fgf13",0.0327172456867726,0.487443657437218,FALSE,FALSE
"Gm13187",0.032653065557176,0.349645846748229,FALSE,FALSE
"Usp7",0.0326377972947584,0.243399871216999,FALSE,FALSE
"Nfib",0.0326031093102709,0.518351577591758,TRUE,FALSE
"Cobl",0.0325778829508891,0.344494526722473,FALSE,FALSE
"Grb14",0.0325716997072486,0.210560206052801,FALSE,FALSE
"Rasa2",0.0325287249951688,0.231809401159047,FALSE,FALSE
"A830082K12Rik",0.0324529844044029,0.533805537669028,FALSE,FALSE
"Pum2",0.0324099117694819,0.204764971023825,FALSE,FALSE
"Tmem132b",0.0323942271237411,0.558274307791372,FALSE,FALSE
"Ank",0.0323770753129534,0.467482292337411,FALSE,FALSE
"Kpna3",0.0321436554655213,0.280746941403735,FALSE,FALSE
"Trim9",0.0320273012142149,0.467482292337411,FALSE,FALSE
"Ddx55",0.0319442332100663,0.169993560849968,FALSE,FALSE
"Pdzrn3",0.0318116374234464,0.282034771410174,FALSE,FALSE
"Gm49417",0.0317868308672591,0.321313586606568,FALSE,FALSE
"Nsf",0.0317355776117088,0.547327752736639,FALSE,FALSE
"4921534H16Rik",0.0316542540108666,0.397939471989697,FALSE,FALSE
"Gmeb1",0.0316268545168756,0.184803605924018,TRUE,FALSE
"Fxyd6",0.0315509172893055,0.188667095943335,FALSE,FALSE
"Ppp1r1a",0.0315342593934989,0.226014166130071,FALSE,FALSE
"Ajap1",0.0315264495762414,0.276239536381198,FALSE,FALSE
"Dop1b",0.0315094189796935,0.337411461687057,FALSE,FALSE
"Ecpas",0.0314987086932249,0.433354797166774,FALSE,FALSE
"Map7",0.0314386890973315,0.274951706374759,FALSE,FALSE
"Xpo1",0.0314250103375822,0.24275595621378,FALSE,FALSE
"Otulin",0.0313724504920314,0.494526722472634,FALSE,FALSE
"Caskin1",0.0313406120943372,0.208628461043142,FALSE,FALSE
"Timp3",0.0313323385276628,0.589826142949131,FALSE,FALSE
"Lnx1",0.0313165666437293,0.251126851255634,FALSE,FALSE
"Ago2",0.031290299813682,0.231809401159047,FALSE,FALSE
"Mfhas1",0.031275497323015,0.226014166130071,FALSE,FALSE
"Cers4",0.0312593593501766,0.415969092079845,FALSE,FALSE
"Slmap",0.0312278591244581,0.232453316162267,FALSE,FALSE
"Sybu",0.0311032793399443,0.723760463618802,FALSE,FALSE
"2610020C07Rik",0.0310397843469445,0.325820991629105,FALSE,FALSE
"Hs2st1",0.0310286208755611,0.404378622021893,FALSE,FALSE
"Wdfy3",0.0310022898831584,0.603992273019961,FALSE,FALSE
"Lmo4",0.0309559073675068,0.224726336123632,FALSE,FALSE
"Galnt2",0.0308421274502667,0.289761751448809,FALSE,FALSE
"Sbf2",0.0308358823428425,0.632968448164842,FALSE,FALSE
"Gm15810",0.0307687472589314,0.346426271732131,FALSE,FALSE
"Rufy1",0.0307624958389562,0.154539600772698,FALSE,FALSE
"Kndc1",0.0307256785137323,0.157115260785576,FALSE,FALSE
"Nedd4l",0.0306877886203494,0.74179008370895,FALSE,FALSE
"Dync1i1",0.0306520009755851,0.735350933676755,FALSE,FALSE
"Snx13",0.0305867505108851,0.18158403090792,FALSE,FALSE
"Akt3",0.0305768129537396,0.755956213779781,FALSE,FALSE
"Nipbl",0.0305559309465245,0.422408242112041,FALSE,FALSE
"Kansl1",0.03055222183666,0.661944623309723,FALSE,FALSE
"Ccdc57",0.0305461462459764,0.180940115904701,FALSE,FALSE
"Thsd7b",0.0304794467197423,0.486155827430779,FALSE,FALSE
"Epha4",0.0304763830438151,0.421764327108822,FALSE,FALSE
"Ski",0.0303805669928951,0.238892466194462,TRUE,FALSE
"Ppp1r21",0.0303640497880918,0.175144880875724,FALSE,FALSE
"Gm37640",0.0303622659225183,0.150032195750161,FALSE,FALSE
"Bicral",0.0303261881863598,0.325820991629105,FALSE,FALSE
"Xrn2",0.0302946059269144,0.22665808113329,FALSE,FALSE
"Atp2a2",0.030273778074781,0.345138441725692,FALSE,FALSE
"Hexdc",0.030252423367068,0.158403090792015,FALSE,FALSE
"Kdm6a",0.0302186047072932,0.175788795878944,FALSE,FALSE
"Lrp8os2",0.0302065400577734,0.208628461043142,FALSE,FALSE
"Tuba1a",0.0301267820431829,0.237604636188023,FALSE,FALSE
"Unc5d",0.0300828363205396,0.516419832582099,FALSE,FALSE
"Ascc3",0.0300312518096291,0.452672247263361,FALSE,FALSE
"Galnt14",0.0300299074935198,0.330972311654862,FALSE,FALSE
"Gm36988",0.0300240027999658,0.163554410817772,FALSE,FALSE
"Kif5c",0.0299949407388547,0.555054732775274,FALSE,FALSE
"Gm16279",0.0299095535957257,0.200257566001288,FALSE,FALSE
"Rab11fip4",0.0299054089902166,0.300708306503542,FALSE,FALSE
"Strbp",0.0299050528771375,0.956857694784289,FALSE,FALSE
"Top2b",0.0299017290966333,0.292337411461687,FALSE,FALSE
"Lzts1",0.0298984994549676,0.207340631036703,FALSE,FALSE
"Slc8a2",0.0298801011489373,0.152607855763039,FALSE,FALSE
"Eea1",0.0298610874246033,0.269800386349002,FALSE,FALSE
"Kcnh1",0.0298579852960794,0.24275595621378,FALSE,FALSE
"Gm42439",0.0298500233781382,0.526722472633612,FALSE,FALSE
"Mfn1",0.0298439252360986,0.201545396007727,FALSE,FALSE
"Baz2a",0.0296763538617577,0.199613650998068,FALSE,FALSE
"Prkacb",0.0295703814938336,0.206696716033484,FALSE,FALSE
"Wdr47",0.0295504635260021,0.247263361236317,FALSE,FALSE
"Akap11",0.0295348661979905,0.259497746297489,FALSE,FALSE
"Mapre3",0.0295282745079077,0.274951706374759,FALSE,FALSE
"Ltbp4",0.0295230019877546,0.172569220862846,FALSE,FALSE
"Tusc3",0.0295224590789212,0.399871216999356,FALSE,FALSE
"Atm",0.0294994752075507,0.158403090792015,FALSE,FALSE
"Gm20713",0.0294412946578012,0.171925305859627,FALSE,FALSE
"Eda",0.0293505585946492,0.520927237604636,FALSE,FALSE
"Fgfr2",0.0293414622285884,0.910495814552479,FALSE,FALSE
"Csnk2a2",0.0293324227586966,0.18222794591114,FALSE,FALSE
"Stx18",0.0292573892512414,0.194462330972312,FALSE,FALSE
"Eef2k",0.029155850091783,0.183515775917579,FALSE,FALSE
"Casc4",0.0291270400342972,0.473277527366388,FALSE,FALSE
"Pcdh7",0.0291143746626781,0.956857694784289,FALSE,TRUE
"Sptlc2",0.029091470360808,0.188023180940116,FALSE,FALSE
"Med12l",0.0290670988442583,0.320025756600129,FALSE,FALSE
"Dcaf8",0.02905685026109,0.165486155827431,FALSE,FALSE
"Vsnl1",0.029056572390481,0.437862202189311,FALSE,FALSE
"Lpcat3",0.0290235345346627,0.161622665808113,FALSE,FALSE
"Uhrf1bp1l",0.0290203554717296,0.159047005795235,FALSE,FALSE
"Ctnna2",0.0290180530650435,0.988409529942048,FALSE,FALSE
"Vgll4",0.0290006860937173,0.285254346426272,FALSE,FALSE
"Glrb",0.028987458278163,0.260141661300708,FALSE,FALSE
"Pspc1",0.0289591904612771,0.186091435930457,FALSE,FALSE
"Taf3",0.028958318118695,0.16613007083065,FALSE,FALSE
"Clcn3",0.028953597853167,0.233741146168706,FALSE,FALSE
"Frs2",0.0289259531129057,0.157759175788796,FALSE,FALSE
"Med13l",0.0288878343805175,0.372182871860914,FALSE,FALSE
"Gm39326",0.0288345220703243,0.185447520927238,FALSE,FALSE
"Cpne4",0.0288325433210873,0.600128783000644,FALSE,FALSE
"Sumo1",0.0288144002548479,0.159690920798455,FALSE,FALSE
"Srgap3",0.0287863998532983,0.769478428847392,FALSE,FALSE
"St3gal1",0.0287306012828694,0.153895685769478,FALSE,FALSE
"Frmd5",0.0286931570267956,0.615582743077914,FALSE,FALSE
"Acot7",0.0286833414712439,0.253058596265293,FALSE,FALSE
"Gm48749",0.0285489047305226,0.509336767546684,FALSE,FALSE
"Gm16168",0.0285449000878457,0.183515775917579,FALSE,FALSE
"Smarcc2",0.0284740466433494,0.360592401802962,FALSE,FALSE
"Spindoc",0.0284571883460601,0.157759175788796,FALSE,FALSE
"Mdn1",0.0284474327130536,0.334191886670959,FALSE,FALSE
"Cers5",0.0284423399380268,0.327752736638764,FALSE,FALSE
"Lonp2",0.0284116224087249,0.240824211204121,FALSE,FALSE
"Cep290",0.0283621123735147,0.189954925949775,FALSE,FALSE
"Sgcz",0.0283460733717406,0.553766902768835,FALSE,FALSE
"Smarca4",0.0282963998179144,0.301352221506761,FALSE,FALSE
"Trip11",0.0282715906674583,0.25756600128783,FALSE,FALSE
"Apba2",0.0282484057908596,0.675466838377334,FALSE,FALSE
"Stmn4",0.0282399944080194,0.170637475853187,FALSE,FALSE
"Gm2516",0.0281754732537299,0.331616226658081,FALSE,FALSE
"Klhl2",0.0281499372442019,0.402446877012234,FALSE,FALSE
"Slc8a3",0.0281378977092073,0.455891822279459,FALSE,FALSE
"Eno2",0.0281315584278646,0.152607855763039,FALSE,FALSE
"Dlg4",0.0280735667302738,0.204764971023825,FALSE,FALSE
"Erc2",0.0280355690326196,0.927237604636188,FALSE,FALSE
"Plppr1",0.0279540101990087,0.60592401802962,FALSE,FALSE
"AU040320",0.0278793742198497,0.220218931101095,FALSE,FALSE
"Zfp266",0.0278448421651795,0.160334835801674,TRUE,FALSE
"Iqgap2",0.0278020040071109,0.471989697359949,FALSE,FALSE
"Elmo1",0.0277983055370811,0.2730199613651,FALSE,FALSE
"Hnrnpll",0.0277673487698603,0.150032195750161,FALSE,FALSE
"Bmpr1a",0.0276668805032607,0.169993560849968,FALSE,FALSE
"Ppp3cb",0.0276645702314782,0.202833226014166,FALSE,FALSE
"Adgrl3",0.0276138828660216,0.979394719896974,FALSE,FALSE
"Rsrc2",0.0275940522626485,0.185447520927238,FALSE,FALSE
"Tmem117",0.0275278405151053,0.321957501609788,FALSE,FALSE
"Foxp1",0.027522720241847,0.610431423052157,TRUE,FALSE
"Sik2",0.0275198364633851,0.271732131358661,FALSE,FALSE
"Prkn",0.0275147419112689,0.723760463618802,FALSE,FALSE
"Bbip1",0.0274871104957263,0.164842240824211,FALSE,FALSE
"Gm13402",0.0274666270474599,0.247907276239536,FALSE,FALSE
"Hacd2",0.0273137178000034,0.199613650998068,FALSE,FALSE
"Zfp148",0.0272966039582454,0.39407598197038,TRUE,FALSE
"Fbxl12os",0.0272384400414548,0.202833226014166,FALSE,FALSE
"Lyst",0.0272149341615264,0.25692208628461,FALSE,FALSE
"Usp30",0.0271830763529077,0.159047005795235,FALSE,FALSE
"Zc2hc1a",0.0271431559898311,0.207340631036703,FALSE,FALSE
"Nhsl2",0.027070729020493,0.218931101094655,FALSE,FALSE
"Cop1",0.0270607197317005,0.240824211204121,FALSE,FALSE
"Cers6",0.0270603297126687,0.50032195750161,FALSE,FALSE
"Pola1",0.0268751131043308,0.15196394075982,FALSE,FALSE
"Gm27151",0.026717672152992,0.184803605924018,FALSE,FALSE
"Magi3",0.0266652486921163,0.602704443013522,FALSE,FALSE
"Tro",0.0266382472393928,0.390856406954282,FALSE,FALSE
"Rps6kc1",0.0266215442035726,0.252414681262073,FALSE,FALSE
"Tbc1d9",0.0265833213471585,0.245975531229878,FALSE,FALSE
"Grik2",0.0265817028885294,0.967160334835802,FALSE,FALSE
"Fbxo42",0.0265106657621125,0.213135866065679,FALSE,FALSE
"Rgs7",0.0264953283357463,0.770122343850612,FALSE,FALSE
"Rpl15",0.0264872267173441,0.215711526078558,FALSE,FALSE
"Trank1",0.0264869333566723,0.396651641983258,FALSE,FALSE
"Rab3gap2",0.026480254243693,0.240824211204121,FALSE,FALSE
"Zswim6",0.0264754817418813,0.402446877012234,FALSE,FALSE
"Ccz1",0.0264700300881868,0.207984546039923,FALSE,FALSE
"Gm31224",0.0263640404639812,0.161622665808113,FALSE,FALSE
"Gas7",0.0263494005808751,0.423052157115261,FALSE,FALSE
"Kif21b",0.0263314746043707,0.175144880875724,FALSE,FALSE
"Mthfd1l",0.0263149411603951,0.237604636188023,FALSE,FALSE
"Nsg2",0.0263107314333616,0.457179652285898,FALSE,FALSE
"Cr1l",0.0263044076404486,0.155827430779137,FALSE,FALSE
"A830036E02Rik",0.0262697289962588,0.188023180940116,FALSE,FALSE
"Ubap2l",0.0261659509889523,0.245975531229878,FALSE,FALSE
"Spag9",0.0261608001008422,0.553766902768835,FALSE,FALSE
"Atg7",0.026075406547622,0.1513200257566,FALSE,FALSE
"Samd12",0.0260582133179536,0.810688989053445,FALSE,FALSE
"Atp2c1",0.0259819868027927,0.368963296844816,FALSE,FALSE
"Dnajc10",0.0259662749983076,0.158403090792015,FALSE,FALSE
"Bod1l",0.0258985828576044,0.274951706374759,FALSE,FALSE
"Gm48765",0.0258933431326585,0.307147456535737,FALSE,FALSE
"5330438D12Rik",0.0258118745213075,0.710882163554411,FALSE,FALSE
"Adgrb1",0.0258014183466543,0.25692208628461,FALSE,FALSE
"Gm37240",0.0257934512711712,0.724404378622022,FALSE,FALSE
"8030451O07Rik",0.0257828822024773,0.297488731487444,FALSE,FALSE
"Uba6",0.0257615831627986,0.179008370895042,FALSE,FALSE
"Tead1",0.0257522856804098,0.205408886027044,TRUE,FALSE
"Gm20642",0.0257380365352627,0.962652929813265,FALSE,FALSE
"Adcy8",0.0257110941859293,0.208628461043142,FALSE,FALSE
"Slc38a2",0.025684682684715,0.186091435930457,FALSE,FALSE
"Pwwp2a",0.025624461681542,0.165486155827431,FALSE,FALSE
"Iqsec2",0.0256017007522445,0.506761107533806,FALSE,FALSE
"Grip1os2",0.0255824405249212,0.338055376690277,FALSE,FALSE
"Hnrnpa2b1",0.0255252352352535,0.308435286542176,FALSE,FALSE
"Dtnbp1",0.0255099730641073,0.219575016097875,FALSE,FALSE
"Tmod3",0.0254588032349744,0.162910495814552,FALSE,FALSE
"Baiap2",0.0254209403027335,0.215067611075338,FALSE,FALSE
"Morn1",0.0254130686415415,0.173213135866066,FALSE,FALSE
"Ubash3b",0.025410787230275,0.220218931101095,FALSE,FALSE
"Spop",0.0253690987499675,0.309079201545396,FALSE,FALSE
"Armc9",0.0253592099547493,0.424983902124919,FALSE,FALSE
"Ywhae",0.0253538422998688,0.235672891178364,FALSE,FALSE
"Map1b",0.025332801986013,0.885383129426916,FALSE,FALSE
"Sbno1",0.0252848605701271,0.263361236316806,FALSE,FALSE
"Tmem150c",0.0252769135744874,0.286542176432711,FALSE,FALSE
"Atcay",0.0252662171132535,0.253702511268513,FALSE,FALSE
"Gm40841",0.0252652434128824,0.211204121056021,FALSE,FALSE
"Fam184a",0.0251639113530697,0.194462330972312,FALSE,FALSE
"Kcnq2",0.0251453407001243,0.356728911783645,FALSE,FALSE
"Zdhhc20",0.0250900263131566,0.278815196394076,FALSE,FALSE
"Clstn2",0.025039227296309,0.68126207340631,FALSE,FALSE
"Eprs",0.0249867211580887,0.160334835801674,FALSE,FALSE
"Ubl3",0.0249673135865579,0.153251770766259,FALSE,FALSE
"Ap3s1",0.0248997835263749,0.19703799098519,FALSE,FALSE
"Ankfn1",0.0248697475541699,0.316162266580811,FALSE,FALSE
"4933406I18Rik",0.0248504072205877,0.298132646490663,FALSE,FALSE
"Gpr137c",0.0248266088293362,0.236960721184804,FALSE,FALSE
"Gm35188",0.0247930802177832,0.546683837733419,FALSE,FALSE
"Cap2",0.0247730288683696,0.219575016097875,FALSE,FALSE
"Ttc13",0.0247488475595481,0.150032195750161,FALSE,FALSE
"Zc3h12b",0.0246493185306592,0.392144236960721,FALSE,FALSE
"Soga1",0.0246360560128683,0.244043786220219,FALSE,FALSE
"Zfyve1",0.0246337229037588,0.169993560849968,FALSE,FALSE
"Tmem87a",0.0246243304560958,0.160978750804894,FALSE,FALSE
"Sarnp",0.0244445398962044,0.193174500965872,FALSE,FALSE
"Opa1",0.0244124761574821,0.193174500965872,FALSE,FALSE
"Tafa5",0.0243167447890015,0.488731487443657,FALSE,FALSE
"Ube2o",0.0243019948222827,0.233741146168706,FALSE,FALSE
"Tmem175",0.0242606812790813,0.214423696072118,FALSE,FALSE
"Kcnj6",0.0242526737005825,0.488087572440438,FALSE,FALSE
"Echdc1",0.0242149881764268,0.160978750804894,FALSE,FALSE
"Scg5",0.0241856620354578,0.285898261429491,FALSE,FALSE
"Ndfip1",0.0241788187153521,0.307147456535737,FALSE,FALSE
"Gm15261",0.0241475055393758,0.312942691564713,FALSE,FALSE
"Orc4",0.0241305524065426,0.218287186091436,FALSE,FALSE
"Srrm4os",0.0241284067974796,0.232453316162267,FALSE,FALSE
"Ranbp10",0.0239799317276998,0.157115260785576,FALSE,FALSE
"Usp45",0.0239747759206993,0.175788795878944,FALSE,FALSE
"Gmcl1",0.0239330227054833,0.296844816484224,FALSE,FALSE
"Ireb2",0.0239039856565803,0.218287186091436,FALSE,FALSE
"Jmjd1c",0.0238473284859371,0.622021893110109,FALSE,FALSE
"Tnks2",0.0238088453471222,0.282034771410174,FALSE,FALSE
"Evi5l",0.0237992932385387,0.296844816484224,FALSE,FALSE
"Itsn2",0.0237542679029558,0.413393432066967,FALSE,FALSE
"Nckap1",0.0237485890506948,0.466838377334192,FALSE,FALSE
"Dner",0.0236995700835788,0.579523502897618,FALSE,FALSE
"Gm47423",0.0236757011375123,0.190598840952994,FALSE,FALSE
"Gm41609",0.0235986755222134,0.377978106889891,FALSE,FALSE
"4930532I03Rik",0.0235781385678893,0.581455247907276,FALSE,FALSE
"Rora",0.0235491175723992,0.647778493238892,TRUE,FALSE
"Slc6a6",0.0235086281776268,0.458467482292337,FALSE,FALSE
"Atad2b",0.023490362391149,0.3026400515132,FALSE,FALSE
"Gm15965",0.0234884221397728,0.153251770766259,FALSE,FALSE
"Plppr4",0.0234548179956756,0.466838377334192,FALSE,FALSE
"Srr",0.023446908470365,0.200901481004507,FALSE,FALSE
"Nfat5",0.0234102581010346,0.464262717321314,TRUE,FALSE
"Ubxn4",0.023388670639146,0.281390856406954,FALSE,FALSE
"Zswim5",0.0233805895633576,0.153895685769478,FALSE,FALSE
"Eif5b",0.0233596447049799,0.278815196394076,FALSE,FALSE
"Actr1a",0.0233563384517091,0.177720540888603,FALSE,FALSE
"Mok",0.023352222312232,0.160334835801674,FALSE,FALSE
"Nos1ap",0.0232538946204572,0.410173857050869,FALSE,FALSE
"Ncald",0.0232135066154277,0.652285898261429,FALSE,FALSE
"Zmynd8",0.0231990232456064,0.401159047005795,FALSE,FALSE
"Rps6kb1",0.0231967386565894,0.238248551191243,FALSE,FALSE
"Shank3",0.0231795323574562,0.3026400515132,FALSE,FALSE
"B3gat2",0.0231543760791067,0.200257566001288,FALSE,FALSE
"Sdcbp",0.0230725431054011,0.256278171281391,FALSE,FALSE
"4732471J01Rik",0.023049992527116,0.468770122343851,FALSE,FALSE
"Ablim3",0.023004831409403,0.218931101094655,FALSE,FALSE
"Srrm1",0.0229781581910401,0.283322601416613,FALSE,FALSE
"Usp50",0.0228615335260554,0.344494526722473,FALSE,FALSE
"Peak1",0.0228585955095262,0.268512556342563,FALSE,FALSE
"Pum1",0.0228252912953274,0.370895041854475,FALSE,FALSE
"Gpm6a",0.02277780905378,0.763039278815196,FALSE,FALSE
"Gm30054",0.0226703735814496,0.22794591113973,FALSE,FALSE
"Alcam",0.0226642073070056,0.715389568576948,FALSE,FALSE
"Fryl",0.0226578323146312,0.386992916934965,FALSE,FALSE
"Capzb",0.0226384252580268,0.150032195750161,FALSE,FALSE
"Clk4",0.0224876587357438,0.168705730843529,FALSE,FALSE
"Ggnbp2",0.0224649912334065,0.319381841596909,FALSE,FALSE
"Anapc4",0.0224604080661657,0.153251770766259,FALSE,FALSE
"Sidt1",0.0224002890485992,0.426915647134578,FALSE,FALSE
"Cabin1",0.0223887532483889,0.370895041854475,FALSE,FALSE
"Cdip1",0.0223444284868132,0.255634256278171,FALSE,FALSE
"A330015K06Rik",0.0223365290553022,0.448808757244044,FALSE,FALSE
"Zfp654",0.0223216701958436,0.160334835801674,TRUE,FALSE
"Chd1",0.0222857442324507,0.170637475853187,FALSE,FALSE
"Ftx",0.022247354523882,0.28847392144237,FALSE,FALSE
"Pnisr",0.0222448044686191,0.596909207984546,FALSE,FALSE
"Dmd",0.0221946596641727,0.820991629104958,FALSE,FALSE
"Akap7",0.0221931502817202,0.19768190598841,FALSE,FALSE
"Exoc2",0.0221854520939948,0.200901481004507,FALSE,FALSE
"Qtrt1",0.0221731002377715,0.177076625885383,FALSE,FALSE
"Sptbn2",0.0221651144538113,0.254346426271732,FALSE,FALSE
"Khdrbs1",0.0221607744806943,0.28847392144237,FALSE,FALSE
"Pip4k2a",0.022148962728379,0.16613007083065,FALSE,FALSE
"Pced1b",0.0221381064888125,0.254990341274952,FALSE,FALSE
"Vps35l",0.0221226028654022,0.283966516419833,FALSE,FALSE
"Fsd1l",0.0220932781610454,0.171925305859627,FALSE,FALSE
"Myh10",0.0220656879684054,0.419188667095943,FALSE,FALSE
"Slc25a12",0.0220583543994258,0.276239536381198,FALSE,FALSE
"Spock3",0.0220140188649864,0.489375402446877,FALSE,FALSE
"Cux2",0.0220001783946898,0.236316806181584,TRUE,FALSE
"Trim3",0.0219902408024858,0.160334835801674,FALSE,FALSE
"Mtmr3",0.0219540944785566,0.383773341918867,FALSE,FALSE
"Rnpc3",0.0218511228599934,0.207340631036703,FALSE,FALSE
"Ptprt",0.0218208498416376,0.390856406954282,FALSE,FALSE
"Cab39l",0.0217888498417602,0.183515775917579,FALSE,FALSE
"Cenpv",0.0217799590085137,0.179652285898261,FALSE,FALSE
"Map2k4",0.0217755300326133,0.476497102382485,FALSE,FALSE
"Gigyf2",0.0217172803417404,0.372182871860914,FALSE,FALSE
"Kif5b",0.0217048853733041,0.301352221506761,FALSE,FALSE
"D830024N08Rik",0.0217025722600345,0.541532517707663,FALSE,FALSE
"Gm44532",0.0216709970150443,0.352865421764327,FALSE,FALSE
"Znrf1",0.0216546646573639,0.301352221506761,FALSE,FALSE
"Tafa2",0.0216302505849643,0.800386349001932,FALSE,FALSE
"Syt5",0.0215788957424836,0.199613650998068,FALSE,FALSE
"Prrc2b",0.0215646270968004,0.33354797166774,FALSE,FALSE
"Ttc28",0.0215641058928542,0.495814552479073,FALSE,FALSE
"Lims1",0.0215267999048498,0.259497746297489,FALSE,FALSE
"Man2a1",0.0214617406891563,0.25820991629105,FALSE,FALSE
"Ankrd17",0.0214592589816629,0.488731487443657,FALSE,FALSE
"Glcci1",0.0214256774089318,0.193818415969092,FALSE,FALSE
"Trappc8",0.0214025500566891,0.249195106245976,FALSE,FALSE
"Cep89",0.0213818271543295,0.158403090792015,FALSE,FALSE
"Rab31",0.0213565730953415,0.232453316162267,FALSE,FALSE
"Arnt",0.0213074682609485,0.179652285898261,TRUE,FALSE
"Eml5",0.021297844991775,0.563425627817128,FALSE,FALSE
"Slc22a14",0.0212946258178986,0.1513200257566,FALSE,FALSE
"Ttc17",0.0212893012915532,0.267224726336124,FALSE,FALSE
"Gm28379",0.0212282278194077,0.354797166773986,FALSE,FALSE
"Ssbp4",0.0212211946188066,0.159690920798455,FALSE,FALSE
"Plppr5",0.0212141286514098,0.397295556986478,FALSE,FALSE
"Frg1",0.0211811473438176,0.15196394075982,FALSE,FALSE
"Aatf",0.0211255448332365,0.256278171281391,FALSE,FALSE
"Asxl1",0.0211025503670384,0.367675466838377,FALSE,FALSE
"Manf",0.0210579579507381,0.359304571796523,FALSE,FALSE
"E130307A14Rik",0.0210488349107826,0.437862202189311,FALSE,FALSE
"Nsmce2",0.0210460198946017,0.351577591757888,FALSE,FALSE
"Iars2",0.0210427316172915,0.201545396007727,FALSE,FALSE
"March4",0.0209783933243894,0.431423052157115,FALSE,FALSE
"Tspoap1",0.0209776173575837,0.342562781712814,FALSE,FALSE
"Usp15",0.0209747260424614,0.352865421764327,FALSE,FALSE
"Zfp950",0.0209734348472636,0.273663876368319,TRUE,FALSE
"Csmd1",0.0209151554734831,0.998712169993561,FALSE,FALSE
"Zfp445",0.0209130238962343,0.209272376046362,TRUE,FALSE
"Alas2",0.0208820011963528,0.189954925949775,FALSE,FALSE
"Grk3",0.020832747130025,0.383129426915647,FALSE,FALSE
"Gm48678",0.020712286881573,0.677398583386993,FALSE,FALSE
"Gm48239",0.0207023755631768,0.228589826142949,FALSE,FALSE
"Gm12002",0.0206324532705846,0.189954925949775,FALSE,FALSE
"Unc5c",0.0206041152734151,0.792659368963297,FALSE,FALSE
"St6galnac3",0.0206017837258841,0.671603348358017,FALSE,FALSE
"Oprm1",0.0205783950480232,0.51577591757888,FALSE,FALSE
"Hdac1",0.0205716178831874,0.16613007083065,FALSE,FALSE
"Agap1",0.0205443500426918,0.423052157115261,FALSE,FALSE
"Arhgap44",0.02053875664819,0.430135222150676,FALSE,FALSE
"Slc35f1",0.0205191313061064,0.638763683193818,FALSE,FALSE
"Gm26954",0.0205096065869575,0.209916291049581,FALSE,FALSE
"Lipe",0.0204891723142488,0.205408886027044,FALSE,FALSE
"Gm39214",0.0204878309540573,0.33354797166774,FALSE,FALSE
"Zfp804b",0.0204818866133514,0.195750160978751,TRUE,FALSE
"Cacna1a",0.0204426908383533,0.864777849323889,FALSE,FALSE
"Bcl9",0.020438004550573,0.399227301996136,FALSE,FALSE
"Lrrc7",0.0204267121450079,0.972955569864778,FALSE,FALSE
"Ildr2",0.0204119705825928,0.27237604636188,FALSE,FALSE
"Ctdspl",0.0203506944347403,0.370895041854475,FALSE,FALSE
"Myo5a",0.0203460972312897,0.529298132646491,FALSE,FALSE
"Nsmf",0.0203418279070722,0.238248551191243,FALSE,FALSE
"Lrp8",0.0203400226751054,0.247263361236317,FALSE,FALSE
"9930021J03Rik",0.0203312824578345,0.360592401802962,FALSE,FALSE
"Thrap3",0.0202912098079854,0.153251770766259,FALSE,FALSE
"Fus",0.0202478058343376,0.528010302640052,FALSE,FALSE
"Mycbp",0.0202349803377773,0.216355441081777,FALSE,FALSE
"Mia3",0.0202046194063536,0.150032195750161,FALSE,FALSE
"Thrb",0.0201944790304903,0.669671603348358,TRUE,FALSE
"Pde2a",0.0201525778354915,0.45460399227302,FALSE,FALSE
"Hap1",0.020101364796773,0.238892466194462,FALSE,FALSE
"Klf7",0.0200974630251779,0.537025112685126,TRUE,FALSE
"Rictor",0.0200561582324723,0.230521571152608,FALSE,FALSE
"Smc5",0.0200394886517234,0.189311010946555,FALSE,FALSE
"Gm13629",0.0200115047220788,0.189311010946555,FALSE,FALSE
"Ythdc2",0.0199970991735031,0.191242755956214,FALSE,FALSE
"Fnip1",0.0199669098900439,0.182871860914359,FALSE,FALSE
"Vps54",0.0199552533154864,0.264649066323245,FALSE,FALSE
"Armh3",0.0199412232496392,0.31745009658725,FALSE,FALSE
"Atrnl1",0.0199253826490545,0.835157759175789,FALSE,FALSE
"Foxk2",0.0199184814056432,0.195106245975531,TRUE,FALSE
"Asap1",0.0199174994735552,0.434642627173213,FALSE,FALSE
"Fam193b",0.0199000864778263,0.230521571152608,FALSE,FALSE
"Ino80dos",0.0198872962529841,0.164842240824211,FALSE,FALSE
"Col25a1",0.0198809864334911,0.483580167417901,FALSE,FALSE
"Jakmip3",0.0198727559684668,0.229233741146169,FALSE,FALSE
"Rab14",0.019799585430469,0.16613007083065,FALSE,FALSE
"Actr3b",0.0197250673431325,0.249195106245976,FALSE,FALSE
"Mcu",0.0197124186361056,0.46941403734707,FALSE,FALSE
"Polr3h",0.0197005321738059,0.235028976175145,FALSE,FALSE
"Kdm5b",0.0196449409431903,0.251126851255634,FALSE,FALSE
"Mlip",0.0196332770955974,0.238248551191243,FALSE,FALSE
"Rapgef4os1",0.0196225097096207,0.549259497746297,FALSE,FALSE
"Nsd2",0.0196147537222939,0.399871216999356,FALSE,FALSE
"Csmd3",0.0196034328791239,0.990341274951706,FALSE,FALSE
"Mapk14",0.0196001384987422,0.233741146168706,FALSE,FALSE
"Pafah1b1",0.0195866950032863,0.509336767546684,FALSE,FALSE
"Gm11418",0.0195717844883926,0.491951062459755,FALSE,FALSE
"Chfr",0.0194708944706036,0.216355441081777,FALSE,FALSE
"Rmnd5a",0.0194589154646256,0.204764971023825,FALSE,FALSE
"Pikfyve",0.0194527015847682,0.171925305859627,FALSE,FALSE
"Lpin2",0.019450262058385,0.312298776561494,FALSE,FALSE
"Nhlrc2",0.0194326620005287,0.150676110753381,FALSE,FALSE
"Hs6st2",0.0193425348101976,0.270444301352222,FALSE,FALSE
"Vmp1",0.0193205150819979,0.252414681262073,FALSE,FALSE
"Agk",0.019312651239817,0.222150676110753,FALSE,FALSE
"Eml4",0.0193020915786567,0.354153251770766,FALSE,FALSE
"Dscam",0.0193018168259265,0.66709594333548,FALSE,FALSE
"Pld3",0.0192393199764955,0.173857050869285,FALSE,FALSE
"Gsk3b",0.0192378195105473,0.457823567289118,FALSE,FALSE
"Ndufs4",0.0192209042633806,0.213779781068899,FALSE,FALSE
"Gm48715",0.0192122340943586,0.153251770766259,FALSE,FALSE
"Kat6a",0.0191520969741885,0.153895685769478,FALSE,FALSE
"Ppp2r2c",0.0191481602751437,0.325177076625885,FALSE,FALSE
"Farp1",0.0191461915997363,0.641983258209916,FALSE,FALSE
"Rev3l",0.0191048838719232,0.548615582743078,FALSE,FALSE
"Ppp2r2b",0.0190890085722207,0.907920154539601,FALSE,FALSE
"Sf3b3",0.0190827831763643,0.152607855763039,FALSE,FALSE
"Madd",0.0190746036491711,0.269800386349002,FALSE,FALSE
"Snrpf",0.0190685933832677,0.208628461043142,FALSE,FALSE
"Trappc9",0.0189859816404226,0.381197681905988,FALSE,FALSE
"Golga4",0.0189524045205182,0.252414681262073,FALSE,FALSE
"Sestd1",0.0189359739796674,0.159690920798455,FALSE,FALSE
"Zbtb20",0.0189350336927971,0.320025756600129,TRUE,FALSE
"Uty",0.0188849586476224,0.248551191242756,FALSE,FALSE
"Ptprs",0.0188763306156492,0.640051513200258,FALSE,FALSE
"Supt6",0.0188413944697255,0.155183515775918,FALSE,FALSE
"Srbd1",0.0188307180675082,0.160334835801674,FALSE,FALSE
"Gm49961",0.0188260082240117,0.224726336123632,FALSE,FALSE
"Mta3",0.0187190695126013,0.22794591113973,FALSE,FALSE
"Jam3",0.0187038819670043,0.256278171281391,FALSE,FALSE
"Malat1",0.0186926258893922,1,FALSE,FALSE
"Specc1",0.0186709066780512,0.173213135866066,FALSE,FALSE
"Fam126a",0.0186333821933188,0.16613007083065,FALSE,FALSE
"Strn4",0.0186204375913543,0.168061815840309,FALSE,FALSE
"Cabp1",0.0185522115686353,0.160978750804894,FALSE,FALSE
"Ccar1",0.0185512535393428,0.356728911783645,FALSE,FALSE
"Armc2",0.0185132289865976,0.164842240824211,FALSE,FALSE
"Klhl32",0.018455934707406,0.161622665808113,FALSE,FALSE
"Tfcp2",0.0184384082610655,0.153251770766259,TRUE,FALSE
"Gapvd1",0.0184265000746349,0.377978106889891,FALSE,FALSE
"Esrrg",0.0184139779808978,0.249839021249195,TRUE,FALSE
"Slain1",0.0183717658280841,0.24211204121056,FALSE,FALSE
"Smap2",0.018342830047326,0.19703799098519,FALSE,FALSE
"Gm28198",0.0183292969006671,0.374114616870573,FALSE,FALSE
"Nln",0.0183281931174415,0.217643271088216,FALSE,FALSE
"Dgkd",0.0183102705446334,0.280746941403735,FALSE,FALSE
"Psmd7",0.0182875454149401,0.157115260785576,FALSE,FALSE
"Ap3b1",0.0182874217843034,0.371538956857695,FALSE,FALSE
"Tenm2",0.0182140459447904,0.986477784932389,FALSE,TRUE
"Ap2b1",0.018212736962304,0.479072762395364,FALSE,FALSE
"Son",0.0181865817159663,0.676754668383773,FALSE,FALSE
"Actg1",0.01816700588078,0.211204121056021,FALSE,FALSE
"Arap2",0.0181659258152702,0.173857050869285,FALSE,FALSE
"Setd2",0.0181413335340401,0.292337411461687,FALSE,FALSE
"Gm10544",0.0180630328275185,0.275595621377978,FALSE,FALSE
"Ammecr1",0.018033240180709,0.240824211204121,FALSE,FALSE
"Apobec4",0.017988253899695,0.278815196394076,FALSE,FALSE
"Mllt10",0.017969328981574,0.440437862202189,FALSE,FALSE
"Dtna",0.0179417303793954,0.525434642627173,FALSE,FALSE
"Gm38134",0.0179397373061861,0.177076625885383,FALSE,FALSE
"Gfod1",0.0179067793984229,0.293625241468126,FALSE,FALSE
"Syt11",0.0178410201116721,0.25820991629105,FALSE,FALSE
"Sptbn1",0.0178332892626224,0.769478428847392,FALSE,FALSE
"Hmgcr",0.0178027219831528,0.235672891178364,FALSE,FALSE
"4930405A21Rik",0.0178020020882784,0.177076625885383,FALSE,FALSE
"Il1rapl1",0.0177936690528649,0.972955569864778,FALSE,FALSE
"Atp8a1",0.0177913965741336,0.547971667739858,FALSE,FALSE
"Fat1",0.0177880948373937,0.155827430779137,FALSE,FALSE
"Golgb1",0.017775326666124,0.292981326464907,FALSE,FALSE
"Adgrl2",0.0177693176457726,0.365099806825499,FALSE,FALSE
"Atxn1",0.0177357551655738,0.691564713457824,FALSE,FALSE
"Dock3",0.0177297798753836,0.694140373470702,FALSE,FALSE
"Epha7",0.017688573471908,0.45524790727624,FALSE,FALSE
"Ubr4",0.0176678020983198,0.16613007083065,FALSE,FALSE
"Glud1",0.0176623835129594,0.160334835801674,FALSE,FALSE
"Gm14372",0.0176425231663047,0.248551191242756,FALSE,FALSE
"Ephb1",0.0176397980485734,0.357372826786864,FALSE,FALSE
"Plcb1",0.017623071728547,0.882163554410818,FALSE,FALSE
"Ppfibp1",0.0175845353438309,0.283966516419833,FALSE,FALSE
"2010300C02Rik",0.0175772681075516,0.21184803605924,FALSE,FALSE
"Rnf14",0.0175064599825304,0.162910495814552,FALSE,FALSE
"Ccdc136",0.0175025032242582,0.170637475853187,FALSE,FALSE
"Tmem108",0.0175003252308092,0.837089504185447,FALSE,FALSE
"1700080N15Rik",0.0174500538543091,0.165486155827431,FALSE,FALSE
"Smim14",0.0174314270029683,0.311654861558274,FALSE,FALSE
"Ube2d3",0.0174100928599804,0.150676110753381,FALSE,FALSE
"Pak3",0.0173757471448344,0.660012878300064,FALSE,FALSE
"Slc2a13",0.0173131311327583,0.45524790727624,FALSE,FALSE
"Tmem178b",0.0172884485101954,0.904700579523503,FALSE,FALSE
"Tenm1",0.0172188048552284,0.777205408886027,FALSE,FALSE
"9330175M20Rik",0.0172115690201817,0.160978750804894,FALSE,FALSE
"Galnt1",0.0171864700756702,0.328396651641983,FALSE,FALSE
"Frmpd4",0.0171708109060456,0.862202189311011,FALSE,FALSE
"Oga",0.0171646478108003,0.22665808113329,FALSE,FALSE
"Gm46367",0.0171561465016586,0.170637475853187,FALSE,FALSE
"Vat1l",0.017131402080687,0.193174500965872,FALSE,FALSE
"Gpsm1",0.0170776711435559,0.157115260785576,FALSE,FALSE
"Pten",0.0170593099268814,0.322601416613007,FALSE,FALSE
"Ttc14",0.0170523796083242,0.414681262073406,FALSE,FALSE
"Zzz3",0.0170427177090868,0.185447520927238,FALSE,FALSE
"Abhd12",0.0170380508674961,0.179008370895042,FALSE,FALSE
"Mpped2",0.0169764036408481,0.223438506117193,FALSE,FALSE
"Atp11b",0.0169626449520169,0.269800386349002,FALSE,FALSE
"Naa15",0.0169621664995771,0.309079201545396,FALSE,FALSE
"Gm49003",0.016934911034948,0.640051513200258,FALSE,FALSE
"Capza1",0.0169264579021789,0.158403090792015,FALSE,FALSE
"Numa1",0.0169188772344204,0.261429491307147,FALSE,FALSE
"Akap13",0.0168890271815478,0.290405666452028,FALSE,FALSE
"Bmt2",0.0168818980694511,0.240824211204121,FALSE,FALSE
"Otud7a",0.0168794744494143,0.831294269156471,FALSE,FALSE
"Srek1",0.0168397217296578,0.301352221506761,FALSE,FALSE
"Adcy9",0.0168293499590994,0.289761751448809,FALSE,FALSE
"Gatad2b",0.0168244409209593,0.296200901481005,FALSE,FALSE
"Cul1",0.0168141311389496,0.294269156471346,FALSE,FALSE
"D430041D05Rik",0.016810224799041,0.683193818415969,FALSE,FALSE
"1700109K24Rik",0.0167907672539409,0.566645202833226,FALSE,FALSE
"Ncor1",0.0167902502791215,0.558918222794591,FALSE,FALSE
"Lonrf2",0.0167708854042887,0.190598840952994,FALSE,FALSE
"Cd200",0.0167612265787828,0.16677398583387,FALSE,FALSE
"Tecpr2",0.0167437717182974,0.240180296200901,FALSE,FALSE
"Pias2",0.0167347763452285,0.253058596265293,FALSE,FALSE
"Zmym4",0.0166960045129018,0.452672247263361,TRUE,FALSE
"Rnf165",0.0166959482614435,0.259497746297489,FALSE,FALSE
"Numb",0.016685025923762,0.160978750804894,FALSE,FALSE
"Syt14",0.0166845682676294,0.273663876368319,FALSE,FALSE
"Zfp652",0.0166611365657012,0.232453316162267,TRUE,FALSE
"Kcnb2",0.0166393118482142,0.898905344494527,FALSE,FALSE
"Taf1d",0.0166329455212798,0.296844816484224,FALSE,FALSE
"Tent4b",0.0166183384413282,0.247263361236317,FALSE,FALSE
"Lrrc28",0.0165893909667243,0.176432710882164,FALSE,FALSE
"Vcp",0.0165704306647547,0.168705730843529,FALSE,FALSE
"Gabrg2",0.0165695813298933,0.388280746941404,FALSE,FALSE
"Sec61a2",0.0165501306692207,0.267868641339343,FALSE,FALSE
"Gucy1b1",0.0165438565416159,0.183515775917579,FALSE,FALSE
"Cep112",0.0164446609547317,0.235028976175145,FALSE,FALSE
"Rabgap1",0.0164258471828114,0.479716677398583,FALSE,FALSE
"Senp5",0.016416580421044,0.22730199613651,FALSE,FALSE
"D5Ertd615e",0.0163999258392941,0.258853831294269,FALSE,FALSE
"Arrb1",0.0163908238942716,0.16741790083709,FALSE,FALSE
"Gm12709",0.0163653076743959,0.256278171281391,FALSE,FALSE
"Ap2a2",0.0163109858766001,0.347070186735351,FALSE,FALSE
"Kifap3",0.0162999055122233,0.415969092079845,FALSE,FALSE
"4930484I04Rik",0.0162769525020621,0.22794591113973,FALSE,FALSE
"Disp2",0.0162734893264759,0.173213135866066,FALSE,FALSE
"Abcc5",0.0162108934970518,0.386349001931745,FALSE,FALSE
"Klhl3",0.0161853713955956,0.380553766902769,FALSE,FALSE
"Gm26673",0.0161816573712509,0.153895685769478,FALSE,FALSE
"9630028H03Rik",0.0161716144169708,0.520283322601417,FALSE,FALSE
"Gm3227",0.0161007557308807,0.206696716033484,FALSE,FALSE
"Ankrd44",0.0161003699353402,0.289117836445589,FALSE,FALSE
"Scamp5",0.0160865556357362,0.179652285898261,FALSE,FALSE
"Gm36975",0.0160856865623422,0.75724404378622,FALSE,FALSE
"Ttc37",0.0160791394411106,0.251126851255634,FALSE,FALSE
"Fgf14",0.0160386841574302,0.997424339987122,FALSE,FALSE
"Gm17494",0.0160222699627432,0.165486155827431,FALSE,FALSE
"9530059O14Rik",0.016009941972087,0.646490663232453,FALSE,FALSE
"Ap3d1",0.0159741272139858,0.243399871216999,FALSE,FALSE
"Tango2",0.0159731775770063,0.300708306503542,FALSE,FALSE
"Sertad2",0.0159192302471872,0.208628461043142,FALSE,FALSE
"Iqsec1",0.0158809897873556,0.568576947842885,FALSE,FALSE
"Cadm3",0.0158700470750426,0.231165486155827,FALSE,FALSE
"Ccdc30",0.0158191855957803,0.358016741790084,FALSE,FALSE
"Pcmt1",0.0157884846087498,0.219575016097875,FALSE,FALSE
"Kdm4c",0.0157878857439709,0.377334191886671,FALSE,FALSE
"Ranbp2",0.0157488583201258,0.211204121056021,FALSE,FALSE
"Nwd2",0.0157367099464976,0.350289761751449,FALSE,FALSE
"Rtl1",0.0156912480419415,0.385061171925306,FALSE,FALSE
"Arid1a",0.0156506302476406,0.266580811332904,FALSE,FALSE
"Nufip2",0.0156059709616449,0.162266580811333,FALSE,FALSE
"Tm9sf4",0.015589470281789,0.185447520927238,FALSE,FALSE
"Qrich1",0.0155496775392544,0.258853831294269,FALSE,FALSE
"Ppip5k2",0.0155457160188608,0.16677398583387,FALSE,FALSE
"Fam222b",0.0154468347330527,0.245331616226658,FALSE,FALSE
"Adgrl1",0.0154428752888465,0.365099806825499,FALSE,FALSE
"Ehbp1",0.0153134924393645,0.571152607855763,FALSE,FALSE
"Hook1",0.0152604768029676,0.255634256278171,FALSE,FALSE
"Gm5149",0.0152326996195078,0.376046361880232,FALSE,FALSE
"Plec",0.0152278611371206,0.206052801030264,FALSE,FALSE
"Tasp1",0.0152018651749745,0.37926593689633,FALSE,FALSE
"Celf4",0.0151506776962105,0.983902124919511,FALSE,FALSE
"Relch",0.0151433343708424,0.354797166773986,FALSE,FALSE
"4933424G05Rik",0.0151257619021953,0.18158403090792,FALSE,FALSE
"Smurf2",0.0151064889404901,0.31809401159047,FALSE,FALSE
"Usp12",0.0151049811168487,0.220218931101095,FALSE,FALSE
"Sdk1",0.0150955438956184,0.195750160978751,FALSE,TRUE
"Tecpr1",0.0150946114798137,0.189954925949775,FALSE,FALSE
"Jazf1",0.0150784418092349,0.671603348358017,FALSE,FALSE
"Olfm3",0.0150719163067254,0.15196394075982,FALSE,FALSE
"Ambra1",0.0150486754768205,0.502253702511269,FALSE,FALSE
"Cxcl17",0.0150201423833796,0.191242755956214,FALSE,FALSE
"Lrrc4b",0.0149846327355623,0.179008370895042,FALSE,FALSE
"Gm48512",0.0149382028094299,0.45460399227302,FALSE,FALSE
"Rabep1",0.0149226331074178,0.547971667739858,FALSE,FALSE
"Kpna1",0.0149135583775909,0.176432710882164,FALSE,FALSE
"Adarb2",0.0149026986658448,0.176432710882164,FALSE,FALSE
"Lpgat1",0.0149019679114993,0.233097231165486,FALSE,FALSE
"R3hdm1",0.0148235443169349,0.714745653573728,FALSE,FALSE
"Gm11250",0.0148087661434352,0.184159690920798,FALSE,FALSE
"Ywhaz",0.0147877129737939,0.237604636188023,FALSE,FALSE
"Pcbp2",0.0147697153768379,0.188023180940116,FALSE,FALSE
"Wdr17",0.0147643222458295,0.540888602704443,FALSE,FALSE
"Sergef",0.014736587471542,0.401802962009015,FALSE,FALSE
"Vwc2",0.0147083958858262,0.321957501609788,FALSE,FALSE
"Fam168a",0.0146793329120406,0.555054732775274,FALSE,FALSE
"Cdkal1",0.0146714020249163,0.24211204121056,FALSE,FALSE
"Map4k3",0.014626824692151,0.401159047005795,FALSE,FALSE
"Kctd8",0.0146177509023283,0.210560206052801,FALSE,FALSE
"Gm17178",0.0145986749677351,0.195106245975531,FALSE,FALSE
"Tcf4",0.0145614919360757,0.944623309723117,TRUE,FALSE
"Psma3",0.014548723223362,0.225370251126851,FALSE,FALSE
"Gm29237",0.0145405883506282,0.162266580811333,FALSE,FALSE
"Abca8b",0.0144986817330056,0.168705730843529,FALSE,FALSE
"Osbpl6",0.0144740406194639,0.473277527366388,FALSE,FALSE
"Zfp280d",0.0144700221417257,0.315518351577592,TRUE,FALSE
"Zswim8",0.0144594664033034,0.177720540888603,FALSE,FALSE
"Cfap36",0.0144458587759879,0.204121056020605,FALSE,FALSE
"Scn2a",0.0144309609663481,0.628461043142305,FALSE,FALSE
"Ankhd1",0.0144291617347624,0.354153251770766,FALSE,FALSE
"Rbms3",0.0143837389118521,0.330328396651642,FALSE,FALSE
"Tmem126a",0.0143726808366009,0.240824211204121,FALSE,FALSE
"Mau2",0.0142562120779206,0.209916291049581,FALSE,FALSE
"Micu1",0.0142551765020471,0.245331616226658,FALSE,FALSE
"Gga2",0.0142542673611669,0.180940115904701,FALSE,FALSE
"Abhd17b",0.0142489442466072,0.169349645846748,FALSE,FALSE
"Atp6v0b",0.0141968866731666,0.311654861558274,FALSE,FALSE
"Lin7a",0.0141901769024473,0.298132646490663,FALSE,FALSE
"B3galt1",0.0141841323336129,0.6973599484868,FALSE,FALSE
"Cwf19l2",0.0141816534920825,0.171925305859627,FALSE,FALSE
"Nvl",0.0141806662440196,0.31745009658725,FALSE,FALSE
"Lekr1",0.0141737061475236,0.222150676110753,FALSE,FALSE
"Phf21a",0.0141563108586635,0.434642627173213,FALSE,FALSE
"Ppt1",0.0141162484419077,0.220218931101095,FALSE,FALSE
"Pigk",0.0141051589993006,0.931745009658725,FALSE,FALSE
"Gm4258",0.0140774528777766,0.461043142305216,FALSE,FALSE
"Basp1",0.0140679578980539,0.440437862202189,FALSE,FALSE
"Dym",0.0140540740281708,0.377334191886671,FALSE,FALSE
"AC163638.2",0.0140415755867827,0.169349645846748,FALSE,FALSE
"Gm30382",0.014028891584112,0.546683837733419,FALSE,FALSE
"Cul3",0.0140057042800629,0.204121056020605,FALSE,FALSE
"Cdh4",0.0139868315753314,0.797166773985834,FALSE,FALSE
"Nr2f1",0.0139667098101149,0.437862202189311,TRUE,FALSE
"Gm43948",0.0138422573491415,0.306503541532518,FALSE,FALSE
"Ddhd2",0.0137939897998689,0.304571796522859,FALSE,FALSE
"Cdc27",0.0137867204841814,0.200257566001288,FALSE,FALSE
"Gpm6b",0.0137862867623478,0.708306503541533,FALSE,FALSE
"Dnajc19",0.0137862748889435,0.321313586606568,FALSE,FALSE
"Spock1",0.013782116268746,0.799742433998712,FALSE,FALSE
"Emsy",0.0137579122305129,0.186735350933677,FALSE,FALSE
"Tpp2",0.0137288369102748,0.161622665808113,FALSE,FALSE
"B230307C23Rik",0.0137161793991642,0.201545396007727,FALSE,FALSE
"Ap1g1",0.0137105056099156,0.179652285898261,FALSE,FALSE
"Hpcal1",0.0136804812865113,0.214423696072118,FALSE,FALSE
"Pfkp",0.0136698588949293,0.626529298132646,FALSE,FALSE
"Gm44686",0.013664306922273,0.152607855763039,FALSE,FALSE
"Rab10",0.0136065940541897,0.372826786864134,FALSE,FALSE
"Gm14330",0.0135546557946106,0.229877656149388,FALSE,FALSE
"Arid1b",0.0135282342904488,0.584030907920155,FALSE,FALSE
"Ncoa2",0.0134977367910561,0.517707662588538,FALSE,FALSE
"Zfc3h1",0.0134610269040992,0.222794591113973,FALSE,FALSE
"Trrap",0.0134356218589942,0.232453316162267,FALSE,FALSE
"March1",0.0134171650198655,0.838377334191887,FALSE,FALSE
"Nexmif",0.0133854044451331,0.453316162266581,FALSE,FALSE
"Atp1a3",0.0133773201000687,0.507405022537025,FALSE,FALSE
"Rapgef4",0.0133734589208817,0.766902768834514,FALSE,FALSE
"Khdrbs3",0.0133696052617764,0.566645202833226,FALSE,FALSE
"Nkain3",0.0133424294979977,0.931745009658725,FALSE,FALSE
"Cadps2",0.013319869834545,0.457823567289118,FALSE,FALSE
"Wdr70",0.0133181744548156,0.22730199613651,FALSE,FALSE
"Arid4b",0.0132779800915414,0.425627817128139,FALSE,FALSE
"Etnk1",0.0132727532460281,0.330972311654862,FALSE,FALSE
"Arhgef7",0.0132461883320685,0.337411461687057,FALSE,FALSE
"Pdzd2",0.0132454020600529,0.314874436574372,FALSE,FALSE
"Tsga10",0.0132390976605978,0.262717321313587,FALSE,FALSE
"Abhd6",0.0131767964724087,0.184159690920798,FALSE,FALSE
"Ddx1",0.0131740287368042,0.171281390856407,FALSE,FALSE
"Kirrel3",0.0131712745967951,0.622021893110109,FALSE,TRUE
"March6",0.0131616954878486,0.240180296200901,FALSE,FALSE
"Clec16a",0.0131519385212194,0.253058596265293,FALSE,FALSE
"1700111E14Rik",0.0131064297529395,0.571152607855763,FALSE,FALSE
"Gm11659",0.0130769432908967,0.507405022537025,FALSE,FALSE
"Necab1",0.0130705121203393,0.476497102382485,FALSE,FALSE
"Gab2",0.0130428422233834,0.404378622021893,FALSE,FALSE
"Sv2a",0.013034478443763,0.163554410817772,FALSE,FALSE
"Nf2",0.0130222980597716,0.164842240824211,FALSE,FALSE
"Pias1",0.0130117303759202,0.299420476497102,FALSE,FALSE
"Strn3",0.0129777095209388,0.535737282678686,FALSE,FALSE
"Gcc2",0.012964296394473,0.208628461043142,FALSE,FALSE
"Cntnap5c",0.0129487783752672,0.415969092079845,FALSE,FALSE
"Eri3",0.0129445246043351,0.34900193174501,FALSE,FALSE
"Map2",0.0128831226469577,0.835801674179008,FALSE,FALSE
"Hacd4",0.0128734301685798,0.202189311010947,FALSE,FALSE
"Wwox",0.0128653731409988,0.532517707662589,FALSE,FALSE
"Nup214",0.0128528109971154,0.179008370895042,FALSE,FALSE
"Uggt2",0.0128370226938446,0.326464906632325,FALSE,FALSE
"Gm47027",0.0128290542748425,0.188023180940116,FALSE,FALSE
"Psmd14",0.0128041830844351,0.2730199613651,FALSE,FALSE
"Dhx57",0.0127614671832041,0.319381841596909,FALSE,FALSE
"Sema6d",0.0127593180886914,0.620090148100451,FALSE,TRUE
"Traf3ip2",0.0127279675654246,0.282034771410174,FALSE,FALSE
"Rb1",0.012711415089203,0.282678686413393,FALSE,FALSE
"Nin",0.0127063897775052,0.332260141661301,FALSE,FALSE
"Cpsf6",0.0126944382652351,0.24275595621378,FALSE,FALSE
"Mkln1",0.012691515547026,0.383129426915647,FALSE,FALSE
"Fyttd1",0.0126280503237201,0.16613007083065,FALSE,FALSE
"Mon2",0.0126267100113544,0.25756600128783,FALSE,FALSE
"Sgsm3",0.0125876306677052,0.162266580811333,FALSE,FALSE
"Rmdn1",0.012521416505413,0.261429491307147,FALSE,FALSE
"Cyth3",0.0125113036367024,0.22730199613651,FALSE,FALSE
"Adcy2",0.0125040744999761,0.48551191242756,FALSE,FALSE
"Arhgap6",0.012467496684793,0.232453316162267,FALSE,FALSE
"Fbxl16",0.0124280920456119,0.200257566001288,FALSE,FALSE
"Mbd5",0.0124189069259925,0.635544108177721,FALSE,FALSE
"4930428E07Rik",0.012417934368621,0.179652285898261,FALSE,FALSE
"Mtdh",0.012395486085801,0.354153251770766,FALSE,FALSE
"Mirg",0.0123942168259103,0.453316162266581,FALSE,FALSE
"Vkorc1l1",0.0123811032151684,0.189954925949775,FALSE,FALSE
"Fam49a",0.0123730193870866,0.368319381841597,FALSE,FALSE
"Nsg1",0.0123272069467902,0.188667095943335,FALSE,FALSE
"Enox1",0.0123235257723916,0.909851899549259,FALSE,FALSE
"Dyrk1a",0.0122961870910884,0.343850611719253,FALSE,FALSE
"Ogdh",0.0122671477672076,0.215711526078558,FALSE,FALSE
"P2ry14",0.0122379626156791,0.451384417256922,FALSE,FALSE
"Smc6",0.0122087224440421,0.230521571152608,FALSE,FALSE
"Spink10",0.0121452390292236,0.244043786220219,FALSE,FALSE
"Phlpp1",0.01207331742782,0.4539600772698,FALSE,FALSE
"Gmds",0.0120664011171872,0.473277527366388,FALSE,FALSE
"Asxl3",0.0119764170059465,0.416613007083065,FALSE,FALSE
"Bcas3",0.0119755298627747,0.443657437218287,FALSE,FALSE
"Jph1",0.0119632851220811,0.216355441081777,FALSE,FALSE
"Mtus2",0.0119271742418013,0.564069542820348,FALSE,FALSE
"Kcnq1ot1",0.0119203269953507,0.817128139085641,FALSE,FALSE
"Abi2",0.0118950261710735,0.432066967160335,FALSE,FALSE
"Nup98",0.0118892524710967,0.21249195106246,FALSE,FALSE
"Slc39a10",0.0118724953719202,0.175788795878944,FALSE,FALSE
"D10Wsu102e",0.0118319744192842,0.199613650998068,FALSE,FALSE
"Tmem135",0.0117867278486766,0.321313586606568,FALSE,FALSE
"Plekhh2",0.0117462124159274,0.184159690920798,FALSE,FALSE
"Phf20",0.0117367961199169,0.205408886027044,FALSE,FALSE
"Acadsb",0.011731799792378,0.193174500965872,FALSE,FALSE
"Rnf38",0.011724009824058,0.175788795878944,FALSE,FALSE
"Tial1",0.0117197455157362,0.186091435930457,FALSE,FALSE
"Copg2",0.0117106286248248,0.217643271088216,FALSE,FALSE
"Usp29",0.011700365080648,0.751448808757244,FALSE,FALSE
"Gm11149",0.0116368104494062,0.615582743077914,FALSE,FALSE
"Rbm6",0.0115840864895407,0.528654217643271,FALSE,FALSE
"Zfr2",0.0115722280344247,0.251770766258854,FALSE,FALSE
"Zcchc14",0.0115564830822969,0.253058596265293,FALSE,FALSE
"Sez6l2",0.0115547036488134,0.245975531229878,FALSE,FALSE
"Elavl2",0.0115349850155266,0.231165486155827,FALSE,FALSE
"1700025G04Rik",0.011519375618074,0.352221506761108,FALSE,FALSE
"Gtf2ird1",0.0115166651988413,0.226014166130071,TRUE,FALSE
"Sh3rf1",0.0115165027859816,0.289117836445589,FALSE,FALSE
"Nebl",0.0115122036640534,0.764327108821636,FALSE,FALSE
"Timm44",0.0113875716255655,0.30328396651642,FALSE,FALSE
"Ptprr",0.0113796888535755,0.564713457823567,FALSE,FALSE
"Rnf8",0.0113729162680069,0.171925305859627,FALSE,FALSE
"Stt3b",0.0113397169646784,0.165486155827431,FALSE,FALSE
"Gm32509",0.0113380996103856,0.372182871860914,FALSE,FALSE
"Osbpl8",0.0113028807173858,0.39407598197038,FALSE,FALSE
"Zdhhc17",0.0112847666035267,0.22794591113973,FALSE,FALSE
"Ppig",0.0112681590325721,0.240180296200901,FALSE,FALSE
"Uhrf2",0.0112525879817374,0.218287186091436,FALSE,FALSE
"Smchd1",0.0112515113513409,0.267224726336124,FALSE,FALSE
"Gm43713",0.0112467807221841,0.464262717321314,FALSE,FALSE
"Myo9b",0.0112262999363493,0.251126851255634,FALSE,FALSE
"Antxr1",0.0111476050677166,0.179008370895042,FALSE,FALSE
"Rab6a",0.0111384697472784,0.187379265936896,FALSE,FALSE
"Tmx4",0.0111165366403571,0.194462330972312,FALSE,FALSE
"Lrrc40",0.0109603061570524,0.235028976175145,FALSE,FALSE
"Kif3a",0.0109591822710898,0.294913071474565,FALSE,FALSE
"Kpna4",0.0109244770610889,0.266580811332904,FALSE,FALSE
"Garnl3",0.0108886690143242,0.663232453316162,FALSE,FALSE
"B230209E15Rik",0.0108763121184107,0.262073406310367,FALSE,FALSE
"Slc12a6",0.0108753853119756,0.309723116548616,FALSE,FALSE
"Gabrg3",0.0108304971857383,0.914359304571796,FALSE,FALSE
"Gm5441",0.0108043398459219,0.492594977462975,FALSE,FALSE
"Cep126",0.010788117585738,0.200257566001288,FALSE,FALSE
"Micu2",0.0107871714898617,0.320669671603348,FALSE,FALSE
"Ints6l",0.0107856015454669,0.180296200901481,FALSE,FALSE
"Grb10",0.0107762621195021,0.150676110753381,FALSE,FALSE
"4930567K20Rik",0.0107577042004088,0.215711526078558,FALSE,FALSE
"Ddx5",0.0107514328890166,0.279459111397296,FALSE,FALSE
"Acvr2a",0.0107425496776332,0.419188667095943,FALSE,FALSE
"Gabra4",0.0107346582249965,0.253058596265293,FALSE,FALSE
"Kif5a",0.0107062487116955,0.460399227301996,FALSE,FALSE
"Ror1",0.0106136015860378,0.223438506117193,FALSE,FALSE
"Nr6a1os",0.0106064235982352,0.185447520927238,FALSE,FALSE
"Htt",0.0105164374593356,0.352221506761108,FALSE,FALSE
"Fbl",0.0104980148635049,0.277527366387637,FALSE,FALSE
"Nktr",0.0104792321017687,0.451384417256922,FALSE,FALSE
"Mphosph9",0.0104742608622358,0.251770766258854,FALSE,FALSE
"Sorl1",0.0104707408151634,0.238248551191243,FALSE,FALSE
"Srrt",0.0104503869472817,0.190598840952994,FALSE,FALSE
"Htr2c",0.0104413728777285,0.57630392788152,FALSE,FALSE
"Lgi1",0.0104396456689057,0.517707662588538,FALSE,FALSE
"Egfem1",0.0103960427464938,0.656793303283967,FALSE,FALSE
"Dok5",0.010386669501704,0.354797166773986,FALSE,FALSE
"Coro2a",0.0103659068378596,0.218287186091436,FALSE,FALSE
"Ncoa7",0.0103348157343036,0.501609787508049,FALSE,FALSE
"Tcerg1",0.0102991244482535,0.28718609143593,FALSE,FALSE
"Nsun2",0.0102930859892928,0.267868641339343,FALSE,FALSE
"Ppp1r12b",0.0102848794214549,0.641339343206697,FALSE,FALSE
"Arsb",0.0102617412380748,0.293625241468126,FALSE,FALSE
"Reps1",0.0102437709321512,0.193818415969092,FALSE,FALSE
"Mysm1",0.0102088037791633,0.311654861558274,FALSE,FALSE
"Add3",0.0102034873682438,0.285898261429491,FALSE,FALSE
"Rtn4",0.0101580728983567,0.422408242112041,FALSE,FALSE
"Micu3",0.010148821097782,0.258853831294269,FALSE,FALSE
"B230334C09Rik",0.0100979641618776,0.254990341274952,FALSE,FALSE
"Btrc",0.0100696918653384,0.401159047005795,FALSE,FALSE
"Hspa4",0.010029357098671,0.193174500965872,FALSE,FALSE
"Lcor",0.0100151415046084,0.448164842240824,TRUE,FALSE
"Zfp692",0.0099890633331927,0.207984546039923,TRUE,FALSE
"Slc12a2",0.00996275794412091,0.154539600772698,FALSE,FALSE
"Cramp1l",0.00995865083766339,0.171925305859627,FALSE,FALSE
"Cep83",0.00995168669164365,0.187379265936896,FALSE,FALSE
"Vps41",0.00994789923074644,0.341274951706375,FALSE,FALSE
"Cplane1",0.00991531018288722,0.594333547971668,FALSE,FALSE
"Ints10",0.00989413671006241,0.203477141017386,FALSE,FALSE
"Zcchc18",0.0098111682325651,0.253058596265293,FALSE,FALSE
"Gdpd1",0.00980511569052092,0.229233741146169,FALSE,FALSE
"Bche",0.00977495450626255,0.285254346426272,FALSE,FALSE
"Tspan13",0.00976544368373421,0.177076625885383,FALSE,FALSE
"Fam219a",0.00976101992652015,0.440437862202189,FALSE,FALSE
"Tdrd3",0.00975542334062735,0.180296200901481,FALSE,FALSE
"Akap8l",0.00971648135378081,0.416613007083065,FALSE,FALSE
"Krit1",0.00966787743557966,0.296844816484224,FALSE,FALSE
"Tmsb4x",0.00965706651853742,0.222794591113973,FALSE,FALSE
"Ank1",0.00965112443561052,0.329040566645203,FALSE,FALSE
"Mark2",0.00963095366374545,0.437218287186091,FALSE,FALSE
"Raver2",0.00961328371933906,0.153895685769478,FALSE,FALSE
"Gm47591",0.00959312372814148,0.206052801030264,FALSE,FALSE
"Gm17227",0.00956471547383538,0.366387636831938,FALSE,FALSE
"Atp6v0c",0.00955815015980491,0.204764971023825,FALSE,FALSE
"Ncapd3",0.00954666451729248,0.191242755956214,FALSE,FALSE
"Cep164",0.00953290230552038,0.219575016097875,FALSE,FALSE
"Tsc1",0.00953088908866764,0.252414681262073,FALSE,FALSE
"Rbms1",0.0095112078207328,0.193818415969092,FALSE,FALSE
"Pkp4",0.00949513895623185,0.414681262073406,FALSE,FALSE
"Parp8",0.0094865359154732,0.482292337411462,FALSE,FALSE
"Cdh7",0.00945004759523199,0.34900193174501,FALSE,FALSE
"Grm7",0.0094483548670491,0.981970379909852,FALSE,FALSE
"Dot1l",0.00942575933042224,0.221506761107534,FALSE,FALSE
"Ahi1",0.00941150167265179,0.964584674822923,FALSE,FALSE
"Gm26827",0.00938449424378539,0.245331616226658,FALSE,FALSE
"Ephb2",0.00933300863769129,0.381197681905988,FALSE,FALSE
"1700084C06Rik",0.00925756215265944,0.43915003219575,FALSE,FALSE
"Dach1",0.00914596886918742,0.169993560849968,TRUE,FALSE
"Gm10115",0.00914159227709926,0.264005151320026,FALSE,FALSE
"Cep78",0.00914061564201052,0.163554410817772,FALSE,FALSE
"Nol10",0.00913400561246102,0.165486155827431,FALSE,FALSE
"Usp46",0.00912339038711346,0.345782356728912,FALSE,FALSE
"Arhgap21",0.00909726372825685,0.47005795235029,FALSE,FALSE
"2610035D17Rik",0.00908995174710598,0.284610431423052,FALSE,FALSE
"Dennd4a",0.00908488591448309,0.336123631680618,FALSE,FALSE
"Nav2",0.00904888925759339,0.913071474565357,FALSE,FALSE
"Fam110b",0.00900690215981796,0.503541532517708,FALSE,FALSE
"Fnbp4",0.00899547387032325,0.235028976175145,FALSE,FALSE
"Pip5k1b",0.0089812905083214,0.305215711526079,FALSE,FALSE
"Cfap54",0.00895841008261809,0.179652285898261,FALSE,FALSE
"Strada",0.00895199641187854,0.15196394075982,FALSE,FALSE
"Ptprf",0.00893739517526091,0.277527366387637,FALSE,FALSE
"A230057D06Rik",0.00888583025762984,0.823567289117836,FALSE,FALSE
"Klf12",0.00886121881972458,0.446233097231165,TRUE,FALSE
"Ubap2",0.00885241397952217,0.243399871216999,FALSE,FALSE
"Gpr107",0.00872543696396952,0.204121056020605,FALSE,FALSE
"Rp9",0.00867771685278906,0.282678686413393,FALSE,FALSE
"Neo1",0.00864568273188148,0.740502253702511,FALSE,FALSE
"Gpatch8",0.00859923359083021,0.593045717965229,FALSE,FALSE
"Ldb2",0.00858371988031799,0.887314874436574,FALSE,FALSE
"Rsrp1",0.00857072564400435,0.39407598197038,FALSE,FALSE
"1500004A13Rik",0.00853388530965305,0.441725692208628,FALSE,FALSE
"Ubn2",0.00852494962001902,0.522215067611075,FALSE,FALSE
"Chd8",0.00851383985622717,0.315518351577592,FALSE,FALSE
"Camk2a",0.00850493390268834,0.768834513844173,FALSE,FALSE
"Man1c1",0.0085026789230739,0.222150676110753,FALSE,FALSE
"5330434G04Rik",0.00847941983324582,0.51513200257566,FALSE,FALSE
"Prkar2b",0.00841903683214934,0.289761751448809,FALSE,FALSE
"Sfswap",0.00841304061964063,0.414037347070187,FALSE,FALSE
"Setd3",0.00835115461608883,0.184159690920798,FALSE,FALSE
"2700054A10Rik",0.00829502054779148,0.171281390856407,FALSE,FALSE
"Scn3a",0.0082839086002625,0.495170637475853,FALSE,FALSE
"Sos2",0.00828223976571091,0.201545396007727,FALSE,FALSE
"B130024G19Rik",0.0082536507047001,0.707018673535093,FALSE,FALSE
"Sept7",0.00822729270580028,0.209272376046362,FALSE,FALSE
"Babam2",0.00822079836980933,0.19703799098519,FALSE,FALSE
"Cltc",0.00818867375788852,0.230521571152608,FALSE,FALSE
"Zmym2",0.00813988411765514,0.296844816484224,TRUE,FALSE
"Sorbs2os",0.00811466092562446,0.777849323889247,FALSE,FALSE
"Ddx17",0.0081131456997956,0.264649066323245,FALSE,FALSE
"Pknox2",0.00807583809018006,0.37926593689633,TRUE,FALSE
"Lmbrd1",0.0080561720728272,0.198969735994849,FALSE,FALSE
"Pakap",0.00799277918082618,0.641339343206697,FALSE,FALSE
"Rras2",0.00798847734191784,0.229233741146169,FALSE,FALSE
"Gm39090",0.00796160622339156,0.22730199613651,FALSE,FALSE
"Srrm4",0.0079274807591103,0.526078557630393,FALSE,FALSE
"Hcn1",0.00791809291376327,0.638763683193818,FALSE,FALSE
"Cyfip2",0.00785407716486542,0.316806181584031,FALSE,FALSE
"Cstf2",0.00783463531964025,0.156471345782357,FALSE,FALSE
"Dnajc7",0.007832070225847,0.284610431423052,FALSE,FALSE
"Grk5",0.00782671747511237,0.217643271088216,FALSE,FALSE
"Rasgrf2",0.00777299002754543,0.316806181584031,FALSE,FALSE
"Ylpm1",0.00773687266347942,0.468126207340631,FALSE,FALSE
"Map4",0.00769495231441147,0.381197681905988,FALSE,FALSE
"Zdhhc2",0.00769295884884673,0.205408886027044,FALSE,FALSE
"Atp2b1",0.00768529094986827,0.593045717965229,FALSE,FALSE
"Ccnt2",0.00767500835356745,0.229877656149388,FALSE,FALSE
"Gria4",0.00766658227055929,0.81777205408886,FALSE,FALSE
"4930512B01Rik",0.00766212277418074,0.253058596265293,FALSE,FALSE
"Pou2f2",0.00757725279369564,0.179008370895042,TRUE,FALSE
"Chrna7",0.00752801865350802,0.206052801030264,FALSE,FALSE
"Cep250",0.0075098180612471,0.18158403090792,FALSE,FALSE
"Olfm1",0.00750092499615118,0.218287186091436,FALSE,FALSE
"Smg7",0.00748110376242557,0.19768190598841,FALSE,FALSE
"Dhx36",0.00746737465755741,0.236960721184804,FALSE,FALSE
"Sptbn4",0.0074569620474067,0.616870573084353,FALSE,FALSE
"Lrba",0.00739753705800688,0.42369607211848,FALSE,FALSE
"Dab1",0.0073941032288892,0.692852543464263,FALSE,FALSE
"Fip1l1",0.0073879334557446,0.187379265936896,FALSE,FALSE
"Aplp2",0.00735858149865054,0.22665808113329,FALSE,FALSE
"Setx",0.00735710437052057,0.276239536381198,FALSE,FALSE
"Rexo1",0.00734746791884774,0.160334835801674,FALSE,FALSE
"Sfpq",0.00734295178607555,0.361880231809401,FALSE,FALSE
"Itgbl1",0.00733446475668979,0.356728911783645,FALSE,FALSE
"Tmem243",0.007328073687866,0.373470701867353,FALSE,FALSE
"Camkmt",0.00732025201179267,0.547327752736639,FALSE,FALSE
"Gm10862",0.00731870855129335,0.183515775917579,FALSE,FALSE
"Hnrnpl",0.00731837963198623,0.180940115904701,FALSE,FALSE
"Ino80d",0.0072507301578457,0.226014166130071,FALSE,FALSE
"Rbm25",0.00717243772899911,0.508048937540245,FALSE,FALSE
"Usp40",0.00715662846355506,0.220218931101095,FALSE,FALSE
"Kif16b",0.0071490877515889,0.209272376046362,FALSE,FALSE
"Gm48321",0.00714466411473541,0.557630392788152,FALSE,FALSE
"Lztfl1",0.00713668174482275,0.208628461043142,FALSE,FALSE
"Gfpt1",0.00712925394129695,0.161622665808113,FALSE,FALSE
"Kdm5a",0.0070987942011506,0.204121056020605,FALSE,FALSE
"Nagk",0.00708773373798677,0.200901481004507,FALSE,FALSE
"Ppm1e",0.00708654490900122,0.716677398583387,FALSE,FALSE
"Nudcd3",0.00708000509855371,0.384417256922086,FALSE,FALSE
"Garem1",0.00707996126484775,0.250482936252415,FALSE,FALSE
"Pde3b",0.00704434023193741,0.25692208628461,FALSE,FALSE
"Bmpr1b",0.00702321087325958,0.201545396007727,FALSE,FALSE
"Abl1",0.00702284247716506,0.162266580811333,FALSE,FALSE
"Clmp",0.00701930398229223,0.37926593689633,FALSE,FALSE
"Fbn2",0.00701527305030754,0.244043786220219,FALSE,FALSE
"Btbd9",0.00698672670350701,0.673535093367675,FALSE,FALSE
"Mfsd4a",0.00696653037018948,0.152607855763039,FALSE,FALSE
"Napg",0.00695542753790006,0.177720540888603,FALSE,FALSE
"Kansl3",0.00694167405134984,0.153251770766259,FALSE,FALSE
"Rasgrp1",0.00691065929064881,0.157759175788796,FALSE,FALSE
"Gabra3",0.00690432525773428,0.305215711526079,FALSE,FALSE
"Gm16351",0.00689554001656266,0.444945267224726,FALSE,FALSE
"Csnk1g3",0.0068450335312116,0.267868641339343,FALSE,FALSE
"Cpne1",0.0068359994745001,0.164198325820992,FALSE,FALSE
"Kcnb1",0.00683430556123615,0.330972311654862,FALSE,FALSE
"Lrch1",0.00681074630527483,0.502253702511269,FALSE,FALSE
"Prdm10",0.00678007193497412,0.271732131358661,TRUE,FALSE
"Stard9",0.00677961006350079,0.213135866065679,FALSE,FALSE
"Csmd2",0.00675140967966651,0.714101738570509,FALSE,FALSE
"Gm26917",0.00674713987451305,0.463618802318094,FALSE,FALSE
"Tdp1",0.00673043666406263,0.186735350933677,FALSE,FALSE
"Ubr5",0.00673018565659462,0.500965872504829,FALSE,FALSE
"Carmil1",0.00672985424441737,0.190598840952994,FALSE,FALSE
"1700085D07Rik",0.00666104457417418,0.30328396651642,FALSE,FALSE
"Epb41",0.00665899153061107,0.164842240824211,FALSE,FALSE
"Sgk1",0.00664445106367211,0.274307791371539,FALSE,FALSE
"Prkdc",0.00664203958198467,0.195106245975531,FALSE,FALSE
"Eef1a1",0.00660061280836851,0.160334835801674,FALSE,FALSE
"Rims2",0.00657680903122051,0.75724404378622,FALSE,FALSE
"Nrd1",0.00656646618282209,0.442369607211848,FALSE,FALSE
"Pi4ka",0.00650258595057623,0.53058596265293,FALSE,FALSE
"Plppr3",0.00649644502963905,0.195750160978751,FALSE,FALSE
"Iars",0.00647733641234426,0.162266580811333,FALSE,FALSE
"Xpa",0.00645758798419257,0.160978750804894,FALSE,FALSE
"Btbd7",0.00644328300848139,0.279459111397296,FALSE,FALSE
"Ranbp9",0.00643777283028957,0.263361236316806,FALSE,FALSE
"Susd6",0.0064369821516035,0.193174500965872,FALSE,FALSE
"Pcsk2os2",0.00642765862190296,0.271732131358661,FALSE,FALSE
"Pogz",0.00642725018425397,0.220218931101095,TRUE,FALSE
"Sesn3",0.00635453812040553,0.159690920798455,FALSE,FALSE
"Mcf2l",0.00632077035509073,0.416613007083065,FALSE,FALSE
"Gm42556",0.00631356788244105,0.183515775917579,FALSE,FALSE
"Tshz2",0.00627411339047995,0.650354153251771,TRUE,FALSE
"Eif4g3",0.00626245834251155,0.696072118480361,FALSE,FALSE
"Ly6h",0.00623644908724209,0.412105602060528,FALSE,FALSE
"Eif2s3y",0.00621188225466879,0.231165486155827,FALSE,FALSE
"Gabrb2",0.00618797004846178,0.571796522858983,FALSE,FALSE
"Thoc2",0.00617922110070203,0.341918866709594,FALSE,FALSE
"Tsc22d2",0.00616428313039673,0.216355441081777,FALSE,FALSE
"Frmd4a",0.00614527762642347,0.987765614938828,FALSE,FALSE
"Nup160",0.00613349962945235,0.155827430779137,FALSE,FALSE
"Tbce",0.00612398439830827,0.188023180940116,FALSE,FALSE
"Sec62",0.00610110463446876,0.184803605924018,FALSE,FALSE
"Igf2bp3",0.00607537323127798,0.260141661300708,FALSE,FALSE
"Exoc4",0.00605835465194174,0.685125563425628,FALSE,FALSE
"Spen",0.00604263883121475,0.175788795878944,FALSE,FALSE
"Zfyve9",0.00602574884903362,0.316806181584031,FALSE,FALSE
"Dennd4c",0.00600862286771897,0.254990341274952,FALSE,FALSE
"Dcaf5",0.0059174765490825,0.259497746297489,FALSE,FALSE
"Sema3a",0.00587901522061596,0.370251126851256,FALSE,TRUE
"Vti1a",0.00585615829567746,0.495170637475853,FALSE,FALSE
"Neto2",0.0058098315491593,0.524146812620734,FALSE,FALSE
"Ghr",0.00578529443548771,0.320025756600129,FALSE,FALSE
"Mlxip",0.00577873095528448,0.159690920798455,TRUE,FALSE
"4930415C11Rik",0.00575032323264638,0.294913071474565,FALSE,FALSE
"Spata7",0.00573461087547363,0.244687701223438,FALSE,FALSE
"Mtmr1",0.00569111299414872,0.15196394075982,FALSE,FALSE
"Psd3",0.00564686766366538,0.578879587894398,FALSE,FALSE
"Preb",0.00562094372569664,0.158403090792015,FALSE,FALSE
"Rprd1a",0.00559822750066084,0.164842240824211,FALSE,FALSE
"Braf",0.00554493536540122,0.461687057308435,FALSE,FALSE
"Dnm1",0.00553682818593239,0.316162266580811,FALSE,FALSE
"Fam120c",0.00552369156446052,0.316162266580811,FALSE,FALSE
"Orc3",0.00550556028897244,0.16741790083709,FALSE,FALSE
"Nipsnap1",0.00548082849844292,0.177076625885383,FALSE,FALSE
"Hsp90aa1",0.00547374233506538,0.202189311010947,FALSE,FALSE
"Uxs1",0.00546164234371069,0.16613007083065,FALSE,FALSE
"St7l",0.00544892248670222,0.186091435930457,FALSE,FALSE
"Ankrd12",0.00544834174262962,0.543464262717321,FALSE,FALSE
"Tiam2",0.00542287097903744,0.22794591113973,FALSE,FALSE
"Dok6",0.00541476444993617,0.735350933676755,FALSE,FALSE
"Zc3h13",0.00539592691505782,0.326464906632325,FALSE,FALSE
"Exoc3",0.00536252398038731,0.161622665808113,FALSE,FALSE
"Maco1",0.00534336869055288,0.34900193174501,FALSE,FALSE
"Arhgap26",0.00530246990413485,0.516419832582099,FALSE,FALSE
"Abca5",0.00529534645503509,0.168705730843529,FALSE,FALSE
"Gnao1",0.00528401922286615,0.77334191886671,FALSE,FALSE
"Lncpint",0.0052621616180592,0.495170637475853,FALSE,FALSE
"Crebbp",0.00523726362345432,0.477141017385705,FALSE,FALSE
"Rhof",0.00522237173169353,0.178364455891822,FALSE,FALSE
"Supt5",0.00522057554886384,0.291693496458467,FALSE,FALSE
"Tle1",0.00521025634397204,0.216355441081777,FALSE,FALSE
"Srrm2",0.00516530393696795,0.770766258853831,FALSE,FALSE
"Shoc2",0.00515693375907935,0.193174500965872,FALSE,FALSE
"Lca5l",0.0051214772173176,0.155183515775918,FALSE,FALSE
"Inpp5f",0.00511242853355233,0.188667095943335,FALSE,FALSE
"Rhot1",0.00510582004223304,0.195106245975531,FALSE,FALSE
"Macrod1",0.00510391704105542,0.276883451384417,FALSE,FALSE
"R3hdm2",0.00506048629975098,0.524146812620734,FALSE,FALSE
"Smg1",0.00505954937150077,0.367031551835158,FALSE,FALSE
"Celf5",0.00505506362229382,0.322601416613007,FALSE,FALSE
"Tubb3",0.00500310777621856,0.235672891178364,FALSE,FALSE
"Pja2",0.00498221287094632,0.299420476497102,FALSE,FALSE
"Gm37459",0.00497455709352781,0.341918866709594,FALSE,FALSE
"Rps6ka3",0.00497308599354555,0.313586606567933,FALSE,FALSE
"Slc6a7",0.00494631722615524,0.249839021249195,FALSE,FALSE
"Nlgn1",0.00491532015782355,0.99935608499678,FALSE,TRUE
"Dip2b",0.00491357171822696,0.491307147456536,FALSE,FALSE
"Tnrc6b",0.00486656613058422,0.551835157759176,FALSE,FALSE
"Dock10",0.00480858312467566,0.206052801030264,FALSE,FALSE
"Tacc1",0.00479273873418168,0.25692208628461,FALSE,FALSE
"Palmd",0.00479219486004885,0.248551191242756,FALSE,FALSE
"AC149090.1",0.00478893180073051,0.943335479716677,FALSE,FALSE
"March7",0.00478781169157558,0.171925305859627,FALSE,FALSE
"Pnpt1",0.00472369775639673,0.179008370895042,FALSE,FALSE
"Utrn",0.00469506574786375,0.209916291049581,FALSE,FALSE
"Brsk1",0.00467599887566044,0.171925305859627,FALSE,FALSE
"Aacs",0.0046646791478402,0.171925305859627,FALSE,FALSE
"Kcnn3",0.00465430234322349,0.377978106889891,FALSE,FALSE
"Pdcd4",0.00464197048839801,0.245975531229878,FALSE,FALSE
"Rap1gap2",0.0046277715804333,0.357372826786864,FALSE,FALSE
"Btaf1",0.00460409822500492,0.289117836445589,FALSE,FALSE
"Sltm",0.00458009156156577,0.562781712813909,FALSE,FALSE
"Tet3",0.00455903360651888,0.298132646490663,FALSE,FALSE
"Gnaq",0.00455298759433553,0.634900193174501,FALSE,FALSE
"Rsbn1l",0.00452930398533204,0.171281390856407,FALSE,FALSE
"Dixdc1",0.00451735118760619,0.175144880875724,FALSE,FALSE
"Dock7",0.00448982053359085,0.493238892466194,FALSE,FALSE
"Clip2",0.00448225175007502,0.222794591113973,FALSE,FALSE
"Rapgef1",0.0044446687795457,0.410817772054089,FALSE,FALSE
"Tet2",0.00444138832657849,0.179008370895042,FALSE,FALSE
"Tm9sf3",0.00441945041307798,0.162910495814552,FALSE,FALSE
"Spock2",0.00440054240978453,0.305859626529298,FALSE,FALSE
"Peli1",0.00438668180354533,0.260785576303928,FALSE,FALSE
"Gak",0.00435774677487021,0.159690920798455,FALSE,FALSE
"Sptan1",0.00435510445398438,0.593689632968448,FALSE,FALSE
"Cntn1",0.00435250366786027,0.851255634256278,FALSE,FALSE
"Catspere2",0.00435136277238758,0.180940115904701,FALSE,FALSE
"Sec24a",0.00427773490673895,0.265292981326465,FALSE,FALSE
"Nrp2",0.00427466669340208,0.263361236316806,FALSE,FALSE
"Jak2",0.00423874064276964,0.188023180940116,FALSE,FALSE
"Rufy3",0.00422908714675273,0.399227301996136,FALSE,FALSE
"Srcap",0.00417878161617798,0.203477141017386,FALSE,FALSE
"Cnot6l",0.00416834127471072,0.171281390856407,FALSE,FALSE
"Atg16l2",0.004155718972117,0.241468126207341,FALSE,FALSE
"Acat1",0.00410189769462223,0.295556986477785,FALSE,FALSE
"Smarcc1",0.00409496033840626,0.252414681262073,FALSE,FALSE
"Ccdc85a",0.00403750309700114,0.754668383773342,FALSE,FALSE
"Tmem200a",0.00401896937077736,0.292337411461687,FALSE,FALSE
"Txndc11",0.00401705405510527,0.189954925949775,FALSE,FALSE
"Gm38604",0.00393674962691379,0.419188667095943,FALSE,FALSE
"Luc7l3",0.0039321600005421,0.623953638119768,FALSE,FALSE
"4930445B16Rik",0.0038846973027779,0.563425627817128,FALSE,FALSE
"Zc3h7a",0.00388109764274563,0.213779781068899,FALSE,FALSE
"Lin28b",0.00383053647831452,0.279459111397296,FALSE,FALSE
"A430090L17Rik",0.00382017250237442,0.171925305859627,FALSE,FALSE
"Pak7",0.00381529233554254,0.653573728267869,FALSE,FALSE
"Cab39",0.00377569663313567,0.215067611075338,FALSE,FALSE
"Zmynd11",0.00376973355681445,0.441725692208628,FALSE,FALSE
"Ywhaq",0.00376886358740927,0.237604636188023,FALSE,FALSE
"Gm19710",0.00375640063681229,0.408242112041211,FALSE,FALSE
"Clvs1",0.00373251454117498,0.34835801674179,FALSE,FALSE
"Aff3",0.00372643103418161,0.902768834513844,FALSE,FALSE
"Chrm2",0.00366592375708422,0.22665808113329,FALSE,FALSE
"Arfgef3",0.00361098813018515,0.399227301996136,FALSE,FALSE
"Prkcg",0.00360948268403249,0.627173213135866,FALSE,FALSE
"Fyn",0.00360203750997072,0.499034127495171,FALSE,FALSE
"Scmh1",0.0035877559610398,0.45460399227302,FALSE,FALSE
"5031439G07Rik",0.00355716764922069,0.258853831294269,FALSE,FALSE
"Psmd1",0.00352544186849347,0.304571796522859,FALSE,FALSE
"Slc38a1",0.0035052794702651,0.226014166130071,FALSE,FALSE
"Clstn1",0.00349113848966531,0.263361236316806,FALSE,FALSE
"Qser1",0.00348224538598717,0.16613007083065,FALSE,FALSE
"Chn2",0.0034427667365669,0.233741146168706,FALSE,FALSE
"C130071C03Rik",0.00343424083021181,0.710882163554411,FALSE,FALSE
"Map4k5",0.00342779361892825,0.270444301352222,FALSE,FALSE
"Vstm2a",0.00342250014349855,0.217643271088216,FALSE,FALSE
"Cyld",0.00336621744578838,0.189954925949775,FALSE,FALSE
"Arl3",0.0033650739802841,0.218931101094655,FALSE,FALSE
"Anks1",0.003360891728173,0.200901481004507,FALSE,FALSE
"Slc9a7",0.00336067440894318,0.312942691564713,FALSE,FALSE
"Rassf8",0.00332199407326664,0.280746941403735,FALSE,FALSE
"Trmt1",0.00331559957298984,0.249195106245976,FALSE,FALSE
"Enox2",0.00331391955025647,0.206052801030264,FALSE,FALSE
"Rsph14",0.00330824617562631,0.173213135866066,FALSE,FALSE
"Ica1",0.00328919251824188,0.4539600772698,FALSE,FALSE
"Gm20404",0.00328383776670461,0.246619446233097,FALSE,FALSE
"Pygb",0.003271613612176,0.180296200901481,FALSE,FALSE
"Slc22a23",0.00322748268225549,0.320025756600129,FALSE,FALSE
"Gabra5",0.00320693456121759,0.34835801674179,FALSE,FALSE
"Sept11",0.00315929660725325,0.323889246619446,FALSE,FALSE
"Erc1",0.00315014647624693,0.578235672891178,FALSE,FALSE
"Shank2",0.00311712249744507,0.696072118480361,FALSE,FALSE
"Safb2",0.0030918550722157,0.25820991629105,FALSE,FALSE
"Ppp3ca",0.00304592661394215,0.929813264649066,FALSE,FALSE
"Arhgef11",0.00304265253264423,0.365743721828719,FALSE,FALSE
"Eml2",0.00304147496518509,0.264649066323245,FALSE,FALSE
"Eml1",0.00302418391528475,0.362524146812621,FALSE,FALSE
"Usp22",0.0030159932524516,0.186735350933677,FALSE,FALSE
"Robo1",0.00300834659152409,0.869929169349646,FALSE,FALSE
"Pde7a",0.00291055685351762,0.251770766258854,FALSE,FALSE
"Hmgb1",0.00286729894015421,0.271088216355441,FALSE,FALSE
"Spaca6",0.00285205784989259,0.164842240824211,FALSE,FALSE
"Ppp4r1",0.00277935500346398,0.162266580811333,FALSE,FALSE
"Hmgcll1",0.00277636528995197,0.323245331616227,FALSE,FALSE
"Pip5k1c",0.00276448618635164,0.204764971023825,FALSE,FALSE
"Camkk2",0.00273850738461524,0.356728911783645,FALSE,FALSE
"Chd9",0.00270398988828261,0.56084996780425,FALSE,FALSE
"Uvrag",0.00268267860993825,0.377334191886671,FALSE,FALSE
"Arhgap39",0.00268204693071388,0.48486799742434,FALSE,FALSE
"Ttc19",0.00267309575207638,0.374114616870573,FALSE,FALSE
"Fbxl17",0.00264150431714606,0.657437218287186,FALSE,FALSE
"Mrtfa",0.00263283551205978,0.34900193174501,FALSE,FALSE
"Large1",0.00259918536104202,0.92401802962009,FALSE,FALSE
"Ift81",0.00257234632119732,0.153895685769478,FALSE,FALSE
"Ptpn12",0.00251039766143145,0.374114616870573,FALSE,FALSE
"Slc25a23",0.00249374892283789,0.325820991629105,FALSE,FALSE
"4930509J09Rik",0.00246502406079301,0.866065679330328,FALSE,FALSE
"Trim37",0.00243222173883413,0.314230521571153,FALSE,FALSE
"Slc17a5",0.0024009464203964,0.161622665808113,FALSE,FALSE
"Cdk8",0.00237886035227008,0.350289761751449,FALSE,FALSE
"Hecw1",0.00237737034314936,0.769478428847392,FALSE,FALSE
"Camk2g",0.00237435063620972,0.200257566001288,FALSE,FALSE
"Cpne2",0.00234689557429248,0.195750160978751,FALSE,FALSE
"Plekhm2",0.00234227439519489,0.244043786220219,FALSE,FALSE
"Pgrmc1",0.00233677882372134,0.150676110753381,FALSE,FALSE
"4930444A19Rik",0.00232687732995349,0.321313586606568,FALSE,FALSE
"Eefsec",0.00230669140992369,0.171925305859627,FALSE,FALSE
"Rmnd1",0.00223420254170657,0.154539600772698,FALSE,FALSE
"Rere",0.00222852616097571,0.810045074050225,FALSE,FALSE
"Golga1",0.00221810140960368,0.162910495814552,FALSE,FALSE
"Grin2a",0.0022088800867172,0.903412749517064,FALSE,FALSE
"9330182L06Rik",0.0022023276315908,0.260141661300708,FALSE,FALSE
"Tiam1",0.0021872235162641,0.525434642627173,FALSE,FALSE
"Slc41a2",0.00210028486280667,0.209916291049581,FALSE,FALSE
"Tmcc1",0.00209929737992515,0.614294913071475,FALSE,FALSE
"Zfyve28",0.00206460591031369,0.305215711526079,FALSE,FALSE
"Nrg3os",0.00204530383381655,0.92401802962009,FALSE,FALSE
"Mpdz",0.00202834062271075,0.310367031551835,FALSE,FALSE
"Gls",0.0020028167916495,0.623309723116549,FALSE,FALSE
"Pds5a",0.00200089690498943,0.233741146168706,FALSE,FALSE
"Nrxn1",0.00197944697136239,0.998068254990341,FALSE,FALSE
"Prpf4b",0.00197668770091595,0.766258853831294,FALSE,FALSE
"Zwint",0.00195644086526594,0.161622665808113,FALSE,FALSE
"Rnf144a",0.00189152364069106,0.150032195750161,FALSE,FALSE
"Mgrn1",0.00183302329836989,0.21249195106246,FALSE,FALSE
"B830012L14Rik",0.00182144001928612,0.638119768190599,FALSE,FALSE
"Aak1",0.00176465397737153,0.593689632968448,FALSE,FALSE
"Arhgef9",0.00175048548572222,0.376046361880232,FALSE,FALSE
"Enah",0.00174988120558588,0.540888602704443,FALSE,FALSE
"Gm36198",0.00174417321922045,0.28718609143593,FALSE,FALSE
"Tenm4",0.00170638835628708,0.77334191886671,FALSE,TRUE
"Ube2g1",0.00167929522563679,0.303927881519639,FALSE,FALSE
"Fstl4",0.00167170422944778,0.504185447520927,FALSE,FALSE
"Pkia",0.00167142655638959,0.410817772054089,FALSE,FALSE
"Tmem120b",0.00165983013102079,0.209916291049581,FALSE,FALSE
"Zfp398",0.00161385483324608,0.234385061171925,TRUE,FALSE
"Slc22a17",0.00161096521375477,0.271732131358661,FALSE,FALSE
"P4ha1",0.00159170678736413,0.173857050869285,FALSE,FALSE
"Add1",0.00158774061119174,0.321957501609788,FALSE,FALSE
"Pebp1",0.00157685133515434,0.281390856406954,FALSE,FALSE
"Flot2",0.00154484422297894,0.237604636188023,FALSE,FALSE
"Slc4a10",0.00153979568573102,0.45460399227302,FALSE,FALSE
"Zfhx2",0.00152841880507958,0.296200901481005,TRUE,FALSE
"Pcsk2",0.00148144654970747,0.730199613650998,FALSE,FALSE
"Spast",0.00147211794655706,0.236316806181584,FALSE,FALSE
"Gm16226",0.00146093704099374,0.364455891822279,FALSE,FALSE
"Zfp451",0.00144821416146759,0.171925305859627,FALSE,FALSE
"Ankrd27",0.00143283103607655,0.164842240824211,FALSE,FALSE
"Setd5",0.00142359942502803,0.405022537025113,FALSE,FALSE
"Arfgef2",0.00138047444647839,0.182871860914359,FALSE,FALSE
"N4bp2l2",0.00136813745992316,0.298776561493883,FALSE,FALSE
"Fmn1",0.0013604372066283,0.157115260785576,FALSE,FALSE
"Plaa",0.00133658262378985,0.183515775917579,FALSE,FALSE
"Pcdh9",0.00130371824942893,0.96973599484868,FALSE,TRUE
"Myo1d",0.00130370811966449,0.249195106245976,FALSE,FALSE
"Tecr",0.00127649011365268,0.345138441725692,FALSE,FALSE
"Socs6",0.00117165190764832,0.16677398583387,FALSE,FALSE
"Dhdds",0.00116556643552526,0.193818415969092,FALSE,FALSE
"Fbxw11",0.00111693526609289,0.236960721184804,FALSE,FALSE
"Gm50013",0.00110600460308308,0.202833226014166,FALSE,FALSE
"Rian",0.00109703459711451,0.933676754668384,FALSE,FALSE
"Birc6",0.00109678206507793,0.553122987765615,FALSE,FALSE
"Map6",0.00104519189325434,0.443013522215068,FALSE,FALSE
"Slc23a2",0.00101715026104389,0.244687701223438,FALSE,FALSE
"Stk38",0.001004613881327,0.190598840952994,FALSE,FALSE
"Cpeb4",0.000999666372860107,0.301352221506761,FALSE,FALSE
"Meis2",0.000989309204411873,0.231165486155827,TRUE,FALSE
"Nbas",0.000968715951047015,0.305215711526079,FALSE,FALSE
"4930567K12Rik",0.000968498191277732,0.206052801030264,FALSE,FALSE
"Tmem191c",0.000931840614270495,0.254990341274952,FALSE,FALSE
"Cnnm1",0.000887747521466434,0.178364455891822,FALSE,FALSE
"Slc25a27",0.000805264929581745,0.168061815840309,FALSE,FALSE
"Scn8a",0.000781707481413449,0.635544108177721,FALSE,FALSE
"Thada",0.000761458436370804,0.296844816484224,FALSE,FALSE
"Glp2r",0.000755946032636525,0.403734707018674,FALSE,FALSE
"Rnf112",0.000750525959818337,0.24275595621378,FALSE,FALSE
"Fam13c",0.000749497900540383,0.275595621377978,FALSE,FALSE
"Zfp280c",0.000705810542286897,0.16613007083065,TRUE,FALSE
"Sec63",0.000702138521879307,0.267224726336124,FALSE,FALSE
"Cdk13",0.000651385191867257,0.34835801674179,FALSE,FALSE
"Mdm4",0.000619800752392301,0.204121056020605,FALSE,FALSE
"Tpd52",0.000614261168356758,0.175144880875724,FALSE,FALSE
"Dis3l2",0.000593822412630951,0.407598197037991,FALSE,FALSE
"Cryzl1",0.00058082667192069,0.258853831294269,FALSE,FALSE
"C630031E19Rik",0.000578784866539321,0.216355441081777,FALSE,FALSE
"Agpat4",0.000563481439446279,0.248551191242756,FALSE,FALSE
"Ttll7",0.000559275434768302,0.278171281390856,FALSE,FALSE
"Cstf3",0.000557582402350708,0.319381841596909,FALSE,FALSE
"Dhx30",0.000456562349978839,0.315518351577592,FALSE,FALSE
"Zfp821",0.000449642613731547,0.169993560849968,TRUE,FALSE
"Macrod2os1",0.000362547204530551,0.557630392788152,FALSE,FALSE
"Zfp644",0.000321188806131916,0.307791371538957,TRUE,FALSE
"Ptpn9",0.00030513303970168,0.289761751448809,FALSE,FALSE
"Snapc3",0.00028770724334895,0.282034771410174,FALSE,FALSE
"Ppp1r13b",0.000282768097124884,0.358016741790084,FALSE,FALSE
"Mrps5",0.00028252255329321,0.277527366387637,FALSE,FALSE
"Ppp2r3a",0.000275440945695562,0.394719896973599,FALSE,FALSE
"Lpcat2",0.000265122493258596,0.15196394075982,FALSE,FALSE
"Sh3bp5",0.000261565538347034,0.255634256278171,FALSE,FALSE
"Mprip",0.000252926935044914,0.457823567289118,FALSE,FALSE
"Ubr2",0.00022710573327003,0.281390856406954,FALSE,FALSE
"Gon4l",0.000205793373190947,0.396651641983258,FALSE,FALSE
"Kcnk10",0.000205326586797876,0.457823567289118,FALSE,FALSE
"Prpf40b",0.000198021639039982,0.172569220862846,FALSE,FALSE
"Trim33",0.000179828966956419,0.370251126851256,FALSE,FALSE
"Pkd1",0.000161922561828551,0.31873792659369,FALSE,FALSE
"Prdm2",0.0001024969120172,0.215711526078558,TRUE,FALSE
"Fry",7.6333368434227e-05,0.779137153895686,FALSE,FALSE
"Rbm5",6.56506829188001e-05,0.461043142305216,FALSE,FALSE
"Gm17106",4.7346622319551e-05,0.43979394719897,FALSE,FALSE
"Gm48383",3.40576173611055e-05,0.381841596909208,FALSE,FALSE
"Jakmip1",2.81022266308858e-05,0.28718609143593,FALSE,FALSE
"Rhbdl3",2.48668917682477e-05,0.160334835801674,FALSE,FALSE
"Ndfip2",-6.53450104986217e-06,0.163554410817772,FALSE,FALSE
"Tmem163",-3.3129918100015e-05,0.211204121056021,FALSE,FALSE
"Dync2h1",-4.22648612269352e-05,0.391500321957502,FALSE,FALSE
"Fam171b",-5.02636712370591e-05,0.320669671603348,FALSE,FALSE
"Grin1",-8.16588968856551e-05,0.588538312942692,FALSE,FALSE
"Smap1",-9.07620232710694e-05,0.225370251126851,FALSE,FALSE
"Fgd4",-0.000137231601952705,0.437862202189311,FALSE,FALSE
"Scamp1",-0.000172106833543737,0.219575016097875,FALSE,FALSE
"Ppp1r12a",-0.000197357300301844,0.518351577591758,FALSE,FALSE
"Med15",-0.000197532998961629,0.16613007083065,FALSE,FALSE
"Shank1",-0.000228053164729117,0.435286542176433,FALSE,FALSE
"Ptbp2",-0.000230606787732421,0.332260141661301,FALSE,FALSE
"Slc44a2",-0.000239843815245191,0.157115260785576,FALSE,FALSE
"Gm11817",-0.000249707978713469,0.176432710882164,FALSE,FALSE
"Zfp423",-0.000268933748934048,0.1513200257566,TRUE,FALSE
"Atxn2l",-0.00026998359371457,0.169349645846748,FALSE,FALSE
"Zfp106",-0.000279256249831045,0.1513200257566,FALSE,FALSE
"4930587E11Rik",-0.000284140562808463,0.368963296844816,FALSE,FALSE
"Nfx1",-0.00028451996776541,0.238892466194462,FALSE,FALSE
"Rnf216",-0.000294902760176335,0.305859626529298,FALSE,FALSE
"Thbs3",-0.000299679779536377,0.160978750804894,FALSE,FALSE
"Fam155a",-0.000308088247581589,0.991629104958145,FALSE,FALSE
"Grid1",-0.00031199967158984,0.857694784288474,FALSE,FALSE
"Cdk11b",-0.000315390130719147,0.222150676110753,FALSE,FALSE
"Pgap1",-0.000327159312788631,0.294913071474565,FALSE,FALSE
"Btbd1",-0.000327457252631175,0.198325820991629,FALSE,FALSE
"Clip1",-0.000346212040193729,0.418544752092724,FALSE,FALSE
"Ulk2",-0.000346609044199817,0.567289117836446,FALSE,FALSE
"Gm15614",-0.000354150093817157,0.244043786220219,FALSE,FALSE
"Ankrd28",-0.000367914360423097,0.345138441725692,FALSE,FALSE
"Fubp3",-0.000392790866707123,0.163554410817772,FALSE,FALSE
"Pfkfb4",-0.000413849719411761,0.259497746297489,FALSE,FALSE
"Prr16",-0.000429595582689086,0.47005795235029,FALSE,FALSE
"Appbp2",-0.000430181793877032,0.158403090792015,FALSE,FALSE
"Acbd6",-0.000457603827439439,0.240180296200901,FALSE,FALSE
"Pip5k1a",-0.000478816449644025,0.267868641339343,FALSE,FALSE
"Tmem181a",-0.000479367424814347,0.280103026400515,FALSE,FALSE
"Nudt5",-0.000491791655819147,0.171925305859627,FALSE,FALSE
"Caln1",-0.000528711269165184,0.870573084352865,FALSE,FALSE
"Soga3",-0.000548580702602682,0.491951062459755,FALSE,FALSE
"Arhgap15",-0.000646584379276985,0.221506761107534,FALSE,FALSE
"Ralgps2",-0.000656319465025624,0.425627817128139,FALSE,FALSE
"Ube2r2",-0.000662141042073661,0.22730199613651,FALSE,FALSE
"Arhgef12",-0.000694522763299486,0.498390212491951,FALSE,FALSE
"Hk1",-0.000728096624118181,0.186735350933677,FALSE,FALSE
"Pdpk1",-0.000809553392373762,0.225370251126851,FALSE,FALSE
"Ldah",-0.000888397497265437,0.177076625885383,FALSE,FALSE
"Cdc37l1",-0.000896631840487435,0.154539600772698,FALSE,FALSE
"Tulp3",-0.00090391025157273,0.157115260785576,FALSE,FALSE
"Atp9b",-0.000922249145161521,0.50032195750161,FALSE,FALSE
"Nell2",-0.000924178144244194,0.667739858338699,FALSE,FALSE
"Tulp4",-0.000932090324309563,0.467482292337411,FALSE,FALSE
"Chsy3",-0.000951231108681316,0.638763683193818,FALSE,FALSE
"Chrm3",-0.000956565076016654,0.343850611719253,FALSE,FALSE
"Tmem63c",-0.000957706249178465,0.190598840952994,FALSE,FALSE
"Gm21798",-0.00096395939530963,0.264005151320026,FALSE,FALSE
"Gm28258",-0.000968392906954803,0.290405666452028,FALSE,FALSE
"Epha3",-0.000978947761531781,0.367031551835158,FALSE,FALSE
"Nbeal1",-0.00101162988007471,0.291693496458467,FALSE,FALSE
"Rnf180",-0.0010170092120247,0.25756600128783,FALSE,FALSE
"Asap2",-0.00101817419197743,0.204764971023825,FALSE,FALSE
"Clpb",-0.00104409766377582,0.180296200901481,FALSE,FALSE
"Setdb1",-0.00105628638840219,0.252414681262073,FALSE,FALSE
"Gm20721",-0.00105913694867868,0.193174500965872,FALSE,FALSE
"Ablim2",-0.00106891339376094,0.445589182227946,FALSE,FALSE
"Mir100hg",-0.00107243389584421,0.783644558918223,FALSE,FALSE
"Atp6v0a2",-0.00114696162743996,0.154539600772698,FALSE,FALSE
"Dennd1a",-0.00117041219460389,0.780424983902125,FALSE,FALSE
"Rgs6",-0.00118147967184605,0.715389568576948,FALSE,FALSE
"Ptprk",-0.00120252515579916,0.63618802318094,FALSE,FALSE
"Mcmbp",-0.00121700158810011,0.199613650998068,FALSE,FALSE
"Zfp704",-0.00121902039622572,0.415969092079845,TRUE,FALSE
"Tmem131l",-0.00122482193018361,0.229233741146169,FALSE,FALSE
"Gm50152",-0.00125753262180651,0.372826786864134,FALSE,FALSE
"Atxn10",-0.00126788058899765,0.529298132646491,FALSE,FALSE
"Mnat1",-0.00127286879519473,0.222150676110753,FALSE,FALSE
"Usp6nl",-0.00134246450940718,0.262073406310367,FALSE,FALSE
"Inpp4b",-0.00140470175859039,0.255634256278171,FALSE,FALSE
"Evi5",-0.00141837137985633,0.283322601416613,FALSE,FALSE
"Unc79",-0.00142320893032002,0.694140373470702,FALSE,FALSE
"Prrc2c",-0.00142798118539506,0.531229877656149,FALSE,FALSE
"Nfyc",-0.0014773068009827,0.164842240824211,TRUE,FALSE
"5330417C22Rik",-0.00147925009835967,0.24275595621378,FALSE,FALSE
"Cep70",-0.00148499607317696,0.152607855763039,FALSE,FALSE
"Arhgap23",-0.00148514071227467,0.337411461687057,FALSE,FALSE
"Vps50",-0.00150999065817089,0.18222794591114,FALSE,FALSE
"Memo1",-0.00152479177405786,0.286542176432711,FALSE,FALSE
"Zfp804a",-0.00152754299191251,0.334191886670959,TRUE,FALSE
"Ilf2",-0.00154476668719695,0.162910495814552,FALSE,FALSE
"Lrpprc",-0.0016506593518597,0.209272376046362,FALSE,FALSE
"Tle4",-0.00168088417664228,0.193174500965872,FALSE,FALSE
"Cpt1c",-0.00170494661815433,0.157759175788796,FALSE,FALSE
"Dmxl1",-0.00172306975319701,0.460399227301996,FALSE,FALSE
"4933433G19Rik",-0.00175269974097144,0.182871860914359,FALSE,FALSE
"Kitl",-0.00175461064642381,0.329684481648422,FALSE,FALSE
"Zc3h7b",-0.00176832150292085,0.241468126207341,FALSE,FALSE
"Akap10",-0.00176884402444038,0.220218931101095,FALSE,FALSE
"Las1l",-0.00181507370067296,0.225370251126851,FALSE,FALSE
"Gap43",-0.00183507380761041,0.574372182871861,FALSE,FALSE
"Ankrd42",-0.00184511663573004,0.162910495814552,FALSE,FALSE
"Rap1a",-0.00184628777560693,0.189954925949775,FALSE,FALSE
"Clvs2",-0.00187866636014687,0.182871860914359,FALSE,FALSE
"Hdac4",-0.00194276986728864,0.37926593689633,FALSE,FALSE
"Actn4",-0.00198298229334776,0.219575016097875,FALSE,FALSE
"Gria2",-0.00201133285214716,0.963940759819704,FALSE,FALSE
"Klc1",-0.002027196261931,0.283322601416613,FALSE,FALSE
"Dmxl2",-0.00205514762675711,0.43915003219575,FALSE,FALSE
"Fhl1",-0.00206153789210423,0.189954925949775,FALSE,FALSE
"Diaph2",-0.00207557836107642,0.381197681905988,FALSE,FALSE
"Asph",-0.00210823786698794,0.159047005795235,FALSE,FALSE
"Mad1l1",-0.00212787603930341,0.171925305859627,FALSE,FALSE
"Ddx42",-0.00214099680279168,0.186735350933677,FALSE,FALSE
"Ubp1",-0.00218145468379706,0.251770766258854,TRUE,FALSE
"Tcaf1",-0.00221230712873831,0.33354797166774,FALSE,FALSE
"Ica1l",-0.00223416707277832,0.155183515775918,FALSE,FALSE
"Gnl3",-0.00224574930485729,0.177720540888603,FALSE,FALSE
"Ankfy1",-0.00224868511851584,0.281390856406954,FALSE,FALSE
"Gm10629",-0.00227104637443255,0.152607855763039,FALSE,FALSE
"Eif2s2",-0.00233191737399063,0.153895685769478,FALSE,FALSE
"Itsn1",-0.0023429811018939,0.479716677398583,FALSE,FALSE
"Pdxdc1",-0.00237629752557943,0.19768190598841,FALSE,FALSE
"Pkn1",-0.00239994953234597,0.171925305859627,FALSE,FALSE
"Upp2",-0.00241055412181162,0.435286542176433,FALSE,FALSE
"Gm1043",-0.00241255023002418,0.311654861558274,FALSE,FALSE
"Gm48091",-0.0024359204434411,0.486799742433999,FALSE,FALSE
"Mia2",-0.002437257985656,0.158403090792015,FALSE,FALSE
"Fam13b",-0.00244204204297972,0.281390856406954,FALSE,FALSE
"Fbxl7",-0.00247156282167063,0.211204121056021,FALSE,FALSE
"Ago3",-0.00250190134463913,0.322601416613007,FALSE,FALSE
"Ctnnd2",-0.00254257356384738,0.976175144880876,FALSE,FALSE
"Csnk1a1",-0.00256062040827244,0.376690276883451,FALSE,FALSE
"Sugp2",-0.00256123378721591,0.168061815840309,FALSE,FALSE
"Scaper",-0.00257347865358828,0.559562137797811,FALSE,FALSE
"Lrrtm4",-0.0026109498624624,0.945267224726336,FALSE,TRUE
"Phtf1",-0.00262416453505636,0.373470701867353,FALSE,FALSE
"Sox2ot",-0.00262628596628678,0.159690920798455,FALSE,FALSE
"Gm44643",-0.0026296597929492,0.22794591113973,FALSE,FALSE
"Stx1a",-0.00263319612117668,0.22794591113973,FALSE,FALSE
"Rasgef1b",-0.00266665355778963,0.702511268512556,FALSE,FALSE
"Capn7",-0.00269148223094515,0.173213135866066,FALSE,FALSE
"Tmem131",-0.00272282258624291,0.248551191242756,FALSE,FALSE
"Sez6",-0.00274707129683454,0.253058596265293,FALSE,FALSE
"Synrg",-0.00275203788478486,0.177076625885383,FALSE,FALSE
"Pde9a",-0.00275307721860328,0.226014166130071,FALSE,FALSE
"Aatk",-0.00276577493033417,0.21249195106246,FALSE,FALSE
"Snph",-0.00277171567779968,0.229233741146169,FALSE,FALSE
"Rala",-0.00279014284978594,0.187379265936896,FALSE,FALSE
"Phkb",-0.00279582753785248,0.204121056020605,FALSE,FALSE
"Prmt8",-0.00280824499007333,0.202189311010947,FALSE,FALSE
"Zmym6",-0.00281128515552424,0.169993560849968,TRUE,FALSE
"Hnrnpu",-0.00284603485437288,0.33290405666452,FALSE,FALSE
"Prkcz",-0.00284953890173107,0.362524146812621,FALSE,FALSE
"Slco3a1",-0.00285259995845112,0.761751448808757,FALSE,FALSE
"2610316D01Rik",-0.00286962087012464,0.244687701223438,FALSE,FALSE
"Timp4",-0.00287891096413804,0.40952994204765,FALSE,FALSE
"Bach2",-0.00288410019977166,0.563425627817128,TRUE,FALSE
"Epb41l4a",-0.00291076650722705,0.175788795878944,FALSE,FALSE
"Pak6",-0.00291490178778656,0.175788795878944,FALSE,FALSE
"Stim1",-0.00291994394235843,0.262717321313587,FALSE,FALSE
"Vps13d",-0.00292651586869091,0.36381197681906,FALSE,FALSE
"Arhgap5",-0.00293249360897208,0.25756600128783,FALSE,FALSE
"Nxpe4",-0.00293776448623182,0.239536381197682,FALSE,FALSE
"Fam214a",-0.00297876810184026,0.177076625885383,FALSE,FALSE
"Tcp11l1",-0.00298469738704395,0.169993560849968,FALSE,FALSE
"Ormdl2",-0.00303593458902705,0.171281390856407,FALSE,FALSE
"Vezt",-0.00307254492033446,0.372826786864134,FALSE,FALSE
"Msantd2",-0.00308144172390059,0.162266580811333,FALSE,FALSE
"Gpi1",-0.00310990490327003,0.467482292337411,FALSE,FALSE
"Xylt1",-0.00317057896913845,0.536381197681906,FALSE,FALSE
"Amn1",-0.00319105495765992,0.222150676110753,FALSE,FALSE
"Runx2",-0.00320191431445764,0.180296200901481,TRUE,FALSE
"Sik3",-0.00320380167413537,0.387636831938184,FALSE,FALSE
"Capn15",-0.00321461843584175,0.325177076625885,FALSE,FALSE
"Ahctf1",-0.00323119397579306,0.176432710882164,FALSE,FALSE
"Kif3c",-0.00323523661360009,0.280103026400515,FALSE,FALSE
"Celf1",-0.00324519928796484,0.462330972311655,FALSE,FALSE
"Mapt",-0.00327935822906153,0.797166773985834,FALSE,FALSE
"Osbp2",-0.00328331442643156,0.346426271732131,FALSE,FALSE
"Gnb1",-0.00329576145014171,0.463618802318094,FALSE,FALSE
"Ptprn",-0.00331187789647792,0.36381197681906,FALSE,FALSE
"4933413L06Rik",-0.00336980005491344,0.341274951706375,FALSE,FALSE
"Larp4",-0.00340962628596296,0.159047005795235,FALSE,FALSE
"Bcr",-0.00342138050479033,0.226014166130071,FALSE,FALSE
"Gpatch2",-0.00342629678044254,0.169993560849968,FALSE,FALSE
"Adgrb2",-0.00343168832858061,0.209916291049581,FALSE,FALSE
"Canx",-0.00343209001005113,0.21249195106246,FALSE,FALSE
"Smarca1",-0.00343629560579159,0.224082421120412,FALSE,FALSE
"Ptp4a2",-0.00344740124706903,0.205408886027044,FALSE,FALSE
"Rtl4",-0.00346113609446464,0.583386992916935,FALSE,FALSE
"Suco",-0.00347761921598682,0.159690920798455,FALSE,FALSE
"Kcnmb2",-0.00348455211718492,0.332260141661301,FALSE,FALSE
"Lrrn3",-0.00350117301452537,0.251126851255634,FALSE,FALSE
"Ttll11",-0.00350762511899074,0.249839021249195,FALSE,FALSE
"Spire1",-0.00351493619417617,0.341274951706375,FALSE,FALSE
"Atrx",-0.00352277462048929,0.596909207984546,FALSE,FALSE
"Ankrd11",-0.00355565740309411,0.538956857694784,FALSE,FALSE
"Pds5b",-0.00360025887733954,0.407598197037991,FALSE,FALSE
"Chd6",-0.00360231447419179,0.477141017385705,FALSE,FALSE
"Dnajb6",-0.0036581460746356,0.175788795878944,FALSE,FALSE
"Fbxo21",-0.00366693746150524,0.162910495814552,FALSE,FALSE
"Atf7ip",-0.00374039114903458,0.213779781068899,FALSE,FALSE
"Rbfox2",-0.00375030268927622,0.700579523502898,FALSE,FALSE
"A230006K03Rik",-0.00376929081114638,0.835157759175789,FALSE,FALSE
"Podxl2",-0.00380467964317856,0.228589826142949,FALSE,FALSE
"Trim24",-0.00381550516202109,0.204121056020605,FALSE,FALSE
"Pcyt2",-0.00382868396765477,0.274951706374759,FALSE,FALSE
"Phf14",-0.00383237884884775,0.520283322601417,FALSE,FALSE
"Kif1b",-0.00385350205022314,0.771410173857051,FALSE,FALSE
"Pcsk7",-0.00385399062518979,0.183515775917579,FALSE,FALSE
"Slc43a2",-0.00388498605235876,0.22794591113973,FALSE,FALSE
"Hnrnpm",-0.00391186959642717,0.162910495814552,FALSE,FALSE
"Gm27008",-0.00398756248716198,0.189311010946555,FALSE,FALSE
"Rap1gap",-0.00399590114764384,0.260141661300708,FALSE,FALSE
"Herc2",-0.00400004944285433,0.456535737282679,FALSE,FALSE
"Gm13883",-0.00401978993332252,0.350933676754668,FALSE,FALSE
"C530008M17Rik",-0.00403407569677822,0.567289117836446,FALSE,FALSE
"Sumo2",-0.00415216620718747,0.245975531229878,FALSE,FALSE
"Far1os",-0.00417556047327547,0.424983902124919,FALSE,FALSE
"Gabbr1",-0.00421840574140003,0.250482936252415,FALSE,FALSE
"Zc3h15",-0.00422488945409497,0.240180296200901,FALSE,FALSE
"Nrf1",-0.00424795267526024,0.202833226014166,TRUE,FALSE
"Gm47283",-0.0042861664394164,0.233741146168706,FALSE,FALSE
"Tmem63b",-0.00431868473089964,0.345138441725692,FALSE,FALSE
"Cuedc1",-0.00432056742483551,0.210560206052801,FALSE,FALSE
"Edil3",-0.0043716094619886,0.774629748873149,FALSE,FALSE
"Rc3h1",-0.00437375439915984,0.283322601416613,FALSE,FALSE
"Fhit",-0.00438235891383858,0.329684481648422,FALSE,FALSE
"Gpbp1",-0.00438364473318202,0.189311010946555,FALSE,FALSE
"Afdn",-0.00444314216317635,0.491951062459755,FALSE,FALSE
"Ntrk3",-0.00446465317871951,0.887314874436574,FALSE,FALSE
"Tut4",-0.0044880191703547,0.397295556986478,FALSE,FALSE
"Ralyl",-0.00454369488677405,0.966516419832582,FALSE,FALSE
"Snap91",-0.00454863843372987,0.60592401802962,FALSE,FALSE
"Zfp523",-0.00455412987767518,0.160978750804894,TRUE,FALSE
"Tet1",-0.00457640692919118,0.168705730843529,FALSE,FALSE
"Smarca5",-0.00461943898682576,0.191886670959433,FALSE,FALSE
"Mga",-0.0046246154963377,0.245331616226658,TRUE,FALSE
"Atf2",-0.00463086564126321,0.34835801674179,TRUE,FALSE
"Kcnh7",-0.00466238694355086,0.902768834513844,FALSE,FALSE
"C2cd5",-0.00466376807325876,0.403734707018674,FALSE,FALSE
"Phlpp2",-0.004669880889051,0.207984546039923,FALSE,FALSE
"Vwa5b2",-0.00467314518274131,0.171281390856407,FALSE,FALSE
"Tcf25",-0.00467852267307797,0.403734707018674,FALSE,FALSE
"Il1rap",-0.0046923113941331,0.150676110753381,FALSE,FALSE
"Gnb4",-0.00473159895419632,0.174500965872505,FALSE,FALSE
"Tshz3",-0.00475424293882759,0.322601416613007,TRUE,FALSE
"Baz2b",-0.00475756984781856,0.508048937540245,FALSE,FALSE
"Zfp618",-0.00475802019757875,0.211204121056021,TRUE,FALSE
"Acap2",-0.00476623891535822,0.385061171925306,FALSE,FALSE
"Rnf217",-0.00478993735339087,0.298132646490663,FALSE,FALSE
"Ewsr1",-0.00479140442985912,0.237604636188023,FALSE,FALSE
"Cep350",-0.00479865193844212,0.309723116548616,FALSE,FALSE
"Rftn1",-0.004833428000051,0.163554410817772,FALSE,FALSE
"Ric8b",-0.00485783410259127,0.223438506117193,FALSE,FALSE
"Ndufs1",-0.00492473173115071,0.172569220862846,FALSE,FALSE
"Adam22",-0.00496320476702798,0.568576947842885,FALSE,FALSE
"Luzp2",-0.00497316751658116,0.665808113329041,FALSE,FALSE
"Robo2",-0.00498493931934928,0.86349001931745,FALSE,FALSE
"Gm28960",-0.00499030413791332,0.179652285898261,FALSE,FALSE
"Arhgap12",-0.00500972255173566,0.31809401159047,FALSE,FALSE
"A830018L16Rik",-0.00501980532752695,0.672247263361236,FALSE,FALSE
"Stau2",-0.00508507705207473,0.569864777849324,FALSE,FALSE
"Ntm",-0.00515789352338543,0.888602704443013,FALSE,FALSE
"Tcf12",-0.00517720913686718,0.432066967160335,TRUE,FALSE
"Mindy3",-0.00519159755218234,0.18158403090792,FALSE,FALSE
"Gigyf1",-0.00522467853733794,0.187379265936896,FALSE,FALSE
"Miat",-0.00523482340211674,0.500965872504829,FALSE,FALSE
"Tent5d",-0.00524518170716743,0.177720540888603,FALSE,FALSE
"Cluap1",-0.00526328749041458,0.22665808113329,FALSE,FALSE
"Smpd3",-0.00526634184316398,0.600772698003863,FALSE,FALSE
"Cox16",-0.00526811030656463,0.343850611719253,FALSE,FALSE
"4930480K15Rik",-0.00526858177287022,0.247907276239536,FALSE,FALSE
"Mbnl1",-0.00532278426214531,0.203477141017386,FALSE,FALSE
"Scai",-0.00532352588683276,0.444945267224726,FALSE,FALSE
"Wwc2",-0.00533655499511497,0.18158403090792,FALSE,FALSE
"Ptpn4",-0.00540481633184363,0.320669671603348,FALSE,FALSE
"D5Ertd579e",-0.00546162226860693,0.263361236316806,FALSE,FALSE
"Adcy3",-0.00552779644185066,0.189311010946555,FALSE,FALSE
"Adnp",-0.00560563168739581,0.207984546039923,TRUE,FALSE
"Usp32",-0.00562477086882782,0.392788151963941,FALSE,FALSE
"4930455C13Rik",-0.00564647192879726,0.24275595621378,FALSE,FALSE
"Fbxl2",-0.00568101091763265,0.466838377334192,FALSE,FALSE
"Cdc42bpa",-0.00568328635671129,0.728911783644559,FALSE,FALSE
"Gm47167",-0.00570733300285395,0.366387636831938,FALSE,FALSE
"Bicra",-0.00573055158678163,0.224726336123632,FALSE,FALSE
"Serinc1",-0.00574704144738658,0.235028976175145,FALSE,FALSE
"Dcaf6",-0.00585496774360446,0.406310367031552,FALSE,FALSE
"Gm48747",-0.00586206176116276,0.435930457179652,FALSE,FALSE
"Pabpc4",-0.00587640638084982,0.155183515775918,FALSE,FALSE
"Hipk3",-0.00587662806250564,0.154539600772698,FALSE,FALSE
"Ptpru",-0.00591324349317481,0.364455891822279,FALSE,FALSE
"Tmeff1",-0.00594121746902473,0.214423696072118,FALSE,FALSE
"Itgb1",-0.00599038980438796,0.195750160978751,FALSE,FALSE
"Ywhag",-0.00599491869158856,0.216999356084997,FALSE,FALSE
"2810432F15Rik",-0.00600221360325591,0.213135866065679,FALSE,FALSE
"Lrrc8c",-0.00601608878670766,0.19768190598841,FALSE,FALSE
"Dnaja3",-0.00603060754175865,0.155827430779137,FALSE,FALSE
"Efnb3",-0.00603316995034719,0.169993560849968,FALSE,TRUE
"Mark1",-0.00606281102748308,0.309079201545396,FALSE,FALSE
"Flna",-0.00607307326738724,0.168705730843529,FALSE,FALSE
"Gm1604a",-0.0060908394688602,0.202189311010947,FALSE,FALSE
"Zc3h6",-0.00610366074597013,0.168705730843529,FALSE,FALSE
"Crppa",-0.00614606395064245,0.189311010946555,FALSE,FALSE
"Rrbp1",-0.00617940258123493,0.16677398583387,FALSE,FALSE
"Gm50138",-0.00618464814013165,0.172569220862846,FALSE,FALSE
"Phf20l1",-0.00620049219599102,0.580811332904057,FALSE,FALSE
"Gtpbp2",-0.00621312934406494,0.185447520927238,FALSE,FALSE
"Mgat4a",-0.00621860339209433,0.200901481004507,FALSE,FALSE
"Tmtc2",-0.00624022061898247,0.325177076625885,FALSE,FALSE
"Gm48957",-0.00625221017404825,0.150032195750161,FALSE,FALSE
"Dpp10",-0.00628980643384134,0.930457179652286,FALSE,FALSE
"Elavl4",-0.00632279161563284,0.300064391500322,FALSE,FALSE
"Plxna4os3",-0.00632547345446928,0.265936896329684,FALSE,FALSE
"Irf2",-0.00635037021286982,0.16741790083709,TRUE,FALSE
"Itgb3bp",-0.00636905755370112,0.19703799098519,FALSE,FALSE
"Gnl3l",-0.00636950507644339,0.187379265936896,FALSE,FALSE
"Epb41l3",-0.00638706686796242,0.342562781712814,FALSE,FALSE
"1600020E01Rik",-0.00640704892718505,0.162266580811333,FALSE,FALSE
"Fez1",-0.00640739437678915,0.179008370895042,FALSE,FALSE
"Igsf21",-0.00644376125990017,0.24211204121056,FALSE,TRUE
"Slc16a4",-0.00644782338648906,0.22665808113329,FALSE,FALSE
"Dync1li1",-0.00651239599184054,0.231165486155827,FALSE,FALSE
"Pcmtd1",-0.00652341230823486,0.235028976175145,FALSE,FALSE
"Rgl1",-0.00653123171444792,0.381841596909208,FALSE,FALSE
"Srsf5",-0.00667804819114454,0.200901481004507,FALSE,FALSE
"A330023F24Rik",-0.00670671218526396,0.357372826786864,FALSE,FALSE
"Gprasp1",-0.00671381316033304,0.464906632324533,FALSE,FALSE
"Ddx24",-0.00672229053744686,0.253702511268513,FALSE,FALSE
"Ppfia4",-0.00675736917060804,0.168061815840309,FALSE,FALSE
"Ttc3",-0.00678880748544023,0.911139729555699,FALSE,FALSE
"Ilf3",-0.00679886161166906,0.180296200901481,FALSE,FALSE
"Fam117b",-0.00686132116114262,0.264005151320026,FALSE,FALSE
"Aco2",-0.00688975959153458,0.240180296200901,FALSE,FALSE
"Slc44a1",-0.00689487265224989,0.396007726980039,FALSE,FALSE
"Itch",-0.00694302295691324,0.373470701867353,FALSE,FALSE
"Reps2",-0.00696521362248087,0.410817772054089,FALSE,FALSE
"D130040H23Rik",-0.0069820712634974,0.174500965872505,FALSE,FALSE
"Gm26672",-0.00699521135316073,0.293625241468126,FALSE,FALSE
"Mmp24",-0.00700876608368687,0.175144880875724,FALSE,FALSE
"Dagla",-0.00703719976255727,0.239536381197682,FALSE,FALSE
"Ythdc1",-0.00704450053531112,0.209272376046362,FALSE,FALSE
"Hpgds",-0.00705409720032756,0.16677398583387,FALSE,FALSE
"Ddhd1",-0.00708411114192969,0.22730199613651,FALSE,FALSE
"Ralgapa1",-0.00708650313062112,0.605280103026401,FALSE,FALSE
"Usp25",-0.00709193476486266,0.183515775917579,FALSE,FALSE
"Cacng2",-0.00710215690867954,0.153251770766259,FALSE,FALSE
"Lmtk3",-0.00711108963906433,0.251770766258854,FALSE,FALSE
"Tbl1x",-0.0071326615730029,0.362524146812621,FALSE,FALSE
"Naaladl2",-0.00719207321531365,0.254346426271732,FALSE,FALSE
"Ep400",-0.00719212302251415,0.339343206696716,FALSE,FALSE
"Lars",-0.00721784456462974,0.218931101094655,FALSE,FALSE
"Kif13b",-0.00724183506822061,0.214423696072118,FALSE,FALSE
"Pcm1",-0.0072454131371465,0.513200257566001,FALSE,FALSE
"Gramd1b",-0.00729980143185585,0.609787508048938,FALSE,FALSE
"Lrrc19",-0.00733119357866649,0.243399871216999,FALSE,FALSE
"Ctdspl2",-0.00734238283907065,0.188667095943335,FALSE,FALSE
"Usp24",-0.00734247101545634,0.294269156471346,FALSE,FALSE
"Slk",-0.00735515515724795,0.158403090792015,FALSE,FALSE
"Gm50232",-0.00736567963452233,0.204764971023825,FALSE,FALSE
"Drc1",-0.00737238904249204,0.158403090792015,FALSE,FALSE
"Grin2b",-0.00738991512966264,0.98454603992273,FALSE,FALSE
"Lrrc49",-0.00743217005510199,0.282678686413393,FALSE,FALSE
"Epb41l2",-0.0074426330123281,0.163554410817772,FALSE,FALSE
"Grb2",-0.00748522631161883,0.207984546039923,FALSE,FALSE
"Bdp1",-0.00748906280457571,0.220862846104314,FALSE,FALSE
"Macrod2",-0.00752431512554267,0.978750804893754,FALSE,FALSE
"Rnf32",-0.00753031136741607,0.199613650998068,FALSE,FALSE
"Paxbp1",-0.00753271883539577,0.356084996780425,FALSE,FALSE
"Gm48956",-0.00757142763029598,0.276239536381198,FALSE,FALSE
"Rnf121",-0.00760199113233933,0.173857050869285,FALSE,FALSE
"Adam19",-0.00762037941791562,0.164842240824211,FALSE,FALSE
"Trpm7",-0.0076243946914779,0.373470701867353,FALSE,FALSE
"Wnk1",-0.00767825133838882,0.422408242112041,FALSE,FALSE
"Paip2",-0.00773082974978732,0.192530585962653,FALSE,FALSE
"Tbl1xr1",-0.00774992332063779,0.201545396007727,FALSE,FALSE
"Usp33",-0.00776127042751621,0.253058596265293,FALSE,FALSE
"Hmbox1",-0.00780733454319225,0.231809401159047,TRUE,FALSE
"6530403H02Rik",-0.00783973512663414,0.479072762395364,FALSE,FALSE
"Hs3st4",-0.00785564956584597,0.395363811976819,FALSE,FALSE
"4930557K07Rik",-0.00786943604315469,0.188667095943335,FALSE,FALSE
"Cnot2",-0.00789706200121044,0.195750160978751,FALSE,FALSE
"Plcl2",-0.00794731686718307,0.401802962009015,FALSE,FALSE
"Igf1r",-0.00794926786331305,0.599484867997424,FALSE,FALSE
"Ccdc50",-0.00796749618870683,0.193818415969092,FALSE,FALSE
"Gm11437",-0.00797670639701913,0.188023180940116,FALSE,FALSE
"Rnf169",-0.00798827197607568,0.37926593689633,FALSE,FALSE
"Mtmr7",-0.00810717866032193,0.202189311010947,FALSE,FALSE
"Cdk14",-0.00815608147702385,0.753380553766903,FALSE,FALSE
"A330076H08Rik",-0.00818779571925332,0.567933032839665,FALSE,FALSE
"Mtss1",-0.0082015251502126,0.477784932388925,FALSE,FALSE
"Grm5",-0.00820180574938585,0.961365099806825,FALSE,FALSE
"Nup93",-0.00821341027635402,0.268512556342563,FALSE,FALSE
"Kif21a",-0.00822276102452769,0.597553122987766,FALSE,FALSE
"Myef2",-0.00823847378239782,0.266580811332904,FALSE,FALSE
"Fntb",-0.00824962186084238,0.265292981326465,FALSE,FALSE
"Fign",-0.00826336277349458,0.37926593689633,FALSE,FALSE
"Nol4",-0.0082885383497109,0.488731487443657,FALSE,FALSE
"Gcn1",-0.00828973385920796,0.188023180940116,FALSE,FALSE
"4933432K03Rik",-0.0083154352725421,0.153895685769478,FALSE,FALSE
"Pacsin1",-0.00833401253791492,0.60656793303284,FALSE,FALSE
"Gm16105",-0.0083440521895463,0.411461687057308,FALSE,FALSE
"Hdgfl3",-0.00834748230357866,0.305859626529298,FALSE,FALSE
"Kmt2a",-0.00837012038393901,0.513844172569221,FALSE,FALSE
"4930419G24Rik",-0.00837683850856269,0.506117192530586,FALSE,FALSE
"Ube3c",-0.00838953196710959,0.444945267224726,FALSE,FALSE
"Lrtm1",-0.00840039866976219,0.157115260785576,FALSE,FALSE
"Smarcd3",-0.00849267795713523,0.179652285898261,FALSE,FALSE
"Boc",-0.00850131548143796,0.268512556342563,FALSE,FALSE
"Dennd6a",-0.0085150048538197,0.254346426271732,FALSE,FALSE
"Fam78b",-0.00852821768819307,0.215067611075338,FALSE,FALSE
"Tnpo3",-0.00853381768324724,0.271088216355441,FALSE,FALSE
"Gm11099",-0.00853784711228352,0.463618802318094,FALSE,FALSE
"Lnpk",-0.008544802191061,0.236316806181584,FALSE,FALSE
"Atp2b2",-0.00856104275985312,0.380553766902769,FALSE,FALSE
"Slc12a5",-0.00857503687472122,0.278171281390856,FALSE,FALSE
"Cntn5",-0.00862567929635921,0.872504829362524,FALSE,TRUE
"Mcc",-0.00862816947226105,0.232453316162267,FALSE,FALSE
"Mettl16",-0.00864421520192664,0.204764971023825,FALSE,FALSE
"Daam1",-0.00865140383568326,0.540244687701223,FALSE,FALSE
"4930545L23Rik",-0.00867935945838201,0.335479716677399,FALSE,FALSE
"Hectd1",-0.00872612840579274,0.231809401159047,FALSE,FALSE
"Gm16126",-0.00878581599208293,0.168705730843529,FALSE,FALSE
"Acsl6",-0.00881116790968296,0.155183515775918,FALSE,FALSE
"Car10",-0.0088276727967362,0.562137797810689,FALSE,FALSE
"Gm49226",-0.00883429907348602,0.165486155827431,FALSE,FALSE
"Hacd1",-0.00884631582903243,0.169993560849968,FALSE,FALSE
"Kdm2a",-0.00885637292222847,0.343850611719253,FALSE,FALSE
"Fcho2",-0.00889735446489891,0.278815196394076,FALSE,FALSE
"Dgki",-0.00893256419238489,0.814552479072762,FALSE,FALSE
"Phactr3",-0.00894781633338109,0.511268512556343,FALSE,FALSE
"Cmss1",-0.00894864611415572,0.269800386349002,FALSE,FALSE
"Sycp2",-0.00894911214899244,0.309079201545396,FALSE,FALSE
"Peg3",-0.00895025466678189,0.414681262073406,TRUE,FALSE
"Simc1",-0.00905262411850617,0.180296200901481,FALSE,FALSE
"Cul4a",-0.00906865197279291,0.175788795878944,FALSE,FALSE
"Eps15l1",-0.00910459591352344,0.293625241468126,FALSE,FALSE
"Bptf",-0.00911307441217236,0.401802962009015,FALSE,FALSE
"Specc1l",-0.00912455142331867,0.276239536381198,FALSE,FALSE
"4930595D18Rik",-0.00914932841337539,0.215711526078558,FALSE,FALSE
"Slc8a1",-0.00919412671133784,0.920154539600773,FALSE,FALSE
"Atf6",-0.00926224173657543,0.198969735994849,TRUE,FALSE
"Gm43376",-0.0092921026641657,0.751448808757244,FALSE,FALSE
"Mical3",-0.00930145061273856,0.616226658081133,FALSE,FALSE
"Napb",-0.00930461950544946,0.155827430779137,FALSE,FALSE
"Cbx1",-0.00931873438758275,0.150032195750161,FALSE,FALSE
"Mapk10",-0.00932986145113026,0.779781068898905,FALSE,FALSE
"Prpf40a",-0.00947040724161924,0.319381841596909,FALSE,FALSE
"Kalrn",-0.00947736717467054,0.968448164842241,FALSE,FALSE
"Parg",-0.00950573323197167,0.168705730843529,FALSE,FALSE
"3110082I17Rik",-0.00951232831922236,0.24275595621378,FALSE,FALSE
"Hivep3",-0.00953163044209346,0.649710238248551,TRUE,FALSE
"Sv2b",-0.00956239489805562,0.526078557630393,FALSE,FALSE
"Actr2",-0.009585732999127,0.223438506117193,FALSE,FALSE
"Ctif",-0.00959186693089689,0.506761107533806,FALSE,FALSE
"4831440D22Rik",-0.00966329653739585,0.159690920798455,FALSE,FALSE
"Rps27",-0.00967714304043869,0.220862846104314,FALSE,FALSE
"Pls3",-0.00973491268936785,0.193818415969092,FALSE,FALSE
"Rpl6",-0.00973509418937288,0.168061815840309,FALSE,FALSE
"4430402I18Rik",-0.00978929011464054,0.313586606567933,FALSE,FALSE
"Rabl6",-0.00979074331270426,0.309723116548616,FALSE,FALSE
"Zfp532",-0.00980705362864264,0.275595621377978,TRUE,FALSE
"Unc13b",-0.00981263158429366,0.511268512556343,FALSE,FALSE
"Smarca2",-0.00982519333953764,0.262717321313587,FALSE,FALSE
"Morf4l1",-0.00988108921863386,0.211204121056021,FALSE,FALSE
"Ttll5",-0.00989345419265281,0.275595621377978,FALSE,FALSE
"Slf1",-0.00992308857324965,0.417900837089504,FALSE,FALSE
"Syt16",-0.00997399584850695,0.657437218287186,FALSE,FALSE
"Flrt2",-0.00999632180285263,0.431423052157115,FALSE,TRUE
"Sez6l",-0.00999692094735775,0.587250482936252,FALSE,FALSE
"Eif3a",-0.0100202168707808,0.198325820991629,FALSE,FALSE
"Kcnd2",-0.0100379873812334,0.972955569864778,FALSE,FALSE
"Slit2",-0.0100496876783367,0.582099162910496,FALSE,TRUE
"Ralgapb",-0.0100865485663277,0.262073406310367,FALSE,FALSE
"Eps8",-0.0100968231707491,0.221506761107534,FALSE,FALSE
"Zc3h14",-0.0101071074772072,0.173857050869285,FALSE,FALSE
"Qk",-0.010120034287803,0.228589826142949,FALSE,FALSE
"Wwp1",-0.0101284080962486,0.24275595621378,FALSE,FALSE
"Herc4",-0.0101512033270279,0.313586606567933,FALSE,FALSE
"Slc16a2",-0.0101910460459139,0.303927881519639,FALSE,FALSE
"Nckap5",-0.0102210603669215,0.752736638763683,FALSE,FALSE
"Gm20275",-0.010233911831362,0.819059884095299,FALSE,FALSE
"Rlf",-0.0102659549103146,0.267868641339343,TRUE,FALSE
"Xrcc4",-0.010356284500079,0.179652285898261,FALSE,FALSE
"Srpr",-0.0103625199285128,0.189311010946555,FALSE,FALSE
"8030462N17Rik",-0.0103818830296828,0.168061815840309,FALSE,FALSE
"Svop",-0.0103867734075328,0.396651641983258,FALSE,FALSE
"Nme7",-0.0104106124987504,0.295556986477785,FALSE,FALSE
"Hbs1l",-0.010454114288873,0.164198325820992,FALSE,FALSE
"Angptl1",-0.010458113055265,0.159690920798455,FALSE,FALSE
"Ranbp17",-0.0105226461126344,0.202189311010947,FALSE,FALSE
"Opcml",-0.0105284189848535,0.938184159690921,FALSE,FALSE
"Stx7",-0.0105364579107784,0.18158403090792,FALSE,FALSE
"Rfx3",-0.0105852344122074,0.496458467482292,TRUE,FALSE
"Ncan",-0.0105881503567838,0.185447520927238,FALSE,FALSE
"Atp9a",-0.0105912483551294,0.529298132646491,FALSE,FALSE
"Arid4a",-0.0105933619175478,0.356728911783645,FALSE,FALSE
"Elovl6",-0.0107023190390705,0.320669671603348,FALSE,FALSE
"Gm11417",-0.0107125349928436,0.406310367031552,FALSE,FALSE
"Adcy5",-0.0107148142674569,0.230521571152608,FALSE,FALSE
"Xpo7",-0.0107429109514659,0.319381841596909,FALSE,FALSE
"Rps6ka2",-0.0107499682393621,0.27237604636188,FALSE,FALSE
"Heatr5b",-0.0108372499161463,0.175144880875724,FALSE,FALSE
"Gramd4",-0.0108709951542163,0.195106245975531,FALSE,FALSE
"Mapre2",-0.0108729801513973,0.328396651641983,FALSE,FALSE
"Shprh",-0.0108910999179257,0.224082421120412,FALSE,FALSE
"Ocrl",-0.0109306095079713,0.217643271088216,FALSE,FALSE
"Rab12",-0.0109924728799396,0.160334835801674,FALSE,FALSE
"Hnrnpc",-0.0110235977702792,0.164198325820992,FALSE,FALSE
"Ndst3",-0.0110868868636048,0.159047005795235,FALSE,FALSE
"Gabbr2",-0.0111231221129271,0.791371538956858,FALSE,FALSE
"AW554918",-0.0112104925215607,0.401159047005795,FALSE,FALSE
"Camsap1",-0.0112129043338017,0.210560206052801,FALSE,FALSE
"Xpo6",-0.0112150661579547,0.207340631036703,FALSE,FALSE
"Gm3764",-0.0112293449384787,0.377978106889891,FALSE,FALSE
"Elavl3",-0.0112387240797159,0.731487443657437,FALSE,FALSE
"Gpr176",-0.0112418386433825,0.236960721184804,FALSE,FALSE
"4930473A02Rik",-0.0112482802565876,0.180940115904701,FALSE,FALSE
"Iws1",-0.0112732686501446,0.159047005795235,FALSE,FALSE
"Ptprj",-0.0112788687676838,0.62073406310367,FALSE,FALSE
"4921511I17Rik",-0.0112791382089473,0.264649066323245,FALSE,FALSE
"Hipk2",-0.0112794143045699,0.334191886670959,FALSE,FALSE
"Rerg",-0.0112876399572585,0.186735350933677,FALSE,FALSE
"Trim44",-0.0112969482200767,0.300064391500322,FALSE,FALSE
"Epha6",-0.0113192202563047,0.910495814552479,FALSE,FALSE
"Rps6ka5",-0.0113558548429883,0.24275595621378,FALSE,FALSE
"Tlk2",-0.011384384690894,0.240180296200901,FALSE,FALSE
"Dnah9",-0.0113972403111062,0.361880231809401,FALSE,FALSE
"Mecp2",-0.0114265671098041,0.162266580811333,FALSE,FALSE
"Senp7",-0.0114774110889445,0.370895041854475,FALSE,FALSE
"Ipo9",-0.0114876644584859,0.182871860914359,FALSE,FALSE
"Cspg5",-0.0115443264636882,0.208628461043142,FALSE,FALSE
"Kif1a",-0.0115590996199266,0.459755312298777,FALSE,FALSE
"Phf24",-0.0115731649014888,0.419832582099163,FALSE,FALSE
"Actn1",-0.0115775698170486,0.208628461043142,FALSE,FALSE
"Arf3",-0.0115887486501823,0.216999356084997,FALSE,FALSE
"Dlgap4",-0.0115920769549103,0.511268512556343,FALSE,FALSE
"Eya3",-0.0116373026677633,0.22665808113329,FALSE,FALSE
"Scfd1",-0.0116535033762386,0.179652285898261,FALSE,FALSE
"Rbm33",-0.0116540168708496,0.209916291049581,FALSE,FALSE
"Gm16183",-0.011656808884974,0.39343206696716,FALSE,FALSE
"Cnot1",-0.0116832653425844,0.22794591113973,FALSE,FALSE
"Gbf1",-0.0117725531224136,0.428203477141017,FALSE,FALSE
"Astn1",-0.0117817047584452,0.623309723116549,FALSE,FALSE
"Abca3",-0.0117927018238635,0.268512556342563,FALSE,FALSE
"Trpc6",-0.0117970898098712,0.168061815840309,FALSE,FALSE
"Gucy1a2",-0.0118187004838298,0.63618802318094,FALSE,FALSE
"Nmt2",-0.0118317438878066,0.286542176432711,FALSE,FALSE
"Xkr4",-0.0118481540450256,0.975531229877656,FALSE,FALSE
"Gm49521",-0.0118613826436158,0.18222794591114,FALSE,FALSE
"Pan3",-0.0118712102591067,0.427559562137798,FALSE,FALSE
"Ncoa5",-0.0119211298072696,0.22794591113973,FALSE,FALSE
"Rims1",-0.0119355635732762,0.945267224726336,FALSE,FALSE
"Macf1",-0.011950134356131,0.937540244687701,FALSE,FALSE
"Setd7",-0.0119639829997079,0.198969735994849,FALSE,FALSE
"Cacna1g",-0.0120100334100494,0.31745009658725,FALSE,FALSE
"Ralgapa2",-0.0120612688453609,0.529298132646491,FALSE,FALSE
"Fam172a",-0.0120885092325863,0.602704443013522,FALSE,FALSE
"Rtf1",-0.0121056152957646,0.247263361236317,FALSE,FALSE
"Klhl7",-0.0121737638969832,0.358016741790084,FALSE,FALSE
"Aopep",-0.0121897991214633,0.592401802962009,FALSE,FALSE
"Slf2",-0.0122105022900352,0.261429491307147,FALSE,FALSE
"Tnrc6c",-0.0122150312142103,0.736638763683194,FALSE,FALSE
"Plekhm3",-0.0123168847406437,0.209272376046362,FALSE,FALSE
"Vash1",-0.0123499935214794,0.155183515775918,FALSE,FALSE
"Bcl11b",-0.0123890311308513,0.432710882163554,TRUE,FALSE
"Rbfox3",-0.0124302705230959,0.721184803605924,FALSE,FALSE
"Satb1",-0.0124883477998631,0.276239536381198,TRUE,FALSE
"Gpr45",-0.0125733126763041,0.251770766258854,FALSE,FALSE
"Epg5",-0.0125788851977606,0.15196394075982,FALSE,FALSE
"Cfdp1",-0.0125829326754505,0.343850611719253,FALSE,FALSE
"Sntg1",-0.0126757334298603,0.645846748229234,FALSE,FALSE
"Kdm3b",-0.0126855474752839,0.190598840952994,FALSE,FALSE
"Stim2",-0.0127123208284465,0.225370251126851,FALSE,FALSE
"Nmnat2",-0.0127297000808815,0.56084996780425,FALSE,FALSE
"Trpc7",-0.0127380420834895,0.28718609143593,FALSE,FALSE
"Srrm3",-0.0127383233734189,0.574372182871861,FALSE,FALSE
"Nr3c1",-0.0127580229984199,0.176432710882164,TRUE,FALSE
"Myt1l",-0.0128197432061553,0.902768834513844,TRUE,FALSE
"Adam12",-0.0128203682342269,0.153895685769478,FALSE,FALSE
"Angpt1",-0.0128446353174189,0.164198325820992,FALSE,FALSE
"Nr2f2",-0.0128537071868591,0.320025756600129,TRUE,FALSE
"Papola",-0.0128784010034953,0.327752736638764,FALSE,FALSE
"Atp8a2",-0.0128894527456744,0.649710238248551,FALSE,FALSE
"Hs3st5",-0.0129481067239747,0.401802962009015,FALSE,FALSE
"Csnk1g1",-0.0129604317289517,0.49967804249839,FALSE,FALSE
"Atp6v1b2",-0.0129660242212657,0.234385061171925,FALSE,FALSE
"Trappc10",-0.0129735784858723,0.1513200257566,FALSE,FALSE
"Mrtfb",-0.0129998897255095,0.451384417256922,FALSE,FALSE
"Prickle2",-0.0130011397805427,0.824855119124276,FALSE,FALSE
"Glra2",-0.0130042610963614,0.307147456535737,FALSE,FALSE
"Dapk1",-0.0130079635311157,0.463618802318094,FALSE,FALSE
"Smg6",-0.0130121686457412,0.618802318094012,FALSE,FALSE
"Mtf2",-0.0130486026963426,0.320025756600129,TRUE,FALSE
"Mir670hg",-0.0130488436538622,0.396007726980039,FALSE,FALSE
"Sdccag8",-0.0130649543528728,0.432710882163554,FALSE,FALSE
"Smc3",-0.0130808587170244,0.238248551191243,FALSE,FALSE
"Kcnn2",-0.0131012388062937,0.577591757887959,FALSE,FALSE
"Mctp1",-0.0131639710817485,0.77269800386349,FALSE,FALSE
"Agfg1",-0.0131670022935765,0.190598840952994,FALSE,FALSE
"Pibf1",-0.0132154044777027,0.299420476497102,FALSE,FALSE
"Maml2",-0.0132546349255756,0.21184803605924,FALSE,FALSE
"Adgrb3",-0.0132582706331592,0.996780424983902,FALSE,FALSE
"Pdss2",-0.0132860446583022,0.402446877012234,FALSE,FALSE
"Gm44151",-0.0132987768146464,0.613007083065035,FALSE,FALSE
"Ccl25",-0.0133254041887498,0.18158403090792,FALSE,FALSE
"Tada2a",-0.0133476567209771,0.187379265936896,FALSE,FALSE
"Gm12353",-0.0133508526943183,0.259497746297489,FALSE,FALSE
"Diaph1",-0.0133530598108908,0.207984546039923,FALSE,FALSE
"Impact",-0.0135351545712106,0.170637475853187,FALSE,FALSE
"Nedd4",-0.0135640749840228,0.475209272376046,FALSE,FALSE
"Kcmf1",-0.0135697316040784,0.200901481004507,FALSE,FALSE
"Ppp6r2",-0.0136015436897771,0.305859626529298,FALSE,FALSE
"Efr3a",-0.0136294395420089,0.188667095943335,FALSE,FALSE
"Exoc6b",-0.0136567947208049,0.760463618802318,FALSE,FALSE
"Dtd1",-0.0137000704778817,0.251126851255634,FALSE,FALSE
"Sel1l",-0.0137191705287551,0.182871860914359,FALSE,FALSE
"Zer1",-0.013730392715239,0.211204121056021,FALSE,FALSE
"Gm28376",-0.0137724220084325,0.674179008370895,FALSE,FALSE
"Rab11fip3",-0.0138223587993464,0.470701867353509,FALSE,FALSE
"Pik3c2a",-0.0138437343985155,0.204764971023825,FALSE,FALSE
"Tbc1d12",-0.013864550081171,0.31745009658725,FALSE,FALSE
"Dlst",-0.0139133623289947,0.157115260785576,FALSE,FALSE
"Lingo1",-0.0139146729965447,0.471989697359949,FALSE,FALSE
"Gm16093",-0.0139309993171123,0.246619446233097,FALSE,FALSE
"Abl2",-0.0139525413778118,0.289761751448809,FALSE,FALSE
"Slc17a7",-0.0139610175321459,0.247907276239536,FALSE,FALSE
"Commd10",-0.0139959266953452,0.218931101094655,FALSE,FALSE
"Col4a3bp",-0.0140014807751434,0.150032195750161,FALSE,FALSE
"Arhgap18",-0.0140104292020548,0.153895685769478,FALSE,FALSE
"Tln2",-0.0140700377553079,0.4243399871217,FALSE,FALSE
"Tspan7",-0.0140791036360717,0.334835801674179,FALSE,FALSE
"Dpysl2",-0.0140951964906518,0.497746297488732,FALSE,FALSE
"Mier1",-0.0141185920776134,0.210560206052801,FALSE,FALSE
"Zfpm2",-0.014155242395033,0.895041854475209,TRUE,FALSE
"Yaf2",-0.0142136920957285,0.15196394075982,FALSE,FALSE
"Mast2",-0.0142648504044388,0.535737282678686,FALSE,FALSE
"Pcdh17",-0.0142769711505436,0.491951062459755,FALSE,TRUE
"Mphosph8",-0.0142896376512313,0.1513200257566,FALSE,FALSE
"Sec24b",-0.0142956892031735,0.263361236316806,FALSE,FALSE
"Galnt9",-0.0143546885505664,0.179008370895042,FALSE,FALSE
"Pid1",-0.0144068249490887,0.390212491951062,FALSE,FALSE
"Tbck",-0.0144424971683774,0.251126851255634,FALSE,FALSE
"Fut8",-0.0144474359268994,0.471989697359949,FALSE,FALSE
"Ipcef1",-0.0145003527889622,0.188023180940116,FALSE,FALSE
"Gm11906",-0.0145447287729839,0.162266580811333,FALSE,FALSE
"Sorbs1",-0.0145586408812483,0.710882163554411,FALSE,FALSE
"Cspp1",-0.0145629776530351,0.543464262717321,FALSE,FALSE
"Plekha1",-0.0146433822039469,0.284610431423052,FALSE,FALSE
"Lmo7",-0.0146483114071803,0.25756600128783,FALSE,FALSE
"Rbm28",-0.0146548906549914,0.205408886027044,FALSE,FALSE
"Airn",-0.0146584773254279,0.342562781712814,FALSE,FALSE
"Mapk8",-0.0146665629752973,0.252414681262073,FALSE,FALSE
"Ccdc39",-0.0146666144528808,0.214423696072118,FALSE,FALSE
"Nrbp2",-0.0146674281131688,0.305215711526079,FALSE,FALSE
"Ext1",-0.0146727074890724,0.6973599484868,FALSE,FALSE
"Calm1",-0.0146890653181389,0.205408886027044,FALSE,FALSE
"Usp14",-0.0147182702542232,0.188023180940116,FALSE,FALSE
"Chchd6",-0.0147192012256299,0.334191886670959,FALSE,FALSE
"Nisch",-0.014761703612483,0.355441081777205,FALSE,FALSE
"Nptxr",-0.0147957029836816,0.2730199613651,FALSE,FALSE
"Snrpn",-0.0148618243300216,0.438506117192531,FALSE,FALSE
"Ank2",-0.0148658719093902,0.994204764971024,FALSE,FALSE
"Vps9d1",-0.0148668346258046,0.175144880875724,FALSE,FALSE
"Itpr1",-0.0148720630384564,0.351577591757888,FALSE,FALSE
"Tax1bp1",-0.0149005925992529,0.213779781068899,FALSE,FALSE
"Ube4b",-0.0149077474349985,0.311010946555055,FALSE,FALSE
"Vps13c",-0.0149432116741978,0.25820991629105,FALSE,FALSE
"Scn1a",-0.0149521805334851,0.504829362524147,FALSE,FALSE
"Scn3b",-0.0149699755823592,0.168705730843529,FALSE,FALSE
"Lrfn5",-0.0149814548335742,0.960721184803606,FALSE,FALSE
"Lrrc3b",-0.0150135724693386,0.190598840952994,FALSE,FALSE
"Mmp17",-0.0150407600143592,0.155827430779137,FALSE,FALSE
"Tbc1d9b",-0.0150500825119298,0.230521571152608,FALSE,FALSE
"Gm45904",-0.0150516840509475,0.158403090792015,FALSE,FALSE
"Bbs9",-0.0150636088353013,0.296844816484224,FALSE,FALSE
"Stmn3",-0.0150746567570354,0.316162266580811,FALSE,FALSE
"Gm4117",-0.0151725782524178,0.158403090792015,FALSE,FALSE
"Casc3",-0.0151843550511685,0.187379265936896,FALSE,FALSE
"Abcf1",-0.0152143957384763,0.19768190598841,FALSE,FALSE
"Ube3a",-0.0152346017346854,0.979394719896974,FALSE,FALSE
"Bclaf1",-0.0152453911630258,0.350933676754668,FALSE,FALSE
"Rsph3a",-0.0152454242124873,0.177076625885383,FALSE,FALSE
"Dcaf7",-0.0152894804571023,0.177076625885383,FALSE,FALSE
"Ktn1",-0.0152908684239446,0.538312942691565,FALSE,FALSE
"Exoc6",-0.0153073730953494,0.369607211848036,FALSE,FALSE
"C2cd3",-0.0153147597901459,0.160978750804894,FALSE,FALSE
"Rab40b",-0.0153343066043414,0.201545396007727,FALSE,FALSE
"Wdr7",-0.0153402794272006,0.434642627173213,FALSE,FALSE
"Wasl",-0.0154044355935849,0.165486155827431,FALSE,FALSE
"Gm11867",-0.0154200194345524,0.240824211204121,FALSE,FALSE
"Nyap2",-0.0154672435069592,0.450096587250483,FALSE,FALSE
"Lrrc4c",-0.015468902774419,0.978750804893754,FALSE,FALSE
"Gm15787",-0.0155184363876943,0.199613650998068,FALSE,FALSE
"Cntln",-0.0155282282421411,0.265936896329684,FALSE,FALSE
"Dbn1",-0.0155356097707346,0.428847392144237,FALSE,FALSE
"Tox3",-0.0155422536902498,0.215711526078558,TRUE,FALSE
"Supt3",-0.0155679564178839,0.22665808113329,FALSE,FALSE
"Col4a2",-0.0155762591169591,0.203477141017386,FALSE,FALSE
"Huwe1",-0.0156100872872016,0.417256922086285,FALSE,FALSE
"Snx14",-0.0156156960888149,0.229233741146169,FALSE,FALSE
"Mib1",-0.0156164126408419,0.344494526722473,FALSE,FALSE
"Dnajc5",-0.0156776026138522,0.188023180940116,FALSE,FALSE
"Sgip1",-0.0157022438127176,0.691564713457824,FALSE,FALSE
"Otof",-0.0157296442792091,0.276239536381198,FALSE,FALSE
"B3galt2",-0.0157594249904736,0.193174500965872,FALSE,FALSE
"2310002F09Rik",-0.0157676357465727,0.210560206052801,FALSE,FALSE
"Clmn",-0.0157806155490182,0.18222794591114,FALSE,FALSE
"Iqce",-0.0158012676562427,0.266580811332904,FALSE,FALSE
"Atf7",-0.0158062223867587,0.202189311010947,TRUE,FALSE
"Xrn1",-0.0158525590001249,0.400515132002576,FALSE,FALSE
"Grik5",-0.0158679287207275,0.353509336767547,FALSE,FALSE
"Pcbp3",-0.0158773485080603,0.251770766258854,FALSE,FALSE
"Asxl2",-0.0158801604534673,0.248551191242756,FALSE,FALSE
"Ssbp3",-0.0158939598086106,0.342562781712814,FALSE,FALSE
"Umad1",-0.015937921910692,0.229233741146169,FALSE,FALSE
"Ctnnd1",-0.0159622965921731,0.222150676110753,FALSE,FALSE
"Scap",-0.0160212240996721,0.158403090792015,FALSE,FALSE
"Ttc26",-0.0160261103302524,0.160334835801674,FALSE,FALSE
"A330093E20Rik",-0.016030827499505,0.292337411461687,FALSE,FALSE
"Sh3d19",-0.0160577095485486,0.431423052157115,FALSE,FALSE
"Cacnb2",-0.0160724661610204,0.549259497746297,FALSE,FALSE
"Gm7580",-0.0160925110462675,0.173213135866066,FALSE,FALSE
"Pnn",-0.0161277499319742,0.391500321957502,FALSE,FALSE
"Mir124-2hg",-0.0161409979381496,0.285254346426272,FALSE,FALSE
"Ipo8",-0.0161616077634682,0.162910495814552,FALSE,FALSE
"Mbnl2",-0.016168603766117,0.509980682549903,FALSE,FALSE
"Wdr60",-0.016176690383578,0.210560206052801,FALSE,FALSE
"Grik3",-0.0161785614163994,0.236960721184804,FALSE,FALSE
"Ube2h",-0.0162027189421942,0.334191886670959,FALSE,FALSE
"Pacs2",-0.0162060236058604,0.199613650998068,FALSE,FALSE
"Lrp1",-0.016272290968685,0.275595621377978,FALSE,FALSE
"Mir9-3hg",-0.0162767852155166,0.243399871216999,FALSE,FALSE
"Zfp609",-0.0162812870347546,0.341274951706375,TRUE,FALSE
"5031415H12Rik",-0.0163505530836913,0.189954925949775,FALSE,FALSE
"Kmt2e",-0.0163765981776608,0.446877012234385,FALSE,FALSE
"Smurf1",-0.0164230719874266,0.361880231809401,FALSE,FALSE
"Efr3b",-0.0164751218358557,0.293625241468126,FALSE,FALSE
"2610037D02Rik",-0.0164792356584537,0.251126851255634,FALSE,FALSE
"Ptprn2",-0.0165151735415815,0.947842884739214,FALSE,FALSE
"Arpc2",-0.0165152376810418,0.223438506117193,FALSE,FALSE
"Tasor",-0.0165346341777464,0.19703799098519,FALSE,FALSE
"Angpt2",-0.016557816302438,0.327752736638764,FALSE,FALSE
"Gm43915",-0.016596119028578,0.275595621377978,FALSE,FALSE
"Clstn3",-0.0166248714536127,0.184803605924018,FALSE,FALSE
"Cnot3",-0.0166284800094116,0.236960721184804,FALSE,FALSE
"Pcdh15",-0.0166954940025563,0.707018673535093,FALSE,FALSE
"Ppm1h",-0.0167217979043555,0.206696716033484,FALSE,FALSE
"Psap",-0.016741541589866,0.258853831294269,FALSE,FALSE
"Hivep2",-0.0167812502091778,0.877012234385061,TRUE,FALSE
"Scrn1",-0.0168007579620795,0.161622665808113,FALSE,FALSE
"Tbc1d22a",-0.0168135652649379,0.159047005795235,FALSE,FALSE
"Fam135a",-0.016823757855248,0.273663876368319,FALSE,FALSE
"Smyd3",-0.0168310792056595,0.629748873148744,FALSE,FALSE
"Gm26749",-0.0168751587953077,0.410173857050869,FALSE,FALSE
"Cntrl",-0.0168816261328207,0.156471345782357,FALSE,FALSE
"Gpr158",-0.0169127023133186,0.77269800386349,FALSE,FALSE
"Camsap2",-0.0169198173669146,0.235672891178364,FALSE,FALSE
"Map3k5",-0.0169265695025962,0.43915003219575,FALSE,FALSE
"Arfgef1",-0.0169293965401239,0.403734707018674,FALSE,FALSE
"Ube2b",-0.0169379894141218,0.188023180940116,FALSE,FALSE
"Snap25",-0.0169659508349879,0.692852543464263,FALSE,FALSE
"Pgbd5",-0.0169712655034463,0.177720540888603,FALSE,FALSE
"Epha10",-0.0170179580969526,0.238248551191243,FALSE,FALSE
"Hsp90ab1",-0.0170869649974497,0.184159690920798,FALSE,FALSE
"Unc13a",-0.0171009570835325,0.4243399871217,FALSE,FALSE
"Epb41l1",-0.0171242850083105,0.48551191242756,FALSE,FALSE
"Rnf157",-0.0171326076457785,0.401159047005795,FALSE,FALSE
"Cul9",-0.0171421095822429,0.169993560849968,FALSE,FALSE
"Ppp1cb",-0.0171499856415221,0.24211204121056,FALSE,FALSE
"Auts2",-0.0171599218141437,0.992273019961365,FALSE,FALSE
"Kazn",-0.0171748625868326,0.285254346426272,FALSE,FALSE
"Gm10681",-0.0172014944771291,0.153251770766259,FALSE,FALSE
"Far2",-0.0172212337062948,0.298776561493883,FALSE,FALSE
"Gm13269",-0.0172241212893294,0.267868641339343,FALSE,FALSE
"Gm45645",-0.0172613825179108,0.28718609143593,FALSE,FALSE
"Setd4",-0.0173145732462115,0.156471345782357,FALSE,FALSE
"Susd4",-0.0173218156381904,0.208628461043142,FALSE,FALSE
"Pex5l",-0.0173476139977259,0.645846748229234,FALSE,FALSE
"Sema4d",-0.017352482473529,0.25692208628461,FALSE,FALSE
"Gm38393",-0.0173701432163511,0.168705730843529,FALSE,FALSE
"Dmtn",-0.0173720204734276,0.334835801674179,FALSE,FALSE
"Odf2",-0.0173924486459859,0.468770122343851,FALSE,FALSE
"Gm11146",-0.0174009156802462,0.320025756600129,FALSE,FALSE
"Cbfa2t2",-0.0174099663498137,0.273663876368319,FALSE,FALSE
"Sash1",-0.0174256202433567,0.265936896329684,FALSE,FALSE
"Ehmt1",-0.0174511806692776,0.388924661944623,FALSE,FALSE
"Hmg20a",-0.0174727283189915,0.202833226014166,FALSE,FALSE
"Ksr2",-0.0174730840729921,0.632324533161623,FALSE,FALSE
"Osbpl1a",-0.0174895020610553,0.194462330972312,FALSE,FALSE
"Asb3",-0.0175014391833982,0.370251126851256,FALSE,FALSE
"Chuk",-0.0175141180265704,0.185447520927238,FALSE,FALSE
"Galntl6",-0.0176098968998638,0.922730199613651,FALSE,FALSE
"Bmerb1",-0.0176724510723389,0.37862202189311,FALSE,FALSE
"Med27",-0.0176883727599013,0.209916291049581,FALSE,FALSE
"Fam135b",-0.017695338543881,0.643271088216355,FALSE,FALSE
"Arih1",-0.0177071929499656,0.506761107533806,FALSE,FALSE
"Pou6f2",-0.0178286663417527,0.473277527366388,TRUE,FALSE
"Plxnc1",-0.0178342296470183,0.236316806181584,FALSE,FALSE
"Hdac8",-0.0178541961467878,0.245331616226658,FALSE,FALSE
"Rtn3",-0.017868914236155,0.722472633612363,FALSE,FALSE
"Xrcc6",-0.0178721933572137,0.366387636831938,FALSE,FALSE
"Crmp1",-0.017891829496145,0.301352221506761,FALSE,FALSE
"Ube2w",-0.0179127695122738,0.259497746297489,FALSE,FALSE
"Zranb1",-0.0179949223052262,0.249839021249195,FALSE,FALSE
"Nipa1",-0.0180323999136838,0.180940115904701,FALSE,FALSE
"Frmd3",-0.0180401718006269,0.377334191886671,FALSE,FALSE
"Dpysl3",-0.0180755987452221,0.382485511912428,FALSE,FALSE
"Acin1",-0.0180977140477439,0.34835801674179,FALSE,FALSE
"Lmbrd2",-0.0181064958555808,0.160978750804894,FALSE,FALSE
"Sfxn5",-0.0181070089594972,0.19703799098519,FALSE,FALSE
"Iqgap1",-0.0181572968447961,0.435930457179652,FALSE,FALSE
"Pacs1",-0.0181619842623028,0.499034127495171,FALSE,FALSE
"Fermt2",-0.0181916582972448,0.170637475853187,FALSE,FALSE
"Rptor",-0.0182011612562575,0.42369607211848,FALSE,FALSE
"Adam10",-0.0182368169052538,0.209272376046362,FALSE,FALSE
"Klhdc10",-0.0182557185178374,0.471989697359949,FALSE,FALSE
"Sppl2a",-0.0182937668754016,0.169993560849968,FALSE,FALSE
"Nell1",-0.018314125790253,0.577591757887959,FALSE,FALSE
"Fchsd2",-0.0183194625588935,0.556986477784932,FALSE,FALSE
"Mapk9",-0.0183405443782148,0.150032195750161,FALSE,FALSE
"Kif3b",-0.0183644266876112,0.171925305859627,FALSE,FALSE
"Plcl1",-0.0183838763136046,0.247263361236317,FALSE,FALSE
"Dcaf1",-0.0184426133670948,0.160334835801674,FALSE,FALSE
"Atp1b1",-0.0184455780818108,0.28847392144237,FALSE,FALSE
"Ext2",-0.0184553302279438,0.209916291049581,FALSE,FALSE
"Gm16083",-0.0184882836987587,0.512556342562782,FALSE,FALSE
"C2cd2",-0.0185098677710728,0.501609787508049,FALSE,FALSE
"Ptpn5",-0.0185150039046687,0.278815196394076,FALSE,FALSE
"4930570B17Rik",-0.0185338628086543,0.498390212491951,FALSE,FALSE
"Depdc5",-0.0185694279065354,0.178364455891822,FALSE,FALSE
"Cdr1os",-0.0185745262567884,0.5756600128783,FALSE,FALSE
"Glyr1",-0.0185955140892025,0.180296200901481,FALSE,FALSE
"Hs3st2",-0.0186666558711641,0.282034771410174,FALSE,FALSE
"Cacul1",-0.0186799913591367,0.160978750804894,FALSE,FALSE
"Mast1",-0.0187813653852133,0.326464906632325,FALSE,FALSE
"Ank3",-0.0187866121634789,0.990341274951706,FALSE,FALSE
"Bzw2",-0.0187955031804585,0.285254346426272,FALSE,FALSE
"Ube2d2a",-0.0188363816471193,0.208628461043142,FALSE,FALSE
"Hira",-0.0188426493635055,0.350289761751449,FALSE,FALSE
"Slc9a1",-0.0188527258402741,0.157115260785576,FALSE,FALSE
"Gm32250",-0.0188539616034501,0.304571796522859,FALSE,FALSE
"Ift88",-0.018860442862492,0.232453316162267,FALSE,FALSE
"Brd4",-0.0188749387303484,0.353509336767547,FALSE,FALSE
"Plekha6",-0.0188943222611909,0.433354797166774,FALSE,FALSE
"Pde4a",-0.0189042135104866,0.261429491307147,FALSE,FALSE
"Gm19461",-0.0189734546542196,0.251126851255634,FALSE,FALSE
"Rufy2",-0.01899328570304,0.334191886670959,FALSE,FALSE
"Dstyk",-0.019117469054384,0.19639407598197,FALSE,FALSE
"Dicer1",-0.0191201807099157,0.215711526078558,FALSE,FALSE
"Amy1",-0.0191541648271206,0.189311010946555,FALSE,FALSE
"Ppfia1",-0.0192082743049884,0.240180296200901,FALSE,FALSE
"Gm10785",-0.0192134345568391,0.372826786864134,FALSE,FALSE
"Cntn4",-0.0192172534230118,0.880875724404379,FALSE,TRUE
"Kcnma1",-0.0192495250428175,0.948486799742434,FALSE,FALSE
"Rtn1",-0.019265142201035,0.775273663876368,FALSE,FALSE
"Naa40",-0.0192953821749941,0.218931101094655,FALSE,FALSE
"Aftph",-0.0192990439685502,0.18222794591114,FALSE,FALSE
"Herc3",-0.0193628998128234,0.218931101094655,FALSE,FALSE
"Heatr3",-0.0193700952413819,0.155827430779137,FALSE,FALSE
"Nemf",-0.0193710232147819,0.22730199613651,FALSE,FALSE
"Gm15700",-0.0194088948059972,0.16741790083709,FALSE,FALSE
"Usp37",-0.0194470603356729,0.296200901481005,FALSE,FALSE
"Retreg1",-0.019474215273807,0.173213135866066,FALSE,FALSE
"Atp6v1a",-0.0194833784164349,0.164198325820992,FALSE,FALSE
"Zfp407",-0.0195026876108487,0.330328396651642,TRUE,FALSE
"Add2",-0.019546874346516,0.406954282034771,FALSE,FALSE
"Dpy19l1",-0.0196807485541121,0.284610431423052,FALSE,FALSE
"Dlgap3",-0.0197069608746042,0.314230521571153,FALSE,FALSE
"Atxn7l1os1",-0.0197162181949719,0.159690920798455,FALSE,FALSE
"Adam23",-0.0197655440178327,0.490019317450097,FALSE,FALSE
"Bbof1",-0.0197875873902858,0.188667095943335,FALSE,FALSE
"Cpne6",-0.0198064073984525,0.339343206696716,FALSE,FALSE
"Acer3",-0.0198829055225767,0.336767546683838,FALSE,FALSE
"Mapk8ip3",-0.0198864947076192,0.300708306503542,FALSE,FALSE
"Cdyl2",-0.0199590306246187,0.179652285898261,FALSE,FALSE
"Gm19938",-0.0199842408669183,0.404378622021893,FALSE,FALSE
"0610010F05Rik",-0.0199920906190079,0.332260141661301,FALSE,FALSE
"Rbm39",-0.020037489160801,0.519639407598197,FALSE,FALSE
"Rapgefl1",-0.0200628441510039,0.172569220862846,FALSE,FALSE
"Cul5",-0.0200629302359455,0.262717321313587,FALSE,FALSE
"4932443L11Rik",-0.0201183503349264,0.375402446877012,FALSE,FALSE
"Cltb",-0.0201371648461532,0.150032195750161,FALSE,FALSE
"Slit3",-0.0201738435919724,0.972955569864778,FALSE,TRUE
"Zcchc7",-0.020177896337032,0.570508692852543,FALSE,FALSE
"Zfp157",-0.0202125133069832,0.153895685769478,TRUE,FALSE
"Cenpc1",-0.0202367076062564,0.176432710882164,FALSE,FALSE
"Insr",-0.0202498207182729,0.276883451384417,FALSE,FALSE
"Tpr",-0.0202517261978358,0.325177076625885,FALSE,FALSE
"Ttc21b",-0.0202656205676049,0.178364455891822,FALSE,FALSE
"Slc1a2",-0.0202906978135754,0.280746941403735,FALSE,FALSE
"Atxn7",-0.0202966911295696,0.177076625885383,FALSE,FALSE
"Cacna1i",-0.0203017522508977,0.191886670959433,FALSE,FALSE
"Cep85l",-0.0203106164990897,0.18222794591114,FALSE,FALSE
"Kif2a",-0.0203805978631788,0.316162266580811,FALSE,FALSE
"Usp3",-0.0203885127964026,0.160334835801674,FALSE,FALSE
"Sfmbt1",-0.0203903009625611,0.215711526078558,FALSE,FALSE
"Ola1",-0.0204134560209729,0.220862846104314,FALSE,FALSE
"Mdga2",-0.0204143050452595,0.987121699935608,FALSE,FALSE
"Plekha5",-0.0204324971710324,0.718609143593046,FALSE,FALSE
"Med14",-0.0204411737786207,0.16613007083065,FALSE,FALSE
"Snrnp70",-0.0204444515355079,0.506117192530586,FALSE,FALSE
"Crtc1",-0.0204444719159651,0.247907276239536,FALSE,FALSE
"Sgms1",-0.0204611421386943,0.450740502253702,FALSE,FALSE
"Camk4",-0.0204809407666293,0.671603348358017,FALSE,FALSE
"Eif2b3",-0.0204950649245184,0.184159690920798,FALSE,FALSE
"Cit",-0.020539383005591,0.336123631680618,FALSE,FALSE
"Slc38a9",-0.0205433075719211,0.194462330972312,FALSE,FALSE
"BC052040",-0.0206061467186139,0.18158403090792,FALSE,FALSE
"Tbc1d19",-0.0206501228689889,0.266580811332904,FALSE,FALSE
"Cnrip1",-0.0206622759306644,0.24211204121056,FALSE,FALSE
"Akap12",-0.0206641389108249,0.16741790083709,FALSE,FALSE
"Cpd",-0.0206809407564195,0.285898261429491,FALSE,FALSE
"Kcnh3",-0.0207170886689154,0.1513200257566,FALSE,FALSE
"Zfp638",-0.0207253004670143,0.490019317450097,FALSE,FALSE
"L3mbtl3",-0.0207572560868395,0.160334835801674,FALSE,FALSE
"Gm13986",-0.0208754662752046,0.402446877012234,FALSE,FALSE
"5730522E02Rik",-0.0209420345777392,0.759175788795879,FALSE,FALSE
"Atg16l1",-0.0209424328515511,0.264649066323245,FALSE,FALSE
"Ttbk1",-0.0209537630780514,0.195750160978751,FALSE,FALSE
"Osbpl9",-0.0209545331128471,0.368319381841597,FALSE,FALSE
"5530401A14Rik",-0.0209583017268852,0.460399227301996,FALSE,FALSE
"Metap2",-0.0210181469307271,0.175788795878944,FALSE,FALSE
"Cdc73",-0.0210950993964489,0.185447520927238,FALSE,FALSE
"Clasrp",-0.0211068482874777,0.214423696072118,FALSE,FALSE
"Chd2",-0.0211157621977742,0.444945267224726,FALSE,FALSE
"Fgf1",-0.0211161304538249,0.201545396007727,FALSE,FALSE
"Ntng2",-0.0211320023423001,0.209916291049581,FALSE,TRUE
"Arid2",-0.021143247542377,0.201545396007727,FALSE,FALSE
"Stag1",-0.0212071362229652,0.573728267868641,FALSE,FALSE
"Trak1",-0.0212204942889383,0.198969735994849,FALSE,FALSE
"Map7d2",-0.0212596463415604,0.285898261429491,FALSE,FALSE
"Scn9a",-0.0212894259028715,0.220218931101095,FALSE,FALSE
"Cbl",-0.0212913361438271,0.264005151320026,FALSE,FALSE
"St3gal3",-0.0213002985219075,0.291693496458467,FALSE,FALSE
"Tab2",-0.021357838542829,0.19639407598197,FALSE,FALSE
"Gm9801",-0.0213645057931528,0.28783000643915,FALSE,FALSE
"Pcdh11x",-0.0213687909599261,0.171925305859627,FALSE,FALSE
"Chchd3",-0.0213767350812028,0.301996136509981,FALSE,FALSE
"D030068K23Rik",-0.0213898380800692,0.479716677398583,FALSE,FALSE
"Myo9a",-0.0213950619040626,0.658725048293625,FALSE,FALSE
"Fxr1",-0.0213998734662935,0.323889246619446,FALSE,FALSE
"Ndrg3",-0.0214298533257082,0.251770766258854,FALSE,FALSE
"Arhgef2",-0.0215126871848016,0.173213135866066,FALSE,FALSE
"Appl1",-0.0215262029155196,0.268512556342563,FALSE,FALSE
"Nr6a1",-0.0215275796568092,0.289117836445589,TRUE,FALSE
"1110051M20Rik",-0.0215286804031472,0.57630392788152,FALSE,FALSE
"Chd4",-0.0215543612629234,0.299420476497102,FALSE,FALSE
"Srgap1",-0.0215691272685323,0.517063747585319,FALSE,FALSE
"Nek1",-0.0216160988172778,0.285254346426272,FALSE,FALSE
"Lrrc4",-0.0216456434895241,0.603992273019961,FALSE,FALSE
"Nav3",-0.0216912616913809,0.981970379909852,FALSE,FALSE
"Shisa9",-0.0217135754870601,0.594333547971668,FALSE,FALSE
"Rab30",-0.0217185793296739,0.231809401159047,FALSE,FALSE
"Lin52",-0.021778347973535,0.155827430779137,FALSE,FALSE
"Rnf111",-0.0217847373178589,0.240180296200901,FALSE,FALSE
"Ptpro",-0.0218018383765535,0.264649066323245,FALSE,FALSE
"Aig1",-0.0218116065787088,0.522215067611075,FALSE,FALSE
"Mical2",-0.0218841375258748,0.542820347714102,FALSE,FALSE
"Nsd1",-0.0218940947540876,0.561493882807469,FALSE,FALSE
"Kcnj3",-0.0219396740489159,0.537669027688345,FALSE,FALSE
"Bcl2l1",-0.021948908006379,0.168705730843529,FALSE,FALSE
"9630013A20Rik",-0.0220003968492269,0.198969735994849,FALSE,FALSE
"Ndrg4",-0.0220228683116426,0.267224726336124,FALSE,FALSE
"Dnajc1",-0.022040474219822,0.520283322601417,FALSE,FALSE
"Usp48",-0.0220739681942838,0.207984546039923,FALSE,FALSE
"Tra2b",-0.0220884000768387,0.160978750804894,FALSE,FALSE
"Cntnap2",-0.0220909085978959,0.978106889890534,FALSE,FALSE
"Fat4",-0.0220915056580922,0.282034771410174,FALSE,FALSE
"Hacd3",-0.0220966651815688,0.264649066323245,FALSE,FALSE
"Aff4",-0.0221079073717844,0.389568576947843,FALSE,FALSE
"Comt",-0.0221737027377438,0.159690920798455,FALSE,FALSE
"Tmem245",-0.0222483746241989,0.189311010946555,FALSE,FALSE
"Tub",-0.0222496566558889,0.185447520927238,FALSE,FALSE
"Cyth1",-0.0222848409695003,0.192530585962653,FALSE,FALSE
"Slc16a7",-0.0222849805936452,0.339343206696716,FALSE,FALSE
"Fndc9",-0.0222855787255835,0.568576947842885,FALSE,FALSE
"Ccdc171",-0.0223531835329636,0.157759175788796,FALSE,FALSE
"Wapl",-0.0223677068271224,0.215711526078558,FALSE,FALSE
"Psmd11",-0.0223848601554269,0.206696716033484,FALSE,FALSE
"Luc7l2",-0.0224026449218993,0.569864777849324,FALSE,FALSE
"Dscaml1",-0.0224098181650851,0.734063103670315,FALSE,FALSE
"Dido1",-0.0224703148110266,0.191242755956214,FALSE,FALSE
"St7",-0.0224784118759777,0.452672247263361,FALSE,FALSE
"Greb1l",-0.0225377382050825,0.184803605924018,FALSE,FALSE
"March3",-0.0225434575111011,0.269800386349002,FALSE,FALSE
"Clk1",-0.0225548723316678,0.547971667739858,FALSE,FALSE
"Ahcyl1",-0.022586296561936,0.213135866065679,FALSE,FALSE
"Slc6a17",-0.0226706905935821,0.253058596265293,FALSE,FALSE
"Oxct1",-0.0226819984678038,0.417900837089504,FALSE,FALSE
"Nfia",-0.0227166889479895,0.158403090792015,TRUE,FALSE
"Trim2",-0.0227171779701707,0.593689632968448,FALSE,FALSE
"Apex2",-0.0227510544958724,0.358016741790084,FALSE,FALSE
"Cacna1d",-0.0227749711977467,0.648422408242112,FALSE,FALSE
"Mtif2",-0.0227967169212429,0.186091435930457,FALSE,FALSE
"Cacng8",-0.0228820883420848,0.27237604636188,FALSE,FALSE
"Pitpnc1",-0.02293056274242,0.457179652285898,FALSE,FALSE
"Ap1b1",-0.0229669237203376,0.163554410817772,FALSE,FALSE
"Shtn1",-0.0229915427623326,0.386349001931745,FALSE,FALSE
"Araf",-0.0230041761068779,0.238892466194462,FALSE,FALSE
"Aplp1",-0.0230772091017626,0.267224726336124,FALSE,FALSE
"Fam184b",-0.0231360969685184,0.229233741146169,FALSE,FALSE
"Rab2a",-0.0231549395799751,0.316806181584031,FALSE,FALSE
"Trp53bp1",-0.0231761576430066,0.278815196394076,FALSE,FALSE
"Sh3kbp1",-0.0232544139218845,0.426271732131359,FALSE,FALSE
"Ppfia3",-0.0233028677154352,0.194462330972312,FALSE,FALSE
"Gtdc1",-0.0233185059655506,0.511268512556343,FALSE,FALSE
"Chd5",-0.0233238682488685,0.641983258209916,FALSE,FALSE
"Plppr2",-0.0233355946333687,0.207340631036703,FALSE,FALSE
"Kcnt2",-0.0233629250318761,0.652929813264649,FALSE,FALSE
"Snrnp48",-0.0233750925966261,0.19703799098519,FALSE,FALSE
"Gm15283",-0.023393016786896,0.324533161622666,FALSE,FALSE
"Arhgap24",-0.0234060397741666,0.235028976175145,FALSE,FALSE
"Dgkb",-0.0234108480838808,0.71216999356085,FALSE,FALSE
"Klhl29",-0.0234146749203196,0.612363168061816,FALSE,FALSE
"Riok3",-0.0234713481593606,0.228589826142949,FALSE,FALSE
"Anxa6",-0.0234748101616629,0.188667095943335,FALSE,FALSE
"Plcxd3",-0.0235151836458762,0.241468126207341,FALSE,FALSE
"Kidins220",-0.0235609950030452,0.542176432710882,FALSE,FALSE
"Alms1",-0.0235652996582281,0.171925305859627,FALSE,FALSE
"Adk",-0.0235710447894051,0.175788795878944,FALSE,FALSE
"Pclo",-0.0235937242024453,0.777849323889247,FALSE,FALSE
"Wdr26",-0.0236079658700409,0.187379265936896,FALSE,FALSE
"Zmiz1",-0.0236140457923325,0.189954925949775,FALSE,FALSE
"Hip1",-0.0236305358338453,0.271732131358661,FALSE,FALSE
"Ckap5",-0.0236979812058079,0.400515132002576,FALSE,FALSE
"Gm11844",-0.0237520209311293,0.186091435930457,FALSE,FALSE
"Lncppara",-0.0237798500838453,0.233741146168706,FALSE,FALSE
"Gm1992",-0.023848838629769,0.744365743721829,FALSE,FALSE
"Rragb",-0.0238878051040521,0.189311010946555,FALSE,FALSE
"9330159F19Rik",-0.0239008681874586,0.426915647134578,FALSE,FALSE
"Kdm1a",-0.0239028031858696,0.314874436574372,FALSE,FALSE
"Gm12296",-0.023908951566195,0.416613007083065,FALSE,FALSE
"Zranb2",-0.0239432414077738,0.446233097231165,FALSE,FALSE
"Pitpnm3",-0.0239582976497733,0.283966516419833,FALSE,FALSE
"Faf1",-0.023974290961624,0.518995492594977,FALSE,FALSE
"Arhgap20",-0.0239767234354076,0.28783000643915,FALSE,FALSE
"Smarcad1",-0.0240561212598615,0.239536381197682,FALSE,FALSE
"Setbp1",-0.024079131712105,0.815196394075982,FALSE,FALSE
"Lmtk2",-0.024084873071772,0.368963296844816,FALSE,FALSE
"Eaf2",-0.0240858144014578,0.209916291049581,FALSE,FALSE
"Synpr",-0.0240865341463483,0.401159047005795,FALSE,FALSE
"Naa35",-0.0241405395210145,0.216999356084997,FALSE,FALSE
"Coro2b",-0.0241624622637062,0.162266580811333,FALSE,FALSE
"Syt4",-0.0241776810325396,0.236960721184804,FALSE,FALSE
"AY036118",-0.0242167311967349,0.497102382485512,FALSE,FALSE
"Gm17231",-0.0242378415014705,0.15196394075982,FALSE,FALSE
"Sacm1l",-0.024265993642803,0.214423696072118,FALSE,FALSE
"Adamts18",-0.0243360211331885,0.16677398583387,FALSE,FALSE
"Psme4",-0.0243429465994798,0.414037347070187,FALSE,FALSE
"Srpk1",-0.0243457060831645,0.238248551191243,FALSE,FALSE
"Dync1h1",-0.0243775615168449,0.392144236960721,FALSE,FALSE
"Ssh2",-0.0243797052979349,0.701223438506117,FALSE,FALSE
"Fam189a1",-0.0244366707995274,0.771410173857051,FALSE,FALSE
"Slit1",-0.0244803423730393,0.478428847392144,FALSE,TRUE
"Nav1",-0.0244914322903865,0.721184803605924,FALSE,FALSE
"Filip1l",-0.0245522621856318,0.355441081777205,FALSE,FALSE
"Slc39a11",-0.0246164755703555,0.238892466194462,FALSE,FALSE
"Pifo",-0.0246775813477799,0.254990341274952,FALSE,FALSE
"Nrxn2",-0.0246843198879874,0.663232453316162,FALSE,FALSE
"Arhgef28",-0.0246930598812846,0.550547327752737,FALSE,FALSE
"Rgs7bp",-0.0247104792738193,0.522215067611075,FALSE,FALSE
"Gm48742",-0.0247867345347672,0.408242112041211,FALSE,FALSE
"Gm37679",-0.0248749154803106,0.542820347714102,FALSE,FALSE
"Rngtt",-0.0248842177727368,0.293625241468126,FALSE,FALSE
"Adarb1",-0.0249102948115972,0.292337411461687,FALSE,FALSE
"Ino80",-0.024918203078429,0.345782356728912,FALSE,FALSE
"Ptprz1",-0.0249884071502517,0.502897617514488,FALSE,FALSE
"Piezo1",-0.0250135406455911,0.207340631036703,FALSE,FALSE
"Rock2",-0.0250733998433639,0.476497102382485,FALSE,FALSE
"Arid5b",-0.0251188554817256,0.494526722472634,TRUE,FALSE
"Tll1",-0.0251205690014963,0.16741790083709,FALSE,FALSE
"Inhba",-0.0251435823933121,0.271088216355441,FALSE,FALSE
"Gm15336",-0.0251690009072888,0.262073406310367,FALSE,FALSE
"Galnt13",-0.0251786927614881,0.517707662588538,FALSE,FALSE
"Kdm5c",-0.0251934856724256,0.234385061171925,FALSE,FALSE
"Itfg1",-0.0252466770912855,0.323245331616227,FALSE,FALSE
"Ncoa1",-0.0252928875531167,0.739214423696072,FALSE,FALSE
"Cblb",-0.0253192819095351,0.238248551191243,FALSE,FALSE
"Cwc27",-0.0253382671297983,0.297488731487444,FALSE,FALSE
"Camk2d",-0.0254934402740061,0.679974243399871,FALSE,FALSE
"Ccnd2",-0.0255307779493751,0.174500965872505,FALSE,FALSE
"Chka",-0.0255386248407556,0.384417256922086,FALSE,FALSE
"Fnbp1",-0.0255641808953887,0.392144236960721,FALSE,FALSE
"Lrrn2",-0.0255715023727337,0.320669671603348,FALSE,FALSE
"Trim46",-0.0256647700137145,0.221506761107534,FALSE,FALSE
"Cmip",-0.0256667301425379,0.700579523502898,FALSE,FALSE
"Ccnl2",-0.0256932012954197,0.240824211204121,FALSE,FALSE
"Gfod2",-0.0257577740583621,0.274951706374759,FALSE,FALSE
"Ccser1",-0.0258683077065707,0.896973599484868,FALSE,FALSE
"Mpp6",-0.0258698500941833,0.376690276883451,FALSE,FALSE
"Etv1",-0.0258785989336553,0.334835801674179,TRUE,FALSE
"Atp13a3",-0.0258996762325248,0.163554410817772,FALSE,FALSE
"Spopl",-0.0259120378087847,0.178364455891822,FALSE,FALSE
"Rars2",-0.0259290946774031,0.210560206052801,FALSE,FALSE
"Plxna2",-0.0259398326974981,0.57630392788152,FALSE,FALSE
"Crim1",-0.0260821790483227,0.218931101094655,FALSE,FALSE
"Scaf8",-0.0261433682323868,0.350289761751449,FALSE,FALSE
"Rbl2",-0.0261627371033518,0.1513200257566,FALSE,FALSE
"Tnks",-0.026166816578121,0.219575016097875,FALSE,FALSE
"Bend6",-0.0261679404915712,0.308435286542176,TRUE,FALSE
"Dynlt1a",-0.0262338488235406,0.172569220862846,FALSE,FALSE
"Larp1b",-0.0262387982358243,0.364455891822279,FALSE,FALSE
"Msh3",-0.0262544162452372,0.25692208628461,FALSE,FALSE
"Sh3gl2",-0.0262731318484169,0.600772698003863,FALSE,FALSE
"Fnip2",-0.0263821854962017,0.156471345782357,FALSE,FALSE
"Upf3b",-0.0264600468597986,0.152607855763039,FALSE,FALSE
"Gm47271",-0.0264977007856703,0.734707018673535,FALSE,FALSE
"Lrrc8d",-0.0265161780411038,0.219575016097875,FALSE,FALSE
"Fhod3",-0.0265739042626514,0.369607211848036,FALSE,FALSE
"Syngr1",-0.0266093302104203,0.170637475853187,FALSE,FALSE
"Map2k5",-0.0266288497225864,0.307791371538957,FALSE,FALSE
"Tsc22d1",-0.026647859198731,0.342562781712814,FALSE,FALSE
"Ak5",-0.0266689073093298,0.694784288473921,FALSE,FALSE
"Calm2",-0.0266830408013718,0.493882807469414,FALSE,FALSE
"Gm27153",-0.0268013227669416,0.437862202189311,FALSE,FALSE
"Hdac7",-0.0268043703960482,0.198969735994849,FALSE,FALSE
"Fbxo34",-0.0269097517279655,0.169349645846748,FALSE,FALSE
"Csnk2a1",-0.0269132631840687,0.214423696072118,FALSE,FALSE
"Srebf2",-0.0269167821747647,0.283322601416613,TRUE,FALSE
"Cacna1b",-0.0269177129315397,0.751448808757244,FALSE,FALSE
"Brwd1",-0.0269399832952632,0.345138441725692,FALSE,FALSE
"4930517O19Rik",-0.0269448100694347,0.307147456535737,FALSE,FALSE
"Ago1",-0.0269599224511848,0.159690920798455,FALSE,FALSE
"Trpc4ap",-0.0269664894583239,0.157759175788796,FALSE,FALSE
"Megf11",-0.0269776187791255,0.208628461043142,FALSE,FALSE
"Zbtb11",-0.0270366659862624,0.180940115904701,TRUE,FALSE
"Taf15",-0.0270375892053464,0.241468126207341,FALSE,FALSE
"Polr2a",-0.0270441233256175,0.172569220862846,FALSE,FALSE
"Rfx7",-0.0270592828710125,0.414681262073406,TRUE,FALSE
"Ppp2r2a",-0.0271178312229153,0.240824211204121,FALSE,FALSE
"Slc7a8",-0.0271709368541908,0.258853831294269,FALSE,FALSE
"Plekha7",-0.0272873623161027,0.176432710882164,FALSE,FALSE
"2210408I21Rik",-0.0273086622079993,0.566001287830006,FALSE,FALSE
"Elmod1",-0.0273126690836054,0.342562781712814,FALSE,FALSE
"Galnt17",-0.027313565405058,0.794591113972956,FALSE,FALSE
"Wscd2",-0.027319135078504,0.435930457179652,FALSE,FALSE
"App",-0.027386247773503,0.815840309079202,FALSE,FALSE
"Cpeb3",-0.0274299774552781,0.620090148100451,FALSE,FALSE
"Virma",-0.0274894440836376,0.234385061171925,FALSE,FALSE
"Phip",-0.0275037838933434,0.458467482292337,FALSE,FALSE
"Pgm2l1",-0.027505485624663,0.320025756600129,FALSE,FALSE
"Fbxw4",-0.0275067974099945,0.216355441081777,FALSE,FALSE
"Grm3",-0.0275632266056095,0.296200901481005,FALSE,FALSE
"Dync1li2",-0.0275875156550911,0.193174500965872,FALSE,FALSE
"Cntn3",-0.0276124591153529,0.497102382485512,FALSE,FALSE
"Tmcc3",-0.0276249589631903,0.186091435930457,FALSE,FALSE
"Fbxw8",-0.0276449989810214,0.176432710882164,FALSE,FALSE
"Copa",-0.0277243481488743,0.238248551191243,FALSE,FALSE
"Syn1",-0.0278516397111756,0.376690276883451,FALSE,FALSE
"Rimklb",-0.0279352381662666,0.155183515775918,FALSE,FALSE
"Kcnq5",-0.0279683901693237,0.949130714745654,FALSE,FALSE
"Chm",-0.0280006402338616,0.214423696072118,FALSE,FALSE
"Slc4a7",-0.0280363254280326,0.213779781068899,FALSE,FALSE
"Fndc3b",-0.0281018929843907,0.421120412105602,FALSE,FALSE
"Ddx46",-0.0281826159046107,0.291693496458467,FALSE,FALSE
"Desi2",-0.0281950473565526,0.337411461687057,FALSE,FALSE
"4930402H24Rik",-0.0282616312970564,0.733419188667096,FALSE,FALSE
"Clock",-0.0284153329881125,0.292981326464907,TRUE,FALSE
"Syn3",-0.0284901324601165,0.717321313586607,FALSE,FALSE
"Dpm1",-0.0285464761701898,0.152607855763039,FALSE,FALSE
"Raf1",-0.0285768791384155,0.237604636188023,FALSE,FALSE
"Vav3",-0.0285822888226457,0.172569220862846,FALSE,FALSE
"Tomm40",-0.0286230552085083,0.180296200901481,FALSE,FALSE
"Castor2",-0.0287571799198699,0.157759175788796,FALSE,FALSE
"Dennd5a",-0.0287676879353231,0.229233741146169,FALSE,FALSE
"Angptl2",-0.0288282658883485,0.376690276883451,FALSE,FALSE
"Epc1",-0.0289626262466505,0.314874436574372,FALSE,FALSE
"Serbp1",-0.0291523584125324,0.205408886027044,FALSE,FALSE
"Phc3",-0.0292117863077166,0.22665808113329,FALSE,FALSE
"Sec22a",-0.0292127525684166,0.21184803605924,FALSE,FALSE
"Dnm1l",-0.0292290630949546,0.205408886027044,FALSE,FALSE
"Dgkz",-0.0292734282262921,0.261429491307147,FALSE,FALSE
"Mafg",-0.0293503876460124,0.157115260785576,TRUE,FALSE
"Slc7a6os",-0.0294308342893716,0.154539600772698,FALSE,FALSE
"Top1",-0.0295291454734982,0.422408242112041,FALSE,FALSE
"Adar",-0.0295535025618999,0.263361236316806,FALSE,FALSE
"Ybx1",-0.0295580727553728,0.171925305859627,TRUE,FALSE
"Plxdc2",-0.0295621151953323,0.539600772698004,FALSE,FALSE
"Timm23",-0.0295649537399502,0.162266580811333,FALSE,FALSE
"Dock4",-0.0295834917506429,0.759175788795879,FALSE,FALSE
"D630045J12Rik",-0.0296544672760696,0.352221506761108,FALSE,FALSE
"St6galnac5",-0.0296621566946179,0.84803605924018,FALSE,FALSE
"Gm26691",-0.0296901897774853,0.278815196394076,FALSE,FALSE
"Bckdhb",-0.0296934925611585,0.155827430779137,FALSE,FALSE
"Stxbp1",-0.0297268281755895,0.45524790727624,FALSE,FALSE
"Grik1",-0.0297675363746683,0.369607211848036,FALSE,FALSE
"Akap6",-0.029854045881368,0.813264649066323,FALSE,FALSE
"Brip1os",-0.0298910204300934,0.381841596909208,FALSE,FALSE
"Hook2",-0.0299012129667064,0.356084996780425,FALSE,FALSE
"Cnot4",-0.0299699895010721,0.388924661944623,FALSE,FALSE
"Mest",-0.0299740562966984,0.1513200257566,FALSE,FALSE
"Lsamp",-0.0300237792468088,1,FALSE,FALSE
"Immp2l",-0.030069452055677,0.482936252414681,FALSE,FALSE
"Sap130",-0.03012539997197,0.24275595621378,FALSE,FALSE
"Map4k4",-0.0302086094029857,0.452028332260142,FALSE,FALSE
"Luzp1",-0.0302356854125704,0.204121056020605,FALSE,FALSE
"Cacng4",-0.0302400032467276,0.271732131358661,FALSE,FALSE
"Lysmd4",-0.0302775865457428,0.474565357372827,FALSE,FALSE
"Ttc7b",-0.030305186787272,0.415325177076626,FALSE,FALSE
"A330102I10Rik",-0.0303119061126142,0.219575016097875,FALSE,FALSE
"Upf2",-0.0303210312378271,0.305859626529298,FALSE,FALSE
"Myrip",-0.030346756268702,0.294269156471346,FALSE,FALSE
"Rnf150",-0.0304152254296809,0.529298132646491,FALSE,FALSE
"Iqcb1",-0.0304234043467928,0.176432710882164,FALSE,FALSE
"Klhl5",-0.0305998580231241,0.172569220862846,FALSE,FALSE
"Phtf2",-0.0306137538905362,0.228589826142949,FALSE,FALSE
"Senp8",-0.0306894837390553,0.16613007083065,FALSE,FALSE
"Hmgn3",-0.0307252085136545,0.204121056020605,FALSE,FALSE
"Phrf1",-0.0307471241265653,0.150676110753381,FALSE,FALSE
"Myo18a",-0.0307532439731216,0.523502897617514,FALSE,FALSE
"Cox7c",-0.0308082846306884,0.174500965872505,FALSE,FALSE
"Npepps",-0.0308358191097797,0.432710882163554,FALSE,FALSE
"Nmt1",-0.0308714860402226,0.194462330972312,FALSE,FALSE
"Zfp40",-0.0308771929740817,0.150676110753381,TRUE,FALSE
"Snx7",-0.0309025746082455,0.190598840952994,FALSE,FALSE
"Mapkap1",-0.0309402664508962,0.300064391500322,FALSE,FALSE
"Mboat2",-0.0309684049179642,0.397939471989697,FALSE,FALSE
"Znrf3",-0.0310187506321558,0.231809401159047,FALSE,FALSE
"Sobp",-0.0310464600086188,0.905988409529942,FALSE,FALSE
"Ap3b2",-0.0310495232188386,0.255634256278171,FALSE,FALSE
"Cep170",-0.0310953306515869,0.33354797166774,FALSE,FALSE
"Pcdh10",-0.0311173500595835,0.464906632324533,FALSE,TRUE
"Amph",-0.0311300165207039,0.638763683193818,FALSE,FALSE
"Nnat",-0.0312142926728358,0.699291693496458,FALSE,FALSE
"Map3k2",-0.0312168361692092,0.236960721184804,FALSE,FALSE
"Magi2",-0.0312328298645815,0.932388924661945,FALSE,FALSE
"Rasal1",-0.0313431380872699,0.241468126207341,FALSE,FALSE
"Kdm4b",-0.0313636094057574,0.213779781068899,FALSE,FALSE
"Fto",-0.0314083763253434,0.503541532517708,FALSE,FALSE
"Gm10130",-0.0314409053439213,0.169993560849968,FALSE,FALSE
"Etl4",-0.031443652200142,0.462974887314874,FALSE,FALSE
"Mcph1",-0.0315953853162481,0.278815196394076,FALSE,FALSE
"Cdh8",-0.0316232607581534,0.638763683193818,FALSE,TRUE
"Ypel2",-0.0317483013344291,0.202833226014166,FALSE,FALSE
"Zfp462",-0.0317505498398632,0.174500965872505,TRUE,FALSE
"Akap17b",-0.031772991058196,0.155183515775918,FALSE,FALSE
"Rapgef6",-0.0317814142972309,0.532517707662589,FALSE,FALSE
"4930549C15Rik",-0.0318563256582067,0.153251770766259,FALSE,FALSE
"Hook3",-0.0320173810390007,0.311654861558274,FALSE,FALSE
"Stxbp5l",-0.0320974197632031,0.695428203477141,FALSE,FALSE
"Sgsm1",-0.0321011077114422,0.412749517063748,FALSE,FALSE
"Cpne7",-0.0321428303450982,0.31873792659369,FALSE,FALSE
"Pabpc1",-0.0321652609842266,0.157759175788796,FALSE,FALSE
"Chn1",-0.032251076113096,0.338055376690277,FALSE,FALSE
"Fam133b",-0.0322519698723975,0.190598840952994,FALSE,FALSE
"Fam124a",-0.0322682320220197,0.186735350933677,FALSE,FALSE
"Sec24d",-0.0322773110862204,0.247263361236317,FALSE,FALSE
"E2f3",-0.0323820686241763,0.184803605924018,TRUE,FALSE
"Ablim1",-0.0324159600864461,0.714745653573728,FALSE,FALSE
"Tex2",-0.0324351840532484,0.158403090792015,FALSE,FALSE
"Fmn2",-0.032462633648128,0.555054732775274,FALSE,FALSE
"Fer",-0.0324672846757105,0.524146812620734,FALSE,FALSE
"Eml6",-0.0325191802647378,0.760463618802318,FALSE,FALSE
"Tnr",-0.0327300651625351,0.77269800386349,FALSE,FALSE
"Syt7",-0.0327491355391997,0.353509336767547,FALSE,FALSE
"Scfd2",-0.0327507139936859,0.315518351577592,FALSE,FALSE
"Pde10a",-0.032754524989912,0.699291693496458,FALSE,FALSE
"Gtf2i",-0.0327682902429741,0.339987121699936,TRUE,FALSE
"Gnptab",-0.0327802613482652,0.216355441081777,FALSE,FALSE
"Cask",-0.0327903041534127,0.470701867353509,FALSE,FALSE
"Zfp385b",-0.0328211535146897,0.315518351577592,TRUE,FALSE
"Stox2",-0.032827724175992,0.551835157759176,FALSE,FALSE
"Htr1f",-0.0330121452424642,0.479072762395364,FALSE,FALSE
"Tmtc1",-0.033047674835374,0.177076625885383,FALSE,FALSE
"Ano6",-0.0330583650546472,0.354153251770766,FALSE,FALSE
"Ptk2b",-0.0331385199947291,0.18222794591114,FALSE,FALSE
"Fbxo11",-0.0331654699744145,0.392144236960721,FALSE,FALSE
"Rai1",-0.033201944747709,0.37862202189311,FALSE,FALSE
"Eif2ak4",-0.0332192635248008,0.183515775917579,FALSE,FALSE
"Ppp1r9a",-0.0332383969621012,0.66709594333548,FALSE,FALSE
"Pcnx2",-0.0333383419378284,0.410173857050869,FALSE,FALSE
"Gm15414",-0.0334582963881964,0.236316806181584,FALSE,FALSE
"Dzip1",-0.0334834089033299,0.174500965872505,FALSE,FALSE
"P2ry12",-0.0335902798102293,0.25820991629105,FALSE,FALSE
"Dpp6",-0.0336297474929888,0.963296844816484,FALSE,FALSE
"1700024B18Rik",-0.0336953823034673,0.367675466838377,FALSE,FALSE
"Erbb4",-0.0338640972923351,0.399871216999356,FALSE,FALSE
"Cdh11",-0.0338795649882151,0.443013522215068,FALSE,TRUE
"Lhfpl3",-0.0338910724681329,0.569864777849324,FALSE,FALSE
"Ubr1",-0.033949759141869,0.274951706374759,FALSE,FALSE
"Dclk2",-0.0340070331213286,0.475209272376046,FALSE,FALSE
"Farsb",-0.0340354989141811,0.164842240824211,FALSE,FALSE
"Map2k1",-0.0340417751261444,0.179008370895042,FALSE,FALSE
"Rsrc1",-0.0340503612758558,0.296200901481005,FALSE,FALSE
"Mir99ahg",-0.0340540358570674,0.917578879587894,FALSE,FALSE
"Herc1",-0.0341019471416756,0.570508692852543,FALSE,FALSE
"Esyt2",-0.0341413567394108,0.441725692208628,FALSE,FALSE
"Zzef1",-0.0342435244038913,0.329684481648422,FALSE,FALSE
"Taf1b",-0.0342455853663499,0.216355441081777,FALSE,FALSE
"Prkar1b",-0.0342601787386282,0.324533161622666,FALSE,FALSE
"Hdlbp",-0.0342739299296383,0.15196394075982,FALSE,FALSE
"Pbrm1",-0.0343879910679541,0.34835801674179,FALSE,FALSE
"Speg",-0.0344461199387081,0.150032195750161,FALSE,FALSE
"Gm9866",-0.0345199706340998,0.265936896329684,FALSE,FALSE
"Nrg3",-0.0346930748770419,0.998712169993561,FALSE,TRUE
"Fgf12",-0.0347518450724701,0.965872504829362,FALSE,FALSE
"Sf3b1",-0.034954357494583,0.304571796522859,FALSE,FALSE
"Rc3h2",-0.0349556675373038,0.250482936252415,FALSE,FALSE
"Agtpbp1",-0.0351108276443307,0.405666452028332,FALSE,FALSE
"Slc24a3",-0.0351140060347327,0.608499678042498,FALSE,FALSE
"Agbl4",-0.035212414926315,0.667739858338699,FALSE,FALSE
"Slc7a14",-0.0352390622996709,0.352865421764327,FALSE,FALSE
"Galnt10",-0.0353339949008609,0.153895685769478,FALSE,FALSE
"Plxna4",-0.0353538347312027,0.824855119124276,FALSE,FALSE
"Ano4",-0.0353944354690795,0.464262717321314,FALSE,FALSE
"Washc4",-0.0354613593563551,0.168705730843529,FALSE,FALSE
"Pla2g3",-0.0356227484883696,0.177720540888603,FALSE,FALSE
"Pcnx",-0.03563209767706,0.392144236960721,FALSE,FALSE
"Grip1",-0.0357001852005138,0.917578879587894,FALSE,FALSE
"Arnt2",-0.035704388039914,0.284610431423052,TRUE,FALSE
"Abhd2",-0.0358734493553842,0.200901481004507,FALSE,FALSE
"Lnpep",-0.0358889657513274,0.238892466194462,FALSE,FALSE
"Tspan5",-0.0359082555437655,0.500965872504829,FALSE,FALSE
"Helz",-0.0359149520258685,0.336767546683838,FALSE,FALSE
"Tmod2",-0.0359176014936792,0.284610431423052,FALSE,FALSE
"Dstn",-0.0359756436515266,0.173857050869285,FALSE,FALSE
"Ryr1",-0.0359901171156196,0.189954925949775,FALSE,FALSE
"Prr14l",-0.0360186053318383,0.301352221506761,FALSE,FALSE
"Atp2b3",-0.0362298331290187,0.244687701223438,FALSE,FALSE
"Ctnna3",-0.0362473119686147,0.935608499678042,FALSE,FALSE
"Unc13c",-0.0363624046659012,0.161622665808113,FALSE,FALSE
"Wnk2",-0.0363824795461789,0.558274307791372,FALSE,FALSE
"Drosha",-0.0364574570799294,0.185447520927238,FALSE,FALSE
"Por",-0.0364683638814482,0.18222794591114,FALSE,FALSE
"Dnm2",-0.036484865564198,0.301996136509981,FALSE,FALSE
"Wwc1",-0.0364930193641984,0.508692852543464,FALSE,FALSE
"Stk39",-0.0365695089253415,0.426915647134578,FALSE,FALSE
"Miga1",-0.0366606197667135,0.179652285898261,FALSE,FALSE
"Atp6v0a1",-0.0366981192866371,0.525434642627173,FALSE,FALSE
"Tcf20",-0.0368689220411118,0.56020605280103,FALSE,FALSE
"Agap3",-0.0368860800350163,0.194462330972312,FALSE,FALSE
"Iqsec3",-0.0369514137067406,0.174500965872505,FALSE,FALSE
"Prdm11",-0.0369694342097505,0.173213135866066,TRUE,FALSE
"Sema3c",-0.0370074312980023,0.473277527366388,FALSE,TRUE
"Rit2",-0.0370277597262515,0.320669671603348,FALSE,FALSE
"Klf8",-0.0370459402909838,0.325820991629105,TRUE,FALSE
"Gm42418",-0.037240362626784,0.7269800386349,FALSE,FALSE
"Prickle1",-0.0372850539359835,0.431423052157115,FALSE,FALSE
"Mmd",-0.0373258169655873,0.157759175788796,FALSE,FALSE
"Ptpra",-0.0373352504890912,0.365743721828719,FALSE,FALSE
"Mmp16",-0.0373647632369961,0.799098518995493,FALSE,FALSE
"Bin1",-0.0374145741356718,0.31873792659369,FALSE,FALSE
"Fam120a",-0.0374365574161589,0.230521571152608,FALSE,FALSE
"Tanc2",-0.0374887944870562,0.8783000643915,FALSE,FALSE
"Dlg2",-0.0374934238302191,0.996780424983902,FALSE,FALSE
"Kcnip1",-0.0375311943409675,0.247907276239536,FALSE,FALSE
"Dtnbos",-0.0375416362150892,0.253058596265293,FALSE,FALSE
"Ncoa6",-0.0375746100884445,0.200901481004507,FALSE,FALSE
"Pdzd4",-0.037590508550959,0.437862202189311,FALSE,FALSE
"Spred2",-0.0375940000963311,0.321957501609788,FALSE,FALSE
"2900026A02Rik",-0.0376946984854326,0.259497746297489,FALSE,FALSE
"Mecr",-0.0377265526833204,0.217643271088216,FALSE,FALSE
"Timp2",-0.0377902092666131,0.157115260785576,FALSE,FALSE
"Hdac9",-0.0378026880386204,0.687701223438506,FALSE,FALSE
"Rasgrf1",-0.0378784823476067,0.347714101738571,FALSE,FALSE
"P3h3",-0.0379599473603046,0.16613007083065,FALSE,FALSE
"Cnot10",-0.0380819993811203,0.224082421120412,FALSE,FALSE
"Ppp6r3",-0.0381344504348004,0.278171281390856,FALSE,FALSE
"Kcng1",-0.0382047649130933,0.160978750804894,FALSE,FALSE
"Actr3",-0.0382166072068872,0.18158403090792,FALSE,FALSE
"Rev1",-0.0382493277989269,0.271088216355441,FALSE,FALSE
"Hspa4l",-0.0382687644452859,0.175144880875724,FALSE,FALSE
"Gm20641",-0.038285148186858,0.209916291049581,FALSE,FALSE
"Ccser2",-0.0383528211234706,0.209272376046362,FALSE,FALSE
"Psip1",-0.0383925721418569,0.392144236960721,FALSE,FALSE
"Dcc",-0.0384061784453701,0.916934964584675,FALSE,FALSE
"Gng4",-0.0384847022133541,0.158403090792015,FALSE,FALSE
"Gm35835",-0.0385656730196796,0.16677398583387,FALSE,FALSE
"Nrgn",-0.0386015979813926,0.25756600128783,FALSE,FALSE
"Slc1a1",-0.0386141146082794,0.262717321313587,FALSE,FALSE
"Actl6b",-0.0386262911483707,0.163554410817772,FALSE,FALSE
"Map2k2",-0.0387556409762281,0.215711526078558,FALSE,FALSE
"Bsn",-0.0387906393149037,0.311010946555055,FALSE,FALSE
"Eipr1",-0.0387988453213072,0.165486155827431,FALSE,FALSE
"Pkn2",-0.0388183103806631,0.329040566645203,FALSE,FALSE
"Vps13a",-0.0388299229563766,0.36381197681906,FALSE,FALSE
"Inpp5a",-0.0388946275025207,0.169993560849968,FALSE,FALSE
"Tent2",-0.0389377068917926,0.171925305859627,FALSE,FALSE
"Ccdc148",-0.0389818943202191,0.372826786864134,FALSE,FALSE
"Slc24a5",-0.0391208099119657,0.564713457823567,FALSE,FALSE
"Taf1",-0.039227047381351,0.222794591113973,FALSE,FALSE
"Mast4",-0.0392281549845866,0.405022537025113,FALSE,FALSE
"Ube2v2",-0.0394115516093249,0.15196394075982,FALSE,FALSE
"Sept3",-0.0394466116027296,0.182871860914359,FALSE,FALSE
"Camkv",-0.039476435659714,0.251126851255634,FALSE,FALSE
"Acyp2",-0.0396575322440302,0.289117836445589,FALSE,FALSE
"Picalm",-0.0396814460004676,0.222150676110753,FALSE,FALSE
"Pde4dip",-0.039693105269782,0.618802318094012,FALSE,FALSE
"Ddx10",-0.0396996274359772,0.232453316162267,FALSE,FALSE
"Bicdl1",-0.0397243701214993,0.415325177076626,FALSE,FALSE
"Shisa6",-0.0397627073119788,0.518995492594977,FALSE,FALSE
"Taok1",-0.039864017298929,0.388280746941404,FALSE,FALSE
"Serpini1",-0.0399345507375435,0.283322601416613,FALSE,FALSE
"Evl",-0.0399619080779862,0.376046361880232,FALSE,FALSE
"Nbea",-0.0399654824465046,0.9703799098519,FALSE,FALSE
"5031425E22Rik",-0.0399756652716689,0.271732131358661,FALSE,FALSE
"March11",-0.0399886174957945,0.267868641339343,FALSE,FALSE
"Gm34544",-0.040105134983097,0.28847392144237,FALSE,FALSE
"Abhd18",-0.0402677098085262,0.354153251770766,FALSE,FALSE
"Dpp8",-0.0403647158474587,0.16613007083065,FALSE,FALSE
"Pde1a",-0.0403705202688748,0.716677398583387,FALSE,FALSE
"Gsdme",-0.0403944403657272,0.519639407598197,FALSE,FALSE
"Apc",-0.0404160440169115,0.74243399871217,FALSE,FALSE
"4930547E14Rik",-0.0406374802221952,0.171925305859627,FALSE,FALSE
"Sppl3",-0.0407097908411296,0.344494526722473,FALSE,FALSE
"Atp6v1h",-0.0408721248353323,0.283322601416613,FALSE,FALSE
"Arglu1",-0.0408971380396658,0.509980682549903,FALSE,FALSE
"Csgalnact1",-0.0409469952425624,0.314230521571153,FALSE,FALSE
"Jpx",-0.0410198544859389,0.219575016097875,FALSE,FALSE
"Msra",-0.0410777079142861,0.68190598840953,FALSE,FALSE
"Trpc5",-0.0410793779372703,0.615582743077914,FALSE,FALSE
"Bicd1",-0.0410923706806478,0.573084352865422,FALSE,FALSE
"Gm15738",-0.0411226261964587,0.630392788151964,FALSE,FALSE
"Ncam1",-0.0411416647703501,0.84803605924018,FALSE,FALSE
"Cdh9",-0.0412092685162277,0.309079201545396,FALSE,TRUE
"Ptn",-0.0412217044926054,0.214423696072118,FALSE,FALSE
"Ube4a",-0.0412550920409835,0.164842240824211,FALSE,FALSE
"Tbc1d24",-0.0412809357406534,0.159690920798455,FALSE,FALSE
"Tia1",-0.041335357277869,0.37862202189311,FALSE,FALSE
"Dag1",-0.0413506227505152,0.22794591113973,FALSE,FALSE
"Galnt16",-0.0413654643860244,0.241468126207341,FALSE,FALSE
"Neurl1a",-0.0415613425303645,0.246619446233097,FALSE,FALSE
"Rock1",-0.0416333378516194,0.473921442369607,FALSE,FALSE
"4932438A13Rik",-0.0417457770663376,0.48422408242112,FALSE,FALSE
"Ankib1",-0.0418856166353463,0.261429491307147,FALSE,FALSE
"Taok3",-0.0421142207560788,0.24275595621378,FALSE,FALSE
"Yars",-0.0421516461637228,0.190598840952994,FALSE,FALSE
"Abi1",-0.0421588191282867,0.235672891178364,FALSE,FALSE
"Gabra1",-0.0421636890091933,0.273663876368319,FALSE,FALSE
"Nptn",-0.0421709255203952,0.603992273019961,FALSE,FALSE
"Mllt3",-0.042207360081974,0.502253702511269,FALSE,FALSE
"Rgs20",-0.0423030132862727,0.34835801674179,FALSE,FALSE
"Kansl1l",-0.0423043790567656,0.598840952994205,FALSE,FALSE
"Larp1",-0.042380286637328,0.25820991629105,FALSE,FALSE
"Lix1",-0.0424145051400198,0.172569220862846,FALSE,FALSE
"Ppp3cc",-0.0424492210755438,0.231165486155827,FALSE,FALSE
"Nalcn",-0.0425384336777342,0.583386992916935,FALSE,FALSE
"Raph1",-0.0426617834750693,0.46941403734707,FALSE,FALSE
"Grk4",-0.0427098318864628,0.154539600772698,FALSE,FALSE
"Snap47",-0.0427449460038504,0.171281390856407,FALSE,FALSE
"Map3k3",-0.0427835415577122,0.207340631036703,FALSE,FALSE
"Flrt3",-0.0429730842821747,0.500965872504829,FALSE,TRUE
"Stimate",-0.0430501799786671,0.206052801030264,FALSE,FALSE
"H13",-0.0432698316623849,0.186735350933677,FALSE,FALSE
"Ppp2r5e",-0.0432981183437506,0.372182871860914,FALSE,FALSE
"Syp",-0.0434418780666764,0.220218931101095,FALSE,FALSE
"Thra",-0.0435282755995116,0.404378622021893,TRUE,FALSE
"Mtor",-0.0435826206712988,0.207984546039923,FALSE,FALSE
"Reep1",-0.0436102149407787,0.667739858338699,FALSE,FALSE
"Maml3",-0.0437812301130803,0.240824211204121,FALSE,FALSE
"Ptpn1",-0.0439674613982183,0.204764971023825,FALSE,FALSE
"Rsu1",-0.044002661175239,0.186735350933677,FALSE,FALSE
"Smim4",-0.0440839083869542,0.204121056020605,FALSE,FALSE
"Gm3848",-0.0440863732921327,0.193818415969092,FALSE,FALSE
"Pxk",-0.0443816193402457,0.162910495814552,FALSE,FALSE
"Cacna1e",-0.0445183589527376,0.755956213779781,FALSE,FALSE
"Matk",-0.0445448481788462,0.372826786864134,FALSE,FALSE
"Nub1",-0.04458155962896,0.164842240824211,FALSE,FALSE
"Nfkb1",-0.0446168094821504,0.218931101094655,TRUE,FALSE
"Col4a1",-0.0447059518348618,0.161622665808113,FALSE,FALSE
"Dock9",-0.0447800053348166,0.66709594333548,FALSE,FALSE
"Ripor2",-0.0448218285741166,0.308435286542176,FALSE,FALSE
"Usp34",-0.0450059942890041,0.690920798454604,FALSE,FALSE
"Lca5",-0.0450144521055221,0.164842240824211,FALSE,FALSE
"Lrfn2",-0.0450731253799804,0.608499678042498,FALSE,FALSE
"Stmn2",-0.0450888893885506,0.537025112685126,FALSE,FALSE
"Polq",-0.0452800375774983,0.157759175788796,FALSE,FALSE
"Gm48727",-0.0453169579754327,0.350289761751449,FALSE,FALSE
"Pus7",-0.0453515442031728,0.19703799098519,FALSE,FALSE
"Gpcpd1",-0.0453707481176674,0.222150676110753,FALSE,FALSE
"Rasa1",-0.0453862270461806,0.34900193174501,FALSE,FALSE
"2210408F21Rik",-0.04544933758344,0.207984546039923,FALSE,FALSE
"Faah",-0.045686140731393,0.319381841596909,FALSE,FALSE
"Prkcb",-0.0457071226082085,0.733419188667096,FALSE,FALSE
"Cdh2",-0.045724672228776,0.581455247907276,FALSE,FALSE
"Lrig2",-0.0458987573823055,0.188667095943335,FALSE,FALSE
"Mark3",-0.0459530472121881,0.404378622021893,FALSE,FALSE
"Sema6a",-0.0461531932365686,0.24275595621378,FALSE,TRUE
"Sgsm2",-0.0461680813707128,0.268512556342563,FALSE,FALSE
"Caprin1",-0.0463222500870153,0.224082421120412,FALSE,FALSE
"Hectd4",-0.0464944357721994,0.569864777849324,FALSE,FALSE
"Rbfox1",-0.0466036368906556,0.99935608499678,FALSE,FALSE
"4930527B05Rik",-0.0467553495686364,0.198969735994849,FALSE,FALSE
"Fbrsl1",-0.0468272866040575,0.188023180940116,FALSE,FALSE
"Slc4a3",-0.046918913253771,0.389568576947843,FALSE,FALSE
"Runx1t1",-0.0470617884402651,0.284610431423052,FALSE,FALSE
"Lyn",-0.0470908207184813,0.254990341274952,FALSE,FALSE
"Megf9",-0.047096522783354,0.289117836445589,FALSE,FALSE
"C1ql3",-0.0472774824622628,0.480360592401803,FALSE,TRUE
"Adamtsl1",-0.0473485888404565,0.820347714101739,FALSE,FALSE
"Vwc2l",-0.0474511982002746,0.40952994204765,FALSE,FALSE
"Agrn",-0.0475487755233033,0.236316806181584,FALSE,FALSE
"Sorcs2",-0.0475505734856975,0.539600772698004,FALSE,FALSE
"Dpysl5",-0.0475683183792841,0.339343206696716,FALSE,FALSE
"Dtnb",-0.0475940966204581,0.438506117192531,FALSE,FALSE
"Foxn3",-0.0479095969542882,0.559562137797811,TRUE,FALSE
"Atrn",-0.0479456946929507,0.412749517063748,FALSE,FALSE
"Atr",-0.0481740701447648,0.165486155827431,FALSE,FALSE
"Rabgap1l",-0.0482998518069051,0.714745653573728,FALSE,FALSE
"Magi1",-0.0483799252565691,0.684481648422408,FALSE,FALSE
"Slc6a15",-0.0484367707868726,0.312942691564713,FALSE,FALSE
"Lmbr1",-0.0487583758977273,0.305215711526079,FALSE,FALSE
"Ralgps1",-0.0488445301032032,0.504185447520927,FALSE,FALSE
"Xkr6",-0.0488600482887356,0.343206696716033,FALSE,FALSE
"Rab3gap1",-0.0488772395639385,0.308435286542176,FALSE,FALSE
"Banp",-0.0489001003080432,0.208628461043142,TRUE,FALSE
"Deaf1",-0.0489264214429729,0.202833226014166,TRUE,FALSE
"Senp6",-0.0490301684099734,0.388280746941404,FALSE,FALSE
"Pbx3",-0.0491586060269626,0.1513200257566,TRUE,FALSE
"Cpne5",-0.0492042065883825,0.1513200257566,FALSE,FALSE
"Mgat4c",-0.0492194874664986,0.650354153251771,FALSE,FALSE
"Rpl27a",-0.0495470680692405,0.204764971023825,FALSE,FALSE
"Nploc4",-0.0495806660139963,0.211204121056021,FALSE,FALSE
"Nap1l1",-0.049656167480252,0.280103026400515,FALSE,FALSE
"Ncor2",-0.049770193311292,0.200901481004507,FALSE,FALSE
"Ddx50",-0.0497896710907508,0.268512556342563,FALSE,FALSE
"Myo16",-0.0499335785626606,0.661300708306504,FALSE,FALSE
"Xpo4",-0.0499701713413554,0.183515775917579,FALSE,FALSE
"Fat3",-0.0504369263165256,0.747585318737927,FALSE,FALSE
"Cdc42",-0.0504603382304246,0.270444301352222,FALSE,FALSE
"Gm14377",-0.0504603430319786,0.157759175788796,FALSE,FALSE
"Ptpn11",-0.0505337443906135,0.160334835801674,FALSE,FALSE
"Snhg11",-0.0506929898636519,0.995492594977463,FALSE,FALSE
"Rap1gds1",-0.0506984134286741,0.335479716677399,FALSE,FALSE
"Lrrc8b",-0.0507679475722782,0.182871860914359,FALSE,FALSE
"Lrrtm3",-0.0507955518630258,0.672891178364456,FALSE,FALSE
"Coro7",-0.0508569973074155,0.184159690920798,FALSE,FALSE
"E330018M18Rik",-0.050903744600472,0.194462330972312,FALSE,FALSE
"Dnajc6",-0.0511214252795867,0.546683837733419,FALSE,FALSE
"Bmpr2",-0.0511879451519513,0.419188667095943,FALSE,FALSE
"Galnt18",-0.0513741866904669,0.613650998068255,FALSE,FALSE
"Dctn4",-0.0514079590232193,0.268512556342563,FALSE,FALSE
"1600010M07Rik",-0.0517952239141873,0.187379265936896,FALSE,FALSE
"9630014M24Rik",-0.0518070377501574,0.15196394075982,FALSE,FALSE
"Nt5c2",-0.0519122196496225,0.344494526722473,FALSE,FALSE
"Rab8b",-0.0519152509024159,0.189311010946555,FALSE,FALSE
"Crtc3",-0.0519153646709109,0.253058596265293,FALSE,FALSE
"Adamts2",-0.0519985920444763,0.28847392144237,FALSE,FALSE
"Ppip5k1",-0.0520196200131866,0.218931101094655,FALSE,FALSE
"Ahcyl2",-0.052051134716398,0.509980682549903,FALSE,FALSE
"Cd46",-0.0521130592414265,0.294913071474565,FALSE,FALSE
"Sos1",-0.0525466225078467,0.265936896329684,FALSE,FALSE
"Cyfip1",-0.0527916481259458,0.383129426915647,FALSE,FALSE
"Cdk12",-0.0528889688714523,0.358016741790084,FALSE,FALSE
"Phactr2",-0.0531851856187131,0.205408886027044,FALSE,FALSE
"Btbd10",-0.0533208021535802,0.269156471345782,FALSE,FALSE
"Synj2bp",-0.0536231487086909,0.241468126207341,FALSE,FALSE
"Fam126b",-0.0537732317201008,0.175788795878944,FALSE,FALSE
"Tpm3",-0.0540048193774146,0.244687701223438,FALSE,FALSE
"Ryr3",-0.0541438902421867,0.789439793947199,FALSE,FALSE
"Sipa1l1",-0.054290205667967,0.600772698003863,FALSE,FALSE
"Man1a",-0.0545442132287342,0.513844172569221,FALSE,FALSE
"Ccdc93",-0.0545981908338087,0.160978750804894,FALSE,FALSE
"Cntnap4",-0.054988536873467,0.391500321957502,FALSE,FALSE
"Cadm1",-0.0550344994959962,0.951706374758532,FALSE,FALSE
"Rif1",-0.0551662404917259,0.177076625885383,FALSE,FALSE
"Brinp1",-0.0552317262853577,0.717965228589826,FALSE,FALSE
"Zhx3",-0.0552999634549792,0.22794591113973,TRUE,FALSE
"Gpc6",-0.0553561460124,0.842240824211204,FALSE,FALSE
"Epn2",-0.0554178430431898,0.352221506761108,FALSE,FALSE
"Polb",-0.0554397207637232,0.341274951706375,FALSE,FALSE
"Snhg14",-0.0554665468553135,0.965228589826143,FALSE,FALSE
"Tbc1d30",-0.0554911104048335,0.180940115904701,FALSE,FALSE
"Lingo2",-0.0556026400145296,0.86284610431423,FALSE,FALSE
"Tbc1d1",-0.0556317247623113,0.191242755956214,FALSE,FALSE
"Phc2",-0.055663333396674,0.339987121699936,FALSE,FALSE
"Pik3r3",-0.0557714637224793,0.173857050869285,FALSE,FALSE
"Rnf214",-0.0558619906644765,0.19639407598197,FALSE,FALSE
"Cnih3",-0.0558844141490147,0.356728911783645,FALSE,FALSE
"Pde4b",-0.0560862036453178,0.567933032839665,FALSE,FALSE
"Meg3",-0.0561795210231433,1,FALSE,FALSE
"Galnt7",-0.0562896322689787,0.173857050869285,FALSE,FALSE
"Gse1",-0.0563338794316612,0.295556986477785,FALSE,FALSE
"Snca",-0.0567708920185454,0.424983902124919,FALSE,FALSE
"Uimc1",-0.0570295637944894,0.19639407598197,FALSE,FALSE
"Pbx1",-0.0570738248546659,0.831294269156471,TRUE,FALSE
"Palm",-0.0570962180459617,0.247907276239536,FALSE,FALSE
"Slc10a7",-0.0571125265103594,0.186091435930457,FALSE,FALSE
"Gnas",-0.0571225646984376,0.547971667739858,FALSE,FALSE
"Cacna1h",-0.0572372228857358,0.220218931101095,FALSE,FALSE
"Sort1",-0.0572894645003948,0.277527366387637,FALSE,FALSE
"Rimbp2",-0.0572978201009924,0.669671603348358,FALSE,FALSE
"Atp13a2",-0.0574829134366615,0.18222794591114,FALSE,FALSE
"Gm4876",-0.0575159473860628,0.219575016097875,FALSE,FALSE
"Focad",-0.0578074151751777,0.462974887314874,FALSE,FALSE
"A630089N07Rik",-0.0579533039045082,0.236316806181584,FALSE,FALSE
"Ryk",-0.0580491963241153,0.209272376046362,FALSE,FALSE
"Npas2",-0.0581941872289133,0.280746941403735,TRUE,FALSE
"Kmt5b",-0.0584908880910135,0.186091435930457,FALSE,FALSE
"Eif4g1",-0.05857333354647,0.31809401159047,FALSE,FALSE
"Prkag2",-0.0586459393037193,0.346426271732131,FALSE,FALSE
"Nectin3",-0.0588827543212012,0.240824211204121,FALSE,TRUE
"Mapkbp1",-0.0590989737234474,0.221506761107534,FALSE,FALSE
"Cog5",-0.0592640045664411,0.411461687057308,FALSE,FALSE
"Rab40c",-0.0593129284611749,0.22665808113329,FALSE,FALSE
"Camta1",-0.0597434555032711,0.824211204121056,FALSE,FALSE
"N4bp2",-0.0599832418001645,0.162910495814552,FALSE,FALSE
"Tnrc6a",-0.060166014806925,0.520927237604636,FALSE,FALSE
"Ptprg",-0.060467552350427,0.795235028976175,FALSE,FALSE
"Nell1os",-0.0606335434199884,0.245331616226658,FALSE,FALSE
"Traf3",-0.0609217527084764,0.422408242112041,FALSE,FALSE
"Kmt2c",-0.060980449267119,0.463618802318094,FALSE,FALSE
"Rasgef1a",-0.0615423434102435,0.321957501609788,FALSE,FALSE
"Sipa1l3",-0.06172678404984,0.390856406954282,FALSE,FALSE
"Gm32743",-0.0619502693157572,0.184159690920798,FALSE,FALSE
"Sox5",-0.0619800423193807,0.602704443013522,TRUE,FALSE
"Lrch3",-0.0625571178269743,0.375402446877012,FALSE,FALSE
"Cdh22",-0.0631490077896191,0.306503541532518,FALSE,FALSE
"Chst11",-0.0634053549901112,0.203477141017386,FALSE,FALSE
"Srcin1",-0.06368563712438,0.412105602060528,FALSE,FALSE
"Slc4a8",-0.0639187404598535,0.172569220862846,FALSE,FALSE
"Thsd7a",-0.0640165599704767,0.538956857694784,FALSE,FALSE
"Slc35f3",-0.064177127314558,0.350289761751449,FALSE,FALSE
"Clasp2",-0.0641990752837103,0.718609143593046,FALSE,FALSE
"Gabra2",-0.0642631111970597,0.761751448808757,FALSE,FALSE
"Dzank1",-0.0643154823737877,0.165486155827431,FALSE,FALSE
"Alkbh8",-0.0643369079095402,0.188667095943335,FALSE,FALSE
"Tbc1d32",-0.0643451009774643,0.186735350933677,FALSE,FALSE
"U2surp",-0.0649294316685732,0.267868641339343,FALSE,FALSE
"Gabrb1",-0.0651237778347565,0.898905344494527,FALSE,FALSE
"Zfand3",-0.065319578178161,0.443657437218287,FALSE,FALSE
"Samd5",-0.0656416700854151,0.531229877656149,FALSE,FALSE
"Scml4",-0.0658251097376424,0.407598197037991,FALSE,FALSE
"Asic2",-0.0661231838020179,0.980038634900193,FALSE,FALSE
"Phf12",-0.066266335730569,0.207340631036703,FALSE,FALSE
"Adcy1",-0.0663892600834584,0.253702511268513,FALSE,FALSE
"Il1rapl2",-0.0664053689849645,0.758531873792659,FALSE,FALSE
"Stxbp5",-0.0664921677046722,0.508692852543464,FALSE,FALSE
"Rspry1",-0.0670743981143262,0.222794591113973,FALSE,FALSE
"Ophn1",-0.0673350891457337,0.27237604636188,FALSE,FALSE
"Flnb",-0.0677873662865375,0.405666452028332,FALSE,FALSE
"Pde4d",-0.0690660883203827,0.877656149388281,FALSE,FALSE
"Slc24a4",-0.0692810313546705,0.260785576303928,FALSE,FALSE
"Dgkh",-0.0694106773010826,0.574372182871861,FALSE,FALSE
"Pvt1",-0.0703418977217254,0.327752736638764,FALSE,FALSE
"Dlgap1",-0.0707526270196564,0.987765614938828,FALSE,FALSE
"Agrp",-0.0707825262453274,0.236960721184804,FALSE,FALSE
"Apbb2",-0.0710271649002421,0.554410817772054,FALSE,FALSE
"Arhgap32",-0.0712348184711418,0.36381197681906,FALSE,FALSE
"Cpe",-0.0713113976265587,0.701223438506117,FALSE,FALSE
"Fam193a",-0.0714562604346029,0.467482292337411,FALSE,FALSE
"Pak1",-0.071739724029793,0.22665808113329,FALSE,FALSE
"Dnm3",-0.0719912903596084,0.655505473277527,FALSE,FALSE
"Slc44a5",-0.0720024430287728,0.474565357372827,FALSE,FALSE
"Ahdc1",-0.0725817013517226,0.218931101094655,FALSE,FALSE
"Syt1",-0.072914731811368,0.979394719896974,FALSE,FALSE
"Zfr",-0.0733674106842443,0.394719896973599,FALSE,FALSE
"Dcx",-0.0737147262315132,0.253702511268513,FALSE,FALSE
"Spon1",-0.0751932160402162,0.610431423052157,FALSE,FALSE
"Sema5a",-0.0759217017489658,0.276239536381198,FALSE,TRUE
"Matn2",-0.0769956659506074,0.155183515775918,FALSE,FALSE
"Samd4b",-0.0780804113612469,0.236316806181584,FALSE,FALSE
"Gm49179",-0.0784207759259957,0.153251770766259,FALSE,FALSE
"Kcnd3",-0.0786714620400655,0.661944623309723,FALSE,FALSE
"Srgap2",-0.0792070533321196,0.707662588538313,FALSE,FALSE
"Gm13052",-0.0796099834792067,0.400515132002576,FALSE,FALSE
"Lrrfip1",-0.0800595269541614,0.413393432066967,FALSE,FALSE
"Nr3c2",-0.0809968105991499,0.331616226658081,TRUE,FALSE
"Nrcam",-0.0819707087094634,0.851899549259498,FALSE,FALSE
"Neto1",-0.0831288564349573,0.402446877012234,FALSE,FALSE
"Pcsk5",-0.0832259388576701,0.220862846104314,FALSE,FALSE
"Nrp1",-0.0854663493631269,0.300064391500322,FALSE,FALSE
"Cadps",-0.0873668471759204,0.937540244687701,FALSE,FALSE
"Dlc1",-0.0879051582043545,0.296844816484224,FALSE,FALSE
"Acaca",-0.0882757713616312,0.594333547971668,FALSE,FALSE
"Rbm10",-0.0888473929985902,0.16613007083065,FALSE,FALSE
"Gm10754",-0.0899701198698119,0.163554410817772,FALSE,FALSE
"Lamc1",-0.0910675248488192,0.157115260785576,FALSE,FALSE
"Ttc8",-0.0911544406161138,0.214423696072118,FALSE,FALSE
"Cdkl2",-0.0924341567821632,0.193818415969092,FALSE,FALSE
"Grin3a",-0.0944364467882435,0.539600772698004,FALSE,FALSE
"Slc24a2",-0.0955231910932273,0.343850611719253,FALSE,FALSE
"Schip1",-0.0973285603471213,0.858982614294913,FALSE,FALSE
"Astn2",-0.0992910760760408,0.607855763039279,FALSE,FALSE
"Ryr2",-0.101166363802962,0.791371538956858,FALSE,FALSE
"Ptk2",-0.106271649874959,0.588538312942692,FALSE,FALSE
"Dgkg",-0.1084415652705,0.428847392144237,FALSE,FALSE
