"selection","population","gene","P10_source","n_P10_libraries","n_P21_libraries","log2_CPM_ratio_P10_over_P21","pairwise_log2_ratio_min","pairwise_log2_ratio_max","pairwise_direction_consistent","depth1000_detection_difference_pp","P10_CPM_mean","P21_CPM_mean","annotation_anchor","interpretation"
"primary_singlets","Ambiguous","Mef2c","old_2023",1,2,0.407711532698038,0.286614070465525,0.53991287385124,TRUE,7.1168908647771,559.747026178122,421.824385711918,FALSE,"descriptive; no KO contrast; animal n unknown"
"primary_singlets","Ambiguous","Mef2c","new_2026",2,2,0.559149426414465,0.360437211169176,0.765002276791719,TRUE,15.6922191669877,621.752870104981,421.824385711918,FALSE,"descriptive; no KO contrast; animal n unknown"
"primary_singlets","Ambiguous","Mef2a","old_2023",1,2,-0.0755818890252663,-0.159329560306014,0.0133285226967921,FALSE,-1.59827204485097,170.205541230276,179.387105842174,FALSE,"descriptive; no KO contrast; animal n unknown"
"primary_singlets","Ambiguous","Mef2a","new_2026",2,2,0.239203734685618,0.0236862034806418,0.448849506729871,TRUE,1.65932979289067,211.828129474742,179.387105842174,FALSE,"descriptive; no KO contrast; animal n unknown"
"primary_singlets","Ambiguous","Mef2d","old_2023",1,2,-0.590691175864181,-0.755394637819514,-0.404731855997801,TRUE,-2.58038193783093,67.2757563216927,101.568124515781,FALSE,"descriptive; no KO contrast; animal n unknown"
"primary_singlets","Ambiguous","Mef2d","new_2026",2,2,-0.648000589287551,-0.925192307733901,-0.357692969996182,TRUE,-3.0047384911333,64.6362152442141,101.568124515781,FALSE,"descriptive; no KO contrast; animal n unknown"
"primary_singlets","Ambiguous","Arc","old_2023",1,2,-0.995293224148215,-1.32306948916872,-0.570455783306808,TRUE,-0.144189080287312,0.955018622863146,2.40055875307947,FALSE,"descriptive; no KO contrast; animal n unknown"
"primary_singlets","Ambiguous","Arc","new_2026",2,2,0.961808166659999,0.216113286087505,1.71029961441622,TRUE,0.277539217617092,5.14956194824665,2.40055875307947,FALSE,"descriptive; no KO contrast; animal n unknown"
"primary_singlets","Ambiguous","Homer1","old_2023",1,2,-0.0728736753487248,-0.149364562701424,0.00790089419643802,FALSE,0.740235257552653,118.103969694076,124.248803061816,FALSE,"descriptive; no KO contrast; animal n unknown"
"primary_singlets","Ambiguous","Homer1","new_2026",2,2,0.225137171385983,0.0517722233991771,0.396688199148496,TRUE,3.81834278490932,145.317426459805,124.248803061816,FALSE,"descriptive; no KO contrast; animal n unknown"
"primary_singlets","Ambiguous","Nr4a1","old_2023",1,2,0.176774533018938,0.120804465015832,0.235003934247403,TRUE,0.482466955213257,26.7405214401681,23.5991086511936,FALSE,"descriptive; no KO contrast; animal n unknown"
"primary_singlets","Ambiguous","Nr4a1","new_2026",2,2,-0.599681011274395,-0.709163691917423,-0.489853106700031,TRUE,-0.475476170620824,15.4029981156699,23.5991086511936,FALSE,"descriptive; no KO contrast; animal n unknown"
"primary_singlets","Ambiguous","Bdnf","old_2023",1,2,0.717716720209861,0.39058882103953,1.14146242534452,TRUE,0.694096150478624,16.9781088509004,10.1277218275905,FALSE,"descriptive; no KO contrast; animal n unknown"
"primary_singlets","Ambiguous","Bdnf","new_2026",2,2,1.15363121761142,0.671299976221875,1.71749356193185,TRUE,1.59606088931908,23.1438273271678,10.1277218275905,FALSE,"descriptive; no KO contrast; animal n unknown"
"primary_singlets","Ambiguous","Pcdh10","old_2023",1,2,0.693020660698245,0.652311601861879,0.734911859680408,TRUE,5.11964599699314,203.100627128896,125.438670682497,FALSE,"descriptive; no KO contrast; animal n unknown"
"primary_singlets","Ambiguous","Pcdh10","new_2026",2,2,1.42040870405371,1.19298663469766,1.62759415174828,TRUE,16.1968594665354,336.589116584416,125.438670682497,FALSE,"descriptive; no KO contrast; animal n unknown"
"primary_singlets","Ambiguous","Npas4","old_2023",1,2,-0.702903944209627,-0.764226926627877,-0.638858215393581,TRUE,-0.166032098380089,4.6689799339976,7.91395175579503,FALSE,"descriptive; no KO contrast; animal n unknown"
"primary_singlets","Ambiguous","Npas4","new_2026",2,2,0.101153398717455,-0.494991617838183,0.554497399537226,FALSE,0.267019002058813,8.52506263603324,7.91395175579503,FALSE,"descriptive; no KO contrast; animal n unknown"
"primary_singlets","Ambiguous","Fos","old_2023",1,2,-0.891268098725781,-0.936093536185505,-0.845005122295681,TRUE,-0.127882478980141,0.955018622863146,2.19877689767963,FALSE,"descriptive; no KO contrast; animal n unknown"
"primary_singlets","Ambiguous","Fos","new_2026",2,2,2.26630308563685,1.92815631874538,2.55620921981162,TRUE,1.01622800226404,12.4835122445078,2.19877689767963,FALSE,"descriptive; no KO contrast; animal n unknown"
"primary_singlets","Ambiguous","Egr1","old_2023",1,2,0.0598297976594019,-0.0503126208327824,0.179081245590547,FALSE,-0.00956042438748994,6.04845127813326,5.78243547658201,FALSE,"descriptive; no KO contrast; animal n unknown"
"primary_singlets","Ambiguous","Egr1","new_2026",2,2,3.44005410485417,3.28544521130066,3.60244237084746,TRUE,5.99224651114934,67.6847902963526,5.78243547658201,FALSE,"descriptive; no KO contrast; animal n unknown"
"primary_singlets","Ambiguous","Ncam1","old_2023",1,2,0.628188328535349,0.56528264645541,0.693962426929659,TRUE,15.7016214666662,851.452158872654,550.703133696908,FALSE,"descriptive; no KO contrast; animal n unknown"
"primary_singlets","Ambiguous","Ncam1","new_2026",2,2,0.719539005113591,0.349219472505986,1.03858958378009,TRUE,18.1028668378665,907.141827438972,550.703133696908,FALSE,"descriptive; no KO contrast; animal n unknown"
"primary_singlets","Ambiguous","Sema6d","old_2023",1,2,0.702570892893143,0.685114411638091,0.720241185755585,TRUE,12.6676062269354,762.741540126699,468.493783700122,FALSE,"descriptive; no KO contrast; animal n unknown"
"primary_singlets","Ambiguous","Sema6d","new_2026",2,2,0.189121841587772,-0.132091619928062,0.457584055315577,FALSE,2.26309247919225,534.185532984578,468.493783700122,FALSE,"descriptive; no KO contrast; animal n unknown"
"primary_singlets","Ambiguous","Cadm2","old_2023",1,2,0.445026489131474,0.439892702134239,0.450178609814921,TRUE,11.8184250086887,3253.5362217341,2389.82008550999,FALSE,"descriptive; no KO contrast; animal n unknown"
"primary_singlets","Ambiguous","Cadm2","new_2026",2,2,-0.0298939402648909,-0.280779970277619,0.185178208149223,FALSE,6.72620408616491,2340.80012384513,2389.82008550999,FALSE,"descriptive; no KO contrast; animal n unknown"
"primary_singlets","Ambiguous","Pcdh7","old_2023",1,2,0.75516457163808,0.716610977434017,0.794776800649002,TRUE,19.9096937382898,1639.23640955443,971.009053947924,FALSE,"descriptive; no KO contrast; animal n unknown"
"primary_singlets","Ambiguous","Pcdh7","new_2026",2,2,-0.141674396052574,-0.394799152153727,0.084689014171305,FALSE,4.35057134597903,880.14040886634,971.009053947924,FALSE,"descriptive; no KO contrast; animal n unknown"
"primary_singlets","Ambiguous","Grip1","old_2023",1,2,0.871576040499045,0.777320768999155,0.972422391850539,TRUE,25.734343699592,1361.64432984221,743.979245790346,FALSE,"descriptive; no KO contrast; animal n unknown"
"primary_singlets","Ambiguous","Grip1","new_2026",2,2,0.0988603135100266,-0.211350158095277,0.387504907370781,FALSE,6.09263643399741,796.783020160097,743.979245790346,FALSE,"descriptive; no KO contrast; animal n unknown"
"primary_singlets","Ambiguous","C1qa","old_2023",1,2,-1.64309688144958,-1.66904641246567,-1.61667203783763,TRUE,-0.282455843114161,0.106113180318127,1.39310706048098,TRUE,"descriptive; no KO contrast; animal n unknown"
"primary_singlets","Ambiguous","C1qa","new_2026",2,2,3.39798311791936,3.09026018425088,3.66003791065335,TRUE,1.4770553033596,19.455840240706,1.39310706048098,TRUE,"descriptive; no KO contrast; animal n unknown"
"primary_singlets","Ambiguous","C1qb","old_2023",1,2,-0.448133234560545,-0.845005122295681,0.101170163866238,FALSE,-0.125036050083032,0.955018622863146,1.48504381672232,TRUE,"descriptive; no KO contrast; animal n unknown"
"primary_singlets","Ambiguous","C1qb","new_2026",2,2,3.44575588112678,2.35963528120298,4.45954278110762,TRUE,1.70725840182642,21.1294748677615,1.48504381672232,TRUE,"descriptive; no KO contrast; animal n unknown"
"primary_singlets","Ambiguous","C1qc","old_2023",1,2,-0.619611686955026,-0.882274520381126,-0.29824077130312,TRUE,-0.612339688821999,2.22837678668067,3.69204609366019,FALSE,"descriptive; no KO contrast; animal n unknown"
"primary_singlets","Ambiguous","C1qc","new_2026",2,2,2.88525623088833,2.16789998123379,3.55183590248067,TRUE,1.92916054162121,30.4723900542883,3.69204609366019,FALSE,"descriptive; no KO contrast; animal n unknown"
"primary_singlets","Ambiguous","C3","old_2023",1,2,-0.362322014968697,-0.651670750778957,0,FALSE,-0.00607460932367867,0,0.142746616191463,FALSE,"descriptive; no KO contrast; animal n unknown"
"primary_singlets","Ambiguous","C3","new_2026",2,2,0.526854272399513,0.137060686030253,0.983080751908973,TRUE,0.0362062412005595,0.426059173648069,0.142746616191463,FALSE,"descriptive; no KO contrast; animal n unknown"
"primary_singlets","Ambiguous","C4b","old_2023",1,2,-1.89895192235595,-2.36553423739246,-1.2050226039966,TRUE,-0.483091386363333,0.212226360636255,2.15619241698775,FALSE,"descriptive; no KO contrast; animal n unknown"
"primary_singlets","Ambiguous","C4b","new_2026",2,2,-0.342872497018967,-0.843097858320406,0.383933170902379,FALSE,-0.340118437226628,1.59432764888512,2.15619241698775,FALSE,"descriptive; no KO contrast; animal n unknown"
"primary_singlets","Ambiguous","Itgam","old_2023",1,2,-1.2235205887768,-1.31865503725946,-1.12166709319811,TRUE,-0.974323386667588,1.69781088509004,4.63223716779206,FALSE,"descriptive; no KO contrast; animal n unknown"
"primary_singlets","Ambiguous","Itgam","new_2026",2,2,-0.179596994477238,-0.586028022130945,0.178159453344743,FALSE,-0.758306749814374,4.0315067897119,4.63223716779206,FALSE,"descriptive; no KO contrast; animal n unknown"
"primary_singlets","Ambiguous","Trem2","old_2023",1,2,-1.21557174910757,-1.43177920953264,-0.961151983019071,TRUE,-0.460882610767363,0.636679081908764,2.13974165847126,FALSE,"descriptive; no KO contrast; animal n unknown"
"primary_singlets","Ambiguous","Trem2","new_2026",2,2,1.91630151481171,1.14365075864797,2.57128494019222,TRUE,0.379873840607937,9.46381517374728,2.13974165847126,FALSE,"descriptive; no KO contrast; animal n unknown"
"primary_singlets","Ambiguous","Tyrobp","old_2023",1,2,-1.00862367820194,-1.50111332187965,-0.25504245823907,TRUE,-0.232359573935549,0.636679081908764,1.78698780762173,FALSE,"descriptive; no KO contrast; animal n unknown"
"primary_singlets","Ambiguous","Tyrobp","new_2026",2,2,4.10868747603124,2.82959177251221,5.36845804165956,TRUE,3.01931552581856,38.954997699763,1.78698780762173,FALSE,"descriptive; no KO contrast; animal n unknown"
"primary_singlets","Ambiguous","Cd68","old_2023",1,2,0.414668203589727,0.00400505373310611,0.990921595485427,TRUE,0.027026310507938,1.06113180318127,0.671148600265427,FALSE,"descriptive; no KO contrast; animal n unknown"
"primary_singlets","Ambiguous","Cd68","new_2026",2,2,2.1698931872576,1.37820474793908,3.04727568124709,TRUE,0.352944766741941,4.77005248517709,0.671148600265427,FALSE,"descriptive; no KO contrast; animal n unknown"
"primary_singlets","Ambiguous","Cx3cr1","old_2023",1,2,-0.427670176460167,-0.505531851395215,-0.345365406132742,TRUE,-1.10698367498771,18.9942592769448,25.7209419667477,TRUE,"descriptive; no KO contrast; animal n unknown"
"primary_singlets","Ambiguous","Cx3cr1","new_2026",2,2,-0.365415443484431,-0.709338885172608,-0.0585597339368666,TRUE,-1.07806051050876,19.8538832913426,25.7209419667477,TRUE,"descriptive; no KO contrast; animal n unknown"
"primary_singlets","Ambiguous","P2ry12","old_2023",1,2,-0.115565714065387,-0.275786173614334,0.0646972548931668,FALSE,0.0059790783594309,101.550313564448,110.0612881156,TRUE,"descriptive; no KO contrast; animal n unknown"
"primary_singlets","Ambiguous","P2ry12","new_2026",2,2,-2.27541706510731,-2.47873877887596,-2.05330324778837,TRUE,-7.57958989585544,22.3367501612395,110.0612881156,TRUE,"descriptive; no KO contrast; animal n unknown"
"primary_singlets","Ambiguous","Csf1r","old_2023",1,2,-1.23608567206039,-1.3370896287997,-1.12747443629425,TRUE,-1.10859357632334,2.86505586858944,7.42667666801227,TRUE,"descriptive; no KO contrast; animal n unknown"
"primary_singlets","Ambiguous","Csf1r","new_2026",2,2,0.917769987888092,0.746418350057324,1.09345755774226,TRUE,-0.0691006797391154,14.475020962521,7.42667666801227,TRUE,"descriptive; no KO contrast; animal n unknown"
"primary_singlets","Ambiguous","Mertk","old_2023",1,2,-1.73933875886462,-2.03902955566086,-1.36061828714913,TRUE,-6.66019194552311,25.042710555078,84.7825389172512,FALSE,"descriptive; no KO contrast; animal n unknown"
"primary_singlets","Ambiguous","Mertk","new_2026",2,2,-1.4177030636954,-2.31779781189937,-0.616285905688761,TRUE,-6.79236457659173,31.4219177302837,84.7825389172512,FALSE,"descriptive; no KO contrast; animal n unknown"
"primary_singlets","Ambiguous","Megf10","old_2023",1,2,-0.171562335190872,-0.407929990558147,0.111267659789023,FALSE,-0.491571296916769,11.1418839334034,12.611991957653,FALSE,"descriptive; no KO contrast; animal n unknown"
"primary_singlets","Ambiguous","Megf10","new_2026",2,2,-0.0971753860679907,-0.429958465837802,0.276028248462429,FALSE,-0.802446800135288,11.7578970105209,12.611991957653,FALSE,"descriptive; no KO contrast; animal n unknown"
"primary_singlets","Ambiguous","Axl","old_2023",1,2,-0.477155881876512,-0.532711512478276,-0.419374922906407,TRUE,-0.392773838312471,3.28950858986195,4.77498378398353,FALSE,"descriptive; no KO contrast; animal n unknown"
"primary_singlets","Ambiguous","Axl","new_2026",2,2,0.522923729054606,0.411667244048827,0.634334699543646,TRUE,-0.243317334248179,7.07943541729006,4.77498378398353,FALSE,"descriptive; no KO contrast; animal n unknown"
"primary_singlets","Ambiguous","Gas6","old_2023",1,2,0.451679907487631,0.436496823942394,0.46702448053771,TRUE,0.189001453289491,29.3933509481213,21.3577472728221,FALSE,"descriptive; no KO contrast; animal n unknown"
"primary_singlets","Ambiguous","Gas6","new_2026",2,2,1.11624108774046,1.04884549736641,1.18197436051091,TRUE,2.1140038028345,46.8835341596438,21.3577472728221,FALSE,"descriptive; no KO contrast; animal n unknown"
"primary_singlets","Ambiguous","Sema3e","old_2023",1,2,0.391936251979342,0.327538033762385,0.459343898174941,TRUE,0.305212492778367,31.1972750135294,23.6566863060013,FALSE,"descriptive; no KO contrast; animal n unknown"
"primary_singlets","Ambiguous","Sema3e","new_2026",2,2,0.548161513544607,0.122187787796402,0.904442510399886,TRUE,1.07568871379354,34.8224173595184,23.6566863060013,FALSE,"descriptive; no KO contrast; animal n unknown"
"primary_singlets","Ambiguous","Plxnd1","old_2023",1,2,-0.61578350940663,-0.872075658550612,-0.303910085613829,TRUE,-0.279140610568413,9.44407304831333,14.7381980264092,FALSE,"descriptive; no KO contrast; animal n unknown"
"primary_singlets","Ambiguous","Plxnd1","new_2026",2,2,0.765810757909626,0.263900944028224,1.28750607103314,TRUE,1.37213829427062,25.4098931640718,14.7381980264092,FALSE,"descriptive; no KO contrast; animal n unknown"
"primary_singlets","Ambiguous","Nrp1","old_2023",1,2,0.636526278988519,0.521220041783568,0.761855119667113,TRUE,3.57615500597325,118.952875136621,76.3392477201274,FALSE,"descriptive; no KO contrast; animal n unknown"
"primary_singlets","Ambiguous","Nrp1","new_2026",2,2,-0.0498116464689483,-0.33022998544452,0.223658374024087,FALSE,0.246702863163677,73.7315116501212,76.3392477201274,FALSE,"descriptive; no KO contrast; animal n unknown"
"primary_singlets","Ambiguous","Nrp2","old_2023",1,2,0.28381301409037,0.244087578091751,0.32466336092159,TRUE,2.4959581958834,116.406158808986,95.5287245706473,FALSE,"descriptive; no KO contrast; animal n unknown"
"primary_singlets","Ambiguous","Nrp2","new_2026",2,2,-0.203924324851675,-0.420525993857921,-0.00553391375093426,TRUE,-0.268612930679201,82.8707718220816,95.5287245706473,FALSE,"descriptive; no KO contrast; animal n unknown"
"primary_singlets","Ambiguous","Kirrel3","old_2023",1,2,0.254835525970915,0.175726555886683,0.33853532082429,TRUE,6.70093667192634,1882.02336612231,1577.21021766497,FALSE,"descriptive; no KO contrast; animal n unknown"
"primary_singlets","Ambiguous","Kirrel3","new_2026",2,2,-1.1181692627679,-1.55513106479144,-0.747972786186628,TRUE,-18.7763010160017,726.316452865501,1577.21021766497,FALSE,"descriptive; no KO contrast; animal n unknown"
"primary_singlets","Ambiguous","Sdk2","old_2023",1,2,-0.257158803078253,-0.423143167346114,-0.0695644939606845,TRUE,-0.883003339381506,103.990916711765,124.379471672694,FALSE,"descriptive; no KO contrast; animal n unknown"
"primary_singlets","Ambiguous","Sdk2","new_2026",2,2,-0.877558677168125,-1.59696112500169,-0.290961548691891,TRUE,-4.83704884666772,67.470359650937,124.379471672694,FALSE,"descriptive; no KO contrast; animal n unknown"
"primary_singlets","Ambiguous","Sema5b","old_2023",1,2,-0.236914340855395,-0.370041661300883,-0.0902419756909518,TRUE,-1.15145792790904,73.0058680588716,86.1244187876731,FALSE,"descriptive; no KO contrast; animal n unknown"
"primary_singlets","Ambiguous","Sema5b","new_2026",2,2,-0.836177751146521,-1.47972341057617,-0.31323594700119,TRUE,-4.95096441652716,48.0205537733578,86.1244187876731,FALSE,"descriptive; no KO contrast; animal n unknown"
"primary_singlets","Ambiguous","Cdh8","old_2023",1,2,0.682829095558958,0.66639220841024,0.699455411422701,TRUE,8.54798931632481,499.156400216471,310.757206285156,FALSE,"descriptive; no KO contrast; animal n unknown"
"primary_singlets","Ambiguous","Cdh8","new_2026",2,2,0.205030315695016,-0.196552499779498,0.525347914890347,FALSE,8.34150216624484,358.289471277186,310.757206285156,FALSE,"descriptive; no KO contrast; animal n unknown"
"primary_singlets","Ambiguous","Cdh9","old_2023",1,2,0.335629702382524,0.217997576945412,0.46371145065582,TRUE,2.60606392198309,194.293233162491,153.861595266078,FALSE,"descriptive; no KO contrast; animal n unknown"
"primary_singlets","Ambiguous","Cdh9","new_2026",2,2,-0.0387771922764686,-0.598611667255816,0.427289386006025,FALSE,2.87334227936521,149.767880275297,153.861595266078,FALSE,"descriptive; no KO contrast; animal n unknown"
"primary_singlets","Ambiguous","Cdh13","old_2023",1,2,0.0170090527200379,-0.00520245799235219,0.0395678826725856,FALSE,7.15316910973464,813.569753499082,804.028408378984,FALSE,"descriptive; no KO contrast; animal n unknown"
"primary_singlets","Ambiguous","Cdh13","new_2026",2,2,-1.08688176051382,-1.4598348286873,-0.782394364501164,TRUE,-13.4431089598678,378.254125718886,804.028408378984,FALSE,"descriptive; no KO contrast; animal n unknown"
"primary_singlets","Ambiguous","Cdh18","old_2023",1,2,0.0183903175500722,-0.0131622406706473,0.0506484072256335,FALSE,1.87928528043201,569.191099226435,561.975223495685,FALSE,"descriptive; no KO contrast; animal n unknown"
"primary_singlets","Ambiguous","Cdh18","new_2026",2,2,-0.71422713184487,-1.18613615049204,-0.345060146239081,TRUE,-5.2619011746262,342.346410222141,561.975223495685,FALSE,"descriptive; no KO contrast; animal n unknown"
"primary_singlets","Ambiguous","C1ql3","old_2023",1,2,0.0218586955178669,-0.250963934202136,0.358594782689784,FALSE,-0.0750556963611189,133.384267659886,131.371037900237,FALSE,"descriptive; no KO contrast; animal n unknown"
"primary_singlets","Ambiguous","C1ql3","new_2026",2,2,1.24533265780187,0.518629532836994,1.92681036155719,TRUE,16.8239567144459,312.130905803827,131.371037900237,FALSE,"descriptive; no KO contrast; animal n unknown"
"primary_singlets","Ambiguous","Slit1","old_2023",1,2,-0.215355799655493,-0.285742628940825,-0.141357979823913,TRUE,0.713646349239216,147.921773363469,171.81622497357,FALSE,"descriptive; no KO contrast; animal n unknown"
"primary_singlets","Ambiguous","Slit1","new_2026",2,2,-1.9914682194107,-2.40169407583087,-1.64261772623021,TRUE,-7.79328788396259,42.8345710745375,171.81622497357,FALSE,"descriptive; no KO contrast; animal n unknown"
"primary_singlets","Ambiguous","Slit2","old_2023",1,2,0.839144656085868,0.800796782475237,0.878539742824294,TRUE,10.134770309085,391.982088095162,218.887626291136,FALSE,"descriptive; no KO contrast; animal n unknown"
"primary_singlets","Ambiguous","Slit2","new_2026",2,2,-0.134671900639459,-0.451851521540351,0.138294447251107,FALSE,1.14411124508846,199.335134694789,218.887626291136,FALSE,"descriptive; no KO contrast; animal n unknown"
"primary_singlets","Ambiguous","Slit3","old_2023",1,2,0.261715889315167,0.245420604445165,0.278197334618664,TRUE,12.6888678615313,1072.59202665563,894.56100138293,FALSE,"descriptive; no KO contrast; animal n unknown"
"primary_singlets","Ambiguous","Slit3","new_2026",2,2,-1.58746229932099,-1.94484943097918,-1.29531058930045,TRUE,-12.649004981859,297.337148891981,894.56100138293,FALSE,"descriptive; no KO contrast; animal n unknown"
"primary_singlets","Ambiguous","Robo1","old_2023",1,2,0.232704529164389,0.178219451526227,0.289328335718642,TRUE,9.25361492328259,1588.08985664109,1351.45034761503,FALSE,"descriptive; no KO contrast; animal n unknown"
"primary_singlets","Ambiguous","Robo1","new_2026",2,2,-0.625541725347206,-0.920594666516589,-0.362789966438973,TRUE,-6.53840443875882,875.802234114706,1351.45034761503,FALSE,"descriptive; no KO contrast; animal n unknown"
"primary_singlets","Ambiguous","Robo2","old_2023",1,2,0.840429672415628,0.754693980819274,0.931584136886084,TRUE,18.8463386023207,892.411846475451,498.170921354048,FALSE,"descriptive; no KO contrast; animal n unknown"
"primary_singlets","Ambiguous","Robo2","new_2026",2,2,0.0377189250731,-0.333028904809163,0.36676170411787,FALSE,6.90382545301121,511.38048421608,498.170921354048,FALSE,"descriptive; no KO contrast; animal n unknown"
"primary_singlets","Ambiguous","Ntng1","old_2023",1,2,-0.0946322308722306,-0.123858719236036,-0.064801400760178,TRUE,1.74017629941165,384.023599571303,410.091674674679,FALSE,"descriptive; no KO contrast; animal n unknown"
"primary_singlets","Ambiguous","Ntng1","new_2026",2,2,-0.998392170844115,-1.4012317103559,-0.672071134332531,TRUE,-7.10440051158698,205.024759336127,410.091674674679,FALSE,"descriptive; no KO contrast; animal n unknown"
"primary_singlets","Ambiguous","Ntng2","old_2023",1,2,0.435499019776744,0.358759484153144,0.516550925311837,TRUE,0.606604299104252,43.5064039304322,32.040004806662,FALSE,"descriptive; no KO contrast; animal n unknown"
"primary_singlets","Ambiguous","Ntng2","new_2026",2,2,-0.909150493327519,-1.57608256758492,-0.410453162364364,TRUE,-1.40112920659394,16.8275054328949,32.040004806662,FALSE,"descriptive; no KO contrast; animal n unknown"
"primary_singlets","Ambiguous","Lrrc4c","old_2023",1,2,0.364583915620191,0.302406625399367,0.429562089055798,TRUE,9.68310114034691,2925.1159286495,2271.80496459067,FALSE,"descriptive; no KO contrast; animal n unknown"
"primary_singlets","Ambiguous","Lrrc4c","new_2026",2,2,-0.567001397803196,-0.877786650923548,-0.290024448343591,TRUE,-1.00901906670474,1533.34752187017,2271.80496459067,FALSE,"descriptive; no KO contrast; animal n unknown"
"primary_singlets","Ambiguous","Lrrc4","old_2023",1,2,-0.0190005017421611,-0.0500174263356286,0.0126979438748354,FALSE,2.06310758655734,290.325661350396,294.181210591175,FALSE,"descriptive; no KO contrast; animal n unknown"
"primary_singlets","Ambiguous","Lrrc4","new_2026",2,2,-2.32818709883461,-2.55463411633615,-2.12440123984545,TRUE,-17.6634050403842,58.181106322856,294.181210591175,FALSE,"descriptive; no KO contrast; animal n unknown"
"primary_singlets","Ambiguous","Adgrb3","old_2023",1,2,0.356006572497181,0.35198854818351,0.360035818599826,TRUE,12.3014452101583,3314.76352677766,2589.79602293088,FALSE,"descriptive; no KO contrast; animal n unknown"
"primary_singlets","Ambiguous","Adgrb3","new_2026",2,2,-0.475327685676124,-0.728385977707532,-0.258985597282821,TRUE,-4.36734044665151,1862.70871791781,2589.79602293088,FALSE,"descriptive; no KO contrast; animal n unknown"
"primary_singlets","Ambiguous","Igsf21","old_2023",1,2,0.0777552003120162,-0.023983424358522,0.187216457873303,FALSE,0.488234081756696,80.858243402413,76.5894443938219,FALSE,"descriptive; no KO contrast; animal n unknown"
"primary_singlets","Ambiguous","Igsf21","new_2026",2,2,-0.777769008640192,-1.03036554490847,-0.531741870898983,TRUE,-2.62026336268266,44.4638110679275,76.5894443938219,FALSE,"descriptive; no KO contrast; animal n unknown"
"primary_singlets","Ambiguous","Nrxn2","old_2023",1,2,0.123155139756422,0.060337974423609,0.188832469645785,TRUE,1.43147029995432,321.522936363926,295.174189236804,FALSE,"descriptive; no KO contrast; animal n unknown"
"primary_singlets","Ambiguous","Nrxn2","new_2026",2,2,0.0331616028267642,-0.306960846199694,0.331339096978272,FALSE,0.307662401776348,302.049229857454,295.174189236804,FALSE,"descriptive; no KO contrast; animal n unknown"
"primary_singlets","Ambiguous","Cntn4","old_2023",1,2,-0.123310188712272,-0.1380984721893,-0.108368747277405,TRUE,3.03246978029954,917.348443850211,999.249145273314,FALSE,"descriptive; no KO contrast; animal n unknown"
"primary_singlets","Ambiguous","Cntn4","new_2026",2,2,-1.13921009764888,-1.40452336046116,-0.910878417931505,TRUE,-6.61573020763641,453.394197412616,999.249145273314,FALSE,"descriptive; no KO contrast; animal n unknown"
"primary_singlets","Ambiguous","Cntn6","old_2023",1,2,0.73443808638586,0.695146401041678,0.774829909747719,TRUE,7.11318735065661,280.881588302083,168.624989557407,FALSE,"descriptive; no KO contrast; animal n unknown"
"primary_singlets","Ambiguous","Cntn6","new_2026",2,2,-0.244027541625215,-0.553564446627447,0.023885307499552,FALSE,-0.243846661655436,142.306565007361,168.624989557407,FALSE,"descriptive; no KO contrast; animal n unknown"
"primary_singlets","Ambiguous","Ptprg","old_2023",1,2,0.395172739960406,0.349508997533622,0.442329192701632,TRUE,9.77952030115789,893.154638737678,679.033490846323,FALSE,"descriptive; no KO contrast; animal n unknown"
"primary_singlets","Ambiguous","Ptprg","new_2026",2,2,-0.317786032408258,-0.778822216175948,0.0514994431383844,FALSE,-5.38294014040765,544.689819932281,679.033490846323,FALSE,"descriptive; no KO contrast; animal n unknown"
"primary_singlets","Ambiguous","Plxna1","old_2023",1,2,0.159755291234206,0.0696661470746252,0.255846963386718,TRUE,0.15480717925787,17.4025615721729,15.5259595206907,FALSE,"descriptive; no KO contrast; animal n unknown"
"primary_singlets","Ambiguous","Plxna1","new_2026",2,2,1.76593203448382,1.27559538125951,2.17500447751701,TRUE,3.87053328051107,54.0032693674375,15.5259595206907,FALSE,"descriptive; no KO contrast; animal n unknown"
"primary_singlets","Ambiguous","Plxna3","old_2023",1,2,1.00377143214321,0.848349152256676,1.17798184374623,TRUE,0.78428298051673,19.4187119982173,9.433354673951,FALSE,"descriptive; no KO contrast; animal n unknown"
"primary_singlets","Ambiguous","Plxna3","new_2026",2,2,0.143865163719487,-0.191894834415902,0.478355067376435,FALSE,0.016772909563026,10.4749783449964,9.433354673951,FALSE,"descriptive; no KO contrast; animal n unknown"
"primary_singlets","Astrocyte","Mef2c","old_2023",1,2,0.377368867611539,0.332852123046361,0.423303105189229,TRUE,7.24864884958112,343.77040461128,264.533237298854,FALSE,"descriptive; no KO contrast; animal n unknown"
"primary_singlets","Astrocyte","Mef2c","new_2026",2,2,0.985155656784611,0.698120804079364,1.23864710788795,TRUE,21.0504452676144,524.140416935339,264.533237298854,FALSE,"descriptive; no KO contrast; animal n unknown"
"primary_singlets","Astrocyte","Mef2a","old_2023",1,2,0.406661061661819,0.334088489762089,0.483078552409117,TRUE,4.19965376202459,170.804163297428,128.726249579226,FALSE,"descriptive; no KO contrast; animal n unknown"
"primary_singlets","Astrocyte","Mef2a","new_2026",2,2,0.543176234207294,0.342166552236855,0.737525493921021,TRUE,5.41552788648188,187.805532420937,128.726249579226,FALSE,"descriptive; no KO contrast; animal n unknown"
"primary_singlets","Astrocyte","Mef2d","old_2023",1,2,0.214741897654007,0.0426250565985233,0.410209957013822,TRUE,0.533107057948861,84.3210426405026,72.5903184510042,FALSE,"descriptive; no KO contrast; animal n unknown"
"primary_singlets","Astrocyte","Mef2d","new_2026",2,2,-0.328882982932937,-0.531712961310505,-0.103342023610075,TRUE,-1.50384753292242,57.6910523425574,72.5903184510042,FALSE,"descriptive; no KO contrast; animal n unknown"
"primary_singlets","Astrocyte","Arc","old_2023",1,2,-2.40816304079169,-3.26543101185572,0,FALSE,-0.15382668745822,0,2.15399019503663,FALSE,"descriptive; no KO contrast; animal n unknown"
"primary_singlets","Astrocyte","Arc","new_2026",2,2,1.0204533860914,-0.0499870619701075,3.61430767149388,FALSE,0.420021991711201,4.8837686900942,2.15399019503663,FALSE,"descriptive; no KO contrast; animal n unknown"
"primary_singlets","Astrocyte","Homer1","old_2023",1,2,0.0228975729249524,-0.185799041933163,0.266973686202611,FALSE,0.358741216244745,60.538184459848,59.5770710220374,FALSE,"descriptive; no KO contrast; animal n unknown"
"primary_singlets","Astrocyte","Homer1","new_2026",2,2,1.11595177372119,0.611359439930094,1.60544269391196,TRUE,7.56753490836078,129.709811042631,59.5770710220374,FALSE,"descriptive; no KO contrast; animal n unknown"
"primary_singlets","Astrocyte","Nr4a1","old_2023",1,2,0.458514596752525,0.104835429088459,0.928074567705426,TRUE,0.0543219323214408,8.64831206569258,6.15754826628249,FALSE,"descriptive; no KO contrast; animal n unknown"
"primary_singlets","Astrocyte","Nr4a1","new_2026",2,2,0.616020497021808,0.0469450196588301,1.27295610756889,TRUE,0.258894756747809,9.70363632560373,6.15754826628249,FALSE,"descriptive; no KO contrast; animal n unknown"
"primary_singlets","Astrocyte","Bdnf","old_2023",1,2,0.771051172778352,0.311182064267239,1.45008602285473,TRUE,0.366068325658433,10.8103900821157,6.12777951336684,FALSE,"descriptive; no KO contrast; animal n unknown"
"primary_singlets","Astrocyte","Bdnf","new_2026",2,2,1.82822211993356,1.30230137208346,2.57041646319032,TRUE,1.82555577056413,23.0351921897069,6.12777951336684,FALSE,"descriptive; no KO contrast; animal n unknown"
"primary_singlets","Astrocyte","Pcdh10","old_2023",1,2,0.141642211583923,-0.0846376101470749,0.410136635852282,FALSE,2.63724282728444,268.09767403647,242.980224302882,FALSE,"descriptive; no KO contrast; animal n unknown"
"primary_singlets","Astrocyte","Pcdh10","new_2026",2,2,0.622453604650898,0.21840063407924,1.04919904530032,TRUE,10.1143133590944,374.335658515893,242.980224302882,FALSE,"descriptive; no KO contrast; animal n unknown"
"primary_singlets","Astrocyte","Npas4","old_2023",1,2,-2.90530070440211,-3.26543101185572,-2.42425509619858,TRUE,-0.326428554925726,0,3.24586966901278,FALSE,"descriptive; no KO contrast; animal n unknown"
"primary_singlets","Astrocyte","Npas4","new_2026",2,2,0.976995871001385,0.304866997306557,1.7144180275292,TRUE,0.385613522981055,6.87322905148745,3.24586966901278,FALSE,"descriptive; no KO contrast; animal n unknown"
"primary_singlets","Astrocyte","Fos","old_2023",1,2,1.39096794835931,1.05091603305671,1.83672713973214,TRUE,0.496582646790365,6.48623404926943,2.16391311267518,FALSE,"descriptive; no KO contrast; animal n unknown"
"primary_singlets","Astrocyte","Fos","new_2026",2,2,2.88077734645664,1.8803789183178,3.77783859930536,TRUE,1.35140858700348,19.1209688235016,2.16391311267518,FALSE,"descriptive; no KO contrast; animal n unknown"
"primary_singlets","Astrocyte","Egr1","old_2023",1,2,-0.295248882818908,-0.372187925435723,-0.213974379101681,TRUE,-0.233764813414933,4.32415603284629,5.41970569932651,FALSE,"descriptive; no KO contrast; animal n unknown"
"primary_singlets","Astrocyte","Egr1","new_2026",2,2,3.43601462985395,3.05809312970669,3.76618890743696,TRUE,5.43980657302094,63.5683567603534,5.41970569932651,FALSE,"descriptive; no KO contrast; animal n unknown"
"primary_singlets","Astrocyte","Ncam1","old_2023",1,2,0.62674408290052,0.575062578339956,0.680345975087365,TRUE,18.6217669272294,1442.10603695424,933.784140429735,FALSE,"descriptive; no KO contrast; animal n unknown"
"primary_singlets","Astrocyte","Ncam1","new_2026",2,2,0.0538694106020147,-0.238179040145472,0.313451819997589,FALSE,5.77036288284111,969.329265364097,933.784140429735,FALSE,"descriptive; no KO contrast; animal n unknown"
"primary_singlets","Astrocyte","Sema6d","old_2023",1,2,1.02998342853086,0.884391061735403,1.19193487438079,TRUE,23.2578921262759,1710.20371099071,837.258591682035,FALSE,"descriptive; no KO contrast; animal n unknown"
"primary_singlets","Astrocyte","Sema6d","new_2026",2,2,-0.336820832565205,-0.511425076625192,-0.14642944144987,TRUE,-9.80850399003265,662.824008744037,837.258591682035,FALSE,"descriptive; no KO contrast; animal n unknown"
"primary_singlets","Astrocyte","Cadm2","old_2023",1,2,0.287899475686012,0.220133890596204,0.359005671590056,TRUE,2.99767490473367,3532.83547883542,2893.63307381437,FALSE,"descriptive; no KO contrast; animal n unknown"
"primary_singlets","Astrocyte","Cadm2","new_2026",2,2,-0.234204987291295,-0.482731429644732,-0.00248523269797651,TRUE,-4.53724729149344,2459.956946235,2893.63307381437,FALSE,"descriptive; no KO contrast; animal n unknown"
"primary_singlets","Astrocyte","Pcdh7","old_2023",1,2,0.492482336060649,0.40623294611002,0.584217728350371,TRUE,15.6879805733592,1351.29876026447,960.359942419492,FALSE,"descriptive; no KO contrast; animal n unknown"
"primary_singlets","Astrocyte","Pcdh7","new_2026",2,2,-0.0701073568526995,-0.324258404695941,0.172010408419975,FALSE,2.13246427276468,914.783579409294,960.359942419492,FALSE,"descriptive; no KO contrast; animal n unknown"
"primary_singlets","Astrocyte","Grip1","old_2023",1,2,2.0693400591178,1.91498109969629,2.24221531325773,TRUE,46.6251128167824,1582.64110802174,376.712605168582,FALSE,"descriptive; no KO contrast; animal n unknown"
"primary_singlets","Astrocyte","Grip1","new_2026",2,2,0.986038725351709,0.659050776118939,1.31307662060144,TRUE,19.1890073542349,746.659684730293,376.712605168582,FALSE,"descriptive; no KO contrast; animal n unknown"
"primary_singlets","Astrocyte","C1qa","old_2023",1,2,-1.66170998108952,-1.95307408153954,-1.2962161589785,TRUE,-0.126185178370725,0,1.08195655633759,TRUE,"descriptive; no KO contrast; animal n unknown"
"primary_singlets","Astrocyte","C1qa","new_2026",2,2,3.53705242429946,3.00325087517838,4.11004441397255,TRUE,1.69141529433808,17.8634141380531,1.08195655633759,TRUE,"descriptive; no KO contrast; animal n unknown"
"primary_singlets","Astrocyte","C1qb","old_2023",1,2,-2.6030249215468,-3.04949075908177,-1.95307408153954,TRUE,-0.250387652113411,0,2.53779585497245,TRUE,"descriptive; no KO contrast; animal n unknown"
"primary_singlets","Astrocyte","C1qb","new_2026",2,2,2.75718169843073,1.93070841078802,3.70762692511836,TRUE,1.62173896817782,20.0377555277854,2.53779585497245,TRUE,"descriptive; no KO contrast; animal n unknown"
"primary_singlets","Astrocyte","C1qc","old_2023",1,2,0.204737317698375,-0.0117022438603165,0.459478770798727,FALSE,0.00467981599373954,2.16207801642314,1.80987620565502,FALSE,"descriptive; no KO contrast; animal n unknown"
"primary_singlets","Astrocyte","C1qc","new_2026",2,2,3.45682315870881,2.94752623873315,3.95488790478125,TRUE,2.29756929957157,24.8627397648562,1.80987620565502,FALSE,"descriptive; no KO contrast; animal n unknown"
"primary_singlets","Astrocyte","C3","old_2023",1,2,0,0,0,FALSE,0,0,0,FALSE,"descriptive; no KO contrast; animal n unknown"
"primary_singlets","Astrocyte","C3","new_2026",2,2,0.826708974534062,0.595702661046535,1.02578088709494,TRUE,0.0569232651263766,0.38681739521545,0,FALSE,"descriptive; no KO contrast; animal n unknown"
"primary_singlets","Astrocyte","C4b","old_2023",1,2,-1.36993233658462,-1.4646640831001,-1.26854032108488,TRUE,-2.08024078603375,8.64831206569258,23.1445850135795,FALSE,"descriptive; no KO contrast; animal n unknown"
"primary_singlets","Astrocyte","C4b","new_2026",2,2,-2.6942283615392,-2.87599240423991,-2.51075700046836,TRUE,-2.68417456645869,3.15332361474707,23.1445850135795,FALSE,"descriptive; no KO contrast; animal n unknown"
"primary_singlets","Astrocyte","Itgam","old_2023",1,2,-2.6030249215468,-3.04949075908177,-1.95307408153954,TRUE,-0.23559409950241,0,2.53779585497245,FALSE,"descriptive; no KO contrast; animal n unknown"
"primary_singlets","Astrocyte","Itgam","new_2026",2,2,0.270891545566397,-1.32683327761738,1.55289449787162,FALSE,0.128466390547449,3.16526235172319,2.53779585497245,FALSE,"descriptive; no KO contrast; animal n unknown"
"primary_singlets","Astrocyte","Trem2","old_2023",1,2,0.75084287124874,0.459478770798727,1.11633669335976,TRUE,0.107912000381292,2.16207801642314,1.08195655633759,FALSE,"descriptive; no KO contrast; animal n unknown"
"primary_singlets","Astrocyte","Trem2","new_2026",2,2,2.46322668188952,1.90179877618957,3.05611303783382,TRUE,0.698774857363483,8.22367886703406,1.08195655633759,FALSE,"descriptive; no KO contrast; animal n unknown"
"primary_singlets","Astrocyte","Tyrobp","old_2023",1,2,0,0,0,FALSE,0,0,0,FALSE,"descriptive; no KO contrast; animal n unknown"
"primary_singlets","Astrocyte","Tyrobp","new_2026",2,2,6.17071727658899,5.81837181213,6.45367938799253,TRUE,3.40292239657531,35.5197753076687,0,FALSE,"descriptive; no KO contrast; animal n unknown"
"primary_singlets","Astrocyte","Cd68","old_2023",1,2,0.452103135700167,0.444765016090537,0.459478770798727,TRUE,0.161089672071676,2.16207801642314,1.44591638099631,FALSE,"descriptive; no KO contrast; animal n unknown"
"primary_singlets","Astrocyte","Cd68","new_2026",2,2,1.22692548363587,1.10475059324815,1.34066714200843,TRUE,0.276317876320673,4.05476051434729,1.44591638099631,FALSE,"descriptive; no KO contrast; animal n unknown"
"primary_singlets","Astrocyte","Cx3cr1","old_2023",1,2,0.452504721606184,0.292506389984217,0.632486485506015,TRUE,0.72052014833086,19.4587021478083,14.0852810676658,TRUE,"descriptive; no KO contrast; animal n unknown"
"primary_singlets","Astrocyte","Cx3cr1","new_2026",2,2,0.409541338172398,-0.0766388792748551,0.855386416518743,FALSE,0.530963395718349,18.8730959724351,14.0852810676658,TRUE,"descriptive; no KO contrast; animal n unknown"
"primary_singlets","Astrocyte","P2ry12","old_2023",1,2,0.157805804710582,0.0321649879679411,0.295441261109807,TRUE,0.889719097812132,77.8348085912332,69.7183315242887,TRUE,"descriptive; no KO contrast; animal n unknown"
"primary_singlets","Astrocyte","P2ry12","new_2026",2,2,-1.5396013402874,-1.8344785433198,-1.2505139193156,TRUE,-4.53438296964414,23.6537363293087,69.7183315242887,TRUE,"descriptive; no KO contrast; animal n unknown"
"primary_singlets","Astrocyte","Csf1r","old_2023",1,2,-0.748944465624042,-0.85287815951746,-0.636937906743508,TRUE,-0.233904063537158,2.16207801642314,3.97378931833021,TRUE,"descriptive; no KO contrast; animal n unknown"
"primary_singlets","Astrocyte","Csf1r","new_2026",2,2,1.50197296849844,1.14006674861476,1.8327454156541,TRUE,0.569925863211479,12.1711036784568,3.97378931833021,TRUE,"descriptive; no KO contrast; animal n unknown"
"primary_singlets","Astrocyte","Mertk","old_2023",1,2,-1.78172853020345,-1.82658917575532,-1.73542805010227,TRUE,-35.1672980597596,352.418716676973,1212.96826510165,FALSE,"descriptive; no KO contrast; animal n unknown"
"primary_singlets","Astrocyte","Mertk","new_2026",2,2,-3.30577863401819,-3.46190048127425,-3.15618650990587,TRUE,-52.8058593397266,122.21280832012,1212.96826510165,FALSE,"descriptive; no KO contrast; animal n unknown"
"primary_singlets","Astrocyte","Megf10","old_2023",1,2,-0.363571520587926,-0.428005766636234,-0.29612439895007,TRUE,-2.00678401296996,129.724680985389,167.047995134447,FALSE,"descriptive; no KO contrast; animal n unknown"
"primary_singlets","Astrocyte","Megf10","new_2026",2,2,-2.07951379394074,-2.33641618525971,-1.84227930016421,TRUE,-11.1667038835043,39.1408727107532,167.047995134447,FALSE,"descriptive; no KO contrast; animal n unknown"
"primary_singlets","Astrocyte","Axl","old_2023",1,2,-0.54412108466026,-0.672426696332107,-0.403280825666561,TRUE,-1.93554642885634,36.7553262791935,53.8231742509679,FALSE,"descriptive; no KO contrast; animal n unknown"
"primary_singlets","Astrocyte","Axl","new_2026",2,2,-1.94379075582853,-2.35107272626422,-1.56927786390743,TRUE,-4.03064001753289,13.6203615276593,53.8231742509679,FALSE,"descriptive; no KO contrast; animal n unknown"
"primary_singlets","Astrocyte","Gas6","old_2023",1,2,-0.394337903696482,-0.523649219135087,-0.252284744730425,TRUE,-0.820816789610292,21.6207801642314,28.5742136305445,FALSE,"descriptive; no KO contrast; animal n unknown"
"primary_singlets","Astrocyte","Gas6","new_2026",2,2,0.613898224320949,0.468929622600603,0.771440566865455,TRUE,2.10183127065769,43.9948510233373,28.5742136305445,FALSE,"descriptive; no KO contrast; animal n unknown"
"primary_singlets","Astrocyte","Sema3e","old_2023",1,2,0.462821624886653,0.252405408198974,0.709254629835678,TRUE,0.285151509332994,8.64831206569258,6.13770243100539,FALSE,"descriptive; no KO contrast; animal n unknown"
"primary_singlets","Astrocyte","Sema3e","new_2026",2,2,2.11384470101353,1.39386310469467,2.73608560788937,TRUE,2.00909385416112,28.2308477153129,6.13770243100539,FALSE,"descriptive; no KO contrast; animal n unknown"
"primary_singlets","Astrocyte","Plxnd1","old_2023",1,2,-1.72846482266575,-1.90402091884878,-1.52854731902391,TRUE,-0.599336042928629,2.16207801642314,8.32146137895768,FALSE,"descriptive; no KO contrast; animal n unknown"
"primary_singlets","Astrocyte","Plxnd1","new_2026",2,2,1.52759315855935,0.971970414654148,2.02804198389583,TRUE,1.42281830309233,24.9326666528592,8.32146137895768,FALSE,"descriptive; no KO contrast; animal n unknown"
"primary_singlets","Astrocyte","Nrp1","old_2023",1,2,0.583905235982588,0.554372947881793,0.614054712570985,TRUE,3.76801112297308,116.75221288685,77.7254476667804,FALSE,"descriptive; no KO contrast; animal n unknown"
"primary_singlets","Astrocyte","Nrp1","new_2026",2,2,0.0590077819116475,-0.17360108098129,0.267143819382847,FALSE,0.540935781168002,80.9912856517288,77.7254476667804,FALSE,"descriptive; no KO contrast; animal n unknown"
"primary_singlets","Astrocyte","Nrp2","old_2023",1,2,1.3343557170405,0.800139420875312,2.19202141460245,TRUE,1.29514710179302,34.5932482627703,13.4168989241797,FALSE,"descriptive; no KO contrast; animal n unknown"
"primary_singlets","Astrocyte","Nrp2","new_2026",2,2,2.23264197409856,1.44689995773758,3.30442302925681,TRUE,5.48102054131447,64.9085733727776,13.4168989241797,FALSE,"descriptive; no KO contrast; animal n unknown"
"primary_singlets","Astrocyte","Kirrel3","old_2023",1,2,-0.0412703641320241,-0.0856646689424903,0.00453352289778763,FALSE,5.0078459183504,1935.05982469871,1991.22886164639,FALSE,"descriptive; no KO contrast; animal n unknown"
"primary_singlets","Astrocyte","Kirrel3","new_2026",2,2,-1.38590313540828,-1.61606360423618,-1.17554728191977,TRUE,-34.0617680875462,761.634816373064,1991.22886164639,FALSE,"descriptive; no KO contrast; animal n unknown"
"primary_singlets","Astrocyte","Sdk2","old_2023",1,2,-0.14427537579921,-0.363905589063991,0.114900802041546,FALSE,-0.281726807434517,38.9174042956166,43.0631461934233,FALSE,"descriptive; no KO contrast; animal n unknown"
"primary_singlets","Astrocyte","Sdk2","new_2026",2,2,0.388069931916894,-0.253684551013702,0.973409617344214,FALSE,1.06836047368413,56.5085411466732,43.0631461934233,FALSE,"descriptive; no KO contrast; animal n unknown"
"primary_singlets","Astrocyte","Sema5b","old_2023",1,2,2.48902241700534,2.48641169084147,2.49163787615109,TRUE,16.7755523711495,235.666503790123,41.5676152242342,FALSE,"descriptive; no KO contrast; animal n unknown"
"primary_singlets","Astrocyte","Sema5b","new_2026",2,2,0.188353700346944,0.056430531617786,0.309638434995558,TRUE,-0.184847076672665,47.4344784657902,41.5676152242342,FALSE,"descriptive; no KO contrast; animal n unknown"
"primary_singlets","Astrocyte","Cdh8","old_2023",1,2,1.05268847447135,0.652537780091419,1.60833042770936,TRUE,3.8933335876683,92.9693547061952,44.5586771626123,FALSE,"descriptive; no KO contrast; animal n unknown"
"primary_singlets","Astrocyte","Cdh8","new_2026",2,2,2.57709768053743,1.58612553470029,3.5506977098098,TRUE,18.0962661246781,268.382254623376,44.5586771626123,FALSE,"descriptive; no KO contrast; animal n unknown"
"primary_singlets","Astrocyte","Cdh9","old_2023",1,2,0.645511935712146,0.582054961063308,0.711888999441396,TRUE,0.56287368911426,43.2415603284629,27.4624883212913,FALSE,"descriptive; no KO contrast; animal n unknown"
"primary_singlets","Astrocyte","Cdh9","new_2026",2,2,2.04629345632405,1.43436401060523,2.50911096230625,TRUE,7.86466603602842,114.997218683474,27.4624883212913,FALSE,"descriptive; no KO contrast; animal n unknown"
"primary_singlets","Astrocyte","Cdh13","old_2023",1,2,1.86335548365831,1.81376946763586,1.91470663976818,TRUE,23.8996123674402,467.008851547399,127.98840701227,FALSE,"descriptive; no KO contrast; animal n unknown"
"primary_singlets","Astrocyte","Cdh13","new_2026",2,2,1.29802399465483,0.903875330284809,1.62730434945678,TRUE,13.8941431405382,315.442537803063,127.98840701227,FALSE,"descriptive; no KO contrast; animal n unknown"
"primary_singlets","Astrocyte","Cdh18","old_2023",1,2,0.996758823783879,0.834045327348652,1.18018462157309,TRUE,5.57914946127679,134.048837018235,66.9257279386816,FALSE,"descriptive; no KO contrast; animal n unknown"
"primary_singlets","Astrocyte","Cdh18","new_2026",2,2,1.86043264167329,1.10909301199754,2.46072427206131,TRUE,13.2043887704055,244.33396953158,66.9257279386816,FALSE,"descriptive; no KO contrast; animal n unknown"
"primary_singlets","Astrocyte","C1ql3","old_2023",1,2,-0.291516553955444,-0.355576872667726,-0.224479041353758,TRUE,-1.22944404330487,45.403638344886,55.6826650448156,FALSE,"descriptive; no KO contrast; animal n unknown"
"primary_singlets","Astrocyte","C1ql3","new_2026",2,2,2.3003148498012,1.49895838566748,2.85292083121555,TRUE,18.2996338788978,276.236284363593,55.6826650448156,FALSE,"descriptive; no KO contrast; animal n unknown"
"primary_singlets","Astrocyte","Slit1","old_2023",1,2,1.28577977444182,0.857694701708922,1.89719685130987,TRUE,1.54346659767788,28.1070142135009,11.2331399762274,FALSE,"descriptive; no KO contrast; animal n unknown"
"primary_singlets","Astrocyte","Slit1","new_2026",2,2,1.69453464264611,1.01665931979651,2.51880903325753,TRUE,2.47296349061935,37.4769434557016,11.2331399762274,FALSE,"descriptive; no KO contrast; animal n unknown"
"primary_singlets","Astrocyte","Slit2","old_2023",1,2,0.998318796291389,0.902607577283731,1.10083372920669,TRUE,4.02286581691237,92.9693547061952,46.2891700271589,FALSE,"descriptive; no KO contrast; animal n unknown"
"primary_singlets","Astrocyte","Slit2","new_2026",2,2,1.80179262950699,1.27982011075084,2.23292826249984,TRUE,10.6795466876907,162.631927982287,46.2891700271589,FALSE,"descriptive; no KO contrast; animal n unknown"
"primary_singlets","Astrocyte","Slit3","old_2023",1,2,0.966260979813411,0.913418845415427,1.02111241140523,TRUE,0.197667909105562,127.562602968966,65.0463913095567,FALSE,"descriptive; no KO contrast; animal n unknown"
"primary_singlets","Astrocyte","Slit3","new_2026",2,2,1.79430282341248,1.17701271488527,2.25382405322131,TRUE,10.8091735186777,226.846230353763,65.0463913095567,FALSE,"descriptive; no KO contrast; animal n unknown"
"primary_singlets","Astrocyte","Robo1","old_2023",1,2,0.309519807802434,0.303022767806851,0.316046239010555,TRUE,4.15052501710886,382.687808906897,308.698185883892,FALSE,"descriptive; no KO contrast; animal n unknown"
"primary_singlets","Astrocyte","Robo1","new_2026",2,2,1.09988421542647,0.677878426845941,1.42862141723629,TRUE,19.5909208516185,662.227630751561,308.698185883892,FALSE,"descriptive; no KO contrast; animal n unknown"
"primary_singlets","Astrocyte","Robo2","old_2023",1,2,1.32916758688655,1.18011424372317,1.49541386152182,TRUE,17.9926241539953,462.684695514553,183.846496446611,FALSE,"descriptive; no KO contrast; animal n unknown"
"primary_singlets","Astrocyte","Robo2","new_2026",2,2,1.28693770660729,0.737067625132463,1.76651184538392,TRUE,18.2005965987219,449.323085662095,183.846496446611,FALSE,"descriptive; no KO contrast; animal n unknown"
"primary_singlets","Astrocyte","Ntng1","old_2023",1,2,1.28992679324297,1.18354640029463,1.40478031500362,TRUE,8.12200597970108,164.317929248159,66.9058821034045,FALSE,"descriptive; no KO contrast; animal n unknown"
"primary_singlets","Astrocyte","Ntng1","new_2026",2,2,1.42333486579198,0.892339673472621,1.8658324925323,TRUE,9.67712097314792,180.285787316052,66.9058821034045,FALSE,"descriptive; no KO contrast; animal n unknown"
"primary_singlets","Astrocyte","Ntng2","old_2023",1,2,-0.137672485206222,-0.147419511518591,-0.127859158590369,TRUE,-0.374470500098702,36.7553262791935,40.4856586678966,FALSE,"descriptive; no KO contrast; animal n unknown"
"primary_singlets","Astrocyte","Ntng2","new_2026",2,2,-1.33244872048993,-1.56778768963811,-1.12759532277434,TRUE,-2.57074815654026,15.775145743004,40.4856586678966,FALSE,"descriptive; no KO contrast; animal n unknown"
"primary_singlets","Astrocyte","Lrrc4c","old_2023",1,2,0.58887196410671,0.565203210629742,0.612935511453367,TRUE,12.6022864417582,1515.61668951262,1007.50921815324,FALSE,"descriptive; no KO contrast; animal n unknown"
"primary_singlets","Astrocyte","Lrrc4c","new_2026",2,2,0.388076587127224,0.036981655739357,0.6788283227815,TRUE,9.77095817430906,1318.62878431136,1007.50921815324,FALSE,"descriptive; no KO contrast; animal n unknown"
"primary_singlets","Astrocyte","Lrrc4","old_2023",1,2,0.679672853292401,0.644806459700457,0.715402794832744,TRUE,11.5370928048715,361.067028742665,225.228764363681,FALSE,"descriptive; no KO contrast; animal n unknown"
"primary_singlets","Astrocyte","Lrrc4","new_2026",2,2,-1.81453228877631,-2.11619078107379,-1.55373183925109,TRUE,-14.1695190190278,63.6738739995636,225.228764363681,FALSE,"descriptive; no KO contrast; animal n unknown"
"primary_singlets","Astrocyte","Adgrb3","old_2023",1,2,0.598092255962264,0.54642060331355,0.651683550466716,TRUE,8.60313607207121,3712.28795419854,2452.2678059138,FALSE,"descriptive; no KO contrast; animal n unknown"
"primary_singlets","Astrocyte","Adgrb3","new_2026",2,2,-0.321470752520916,-0.521564851649774,-0.133312179024498,TRUE,-8.64798199761617,1962.33637618415,2452.2678059138,FALSE,"descriptive; no KO contrast; animal n unknown"
"primary_singlets","Astrocyte","Igsf21","old_2023",1,2,0.139434107309494,0.0398386564907502,0.246418288074446,TRUE,-0.365190936836765,60.538184459848,54.915053724944,FALSE,"descriptive; no KO contrast; animal n unknown"
"primary_singlets","Astrocyte","Igsf21","new_2026",2,2,-0.440155080386057,-0.607567406487004,-0.26839928409945,TRUE,-1.54095926752565,40.3439632427428,54.915053724944,FALSE,"descriptive; no KO contrast; animal n unknown"
"primary_singlets","Astrocyte","Nrxn2","old_2023",1,2,-0.458085497469919,-0.541941080699916,-0.369053444924676,TRUE,-7.24506816509901,237.828581806546,326.896177116828,FALSE,"descriptive; no KO contrast; animal n unknown"
"primary_singlets","Astrocyte","Nrxn2","new_2026",2,2,-0.188409970464921,-0.651951419195282,0.200915780301509,FALSE,-2.64201290556954,286.813843187416,326.896177116828,FALSE,"descriptive; no KO contrast; animal n unknown"
"primary_singlets","Astrocyte","Cntn4","old_2023",1,2,0.837845994425884,0.810832048155726,0.865375434926579,TRUE,0.528368917645153,159.993773215313,89.2927787147509,FALSE,"descriptive; no KO contrast; animal n unknown"
"primary_singlets","Astrocyte","Cntn4","new_2026",2,2,1.85083020187183,1.34292089653834,2.2384060756915,TRUE,16.6200727230098,323.389462673378,89.2927787147509,FALSE,"descriptive; no KO contrast; animal n unknown"
"primary_singlets","Astrocyte","Cntn6","old_2023",1,2,1.57944530171106,1.18043701318648,2.13287396881235,TRUE,2.9104309180869,58.3761064434249,19.2005644481649,FALSE,"descriptive; no KO contrast; animal n unknown"
"primary_singlets","Astrocyte","Cntn6","new_2026",2,2,2.4983007955615,1.71199857689498,3.35675166116948,TRUE,8.10408585283609,110.812041294247,19.2005644481649,FALSE,"descriptive; no KO contrast; animal n unknown"
"primary_singlets","Astrocyte","Ptprg","old_2023",1,2,0.875725242391099,0.778007984829522,0.980545118090125,TRUE,19.5272877131977,691.864965255406,376.824945390574,FALSE,"descriptive; no KO contrast; animal n unknown"
"primary_singlets","Astrocyte","Ptprg","new_2026",2,2,0.354850822873714,-0.17681007977491,0.792824687571287,FALSE,6.40564027925974,482.043266234875,376.824945390574,FALSE,"descriptive; no KO contrast; animal n unknown"
"primary_singlets","Astrocyte","Plxna1","old_2023",1,2,2.56278779550848,2.33643532506891,2.83138459529937,TRUE,1.94563036784765,23.7828581806546,3.60982949367149,FALSE,"descriptive; no KO contrast; animal n unknown"
"primary_singlets","Astrocyte","Plxna1","new_2026",2,2,3.59218057508178,2.74904592228748,4.29146534964957,TRUE,4.60326550436344,49.0653192054849,3.60982949367149,FALSE,"descriptive; no KO contrast; animal n unknown"
"primary_singlets","Astrocyte","Plxna3","old_2023",1,2,0.300230903339582,0.0812687388576574,0.55847661057433,TRUE,0.03128330550491,10.8103900821157,8.68542120361639,FALSE,"descriptive; no KO contrast; animal n unknown"
"primary_singlets","Astrocyte","Plxna3","new_2026",2,2,0.298057676609886,-0.200066285968343,0.790105983342305,FALSE,0.126730547076544,10.7933653212505,8.68542120361639,FALSE,"descriptive; no KO contrast; animal n unknown"
"primary_singlets","GABAergic","Mef2c","old_2023",1,2,0.19291502096981,0.129273749206089,0.259493763649084,TRUE,2.80929075350098,491.416111201172,429.846067607703,FALSE,"descriptive; no KO contrast; animal n unknown"
"primary_singlets","GABAergic","Mef2c","new_2026",2,2,0.530776257087077,0.399173539190663,0.662258479218153,TRUE,13.7500072502488,621.223686118161,429.846067607703,FALSE,"descriptive; no KO contrast; animal n unknown"
"primary_singlets","GABAergic","Mef2a","old_2023",1,2,0.206332242513024,0.145558315689769,0.269779307092796,TRUE,1.80494663201486,223.775512474531,193.888094975604,FALSE,"descriptive; no KO contrast; animal n unknown"
"primary_singlets","GABAergic","Mef2a","new_2026",2,2,0.226110762763363,0.0563634250206766,0.390874908221957,TRUE,1.95398659451007,226.871373665759,193.888094975604,FALSE,"descriptive; no KO contrast; animal n unknown"
"primary_singlets","GABAergic","Mef2d","old_2023",1,2,-0.449812896478701,-0.597843777229864,-0.284837830252826,TRUE,-2.61979231378802,76.2871065254084,104.380675827302,FALSE,"descriptive; no KO contrast; animal n unknown"
"primary_singlets","GABAergic","Mef2d","new_2026",2,2,-0.680024102613846,-0.882463636721785,-0.462617953062263,TRUE,-3.49915193749745,64.9617821555372,104.380675827302,FALSE,"descriptive; no KO contrast; animal n unknown"
"primary_singlets","GABAergic","Arc","old_2023",1,2,-2.39157090201414,-2.70839547172364,-1.98499936256792,TRUE,-0.4499637354009,0.635725887711736,5.45947638882759,FALSE,"descriptive; no KO contrast; animal n unknown"
"primary_singlets","GABAergic","Arc","new_2026",2,2,-0.181397901507028,-0.81870024853829,0.487240354772982,FALSE,-0.0228772632303659,4.7553530147806,5.45947638882759,FALSE,"descriptive; no KO contrast; animal n unknown"
"primary_singlets","GABAergic","Homer1","old_2023",1,2,-0.118918913075557,-0.193475136437478,-0.0402987700727309,TRUE,-0.932711805387362,109.344852686419,118.782812528313,FALSE,"descriptive; no KO contrast; animal n unknown"
"primary_singlets","GABAergic","Homer1","new_2026",2,2,0.371604613273231,0.122278884641267,0.606091774076409,TRUE,3.58113318837052,153.827032640794,118.782812528313,FALSE,"descriptive; no KO contrast; animal n unknown"
"primary_singlets","GABAergic","Nr4a1","old_2023",1,2,0.25372612879165,0.00633464511017934,0.552503340615983,TRUE,0.53489691635885,29.2433908347399,24.4465964905844,FALSE,"descriptive; no KO contrast; animal n unknown"
"primary_singlets","GABAergic","Nr4a1","new_2026",2,2,-0.652922116138267,-0.918120530102508,-0.33655508479196,TRUE,-0.979922824452587,15.3658067673077,24.4465964905844,FALSE,"descriptive; no KO contrast; animal n unknown"
"primary_singlets","GABAergic","Bdnf","old_2023",1,2,1.08632171778984,1.00492853318725,1.17258290750848,TRUE,0.414555119673867,5.08580710169389,2.13069507567921,FALSE,"descriptive; no KO contrast; animal n unknown"
"primary_singlets","GABAergic","Bdnf","new_2026",2,2,2.97833619059418,2.69616649637757,3.24081529432532,TRUE,2.08471596487986,20.2318969942462,2.13069507567921,FALSE,"descriptive; no KO contrast; animal n unknown"
"primary_singlets","GABAergic","Pcdh10","old_2023",1,2,0.620787042115888,0.598576485031526,0.643344888383703,TRUE,5.48374917127862,196.439299302927,127.57278920069,FALSE,"descriptive; no KO contrast; animal n unknown"
"primary_singlets","GABAergic","Pcdh10","new_2026",2,2,1.39166092319136,1.14477266822186,1.60857543235008,TRUE,17.1941431308586,335.53812242539,127.57278920069,FALSE,"descriptive; no KO contrast; animal n unknown"
"primary_singlets","GABAergic","Npas4","old_2023",1,2,-0.200763361223507,-0.294824707008086,-0.100138984963329,TRUE,-0.0236633574133401,6.35725887711736,7.38109094497419,FALSE,"descriptive; no KO contrast; animal n unknown"
"primary_singlets","GABAergic","Npas4","new_2026",2,2,0.446904454275572,-0.598134748372249,1.11577332897877,FALSE,0.0837028024308901,10.2428122339534,7.38109094497419,FALSE,"descriptive; no KO contrast; animal n unknown"
"primary_singlets","GABAergic","Fos","old_2023",1,2,-0.448487980726511,-0.702133136828301,-0.140530170608605,TRUE,-0.103696821908828,2.54290355084695,3.65237456253557,FALSE,"descriptive; no KO contrast; animal n unknown"
"primary_singlets","GABAergic","Fos","new_2026",2,2,1.55069971289462,0.85082544007822,2.19898193699787,TRUE,0.817537650626152,11.6647629308381,3.65237456253557,FALSE,"descriptive; no KO contrast; animal n unknown"
"primary_singlets","GABAergic","Egr1","old_2023",1,2,-0.740100248821022,-1.04783708366806,-0.348408979809326,TRUE,-0.51284337201524,5.72153298940563,9.89177614976711,FALSE,"descriptive; no KO contrast; animal n unknown"
"primary_singlets","GABAergic","Egr1","new_2026",2,2,2.67202254033198,2.24939306780281,3.17012775631392,TRUE,5.810774750366,65.729079159885,9.89177614976711,FALSE,"descriptive; no KO contrast; animal n unknown"
"primary_singlets","GABAergic","Ncam1","old_2023",1,2,0.49709717880292,0.463458741235922,0.5315387056293,TRUE,12.5821376947111,824.536476362122,584.063895342552,FALSE,"descriptive; no KO contrast; animal n unknown"
"primary_singlets","GABAergic","Ncam1","new_2026",2,2,0.635292740948156,0.357823598099573,0.878251552005814,TRUE,15.320803338248,907.47556132286,584.063895342552,FALSE,"descriptive; no KO contrast; animal n unknown"
"primary_singlets","GABAergic","Sema6d","old_2023",1,2,0.508427388816967,0.37961041442348,0.649884128960121,TRUE,10.6232100602963,846.786882432033,595.132776523852,FALSE,"descriptive; no KO contrast; animal n unknown"
"primary_singlets","GABAergic","Sema6d","new_2026",2,2,-0.0496792178723237,-0.383930971236024,0.271572268253825,FALSE,-1.13309352230412,574.971278912645,595.132776523852,FALSE,"descriptive; no KO contrast; animal n unknown"
"primary_singlets","GABAergic","Cadm2","old_2023",1,2,0.694624093465906,0.622782596344255,0.770231406492311,TRUE,11.2483411654815,2895.73141852696,1788.99534352013,FALSE,"descriptive; no KO contrast; animal n unknown"
"primary_singlets","GABAergic","Cadm2","new_2026",2,2,0.476633934010296,0.257455082084887,0.685916092893796,TRUE,13.3058882320797,2489.57073231841,1788.99534352013,FALSE,"descriptive; no KO contrast; animal n unknown"
"primary_singlets","GABAergic","Pcdh7","old_2023",1,2,0.87047306874005,0.791616722542685,0.95389011259144,TRUE,17.9872653911198,1380.79662810989,755.024318078266,FALSE,"descriptive; no KO contrast; animal n unknown"
"primary_singlets","GABAergic","Pcdh7","new_2026",2,2,0.261972652644878,0.0200102186009676,0.491914358228785,TRUE,11.5704888005229,905.462192299027,755.024318078266,FALSE,"descriptive; no KO contrast; animal n unknown"
"primary_singlets","GABAergic","Grip1","old_2023",1,2,0.0978952079354208,0.0516516477601527,0.145670265850974,TRUE,7.29008179218054,2853.77350993799,2666.51951127745,FALSE,"descriptive; no KO contrast; animal n unknown"
"primary_singlets","GABAergic","Grip1","new_2026",2,2,-1.23705242484468,-1.36392851649464,-1.11291386029537,TRUE,-22.9397412295746,1130.95244904444,2666.51951127745,FALSE,"descriptive; no KO contrast; animal n unknown"
"primary_singlets","GABAergic","C1qa","old_2023",1,2,-0.70451084696606,-0.96208497287581,-0.390734617776698,TRUE,-0.0739347794477517,0.635725887711736,1.35076987727527,TRUE,"descriptive; no KO contrast; animal n unknown"
"primary_singlets","GABAergic","C1qa","new_2026",2,2,3.26746680188575,2.91457204387907,3.67065414503501,TRUE,1.771485723231,17.322061566423,1.35076987727527,TRUE,"descriptive; no KO contrast; animal n unknown"
"primary_singlets","GABAergic","C1qb","old_2023",1,2,-0.00242189155786975,-0.484250654221495,0.726182952285267,FALSE,-0.0860971453983547,1.27145177542347,1.27442805737222,TRUE,"descriptive; no KO contrast; animal n unknown"
"primary_singlets","GABAergic","C1qb","new_2026",2,2,3.68290405635294,2.66085920250852,4.80364175568456,TRUE,1.96577253603858,22.2888803429645,1.27442805737222,TRUE,"descriptive; no KO contrast; animal n unknown"
"primary_singlets","GABAergic","C1qc","old_2023",1,2,0.191567252656783,-0.390734617776698,1.1836146762527,FALSE,0.0362111815325678,0.635725887711736,0.494502858968279,FALSE,"descriptive; no KO contrast; animal n unknown"
"primary_singlets","GABAergic","C1qc","new_2026",2,2,4.74958269672419,3.7021244826573,6.09281452490169,TRUE,2.75228943376266,26.2530249490986,0.494502858968279,FALSE,"descriptive; no KO contrast; animal n unknown"
"primary_singlets","GABAergic","C3","old_2023",1,2,0,0,0,FALSE,0,0,0,FALSE,"descriptive; no KO contrast; animal n unknown"
"primary_singlets","GABAergic","C3","new_2026",2,2,0.554839733293994,0.337695265166577,0.74353628043425,TRUE,0.0249686581693135,0.234502717363888,0,FALSE,"descriptive; no KO contrast; animal n unknown"
"primary_singlets","GABAergic","C4b","old_2023",1,2,0,0,0,FALSE,0,0,0,FALSE,"descriptive; no KO contrast; animal n unknown"
"primary_singlets","GABAergic","C4b","new_2026",2,2,1.83071301186108,1.42529108783539,2.14684084827769,TRUE,0.166023668609283,1.27856415097539,0,FALSE,"descriptive; no KO contrast; animal n unknown"
"primary_singlets","GABAergic","Itgam","old_2023",1,2,-2.15753531133348,-2.98605409044087,0,FALSE,-0.19247682522707,0,1.73076000638898,FALSE,"descriptive; no KO contrast; animal n unknown"
"primary_singlets","GABAergic","Itgam","new_2026",2,2,0.175185749422991,-0.755757019923967,2.42835300748762,FALSE,0.0160918528687494,2.01877291826933,1.73076000638898,FALSE,"descriptive; no KO contrast; animal n unknown"
"primary_singlets","GABAergic","Trem2","old_2023",1,2,0.532074138586856,0.0848654373151052,1.1836146762527,TRUE,0.0739982566878331,0.635725887711736,0.285422339435663,FALSE,"descriptive; no KO contrast; animal n unknown"
"primary_singlets","GABAergic","Trem2","new_2026",2,2,3.77684967823553,3.30916375630585,4.44858085143126,TRUE,1.06495520538014,10.2658491895565,0.285422339435663,FALSE,"descriptive; no KO contrast; animal n unknown"
"primary_singlets","GABAergic","Tyrobp","old_2023",1,2,-0.497626275209228,-0.96208497287581,0.191567252656783,FALSE,-0.0557966926471951,0.635725887711736,1.10351844779113,FALSE,"descriptive; no KO contrast; animal n unknown"
"primary_singlets","GABAergic","Tyrobp","new_2026",2,2,4.41178843889522,3.48504888742446,5.4505308816833,TRUE,3.2483832922172,33.6314402998839,1.10351844779113,FALSE,"descriptive; no KO contrast; animal n unknown"
"primary_singlets","GABAergic","Cd68","old_2023",1,2,-1.0987492389376,-1.71518116460515,0,FALSE,-0.0425962841245577,0,0.570844678871326,FALSE,"descriptive; no KO contrast; animal n unknown"
"primary_singlets","GABAergic","Cd68","new_2026",2,2,1.91657808077759,1.03571154265207,3.23871905727133,TRUE,0.36110620737906,3.54272289785908,0.570844678871326,FALSE,"descriptive; no KO contrast; animal n unknown"
"primary_singlets","GABAergic","Cx3cr1","old_2023",1,2,-0.171672635533339,-0.21594554895656,-0.125997960404604,TRUE,-0.365055060998133,23.5218578453342,26.5573466260871,TRUE,"descriptive; no KO contrast; animal n unknown"
"primary_singlets","GABAergic","Cx3cr1","new_2026",2,2,-0.323997080906754,-0.557217937863054,-0.111279517919582,TRUE,-0.730564159448681,21.1148569408983,26.5573466260871,TRUE,"descriptive; no KO contrast; animal n unknown"
"primary_singlets","GABAergic","P2ry12","old_2023",1,2,0.0953450072890275,0.0779593068817022,0.112942778380117,TRUE,0.836220699817734,108.073400910995,101.129955304458,TRUE,"descriptive; no KO contrast; animal n unknown"
"primary_singlets","GABAergic","P2ry12","new_2026",2,2,-1.95705387095005,-2.11395418347262,-1.81225144965344,TRUE,-6.76016158387555,25.6751884018661,101.129955304458,TRUE,"descriptive; no KO contrast; animal n unknown"
"primary_singlets","GABAergic","Csf1r","old_2023",1,2,-0.376604941186703,-0.526352349919802,-0.209494595084388,TRUE,-0.117945264105329,1.90717766313521,2.62519793464749,TRUE,"descriptive; no KO contrast; animal n unknown"
"primary_singlets","GABAergic","Csf1r","new_2026",2,2,2.43902781745577,2.04889645425845,2.81213116298915,TRUE,1.49532558340307,16.4472041826726,2.62519793464749,TRUE,"descriptive; no KO contrast; animal n unknown"
"primary_singlets","GABAergic","Mertk","old_2023",1,2,-0.0765012957426813,-0.5985775635634,0.749783880383105,FALSE,-0.18180624571087,6.9929847648291,7.40103588515071,FALSE,"descriptive; no KO contrast; animal n unknown"
"primary_singlets","GABAergic","Mertk","new_2026",2,2,1.51441117113092,0.52481949176899,2.6932187051732,TRUE,1.47610109040818,22.0718534845061,7.40103588515071,FALSE,"descriptive; no KO contrast; animal n unknown"
"primary_singlets","GABAergic","Megf10","old_2023",1,2,0.414627704915519,0.326009115232217,0.509048077787621,TRUE,0.200203152472504,5.08580710169389,3.69054547248709,FALSE,"descriptive; no KO contrast; animal n unknown"
"primary_singlets","GABAergic","Megf10","new_2026",2,2,1.11740899083515,0.916706633475971,1.31582952989316,TRUE,0.566604047003762,8.59168083425782,3.69054547248709,FALSE,"descriptive; no KO contrast; animal n unknown"
"primary_singlets","GABAergic","Axl","old_2023",1,2,-0.172444822218635,-0.390734617776698,0.0848654373151052,FALSE,-0.0208057188468308,0.635725887711736,0.779925198403942,FALSE,"descriptive; no KO contrast; animal n unknown"
"primary_singlets","GABAergic","Axl","new_2026",2,2,2.03079858374109,1.44728600824933,2.57930100661777,TRUE,0.481014239579313,4.73017087737985,0.779925198403942,FALSE,"descriptive; no KO contrast; animal n unknown"
"primary_singlets","GABAergic","Gas6","old_2023",1,2,0.0950262766037281,-0.125997960404604,0.356147401599817,FALSE,0.0926601064740251,23.5218578453342,21.9905891951165,FALSE,"descriptive; no KO contrast; animal n unknown"
"primary_singlets","GABAergic","Gas6","new_2026",2,2,0.979665080605296,0.752371249524891,1.24702867142601,TRUE,2.53703699608562,43.8516118626407,21.9905891951165,FALSE,"descriptive; no KO contrast; animal n unknown"
"primary_singlets","GABAergic","Sema3e","old_2023",1,2,-0.328113348552477,-0.444756685525073,-0.20120310886809,TRUE,-1.21885950234571,47.6794415783802,59.9830553684051,FALSE,"descriptive; no KO contrast; animal n unknown"
"primary_singlets","GABAergic","Sema3e","new_2026",2,2,-0.683381529418545,-1.08885558157671,-0.315931307958775,TRUE,-1.36211913423089,37.1630410043479,59.9830553684051,FALSE,"descriptive; no KO contrast; animal n unknown"
"primary_singlets","GABAergic","Plxnd1","old_2023",1,2,1.13704514483926,1.05030886007462,1.22933156063883,TRUE,0.503438005503759,7.62871065254084,3.19604261351881,FALSE,"descriptive; no KO contrast; animal n unknown"
"primary_singlets","GABAergic","Plxnd1","new_2026",2,2,2.61861804598478,2.23158405707755,2.95933631022723,TRUE,2.05305234924881,22.199670271163,3.19604261351881,FALSE,"descriptive; no KO contrast; animal n unknown"
"primary_singlets","GABAergic","Nrp1","old_2023",1,2,0.270178578251126,-0.0755158710805519,0.725717968786589,FALSE,0.967905694024061,73.1084770868497,60.5373930479029,FALSE,"descriptive; no KO contrast; animal n unknown"
"primary_singlets","GABAergic","Nrp1","new_2026",2,2,0.165737701077826,-0.336607701755707,0.76257230386696,FALSE,0.91233067002994,67.9680557693679,60.5373930479029,FALSE,"descriptive; no KO contrast; animal n unknown"
"primary_singlets","GABAergic","Nrp2","old_2023",1,2,0.297291043719689,0.188362054609717,0.41512123543531,TRUE,1.81082368138063,137.316791745735,111.652410953626,FALSE,"descriptive; no KO contrast; animal n unknown"
"primary_singlets","GABAergic","Nrp2","new_2026",2,2,-0.26973841689038,-0.553847245203889,0.00428500096706763,FALSE,-2.24105140107675,92.52705224032,111.652410953626,FALSE,"descriptive; no KO contrast; animal n unknown"
"primary_singlets","GABAergic","Kirrel3","old_2023",1,2,0.190759040525333,0.133099994569152,0.250818779144589,TRUE,3.27186529532521,2668.14155072616,2337.61598236525,FALSE,"descriptive; no KO contrast; animal n unknown"
"primary_singlets","GABAergic","Kirrel3","new_2026",2,2,-1.28053986520981,-1.49593204557414,-1.0783052563477,TRUE,-30.799706580259,961.965432421516,2337.61598236525,FALSE,"descriptive; no KO contrast; animal n unknown"
"primary_singlets","GABAergic","Sdk2","old_2023",1,2,-0.352075445264434,-0.454718597250359,-0.241566352358707,TRUE,-2.7852569179019,185.631959211827,237.077998079264,FALSE,"descriptive; no KO contrast; animal n unknown"
"primary_singlets","GABAergic","Sdk2","new_2026",2,2,-1.46863912501721,-1.76091294762385,-1.1905539319026,TRUE,-12.9715563813934,85.3423877102455,237.077998079264,FALSE,"descriptive; no KO contrast; animal n unknown"
"primary_singlets","GABAergic","Sema5b","old_2023",1,2,-0.572088769086981,-0.801367286141371,-0.299358275148434,TRUE,-4.45381880804392,114.430659788113,170.364476205462,FALSE,"descriptive; no KO contrast; animal n unknown"
"primary_singlets","GABAergic","Sema5b","new_2026",2,2,-1.50201212545473,-2.19904093849567,-0.876626245644522,TRUE,-9.84317085121006,59.82552024699,170.364476205462,FALSE,"descriptive; no KO contrast; animal n unknown"
"primary_singlets","GABAergic","Cdh8","old_2023",1,2,0.238107989225665,0.21742970654903,0.25908697082639,TRUE,3.93915757683964,337.570446374932,286.135224788407,FALSE,"descriptive; no KO contrast; animal n unknown"
"primary_singlets","GABAergic","Cdh8","new_2026",2,2,0.391787777166316,0.0436665090253854,0.679466081147268,TRUE,7.24082711047025,375.570643245314,286.135224788407,FALSE,"descriptive; no KO contrast; animal n unknown"
"primary_singlets","GABAergic","Cdh9","old_2023",1,2,0.687127039328593,0.584668619926075,0.797422016446927,TRUE,3.77175559221746,189.446314538097,117.473651501792,FALSE,"descriptive; no KO contrast; animal n unknown"
"primary_singlets","GABAergic","Cdh9","new_2026",2,2,0.481429836394132,0.050638487575382,0.859013366591579,TRUE,3.72984428536711,164.206160508712,117.473651501792,FALSE,"descriptive; no KO contrast; animal n unknown"
"primary_singlets","GABAergic","Cdh13","old_2023",1,2,-0.0584023059095731,-0.0757486190488237,-0.0408448877352008,TRUE,-1.26877413828566,764.778242917219,796.393367592422,FALSE,"descriptive; no KO contrast; animal n unknown"
"primary_singlets","GABAergic","Cdh13","new_2026",2,2,-0.866161739053257,-1.10330082635616,-0.657912057079329,TRUE,-17.3285117828244,436.679257089019,796.393367592422,FALSE,"descriptive; no KO contrast; animal n unknown"
"primary_singlets","GABAergic","Cdh18","old_2023",1,2,-0.0559495241008951,-0.0720066733876266,-0.0397116458663351,TRUE,-1.37571120518729,667.512182097323,693.927430439661,FALSE,"descriptive; no KO contrast; animal n unknown"
"primary_singlets","GABAergic","Cdh18","new_2026",2,2,-0.836423022868447,-1.15228336720058,-0.572091450993875,TRUE,-9.26253350982198,388.400452566621,693.927430439661,FALSE,"descriptive; no KO contrast; animal n unknown"
"primary_singlets","GABAergic","C1ql3","old_2023",1,2,0.655099607469222,0.430555494012959,0.921151783795648,TRUE,0.750492414956127,24.7933096207577,15.5620520285288,FALSE,"descriptive; no KO contrast; animal n unknown"
"primary_singlets","GABAergic","C1ql3","new_2026",2,2,4.13063240179157,3.26888441992704,4.837150079779,TRUE,23.6939826992975,280.848939409326,15.5620520285288,FALSE,"descriptive; no KO contrast; animal n unknown"
"primary_singlets","GABAergic","Slit1","old_2023",1,2,0.251065393909198,0.220595512227664,0.282192713039788,TRUE,1.54052856068553,113.159208012689,95.0050664470809,FALSE,"descriptive; no KO contrast; animal n unknown"
"primary_singlets","GABAergic","Slit1","new_2026",2,2,-1.01938224519573,-1.22797878330681,-0.82972391483805,TRUE,-4.92718403517034,46.6152801962058,95.0050664470809,FALSE,"descriptive; no KO contrast; animal n unknown"
"primary_singlets","GABAergic","Slit2","old_2023",1,2,0.304678845771883,0.301119421079472,0.308247074020024,TRUE,2.32717900630934,251.747451533848,203.725193216046,FALSE,"descriptive; no KO contrast; animal n unknown"
"primary_singlets","GABAergic","Slit2","new_2026",2,2,-0.0227408216993991,-0.243086397578509,0.169253438489728,FALSE,1.43645773172146,200.531283826657,203.725193216046,FALSE,"descriptive; no KO contrast; animal n unknown"
"primary_singlets","GABAergic","Slit3","old_2023",1,2,0.497996937436675,0.384033014883913,0.621741424228566,TRUE,4.28338609200929,289.25527890884,204.672590083228,FALSE,"descriptive; no KO contrast; animal n unknown"
"primary_singlets","GABAergic","Slit3","new_2026",2,2,0.293824117098441,-0.110353322185082,0.659065892556019,FALSE,3.36462397791909,251.018082642295,204.672590083228,FALSE,"descriptive; no KO contrast; animal n unknown"
"primary_singlets","GABAergic","Robo1","old_2023",1,2,-0.0592470155496042,-0.0810639270047311,-0.0370951091592389,TRUE,-1.91488329503974,2095.98825178559,2183.87683319464,FALSE,"descriptive; no KO contrast; animal n unknown"
"primary_singlets","GABAergic","Robo1","new_2026",2,2,-0.928739695660857,-1.04033662646355,-0.822069034986393,TRUE,-24.2902706034001,1146.99038536319,2183.87683319464,FALSE,"descriptive; no KO contrast; animal n unknown"
"primary_singlets","GABAergic","Robo2","old_2023",1,2,0.780528392513812,0.718750042031104,0.84507099460523,TRUE,12.4698285429876,931.338425497694,541.97303648012,FALSE,"descriptive; no KO contrast; animal n unknown"
"primary_singlets","GABAergic","Robo2","new_2026",2,2,0.0297534925285683,-0.177833710679675,0.226711746816543,FALSE,1.14498774437947,553.276918407005,541.97303648012,FALSE,"descriptive; no KO contrast; animal n unknown"
"primary_singlets","GABAergic","Ntng1","old_2023",1,2,-0.313250973161684,-0.523243805496818,-0.0673988783559274,TRUE,-2.4451349813361,260.0118880741,323.18716997612,FALSE,"descriptive; no KO contrast; animal n unknown"
"primary_singlets","GABAergic","Ntng1","new_2026",2,2,-0.437648601904232,-0.904474812038887,0.0261502330915508,FALSE,-4.51084566917916,238.490219887653,323.18716997612,FALSE,"descriptive; no KO contrast; animal n unknown"
"primary_singlets","GABAergic","Ntng2","old_2023",1,2,0.170071308258377,-0.137487428879841,0.56147341818504,FALSE,0.0946986194311204,4.45008121398216,3.89962599201971,FALSE,"descriptive; no KO contrast; animal n unknown"
"primary_singlets","GABAergic","Ntng2","new_2026",2,2,1.50809645900007,0.857033202328361,2.17674004611342,TRUE,0.751071261537992,12.0140541418107,3.89962599201971,FALSE,"descriptive; no KO contrast; animal n unknown"
"primary_singlets","GABAergic","Lrrc4c","old_2023",1,2,0.133372339668456,0.0802222842366245,0.188555631059742,TRUE,4.41295108267944,1856.95531800598,1692.93799859377,FALSE,"descriptive; no KO contrast; animal n unknown"
"primary_singlets","GABAergic","Lrrc4c","new_2026",2,2,-0.150233686021154,-0.413607267945387,0.0884001759160764,FALSE,0.599431817893645,1525.46458569319,1692.93799859377,FALSE,"descriptive; no KO contrast; animal n unknown"
"primary_singlets","GABAergic","Lrrc4","old_2023",1,2,0.0272350346670693,-0.117612734000495,0.188265498489591,FALSE,0.83290647736515,278.447938817741,273.231384693273,FALSE,"descriptive; no KO contrast; animal n unknown"
"primary_singlets","GABAergic","Lrrc4","new_2026",2,2,-2.0205041487714,-2.49732699532583,-1.58977995197547,TRUE,-17.5140501917549,66.9671304963519,273.231384693273,FALSE,"descriptive; no KO contrast; animal n unknown"
"primary_singlets","GABAergic","Adgrb3","old_2023",1,2,0.134327940158985,0.124535404198133,0.144187399119438,TRUE,2.1807037825201,2951.03957075788,2688.63045281827,FALSE,"descriptive; no KO contrast; animal n unknown"
"primary_singlets","GABAergic","Adgrb3","new_2026",2,2,-0.439581883034768,-0.608752263362694,-0.286212927803964,TRUE,-10.8385211518013,1982.32569646368,2688.63045281827,FALSE,"descriptive; no KO contrast; animal n unknown"
"primary_singlets","GABAergic","Igsf21","old_2023",1,2,0.808298116338314,0.719550499693546,0.902864983993199,TRUE,4.03822656075501,85.8229948410844,48.7951872506877,FALSE,"descriptive; no KO contrast; animal n unknown"
"primary_singlets","GABAergic","Igsf21","new_2026",2,2,-0.243942799785028,-0.461070038430916,-0.0314926282790431,TRUE,-0.482258082323164,41.1265502439309,48.7951872506877,FALSE,"descriptive; no KO contrast; animal n unknown"
"primary_singlets","GABAergic","Nrxn2","old_2023",1,2,0.227016640205401,0.218510419062232,0.235573312174324,TRUE,3.68578791703331,303.87697432621,259.559652192545,FALSE,"descriptive; no KO contrast; animal n unknown"
"primary_singlets","GABAergic","Nrxn2","new_2026",2,2,0.254487646697061,-0.0368211697169087,0.499392855309987,FALSE,3.61991371084975,309.728285407067,259.559652192545,FALSE,"descriptive; no KO contrast; animal n unknown"
"primary_singlets","GABAergic","Cntn4","old_2023",1,2,0.496222064846545,0.317367278729227,0.700430114263302,TRUE,4.34227780090481,531.466842127012,376.643682447457,FALSE,"descriptive; no KO contrast; animal n unknown"
"primary_singlets","GABAergic","Cntn4","new_2026",2,2,0.108395354355833,-0.227703012581522,0.454380485269869,FALSE,4.98658427835029,406.071648141755,376.643682447457,FALSE,"descriptive; no KO contrast; animal n unknown"
"primary_singlets","GABAergic","Cntn6","old_2023",1,2,0.773162073861348,0.729852783641514,0.817811841029566,TRUE,5.2024858045969,199.617928741485,116.595720572907,FALSE,"descriptive; no KO contrast; animal n unknown"
"primary_singlets","GABAergic","Cntn6","new_2026",2,2,0.28011722273098,0.0673868938669457,0.476366786315344,TRUE,2.21171393762737,141.688577627226,116.595720572907,FALSE,"descriptive; no KO contrast; animal n unknown"
"primary_singlets","GABAergic","Ptprg","old_2023",1,2,0.249376771895979,0.15366751825273,0.351889449977827,TRUE,5.01584618691232,882.38753214389,742.237745949148,FALSE,"descriptive; no KO contrast; animal n unknown"
"primary_singlets","GABAergic","Ptprg","new_2026",2,2,-0.438449947739804,-0.830399854080619,-0.0902854905352601,TRUE,-9.75326651765903,547.586253191235,742.237745949148,FALSE,"descriptive; no KO contrast; animal n unknown"
"primary_singlets","GABAergic","Plxna1","old_2023",1,2,0.603128255339052,0.5361371273117,0.673382220740456,TRUE,0.928316780948951,18.4360507436404,11.9660743457198,FALSE,"descriptive; no KO contrast; animal n unknown"
"primary_singlets","GABAergic","Plxna1","new_2026",2,2,2.07036086047536,1.51383652456469,2.50546118756146,TRUE,4.36679710583112,51.8564791380687,11.9660743457198,FALSE,"descriptive; no KO contrast; animal n unknown"
"primary_singlets","GABAergic","Plxna3","old_2023",1,2,0.775256426202197,0.656105501724134,0.905141057357911,TRUE,1.06692525600323,22.8861319576225,13.164160583189,FALSE,"descriptive; no KO contrast; animal n unknown"
"primary_singlets","GABAergic","Plxna3","new_2026",2,2,-0.173749709316393,-0.530130874035789,0.15980906822072,FALSE,-0.212017655700388,11.6137632894855,13.164160583189,FALSE,"descriptive; no KO contrast; animal n unknown"
"primary_singlets","Glutamatergic","Mef2c","old_2023",1,2,-0.0689722868134029,-0.138241851661515,0.00379167211375098,FALSE,0.343400149907758,512.968665224529,538.112803381147,FALSE,"descriptive; no KO contrast; animal n unknown"
"primary_singlets","Glutamatergic","Mef2c","new_2026",2,2,0.462760188592432,0.334896908469171,0.591830721642578,TRUE,11.4644259407683,741.803264319557,538.112803381147,FALSE,"descriptive; no KO contrast; animal n unknown"
"primary_singlets","Glutamatergic","Mef2a","old_2023",1,2,-0.115086183819258,-0.194920104378563,-0.0305744002539381,TRUE,-0.0585186559948738,116.968129707791,126.722652927054,FALSE,"descriptive; no KO contrast; animal n unknown"
"primary_singlets","Glutamatergic","Mef2a","new_2026",2,2,0.618676632268681,0.403033682467355,0.827305697248803,TRUE,6.0285758520636,194.846066849704,126.722652927054,FALSE,"descriptive; no KO contrast; animal n unknown"
"primary_singlets","Glutamatergic","Mef2d","old_2023",1,2,-0.355244087415656,-0.493477191508967,-0.202348783322878,TRUE,-1.15304151311861,83.1460199127671,106.500155064494,FALSE,"descriptive; no KO contrast; animal n unknown"
"primary_singlets","Glutamatergic","Mef2d","new_2026",2,2,-0.905045225757454,-1.22712326669699,-0.589106779754145,TRUE,-4.47983704563802,56.6397908877582,106.500155064494,FALSE,"descriptive; no KO contrast; animal n unknown"
"primary_singlets","Glutamatergic","Arc","old_2023",1,2,-0.636003407692852,-0.885583776001604,-0.33402400347421,TRUE,-0.108524913457744,1.40925457479266,2.4670163733276,FALSE,"descriptive; no KO contrast; animal n unknown"
"primary_singlets","Glutamatergic","Arc","new_2026",2,2,1.58574557081306,1.27841128088635,1.94325561056814,TRUE,0.750885798801075,8.40588176800243,2.4670163733276,FALSE,"descriptive; no KO contrast; animal n unknown"
"primary_singlets","Glutamatergic","Homer1","old_2023",1,2,-0.216116081998236,-0.225156090986832,-0.207019070431286,TRUE,-0.608451663385029,174.74756727429,203.067958445593,FALSE,"descriptive; no KO contrast; animal n unknown"
"primary_singlets","Glutamatergic","Homer1","new_2026",2,2,-0.380560653808847,-0.481538941562441,-0.285034937212198,TRUE,-1.73694792584293,155.868492474574,203.067958445593,FALSE,"descriptive; no KO contrast; animal n unknown"
"primary_singlets","Glutamatergic","Nr4a1","old_2023",1,2,-0.444616446714867,-0.530487264992309,-0.353309213789799,TRUE,-1.04601694333173,25.3665823462679,34.7031833705238,FALSE,"descriptive; no KO contrast; animal n unknown"
"primary_singlets","Glutamatergic","Nr4a1","new_2026",2,2,-1.20577332858091,-1.5285348723817,-0.911042111605935,TRUE,-1.75095435336603,14.7618787165703,34.7031833705238,FALSE,"descriptive; no KO contrast; animal n unknown"
"primary_singlets","Glutamatergic","Bdnf","old_2023",1,2,0.907589338684579,0.851727799544994,0.965701280261995,TRUE,1.65410281512231,35.2313643698166,18.5475001195989,FALSE,"descriptive; no KO contrast; animal n unknown"
"primary_singlets","Glutamatergic","Bdnf","new_2026",2,2,0.604923252856443,0.459872160421262,0.747030476738674,TRUE,1.16670922182602,28.4693018614061,18.5475001195989,FALSE,"descriptive; no KO contrast; animal n unknown"
"primary_singlets","Glutamatergic","Pcdh10","old_2023",1,2,0.642416872879263,0.480705694184815,0.824569574420269,TRUE,8.481794542323,240.982532289545,154.203084540412,FALSE,"descriptive; no KO contrast; animal n unknown"
"primary_singlets","Glutamatergic","Pcdh10","new_2026",2,2,1.31050456300528,0.879262692499371,1.71967204578949,TRUE,18.1149108777935,383.207383202428,154.203084540412,FALSE,"descriptive; no KO contrast; animal n unknown"
"primary_singlets","Glutamatergic","Npas4","old_2023",1,2,-1.6757501751165,-1.80827534254134,-1.52980850195256,TRUE,-0.56277070004669,2.81850914958533,10.1021534903379,FALSE,"descriptive; no KO contrast; animal n unknown"
"primary_singlets","Glutamatergic","Npas4","new_2026",2,2,-0.149523339076549,-0.869964715157993,0.412930422692322,FALSE,0.0527055634530593,9.05835325955068,10.1021534903379,FALSE,"descriptive; no KO contrast; animal n unknown"
"primary_singlets","Glutamatergic","Fos","old_2023",1,2,-2.87311026454098,-3.0990303933809,-2.60512253144588,TRUE,-0.378184702815116,0,3.16321471284641,FALSE,"descriptive; no KO contrast; animal n unknown"
"primary_singlets","Glutamatergic","Fos","new_2026",2,2,1.09830732752107,0.484248573724839,1.67183975892143,TRUE,0.395766347263014,7.3430651910791,3.16321471284641,FALSE,"descriptive; no KO contrast; animal n unknown"
"primary_singlets","Glutamatergic","Egr1","old_2023",1,2,0.946519786340557,0.941632937333846,0.951423244875812,TRUE,0.509056505252422,8.45552744875598,4.14686785210113,FALSE,"descriptive; no KO contrast; animal n unknown"
"primary_singlets","Glutamatergic","Egr1","new_2026",2,2,3.5817106435779,3.28950331544439,3.82610677850638,TRUE,5.7473158264726,55.1368664195862,4.14686785210113,FALSE,"descriptive; no KO contrast; animal n unknown"
"primary_singlets","Glutamatergic","Ncam1","old_2023",1,2,0.878299018525886,0.863422811386648,0.893330219797097,TRUE,19.4314541438785,799.04734390744,434.460515949061,FALSE,"descriptive; no KO contrast; animal n unknown"
"primary_singlets","Glutamatergic","Ncam1","new_2026",2,2,1.0738462734835,0.793611004587209,1.31292807425745,TRUE,24.574141020744,915.108412367554,434.460515949061,FALSE,"descriptive; no KO contrast; animal n unknown"
"primary_singlets","Glutamatergic","Sema6d","old_2023",1,2,1.53268432914462,1.35378117511885,1.73695545795155,TRUE,20.2756979978035,597.523939712089,206.197209153367,FALSE,"descriptive; no KO contrast; animal n unknown"
"primary_singlets","Glutamatergic","Sema6d","new_2026",2,2,1.16359617489669,0.811622881018524,1.52238158047671,TRUE,15.8350002695004,462.533021657567,206.197209153367,FALSE,"descriptive; no KO contrast; animal n unknown"
"primary_singlets","Glutamatergic","Cadm2","old_2023",1,2,0.352658863320925,0.348795663471211,0.356532435697584,TRUE,8.79246792278391,3480.85879973788,2725.88942924529,FALSE,"descriptive; no KO contrast; animal n unknown"
"primary_singlets","Glutamatergic","Cadm2","new_2026",2,2,-0.209297156269473,-0.43000286827345,-0.0169549938225337,TRUE,-0.723389248141757,2357.71374960399,2725.88942924529,FALSE,"descriptive; no KO contrast; animal n unknown"
"primary_singlets","Glutamatergic","Pcdh7","old_2023",1,2,0.590642411823498,0.491809141334565,0.696747575383673,TRUE,11.7003355065134,1657.28337995617,1100.3463293453,FALSE,"descriptive; no KO contrast; animal n unknown"
"primary_singlets","Glutamatergic","Pcdh7","new_2026",2,2,-0.19474513148028,-0.441419872733437,0.0454496400151125,FALSE,-7.56251455670595,961.339420771839,1100.3463293453,FALSE,"descriptive; no KO contrast; animal n unknown"
"primary_singlets","Glutamatergic","Grip1","old_2023",1,2,1.33539924005028,1.31903908496894,1.35194704924526,TRUE,29.8831620714376,1190.8201156998,471.599181592149,FALSE,"descriptive; no KO contrast; animal n unknown"
"primary_singlets","Glutamatergic","Grip1","new_2026",2,2,0.672849432258836,0.502455926535189,0.828559762227254,TRUE,10.1765273065582,752.129278783157,471.599181592149,FALSE,"descriptive; no KO contrast; animal n unknown"
"primary_singlets","Glutamatergic","C1qa","old_2023",1,2,-1.81871182296481,-2.25828178697509,-1.18339627466916,TRUE,-0.10746369422826,0,1.26383037167555,TRUE,"descriptive; no KO contrast; animal n unknown"
"primary_singlets","Glutamatergic","C1qa","new_2026",2,2,3.16051003857169,2.35270230516921,4.08892735736063,TRUE,1.55543204508182,15.2712145444832,1.26383037167555,TRUE,"descriptive; no KO contrast; animal n unknown"
"primary_singlets","Glutamatergic","C1qb","old_2023",1,2,-1.29457137608117,-1.70952362258243,-0.709779365803212,TRUE,-0.0419311844401383,0,0.726520524530562,TRUE,"descriptive; no KO contrast; animal n unknown"
"primary_singlets","Glutamatergic","C1qb","new_2026",2,2,3.84345633014129,3.3893661436128,4.46635251522687,TRUE,1.82674887245463,17.1063958684645,0.726520524530562,TRUE,"descriptive; no KO contrast; animal n unknown"
"primary_singlets","Glutamatergic","C1qc","old_2023",1,2,0.43146210674298,-0.0768288404078896,1.22323011478263,FALSE,0.372772457695036,1.40925457479266,0.91573120191614,FALSE,"descriptive; no KO contrast; animal n unknown"
"primary_singlets","Glutamatergic","C1qc","new_2026",2,2,3.86855641034604,3.22942649244127,4.78027789145425,TRUE,2.06791408899685,20.1791328463191,0.91573120191614,FALSE,"descriptive; no KO contrast; animal n unknown"
"primary_singlets","Glutamatergic","C3","old_2023",1,2,0,0,0,FALSE,0,0,0,FALSE,"descriptive; no KO contrast; animal n unknown"
"primary_singlets","Glutamatergic","C3","new_2026",2,2,0.450168870783785,0,0.792772351129478,FALSE,0.0326336675020893,0.183100082138697,0,FALSE,"descriptive; no KO contrast; animal n unknown"
"primary_singlets","Glutamatergic","C4b","old_2023",1,2,0,0,0,FALSE,0,0,0,FALSE,"descriptive; no KO contrast; animal n unknown"
"primary_singlets","Glutamatergic","C4b","new_2026",2,2,1.16461648860047,0.792772351129478,1.45999388961777,TRUE,0.0649193592302238,0.620868078233806,0,FALSE,"descriptive; no KO contrast; animal n unknown"
"primary_singlets","Glutamatergic","Itgam","old_2023",1,2,0.40088866437266,-0.325272306389252,1.93300948058584,FALSE,0.242759251565341,1.40925457479266,0.946053386927888,FALSE,"descriptive; no KO contrast; animal n unknown"
"primary_singlets","Glutamatergic","Itgam","new_2026",2,2,0.858245671880075,-0.399660983443684,2.77804087510666,FALSE,0.165610338982382,2.12145265125224,0.946053386927888,FALSE,"descriptive; no KO contrast; animal n unknown"
"primary_singlets","Glutamatergic","Trem2","old_2023",1,2,-1.05284689527996,-1.32980411168201,-0.709779365803212,TRUE,-0.0378337627455029,0,0.537309847144984,FALSE,"descriptive; no KO contrast; animal n unknown"
"primary_singlets","Glutamatergic","Trem2","new_2026",2,2,3.2645582428523,2.81058059953823,3.7652801872519,TRUE,0.925556567110635,9.46869834492575,0.537309847144984,FALSE,"descriptive; no KO contrast; animal n unknown"
"primary_singlets","Glutamatergic","Tyrobp","old_2023",1,2,0.674552860517696,0.603205368903827,0.749613205916682,TRUE,0.0565181247401074,1.40925457479266,0.696198339518813,FALSE,"descriptive; no KO contrast; animal n unknown"
"primary_singlets","Glutamatergic","Tyrobp","new_2026",2,2,4.63748915743389,4.4757469491505,4.79761278193977,TRUE,2.76078280549595,29.2732700217787,0.696198339518813,FALSE,"descriptive; no KO contrast; animal n unknown"
"primary_singlets","Glutamatergic","Cd68","old_2023",1,2,-0.709779365803212,-1.18339627466916,0,FALSE,-0.0304835518086676,0,0.317776984747658,FALSE,"descriptive; no KO contrast; animal n unknown"
"primary_singlets","Glutamatergic","Cd68","new_2026",2,2,2.56703782768262,1.43173802440529,3.72873726675199,TRUE,0.435268409247914,4.34607654763664,0.317776984747658,FALSE,"descriptive; no KO contrast; animal n unknown"
"primary_singlets","Glutamatergic","Cx3cr1","old_2023",1,2,1.19498398676786,1.03307333131372,1.37738989418644,TRUE,1.6021800898698,33.8221097950239,14.491598822533,TRUE,"descriptive; no KO contrast; animal n unknown"
"primary_singlets","Glutamatergic","Cx3cr1","new_2026",2,2,0.114126872260133,-0.55144830396916,0.669136168735683,FALSE,0.186266777955812,15.7257045509559,14.491598822533,TRUE,"descriptive; no KO contrast; animal n unknown"
"primary_singlets","Glutamatergic","P2ry12","old_2023",1,2,-0.421951208022375,-0.46928273433548,-0.373014015390157,TRUE,-1.23860254396507,74.6904924640112,100.235581924576,TRUE,"descriptive; no KO contrast; animal n unknown"
"primary_singlets","Glutamatergic","P2ry12","new_2026",2,2,-2.2620305114095,-2.4405154935518,-2.09287559456042,TRUE,-7.71509073668741,20.5011880894988,100.235581924576,TRUE,"descriptive; no KO contrast; animal n unknown"
"primary_singlets","Glutamatergic","Csf1r","old_2023",1,2,0.642954379974371,0.142127543533489,1.41650579805935,TRUE,0.167708967213853,4.22776372437799,2.52766074335109,TRUE,"descriptive; no KO contrast; animal n unknown"
"primary_singlets","Glutamatergic","Csf1r","new_2026",2,2,2.31704385018091,1.62291877900934,3.26102807618354,TRUE,1.28323201113661,14.5871396396204,2.52766074335109,TRUE,"descriptive; no KO contrast; animal n unknown"
"primary_singlets","Glutamatergic","Mertk","old_2023",1,2,0.543131074815859,-0.357545685844582,3.45299903852367,FALSE,0.563570382669138,8.45552744875598,5.64599813655558,FALSE,"descriptive; no KO contrast; animal n unknown"
"primary_singlets","Glutamatergic","Mertk","new_2026",2,2,1.96190463425039,0.502900017543108,5.27330608059877,TRUE,2.22942662014385,23.4433309115012,5.64599813655558,FALSE,"descriptive; no KO contrast; animal n unknown"
"primary_singlets","Glutamatergic","Megf10","old_2023",1,2,1.10358453702411,1.02101162936208,1.191171979341,TRUE,0.179123331852508,2.81850914958533,1.04429750927822,FALSE,"descriptive; no KO contrast; animal n unknown"
"primary_singlets","Glutamatergic","Megf10","new_2026",2,2,3.06921078902634,2.85755996857635,3.27526998593238,TRUE,1.42395052771834,12.4615064857738,1.04429750927822,FALSE,"descriptive; no KO contrast; animal n unknown"
"primary_singlets","Glutamatergic","Axl","old_2023",1,2,0.922963473396297,0.749613205916682,1.12002444821575,TRUE,0.208601024386398,1.40925457479266,0.506987662133236,FALSE,"descriptive; no KO contrast; animal n unknown"
"primary_singlets","Glutamatergic","Axl","new_2026",2,2,2.33169530012333,2.10279882706974,2.58224290941646,TRUE,0.51317638672139,4.56914104827861,0.506987662133236,FALSE,"descriptive; no KO contrast; animal n unknown"
"primary_singlets","Glutamatergic","Gas6","old_2023",1,2,0.677196636184336,0.454685529317231,0.940397218166024,TRUE,0.913187241732676,32.4128552202313,20.0830182406288,FALSE,"descriptive; no KO contrast; animal n unknown"
"primary_singlets","Glutamatergic","Gas6","new_2026",2,2,1.32580811584403,1.08753893664647,1.6045965080771,TRUE,3.1138777715736,51.0961231047516,20.0830182406288,FALSE,"descriptive; no KO contrast; animal n unknown"
"primary_singlets","Glutamatergic","Sema3e","old_2023",1,2,0.515684897108079,0.502312513376626,0.529182390415119,TRUE,0.222070651298772,47.9146555429506,33.3641534941946,FALSE,"descriptive; no KO contrast; animal n unknown"
"primary_singlets","Glutamatergic","Sema3e","new_2026",2,2,0.0436438958235902,-0.217674028007356,0.268658604478073,FALSE,0.223199239179463,34.4042528242566,33.3641534941946,FALSE,"descriptive; no KO contrast; animal n unknown"
"primary_singlets","Glutamatergic","Plxnd1","old_2023",1,2,-0.713916954793966,-0.863899310574796,-0.546513901697207,TRUE,-0.696119909688911,14.0925457479266,23.4354436308608,FALSE,"descriptive; no KO contrast; animal n unknown"
"primary_singlets","Glutamatergic","Plxnd1","new_2026",2,2,-0.112237030110609,-0.491794183132585,0.253174514214307,FALSE,-0.309137438708812,21.6439335034287,23.4354436308608,FALSE,"descriptive; no KO contrast; animal n unknown"
"primary_singlets","Glutamatergic","Nrp1","old_2023",1,2,0.5712487112538,0.379631474619635,0.792271815624991,TRUE,2.2361495577077,119.786638857376,80.4569974498163,FALSE,"descriptive; no KO contrast; animal n unknown"
"primary_singlets","Glutamatergic","Nrp1","new_2026",2,2,-0.00901803604610122,-0.372476896935336,0.365539628838147,FALSE,-0.0978238447155491,79.9525276434072,80.4569974498163,FALSE,"descriptive; no KO contrast; animal n unknown"
"primary_singlets","Glutamatergic","Nrp2","old_2023",1,2,0.57113096096184,0.383706402230323,0.786591946537649,TRUE,3.86878137831979,132.46993003051,89.0005882014276,FALSE,"descriptive; no KO contrast; animal n unknown"
"primary_singlets","Glutamatergic","Nrp2","new_2026",2,2,-0.0445162626531312,-0.443960052205586,0.355760666561522,FALSE,0.0528430846585302,86.2811016812551,89.0005882014276,FALSE,"descriptive; no KO contrast; animal n unknown"
"primary_singlets","Glutamatergic","Kirrel3","old_2023",1,2,-0.230039941225807,-0.450324065521531,0.0300480152378153,FALSE,-5.58158557649446,710.264305695502,833.132297300318,FALSE,"descriptive; no KO contrast; animal n unknown"
"primary_singlets","Glutamatergic","Kirrel3","new_2026",2,2,-0.358922608754429,-0.843684145803815,0.124587605324395,FALSE,-5.50019488469063,649.522007697971,833.132297300318,FALSE,"descriptive; no KO contrast; animal n unknown"
"primary_singlets","Glutamatergic","Sdk2","old_2023",1,2,-0.273162837432104,-0.468198686954359,-0.0475765452166748,TRUE,-1.25609417091006,56.3701829917065,68.2250134413409,FALSE,"descriptive; no KO contrast; animal n unknown"
"primary_singlets","Glutamatergic","Sdk2","new_2026",2,2,-0.259772484921482,-0.887535212476065,0.298252346963471,FALSE,-1.7050731548276,56.9004799117498,68.2250134413409,FALSE,"descriptive; no KO contrast; animal n unknown"
"primary_singlets","Glutamatergic","Sema5b","old_2023",1,2,0.0481591207312358,0.01095207361301,0.0863511959754466,TRUE,-0.375835421811996,14.0925457479266,13.6134673729437,FALSE,"descriptive; no KO contrast; animal n unknown"
"primary_singlets","Glutamatergic","Sema5b","new_2026",2,2,1.25289480928072,0.656409153775037,1.69310891120467,TRUE,1.72135438327483,33.1350937570689,13.6134673729437,FALSE,"descriptive; no KO contrast; animal n unknown"
"primary_singlets","Glutamatergic","Cdh8","old_2023",1,2,1.17492915197981,1.17214779212405,1.17771588435557,TRUE,17.1656467795507,893.467400418549,395.443086750995,FALSE,"descriptive; no KO contrast; animal n unknown"
"primary_singlets","Glutamatergic","Cdh8","new_2026",2,2,0.00182081374324753,-0.0619047362443652,0.063081261470824,FALSE,3.65083260407428,395.943118795403,395.443086750995,FALSE,"descriptive; no KO contrast; animal n unknown"
"primary_singlets","Glutamatergic","Cdh9","old_2023",1,2,0.527086902135241,0.471337818719908,0.585077153468962,TRUE,0.0454387977371873,407.27457211508,282.477022638877,FALSE,"descriptive; no KO contrast; animal n unknown"
"primary_singlets","Glutamatergic","Cdh9","new_2026",2,2,-0.689182064084396,-0.751292939185115,-0.624857951273095,TRUE,-5.75720291092977,175.003870649501,282.477022638877,FALSE,"descriptive; no KO contrast; animal n unknown"
"primary_singlets","Glutamatergic","Cdh13","old_2023",1,2,-0.270482787286372,-0.339014652072187,-0.198532412882681,TRUE,-1.53332679621003,503.103883200981,606.952750005789,FALSE,"descriptive; no KO contrast; animal n unknown"
"primary_singlets","Glutamatergic","Cdh13","new_2026",2,2,-0.670103716043596,-0.987006217084932,-0.386327050776123,TRUE,-8.13224540269519,381.260669628126,606.952750005789,FALSE,"descriptive; no KO contrast; animal n unknown"
"primary_singlets","Glutamatergic","Cdh18","old_2023",1,2,-0.277895431839708,-0.319487442403425,-0.23506866384349,TRUE,-9.00575397375817,418.548608713421,507.564983418597,FALSE,"descriptive; no KO contrast; animal n unknown"
"primary_singlets","Glutamatergic","Cdh18","new_2026",2,2,-0.621970186394166,-1.00271025283416,-0.304742175960758,TRUE,-8.12150721425562,329.631968287336,507.564983418597,FALSE,"descriptive; no KO contrast; animal n unknown"
"primary_singlets","Glutamatergic","C1ql3","old_2023",1,2,-0.159866986216677,-0.196001231179151,-0.122804409202486,TRUE,-1.56414242549407,248.028805163509,277.152437234323,FALSE,"descriptive; no KO contrast; animal n unknown"
"primary_singlets","Glutamatergic","C1ql3","new_2026",2,2,0.786699302184177,0.741292785545003,0.832974937893148,TRUE,8.08238362589655,478.484629892031,277.152437234323,FALSE,"descriptive; no KO contrast; animal n unknown"
"primary_singlets","Glutamatergic","Slit1","old_2023",1,2,-0.237936648750126,-0.463629170639585,0.0297306167599061,FALSE,-1.6933455974962,200.114149620558,236.085230758587,FALSE,"descriptive; no KO contrast; animal n unknown"
"primary_singlets","Glutamatergic","Slit1","new_2026",2,2,-2.06249699991755,-2.31931298155722,-1.76436355080442,TRUE,-15.2219303911242,56.1388160650342,236.085230758587,FALSE,"descriptive; no KO contrast; animal n unknown"
"primary_singlets","Glutamatergic","Slit2","old_2023",1,2,0.990438997394294,0.880614191903698,1.10931818318526,TRUE,12.4833029935901,474.918791705128,238.789970876196,FALSE,"descriptive; no KO contrast; animal n unknown"
"primary_singlets","Glutamatergic","Slit2","new_2026",2,2,-0.112603057395724,-0.305927184925172,0.085205995711509,FALSE,-2.40267797284542,220.823535392986,238.789970876196,FALSE,"descriptive; no KO contrast; animal n unknown"
"primary_singlets","Glutamatergic","Slit3","old_2023",1,2,0.0925302368378335,0.0353203272263034,0.152102812612217,TRUE,4.85649447906003,1693.92399890078,1588.66033673746,FALSE,"descriptive; no KO contrast; animal n unknown"
"primary_singlets","Glutamatergic","Slit3","new_2026",2,2,-1.85867001928701,-2.0310495100599,-1.69244598003967,TRUE,-50.1933631958221,437.679735910396,1588.66033673746,FALSE,"descriptive; no KO contrast; animal n unknown"
"primary_singlets","Glutamatergic","Robo1","old_2023",1,2,0.333388216234834,0.227059214045495,0.448181832546899,TRUE,4.25922173151049,1172.4998062275,930.475146418458,FALSE,"descriptive; no KO contrast; animal n unknown"
"primary_singlets","Glutamatergic","Robo1","new_2026",2,2,-0.116159702405911,-0.322949453464824,0.0925522729019939,FALSE,-4.51624902054643,858.455237939997,930.475146418458,FALSE,"descriptive; no KO contrast; animal n unknown"
"primary_singlets","Glutamatergic","Robo2","old_2023",1,2,0.56448118997233,0.480024084896096,0.654191646543003,TRUE,14.2393972896194,1001.98000267758,677.375515902606,FALSE,"descriptive; no KO contrast; animal n unknown"
"primary_singlets","Glutamatergic","Robo2","new_2026",2,2,-0.26659589595003,-0.537530728060419,-0.0117755605014462,TRUE,-5.89853597266883,563.00345940085,677.375515902606,FALSE,"descriptive; no KO contrast; animal n unknown"
"primary_singlets","Glutamatergic","Ntng1","old_2023",1,2,-0.325031772171108,-0.374900975717351,-0.27337684417453,TRUE,-3.71623074538391,300.171224430837,376.148445320672,FALSE,"descriptive; no KO contrast; animal n unknown"
"primary_singlets","Glutamatergic","Ntng1","new_2026",2,2,-0.651932740577853,-0.909529712133488,-0.418729883214484,TRUE,-8.32624911369397,239.209291941268,376.148445320672,FALSE,"descriptive; no KO contrast; animal n unknown"
"primary_singlets","Glutamatergic","Ntng2","old_2023",1,2,0.554834607340502,0.393094761104723,0.737023693144398,TRUE,2.57072807625331,87.3737836371451,59.31876838534,FALSE,"descriptive; no KO contrast; animal n unknown"
"primary_singlets","Glutamatergic","Ntng2","new_2026",2,2,-1.6026775865619,-2.08041703061431,-1.16142000420809,TRUE,-3.93018402957513,19.1962451064023,59.31876838534,FALSE,"descriptive; no KO contrast; animal n unknown"
"primary_singlets","Glutamatergic","Lrrc4c","old_2023",1,2,0.427987722340661,0.371410351942842,0.486874740291295,TRUE,5.00989417864857,4181.25832340983,3107.79183644211,FALSE,"descriptive; no KO contrast; animal n unknown"
"primary_singlets","Glutamatergic","Lrrc4c","new_2026",2,2,-0.901211021190261,-1.00509152092038,-0.796522737486388,TRUE,-15.4512713245362,1663.79473004939,3107.79183644211,FALSE,"descriptive; no KO contrast; animal n unknown"
"primary_singlets","Glutamatergic","Lrrc4","old_2023",1,2,-0.0550440312793523,-0.123706742679216,0.0170505856312122,FALSE,-2.18968971111884,277.623151234155,288.439585844429,FALSE,"descriptive; no KO contrast; animal n unknown"
"primary_singlets","Glutamatergic","Lrrc4","new_2026",2,2,-2.45942075009101,-2.72258731614937,-2.21595707040427,TRUE,-20.9656597417815,52.0348659235707,288.439585844429,FALSE,"descriptive; no KO contrast; animal n unknown"
"primary_singlets","Glutamatergic","Adgrb3","old_2023",1,2,0.410309208821081,0.354800732396521,0.468039161574717,TRUE,5.23212701917296,3907.86293590006,2940.39491709188,FALSE,"descriptive; no KO contrast; animal n unknown"
"primary_singlets","Glutamatergic","Adgrb3","new_2026",2,2,-0.574952956679039,-0.701827459840384,-0.44922147344799,TRUE,-15.116766484493,1973.74669970569,2940.39491709188,FALSE,"descriptive; no KO contrast; animal n unknown"
"primary_singlets","Glutamatergic","Igsf21","old_2023",1,2,-0.025189430564753,-0.120639732207288,0.0770262134008677,FALSE,-0.618256349600079,95.8293110859011,97.5259880711546,FALSE,"descriptive; no KO contrast; animal n unknown"
"primary_singlets","Glutamatergic","Igsf21","new_2026",2,2,-0.771937606356299,-0.8896329715752,-0.64781469580725,TRUE,-3.69561674279613,56.9070003094978,97.5259880711546,FALSE,"descriptive; no KO contrast; animal n unknown"
"primary_singlets","Glutamatergic","Nrxn2","old_2023",1,2,0.195727687754537,0.0705282959821485,0.332833523645041,TRUE,1.98402068273079,284.669424108118,248.490658394066,FALSE,"descriptive; no KO contrast; animal n unknown"
"primary_singlets","Glutamatergic","Nrxn2","new_2026",2,2,0.356830117473871,-0.0768877105294514,0.74796083731432,FALSE,4.43618548255155,318.359692031743,248.490658394066,FALSE,"descriptive; no KO contrast; animal n unknown"
"primary_singlets","Glutamatergic","Cntn4","old_2023",1,2,-0.343058581534532,-0.348950998006648,-0.337141999863974,TRUE,-6.49343934376024,1331.74557317907,1689.37744394778,FALSE,"descriptive; no KO contrast; animal n unknown"
"primary_singlets","Glutamatergic","Cntn4","new_2026",2,2,-1.52603957994016,-1.59264469126463,-1.46186242082251,TRUE,-34.3802146270235,586.274890418268,1689.37744394778,FALSE,"descriptive; no KO contrast; animal n unknown"
"primary_singlets","Glutamatergic","Cntn6","old_2023",1,2,0.166061025494979,0.0350784821863055,0.31013385271965,TRUE,4.60263633922069,262.121350911435,233.567265341247,FALSE,"descriptive; no KO contrast; animal n unknown"
"primary_singlets","Glutamatergic","Cntn6","new_2026",2,2,-0.480067260318404,-0.907464117547979,-0.0902233835124324,TRUE,-5.4088351387384,167.313167911963,233.567265341247,FALSE,"descriptive; no KO contrast; animal n unknown"
"primary_singlets","Glutamatergic","Ptprg","old_2023",1,2,0.766689784797979,0.737991645044445,0.795970395061728,TRUE,15.5522163806807,1044.25763992136,613.57148796703,FALSE,"descriptive; no KO contrast; animal n unknown"
"primary_singlets","Glutamatergic","Ptprg","new_2026",2,2,-0.190971176850727,-0.444980477170544,0.0331396971773756,FALSE,-5.34147599621808,537.436335942943,613.57148796703,FALSE,"descriptive; no KO contrast; animal n unknown"
"primary_singlets","Glutamatergic","Plxna1","old_2023",1,2,0.409691462463098,0.203761008933418,0.649990195369824,TRUE,0.346405790064979,16.911054897512,12.6067696159923,FALSE,"descriptive; no KO contrast; animal n unknown"
"primary_singlets","Glutamatergic","Plxna1","new_2026",2,2,2.11233058527996,1.41585716486507,2.71803387733736,TRUE,4.56495817006572,56.1722600857894,12.6067696159923,FALSE,"descriptive; no KO contrast; animal n unknown"
"primary_singlets","Glutamatergic","Plxna3","old_2023",1,2,1.93476019922806,1.82283347838882,2.05610627421037,TRUE,1.9605750759115,25.3665823462679,6.26578505566932,FALSE,"descriptive; no KO contrast; animal n unknown"
"primary_singlets","Glutamatergic","Plxna3","new_2026",2,2,0.853989709539233,0.50657923382404,1.17772198908594,TRUE,0.444331558705994,11.729106157219,6.26578505566932,FALSE,"descriptive; no KO contrast; animal n unknown"
"primary_singlets","Immature_neuron","Mef2c","old_2023",1,2,0.220351340988839,-0.122976543539856,0.671776031355664,FALSE,2.41902723912084,491.609391401823,421.905233101629,FALSE,"descriptive; no KO contrast; animal n unknown"
"primary_singlets","Immature_neuron","Mef2c","new_2026",2,2,0.537651952086966,-0.00639471787133417,1.16525010495257,FALSE,14.1259170079512,612.666832296423,421.905233101629,FALSE,"descriptive; no KO contrast; animal n unknown"
"primary_singlets","Immature_neuron","Mef2a","old_2023",1,2,-0.147041499624523,-0.375989166116897,0.125220578720131,FALSE,-1.80665122017599,166.244721730085,184.135836059051,FALSE,"descriptive; no KO contrast; animal n unknown"
"primary_singlets","Immature_neuron","Mef2a","new_2026",2,2,0.14366155148332,-0.227147772106921,0.545076259900878,FALSE,0.849662045720532,203.468186011324,184.135836059051,FALSE,"descriptive; no KO contrast; animal n unknown"
"primary_singlets","Immature_neuron","Mef2d","old_2023",1,2,-0.443716169378045,-0.646351408594812,-0.207895002876302,TRUE,-1.62463704280692,71.2477378843222,97.0843310657216,FALSE,"descriptive; no KO contrast; animal n unknown"
"primary_singlets","Immature_neuron","Mef2d","new_2026",2,2,-0.676407759820791,-0.922966483730913,-0.397960961993038,TRUE,-2.33432424727449,60.5605995654908,97.0843310657216,FALSE,"descriptive; no KO contrast; animal n unknown"
"primary_singlets","Immature_neuron","Arc","old_2023",1,2,-1.61316339836844,-2.35570361998535,0,FALSE,-0.0223965168943614,0,1.02960951029712,FALSE,"descriptive; no KO contrast; animal n unknown"
"primary_singlets","Immature_neuron","Arc","new_2026",2,2,2.24075886381301,0.954774866073581,4.24774356007787,TRUE,0.647490343424473,6.72963224381839,1.02960951029712,FALSE,"descriptive; no KO contrast; animal n unknown"
"primary_singlets","Immature_neuron","Homer1","old_2023",1,2,0.540594546075314,-0.0608062597962133,1.59106406062348,FALSE,3.31466696424894,151.995174153221,104.33853086184,FALSE,"descriptive; no KO contrast; animal n unknown"
"primary_singlets","Immature_neuron","Homer1","new_2026",2,2,0.490784597893502,-0.3689999682546,1.76031544146138,FALSE,4.38715143250789,146.820034462118,104.33853086184,FALSE,"descriptive; no KO contrast; animal n unknown"
"primary_singlets","Immature_neuron","Nr4a1","old_2023",1,2,-0.794462031991821,-1.08955551661956,-0.423068642285267,TRUE,-0.464294108340759,14.2495475768644,25.0820651809804,FALSE,"descriptive; no KO contrast; animal n unknown"
"primary_singlets","Immature_neuron","Nr4a1","new_2026",2,2,-0.439558814717374,-0.810455380978518,0.0038527981198504,FALSE,0.333712272603769,18.363193207574,25.0820651809804,FALSE,"descriptive; no KO contrast; animal n unknown"
"primary_singlets","Immature_neuron","Bdnf","old_2023",1,2,1.15824006006646,0.200123975830986,5.2853575885231,TRUE,1.11153887637547,18.9993967691526,8.236876082377,FALSE,"descriptive; no KO contrast; animal n unknown"
"primary_singlets","Immature_neuron","Bdnf","new_2026",2,2,1.23774741638071,-0.0751999228776548,5.64942515363532,FALSE,1.78662816428442,20.1041771608686,8.236876082377,FALSE,"descriptive; no KO contrast; animal n unknown"
"primary_singlets","Immature_neuron","Pcdh10","old_2023",1,2,0.843345882483798,0.565537627893818,1.18772235333489,TRUE,7.07399962878866,239.867384210551,133.468634247951,FALSE,"descriptive; no KO contrast; animal n unknown"
"primary_singlets","Immature_neuron","Pcdh10","new_2026",2,2,1.29232926248469,0.58478649097008,1.96738070525456,TRUE,16.0881388478851,327.620226168911,133.468634247951,FALSE,"descriptive; no KO contrast; animal n unknown"
"primary_singlets","Immature_neuron","Npas4","old_2023",1,2,-0.31998887750894,-1.21581788677704,2.52352411738028,FALSE,0.414638379021809,2.37492459614407,3.08882853089137,FALSE,"descriptive; no KO contrast; animal n unknown"
"primary_singlets","Immature_neuron","Npas4","new_2026",2,2,1.32696400833036,0.0882965218336955,4.44728516500795,TRUE,0.543022648116644,8.50344422515024,3.08882853089137,FALSE,"descriptive; no KO contrast; animal n unknown"
"primary_singlets","Immature_neuron","Fos","old_2023",1,2,0,0,0,FALSE,0,0,0,FALSE,"descriptive; no KO contrast; animal n unknown"
"primary_singlets","Immature_neuron","Fos","new_2026",2,2,4.19533349900985,4.153622071721,4.23587276915213,TRUE,0.833394659136728,8.65991048068611,0,FALSE,"descriptive; no KO contrast; animal n unknown"
"primary_singlets","Immature_neuron","Egr1","old_2023",1,2,-0.10547625448944,-1.04016170521723,3.39227598036677,FALSE,-0.0476293651978908,4.74984919228814,5.14804755148562,FALSE,"descriptive; no KO contrast; animal n unknown"
"primary_singlets","Immature_neuron","Egr1","new_2026",2,2,3.56287581968807,2.52648031223193,7.15563735962941,TRUE,5.70048994294442,66.2468595631074,5.14804755148562,FALSE,"descriptive; no KO contrast; animal n unknown"
"primary_singlets","Immature_neuron","Ncam1","old_2023",1,2,0.744675921236415,0.534527219394315,0.990741831845471,TRUE,20.3288530290411,904.846271130892,539.812391635028,FALSE,"descriptive; no KO contrast; animal n unknown"
"primary_singlets","Immature_neuron","Ncam1","new_2026",2,2,0.710597639242703,0.262678645564787,1.16073540820181,TRUE,16.7599231258897,883.711445228965,539.812391635028,FALSE,"descriptive; no KO contrast; animal n unknown"
"primary_singlets","Immature_neuron","Sema6d","old_2023",1,2,0.208743736899547,0.0280484002906221,0.415355595325856,TRUE,5.5372938944172,683.978283689493,591.772471987004,FALSE,"descriptive; no KO contrast; animal n unknown"
"primary_singlets","Immature_neuron","Sema6d","new_2026",2,2,-0.110050991828779,-0.345536259499106,0.149345921816781,FALSE,-2.54813036851853,548.273205284247,591.772471987004,FALSE,"descriptive; no KO contrast; animal n unknown"
"primary_singlets","Immature_neuron","Cadm2","old_2023",1,2,0.309052600412848,0.296366061705569,0.32185169042298,TRUE,8.84690233480772,3315.39473621713,2675.99620764917,FALSE,"descriptive; no KO contrast; animal n unknown"
"primary_singlets","Immature_neuron","Cadm2","new_2026",2,2,-0.094953648527393,-0.287096523611206,0.0774285225713633,FALSE,2.7562357185099,2505.50963235341,2675.99620764917,FALSE,"descriptive; no KO contrast; animal n unknown"
"primary_singlets","Immature_neuron","Pcdh7","old_2023",1,2,0.858370810875941,0.711078878359544,1.0224284134286,TRUE,21.7840842750367,1574.57500724352,868.272126875004,FALSE,"descriptive; no KO contrast; animal n unknown"
"primary_singlets","Immature_neuron","Pcdh7","new_2026",2,2,0.131299025152486,-0.172138948873043,0.436241009355799,FALSE,4.2706110376517,951.048269579836,868.272126875004,FALSE,"descriptive; no KO contrast; animal n unknown"
"primary_singlets","Immature_neuron","Grip1","old_2023",1,2,0.769909705711875,0.519433786495277,1.07320269684881,TRUE,17.3818763422406,1486.70279718619,871.676293958882,FALSE,"descriptive; no KO contrast; animal n unknown"
"primary_singlets","Immature_neuron","Grip1","new_2026",2,2,-0.175179437465422,-0.558471925099544,0.249726974409635,FALSE,-2.96139088941651,771.949351541538,871.676293958882,FALSE,"descriptive; no KO contrast; animal n unknown"
"primary_singlets","Immature_neuron","C1qa","old_2023",1,2,0,0,0,FALSE,0,0,0,TRUE,"descriptive; no KO contrast; animal n unknown"
"primary_singlets","Immature_neuron","C1qa","new_2026",2,2,5.18622322400542,5.01003368981446,5.34321843152992,TRUE,1.69483677938336,17.7045001573932,0,TRUE,"descriptive; no KO contrast; animal n unknown"
"primary_singlets","Immature_neuron","C1qb","old_2023",1,2,0,0,0,FALSE,0,0,0,TRUE,"descriptive; no KO contrast; animal n unknown"
"primary_singlets","Immature_neuron","C1qb","new_2026",2,2,5.41909325208115,5.2092644402251,5.60224329793318,TRUE,1.93364296986286,20.8933906953106,0,TRUE,"descriptive; no KO contrast; animal n unknown"
"primary_singlets","Immature_neuron","C1qc","old_2023",1,2,-2.27952151737961,-3.12272870643306,0,FALSE,-0.202922077921916,0,1.92758450530471,FALSE,"descriptive; no KO contrast; animal n unknown"
"primary_singlets","Immature_neuron","C1qc","new_2026",2,2,3.27023151377446,2.41933933674062,5.55739729933877,TRUE,1.84824658924375,22.9213613884022,1.92758450530471,FALSE,"descriptive; no KO contrast; animal n unknown"
"primary_singlets","Immature_neuron","C3","old_2023",1,2,0,0,0,FALSE,0,0,0,FALSE,"descriptive; no KO contrast; animal n unknown"
"primary_singlets","Immature_neuron","C3","new_2026",2,2,0,0,0,FALSE,0,0,0,FALSE,"descriptive; no KO contrast; animal n unknown"
"primary_singlets","Immature_neuron","C4b","old_2023",1,2,0,0,0,FALSE,0,0,0,FALSE,"descriptive; no KO contrast; animal n unknown"
"primary_singlets","Immature_neuron","C4b","new_2026",2,2,0.80191405855419,0,1.31430512756698,FALSE,0.0344272950611868,0.37170631038369,0,FALSE,"descriptive; no KO contrast; animal n unknown"
"primary_singlets","Immature_neuron","Itgam","old_2023",1,2,0,0,0,FALSE,0,0,0,FALSE,"descriptive; no KO contrast; animal n unknown"
"primary_singlets","Immature_neuron","Itgam","new_2026",2,2,3.29709596098501,2.44902664631541,3.82763852599102,TRUE,0.592820269717518,4.41467481092965,0,FALSE,"descriptive; no KO contrast; animal n unknown"
"primary_singlets","Immature_neuron","Trem2","old_2023",1,2,0.910360719011843,0.16782049739493,2.52352411738028,TRUE,0.158571278054783,2.37492459614407,1.02960951029712,FALSE,"descriptive; no KO contrast; animal n unknown"
"primary_singlets","Immature_neuron","Trem2","new_2026",2,2,2.02954598107557,1.05011288539422,3.84613494691042,TRUE,0.604377487968723,5.74503379692854,1.02960951029712,FALSE,"descriptive; no KO contrast; animal n unknown"
"primary_singlets","Immature_neuron","Tyrobp","old_2023",1,2,0.910360719011843,0.16782049739493,2.52352411738028,TRUE,0.155249721134507,2.37492459614407,1.02960951029712,FALSE,"descriptive; no KO contrast; animal n unknown"
"primary_singlets","Immature_neuron","Tyrobp","new_2026",2,2,4.31742039853497,3.36109679249332,6.11673821511358,TRUE,2.60085492912878,29.9967541713297,1.02960951029712,FALSE,"descriptive; no KO contrast; animal n unknown"
"primary_singlets","Immature_neuron","Cd68","old_2023",1,2,-1.61316339836844,-2.35570361998535,0,FALSE,-0.0838398658563256,0,1.02960951029712,FALSE,"descriptive; no KO contrast; animal n unknown"
"primary_singlets","Immature_neuron","Cd68","new_2026",2,2,1.92328265771419,1.15624212106097,3.56053723720016,TRUE,0.563827245241605,5.30158080159558,1.02960951029712,FALSE,"descriptive; no KO contrast; animal n unknown"
"primary_singlets","Immature_neuron","Cx3cr1","old_2023",1,2,0.0698092825431333,-0.207679824028635,0.413694657320411,FALSE,-0.199270447342077,16.6244721730085,15.8155795883063,TRUE,"descriptive; no KO contrast; animal n unknown"
"primary_singlets","Immature_neuron","Cx3cr1","new_2026",2,2,0.733720818839227,-0.363786224842511,1.59721361419752,FALSE,0.40129985519236,26.6315422354765,15.8155795883063,TRUE,"descriptive; no KO contrast; animal n unknown"
"primary_singlets","Immature_neuron","P2ry12","old_2023",1,2,-0.0688848942189408,-0.298407350326087,0.204191132955544,FALSE,0.0349991907934726,68.8728132881781,72.2655349153203,TRUE,"descriptive; no KO contrast; animal n unknown"
"primary_singlets","Immature_neuron","P2ry12","new_2026",2,2,-1.72448958130193,-2.21763442147915,-1.22860129500266,TRUE,-5.26211254217198,21.5192557174541,72.2655349153203,TRUE,"descriptive; no KO contrast; animal n unknown"
"primary_singlets","Immature_neuron","Csf1r","old_2023",1,2,2.52352411738028,2.52352411738028,2.52352411738028,TRUE,0.469274267345443,2.37492459614407,0,TRUE,"descriptive; no KO contrast; animal n unknown"
"primary_singlets","Immature_neuron","Csf1r","new_2026",2,2,4.97032935562399,4.54240532240585,5.29993447947347,TRUE,1.42159423272704,15.1743026696567,0,TRUE,"descriptive; no KO contrast; animal n unknown"
"primary_singlets","Immature_neuron","Mertk","old_2023",1,2,-1.61316339836844,-2.35570361998535,0,FALSE,-0.47308165389353,0,1.02960951029712,FALSE,"descriptive; no KO contrast; animal n unknown"
"primary_singlets","Immature_neuron","Mertk","new_2026",2,2,3.92122778594856,2.1867017024205,6.11667238208328,TRUE,1.52349396094489,22.6732933055171,1.02960951029712,FALSE,"descriptive; no KO contrast; animal n unknown"
"primary_singlets","Immature_neuron","Megf10","old_2023",1,2,-0.318342591105111,-0.734841548089872,0.269547273933707,FALSE,-0.082355600105836,4.74984919228814,6.04602254649321,FALSE,"descriptive; no KO contrast; animal n unknown"
"primary_singlets","Immature_neuron","Megf10","new_2026",2,2,0.509150409048311,-0.139046181926694,1.29662508551459,FALSE,0.413061381068392,8.81637673622198,6.04602254649321,FALSE,"descriptive; no KO contrast; animal n unknown"
"primary_singlets","Immature_neuron","Axl","old_2023",1,2,2.52352411738028,2.52352411738028,2.52352411738028,TRUE,0.173116706628082,2.37492459614407,0,FALSE,"descriptive; no KO contrast; animal n unknown"
"primary_singlets","Immature_neuron","Axl","new_2026",2,2,3.05599013426266,3.03545341716274,3.07623861016611,TRUE,0.335348766080309,3.65828930452495,0,FALSE,"descriptive; no KO contrast; animal n unknown"
"primary_singlets","Immature_neuron","Gas6","old_2023",1,2,1.0967605216939,0.949097715863685,1.26127846162807,TRUE,1.84786313380097,45.1235673267374,20.8319926245024,FALSE,"descriptive; no KO contrast; animal n unknown"
"primary_singlets","Immature_neuron","Gas6","new_2026",2,2,1.14487701551792,0.956182606385975,1.34929178114847,TRUE,2.9839128923208,46.6708549681584,20.8319926245024,FALSE,"descriptive; no KO contrast; animal n unknown"
"primary_singlets","Immature_neuron","Sema3e","old_2023",1,2,1.25127001367505,0.928682795925225,1.66740672068417,TRUE,1.39295244378047,66.497888692034,27.6443556507137,FALSE,"descriptive; no KO contrast; animal n unknown"
"primary_singlets","Immature_neuron","Sema3e","new_2026",2,2,0.156851590052922,-0.6740676693881,0.948128094512886,FALSE,-0.439796725898306,30.8767779052329,27.6443556507137,FALSE,"descriptive; no KO contrast; animal n unknown"
"primary_singlets","Immature_neuron","Plxnd1","old_2023",1,2,0.630916881277496,0.200123975830986,1.24791596926089,TRUE,0.787359684333575,18.9993967691526,12.0920450929864,FALSE,"descriptive; no KO contrast; animal n unknown"
"primary_singlets","Immature_neuron","Plxnd1","new_2026",2,2,0.751830393090566,-0.0751999228776548,1.67935879321646,FALSE,1.03192527041497,20.7040964117374,12.0920450929864,FALSE,"descriptive; no KO contrast; animal n unknown"
"primary_singlets","Immature_neuron","Nrp1","old_2023",1,2,0.800546137083125,0.551181884011871,1.10220884628627,TRUE,4.12288254187809,132.995777384068,76.1441705379489,FALSE,"descriptive; no KO contrast; animal n unknown"
"primary_singlets","Immature_neuron","Nrp1","new_2026",2,2,0.0134675637008709,-0.387678524559258,0.452452741928674,FALSE,0.0268912908729835,76.8629940519359,76.1441705379489,FALSE,"descriptive; no KO contrast; animal n unknown"
"primary_singlets","Immature_neuron","Nrp2","old_2023",1,2,-0.047244160002671,-0.261718234910284,0.204777070668852,FALSE,-0.441555381511897,109.246531422627,112.899910654028,FALSE,"descriptive; no KO contrast; animal n unknown"
"primary_singlets","Immature_neuron","Nrp2","new_2026",2,2,-0.463383355410727,-0.964920347007376,0.0279517540708678,FALSE,-3.50903923968078,81.7470676294732,112.899910654028,FALSE,"descriptive; no KO contrast; animal n unknown"
"primary_singlets","Immature_neuron","Kirrel3","old_2023",1,2,-0.518894093186038,-0.729110790509386,-0.27273489182137,TRUE,-19.3194867137103,1225.46109161034,1756.12627219922,FALSE,"descriptive; no KO contrast; animal n unknown"
"primary_singlets","Immature_neuron","Kirrel3","new_2026",2,2,-1.14246026384942,-1.61620294883017,-0.673557613797582,TRUE,-27.9160797663912,795.22786309891,1756.12627219922,FALSE,"descriptive; no KO contrast; animal n unknown"
"primary_singlets","Immature_neuron","Sdk2","old_2023",1,2,-0.589212009421043,-0.857945729681711,-0.258692503731107,TRUE,-3.98246402113883,99.7468330380511,150.313823346555,FALSE,"descriptive; no KO contrast; animal n unknown"
"primary_singlets","Immature_neuron","Sdk2","new_2026",2,2,-1.19115463190758,-1.48985744566303,-0.831275932523053,TRUE,-9.47578271427565,65.5492478560147,150.313823346555,FALSE,"descriptive; no KO contrast; animal n unknown"
"primary_singlets","Immature_neuron","Sema5b","old_2023",1,2,-0.956946028216133,-1.21807089655517,-0.637877508957163,TRUE,-4.82835193486334,59.3731149036018,115.72547015434,FALSE,"descriptive; no KO contrast; animal n unknown"
"primary_singlets","Immature_neuron","Sema5b","new_2026",2,2,-1.09000363869885,-1.62669962100916,-0.539654139599917,TRUE,-7.5437621135666,54.0980989190696,115.72547015434,FALSE,"descriptive; no KO contrast; animal n unknown"
"primary_singlets","Immature_neuron","Cdh8","old_2023",1,2,0.821095046485298,0.632208328784721,1.03849150278496,TRUE,9.91525872035687,871.597326784875,493.117691894633,FALSE,"descriptive; no KO contrast; animal n unknown"
"primary_singlets","Immature_neuron","Cdh8","new_2026",2,2,-0.472848717931721,-1.05344403258786,0.0522952439412325,FALSE,-3.87195358472739,355.17150242309,493.117691894633,FALSE,"descriptive; no KO contrast; animal n unknown"
"primary_singlets","Immature_neuron","Cdh9","old_2023",1,2,1.15963356555675,0.616266911602649,2.04159138765918,TRUE,6.90565762766321,334.864368056314,149.617882702894,FALSE,"descriptive; no KO contrast; animal n unknown"
"primary_singlets","Immature_neuron","Cdh9","new_2026",2,2,0.0605637710807103,-0.664466687304103,1.1038474393126,FALSE,1.49595944954837,156.053918422398,149.617882702894,FALSE,"descriptive; no KO contrast; animal n unknown"
"primary_singlets","Immature_neuron","Cdh13","old_2023",1,2,-0.229436057264486,-0.307295161632902,-0.147134159324052,TRUE,-5.04415684994829,719.602152631654,843.730901210376,FALSE,"descriptive; no KO contrast; animal n unknown"
"primary_singlets","Immature_neuron","Cdh13","new_2026",2,2,-0.989450539248614,-1.08584709373747,-0.888846363665643,TRUE,-18.0568633584646,424.713410492878,843.730901210376,FALSE,"descriptive; no KO contrast; animal n unknown"
"primary_singlets","Immature_neuron","Cdh18","old_2023",1,2,-0.842003153452001,-0.929284094314818,-0.749099875111366,TRUE,-10.6513765564666,396.61240755606,711.33880969676,FALSE,"descriptive; no KO contrast; animal n unknown"
"primary_singlets","Immature_neuron","Cdh18","new_2026",2,2,-0.816311805675801,-1.06661242675358,-0.576953587220798,TRUE,-9.93792603460226,403.74748148473,711.33880969676,FALSE,"descriptive; no KO contrast; animal n unknown"
"primary_singlets","Immature_neuron","C1ql3","old_2023",1,2,0.660318107728398,-0.0260989880606495,2.01611823148936,FALSE,4.41036422212783,204.24351526839,129.049159108971,FALSE,"descriptive; no KO contrast; animal n unknown"
"primary_singlets","Immature_neuron","C1ql3","new_2026",2,2,1.21534973133968,-0.226616831849328,3.06446849774289,FALSE,15.4471598359617,300.309344112966,129.049159108971,FALSE,"descriptive; no KO contrast; animal n unknown"
"primary_singlets","Immature_neuron","Slit1","old_2023",1,2,0.00340498800785098,-0.283079313015457,0.36123846869303,FALSE,-0.53097352988568,161.494872537797,161.112989898665,FALSE,"descriptive; no KO contrast; animal n unknown"
"primary_singlets","Immature_neuron","Slit1","new_2026",2,2,-1.51732823024918,-2.0134294697045,-0.976506077963462,TRUE,-9.29705383142831,55.956630470988,161.112989898665,FALSE,"descriptive; no KO contrast; animal n unknown"
"primary_singlets","Immature_neuron","Slit2","old_2023",1,2,1.15167276307854,1.1182390283917,1.18589972684271,TRUE,14.1812793373524,465.485220844238,209.241367852051,FALSE,"descriptive; no KO contrast; animal n unknown"
"primary_singlets","Immature_neuron","Slit2","new_2026",2,2,0.008391890434114,-0.2567563255177,0.242216159475786,FALSE,-1.24992433904481,210.464949852539,209.241367852051,FALSE,"descriptive; no KO contrast; animal n unknown"
"primary_singlets","Immature_neuron","Slit3","old_2023",1,2,0.469306419975013,0.0493410484809367,1.06417545143153,TRUE,20.7623654961485,1161.33812751445,838.709351875812,FALSE,"descriptive; no KO contrast; animal n unknown"
"primary_singlets","Immature_neuron","Slit3","new_2026",2,2,-1.07302529870854,-1.61028712580109,-0.369683540128415,TRUE,-8.05202784906438,398.394009140585,838.709351875812,FALSE,"descriptive; no KO contrast; animal n unknown"
"primary_singlets","Immature_neuron","Robo1","old_2023",1,2,-0.354713457489222,-0.43051883914705,-0.274702960327097,TRUE,-2.69183882293684,1315.70822626382,1682.57702389985,FALSE,"descriptive; no KO contrast; animal n unknown"
"primary_singlets","Immature_neuron","Robo1","new_2026",2,2,-0.830462633292663,-0.952881859231351,-0.705297376588273,TRUE,-17.1507805447968,945.976484974502,1682.57702389985,FALSE,"descriptive; no KO contrast; animal n unknown"
"primary_singlets","Immature_neuron","Robo2","old_2023",1,2,0.465806152964235,0.36756056355355,0.571234230333804,TRUE,12.3927877397535,916.720894111612,663.628801901262,FALSE,"descriptive; no KO contrast; animal n unknown"
"primary_singlets","Immature_neuron","Robo2","new_2026",2,2,-0.310271796489574,-0.551114153197288,-0.0750821599568017,TRUE,-0.352066809239986,535.113108794156,663.628801901262,FALSE,"descriptive; no KO contrast; animal n unknown"
"primary_singlets","Immature_neuron","Ntng1","old_2023",1,2,0.331035698830634,0.245008856986884,0.422519363264438,TRUE,5.9978273964512,439.361050286653,349.174394804383,FALSE,"descriptive; no KO contrast; animal n unknown"
"primary_singlets","Immature_neuron","Ntng1","new_2026",2,2,-0.576631115631494,-0.965506502383327,-0.234974384125687,TRUE,-5.77546871554105,233.96637534941,349.174394804383,FALSE,"descriptive; no KO contrast; animal n unknown"
"primary_singlets","Immature_neuron","Ntng2","old_2023",1,2,-0.0257394137934823,-0.713513612126722,1.33566381371434,FALSE,1.28336085931483,68.8728132881781,70.1216146034749,FALSE,"descriptive; no KO contrast; animal n unknown"
"primary_singlets","Immature_neuron","Ntng2","new_2026",2,2,-1.60275981601227,-2.62054765842886,0.0270431175503072,FALSE,-3.24039608278332,22.751922247229,70.1216146034749,FALSE,"descriptive; no KO contrast; animal n unknown"
"primary_singlets","Immature_neuron","Lrrc4c","old_2023",1,2,0.935189352627805,0.604279901911234,1.36532115689906,TRUE,11.3265679264979,4072.99568238708,2129.83162007149,FALSE,"descriptive; no KO contrast; animal n unknown"
"primary_singlets","Immature_neuron","Lrrc4c","new_2026",2,2,-0.248051832710029,-0.654611085358601,0.253959828529441,FALSE,2.96175566367513,1793.3088875832,2129.83162007149,FALSE,"descriptive; no KO contrast; animal n unknown"
"primary_singlets","Immature_neuron","Lrrc4","old_2023",1,2,0.17022963164628,0.0417745073014473,0.311250088078134,TRUE,3.77899638471819,301.615423710297,267.990344618219,FALSE,"descriptive; no KO contrast; animal n unknown"
"primary_singlets","Immature_neuron","Lrrc4","new_2026",2,2,-2.04709217115132,-2.41339351930134,-1.70194395826496,TRUE,-15.7780281154383,64.4669569529009,267.990344618219,FALSE,"descriptive; no KO contrast; animal n unknown"
"primary_singlets","Immature_neuron","Adgrb3","old_2023",1,2,0.400482159733262,0.16266701135541,0.685389176321761,TRUE,8.44873592061171,3837.87814736882,2907.47464342833,FALSE,"descriptive; no KO contrast; animal n unknown"
"primary_singlets","Immature_neuron","Adgrb3","new_2026",2,2,-0.469686202507257,-0.780848605942605,-0.114981217897036,TRUE,-9.62091175197534,2099.41144129044,2907.47464342833,FALSE,"descriptive; no KO contrast; animal n unknown"
"primary_singlets","Immature_neuron","Igsf21","old_2023",1,2,0.0437323109299458,-0.464032647208983,0.834205946076172,FALSE,0.473740650065013,75.9975870766103,73.7135145835052,FALSE,"descriptive; no KO contrast; animal n unknown"
"primary_singlets","Immature_neuron","Igsf21","new_2026",2,2,-0.586381460759916,-1.25014379423698,0.344855541461915,FALSE,-2.08824913361098,48.9270386017352,73.7135145835052,FALSE,"descriptive; no KO contrast; animal n unknown"
"primary_singlets","Immature_neuron","Nrxn2","old_2023",1,2,0.383206576283086,0.159470699136161,0.648123924486078,TRUE,5.24326166556765,322.989745075594,247.529788927566,FALSE,"descriptive; no KO contrast; animal n unknown"
"primary_singlets","Immature_neuron","Nrxn2","new_2026",2,2,0.336244311778931,-0.160141304567977,0.830383151551909,FALSE,6.83681359260938,312.629127153953,247.529788927566,FALSE,"descriptive; no KO contrast; animal n unknown"
"primary_singlets","Immature_neuron","Cntn4","old_2023",1,2,0.190062060100869,-0.236123990033034,0.797583493744824,FALSE,15.8152767706545,1132.83903236072,992.948744069033,FALSE,"descriptive; no KO contrast; animal n unknown"
"primary_singlets","Immature_neuron","Cntn4","new_2026",2,2,-0.794801120789329,-1.30707775335726,-0.106038409308955,TRUE,-2.97821177155847,572.146337091502,992.948744069033,FALSE,"descriptive; no KO contrast; animal n unknown"
"primary_singlets","Immature_neuron","Cntn6","old_2023",1,2,0.664866647739881,0.474627171129323,0.88405782756829,TRUE,7.99960325845514,306.365272902585,193.054351329895,FALSE,"descriptive; no KO contrast; animal n unknown"
"primary_singlets","Immature_neuron","Cntn6","new_2026",2,2,-0.0765571670858006,-0.358655867892914,0.228992853430102,FALSE,0.629306815231416,183.051076339383,193.054351329895,FALSE,"descriptive; no KO contrast; animal n unknown"
"primary_singlets","Immature_neuron","Ptprg","old_2023",1,2,0.419386498007734,0.271461441556733,0.584230110214175,TRUE,7.86051548153889,1011.71787795737,756.378359119254,FALSE,"descriptive; no KO contrast; animal n unknown"
"primary_singlets","Immature_neuron","Ptprg","new_2026",2,2,-0.374097509758076,-0.750142821535254,-0.0123278185843922,TRUE,-10.273803141681,583.498210316447,756.378359119254,FALSE,"descriptive; no KO contrast; animal n unknown"
"primary_singlets","Immature_neuron","Plxna1","old_2023",1,2,0.269010616042037,-0.363517027512228,1.42190765225835,FALSE,0.90069217164947,11.8746229807204,9.7695570418131,FALSE,"descriptive; no KO contrast; animal n unknown"
"primary_singlets","Immature_neuron","Plxna1","new_2026",2,2,2.365139372951,1.21378299548952,3.89883429961435,TRUE,4.36040076569147,52.4090065083243,9.7695570418131,FALSE,"descriptive; no KO contrast; animal n unknown"
"primary_singlets","Immature_neuron","Plxna3","old_2023",1,2,1.35598776819028,1.14184803713314,1.60754714712699,TRUE,1.67421827120414,26.1241705575848,9.90119155710264,FALSE,"descriptive; no KO contrast; animal n unknown"
"primary_singlets","Immature_neuron","Plxna3","new_2026",2,2,0.291877966684782,-0.256717811097424,0.814763686237823,FALSE,0.397227845643723,12.2334802146245,9.90119155710264,FALSE,"descriptive; no KO contrast; animal n unknown"
"primary_singlets","Microglia","Mef2c","old_2023",1,2,-0.400414984492213,-0.449095603762206,-0.350034208110673,TRUE,-8.14843419149062,1158.60750705533,1529.39152786489,FALSE,"descriptive; no KO contrast; animal n unknown"
"primary_singlets","Microglia","Mef2c","new_2026",2,2,-0.672743171140663,-0.738521505744105,-0.605464937448778,TRUE,-18.6209046953212,959.22048704221,1529.39152786489,FALSE,"descriptive; no KO contrast; animal n unknown"
"primary_singlets","Microglia","Mef2a","old_2023",1,2,-1.53561050690823,-1.622637042885,-1.44299542236753,TRUE,-35.3378675630604,500.410246237907,1451.69433957579,FALSE,"descriptive; no KO contrast; animal n unknown"
"primary_singlets","Microglia","Mef2a","new_2026",2,2,-1.70006859076436,-1.85559447272701,-1.5420596269275,TRUE,-44.4473068286206,446.443987280628,1451.69433957579,FALSE,"descriptive; no KO contrast; animal n unknown"
"primary_singlets","Microglia","Mef2d","old_2023",1,2,-1.82443546048803,-1.95305657476014,-1.68321489945716,TRUE,-12.5393920602775,49.5902045821349,176.903671743904,FALSE,"descriptive; no KO contrast; animal n unknown"
"primary_singlets","Microglia","Mef2d","new_2026",2,2,-1.49595586845901,-1.66542185248759,-1.3150150510095,TRUE,-11.4062617591786,62.3977363346568,176.903671743904,FALSE,"descriptive; no KO contrast; animal n unknown"
"primary_singlets","Microglia","Arc","old_2023",1,2,-2.67593973370832,-3.07728417925432,-2.11797950711682,TRUE,-0.379908560725756,0,2.69527418550951,FALSE,"descriptive; no KO contrast; animal n unknown"
"primary_singlets","Microglia","Arc","new_2026",2,2,-0.0876244181089939,-0.976332492888352,0.833980766558508,FALSE,-0.084971683251031,2.50698009024218,2.69527418550951,FALSE,"descriptive; no KO contrast; animal n unknown"
"primary_singlets","Microglia","Homer1","old_2023",1,2,0.845058003905388,0.806230954867873,0.884958968613095,TRUE,5.34793790905432,117.213210830501,65.0295821591256,FALSE,"descriptive; no KO contrast; animal n unknown"
"primary_singlets","Microglia","Homer1","new_2026",2,2,0.632349938167645,0.0441979715007328,1.06913395909156,TRUE,4.10625832459099,101.076606075552,65.0295821591256,FALSE,"descriptive; no KO contrast; animal n unknown"
"primary_singlets","Microglia","Nr4a1","old_2023",1,2,-1.24031295659165,-1.46891934566328,-0.96853378432344,TRUE,-0.829322673367768,4.50820041655772,11.3318622259499,FALSE,"descriptive; no KO contrast; animal n unknown"
"primary_singlets","Microglia","Nr4a1","new_2026",2,2,-0.277393207548484,-0.969493743794814,0.344625587092531,FALSE,-0.334947078028275,9.26223882017242,11.3318622259499,FALSE,"descriptive; no KO contrast; animal n unknown"
"primary_singlets","Microglia","Bdnf","old_2023",1,2,-0.210698641274213,-0.279821900502285,-0.13809610743881,TRUE,0.0932744803892971,4.50820041655772,5.29573221340322,FALSE,"descriptive; no KO contrast; animal n unknown"
"primary_singlets","Microglia","Bdnf","new_2026",2,2,1.29665469340303,0.922682564378723,1.6207921102436,TRUE,0.895654270185507,13.7377140986368,5.29573221340322,FALSE,"descriptive; no KO contrast; animal n unknown"
"primary_singlets","Microglia","Pcdh10","old_2023",1,2,1.80307048656041,1.49015733456497,2.20320714344213,TRUE,9.18084569518313,207.377219161655,59.0701368424118,FALSE,"descriptive; no KO contrast; animal n unknown"
"primary_singlets","Microglia","Pcdh10","new_2026",2,2,1.94810621432067,1.14045450604209,2.71596028099451,TRUE,16.8417808242105,229.36190572083,59.0701368424118,FALSE,"descriptive; no KO contrast; animal n unknown"
"primary_singlets","Microglia","Npas4","old_2023",1,2,-1.41707094013235,-2.11797950711682,0,FALSE,-0.0315613726671495,0,0.835213956759303,FALSE,"descriptive; no KO contrast; animal n unknown"
"primary_singlets","Microglia","Npas4","new_2026",2,2,2.28105354625689,1.32426979002707,3.91538134271809,TRUE,0.722816913746761,5.98957718913397,0.835213956759303,FALSE,"descriptive; no KO contrast; animal n unknown"
"primary_singlets","Microglia","Fos","old_2023",1,2,0,0,0,FALSE,0,0,0,FALSE,"descriptive; no KO contrast; animal n unknown"
"primary_singlets","Microglia","Fos","new_2026",2,2,6.86294923270045,6.13110334970741,7.34617632394254,TRUE,4.19230571368193,57.7000800643411,0,FALSE,"descriptive; no KO contrast; animal n unknown"
"primary_singlets","Microglia","Egr1","old_2023",1,2,-0.425405501668436,-0.664890484136924,-0.13809610743881,TRUE,-0.509188645611111,4.50820041655772,6.22576232777832,FALSE,"descriptive; no KO contrast; animal n unknown"
"primary_singlets","Microglia","Egr1","new_2026",2,2,5.31902448546408,4.9701768730778,5.70798730255321,TRUE,19.1858172572621,267.989579135586,6.22576232777832,FALSE,"descriptive; no KO contrast; animal n unknown"
"primary_singlets","Microglia","Ncam1","old_2023",1,2,1.79818122557664,1.79232513105241,1.80406118769622,TRUE,32.5033995560502,689.754663733331,197.973652978118,FALSE,"descriptive; no KO contrast; animal n unknown"
"primary_singlets","Microglia","Ncam1","new_2026",2,2,1.58060859035839,0.857126775619264,2.06354683322338,TRUE,33.9675985274596,593.126746349606,197.973652978118,FALSE,"descriptive; no KO contrast; animal n unknown"
"primary_singlets","Microglia","Sema6d","old_2023",1,2,1.64251183583673,1.58601123989155,1.70131568681346,TRUE,24.8060309419511,604.098855818734,193.152001552794,FALSE,"descriptive; no KO contrast; animal n unknown"
"primary_singlets","Microglia","Sema6d","new_2026",2,2,0.737957976954745,0.101838354821616,1.20912014985713,TRUE,13.3377097778421,322.475423772101,193.152001552794,FALSE,"descriptive; no KO contrast; animal n unknown"
"primary_singlets","Microglia","Cadm2","old_2023",1,2,1.49599980943997,1.38074883916505,1.62126335426989,TRUE,32.3699782362244,2375.82161952592,841.989317856247,FALSE,"descriptive; no KO contrast; animal n unknown"
"primary_singlets","Microglia","Cadm2","new_2026",2,2,0.784759935319702,0.0401502812235286,1.34675703619439,TRUE,28.972093987069,1450.94533196913,841.989317856247,FALSE,"descriptive; no KO contrast; animal n unknown"
"primary_singlets","Microglia","Pcdh7","old_2023",1,2,1.54165064791132,1.23601202554225,1.9299411993095,TRUE,37.801942594706,1149.59110622222,394.547353902483,FALSE,"descriptive; no KO contrast; animal n unknown"
"primary_singlets","Microglia","Pcdh7","new_2026",2,2,0.308904785687849,-0.550330783209784,1.09629057779899,FALSE,19.991705574867,488.871601561333,394.547353902483,FALSE,"descriptive; no KO contrast; animal n unknown"
"primary_singlets","Microglia","Grip1","old_2023",1,2,2.21800850143746,2.18859351420137,2.24803573301042,TRUE,35.6357344144602,1239.75511455337,266.077773953216,FALSE,"descriptive; no KO contrast; animal n unknown"
"primary_singlets","Microglia","Grip1","new_2026",2,2,0.833765574181825,0.16453017132069,1.30549635586964,TRUE,17.9490082124048,474.629924902522,266.077773953216,FALSE,"descriptive; no KO contrast; animal n unknown"
"primary_singlets","Microglia","C1qa","old_2023",1,2,-3.12888316587131,-3.41764383372411,-2.76748451389019,TRUE,-18.4085594523067,27.0492024993463,240.488721228308,TRUE,"descriptive; no KO contrast; animal n unknown"
"primary_singlets","Microglia","C1qa","new_2026",2,2,2.03759902744221,0.529397189630171,3.05026844037442,TRUE,24.254564879249,988.907375710258,240.488721228308,TRUE,"descriptive; no KO contrast; animal n unknown"
"primary_singlets","Microglia","C1qb","old_2023",1,2,-1.99110333643659,-2.14592110264111,-1.81765225417478,TRUE,-18.4909431718614,81.1476074980389,324.08264275137,TRUE,"descriptive; no KO contrast; animal n unknown"
"primary_singlets","Microglia","C1qb","new_2026",2,2,1.87569091521493,0.239294342686641,2.76451114533647,TRUE,21.4696246609361,1190.64469271569,324.08264275137,TRUE,"descriptive; no KO contrast; animal n unknown"
"primary_singlets","Microglia","C1qc","old_2023",1,2,-2.98571535733002,-3.38676967120407,-2.42831908783618,TRUE,-16.8559293260638,31.557402915904,253.432458133727,FALSE,"descriptive; no KO contrast; animal n unknown"
"primary_singlets","Microglia","C1qc","new_2026",2,2,2.46142513101454,0.709393054610626,3.70406523777019,TRUE,28.7682757800146,1398.05971146039,253.432458133727,FALSE,"descriptive; no KO contrast; animal n unknown"
"primary_singlets","Microglia","C3","old_2023",1,2,0,0,0,FALSE,0,0,0,FALSE,"descriptive; no KO contrast; animal n unknown"
"primary_singlets","Microglia","C3","new_2026",2,2,1.56131832341688,0.689339629364336,2.10095168636597,TRUE,0.0689997801567481,0.975617008649619,0,FALSE,"descriptive; no KO contrast; animal n unknown"
"primary_singlets","Microglia","C4b","old_2023",1,2,1.80824676832931,1.08546861909068,3.32429229673309,TRUE,0.427184669283915,4.50820041655772,0.930030114375103,FALSE,"descriptive; no KO contrast; animal n unknown"
"primary_singlets","Microglia","C4b","new_2026",2,2,1.82153748667777,0.683344784378846,3.65973729494553,TRUE,0.295508938709016,4.55455125600658,0.930030114375103,FALSE,"descriptive; no KO contrast; animal n unknown"
"primary_singlets","Microglia","Itgam","old_2023",1,2,-2.37007553934257,-2.62678897924252,-2.05757726771746,TRUE,-19.5747786861994,58.6066054152503,305.062354061138,FALSE,"descriptive; no KO contrast; animal n unknown"
"primary_singlets","Microglia","Itgam","new_2026",2,2,-0.872299129663104,-1.28137720458477,-0.422001594919248,TRUE,-14.4849417551459,166.421256023858,305.062354061138,FALSE,"descriptive; no KO contrast; animal n unknown"
"primary_singlets","Microglia","Trem2","old_2023",1,2,-1.44720855455887,-1.88111254234978,-0.823756378410774,TRUE,-5.8099386363426,45.0820041655772,123.792980218206,FALSE,"descriptive; no KO contrast; animal n unknown"
"primary_singlets","Microglia","Trem2","new_2026",2,2,1.32500385693665,-0.419765266555672,2.62374889213546,FALSE,7.0532954524932,310.89562507158,123.792980218206,FALSE,"descriptive; no KO contrast; animal n unknown"
"primary_singlets","Microglia","Tyrobp","old_2023",1,2,-3.08535297778836,-3.14537872629043,-3.02272092535296,TRUE,-7.33343553665391,9.01640083311544,80.2711971578076,FALSE,"descriptive; no KO contrast; animal n unknown"
"primary_singlets","Microglia","Tyrobp","new_2026",2,2,3.54704845602451,1.98263970481212,4.32997569744089,TRUE,32.6980436003838,943.614138023594,80.2711971578076,FALSE,"descriptive; no KO contrast; animal n unknown"
"primary_singlets","Microglia","Cd68","old_2023",1,2,-5.76887821542722,-6.0866599752493,-5.36072490257427,TRUE,-2.9480052164979,0,26.7631095398635,FALSE,"descriptive; no KO contrast; animal n unknown"
"primary_singlets","Microglia","Cd68","new_2026",2,2,1.8799767134669,0.402431977917804,2.92264331515807,TRUE,4.59303719275163,99.8470871499824,26.7631095398635,FALSE,"descriptive; no KO contrast; animal n unknown"
"primary_singlets","Microglia","Cx3cr1","old_2023",1,2,-1.21964001032279,-1.37524289661393,-1.04520259978182,TRUE,-24.5162536774834,401.229837073637,935.082986602672,TRUE,"descriptive; no KO contrast; animal n unknown"
"primary_singlets","Microglia","Cx3cr1","new_2026",2,2,0.214673718941362,0.0575289618435928,0.390651354183818,TRUE,-7.36559796299239,1085.18926666403,935.082986602672,TRUE,"descriptive; no KO contrast; animal n unknown"
"primary_singlets","Microglia","P2ry12","old_2023",1,2,-0.378419306870484,-0.419197242699779,-0.336455168741521,TRUE,-2.07961956233655,540.984049986926,703.38422280647,TRUE,"descriptive; no KO contrast; animal n unknown"
"primary_singlets","Microglia","P2ry12","new_2026",2,2,0.251380152224563,-0.129776419919116,0.568549257052835,FALSE,-1.14861371213633,837.365285296103,703.38422280647,TRUE,"descriptive; no KO contrast; animal n unknown"
"primary_singlets","Microglia","Csf1r","old_2023",1,2,-1.43343582982755,-1.54009994796349,-1.31825149059852,TRUE,-31.3035271074772,324.590429992156,877.534067130814,TRUE,"descriptive; no KO contrast; animal n unknown"
"primary_singlets","Microglia","Csf1r","new_2026",2,2,0.0650581310660596,-0.243998675216707,0.357703673964142,FALSE,-12.2795171678466,918.035224397703,877.534067130814,TRUE,"descriptive; no KO contrast; animal n unknown"
"primary_singlets","Microglia","Mertk","old_2023",1,2,-2.50541983873549,-2.59202368121991,-2.41328334838261,TRUE,-48.431667137052,284.016626243136,1615.02682423453,FALSE,"descriptive; no KO contrast; animal n unknown"
"primary_singlets","Microglia","Mertk","new_2026",2,2,-2.20997517867365,-2.47761703342274,-1.9570064118236,TRUE,-51.7155976014521,348.676779408109,1615.02682423453,FALSE,"descriptive; no KO contrast; animal n unknown"
"primary_singlets","Microglia","Megf10","old_2023",1,2,2.83334509957616,2.13243653259169,4.25041603970851,TRUE,0.76735065759997,9.01640083311544,0.835213956759303,FALSE,"descriptive; no KO contrast; animal n unknown"
"primary_singlets","Microglia","Megf10","new_2026",2,2,2.06080305200097,1.32426979002707,3.51264015815903,TRUE,0.505359543145933,5.07075934017844,0.835213956759303,FALSE,"descriptive; no KO contrast; animal n unknown"
"primary_singlets","Microglia","Axl","old_2023",1,2,-2.67593973370832,-3.07728417925432,-2.11797950711682,TRUE,-0.34406734808121,0,2.69527418550951,FALSE,"descriptive; no KO contrast; animal n unknown"
"primary_singlets","Microglia","Axl","new_2026",2,2,1.51153596133422,0.895508227073684,2.25633226172755,TRUE,0.473570049018623,8.61015559876431,2.69527418550951,FALSE,"descriptive; no KO contrast; animal n unknown"
"primary_singlets","Microglia","Gas6","old_2023",1,2,0.74711923657969,0.434702686447429,1.14644220060566,TRUE,3.62209534229854,85.6558079145967,50.8309448942175,FALSE,"descriptive; no KO contrast; animal n unknown"
"primary_singlets","Microglia","Gas6","new_2026",2,2,1.34715711932776,0.589402200987918,2.08628785411804,TRUE,5.75825419140216,130.091214418121,50.8309448942175,FALSE,"descriptive; no KO contrast; animal n unknown"
"primary_singlets","Microglia","Sema3e","old_2023",1,2,0.332620052732546,0.104275860114529,0.604028405472028,TRUE,0.151758464983327,18.0328016662309,14.2167687266911,FALSE,"descriptive; no KO contrast; animal n unknown"
"primary_singlets","Microglia","Sema3e","new_2026",2,2,0.701786534415291,-0.0969620335250712,1.38089786119349,FALSE,1.18053664019195,23.4370850254389,14.2167687266911,FALSE,"descriptive; no KO contrast; animal n unknown"
"primary_singlets","Microglia","Plxnd1","old_2023",1,2,-0.404922446547186,-0.520035433185675,-0.279821900502285,TRUE,0.102365293469177,4.50820041655772,6.13094617016252,FALSE,"descriptive; no KO contrast; animal n unknown"
"primary_singlets","Microglia","Plxnd1","new_2026",2,2,1.63312091640132,0.385553296720324,2.38476434830822,TRUE,1.47523830212132,20.0680862459353,6.13094617016252,FALSE,"descriptive; no KO contrast; animal n unknown"
"primary_singlets","Microglia","Nrp1","old_2023",1,2,0.287076686534265,0.131027743578704,0.462075007645421,TRUE,6.49602673693123,211.885419578213,173.562815916867,FALSE,"descriptive; no KO contrast; animal n unknown"
"primary_singlets","Microglia","Nrp1","new_2026",2,2,-0.354820651417895,-0.608989055156044,-0.0879532535267877,TRUE,-4.24995536824423,135.611351388927,173.562815916867,FALSE,"descriptive; no KO contrast; animal n unknown"
"primary_singlets","Microglia","Nrp2","old_2023",1,2,0.1627011915175,0.0576965875381195,0.27595256894551,TRUE,2.01881172610617,121.721411247058,108.686603149407,FALSE,"descriptive; no KO contrast; animal n unknown"
"primary_singlets","Microglia","Nrp2","new_2026",2,2,-0.600690509557155,-0.978159295486578,-0.258348693655934,TRUE,-2.31888141118812,71.5018231997448,108.686603149407,FALSE,"descriptive; no KO contrast; animal n unknown"
"primary_singlets","Microglia","Kirrel3","old_2023",1,2,1.50096892776321,1.49126117558275,1.51074244522545,TRUE,34.4806584328359,1442.62413329847,509.378875835134,FALSE,"descriptive; no KO contrast; animal n unknown"
"primary_singlets","Microglia","Kirrel3","new_2026",2,2,-0.425493999417029,-1.29375298050029,0.118833118338719,FALSE,7.36328286311792,379.147516128394,509.378875835134,FALSE,"descriptive; no KO contrast; animal n unknown"
"primary_singlets","Microglia","Sdk2","old_2023",1,2,1.37126565783555,0.939544603561418,1.9901854620748,TRUE,5.67621265563632,90.1640083311544,34.5463521617617,FALSE,"descriptive; no KO contrast; animal n unknown"
"primary_singlets","Microglia","Sdk2","new_2026",2,2,0.438291672551008,-0.72108717524508,1.53863078989053,FALSE,2.61344870994089,46.987768370266,34.5463521617617,FALSE,"descriptive; no KO contrast; animal n unknown"
"primary_singlets","Microglia","Sema5b","old_2023",1,2,1.40070335174968,1.22433267950874,1.60167826247364,TRUE,3.4551212153047,63.1148058318081,23.593754566275,FALSE,"descriptive; no KO contrast; animal n unknown"
"primary_singlets","Microglia","Sema5b","new_2026",2,2,0.443911781139945,-0.6505105676482,1.2014649768226,FALSE,1.28406621425236,32.2744372629796,23.593754566275,FALSE,"descriptive; no KO contrast; animal n unknown"
"primary_singlets","Microglia","Cdh8","old_2023",1,2,2.47508983164143,2.11513103517066,2.9558282272178,TRUE,22.1921184144619,595.082454985619,106.618779143642,FALSE,"descriptive; no KO contrast; animal n unknown"
"primary_singlets","Microglia","Cdh8","new_2026",2,2,0.980690326422487,-0.142556290317142,1.95799112844832,FALSE,12.2421491834928,210.889211593254,106.618779143642,FALSE,"descriptive; no KO contrast; animal n unknown"
"primary_singlets","Microglia","Cdh9","old_2023",1,2,1.39206711490257,1.04529602794238,1.84948456637477,TRUE,4.77259173042232,148.770613746405,56.3748626569023,FALSE,"descriptive; no KO contrast; animal n unknown"
"primary_singlets","Microglia","Cdh9","new_2026",2,2,1.03931870262493,-0.378723231997968,2.10469409582246,FALSE,7.4785831251949,116.392451121625,56.3748626569023,FALSE,"descriptive; no KO contrast; animal n unknown"
"primary_singlets","Microglia","Cdh13","old_2023",1,2,1.30760842669471,1.22380269216537,1.39658428623642,TRUE,24.8788427111756,671.7218620671,271.070926231989,FALSE,"descriptive; no KO contrast; animal n unknown"
"primary_singlets","Microglia","Cdh13","new_2026",2,2,-0.187630160569999,-1.2887656915067,0.492038845790196,FALSE,7.48916119486224,237.951998731894,271.070926231989,FALSE,"descriptive; no KO contrast; animal n unknown"
"primary_singlets","Microglia","Cdh18","old_2023",1,2,1.33623200032886,1.17886769923036,1.51288664984105,TRUE,14.6588193411305,473.36104373856,187.174424774297,FALSE,"descriptive; no KO contrast; animal n unknown"
"primary_singlets","Microglia","Cdh18","new_2026",2,2,-0.0579681733336952,-0.906264790727419,0.583926052569516,FALSE,4.93820121585236,179.783065635855,187.174424774297,FALSE,"descriptive; no KO contrast; animal n unknown"
"primary_singlets","Microglia","C1ql3","old_2023",1,2,0.369303562072291,0.12238980206982,0.667383484487528,TRUE,0.748668548032014,103.688609580828,80.1582495384089,FALSE,"descriptive; no KO contrast; animal n unknown"
"primary_singlets","Microglia","C1ql3","new_2026",2,2,1.65831201220475,0.292040066544551,2.57904256893023,TRUE,15.2850390399611,254.095340125383,80.1582495384089,FALSE,"descriptive; no KO contrast; animal n unknown"
"primary_singlets","Microglia","Slit1","old_2023",1,2,0.884946779664181,0.70358898625997,1.09242555771444,TRUE,4.98552718220027,103.688609580828,55.9189133306062,FALSE,"descriptive; no KO contrast; animal n unknown"
"primary_singlets","Microglia","Slit1","new_2026",2,2,-0.617522488405834,-1.64842165796299,0.121064593128664,FALSE,0.608085129950431,36.2732424460432,55.9189133306062,FALSE,"descriptive; no KO contrast; animal n unknown"
"primary_singlets","Microglia","Slit2","old_2023",1,2,1.48314804807899,1.19307135042687,1.84661442356206,TRUE,15.2172780274265,329.098630408713,117.39987588568,FALSE,"descriptive; no KO contrast; animal n unknown"
"primary_singlets","Microglia","Slit2","new_2026",2,2,-0.299694782829897,-0.863846851830473,0.293999003682882,FALSE,4.01975520548291,95.2847188302734,117.39987588568,FALSE,"descriptive; no KO contrast; animal n unknown"
"primary_singlets","Microglia","Slit3","old_2023",1,2,1.38781394883902,1.05100500739203,1.82799911546781,TRUE,18.600340959366,806.967874563832,308.06852587868,FALSE,"descriptive; no KO contrast; animal n unknown"
"primary_singlets","Microglia","Slit3","new_2026",2,2,-0.973065033977868,-1.96184307813759,-0.0854711035952862,TRUE,-0.0574269486925054,156.691791215505,308.06852587868,FALSE,"descriptive; no KO contrast; animal n unknown"
"primary_singlets","Microglia","Robo1","old_2023",1,2,1.73489872931867,1.65212803345352,1.82270875209067,TRUE,33.6357711328427,1429.0995320488,428.994731057928,FALSE,"descriptive; no KO contrast; animal n unknown"
"primary_singlets","Microglia","Robo1","new_2026",2,2,0.317799345728973,-0.456051100634577,0.870915093952407,FALSE,16.6235251784306,534.834183640328,428.994731057928,FALSE,"descriptive; no KO contrast; animal n unknown"
"primary_singlets","Microglia","Robo2","old_2023",1,2,1.59845025903725,1.39766960893025,1.83176197086233,TRUE,23.438585667061,590.574254569061,194.691350385131,FALSE,"descriptive; no KO contrast; animal n unknown"
"primary_singlets","Microglia","Robo2","new_2026",2,2,0.675269661599307,-0.225161815188138,1.37771589978332,FALSE,15.9282040036748,311.20013612801,194.691350385131,FALSE,"descriptive; no KO contrast; animal n unknown"
"primary_singlets","Microglia","Ntng1","old_2023",1,2,0.978021593624781,0.952932698443714,1.00355452546113,TRUE,12.9879395727706,288.524826659694,146.230809431308,FALSE,"descriptive; no KO contrast; animal n unknown"
"primary_singlets","Microglia","Ntng1","new_2026",2,2,-0.271231760350244,-1.1634782050819,0.292118133148914,FALSE,4.68642137699182,121.082877514868,146.230809431308,FALSE,"descriptive; no KO contrast; animal n unknown"
"primary_singlets","Microglia","Ntng2","old_2023",1,2,2.12426085746844,1.81660605755589,2.51581892309005,TRUE,1.98009020779741,40.5738037490195,8.92103651328783,FALSE,"descriptive; no KO contrast; animal n unknown"
"primary_singlets","Microglia","Ntng2","new_2026",2,2,-0.11361963378264,-1.11048451452535,0.742404569767722,FALSE,0.432800168886279,8.20754583398063,8.92103651328783,FALSE,"descriptive; no KO contrast; animal n unknown"
"primary_singlets","Microglia","Lrrc4c","old_2023",1,2,1.49321654053291,1.21167026707475,1.84336557957848,TRUE,24.5905247519529,2677.87104743529,950.910133941854,FALSE,"descriptive; no KO contrast; animal n unknown"
"primary_singlets","Microglia","Lrrc4c","new_2026",2,2,-0.0621010541710094,-0.970715851651365,0.723686451430284,FALSE,15.0087523685784,910.825437873849,950.910133941854,FALSE,"descriptive; no KO contrast; animal n unknown"
"primary_singlets","Microglia","Lrrc4","old_2023",1,2,-0.323008071583784,-0.469826046718248,-0.159538371134778,TRUE,-2.67679265834745,302.049427909367,377.969994999777,FALSE,"descriptive; no KO contrast; animal n unknown"
"primary_singlets","Microglia","Lrrc4","new_2026",2,2,-2.17936202277268,-2.73404008922741,-1.69828787463308,TRUE,-22.537695288989,83.056090995381,377.969994999777,FALSE,"descriptive; no KO contrast; animal n unknown"
"primary_singlets","Microglia","Adgrb3","old_2023",1,2,1.67311920933646,1.51603072430323,1.84942626230563,TRUE,37.5203733509157,2943.85487201219,922.775017574401,FALSE,"descriptive; no KO contrast; animal n unknown"
"primary_singlets","Microglia","Adgrb3","new_2026",2,2,0.263302779881728,-0.531409394892767,0.880274200529543,FALSE,21.1074624853032,1107.6361404103,922.775017574401,FALSE,"descriptive; no KO contrast; animal n unknown"
"primary_singlets","Microglia","Igsf21","old_2023",1,2,1.63596070488317,1.31567689891118,2.04826188035358,TRUE,4.22205178575174,63.1148058318081,19.9684502663904,FALSE,"descriptive; no KO contrast; animal n unknown"
"primary_singlets","Microglia","Igsf21","new_2026",2,2,0.23401168026648,-0.261035899667026,0.802175316067169,FALSE,1.10768051891802,23.5729601626752,19.9684502663904,FALSE,"descriptive; no KO contrast; animal n unknown"
"primary_singlets","Microglia","Nrxn2","old_2023",1,2,1.44337804353289,1.38670898785789,1.50236439289287,TRUE,16.212513983548,306.557628325925,112.406723606907,FALSE,"descriptive; no KO contrast; animal n unknown"
"primary_singlets","Microglia","Nrxn2","new_2026",2,2,0.660392102447392,0.0452488926562431,1.12098714143677,TRUE,9.77160729379802,177.950445584869,112.406723606907,FALSE,"descriptive; no KO contrast; animal n unknown"
"primary_singlets","Microglia","Cntn4","old_2023",1,2,1.2809756874445,1.26806544439629,1.29400250433534,TRUE,13.716951105383,716.803866232677,294.682812260047,FALSE,"descriptive; no KO contrast; animal n unknown"
"primary_singlets","Microglia","Cntn4","new_2026",2,2,-0.198903549916178,-0.650217783499453,0.149891730080981,FALSE,4.26563878719083,256.666936439021,294.682812260047,FALSE,"descriptive; no KO contrast; animal n unknown"
"primary_singlets","Microglia","Cntn6","old_2023",1,2,1.49138873885223,1.32198407120062,1.68336509184485,TRUE,8.70198259541151,180.328016662309,63.8151035719031,FALSE,"descriptive; no KO contrast; animal n unknown"
"primary_singlets","Microglia","Cntn6","new_2026",2,2,0.160497243908518,-0.547028256264237,0.743507311213796,FALSE,1.33684698528975,71.3832092334316,63.8151035719031,FALSE,"descriptive; no KO contrast; animal n unknown"
"primary_singlets","Microglia","Ptprg","old_2023",1,2,1.60154633399581,1.5207178169841,1.68717353512541,TRUE,29.7298523289105,743.853068732024,244.781897480205,FALSE,"descriptive; no KO contrast; animal n unknown"
"primary_singlets","Microglia","Ptprg","new_2026",2,2,0.532164037496788,-0.382757110495638,1.14292227115108,FALSE,11.1900668673326,354.20134483921,244.781897480205,FALSE,"descriptive; no KO contrast; animal n unknown"
"primary_singlets","Microglia","Plxna1","old_2023",1,2,0.723952287557755,0.517061766247987,0.965560117385753,TRUE,0.725165868531144,13.5246012496732,7.99100639891273,FALSE,"descriptive; no KO contrast; animal n unknown"
"primary_singlets","Microglia","Plxna1","new_2026",2,2,2.22657102845806,1.33335233587295,2.93134776233947,TRUE,3.58737997776884,39.2396314607632,7.99100639891273,FALSE,"descriptive; no KO contrast; animal n unknown"
"primary_singlets","Microglia","Plxna3","old_2023",1,2,0.505817005670215,-0.147455801042299,1.7326036680502,FALSE,0.667513195573394,13.5246012496732,9.37698583958393,FALSE,"descriptive; no KO contrast; animal n unknown"
"primary_singlets","Microglia","Plxna3","new_2026",2,2,-0.374595963953364,-1.13362574974526,0.95072182442568,FALSE,0.0317074568517592,7.11833050594284,9.37698583958393,FALSE,"descriptive; no KO contrast; animal n unknown"
"primary_singlets","OPC","Mef2c","old_2023",1,2,0.538675675898726,0.477536099358855,0.602521374647549,TRUE,7.36874864752217,296.816176857355,204.17321111696,FALSE,"descriptive; no KO contrast; animal n unknown"
"primary_singlets","OPC","Mef2c","new_2026",2,2,0.875985848423175,0.490775959180335,1.20429233307698,TRUE,15.8999436550334,375.128918114014,204.17321111696,FALSE,"descriptive; no KO contrast; animal n unknown"
"primary_singlets","OPC","Mef2a","old_2023",1,2,-0.0564442712894839,-0.179943595096895,0.0786251527384891,FALSE,-0.125503132258391,180.344006191811,187.559612986938,FALSE,"descriptive; no KO contrast; animal n unknown"
"primary_singlets","OPC","Mef2a","new_2026",2,2,0.00167928654675231,-0.305851605454849,0.299938579709126,FALSE,0.87107857872979,187.778640458709,187.559612986938,FALSE,"descriptive; no KO contrast; animal n unknown"
"primary_singlets","OPC","Mef2d","old_2023",1,2,-0.451339020510066,-0.457585814645949,-0.445065060412192,TRUE,-1.47868096218176,48.8431683436154,66.9673443282994,FALSE,"descriptive; no KO contrast; animal n unknown"
"primary_singlets","OPC","Mef2d","new_2026",2,2,-0.484711729870719,-0.551385949555767,-0.420439930393141,TRUE,-1.75728238311666,47.714852856722,66.9673443282994,FALSE,"descriptive; no KO contrast; animal n unknown"
"primary_singlets","OPC","Arc","old_2023",1,2,1.89236559874942,1.24714514237028,3.08989361597383,TRUE,0.315525328753977,3.75716679566273,0.646731805494116,FALSE,"descriptive; no KO contrast; animal n unknown"
"primary_singlets","OPC","Arc","new_2026",2,2,1.75914081336815,1.08187059855164,2.98802204312917,TRUE,0.188865450566537,3.38164674812602,0.646731805494116,FALSE,"descriptive; no KO contrast; animal n unknown"
"primary_singlets","OPC","Homer1","old_2023",1,2,0.266108051129465,0.140085461986204,0.404201844649998,TRUE,0.64785640490163,78.9005027089173,65.5262674301595,FALSE,"descriptive; no KO contrast; animal n unknown"
"primary_singlets","OPC","Homer1","new_2026",2,2,0.769852880354746,0.393577212577561,1.12113974774326,TRUE,4.01017067612076,112.081117659584,65.5262674301595,FALSE,"descriptive; no KO contrast; animal n unknown"
"primary_singlets","OPC","Nr4a1","old_2023",1,2,0.670081003534837,0.379960627984464,1.03361608819016,TRUE,0.809757677764996,33.8145011609645,21.0656825592983,FALSE,"descriptive; no KO contrast; animal n unknown"
"primary_singlets","OPC","Nr4a1","new_2026",2,2,0.079495473549394,-0.38836987102203,0.601259249534892,FALSE,-0.139343119709866,22.2873451413805,21.0656825592983,FALSE,"descriptive; no KO contrast; animal n unknown"
"primary_singlets","OPC","Bdnf","old_2023",1,2,2.80505454501928,2.15983408864014,4.00258256224369,TRUE,0.246425418026215,7.51433359132545,0.646731805494116,FALSE,"descriptive; no KO contrast; animal n unknown"
"primary_singlets","OPC","Bdnf","new_2026",2,2,3.87739944474747,3.03652385193116,5.24718928583828,TRUE,1.60952018230822,16.3529291966209,0.646731805494116,FALSE,"descriptive; no KO contrast; animal n unknown"
"primary_singlets","OPC","Pcdh10","old_2023",1,2,0.316801474324519,0.101002802637493,0.570654968433776,TRUE,3.4834172228894,244.215841718077,195.969589589576,FALSE,"descriptive; no KO contrast; animal n unknown"
"primary_singlets","OPC","Pcdh10","new_2026",2,2,0.852873565110528,0.425518602483858,1.29119129026167,TRUE,11.3555012260897,354.342690532122,195.969589589576,FALSE,"descriptive; no KO contrast; animal n unknown"
"primary_singlets","OPC","Npas4","old_2023",1,2,0.70774197694834,0.463722145891324,1.0016100028228,TRUE,0.449627237097286,3.75716679566273,2.10656825592983,FALSE,"descriptive; no KO contrast; animal n unknown"
"primary_singlets","OPC","Npas4","new_2026",2,2,1.18445527072084,0.516057193134785,1.80582694812192,TRUE,0.355176296601024,5.42414482396643,2.10656825592983,FALSE,"descriptive; no KO contrast; animal n unknown"
"primary_singlets","OPC","Fos","old_2023",1,2,-1.19752801722441,-1.84274847360355,0,FALSE,-0.112913715854894,0,0.646731805494116,FALSE,"descriptive; no KO contrast; animal n unknown"
"primary_singlets","OPC","Fos","new_2026",2,2,4.07001126878656,3.05889381443278,5.5591590456598,TRUE,1.821145325676,18.7600465641364,0.646731805494116,FALSE,"descriptive; no KO contrast; animal n unknown"
"primary_singlets","OPC","Egr1","old_2023",1,2,1.30067866972509,0.871522964649016,1.91429894909267,TRUE,0.541260144021695,7.51433359132545,2.75330006142394,FALSE,"descriptive; no KO contrast; animal n unknown"
"primary_singlets","OPC","Egr1","new_2026",2,2,4.28461991557036,3.71954743435154,5.02244745291796,TRUE,5.96322658429274,62.9049604508259,2.75330006142394,FALSE,"descriptive; no KO contrast; animal n unknown"
"primary_singlets","OPC","Ncam1","old_2023",1,2,-0.00795256577013703,-0.12323800265707,0.117351699456037,FALSE,1.42723242875545,909.23436455038,914.262938729618,FALSE,"descriptive; no KO contrast; animal n unknown"
"primary_singlets","OPC","Ncam1","new_2026",2,2,-0.0805127122452044,-0.468273579240529,0.273889936484291,FALSE,-1.19442674947847,864.61097098548,914.262938729618,FALSE,"descriptive; no KO contrast; animal n unknown"
"primary_singlets","OPC","Sema6d","old_2023",1,2,0.630224841178289,0.539991347499345,0.726480764247254,TRUE,10.6920385407088,2979.43326896054,1924.76252587422,FALSE,"descriptive; no KO contrast; animal n unknown"
"primary_singlets","OPC","Sema6d","new_2026",2,2,-0.693647930684872,-0.887496245180406,-0.50072278605542,TRUE,-19.8339042346096,1189.86767270641,1924.76252587422,FALSE,"descriptive; no KO contrast; animal n unknown"
"primary_singlets","OPC","Cadm2","old_2023",1,2,0.439378010589196,0.389041812823011,0.491534147796001,TRUE,5.95750851698833,4159.18364279864,3067.06901073598,FALSE,"descriptive; no KO contrast; animal n unknown"
"primary_singlets","OPC","Cadm2","new_2026",2,2,-0.256913059294931,-0.422814624816745,-0.097766165027668,TRUE,-2.61719173399558,2566.67694979099,3067.06901073598,FALSE,"descriptive; no KO contrast; animal n unknown"
"primary_singlets","OPC","Pcdh7","old_2023",1,2,0.239171120867657,0.152222763630679,0.331697665088212,TRUE,7.57657840639463,1427.72338235184,1209.5364629222,FALSE,"descriptive; no KO contrast; animal n unknown"
"primary_singlets","OPC","Pcdh7","new_2026",2,2,-0.249956154238472,-0.477808289937229,-0.0290712913362459,TRUE,-7.76160397218136,1017.04624835159,1209.5364629222,FALSE,"descriptive; no KO contrast; animal n unknown"
"primary_singlets","OPC","Grip1","old_2023",1,2,0.824098806564506,0.596816752074632,1.09400666006099,TRUE,18.6076896218431,1033.22086880725,583.381646130269,FALSE,"descriptive; no KO contrast; animal n unknown"
"primary_singlets","OPC","Grip1","new_2026",2,2,-0.0339434474516496,-0.495390450781544,0.437376262615798,FALSE,-0.682947365513598,569.804538745955,583.381646130269,FALSE,"descriptive; no KO contrast; animal n unknown"
"primary_singlets","OPC","C1qa","old_2023",1,2,-1.97073326556995,-2.08828361315102,-1.84274847360355,TRUE,-0.130520559908118,0,1.45983645043571,TRUE,"descriptive; no KO contrast; animal n unknown"
"primary_singlets","OPC","C1qa","new_2026",2,2,2.64166159939246,2.19639931173843,3.03652385193116,TRUE,1.14717142823978,11.7303591516838,1.45983645043571,TRUE,"descriptive; no KO contrast; animal n unknown"
"primary_singlets","OPC","C1qb","old_2023",1,2,-2.47141697003421,-2.90782076849043,-1.84274847360355,TRUE,-0.18432894421915,0,2.27294109537731,TRUE,"descriptive; no KO contrast; animal n unknown"
"primary_singlets","OPC","C1qb","new_2026",2,2,2.3594687701339,1.613054503997,3.24317154068978,TRUE,1.08996968571719,13.7302168347358,2.27294109537731,TRUE,"descriptive; no KO contrast; animal n unknown"
"primary_singlets","OPC","C1qc","old_2023",1,2,0.5344141610243,-0.337344560872766,3.08989361597383,FALSE,0.192324260932909,3.75716679566273,2.43931393482478,FALSE,"descriptive; no KO contrast; animal n unknown"
"primary_singlets","OPC","C1qc","new_2026",2,2,2.53847638725166,1.52913009434604,5.21955675992716,TRUE,1.46942138248254,16.5766827200331,2.43931393482478,FALSE,"descriptive; no KO contrast; animal n unknown"
"primary_singlets","OPC","C3","old_2023",1,2,0,0,0,FALSE,0,0,0,FALSE,"descriptive; no KO contrast; animal n unknown"
"primary_singlets","OPC","C3","new_2026",2,2,0.497786827614273,0,0.867178092319801,FALSE,0.0175448702492131,0.206022872659323,0,FALSE,"descriptive; no KO contrast; animal n unknown"
"primary_singlets","OPC","C4b","old_2023",1,2,-1.39298189317101,-2.08828361315102,0,FALSE,-0.066064161513621,0,0.813104644941595,FALSE,"descriptive; no KO contrast; animal n unknown"
"primary_singlets","OPC","C4b","new_2026",2,2,-0.400309886272734,-1.22110552083122,1.10811794338146,FALSE,-0.012113772965312,0.494933500467895,0.813104644941595,FALSE,"descriptive; no KO contrast; animal n unknown"
"primary_singlets","OPC","Itgam","old_2023",1,2,3.75933408694411,3.11411363056498,4.95686210416852,TRUE,0.912046582370429,15.0286671826509,0.646731805494116,FALSE,"descriptive; no KO contrast; animal n unknown"
"primary_singlets","OPC","Itgam","new_2026",2,2,0.987520956915326,-0.0468674810010863,2.49122972894289,FALSE,0.119622740465602,1.77371112921226,0.646731805494116,FALSE,"descriptive; no KO contrast; animal n unknown"
"primary_singlets","OPC","Trem2","old_2023",1,2,-1.84274847360355,-2.6261714700825,0,FALSE,-0.20279969879351,0,1.29346361098823,FALSE,"descriptive; no KO contrast; animal n unknown"
"primary_singlets","OPC","Trem2","new_2026",2,2,1.44756900119871,0.558029081670558,3.38916094746057,TRUE,0.242774155756168,4.39163743024222,1.29346361098823,FALSE,"descriptive; no KO contrast; animal n unknown"
"primary_singlets","OPC","Tyrobp","old_2023",1,2,-3.08160466961887,-3.42723817684659,-2.6261714700825,TRUE,-0.497901735263323,0,3.73277754581302,FALSE,"descriptive; no KO contrast; animal n unknown"
"primary_singlets","OPC","Tyrobp","new_2026",2,2,2.28870491896171,1.52913009434604,3.06540810423799,TRUE,1.56510140275517,20.1820829915712,3.73277754581302,FALSE,"descriptive; no KO contrast; animal n unknown"
"primary_singlets","OPC","Cd68","old_2023",1,2,-1.19752801722441,-1.84274847360355,0,FALSE,-0.0770311575626031,0,0.646731805494116,FALSE,"descriptive; no KO contrast; animal n unknown"
"primary_singlets","OPC","Cd68","new_2026",2,2,1.64755495878089,0.918156405019227,2.92461907215519,TRUE,0.264358209871642,3.09273612031744,0.646731805494116,FALSE,"descriptive; no KO contrast; animal n unknown"
"primary_singlets","OPC","Cx3cr1","old_2023",1,2,0.871168395592121,0.618608601617077,1.17752580129314,TRUE,1.57651095089708,30.0573343653018,16.2058142419445,TRUE,"descriptive; no KO contrast; animal n unknown"
"primary_singlets","OPC","Cx3cr1","new_2026",2,2,0.224298875580989,-0.540265761646986,0.907783061685192,FALSE,0.100454553565128,19.0158889208669,16.2058142419445,TRUE,"descriptive; no KO contrast; animal n unknown"
"primary_singlets","OPC","P2ry12","old_2023",1,2,-0.747096248482653,-0.826750984633984,-0.662785242865932,TRUE,-3.28003001684214,67.6290023219291,113.84848358169,TRUE,"descriptive; no KO contrast; animal n unknown"
"primary_singlets","OPC","P2ry12","new_2026",2,2,-1.81960701942941,-2.09751395954449,-1.56102493103444,TRUE,-6.93161723146199,31.8947114925022,113.84848358169,TRUE,"descriptive; no KO contrast; animal n unknown"
"primary_singlets","OPC","Csf1r","old_2023",1,2,0.456558046862007,-0.253559351958256,1.91429894909267,FALSE,0.293803176834974,7.51433359132545,5.34022728340041,TRUE,"descriptive; no KO contrast; animal n unknown"
"primary_singlets","OPC","Csf1r","new_2026",2,2,0.678330531924352,-0.0947479309262031,2.19639931173843,FALSE,0.383880916836006,8.84603893445327,5.34022728340041,TRUE,"descriptive; no KO contrast; animal n unknown"
"primary_singlets","OPC","Mertk","old_2023",1,2,-0.387023799521688,-0.422632774492851,-0.35051362397454,TRUE,-3.00755538828394,75.1433359132545,98.4182548800951,FALSE,"descriptive; no KO contrast; animal n unknown"
"primary_singlets","OPC","Mertk","new_2026",2,2,-1.77106024255632,-2.30733289927196,-1.36358408990409,TRUE,-6.65848652190286,28.4823895037258,98.4182548800951,FALSE,"descriptive; no KO contrast; animal n unknown"
"primary_singlets","OPC","Megf10","old_2023",1,2,-5.17136997063685,-5.32297449722261,-5.00194302297597,TRUE,-1.73924676282573,0,17.5180374052285,FALSE,"descriptive; no KO contrast; animal n unknown"
"primary_singlets","OPC","Megf10","new_2026",2,2,-1.60476306089053,-2.18074583400532,-1.10783246170302,TRUE,-1.23658714759881,5.42414482396643,17.5180374052285,FALSE,"descriptive; no KO contrast; animal n unknown"
"primary_singlets","OPC","Axl","old_2023",1,2,0.0565274008447721,0.0369611094022964,0.0763627092624546,TRUE,0.00086122620264617,15.0286671826509,14.4319916649096,FALSE,"descriptive; no KO contrast; animal n unknown"
"primary_singlets","OPC","Axl","new_2026",2,2,-1.27967994175674,-1.47508846161159,-1.10312517052283,TRUE,-1.0054776684035,5.65029137780617,14.4319916649096,FALSE,"descriptive; no KO contrast; animal n unknown"
"primary_singlets","OPC","Gas6","old_2023",1,2,-0.918921145780511,-0.977778160708603,-0.857560463238859,TRUE,-4.52626902179761,52.6003351392782,99.8968508828266,FALSE,"descriptive; no KO contrast; animal n unknown"
"primary_singlets","OPC","Gas6","new_2026",2,2,-0.878041870601426,-0.957286932638524,-0.796577252765593,TRUE,-4.3395683213127,54.1264716511967,99.8968508828266,FALSE,"descriptive; no KO contrast; animal n unknown"
"primary_singlets","OPC","Sema3e","old_2023",1,2,-1.21447257614393,-1.51587424520106,-0.83300983608204,TRUE,-1.85547821435957,15.0286671826509,35.5351933287995,FALSE,"descriptive; no KO contrast; animal n unknown"
"primary_singlets","OPC","Sema3e","new_2026",2,2,-0.618259492319189,-1.38681633507626,0.115521517266402,FALSE,-1.23582122745325,22.9753569246101,35.5351933287995,FALSE,"descriptive; no KO contrast; animal n unknown"
"primary_singlets","OPC","Plxnd1","old_2023",1,2,-3.76970928481171,-4.04627830128206,-3.42723817684659,TRUE,-0.627574467075058,0,6.31970476778948,FALSE,"descriptive; no KO contrast; animal n unknown"
"primary_singlets","OPC","Plxnd1","new_2026",2,2,1.15291663152873,0.301823075940679,1.90517780102646,TRUE,0.828119742821202,14.6644988529855,6.31970476778948,FALSE,"descriptive; no KO contrast; animal n unknown"
"primary_singlets","OPC","Nrp1","old_2023",1,2,1.8434167831019,1.48591841715048,2.31975921523705,TRUE,3.20292162902295,60.1146687306036,16.3909466336878,FALSE,"descriptive; no KO contrast; animal n unknown"
"primary_singlets","OPC","Nrp1","new_2026",2,2,1.5379593164805,0.748126633359029,2.346509261084,TRUE,3.10601136749907,48.5485164690697,16.3909466336878,FALSE,"descriptive; no KO contrast; animal n unknown"
"primary_singlets","OPC","Nrp2","old_2023",1,2,0.522816310127641,0.346885915188246,0.723219523320526,TRUE,1.44857155459649,60.1146687306036,41.6885252571415,FALSE,"descriptive; no KO contrast; animal n unknown"
"primary_singlets","OPC","Nrp2","new_2026",2,2,0.22187588610426,0.0239884700833679,0.443906950184275,TRUE,0.40262862366537,48.7023268272302,41.6885252571415,FALSE,"descriptive; no KO contrast; animal n unknown"
"primary_singlets","OPC","Kirrel3","old_2023",1,2,0.488749450870328,0.443629852238816,0.535325825962778,TRUE,12.9632123287503,984.377700463634,701.365764883421,FALSE,"descriptive; no KO contrast; animal n unknown"
"primary_singlets","OPC","Kirrel3","new_2026",2,2,-0.468162821278699,-0.93111999896357,-0.0979809083269831,TRUE,-14.1742526658308,506.867923616719,701.365764883421,FALSE,"descriptive; no KO contrast; animal n unknown"
"primary_singlets","OPC","Sdk2","old_2023",1,2,-0.698175909562945,-0.830539031256246,-0.552430758092372,TRUE,-1.71857386055937,26.3001675696391,42.9819888681297,FALSE,"descriptive; no KO contrast; animal n unknown"
"primary_singlets","OPC","Sdk2","new_2026",2,2,-0.248084996681633,-0.815715781864876,0.231591568488583,FALSE,-0.772647132458101,36.1124148834035,42.9819888681297,FALSE,"descriptive; no KO contrast; animal n unknown"
"primary_singlets","OPC","Sema5b","old_2023",1,2,-0.407522779117734,-0.531969707186565,-0.271318926069089,TRUE,-7.80541060729368,274.273176083379,363.960875572243,FALSE,"descriptive; no KO contrast; animal n unknown"
"primary_singlets","OPC","Sema5b","new_2026",2,2,-1.76643808160347,-1.96649804738085,-1.5583875629486,TRUE,-19.6089977584825,106.627277032727,363.960875572243,FALSE,"descriptive; no KO contrast; animal n unknown"
"primary_singlets","OPC","Cdh8","old_2023",1,2,1.73631586764544,1.62525273819593,1.85664745272117,TRUE,5.51691435992984,146.529505030846,43.6287206736238,FALSE,"descriptive; no KO contrast; animal n unknown"
"primary_singlets","OPC","Cdh8","new_2026",2,2,2.02591913223073,1.27912169060596,2.58601942964752,TRUE,11.6938825517082,179.21476721569,43.6287206736238,FALSE,"descriptive; no KO contrast; animal n unknown"
"primary_singlets","OPC","Cdh9","old_2023",1,2,1.25850651367411,0.861722130628781,1.80764132671424,TRUE,3.0803908521046,63.8718355262664,26.4059098426987,FALSE,"descriptive; no KO contrast; animal n unknown"
"primary_singlets","OPC","Cdh9","new_2026",2,2,1.58533581126166,0.358397431317381,2.65806349157572,TRUE,4.98155447607075,80.2386186815806,26.4059098426987,FALSE,"descriptive; no KO contrast; animal n unknown"
"primary_singlets","OPC","Cdh13","old_2023",1,2,0.0608144518123525,0.019430554988686,0.103420597813576,TRUE,-1.02953052954015,1115.87853831183,1069.79748443723,FALSE,"descriptive; no KO contrast; animal n unknown"
"primary_singlets","OPC","Cdh13","new_2026",2,2,-1.17492757851981,-1.44956087824604,-0.931586902670812,TRUE,-30.3859665666303,473.541169420163,1069.79748443723,FALSE,"descriptive; no KO contrast; animal n unknown"
"primary_singlets","OPC","Cdh18","old_2023",1,2,-0.0759002099280294,-0.140317926490403,-0.00847119978853161,TRUE,2.54283938763186,240.458674922415,253.47490475288,FALSE,"descriptive; no KO contrast; animal n unknown"
"primary_singlets","OPC","Cdh18","new_2026",2,2,-0.381653314455491,-0.86768693757475,0.0116364847152974,FALSE,-2.89061463568542,194.440336111299,253.47490475288,FALSE,"descriptive; no KO contrast; animal n unknown"
"primary_singlets","OPC","C1ql3","old_2023",1,2,-0.308050413057138,-0.586872458035168,0.037887881788925,FALSE,-0.90780024871314,60.1146687306036,74.5429936024855,FALSE,"descriptive; no KO contrast; animal n unknown"
"primary_singlets","OPC","C1ql3","new_2026",2,2,1.80826474926812,1.07880215602524,2.49707872245496,TRUE,14.8786912643601,262.316168840652,74.5429936024855,FALSE,"descriptive; no KO contrast; animal n unknown"
"primary_singlets","OPC","Slit1","old_2023",1,2,-1.49139181283164,-1.55757358525051,-1.42202745516397,TRUE,-1.45856127239283,11.2715003869882,32.5967608756323,FALSE,"descriptive; no KO contrast; animal n unknown"
"primary_singlets","OPC","Slit1","new_2026",2,2,-0.317958476843793,-1.04648963845053,0.203633862955996,FALSE,0.0393264601236791,26.0503623941747,32.5967608756323,FALSE,"descriptive; no KO contrast; animal n unknown"
"primary_singlets","OPC","Slit2","old_2023",1,2,1.15777952041052,1.08025201922909,1.23971097117161,TRUE,4.60857735289525,142.772338235184,63.714925748533,FALSE,"descriptive; no KO contrast; animal n unknown"
"primary_singlets","OPC","Slit2","new_2026",2,2,1.05318060492751,0.596852916708905,1.4348526606068,TRUE,5.4913958666365,132.752368653008,63.714925748533,FALSE,"descriptive; no KO contrast; animal n unknown"
"primary_singlets","OPC","Slit3","old_2023",1,2,0.900447611300608,0.568099029124918,1.33302161360432,TRUE,4.33257240242637,172.829672600485,92.3562575820174,FALSE,"descriptive; no KO contrast; animal n unknown"
"primary_singlets","OPC","Slit3","new_2026",2,2,0.750012811832926,-0.323673173852979,1.66988322598861,FALSE,6.44437072263183,155.666375096318,92.3562575820174,FALSE,"descriptive; no KO contrast; animal n unknown"
"primary_singlets","OPC","Robo1","old_2023",1,2,0.212630669676139,0.193874051178129,0.231634360532682,TRUE,0.410112590011209,1142.17870588147,985.588569725714,FALSE,"descriptive; no KO contrast; animal n unknown"
"primary_singlets","OPC","Robo1","new_2026",2,2,-0.195291987969093,-0.41673556749001,0.00139901901546402,FALSE,-7.14088991337469,860.745921734115,985.588569725714,FALSE,"descriptive; no KO contrast; animal n unknown"
"primary_singlets","OPC","Robo2","old_2023",1,2,0.647910806349809,0.583163635171772,0.715700884779849,TRUE,4.1396281553868,176.586839396148,112.51750086611,FALSE,"descriptive; no KO contrast; animal n unknown"
"primary_singlets","OPC","Robo2","new_2026",2,2,1.34640522756336,0.658181248838692,1.84811112931295,TRUE,14.2738935595649,286.878358265236,112.51750086611,FALSE,"descriptive; no KO contrast; animal n unknown"
"primary_singlets","OPC","Ntng1","old_2023",1,2,0.612552346088832,0.577235795478319,0.648755171576509,TRUE,3.94012204369444,123.98650425687,80.9189770271624,FALSE,"descriptive; no KO contrast; animal n unknown"
"primary_singlets","OPC","Ntng1","new_2026",2,2,0.945561610943015,0.476351351708938,1.31488908203709,TRUE,5.4354571466991,156.307939863663,80.9189770271624,FALSE,"descriptive; no KO contrast; animal n unknown"
"primary_singlets","OPC","Ntng2","old_2023",1,2,-0.308258298567821,-0.620378872507709,0.0905800533842696,FALSE,-0.594838706776439,22.5430007739764,28.0321191325819,FALSE,"descriptive; no KO contrast; animal n unknown"
"primary_singlets","OPC","Ntng2","new_2026",2,2,-1.0805461827776,-1.55719794147577,-0.5340343573927,TRUE,-1.40110273374632,12.9914061296753,28.0321191325819,FALSE,"descriptive; no KO contrast; animal n unknown"
"primary_singlets","OPC","Lrrc4c","old_2023",1,2,-0.1510107115508,-0.200455251566369,-0.0998112687847925,TRUE,-0.739114959617709,5594.4213587418,6211.80457991935,FALSE,"descriptive; no KO contrast; animal n unknown"
"primary_singlets","OPC","Lrrc4c","new_2026",2,2,-1.06172737207046,-1.12027285667955,-1.00148403643485,TRUE,-13.7964384082462,2975.55500750732,6211.80457991935,FALSE,"descriptive; no KO contrast; animal n unknown"
"primary_singlets","OPC","Lrrc4","old_2023",1,2,0.192259956939609,0.189872697573596,0.194651173104758,TRUE,2.91108132756969,300.573343653018,263.009508995844,FALSE,"descriptive; no KO contrast; animal n unknown"
"primary_singlets","OPC","Lrrc4","new_2026",2,2,-1.3992678497411,-1.47025915219572,-1.33138734323153,TRUE,-13.9349216310106,99.4021183070848,263.009508995844,FALSE,"descriptive; no KO contrast; animal n unknown"
"primary_singlets","OPC","Adgrb3","old_2023",1,2,0.537494351947893,0.505748204446093,0.56995481334404,TRUE,10.1810672436378,2941.86160100391,2026.68844367258,FALSE,"descriptive; no KO contrast; animal n unknown"
"primary_singlets","OPC","Adgrb3","new_2026",2,2,-0.182305239098732,-0.38316502040907,0.00150889293139578,FALSE,-5.00043022928323,1786.04835936852,2026.68844367258,FALSE,"descriptive; no KO contrast; animal n unknown"
"primary_singlets","OPC","Igsf21","old_2023",1,2,-0.589251488390635,-0.675801748668006,-0.4971756450774,TRUE,-5.06041857205241,127.743671052533,192.438240856587,FALSE,"descriptive; no KO contrast; animal n unknown"
"primary_singlets","OPC","Igsf21","new_2026",2,2,-1.53122288942333,-1.71246389524382,-1.35029034181936,TRUE,-10.2464402750605,66.2535389278739,192.438240856587,FALSE,"descriptive; no KO contrast; animal n unknown"
"primary_singlets","OPC","Nrxn2","old_2023",1,2,-0.914738789377418,-0.93678906657796,-0.892346255971558,TRUE,-22.8616289505071,413.2883475229,779.585257374832,FALSE,"descriptive; no KO contrast; animal n unknown"
"primary_singlets","OPC","Nrxn2","new_2026",2,2,-1.14887145559925,-1.57279487067754,-0.812507491590598,TRUE,-24.3364088058665,351.301187488544,779.585257374832,FALSE,"descriptive; no KO contrast; animal n unknown"
"primary_singlets","OPC","Cntn4","old_2023",1,2,-0.218036261833861,-0.238631225014888,-0.197143035592253,TRUE,-4.43872542053808,984.377700463634,1145.05978492318,FALSE,"descriptive; no KO contrast; animal n unknown"
"primary_singlets","OPC","Cntn4","new_2026",2,2,-0.966645818553688,-1.12816152631641,-0.817380196248536,TRUE,-23.5528205561579,585.676458469765,1145.05978492318,FALSE,"descriptive; no KO contrast; animal n unknown"
"primary_singlets","OPC","Cntn6","old_2023",1,2,0.0699406037548716,-0.0096378523867271,0.154166152891096,FALSE,0.643381666108144,247.97300851374,236.214574817363,FALSE,"descriptive; no KO contrast; animal n unknown"
"primary_singlets","OPC","Cntn6","new_2026",2,2,-0.504171031156871,-0.593889221090817,-0.409876516508709,TRUE,-5.20882509298013,166.399254000874,236.214574817363,FALSE,"descriptive; no KO contrast; animal n unknown"
"primary_singlets","OPC","Ptprg","old_2023",1,2,0.240571867347968,0.232204602057694,0.248987943884998,TRUE,8.04048193024003,1243.62220936436,1052.53715450172,FALSE,"descriptive; no KO contrast; animal n unknown"
"primary_singlets","OPC","Ptprg","new_2026",2,2,-0.70558786664823,-1.00060056942273,-0.458147836603571,TRUE,-17.7559736972189,645.214564509939,1052.53715450172,FALSE,"descriptive; no KO contrast; animal n unknown"
"primary_singlets","OPC","Plxna1","old_2023",1,2,0.593903447187229,0.447690825934564,0.756622888681759,TRUE,0.341851381476653,11.2715003869882,7.29918225217855,FALSE,"descriptive; no KO contrast; animal n unknown"
"primary_singlets","OPC","Plxna1","new_2026",2,2,2.25683358968414,1.46217679100764,2.86531369741931,TRUE,3.04627209743112,36.7755169245975,7.29918225217855,FALSE,"descriptive; no KO contrast; animal n unknown"
"primary_singlets","OPC","Plxna3","old_2023",1,2,-1.12980331543471,-1.43309408318534,-0.7453027777329,TRUE,-1.0250553876731,7.51433359132545,17.0376784391819,FALSE,"descriptive; no KO contrast; animal n unknown"
"primary_singlets","OPC","Plxna3","new_2026",2,2,-0.313793500955121,-0.70520861630964,0.15375694805974,FALSE,-0.352840003761093,13.6094747476533,17.0376784391819,FALSE,"descriptive; no KO contrast; animal n unknown"
"primary_singlets","Oligodendrocyte","Mef2c","old_2023",1,2,0.00431081707651124,-0.191028283380965,0.230303111862299,FALSE,3.3942037249655,195.709078454877,195.123674742036,FALSE,"descriptive; no KO contrast; animal n unknown"
"primary_singlets","Oligodendrocyte","Mef2c","new_2026",2,2,0.774494732396892,0.29339797019334,1.23889397735317,TRUE,20.4066780599644,334.132069050808,195.123674742036,FALSE,"descriptive; no KO contrast; animal n unknown"
"primary_singlets","Oligodendrocyte","Mef2a","old_2023",1,2,0.0459286628488626,-0.144147433989839,0.264902876545535,FALSE,-0.673226988496388,163.090898712397,157.964955530699,FALSE,"descriptive; no KO contrast; animal n unknown"
"primary_singlets","Oligodendrocyte","Mef2a","new_2026",2,2,-0.0488573073302167,-0.293274544422462,0.222485292844739,FALSE,0.831858854199037,152.688342840595,157.964955530699,FALSE,"descriptive; no KO contrast; animal n unknown"
"primary_singlets","Oligodendrocyte","Mef2d","old_2023",1,2,0.570541454188581,0.353055607877383,0.826734569209831,TRUE,3.49390491138733,154.936353776777,104.165248417673,FALSE,"descriptive; no KO contrast; animal n unknown"
"primary_singlets","Oligodendrocyte","Mef2d","new_2026",2,2,-0.874347329991653,-1.22096769267737,-0.499634783440676,TRUE,-5.16761395732302,56.5949550794573,104.165248417673,FALSE,"descriptive; no KO contrast; animal n unknown"
"primary_singlets","Oligodendrocyte","Arc","old_2023",1,2,-3.46811575151979,-3.59917440199015,-3.32395082617614,TRUE,-0.587248723842372,0,5.03320644309982,FALSE,"descriptive; no KO contrast; animal n unknown"
"primary_singlets","Oligodendrocyte","Arc","new_2026",2,2,-1.14336584274663,-3.59917440199015,-0.150890816396647,TRUE,-0.513127257188786,2.004894616056,5.03320644309982,FALSE,"descriptive; no KO contrast; animal n unknown"
"primary_singlets","Oligodendrocyte","Homer1","old_2023",1,2,0.155373723052027,0.148043303545898,0.16274157915519,TRUE,2.39472504458077,106.009084163058,95.1344796426273,FALSE,"descriptive; no KO contrast; animal n unknown"
"primary_singlets","Oligodendrocyte","Homer1","new_2026",2,2,0.441223073544807,0.361190791631527,0.517804217782454,TRUE,5.83635594457735,129.348183679706,95.1344796426273,FALSE,"descriptive; no KO contrast; animal n unknown"
"primary_singlets","Oligodendrocyte","Nr4a1","old_2023",1,2,-4.56967601688451,-4.67023700752918,-4.46157684860197,TRUE,-1.00161692474603,0,11.3735218527603,FALSE,"descriptive; no KO contrast; animal n unknown"
"primary_singlets","Oligodendrocyte","Nr4a1","new_2026",2,2,0.656327339673805,-0.320452215742064,1.30565038534731,FALSE,0.375980287653054,18.2134461632772,11.3735218527603,FALSE,"descriptive; no KO contrast; animal n unknown"
"primary_singlets","Oligodendrocyte","Bdnf","old_2023",1,2,2.84477290398898,2.33505109993301,3.64007030036499,TRUE,2.37689750442286,24.4636348068596,2.97492828168736,FALSE,"descriptive; no KO contrast; animal n unknown"
"primary_singlets","Oligodendrocyte","Bdnf","new_2026",2,2,2.49219754904518,1.95725706553335,3.3122803586521,TRUE,2.34862532612493,19.0511389874025,2.97492828168736,FALSE,"descriptive; no KO contrast; animal n unknown"
"primary_singlets","Oligodendrocyte","Pcdh10","old_2023",1,2,1.07685498938779,0.855046222904493,1.33907267491008,TRUE,4.48594734079203,179.399988583637,84.7835918401254,FALSE,"descriptive; no KO contrast; animal n unknown"
"primary_singlets","Oligodendrocyte","Pcdh10","new_2026",2,2,1.23438473661276,0.729454412131817,1.73317348355424,TRUE,10.1882696853646,200.156075960069,84.7835918401254,FALSE,"descriptive; no KO contrast; animal n unknown"
"primary_singlets","Oligodendrocyte","Npas4","old_2023",1,2,-3.55922669312251,-4.05018069977874,-2.80928139708938,TRUE,-0.53318681356134,0,5.39391679166582,FALSE,"descriptive; no KO contrast; animal n unknown"
"primary_singlets","Oligodendrocyte","Npas4","new_2026",2,2,-1.23447678434935,-4.05018069977874,0.363778612690115,FALSE,-0.422272120631221,2.004894616056,5.39391679166582,FALSE,"descriptive; no KO contrast; animal n unknown"
"primary_singlets","Oligodendrocyte","Fos","old_2023",1,2,-2.44559910437863,-3.3067050067204,0,FALSE,-0.261869282975349,0,2.22375908683557,FALSE,"descriptive; no KO contrast; animal n unknown"
"primary_singlets","Oligodendrocyte","Fos","new_2026",2,2,1.16925596392989,-0.406889509181732,4.09078204986209,FALSE,0.277711501009413,5.62561658419108,2.22375908683557,FALSE,"descriptive; no KO contrast; animal n unknown"
"primary_singlets","Oligodendrocyte","Egr1","old_2023",1,2,-3.82074945832373,-4.64601366903494,-1.68874393455629,TRUE,-0.829316974759846,0,6.56529333052319,FALSE,"descriptive; no KO contrast; animal n unknown"
"primary_singlets","Oligodendrocyte","Egr1","new_2026",2,2,2.4888503437902,1.52584171868299,4.74658746112585,TRUE,4.41115135194269,39.1596434441339,6.56529333052319,FALSE,"descriptive; no KO contrast; animal n unknown"
"primary_singlets","Oligodendrocyte","Ncam1","old_2023",1,2,0.525112863996115,0.430459636797986,0.626414931748036,TRUE,7.29234988309077,1500.43626815406,1042.50773385875,FALSE,"descriptive; no KO contrast; animal n unknown"
"primary_singlets","Oligodendrocyte","Ncam1","new_2026",2,2,0.235828474559707,-0.120718496303292,0.558707652442632,FALSE,6.88329825333189,1227.72794227067,1042.50773385875,FALSE,"descriptive; no KO contrast; animal n unknown"
"primary_singlets","Oligodendrocyte","Sema6d","old_2023",1,2,1.67416178032044,1.55774670813901,1.80080182281081,TRUE,33.9981819960111,1345.49991437728,421.266536017929,FALSE,"descriptive; no KO contrast; animal n unknown"
"primary_singlets","Oligodendrocyte","Sema6d","new_2026",2,2,0.389070218275728,0.137871493882205,0.638970659669406,TRUE,10.0680230436532,551.824012699062,421.266536017929,FALSE,"descriptive; no KO contrast; animal n unknown"
"primary_singlets","Oligodendrocyte","Cadm2","old_2023",1,2,1.29689911487777,1.26619739616291,1.32826842362629,TRUE,24.0973717563207,6042.51779729432,2459.00855977023,FALSE,"descriptive; no KO contrast; animal n unknown"
"primary_singlets","Oligodendrocyte","Cadm2","new_2026",2,2,0.587443470244432,0.28002738119419,0.850897789944325,TRUE,18.832446143954,3695.11263845547,2459.00855977023,FALSE,"descriptive; no KO contrast; animal n unknown"
"primary_singlets","Oligodendrocyte","Pcdh7","old_2023",1,2,0.623123030956616,0.556422371673337,0.693057605483427,TRUE,26.4209017367698,2054.94532377621,1334.02651027543,FALSE,"descriptive; no KO contrast; animal n unknown"
"primary_singlets","Oligodendrocyte","Pcdh7","new_2026",2,2,0.0926082156525712,-0.0682580969891564,0.25093697404362,FALSE,9.68857747737161,1422.50051150896,1334.02651027543,FALSE,"descriptive; no KO contrast; animal n unknown"
"primary_singlets","Oligodendrocyte","Grip1","old_2023",1,2,1.77475399986813,1.54830794632325,2.0434826939405,TRUE,18.7255732743169,856.227218240086,249.873508848985,FALSE,"descriptive; no KO contrast; animal n unknown"
"primary_singlets","Oligodendrocyte","Grip1","new_2026",2,2,0.805654083602207,0.24862178937286,1.34316054771674,TRUE,18.0631856562409,437.137391780411,249.873508848985,FALSE,"descriptive; no KO contrast; animal n unknown"
"primary_singlets","Oligodendrocyte","C1qa","old_2023",1,2,0.74259731249311,0.410943686217297,1.17399115817357,TRUE,-0.195857806728454,8.15454493561987,4.67249609453382,TRUE,"descriptive; no KO contrast; animal n unknown"
"primary_singlets","Oligodendrocyte","C1qa","new_2026",2,2,1.50724245496734,0.647270514724972,2.32449526714787,TRUE,0.364495442400881,14.2036569311652,4.67249609453382,TRUE,"descriptive; no KO contrast; animal n unknown"
"primary_singlets","Oligodendrocyte","C1qb","old_2023",1,2,-3.65176941787163,-3.70251427706215,-3.59917440199015,TRUE,-0.685176768591128,0,5.78437563795161,TRUE,"descriptive; no KO contrast; animal n unknown"
"primary_singlets","Oligodendrocyte","C1qb","new_2026",2,2,1.82229872101535,1.61145188787837,2.01898996656568,TRUE,0.847643623997688,21.7243318088105,5.78437563795161,TRUE,"descriptive; no KO contrast; animal n unknown"
"primary_singlets","Oligodendrocyte","C1qc","old_2023",1,2,-3.46811575151979,-3.59917440199015,-3.32395082617614,TRUE,-0.607172230846828,0,5.03320644309982,FALSE,"descriptive; no KO contrast; animal n unknown"
"primary_singlets","Oligodendrocyte","C1qc","new_2026",2,2,3.02202018274394,1.71479176295037,3.80539429449832,TRUE,2.24356306686888,44.4464707907785,5.03320644309982,FALSE,"descriptive; no KO contrast; animal n unknown"
"primary_singlets","Oligodendrocyte","C3","old_2023",1,2,0,0,0,FALSE,0,0,0,FALSE,"descriptive; no KO contrast; animal n unknown"
"primary_singlets","Oligodendrocyte","C3","new_2026",2,2,2.08122191078784,0,2.89981549753867,FALSE,0.202490634808166,1.61582735207909,0,FALSE,"descriptive; no KO contrast; animal n unknown"
"primary_singlets","Oligodendrocyte","C4b","old_2023",1,2,-2.63886990781834,-2.80928139708938,-2.44559910437863,TRUE,-0.670644237453691,0,2.61421793312136,FALSE,"descriptive; no KO contrast; animal n unknown"
"primary_singlets","Oligodendrocyte","C4b","new_2026",2,2,-2.63886990781834,-2.80928139708938,-2.44559910437863,TRUE,-0.670644237453691,0,2.61421793312136,FALSE,"descriptive; no KO contrast; animal n unknown"
"primary_singlets","Oligodendrocyte","Itgam","old_2023",1,2,1.2376159069989,1.17399115817357,1.30417656619006,TRUE,1.28962423785999,8.15454493561987,3.17015770483025,FALSE,"descriptive; no KO contrast; animal n unknown"
"primary_singlets","Oligodendrocyte","Itgam","new_2026",2,2,-0.0882324993697444,-0.273531614755799,0.0905341004492877,FALSE,-0.0134458002574349,2.95242376278308,3.17015770483025,FALSE,"descriptive; no KO contrast; animal n unknown"
"primary_singlets","Oligodendrocyte","Trem2","old_2023",1,2,2.7901810658074,2.11177215699103,4.11345796327945,TRUE,0.39991079115959,8.15454493561987,0.751169194851787,FALSE,"descriptive; no KO contrast; animal n unknown"
"primary_singlets","Oligodendrocyte","Trem2","new_2026",2,2,3.00233538745241,2.29934204724371,4.34978479178712,TRUE,0.863355760138736,9.52556949370125,0.751169194851787,FALSE,"descriptive; no KO contrast; animal n unknown"
"primary_singlets","Oligodendrocyte","Tyrobp","old_2023",1,2,-2.00168580628842,-2.80928139708938,0,FALSE,-0.145180386214322,0,1.50233838970357,FALSE,"descriptive; no KO contrast; animal n unknown"
"primary_singlets","Oligodendrocyte","Tyrobp","new_2026",2,2,4.24790425564268,3.22707014420422,6.43533139568215,TRUE,2.5739175997185,37.5438160920548,1.50233838970357,FALSE,"descriptive; no KO contrast; animal n unknown"
"primary_singlets","Oligodendrocyte","Cd68","old_2023",1,2,-2.63886990781834,-2.80928139708938,-2.44559910437863,TRUE,-0.226378401088671,0,2.61421793312136,FALSE,"descriptive; no KO contrast; animal n unknown"
"primary_singlets","Oligodendrocyte","Cd68","new_2026",2,2,1.48031577260316,1.0353015139035,1.90418568740849,TRUE,0.218822203296245,8.18897308299725,2.61421793312136,FALSE,"descriptive; no KO contrast; animal n unknown"
"primary_singlets","Oligodendrocyte","Cx3cr1","old_2023",1,2,-6.33160522058713,-6.51001726781068,-6.12797434624237,TRUE,-3.25252147840049,0,39.7692087685293,TRUE,"descriptive; no KO contrast; animal n unknown"
"primary_singlets","Oligodendrocyte","Cx3cr1","new_2026",2,2,-0.804157951839445,-1.46220347687523,-0.241185606378546,TRUE,-1.69666408084049,22.5620246329358,39.7692087685293,TRUE,"descriptive; no KO contrast; animal n unknown"
"primary_singlets","Oligodendrocyte","P2ry12","old_2023",1,2,0.674609507854666,0.504141127689618,0.867953516441681,TRUE,4.57444536803491,89.6999942918185,56.0104561389663,TRUE,"descriptive; no KO contrast; animal n unknown"
"primary_singlets","Oligodendrocyte","P2ry12","new_2026",2,2,-1.30363461824745,-1.67694814443893,-0.932481781539722,TRUE,-3.70537974669713,22.3926300141625,56.0104561389663,TRUE,"descriptive; no KO contrast; animal n unknown"
"primary_singlets","Oligodendrocyte","Csf1r","old_2023",1,2,0.709254795363149,0.317636847479366,1.24848875655403,TRUE,1.5661262736744,24.4636348068596,14.7686574784533,TRUE,"descriptive; no KO contrast; animal n unknown"
"primary_singlets","Oligodendrocyte","Csf1r","new_2026",2,2,-0.330769092427796,-2.42430376163537,0.967725152908129,FALSE,-1.28083414555353,11.6403004323591,14.7686574784533,TRUE,"descriptive; no KO contrast; animal n unknown"
"primary_singlets","Oligodendrocyte","Mertk","old_2023",1,2,-1.58574464283634,-2.11097120079394,-0.751406915205045,TRUE,-2.85230702547091,16.3090898712397,49.9546156456081,FALSE,"descriptive; no KO contrast; animal n unknown"
"primary_singlets","Oligodendrocyte","Mertk","new_2026",2,2,-1.29945607861631,-2.02220876993661,-0.291408357404523,TRUE,-1.69417606831968,19.9986681341296,49.9546156456081,FALSE,"descriptive; no KO contrast; animal n unknown"
"primary_singlets","Oligodendrocyte","Megf10","old_2023",1,2,-5.56118889083101,-5.76474470982035,-5.32411925917404,TRUE,-2.51812354121247,0,23.1077540540866,FALSE,"descriptive; no KO contrast; animal n unknown"
"primary_singlets","Oligodendrocyte","Megf10","new_2026",2,2,-1.15737155232631,-2.59168470004086,-0.265952278112772,TRUE,-1.6496278330492,10.0840313764514,23.1077540540866,FALSE,"descriptive; no KO contrast; animal n unknown"
"primary_singlets","Oligodendrocyte","Axl","old_2023",1,2,-2.24064938544155,-2.44559910437863,-2.00168580628842,TRUE,-0.364382479971846,0,1.86304873826957,FALSE,"descriptive; no KO contrast; animal n unknown"
"primary_singlets","Oligodendrocyte","Axl","new_2026",2,2,0.546960171469254,0.220336085971451,0.898129691250249,TRUE,0.0738436482615312,2.95242376278308,1.86304873826957,FALSE,"descriptive; no KO contrast; animal n unknown"
"primary_singlets","Oligodendrocyte","Gas6","old_2023",1,2,1.19191437664919,0.850717807611969,1.63964915640763,TRUE,0.226084424333733,24.4636348068596,10.4271232347656,FALSE,"descriptive; no KO contrast; animal n unknown"
"primary_singlets","Oligodendrocyte","Gas6","new_2026",2,2,1.65795711628623,0.746390660235143,2.51337736194102,TRUE,2.72576188984635,33.9826524200912,10.4271232347656,FALSE,"descriptive; no KO contrast; animal n unknown"
"primary_singlets","Oligodendrocyte","Sema3e","old_2023",1,2,0.854820266206569,0.678847732495543,1.05527817899959,TRUE,0.572168693381138,65.2363594849589,35.8478818688472,FALSE,"descriptive; no KO contrast; animal n unknown"
"primary_singlets","Oligodendrocyte","Sema3e","new_2026",2,2,-0.482558178123915,-1.09580985153915,0.0530100640047459,FALSE,-1.03257152271514,25.5144483957188,35.8478818688472,FALSE,"descriptive; no KO contrast; animal n unknown"
"primary_singlets","Oligodendrocyte","Plxnd1","old_2023",1,2,1.31831785139836,1.24848875655403,1.39169948089773,TRUE,0.714340536202683,24.4636348068596,9.51047311449075,FALSE,"descriptive; no KO contrast; animal n unknown"
"primary_singlets","Oligodendrocyte","Plxnd1","new_2026",2,2,0.40526857472086,-0.0922394965672582,0.808110355305592,FALSE,0.835449390644485,12.7572241978594,9.51047311449075,FALSE,"descriptive; no KO contrast; animal n unknown"
"primary_singlets","Oligodendrocyte","Nrp1","old_2023",1,2,0.236295176175547,0.189361893401128,0.284806765975969,TRUE,-0.804758093570748,32.6181797424795,27.6147692231974,FALSE,"descriptive; no KO contrast; animal n unknown"
"primary_singlets","Oligodendrocyte","Nrp1","new_2026",2,2,0.803671134559552,0.661623707693253,0.941412143117833,TRUE,2.30476930625754,48.5753766152333,27.6147692231974,FALSE,"descriptive; no KO contrast; animal n unknown"
"primary_singlets","Oligodendrocyte","Nrp2","old_2023",1,2,-0.809144333157027,-0.985345813973978,-0.608389163963254,TRUE,-0.509216651849797,24.4636348068596,43.2405798264859,FALSE,"descriptive; no KO contrast; animal n unknown"
"primary_singlets","Oligodendrocyte","Nrp2","new_2026",2,2,-0.0584687292742549,-0.790747293192326,0.542661417829606,FALSE,1.27235290168672,41.5033272977364,43.2405798264859,FALSE,"descriptive; no KO contrast; animal n unknown"
"primary_singlets","Oligodendrocyte","Kirrel3","old_2023",1,2,-0.151573591053522,-0.29523542628926,0.00799220247609789,FALSE,-4.96232171981282,1557.51808270339,1730.11590745978,FALSE,"descriptive; no KO contrast; animal n unknown"
"primary_singlets","Oligodendrocyte","Kirrel3","new_2026",2,2,-1.74376367035056,-2.24675623053691,-1.29675646046629,TRUE,-23.0809111316379,516.244093466373,1730.11590745978,FALSE,"descriptive; no KO contrast; animal n unknown"
"primary_singlets","Oligodendrocyte","Sdk2","old_2023",1,2,-0.128332017321972,-0.701864524775674,0.837911497865336,FALSE,-0.676989358621056,32.6181797424795,35.6991393802483,FALSE,"descriptive; no KO contrast; animal n unknown"
"primary_singlets","Oligodendrocyte","Sdk2","new_2026",2,2,0.406108863393744,-1.5914838629121,2.07486627357385,FALSE,2.16731275233071,47.467733119474,35.6991393802483,FALSE,"descriptive; no KO contrast; animal n unknown"
"primary_singlets","Oligodendrocyte","Sema5b","old_2023",1,2,1.84877823022866,1.80232525504641,1.89677683851398,TRUE,11.498499306528,179.399988583637,49.4451628084431,FALSE,"descriptive; no KO contrast; animal n unknown"
"primary_singlets","Oligodendrocyte","Sema5b","new_2026",2,2,0.541506548844664,0.384447684513426,0.692231805207391,TRUE,1.59711714376247,72.194766717498,49.4451628084431,FALSE,"descriptive; no KO contrast; animal n unknown"
"primary_singlets","Oligodendrocyte","Cdh8","old_2023",1,2,1.16906230726338,0.507116815774452,2.42822908984728,TRUE,4.26726216895975,260.945437939836,115.767476567224,FALSE,"descriptive; no KO contrast; animal n unknown"
"primary_singlets","Oligodendrocyte","Cdh8","new_2026",2,2,0.634529615322341,-0.639133905710033,2.32192786001185,FALSE,9.36313083814589,179.997293476907,115.767476567224,FALSE,"descriptive; no KO contrast; animal n unknown"
"primary_singlets","Oligodendrocyte","Cdh9","old_2023",1,2,1.23089086767667,0.896741720944391,1.66652969440338,TRUE,5.37910769315373,106.009084163058,44.8786506438928,FALSE,"descriptive; no KO contrast; animal n unknown"
"primary_singlets","Oligodendrocyte","Cdh9","new_2026",2,2,0.79049106710994,0.206155045751943,1.43927495122873,TRUE,4.6853471573791,77.9897779204623,44.8786506438928,FALSE,"descriptive; no KO contrast; animal n unknown"
"primary_singlets","Oligodendrocyte","Cdh13","old_2023",1,2,1.57860938939807,1.36805084030772,1.82523777426844,TRUE,40.9636742505808,1443.35445360472,482.908896930319,FALSE,"descriptive; no KO contrast; animal n unknown"
"primary_singlets","Oligodendrocyte","Cdh13","new_2026",2,2,0.638409381768507,0.254882283636713,1.03947108366015,TRUE,16.6881609490674,751.980088659131,482.908896930319,FALSE,"descriptive; no KO contrast; animal n unknown"
"primary_singlets","Oligodendrocyte","Cdh18","old_2023",1,2,-0.808149733508194,-0.991948726976195,-0.59746834376461,TRUE,-3.80056713325905,146.781808841158,257.385200797503,FALSE,"descriptive; no KO contrast; animal n unknown"
"primary_singlets","Oligodendrocyte","Cdh18","new_2026",2,2,-0.476981201642436,-1.12657724309529,0.0852483095515364,FALSE,3.3706099604494,184.785217236973,257.385200797503,FALSE,"descriptive; no KO contrast; animal n unknown"
"primary_singlets","Oligodendrocyte","C1ql3","old_2023",1,2,-0.831188100847809,-1.31648028406977,-0.0945366270348629,TRUE,-3.89259683070353,40.7727246780993,72.9303656479199,FALSE,"descriptive; no KO contrast; animal n unknown"
"primary_singlets","Oligodendrocyte","C1ql3","new_2026",2,2,1.4390431328383,0.534236605616247,2.5003021552767,TRUE,13.5902719139332,198.599806904161,72.9303656479199,FALSE,"descriptive; no KO contrast; animal n unknown"
"primary_singlets","Oligodendrocyte","Slit1","old_2023",1,2,-0.0615207353357644,-0.220863159413695,0.117631248087871,FALSE,1.88352143053811,73.3909044205788,76.6099761899151,FALSE,"descriptive; no KO contrast; animal n unknown"
"primary_singlets","Oligodendrocyte","Slit1","new_2026",2,2,-1.58934406022154,-2.50194561402718,-0.917838246255086,TRUE,-2.35323463661526,25.1253811317419,76.6099761899151,FALSE,"descriptive; no KO contrast; animal n unknown"
"primary_singlets","Oligodendrocyte","Slit2","old_2023",1,2,1.82350163332672,1.77965116659403,1.86872682098003,TRUE,2.80527666548391,326.181797424795,91.7988410123739,FALSE,"descriptive; no KO contrast; animal n unknown"
"primary_singlets","Oligodendrocyte","Slit2","new_2026",2,2,0.203599063458267,-0.145119083890726,0.500371925419373,FALSE,4.01073595988279,105.788351873612,91.7988410123739,FALSE,"descriptive; no KO contrast; animal n unknown"
"primary_singlets","Oligodendrocyte","Slit3","old_2023",1,2,-0.365615574808996,-0.607399048356687,-0.0749882366739723,TRUE,-0.832406169762205,318.027252489175,409.900470917025,FALSE,"descriptive; no KO contrast; animal n unknown"
"primary_singlets","Oligodendrocyte","Slit3","new_2026",2,2,-1.55973182676791,-2.23032961544347,-0.938973013931899,TRUE,-4.58331444034417,138.713638824375,409.900470917025,FALSE,"descriptive; no KO contrast; animal n unknown"
"primary_singlets","Oligodendrocyte","Robo1","old_2023",1,2,0.583036233920548,0.228723917291642,1.05371716351041,TRUE,8.41112748108738,758.372679012648,506.091061483559,FALSE,"descriptive; no KO contrast; animal n unknown"
"primary_singlets","Oligodendrocyte","Robo1","new_2026",2,2,-0.0992953810570319,-0.733697466863287,0.605838097023224,FALSE,11.9081215916204,472.397082315034,506.091061483559,FALSE,"descriptive; no KO contrast; animal n unknown"
"primary_singlets","Oligodendrocyte","Robo2","old_2023",1,2,0.910527806615343,0.70045465985759,1.15649006681916,TRUE,8.55329807092255,415.881791716613,221.011127654667,FALSE,"descriptive; no KO contrast; animal n unknown"
"primary_singlets","Oligodendrocyte","Robo2","new_2026",2,2,0.379044593098328,-0.399118310044808,1.03153339937405,FALSE,13.6776196219988,287.570867321372,221.011127654667,FALSE,"descriptive; no KO contrast; animal n unknown"
"primary_singlets","Oligodendrocyte","Ntng1","old_2023",1,2,0.0743424157946002,-0.427758992616664,0.850981618325716,FALSE,-2.22042399408287,130.472718969918,123.894605282891,FALSE,"descriptive; no KO contrast; animal n unknown"
"primary_singlets","Oligodendrocyte","Ntng1","new_2026",2,2,-0.0512565084851465,-1.17506149982181,1.1584457076638,FALSE,5.16936208618586,119.55266351437,123.894605282891,FALSE,"descriptive; no KO contrast; animal n unknown"
"primary_singlets","Oligodendrocyte","Ntng2","old_2023",1,2,-2.85728157564805,-3.15556130006663,-2.480816483018,TRUE,-4.58032925366254,8.15454493561987,62.2150391209235,FALSE,"descriptive; no KO contrast; animal n unknown"
"primary_singlets","Oligodendrocyte","Ntng2","new_2026",2,2,-2.44322368328723,-4.60308407299599,-1.28030828135692,TRUE,-4.10113517243147,11.0315605231785,62.2150391209235,FALSE,"descriptive; no KO contrast; animal n unknown"
"primary_singlets","Oligodendrocyte","Lrrc4c","old_2023",1,2,0.987271527694719,0.903423674163502,1.07629486650273,TRUE,19.2959546693752,2658.38164901208,1340.72198272461,FALSE,"descriptive; no KO contrast; animal n unknown"
"primary_singlets","Oligodendrocyte","Lrrc4c","new_2026",2,2,-0.0207852568964135,-0.358737109667606,0.284217626001144,FALSE,7.07706717247338,1321.53720447437,1340.72198272461,FALSE,"descriptive; no KO contrast; animal n unknown"
"primary_singlets","Oligodendrocyte","Lrrc4","old_2023",1,2,0.126316307495033,0.00974717378517731,0.253138702483625,TRUE,-2.15359054524639,375.109067038514,343.62091571686,FALSE,"descriptive; no KO contrast; animal n unknown"
"primary_singlets","Oligodendrocyte","Lrrc4","new_2026",2,2,-1.34841501045439,-1.74324989076625,-0.988418283670735,TRUE,-15.5635291554588,134.644291296091,343.62091571686,FALSE,"descriptive; no KO contrast; animal n unknown"
"primary_singlets","Oligodendrocyte","Adgrb3","old_2023",1,2,0.920716032539281,0.848256236282417,0.99700848874812,TRUE,40.5134878283447,2234.34531235984,1180.0498353917,FALSE,"descriptive; no KO contrast; animal n unknown"
"primary_singlets","Oligodendrocyte","Adgrb3","new_2026",2,2,0.079256471735893,-0.229101234409827,0.35824079530955,FALSE,27.6563800570035,1246.7195229619,1180.0498353917,FALSE,"descriptive; no KO contrast; animal n unknown"
"primary_singlets","Oligodendrocyte","Igsf21","old_2023",1,2,-1.00610779080439,-1.06807150702527,-0.941362833583127,TRUE,-2.38217130206363,32.6181797424795,66.0173720297264,FALSE,"descriptive; no KO contrast; animal n unknown"
"primary_singlets","Oligodendrocyte","Igsf21","new_2026",2,2,-0.365277565191269,-0.638402720736781,-0.116368517337086,TRUE,-0.586080319560694,51.1387331140395,66.0173720297264,FALSE,"descriptive; no KO contrast; animal n unknown"
"primary_singlets","Oligodendrocyte","Nrxn2","old_2023",1,2,0.338713553485084,0.189661760532319,0.504957899242072,TRUE,2.56827268236386,228.327258197356,180.444262756742,FALSE,"descriptive; no KO contrast; animal n unknown"
"primary_singlets","Oligodendrocyte","Nrxn2","new_2026",2,2,0.326500949444606,-0.248332611661486,0.821081752092896,FALSE,4.81721426953006,226.398380857311,180.444262756742,FALSE,"descriptive; no KO contrast; animal n unknown"
"primary_singlets","Oligodendrocyte","Cntn4","old_2023",1,2,0.429667395606141,0.186791134461691,0.721876746448514,TRUE,6.1104876980547,424.036336652233,314.689755842134,FALSE,"descriptive; no KO contrast; animal n unknown"
"primary_singlets","Oligodendrocyte","Cntn4","new_2026",2,2,-0.455896804767392,-0.99125638817095,0.0793778494120758,FALSE,4.84814316984024,229.291246323923,314.689755842134,FALSE,"descriptive; no KO contrast; animal n unknown"
"primary_singlets","Oligodendrocyte","Cntn6","old_2023",1,2,0.608276707588418,0.498747509918656,0.726809582557737,TRUE,2.00200971947651,97.8545392274384,64.0185908637535,FALSE,"descriptive; no KO contrast; animal n unknown"
"primary_singlets","Oligodendrocyte","Cntn6","new_2026",2,2,0.681788767823757,0.436758372857871,0.924181793996407,TRUE,3.61347395537502,102.996042459861,64.0185908637535,FALSE,"descriptive; no KO contrast; animal n unknown"
"primary_singlets","Oligodendrocyte","Ptprg","old_2023",1,2,1.23021749398315,1.22903826427175,1.23139768836159,TRUE,22.9775949253145,676.827229656449,288.212886284146,FALSE,"descriptive; no KO contrast; animal n unknown"
"primary_singlets","Oligodendrocyte","Ptprg","new_2026",2,2,0.490276585981632,-0.0256430979793745,0.870058470191127,FALSE,12.8307772856324,405.059077923515,288.212886284146,FALSE,"descriptive; no KO contrast; animal n unknown"
"primary_singlets","Oligodendrocyte","Plxna1","old_2023",1,2,-4.0605063781753,-4.25005662575568,-3.84223009707081,TRUE,-0.90655001634568,0,7.84265379936407,FALSE,"descriptive; no KO contrast; animal n unknown"
"primary_singlets","Oligodendrocyte","Plxna1","new_2026",2,2,2.24108020026729,1.65226402579212,2.77173820446461,TRUE,3.32288552152258,38.9399707989303,7.84265379936407,FALSE,"descriptive; no KO contrast; animal n unknown"
"primary_singlets","Oligodendrocyte","Plxna3","old_2023",1,2,-0.157035511678376,-0.348118885322528,0.0632772635007113,FALSE,-0.846194387883786,8.15454493561987,9.14976276592475,FALSE,"descriptive; no KO contrast; animal n unknown"
"primary_singlets","Oligodendrocyte","Plxna3","new_2026",2,2,0.661389882897082,0.331899177418565,1.00798628128254,TRUE,0.192520015675321,14.7621188139154,9.14976276592475,FALSE,"descriptive; no KO contrast; animal n unknown"
"primary_singlets","ITC-like GABA (provisional)","Mef2c","old_2023",1,2,0.0186317170092674,-0.213687618194133,0.295679564875435,FALSE,1.06772512647342,412.610950109813,407.310122113912,FALSE,"descriptive; no KO contrast; animal n unknown"
"primary_singlets","ITC-like GABA (provisional)","Mef2c","new_2026",2,2,0.546212395925078,0.251515550411705,0.883052157303585,TRUE,11.3009842103039,595.003497101487,407.310122113912,FALSE,"descriptive; no KO contrast; animal n unknown"
"primary_singlets","ITC-like GABA (provisional)","Mef2a","old_2023",1,2,0.181774729514433,0.162149997769139,0.201670098765947,TRUE,2.53320484058133,224.174453209268,197.576998930264,FALSE,"descriptive; no KO contrast; animal n unknown"
"primary_singlets","ITC-like GABA (provisional)","Mef2a","new_2026",2,2,0.393340376504478,0.206310540918316,0.563219747303967,TRUE,5.00641847079887,259.660464438086,197.576998930264,FALSE,"descriptive; no KO contrast; animal n unknown"
"primary_singlets","ITC-like GABA (provisional)","Mef2d","old_2023",1,2,-0.52453391495745,-0.534863973564407,-0.51412935678184,TRUE,-3.19828742610404,77.9737228553977,112.38200078987,FALSE,"descriptive; no KO contrast; animal n unknown"
"primary_singlets","ITC-like GABA (provisional)","Mef2d","new_2026",2,2,-0.746522958011588,-0.853723127527132,-0.64534540962269,TRUE,-4.44529272489621,66.7820004714802,112.38200078987,FALSE,"descriptive; no KO contrast; animal n unknown"
"primary_singlets","ITC-like GABA (provisional)","Arc","old_2023",1,2,-4.42150595201799,-5.05577901741183,-3.26257586090897,TRUE,-1.01576198387097,0,10.2145989984659,FALSE,"descriptive; no KO contrast; animal n unknown"
"primary_singlets","ITC-like GABA (provisional)","Arc","new_2026",2,2,-1.6540596277991,-3.30229805772286,0.0944582050261067,FALSE,-0.85974517998945,2.90450800222699,10.2145989984659,FALSE,"descriptive; no KO contrast; animal n unknown"
"primary_singlets","ITC-like GABA (provisional)","Homer1","old_2023",1,2,-0.0327480486731436,-0.0559143387445173,-0.00920368319702902,TRUE,-0.909633187949275,126.707299640021,129.627827261537,FALSE,"descriptive; no KO contrast; animal n unknown"
"primary_singlets","ITC-like GABA (provisional)","Homer1","new_2026",2,2,0.398534204386809,0.295661551082741,0.497610898808247,TRUE,4.03810887194331,171.030332027313,129.627827261537,FALSE,"descriptive; no KO contrast; animal n unknown"
"primary_singlets","ITC-like GABA (provisional)","Nr4a1","old_2023",1,2,1.10243121760253,0.887441489139703,1.35516525533947,TRUE,2.64153254831021,45.4846716656487,20.9164865735588,FALSE,"descriptive; no KO contrast; animal n unknown"
"primary_singlets","ITC-like GABA (provisional)","Nr4a1","new_2026",2,2,-0.156253648704896,-0.442827350234682,0.164679768191799,FALSE,-0.386752743240977,18.7181327996845,20.9164865735588,FALSE,"descriptive; no KO contrast; animal n unknown"
"primary_singlets","ITC-like GABA (provisional)","Bdnf","old_2023",1,2,-2.33132711023114,-3.18036458197843,0,FALSE,-0.162530815390512,0,2.01634042278626,FALSE,"descriptive; no KO contrast; animal n unknown"
"primary_singlets","ITC-like GABA (provisional)","Bdnf","new_2026",2,2,2.47623849068405,1.26617101861435,5.09609131111896,TRUE,1.42915455112035,13.5020445896696,2.01634042278626,FALSE,"descriptive; no KO contrast; animal n unknown"
"primary_singlets","ITC-like GABA (provisional)","Pcdh10","old_2023",1,2,0.345746538020198,0.180106904937548,0.532900494916349,TRUE,0.699120306019752,97.4671535692472,76.5904198595218,FALSE,"descriptive; no KO contrast; animal n unknown"
"primary_singlets","ITC-like GABA (provisional)","Pcdh10","new_2026",2,2,1.58618794765055,1.23773349237753,1.93557457282736,TRUE,12.4405106610252,230.967788330382,76.5904198595218,FALSE,"descriptive; no KO contrast; animal n unknown"
"primary_singlets","ITC-like GABA (provisional)","Npas4","old_2023",1,2,1.03721783259884,0.880234795755786,1.21339203441747,TRUE,1.23751261043239,16.2445255948745,7.65904198595218,FALSE,"descriptive; no KO contrast; animal n unknown"
"primary_singlets","ITC-like GABA (provisional)","Npas4","new_2026",2,2,1.79658145784864,-0.047717127474205,2.72934846719504,FALSE,1.62778710991276,27.8441916908998,7.65904198595218,FALSE,"descriptive; no KO contrast; animal n unknown"
"primary_singlets","ITC-like GABA (provisional)","Fos","old_2023",1,2,1.07513344317262,0.544327682136835,1.92388733990126,TRUE,0.279279077206227,6.49781023794981,2.82135078158296,FALSE,"descriptive; no KO contrast; animal n unknown"
"primary_singlets","ITC-like GABA (provisional)","Fos","new_2026",2,2,2.47806869187778,0.666293474043301,3.99447052716309,TRUE,1.47752976547232,18.0049430653089,2.82135078158296,FALSE,"descriptive; no KO contrast; animal n unknown"
"primary_singlets","ITC-like GABA (provisional)","Egr1","old_2023",1,2,0.62044778879536,0.573275274423274,0.669215016233325,TRUE,0.476350787680921,16.2445255948745,10.3917948445121,FALSE,"descriptive; no KO contrast; animal n unknown"
"primary_singlets","ITC-like GABA (provisional)","Egr1","new_2026",2,2,2.34999122625489,2.28434428284204,2.41699929649863,TRUE,4.39619965780869,55.0286737801436,10.3917948445121,FALSE,"descriptive; no KO contrast; animal n unknown"
"primary_singlets","ITC-like GABA (provisional)","Ncam1","old_2023",1,2,0.214780500389076,0.185947218128057,0.244201808299575,TRUE,8.72091048189942,756.994892721153,652.21611611477,FALSE,"descriptive; no KO contrast; animal n unknown"
"primary_singlets","ITC-like GABA (provisional)","Ncam1","new_2026",2,2,0.482807775198389,0.259000007013425,0.683963249609016,TRUE,12.2904215190189,911.64516077569,652.21611611477,FALSE,"descriptive; no KO contrast; animal n unknown"
"primary_singlets","ITC-like GABA (provisional)","Sema6d","old_2023",1,2,0.405026154832593,0.348533300376259,0.463821620247568,TRUE,14.2049277390422,1140.36569676019,861.107559029699,FALSE,"descriptive; no KO contrast; animal n unknown"
"primary_singlets","ITC-like GABA (provisional)","Sema6d","new_2026",2,2,0.334724002873927,0.178643977460924,0.48667393140256,TRUE,11.3485763987227,1086.10441572446,861.107559029699,FALSE,"descriptive; no KO contrast; animal n unknown"
"primary_singlets","ITC-like GABA (provisional)","Cadm2","old_2023",1,2,0.790123542148782,0.706690602699812,0.878679291447435,TRUE,8.96739465188038,4165.09636252583,2408.44175224444,FALSE,"descriptive; no KO contrast; animal n unknown"
"primary_singlets","ITC-like GABA (provisional)","Cadm2","new_2026",2,2,0.674697985662424,0.54295690173816,0.809996570254771,TRUE,9.59570075933937,3844.80356568983,2408.44175224444,FALSE,"descriptive; no KO contrast; animal n unknown"
"primary_singlets","ITC-like GABA (provisional)","Pcdh7","old_2023",1,2,0.989433046632156,0.958086749523144,1.02147557898386,TRUE,18.9901516359831,1111.12555068942,559.398745898346,FALSE,"descriptive; no KO contrast; animal n unknown"
"primary_singlets","ITC-like GABA (provisional)","Pcdh7","new_2026",2,2,0.741964303169242,0.400405619833737,1.02917757734288,TRUE,20.9564911425546,935.903451282966,559.398745898346,FALSE,"descriptive; no KO contrast; animal n unknown"
"primary_singlets","ITC-like GABA (provisional)","Grip1","old_2023",1,2,0.515067286659611,0.467583772548595,0.564166972730359,TRUE,13.3453959894615,1364.54014996946,954.700898746586,FALSE,"descriptive; no KO contrast; animal n unknown"
"primary_singlets","ITC-like GABA (provisional)","Grip1","new_2026",2,2,0.235197674545726,-0.143132702358844,0.5532471271526,FALSE,3.77473377183074,1123.83641640441,954.700898746586,FALSE,"descriptive; no KO contrast; animal n unknown"
"primary_singlets","ITC-like GABA (provisional)","C1qa","old_2023",1,2,-2.3565040920148,-2.67285702092453,-1.95071092446262,TRUE,-0.197000491452945,0,2.0606393842978,TRUE,"descriptive; no KO contrast; animal n unknown"
"primary_singlets","ITC-like GABA (provisional)","C1qa","new_2026",2,2,1.76131180989755,1.25601231402774,2.33414678974556,TRUE,0.951949921798007,8.18072718221018,2.0606393842978,TRUE,"descriptive; no KO contrast; animal n unknown"
"primary_singlets","ITC-like GABA (provisional)","C1qb","old_2023",1,2,0.549965220910062,0.233612292000335,0.955758388462247,TRUE,-0.0668934662863874,3.24890511897491,2.0606393842978,TRUE,"descriptive; no KO contrast; animal n unknown"
"primary_singlets","ITC-like GABA (provisional)","C1qb","new_2026",2,2,2.70753024420013,0.347757813368049,3.92677580584501,TRUE,1.33917553469008,16.2261596819918,2.0606393842978,TRUE,"descriptive; no KO contrast; animal n unknown"
"primary_singlets","ITC-like GABA (provisional)","C1qc","old_2023",1,2,-1.22911224623667,-1.88301620314454,0,FALSE,-0.0301114847609831,0,0.672113474262087,FALSE,"descriptive; no KO contrast; animal n unknown"
"primary_singlets","ITC-like GABA (provisional)","C1qc","new_2026",2,2,4.11313857175535,2.59888980079316,5.87748673030763,TRUE,2.16532183289265,19.7837264486261,0.672113474262087,FALSE,"descriptive; no KO contrast; animal n unknown"
"primary_singlets","ITC-like GABA (provisional)","C3","old_2023",1,2,0,0,0,FALSE,0,0,0,FALSE,"descriptive; no KO contrast; animal n unknown"
"primary_singlets","ITC-like GABA (provisional)","C3","new_2026",2,2,1.12819809081246,0,1.75348095968897,FALSE,0.0629033678462754,0.592927794439049,0,FALSE,"descriptive; no KO contrast; animal n unknown"
"primary_singlets","ITC-like GABA (provisional)","C4b","old_2023",1,2,0,0,0,FALSE,0,0,0,FALSE,"descriptive; no KO contrast; animal n unknown"
"primary_singlets","ITC-like GABA (provisional)","C4b","new_2026",2,2,1.12819809081246,0,1.75348095968897,FALSE,0.0629033678462754,0.592927794439049,0,FALSE,"descriptive; no KO contrast; animal n unknown"
"primary_singlets","ITC-like GABA (provisional)","Itgam","old_2023",1,2,-1.88301620314454,-2.67285702092453,0,FALSE,-0.182038344911932,0,1.34422694852417,FALSE,"descriptive; no KO contrast; animal n unknown"
"primary_singlets","ITC-like GABA (provisional)","Itgam","new_2026",2,2,0.305247588212934,-2.67285702092453,3.02061483429258,FALSE,0.0963037994093411,1.77878338331715,1.34422694852417,FALSE,"descriptive; no KO contrast; animal n unknown"
"primary_singlets","ITC-like GABA (provisional)","Trem2","old_2023",1,2,0,0,0,FALSE,0,0,0,FALSE,"descriptive; no KO contrast; animal n unknown"
"primary_singlets","ITC-like GABA (provisional)","Trem2","new_2026",2,2,3.66084848830132,3.02061483429258,4.10274726453376,TRUE,0.592438456625824,5.82404874694605,0,FALSE,"descriptive; no KO contrast; animal n unknown"
"primary_singlets","ITC-like GABA (provisional)","Tyrobp","old_2023",1,2,1.62383684223501,0.955758388462247,2.90646931292487,TRUE,0.234876435565994,3.24890511897491,0.716412435773625,FALSE,"descriptive; no KO contrast; animal n unknown"
"primary_singlets","ITC-like GABA (provisional)","Tyrobp","new_2026",2,2,4.1395679985032,2.53119507947508,5.98669911803104,TRUE,2.25314938611773,20.9395165525201,0.716412435773625,FALSE,"descriptive; no KO contrast; animal n unknown"
"primary_singlets","ITC-like GABA (provisional)","Cd68","old_2023",1,2,-1.28263247068986,-1.95071092446262,0,FALSE,-0.0853755156679896,0,0.716412435773625,FALSE,"descriptive; no KO contrast; animal n unknown"
"primary_singlets","ITC-like GABA (provisional)","Cd68","new_2026",2,2,1.48481385352903,-0.197229964773644,3.35703406593507,FALSE,0.315638848583038,2.90450800222699,0.716412435773625,FALSE,"descriptive; no KO contrast; animal n unknown"
"primary_singlets","ITC-like GABA (provisional)","Cx3cr1","old_2023",1,2,-0.231729757897555,-0.395034610755697,-0.0475519047149326,TRUE,-0.1523376914021,19.4934307138494,22.9771259578566,TRUE,"descriptive; no KO contrast; animal n unknown"
"primary_singlets","ITC-like GABA (provisional)","Cx3cr1","new_2026",2,2,-0.291046400369918,-0.724071736967255,0.120280743829986,FALSE,-0.323428314870966,18.6880673147004,22.9771259578566,TRUE,"descriptive; no KO contrast; animal n unknown"
"primary_singlets","ITC-like GABA (provisional)","P2ry12","old_2023",1,2,0.445597607339659,0.298254174893132,0.6097191170584,TRUE,1.89939747618426,87.7204382123224,64.2785115668356,TRUE,"descriptive; no KO contrast; animal n unknown"
"primary_singlets","ITC-like GABA (provisional)","P2ry12","new_2026",2,2,-1.22061923814494,-2.68288084272079,-0.380183638926956,TRUE,-3.60067047345129,27.2963621239369,64.2785115668356,TRUE,"descriptive; no KO contrast; animal n unknown"
"primary_singlets","ITC-like GABA (provisional)","Csf1r","old_2023",1,2,0.525220086005624,0.155584267033363,1.02345310978033,TRUE,0.141298915264045,3.24890511897491,2.10493834580934,TRUE,"descriptive; no KO contrast; animal n unknown"
"primary_singlets","ITC-like GABA (provisional)","Csf1r","new_2026",2,2,1.9168983789454,1.17798428906076,2.70889068585821,TRUE,0.852142777707638,9.33651728610416,2.10493834580934,TRUE,"descriptive; no KO contrast; animal n unknown"
"primary_singlets","ITC-like GABA (provisional)","Mertk","old_2023",1,2,1.07513344317262,0.544327682136835,1.92388733990126,TRUE,0.0447754405971251,6.49781023794981,2.82135078158296,FALSE,"descriptive; no KO contrast; animal n unknown"
"primary_singlets","ITC-like GABA (provisional)","Mertk","new_2026",2,2,1.7986964424235,0.422080860386005,3.17712298546802,TRUE,0.64513850103979,11.0551696994531,2.82135078158296,FALSE,"descriptive; no KO contrast; animal n unknown"
"primary_singlets","ITC-like GABA (provisional)","Megf10","old_2023",1,2,1.42565431612656,1.0560184971543,1.92388733990126,TRUE,0.398608500408209,6.49781023794981,2.10493834580934,FALSE,"descriptive; no KO contrast; animal n unknown"
"primary_singlets","ITC-like GABA (provisional)","Megf10","new_2026",2,2,1.74404238098042,0.899638397479699,2.59888980079316,TRUE,0.580026982570621,8.22582540968637,2.10493834580934,FALSE,"descriptive; no KO contrast; animal n unknown"
"primary_singlets","ITC-like GABA (provisional)","Axl","old_2023",1,2,0,0,0,FALSE,0,0,0,FALSE,"descriptive; no KO contrast; animal n unknown"
"primary_singlets","ITC-like GABA (provisional)","Axl","new_2026",2,2,3.21271307783395,1.7275198013012,3.92886933495227,TRUE,0.445727721354404,4.13546181858128,0,FALSE,"descriptive; no KO contrast; animal n unknown"
"primary_singlets","ITC-like GABA (provisional)","Gas6","old_2023",1,2,-0.229083550429836,-0.390760641133594,-0.0469741105411452,TRUE,-0.193926542471226,12.9956204758996,15.3180839719044,FALSE,"descriptive; no KO contrast; animal n unknown"
"primary_singlets","ITC-like GABA (provisional)","Gas6","new_2026",2,2,1.24043708588814,1.07443470407476,1.42685888814129,TRUE,2.09644798722755,36.8734032899141,15.3180839719044,FALSE,"descriptive; no KO contrast; animal n unknown"
"primary_singlets","ITC-like GABA (provisional)","Sema3e","old_2023",1,2,-1.13391547150847,-1.30678563743115,-0.937474897512445,TRUE,-2.78819752996367,29.2401460707741,64.7658001434625,FALSE,"descriptive; no KO contrast; animal n unknown"
"primary_singlets","ITC-like GABA (provisional)","Sema3e","new_2026",2,2,-1.10327506391398,-1.38151028612871,-0.808643626249944,TRUE,-2.4302100745325,29.878531696582,64.7658001434625,FALSE,"descriptive; no KO contrast; animal n unknown"
"primary_singlets","ITC-like GABA (provisional)","Plxnd1","old_2023",1,2,2.37317017577882,2.00353435680656,2.87140319955353,TRUE,0.985984329057045,12.9956204758996,2.10493834580934,FALSE,"descriptive; no KO contrast; animal n unknown"
"primary_singlets","ITC-like GABA (provisional)","Plxnd1","new_2026",2,2,2.79366389126359,2.40590403185899,3.30979609185861,TRUE,1.62656617530654,17.5623426957905,2.10493834580934,FALSE,"descriptive; no KO contrast; animal n unknown"
"primary_singlets","ITC-like GABA (provisional)","Nrp1","old_2023",1,2,0.173935874120354,-0.0344682864744366,0.417611810625582,FALSE,1.08328818808921,100.716058688222,89.2200499343779,FALSE,"descriptive; no KO contrast; animal n unknown"
"primary_singlets","ITC-like GABA (provisional)","Nrp1","new_2026",2,2,-0.100140995173146,-0.433063684930559,0.25815499723315,FALSE,-0.202946441378669,83.2035858058688,89.2200499343779,FALSE,"descriptive; no KO contrast; animal n unknown"
"primary_singlets","ITC-like GABA (provisional)","Nrp2","old_2023",1,2,0.592687678251437,0.586113612792227,0.599291837562676,TRUE,4.76396770028987,191.685402019519,126.939373364489,FALSE,"descriptive; no KO contrast; animal n unknown"
"primary_singlets","ITC-like GABA (provisional)","Nrp2","new_2026",2,2,0.0223142444356381,-0.126984254268232,0.158785657296815,FALSE,-0.323431947688455,128.925807784892,126.939373364489,FALSE,"descriptive; no KO contrast; animal n unknown"
"primary_singlets","ITC-like GABA (provisional)","Kirrel3","old_2023",1,2,0.43028087461577,0.427137681694846,0.433430930551509,TRUE,3.03226882106969,3866.19709158014,2869.04276812231,FALSE,"descriptive; no KO contrast; animal n unknown"
"primary_singlets","ITC-like GABA (provisional)","Kirrel3","new_2026",2,2,-0.406257435958226,-0.553431210579886,-0.272159750134159,TRUE,-16.3942048496276,2164.7947741338,2869.04276812231,FALSE,"descriptive; no KO contrast; animal n unknown"
"primary_singlets","ITC-like GABA (provisional)","Sdk2","old_2023",1,2,-0.0857136874715441,-0.16183512308675,-0.00535100838257208,TRUE,0.375513513744277,350.88175284929,372.39073765864,FALSE,"descriptive; no KO contrast; animal n unknown"
"primary_singlets","ITC-like GABA (provisional)","Sdk2","new_2026",2,2,-0.813009315141584,-1.14838988642717,-0.51295689758969,TRUE,-10.7448492265989,211.746924191211,372.39073765864,FALSE,"descriptive; no KO contrast; animal n unknown"
"primary_singlets","ITC-like GABA (provisional)","Sema5b","old_2023",1,2,0.0391151448422141,-0.0358094451502371,0.118145027576896,FALSE,-0.658906831220751,292.401460707742,284.566842685887,FALSE,"descriptive; no KO contrast; animal n unknown"
"primary_singlets","ITC-like GABA (provisional)","Sema5b","new_2026",2,2,-0.71913480226305,-1.23417922948279,-0.303334104474205,TRUE,-9.22558191175771,172.667169890953,284.566842685887,FALSE,"descriptive; no KO contrast; animal n unknown"
"primary_singlets","ITC-like GABA (provisional)","Cdh8","old_2023",1,2,0.269298364554337,0.190110652138223,0.353086313750927,TRUE,8.02282483611834,510.07810367906,423.138381817211,FALSE,"descriptive; no KO contrast; animal n unknown"
"primary_singlets","ITC-like GABA (provisional)","Cdh8","new_2026",2,2,0.373559145642265,0.274274499288987,0.477167917672338,TRUE,5.67937655170418,548.342594250707,423.138381817211,FALSE,"descriptive; no KO contrast; animal n unknown"
"primary_singlets","ITC-like GABA (provisional)","Cdh9","old_2023",1,2,0.930291080536427,0.845896097688586,1.01993144698988,TRUE,10.1788113173837,324.890511897491,170.249470344665,FALSE,"descriptive; no KO contrast; animal n unknown"
"primary_singlets","ITC-like GABA (provisional)","Cdh9","new_2026",2,2,0.388377716579258,-0.0204192908022085,0.742699421609619,FALSE,5.17408595534208,222.997519543061,170.249470344665,FALSE,"descriptive; no KO contrast; animal n unknown"
"primary_singlets","ITC-like GABA (provisional)","Cdh13","old_2023",1,2,0.00934251523386397,-0.0156141623217856,0.0347385205626392,FALSE,2.97877676268985,1202.09489402071,1194.33236563153,FALSE,"descriptive; no KO contrast; animal n unknown"
"primary_singlets","ITC-like GABA (provisional)","Cdh13","new_2026",2,2,-0.431044196300846,-0.634736148326398,-0.246635413190216,TRUE,-9.16831313003682,885.736730730276,1194.33236563153,FALSE,"descriptive; no KO contrast; animal n unknown"
"primary_singlets","ITC-like GABA (provisional)","Cdh18","old_2023",1,2,-0.123938177289394,-0.215580183810395,-0.0260777043295963,TRUE,3.90000273546083,1000.66277664427,1090.47249890307,FALSE,"descriptive; no KO contrast; animal n unknown"
"primary_singlets","ITC-like GABA (provisional)","Cdh18","new_2026",2,2,-0.448232740534898,-0.649007724904804,-0.248917277137949,TRUE,-8.4364130563787,799.11752367745,1090.47249890307,FALSE,"descriptive; no KO contrast; animal n unknown"
"primary_singlets","ITC-like GABA (provisional)","C1ql3","old_2023",1,2,0.952302238065394,0.543790044481592,1.52430200729377,TRUE,1.69901027213778,35.737956308724,18.2280326765104,FALSE,"descriptive; no KO contrast; animal n unknown"
"primary_singlets","ITC-like GABA (provisional)","C1ql3","new_2026",2,2,3.16760791026615,1.90294830900347,4.273244984201,TRUE,13.6275377985187,167.781802015764,18.2280326765104,FALSE,"descriptive; no KO contrast; animal n unknown"
"primary_singlets","ITC-like GABA (provisional)","Slit1","old_2023",1,2,0.182981089954791,-0.0914069362598902,0.522108924997641,FALSE,0.444186167297604,107.213868926172,94.3830919725059,FALSE,"descriptive; no KO contrast; animal n unknown"
"primary_singlets","ITC-like GABA (provisional)","Slit1","new_2026",2,2,-0.849189724446557,-1.2961404887844,-0.355952073449912,TRUE,-3.59191550083708,52.1692640053928,94.3830919725059,FALSE,"descriptive; no KO contrast; animal n unknown"
"primary_singlets","ITC-like GABA (provisional)","Slit2","old_2023",1,2,0.0795481326839463,0.0768905175022923,0.0822106525440027,TRUE,-1.17712313614077,412.610950109813,390.449203540693,FALSE,"descriptive; no KO contrast; animal n unknown"
"primary_singlets","ITC-like GABA (provisional)","Slit2","new_2026",2,2,-0.565237330324349,-0.715088509757146,-0.429018316908701,TRUE,-9.02616645886248,263.720762544207,390.449203540693,FALSE,"descriptive; no KO contrast; animal n unknown"
"primary_singlets","ITC-like GABA (provisional)","Slit3","old_2023",1,2,-0.361017158633618,-0.428997194132686,-0.28967480657197,TRUE,-1.8267216774598,100.716058688222,129.494930377003,FALSE,"descriptive; no KO contrast; animal n unknown"
"primary_singlets","ITC-like GABA (provisional)","Slit3","new_2026",2,2,0.544875537499599,0.00651033534370438,0.970363225719266,TRUE,4.26693404366322,189.14888619531,129.494930377003,FALSE,"descriptive; no KO contrast; animal n unknown"
"primary_singlets","ITC-like GABA (provisional)","Robo1","old_2023",1,2,0.0125811089423826,-0.00193558166357199,0.0272453554334113,FALSE,-1.5959286058452,2930.51241731536,2905.0634729118,FALSE,"descriptive; no KO contrast; animal n unknown"
"primary_singlets","ITC-like GABA (provisional)","Robo1","new_2026",2,2,-0.33994351670354,-0.358639633124477,-0.32111191704978,TRUE,-10.3304562629167,2295.10505186123,2905.0634729118,FALSE,"descriptive; no KO contrast; animal n unknown"
"primary_singlets","ITC-like GABA (provisional)","Robo2","old_2023",1,2,0.567778594469505,0.553869080124317,0.581823521802693,TRUE,11.6221635534778,568.558395820608,383.417976067492,FALSE,"descriptive; no KO contrast; animal n unknown"
"primary_singlets","ITC-like GABA (provisional)","Robo2","new_2026",2,2,0.557440808045987,0.366647098795372,0.72903211423805,TRUE,11.2300164251911,564.495321288233,383.417976067492,FALSE,"descriptive; no KO contrast; animal n unknown"
"primary_singlets","ITC-like GABA (provisional)","Ntng1","old_2023",1,2,0.186027096261074,0.125059638872832,0.249685123062873,TRUE,4.2376268498413,698.514600579605,613.949947043342,FALSE,"descriptive; no KO contrast; animal n unknown"
"primary_singlets","ITC-like GABA (provisional)","Ntng1","new_2026",2,2,-0.263045446949606,-0.451921415100967,-0.0819014191156953,TRUE,-8.72323559438116,511.537703836004,613.949947043342,FALSE,"descriptive; no KO contrast; animal n unknown"
"primary_singlets","ITC-like GABA (provisional)","Ntng2","old_2023",1,2,0.213706094158262,-0.273895269053561,0.955758388462247,FALSE,0.223985147401967,3.24890511897491,2.73275285855989,FALSE,"descriptive; no KO contrast; animal n unknown"
"primary_singlets","ITC-like GABA (provisional)","Ntng2","new_2026",2,2,1.69605221965218,0.92238268255533,2.67672734297011,TRUE,1.02304833366333,9.97454330801939,2.73275285855989,FALSE,"descriptive; no KO contrast; animal n unknown"
"primary_singlets","ITC-like GABA (provisional)","Lrrc4c","old_2023",1,2,-0.0348369400216413,-0.0849421984034127,0.0170712956602923,FALSE,3.29108131644536,1942.84526114699,1990.34261998044,FALSE,"descriptive; no KO contrast; animal n unknown"
"primary_singlets","ITC-like GABA (provisional)","Lrrc4c","new_2026",2,2,-0.236650410687416,-0.446765398502663,-0.0407206577710983,TRUE,-0.650238334668018,1689.15507639372,1990.34261998044,FALSE,"descriptive; no KO contrast; animal n unknown"
"primary_singlets","ITC-like GABA (provisional)","Lrrc4","old_2023",1,2,0.245122280776752,0.0273597388190847,0.501699716159195,TRUE,2.61149468777698,227.423358328243,191.809029534152,FALSE,"descriptive; no KO contrast; animal n unknown"
"primary_singlets","ITC-like GABA (provisional)","Lrrc4","new_2026",2,2,-1.42712265302094,-2.45387311954247,-0.655319361010798,TRUE,-11.4521767506155,71.0143095822625,191.809029534152,FALSE,"descriptive; no KO contrast; animal n unknown"
"primary_singlets","ITC-like GABA (provisional)","Adgrb3","old_2023",1,2,0.0613704207737254,0.00495836105266534,0.1200783751231,TRUE,1.31603888751076,3265.14964456978,3129.14625661767,FALSE,"descriptive; no KO contrast; animal n unknown"
"primary_singlets","ITC-like GABA (provisional)","Adgrb3","new_2026",2,2,-0.145853459652261,-0.248381860752758,-0.0424577444779128,TRUE,-2.89672983404319,2828.21364743442,3129.14625661767,FALSE,"descriptive; no KO contrast; animal n unknown"
"primary_singlets","ITC-like GABA (provisional)","Igsf21","old_2023",1,2,0.294735201684055,0.076277296777115,0.552279249230835,TRUE,2.27946841336113,77.9737228553977,63.4735012080389,FALSE,"descriptive; no KO contrast; animal n unknown"
"primary_singlets","ITC-like GABA (provisional)","Igsf21","new_2026",2,2,-0.398484556024683,-0.707663922464677,-0.0555879630109777,TRUE,-1.13056196116239,48.0338021868116,63.4735012080389,FALSE,"descriptive; no KO contrast; animal n unknown"
"primary_singlets","ITC-like GABA (provisional)","Nrxn2","old_2023",1,2,0.27606639173931,0.157415223867712,0.405357330979756,TRUE,3.33840639920566,292.401460707742,241.389642590245,FALSE,"descriptive; no KO contrast; animal n unknown"
"primary_singlets","ITC-like GABA (provisional)","Nrxn2","new_2026",2,2,0.262794910274645,-0.0971155313858478,0.598720893669626,FALSE,3.76223811497737,289.719389044573,241.389642590245,FALSE,"descriptive; no KO contrast; animal n unknown"
"primary_singlets","ITC-like GABA (provisional)","Cntn4","old_2023",1,2,-0.11728457327984,-0.41350254496936,0.255895407451455,FALSE,-1.53892940074712,142.951825234896,155.100953167218,FALSE,"descriptive; no KO contrast; animal n unknown"
"primary_singlets","ITC-like GABA (provisional)","Cntn4","new_2026",2,2,0.750682172226019,0.0355220770192268,1.44812795989796,TRUE,7.82838271546591,261.312335044218,155.100953167218,FALSE,"descriptive; no KO contrast; animal n unknown"
"primary_singlets","ITC-like GABA (provisional)","Cntn6","old_2023",1,2,0.99374111564826,0.700883340989146,1.36159307755043,TRUE,2.73510295751272,42.2357665466738,20.9607855350703,FALSE,"descriptive; no KO contrast; animal n unknown"
"primary_singlets","ITC-like GABA (provisional)","Cntn6","new_2026",2,2,1.95489546038302,1.40964588341591,2.53748962815201,TRUE,5.40985254734189,82.7008544663821,20.9607855350703,FALSE,"descriptive; no KO contrast; animal n unknown"
"primary_singlets","ITC-like GABA (provisional)","Ptprg","old_2023",1,2,0.149037681076809,0.0702680696271187,0.232357670665591,TRUE,3.07039405746324,1078.63649949967,972.721219370694,FALSE,"descriptive; no KO contrast; animal n unknown"
"primary_singlets","ITC-like GABA (provisional)","Ptprg","new_2026",2,2,-0.42853960726858,-0.658414913605,-0.208450744537203,TRUE,-11.5075344369244,722.616536520316,972.721219370694,FALSE,"descriptive; no KO contrast; animal n unknown"
"primary_singlets","ITC-like GABA (provisional)","Plxna1","old_2023",1,2,0.273925290107309,0.266721408213549,0.281165324103386,TRUE,0.531070812804511,22.7423358328243,18.7229503047263,FALSE,"descriptive; no KO contrast; animal n unknown"
"primary_singlets","ITC-like GABA (provisional)","Plxna1","new_2026",2,2,1.09142241335744,0.864463573791572,1.2893262584914,TRUE,3.10998636596883,40.4610355415325,18.7229503047263,FALSE,"descriptive; no KO contrast; animal n unknown"
"primary_singlets","ITC-like GABA (provisional)","Plxna3","old_2023",1,2,-0.212831126726711,-0.517542349494901,0.173960446934867,FALSE,0.171268832981139,12.9956204758996,15.1408881258582,FALSE,"descriptive; no KO contrast; animal n unknown"
"primary_singlets","ITC-like GABA (provisional)","Plxna3","new_2026",2,2,-0.669102923560131,-1.3430924172407,0.0114479332395532,FALSE,-0.582493030151051,9.33651728610416,15.1408881258582,FALSE,"descriptive; no KO contrast; animal n unknown"
"primary_singlets","Rspo2-positive glut","Mef2c","new_2026",2,2,0.783526995660853,0.155335447452744,1.39466807447684,TRUE,17.9953553361276,607.002889521793,352.425647234225,FALSE,"descriptive; no KO contrast; animal n unknown"
"primary_singlets","Rspo2-positive glut","Mef2a","new_2026",2,2,0.617620299343591,0.337171357572949,0.864117710098001,TRUE,6.76079424738921,182.777214522491,118.950023552727,FALSE,"descriptive; no KO contrast; animal n unknown"
"primary_singlets","Rspo2-positive glut","Mef2d","new_2026",2,2,-0.914463301648765,-1.47791092954534,-0.253703479266862,TRUE,-3.36256653714215,47.5876806835457,90.138918490526,FALSE,"descriptive; no KO contrast; animal n unknown"
"primary_singlets","Rspo2-positive glut","Arc","new_2026",2,2,2.25896962427601,1.87233353486125,2.70101742415123,TRUE,1.32430705851967,9.97653808287739,1.68877026367562,FALSE,"descriptive; no KO contrast; animal n unknown"
"primary_singlets","Rspo2-positive glut","Homer1","new_2026",2,2,-0.556499851648089,-0.834627759460917,-0.247922662644501,TRUE,-5.55627405781325,164.214628787721,241.745277729225,FALSE,"descriptive; no KO contrast; animal n unknown"
"primary_singlets","Rspo2-positive glut","Nr4a1","new_2026",2,2,-1.77965556100902,-3.39502550322387,-1.0190056737172,TRUE,-3.86978880530363,14.863553180296,52.2498675942287,FALSE,"descriptive; no KO contrast; animal n unknown"
"primary_singlets","Rspo2-positive glut","Bdnf","new_2026",2,2,0.580463420093462,0.359923734812947,0.804505510386787,TRUE,0.170488039974358,38.6101496482209,25.6548706696822,FALSE,"descriptive; no KO contrast; animal n unknown"
"primary_singlets","Rspo2-positive glut","Pcdh10","new_2026",2,2,0.86183867357866,0.599730983243054,1.12422623333047,TRUE,11.2667658310283,442.072716929608,243.026005674039,FALSE,"descriptive; no KO contrast; animal n unknown"
"primary_singlets","Rspo2-positive glut","Npas4","new_2026",2,2,-0.364478210983582,-4.3741982715764,1.23542854845595,FALSE,0.660966105785294,5.38651862119487,7.07839776925037,FALSE,"descriptive; no KO contrast; animal n unknown"
"primary_singlets","Rspo2-positive glut","Fos","new_2026",2,2,1.69510600124618,-2.40267931371639,4.27501284857764,FALSE,0.372357621008968,4.59001946168252,1.0719607233591,FALSE,"descriptive; no KO contrast; animal n unknown"
"primary_singlets","Rspo2-positive glut","Egr1","new_2026",2,2,4.65582797817657,3.78358844086939,5.41450227680371,TRUE,8.20185326274611,54.6752177641097,1.68877026367562,FALSE,"descriptive; no KO contrast; animal n unknown"
"primary_singlets","Rspo2-positive glut","Ncam1","new_2026",2,2,1.16046765250197,1.07842977279804,1.24315602733214,TRUE,22.7905691139227,1012.43640611299,452.654824504648,FALSE,"descriptive; no KO contrast; animal n unknown"
"primary_singlets","Rspo2-positive glut","Sema6d","new_2026",2,2,0.768820461008866,0.601096957185279,0.937459838023795,TRUE,13.279232044867,544.322082984614,319.254512587652,FALSE,"descriptive; no KO contrast; animal n unknown"
"primary_singlets","Rspo2-positive glut","Cadm2","new_2026",2,2,-0.191671945874285,-0.246106816328547,-0.137112402115072,TRUE,-1.07744257809763,2261.70418845581,2583.13290573783,FALSE,"descriptive; no KO contrast; animal n unknown"
"primary_singlets","Rspo2-positive glut","Pcdh7","new_2026",2,2,-0.147224733098303,-0.305998480819971,0.0110755997385255,FALSE,-9.24139731928341,1073.20015391011,1188.55536321038,FALSE,"descriptive; no KO contrast; animal n unknown"
"primary_singlets","Rspo2-positive glut","Grip1","new_2026",2,2,0.752013540700591,0.317157809183524,1.1795576362031,TRUE,9.4409517556706,772.972427338633,458.768018192279,FALSE,"descriptive; no KO contrast; animal n unknown"
"primary_singlets","Rspo2-positive glut","C1qa","new_2026",2,2,0.66830321339263,-0.760764692818516,2.48122591129369,FALSE,0.302451297768465,6.38552566874748,3.83269171039381,TRUE,"descriptive; no KO contrast; animal n unknown"
"primary_singlets","Rspo2-positive glut","C1qb","new_2026",2,2,3.62413161559584,1.23867097779009,5.55152200424094,TRUE,2.19959864333075,13.2705548612713,0.616809540316522,TRUE,"descriptive; no KO contrast; animal n unknown"
"primary_singlets","Rspo2-positive glut","C1qc","new_2026",2,2,3.88460362387782,0,4.83491933240925,FALSE,0.717725070339861,6.88502919252378,0,FALSE,"descriptive; no KO contrast; animal n unknown"
"primary_singlets","Rspo2-positive glut","C3","new_2026",2,2,0,0,0,FALSE,0,0,0,FALSE,"descriptive; no KO contrast; animal n unknown"
"primary_singlets","Rspo2-positive glut","C4b","new_2026",2,2,2.48285330582767,0,3.34767117245405,FALSE,0.128395416797311,2.29500973084126,0,FALSE,"descriptive; no KO contrast; animal n unknown"
"primary_singlets","Rspo2-positive glut","Itgam","new_2026",2,2,-2.40267931371639,-3.25937581297922,0,FALSE,-0.105778194348052,0,2.14392144671819,FALSE,"descriptive; no KO contrast; animal n unknown"
"primary_singlets","Rspo2-positive glut","Trem2","new_2026",2,2,2.37980520006951,0.944991858737659,4.49480436143517,TRUE,0.532973794773633,7.68152835203613,1.0719607233591,FALSE,"descriptive; no KO contrast; animal n unknown"
"primary_singlets","Rspo2-positive glut","Tyrobp","new_2026",2,2,2.54601312140809,0.629778601357647,4.83491933240925,TRUE,1.64597579241719,8.68053539958873,1.0719607233591,FALSE,"descriptive; no KO contrast; animal n unknown"
"primary_singlets","Rspo2-positive glut","Cd68","new_2026",2,2,-1.1593831708978,-1.79378693728395,0,FALSE,-0.053112498645541,0,0.616809540316522,FALSE,"descriptive; no KO contrast; animal n unknown"
"primary_singlets","Rspo2-positive glut","Cx3cr1","new_2026",2,2,-0.464020091707117,-2.55749344038557,0.470432384667514,FALSE,0.31383041612167,15.5655645921125,21.6605206020144,TRUE,"descriptive; no KO contrast; animal n unknown"
"primary_singlets","Rspo2-positive glut","P2ry12","new_2026",2,2,-2.55837700181878,-2.68531136075381,-2.42501511168624,TRUE,-7.13152591902275,14.0670540207836,85.3064527477092,TRUE,"descriptive; no KO contrast; animal n unknown"
"primary_singlets","Rspo2-positive glut","Csf1r","new_2026",2,2,0.949754038341564,0.682110813679322,1.20432908915255,TRUE,0.236569409378308,8.18103187581243,3.99435006766776,TRUE,"descriptive; no KO contrast; animal n unknown"
"primary_singlets","Rspo2-positive glut","Mertk","new_2026",2,2,0.421231278224994,-1.88485739311429,4.23434616833996,FALSE,0.890561158019502,19.6560805300187,14.5522989439848,FALSE,"descriptive; no KO contrast; animal n unknown"
"primary_singlets","Rspo2-positive glut","Megf10","new_2026",2,2,3.7835667997118,3.03245791507404,4.27501284857764,TRUE,0.507931205445416,6.38552566874748,0,FALSE,"descriptive; no KO contrast; animal n unknown"
"primary_singlets","Rspo2-positive glut","Axl","new_2026",2,2,2.48285330582767,0,3.34767117245405,FALSE,0.325182101976992,2.29500973084126,0,FALSE,"descriptive; no KO contrast; animal n unknown"
"primary_singlets","Rspo2-positive glut","Gas6","new_2026",2,2,1.11712769572581,0.646495249238797,1.71518268062342,TRUE,3.87212273692649,53.9732063522932,24.6127338351023,FALSE,"descriptive; no KO contrast; animal n unknown"
"primary_singlets","Rspo2-positive glut","Sema3e","new_2026",2,2,-1.21232745754493,-2.33619430821914,-0.415076884435366,TRUE,-7.5239451714127,43.7941603813755,102.134507606907,FALSE,"descriptive; no KO contrast; animal n unknown"
"primary_singlets","Rspo2-positive glut","Plxnd1","new_2026",2,2,1.132045832747,-0.245424739572678,2.29085835992454,FALSE,1.40055073080514,21.4515867370837,9.51581204173719,FALSE,"descriptive; no KO contrast; animal n unknown"
"primary_singlets","Rspo2-positive glut","Nrp1","new_2026",2,2,-0.461617356927363,-1.35322347484503,0.0977236503147596,FALSE,0.0330657565030572,66.150266418316,91.2830659048212,FALSE,"descriptive; no KO contrast; animal n unknown"
"primary_singlets","Rspo2-positive glut","Nrp2","new_2026",2,2,0.00943814327505162,-0.368514545853755,0.362121875203824,FALSE,-1.35039894171381,71.1317692634304,70.6646821373866,FALSE,"descriptive; no KO contrast; animal n unknown"
"primary_singlets","Rspo2-positive glut","Kirrel3","new_2026",2,2,-0.356439694925381,-1.24696387920615,0.219346393325131,FALSE,3.89324281671262,394.107085255278,504.700670939446,FALSE,"descriptive; no KO contrast; animal n unknown"
"primary_singlets","Rspo2-positive glut","Sdk2","new_2026",2,2,-0.663928007269317,-1.2039515886941,-0.137768966408713,TRUE,-4.86793573364442,53.6762107165571,85.3362766364884,FALSE,"descriptive; no KO contrast; animal n unknown"
"primary_singlets","Rspo2-positive glut","Sema5b","new_2026",2,2,2.48303981960049,0.701581753542618,3.27976240463998,TRUE,2.08954490041938,37.5166548529725,6.2999298716599,FALSE,"descriptive; no KO contrast; animal n unknown"
"primary_singlets","Rspo2-positive glut","Cdh8","new_2026",2,2,-0.244600035215644,-0.650961890622588,0.124074691045564,FALSE,-8.27936845953826,577.532181618992,684.331874491402,FALSE,"descriptive; no KO contrast; animal n unknown"
"primary_singlets","Rspo2-positive glut","Cdh9","new_2026",2,2,-0.58591686327133,-1.71285019672291,0.112344621873417,FALSE,-17.5989090983723,384.967404509015,578.083721261711,FALSE,"descriptive; no KO contrast; animal n unknown"
"primary_singlets","Rspo2-positive glut","Cdh13","new_2026",2,2,1.09204833542461,0.833574078659683,1.35735938328451,TRUE,14.4271480227427,373.22242500437,174.811276722517,FALSE,"descriptive; no KO contrast; animal n unknown"
"primary_singlets","Rspo2-positive glut","Cdh18","new_2026",2,2,-0.130248686037498,-0.918556621299482,0.642593243760404,FALSE,0.491436218638714,291.830654414974,319.450740895729,FALSE,"descriptive; no KO contrast; animal n unknown"
"primary_singlets","Rspo2-positive glut","C1ql3","new_2026",2,2,1.17413302327149,0.369222812359807,1.78191629047996,TRUE,-4.36754087919644,1019.75327686604,451.625226583446,FALSE,"descriptive; no KO contrast; animal n unknown"
"primary_singlets","Rspo2-positive glut","Slit1","new_2026",2,2,-1.5875579932745,-2.50867933138279,-0.838222738297589,TRUE,-15.1249451335575,88.5873278103037,267.243236103657,FALSE,"descriptive; no KO contrast; animal n unknown"
"primary_singlets","Rspo2-positive glut","Slit2","new_2026",2,2,-0.170301321510309,-0.533121811732004,0.146498445283569,FALSE,-3.8135344054494,348.773817124628,392.535552330201,FALSE,"descriptive; no KO contrast; animal n unknown"
"primary_singlets","Rspo2-positive glut","Slit3","new_2026",2,2,-1.39221450455725,-1.70210293177431,-1.11288202155184,TRUE,-42.1763045632174,563.667635486248,1480.33440039618,FALSE,"descriptive; no KO contrast; animal n unknown"
"primary_singlets","Rspo2-positive glut","Robo1","new_2026",2,2,0.480962510201632,0.283069804020856,0.675807761702954,TRUE,8.75869385693897,804.508572298939,576.288194356296,FALSE,"descriptive; no KO contrast; animal n unknown"
"primary_singlets","Rspo2-positive glut","Robo2","new_2026",2,2,-0.14647910245885,-0.277705114404624,-0.0196873334685836,TRUE,-2.25122967165682,689.879638289869,763.656968019975,FALSE,"descriptive; no KO contrast; animal n unknown"
"primary_singlets","Rspo2-positive glut","Ntng1","new_2026",2,2,-0.161752393774595,-0.405213178245058,0.115774481040218,FALSE,-1.98260985897404,268.772536966217,300.720402489377,FALSE,"descriptive; no KO contrast; animal n unknown"
"primary_singlets","Rspo2-positive glut","Ntng2","new_2026",2,2,-1.6875193689265,-2.57983935584646,-1.01999076182375,TRUE,-7.070304112693,30.7261134081445,100.080057826526,FALSE,"descriptive; no KO contrast; animal n unknown"
"primary_singlets","Rspo2-positive glut","Lrrc4c","new_2026",2,2,-0.868147885590757,-1.59965904710126,-0.338723847473871,TRUE,-21.4968685851891,2356.94673378445,4302.59013267942,FALSE,"descriptive; no KO contrast; animal n unknown"
"primary_singlets","Rspo2-positive glut","Lrrc4","new_2026",2,2,-2.79348512393568,-3.68450680916514,-2.22522838424331,TRUE,-22.7025695395593,41.9986541743106,294.14426476735,FALSE,"descriptive; no KO contrast; animal n unknown"
"primary_singlets","Rspo2-positive glut","Adgrb3","new_2026",2,2,-0.487495223984819,-0.814017664559138,-0.180193480489381,TRUE,-10.6036089355602,2218.76041780369,3110.92224539531,FALSE,"descriptive; no KO contrast; animal n unknown"
"primary_singlets","Rspo2-positive glut","Igsf21","new_2026",2,2,-0.577127142603314,-1.13499922602745,-0.149623130890775,TRUE,-1.93238905150749,71.9282684229428,107.553959001261,FALSE,"descriptive; no KO contrast; animal n unknown"
"primary_singlets","Rspo2-positive glut","Nrxn2","new_2026",2,2,0.565383290619453,0.134639896206766,0.978787755603938,TRUE,7.55094946905788,370.144448506665,249.972568974795,FALSE,"descriptive; no KO contrast; animal n unknown"
"primary_singlets","Rspo2-positive glut","Cntn4","new_2026",2,2,-1.52446266176578,-2.02535024543221,-1.11905993829562,TRUE,-37.0658523042642,668.009503384056,1922.66512107272,FALSE,"descriptive; no KO contrast; animal n unknown"
"primary_singlets","Rspo2-positive glut","Cntn6","new_2026",2,2,0.31993026096708,-0.383679278200435,0.998778179109201,FALSE,2.02988116700439,153.846607321412,123.148394779825,FALSE,"descriptive; no KO contrast; animal n unknown"
"primary_singlets","Rspo2-positive glut","Ptprg","new_2026",2,2,-0.242402254548362,-0.490166650935155,-0.0126373760095095,TRUE,-11.9622890635342,657.249998534315,777.592457423644,FALSE,"descriptive; no KO contrast; animal n unknown"
"primary_singlets","Rspo2-positive glut","Plxna1","new_2026",2,2,0.965546093052765,0.0988837632620418,1.65479160621098,TRUE,3.03555816543814,40.1086602195498,20.2950670528867,FALSE,"descriptive; no KO contrast; animal n unknown"
"primary_singlets","Rspo2-positive glut","Plxna3","new_2026",2,2,1.18690874573664,0.669571973763499,1.97788791279176,TRUE,1.40799217143875,18.1575699586898,7.69520730956689,FALSE,"descriptive; no KO contrast; animal n unknown"
"strict_mt15_singlets","Ambiguous","Mef2c","old_2023",1,2,0.408503085389118,0.287598949290928,0.540474029272806,TRUE,7.17716402358187,559.747026178122,421.592735706497,FALSE,"descriptive; no KO contrast; animal n unknown"
"strict_mt15_singlets","Ambiguous","Mef2c","new_2026",2,2,0.560845225388285,0.348954649453919,0.77840320865479,TRUE,15.487067164993,622.143005372325,421.592735706497,FALSE,"descriptive; no KO contrast; animal n unknown"
"strict_mt15_singlets","Ambiguous","Mef2a","old_2023",1,2,-0.0744616822313913,-0.159836987268748,0.0162854936139825,FALSE,-1.58232636535291,170.205541230276,179.247483441539,FALSE,"descriptive; no KO contrast; animal n unknown"
"strict_mt15_singlets","Ambiguous","Mef2a","new_2026",2,2,0.299103528137117,0.120085430220979,0.477784018422265,TRUE,2.39423694724578,220.657642874233,179.247483441539,FALSE,"descriptive; no KO contrast; animal n unknown"
"strict_mt15_singlets","Ambiguous","Mef2d","old_2023",1,2,-0.58935583447647,-0.752296695889327,-0.405640968959014,TRUE,-2.53697046655458,67.2757563216927,101.473695180582,FALSE,"descriptive; no KO contrast; animal n unknown"
"strict_mt15_singlets","Ambiguous","Mef2d","new_2026",2,2,-0.628504696276818,-0.872689409898435,-0.367878256556098,TRUE,-2.81350936905222,65.4613280357842,101.473695180582,FALSE,"descriptive; no KO contrast; animal n unknown"
"strict_mt15_singlets","Ambiguous","Arc","old_2023",1,2,-0.957777487092849,-1.32350838428979,-0.466643677830853,TRUE,-0.122726785797765,0.955018622863146,2.32610507342478,FALSE,"descriptive; no KO contrast; animal n unknown"
"strict_mt15_singlets","Ambiguous","Arc","new_2026",2,2,0.94692149065535,-0.130149413200468,1.91235884540806,FALSE,0.300302731765773,4.94803735790616,2.32610507342478,FALSE,"descriptive; no KO contrast; animal n unknown"
"strict_mt15_singlets","Ambiguous","Homer1","old_2023",1,2,-0.0735712837245949,-0.149871390285964,0.00699056229011585,FALSE,0.728491750621778,118.103969694076,124.309139343068,FALSE,"descriptive; no KO contrast; animal n unknown"
"strict_mt15_singlets","Ambiguous","Homer1","new_2026",2,2,0.21192764829478,0.0568802296322337,0.367160067247519,TRUE,3.70983209453884,144.058278413967,124.309139343068,FALSE,"descriptive; no KO contrast; animal n unknown"
"strict_mt15_singlets","Ambiguous","Nr4a1","old_2023",1,2,0.176085813009,0.120305856104256,0.234109471101723,TRUE,0.479993947511054,26.7405214401681,23.6106159345849,FALSE,"descriptive; no KO contrast; animal n unknown"
"strict_mt15_singlets","Ambiguous","Nr4a1","new_2026",2,2,-0.506000407663245,-0.63226041763501,-0.38078008123022,TRUE,-0.373887914092642,16.4780185818934,23.6106159345849,FALSE,"descriptive; no KO contrast; animal n unknown"
"strict_mt15_singlets","Ambiguous","Bdnf","old_2023",1,2,0.716987092448144,0.389708889266109,1.1409857662592,TRUE,0.693235758204208,16.9781088509004,10.133098044894,FALSE,"descriptive; no KO contrast; animal n unknown"
"strict_mt15_singlets","Ambiguous","Bdnf","new_2026",2,2,1.10318114510958,0.590817893014929,1.69119728598672,TRUE,1.56657683117602,22.3428576690068,10.133098044894,FALSE,"descriptive; no KO contrast; animal n unknown"
"strict_mt15_singlets","Ambiguous","Pcdh10","old_2023",1,2,0.693182907461756,0.651804804105438,0.73578291272892,TRUE,5.11424584556467,203.100627128896,125.424508304296,FALSE,"descriptive; no KO contrast; animal n unknown"
"strict_mt15_singlets","Ambiguous","Pcdh10","new_2026",2,2,1.39978536408661,1.15679549657718,1.61924613350251,TRUE,16.1291203448862,331.767333225386,125.424508304296,FALSE,"descriptive; no KO contrast; animal n unknown"
"strict_mt15_singlets","Ambiguous","Npas4","old_2023",1,2,-0.703564367980411,-0.764706717509438,-0.639715645290257,TRUE,-0.166758913642711,4.6689799339976,7.91780429957381,FALSE,"descriptive; no KO contrast; animal n unknown"
"strict_mt15_singlets","Ambiguous","Npas4","new_2026",2,2,0.231628456732747,-0.381014259025756,0.693487990461144,FALSE,0.358251776295891,9.38384527530163,7.91780429957381,FALSE,"descriptive; no KO contrast; animal n unknown"
"strict_mt15_singlets","Ambiguous","Fos","old_2023",1,2,-0.891841406194899,-0.936510936392244,-0.845744479516741,TRUE,-0.12817383245014,0.955018622863146,2.19984956818428,FALSE,"descriptive; no KO contrast; animal n unknown"
"strict_mt15_singlets","Ambiguous","Fos","new_2026",2,2,2.29494370420836,1.93272839938814,2.60114607696976,TRUE,1.03161899987291,12.7491024973189,2.19984956818428,FALSE,"descriptive; no KO contrast; animal n unknown"
"strict_mt15_singlets","Ambiguous","Egr1","old_2023",1,2,0.0766338921913997,-0.0507838735030286,0.216404938649359,FALSE,-0.00111552123669767,6.04845127813326,5.7096840019415,FALSE,"descriptive; no KO contrast; animal n unknown"
"strict_mt15_singlets","Ambiguous","Egr1","new_2026",2,2,3.44181318373105,3.27488906674164,3.6200375233754,TRUE,5.98631263578279,66.9774260875504,5.7096840019415,FALSE,"descriptive; no KO contrast; animal n unknown"
"strict_mt15_singlets","Ambiguous","Ncam1","old_2023",1,2,0.627486510912023,0.564774327098798,0.693049088744479,TRUE,15.6530131993164,851.452158872654,550.971338806234,FALSE,"descriptive; no KO contrast; animal n unknown"
"strict_mt15_singlets","Ambiguous","Ncam1","new_2026",2,2,0.749041222647588,0.396054235251487,1.05614348181944,TRUE,18.8845138898421,926.344382604421,550.971338806234,FALSE,"descriptive; no KO contrast; animal n unknown"
"strict_mt15_singlets","Ambiguous","Sema6d","old_2023",1,2,0.702296800239559,0.684201168381675,0.720622290605791,TRUE,12.6828618658863,762.741540126699,468.582894675755,FALSE,"descriptive; no KO contrast; animal n unknown"
"strict_mt15_singlets","Ambiguous","Sema6d","new_2026",2,2,0.366760473215136,0.13623576435131,0.570213116885819,TRUE,5.03435215642935,604.360884423152,468.582894675755,FALSE,"descriptive; no KO contrast; animal n unknown"
"strict_mt15_singlets","Ambiguous","Cadm2","old_2023",1,2,0.444664023747773,0.439160291346266,0.450188832749998,TRUE,11.8061884903382,3253.5362217341,2390.42070941909,FALSE,"descriptive; no KO contrast; animal n unknown"
"strict_mt15_singlets","Ambiguous","Cadm2","new_2026",2,2,0.0840366329069911,-0.0917483379165613,0.241849461617743,FALSE,8.1398061871335,2533.82741164596,2390.42070941909,FALSE,"descriptive; no KO contrast; animal n unknown"
"strict_mt15_singlets","Ambiguous","Pcdh7","old_2023",1,2,0.754896468789558,0.716570622852526,0.79426830864224,TRUE,19.8918189223583,1639.23640955443,971.189610850461,FALSE,"descriptive; no KO contrast; animal n unknown"
"strict_mt15_singlets","Ambiguous","Pcdh7","new_2026",2,2,-0.0378828064964972,-0.22373563770498,0.13531992893002,FALSE,6.12941118022419,946.006712505966,971.189610850461,FALSE,"descriptive; no KO contrast; animal n unknown"
"strict_mt15_singlets","Ambiguous","Grip1","old_2023",1,2,0.870878707216546,0.776812327933126,0.971508844210954,TRUE,25.6853991736107,1361.64432984221,744.339180238394,FALSE,"descriptive; no KO contrast; animal n unknown"
"strict_mt15_singlets","Ambiguous","Grip1","new_2026",2,2,0.260180017719338,0.0398982024948218,0.476866356416506,TRUE,8.56024059734111,891.540357459873,744.339180238394,FALSE,"descriptive; no KO contrast; animal n unknown"
"strict_mt15_singlets","Ambiguous","C1qa","old_2023",1,2,-1.64361681547688,-1.66942321412858,-1.61734038085913,TRUE,-0.282819781436324,0.106113180318127,1.39378944181325,TRUE,"descriptive; no KO contrast; animal n unknown"
"strict_mt15_singlets","Ambiguous","C1qa","new_2026",2,2,3.38094438174432,3.0992297372994,3.62450148612344,TRUE,1.45343392474215,19.2286497885396,1.39378944181325,TRUE,"descriptive; no KO contrast; animal n unknown"
"strict_mt15_singlets","Ambiguous","C1qb","old_2023",1,2,-0.39278494001464,-0.75989438453459,0.100848911831514,FALSE,-0.10355171089534,0.955018622863146,1.41033090070929,TRUE,"descriptive; no KO contrast; animal n unknown"
"strict_mt15_singlets","Ambiguous","C1qb","new_2026",2,2,3.5520940223023,2.48695547133325,4.51414048020374,TRUE,1.84331300642345,21.9076054475018,1.41033090070929,TRUE,"descriptive; no KO contrast; animal n unknown"
"strict_mt15_singlets","Ambiguous","C1qc","old_2023",1,2,-0.620278823930586,-0.883097861670511,-0.298673720913773,TRUE,-0.613400683984946,2.22837678668067,3.69398504513387,FALSE,"descriptive; no KO contrast; animal n unknown"
"strict_mt15_singlets","Ambiguous","C1qc","new_2026",2,2,2.93520207088275,2.22176800607383,3.59966812793239,TRUE,2.0283039429809,31.5782556494593,3.69398504513387,FALSE,"descriptive; no KO contrast; animal n unknown"
"strict_mt15_singlets","Ambiguous","C3","old_2023",1,2,-0.362435020442543,-0.651855684454448,0,FALSE,-0.00608284050162404,0,0.142796964136542,FALSE,"descriptive; no KO contrast; animal n unknown"
"strict_mt15_singlets","Ambiguous","C3","new_2026",2,2,0.106582935653616,-0.651855684454448,0.822390702269821,FALSE,0.0126333644466505,0.192083471793503,0.142796964136542,FALSE,"descriptive; no KO contrast; animal n unknown"
"strict_mt15_singlets","Ambiguous","C4b","old_2023",1,2,-1.89960692602197,-2.36632394011433,-1.20537646036912,TRUE,-0.483691709942529,0.212226360636255,2.15739863918408,FALSE,"descriptive; no KO contrast; animal n unknown"
"strict_mt15_singlets","Ambiguous","C4b","new_2026",2,2,-0.429897025515407,-1.12991625870482,0.465107064073626,FALSE,-0.358323114015242,1.47262625229416,2.15739863918408,FALSE,"descriptive; no KO contrast; animal n unknown"
"strict_mt15_singlets","Ambiguous","Itgam","old_2023",1,2,-1.18109315110337,-1.23774755925361,-1.12212267168735,TRUE,-0.960373783638348,1.69781088509004,4.48350371260886,FALSE,"descriptive; no KO contrast; animal n unknown"
"strict_mt15_singlets","Ambiguous","Itgam","new_2026",2,2,-0.071146443435661,-0.446359872883904,0.248608013869329,FALSE,-0.712634522795911,4.24370389841793,4.48350371260886,FALSE,"descriptive; no KO contrast; animal n unknown"
"strict_mt15_singlets","Ambiguous","Trem2","old_2023",1,2,-1.21618128520988,-1.43254439268661,-0.961545809406388,TRUE,-0.46154006701878,0.636679081908764,2.14085718028804,FALSE,"descriptive; no KO contrast; animal n unknown"
"strict_mt15_singlets","Ambiguous","Trem2","new_2026",2,2,1.92300732893872,1.05854200085605,2.62324327251047,TRUE,0.409082306378564,9.51446614555802,2.14085718028804,FALSE,"descriptive; no KO contrast; animal n unknown"
"strict_mt15_singlets","Ambiguous","Tyrobp","old_2023",1,2,-1.00926214075334,-1.50188549785216,-0.255363710273793,TRUE,-0.232728981446347,0.636679081908764,1.78800013467069,FALSE,"descriptive; no KO contrast; animal n unknown"
"strict_mt15_singlets","Ambiguous","Tyrobp","new_2026",2,2,4.1622434757701,2.93684818014272,5.39976771400973,TRUE,3.17079364438756,40.4653039129827,1.78800013467069,FALSE,"descriptive; no KO contrast; animal n unknown"
"strict_mt15_singlets","Ambiguous","Cd68","old_2023",1,2,0.414193655268605,0.00338440095782966,0.990736661809936,TRUE,0.0269277641564637,1.06113180318127,0.671533891682513,FALSE,"descriptive; no KO contrast; animal n unknown"
"strict_mt15_singlets","Ambiguous","Cd68","new_2026",2,2,2.19408996938155,1.41462009302109,3.06400204837899,TRUE,0.38579491073819,4.86094992867389,0.671533891682513,FALSE,"descriptive; no KO contrast; animal n unknown"
"strict_mt15_singlets","Ambiguous","Cx3cr1","old_2023",1,2,-0.424219476043478,-0.498537743050128,-0.345863898017748,TRUE,-1.10139243058883,18.9942592769448,25.6583005274245,TRUE,"descriptive; no KO contrast; animal n unknown"
"strict_mt15_singlets","Ambiguous","Cx3cr1","new_2026",2,2,-0.294089095770204,-0.612147188953451,-0.00728265634765624,TRUE,-0.994012996420416,20.8343730956867,25.6583005274245,TRUE,"descriptive; no KO contrast; animal n unknown"
"strict_mt15_singlets","Ambiguous","P2ry12","old_2023",1,2,-0.113291670300968,-0.276292876096636,0.0704999333540623,FALSE,0.0134339879889609,101.550313564448,109.88715348991,TRUE,"descriptive; no KO contrast; animal n unknown"
"strict_mt15_singlets","Ambiguous","P2ry12","new_2026",2,2,-2.20606211596505,-2.39177350855038,-1.99991228475791,TRUE,-7.4688829946516,23.4236624048999,109.88715348991,TRUE,"descriptive; no KO contrast; animal n unknown"
"strict_mt15_singlets","Ambiguous","Csf1r","old_2023",1,2,-1.23676700192224,-1.33795008347787,-1.12794860212138,TRUE,-1.11040633451475,2.86505586858944,7.43042101926794,TRUE,"descriptive; no KO contrast; animal n unknown"
"strict_mt15_singlets","Ambiguous","Csf1r","new_2026",2,2,0.932813316986034,0.681033537232587,1.17798353288334,TRUE,-0.0375192168338914,14.6391339993412,7.43042101926794,TRUE,"descriptive; no KO contrast; animal n unknown"
"strict_mt15_singlets","Ambiguous","Mertk","old_2023",1,2,-1.73497537633651,-2.03161586187798,-1.36112317071848,TRUE,-6.64977116826994,25.042710555078,84.5249944162213,FALSE,"descriptive; no KO contrast; animal n unknown"
"strict_mt15_singlets","Ambiguous","Mertk","new_2026",2,2,-1.27178760178122,-2.14410019363353,-0.487565625779004,TRUE,-6.50034205172484,34.7127866862999,84.5249944162213,FALSE,"descriptive; no KO contrast; animal n unknown"
"strict_mt15_singlets","Ambiguous","Megf10","old_2023",1,2,-0.172282797252253,-0.408814612328339,0.110782497097353,FALSE,-0.493970979093948,11.1418839334034,12.6185415413514,FALSE,"descriptive; no KO contrast; animal n unknown"
"strict_mt15_singlets","Ambiguous","Megf10","new_2026",2,2,0.0287123561633972,-0.281436504722599,0.381819882093759,FALSE,-0.672805182791572,12.8822406465399,12.6185415413514,FALSE,"descriptive; no KO contrast; animal n unknown"
"strict_mt15_singlets","Ambiguous","Axl","old_2023",1,2,-0.477807912988596,-0.533542360999191,-0.419833497421845,TRUE,-0.393904382332385,3.28950858986195,4.77736837032997,FALSE,"descriptive; no KO contrast; animal n unknown"
"strict_mt15_singlets","Ambiguous","Axl","new_2026",2,2,0.486621278136517,0.419867503061557,0.555531492563579,TRUE,-0.27522689865484,6.89443526198423,4.77736837032997,FALSE,"descriptive; no KO contrast; animal n unknown"
"strict_mt15_singlets","Ambiguous","Gas6","old_2023",1,2,0.450982536721537,0.435603305355064,0.466527479869647,TRUE,0.185896346544492,29.3933509481213,21.3683154374004,FALSE,"descriptive; no KO contrast; animal n unknown"
"strict_mt15_singlets","Ambiguous","Gas6","new_2026",2,2,1.10504633132435,1.06764718358776,1.14228014632992,TRUE,2.10980636597109,46.5400118021143,21.3683154374004,FALSE,"descriptive; no KO contrast; animal n unknown"
"strict_mt15_singlets","Ambiguous","Sema3e","old_2023",1,2,0.391230223347612,0.326641918612284,0.458846169316875,TRUE,0.302463675783936,31.1972750135294,23.668511040721,FALSE,"descriptive; no KO contrast; animal n unknown"
"strict_mt15_singlets","Ambiguous","Sema3e","new_2026",2,2,0.557796282342845,0.148037235648233,0.903736275753724,TRUE,1.12659307702616,35.0765071904093,23.668511040721,FALSE,"descriptive; no KO contrast; animal n unknown"
"strict_mt15_singlets","Ambiguous","Plxnd1","old_2023",1,2,-0.616432255408163,-0.872570445528718,-0.304787066750354,TRUE,-0.280586412001778,9.44407304831333,14.7450518262636,FALSE,"descriptive; no KO contrast; animal n unknown"
"strict_mt15_singlets","Ambiguous","Plxnd1","new_2026",2,2,0.777719288014147,0.293901889435317,1.2859619697659,TRUE,1.42356294477826,25.6363982489721,14.7450518262636,FALSE,"descriptive; no KO contrast; animal n unknown"
"strict_mt15_singlets","Ambiguous","Nrp1","old_2023",1,2,0.63580254244784,0.520311326048952,0.761349968954683,TRUE,3.56812353070794,118.952875136621,76.3778042556231,FALSE,"descriptive; no KO contrast; animal n unknown"
"strict_mt15_singlets","Ambiguous","Nrp1","new_2026",2,2,0.0561123521329255,-0.162489706446493,0.277890204336939,FALSE,0.652703067345513,79.4268085084457,76.3778042556231,FALSE,"descriptive; no KO contrast; animal n unknown"
"strict_mt15_singlets","Ambiguous","Nrp2","old_2023",1,2,0.283110879731553,0.24358139360869,0.323754050276714,TRUE,2.48627084505582,116.406158808986,95.5754714402237,FALSE,"descriptive; no KO contrast; animal n unknown"
"strict_mt15_singlets","Ambiguous","Nrp2","new_2026",2,2,-0.188222483611028,-0.406640157718138,0.0115544499445104,FALSE,-0.170580810968431,83.8241380899304,95.5754714402237,FALSE,"descriptive; no KO contrast; animal n unknown"
"strict_mt15_singlets","Ambiguous","Kirrel3","old_2023",1,2,0.254266199705778,0.175465100575243,0.337621421882867,TRUE,6.6855995047592,1882.02336612231,1577.83294741504,FALSE,"descriptive; no KO contrast; animal n unknown"
"strict_mt15_singlets","Ambiguous","Kirrel3","new_2026",2,2,-0.924714354875438,-1.2678772183222,-0.618019345303221,TRUE,-16.0454591168785,830.941818574654,1577.83294741504,FALSE,"descriptive; no KO contrast; animal n unknown"
"strict_mt15_singlets","Ambiguous","Sdk2","old_2023",1,2,-0.256192882701895,-0.420707342355641,-0.0704745325100742,TRUE,-0.841410209971848,103.990916711765,124.295889729452,FALSE,"descriptive; no KO contrast; animal n unknown"
"strict_mt15_singlets","Ambiguous","Sdk2","new_2026",2,2,-0.731082778216209,-1.41536259842697,-0.164064732083667,TRUE,-4.22842885456407,74.6834821115243,124.295889729452,FALSE,"descriptive; no KO contrast; animal n unknown"
"strict_mt15_singlets","Ambiguous","Sema5b","old_2023",1,2,-0.237602135759259,-0.370547745120469,-0.0911503418772908,TRUE,-1.16298866224249,73.0058680588716,86.1657262272205,FALSE,"descriptive; no KO contrast; animal n unknown"
"strict_mt15_singlets","Ambiguous","Sema5b","new_2026",2,2,-0.654628245980733,-1.23214755973538,-0.168812596428872,TRUE,-4.36265159511919,54.5534630225098,86.1657262272205,FALSE,"descriptive; no KO contrast; animal n unknown"
"strict_mt15_singlets","Ambiguous","Cdh8","old_2023",1,2,0.682116417633817,0.665479454008434,0.698947476929254,TRUE,8.52491994298531,499.156400216471,310.91100243245,FALSE,"descriptive; no KO contrast; animal n unknown"
"strict_mt15_singlets","Ambiguous","Cdh8","new_2026",2,2,0.274082649866731,-0.0909776765396479,0.571345103839397,FALSE,9.16919437828218,376.065953397168,310.91100243245,FALSE,"descriptive; no KO contrast; animal n unknown"
"strict_mt15_singlets","Ambiguous","Cdh9","old_2023",1,2,0.334903287001248,0.217086099587404,0.463204490198089,TRUE,2.59362840330212,194.293233162491,153.939337871579,FALSE,"descriptive; no KO contrast; animal n unknown"
"strict_mt15_singlets","Ambiguous","Cdh9","new_2026",2,2,-0.0205361129792166,-0.558960287422802,0.433024586470371,FALSE,2.98781149929693,151.756536034838,153.939337871579,FALSE,"descriptive; no KO contrast; animal n unknown"
"strict_mt15_singlets","Ambiguous","Cdh13","old_2023",1,2,0.0164365308858298,-0.00571090778093897,0.0389292722897814,FALSE,7.12561137161752,813.569753499082,804.347742315651,FALSE,"descriptive; no KO contrast; animal n unknown"
"strict_mt15_singlets","Ambiguous","Cdh13","new_2026",2,2,-0.937115004675533,-1.24353709455853,-0.677247441053096,TRUE,-11.729783044504,419.852857808039,804.347742315651,FALSE,"descriptive; no KO contrast; animal n unknown"
"strict_mt15_singlets","Ambiguous","Cdh18","old_2023",1,2,0.0176839346405057,-0.0136705593691868,0.0497350321256711,FALSE,1.84405597915305,569.191099226435,562.250694166628,FALSE,"descriptive; no KO contrast; animal n unknown"
"strict_mt15_singlets","Ambiguous","Cdh18","new_2026",2,2,-0.587118983214605,-0.952641013373398,-0.283931161136328,TRUE,-4.07341737565798,374.106763626426,562.250694166628,FALSE,"descriptive; no KO contrast; animal n unknown"
"strict_mt15_singlets","Ambiguous","C1ql3","old_2023",1,2,0.0235876001579126,-0.247768185302793,0.35808845731275,FALSE,-0.0492916489347675,133.384267659886,131.213100230805,FALSE,"descriptive; no KO contrast; animal n unknown"
"strict_mt15_singlets","Ambiguous","C1ql3","new_2026",2,2,1.15731938212409,0.401276162645274,1.85397938088944,TRUE,15.8788256101185,293.276343304117,131.213100230805,FALSE,"descriptive; no KO contrast; animal n unknown"
"strict_mt15_singlets","Ambiguous","Slit1","old_2023",1,2,-0.2160550975755,-0.286249984329253,-0.142269394272891,TRUE,0.69929428521589,147.921773363469,171.899769716751,FALSE,"descriptive; no KO contrast; animal n unknown"
"strict_mt15_singlets","Ambiguous","Slit1","new_2026",2,2,-1.84487304442299,-2.18649552409624,-1.54272954146177,TRUE,-7.40779783510825,47.4926307579794,171.899769716751,FALSE,"descriptive; no KO contrast; animal n unknown"
"strict_mt15_singlets","Ambiguous","Slit2","old_2023",1,2,0.838429318758648,0.799884604846042,0.878032173126757,TRUE,10.1159220059534,391.982088095162,218.996433119568,FALSE,"descriptive; no KO contrast; animal n unknown"
"strict_mt15_singlets","Ambiguous","Slit2","new_2026",2,2,-0.0479801543898526,-0.287195441085344,0.167759033075684,FALSE,1.77221032369652,211.816624783514,218.996433119568,FALSE,"descriptive; no KO contrast; animal n unknown"
"strict_mt15_singlets","Ambiguous","Slit3","old_2023",1,2,0.26100709168804,0.244912124319344,0.27728364514183,TRUE,12.6491985448628,1072.59202665563,895.000853857888,FALSE,"descriptive; no KO contrast; animal n unknown"
"strict_mt15_singlets","Ambiguous","Slit3","new_2026",2,2,-1.44302763523186,-1.70159757003079,-1.21922544826954,TRUE,-11.6433739729265,328.860415226421,895.000853857888,FALSE,"descriptive; no KO contrast; animal n unknown"
"strict_mt15_singlets","Ambiguous","Robo1","old_2023",1,2,0.232081663727967,0.177710871590023,0.288582045473895,TRUE,9.19449218273522,1588.08985664109,1352.03416118962,FALSE,"descriptive; no KO contrast; animal n unknown"
"strict_mt15_singlets","Ambiguous","Robo1","new_2026",2,2,-0.474639235138172,-0.684299613805473,-0.2779519382571,TRUE,-3.94076043340894,972.846779052354,1352.03416118962,FALSE,"descriptive; no KO contrast; animal n unknown"
"strict_mt15_singlets","Ambiguous","Robo2","old_2023",1,2,0.839924908020658,0.754192271337182,0.931075919089459,TRUE,18.8331513296565,892.411846475451,498.345424875434,FALSE,"descriptive; no KO contrast; animal n unknown"
"strict_mt15_singlets","Ambiguous","Robo2","new_2026",2,2,0.138263553489709,-0.158429774776062,0.413426004414456,FALSE,8.21785303547097,548.519121311407,498.345424875434,FALSE,"descriptive; no KO contrast; animal n unknown"
"strict_mt15_singlets","Ambiguous","Ntng1","old_2023",1,2,-0.0950817150234861,-0.124251908753221,-0.0653095294704222,TRUE,1.73267447036306,384.023599571303,410.219618001527,FALSE,"descriptive; no KO contrast; animal n unknown"
"strict_mt15_singlets","Ambiguous","Ntng1","new_2026",2,2,-0.902585139685931,-1.25689910705385,-0.607638737547186,TRUE,-6.33788350756848,219.205154853656,410.219618001527,FALSE,"descriptive; no KO contrast; animal n unknown"
"strict_mt15_singlets","Ambiguous","Ntng2","old_2023",1,2,0.43478737690902,0.357858593851915,0.516050432023683,TRUE,0.603145064281102,43.5064039304322,32.0560598799445,FALSE,"descriptive; no KO contrast; animal n unknown"
"strict_mt15_singlets","Ambiguous","Ntng2","new_2026",2,2,-0.778002429237493,-1.31600477440698,-0.347878655619271,TRUE,-1.2712887835961,18.4858379931405,32.0560598799445,FALSE,"descriptive; no KO contrast; animal n unknown"
"strict_mt15_singlets","Ambiguous","Lrrc4c","old_2023",1,2,0.363929436561093,0.301897971517485,0.42874836558382,TRUE,9.60848244181736,2925.1159286495,2272.83603030657,FALSE,"descriptive; no KO contrast; animal n unknown"
"strict_mt15_singlets","Ambiguous","Lrrc4c","new_2026",2,2,-0.426569451970919,-0.632927569035751,-0.230558247803993,TRUE,1.06918634667446,1690.92768544369,2272.83603030657,FALSE,"descriptive; no KO contrast; animal n unknown"
"strict_mt15_singlets","Ambiguous","Lrrc4","old_2023",1,2,-0.0197151981055382,-0.0509301145069756,0.0121900650470845,FALSE,2.03515825069005,290.325661350396,294.327228813067,FALSE,"descriptive; no KO contrast; animal n unknown"
"strict_mt15_singlets","Ambiguous","Lrrc4","new_2026",2,2,-2.18332625664456,-2.5252168135635,-1.8959372797764,TRUE,-17.2281164611242,64.411388157356,294.327228813067,FALSE,"descriptive; no KO contrast; animal n unknown"
"strict_mt15_singlets","Ambiguous","Adgrb3","old_2023",1,2,0.355420798265992,0.35132609536139,0.35952715597336,TRUE,12.2401859888907,3314.76352677766,2590.84796855961,FALSE,"descriptive; no KO contrast; animal n unknown"
"strict_mt15_singlets","Ambiguous","Adgrb3","new_2026",2,2,-0.334968476115343,-0.518318715400195,-0.171437803057261,TRUE,-1.6792547575899,2053.92445201637,2590.84796855961,FALSE,"descriptive; no KO contrast; animal n unknown"
"strict_mt15_singlets","Ambiguous","Igsf21","old_2023",1,2,0.0797367049163631,-0.0195014088767067,0.186308646895101,FALSE,0.534621961476914,80.858243402413,76.48363669956,FALSE,"descriptive; no KO contrast; animal n unknown"
"strict_mt15_singlets","Ambiguous","Igsf21","new_2026",2,2,-0.70666475978638,-0.937250746758592,-0.479711784293245,TRUE,-2.40534914047563,46.6705710308185,76.48363669956,FALSE,"descriptive; no KO contrast; animal n unknown"
"strict_mt15_singlets","Ambiguous","Nrxn2","old_2023",1,2,0.125323055787563,0.0624998392666587,0.191007000576516,TRUE,1.50681301485923,321.522936363926,294.730217760005,FALSE,"descriptive; no KO contrast; animal n unknown"
"strict_mt15_singlets","Ambiguous","Nrxn2","new_2026",2,2,0.0282372354525347,-0.311758324359479,0.326327970856731,FALSE,0.450275425791787,300.565548852332,294.730217760005,FALSE,"descriptive; no KO contrast; animal n unknown"
"strict_mt15_singlets","Ambiguous","Cntn4","old_2023",1,2,-0.123817442350086,-0.139012225653392,-0.108460919237377,TRUE,3.04253690651394,917.348443850211,999.600720304833,FALSE,"descriptive; no KO contrast; animal n unknown"
"strict_mt15_singlets","Ambiguous","Cntn4","new_2026",2,2,-1.0134854857497,-1.19779327991287,-0.846775790867014,TRUE,-5.48223370719052,494.897954088389,999.600720304833,FALSE,"descriptive; no KO contrast; animal n unknown"
"strict_mt15_singlets","Ambiguous","Cntn6","old_2023",1,2,0.733734288629005,0.694639103382127,0.77391848248593,TRUE,7.09833527230707,280.881588302083,168.707514847299,FALSE,"descriptive; no KO contrast; animal n unknown"
"strict_mt15_singlets","Ambiguous","Cntn6","new_2026",2,2,-0.12055771138853,-0.373610627882131,0.10591302252438,FALSE,0.581812345344124,155.142486262542,168.707514847299,FALSE,"descriptive; no KO contrast; animal n unknown"
"strict_mt15_singlets","Ambiguous","Ptprg","old_2023",1,2,0.394468284776281,0.349000599063483,0.441415681628108,TRUE,9.72802881276898,893.154638737678,679.365382042013,FALSE,"descriptive; no KO contrast; animal n unknown"
"strict_mt15_singlets","Ambiguous","Ptprg","new_2026",2,2,-0.179438296020403,-0.556432639469337,0.136907252647582,FALSE,-3.02496175113662,599.852907825656,679.365382042013,FALSE,"descriptive; no KO contrast; animal n unknown"
"strict_mt15_singlets","Ambiguous","Plxna1","old_2023",1,2,0.159079049365014,0.0691722955854672,0.254963235298738,TRUE,0.152941279441998,17.4025615721729,15.5334732119785,FALSE,"descriptive; no KO contrast; animal n unknown"
"strict_mt15_singlets","Ambiguous","Plxna1","new_2026",2,2,1.68581514244817,1.22873075047255,2.07413038529512,TRUE,3.6313317777623,51.0832303051154,15.5334732119785,FALSE,"descriptive; no KO contrast; animal n unknown"
"strict_mt15_singlets","Ambiguous","Plxna3","old_2023",1,2,1.00311879953495,0.84786338059055,1.17711954545843,TRUE,0.782993909910795,19.4187119982173,9.43784924662755,FALSE,"descriptive; no KO contrast; animal n unknown"
"strict_mt15_singlets","Ambiguous","Plxna3","new_2026",2,2,0.183039781518056,-0.157168996393902,0.520954599951895,FALSE,0.0425406238816446,10.7821759650271,9.43784924662755,FALSE,"descriptive; no KO contrast; animal n unknown"
"strict_mt15_singlets","Astrocyte","Mef2c","old_2023",1,2,0.377621070906188,0.327504911265642,0.429541006677318,TRUE,7.21320317798377,343.77040461128,264.48690982728,FALSE,"descriptive; no KO contrast; animal n unknown"
"strict_mt15_singlets","Astrocyte","Mef2c","new_2026",2,2,0.918474774057137,0.537427263491184,1.23940022289232,TRUE,19.552989435844,500.355996654515,264.48690982728,FALSE,"descriptive; no KO contrast; animal n unknown"
"strict_mt15_singlets","Astrocyte","Mef2a","old_2023",1,2,0.403097890576143,0.332125328335708,0.477743373894707,TRUE,4.14529442372868,170.804163297428,129.045807287533,FALSE,"descriptive; no KO contrast; animal n unknown"
"strict_mt15_singlets","Astrocyte","Mef2a","new_2026",2,2,0.540776017815241,0.358336068147766,0.718890815091388,TRUE,5.59827689715797,187.957386474902,129.045807287533,FALSE,"descriptive; no KO contrast; animal n unknown"
"strict_mt15_singlets","Astrocyte","Mef2d","old_2023",1,2,0.210887696724742,0.0373005289448347,0.408254975260423,TRUE,0.493877981480706,84.3210426405026,72.7858423779468,FALSE,"descriptive; no KO contrast; animal n unknown"
"strict_mt15_singlets","Astrocyte","Mef2d","new_2026",2,2,-0.428402541158673,-0.636783672610004,-0.197060713413085,TRUE,-1.91030224168195,53.9575462601373,72.7858423779468,FALSE,"descriptive; no KO contrast; animal n unknown"
"strict_mt15_singlets","Astrocyte","Arc","old_2023",1,2,-2.41251231945089,-3.27023183663725,0,FALSE,-0.155135850755737,0,2.16200322570881,FALSE,"descriptive; no KO contrast; animal n unknown"
"strict_mt15_singlets","Astrocyte","Arc","new_2026",2,2,0.894921087127041,-0.04549407755154,3.38564479624304,FALSE,0.367604320552259,4.45001674844602,2.16200322570881,FALSE,"descriptive; no KO contrast; animal n unknown"
"strict_mt15_singlets","Astrocyte","Homer1","old_2023",1,2,0.0277548091423504,-0.191117526124962,0.285875479204257,FALSE,0.373342833753332,60.538184459848,59.3751448766812,FALSE,"descriptive; no KO contrast; animal n unknown"
"strict_mt15_singlets","Astrocyte","Homer1","new_2026",2,2,1.05808045654933,0.490827805639952,1.59660468246888,TRUE,7.13180809841577,124.169590370747,59.3751448766812,FALSE,"descriptive; no KO contrast; animal n unknown"
"strict_mt15_singlets","Astrocyte","Nr4a1","old_2023",1,2,0.455595397542451,0.102980757643909,0.9232737429239,TRUE,0.0508980032395971,8.64831206569258,6.17103301863149,FALSE,"descriptive; no KO contrast; animal n unknown"
"strict_mt15_singlets","Astrocyte","Nr4a1","new_2026",2,2,0.549496299541556,0.0549111106942743,1.14641751144111,TRUE,0.232439851105047,9.2635545912941,6.17103301863149,FALSE,"descriptive; no KO contrast; animal n unknown"
"strict_mt15_singlets","Astrocyte","Bdnf","old_2023",1,2,0.767026947267805,0.306118381333039,1.44835346854751,TRUE,0.361802710175628,10.8103900821157,6.14629272092793,FALSE,"descriptive; no KO contrast; animal n unknown"
"strict_mt15_singlets","Astrocyte","Bdnf","new_2026",2,2,1.64779296667367,1.02965941502236,2.47088145510031,TRUE,1.43415462596241,20.3264177014579,6.14629272092793,FALSE,"descriptive; no KO contrast; animal n unknown"
"strict_mt15_singlets","Astrocyte","Pcdh10","old_2023",1,2,0.137697515888695,-0.0899852164290795,0.408171100212032,FALSE,2.52304274060271,268.09767403647,243.646872227653,FALSE,"descriptive; no KO contrast; animal n unknown"
"strict_mt15_singlets","Astrocyte","Pcdh10","new_2026",2,2,0.631949529112719,0.221404707217177,1.06469299339335,TRUE,10.2231070918277,377.844067814432,243.646872227653,FALSE,"descriptive; no KO contrast; animal n unknown"
"strict_mt15_singlets","Astrocyte","Npas4","old_2023",1,2,-2.90895697311188,-3.27023183663725,-2.4258586082281,TRUE,-0.328691826244204,0,3.255374987415,FALSE,"descriptive; no KO contrast; animal n unknown"
"strict_mt15_singlets","Astrocyte","Npas4","new_2026",2,2,0.880352940468638,0.452417894836263,1.42716698365888,TRUE,0.335480637779029,6.41299035874366,3.255374987415,FALSE,"descriptive; no KO contrast; animal n unknown"
"strict_mt15_singlets","Astrocyte","Fos","old_2023",1,2,1.38754016111846,1.04635212296289,1.83526020138831,TRUE,0.495367842433675,6.48623404926943,2.17024999161,FALSE,"descriptive; no KO contrast; animal n unknown"
"strict_mt15_singlets","Astrocyte","Fos","new_2026",2,2,3.14678977291166,2.11252362748463,4.06071117300165,TRUE,1.71347738193483,23.1499394990325,2.17024999161,FALSE,"descriptive; no KO contrast; animal n unknown"
"strict_mt15_singlets","Astrocyte","Egr1","old_2023",1,2,-0.298697174030822,-0.377116677118028,-0.215768822304814,TRUE,-0.237095894829787,4.32415603284629,5.43387174492618,FALSE,"descriptive; no KO contrast; animal n unknown"
"strict_mt15_singlets","Astrocyte","Egr1","new_2026",2,2,3.41349486541409,2.97353991471722,3.7852710457619,TRUE,5.43849740423996,62.7269889191683,5.43387174492618,FALSE,"descriptive; no KO contrast; animal n unknown"
"strict_mt15_singlets","Astrocyte","Ncam1","old_2023",1,2,0.623581034139213,0.569708346401884,0.679543715901625,TRUE,18.3929818057915,1442.10603695424,935.834766611626,FALSE,"descriptive; no KO contrast; animal n unknown"
"strict_mt15_singlets","Astrocyte","Ncam1","new_2026",2,2,0.108633070172064,-0.171006186478598,0.359766271905993,FALSE,7.24865234994016,1009.06192232993,935.834766611626,FALSE,"descriptive; no KO contrast; animal n unknown"
"strict_mt15_singlets","Astrocyte","Sema6d","old_2023",1,2,1.02676722316813,0.879036953863423,1.1913689289977,TRUE,23.0394625231597,1710.20371099071,839.128293284812,FALSE,"descriptive; no KO contrast; animal n unknown"
"strict_mt15_singlets","Astrocyte","Sema6d","new_2026",2,2,-0.1663281223444,-0.364831436713592,0.0473203443204433,FALSE,-5.54991701788028,747.699322836387,839.128293284812,FALSE,"descriptive; no KO contrast; animal n unknown"
"strict_mt15_singlets","Astrocyte","Cadm2","old_2023",1,2,0.285052097180304,0.216144390347095,0.357416865790675,TRUE,2.91256990965196,3532.83547883542,2899.3507269267,FALSE,"descriptive; no KO contrast; animal n unknown"
"strict_mt15_singlets","Astrocyte","Cadm2","new_2026",2,2,-0.145285909499939,-0.344195809424519,0.0463286996857128,FALSE,-2.70556863678902,2621.54551387753,2899.3507269267,FALSE,"descriptive; no KO contrast; animal n unknown"
"strict_mt15_singlets","Astrocyte","Pcdh7","old_2023",1,2,0.489794870429397,0.402910977687585,0.582248413916401,TRUE,15.565927353019,1351.29876026447,962.151509339935,FALSE,"descriptive; no KO contrast; animal n unknown"
"strict_mt15_singlets","Astrocyte","Pcdh7","new_2026",2,2,0.000404641296782211,-0.20771423578449,0.204690393761442,FALSE,3.73968753678972,962.421547827526,962.151509339935,FALSE,"descriptive; no KO contrast; animal n unknown"
"strict_mt15_singlets","Astrocyte","Grip1","old_2023",1,2,2.07099737913094,1.91953413794724,2.24024784920077,TRUE,46.6899834376315,1582.64110802174,376.279524692898,FALSE,"descriptive; no KO contrast; animal n unknown"
"strict_mt15_singlets","Astrocyte","Grip1","new_2026",2,2,1.09340350591144,0.801806348688338,1.39037319406245,TRUE,22.3353303734647,803.46019446031,376.279524692898,FALSE,"descriptive; no KO contrast; animal n unknown"
"strict_mt15_singlets","Astrocyte","C1qa","old_2023",1,2,-1.6645966092718,-1.95704945293068,-1.29738455488298,TRUE,-0.126943657604523,0,1.085124995805,TRUE,"descriptive; no KO contrast; animal n unknown"
"strict_mt15_singlets","Astrocyte","C1qa","new_2026",2,2,3.42239663575829,2.94496226869632,3.95354487699443,TRUE,1.56897004420335,16.4944674124424,1.085124995805,TRUE,"descriptive; no KO contrast; animal n unknown"
"strict_mt15_singlets","Astrocyte","C1qb","old_2023",1,2,-2.60547253036667,-3.05122331338899,-1.95704945293068,TRUE,-0.251589683397986,0,2.54295401141325,TRUE,"descriptive; no KO contrast; animal n unknown"
"strict_mt15_singlets","Astrocyte","C1qb","new_2026",2,2,2.60327694169786,1.78744263619514,3.54596762517515,TRUE,1.507164739284,17.9909760175554,2.54295401141325,TRUE,"descriptive; no KO contrast; animal n unknown"
"strict_mt15_singlets","Astrocyte","C1qc","old_2023",1,2,0.202139359036112,-0.0133057558898328,0.455503399407587,FALSE,0.00409448948663621,2.16207801642314,1.81403950360912,FALSE,"descriptive; no KO contrast; animal n unknown"
"strict_mt15_singlets","Astrocyte","C1qc","new_2026",2,2,3.38134297737299,2.99174390886275,3.79008437020208,TRUE,2.28297573520174,23.6132878462378,1.81403950360912,FALSE,"descriptive; no KO contrast; animal n unknown"
"strict_mt15_singlets","Astrocyte","C3","old_2023",1,2,0,0,0,FALSE,0,0,0,FALSE,"descriptive; no KO contrast; animal n unknown"
"strict_mt15_singlets","Astrocyte","C3","new_2026",2,2,0.587708137842883,0.447337019691272,0.715624335579507,TRUE,0.0311323945942181,0.251428707049177,0,FALSE,"descriptive; no KO contrast; animal n unknown"
"strict_mt15_singlets","Astrocyte","C4b","old_2023",1,2,-1.37340470160266,-1.46659549646639,-1.27377600474635,TRUE,-2.09484774166695,8.64831206569258,23.2015627612142,FALSE,"descriptive; no KO contrast; animal n unknown"
"strict_mt15_singlets","Astrocyte","C4b","new_2026",2,2,-2.5370552143,-2.64858198790721,-2.41932065874886,TRUE,-2.644356981981,3.5836382399456,23.2015627612142,FALSE,"descriptive; no KO contrast; animal n unknown"
"strict_mt15_singlets","Astrocyte","Itgam","old_2023",1,2,-2.60547253036667,-3.05122331338899,-1.95704945293068,TRUE,-0.236250422247607,0,2.54295401141325,FALSE,"descriptive; no KO contrast; animal n unknown"
"strict_mt15_singlets","Astrocyte","Itgam","new_2026",2,2,0.378703202992242,-1.08473054898506,1.61793526582171,FALSE,0.168682352176138,3.45636555743136,2.54295401141325,FALSE,"descriptive; no KO contrast; animal n unknown"
"strict_mt15_singlets","Astrocyte","Trem2","old_2023",1,2,0.747956243066464,0.455503399407587,1.11516829745528,TRUE,0.106726557527614,2.16207801642314,1.085124995805,FALSE,"descriptive; no KO contrast; animal n unknown"
"strict_mt15_singlets","Astrocyte","Trem2","new_2026",2,2,2.31181269718165,1.89954473543724,2.78964780288232,TRUE,0.604450217032299,7.3702491408446,1.085124995805,FALSE,"descriptive; no KO contrast; animal n unknown"
"strict_mt15_singlets","Astrocyte","Tyrobp","old_2023",1,2,0,0,0,FALSE,0,0,0,FALSE,"descriptive; no KO contrast; animal n unknown"
"strict_mt15_singlets","Astrocyte","Tyrobp","new_2026",2,2,6.05329515394601,5.74577208909675,6.30664567438732,TRUE,3.14963836242952,32.7042303669012,0,FALSE,"descriptive; no KO contrast; animal n unknown"
"strict_mt15_singlets","Astrocyte","Cd68","old_2023",1,2,0.449387831359373,0.443298077746707,0.455503399407587,TRUE,0.160614469055969,2.16207801642314,1.44958224970706,FALSE,"descriptive; no KO contrast; animal n unknown"
"strict_mt15_singlets","Astrocyte","Cd68","new_2026",2,2,1.03422060011884,1.01385754895537,1.05446963518965,TRUE,0.218485986954177,3.49275796634508,1.44958224970706,FALSE,"descriptive; no KO contrast; animal n unknown"
"strict_mt15_singlets","Astrocyte","Cx3cr1","old_2023",1,2,0.448766901350501,0.287313467697706,0.63059255177148,TRUE,0.713363309632685,19.4587021478083,14.1231184772674,TRUE,"descriptive; no KO contrast; animal n unknown"
"strict_mt15_singlets","Astrocyte","Cx3cr1","new_2026",2,2,0.402583844523627,-0.12081893905124,0.87352096338161,FALSE,0.552122830114544,18.8299090963449,14.1231184772674,TRUE,"descriptive; no KO contrast; animal n unknown"
"strict_mt15_singlets","Astrocyte","P2ry12","old_2023",1,2,0.168857060685635,0.0541432296285285,0.293486279356408,TRUE,1.03406428434161,77.8348085912332,69.1825036684321,TRUE,"descriptive; no KO contrast; animal n unknown"
"strict_mt15_singlets","Astrocyte","P2ry12","new_2026",2,2,-1.39083062188959,-1.73563725512725,-1.06780789261288,TRUE,-4.11774915697682,26.0730870520428,69.1825036684321,TRUE,"descriptive; no KO contrast; animal n unknown"
"strict_mt15_singlets","Astrocyte","Csf1r","old_2023",1,2,-0.752326565821878,-0.857678984298986,-0.638670461050729,TRUE,-0.237593152575901,2.16207801642314,3.98428949521912,TRUE,"descriptive; no KO contrast; animal n unknown"
"strict_mt15_singlets","Astrocyte","Csf1r","new_2026",2,2,1.45203026349375,0.991002189178594,1.850788408238,TRUE,0.517960489942192,11.7686931852156,3.98428949521912,TRUE,"descriptive; no KO contrast; animal n unknown"
"strict_mt15_singlets","Astrocyte","Mertk","old_2023",1,2,-1.78533823420146,-1.82855879559718,-1.7407827678582,TRUE,-35.4737931850067,352.418716676973,1216.00823233425,FALSE,"descriptive; no KO contrast; animal n unknown"
"strict_mt15_singlets","Astrocyte","Mertk","new_2026",2,2,-3.00391076528481,-3.0725982199115,-2.93433016822869,TRUE,-50.7359096782596,151.15188315353,1216.00823233425,FALSE,"descriptive; no KO contrast; animal n unknown"
"strict_mt15_singlets","Astrocyte","Megf10","old_2023",1,2,-0.36714794801881,-0.429970553518771,-0.301464671174411,TRUE,-2.07694152329652,129.724680985389,167.463860287721,FALSE,"descriptive; no KO contrast; animal n unknown"
"strict_mt15_singlets","Astrocyte","Megf10","new_2026",2,2,-1.81904403708768,-2.13308497896446,-1.53946803529208,TRUE,-10.4962265344229,47.1024196679407,167.463860287721,FALSE,"descriptive; no KO contrast; animal n unknown"
"strict_mt15_singlets","Astrocyte","Axl","old_2023",1,2,-0.547909576830609,-0.677738661142064,-0.405231249759954,TRUE,-1.96288490714827,36.7553262791935,53.9660134294586,FALSE,"descriptive; no KO contrast; animal n unknown"
"strict_mt15_singlets","Astrocyte","Axl","new_2026",2,2,-1.72786922671669,-2.12470290366483,-1.35996930490099,TRUE,-3.82954590087919,15.9431539522483,53.9660134294586,FALSE,"descriptive; no KO contrast; animal n unknown"
"strict_mt15_singlets","Astrocyte","Gas6","old_2023",1,2,-0.397780854343281,-0.525588665586778,-0.257540263605756,TRUE,-0.832074995621341,21.6207801642314,28.6436812720415,FALSE,"descriptive; no KO contrast; animal n unknown"
"strict_mt15_singlets","Astrocyte","Gas6","new_2026",2,2,0.563515931959707,0.418632280327209,0.720632614171085,TRUE,1.97849938980607,42.5704696250969,28.6436812720415,FALSE,"descriptive; no KO contrast; animal n unknown"
"strict_mt15_singlets","Astrocyte","Sema3e","old_2023",1,2,0.459166748593909,0.247396574705633,0.707460186632545,TRUE,0.280565929072304,8.64831206569258,6.15453948682912,FALSE,"descriptive; no KO contrast; animal n unknown"
"strict_mt15_singlets","Astrocyte","Sema3e","new_2026",2,2,2.04732594436933,1.19020474251953,2.73992895156726,TRUE,1.90003900949753,27.0058155650445,6.15453948682912,FALSE,"descriptive; no KO contrast; animal n unknown"
"strict_mt15_singlets","Astrocyte","Plxnd1","old_2023",1,2,-1.73170289037823,-1.90589250266214,-1.53355615251725,TRUE,-0.603887739667635,2.16207801642314,8.34128301024149,FALSE,"descriptive; no KO contrast; animal n unknown"
"strict_mt15_singlets","Astrocyte","Plxnd1","new_2026",2,2,1.45038490677352,0.741315597671504,2.03786030404532,TRUE,1.23875256592023,23.661542394966,8.34128301024149,FALSE,"descriptive; no KO contrast; animal n unknown"
"strict_mt15_singlets","Astrocyte","Nrp1","old_2023",1,2,0.580298957344575,0.552414872392098,0.608732619156532,TRUE,3.73382066031944,116.75221288685,77.9212309961804,FALSE,"descriptive; no KO contrast; animal n unknown"
"strict_mt15_singlets","Astrocyte","Nrp1","new_2026",2,2,0.140967477901628,-0.070997095314759,0.332629463585237,FALSE,0.998390436638986,85.9707238524131,77.9212309961804,FALSE,"descriptive; no KO contrast; animal n unknown"
"strict_mt15_singlets","Astrocyte","Nrp2","old_2023",1,2,1.36979210180018,0.851291518658096,2.18701258110911,TRUE,1.33419826335085,34.5932482627703,13.0792273109683,FALSE,"descriptive; no KO contrast; animal n unknown"
"strict_mt15_singlets","Astrocyte","Nrp2","new_2026",2,2,2.1900245483056,1.34972091979668,3.27019606107921,TRUE,5.12908923539764,61.4638135653314,13.0792273109683,FALSE,"descriptive; no KO contrast; animal n unknown"
"strict_mt15_singlets","Astrocyte","Kirrel3","old_2023",1,2,-0.0444662916934632,-0.0900113744114464,0.00256362681509081,FALSE,4.80551669272201,1935.05982469871,1995.64592601976,FALSE,"descriptive; no KO contrast; animal n unknown"
"strict_mt15_singlets","Astrocyte","Kirrel3","new_2026",2,2,-1.2308713267448,-1.38903383298995,-1.07938197627694,TRUE,-29.9134241172739,849.978024917122,1995.64592601976,FALSE,"descriptive; no KO contrast; animal n unknown"
"strict_mt15_singlets","Astrocyte","Sdk2","old_2023",1,2,-0.147619588332949,-0.365856586647727,0.109617260032869,FALSE,-0.300752366196673,38.9174042956166,43.1642440668157,FALSE,"descriptive; no KO contrast; animal n unknown"
"strict_mt15_singlets","Astrocyte","Sdk2","new_2026",2,2,0.410614581208103,-0.340231142153709,1.0559819160946,FALSE,1.12149035051763,57.5407815053479,43.1642440668157,FALSE,"descriptive; no KO contrast; animal n unknown"
"strict_mt15_singlets","Astrocyte","Sema5b","old_2023",1,2,2.48539815919853,2.48111813766281,2.48969091600024,TRUE,16.7520895360099,235.666503790123,41.6734279876027,FALSE,"descriptive; no KO contrast; animal n unknown"
"strict_mt15_singlets","Astrocyte","Sema5b","new_2026",2,2,0.35549199354598,0.239548828600331,0.463422703221753,TRUE,0.478117110153746,53.4576040066507,41.6734279876027,FALSE,"descriptive; no KO contrast; animal n unknown"
"strict_mt15_singlets","Astrocyte","Cdh8","old_2023",1,2,1.04960576646577,0.65058393129876,1.60306064856001,TRUE,3.87761629490404,92.9693547061952,44.6550601460287,FALSE,"descriptive; no KO contrast; animal n unknown"
"strict_mt15_singlets","Astrocyte","Cdh8","new_2026",2,2,2.53657639891426,1.4576551760559,3.55029280890587,TRUE,17.2601081287857,261.494399315612,44.6550601460287,FALSE,"descriptive; no KO contrast; animal n unknown"
"strict_mt15_singlets","Astrocyte","Cdh9","old_2023",1,2,0.641836546261963,0.576789468115241,0.709955460330956,TRUE,0.549556261263667,43.2415603284629,27.533815978533,FALSE,"descriptive; no KO contrast; animal n unknown"
"strict_mt15_singlets","Astrocyte","Cdh9","new_2026",2,2,1.98084075952361,1.3304180622263,2.46420368773316,TRUE,7.62095725485914,110.155932780495,27.533815978533,FALSE,"descriptive; no KO contrast; animal n unknown"
"strict_mt15_singlets","Astrocyte","Cdh13","old_2023",1,2,1.87599863036759,1.81180646484002,1.94318054576559,TRUE,24.1821809308317,467.008851547399,126.867310530022,FALSE,"descriptive; no KO contrast; animal n unknown"
"strict_mt15_singlets","Astrocyte","Cdh13","new_2026",2,2,1.35507475357514,0.91847831468328,1.71798668624241,TRUE,14.7324251055358,325.318789326048,126.867310530022,FALSE,"descriptive; no KO contrast; animal n unknown"
"strict_mt15_singlets","Astrocyte","Cdh18","old_2023",1,2,0.993323453157859,0.832087965405525,1.17487265676313,TRUE,5.55070553245562,134.048837018235,67.0864745699328,FALSE,"descriptive; no KO contrast; animal n unknown"
"strict_mt15_singlets","Astrocyte","Cdh18","new_2026",2,2,1.84969511562111,1.07458955234161,2.4605212579193,TRUE,12.8681859722605,243.097880970885,67.0864745699328,FALSE,"descriptive; no KO contrast; animal n unknown"
"strict_mt15_singlets","Astrocyte","C1ql3","old_2023",1,2,-0.285705715413385,-0.339538415236552,-0.229786183569344,TRUE,-1.21267422308391,45.403638344886,55.4568295086716,FALSE,"descriptive; no KO contrast; animal n unknown"
"strict_mt15_singlets","Astrocyte","C1ql3","new_2026",2,2,2.20258529357795,1.25510408529551,2.80620024872067,TRUE,16.9507793191918,257.071223504774,55.4568295086716,FALSE,"descriptive; no KO contrast; animal n unknown"
"strict_mt15_singlets","Astrocyte","Slit1","old_2023",1,2,1.37411583899367,0.855786662815023,2.19090377493023,TRUE,1.68940084976662,28.1070142135009,10.536273299555,FALSE,"descriptive; no KO contrast; animal n unknown"
"strict_mt15_singlets","Astrocyte","Slit1","new_2026",2,2,1.714215761846,0.886283381847667,2.78576262309883,TRUE,2.37024524042364,35.7120248775535,10.536273299555,FALSE,"descriptive; no KO contrast; animal n unknown"
"strict_mt15_singlets","Astrocyte","Slit2","old_2023",1,2,0.994809369864995,0.900656862270467,1.09553808559054,TRUE,4.00415179271753,92.9693547061952,46.4031255224283,FALSE,"descriptive; no KO contrast; animal n unknown"
"strict_mt15_singlets","Astrocyte","Slit2","new_2026",2,2,1.80152219836035,1.28827486752471,2.22660793757998,TRUE,10.7102717854906,162.998586985694,46.4031255224283,FALSE,"descriptive; no KO contrast; animal n unknown"
"strict_mt15_singlets","Astrocyte","Slit3","old_2023",1,2,0.978469906906279,0.938898299014347,1.01915760758726,TRUE,0.321215508800971,127.562602968966,64.4940399631124,FALSE,"descriptive; no KO contrast; animal n unknown"
"strict_mt15_singlets","Astrocyte","Slit3","new_2026",2,2,1.81666319583024,1.23444461155817,2.25075591313392,TRUE,11.0170670566255,228.451581118143,64.4940399631124,FALSE,"descriptive; no KO contrast; animal n unknown"
"strict_mt15_singlets","Astrocyte","Robo1","old_2023",1,2,0.305868675955363,0.301055531306393,0.310697932068777,TRUE,4.02826232040694,382.687808906897,309.481686929507,FALSE,"descriptive; no KO contrast; animal n unknown"
"strict_mt15_singlets","Astrocyte","Robo1","new_2026",2,2,1.11648613432122,0.709310454294537,1.43558470873124,TRUE,19.7621131294158,671.59684011341,309.481686929507,FALSE,"descriptive; no KO contrast; animal n unknown"
"strict_mt15_singlets","Astrocyte","Robo2","old_2023",1,2,1.33096447982137,1.18494116229007,1.49344944813021,TRUE,18.0935112211916,462.684695514553,183.617033736278,FALSE,"descriptive; no KO contrast; animal n unknown"
"strict_mt15_singlets","Astrocyte","Robo2","new_2026",2,2,1.31998437912629,0.792007596565242,1.78417661809482,TRUE,19.0972385770246,459.17285840779,183.617033736278,FALSE,"descriptive; no KO contrast; animal n unknown"
"strict_mt15_singlets","Astrocyte","Ntng1","old_2023",1,2,1.28641883514621,1.18158956176862,1.39946627265893,TRUE,8.09548549263493,164.317929248159,67.0699810381304,FALSE,"descriptive; no KO contrast; animal n unknown"
"strict_mt15_singlets","Astrocyte","Ntng1","new_2026",2,2,1.41207606137188,0.834225258840652,1.88075537365412,TRUE,9.14567825221251,179.317124172159,67.0699810381304,FALSE,"descriptive; no KO contrast; animal n unknown"
"strict_mt15_singlets","Astrocyte","Ntng2","old_2023",1,2,-0.141281048294402,-0.14936605805738,-0.13315047384523,TRUE,-0.393637627687886,36.7553262791935,40.5883029917977,FALSE,"descriptive; no KO contrast; animal n unknown"
"strict_mt15_singlets","Astrocyte","Ntng2","new_2026",2,2,-1.10563401991141,-1.32479026201529,-0.913407944579355,TRUE,-2.32688282656688,18.5936606844571,40.5883029917977,FALSE,"descriptive; no KO contrast; animal n unknown"
"strict_mt15_singlets","Astrocyte","Lrrc4c","old_2023",1,2,0.586266310082759,0.563233765107084,0.609672542301727,TRUE,12.5071982728923,1515.61668951262,1009.33143041132,FALSE,"descriptive; no KO contrast; animal n unknown"
"strict_mt15_singlets","Astrocyte","Lrrc4c","new_2026",2,2,0.428336700596587,0.101984342211002,0.702237124101632,TRUE,10.8012863185087,1358.41120247184,1009.33143041132,FALSE,"descriptive; no KO contrast; animal n unknown"
"strict_mt15_singlets","Astrocyte","Lrrc4","old_2023",1,2,0.676057689246204,0.642840310789086,0.710057943042012,TRUE,11.4387378731397,361.067028742665,225.795113998103,FALSE,"descriptive; no KO contrast; animal n unknown"
"strict_mt15_singlets","Astrocyte","Lrrc4","new_2026",2,2,-1.68311264952816,-2.02205876202918,-1.39697950742541,TRUE,-13.6633159512174,69.9705698696013,225.795113998103,FALSE,"descriptive; no KO contrast; animal n unknown"
"strict_mt15_singlets","Astrocyte","Adgrb3","old_2023",1,2,0.596058742858995,0.544328039156266,0.649713560715561,TRUE,8.52443026942731,3712.28795419854,2455.72747836668,FALSE,"descriptive; no KO contrast; animal n unknown"
"strict_mt15_singlets","Astrocyte","Adgrb3","new_2026",2,2,-0.215579458287265,-0.361840638792829,-0.0732090731463479,TRUE,-6.6207585974837,2114.80356929925,2455.72747836668,FALSE,"descriptive; no KO contrast; animal n unknown"
"strict_mt15_singlets","Astrocyte","Igsf21","old_2023",1,2,0.135681415969023,0.0345266916807931,0.244467015915282,TRUE,-0.393215412417186,60.538184459848,55.0593851911648,FALSE,"descriptive; no KO contrast; animal n unknown"
"strict_mt15_singlets","Astrocyte","Igsf21","new_2026",2,2,-0.352693873766254,-0.475883168665502,-0.222205185179856,TRUE,-1.31750631714748,43.0096906979382,55.0593851911648,FALSE,"descriptive; no KO contrast; animal n unknown"
"strict_mt15_singlets","Astrocyte","Nrxn2","old_2023",1,2,-0.448879299483002,-0.537842894910762,-0.354067150960086,TRUE,-6.95748176705538,237.828581806546,324.813631891097,FALSE,"descriptive; no KO contrast; animal n unknown"
"strict_mt15_singlets","Astrocyte","Nrxn2","new_2026",2,2,-0.190090562927678,-0.667223925562465,0.210285537987222,FALSE,-2.33821657774766,284.65389028595,324.813631891097,FALSE,"descriptive; no KO contrast; animal n unknown"
"strict_mt15_singlets","Astrocyte","Cntn4","old_2023",1,2,0.845830137805502,0.808872402937406,0.883759571181441,TRUE,0.666923852548415,159.993773215313,88.797221251934,FALSE,"descriptive; no KO contrast; animal n unknown"
"strict_mt15_singlets","Astrocyte","Cntn4","new_2026",2,2,1.82942208629626,1.27852465452242,2.24552192525845,TRUE,15.9842199532167,316.857573907262,88.797221251934,FALSE,"descriptive; no KO contrast; animal n unknown"
"strict_mt15_singlets","Astrocyte","Cntn6","old_2023",1,2,1.57641312387399,1.17850450716446,2.12771615104296,TRUE,2.90328711905078,58.3761064434249,19.2420135636986,FALSE,"descriptive; no KO contrast; animal n unknown"
"strict_mt15_singlets","Astrocyte","Cntn6","new_2026",2,2,2.48737399575061,1.67110673988466,3.36259413812928,TRUE,8.04942063235782,110.204590323958,19.2420135636986,FALSE,"descriptive; no KO contrast; animal n unknown"
"strict_mt15_singlets","Astrocyte","Ptprg","old_2023",1,2,0.872184068551985,0.776040016854161,0.975195744730742,TRUE,19.3884141607261,691.864965255406,377.752247686059,FALSE,"descriptive; no KO contrast; animal n unknown"
"strict_mt15_singlets","Astrocyte","Ptprg","new_2026",2,2,0.400912803244485,-0.103299627630738,0.821654885490858,FALSE,7.20057308811202,498.922721395924,377.752247686059,FALSE,"descriptive; no KO contrast; animal n unknown"
"strict_mt15_singlets","Astrocyte","Plxna1","old_2023",1,2,2.55928074455193,2.33163450028738,2.8297027944499,TRUE,1.94340891808117,23.7828581806546,3.61983224131706,FALSE,"descriptive; no KO contrast; animal n unknown"
"strict_mt15_singlets","Astrocyte","Plxna1","new_2026",2,2,3.57706193808384,2.62523793078791,4.32739542583134,TRUE,4.687922352408,48.6679919407992,3.61983224131706,FALSE,"descriptive; no KO contrast; animal n unknown"
"strict_mt15_singlets","Astrocyte","Plxna3","old_2023",1,2,0.297043043797721,0.0793904262075262,0.553467777080989,TRUE,0.0262011153858277,10.8103900821157,8.70574026414355,FALSE,"descriptive; no KO contrast; animal n unknown"
"strict_mt15_singlets","Astrocyte","Plxna3","new_2026",2,2,0.279696911054065,-0.173669990891018,0.738678007605004,FALSE,0.0931476759368153,10.6752147413976,8.70574026414355,FALSE,"descriptive; no KO contrast; animal n unknown"
"strict_mt15_singlets","GABAergic","Mef2c","old_2023",1,2,0.19291502096981,0.129273749206089,0.259493763649084,TRUE,2.80929075350098,491.416111201172,429.846067607703,FALSE,"descriptive; no KO contrast; animal n unknown"
"strict_mt15_singlets","GABAergic","Mef2c","new_2026",2,2,0.534686683858656,0.416546723275287,0.653780113564155,TRUE,13.7620632633013,622.91115488235,429.846067607703,FALSE,"descriptive; no KO contrast; animal n unknown"
"strict_mt15_singlets","GABAergic","Mef2a","old_2023",1,2,0.206332242513024,0.145558315689769,0.269779307092796,TRUE,1.80494663201486,223.775512474531,193.888094975604,FALSE,"descriptive; no KO contrast; animal n unknown"
"strict_mt15_singlets","GABAergic","Mef2a","new_2026",2,2,0.265626862648312,0.129464389339344,0.400717883441882,TRUE,2.20095088132843,233.185258597561,193.888094975604,FALSE,"descriptive; no KO contrast; animal n unknown"
"strict_mt15_singlets","GABAergic","Mef2d","old_2023",1,2,-0.449812896478701,-0.597843777229864,-0.284837830252826,TRUE,-2.61979231378802,76.2871065254084,104.380675827302,FALSE,"descriptive; no KO contrast; animal n unknown"
"strict_mt15_singlets","GABAergic","Mef2d","new_2026",2,2,-0.651866987497526,-0.847271227697937,-0.441024817659989,TRUE,-3.24732897448808,66.2519505626335,104.380675827302,FALSE,"descriptive; no KO contrast; animal n unknown"
"strict_mt15_singlets","GABAergic","Arc","old_2023",1,2,-2.39157090201414,-2.70839547172364,-1.98499936256792,TRUE,-0.4499637354009,0.635725887711736,5.45947638882759,FALSE,"descriptive; no KO contrast; animal n unknown"
"strict_mt15_singlets","GABAergic","Arc","new_2026",2,2,-0.397594113250727,-0.821081108559286,0.10829398937325,FALSE,-0.0974200758085406,4.02397659348826,5.45947638882759,FALSE,"descriptive; no KO contrast; animal n unknown"
"strict_mt15_singlets","GABAergic","Homer1","old_2023",1,2,-0.118918913075557,-0.193475136437478,-0.0402987700727309,TRUE,-0.932711805387362,109.344852686419,118.782812528313,FALSE,"descriptive; no KO contrast; animal n unknown"
"strict_mt15_singlets","GABAergic","Homer1","new_2026",2,2,0.374005566675461,0.0923753813025199,0.633674250226837,TRUE,3.58086570429071,154.084079692993,118.782812528313,FALSE,"descriptive; no KO contrast; animal n unknown"
"strict_mt15_singlets","GABAergic","Nr4a1","old_2023",1,2,0.25372612879165,0.00633464511017934,0.552503340615983,TRUE,0.53489691635885,29.2433908347399,24.4465964905844,FALSE,"descriptive; no KO contrast; animal n unknown"
"strict_mt15_singlets","GABAergic","Nr4a1","new_2026",2,2,-0.661492356416025,-1.03177334475113,-0.249476722292337,TRUE,-1.01233801767638,15.271836316861,24.4465964905844,FALSE,"descriptive; no KO contrast; animal n unknown"
"strict_mt15_singlets","GABAergic","Bdnf","old_2023",1,2,1.08632171778984,1.00492853318725,1.17258290750848,TRUE,0.414555119673867,5.08580710169389,2.13069507567921,FALSE,"descriptive; no KO contrast; animal n unknown"
"strict_mt15_singlets","GABAergic","Bdnf","new_2026",2,2,2.89999041995392,2.5730300474531,3.19603668573944,TRUE,2.0484551273935,19.1360719788065,2.13069507567921,FALSE,"descriptive; no KO contrast; animal n unknown"
"strict_mt15_singlets","GABAergic","Pcdh10","old_2023",1,2,0.620787042115888,0.598576485031526,0.643344888383703,TRUE,5.48374917127862,196.439299302927,127.57278920069,FALSE,"descriptive; no KO contrast; animal n unknown"
"strict_mt15_singlets","GABAergic","Pcdh10","new_2026",2,2,1.3568263601639,1.08363614035896,1.593104007867,TRUE,16.7518166487133,327.521493098953,127.57278920069,FALSE,"descriptive; no KO contrast; animal n unknown"
"strict_mt15_singlets","GABAergic","Npas4","old_2023",1,2,-0.200763361223507,-0.294824707008086,-0.100138984963329,TRUE,-0.0236633574133401,6.35725887711736,7.38109094497419,FALSE,"descriptive; no KO contrast; animal n unknown"
"strict_mt15_singlets","GABAergic","Npas4","new_2026",2,2,0.630505365647441,-0.546355839586082,1.34266881776999,FALSE,0.180863257798543,11.7007735517137,7.38109094497419,FALSE,"descriptive; no KO contrast; animal n unknown"
"strict_mt15_singlets","GABAergic","Fos","old_2023",1,2,-0.448487980726511,-0.702133136828301,-0.140530170608605,TRUE,-0.103696821908828,2.54290355084695,3.65237456253557,FALSE,"descriptive; no KO contrast; animal n unknown"
"strict_mt15_singlets","GABAergic","Fos","new_2026",2,2,1.57259614785418,0.934517591357327,2.18380304507297,TRUE,0.794585274355634,11.8508012609181,3.65237456253557,FALSE,"descriptive; no KO contrast; animal n unknown"
"strict_mt15_singlets","GABAergic","Egr1","old_2023",1,2,-0.740100248821022,-1.04783708366806,-0.348408979809326,TRUE,-0.51284337201524,5.72153298940563,9.89177614976711,FALSE,"descriptive; no KO contrast; animal n unknown"
"strict_mt15_singlets","GABAergic","Egr1","new_2026",2,2,2.62228218173201,2.19490955013737,3.12444363525758,TRUE,5.61697411326397,63.4845878429923,9.89177614976711,FALSE,"descriptive; no KO contrast; animal n unknown"
"strict_mt15_singlets","GABAergic","Ncam1","old_2023",1,2,0.49709717880292,0.463458741235922,0.5315387056293,TRUE,12.5821376947111,824.536476362122,584.063895342552,FALSE,"descriptive; no KO contrast; animal n unknown"
"strict_mt15_singlets","GABAergic","Ncam1","new_2026",2,2,0.652998039422916,0.394682676656611,0.881795651228829,TRUE,15.9604339983346,918.687236611122,584.063895342552,FALSE,"descriptive; no KO contrast; animal n unknown"
"strict_mt15_singlets","GABAergic","Sema6d","old_2023",1,2,0.508427388816967,0.37961041442348,0.649884128960121,TRUE,10.6232100602963,846.786882432033,595.132776523852,FALSE,"descriptive; no KO contrast; animal n unknown"
"strict_mt15_singlets","GABAergic","Sema6d","new_2026",2,2,0.0943195812741397,-0.147381227172135,0.340464908802348,FALSE,1.97049371512809,635.37479593865,595.132776523852,FALSE,"descriptive; no KO contrast; animal n unknown"
"strict_mt15_singlets","GABAergic","Cadm2","old_2023",1,2,0.694624093465906,0.622782596344255,0.770231406492311,TRUE,11.2483411654815,2895.73141852696,1788.99534352013,FALSE,"descriptive; no KO contrast; animal n unknown"
"strict_mt15_singlets","GABAergic","Cadm2","new_2026",2,2,0.580097292581089,0.427796776125453,0.731912473075758,TRUE,14.5347184137994,2674.70617437702,1788.99534352013,FALSE,"descriptive; no KO contrast; animal n unknown"
"strict_mt15_singlets","GABAergic","Pcdh7","old_2023",1,2,0.87047306874005,0.791616722542685,0.95389011259144,TRUE,17.9872653911198,1380.79662810989,755.024318078266,FALSE,"descriptive; no KO contrast; animal n unknown"
"strict_mt15_singlets","GABAergic","Pcdh7","new_2026",2,2,0.348304869480339,0.165712287190038,0.528496803904671,TRUE,13.4877706977779,961.330757572169,755.024318078266,FALSE,"descriptive; no KO contrast; animal n unknown"
"strict_mt15_singlets","GABAergic","Grip1","old_2023",1,2,0.0978952079354208,0.0516516477601527,0.145670265850974,TRUE,7.29008179218054,2853.77350993799,2666.51951127745,FALSE,"descriptive; no KO contrast; animal n unknown"
"strict_mt15_singlets","GABAergic","Grip1","new_2026",2,2,-1.04299885201586,-1.11737093689823,-0.967633225158842,TRUE,-19.1930186164997,1293.85156454048,2666.51951127745,FALSE,"descriptive; no KO contrast; animal n unknown"
"strict_mt15_singlets","GABAergic","C1qa","old_2023",1,2,-0.70451084696606,-0.96208497287581,-0.390734617776698,TRUE,-0.0739347794477517,0.635725887711736,1.35076987727527,TRUE,"descriptive; no KO contrast; animal n unknown"
"strict_mt15_singlets","GABAergic","C1qa","new_2026",2,2,3.15741466276983,2.86199499050902,3.50806897859846,TRUE,1.72724961635166,16.0131126897053,1.35076987727527,TRUE,"descriptive; no KO contrast; animal n unknown"
"strict_mt15_singlets","GABAergic","C1qb","old_2023",1,2,-0.00242189155786975,-0.484250654221495,0.726182952285267,FALSE,-0.0860971453983547,1.27145177542347,1.27442805737222,TRUE,"descriptive; no KO contrast; animal n unknown"
"strict_mt15_singlets","GABAergic","C1qb","new_2026",2,2,3.67531735942624,2.78333431481288,4.72291241425957,TRUE,2.0534713792955,22.1693550620493,1.27442805737222,TRUE,"descriptive; no KO contrast; animal n unknown"
"strict_mt15_singlets","GABAergic","C1qc","old_2023",1,2,0.191567252656783,-0.390734617776698,1.1836146762527,FALSE,0.0362111815325678,0.635725887711736,0.494502858968279,FALSE,"descriptive; no KO contrast; animal n unknown"
"strict_mt15_singlets","GABAergic","C1qc","new_2026",2,2,4.65648783601246,3.77413770162142,5.89679656046397,TRUE,2.6989744486639,24.5812137299793,0.494502858968279,FALSE,"descriptive; no KO contrast; animal n unknown"
"strict_mt15_singlets","GABAergic","C3","old_2023",1,2,0,0,0,FALSE,0,0,0,FALSE,"descriptive; no KO contrast; animal n unknown"
"strict_mt15_singlets","GABAergic","C3","new_2026",2,2,0.474710259323967,0,0.831292112171766,FALSE,0.0190410484615484,0.194819553259282,0,FALSE,"descriptive; no KO contrast; animal n unknown"
"strict_mt15_singlets","GABAergic","C4b","old_2023",1,2,0,0,0,FALSE,0,0,0,FALSE,"descriptive; no KO contrast; animal n unknown"
"strict_mt15_singlets","GABAergic","C4b","new_2026",2,2,1.23032450085778,1.09345112338687,1.35533005070963,TRUE,0.096136176472876,0.673098780978357,0,FALSE,"descriptive; no KO contrast; animal n unknown"
"strict_mt15_singlets","GABAergic","Itgam","old_2023",1,2,-2.15753531133348,-2.98605409044087,0,FALSE,-0.19247682522707,0,1.73076000638898,FALSE,"descriptive; no KO contrast; animal n unknown"
"strict_mt15_singlets","GABAergic","Itgam","new_2026",2,2,0.226989612560253,-0.619407753198062,2.40218465964536,FALSE,0.0144976966321072,2.11085968261196,1.73076000638898,FALSE,"descriptive; no KO contrast; animal n unknown"
"strict_mt15_singlets","GABAergic","Trem2","old_2023",1,2,0.532074138586856,0.0848654373151052,1.1836146762527,TRUE,0.0739982566878331,0.635725887711736,0.285422339435663,FALSE,"descriptive; no KO contrast; animal n unknown"
"strict_mt15_singlets","GABAergic","Trem2","new_2026",2,2,3.87463907259251,3.33760403036783,4.61073941342062,TRUE,1.21894606132011,11.0208847668734,0.285422339435663,FALSE,"descriptive; no KO contrast; animal n unknown"
"strict_mt15_singlets","GABAergic","Tyrobp","old_2023",1,2,-0.497626275209228,-0.96208497287581,0.191567252656783,FALSE,-0.0557966926471951,0.635725887711736,1.10351844779113,FALSE,"descriptive; no KO contrast; animal n unknown"
"strict_mt15_singlets","GABAergic","Tyrobp","new_2026",2,2,4.37547528363892,3.52315146534729,5.37004438343401,TRUE,3.35419790828329,32.7830614115458,1.10351844779113,FALSE,"descriptive; no KO contrast; animal n unknown"
"strict_mt15_singlets","GABAergic","Cd68","old_2023",1,2,-1.0987492389376,-1.71518116460515,0,FALSE,-0.0425962841245577,0,0.570844678871326,FALSE,"descriptive; no KO contrast; animal n unknown"
"strict_mt15_singlets","GABAergic","Cd68","new_2026",2,2,1.94992663152004,1.13965744546904,3.219527444284,TRUE,0.393113993651193,3.63726070544607,0.570844678871326,FALSE,"descriptive; no KO contrast; animal n unknown"
"strict_mt15_singlets","GABAergic","Cx3cr1","old_2023",1,2,-0.171672635533339,-0.21594554895656,-0.125997960404604,TRUE,-0.365055060998133,23.5218578453342,26.5573466260871,TRUE,"descriptive; no KO contrast; animal n unknown"
"strict_mt15_singlets","GABAergic","Cx3cr1","new_2026",2,2,-0.349871786650843,-0.442478820364741,-0.257429957076657,TRUE,-0.753481160496853,20.7306505935065,26.5573466260871,TRUE,"descriptive; no KO contrast; animal n unknown"
"strict_mt15_singlets","GABAergic","P2ry12","old_2023",1,2,0.0953450072890275,0.0779593068817022,0.112942778380117,TRUE,0.836220699817734,108.073400910995,101.129955304458,TRUE,"descriptive; no KO contrast; animal n unknown"
"strict_mt15_singlets","GABAergic","P2ry12","new_2026",2,2,-1.89659967268319,-2.1548048385233,-1.67268937145385,TRUE,-6.77606672066181,26.7953296261737,101.129955304458,TRUE,"descriptive; no KO contrast; animal n unknown"
"strict_mt15_singlets","GABAergic","Csf1r","old_2023",1,2,-0.376604941186703,-0.526352349919802,-0.209494595084388,TRUE,-0.117945264105329,1.90717766313521,2.62519793464749,TRUE,"descriptive; no KO contrast; animal n unknown"
"strict_mt15_singlets","GABAergic","Csf1r","new_2026",2,2,2.27464125031065,1.83919048078364,2.68012078657955,TRUE,1.27332550666195,14.6221232836937,2.62519793464749,TRUE,"descriptive; no KO contrast; animal n unknown"
"strict_mt15_singlets","GABAergic","Mertk","old_2023",1,2,-0.0765012957426813,-0.5985775635634,0.749783880383105,FALSE,-0.18180624571087,6.9929847648291,7.40103588515071,FALSE,"descriptive; no KO contrast; animal n unknown"
"strict_mt15_singlets","GABAergic","Mertk","new_2026",2,2,1.43875586243843,0.370972283322504,2.66004299408468,TRUE,1.44209573100474,20.9186801429039,7.40103588515071,FALSE,"descriptive; no KO contrast; animal n unknown"
"strict_mt15_singlets","GABAergic","Megf10","old_2023",1,2,0.414627704915519,0.326009115232217,0.509048077787621,TRUE,0.200203152472504,5.08580710169389,3.69054547248709,FALSE,"descriptive; no KO contrast; animal n unknown"
"strict_mt15_singlets","GABAergic","Megf10","new_2026",2,2,1.18369133323354,1.07409833828404,1.29878554268424,TRUE,0.621141178824883,9.01912773479654,3.69054547248709,FALSE,"descriptive; no KO contrast; animal n unknown"
"strict_mt15_singlets","GABAergic","Axl","old_2023",1,2,-0.172444822218635,-0.390734617776698,0.0848654373151052,FALSE,-0.0208057188468308,0.635725887711736,0.779925198403942,FALSE,"descriptive; no KO contrast; animal n unknown"
"strict_mt15_singlets","GABAergic","Axl","new_2026",2,2,1.80151637048188,0.792297043213411,2.56677692469299,TRUE,0.398319726530396,3.96164543857514,0.779925198403942,FALSE,"descriptive; no KO contrast; animal n unknown"
"strict_mt15_singlets","GABAergic","Gas6","old_2023",1,2,0.0950262766037281,-0.125997960404604,0.356147401599817,FALSE,0.0926601064740251,23.5218578453342,21.9905891951165,FALSE,"descriptive; no KO contrast; animal n unknown"
"strict_mt15_singlets","GABAergic","Gas6","new_2026",2,2,0.931863560173127,0.695487911563657,1.20817446404953,TRUE,2.53430628987332,42.4061667685457,21.9905891951165,FALSE,"descriptive; no KO contrast; animal n unknown"
"strict_mt15_singlets","GABAergic","Sema3e","old_2023",1,2,-0.328113348552477,-0.444756685525073,-0.20120310886809,TRUE,-1.21885950234571,47.6794415783802,59.9830553684051,FALSE,"descriptive; no KO contrast; animal n unknown"
"strict_mt15_singlets","GABAergic","Sema3e","new_2026",2,2,-0.655532880524885,-1.04957632949622,-0.296055880760038,TRUE,-1.37296814704648,37.8971209434764,59.9830553684051,FALSE,"descriptive; no KO contrast; animal n unknown"
"strict_mt15_singlets","GABAergic","Plxnd1","old_2023",1,2,1.13704514483926,1.05030886007462,1.22933156063883,TRUE,0.503438005503759,7.62871065254084,3.19604261351881,FALSE,"descriptive; no KO contrast; animal n unknown"
"strict_mt15_singlets","GABAergic","Plxnd1","new_2026",2,2,2.57154614929332,2.09351689737824,2.97132406445142,TRUE,1.95286094132349,21.4709833994416,3.19604261351881,FALSE,"descriptive; no KO contrast; animal n unknown"
"strict_mt15_singlets","GABAergic","Nrp1","old_2023",1,2,0.270178578251126,-0.0755158710805519,0.725717968786589,FALSE,0.967905694024061,73.1084770868497,60.5373930479029,FALSE,"descriptive; no KO contrast; animal n unknown"
"strict_mt15_singlets","GABAergic","Nrp1","new_2026",2,2,0.213724916475483,-0.2230834756806,0.754964151894989,FALSE,1.23303631949682,70.2837532446417,60.5373930479029,FALSE,"descriptive; no KO contrast; animal n unknown"
"strict_mt15_singlets","GABAergic","Nrp2","old_2023",1,2,0.297291043719689,0.188362054609717,0.41512123543531,TRUE,1.81082368138063,137.316791745735,111.652410953626,FALSE,"descriptive; no KO contrast; animal n unknown"
"strict_mt15_singlets","GABAergic","Nrp2","new_2026",2,2,-0.21495597937211,-0.431285152826712,0.00283007043075401,FALSE,-1.94712186713308,96.1274272854208,111.652410953626,FALSE,"descriptive; no KO contrast; animal n unknown"
"strict_mt15_singlets","GABAergic","Kirrel3","old_2023",1,2,0.190759040525333,0.133099994569152,0.250818779144589,TRUE,3.27186529532521,2668.14155072616,2337.61598236525,FALSE,"descriptive; no KO contrast; animal n unknown"
"strict_mt15_singlets","GABAergic","Kirrel3","new_2026",2,2,-1.08103711836962,-1.17360405781483,-0.986894212360795,TRUE,-26.9602240917703,1104.70146393422,2337.61598236525,FALSE,"descriptive; no KO contrast; animal n unknown"
"strict_mt15_singlets","GABAergic","Sdk2","old_2023",1,2,-0.352075445264434,-0.454718597250359,-0.241566352358707,TRUE,-2.7852569179019,185.631959211827,237.077998079264,FALSE,"descriptive; no KO contrast; animal n unknown"
"strict_mt15_singlets","GABAergic","Sdk2","new_2026",2,2,-1.28827186641684,-1.4719191358013,-1.1010660763406,TRUE,-11.9386058768479,96.7742171001118,237.077998079264,FALSE,"descriptive; no KO contrast; animal n unknown"
"strict_mt15_singlets","GABAergic","Sema5b","old_2023",1,2,-0.572088769086981,-0.801367286141371,-0.299358275148434,TRUE,-4.45381880804392,114.430659788113,170.364476205462,FALSE,"descriptive; no KO contrast; animal n unknown"
"strict_mt15_singlets","GABAergic","Sema5b","new_2026",2,2,-1.3292902236373,-1.96415092564635,-0.740334712411429,TRUE,-9.07751866921593,67.497907647233,170.364476205462,FALSE,"descriptive; no KO contrast; animal n unknown"
"strict_mt15_singlets","GABAergic","Cdh8","old_2023",1,2,0.238107989225665,0.21742970654903,0.25908697082639,TRUE,3.93915757683964,337.570446374932,286.135224788407,FALSE,"descriptive; no KO contrast; animal n unknown"
"strict_mt15_singlets","GABAergic","Cdh8","new_2026",2,2,0.4528346091726,0.161237022623936,0.701811814193425,TRUE,8.35736319682557,391.825340646742,286.135224788407,FALSE,"descriptive; no KO contrast; animal n unknown"
"strict_mt15_singlets","GABAergic","Cdh9","old_2023",1,2,0.687127039328593,0.584668619926075,0.797422016446927,TRUE,3.77175559221746,189.446314538097,117.473651501792,FALSE,"descriptive; no KO contrast; animal n unknown"
"strict_mt15_singlets","GABAergic","Cdh9","new_2026",2,2,0.528112438784402,0.11260596226296,0.895491284797408,TRUE,4.10851412910456,169.622872458113,117.473651501792,FALSE,"descriptive; no KO contrast; animal n unknown"
"strict_mt15_singlets","GABAergic","Cdh13","old_2023",1,2,-0.0584023059095731,-0.0757486190488237,-0.0408448877352008,TRUE,-1.26877413828566,764.778242917219,796.393367592422,FALSE,"descriptive; no KO contrast; animal n unknown"
"strict_mt15_singlets","GABAergic","Cdh13","new_2026",2,2,-0.727374833659099,-0.872203300238057,-0.592691181135748,TRUE,-15.0596960341241,480.825165976501,796.393367592422,FALSE,"descriptive; no KO contrast; animal n unknown"
"strict_mt15_singlets","GABAergic","Cdh18","old_2023",1,2,-0.0559495241008951,-0.0720066733876266,-0.0397116458663351,TRUE,-1.37571120518729,667.512182097323,693.927430439661,FALSE,"descriptive; no KO contrast; animal n unknown"
"strict_mt15_singlets","GABAergic","Cdh18","new_2026",2,2,-0.686628237164629,-0.894677200090849,-0.500973656530615,TRUE,-7.242335666595,430.950694328462,693.927430439661,FALSE,"descriptive; no KO contrast; animal n unknown"
"strict_mt15_singlets","GABAergic","C1ql3","old_2023",1,2,0.655099607469222,0.430555494012959,0.921151783795648,TRUE,0.750492414956127,24.7933096207577,15.5620520285288,FALSE,"descriptive; no KO contrast; animal n unknown"
"strict_mt15_singlets","GABAergic","C1ql3","new_2026",2,2,4.01668009672611,3.02548873496243,4.78069522192543,TRUE,22.6623624189532,259.481365488516,15.5620520285288,FALSE,"descriptive; no KO contrast; animal n unknown"
"strict_mt15_singlets","GABAergic","Slit1","old_2023",1,2,0.251065393909198,0.220595512227664,0.282192713039788,TRUE,1.54052856068553,113.159208012689,95.0050664470809,FALSE,"descriptive; no KO contrast; animal n unknown"
"strict_mt15_singlets","GABAergic","Slit1","new_2026",2,2,-0.946565245315776,-1.04798305026346,-0.847816103963986,TRUE,-4.74246016259649,49.0543608940815,95.0050664470809,FALSE,"descriptive; no KO contrast; animal n unknown"
"strict_mt15_singlets","GABAergic","Slit2","old_2023",1,2,0.304678845771883,0.301119421079472,0.308247074020024,TRUE,2.32717900630934,251.747451533848,203.725193216046,FALSE,"descriptive; no KO contrast; animal n unknown"
"strict_mt15_singlets","GABAergic","Slit2","new_2026",2,2,0.03844240298668,-0.162988185796771,0.215987318352792,FALSE,2.06854190603037,209.240177893025,203.725193216046,FALSE,"descriptive; no KO contrast; animal n unknown"
"strict_mt15_singlets","GABAergic","Slit3","old_2023",1,2,0.497996937436675,0.384033014883913,0.621741424228566,TRUE,4.28338609200929,289.25527890884,204.672590083228,FALSE,"descriptive; no KO contrast; animal n unknown"
"strict_mt15_singlets","GABAergic","Slit3","new_2026",2,2,0.375322147929189,0.0335909792084248,0.695729731101603,TRUE,4.37798807274362,265.635350656046,204.672590083228,FALSE,"descriptive; no KO contrast; animal n unknown"
"strict_mt15_singlets","GABAergic","Robo1","old_2023",1,2,-0.0592470155496042,-0.0810639270047311,-0.0370951091592389,TRUE,-1.91488329503974,2095.98825178559,2183.87683319464,FALSE,"descriptive; no KO contrast; animal n unknown"
"strict_mt15_singlets","GABAergic","Robo1","new_2026",2,2,-0.762427908781981,-0.793689073221659,-0.730893172046894,TRUE,-21.2412967364923,1287.19761649574,2183.87683319464,FALSE,"descriptive; no KO contrast; animal n unknown"
"strict_mt15_singlets","GABAergic","Robo2","old_2023",1,2,0.780528392513812,0.718750042031104,0.84507099460523,TRUE,12.4698285429876,931.338425497694,541.97303648012,FALSE,"descriptive; no KO contrast; animal n unknown"
"strict_mt15_singlets","GABAergic","Robo2","new_2026",2,2,0.133939974758669,-0.00752378904681272,0.27399609285664,FALSE,2.83736629480668,594.748221597976,541.97303648012,FALSE,"descriptive; no KO contrast; animal n unknown"
"strict_mt15_singlets","GABAergic","Ntng1","old_2023",1,2,-0.313250973161684,-0.523243805496818,-0.0673988783559274,TRUE,-2.4451349813361,260.0118880741,323.18716997612,FALSE,"descriptive; no KO contrast; animal n unknown"
"strict_mt15_singlets","GABAergic","Ntng1","new_2026",2,2,-0.352678885896884,-0.767759922664132,0.072702541321199,FALSE,-3.77230951483961,252.988675438142,323.18716997612,FALSE,"descriptive; no KO contrast; animal n unknown"
"strict_mt15_singlets","GABAergic","Ntng2","old_2023",1,2,0.170071308258377,-0.137487428879841,0.56147341818504,FALSE,0.0946986194311204,4.45008121398216,3.89962599201971,FALSE,"descriptive; no KO contrast; animal n unknown"
"strict_mt15_singlets","GABAergic","Ntng2","new_2026",2,2,1.57539058095413,0.896708733841791,2.26171586272161,TRUE,0.804644853036787,12.6115965961878,3.89962599201971,FALSE,"descriptive; no KO contrast; animal n unknown"
"strict_mt15_singlets","GABAergic","Lrrc4c","old_2023",1,2,0.133372339668456,0.0802222842366245,0.188555631059742,TRUE,4.41295108267944,1856.95531800598,1692.93799859377,FALSE,"descriptive; no KO contrast; animal n unknown"
"strict_mt15_singlets","GABAergic","Lrrc4c","new_2026",2,2,-0.0575713301632717,-0.256220895666353,0.129772477949537,FALSE,2.61956047197609,1626.69126148655,1692.93799859377,FALSE,"descriptive; no KO contrast; animal n unknown"
"strict_mt15_singlets","GABAergic","Lrrc4","old_2023",1,2,0.0272350346670693,-0.117612734000495,0.188265498489591,FALSE,0.83290647736515,278.447938817741,273.231384693273,FALSE,"descriptive; no KO contrast; animal n unknown"
"strict_mt15_singlets","GABAergic","Lrrc4","new_2026",2,2,-1.88568130966882,-2.45371124687735,-1.39785792899674,TRUE,-17.0484748445377,73.5760741698753,273.231384693273,FALSE,"descriptive; no KO contrast; animal n unknown"
"strict_mt15_singlets","GABAergic","Adgrb3","old_2023",1,2,0.134327940158985,0.124535404198133,0.144187399119438,TRUE,2.1807037825201,2951.03957075788,2688.63045281827,FALSE,"descriptive; no KO contrast; animal n unknown"
"strict_mt15_singlets","GABAergic","Adgrb3","new_2026",2,2,-0.335354097099175,-0.432015612238967,-0.243560560642198,TRUE,-8.5856505291049,2130.87677195456,2688.63045281827,FALSE,"descriptive; no KO contrast; animal n unknown"
"strict_mt15_singlets","GABAergic","Igsf21","old_2023",1,2,0.808298116338314,0.719550499693546,0.902864983993199,TRUE,4.03822656075501,85.8229948410844,48.7951872506877,FALSE,"descriptive; no KO contrast; animal n unknown"
"strict_mt15_singlets","GABAergic","Igsf21","new_2026",2,2,-0.192454463353288,-0.390361011762183,0.00358982334590507,FALSE,-0.327002550630807,42.6389881619979,48.7951872506877,FALSE,"descriptive; no KO contrast; animal n unknown"
"strict_mt15_singlets","GABAergic","Nrxn2","old_2023",1,2,0.227016640205401,0.218510419062232,0.235573312174324,TRUE,3.68578791703331,303.87697432621,259.559652192545,FALSE,"descriptive; no KO contrast; animal n unknown"
"strict_mt15_singlets","GABAergic","Nrxn2","new_2026",2,2,0.235911146791934,-0.0844041396974484,0.500716558193909,FALSE,3.38141517510071,305.75931645428,259.559652192545,FALSE,"descriptive; no KO contrast; animal n unknown"
"strict_mt15_singlets","GABAergic","Cntn4","old_2023",1,2,0.496222064846545,0.317367278729227,0.700430114263302,TRUE,4.34227780090481,531.466842127012,376.643682447457,FALSE,"descriptive; no KO contrast; animal n unknown"
"strict_mt15_singlets","GABAergic","Cntn4","new_2026",2,2,0.169701345702267,-0.124314390750566,0.48055345776965,FALSE,5.49393947632673,423.720872243876,376.643682447457,FALSE,"descriptive; no KO contrast; animal n unknown"
"strict_mt15_singlets","GABAergic","Cntn6","old_2023",1,2,0.773162073861348,0.729852783641514,0.817811841029566,TRUE,5.2024858045969,199.617928741485,116.595720572907,FALSE,"descriptive; no KO contrast; animal n unknown"
"strict_mt15_singlets","GABAergic","Cntn6","new_2026",2,2,0.362725272223293,0.23146452169215,0.490271388753109,TRUE,2.84066693184541,150.067836670275,116.595720572907,FALSE,"descriptive; no KO contrast; animal n unknown"
"strict_mt15_singlets","GABAergic","Ptprg","old_2023",1,2,0.249376771895979,0.15366751825273,0.351889449977827,TRUE,5.01584618691232,882.38753214389,742.237745949148,FALSE,"descriptive; no KO contrast; animal n unknown"
"strict_mt15_singlets","GABAergic","Ptprg","new_2026",2,2,-0.334564622964154,-0.646724518143614,-0.0438793164567777,TRUE,-7.31043167312005,588.508427009973,742.237745949148,FALSE,"descriptive; no KO contrast; animal n unknown"
"strict_mt15_singlets","GABAergic","Plxna1","old_2023",1,2,0.603128255339052,0.5361371273117,0.673382220740456,TRUE,0.928316780948951,18.4360507436404,11.9660743457198,FALSE,"descriptive; no KO contrast; animal n unknown"
"strict_mt15_singlets","GABAergic","Plxna1","new_2026",2,2,1.98569376457275,1.37028529268292,2.45235953496652,TRUE,4.12532508492788,48.8722702993857,11.9660743457198,FALSE,"descriptive; no KO contrast; animal n unknown"
"strict_mt15_singlets","GABAergic","Plxna3","old_2023",1,2,0.775256426202197,0.656105501724134,0.905141057357911,TRUE,1.06692525600323,22.8861319576225,13.164160583189,FALSE,"descriptive; no KO contrast; animal n unknown"
"strict_mt15_singlets","GABAergic","Plxna3","new_2026",2,2,-0.165265259386636,-0.429390037609758,0.0963461156983869,FALSE,-0.193904681706583,11.6852138924226,13.164160583189,FALSE,"descriptive; no KO contrast; animal n unknown"
"strict_mt15_singlets","Glutamatergic","Mef2c","old_2023",1,2,-0.0689722868134029,-0.138241851661515,0.00379167211375098,FALSE,0.343400149907758,512.968665224529,538.112803381147,FALSE,"descriptive; no KO contrast; animal n unknown"
"strict_mt15_singlets","Glutamatergic","Mef2c","new_2026",2,2,0.506750182321853,0.36003382979794,0.653014387709044,TRUE,11.9905305856097,764.785840549519,538.112803381147,FALSE,"descriptive; no KO contrast; animal n unknown"
"strict_mt15_singlets","Glutamatergic","Mef2a","old_2023",1,2,-0.115086183819258,-0.194920104378563,-0.0305744002539381,TRUE,-0.0585186559948738,116.968129707791,126.722652927054,FALSE,"descriptive; no KO contrast; animal n unknown"
"strict_mt15_singlets","Glutamatergic","Mef2a","new_2026",2,2,0.601927491785152,0.349254175840195,0.840769652444965,TRUE,6.28611879917818,192.591287234367,126.722652927054,FALSE,"descriptive; no KO contrast; animal n unknown"
"strict_mt15_singlets","Glutamatergic","Mef2d","old_2023",1,2,-0.355244087415656,-0.493477191508967,-0.202348783322878,TRUE,-1.15304151311861,83.1460199127671,106.500155064494,FALSE,"descriptive; no KO contrast; animal n unknown"
"strict_mt15_singlets","Glutamatergic","Mef2d","new_2026",2,2,-0.943060751404014,-1.12809133745366,-0.744838388628659,TRUE,-4.57748568754565,55.1538013035036,106.500155064494,FALSE,"descriptive; no KO contrast; animal n unknown"
"strict_mt15_singlets","Glutamatergic","Arc","old_2023",1,2,-0.636003407692852,-0.885583776001604,-0.33402400347421,TRUE,-0.108524913457744,1.40925457479266,2.4670163733276,FALSE,"descriptive; no KO contrast; animal n unknown"
"strict_mt15_singlets","Glutamatergic","Arc","new_2026",2,2,1.54544080365249,1.01268504320161,2.08402881851675,TRUE,0.786837490359769,8.16052024756609,2.4670163733276,FALSE,"descriptive; no KO contrast; animal n unknown"
"strict_mt15_singlets","Glutamatergic","Homer1","old_2023",1,2,-0.216116081998236,-0.225156090986832,-0.207019070431286,TRUE,-0.608451663385029,174.74756727429,203.067958445593,FALSE,"descriptive; no KO contrast; animal n unknown"
"strict_mt15_singlets","Glutamatergic","Homer1","new_2026",2,2,-0.357755392362998,-0.395189295575455,-0.3208125419882,TRUE,-1.60422557773297,158.359911756227,203.067958445593,FALSE,"descriptive; no KO contrast; animal n unknown"
"strict_mt15_singlets","Glutamatergic","Nr4a1","old_2023",1,2,-0.444616446714867,-0.530487264992309,-0.353309213789799,TRUE,-1.04601694333173,25.3665823462679,34.7031833705238,FALSE,"descriptive; no KO contrast; animal n unknown"
"strict_mt15_singlets","Glutamatergic","Nr4a1","new_2026",2,2,-1.31992201708283,-1.69638343216987,-0.986856714051132,TRUE,-2.03137982534469,13.6008670792768,34.7031833705238,FALSE,"descriptive; no KO contrast; animal n unknown"
"strict_mt15_singlets","Glutamatergic","Bdnf","old_2023",1,2,0.907589338684579,0.851727799544994,0.965701280261995,TRUE,1.65410281512231,35.2313643698166,18.5475001195989,FALSE,"descriptive; no KO contrast; animal n unknown"
"strict_mt15_singlets","Glutamatergic","Bdnf","new_2026",2,2,0.630186285063416,0.469203078837973,0.786277695981811,TRUE,1.19054063264549,28.9810508345703,18.5475001195989,FALSE,"descriptive; no KO contrast; animal n unknown"
"strict_mt15_singlets","Glutamatergic","Pcdh10","old_2023",1,2,0.642416872879263,0.480705694184815,0.824569574420269,TRUE,8.481794542323,240.982532289545,154.203084540412,FALSE,"descriptive; no KO contrast; animal n unknown"
"strict_mt15_singlets","Glutamatergic","Pcdh10","new_2026",2,2,1.28768168331306,0.833777353450336,1.71269946621023,TRUE,17.5104340550897,377.185041397454,154.203084540412,FALSE,"descriptive; no KO contrast; animal n unknown"
"strict_mt15_singlets","Glutamatergic","Npas4","old_2023",1,2,-1.6757501751165,-1.80827534254134,-1.52980850195256,TRUE,-0.56277070004669,2.81850914958533,10.1021534903379,FALSE,"descriptive; no KO contrast; animal n unknown"
"strict_mt15_singlets","Glutamatergic","Npas4","new_2026",2,2,-0.0162162902930013,-0.898473771922096,0.620589265567905,FALSE,0.161727931555642,9.98364961582289,10.1021534903379,FALSE,"descriptive; no KO contrast; animal n unknown"
"strict_mt15_singlets","Glutamatergic","Fos","old_2023",1,2,-2.87311026454098,-3.0990303933809,-2.60512253144588,TRUE,-0.378184702815116,0,3.16321471284641,FALSE,"descriptive; no KO contrast; animal n unknown"
"strict_mt15_singlets","Glutamatergic","Fos","new_2026",2,2,1.20412454493062,0.639933766034872,1.74593977113092,TRUE,0.535729088349428,7.93995209046156,3.16321471284641,FALSE,"descriptive; no KO contrast; animal n unknown"
"strict_mt15_singlets","Glutamatergic","Egr1","old_2023",1,2,0.946519786340557,0.941632937333846,0.951423244875812,TRUE,0.509056505252422,8.45552744875598,4.14686785210113,FALSE,"descriptive; no KO contrast; animal n unknown"
"strict_mt15_singlets","Glutamatergic","Egr1","new_2026",2,2,3.53726150427773,3.18996374382355,3.81869478374062,TRUE,5.92747349201869,53.4488432886905,4.14686785210113,FALSE,"descriptive; no KO contrast; animal n unknown"
"strict_mt15_singlets","Glutamatergic","Ncam1","old_2023",1,2,0.878299018525886,0.863422811386648,0.893330219797097,TRUE,19.4314541438785,799.04734390744,434.460515949061,FALSE,"descriptive; no KO contrast; animal n unknown"
"strict_mt15_singlets","Glutamatergic","Ncam1","new_2026",2,2,1.11110734137381,0.869094826378078,1.32233132666664,TRUE,25.7920911663695,939.064227500452,434.460515949061,FALSE,"descriptive; no KO contrast; animal n unknown"
"strict_mt15_singlets","Glutamatergic","Sema6d","old_2023",1,2,1.53268432914462,1.35378117511885,1.73695545795155,TRUE,20.2756979978035,597.523939712089,206.197209153367,FALSE,"descriptive; no KO contrast; animal n unknown"
"strict_mt15_singlets","Glutamatergic","Sema6d","new_2026",2,2,1.27408179154589,0.982751155712595,1.58264892414565,TRUE,17.7368793488479,499.38654680772,206.197209153367,FALSE,"descriptive; no KO contrast; animal n unknown"
"strict_mt15_singlets","Glutamatergic","Cadm2","old_2023",1,2,0.352658863320925,0.348795663471211,0.356532435697584,TRUE,8.79246792278391,3480.85879973788,2725.88942924529,FALSE,"descriptive; no KO contrast; animal n unknown"
"strict_mt15_singlets","Glutamatergic","Cadm2","new_2026",2,2,-0.128923122918467,-0.309067829709138,0.032018659147619,FALSE,1.11491580249771,2492.82081180253,2725.88942924529,FALSE,"descriptive; no KO contrast; animal n unknown"
"strict_mt15_singlets","Glutamatergic","Pcdh7","old_2023",1,2,0.590642411823498,0.491809141334565,0.696747575383673,TRUE,11.7003355065134,1657.28337995617,1100.3463293453,FALSE,"descriptive; no KO contrast; animal n unknown"
"strict_mt15_singlets","Glutamatergic","Pcdh7","new_2026",2,2,-0.097715945282005,-0.281976259952785,0.0890393662479863,FALSE,-5.21145185379872,1028.25336331034,1100.3463293453,FALSE,"descriptive; no KO contrast; animal n unknown"
"strict_mt15_singlets","Glutamatergic","Grip1","old_2023",1,2,1.33539924005028,1.31903908496894,1.35194704924526,TRUE,29.8831620714376,1190.8201156998,471.599181592149,FALSE,"descriptive; no KO contrast; animal n unknown"
"strict_mt15_singlets","Glutamatergic","Grip1","new_2026",2,2,0.779705383923734,0.648271916974162,0.902822102251507,TRUE,12.7882822962021,809.990550728573,471.599181592149,FALSE,"descriptive; no KO contrast; animal n unknown"
"strict_mt15_singlets","Glutamatergic","C1qa","old_2023",1,2,-1.81871182296481,-2.25828178697509,-1.18339627466916,TRUE,-0.10746369422826,0,1.26383037167555,TRUE,"descriptive; no KO contrast; animal n unknown"
"strict_mt15_singlets","Glutamatergic","C1qa","new_2026",2,2,3.08370881730977,2.15397610446267,4.08421881041143,TRUE,1.54926694673378,14.453596869334,1.26383037167555,TRUE,"descriptive; no KO contrast; animal n unknown"
"strict_mt15_singlets","Glutamatergic","C1qb","old_2023",1,2,-1.29457137608117,-1.70952362258243,-0.709779365803212,TRUE,-0.0419311844401383,0,0.726520524530562,TRUE,"descriptive; no KO contrast; animal n unknown"
"strict_mt15_singlets","Glutamatergic","C1qb","new_2026",2,2,3.75476835308308,3.1066248865353,4.54025182388092,TRUE,1.85409955623457,16.0566596457875,0.726520524530562,TRUE,"descriptive; no KO contrast; animal n unknown"
"strict_mt15_singlets","Glutamatergic","C1qc","old_2023",1,2,0.43146210674298,-0.0768288404078896,1.22323011478263,FALSE,0.372772457695036,1.40925457479266,0.91573120191614,FALSE,"descriptive; no KO contrast; animal n unknown"
"strict_mt15_singlets","Glutamatergic","C1qc","new_2026",2,2,3.9006479299196,3.15745476170115,4.89437269001291,TRUE,2.24870171645763,20.6442766874411,0.91573120191614,FALSE,"descriptive; no KO contrast; animal n unknown"
"strict_mt15_singlets","Glutamatergic","C3","old_2023",1,2,0,0,0,FALSE,0,0,0,FALSE,"descriptive; no KO contrast; animal n unknown"
"strict_mt15_singlets","Glutamatergic","C3","new_2026",2,2,0.527206803612777,0,0.912475603189294,FALSE,0.0420960463393288,0.220568157104522,0,FALSE,"descriptive; no KO contrast; animal n unknown"
"strict_mt15_singlets","Glutamatergic","C4b","old_2023",1,2,0,0,0,FALSE,0,0,0,FALSE,"descriptive; no KO contrast; animal n unknown"
"strict_mt15_singlets","Glutamatergic","C4b","new_2026",2,2,0.527206803612777,0,0.912475603189294,FALSE,0.0112595697898632,0.220568157104522,0,FALSE,"descriptive; no KO contrast; animal n unknown"
"strict_mt15_singlets","Glutamatergic","Itgam","old_2023",1,2,0.40088866437266,-0.325272306389252,1.93300948058584,FALSE,0.242759251565341,1.40925457479266,0.946053386927888,FALSE,"descriptive; no KO contrast; animal n unknown"
"strict_mt15_singlets","Glutamatergic","Itgam","new_2026",2,2,0.83972336954716,-1.06050060501492,3.01045421604979,FALSE,0.170670595214581,2.08801178290273,0.946053386927888,FALSE,"descriptive; no KO contrast; animal n unknown"
"strict_mt15_singlets","Glutamatergic","Trem2","old_2023",1,2,-1.05284689527996,-1.32980411168201,-0.709779365803212,TRUE,-0.0378337627455029,0,0.537309847144984,FALSE,"descriptive; no KO contrast; animal n unknown"
"strict_mt15_singlets","Glutamatergic","Trem2","new_2026",2,2,3.31482709549688,2.92676317637931,3.76105310643688,TRUE,0.97296683249655,9.82216713544024,0.537309847144984,FALSE,"descriptive; no KO contrast; animal n unknown"
"strict_mt15_singlets","Glutamatergic","Tyrobp","old_2023",1,2,0.674552860517696,0.603205368903827,0.749613205916682,TRUE,0.0565181247401074,1.40925457479266,0.696198339518813,FALSE,"descriptive; no KO contrast; animal n unknown"
"strict_mt15_singlets","Glutamatergic","Tyrobp","new_2026",2,2,4.63616391694627,4.4605085772228,4.80849640957581,TRUE,2.92384304897383,29.2459332492162,0.696198339518813,FALSE,"descriptive; no KO contrast; animal n unknown"
"strict_mt15_singlets","Glutamatergic","Cd68","old_2023",1,2,-0.709779365803212,-1.18339627466916,0,FALSE,-0.0304835518086676,0,0.317776984747658,FALSE,"descriptive; no KO contrast; animal n unknown"
"strict_mt15_singlets","Glutamatergic","Cd68","new_2026",2,2,2.77619065910056,1.65976519958219,3.92908340637036,TRUE,0.553745144453778,5.10210888646371,0.317776984747658,FALSE,"descriptive; no KO contrast; animal n unknown"
"strict_mt15_singlets","Glutamatergic","Cx3cr1","old_2023",1,2,1.19498398676786,1.03307333131372,1.37738989418644,TRUE,1.6021800898698,33.8221097950239,14.491598822533,TRUE,"descriptive; no KO contrast; animal n unknown"
"strict_mt15_singlets","Glutamatergic","Cx3cr1","new_2026",2,2,0.0884312537921966,-0.716930699652037,0.714253236049566,FALSE,0.264674782083774,15.4392694320153,14.491598822533,TRUE,"descriptive; no KO contrast; animal n unknown"
"strict_mt15_singlets","Glutamatergic","P2ry12","old_2023",1,2,-0.421951208022375,-0.46928273433548,-0.373014015390157,TRUE,-1.23860254396507,74.6904924640112,100.235581924576,TRUE,"descriptive; no KO contrast; animal n unknown"
"strict_mt15_singlets","Glutamatergic","P2ry12","new_2026",2,2,-2.10820008301032,-2.35472378872368,-1.88426616106897,TRUE,-7.3465957557097,22.8642281123655,100.235581924576,TRUE,"descriptive; no KO contrast; animal n unknown"
"strict_mt15_singlets","Glutamatergic","Csf1r","old_2023",1,2,0.642954379974371,0.142127543533489,1.41650579805935,TRUE,0.167708967213853,4.22776372437799,2.52766074335109,TRUE,"descriptive; no KO contrast; animal n unknown"
"strict_mt15_singlets","Glutamatergic","Csf1r","new_2026",2,2,2.4213579681318,1.78190262608408,3.3213770835346,TRUE,1.55411740038666,15.7184217005405,2.52766074335109,TRUE,"descriptive; no KO contrast; animal n unknown"
"strict_mt15_singlets","Glutamatergic","Mertk","old_2023",1,2,0.543131074815859,-0.357545685844582,3.45299903852367,FALSE,0.563570382669138,8.45552744875598,5.64599813655558,FALSE,"descriptive; no KO contrast; animal n unknown"
"strict_mt15_singlets","Glutamatergic","Mertk","new_2026",2,2,2.09764366091007,0.794951685501899,5.32156955167196,TRUE,2.74701310066903,25.8054712506266,5.64599813655558,FALSE,"descriptive; no KO contrast; animal n unknown"
"strict_mt15_singlets","Glutamatergic","Megf10","old_2023",1,2,1.10358453702411,1.02101162936208,1.191171979341,TRUE,0.179123331852508,2.81850914958533,1.04429750927822,FALSE,"descriptive; no KO contrast; animal n unknown"
"strict_mt15_singlets","Glutamatergic","Megf10","new_2026",2,2,2.86846244161942,2.5779283704047,3.137775988378,TRUE,1.32917272788415,10.7777952944594,1.04429750927822,FALSE,"descriptive; no KO contrast; animal n unknown"
"strict_mt15_singlets","Glutamatergic","Axl","old_2023",1,2,0.922963473396297,0.749613205916682,1.12002444821575,TRUE,0.208601024386398,1.40925457479266,0.506987662133236,FALSE,"descriptive; no KO contrast; animal n unknown"
"strict_mt15_singlets","Glutamatergic","Axl","new_2026",2,2,2.06723659092743,1.44315136194751,2.60722771169346,TRUE,0.404842770585217,3.72011583241595,0.506987662133236,FALSE,"descriptive; no KO contrast; animal n unknown"
"strict_mt15_singlets","Glutamatergic","Gas6","old_2023",1,2,0.677196636184336,0.454685529317231,0.940397218166024,TRUE,0.913187241732676,32.4128552202313,20.0830182406288,FALSE,"descriptive; no KO contrast; animal n unknown"
"strict_mt15_singlets","Glutamatergic","Gas6","new_2026",2,2,1.27388903162673,1.01651140732653,1.5711333359148,TRUE,3.01277228336604,49.2723181575838,20.0830182406288,FALSE,"descriptive; no KO contrast; animal n unknown"
"strict_mt15_singlets","Glutamatergic","Sema3e","old_2023",1,2,0.515684897108079,0.502312513376626,0.529182390415119,TRUE,0.222070651298772,47.9146555429506,33.3641534941946,FALSE,"descriptive; no KO contrast; animal n unknown"
"strict_mt15_singlets","Glutamatergic","Sema3e","new_2026",2,2,0.069655904128616,-0.0860831935884567,0.212724452746054,FALSE,0.210283169307981,35.0392894453544,33.3641534941946,FALSE,"descriptive; no KO contrast; animal n unknown"
"strict_mt15_singlets","Glutamatergic","Plxnd1","old_2023",1,2,-0.713916954793966,-0.863899310574796,-0.546513901697207,TRUE,-0.696119909688911,14.0925457479266,23.4354436308608,FALSE,"descriptive; no KO contrast; animal n unknown"
"strict_mt15_singlets","Glutamatergic","Plxnd1","new_2026",2,2,-0.0781425575908214,-0.463443911487003,0.291525060645081,FALSE,-0.229429216489373,22.1734823679922,23.4354436308608,FALSE,"descriptive; no KO contrast; animal n unknown"
"strict_mt15_singlets","Glutamatergic","Nrp1","old_2023",1,2,0.5712487112538,0.379631474619635,0.792271815624991,TRUE,2.2361495577077,119.786638857376,80.4569974498163,FALSE,"descriptive; no KO contrast; animal n unknown"
"strict_mt15_singlets","Glutamatergic","Nrp1","new_2026",2,2,0.0867368275204662,-0.254855350395172,0.443601935071771,FALSE,0.435854775715679,85.4735340651827,80.4569974498163,FALSE,"descriptive; no KO contrast; animal n unknown"
"strict_mt15_singlets","Glutamatergic","Nrp2","old_2023",1,2,0.57113096096184,0.383706402230323,0.786591946537649,TRUE,3.86878137831979,132.46993003051,89.0005882014276,FALSE,"descriptive; no KO contrast; animal n unknown"
"strict_mt15_singlets","Glutamatergic","Nrp2","new_2026",2,2,0.0300576839902448,-0.407499874272457,0.458624649597176,FALSE,0.745303544453837,90.8848396238338,89.0005882014276,FALSE,"descriptive; no KO contrast; animal n unknown"
"strict_mt15_singlets","Glutamatergic","Kirrel3","old_2023",1,2,-0.230039941225807,-0.450324065521531,0.0300480152378153,FALSE,-5.58158557649446,710.264305695502,833.132297300318,FALSE,"descriptive; no KO contrast; animal n unknown"
"strict_mt15_singlets","Glutamatergic","Kirrel3","new_2026",2,2,-0.246114599897251,-0.625903964726735,0.157586115534739,FALSE,-4.21227559341626,702.388851683541,833.132297300318,FALSE,"descriptive; no KO contrast; animal n unknown"
"strict_mt15_singlets","Glutamatergic","Sdk2","old_2023",1,2,-0.273162837432104,-0.468198686954359,-0.0475765452166748,TRUE,-1.25609417091006,56.3701829917065,68.2250134413409,FALSE,"descriptive; no KO contrast; animal n unknown"
"strict_mt15_singlets","Glutamatergic","Sdk2","new_2026",2,2,-0.188299861683039,-0.801516472678127,0.361097200765965,FALSE,-1.60617269758409,59.8157770063608,68.2250134413409,FALSE,"descriptive; no KO contrast; animal n unknown"
"strict_mt15_singlets","Glutamatergic","Sema5b","old_2023",1,2,0.0481591207312358,0.01095207361301,0.0863511959754466,TRUE,-0.375835421811996,14.0925457479266,13.6134673729437,FALSE,"descriptive; no KO contrast; animal n unknown"
"strict_mt15_singlets","Glutamatergic","Sema5b","new_2026",2,2,1.27823743728871,0.549911159153187,1.78175294998131,TRUE,1.85017355587311,33.731153487209,13.6134673729437,FALSE,"descriptive; no KO contrast; animal n unknown"
"strict_mt15_singlets","Glutamatergic","Cdh8","old_2023",1,2,1.17492915197981,1.17214779212405,1.17771588435557,TRUE,17.1656467795507,893.467400418549,395.443086750995,FALSE,"descriptive; no KO contrast; animal n unknown"
"strict_mt15_singlets","Glutamatergic","Cdh8","new_2026",2,2,0.115873326372564,0.0899420706542706,0.141444343758096,TRUE,4.81658365913406,428.556130234712,395.443086750995,FALSE,"descriptive; no KO contrast; animal n unknown"
"strict_mt15_singlets","Glutamatergic","Cdh9","old_2023",1,2,0.527086902135241,0.471337818719908,0.585077153468962,TRUE,0.0454387977371873,407.27457211508,282.477022638877,FALSE,"descriptive; no KO contrast; animal n unknown"
"strict_mt15_singlets","Glutamatergic","Cdh9","new_2026",2,2,-0.515397101194539,-0.718740405096786,-0.323520634411622,TRUE,-4.58068773173686,197.470821702521,282.477022638877,FALSE,"descriptive; no KO contrast; animal n unknown"
"strict_mt15_singlets","Glutamatergic","Cdh13","old_2023",1,2,-0.270482787286372,-0.339014652072187,-0.198532412882681,TRUE,-1.53332679621003,503.103883200981,606.952750005789,FALSE,"descriptive; no KO contrast; animal n unknown"
"strict_mt15_singlets","Glutamatergic","Cdh13","new_2026",2,2,-0.545108769847937,-0.846037897765914,-0.273054956477333,TRUE,-6.29368259414689,415.811503902601,606.952750005789,FALSE,"descriptive; no KO contrast; animal n unknown"
"strict_mt15_singlets","Glutamatergic","Cdh18","old_2023",1,2,-0.277895431839708,-0.319487442403425,-0.23506866384349,TRUE,-9.00575397375817,418.548608713421,507.564983418597,FALSE,"descriptive; no KO contrast; animal n unknown"
"strict_mt15_singlets","Glutamatergic","Cdh18","new_2026",2,2,-0.493678811805436,-0.770721108028045,-0.24849054751364,TRUE,-7.01369044419608,360.333734507729,507.564983418597,FALSE,"descriptive; no KO contrast; animal n unknown"
"strict_mt15_singlets","Glutamatergic","C1ql3","old_2023",1,2,-0.159866986216677,-0.196001231179151,-0.122804409202486,TRUE,-1.56414242549407,248.028805163509,277.152437234323,FALSE,"descriptive; no KO contrast; animal n unknown"
"strict_mt15_singlets","Glutamatergic","C1ql3","new_2026",2,2,0.843079100728451,0.667621932972731,1.00718697494223,TRUE,6.34696755849643,497.573674770933,277.152437234323,FALSE,"descriptive; no KO contrast; animal n unknown"
"strict_mt15_singlets","Glutamatergic","Slit1","old_2023",1,2,-0.237936648750126,-0.463629170639585,0.0297306167599061,FALSE,-1.6933455974962,200.114149620558,236.085230758587,FALSE,"descriptive; no KO contrast; animal n unknown"
"strict_mt15_singlets","Glutamatergic","Slit1","new_2026",2,2,-1.93874785002575,-2.31380533503447,-1.53573912499557,TRUE,-14.8651337708753,61.2115383489865,236.085230758587,FALSE,"descriptive; no KO contrast; animal n unknown"
"strict_mt15_singlets","Glutamatergic","Slit2","old_2023",1,2,0.990438997394294,0.880614191903698,1.10931818318526,TRUE,12.4833029935901,474.918791705128,238.789970876196,FALSE,"descriptive; no KO contrast; animal n unknown"
"strict_mt15_singlets","Glutamatergic","Slit2","new_2026",2,2,0.0231237211595784,-0.121324354424808,0.175814689299956,FALSE,-1.48864859588726,242.656246374684,238.789970876196,FALSE,"descriptive; no KO contrast; animal n unknown"
"strict_mt15_singlets","Glutamatergic","Slit3","old_2023",1,2,0.0925302368378335,0.0353203272263034,0.152102812612217,TRUE,4.85649447906003,1693.92399890078,1588.66033673746,FALSE,"descriptive; no KO contrast; animal n unknown"
"strict_mt15_singlets","Glutamatergic","Slit3","new_2026",2,2,-1.63413076848056,-1.6993681357386,-1.5665751544719,TRUE,-47.7972184860825,511.470973364422,1588.66033673746,FALSE,"descriptive; no KO contrast; animal n unknown"
"strict_mt15_singlets","Glutamatergic","Robo1","old_2023",1,2,0.333388216234834,0.227059214045495,0.448181832546899,TRUE,4.25922173151049,1172.4998062275,930.475146418458,FALSE,"descriptive; no KO contrast; animal n unknown"
"strict_mt15_singlets","Glutamatergic","Robo1","new_2026",2,2,0.0174543875632545,-0.0936394645695291,0.136997168537514,FALSE,-2.53666096743091,941.806921840451,930.475146418458,FALSE,"descriptive; no KO contrast; animal n unknown"
"strict_mt15_singlets","Glutamatergic","Robo2","old_2023",1,2,0.56448118997233,0.480024084896096,0.654191646543003,TRUE,14.2393972896194,1001.98000267758,677.375515902606,FALSE,"descriptive; no KO contrast; animal n unknown"
"strict_mt15_singlets","Glutamatergic","Robo2","new_2026",2,2,-0.162497652552069,-0.366481447181201,0.0375899602481589,FALSE,-4.08860977977869,605.166119615097,677.375515902606,FALSE,"descriptive; no KO contrast; animal n unknown"
"strict_mt15_singlets","Glutamatergic","Ntng1","old_2023",1,2,-0.325031772171108,-0.374900975717351,-0.27337684417453,TRUE,-3.71623074538391,300.171224430837,376.148445320672,FALSE,"descriptive; no KO contrast; animal n unknown"
"strict_mt15_singlets","Glutamatergic","Ntng1","new_2026",2,2,-0.536376117257767,-0.704760041895591,-0.375207491207716,TRUE,-7.61537951259368,259.199359722824,376.148445320672,FALSE,"descriptive; no KO contrast; animal n unknown"
"strict_mt15_singlets","Glutamatergic","Ntng2","old_2023",1,2,0.554834607340502,0.393094761104723,0.737023693144398,TRUE,2.57072807625331,87.3737836371451,59.31876838534,FALSE,"descriptive; no KO contrast; animal n unknown"
"strict_mt15_singlets","Glutamatergic","Ntng2","new_2026",2,2,-1.38655661143966,-1.70285397228543,-1.06477737979699,TRUE,-3.66741817088206,22.3792791059163,59.31876838534,FALSE,"descriptive; no KO contrast; animal n unknown"
"strict_mt15_singlets","Glutamatergic","Lrrc4c","old_2023",1,2,0.427987722340661,0.371410351942842,0.486874740291295,TRUE,5.00989417864857,4181.25832340983,3107.79183644211,FALSE,"descriptive; no KO contrast; animal n unknown"
"strict_mt15_singlets","Glutamatergic","Lrrc4c","new_2026",2,2,-0.740309249846155,-0.846201621574389,-0.633737374264816,TRUE,-13.3027164286183,1860.15775567072,3107.79183644211,FALSE,"descriptive; no KO contrast; animal n unknown"
"strict_mt15_singlets","Glutamatergic","Lrrc4","old_2023",1,2,-0.0550440312793523,-0.123706742679216,0.0170505856312122,FALSE,-2.18968971111884,277.623151234155,288.439585844429,FALSE,"descriptive; no KO contrast; animal n unknown"
"strict_mt15_singlets","Glutamatergic","Lrrc4","new_2026",2,2,-2.38425328701794,-2.73562201178141,-2.07587753043698,TRUE,-20.9756642705607,54.8446046313163,288.439585844429,FALSE,"descriptive; no KO contrast; animal n unknown"
"strict_mt15_singlets","Glutamatergic","Adgrb3","old_2023",1,2,0.410309208821081,0.354800732396521,0.468039161574717,TRUE,5.23212701917296,3907.86293590006,2940.39491709188,FALSE,"descriptive; no KO contrast; animal n unknown"
"strict_mt15_singlets","Glutamatergic","Adgrb3","new_2026",2,2,-0.425037227756704,-0.500235202308982,-0.347882879645969,TRUE,-12.2334696540369,2189.93591627518,2940.39491709188,FALSE,"descriptive; no KO contrast; animal n unknown"
"strict_mt15_singlets","Glutamatergic","Igsf21","old_2023",1,2,-0.025189430564753,-0.120639732207288,0.0770262134008677,FALSE,-0.618256349600079,95.8293110859011,97.5259880711546,FALSE,"descriptive; no KO contrast; animal n unknown"
"strict_mt15_singlets","Glutamatergic","Igsf21","new_2026",2,2,-0.66213270524376,-0.867398356914619,-0.457872634929458,TRUE,-3.24700729130728,61.4468779252715,97.5259880711546,FALSE,"descriptive; no KO contrast; animal n unknown"
"strict_mt15_singlets","Glutamatergic","Nrxn2","old_2023",1,2,0.195727687754537,0.0705282959821485,0.332833523645041,TRUE,1.98402068273079,284.669424108118,248.490658394066,FALSE,"descriptive; no KO contrast; animal n unknown"
"strict_mt15_singlets","Glutamatergic","Nrxn2","new_2026",2,2,0.358338187251749,-0.0959073710687868,0.763204373736979,FALSE,3.90825516244398,318.693174899022,248.490658394066,FALSE,"descriptive; no KO contrast; animal n unknown"
"strict_mt15_singlets","Glutamatergic","Cntn4","old_2023",1,2,-0.343058581534532,-0.348950998006648,-0.337141999863974,TRUE,-6.49343934376024,1331.74557317907,1689.37744394778,FALSE,"descriptive; no KO contrast; animal n unknown"
"strict_mt15_singlets","Glutamatergic","Cntn4","new_2026",2,2,-1.32429236814818,-1.36324035794461,-1.28606066116855,TRUE,-31.423119110778,674.344143501099,1689.37744394778,FALSE,"descriptive; no KO contrast; animal n unknown"
"strict_mt15_singlets","Glutamatergic","Cntn6","old_2023",1,2,0.166061025494979,0.0350784821863055,0.31013385271965,TRUE,4.60263633922069,262.121350911435,233.567265341247,FALSE,"descriptive; no KO contrast; animal n unknown"
"strict_mt15_singlets","Glutamatergic","Cntn6","new_2026",2,2,-0.379238100606163,-0.748819635845045,-0.0304836350852016,TRUE,-4.7991591379689,179.46109930766,233.567265341247,FALSE,"descriptive; no KO contrast; animal n unknown"
"strict_mt15_singlets","Glutamatergic","Ptprg","old_2023",1,2,0.766689784797979,0.737991645044445,0.795970395061728,TRUE,15.5522163806807,1044.25763992136,613.57148796703,FALSE,"descriptive; no KO contrast; animal n unknown"
"strict_mt15_singlets","Glutamatergic","Ptprg","new_2026",2,2,-0.0580350885871811,-0.210580340715016,0.0852964743783868,FALSE,-3.20203687719107,589.359570964775,613.57148796703,FALSE,"descriptive; no KO contrast; animal n unknown"
"strict_mt15_singlets","Glutamatergic","Plxna1","old_2023",1,2,0.409691462463098,0.203761008933418,0.649990195369824,TRUE,0.346405790064979,16.911054897512,12.6067696159923,FALSE,"descriptive; no KO contrast; animal n unknown"
"strict_mt15_singlets","Glutamatergic","Plxna1","new_2026",2,2,2.1315959312382,1.28064758695428,2.81604767492264,TRUE,4.69318149351773,56.9341211101227,12.6067696159923,FALSE,"descriptive; no KO contrast; animal n unknown"
"strict_mt15_singlets","Glutamatergic","Plxna3","old_2023",1,2,1.93476019922806,1.82283347838882,2.05610627421037,TRUE,1.9605750759115,25.3665823462679,6.26578505566932,FALSE,"descriptive; no KO contrast; animal n unknown"
"strict_mt15_singlets","Glutamatergic","Plxna3","new_2026",2,2,0.765099289161531,0.481020058259077,1.04022799153156,TRUE,0.396807221495203,10.9983634515639,6.26578505566932,FALSE,"descriptive; no KO contrast; animal n unknown"
"strict_mt15_singlets","Immature_neuron","Mef2c","old_2023",1,2,0.220351340988839,-0.122976543539856,0.671776031355664,FALSE,2.41902723912084,491.609391401823,421.905233101629,FALSE,"descriptive; no KO contrast; animal n unknown"
"strict_mt15_singlets","Immature_neuron","Mef2c","new_2026",2,2,0.528139433156329,-0.06633937662086,1.19340801285359,FALSE,13.9442655085753,608.637169926272,421.905233101629,FALSE,"descriptive; no KO contrast; animal n unknown"
"strict_mt15_singlets","Immature_neuron","Mef2a","old_2023",1,2,-0.147041499624523,-0.375989166116897,0.125220578720131,FALSE,-1.80665122017599,166.244721730085,184.135836059051,FALSE,"descriptive; no KO contrast; animal n unknown"
"strict_mt15_singlets","Immature_neuron","Mef2a","new_2026",2,2,0.0990918988627534,-0.242066937809545,0.475463815083124,FALSE,0.00358295791983565,197.263268492736,184.135836059051,FALSE,"descriptive; no KO contrast; animal n unknown"
"strict_mt15_singlets","Immature_neuron","Mef2d","old_2023",1,2,-0.443716169378045,-0.646351408594812,-0.207895002876302,TRUE,-1.62463704280692,71.2477378843222,97.0843310657216,FALSE,"descriptive; no KO contrast; animal n unknown"
"strict_mt15_singlets","Immature_neuron","Mef2d","new_2026",2,2,-0.739873684413289,-0.999558953782913,-0.449172922247884,TRUE,-2.86274160923021,57.9326950456018,97.0843310657216,FALSE,"descriptive; no KO contrast; animal n unknown"
"strict_mt15_singlets","Immature_neuron","Arc","old_2023",1,2,-1.61316339836844,-2.35570361998535,0,FALSE,-0.0223965168943614,0,1.02960951029712,FALSE,"descriptive; no KO contrast; animal n unknown"
"strict_mt15_singlets","Immature_neuron","Arc","new_2026",2,2,2.08567116633947,0.489331808667608,4.23157470927164,TRUE,0.592480864839581,5.99277207242134,1.02960951029712,FALSE,"descriptive; no KO contrast; animal n unknown"
"strict_mt15_singlets","Immature_neuron","Homer1","old_2023",1,2,0.540594546075314,-0.0608062597962133,1.59106406062348,FALSE,3.31466696424894,151.995174153221,104.33853086184,FALSE,"descriptive; no KO contrast; animal n unknown"
"strict_mt15_singlets","Immature_neuron","Homer1","new_2026",2,2,0.460577343072992,-0.368874009162707,1.70792101413237,FALSE,3.63384783357692,143.767505309751,104.33853086184,FALSE,"descriptive; no KO contrast; animal n unknown"
"strict_mt15_singlets","Immature_neuron","Nr4a1","old_2023",1,2,-0.794462031991821,-1.08955551661956,-0.423068642285267,TRUE,-0.464294108340759,14.2495475768644,25.0820651809804,FALSE,"descriptive; no KO contrast; animal n unknown"
"strict_mt15_singlets","Immature_neuron","Nr4a1","new_2026",2,2,-0.522563329198796,-0.975486404316718,-0.00891672231612617,TRUE,0.15206539828886,17.3085419816591,25.0820651809804,FALSE,"descriptive; no KO contrast; animal n unknown"
"strict_mt15_singlets","Immature_neuron","Bdnf","old_2023",1,2,1.15824006006646,0.200123975830986,5.2853575885231,TRUE,1.11153887637547,18.9993967691526,8.236876082377,FALSE,"descriptive; no KO contrast; animal n unknown"
"strict_mt15_singlets","Immature_neuron","Bdnf","new_2026",2,2,1.19692910471179,-0.184877234310576,5.65114158031423,FALSE,1.77641838393285,19.5293907510012,8.236876082377,FALSE,"descriptive; no KO contrast; animal n unknown"
"strict_mt15_singlets","Immature_neuron","Pcdh10","old_2023",1,2,0.843345882483798,0.565537627893818,1.18772235333489,TRUE,7.07399962878866,239.867384210551,133.468634247951,FALSE,"descriptive; no KO contrast; animal n unknown"
"strict_mt15_singlets","Immature_neuron","Pcdh10","new_2026",2,2,1.27988707650345,0.561300286660193,1.96141865497978,TRUE,15.6329413311027,324.802597468834,133.468634247951,FALSE,"descriptive; no KO contrast; animal n unknown"
"strict_mt15_singlets","Immature_neuron","Npas4","old_2023",1,2,-0.31998887750894,-1.21581788677704,2.52352411738028,FALSE,0.414638379021809,2.37492459614407,3.08882853089137,FALSE,"descriptive; no KO contrast; animal n unknown"
"strict_mt15_singlets","Immature_neuron","Npas4","new_2026",2,2,1.51811395155088,-0.00454755882394409,4.79715240738052,FALSE,0.630631699100881,9.77899240370368,3.08882853089137,FALSE,"descriptive; no KO contrast; animal n unknown"
"strict_mt15_singlets","Immature_neuron","Fos","old_2023",1,2,0,0,0,FALSE,0,0,0,FALSE,"descriptive; no KO contrast; animal n unknown"
"strict_mt15_singlets","Immature_neuron","Fos","new_2026",2,2,4.0679625707333,4.00446254265581,4.12878508981988,TRUE,0.759214650170861,7.88588223806251,0,FALSE,"descriptive; no KO contrast; animal n unknown"
"strict_mt15_singlets","Immature_neuron","Egr1","old_2023",1,2,-0.10547625448944,-1.04016170521723,3.39227598036677,FALSE,-0.0476293651978908,4.74984919228814,5.14804755148562,FALSE,"descriptive; no KO contrast; animal n unknown"
"strict_mt15_singlets","Immature_neuron","Egr1","new_2026",2,2,3.64041789397502,2.66638586677236,7.17647203557621,TRUE,5.92970833788538,69.9325362186476,5.14804755148562,FALSE,"descriptive; no KO contrast; animal n unknown"
"strict_mt15_singlets","Immature_neuron","Ncam1","old_2023",1,2,0.744675921236415,0.534527219394315,0.990741831845471,TRUE,20.3288530290411,904.846271130892,539.812391635028,FALSE,"descriptive; no KO contrast; animal n unknown"
"strict_mt15_singlets","Immature_neuron","Ncam1","new_2026",2,2,0.712023645107126,0.311586411450799,1.12617902302182,TRUE,17.8667313320883,884.585860145647,539.812391635028,FALSE,"descriptive; no KO contrast; animal n unknown"
"strict_mt15_singlets","Immature_neuron","Sema6d","old_2023",1,2,0.208743736899547,0.0280484002906221,0.415355595325856,TRUE,5.5372938944172,683.978283689493,591.772471987004,FALSE,"descriptive; no KO contrast; animal n unknown"
"strict_mt15_singlets","Immature_neuron","Sema6d","new_2026",2,2,0.0435088812577729,-0.152764107985973,0.265531986152048,FALSE,0.182529532433762,609.906326301436,591.772471987004,FALSE,"descriptive; no KO contrast; animal n unknown"
"strict_mt15_singlets","Immature_neuron","Cadm2","old_2023",1,2,0.309052600412848,0.296366061705569,0.32185169042298,TRUE,8.84690233480772,3315.39473621713,2675.99620764917,FALSE,"descriptive; no KO contrast; animal n unknown"
"strict_mt15_singlets","Immature_neuron","Cadm2","new_2026",2,2,-0.00145020702259138,-0.112678389885987,0.103587949475662,FALSE,4.564180972201,2673.30712693718,2675.99620764917,FALSE,"descriptive; no KO contrast; animal n unknown"
"strict_mt15_singlets","Immature_neuron","Pcdh7","old_2023",1,2,0.858370810875941,0.711078878359544,1.0224284134286,TRUE,21.7840842750367,1574.57500724352,868.272126875004,FALSE,"descriptive; no KO contrast; animal n unknown"
"strict_mt15_singlets","Immature_neuron","Pcdh7","new_2026",2,2,0.217005455716126,-0.0373538554326718,0.480730603590992,FALSE,5.76266782783163,1009.28991791406,868.272126875004,FALSE,"descriptive; no KO contrast; animal n unknown"
"strict_mt15_singlets","Immature_neuron","Grip1","old_2023",1,2,0.769909705711875,0.519433786495277,1.07320269684881,TRUE,17.3818763422406,1486.70279718619,871.676293958882,FALSE,"descriptive; no KO contrast; animal n unknown"
"strict_mt15_singlets","Immature_neuron","Grip1","new_2026",2,2,-0.0816024733389891,-0.411918162170375,0.297342633000222,FALSE,-0.524676499709933,823.713049018873,871.676293958882,FALSE,"descriptive; no KO contrast; animal n unknown"
"strict_mt15_singlets","Immature_neuron","C1qa","old_2023",1,2,0,0,0,FALSE,0,0,0,TRUE,"descriptive; no KO contrast; animal n unknown"
"strict_mt15_singlets","Immature_neuron","C1qa","new_2026",2,2,5.20850536496683,4.79715240738052,5.52821820953356,TRUE,1.72649081802303,17.9878475693994,0,TRUE,"descriptive; no KO contrast; animal n unknown"
"strict_mt15_singlets","Immature_neuron","C1qb","old_2023",1,2,0,0,0,FALSE,0,0,0,TRUE,"descriptive; no KO contrast; animal n unknown"
"strict_mt15_singlets","Immature_neuron","C1qb","new_2026",2,2,5.24890026101827,5.24564200305916,5.25215117693567,TRUE,1.7173401093955,18.5128152074246,0,TRUE,"descriptive; no KO contrast; animal n unknown"
"strict_mt15_singlets","Immature_neuron","C1qc","old_2023",1,2,-2.27952151737961,-3.12272870643306,0,FALSE,-0.202922077921916,0,1.92758450530471,FALSE,"descriptive; no KO contrast; animal n unknown"
"strict_mt15_singlets","Immature_neuron","C1qc","new_2026",2,2,3.37489990865024,2.52841287388117,5.65769383220233,TRUE,2.03611215684043,24.6837536098995,1.92758450530471,FALSE,"descriptive; no KO contrast; animal n unknown"
"strict_mt15_singlets","Immature_neuron","C3","old_2023",1,2,0,0,0,FALSE,0,0,0,FALSE,"descriptive; no KO contrast; animal n unknown"
"strict_mt15_singlets","Immature_neuron","C3","new_2026",2,2,0,0,0,FALSE,0,0,0,FALSE,"descriptive; no KO contrast; animal n unknown"
"strict_mt15_singlets","Immature_neuron","C4b","old_2023",1,2,0,0,0,FALSE,0,0,0,FALSE,"descriptive; no KO contrast; animal n unknown"
"strict_mt15_singlets","Immature_neuron","C4b","new_2026",2,2,0,0,0,FALSE,0,0,0,FALSE,"descriptive; no KO contrast; animal n unknown"
"strict_mt15_singlets","Immature_neuron","Itgam","old_2023",1,2,0,0,0,FALSE,0,0,0,FALSE,"descriptive; no KO contrast; animal n unknown"
"strict_mt15_singlets","Immature_neuron","Itgam","new_2026",2,2,2.90755267574471,1.61435419941989,3.5783518842069,TRUE,0.373186398862427,3.25172134112174,0,FALSE,"descriptive; no KO contrast; animal n unknown"
"strict_mt15_singlets","Immature_neuron","Trem2","old_2023",1,2,0.910360719011843,0.16782049739493,2.52352411738028,TRUE,0.158571278054783,2.37492459614407,1.02960951029712,FALSE,"descriptive; no KO contrast; animal n unknown"
"strict_mt15_singlets","Immature_neuron","Trem2","new_2026",2,2,1.96863785575181,1.04715464794437,3.74097836790139,TRUE,0.575611003910998,5.4868671386669,1.02960951029712,FALSE,"descriptive; no KO contrast; animal n unknown"
"strict_mt15_singlets","Immature_neuron","Tyrobp","old_2023",1,2,0.910360719011843,0.16782049739493,2.52352411738028,TRUE,0.155249721134507,2.37492459614407,1.02960951029712,FALSE,"descriptive; no KO contrast; animal n unknown"
"strict_mt15_singlets","Immature_neuron","Tyrobp","new_2026",2,2,4.27652983435553,3.44456733755477,5.97389488063261,TRUE,2.43484726438284,29.1445138528544,1.02960951029712,FALSE,"descriptive; no KO contrast; animal n unknown"
"strict_mt15_singlets","Immature_neuron","Cd68","old_2023",1,2,-1.61316339836844,-2.35570361998535,0,FALSE,-0.0838398658563256,0,1.02960951029712,FALSE,"descriptive; no KO contrast; animal n unknown"
"strict_mt15_singlets","Immature_neuron","Cd68","new_2026",2,2,2.00871314665339,1.14366084859859,3.73479444533338,TRUE,0.645968636717561,5.65550211658505,1.02960951029712,FALSE,"descriptive; no KO contrast; animal n unknown"
"strict_mt15_singlets","Immature_neuron","Cx3cr1","old_2023",1,2,0.0698092825431333,-0.207679824028635,0.413694657320411,FALSE,-0.199270447342077,16.6244721730085,15.8155795883063,TRUE,"descriptive; no KO contrast; animal n unknown"
"strict_mt15_singlets","Immature_neuron","Cx3cr1","new_2026",2,2,0.756270177847144,-0.21871717292906,1.5683315866436,FALSE,0.3397179222537,27.0589403289567,15.8155795883063,TRUE,"descriptive; no KO contrast; animal n unknown"
"strict_mt15_singlets","Immature_neuron","P2ry12","old_2023",1,2,-0.0688848942189408,-0.298407350326087,0.204191132955544,FALSE,0.0349991907934726,68.8728132881781,72.2655349153203,TRUE,"descriptive; no KO contrast; animal n unknown"
"strict_mt15_singlets","Immature_neuron","P2ry12","new_2026",2,2,-1.54100479735915,-1.9455802096748,-1.11183639603158,TRUE,-4.967247827141,24.505587279846,72.2655349153203,TRUE,"descriptive; no KO contrast; animal n unknown"
"strict_mt15_singlets","Immature_neuron","Csf1r","old_2023",1,2,2.52352411738028,2.52352411738028,2.52352411738028,TRUE,0.469274267345443,2.37492459614407,0,TRUE,"descriptive; no KO contrast; animal n unknown"
"strict_mt15_singlets","Immature_neuron","Csf1r","new_2026",2,2,4.66208524713044,3.94787333694838,5.13764955604971,TRUE,1.07126735056284,12.1589447988285,0,TRUE,"descriptive; no KO contrast; animal n unknown"
"strict_mt15_singlets","Immature_neuron","Mertk","old_2023",1,2,-1.61316339836844,-2.35570361998535,0,FALSE,-0.47308165389353,0,1.02960951029712,FALSE,"descriptive; no KO contrast; animal n unknown"
"strict_mt15_singlets","Immature_neuron","Mertk","new_2026",2,2,3.98986665652552,2.44144878739517,6.11701189409446,TRUE,1.55003823930204,23.8024533117672,1.02960951029712,FALSE,"descriptive; no KO contrast; animal n unknown"
"strict_mt15_singlets","Immature_neuron","Megf10","old_2023",1,2,-0.318342591105111,-0.734841548089872,0.269547273933707,FALSE,-0.082355600105836,4.74984919228814,6.04602254649321,FALSE,"descriptive; no KO contrast; animal n unknown"
"strict_mt15_singlets","Immature_neuron","Megf10","new_2026",2,2,0.673168103204178,0.00166756136324153,1.47768515292445,TRUE,0.609180650556592,9.93809602948645,6.04602254649321,FALSE,"descriptive; no KO contrast; animal n unknown"
"strict_mt15_singlets","Immature_neuron","Axl","old_2023",1,2,2.52352411738028,2.52352411738028,2.52352411738028,TRUE,0.173116706628082,2.37492459614407,0,FALSE,"descriptive; no KO contrast; animal n unknown"
"strict_mt15_singlets","Immature_neuron","Axl","new_2026",2,2,2.90938411616952,2.84503542865296,2.97098478606238,TRUE,0.243858504273968,3.25648701718943,0,FALSE,"descriptive; no KO contrast; animal n unknown"
"strict_mt15_singlets","Immature_neuron","Gas6","old_2023",1,2,1.0967605216939,0.949097715863685,1.26127846162807,TRUE,1.84786313380097,45.1235673267374,20.8319926245024,FALSE,"descriptive; no KO contrast; animal n unknown"
"strict_mt15_singlets","Immature_neuron","Gas6","new_2026",2,2,1.07326431978785,0.784490109498955,1.36631283211399,TRUE,2.70914317766163,44.3865450148866,20.8319926245024,FALSE,"descriptive; no KO contrast; animal n unknown"
"strict_mt15_singlets","Immature_neuron","Sema3e","old_2023",1,2,1.25127001367505,0.928682795925225,1.66740672068417,TRUE,1.39295244378047,66.497888692034,27.6443556507137,FALSE,"descriptive; no KO contrast; animal n unknown"
"strict_mt15_singlets","Immature_neuron","Sema3e","new_2026",2,2,0.178280142914251,-0.668235304346169,0.977940797300844,FALSE,-0.384133698658906,31.3462999179258,27.6443556507137,FALSE,"descriptive; no KO contrast; animal n unknown"
"strict_mt15_singlets","Immature_neuron","Plxnd1","old_2023",1,2,0.630916881277496,0.200123975830986,1.24791596926089,TRUE,0.787359684333575,18.9993967691526,12.0920450929864,FALSE,"descriptive; no KO contrast; animal n unknown"
"strict_mt15_singlets","Immature_neuron","Plxnd1","new_2026",2,2,0.606840699473572,-0.0885657031375615,1.44735907391571,FALSE,0.916888494915858,18.6766845092751,12.0920450929864,FALSE,"descriptive; no KO contrast; animal n unknown"
"strict_mt15_singlets","Immature_neuron","Nrp1","old_2023",1,2,0.800546137083125,0.551181884011871,1.10220884628627,TRUE,4.12288254187809,132.995777384068,76.1441705379489,FALSE,"descriptive; no KO contrast; animal n unknown"
"strict_mt15_singlets","Immature_neuron","Nrp1","new_2026",2,2,0.116875223941438,-0.208496981085053,0.490741049815299,FALSE,0.308369230436748,82.6116829794336,76.1441705379489,FALSE,"descriptive; no KO contrast; animal n unknown"
"strict_mt15_singlets","Immature_neuron","Nrp2","old_2023",1,2,-0.047244160002671,-0.261718234910284,0.204777070668852,FALSE,-0.441555381511897,109.246531422627,112.899910654028,FALSE,"descriptive; no KO contrast; animal n unknown"
"strict_mt15_singlets","Immature_neuron","Nrp2","new_2026",2,2,-0.398812374822472,-0.796505361304304,0.0157595768421164,FALSE,-3.18814548997682,85.511837336516,112.899910654028,FALSE,"descriptive; no KO contrast; animal n unknown"
"strict_mt15_singlets","Immature_neuron","Kirrel3","old_2023",1,2,-0.518894093186038,-0.729110790509386,-0.27273489182137,TRUE,-19.3194867137103,1225.46109161034,1756.12627219922,FALSE,"descriptive; no KO contrast; animal n unknown"
"strict_mt15_singlets","Immature_neuron","Kirrel3","new_2026",2,2,-0.971071640983067,-1.33302292473678,-0.587628640602123,TRUE,-24.6671554879916,895.60248550759,1756.12627219922,FALSE,"descriptive; no KO contrast; animal n unknown"
"strict_mt15_singlets","Immature_neuron","Sdk2","old_2023",1,2,-0.589212009421043,-0.857945729681711,-0.258692503731107,TRUE,-3.98246402113883,99.7468330380511,150.313823346555,FALSE,"descriptive; no KO contrast; animal n unknown"
"strict_mt15_singlets","Immature_neuron","Sdk2","new_2026",2,2,-0.989956449603104,-1.3564378903152,-0.567893818229569,TRUE,-8.36469018794197,75.4337003855175,150.313823346555,FALSE,"descriptive; no KO contrast; animal n unknown"
"strict_mt15_singlets","Immature_neuron","Sema5b","old_2023",1,2,-0.956946028216133,-1.21807089655517,-0.637877508957163,TRUE,-4.82835193486334,59.3731149036018,115.72547015434,FALSE,"descriptive; no KO contrast; animal n unknown"
"strict_mt15_singlets","Immature_neuron","Sema5b","new_2026",2,2,-0.926054135191016,-1.31025342411115,-0.493590214736483,TRUE,-6.83084271180326,60.6689801008337,115.72547015434,FALSE,"descriptive; no KO contrast; animal n unknown"
"strict_mt15_singlets","Immature_neuron","Cdh8","old_2023",1,2,0.821095046485298,0.632208328784721,1.03849150278496,TRUE,9.91525872035687,871.597326784875,493.117691894633,FALSE,"descriptive; no KO contrast; animal n unknown"
"strict_mt15_singlets","Immature_neuron","Cdh8","new_2026",2,2,-0.423035108867053,-0.970815055194542,0.0815232620490871,FALSE,-2.93022996908974,367.666662006389,493.117691894633,FALSE,"descriptive; no KO contrast; animal n unknown"
"strict_mt15_singlets","Immature_neuron","Cdh9","old_2023",1,2,1.15963356555675,0.616266911602649,2.04159138765918,TRUE,6.90565762766321,334.864368056314,149.617882702894,FALSE,"descriptive; no KO contrast; animal n unknown"
"strict_mt15_singlets","Immature_neuron","Cdh9","new_2026",2,2,0.123090841389961,-0.525028005429575,1.10270710067466,FALSE,1.47909865476936,162.988220161322,149.617882702894,FALSE,"descriptive; no KO contrast; animal n unknown"
"strict_mt15_singlets","Immature_neuron","Cdh13","old_2023",1,2,-0.229436057264486,-0.307295161632902,-0.147134159324052,TRUE,-5.04415684994829,719.602152631654,843.730901210376,FALSE,"descriptive; no KO contrast; animal n unknown"
"strict_mt15_singlets","Immature_neuron","Cdh13","new_2026",2,2,-0.849015107490742,-1.00121710731503,-0.696014238953142,TRUE,-15.9369391764505,468.186269107041,843.730901210376,FALSE,"descriptive; no KO contrast; animal n unknown"
"strict_mt15_singlets","Immature_neuron","Cdh18","old_2023",1,2,-0.842003153452001,-0.929284094314818,-0.749099875111366,TRUE,-10.6513765564666,396.61240755606,711.33880969676,FALSE,"descriptive; no KO contrast; animal n unknown"
"strict_mt15_singlets","Immature_neuron","Cdh18","new_2026",2,2,-0.690826833357882,-0.851763315159006,-0.527846477753448,TRUE,-9.33772568657584,440.483219238367,711.33880969676,FALSE,"descriptive; no KO contrast; animal n unknown"
"strict_mt15_singlets","Immature_neuron","C1ql3","old_2023",1,2,0.660318107728398,-0.0260989880606495,2.01611823148936,FALSE,4.41036422212783,204.24351526839,129.049159108971,FALSE,"descriptive; no KO contrast; animal n unknown"
"strict_mt15_singlets","Immature_neuron","C1ql3","new_2026",2,2,1.13275932344771,-0.388583730978676,3.01401517384105,FALSE,13.7999420803365,283.572460273715,129.049159108971,FALSE,"descriptive; no KO contrast; animal n unknown"
"strict_mt15_singlets","Immature_neuron","Slit1","old_2023",1,2,0.00340498800785098,-0.283079313015457,0.36123846869303,FALSE,-0.53097352988568,161.494872537797,161.112989898665,FALSE,"descriptive; no KO contrast; animal n unknown"
"strict_mt15_singlets","Immature_neuron","Slit1","new_2026",2,2,-1.35384548947967,-1.70902225142085,-0.930442153100028,TRUE,-8.86951637486005,62.730725244393,161.112989898665,FALSE,"descriptive; no KO contrast; animal n unknown"
"strict_mt15_singlets","Immature_neuron","Slit2","old_2023",1,2,1.15167276307854,1.1182390283917,1.18589972684271,TRUE,14.1812793373524,465.485220844238,209.241367852051,FALSE,"descriptive; no KO contrast; animal n unknown"
"strict_mt15_singlets","Immature_neuron","Slit2","new_2026",2,2,0.126454087513748,-0.0191458950870169,0.264752220849597,FALSE,0.216207297967912,228.455230460947,209.241367852051,FALSE,"descriptive; no KO contrast; animal n unknown"
"strict_mt15_singlets","Immature_neuron","Slit3","old_2023",1,2,0.469306419975013,0.0493410484809367,1.06417545143153,TRUE,20.7623654961485,1161.33812751445,838.709351875812,FALSE,"descriptive; no KO contrast; animal n unknown"
"strict_mt15_singlets","Immature_neuron","Slit3","new_2026",2,2,-0.913678709119424,-1.35263502807955,-0.300065473452197,TRUE,-5.68582600195813,444.977339213796,838.709351875812,FALSE,"descriptive; no KO contrast; animal n unknown"
"strict_mt15_singlets","Immature_neuron","Robo1","old_2023",1,2,-0.354713457489222,-0.43051883914705,-0.274702960327097,TRUE,-2.69183882293684,1315.70822626382,1682.57702389985,FALSE,"descriptive; no KO contrast; animal n unknown"
"strict_mt15_singlets","Immature_neuron","Robo1","new_2026",2,2,-0.6947031291701,-0.821100550406454,-0.565814796843412,TRUE,-14.4441033717893,1039.36631818624,1682.57702389985,FALSE,"descriptive; no KO contrast; animal n unknown"
"strict_mt15_singlets","Immature_neuron","Robo2","old_2023",1,2,0.465806152964235,0.36756056355355,0.571234230333804,TRUE,12.3927877397535,916.720894111612,663.628801901262,FALSE,"descriptive; no KO contrast; animal n unknown"
"strict_mt15_singlets","Immature_neuron","Robo2","new_2026",2,2,-0.229074320194654,-0.392192992398117,-0.0615651839904867,TRUE,1.61247068317805,566.122836057207,663.628801901262,FALSE,"descriptive; no KO contrast; animal n unknown"
"strict_mt15_singlets","Immature_neuron","Ntng1","old_2023",1,2,0.331035698830634,0.245008856986884,0.422519363264438,TRUE,5.9978273964512,439.361050286653,349.174394804383,FALSE,"descriptive; no KO contrast; animal n unknown"
"strict_mt15_singlets","Immature_neuron","Ntng1","new_2026",2,2,-0.451851686642163,-0.767617471621721,-0.162237499590795,TRUE,-4.71683526345269,255.148306777661,349.174394804383,FALSE,"descriptive; no KO contrast; animal n unknown"
"strict_mt15_singlets","Immature_neuron","Ntng2","old_2023",1,2,-0.0257394137934823,-0.713513612126722,1.33566381371434,FALSE,1.28336085931483,68.8728132881781,70.1216146034749,FALSE,"descriptive; no KO contrast; animal n unknown"
"strict_mt15_singlets","Immature_neuron","Ntng2","new_2026",2,2,-1.31120945954558,-2.48370146156254,0.412369794790922,FALSE,-2.75950410814406,27.9593033313597,70.1216146034749,FALSE,"descriptive; no KO contrast; animal n unknown"
"strict_mt15_singlets","Immature_neuron","Lrrc4c","old_2023",1,2,0.935189352627805,0.604279901911234,1.36532115689906,TRUE,11.3265679264979,4072.99568238708,2129.83162007149,FALSE,"descriptive; no KO contrast; animal n unknown"
"strict_mt15_singlets","Immature_neuron","Lrrc4c","new_2026",2,2,-0.121237945394311,-0.471655500978281,0.328141690880312,FALSE,3.53593200677211,1958.12347483479,2129.83162007149,FALSE,"descriptive; no KO contrast; animal n unknown"
"strict_mt15_singlets","Immature_neuron","Lrrc4","old_2023",1,2,0.17022963164628,0.0417745073014473,0.311250088078134,TRUE,3.77899638471819,301.615423710297,267.990344618219,FALSE,"descriptive; no KO contrast; animal n unknown"
"strict_mt15_singlets","Immature_neuron","Lrrc4","new_2026",2,2,-1.87814488468026,-2.28994952956248,-1.5003943796228,TRUE,-15.1801057712606,72.5383117045028,267.990344618219,FALSE,"descriptive; no KO contrast; animal n unknown"
"strict_mt15_singlets","Immature_neuron","Adgrb3","old_2023",1,2,0.400482159733262,0.16266701135541,0.685389176321761,TRUE,8.44873592061171,3837.87814736882,2907.47464342833,FALSE,"descriptive; no KO contrast; animal n unknown"
"strict_mt15_singlets","Immature_neuron","Adgrb3","new_2026",2,2,-0.337248104138168,-0.594979644868184,-0.0326959010725201,TRUE,-6.80656120036528,2301.30654162612,2907.47464342833,FALSE,"descriptive; no KO contrast; animal n unknown"
"strict_mt15_singlets","Immature_neuron","Igsf21","old_2023",1,2,0.0437323109299458,-0.464032647208983,0.834205946076172,FALSE,0.473740650065013,75.9975870766103,73.7135145835052,FALSE,"descriptive; no KO contrast; animal n unknown"
"strict_mt15_singlets","Immature_neuron","Igsf21","new_2026",2,2,-0.436732068326653,-1.04858884361607,0.450825827728358,FALSE,-1.42640187747338,54.3294067204407,73.7135145835052,FALSE,"descriptive; no KO contrast; animal n unknown"
"strict_mt15_singlets","Immature_neuron","Nrxn2","old_2023",1,2,0.383206576283086,0.159470699136161,0.648123924486078,TRUE,5.24326166556765,322.989745075594,247.529788927566,FALSE,"descriptive; no KO contrast; animal n unknown"
"strict_mt15_singlets","Immature_neuron","Nrxn2","new_2026",2,2,0.300513976446686,-0.260887473238179,0.838862811728331,FALSE,5.96677230521706,304.96929649447,247.529788927566,FALSE,"descriptive; no KO contrast; animal n unknown"
"strict_mt15_singlets","Immature_neuron","Cntn4","old_2023",1,2,0.190062060100869,-0.236123990033034,0.797583493744824,FALSE,15.8152767706545,1132.83903236072,992.948744069033,FALSE,"descriptive; no KO contrast; animal n unknown"
"strict_mt15_singlets","Immature_neuron","Cntn4","new_2026",2,2,-0.631490939166322,-1.09148931959267,0.00906848143400651,FALSE,0.228636232507846,640.780081018081,992.948744069033,FALSE,"descriptive; no KO contrast; animal n unknown"
"strict_mt15_singlets","Immature_neuron","Cntn6","old_2023",1,2,0.664866647739881,0.474627171129323,0.88405782756829,TRUE,7.99960325845514,306.365272902585,193.054351329895,FALSE,"descriptive; no KO contrast; animal n unknown"
"strict_mt15_singlets","Immature_neuron","Cntn6","new_2026",2,2,0.0937822089038762,-0.141184555774703,0.356355610905378,FALSE,1.95708812457251,206.05427940927,193.054351329895,FALSE,"descriptive; no KO contrast; animal n unknown"
"strict_mt15_singlets","Immature_neuron","Ptprg","old_2023",1,2,0.419386498007734,0.271461441556733,0.584230110214175,TRUE,7.86051548153889,1011.71787795737,756.378359119254,FALSE,"descriptive; no KO contrast; animal n unknown"
"strict_mt15_singlets","Immature_neuron","Ptprg","new_2026",2,2,-0.267923764495935,-0.555576218001196,0.0243013424911229,FALSE,-8.32083454636594,628.098004896776,756.378359119254,FALSE,"descriptive; no KO contrast; animal n unknown"
"strict_mt15_singlets","Immature_neuron","Plxna1","old_2023",1,2,0.269010616042037,-0.363517027512228,1.42190765225835,FALSE,0.90069217164947,11.8746229807204,9.7695570418131,FALSE,"descriptive; no KO contrast; animal n unknown"
"strict_mt15_singlets","Immature_neuron","Plxna1","new_2026",2,2,2.38389417361193,1.24026889257021,3.91342791717159,TRUE,4.38308247563031,53.1013051143367,9.7695570418131,FALSE,"descriptive; no KO contrast; animal n unknown"
"strict_mt15_singlets","Immature_neuron","Plxna3","old_2023",1,2,1.35598776819028,1.14184803713314,1.60754714712699,TRUE,1.67421827120414,26.1241705575848,9.90119155710264,FALSE,"descriptive; no KO contrast; animal n unknown"
"strict_mt15_singlets","Immature_neuron","Plxna3","new_2026",2,2,0.3425511595511,-0.0761534052830939,0.773238849924898,FALSE,0.420088990350255,12.6886781129214,9.90119155710264,FALSE,"descriptive; no KO contrast; animal n unknown"
"strict_mt15_singlets","Microglia","Mef2c","old_2023",1,2,-0.400414984492213,-0.449095603762206,-0.350034208110673,TRUE,-8.14843419149062,1158.60750705533,1529.39152786489,FALSE,"descriptive; no KO contrast; animal n unknown"
"strict_mt15_singlets","Microglia","Mef2c","new_2026",2,2,-0.611097797881561,-0.67080323133492,-0.549775818412643,TRUE,-16.1611566004791,1001.11742704912,1529.39152786489,FALSE,"descriptive; no KO contrast; animal n unknown"
"strict_mt15_singlets","Microglia","Mef2a","old_2023",1,2,-1.53561050690823,-1.622637042885,-1.44299542236753,TRUE,-35.3378675630604,500.410246237907,1451.69433957579,FALSE,"descriptive; no KO contrast; animal n unknown"
"strict_mt15_singlets","Microglia","Mef2a","new_2026",2,2,-1.61763484374864,-1.76712247103739,-1.46515105532315,TRUE,-42.5972980506302,472.725490024497,1451.69433957579,FALSE,"descriptive; no KO contrast; animal n unknown"
"strict_mt15_singlets","Microglia","Mef2d","old_2023",1,2,-1.82443546048803,-1.95305657476014,-1.68321489945716,TRUE,-12.5393920602775,49.5902045821349,176.903671743904,FALSE,"descriptive; no KO contrast; animal n unknown"
"strict_mt15_singlets","Microglia","Mef2d","new_2026",2,2,-1.48800422402134,-1.6857333870562,-1.2808352546184,TRUE,-11.3892428160945,62.745364391028,176.903671743904,FALSE,"descriptive; no KO contrast; animal n unknown"
"strict_mt15_singlets","Microglia","Arc","old_2023",1,2,-2.67593973370832,-3.07728417925432,-2.11797950711682,TRUE,-0.379908560725756,0,2.69527418550951,FALSE,"descriptive; no KO contrast; animal n unknown"
"strict_mt15_singlets","Microglia","Arc","new_2026",2,2,0.0661762930142214,-0.794870013262006,0.972214224354329,FALSE,-0.0233309751369121,2.84525462624329,2.69527418550951,FALSE,"descriptive; no KO contrast; animal n unknown"
"strict_mt15_singlets","Microglia","Homer1","old_2023",1,2,0.845058003905388,0.806230954867873,0.884958968613095,TRUE,5.34793790905432,117.213210830501,65.0295821591256,FALSE,"descriptive; no KO contrast; animal n unknown"
"strict_mt15_singlets","Microglia","Homer1","new_2026",2,2,0.588670194622717,-0.00423020881103398,1.0279124828412,FALSE,3.58824207170196,98.0473124584303,65.0295821591256,FALSE,"descriptive; no KO contrast; animal n unknown"
"strict_mt15_singlets","Microglia","Nr4a1","old_2023",1,2,-1.24031295659165,-1.46891934566328,-0.96853378432344,TRUE,-0.829322673367768,4.50820041655772,11.3318622259499,FALSE,"descriptive; no KO contrast; animal n unknown"
"strict_mt15_singlets","Microglia","Nr4a1","new_2026",2,2,-0.193934109555201,-0.752349523779959,0.346109606153225,FALSE,-0.248985691171579,9.84363339888676,11.3318622259499,FALSE,"descriptive; no KO contrast; animal n unknown"
"strict_mt15_singlets","Microglia","Bdnf","old_2023",1,2,-0.210698641274213,-0.279821900502285,-0.13809610743881,TRUE,0.0932744803892971,4.50820041655772,5.29573221340322,FALSE,"descriptive; no KO contrast; animal n unknown"
"strict_mt15_singlets","Microglia","Bdnf","new_2026",2,2,1.28772411225182,0.775450334753106,1.69886329950351,TRUE,0.784175526301546,13.6498519221842,5.29573221340322,FALSE,"descriptive; no KO contrast; animal n unknown"
"strict_mt15_singlets","Microglia","Pcdh10","old_2023",1,2,1.80307048656041,1.49015733456497,2.20320714344213,TRUE,9.18084569518313,207.377219161655,59.0701368424118,FALSE,"descriptive; no KO contrast; animal n unknown"
"strict_mt15_singlets","Microglia","Pcdh10","new_2026",2,2,1.90388323341927,0.997557719548358,2.72326383327766,TRUE,16.0147267561401,222.422835887341,59.0701368424118,FALSE,"descriptive; no KO contrast; animal n unknown"
"strict_mt15_singlets","Microglia","Npas4","old_2023",1,2,-1.41707094013235,-2.11797950711682,0,FALSE,-0.0315613726671495,0,0.835213956759303,FALSE,"descriptive; no KO contrast; animal n unknown"
"strict_mt15_singlets","Microglia","Npas4","new_2026",2,2,2.13108651895135,1.00797357080882,3.8743686557036,TRUE,0.678761802381784,5.34886811780071,0.835213956759303,FALSE,"descriptive; no KO contrast; animal n unknown"
"strict_mt15_singlets","Microglia","Fos","old_2023",1,2,0,0,0,FALSE,0,0,0,FALSE,"descriptive; no KO contrast; animal n unknown"
"strict_mt15_singlets","Microglia","Fos","new_2026",2,2,7.03443109833885,6.36042019182561,7.49201302283724,TRUE,4.98544110893571,65.04578473874,0,FALSE,"descriptive; no KO contrast; animal n unknown"
"strict_mt15_singlets","Microglia","Egr1","old_2023",1,2,-0.425405501668436,-0.664890484136924,-0.13809610743881,TRUE,-0.509188645611111,4.50820041655772,6.22576232777832,FALSE,"descriptive; no KO contrast; animal n unknown"
"strict_mt15_singlets","Microglia","Egr1","new_2026",2,2,5.36291872797982,4.91845685745545,5.82967218246765,TRUE,20.1004691213084,276.283959484534,6.22576232777832,FALSE,"descriptive; no KO contrast; animal n unknown"
"strict_mt15_singlets","Microglia","Ncam1","old_2023",1,2,1.79818122557664,1.79232513105241,1.80406118769622,TRUE,32.5033995560502,689.754663733331,197.973652978118,FALSE,"descriptive; no KO contrast; animal n unknown"
"strict_mt15_singlets","Microglia","Ncam1","new_2026",2,2,1.5071822414626,0.743316149150356,2.00741493071057,TRUE,31.3956105964683,563.669919587948,197.973652978118,FALSE,"descriptive; no KO contrast; animal n unknown"
"strict_mt15_singlets","Microglia","Sema6d","old_2023",1,2,1.64251183583673,1.58601123989155,1.70131568681346,TRUE,24.8060309419511,604.098855818734,193.152001552794,FALSE,"descriptive; no KO contrast; animal n unknown"
"strict_mt15_singlets","Microglia","Sema6d","new_2026",2,2,0.738110032551135,0.0386266345320747,1.24010934600098,TRUE,12.949084398119,322.509466177053,193.152001552794,FALSE,"descriptive; no KO contrast; animal n unknown"
"strict_mt15_singlets","Microglia","Cadm2","old_2023",1,2,1.49599980943997,1.38074883916505,1.62126335426989,TRUE,32.3699782362244,2375.82161952592,841.989317856247,FALSE,"descriptive; no KO contrast; animal n unknown"
"strict_mt15_singlets","Microglia","Cadm2","new_2026",2,2,0.753926132707455,-0.0342274145829773,1.33626546453426,FALSE,27.4696819373752,1420.25366000328,841.989317856247,FALSE,"descriptive; no KO contrast; animal n unknown"
"strict_mt15_singlets","Microglia","Pcdh7","old_2023",1,2,1.54165064791132,1.23601202554225,1.9299411993095,TRUE,37.801942594706,1149.59110622222,394.547353902483,FALSE,"descriptive; no KO contrast; animal n unknown"
"strict_mt15_singlets","Microglia","Pcdh7","new_2026",2,2,0.308664921379219,-0.676087973970493,1.15686064613829,FALSE,19.3786668672818,488.790244781154,394.547353902483,FALSE,"descriptive; no KO contrast; animal n unknown"
"strict_mt15_singlets","Microglia","Grip1","old_2023",1,2,2.21800850143746,2.18859351420137,2.24803573301042,TRUE,35.6357344144602,1239.75511455337,266.077773953216,FALSE,"descriptive; no KO contrast; animal n unknown"
"strict_mt15_singlets","Microglia","Grip1","new_2026",2,2,0.825811128933828,0.136629178658012,1.30687214784679,TRUE,17.7760132220144,472.017456605044,266.077773953216,FALSE,"descriptive; no KO contrast; animal n unknown"
"strict_mt15_singlets","Microglia","C1qa","old_2023",1,2,-3.12888316587131,-3.41764383372411,-2.76748451389019,TRUE,-18.4085594523067,27.0492024993463,240.488721228308,TRUE,"descriptive; no KO contrast; animal n unknown"
"strict_mt15_singlets","Microglia","C1qa","new_2026",2,2,2.13172619039292,0.583379935901128,3.155180899146,TRUE,26.7745030268822,1055.61264619434,240.488721228308,TRUE,"descriptive; no KO contrast; animal n unknown"
"strict_mt15_singlets","Microglia","C1qb","old_2023",1,2,-1.99110333643659,-2.14592110264111,-1.81765225417478,TRUE,-18.4909431718614,81.1476074980389,324.08264275137,TRUE,"descriptive; no KO contrast; animal n unknown"
"strict_mt15_singlets","Microglia","C1qb","new_2026",2,2,1.96730488393884,0.294009244191054,2.86404890363393,TRUE,23.8549979853187,1268.73801921973,324.08264275137,TRUE,"descriptive; no KO contrast; animal n unknown"
"strict_mt15_singlets","Microglia","C1qc","old_2023",1,2,-2.98571535733002,-3.38676967120407,-2.42831908783618,TRUE,-16.8559293260638,31.557402915904,253.432458133727,FALSE,"descriptive; no KO contrast; animal n unknown"
"strict_mt15_singlets","Microglia","C1qc","new_2026",2,2,2.56672351285315,0.771794718921292,3.81963132314356,TRUE,32.5848010597616,1503.95424725454,253.432458133727,FALSE,"descriptive; no KO contrast; animal n unknown"
"strict_mt15_singlets","Microglia","C3","old_2023",1,2,0,0,0,FALSE,0,0,0,FALSE,"descriptive; no KO contrast; animal n unknown"
"strict_mt15_singlets","Microglia","C3","new_2026",2,2,1.71109746348951,0.751277122286896,2.28241416599232,TRUE,0.0826315746015217,1.13704895281395,0,FALSE,"descriptive; no KO contrast; animal n unknown"
"strict_mt15_singlets","Microglia","C4b","old_2023",1,2,1.80824676832931,1.08546861909068,3.32429229673309,TRUE,0.427184669283915,4.50820041655772,0.930030114375103,FALSE,"descriptive; no KO contrast; animal n unknown"
"strict_mt15_singlets","Microglia","C4b","new_2026",2,2,1.94528054270816,0.887129400283229,3.73325463378237,TRUE,0.338003383619699,5.00722698311484,0.930030114375103,FALSE,"descriptive; no KO contrast; animal n unknown"
"strict_mt15_singlets","Microglia","Itgam","old_2023",1,2,-2.37007553934257,-2.62678897924252,-2.05757726771746,TRUE,-19.5747786861994,58.6066054152503,305.062354061138,FALSE,"descriptive; no KO contrast; animal n unknown"
"strict_mt15_singlets","Microglia","Itgam","new_2026",2,2,-0.739056394501656,-1.14782450387075,-0.289012401932854,TRUE,-12.5399615367139,182.571906362682,305.062354061138,FALSE,"descriptive; no KO contrast; animal n unknown"
"strict_mt15_singlets","Microglia","Trem2","old_2023",1,2,-1.44720855455887,-1.88111254234978,-0.823756378410774,TRUE,-5.8099386363426,45.0820041655772,123.792980218206,FALSE,"descriptive; no KO contrast; animal n unknown"
"strict_mt15_singlets","Microglia","Trem2","new_2026",2,2,1.41646506599051,-0.391030034521714,2.73062091894239,FALSE,8.95373996199923,331.276081900122,123.792980218206,FALSE,"descriptive; no KO contrast; animal n unknown"
"strict_mt15_singlets","Microglia","Tyrobp","old_2023",1,2,-3.08535297778836,-3.14537872629043,-3.02272092535296,TRUE,-7.33343553665391,9.01640083311544,80.2711971578076,FALSE,"descriptive; no KO contrast; animal n unknown"
"strict_mt15_singlets","Microglia","Tyrobp","new_2026",2,2,3.65159736235616,2.11121439411569,4.42933199894197,TRUE,35.9642237855842,1014.5720228327,80.2711971578076,FALSE,"descriptive; no KO contrast; animal n unknown"
"strict_mt15_singlets","Microglia","Cd68","old_2023",1,2,-5.76887821542722,-6.0866599752493,-5.36072490257427,TRUE,-2.9480052164979,0,26.7631095398635,FALSE,"descriptive; no KO contrast; animal n unknown"
"strict_mt15_singlets","Microglia","Cd68","new_2026",2,2,2.0058408130775,0.578501842756773,3.03370175319894,TRUE,5.58093498010875,108.994836587627,26.7631095398635,FALSE,"descriptive; no KO contrast; animal n unknown"
"strict_mt15_singlets","Microglia","Cx3cr1","old_2023",1,2,-1.21964001032279,-1.37524289661393,-1.04520259978182,TRUE,-24.5162536774834,401.229837073637,935.082986602672,TRUE,"descriptive; no KO contrast; animal n unknown"
"strict_mt15_singlets","Microglia","Cx3cr1","new_2026",2,2,0.296145829664837,0.103175530350752,0.507007181063656,TRUE,-4.07796308157184,1148.26473081881,935.082986602672,TRUE,"descriptive; no KO contrast; animal n unknown"
"strict_mt15_singlets","Microglia","P2ry12","old_2023",1,2,-0.378419306870484,-0.419197242699779,-0.336455168741521,TRUE,-2.07961956233655,540.984049986926,703.38422280647,TRUE,"descriptive; no KO contrast; animal n unknown"
"strict_mt15_singlets","Microglia","P2ry12","new_2026",2,2,0.333792449659979,-0.0808765050508438,0.672421458862516,FALSE,1.79813365727961,886.620817146013,703.38422280647,TRUE,"descriptive; no KO contrast; animal n unknown"
"strict_mt15_singlets","Microglia","Csf1r","old_2023",1,2,-1.43343582982755,-1.54009994796349,-1.31825149059852,TRUE,-31.3035271074772,324.590429992156,877.534067130814,TRUE,"descriptive; no KO contrast; animal n unknown"
"strict_mt15_singlets","Microglia","Csf1r","new_2026",2,2,0.154256626494975,-0.175276047077787,0.462443041147562,FALSE,-9.26558564789697,976.618504985658,877.534067130814,TRUE,"descriptive; no KO contrast; animal n unknown"
"strict_mt15_singlets","Microglia","Mertk","old_2023",1,2,-2.50541983873549,-2.59202368121991,-2.41328334838261,TRUE,-48.431667137052,284.016626243136,1615.02682423453,FALSE,"descriptive; no KO contrast; animal n unknown"
"strict_mt15_singlets","Microglia","Mertk","new_2026",2,2,-2.11572507392902,-2.3302733231698,-1.9060723019141,TRUE,-49.1891495985301,372.249838204348,1615.02682423453,FALSE,"descriptive; no KO contrast; animal n unknown"
"strict_mt15_singlets","Microglia","Megf10","old_2023",1,2,2.83334509957616,2.13243653259169,4.25041603970851,TRUE,0.76735065759997,9.01640083311544,0.835213956759303,FALSE,"descriptive; no KO contrast; animal n unknown"
"strict_mt15_singlets","Microglia","Megf10","new_2026",2,2,2.11653553859078,1.28337131753749,3.65474950660316,TRUE,0.507132844583896,5.29017309921413,0.835213956759303,FALSE,"descriptive; no KO contrast; animal n unknown"
"strict_mt15_singlets","Microglia","Axl","old_2023",1,2,-2.67593973370832,-3.07728417925432,-2.11797950711682,TRUE,-0.34406734808121,0,2.69527418550951,FALSE,"descriptive; no KO contrast; animal n unknown"
"strict_mt15_singlets","Microglia","Axl","new_2026",2,2,1.42448842621692,0.728252122598168,2.22717325519469,TRUE,0.387948652948686,8.07673270687083,2.69527418550951,FALSE,"descriptive; no KO contrast; animal n unknown"
"strict_mt15_singlets","Microglia","Gas6","old_2023",1,2,0.74711923657969,0.434702686447429,1.14644220060566,TRUE,3.62209534229854,85.6558079145967,50.8309448942175,FALSE,"descriptive; no KO contrast; animal n unknown"
"strict_mt15_singlets","Microglia","Gas6","new_2026",2,2,1.32750816038367,0.391182351274287,2.16095469440381,TRUE,5.63742935750012,128.324668785464,50.8309448942175,FALSE,"descriptive; no KO contrast; animal n unknown"
"strict_mt15_singlets","Microglia","Sema3e","old_2023",1,2,0.332620052732546,0.104275860114529,0.604028405472028,TRUE,0.151758464983327,18.0328016662309,14.2167687266911,FALSE,"descriptive; no KO contrast; animal n unknown"
"strict_mt15_singlets","Microglia","Sema3e","new_2026",2,2,0.680585103785064,-0.318629568382527,1.45171052703879,FALSE,1.14385653623014,23.0878846793817,14.2167687266911,FALSE,"descriptive; no KO contrast; animal n unknown"
"strict_mt15_singlets","Microglia","Plxnd1","old_2023",1,2,-0.404922446547186,-0.520035433185675,-0.279821900502285,TRUE,0.102365293469177,4.50820041655772,6.13094617016252,FALSE,"descriptive; no KO contrast; animal n unknown"
"strict_mt15_singlets","Microglia","Plxnd1","new_2026",2,2,1.55135268310676,0.385670718315723,2.2778856856229,TRUE,1.26189469431273,18.9347605329815,6.13094617016252,FALSE,"descriptive; no KO contrast; animal n unknown"
"strict_mt15_singlets","Microglia","Nrp1","old_2023",1,2,0.287076686534265,0.131027743578704,0.462075007645421,TRUE,6.49602673693123,211.885419578213,173.562815916867,FALSE,"descriptive; no KO contrast; animal n unknown"
"strict_mt15_singlets","Microglia","Nrp1","new_2026",2,2,-0.255030219051969,-0.514471274460197,0.0164434549079946,FALSE,-2.92624528780263,145.359345124006,173.562815916867,FALSE,"descriptive; no KO contrast; animal n unknown"
"strict_mt15_singlets","Microglia","Nrp2","old_2023",1,2,0.1627011915175,0.0576965875381195,0.27595256894551,TRUE,2.01881172610617,121.721411247058,108.686603149407,FALSE,"descriptive; no KO contrast; animal n unknown"
"strict_mt15_singlets","Microglia","Nrp2","new_2026",2,2,-0.587202595419805,-1.02027208596915,-0.206840072151236,TRUE,-2.39316116890427,72.1781326598087,108.686603149407,FALSE,"descriptive; no KO contrast; animal n unknown"
"strict_mt15_singlets","Microglia","Kirrel3","old_2023",1,2,1.50096892776321,1.49126117558275,1.51074244522545,TRUE,34.4806584328359,1442.62413329847,509.378875835134,FALSE,"descriptive; no KO contrast; animal n unknown"
"strict_mt15_singlets","Microglia","Kirrel3","new_2026",2,2,-0.371341255157473,-1.31604215447456,0.201058177477993,FALSE,8.00605720960406,393.668725567222,509.378875835134,FALSE,"descriptive; no KO contrast; animal n unknown"
"strict_mt15_singlets","Microglia","Sdk2","old_2023",1,2,1.37126565783555,0.939544603561418,1.9901854620748,TRUE,5.67621265563632,90.1640083311544,34.5463521617617,FALSE,"descriptive; no KO contrast; animal n unknown"
"strict_mt15_singlets","Microglia","Sdk2","new_2026",2,2,0.150032825599752,-0.913403643268376,1.20681042923735,FALSE,1.87987901571078,38.3872472564087,34.5463521617617,FALSE,"descriptive; no KO contrast; animal n unknown"
"strict_mt15_singlets","Microglia","Sema5b","old_2023",1,2,1.40070335174968,1.22433267950874,1.60167826247364,TRUE,3.4551212153047,63.1148058318081,23.593754566275,FALSE,"descriptive; no KO contrast; animal n unknown"
"strict_mt15_singlets","Microglia","Sema5b","new_2026",2,2,0.439937524799899,-0.717576991636266,1.2195343833848,FALSE,1.10794402554327,32.1842763018933,23.593754566275,FALSE,"descriptive; no KO contrast; animal n unknown"
"strict_mt15_singlets","Microglia","Cdh8","old_2023",1,2,2.47508983164143,2.11513103517066,2.9558282272178,TRUE,22.1921184144619,595.082454985619,106.618779143642,FALSE,"descriptive; no KO contrast; animal n unknown"
"strict_mt15_singlets","Microglia","Cdh8","new_2026",2,2,0.904370489900831,-0.288497875477637,1.90977850697785,FALSE,11.2525568765724,199.997175523664,106.618779143642,FALSE,"descriptive; no KO contrast; animal n unknown"
"strict_mt15_singlets","Microglia","Cdh9","old_2023",1,2,1.39206711490257,1.04529602794238,1.84948456637477,TRUE,4.77259173042232,148.770613746405,56.3748626569023,FALSE,"descriptive; no KO contrast; animal n unknown"
"strict_mt15_singlets","Microglia","Cdh9","new_2026",2,2,1.02591551218308,-0.492666767609585,2.12130134346346,FALSE,7.30527523015777,115.311504382902,56.3748626569023,FALSE,"descriptive; no KO contrast; animal n unknown"
"strict_mt15_singlets","Microglia","Cdh13","old_2023",1,2,1.30760842669471,1.22380269216537,1.39658428623642,TRUE,24.8788427111756,671.7218620671,271.070926231989,FALSE,"descriptive; no KO contrast; animal n unknown"
"strict_mt15_singlets","Microglia","Cdh13","new_2026",2,2,-0.143543553410125,-1.38097814203984,0.578172173710685,FALSE,7.60883000792898,245.351214622215,271.070926231989,FALSE,"descriptive; no KO contrast; animal n unknown"
"strict_mt15_singlets","Microglia","Cdh18","old_2023",1,2,1.33623200032886,1.17886769923036,1.51288664984105,TRUE,14.6588193411305,473.36104373856,187.174424774297,FALSE,"descriptive; no KO contrast; animal n unknown"
"strict_mt15_singlets","Microglia","Cdh18","new_2026",2,2,-0.0677562102405278,-0.975979549806913,0.600238884253614,FALSE,4.62664481431559,178.564065987542,187.174424774297,FALSE,"descriptive; no KO contrast; animal n unknown"
"strict_mt15_singlets","Microglia","C1ql3","old_2023",1,2,0.369303562072291,0.12238980206982,0.667383484487528,TRUE,0.748668548032014,103.688609580828,80.1582495384089,FALSE,"descriptive; no KO contrast; animal n unknown"
"strict_mt15_singlets","Microglia","C1ql3","new_2026",2,2,1.61486054959424,0.162043408516487,2.56048725621676,TRUE,13.7517797146576,246.541694105199,80.1582495384089,FALSE,"descriptive; no KO contrast; animal n unknown"
"strict_mt15_singlets","Microglia","Slit1","old_2023",1,2,0.884946779664181,0.70358898625997,1.09242555771444,TRUE,4.98552718220027,103.688609580828,55.9189133306062,FALSE,"descriptive; no KO contrast; animal n unknown"
"strict_mt15_singlets","Microglia","Slit1","new_2026",2,2,-0.692747495300754,-1.60725259064777,-0.00148139967308669,TRUE,0.441872570188062,34.4049436773515,55.9189133306062,FALSE,"descriptive; no KO contrast; animal n unknown"
"strict_mt15_singlets","Microglia","Slit2","old_2023",1,2,1.48314804807899,1.19307135042687,1.84661442356206,TRUE,15.2172780274265,329.098630408713,117.39987588568,FALSE,"descriptive; no KO contrast; animal n unknown"
"strict_mt15_singlets","Microglia","Slit2","new_2026",2,2,-0.333661980905751,-0.878820463548645,0.246489412817168,FALSE,4.16928904060945,93.0558789405659,117.39987588568,FALSE,"descriptive; no KO contrast; animal n unknown"
"strict_mt15_singlets","Microglia","Slit3","old_2023",1,2,1.38781394883902,1.05100500739203,1.82799911546781,TRUE,18.600340959366,806.967874563832,308.06852587868,FALSE,"descriptive; no KO contrast; animal n unknown"
"strict_mt15_singlets","Microglia","Slit3","new_2026",2,2,-0.948422870992987,-2.03435789872984,-0.0176304526801365,TRUE,-0.279290770156214,159.399789868631,308.06852587868,FALSE,"descriptive; no KO contrast; animal n unknown"
"strict_mt15_singlets","Microglia","Robo1","old_2023",1,2,1.73489872931867,1.65212803345352,1.82270875209067,TRUE,33.6357711328427,1429.0995320488,428.994731057928,FALSE,"descriptive; no KO contrast; animal n unknown"
"strict_mt15_singlets","Microglia","Robo1","new_2026",2,2,0.320095629388781,-0.541931907966617,0.911084553285573,FALSE,16.0704037205099,535.686933474208,428.994731057928,FALSE,"descriptive; no KO contrast; animal n unknown"
"strict_mt15_singlets","Microglia","Robo2","old_2023",1,2,1.59845025903725,1.39766960893025,1.83176197086233,TRUE,23.438585667061,590.574254569061,194.691350385131,FALSE,"descriptive; no KO contrast; animal n unknown"
"strict_mt15_singlets","Microglia","Robo2","new_2026",2,2,0.671474278774179,-0.297024687472829,1.40319449630445,FALSE,16.246516804773,310.381205895705,194.691350385131,FALSE,"descriptive; no KO contrast; animal n unknown"
"strict_mt15_singlets","Microglia","Ntng1","old_2023",1,2,0.978021593624781,0.952932698443714,1.00355452546113,TRUE,12.9879395727706,288.524826659694,146.230809431308,FALSE,"descriptive; no KO contrast; animal n unknown"
"strict_mt15_singlets","Microglia","Ntng1","new_2026",2,2,-0.325785521659363,-1.2759998652599,0.258862558246151,FALSE,4.55549802418562,116.571207861306,146.230809431308,FALSE,"descriptive; no KO contrast; animal n unknown"
"strict_mt15_singlets","Microglia","Ntng2","old_2023",1,2,2.12426085746844,1.81660605755589,2.51581892309005,TRUE,1.98009020779741,40.5738037490195,8.92103651328783,FALSE,"descriptive; no KO contrast; animal n unknown"
"strict_mt15_singlets","Microglia","Ntng2","new_2026",2,2,-0.319063461105356,-1.23863980092475,0.500825032392741,FALSE,0.265530708858106,7.05180930281323,8.92103651328783,FALSE,"descriptive; no KO contrast; animal n unknown"
"strict_mt15_singlets","Microglia","Lrrc4c","old_2023",1,2,1.49321654053291,1.21167026707475,1.84336557957848,TRUE,24.5905247519529,2677.87104743529,950.910133941854,FALSE,"descriptive; no KO contrast; animal n unknown"
"strict_mt15_singlets","Microglia","Lrrc4c","new_2026",2,2,-0.101342690034356,-1.03713510048145,0.697276616163695,FALSE,13.2077359269651,886.371264286012,950.910133941854,FALSE,"descriptive; no KO contrast; animal n unknown"
"strict_mt15_singlets","Microglia","Lrrc4","old_2023",1,2,-0.323008071583784,-0.469826046718248,-0.159538371134778,TRUE,-2.67679265834745,302.049427909367,377.969994999777,FALSE,"descriptive; no KO contrast; animal n unknown"
"strict_mt15_singlets","Microglia","Lrrc4","new_2026",2,2,-2.14950950825785,-2.67185825796835,-1.68834568880999,TRUE,-22.2560219589647,84.8030611779353,377.969994999777,FALSE,"descriptive; no KO contrast; animal n unknown"
"strict_mt15_singlets","Microglia","Adgrb3","old_2023",1,2,1.67311920933646,1.51603072430323,1.84942626230563,TRUE,37.5203733509157,2943.85487201219,922.775017574401,FALSE,"descriptive; no KO contrast; animal n unknown"
"strict_mt15_singlets","Microglia","Adgrb3","new_2026",2,2,0.249917654585876,-0.589591281175185,0.887628613136004,FALSE,20.0112369637571,1097.40255269155,922.775017574401,FALSE,"descriptive; no KO contrast; animal n unknown"
"strict_mt15_singlets","Microglia","Igsf21","old_2023",1,2,1.63596070488317,1.31567689891118,2.04826188035358,TRUE,4.22205178575174,63.1148058318081,19.9684502663904,FALSE,"descriptive; no KO contrast; animal n unknown"
"strict_mt15_singlets","Microglia","Igsf21","new_2026",2,2,0.292665959993563,-0.307067019541737,0.938971088125951,FALSE,1.20249693130354,24.5718392552984,19.9684502663904,FALSE,"descriptive; no KO contrast; animal n unknown"
"strict_mt15_singlets","Microglia","Nrxn2","old_2023",1,2,1.44337804353289,1.38670898785789,1.50236439289287,TRUE,16.212513983548,306.557628325925,112.406723606907,FALSE,"descriptive; no KO contrast; animal n unknown"
"strict_mt15_singlets","Microglia","Nrxn2","new_2026",2,2,0.597449428197697,-0.00529652742995168,1.05163024264842,FALSE,8.64479083542709,170.332306178578,112.406723606907,FALSE,"descriptive; no KO contrast; animal n unknown"
"strict_mt15_singlets","Microglia","Cntn4","old_2023",1,2,1.2809756874445,1.26806544439629,1.29400250433534,TRUE,13.716951105383,716.803866232677,294.682812260047,FALSE,"descriptive; no KO contrast; animal n unknown"
"strict_mt15_singlets","Microglia","Cntn4","new_2026",2,2,-0.233083188517649,-0.703177065491161,0.126580794674293,FALSE,3.7190331310355,250.645866563844,294.682812260047,FALSE,"descriptive; no KO contrast; animal n unknown"
"strict_mt15_singlets","Microglia","Cntn6","old_2023",1,2,1.49138873885223,1.32198407120062,1.68336509184485,TRUE,8.70198259541151,180.328016662309,63.8151035719031,FALSE,"descriptive; no KO contrast; animal n unknown"
"strict_mt15_singlets","Microglia","Cntn6","new_2026",2,2,0.191860462656643,-0.654865687670175,0.842927204099671,FALSE,1.39650136220349,72.9630115011031,63.8151035719031,FALSE,"descriptive; no KO contrast; animal n unknown"
"strict_mt15_singlets","Microglia","Ptprg","old_2023",1,2,1.60154633399581,1.5207178169841,1.68717353512541,TRUE,29.7298523289105,743.853068732024,244.781897480205,FALSE,"descriptive; no KO contrast; animal n unknown"
"strict_mt15_singlets","Microglia","Ptprg","new_2026",2,2,0.515684171758594,-0.458836469339591,1.14902285618101,FALSE,10.4647944099996,350.172654755776,244.781897480205,FALSE,"descriptive; no KO contrast; animal n unknown"
"strict_mt15_singlets","Microglia","Plxna1","old_2023",1,2,0.723952287557755,0.517061766247987,0.965560117385753,TRUE,0.725165868531144,13.5246012496732,7.99100639891273,FALSE,"descriptive; no KO contrast; animal n unknown"
"strict_mt15_singlets","Microglia","Plxna1","new_2026",2,2,2.16749670842238,1.14558324285141,2.92673354454063,TRUE,3.3675717746522,37.6452699684504,7.99100639891273,FALSE,"descriptive; no KO contrast; animal n unknown"
"strict_mt15_singlets","Microglia","Plxna3","old_2023",1,2,0.505817005670215,-0.147455801042299,1.7326036680502,FALSE,0.667513195573394,13.5246012496732,9.37698583958393,FALSE,"descriptive; no KO contrast; animal n unknown"
"strict_mt15_singlets","Microglia","Plxna3","new_2026",2,2,-0.312726695542172,-1.01727768732645,0.963577939362089,FALSE,0.0713624307972989,7.45214545608568,9.37698583958393,FALSE,"descriptive; no KO contrast; animal n unknown"
"strict_mt15_singlets","OPC","Mef2c","old_2023",1,2,0.538675675898726,0.477536099358855,0.602521374647549,TRUE,7.36874864752217,296.816176857355,204.17321111696,FALSE,"descriptive; no KO contrast; animal n unknown"
"strict_mt15_singlets","OPC","Mef2c","new_2026",2,2,0.833680997370992,0.431653895137942,1.17306370074051,TRUE,14.942374590125,364.27409637076,204.17321111696,FALSE,"descriptive; no KO contrast; animal n unknown"
"strict_mt15_singlets","OPC","Mef2a","old_2023",1,2,-0.0564442712894839,-0.179943595096895,0.0786251527384891,FALSE,-0.125503132258391,180.344006191811,187.559612986938,FALSE,"descriptive; no KO contrast; animal n unknown"
"strict_mt15_singlets","OPC","Mef2a","new_2026",2,2,-0.0146239419181546,-0.323802559346018,0.28492930280322,FALSE,0.493788838241741,185.662967380578,187.559612986938,FALSE,"descriptive; no KO contrast; animal n unknown"
"strict_mt15_singlets","OPC","Mef2d","old_2023",1,2,-0.451339020510066,-0.457585814645949,-0.445065060412192,TRUE,-1.47868096218176,48.8431683436154,66.9673443282994,FALSE,"descriptive; no KO contrast; animal n unknown"
"strict_mt15_singlets","OPC","Mef2d","new_2026",2,2,-0.478175894734655,-0.55144823633242,-0.407852541814988,TRUE,-1.59479242109468,47.9337759158311,66.9673443282994,FALSE,"descriptive; no KO contrast; animal n unknown"
"strict_mt15_singlets","OPC","Arc","old_2023",1,2,1.89236559874942,1.24714514237028,3.08989361597383,TRUE,0.315525328753977,3.75716679566273,0.646731805494116,FALSE,"descriptive; no KO contrast; animal n unknown"
"strict_mt15_singlets","OPC","Arc","new_2026",2,2,1.75204062508217,1.03418731001812,3.01871938846474,TRUE,0.185556704859768,3.36259025029433,0.646731805494116,FALSE,"descriptive; no KO contrast; animal n unknown"
"strict_mt15_singlets","OPC","Homer1","old_2023",1,2,0.266108051129465,0.140085461986204,0.404201844649998,TRUE,0.64785640490163,78.9005027089173,65.5262674301595,FALSE,"descriptive; no KO contrast; animal n unknown"
"strict_mt15_singlets","OPC","Homer1","new_2026",2,2,0.744426307342677,0.331054514825163,1.12203271402527,TRUE,3.75577249573836,110.11433039658,65.5262674301595,FALSE,"descriptive; no KO contrast; animal n unknown"
"strict_mt15_singlets","OPC","Nr4a1","old_2023",1,2,0.670081003534837,0.379960627984464,1.03361608819016,TRUE,0.809757677764996,33.8145011609645,21.0656825592983,FALSE,"descriptive; no KO contrast; animal n unknown"
"strict_mt15_singlets","OPC","Nr4a1","new_2026",2,2,0.158474092715529,-0.298457862149555,0.671516686403001,FALSE,0.0281681684986603,23.5695883972708,21.0656825592983,FALSE,"descriptive; no KO contrast; animal n unknown"
"strict_mt15_singlets","OPC","Bdnf","old_2023",1,2,2.80505454501928,2.15983408864014,4.00258256224369,TRUE,0.246425418026215,7.51433359132545,0.646731805494116,FALSE,"descriptive; no KO contrast; animal n unknown"
"strict_mt15_singlets","OPC","Bdnf","new_2026",2,2,3.92684944277434,3.03587460759029,5.33429904508165,TRUE,1.68399715805694,16.9405962747642,0.646731805494116,FALSE,"descriptive; no KO contrast; animal n unknown"
"strict_mt15_singlets","OPC","Pcdh10","old_2023",1,2,0.316801474324519,0.101002802637493,0.570654968433776,TRUE,3.4834172228894,244.215841718077,195.969589589576,FALSE,"descriptive; no KO contrast; animal n unknown"
"strict_mt15_singlets","OPC","Pcdh10","new_2026",2,2,0.850216053620299,0.400177562803685,1.30553676075011,TRUE,10.8838724581961,353.689655406861,195.969589589576,FALSE,"descriptive; no KO contrast; animal n unknown"
"strict_mt15_singlets","OPC","Npas4","old_2023",1,2,0.70774197694834,0.463722145891324,1.0016100028228,TRUE,0.449627237097286,3.75716679566273,2.10656825592983,FALSE,"descriptive; no KO contrast; animal n unknown"
"strict_mt15_singlets","OPC","Npas4","new_2026",2,2,1.00817877106121,0.469501275279854,1.5466102630474,TRUE,0.265247174002895,4.74277419287878,2.10656825592983,FALSE,"descriptive; no KO contrast; animal n unknown"
"strict_mt15_singlets","OPC","Fos","old_2023",1,2,-1.19752801722441,-1.84274847360355,0,FALSE,-0.112913715854894,0,0.646731805494116,FALSE,"descriptive; no KO contrast; animal n unknown"
"strict_mt15_singlets","OPC","Fos","new_2026",2,2,4.0120553924643,2.87881718469322,5.57359088339234,TRUE,1.68733543561451,18.0016676591173,0.646731805494116,FALSE,"descriptive; no KO contrast; animal n unknown"
"strict_mt15_singlets","OPC","Egr1","old_2023",1,2,1.30067866972509,0.871522964649016,1.91429894909267,TRUE,0.541260144021695,7.51433359132545,2.75330006142394,FALSE,"descriptive; no KO contrast; animal n unknown"
"strict_mt15_singlets","OPC","Egr1","new_2026",2,2,4.2733995974976,3.71726139905596,5.0037242409733,TRUE,5.95188924989503,62.4137516561512,2.75330006142394,FALSE,"descriptive; no KO contrast; animal n unknown"
"strict_mt15_singlets","OPC","Ncam1","old_2023",1,2,-0.00795256577013703,-0.12323800265707,0.117351699456037,FALSE,1.42723242875545,909.23436455038,914.262938729618,FALSE,"descriptive; no KO contrast; animal n unknown"
"strict_mt15_singlets","OPC","Ncam1","new_2026",2,2,-0.0809161671203154,-0.470404894994825,0.27470568579324,FALSE,-1.3569128983699,864.369073405456,914.262938729618,FALSE,"descriptive; no KO contrast; animal n unknown"
"strict_mt15_singlets","OPC","Sema6d","old_2023",1,2,0.630224841178289,0.539991347499345,0.726480764247254,TRUE,10.6920385407088,2979.43326896054,1924.76252587422,FALSE,"descriptive; no KO contrast; animal n unknown"
"strict_mt15_singlets","OPC","Sema6d","new_2026",2,2,-0.621640539398253,-0.814173187640822,-0.429861500720916,TRUE,-16.0925727925878,1250.78866005031,1924.76252587422,FALSE,"descriptive; no KO contrast; animal n unknown"
"strict_mt15_singlets","OPC","Cadm2","old_2023",1,2,0.439378010589196,0.389041812823011,0.491534147796001,TRUE,5.95750851698833,4159.18364279864,3067.06901073598,FALSE,"descriptive; no KO contrast; animal n unknown"
"strict_mt15_singlets","OPC","Cadm2","new_2026",2,2,-0.22720907951159,-0.383046928857604,-0.0767434687564812,TRUE,-1.12175673676036,2620.0810339685,3067.06901073598,FALSE,"descriptive; no KO contrast; animal n unknown"
"strict_mt15_singlets","OPC","Pcdh7","old_2023",1,2,0.239171120867657,0.152222763630679,0.331697665088212,TRUE,7.57657840639463,1427.72338235184,1209.5364629222,FALSE,"descriptive; no KO contrast; animal n unknown"
"strict_mt15_singlets","OPC","Pcdh7","new_2026",2,2,-0.206305034417386,-0.438273307066723,0.0179862754576714,FALSE,-5.93352181368525,1048.30428686546,1209.5364629222,FALSE,"descriptive; no KO contrast; animal n unknown"
"strict_mt15_singlets","OPC","Grip1","old_2023",1,2,0.824098806564506,0.596816752074632,1.09400666006099,TRUE,18.6076896218431,1033.22086880725,583.381646130269,FALSE,"descriptive; no KO contrast; animal n unknown"
"strict_mt15_singlets","OPC","Grip1","new_2026",2,2,-0.0295226222001953,-0.510433764559499,0.456021828849007,FALSE,-0.510465791208063,571.554793264884,583.381646130269,FALSE,"descriptive; no KO contrast; animal n unknown"
"strict_mt15_singlets","OPC","C1qa","old_2023",1,2,-1.97073326556995,-2.08828361315102,-1.84274847360355,TRUE,-0.130520559908118,0,1.45983645043571,TRUE,"descriptive; no KO contrast; animal n unknown"
"strict_mt15_singlets","OPC","C1qa","new_2026",2,2,2.52563605528835,2.04094120187765,2.94603092933084,TRUE,1.03950013881465,10.7852722728652,1.45983645043571,TRUE,"descriptive; no KO contrast; animal n unknown"
"strict_mt15_singlets","OPC","C1qb","old_2023",1,2,-2.47141697003421,-2.90782076849043,-1.84274847360355,TRUE,-0.18432894421915,0,2.27294109537731,TRUE,"descriptive; no KO contrast; animal n unknown"
"strict_mt15_singlets","OPC","C1qb","new_2026",2,2,2.37916720911718,1.6678047779666,3.23868549186947,TRUE,1.14645165656305,13.9258475642356,2.27294109537731,TRUE,"descriptive; no KO contrast; animal n unknown"
"strict_mt15_singlets","OPC","C1qc","old_2023",1,2,0.5344141610243,-0.337344560872766,3.08989361597383,FALSE,0.192324260932909,3.75716679566273,2.43931393482478,FALSE,"descriptive; no KO contrast; animal n unknown"
"strict_mt15_singlets","OPC","C1qc","new_2026",2,2,2.39620242793114,1.42685136161391,5.04308872430411,TRUE,1.21568414725678,14.9730090684342,2.43931393482478,FALSE,"descriptive; no KO contrast; animal n unknown"
"strict_mt15_singlets","OPC","C3","old_2023",1,2,0,0,0,FALSE,0,0,0,FALSE,"descriptive; no KO contrast; animal n unknown"
"strict_mt15_singlets","OPC","C3","new_2026",2,2,0.530100632726146,0,0.916904486783136,FALSE,0.0202623840565502,0.222014958923902,0,FALSE,"descriptive; no KO contrast; animal n unknown"
"strict_mt15_singlets","OPC","C4b","old_2023",1,2,-1.39298189317101,-2.08828361315102,0,FALSE,-0.066064161513621,0,0.813104644941595,FALSE,"descriptive; no KO contrast; animal n unknown"
"strict_mt15_singlets","OPC","C4b","new_2026",2,2,-0.337357139569028,-1.17137912636789,1.18216880494354,FALSE,-0.00390111445913362,0.539309074704525,0.813104644941595,FALSE,"descriptive; no KO contrast; animal n unknown"
"strict_mt15_singlets","OPC","Itgam","old_2023",1,2,3.75933408694411,3.11411363056498,4.95686210416852,TRUE,0.912046582370429,15.0286671826509,0.646731805494116,FALSE,"descriptive; no KO contrast; animal n unknown"
"strict_mt15_singlets","OPC","Itgam","new_2026",2,2,1.01921480590263,-0.155620764567828,2.60328945883629,FALSE,0.125672303687419,1.82421386043225,0.646731805494116,FALSE,"descriptive; no KO contrast; animal n unknown"
"strict_mt15_singlets","OPC","Trem2","old_2023",1,2,-1.84274847360355,-2.6261714700825,0,FALSE,-0.20279969879351,0,1.29346361098823,FALSE,"descriptive; no KO contrast; animal n unknown"
"strict_mt15_singlets","OPC","Trem2","new_2026",2,2,1.46211543036611,0.678426942220783,3.30512934678795,TRUE,0.240047840671926,4.44120839970338,1.29346361098823,FALSE,"descriptive; no KO contrast; animal n unknown"
"strict_mt15_singlets","OPC","Tyrobp","old_2023",1,2,-3.08160466961887,-3.42723817684659,-2.6261714700825,TRUE,-0.497901735263323,0,3.73277754581302,FALSE,"descriptive; no KO contrast; animal n unknown"
"strict_mt15_singlets","OPC","Tyrobp","new_2026",2,2,2.27820940646847,1.60527758333079,3.00024608576269,TRUE,1.55711070200131,20.0321681558682,3.73277754581302,FALSE,"descriptive; no KO contrast; animal n unknown"
"strict_mt15_singlets","OPC","Cd68","old_2023",1,2,-1.19752801722441,-1.84274847360355,0,FALSE,-0.0770311575626031,0,0.646731805494116,FALSE,"descriptive; no KO contrast; animal n unknown"
"strict_mt15_singlets","OPC","Cd68","new_2026",2,2,1.39031078152112,0.422547203465549,2.85128307682674,TRUE,0.139004329823734,2.50598705980919,0.646731805494116,FALSE,"descriptive; no KO contrast; animal n unknown"
"strict_mt15_singlets","OPC","Cx3cr1","old_2023",1,2,0.871168395592121,0.618608601617077,1.17752580129314,TRUE,1.57651095089708,30.0573343653018,16.2058142419445,TRUE,"descriptive; no KO contrast; animal n unknown"
"strict_mt15_singlets","OPC","Cx3cr1","new_2026",2,2,0.193722109224363,-0.549421985622771,0.865506910692551,FALSE,0.0387408371422187,18.6066176879188,16.2058142419445,TRUE,"descriptive; no KO contrast; animal n unknown"
"strict_mt15_singlets","OPC","P2ry12","old_2023",1,2,-0.747096248482653,-0.826750984633984,-0.662785242865932,TRUE,-3.28003001684214,67.6290023219291,113.84848358169,TRUE,"descriptive; no KO contrast; animal n unknown"
"strict_mt15_singlets","OPC","P2ry12","new_2026",2,2,-1.75123998436116,-2.02499153042755,-1.495875861523,TRUE,-6.67042130110885,33.4668008344403,113.84848358169,TRUE,"descriptive; no KO contrast; animal n unknown"
"strict_mt15_singlets","OPC","Csf1r","old_2023",1,2,0.456558046862007,-0.253559351958256,1.91429894909267,FALSE,0.293803176834974,7.51433359132545,5.34022728340041,TRUE,"descriptive; no KO contrast; animal n unknown"
"strict_mt15_singlets","OPC","Csf1r","new_2026",2,2,0.598528948251791,-0.126917099173275,2.07143734283582,FALSE,0.334672741891854,8.34310772470224,5.34022728340041,TRUE,"descriptive; no KO contrast; animal n unknown"
"strict_mt15_singlets","OPC","Mertk","old_2023",1,2,-0.387023799521688,-0.422632774492851,-0.35051362397454,TRUE,-3.00755538828394,75.1433359132545,98.4182548800951,FALSE,"descriptive; no KO contrast; animal n unknown"
"strict_mt15_singlets","OPC","Mertk","new_2026",2,2,-1.74880018256965,-2.27659220136324,-1.34598010052484,TRUE,-6.60436143838079,28.9330409415563,98.4182548800951,FALSE,"descriptive; no KO contrast; animal n unknown"
"strict_mt15_singlets","OPC","Megf10","old_2023",1,2,-5.17136997063685,-5.32297449722261,-5.00194302297597,TRUE,-1.73924676282573,0,17.5180374052285,FALSE,"descriptive; no KO contrast; animal n unknown"
"strict_mt15_singlets","OPC","Megf10","new_2026",2,2,-1.61620110654181,-2.22730175186025,-1.09881399955792,TRUE,-1.2683324847977,5.37736242444002,17.5180374052285,FALSE,"descriptive; no KO contrast; animal n unknown"
"strict_mt15_singlets","OPC","Axl","old_2023",1,2,0.0565274008447721,0.0369611094022964,0.0763627092624546,TRUE,0.00086122620264617,15.0286671826509,14.4319916649096,FALSE,"descriptive; no KO contrast; animal n unknown"
"strict_mt15_singlets","OPC","Axl","new_2026",2,2,-1.33746487962139,-1.4328407110502,-1.24560551870764,TRUE,-1.01596479510483,5.40881906965048,14.4319916649096,FALSE,"descriptive; no KO contrast; animal n unknown"
"strict_mt15_singlets","OPC","Gas6","old_2023",1,2,-0.918921145780511,-0.977778160708603,-0.857560463238859,TRUE,-4.52626902179761,52.6003351392782,99.8968508828266,FALSE,"descriptive; no KO contrast; animal n unknown"
"strict_mt15_singlets","OPC","Gas6","new_2026",2,2,-0.871956112519704,-0.95338997864574,-0.788366448890025,TRUE,-4.29317204327579,54.3573906232444,99.8968508828266,FALSE,"descriptive; no KO contrast; animal n unknown"
"strict_mt15_singlets","OPC","Sema3e","old_2023",1,2,-1.21447257614393,-1.51587424520106,-0.83300983608204,TRUE,-1.85547821435957,15.0286671826509,35.5351933287995,FALSE,"descriptive; no KO contrast; animal n unknown"
"strict_mt15_singlets","OPC","Sema3e","new_2026",2,2,-0.62353732097278,-1.48914691841277,0.162472582122666,FALSE,-1.24679608793554,22.8896336403445,35.5351933287995,FALSE,"descriptive; no KO contrast; animal n unknown"
"strict_mt15_singlets","OPC","Plxnd1","old_2023",1,2,-3.76970928481171,-4.04627830128206,-3.42723817684659,TRUE,-0.627574467075058,0,6.31970476778948,FALSE,"descriptive; no KO contrast; animal n unknown"
"strict_mt15_singlets","OPC","Plxnd1","new_2026",2,2,0.939464288149282,0.148846165742989,1.66016475063084,TRUE,0.568544699803473,12.5789387093123,6.31970476778948,FALSE,"descriptive; no KO contrast; animal n unknown"
"strict_mt15_singlets","OPC","Nrp1","old_2023",1,2,1.8434167831019,1.48591841715048,2.31975921523705,TRUE,3.20292162902295,60.1146687306036,16.3909466336878,FALSE,"descriptive; no KO contrast; animal n unknown"
"strict_mt15_singlets","OPC","Nrp1","new_2026",2,2,1.50463815435329,0.643370467189261,2.35364106498811,TRUE,2.87161380553756,47.4286511500131,16.3909466336878,FALSE,"descriptive; no KO contrast; animal n unknown"
"strict_mt15_singlets","OPC","Nrp2","old_2023",1,2,0.522816310127641,0.346885915188246,0.723219523320526,TRUE,1.44857155459649,60.1146687306036,41.6885252571415,FALSE,"descriptive; no KO contrast; animal n unknown"
"strict_mt15_singlets","OPC","Nrp2","new_2026",2,2,0.174848977631706,-0.00608326544027804,0.380236757363346,FALSE,0.151751440373188,47.1243576931617,41.6885252571415,FALSE,"descriptive; no KO contrast; animal n unknown"
"strict_mt15_singlets","OPC","Kirrel3","old_2023",1,2,0.488749450870328,0.443629852238816,0.535325825962778,TRUE,12.9632123287503,984.377700463634,701.365764883421,FALSE,"descriptive; no KO contrast; animal n unknown"
"strict_mt15_singlets","OPC","Kirrel3","new_2026",2,2,-0.470162896222196,-0.929762717493116,-0.101992895581029,TRUE,-14.0252944294665,506.165023313217,701.365764883421,FALSE,"descriptive; no KO contrast; animal n unknown"
"strict_mt15_singlets","OPC","Sdk2","old_2023",1,2,-0.698175909562945,-0.830539031256246,-0.552430758092372,TRUE,-1.71857386055937,26.3001675696391,42.9819888681297,FALSE,"descriptive; no KO contrast; animal n unknown"
"strict_mt15_singlets","OPC","Sdk2","new_2026",2,2,-0.213260028979353,-0.824114426831415,0.291187662174314,FALSE,-0.690890442935824,37.0069487395189,42.9819888681297,FALSE,"descriptive; no KO contrast; animal n unknown"
"strict_mt15_singlets","OPC","Sema5b","old_2023",1,2,-0.407522779117734,-0.531969707186565,-0.271318926069089,TRUE,-7.80541060729368,274.273176083379,363.960875572243,FALSE,"descriptive; no KO contrast; animal n unknown"
"strict_mt15_singlets","OPC","Sema5b","new_2026",2,2,-1.70769566531811,-1.92498303963786,-1.48426632867242,TRUE,-18.9895944613192,111.079213402851,363.960875572243,FALSE,"descriptive; no KO contrast; animal n unknown"
"strict_mt15_singlets","OPC","Cdh8","old_2023",1,2,1.73631586764544,1.62525273819593,1.85664745272117,TRUE,5.51691435992984,146.529505030846,43.6287206736238,FALSE,"descriptive; no KO contrast; animal n unknown"
"strict_mt15_singlets","OPC","Cdh8","new_2026",2,2,1.95159115291496,1.18845387802304,2.51938052442963,TRUE,10.8845939198221,170.190288873678,43.6287206736238,FALSE,"descriptive; no KO contrast; animal n unknown"
"strict_mt15_singlets","OPC","Cdh9","old_2023",1,2,1.25850651367411,0.861722130628781,1.80764132671424,TRUE,3.0803908521046,63.8718355262664,26.4059098426987,FALSE,"descriptive; no KO contrast; animal n unknown"
"strict_mt15_singlets","OPC","Cdh9","new_2026",2,2,1.51289895084787,0.246258722026152,2.60086835790474,TRUE,4.64155272604056,76.2848689209939,26.4059098426987,FALSE,"descriptive; no KO contrast; animal n unknown"
"strict_mt15_singlets","OPC","Cdh13","old_2023",1,2,0.0608144518123525,0.019430554988686,0.103420597813576,TRUE,-1.02953052954015,1115.87853831183,1069.79748443723,FALSE,"descriptive; no KO contrast; animal n unknown"
"strict_mt15_singlets","OPC","Cdh13","new_2026",2,2,-1.13385662934302,-1.38980041967089,-0.90450783420842,TRUE,-28.7550953837679,487.230200854814,1069.79748443723,FALSE,"descriptive; no KO contrast; animal n unknown"
"strict_mt15_singlets","OPC","Cdh18","old_2023",1,2,-0.0759002099280294,-0.140317926490403,-0.00847119978853161,TRUE,2.54283938763186,240.458674922415,253.47490475288,FALSE,"descriptive; no KO contrast; animal n unknown"
"strict_mt15_singlets","OPC","Cdh18","new_2026",2,2,-0.386010814700014,-0.846473716619241,-0.00817027984105234,TRUE,-2.98611957819011,193.85242876413,253.47490475288,FALSE,"descriptive; no KO contrast; animal n unknown"
"strict_mt15_singlets","OPC","C1ql3","old_2023",1,2,-0.308050413057138,-0.586872458035168,0.037887881788925,FALSE,-0.90780024871314,60.1146687306036,74.5429936024855,FALSE,"descriptive; no KO contrast; animal n unknown"
"strict_mt15_singlets","OPC","C1ql3","new_2026",2,2,1.77478492656044,1.05708952092371,2.45676606572322,TRUE,14.1129827252197,256.287364070238,74.5429936024855,FALSE,"descriptive; no KO contrast; animal n unknown"
"strict_mt15_singlets","OPC","Slit1","old_2023",1,2,-1.49139181283164,-1.55757358525051,-1.42202745516397,TRUE,-1.45856127239283,11.2715003869882,32.5967608756323,FALSE,"descriptive; no KO contrast; animal n unknown"
"strict_mt15_singlets","OPC","Slit1","new_2026",2,2,-0.363704037216743,-1.11110348135921,0.166519568614008,FALSE,-0.0460703875826081,25.2216999302708,32.5967608756323,FALSE,"descriptive; no KO contrast; animal n unknown"
"strict_mt15_singlets","OPC","Slit2","old_2023",1,2,1.15777952041052,1.08025201922909,1.23971097117161,TRUE,4.60857735289525,142.772338235184,63.714925748533,FALSE,"descriptive; no KO contrast; animal n unknown"
"strict_mt15_singlets","OPC","Slit2","new_2026",2,2,1.05694108049512,0.576886390208208,1.45324203485714,TRUE,5.17873372557679,133.100152415006,63.714925748533,FALSE,"descriptive; no KO contrast; animal n unknown"
"strict_mt15_singlets","OPC","Slit3","old_2023",1,2,0.900447611300608,0.568099029124918,1.33302161360432,TRUE,4.33257240242637,172.829672600485,92.3562575820174,FALSE,"descriptive; no KO contrast; animal n unknown"
"strict_mt15_singlets","OPC","Slit3","new_2026",2,2,0.732425608678553,-0.381435563072597,1.66910483001369,FALSE,6.02109857174627,153.774182572239,92.3562575820174,FALSE,"descriptive; no KO contrast; animal n unknown"
"strict_mt15_singlets","OPC","Robo1","old_2023",1,2,0.212630669676139,0.193874051178129,0.231634360532682,TRUE,0.410112590011209,1142.17870588147,985.588569725714,FALSE,"descriptive; no KO contrast; animal n unknown"
"strict_mt15_singlets","OPC","Robo1","new_2026",2,2,-0.167399862148681,-0.388561298873503,0.0290743544610841,FALSE,-5.86664144402234,877.558689032696,985.588569725714,FALSE,"descriptive; no KO contrast; animal n unknown"
"strict_mt15_singlets","OPC","Robo2","old_2023",1,2,0.647910806349809,0.583163635171772,0.715700884779849,TRUE,4.1396281553868,176.586839396148,112.51750086611,FALSE,"descriptive; no KO contrast; animal n unknown"
"strict_mt15_singlets","OPC","Robo2","new_2026",2,2,1.31067514735712,0.602240778728458,1.82199234461313,TRUE,13.4994554601326,279.848497914706,112.51750086611,FALSE,"descriptive; no KO contrast; animal n unknown"
"strict_mt15_singlets","OPC","Ntng1","old_2023",1,2,0.612552346088832,0.577235795478319,0.648755171576509,TRUE,3.94012204369444,123.98650425687,80.9189770271624,FALSE,"descriptive; no KO contrast; animal n unknown"
"strict_mt15_singlets","OPC","Ntng1","new_2026",2,2,0.960371362418333,0.441185456272459,1.35827827819696,TRUE,5.46219464103221,157.925916616471,80.9189770271624,FALSE,"descriptive; no KO contrast; animal n unknown"
"strict_mt15_singlets","OPC","Ntng2","old_2023",1,2,-0.308258298567821,-0.620378872507709,0.0905800533842696,FALSE,-0.594838706776439,22.5430007739764,28.0321191325819,FALSE,"descriptive; no KO contrast; animal n unknown"
"strict_mt15_singlets","OPC","Ntng2","new_2026",2,2,-1.09424937710281,-1.52994937357909,-0.581587106968528,TRUE,-1.412825810021,12.8638669586571,28.0321191325819,FALSE,"descriptive; no KO contrast; animal n unknown"
"strict_mt15_singlets","OPC","Lrrc4c","old_2023",1,2,-0.1510107115508,-0.200455251566369,-0.0998112687847925,TRUE,-0.739114959617709,5594.4213587418,6211.80457991935,FALSE,"descriptive; no KO contrast; animal n unknown"
"strict_mt15_singlets","OPC","Lrrc4c","new_2026",2,2,-0.992735539814148,-1.05021628995139,-0.933544402985675,TRUE,-10.9992818259666,3121.3322670085,6211.80457991935,FALSE,"descriptive; no KO contrast; animal n unknown"
"strict_mt15_singlets","OPC","Lrrc4","old_2023",1,2,0.192259956939609,0.189872697573596,0.194651173104758,TRUE,2.91108132756969,300.573343653018,263.009508995844,FALSE,"descriptive; no KO contrast; animal n unknown"
"strict_mt15_singlets","OPC","Lrrc4","new_2026",2,2,-1.3431042402889,-1.42605679659678,-1.26440982217752,TRUE,-13.3652547621066,103.367966246034,263.009508995844,FALSE,"descriptive; no KO contrast; animal n unknown"
"strict_mt15_singlets","OPC","Adgrb3","old_2023",1,2,0.537494351947893,0.505748204446093,0.56995481334404,TRUE,10.1810672436378,2941.86160100391,2026.68844367258,FALSE,"descriptive; no KO contrast; animal n unknown"
"strict_mt15_singlets","OPC","Adgrb3","new_2026",2,2,-0.154254130833075,-0.34706109370908,0.0230786516397377,FALSE,-3.85286698848229,1821.12509870479,2026.68844367258,FALSE,"descriptive; no KO contrast; animal n unknown"
"strict_mt15_singlets","OPC","Igsf21","old_2023",1,2,-0.589251488390635,-0.675801748668006,-0.4971756450774,TRUE,-5.06041857205241,127.743671052533,192.438240856587,FALSE,"descriptive; no KO contrast; animal n unknown"
"strict_mt15_singlets","OPC","Igsf21","new_2026",2,2,-1.48465792253079,-1.68364314454979,-1.28827963884122,TRUE,-9.88920077353355,68.4432490772083,192.438240856587,FALSE,"descriptive; no KO contrast; animal n unknown"
"strict_mt15_singlets","OPC","Nrxn2","old_2023",1,2,-0.914738789377418,-0.93678906657796,-0.892346255971558,TRUE,-22.8616289505071,413.2883475229,779.585257374832,FALSE,"descriptive; no KO contrast; animal n unknown"
"strict_mt15_singlets","OPC","Nrxn2","new_2026",2,2,-1.12852348972437,-1.56210369677324,-0.78631150375476,TRUE,-23.8440745824398,356.29819539333,779.585257374832,FALSE,"descriptive; no KO contrast; animal n unknown"
"strict_mt15_singlets","OPC","Cntn4","old_2023",1,2,-0.218036261833861,-0.238631225014888,-0.197143035592253,TRUE,-4.43872542053808,984.377700463634,1145.05978492318,FALSE,"descriptive; no KO contrast; animal n unknown"
"strict_mt15_singlets","OPC","Cntn4","new_2026",2,2,-0.932993767955121,-1.08326064191724,-0.793128636958041,TRUE,-21.6454450663767,599.510222103015,1145.05978492318,FALSE,"descriptive; no KO contrast; animal n unknown"
"strict_mt15_singlets","OPC","Cntn6","old_2023",1,2,0.0699406037548716,-0.0096378523867271,0.154166152891096,FALSE,0.643381666108144,247.97300851374,236.214574817363,FALSE,"descriptive; no KO contrast; animal n unknown"
"strict_mt15_singlets","OPC","Cntn6","new_2026",2,2,-0.485616318010806,-0.568558826444784,-0.398034542578374,TRUE,-4.86810402787966,168.55963255241,236.214574817363,FALSE,"descriptive; no KO contrast; animal n unknown"
"strict_mt15_singlets","OPC","Ptprg","old_2023",1,2,0.240571867347968,0.232204602057694,0.248987943884998,TRUE,8.04048193024003,1243.62220936436,1052.53715450172,FALSE,"descriptive; no KO contrast; animal n unknown"
"strict_mt15_singlets","OPC","Ptprg","new_2026",2,2,-0.667042742524351,-0.944289836534766,-0.432073395677172,TRUE,-15.8751053109255,662.698936111174,1052.53715450172,FALSE,"descriptive; no KO contrast; animal n unknown"
"strict_mt15_singlets","OPC","Plxna1","old_2023",1,2,0.593903447187229,0.447690825934564,0.756622888681759,TRUE,0.341851381476653,11.2715003869882,7.29918225217855,FALSE,"descriptive; no KO contrast; animal n unknown"
"strict_mt15_singlets","OPC","Plxna1","new_2026",2,2,2.11611225549383,1.39517997456086,2.68872037525327,TRUE,2.79731346276195,33.3113360508387,7.29918225217855,FALSE,"descriptive; no KO contrast; animal n unknown"
"strict_mt15_singlets","OPC","Plxna3","old_2023",1,2,-1.12980331543471,-1.43309408318534,-0.7453027777329,TRUE,-1.0250553876731,7.51433359132545,17.0376784391819,FALSE,"descriptive; no KO contrast; animal n unknown"
"strict_mt15_singlets","OPC","Plxna3","new_2026",2,2,-0.321951839762616,-0.670260440798319,0.106204198483911,FALSE,-0.334291263850652,13.5299118354288,17.0376784391819,FALSE,"descriptive; no KO contrast; animal n unknown"
"strict_mt15_singlets","Oligodendrocyte","Mef2c","old_2023",1,2,-0.000807181320028417,-0.196528593399002,0.22569724971299,FALSE,3.23085718398473,195.709078454877,195.818887258632,FALSE,"descriptive; no KO contrast; animal n unknown"
"strict_mt15_singlets","Oligodendrocyte","Mef2c","new_2026",2,2,0.635033915937476,0.071790325920003,1.15418747223584,TRUE,17.6576087306627,304.378178278824,195.818887258632,FALSE,"descriptive; no KO contrast; animal n unknown"
"strict_mt15_singlets","Oligodendrocyte","Mef2a","old_2023",1,2,0.0409413058320276,-0.148754327368839,0.259410490561984,FALSE,-0.836554081237335,163.090898712397,158.513712489343,FALSE,"descriptive; no KO contrast; animal n unknown"
"strict_mt15_singlets","Oligodendrocyte","Mef2a","new_2026",2,2,-0.132160681043843,-0.353068138138608,0.116859353417347,FALSE,-0.0369614394878024,144.594265360323,158.513712489343,FALSE,"descriptive; no KO contrast; animal n unknown"
"strict_mt15_singlets","Oligodendrocyte","Mef2d","old_2023",1,2,0.591338843868972,0.374172590758759,0.847088274426316,TRUE,4.04160535358512,154.936353776777,102.667253843712,FALSE,"descriptive; no KO contrast; animal n unknown"
"strict_mt15_singlets","Oligodendrocyte","Mef2d","new_2026",2,2,-0.93998409284926,-1.30602442602861,-0.549296297780933,TRUE,-5.32813871506637,53.2747578030697,102.667253843712,FALSE,"descriptive; no KO contrast; animal n unknown"
"strict_mt15_singlets","Oligodendrocyte","Arc","old_2023",1,2,-3.31990907642767,-3.32810982264598,-3.31166144788857,TRUE,-0.429540393910679,0,4.49300750929189,FALSE,"descriptive; no KO contrast; animal n unknown"
"strict_mt15_singlets","Oligodendrocyte","Arc","new_2026",2,2,-0.764355631653467,-3.32810982264598,0.11565759672191,FALSE,-0.318789132689915,2.43946468386977,4.49300750929189,FALSE,"descriptive; no KO contrast; animal n unknown"
"strict_mt15_singlets","Oligodendrocyte","Homer1","old_2023",1,2,0.150331699602508,0.14255933204446,0.158146166882219,TRUE,2.30105966418963,106.009084163058,95.4692938994631,FALSE,"descriptive; no KO contrast; animal n unknown"
"strict_mt15_singlets","Oligodendrocyte","Homer1","new_2026",2,2,0.435619728917369,0.344049339983147,0.522630904832371,TRUE,6.39180040294141,129.297672410237,95.4692938994631,FALSE,"descriptive; no KO contrast; animal n unknown"
"strict_mt15_singlets","Oligodendrocyte","Nr4a1","old_2023",1,2,-4.57456146090406,-4.67553348837117,-4.46598714661922,TRUE,-1.01398026070567,0,11.4137976919588,FALSE,"descriptive; no KO contrast; animal n unknown"
"strict_mt15_singlets","Oligodendrocyte","Nr4a1","new_2026",2,2,0.85094331089625,-0.142285570545167,1.50670026936721,FALSE,0.743166979427482,20.9886772124494,11.4137976919588,FALSE,"descriptive; no KO contrast; animal n unknown"
"strict_mt15_singlets","Oligodendrocyte","Bdnf","old_2023",1,2,2.8402452956505,2.33009465876484,3.63660282917789,TRUE,2.37408266569267,24.4636348068596,2.98585077554168,FALSE,"descriptive; no KO contrast; animal n unknown"
"strict_mt15_singlets","Oligodendrocyte","Bdnf","new_2026",2,2,1.96158873525629,1.25930761572148,2.92747090250423,TRUE,1.36939580765449,13.0770632151728,2.98585077554168,FALSE,"descriptive; no KO contrast; animal n unknown"
"strict_mt15_singlets","Oligodendrocyte","Pcdh10","old_2023",1,2,1.10361067999008,0.882185136965351,1.36529254388938,TRUE,4.99823626093437,179.399988583637,83.2165297647529,FALSE,"descriptive; no KO contrast; animal n unknown"
"strict_mt15_singlets","Oligodendrocyte","Pcdh10","new_2026",2,2,1.25940623832543,0.682311365564358,1.80618608482959,TRUE,10.9526524207155,199.915022605197,83.2165297647529,FALSE,"descriptive; no KO contrast; animal n unknown"
"strict_mt15_singlets","Oligodendrocyte","Npas4","old_2023",1,2,-3.56404482211583,-4.05536112949841,-2.81324288168167,TRUE,-0.539989793609863,0,5.41363344891672,FALSE,"descriptive; no KO contrast; animal n unknown"
"strict_mt15_singlets","Oligodendrocyte","Npas4","new_2026",2,2,-1.00849137734162,-4.05536112949841,0.614076162928815,FALSE,-0.374262607080559,2.43946468386977,5.41363344891672,FALSE,"descriptive; no KO contrast; animal n unknown"
"strict_mt15_singlets","Oligodendrocyte","Fos","old_2023",1,2,-2.12048751447983,-2.94426198846646,0,FALSE,-0.0999614414126317,0,1.67420430649993,FALSE,"descriptive; no KO contrast; animal n unknown"
"strict_mt15_singlets","Oligodendrocyte","Fos","new_2026",2,2,1.56029123353803,0.123545174009537,4.10961947673098,TRUE,0.445251934711788,5.91201921131878,1.67420430649993,FALSE,"descriptive; no KO contrast; animal n unknown"
"strict_mt15_singlets","Oligodendrocyte","Egr1","old_2023",1,2,-3.82511296665596,-4.65044909245271,-1.69254879031471,TRUE,-0.840203167842643,0,6.58669503716749,FALSE,"descriptive; no KO contrast; animal n unknown"
"strict_mt15_singlets","Oligodendrocyte","Egr1","new_2026",2,2,2.36122852627331,1.25835977204859,4.72645251356724,TRUE,3.80969521390568,35.9119851658247,6.58669503716749,FALSE,"descriptive; no KO contrast; animal n unknown"
"strict_mt15_singlets","Oligodendrocyte","Ncam1","old_2023",1,2,0.521118471442207,0.42778945681702,0.62090516905833,TRUE,6.89413958343989,1500.43626815406,1045.39951278123,FALSE,"descriptive; no KO contrast; animal n unknown"
"strict_mt15_singlets","Oligodendrocyte","Ncam1","new_2026",2,2,0.318259122573573,-0.0143345959858117,0.623216867270918,FALSE,8.97758626870331,1303.55378189761,1045.39951278123,FALSE,"descriptive; no KO contrast; animal n unknown"
"strict_mt15_singlets","Oligodendrocyte","Sema6d","old_2023",1,2,1.67104265596063,1.55313210210666,1.79945460069264,TRUE,33.8133358595951,1345.49991437728,422.179386879691,FALSE,"descriptive; no KO contrast; animal n unknown"
"strict_mt15_singlets","Oligodendrocyte","Sema6d","new_2026",2,2,0.441096801255571,0.249612300062973,0.639511962850221,TRUE,11.4330107130434,573.344782025798,422.179386879691,FALSE,"descriptive; no KO contrast; animal n unknown"
"strict_mt15_singlets","Oligodendrocyte","Cadm2","old_2023",1,2,1.2939165596831,1.26244160685471,1.32609353888665,TRUE,24.0838423062059,6042.51779729432,2464.09848362609,FALSE,"descriptive; no KO contrast; animal n unknown"
"strict_mt15_singlets","Oligodendrocyte","Cadm2","new_2026",2,2,0.708002419093234,0.416527471239775,0.960400469172445,TRUE,20.578195021102,4025.52198470344,2464.09848362609,FALSE,"descriptive; no KO contrast; animal n unknown"
"strict_mt15_singlets","Oligodendrocyte","Pcdh7","old_2023",1,2,0.619493567126714,0.553355937538067,0.688809435073637,TRUE,26.246109592291,2054.94532377621,1337.38807550128,FALSE,"descriptive; no KO contrast; animal n unknown"
"strict_mt15_singlets","Oligodendrocyte","Pcdh7","new_2026",2,2,0.199492395618714,0.105070051906949,0.296549088692096,TRUE,14.6336554796028,1535.78920141899,1337.38807550128,FALSE,"descriptive; no KO contrast; animal n unknown"
"strict_mt15_singlets","Oligodendrocyte","Grip1","old_2023",1,2,1.76962203328749,1.54280474582951,2.03887414065749,TRUE,18.5347744336129,856.227218240086,250.765725498592,FALSE,"descriptive; no KO contrast; animal n unknown"
"strict_mt15_singlets","Oligodendrocyte","Grip1","new_2026",2,2,0.775492039409718,0.251969122154161,1.29071521761397,TRUE,16.9541126485077,429.610076215945,250.765725498592,FALSE,"descriptive; no KO contrast; animal n unknown"
"strict_mt15_singlets","Oligodendrocyte","C1qa","old_2023",1,2,0.738135506683384,0.406678359311412,1.16919597481299,TRUE,-0.203878350624066,8.15454493561987,4.68851777400036,TRUE,"descriptive; no KO contrast; animal n unknown"
"strict_mt15_singlets","Oligodendrocyte","C1qa","new_2026",2,2,1.42690677162093,0.27232730010074,2.37879943702227,TRUE,0.27347851581858,13.4503482118841,4.68851777400036,TRUE,"descriptive; no KO contrast; animal n unknown"
"strict_mt15_singlets","Oligodendrocyte","C1qb","old_2023",1,2,-3.52270508607479,-3.70677960396803,-3.31166144788857,TRUE,-0.528403124015167,0,5.246585876167,TRUE,"descriptive; no KO contrast; animal n unknown"
"strict_mt15_singlets","Oligodendrocyte","C1qb","new_2026",2,2,1.98456323939558,1.53829366813273,2.41739946232485,TRUE,0.928335390560311,22.2417020049846,5.246585876167,TRUE,"descriptive; no KO contrast; animal n unknown"
"strict_mt15_singlets","Oligodendrocyte","C1qc","old_2023",1,2,-3.31990907642767,-3.32810982264598,-3.31166144788857,TRUE,-0.455010153871843,0,4.49300750929189,FALSE,"descriptive; no KO contrast; animal n unknown"
"strict_mt15_singlets","Oligodendrocyte","C1qc","new_2026",2,2,3.31804158979534,2.17364374216322,3.95393597383342,TRUE,2.56236752471689,49.2957484765081,4.49300750929189,FALSE,"descriptive; no KO contrast; animal n unknown"
"strict_mt15_singlets","Oligodendrocyte","C3","old_2023",1,2,0,0,0,FALSE,0,0,0,FALSE,"descriptive; no KO contrast; animal n unknown"
"strict_mt15_singlets","Oligodendrocyte","C3","new_2026",2,2,2.23035350960482,0,3.06780716247599,FALSE,0.238578074674968,1.8462447382025,0,FALSE,"descriptive; no KO contrast; animal n unknown"
"strict_mt15_singlets","Oligodendrocyte","C4b","old_2023",1,2,-2.6430678881227,-2.81324288168167,-2.45010132807912,TRUE,-0.678936052091152,0,2.6232929380835,FALSE,"descriptive; no KO contrast; animal n unknown"
"strict_mt15_singlets","Oligodendrocyte","C4b","new_2026",2,2,-2.6430678881227,-2.81324288168167,-2.45010132807912,TRUE,-0.678936052091152,0,2.6232929380835,FALSE,"descriptive; no KO contrast; animal n unknown"
"strict_mt15_singlets","Oligodendrocyte","Itgam","old_2023",1,2,1.23321871792149,1.16919597481299,1.30021508159778,TRUE,1.28547141793088,8.15454493561987,3.18136104025014,FALSE,"descriptive; no KO contrast; animal n unknown"
"strict_mt15_singlets","Oligodendrocyte","Itgam","new_2026",2,2,0.109827776844003,-0.0363639439222301,0.254564280794325,FALSE,0.0556546564523247,3.47255452744901,3.18136104025014,FALSE,"descriptive; no KO contrast; animal n unknown"
"strict_mt15_singlets","Oligodendrocyte","Trem2","old_2023",1,2,2.78740577487139,2.10830468580392,4.11345796327945,TRUE,0.399338548669683,8.15454493561987,0.753578366875106,FALSE,"descriptive; no KO contrast; animal n unknown"
"strict_mt15_singlets","Oligodendrocyte","Trem2","new_2026",2,2,2.85527602930519,1.97395362659325,4.35865770359959,TRUE,0.716647060243311,8.57141884414454,0.753578366875106,FALSE,"descriptive; no KO contrast; animal n unknown"
"strict_mt15_singlets","Oligodendrocyte","Tyrobp","old_2023",1,2,-2.00515327747552,-2.81324288168167,0,FALSE,-0.147103305237028,0,1.50715673375021,FALSE,"descriptive; no KO contrast; animal n unknown"
"strict_mt15_singlets","Oligodendrocyte","Tyrobp","new_2026",2,2,4.18987614137587,3.26282040653466,6.30492841903082,TRUE,2.14193166943723,36.1319201147806,1.50715673375021,FALSE,"descriptive; no KO contrast; animal n unknown"
"strict_mt15_singlets","Oligodendrocyte","Cd68","old_2023",1,2,-2.6430678881227,-2.81324288168167,-2.45010132807912,TRUE,-0.229159684491455,0,2.6232929380835,FALSE,"descriptive; no KO contrast; animal n unknown"
"strict_mt15_singlets","Oligodendrocyte","Cd68","new_2026",2,2,1.69385938191956,1.29637659504931,2.08314658974688,TRUE,0.346779586243186,9.60450868772377,2.6232929380835,FALSE,"descriptive; no KO contrast; animal n unknown"
"strict_mt15_singlets","Oligodendrocyte","Cx3cr1","old_2023",1,2,-6.28170957797969,-6.41617729235381,-6.13340826386797,TRUE,-2.9620756727031,0,38.4003054396689,TRUE,"descriptive; no KO contrast; animal n unknown"
"strict_mt15_singlets","Oligodendrocyte","Cx3cr1","new_2026",2,2,-0.636249043382515,-1.09311586686507,-0.224599399366668,TRUE,-1.23013123788848,24.5278166410991,38.4003054396689,TRUE,"descriptive; no KO contrast; animal n unknown"
"strict_mt15_singlets","Oligodendrocyte","P2ry12","old_2023",1,2,0.669644065968555,0.499557739130599,0.862496588787722,TRUE,4.50363913699031,89.6999942918185,56.2052879040868,TRUE,"descriptive; no KO contrast; animal n unknown"
"strict_mt15_singlets","Oligodendrocyte","P2ry12","new_2026",2,2,-1.21849473100403,-1.7504244258377,-0.736598234356674,TRUE,-3.48017058152398,23.8680117942311,56.2052879040868,TRUE,"descriptive; no KO contrast; animal n unknown"
"strict_mt15_singlets","Oligodendrocyte","Csf1r","old_2023",1,2,0.758031335354901,0.313132333666044,1.40463761920508,TRUE,1.70861528685553,24.4636348068596,14.2610635867095,TRUE,"descriptive; no KO contrast; animal n unknown"
"strict_mt15_singlets","Oligodendrocyte","Csf1r","new_2026",2,2,-0.021415409102066,-2.26081661051137,1.40064515657775,FALSE,-0.970050391186429,14.0435681575514,14.2610635867095,TRUE,"descriptive; no KO contrast; animal n unknown"
"strict_mt15_singlets","Oligodendrocyte","Mertk","old_2023",1,2,-1.59056462254779,-2.11555909086511,-0.756822283956515,TRUE,-2.89801022217939,16.3090898712397,50.1234641641712,FALSE,"descriptive; no KO contrast; animal n unknown"
"strict_mt15_singlets","Oligodendrocyte","Mertk","new_2026",2,2,-1.48519552082913,-2.43072195121219,-0.326238425949883,TRUE,-1.89263718426004,17.582707586201,50.1234641641712,FALSE,"descriptive; no KO contrast; animal n unknown"
"strict_mt15_singlets","Oligodendrocyte","Megf10","old_2023",1,2,-5.56621562444922,-5.77015610196448,-5.32862377298737,TRUE,-2.54923033627924,0,23.1901532213758,FALSE,"descriptive; no KO contrast; animal n unknown"
"strict_mt15_singlets","Oligodendrocyte","Megf10","new_2026",2,2,-0.960876760282359,-2.342837057354,-0.0835505008865987,TRUE,-1.48847993599133,11.6706883748823,23.1901532213758,FALSE,"descriptive; no KO contrast; animal n unknown"
"strict_mt15_singlets","Oligodendrocyte","Axl","old_2023",1,2,-2.24471329899664,-2.45010132807912,-2.00515327747552,TRUE,-0.368708317789444,0,1.86971457120839,FALSE,"descriptive; no KO contrast; animal n unknown"
"strict_mt15_singlets","Oligodendrocyte","Axl","new_2026",2,2,0.745353723205323,0.457796716465107,1.06265388500047,TRUE,0.231740126297672,3.47255452744901,1.86971457120839,FALSE,"descriptive; no KO contrast; animal n unknown"
"strict_mt15_singlets","Oligodendrocyte","Gas6","old_2023",1,2,1.18696047998459,0.845403966802262,1.63531738083768,TRUE,0.208245393732195,24.4636348068596,10.4647090603753,FALSE,"descriptive; no KO contrast; animal n unknown"
"strict_mt15_singlets","Oligodendrocyte","Gas6","new_2026",2,2,1.3590925724823,0.123635065303811,2.35523785677078,TRUE,1.8439751857882,27.6270861718368,10.4647090603753,FALSE,"descriptive; no KO contrast; animal n unknown"
"strict_mt15_singlets","Oligodendrocyte","Sema3e","old_2023",1,2,0.849881568567047,0.674284244246422,1.04985255779861,TRUE,0.527267328388528,65.2363594849589,35.9725227662939,FALSE,"descriptive; no KO contrast; animal n unknown"
"strict_mt15_singlets","Oligodendrocyte","Sema3e","new_2026",2,2,-0.518142080347353,-1.60832856558653,0.237159255938485,FALSE,-1.42260467805581,24.967686539011,35.9725227662939,FALSE,"descriptive; no KO contrast; animal n unknown"
"strict_mt15_singlets","Oligodendrocyte","Plxnd1","old_2023",1,2,1.39595395410997,1.38732224393477,1.40463761920508,TRUE,0.865182267860517,24.4636348068596,8.98601501858379,FALSE,"descriptive; no KO contrast; animal n unknown"
"strict_mt15_singlets","Oligodendrocyte","Plxnd1","new_2026",2,2,0.452843432395445,-0.445999558000002,1.00795478465244,FALSE,0.942314468806186,12.4838432695055,8.98601501858379,FALSE,"descriptive; no KO contrast; animal n unknown"
"strict_mt15_singlets","Oligodendrocyte","Nrp1","old_2023",1,2,0.231333693490134,0.184821645740477,0.279395373831843,TRUE,-0.83232716757283,32.6181797424795,27.7116234226265,FALSE,"descriptive; no KO contrast; animal n unknown"
"strict_mt15_singlets","Oligodendrocyte","Nrp1","new_2026",2,2,0.701045564088915,0.440198588974969,0.935679531631883,TRUE,1.83982027284743,45.3631438057931,27.7116234226265,FALSE,"descriptive; no KO contrast; animal n unknown"
"strict_mt15_singlets","Oligodendrocyte","Nrp2","old_2023",1,2,-0.814210711899708,-0.990802741627936,-0.612948218209816,TRUE,-0.544404515007976,24.4636348068596,43.39445566721,FALSE,"descriptive; no KO contrast; animal n unknown"
"strict_mt15_singlets","Oligodendrocyte","Nrp2","new_2026",2,2,-0.226699619242422,-0.903497938067923,0.345278811842353,FALSE,0.622879557056802,37.0116599106046,43.39445566721,FALSE,"descriptive; no KO contrast; animal n unknown"
"strict_mt15_singlets","Oligodendrocyte","Kirrel3","old_2023",1,2,-0.155595093730513,-0.29990728992545,0.00477358565686359,FALSE,-5.15148771016275,1557.51808270339,1734.94671740365,FALSE,"descriptive; no KO contrast; animal n unknown"
"strict_mt15_singlets","Oligodendrocyte","Kirrel3","new_2026",2,2,-1.7473394721033,-2.29506392324644,-1.2720630764024,TRUE,-24.1016314607047,516.403759156816,1734.94671740365,FALSE,"descriptive; no KO contrast; animal n unknown"
"strict_mt15_singlets","Oligodendrocyte","Sdk2","old_2023",1,2,-0.133546296558722,-0.707326048164854,0.833416320210071,FALSE,-0.707454502117593,32.6181797424795,35.8302093065002,FALSE,"descriptive; no KO contrast; animal n unknown"
"strict_mt15_singlets","Oligodendrocyte","Sdk2","new_2026",2,2,0.462548789382102,-1.55607441742724,2.13674284441421,FALSE,2.53387491953404,49.5620880813107,35.8302093065002,FALSE,"descriptive; no KO contrast; animal n unknown"
"strict_mt15_singlets","Oligodendrocyte","Sema5b","old_2023",1,2,1.84377727990146,1.79775031600257,1.8913211920107,TRUE,11.4404954972975,179.399988583637,49.6185928669193,FALSE,"descriptive; no KO contrast; animal n unknown"
"strict_mt15_singlets","Oligodendrocyte","Sema5b","new_2026",2,2,0.695812355978629,0.572296452913145,0.816894477615286,TRUE,2.66770918882911,80.6819090259505,49.6185928669193,FALSE,"descriptive; no KO contrast; animal n unknown"
"strict_mt15_singlets","Oligodendrocyte","Cdh8","old_2023",1,2,1.17762300937884,0.519165308941978,2.42365691651651,TRUE,4.52344703997824,260.945437939836,115.079608393166,FALSE,"descriptive; no KO contrast; animal n unknown"
"strict_mt15_singlets","Oligodendrocyte","Cdh8","new_2026",2,2,0.459028285659191,-1.04652060825613,2.23522840685397,FALSE,7.11001100116265,158.377538078211,115.079608393166,FALSE,"descriptive; no KO contrast; animal n unknown"
"strict_mt15_singlets","Oligodendrocyte","Cdh9","old_2023",1,2,1.24355262697635,0.91959515362471,1.66197878026143,TRUE,5.49880473510205,106.009084163058,44.4821291795845,FALSE,"descriptive; no KO contrast; animal n unknown"
"strict_mt15_singlets","Oligodendrocyte","Cdh9","new_2026",2,2,0.751127338281913,0.145917458726934,1.40481934624213,TRUE,4.63679810948653,75.2097597125437,44.4821291795845,FALSE,"descriptive; no KO contrast; animal n unknown"
"strict_mt15_singlets","Oligodendrocyte","Cdh13","old_2023",1,2,1.57361858882836,1.36343531309142,1.81973193400359,TRUE,40.6556420198683,1443.35445360472,484.584077870531,FALSE,"descriptive; no KO contrast; animal n unknown"
"strict_mt15_singlets","Oligodendrocyte","Cdh13","new_2026",2,2,0.776406002384906,0.459006507407135,1.1223158502652,TRUE,22.1342149402559,830.380401958226,484.584077870531,FALSE,"descriptive; no KO contrast; animal n unknown"
"strict_mt15_singlets","Oligodendrocyte","Cdh18","old_2023",1,2,-0.813266779878748,-0.997451927469938,-0.602077645142953,TRUE,-3.97420726661286,146.781808841158,258.301509167343,FALSE,"descriptive; no KO contrast; animal n unknown"
"strict_mt15_singlets","Oligodendrocyte","Cdh18","new_2026",2,2,-0.631919427852873,-1.49137141626291,0.0374244911036818,FALSE,2.07784206155266,166.509087024443,258.301509167343,FALSE,"descriptive; no KO contrast; animal n unknown"
"strict_mt15_singlets","Oligodendrocyte","C1ql3","old_2023",1,2,-0.7767293969611,-1.25815350654772,-0.0490605143958414,TRUE,-3.31118883447908,40.7727246780993,70.2101872631676,FALSE,"descriptive; no KO contrast; animal n unknown"
"strict_mt15_singlets","Oligodendrocyte","C1ql3","new_2026",2,2,1.36636952600468,0.330083719407287,2.49378667049013,TRUE,12.5745444835127,181.80567997453,70.2101872631676,FALSE,"descriptive; no KO contrast; animal n unknown"
"strict_mt15_singlets","Oligodendrocyte","Slit1","old_2023",1,2,-0.0666062705356273,-0.226343805030538,0.113045459822231,FALSE,1.82719300115434,73.3909044205788,76.8822703762114,FALSE,"descriptive; no KO contrast; animal n unknown"
"strict_mt15_singlets","Oligodendrocyte","Slit1","new_2026",2,2,-1.41892611842631,-2.36645180228988,-0.732602839652138,TRUE,-1.99802829738284,28.44024106646,76.8822703762114,FALSE,"descriptive; no KO contrast; animal n unknown"
"strict_mt15_singlets","Oligodendrocyte","Slit2","old_2023",1,2,1.81847661889273,1.77505575432106,1.86324498405176,TRUE,2.72003332859473,326.181797424795,92.1208852864632,FALSE,"descriptive; no KO contrast; animal n unknown"
"strict_mt15_singlets","Oligodendrocyte","Slit2","new_2026",2,2,0.0542764029664674,-0.373408194363536,0.402188506970817,FALSE,2.70139051070305,95.6718018805265,92.1208852864632,FALSE,"descriptive; no KO contrast; animal n unknown"
"strict_mt15_singlets","Oligodendrocyte","Slit3","old_2023",1,2,-0.368114987756678,-0.612905971525704,-0.0731266331862521,TRUE,-0.714211539903285,318.027252489175,410.61208999093,FALSE,"descriptive; no KO contrast; animal n unknown"
"strict_mt15_singlets","Oligodendrocyte","Slit3","new_2026",2,2,-1.61733522515128,-2.26524423428072,-1.00761801775448,TRUE,-4.77852902349133,133.496616685754,410.61208999093,FALSE,"descriptive; no KO contrast; animal n unknown"
"strict_mt15_singlets","Oligodendrocyte","Robo1","old_2023",1,2,0.577850753351253,0.223215573101921,1.04910382191813,TRUE,8.10883835737095,758.372679012648,507.915178611637,FALSE,"descriptive; no KO contrast; animal n unknown"
"strict_mt15_singlets","Oligodendrocyte","Robo1","new_2026",2,2,-0.132496407399399,-0.758375105847016,0.56698426679943,FALSE,10.2740186355733,463.302531646856,507.915178611637,FALSE,"descriptive; no KO contrast; animal n unknown"
"strict_mt15_singlets","Oligodendrocyte","Robo2","old_2023",1,2,0.905403050203748,0.694952804238524,1.15188276303756,TRUE,8.40219388173591,415.881791716613,221.799380990841,FALSE,"descriptive; no KO contrast; animal n unknown"
"strict_mt15_singlets","Oligodendrocyte","Robo2","new_2026",2,2,0.292968437747007,-0.586744651825652,0.994857799855443,FALSE,12.0726055667443,271.851982493894,221.799380990841,FALSE,"descriptive; no KO contrast; animal n unknown"
"strict_mt15_singlets","Oligodendrocyte","Ntng1","old_2023",1,2,0.0691107080776834,-0.433255969496466,0.846393728254549,FALSE,-2.31202131101951,130.472718969918,124.346521752335,FALSE,"descriptive; no KO contrast; animal n unknown"
"strict_mt15_singlets","Oligodendrocyte","Ntng1","new_2026",2,2,-0.218292387535902,-1.582582914133,1.0948262699803,FALSE,3.57728159145439,106.815855210942,124.346521752335,FALSE,"descriptive; no KO contrast; animal n unknown"
"strict_mt15_singlets","Oligodendrocyte","Ntng2","old_2023",1,2,-2.86220489473573,-3.16015104627271,-2.48627212952127,TRUE,-4.64556905027193,8.15454493561987,62.4294251037961,FALSE,"descriptive; no KO contrast; animal n unknown"
"strict_mt15_singlets","Oligodendrocyte","Ntng2","new_2026",2,2,-2.25278395194586,-4.36571096500793,-1.09797652799151,TRUE,-3.94924219496265,12.7037782184615,62.4294251037961,FALSE,"descriptive; no KO contrast; animal n unknown"
"strict_mt15_singlets","Oligodendrocyte","Lrrc4c","old_2023",1,2,0.983377352872599,0.900171732160882,1.07167704541841,TRUE,18.7740723716086,2658.38164901208,1344.34714817285,FALSE,"descriptive; no KO contrast; animal n unknown"
"strict_mt15_singlets","Oligodendrocyte","Lrrc4c","new_2026",2,2,0.0532089134949492,-0.262469890957911,0.341668297802494,FALSE,8.4943802951388,1394.87328945486,1344.34714817285,FALSE,"descriptive; no KO contrast; animal n unknown"
"strict_mt15_singlets","Oligodendrocyte","Lrrc4","old_2023",1,2,0.121295038345774,0.00513370517840706,0.24763483931927,TRUE,-2.48679991741775,375.109067038514,344.820707898187,FALSE,"descriptive; no KO contrast; animal n unknown"
"strict_mt15_singlets","Oligodendrocyte","Lrrc4","new_2026",2,2,-1.14622081834877,-1.51889045057998,-0.802168241515059,TRUE,-13.2233792441289,155.518383741783,344.820707898187,FALSE,"descriptive; no KO contrast; animal n unknown"
"strict_mt15_singlets","Oligodendrocyte","Adgrb3","old_2023",1,2,0.918588458305572,0.846627734445143,0.994327839454236,TRUE,40.6577307767543,2234.34531235984,1181.79210266655,FALSE,"descriptive; no KO contrast; animal n unknown"
"strict_mt15_singlets","Oligodendrocyte","Adgrb3","new_2026",2,2,0.0460343624284719,-0.312565792983635,0.360793525128685,FALSE,27.1221822002362,1220.12570809228,1181.79210266655,FALSE,"descriptive; no KO contrast; animal n unknown"
"strict_mt15_singlets","Oligodendrocyte","Igsf21","old_2023",1,2,-1.01115555958787,-1.0735444791909,-0.945946222142146,TRUE,-2.44856967820376,32.6181797424795,66.2505137430864,FALSE,"descriptive; no KO contrast; animal n unknown"
"strict_mt15_singlets","Oligodendrocyte","Igsf21","new_2026",2,2,-0.199569195363225,-0.499893552968182,0.0698335679647775,FALSE,0.35801691679983,57.6270521263426,66.2505137430864,FALSE,"descriptive; no KO contrast; animal n unknown"
"strict_mt15_singlets","Oligodendrocyte","Nrxn2","old_2023",1,2,0.355954114410191,0.224702536974823,0.500352550928944,TRUE,2.89601045101784,228.327258197356,178.294803134799,FALSE,"descriptive; no KO contrast; animal n unknown"
"strict_mt15_singlets","Oligodendrocyte","Nrxn2","new_2026",2,2,0.169427678393296,-0.415037457889858,0.658184171481055,FALSE,2.48790225311706,200.574827452065,178.294803134799,FALSE,"descriptive; no KO contrast; animal n unknown"
"strict_mt15_singlets","Oligodendrocyte","Cntn4","old_2023",1,2,0.424527369733106,0.181285918162569,0.717266055856262,TRUE,5.919755136652,424.036336652233,315.814714961469,FALSE,"descriptive; no KO contrast; animal n unknown"
"strict_mt15_singlets","Oligodendrocyte","Cntn4","new_2026",2,2,-0.642954616264108,-1.06146986661772,-0.193948031196673,TRUE,1.98054270472029,202.067967438911,315.814714961469,FALSE,"descriptive; no KO contrast; animal n unknown"
"strict_mt15_singlets","Oligodendrocyte","Cntn6","old_2023",1,2,0.603284927889721,0.494160990808681,0.721343281817613,TRUE,1.93863273350557,97.8545392274384,64.242214291087,FALSE,"descriptive; no KO contrast; animal n unknown"
"strict_mt15_singlets","Oligodendrocyte","Cntn6","new_2026",2,2,0.76090215368422,0.520939870394375,0.998913455791132,TRUE,4.74724278996881,109.208915238965,64.242214291087,FALSE,"descriptive; no KO contrast; animal n unknown"
"strict_mt15_singlets","Oligodendrocyte","Ptprg","old_2023",1,2,1.23072896440785,1.22442659544252,1.23705898592186,TRUE,23.0704563305884,676.827229656449,288.110548696848,FALSE,"descriptive; no KO contrast; animal n unknown"
"strict_mt15_singlets","Oligodendrocyte","Ptprg","new_2026",2,2,0.470960166043699,0.000542634696314437,0.827882990931647,TRUE,12.3811341993966,399.523345114884,288.110548696848,FALSE,"descriptive; no KO contrast; animal n unknown"
"strict_mt15_singlets","Oligodendrocyte","Plxna1","old_2023",1,2,-4.06520673444282,-4.25443386271863,-3.84735901940681,TRUE,-0.917919873295044,0,7.8698788142505,FALSE,"descriptive; no KO contrast; animal n unknown"
"strict_mt15_singlets","Oligodendrocyte","Plxna1","new_2026",2,2,2.19500018089415,1.5604890508203,2.75262411729877,TRUE,3.18127075117341,37.8248148052278,7.8698788142505,FALSE,"descriptive; no KO contrast; animal n unknown"
"strict_mt15_singlets","Oligodendrocyte","Plxna3","old_2023",1,2,-0.161776392618293,-0.352529183339769,0.0580968337810401,FALSE,-0.864374004435919,8.15454493561987,9.18152528329225,FALSE,"descriptive; no KO contrast; animal n unknown"
"strict_mt15_singlets","Oligodendrocyte","Plxna3","new_2026",2,2,0.883649770151145,0.601229738182322,1.18971214260236,TRUE,0.709456792699219,17.3627726372451,9.18152528329225,FALSE,"descriptive; no KO contrast; animal n unknown"
"strict_mt15_singlets","ITC-like GABA (provisional)","Mef2c","old_2023",1,2,0.0186317170092674,-0.213687618194133,0.295679564875435,FALSE,1.06772512647342,412.610950109813,407.310122113912,FALSE,"descriptive; no KO contrast; animal n unknown"
"strict_mt15_singlets","ITC-like GABA (provisional)","Mef2c","new_2026",2,2,0.548132622454865,0.253678478361961,0.884749352563636,TRUE,11.3490100680032,595.796639740177,407.310122113912,FALSE,"descriptive; no KO contrast; animal n unknown"
"strict_mt15_singlets","ITC-like GABA (provisional)","Mef2a","old_2023",1,2,0.181774729514433,0.162149997769139,0.201670098765947,TRUE,2.53320484058133,224.174453209268,197.576998930264,FALSE,"descriptive; no KO contrast; animal n unknown"
"strict_mt15_singlets","ITC-like GABA (provisional)","Mef2a","new_2026",2,2,0.421317958317664,0.247563700873295,0.580454331309244,TRUE,5.7470908229308,264.754884893808,197.576998930264,FALSE,"descriptive; no KO contrast; animal n unknown"
"strict_mt15_singlets","ITC-like GABA (provisional)","Mef2d","old_2023",1,2,-0.52453391495745,-0.534863973564407,-0.51412935678184,TRUE,-3.19828742610404,77.9737228553977,112.38200078987,FALSE,"descriptive; no KO contrast; animal n unknown"
"strict_mt15_singlets","ITC-like GABA (provisional)","Mef2d","new_2026",2,2,-0.748962762467686,-0.843526407727939,-0.658972573352124,TRUE,-4.42973728200041,66.6683131062667,112.38200078987,FALSE,"descriptive; no KO contrast; animal n unknown"
"strict_mt15_singlets","ITC-like GABA (provisional)","Arc","old_2023",1,2,-4.42150595201799,-5.05577901741183,-3.26257586090897,TRUE,-1.01576198387097,0,10.2145989984659,FALSE,"descriptive; no KO contrast; animal n unknown"
"strict_mt15_singlets","ITC-like GABA (provisional)","Arc","new_2026",2,2,-1.58452291524916,-3.27745833598462,0.178405439070405,FALSE,-0.841722526018775,3.07262140222497,10.2145989984659,FALSE,"descriptive; no KO contrast; animal n unknown"
"strict_mt15_singlets","ITC-like GABA (provisional)","Homer1","old_2023",1,2,-0.0327480486731436,-0.0559143387445173,-0.00920368319702902,TRUE,-0.909633187949275,126.707299640021,129.627827261537,FALSE,"descriptive; no KO contrast; animal n unknown"
"strict_mt15_singlets","ITC-like GABA (provisional)","Homer1","new_2026",2,2,0.405687436348383,0.314343891523436,0.494332074599094,TRUE,4.26102879500896,171.882932975391,129.627827261537,FALSE,"descriptive; no KO contrast; animal n unknown"
"strict_mt15_singlets","ITC-like GABA (provisional)","Nr4a1","old_2023",1,2,1.10243121760253,0.887441489139703,1.35516525533947,TRUE,2.64153254831021,45.4846716656487,20.9164865735588,FALSE,"descriptive; no KO contrast; animal n unknown"
"strict_mt15_singlets","ITC-like GABA (provisional)","Nr4a1","new_2026",2,2,-0.279681397897463,-0.609128817122108,0.0790933899522335,FALSE,-0.564118058606217,17.1423216308974,20.9164865735588,FALSE,"descriptive; no KO contrast; animal n unknown"
"strict_mt15_singlets","ITC-like GABA (provisional)","Bdnf","old_2023",1,2,-2.33132711023114,-3.18036458197843,0,FALSE,-0.162530815390512,0,2.01634042278626,FALSE,"descriptive; no KO contrast; animal n unknown"
"strict_mt15_singlets","ITC-like GABA (provisional)","Bdnf","new_2026",2,2,2.53184878085938,1.35478591056186,5.13026089670168,TRUE,1.53630331122625,14.0523061147367,2.01634042278626,FALSE,"descriptive; no KO contrast; animal n unknown"
"strict_mt15_singlets","ITC-like GABA (provisional)","Pcdh10","old_2023",1,2,0.345746538020198,0.180106904937548,0.532900494916349,TRUE,0.699120306019752,97.4671535692472,76.5904198595218,FALSE,"descriptive; no KO contrast; animal n unknown"
"strict_mt15_singlets","ITC-like GABA (provisional)","Pcdh10","new_2026",2,2,1.54021899585571,1.13808231251127,1.93050673966494,TRUE,11.4410770235284,223.708735135724,76.5904198595218,FALSE,"descriptive; no KO contrast; animal n unknown"
"strict_mt15_singlets","ITC-like GABA (provisional)","Npas4","old_2023",1,2,1.03721783259884,0.880234795755786,1.21339203441747,TRUE,1.23751261043239,16.2445255948745,7.65904198595218,FALSE,"descriptive; no KO contrast; animal n unknown"
"strict_mt15_singlets","ITC-like GABA (provisional)","Npas4","new_2026",2,2,1.87944162927662,-0.0145070745653091,2.82115059031105,FALSE,1.90946323680561,29.5197778094763,7.65904198595218,FALSE,"descriptive; no KO contrast; animal n unknown"
"strict_mt15_singlets","ITC-like GABA (provisional)","Fos","old_2023",1,2,1.07513344317262,0.544327682136835,1.92388733990126,TRUE,0.279279077206227,6.49781023794981,2.82135078158296,FALSE,"descriptive; no KO contrast; animal n unknown"
"strict_mt15_singlets","ITC-like GABA (provisional)","Fos","new_2026",2,2,2.51126891442056,0.699195547784507,4.02774797939426,TRUE,1.52611989496449,18.4357284133498,2.82135078158296,FALSE,"descriptive; no KO contrast; animal n unknown"
"strict_mt15_singlets","ITC-like GABA (provisional)","Egr1","old_2023",1,2,0.62044778879536,0.573275274423274,0.669215016233325,TRUE,0.476350787680921,16.2445255948745,10.3917948445121,FALSE,"descriptive; no KO contrast; animal n unknown"
"strict_mt15_singlets","ITC-like GABA (provisional)","Egr1","new_2026",2,2,2.3348096077073,2.249089000309,2.42112169021006,TRUE,4.37552188620296,54.4474039531099,10.3917948445121,FALSE,"descriptive; no KO contrast; animal n unknown"
"strict_mt15_singlets","ITC-like GABA (provisional)","Ncam1","old_2023",1,2,0.214780500389076,0.185947218128057,0.244201808299575,TRUE,8.72091048189942,756.994892721153,652.21611611477,FALSE,"descriptive; no KO contrast; animal n unknown"
"strict_mt15_singlets","ITC-like GABA (provisional)","Ncam1","new_2026",2,2,0.478646057119873,0.245316838985861,0.687142865857501,TRUE,11.9209058257667,909.017702512152,652.21611611477,FALSE,"descriptive; no KO contrast; animal n unknown"
"strict_mt15_singlets","ITC-like GABA (provisional)","Sema6d","old_2023",1,2,0.405026154832593,0.348533300376259,0.463821620247568,TRUE,14.2049277390422,1140.36569676019,861.107559029699,FALSE,"descriptive; no KO contrast; animal n unknown"
"strict_mt15_singlets","ITC-like GABA (provisional)","Sema6d","new_2026",2,2,0.360746349590258,0.227942637368148,0.492018209822064,TRUE,12.7129374611328,1105.88167132587,861.107559029699,FALSE,"descriptive; no KO contrast; animal n unknown"
"strict_mt15_singlets","ITC-like GABA (provisional)","Cadm2","old_2023",1,2,0.790123542148782,0.706690602699812,0.878679291447435,TRUE,8.96739465188038,4165.09636252583,2408.44175224444,FALSE,"descriptive; no KO contrast; animal n unknown"
"strict_mt15_singlets","ITC-like GABA (provisional)","Cadm2","new_2026",2,2,0.712862822060677,0.597979163403819,0.832198267873419,TRUE,10.4887404960309,3947.88407135787,2408.44175224444,FALSE,"descriptive; no KO contrast; animal n unknown"
"strict_mt15_singlets","ITC-like GABA (provisional)","Pcdh7","old_2023",1,2,0.989433046632156,0.958086749523144,1.02147557898386,TRUE,18.9901516359831,1111.12555068942,559.398745898346,FALSE,"descriptive; no KO contrast; animal n unknown"
"strict_mt15_singlets","ITC-like GABA (provisional)","Pcdh7","new_2026",2,2,0.764761790189141,0.432204726924301,1.04586002775696,TRUE,21.8243911685976,950.818041520679,559.398745898346,FALSE,"descriptive; no KO contrast; animal n unknown"
"strict_mt15_singlets","ITC-like GABA (provisional)","Grip1","old_2023",1,2,0.515067286659611,0.467583772548595,0.564166972730359,TRUE,13.3453959894615,1364.54014996946,954.700898746586,FALSE,"descriptive; no KO contrast; animal n unknown"
"strict_mt15_singlets","ITC-like GABA (provisional)","Grip1","new_2026",2,2,0.266073083117723,-0.0901572863438513,0.56935229689239,FALSE,5.65842689174316,1148.15789376186,954.700898746586,FALSE,"descriptive; no KO contrast; animal n unknown"
"strict_mt15_singlets","ITC-like GABA (provisional)","C1qa","old_2023",1,2,-2.3565040920148,-2.67285702092453,-1.95071092446262,TRUE,-0.197000491452945,0,2.0606393842978,TRUE,"descriptive; no KO contrast; animal n unknown"
"strict_mt15_singlets","ITC-like GABA (provisional)","C1qa","new_2026",2,2,1.82547452159993,1.28891438776894,2.42227167991835,TRUE,1.04227091618233,8.57550934393266,2.0606393842978,TRUE,"descriptive; no KO contrast; animal n unknown"
"strict_mt15_singlets","ITC-like GABA (provisional)","C1qb","old_2023",1,2,0.549965220910062,0.233612292000335,0.955758388462247,TRUE,-0.0668934662863874,3.24890511897491,2.0606393842978,TRUE,"descriptive; no KO contrast; animal n unknown"
"strict_mt15_singlets","ITC-like GABA (provisional)","C1qb","new_2026",2,2,2.68760712793477,0.378654230366745,3.89969496484952,TRUE,1.29570695633473,15.9967648168992,2.0606393842978,TRUE,"descriptive; no KO contrast; animal n unknown"
"strict_mt15_singlets","ITC-like GABA (provisional)","C1qc","old_2023",1,2,-1.22911224623667,-1.88301620314454,0,FALSE,-0.0301114847609831,0,0.672113474262087,FALSE,"descriptive; no KO contrast; animal n unknown"
"strict_mt15_singlets","ITC-like GABA (provisional)","C1qc","new_2026",2,2,4.0582049651838,2.632519575167,5.78741169537309,TRUE,1.9949257897903,19.0259009342847,0.672113474262087,FALSE,"descriptive; no KO contrast; animal n unknown"
"strict_mt15_singlets","ITC-like GABA (provisional)","C3","old_2023",1,2,0,0,0,FALSE,0,0,0,FALSE,"descriptive; no KO contrast; animal n unknown"
"strict_mt15_singlets","ITC-like GABA (provisional)","C3","new_2026",2,2,1.14739349869502,0,1.77832068142721,FALSE,0.0651614374612699,0.607566634870679,0,FALSE,"descriptive; no KO contrast; animal n unknown"
"strict_mt15_singlets","ITC-like GABA (provisional)","C4b","old_2023",1,2,0,0,0,FALSE,0,0,0,FALSE,"descriptive; no KO contrast; animal n unknown"
"strict_mt15_singlets","ITC-like GABA (provisional)","C4b","new_2026",2,2,1.14739349869502,0,1.77832068142721,FALSE,0.0651614374612699,0.607566634870679,0,FALSE,"descriptive; no KO contrast; animal n unknown"
"strict_mt15_singlets","ITC-like GABA (provisional)","Itgam","old_2023",1,2,-1.88301620314454,-2.67285702092453,0,FALSE,-0.182038344911932,0,1.34422694852417,FALSE,"descriptive; no KO contrast; animal n unknown"
"strict_mt15_singlets","ITC-like GABA (provisional)","Itgam","new_2026",2,2,0.332786565252996,-2.67285702092453,3.05151125129127,FALSE,0.106295568692669,1.82269990461204,1.34422694852417,FALSE,"descriptive; no KO contrast; animal n unknown"
"strict_mt15_singlets","ITC-like GABA (provisional)","Trem2","old_2023",1,2,0,0,0,FALSE,0,0,0,FALSE,"descriptive; no KO contrast; animal n unknown"
"strict_mt15_singlets","ITC-like GABA (provisional)","Trem2","new_2026",2,2,3.73043252927326,3.05151125129127,4.1902500612403,TRUE,0.650512278541285,6.13654574748205,0,FALSE,"descriptive; no KO contrast; animal n unknown"
"strict_mt15_singlets","ITC-like GABA (provisional)","Tyrobp","old_2023",1,2,1.62383684223501,0.955758388462247,2.90646931292487,TRUE,0.234876435565994,3.24890511897491,0.716412435773625,FALSE,"descriptive; no KO contrast; animal n unknown"
"strict_mt15_singlets","ITC-like GABA (provisional)","Tyrobp","new_2026",2,2,3.95841731146488,2.56482485384892,5.72154082138937,TRUE,1.92307909325996,18.4096372424462,0.716412435773625,FALSE,"descriptive; no KO contrast; animal n unknown"
"strict_mt15_singlets","ITC-like GABA (provisional)","Cd68","old_2023",1,2,-1.28263247068986,-1.95071092446262,0,FALSE,-0.0853755156679896,0,0.716412435773625,FALSE,"descriptive; no KO contrast; animal n unknown"
"strict_mt15_singlets","ITC-like GABA (provisional)","Cd68","new_2026",2,2,1.28118837111423,-0.172390243035404,3.0695585604752,FALSE,0.226920818002901,2.4563577103864,0.716412435773625,FALSE,"descriptive; no KO contrast; animal n unknown"
"strict_mt15_singlets","ITC-like GABA (provisional)","Cx3cr1","old_2023",1,2,-0.231729757897555,-0.395034610755697,-0.0475519047149326,TRUE,-0.1523376914021,19.4934307138494,22.9771259578566,TRUE,"descriptive; no KO contrast; animal n unknown"
"strict_mt15_singlets","ITC-like GABA (provisional)","Cx3cr1","new_2026",2,2,-0.314126097701006,-0.801771240505165,0.134692053594891,FALSE,-0.298312236753181,18.3835460715425,22.9771259578566,TRUE,"descriptive; no KO contrast; animal n unknown"
"strict_mt15_singlets","ITC-like GABA (provisional)","P2ry12","old_2023",1,2,0.445597607339659,0.298254174893132,0.6097191170584,TRUE,1.89939747618426,87.7204382123224,64.2785115668356,TRUE,"descriptive; no KO contrast; animal n unknown"
"strict_mt15_singlets","ITC-like GABA (provisional)","P2ry12","new_2026",2,2,-1.17095730362382,-2.64925106834695,-0.326517118009682,TRUE,-3.4587216131775,28.2698563118633,64.2785115668356,TRUE,"descriptive; no KO contrast; animal n unknown"
"strict_mt15_singlets","ITC-like GABA (provisional)","Csf1r","old_2023",1,2,0.525220086005624,0.155584267033363,1.02345310978033,TRUE,0.141298915264045,3.24890511897491,2.10493834580934,TRUE,"descriptive; no KO contrast; animal n unknown"
"strict_mt15_singlets","ITC-like GABA (provisional)","Csf1r","new_2026",2,2,1.89551139289258,1.21088636280197,2.65213428939574,TRUE,0.817686442605176,9.19177303577124,2.10493834580934,TRUE,"descriptive; no KO contrast; animal n unknown"
"strict_mt15_singlets","ITC-like GABA (provisional)","Mertk","old_2023",1,2,1.07513344317262,0.544327682136835,1.92388733990126,TRUE,0.0447754405971251,6.49781023794981,2.82135078158296,FALSE,"descriptive; no KO contrast; animal n unknown"
"strict_mt15_singlets","ITC-like GABA (provisional)","Mertk","new_2026",2,2,1.71884699085428,0.454561237186362,3.05153130370305,TRUE,0.541582677924119,10.4329974764163,2.82135078158296,FALSE,"descriptive; no KO contrast; animal n unknown"
"strict_mt15_singlets","ITC-like GABA (provisional)","Megf10","old_2023",1,2,1.42565431612656,1.0560184971543,1.92388733990126,TRUE,0.398608500408209,6.49781023794981,2.10493834580934,FALSE,"descriptive; no KO contrast; animal n unknown"
"strict_mt15_singlets","ITC-like GABA (provisional)","Megf10","new_2026",2,2,1.79657581103688,0.985208229927244,2.632519575167,TRUE,0.637836145812748,8.54941817302898,2.10493834580934,FALSE,"descriptive; no KO contrast; animal n unknown"
"strict_mt15_singlets","ITC-like GABA (provisional)","Axl","old_2023",1,2,0,0,0,FALSE,0,0,0,FALSE,"descriptive; no KO contrast; animal n unknown"
"strict_mt15_singlets","ITC-like GABA (provisional)","Axl","new_2026",2,2,3.25146567132196,1.79287815523868,3.96177140869347,TRUE,0.469658468859877,4.26166350106265,0,FALSE,"descriptive; no KO contrast; animal n unknown"
"strict_mt15_singlets","ITC-like GABA (provisional)","Gas6","old_2023",1,2,-0.229083550429836,-0.390760641133594,-0.0469741105411452,TRUE,-0.193926542471226,12.9956204758996,15.3180839719044,FALSE,"descriptive; no KO contrast; animal n unknown"
"strict_mt15_singlets","ITC-like GABA (provisional)","Gas6","new_2026",2,2,1.18536710715864,0.932842182811677,1.45294093629121,TRUE,1.83764585904616,35.4736853606325,15.3180839719044,FALSE,"descriptive; no KO contrast; animal n unknown"
"strict_mt15_singlets","ITC-like GABA (provisional)","Sema3e","old_2023",1,2,-1.13391547150847,-1.30678563743115,-0.937474897512445,TRUE,-2.78819752996367,29.2401460707741,64.7658001434625,FALSE,"descriptive; no KO contrast; animal n unknown"
"strict_mt15_singlets","ITC-like GABA (provisional)","Sema3e","new_2026",2,2,-1.07041664165839,-1.35071957631009,-0.773991988082514,TRUE,-2.34353232272964,30.5783640537955,64.7658001434625,FALSE,"descriptive; no KO contrast; animal n unknown"
"strict_mt15_singlets","ITC-like GABA (provisional)","Plxnd1","old_2023",1,2,2.37317017577882,2.00353435680656,2.87140319955353,TRUE,0.985984329057045,12.9956204758996,2.10493834580934,FALSE,"descriptive; no KO contrast; animal n unknown"
"strict_mt15_singlets","ITC-like GABA (provisional)","Plxnd1","new_2026",2,2,2.75900791763319,2.37937585081018,3.26716840288526,TRUE,1.62964077096952,17.1336245739295,2.10493834580934,FALSE,"descriptive; no KO contrast; animal n unknown"
"strict_mt15_singlets","ITC-like GABA (provisional)","Nrp1","old_2023",1,2,0.173935874120354,-0.0344682864744366,0.417611810625582,FALSE,1.08328818808921,100.716058688222,89.2200499343779,FALSE,"descriptive; no KO contrast; animal n unknown"
"strict_mt15_singlets","ITC-like GABA (provisional)","Nrp1","new_2026",2,2,-0.0797999461806412,-0.407603014595724,0.274144179188136,FALSE,0.0458608297901062,84.3921102011311,89.2200499343779,FALSE,"descriptive; no KO contrast; animal n unknown"
"strict_mt15_singlets","ITC-like GABA (provisional)","Nrp2","old_2023",1,2,0.592687678251437,0.586113612792227,0.599291837562676,TRUE,4.76396770028987,191.685402019519,126.939373364489,FALSE,"descriptive; no KO contrast; animal n unknown"
"strict_mt15_singlets","ITC-like GABA (provisional)","Nrp2","new_2026",2,2,0.043651003771975,-0.107575531336557,0.181716557976747,FALSE,0.00280113443070285,130.854177331243,126.939373364489,FALSE,"descriptive; no KO contrast; animal n unknown"
"strict_mt15_singlets","ITC-like GABA (provisional)","Kirrel3","old_2023",1,2,0.43028087461577,0.427137681694846,0.433430930551509,TRUE,3.03226882106969,3866.19709158014,2869.04276812231,FALSE,"descriptive; no KO contrast; animal n unknown"
"strict_mt15_singlets","ITC-like GABA (provisional)","Kirrel3","new_2026",2,2,-0.362506369654895,-0.489071889180934,-0.245665668825922,TRUE,-13.4078031040574,2231.46515932375,2869.04276812231,FALSE,"descriptive; no KO contrast; animal n unknown"
"strict_mt15_singlets","ITC-like GABA (provisional)","Sdk2","old_2023",1,2,-0.0857136874715441,-0.16183512308675,-0.00535100838257208,TRUE,0.375513513744277,350.88175284929,372.39073765864,FALSE,"descriptive; no KO contrast; animal n unknown"
"strict_mt15_singlets","ITC-like GABA (provisional)","Sdk2","new_2026",2,2,-0.781892861510784,-1.09401979281386,-0.498758937426592,TRUE,-10.1574180785828,216.374450232437,372.39073765864,FALSE,"descriptive; no KO contrast; animal n unknown"
"strict_mt15_singlets","ITC-like GABA (provisional)","Sema5b","old_2023",1,2,0.0391151448422141,-0.0358094451502371,0.118145027576896,FALSE,-0.658906831220751,292.401460707742,284.566842685887,FALSE,"descriptive; no KO contrast; animal n unknown"
"strict_mt15_singlets","ITC-like GABA (provisional)","Sema5b","new_2026",2,2,-0.662652131478917,-1.1417908614269,-0.268227360545704,TRUE,-8.23039021540927,179.581266918448,284.566842685887,FALSE,"descriptive; no KO contrast; animal n unknown"
"strict_mt15_singlets","ITC-like GABA (provisional)","Cdh8","old_2023",1,2,0.269298364554337,0.190110652138223,0.353086313750927,TRUE,8.02282483611834,510.07810367906,423.138381817211,FALSE,"descriptive; no KO contrast; animal n unknown"
"strict_mt15_singlets","ITC-like GABA (provisional)","Cdh8","new_2026",2,2,0.411640754643438,0.299914445056189,0.527249581998788,TRUE,6.97596853612039,563.022829685032,423.138381817211,FALSE,"descriptive; no KO contrast; animal n unknown"
"strict_mt15_singlets","ITC-like GABA (provisional)","Cdh9","old_2023",1,2,0.930291080536427,0.845896097688586,1.01993144698988,TRUE,10.1788113173837,324.890511897491,170.249470344665,FALSE,"descriptive; no KO contrast; animal n unknown"
"strict_mt15_singlets","ITC-like GABA (provisional)","Cdh9","new_2026",2,2,0.408127462089335,0.0051356378847478,0.758577117651625,TRUE,5.56568926618889,226.078122276432,170.249470344665,FALSE,"descriptive; no KO contrast; animal n unknown"
"strict_mt15_singlets","ITC-like GABA (provisional)","Cdh13","old_2023",1,2,0.00934251523386397,-0.0156141623217856,0.0347385205626392,FALSE,2.97877676268985,1202.09489402071,1194.33236563153,FALSE,"descriptive; no KO contrast; animal n unknown"
"strict_mt15_singlets","ITC-like GABA (provisional)","Cdh13","new_2026",2,2,-0.406148282028867,-0.6118670421129,-0.220137750923534,TRUE,-7.6509824224849,901.162821543673,1194.33236563153,FALSE,"descriptive; no KO contrast; animal n unknown"
"strict_mt15_singlets","ITC-like GABA (provisional)","Cdh18","old_2023",1,2,-0.123938177289394,-0.215580183810395,-0.0260777043295963,TRUE,3.90000273546083,1000.66277664427,1090.47249890307,FALSE,"descriptive; no KO contrast; animal n unknown"
"strict_mt15_singlets","ITC-like GABA (provisional)","Cdh18","new_2026",2,2,-0.405327268679094,-0.583574959860593,-0.225766980264456,TRUE,-6.60655920456846,823.25513936874,1090.47249890307,FALSE,"descriptive; no KO contrast; animal n unknown"
"strict_mt15_singlets","ITC-like GABA (provisional)","C1ql3","old_2023",1,2,0.952302238065394,0.543790044481592,1.52430200729377,TRUE,1.69901027213778,35.737956308724,18.2280326765104,FALSE,"descriptive; no KO contrast; animal n unknown"
"strict_mt15_singlets","ITC-like GABA (provisional)","C1ql3","new_2026",2,2,3.11905667829922,1.78296168666853,4.25104892793447,TRUE,12.9753103050071,162.212821806385,18.2280326765104,FALSE,"descriptive; no KO contrast; animal n unknown"
"strict_mt15_singlets","ITC-like GABA (provisional)","Slit1","old_2023",1,2,0.182981089954791,-0.0914069362598902,0.522108924997641,FALSE,0.444186167297604,107.213868926172,94.3830919725059,FALSE,"descriptive; no KO contrast; animal n unknown"
"strict_mt15_singlets","ITC-like GABA (provisional)","Slit1","new_2026",2,2,-0.871359535200522,-1.27760001325009,-0.4114270127406,TRUE,-3.73454612408231,51.366085493917,94.3830919725059,FALSE,"descriptive; no KO contrast; animal n unknown"
"strict_mt15_singlets","ITC-like GABA (provisional)","Slit2","old_2023",1,2,0.0795481326839463,0.0768905175022923,0.0822106525440027,TRUE,-1.17712313614077,412.610950109813,390.449203540693,FALSE,"descriptive; no KO contrast; animal n unknown"
"strict_mt15_singlets","ITC-like GABA (provisional)","Slit2","new_2026",2,2,-0.539536645020459,-0.657914781457592,-0.429750407752332,TRUE,-8.44966519571557,268.469861158775,390.449203540693,FALSE,"descriptive; no KO contrast; animal n unknown"
"strict_mt15_singlets","ITC-like GABA (provisional)","Slit3","old_2023",1,2,-0.361017158633618,-0.428997194132686,-0.28967480657197,TRUE,-1.8267216774598,100.716058688222,129.494930377003,FALSE,"descriptive; no KO contrast; animal n unknown"
"strict_mt15_singlets","ITC-like GABA (provisional)","Slit3","new_2026",2,2,0.54141681976201,-0.00200142501410827,0.96974999004808,FALSE,3.96490863818361,188.694766441508,129.494930377003,FALSE,"descriptive; no KO contrast; animal n unknown"
"strict_mt15_singlets","ITC-like GABA (provisional)","Robo1","old_2023",1,2,0.0125811089423826,-0.00193558166357199,0.0272453554334113,FALSE,-1.5959286058452,2930.51241731536,2905.0634729118,FALSE,"descriptive; no KO contrast; animal n unknown"
"strict_mt15_singlets","ITC-like GABA (provisional)","Robo1","new_2026",2,2,-0.292890115345512,-0.321071400430846,-0.264689486190091,TRUE,-7.35365492538209,2371.21039475553,2905.0634729118,FALSE,"descriptive; no KO contrast; animal n unknown"
"strict_mt15_singlets","ITC-like GABA (provisional)","Robo2","old_2023",1,2,0.567778594469505,0.553869080124317,0.581823521802693,TRUE,11.6221635534778,568.558395820608,383.417976067492,FALSE,"descriptive; no KO contrast; animal n unknown"
"strict_mt15_singlets","ITC-like GABA (provisional)","Robo2","new_2026",2,2,0.580291529298241,0.404901788083146,0.739547958383159,TRUE,11.8009008020562,573.515479207341,383.417976067492,FALSE,"descriptive; no KO contrast; animal n unknown"
"strict_mt15_singlets","ITC-like GABA (provisional)","Ntng1","old_2023",1,2,0.186027096261074,0.125059638872832,0.249685123062873,TRUE,4.2376268498413,698.514600579605,613.949947043342,FALSE,"descriptive; no KO contrast; animal n unknown"
"strict_mt15_singlets","ITC-like GABA (provisional)","Ntng1","new_2026",2,2,-0.22475669701152,-0.406297361591218,-0.0498297562925565,TRUE,-7.55660994494231,525.308985685328,613.949947043342,FALSE,"descriptive; no KO contrast; animal n unknown"
"strict_mt15_singlets","ITC-like GABA (provisional)","Ntng2","old_2023",1,2,0.213706094158262,-0.273895269053561,0.955758388462247,FALSE,0.223985147401967,3.24890511897491,2.73275285855989,FALSE,"descriptive; no KO contrast; animal n unknown"
"strict_mt15_singlets","ITC-like GABA (provisional)","Ntng2","new_2026",2,2,1.66805732393183,0.800604707578255,2.71050653753233,TRUE,0.974307090059403,9.77324849973824,2.73275285855989,FALSE,"descriptive; no KO contrast; animal n unknown"
"strict_mt15_singlets","ITC-like GABA (provisional)","Lrrc4c","old_2023",1,2,-0.0348369400216413,-0.0849421984034127,0.0170712956602923,FALSE,3.29108131644536,1942.84526114699,1990.34261998044,FALSE,"descriptive; no KO contrast; animal n unknown"
"strict_mt15_singlets","ITC-like GABA (provisional)","Lrrc4c","new_2026",2,2,-0.220850383295142,-0.425248982906826,-0.0295674852539989,TRUE,-0.913907434178171,1707.76144711884,1990.34261998044,FALSE,"descriptive; no KO contrast; animal n unknown"
"strict_mt15_singlets","ITC-like GABA (provisional)","Lrrc4","old_2023",1,2,0.245122280776752,0.0273597388190847,0.501699716159195,TRUE,2.61149468777698,227.423358328243,191.809029534152,FALSE,"descriptive; no KO contrast; animal n unknown"
"strict_mt15_singlets","ITC-like GABA (provisional)","Lrrc4","new_2026",2,2,-1.37479227907875,-2.41911275292053,-0.596031468466514,TRUE,-11.1077621365961,73.6559430837204,191.809029534152,FALSE,"descriptive; no KO contrast; animal n unknown"
"strict_mt15_singlets","ITC-like GABA (provisional)","Adgrb3","old_2023",1,2,0.0613704207737254,0.00495836105266534,0.1200783751231,TRUE,1.31603888751076,3265.14964456978,3129.14625661767,FALSE,"descriptive; no KO contrast; animal n unknown"
"strict_mt15_singlets","ITC-like GABA (provisional)","Adgrb3","new_2026",2,2,-0.11063106946463,-0.193270339112265,-0.0261641973764775,TRUE,-1.17592429549399,2898.12465392128,3129.14625661767,FALSE,"descriptive; no KO contrast; animal n unknown"
"strict_mt15_singlets","ITC-like GABA (provisional)","Igsf21","old_2023",1,2,0.294735201684055,0.076277296777115,0.552279249230835,TRUE,2.27946841336113,77.9737228553977,63.4735012080389,FALSE,"descriptive; no KO contrast; animal n unknown"
"strict_mt15_singlets","ITC-like GABA (provisional)","Igsf21","new_2026",2,2,-0.390272324926178,-0.73014946736946,-0.0207393198669923,TRUE,-1.15635253533701,48.3108582056279,63.4735012080389,FALSE,"descriptive; no KO contrast; animal n unknown"
"strict_mt15_singlets","ITC-like GABA (provisional)","Nrxn2","old_2023",1,2,0.27606639173931,0.157415223867712,0.405357330979756,TRUE,3.33840639920566,292.401460707742,241.389642590245,FALSE,"descriptive; no KO contrast; animal n unknown"
"strict_mt15_singlets","ITC-like GABA (provisional)","Nrxn2","new_2026",2,2,0.24446058289289,-0.110217032125321,0.576538224079394,FALSE,3.54807500486387,286.054505342153,241.389642590245,FALSE,"descriptive; no KO contrast; animal n unknown"
"strict_mt15_singlets","ITC-like GABA (provisional)","Cntn4","old_2023",1,2,-0.11728457327984,-0.41350254496936,0.255895407451455,FALSE,-1.53892940074712,142.951825234896,155.100953167218,FALSE,"descriptive; no KO contrast; animal n unknown"
"strict_mt15_singlets","ITC-like GABA (provisional)","Cntn4","new_2026",2,2,0.744285302034492,-0.0150973578178659,1.46751743982447,FALSE,7.23363954277457,260.154036170997,155.100953167218,FALSE,"descriptive; no KO contrast; animal n unknown"
"strict_mt15_singlets","ITC-like GABA (provisional)","Cntn6","old_2023",1,2,0.99374111564826,0.700883340989146,1.36159307755043,TRUE,2.73510295751272,42.2357665466738,20.9607855350703,FALSE,"descriptive; no KO contrast; animal n unknown"
"strict_mt15_singlets","ITC-like GABA (provisional)","Cntn6","new_2026",2,2,1.962377911425,1.45316748548544,2.51832847221425,TRUE,5.43883242733631,83.1334916465503,20.9607855350703,FALSE,"descriptive; no KO contrast; animal n unknown"
"strict_mt15_singlets","ITC-like GABA (provisional)","Ptprg","old_2023",1,2,0.149037681076809,0.0702680696271187,0.232357670665591,TRUE,3.07039405746324,1078.63649949967,972.721219370694,FALSE,"descriptive; no KO contrast; animal n unknown"
"strict_mt15_singlets","ITC-like GABA (provisional)","Ptprg","new_2026",2,2,-0.409978873106733,-0.617888067125909,-0.208135184923533,TRUE,-10.7711006374928,731.97976387377,972.721219370694,FALSE,"descriptive; no KO contrast; animal n unknown"
"strict_mt15_singlets","ITC-like GABA (provisional)","Plxna1","old_2023",1,2,0.273925290107309,0.266721408213549,0.281165324103386,TRUE,0.531070812804511,22.7423358328243,18.7229503047263,FALSE,"descriptive; no KO contrast; animal n unknown"
"strict_mt15_singlets","ITC-like GABA (provisional)","Plxna1","new_2026",2,2,1.06532188734076,0.80606047445037,1.28706226696694,TRUE,2.96163643226419,39.7266518047273,18.7229503047263,FALSE,"descriptive; no KO contrast; animal n unknown"
"strict_mt15_singlets","ITC-like GABA (provisional)","Plxna3","old_2023",1,2,-0.212831126726711,-0.517542349494901,0.173960446934867,FALSE,0.171268832981139,12.9956204758996,15.1408881258582,FALSE,"descriptive; no KO contrast; animal n unknown"
"strict_mt15_singlets","ITC-like GABA (provisional)","Plxna3","new_2026",2,2,-0.601552851885165,-1.31019034349949,0.100458768756464,FALSE,-0.513063485625658,9.80803672760981,15.1408881258582,FALSE,"descriptive; no KO contrast; animal n unknown"
"strict_mt15_singlets","Rspo2-positive glut","Mef2c","new_2026",2,2,0.731199577995181,0.126828204763447,1.32705932170047,TRUE,16.1647050467993,585.363208419969,352.425647234225,FALSE,"descriptive; no KO contrast; animal n unknown"
"strict_mt15_singlets","Rspo2-positive glut","Mef2a","new_2026",2,2,0.702205184745562,0.342308294538744,1.00420207906896,TRUE,7.45658797335767,193.84396700922,118.950023552727,FALSE,"descriptive; no KO contrast; animal n unknown"
"strict_mt15_singlets","Rspo2-positive glut","Mef2d","new_2026",2,2,-0.805221258852762,-1.17480561531785,-0.313570762878941,TRUE,-3.18907552123302,51.3703242435905,90.138918490526,FALSE,"descriptive; no KO contrast; animal n unknown"
"strict_mt15_singlets","Rspo2-positive glut","Arc","new_2026",2,2,2.01923232311103,1.22402661857346,2.7384063071814,TRUE,1.4439014606346,8.37257496230084,1.68877026367562,FALSE,"descriptive; no KO contrast; animal n unknown"
"strict_mt15_singlets","Rspo2-positive glut","Homer1","new_2026",2,2,-0.564223664783957,-0.860708355898847,-0.239220605160219,TRUE,-5.4028289604117,163.335145968124,241.745277729225,FALSE,"descriptive; no KO contrast; animal n unknown"
"strict_mt15_singlets","Rspo2-positive glut","Nr4a1","new_2026",2,2,-1.97544490137419,-6.74269667567792,-0.98065733990139,TRUE,-3.77904801846574,12.9138425322938,52.2498675942287,FALSE,"descriptive; no KO contrast; animal n unknown"
"strict_mt15_singlets","Rspo2-positive glut","Bdnf","new_2026",2,2,0.671337814497188,0.398494770991204,0.939432714215215,TRUE,0.481196342519264,41.1529146338191,25.6548706696822,FALSE,"descriptive; no KO contrast; animal n unknown"
"strict_mt15_singlets","Rspo2-positive glut","Pcdh10","new_2026",2,2,0.878287469839122,0.572977490679975,1.17577022621332,TRUE,10.2405166810261,447.147557029598,243.026005674039,FALSE,"descriptive; no KO contrast; animal n unknown"
"strict_mt15_singlets","Rspo2-positive glut","Npas4","new_2026",2,2,-0.328657683713247,-4.3741982715764,1.27281743148613,FALSE,0.846096657844168,5.53450394241164,7.07839776925037,FALSE,"descriptive; no KO contrast; animal n unknown"
"strict_mt15_singlets","Rspo2-positive glut","Fos","new_2026",2,2,1.97414076108198,-2.40267931371639,4.56709320571669,FALSE,0.502424923459186,5.6761420397784,1.0719607233591,FALSE,"descriptive; no KO contrast; animal n unknown"
"strict_mt15_singlets","Rspo2-positive glut","Egr1","new_2026",2,2,4.62472515719211,3.67229802348835,5.42130620308627,TRUE,8.24656939387739,53.4984350857945,1.68877026367562,FALSE,"descriptive; no KO contrast; animal n unknown"
"strict_mt15_singlets","Rspo2-positive glut","Ncam1","new_2026",2,2,1.185013554283,1.08570152733134,1.28395694733831,TRUE,23.8163507967054,1029.81787190875,452.654824504648,FALSE,"descriptive; no KO contrast; animal n unknown"
"strict_mt15_singlets","Rspo2-positive glut","Sema6d","new_2026",2,2,0.82202719772906,0.669942678827288,0.976527170027412,TRUE,16.7214230259768,564.790290484762,319.254512587652,FALSE,"descriptive; no KO contrast; animal n unknown"
"strict_mt15_singlets","Rspo2-positive glut","Cadm2","new_2026",2,2,-0.165479322552903,-0.207516511464311,-0.122987110718139,TRUE,-0.715719575627048,2303.1503779019,2583.13290573783,FALSE,"descriptive; no KO contrast; animal n unknown"
"strict_mt15_singlets","Rspo2-positive glut","Pcdh7","new_2026",2,2,-0.116234707319456,-0.282339234831667,0.0485825607626396,FALSE,-8.48784474807806,1096.51342572157,1188.55536321038,FALSE,"descriptive; no KO contrast; animal n unknown"
"strict_mt15_singlets","Rspo2-positive glut","Grip1","new_2026",2,2,0.835314756649469,0.473707308380074,1.20700860372436,TRUE,11.9496934079435,818.947248471043,458.768018192279,FALSE,"descriptive; no KO contrast; animal n unknown"
"strict_mt15_singlets","Rspo2-positive glut","C1qa","new_2026",2,2,0.258497549546835,-0.726386236373135,1.8329189950059,FALSE,0.139074143302761,4.68290566735975,3.83269171039381,TRUE,"descriptive; no KO contrast; animal n unknown"
"strict_mt15_singlets","Rspo2-positive glut","C1qb","new_2026",2,2,3.4077100348189,-1.79378693728395,5.53633694384979,FALSE,1.15563252422994,11.3522840795568,0.616809540316522,TRUE,"descriptive; no KO contrast; animal n unknown"
"strict_mt15_singlets","Rspo2-positive glut","C1qc","new_2026",2,2,3.62670593228985,0,4.56709320571669,FALSE,0.395869980261667,5.6761420397784,0,FALSE,"descriptive; no KO contrast; animal n unknown"
"strict_mt15_singlets","Rspo2-positive glut","C3","new_2026",2,2,0,0,0,FALSE,0,0,0,FALSE,"descriptive; no KO contrast; animal n unknown"
"strict_mt15_singlets","Rspo2-positive glut","C4b","new_2026",2,2,2.73901464941351,0,3.62670593228985,FALSE,0.16584408002986,2.8380710198892,0,FALSE,"descriptive; no KO contrast; animal n unknown"
"strict_mt15_singlets","Rspo2-positive glut","Itgam","new_2026",2,2,-2.40267931371639,-3.25937581297922,0,FALSE,-0.105778194348052,0,2.14392144671819,FALSE,"descriptive; no KO contrast; animal n unknown"
"strict_mt15_singlets","Rspo2-positive glut","Trem2","new_2026",2,2,2.49678768712121,1.22402661857346,4.53219324446535,TRUE,0.63811378386726,8.37257496230084,1.0719607233591,FALSE,"descriptive; no KO contrast; animal n unknown"
"strict_mt15_singlets","Rspo2-positive glut","Tyrobp","new_2026",2,2,2.35121274827266,0.664157057803028,4.56709320571669,TRUE,1.477465073512,7.52097668724895,1.0719607233591,FALSE,"descriptive; no KO contrast; animal n unknown"
"strict_mt15_singlets","Rspo2-positive glut","Cd68","new_2026",2,2,-1.1593831708978,-1.79378693728395,0,FALSE,-0.053112498645541,0,0.616809540316522,FALSE,"descriptive; no KO contrast; animal n unknown"
"strict_mt15_singlets","Rspo2-positive glut","Cx3cr1","new_2026",2,2,-0.593122504486054,-5.58995135545961,0.51304624699857,FALSE,-0.413356240091661,14.190355099446,21.6605206020144,TRUE,"descriptive; no KO contrast; animal n unknown"
"strict_mt15_singlets","Rspo2-positive glut","P2ry12","new_2026",2,2,-2.66220987722037,-2.95313748744638,-2.38721244209973,TRUE,-7.1456434840814,13.0554806296606,85.3064527477092,TRUE,"descriptive; no KO contrast; animal n unknown"
"strict_mt15_singlets","Rspo2-positive glut","Csf1r","new_2026",2,2,1.13432519744752,0.718698718587546,1.49640944629161,TRUE,0.389977233853335,9.3658113347195,3.99435006766776,TRUE,"descriptive; no KO contrast; animal n unknown"
"strict_mt15_singlets","Rspo2-positive glut","Mertk","new_2026",2,2,0.288154834168832,-1.84826948820607,4.05824737724615,FALSE,0.290131516752102,17.8800243943871,14.5522989439848,FALSE,"descriptive; no KO contrast; animal n unknown"
"strict_mt15_singlets","Rspo2-positive glut","Megf10","new_2026",2,2,3.37376113586601,3.06683637151942,3.62670593228985,TRUE,0.233861574129667,4.68290566735975,0,FALSE,"descriptive; no KO contrast; animal n unknown"
"strict_mt15_singlets","Rspo2-positive glut","Axl","new_2026",2,2,2.73901464941351,0,3.62670593228985,FALSE,0.420026881720282,2.8380710198892,0,FALSE,"descriptive; no KO contrast; animal n unknown"
"strict_mt15_singlets","Rspo2-positive glut","Gas6","new_2026",2,2,1.17119033030701,0.777703989604534,1.69778316720499,TRUE,3.71123406581515,56.0532299109502,24.6127338351023,FALSE,"descriptive; no KO contrast; animal n unknown"
"strict_mt15_singlets","Rspo2-positive glut","Sema3e","new_2026",2,2,-1.18761881898473,-2.35137936861028,-0.376272148841283,TRUE,-7.47013040499702,44.5593077340267,102.134507606907,FALSE,"descriptive; no KO contrast; animal n unknown"
"strict_mt15_singlets","Rspo2-positive glut","Plxnd1","new_2026",2,2,1.20329642001322,-0.208035856542503,2.37362515851565,FALSE,1.49870890099585,22.5629300617469,9.51581204173719,FALSE,"descriptive; no KO contrast; animal n unknown"
"strict_mt15_singlets","Rspo2-positive glut","Nrp1","new_2026",2,2,-0.449862222984295,-1.31465243866677,0.0992714654005464,FALSE,0.0582717268413866,66.6955538128219,91.2830659048212,FALSE,"descriptive; no KO contrast; animal n unknown"
"strict_mt15_singlets","Rspo2-positive glut","Nrp2","new_2026",2,2,0.059284833838624,-0.303643664476406,0.4009906062432,FALSE,-0.746724642784027,73.6499781106038,70.6646821373866,FALSE,"descriptive; no KO contrast; animal n unknown"
"strict_mt15_singlets","Rspo2-positive glut","Kirrel3","new_2026",2,2,-0.314135560606576,-1.23174430490837,0.271954839780051,FALSE,3.93377773840636,405.84946491671,504.700670939446,FALSE,"descriptive; no KO contrast; animal n unknown"
"strict_mt15_singlets","Rspo2-positive glut","Sdk2","new_2026",2,2,-0.527899377700375,-1.16529324587059,0.0602870236221547,FALSE,-4.23493721585126,59.0329390282062,85.3362766364884,FALSE,"descriptive; no KO contrast; animal n unknown"
"strict_mt15_singlets","Rspo2-positive glut","Sema5b","new_2026",2,2,2.33945471394399,0.738970636572793,3.1022168067314,TRUE,1.91352205426094,33.9152141413037,6.2999298716599,FALSE,"descriptive; no KO contrast; animal n unknown"
"strict_mt15_singlets","Rspo2-positive glut","Cdh8","new_2026",2,2,-0.207114869694839,-0.604835252691149,0.155539571451547,FALSE,-6.55789021843054,592.747856082405,684.331874491402,FALSE,"descriptive; no KO contrast; animal n unknown"
"strict_mt15_singlets","Rspo2-positive glut","Cdh9","new_2026",2,2,-0.56838041054866,-1.76385383928488,0.151412367611526,FALSE,-15.0114982727943,389.681485526683,578.083721261711,FALSE,"descriptive; no KO contrast; animal n unknown"
"strict_mt15_singlets","Rspo2-positive glut","Cdh13","new_2026",2,2,1.1389122366696,0.933393550568817,1.35728974549428,TRUE,14.1028806809486,385.561592867088,174.811276722517,FALSE,"descriptive; no KO contrast; animal n unknown"
"strict_mt15_singlets","Rspo2-positive glut","Cdh18","new_2026",2,2,-0.104227252147585,-0.904151627998532,0.67519949479765,FALSE,0.276571557042676,297.151167885868,319.450740895729,FALSE,"descriptive; no KO contrast; animal n unknown"
"strict_mt15_singlets","Rspo2-positive glut","C1ql3","new_2026",2,2,1.01542057264834,-0.34440680635025,1.82100336067731,FALSE,-1.74207647103326,913.467578238398,451.625226583446,FALSE,"descriptive; no KO contrast; animal n unknown"
"strict_mt15_singlets","Rspo2-positive glut","Slit1","new_2026",2,2,-1.53179213353986,-2.32932992357833,-0.842174382262053,TRUE,-15.100040934935,92.0983245853093,267.243236103657,FALSE,"descriptive; no KO contrast; animal n unknown"
"strict_mt15_singlets","Rspo2-positive glut","Slit2","new_2026",2,2,-0.148055714937625,-0.480558669576425,0.147463021840268,FALSE,-3.56658153445296,354.20117355094,392.535552330201,FALSE,"descriptive; no KO contrast; animal n unknown"
"strict_mt15_singlets","Rspo2-positive glut","Slit3","new_2026",2,2,-1.31179005131957,-1.55711788970983,-1.0817975955111,TRUE,-40.3570582117973,596.010841394394,1480.33440039618,FALSE,"descriptive; no KO contrast; animal n unknown"
"strict_mt15_singlets","Rspo2-positive glut","Robo1","new_2026",2,2,0.507357341441134,0.315697719507368,0.696825007161639,TRUE,9.00980229265197,819.372162763143,576.288194356296,FALSE,"descriptive; no KO contrast; animal n unknown"
"strict_mt15_singlets","Rspo2-positive glut","Robo2","new_2026",2,2,-0.121631964954089,-0.252884062298214,0.00518285110598704,FALSE,-0.716849781382081,701.872837096198,763.656968019975,FALSE,"descriptive; no KO contrast; animal n unknown"
"strict_mt15_singlets","Rspo2-positive glut","Ntng1","new_2026",2,2,-0.201062570555353,-0.410944775680452,0.0437563236653427,FALSE,-1.30390725679668,261.534526885312,300.720402489377,FALSE,"descriptive; no KO contrast; animal n unknown"
"strict_mt15_singlets","Rspo2-positive glut","Ntng2","new_2026",2,2,-1.6909369963113,-2.68547852467524,-0.981332419000244,TRUE,-6.73930458772262,30.6522288293142,100.080057826526,FALSE,"descriptive; no KO contrast; animal n unknown"
"strict_mt15_singlets","Rspo2-positive glut","Lrrc4c","new_2026",2,2,-0.799214215140108,-1.46211152762255,-0.302852381041562,TRUE,-17.2479571971246,2472.32277060654,4302.59013267942,FALSE,"descriptive; no KO contrast; animal n unknown"
"strict_mt15_singlets","Rspo2-positive glut","Lrrc4","new_2026",2,2,-2.76938770881271,-3.69969186955628,-2.18644092885252,TRUE,-22.7038326921653,42.7144730865561,294.14426476735,FALSE,"descriptive; no KO contrast; animal n unknown"
"strict_mt15_singlets","Rspo2-positive glut","Adgrb3","new_2026",2,2,-0.412738911599743,-0.680603323724711,-0.151381222761866,TRUE,-8.22144355849323,2336.78762492103,3110.92224539531,FALSE,"descriptive; no KO contrast; animal n unknown"
"strict_mt15_singlets","Rspo2-positive glut","Igsf21","new_2026",2,2,-0.58241060744371,-1.11826021955445,-0.167012097567333,TRUE,-1.59065409297656,71.6635053657665,107.553959001261,FALSE,"descriptive; no KO contrast; animal n unknown"
"strict_mt15_singlets","Rspo2-positive glut","Nrxn2","new_2026",2,2,0.560197971120658,0.12253512632371,0.978537129005903,TRUE,5.99450575112558,368.814673251635,249.972568974795,FALSE,"descriptive; no KO contrast; animal n unknown"
"strict_mt15_singlets","Rspo2-positive glut","Cntn4","new_2026",2,2,-1.47964222863741,-1.95033909371883,-1.09235853170294,TRUE,-34.6733407629294,689.104172042973,1922.66512107272,FALSE,"descriptive; no KO contrast; animal n unknown"
"strict_mt15_singlets","Rspo2-positive glut","Cntn6","new_2026",2,2,0.309088523812446,-0.344745536347522,0.957374242796693,FALSE,2.11847251932919,152.691052375401,123.148394779825,FALSE,"descriptive; no KO contrast; animal n unknown"
"strict_mt15_singlets","Rspo2-positive glut","Ptprg","new_2026",2,2,-0.157648492280464,-0.340979719000908,0.0193872279810758,FALSE,-8.27871796909119,697.048293331471,777.592457423644,FALSE,"descriptive; no KO contrast; animal n unknown"
"strict_mt15_singlets","Rspo2-positive glut","Plxna1","new_2026",2,2,1.07406441002604,-0.337276619611539,1.95871646983314,FALSE,2.35199196163883,43.2810254760232,20.2950670528867,FALSE,"descriptive; no KO contrast; animal n unknown"
"strict_mt15_singlets","Rspo2-positive glut","Plxna3","new_2026",2,2,1.36278003880948,0.707627341168777,2.27696113087057,TRUE,1.93908673621631,20.5764573169095,7.69520730956689,FALSE,"descriptive; no KO contrast; animal n unknown"
"include_putative_doublets","Ambiguous","Mef2c","old_2023",1,2,0.366168292311722,0.294681083244766,0.441383294189681,TRUE,7.01692643193176,563.218544065538,436.855590375292,FALSE,"descriptive; no KO contrast; animal n unknown"
"include_putative_doublets","Ambiguous","Mef2c","new_2026",2,2,0.494234647411183,0.345154961618162,0.643081099318726,TRUE,14.7632244813535,615.547409813852,436.855590375292,FALSE,"descriptive; no KO contrast; animal n unknown"
"include_putative_doublets","Ambiguous","Mef2a","old_2023",1,2,-0.0491741915248769,-0.0934867856609136,-0.00345728176391091,TRUE,-1.41944076992669,167.751376965427,173.585072953069,FALSE,"descriptive; no KO contrast; animal n unknown"
"include_putative_doublets","Ambiguous","Mef2a","new_2026",2,2,0.287114889865835,0.102218299543389,0.460924727120749,TRUE,1.94327687805102,211.918201715368,173.585072953069,FALSE,"descriptive; no KO contrast; animal n unknown"
"include_putative_doublets","Ambiguous","Mef2d","old_2023",1,2,-0.581337220387158,-0.729023275006635,-0.416790414629394,TRUE,-2.6388993636475,66.5940190972875,99.8884500304048,FALSE,"descriptive; no KO contrast; animal n unknown"
"include_putative_doublets","Ambiguous","Mef2d","new_2026",2,2,-0.625410466781556,-0.876063947729517,-0.364758154713777,TRUE,-3.0268315156779,64.575338942675,99.8884500304048,FALSE,"descriptive; no KO contrast; animal n unknown"
"include_putative_doublets","Ambiguous","Arc","old_2023",1,2,-0.925717110338015,-1.05944314417922,-0.778317557280151,TRUE,-0.144824766625376,1.04285935946535,2.43085921297949,FALSE,"descriptive; no KO contrast; animal n unknown"
"include_putative_doublets","Ambiguous","Arc","new_2026",2,2,1.07226063728509,0.683413992272207,1.43637320475508,TRUE,0.302908585666373,5.66279287966101,2.43085921297949,FALSE,"descriptive; no KO contrast; animal n unknown"
"include_putative_doublets","Ambiguous","Homer1","old_2023",1,2,-0.135088237194545,-0.249538044496124,-0.0107706245157875,TRUE,0.467205420100555,119.928826338516,131.750117125153,FALSE,"descriptive; no KO contrast; animal n unknown"
"include_putative_doublets","Ambiguous","Homer1","new_2026",2,2,0.147922180433773,-0.0885708157188532,0.384759285661017,FALSE,3.37602178347817,146.029503708486,131.750117125153,FALSE,"descriptive; no KO contrast; animal n unknown"
"include_putative_doublets","Ambiguous","Nr4a1","old_2023",1,2,0.192633615462056,0.155215067939316,0.231048572185151,TRUE,0.465594824413867,27.0398533918516,23.5975631767295,FALSE,"descriptive; no KO contrast; animal n unknown"
"include_putative_doublets","Ambiguous","Nr4a1","new_2026",2,2,-0.600052440447794,-0.678845806390957,-0.521416240704681,TRUE,-0.519506807045232,15.3978847391252,23.5975631767295,FALSE,"descriptive; no KO contrast; animal n unknown"
"include_putative_doublets","Ambiguous","Bdnf","old_2023",1,2,0.553733388886551,0.334384357587347,0.812517805673099,TRUE,0.601005670109086,15.4194205292377,10.345183274122,FALSE,"descriptive; no KO contrast; animal n unknown"
"include_putative_doublets","Ambiguous","Bdnf","new_2026",2,2,1.11799255451991,0.741227990404328,1.51869380097009,TRUE,1.59064128612545,23.0389013848427,10.345183274122,FALSE,"descriptive; no KO contrast; animal n unknown"
"include_putative_doublets","Ambiguous","Pcdh10","old_2023",1,2,0.649745089070223,0.635518997116314,0.664112859543042,TRUE,5.02839782187722,201.793286056546,128.44030934215,FALSE,"descriptive; no KO contrast; animal n unknown"
"include_putative_doublets","Ambiguous","Pcdh10","new_2026",2,2,1.41667342083427,1.17948138432029,1.6241162620943,TRUE,16.379552824761,343.730938996716,128.44030934215,FALSE,"descriptive; no KO contrast; animal n unknown"
"include_putative_doublets","Ambiguous","Npas4","old_2023",1,2,-0.837628030539343,-0.966377469203776,-0.69625273675318,TRUE,-0.216981701833537,4.24592739210894,7.9814919079257,FALSE,"descriptive; no KO contrast; animal n unknown"
"include_putative_doublets","Ambiguous","Npas4","new_2026",2,2,0.0447950212232966,-0.701586096211047,0.617269110111425,FALSE,0.223886184261468,8.24896939087064,7.9814919079257,FALSE,"descriptive; no KO contrast; animal n unknown"
"include_putative_doublets","Ambiguous","Fos","old_2023",1,2,-0.916174069787464,-1.0562862230207,-0.760976232517793,TRUE,-0.115992258404595,0.744899542475252,1.84925512837261,FALSE,"descriptive; no KO contrast; animal n unknown"
"include_putative_doublets","Ambiguous","Fos","new_2026",2,2,2.47541684510605,2.09022016586037,2.84004763579076,TRUE,1.05731722318027,12.564864375354,1.84925512837261,FALSE,"descriptive; no KO contrast; animal n unknown"
"include_putative_doublets","Ambiguous","Egr1","old_2023",1,2,-0.0240060383310075,-0.122572983534111,0.0817922097897807,FALSE,-0.0275784859672843,5.13980684307924,5.23443676146186,FALSE,"descriptive; no KO contrast; animal n unknown"
"include_putative_doublets","Ambiguous","Egr1","new_2026",2,2,3.57897420525075,3.41436017460535,3.7479277827692,TRUE,6.01122419909075,68.0282051608989,5.23443676146186,FALSE,"descriptive; no KO contrast; animal n unknown"
"include_putative_doublets","Ambiguous","Ncam1","old_2023",1,2,0.620546181634968,0.604816107559129,0.636449657119961,TRUE,15.2398142067443,826.83849214753,537.621341386623,FALSE,"descriptive; no KO contrast; animal n unknown"
"include_putative_doublets","Ambiguous","Ncam1","new_2026",2,2,0.74831944309277,0.428103877874802,1.01551065016414,TRUE,18.0246962788152,903.455007310965,537.621341386623,FALSE,"descriptive; no KO contrast; animal n unknown"
"include_putative_doublets","Ambiguous","Sema6d","old_2023",1,2,0.820771174932045,0.769662410028889,0.873757221557703,TRUE,14.4303406327814,758.680184011044,429.30169161579,FALSE,"descriptive; no KO contrast; animal n unknown"
"include_putative_doublets","Ambiguous","Sema6d","new_2026",2,2,0.33817259676935,-0.00698555089304165,0.635303375928311,FALSE,3.5434462904931,542.835667977624,429.30169161579,FALSE,"descriptive; no KO contrast; animal n unknown"
"include_putative_doublets","Ambiguous","Cadm2","old_2023",1,2,0.447712025775897,0.424458686579568,0.471346310435502,TRUE,11.8660593884574,3225.1915490551,2364.59226225264,FALSE,"descriptive; no KO contrast; animal n unknown"
"include_putative_doublets","Ambiguous","Cadm2","new_2026",2,2,-0.00840651941119795,-0.279189262449632,0.22644226716934,FALSE,6.33410359697679,2350.85104912684,2364.59226225264,FALSE,"descriptive; no KO contrast; animal n unknown"
"include_putative_doublets","Ambiguous","Pcdh7","old_2023",1,2,0.753853136476767,0.708069337204533,0.801137635193761,TRUE,19.8451728651802,1635.72490532141,969.810190404285,FALSE,"descriptive; no KO contrast; animal n unknown"
"include_putative_doublets","Ambiguous","Pcdh7","new_2026",2,2,-0.12748983585641,-0.402372928575522,0.117449512452792,FALSE,3.75208435861234,887.744092379336,969.810190404285,FALSE,"descriptive; no KO contrast; animal n unknown"
"include_putative_doublets","Ambiguous","Grip1","old_2023",1,2,0.751058389576354,0.734972899606879,0.76732525063551,TRUE,24.5124738763314,1342.3089755404,797.353458091938,FALSE,"descriptive; no KO contrast; animal n unknown"
"include_putative_doublets","Ambiguous","Grip1","new_2026",2,2,-0.00987073912645826,-0.233150476018981,0.187536568235128,FALSE,4.52407573675487,791.913276210894,797.353458091938,FALSE,"descriptive; no KO contrast; animal n unknown"
"include_putative_doublets","Ambiguous","C1qa","old_2023",1,2,-1.53281961822098,-1.62544310615034,-1.4338390774407,TRUE,-0.263518062861259,0.14897990849505,1.37782853797447,TRUE,"descriptive; no KO contrast; animal n unknown"
"include_putative_doublets","Ambiguous","C1qa","new_2026",2,2,3.44103979600181,3.06044113767837,3.77996725077224,TRUE,1.52788201167528,19.8944562012629,1.37782853797447,TRUE,"descriptive; no KO contrast; animal n unknown"
"include_putative_doublets","Ambiguous","C1qb","old_2023",1,2,-0.206961612603411,-0.396025346669971,0.0106694711357844,FALSE,-0.10701765284994,1.26632922220793,1.538793814545,TRUE,"descriptive; no KO contrast; animal n unknown"
"include_putative_doublets","Ambiguous","C1qb","new_2026",2,2,3.45775115523596,2.59195330555591,4.13420536114768,TRUE,1.75387183928882,21.9006243208349,1.538793814545,TRUE,"descriptive; no KO contrast; animal n unknown"
"include_putative_doublets","Ambiguous","C1qc","old_2023",1,2,-0.641463655698667,-0.88521461749996,-0.347985897258763,TRUE,-0.560232570879666,1.86224885618813,3.18489781347037,FALSE,"descriptive; no KO contrast; animal n unknown"
"include_putative_doublets","Ambiguous","C1qc","new_2026",2,2,3.08448202905324,2.30406538812465,3.76822871650053,TRUE,1.98278355000706,30.7569832988641,3.18489781347037,FALSE,"descriptive; no KO contrast; animal n unknown"
"include_putative_doublets","Ambiguous","C3","old_2023",1,2,-0.39637426963955,-0.503625032601236,-0.28050546799705,TRUE,-0.0115312516044256,0,0.158097966742172,FALSE,"descriptive; no KO contrast; animal n unknown"
"include_putative_doublets","Ambiguous","C3","new_2026",2,2,0.462726897581708,0.276705668093365,0.653287090401984,TRUE,0.0282366306159272,0.406953925735573,0.158097966742172,FALSE,"descriptive; no KO contrast; animal n unknown"
"include_putative_doublets","Ambiguous","C4b","old_2023",1,2,-1.46671364309067,-1.94640690260276,-0.74303841945634,TRUE,-0.415468545924926,0.297959816990101,1.70549371077227,FALSE,"descriptive; no KO contrast; animal n unknown"
"include_putative_doublets","Ambiguous","C4b","new_2026",2,2,-0.131830798314358,-0.624519871061442,0.604724216473153,FALSE,-0.285086132804704,1.51289350732207,1.70549371077227,FALSE,"descriptive; no KO contrast; animal n unknown"
"include_putative_doublets","Ambiguous","Itgam","old_2023",1,2,-0.990762104816538,-1.03900282991416,-0.940852339982789,TRUE,-0.885371300041501,1.93673881043566,4.34237136302738,FALSE,"descriptive; no KO contrast; animal n unknown"
"include_putative_doublets","Ambiguous","Itgam","new_2026",2,2,-0.117354221846837,-0.458177240660564,0.175689122405813,FALSE,-0.685796030571866,3.96406954386513,4.34237136302738,FALSE,"descriptive; no KO contrast; animal n unknown"
"include_putative_doublets","Ambiguous","Trem2","old_2023",1,2,-1.18440749227119,-1.20040144485414,-1.16823423850149,TRUE,-0.42814519252492,0.744899542475252,2.32928364825586,FALSE,"descriptive; no KO contrast; animal n unknown"
"include_putative_doublets","Ambiguous","Trem2","new_2026",2,2,1.79903916014513,1.12516061879411,2.26537375978959,TRUE,0.396316353678593,9.34557852168601,2.32928364825586,FALSE,"descriptive; no KO contrast; animal n unknown"
"include_putative_doublets","Ambiguous","Tyrobp","old_2023",1,2,-1.18614648207653,-1.74893142597877,-0.250704180820734,TRUE,-0.22679159396947,0.446939725485151,1.65470592841046,FALSE,"descriptive; no KO contrast; animal n unknown"
"include_putative_doublets","Ambiguous","Tyrobp","new_2026",2,2,4.17191193409139,2.76316294783141,5.63708631784149,TRUE,3.0352900198186,38.3381592352809,1.65470592841046,FALSE,"descriptive; no KO contrast; animal n unknown"
"include_putative_doublets","Ambiguous","Cd68","old_2023",1,2,-0.170085014082859,-0.235650732007568,-0.101397094483861,TRUE,-0.0192890932664374,0.744899542475252,0.900667327919584,FALSE,"descriptive; no KO contrast; animal n unknown"
"include_putative_doublets","Ambiguous","Cd68","new_2026",2,2,1.86516722443874,1.3700053605543,2.2644484253676,TRUE,0.329974554618578,4.6027733637792,0.900667327919584,FALSE,"descriptive; no KO contrast; animal n unknown"
"include_putative_doublets","Ambiguous","Cx3cr1","old_2023",1,2,-0.356370752254002,-0.381015506502839,-0.331297678075141,TRUE,-1.02356109711355,20.4847374180694,26.3646894919919,TRUE,"descriptive; no KO contrast; animal n unknown"
"include_putative_doublets","Ambiguous","Cx3cr1","new_2026",2,2,-0.30085306102891,-0.645929141364063,-0.0137442902855236,TRUE,-1.0016612461166,21.3080095967818,26.3646894919919,TRUE,"descriptive; no KO contrast; animal n unknown"
"include_putative_doublets","Ambiguous","P2ry12","old_2023",1,2,-0.136739581869055,-0.211670180297996,-0.0577030140283439,TRUE,-0.139970450240646,104.73287567202,115.19488377993,TRUE,"descriptive; no KO contrast; animal n unknown"
"include_putative_doublets","Ambiguous","P2ry12","new_2026",2,2,-2.3488853229541,-2.42589014311961,-2.2677775112894,TRUE,-7.93652923206182,22.2106317631394,115.19488377993,TRUE,"descriptive; no KO contrast; animal n unknown"
"include_putative_doublets","Ambiguous","Csf1r","old_2023",1,2,-1.01498759923543,-1.1219823514274,-0.899417569950126,TRUE,-1.05017796291861,3.57551780388121,7.73615492560173,TRUE,"descriptive; no KO contrast; animal n unknown"
"include_putative_doublets","Ambiguous","Csf1r","new_2026",2,2,0.903250723238968,0.699294542765643,1.10967391818532,TRUE,-0.0205882726771733,14.9038779387243,7.73615492560173,TRUE,"descriptive; no KO contrast; animal n unknown"
"include_putative_doublets","Ambiguous","Mertk","old_2023",1,2,-1.53413160204097,-1.83049234025513,-1.16072453501792,TRUE,-6.12817949577576,26.0714839866338,76.454751382259,FALSE,"descriptive; no KO contrast; animal n unknown"
"include_putative_doublets","Ambiguous","Mertk","new_2026",2,2,-1.26346820159078,-2.14307587303355,-0.475882184661354,TRUE,-6.21911267813649,31.5548399061191,76.454751382259,FALSE,"descriptive; no KO contrast; animal n unknown"
"include_putative_doublets","Ambiguous","Megf10","old_2023",1,2,0.0558171434925138,-0.210705387240758,0.382993289760128,FALSE,-0.358948290136662,10.5030835489011,10.0855097426562,FALSE,"descriptive; no KO contrast; animal n unknown"
"include_putative_doublets","Ambiguous","Megf10","new_2026",2,2,0.221929633054423,-0.11539898542082,0.616598743328051,FALSE,-0.582328721326742,11.8458004404567,10.0855097426562,FALSE,"descriptive; no KO contrast; animal n unknown"
"include_putative_doublets","Ambiguous","Axl","old_2023",1,2,-0.302608336771617,-0.433294274842592,-0.158894332388237,TRUE,-0.340283379953621,3.12857807839606,3.97538764718122,FALSE,"descriptive; no KO contrast; animal n unknown"
"include_putative_doublets","Ambiguous","Axl","new_2026",2,2,0.776169699012837,0.62073050150223,0.944219409194305,TRUE,-0.120370138309345,7.16445043327389,3.97538764718122,FALSE,"descriptive; no KO contrast; animal n unknown"
"include_putative_doublets","Ambiguous","Gas6","old_2023",1,2,0.298025667674601,0.249321004566143,0.348432197288616,TRUE,0.0343072796880226,27.2633232545942,22.0817078408114,FALSE,"descriptive; no KO contrast; animal n unknown"
"include_putative_doublets","Ambiguous","Gas6","new_2026",2,2,1.08607505843813,1.01672011917181,1.15684044906887,TRUE,2.0811691243068,47.4399916871653,22.0817078408114,FALSE,"descriptive; no KO contrast; animal n unknown"
"include_putative_doublets","Ambiguous","Sema3e","old_2023",1,2,0.316018551108844,0.30602840361375,0.326078359461396,TRUE,0.346355988928779,30.7643511042279,24.6141426185145,FALSE,"descriptive; no KO contrast; animal n unknown"
"include_putative_doublets","Ambiguous","Sema3e","new_2026",2,2,0.504388976580069,0.121942970986634,0.81021126456138,TRUE,1.11436874505581,35.1249749495374,24.6141426185145,FALSE,"descriptive; no KO contrast; animal n unknown"
"include_putative_doublets","Ambiguous","Plxnd1","old_2023",1,2,-0.877164956615409,-1.11893288119246,-0.586560107345656,TRUE,-0.412527647979148,8.19389496722777,15.4686187468263,FALSE,"descriptive; no KO contrast; animal n unknown"
"include_putative_doublets","Ambiguous","Plxnd1","new_2026",2,2,0.718474099100337,0.218829215639329,1.22777615817786,TRUE,1.32644570723765,25.775416391819,15.4686187468263,FALSE,"descriptive; no KO contrast; animal n unknown"
"include_putative_doublets","Ambiguous","Nrp1","old_2023",1,2,0.749295241251579,0.621459915576756,0.889568964952353,TRUE,3.78742694474204,121.940055103199,72.3388655534878,FALSE,"descriptive; no KO contrast; animal n unknown"
"include_putative_doublets","Ambiguous","Nrp1","new_2026",2,2,0.0563500553932608,-0.273709160175882,0.373955245280975,FALSE,0.425373691323722,75.2401620675379,72.3388655534878,FALSE,"descriptive; no KO contrast; animal n unknown"
"include_putative_doublets","Ambiguous","Nrp2","old_2023",1,2,0.225374921529904,0.202916853102299,0.248188124598407,TRUE,2.21563229857538,116.204328626139,99.3256973938657,FALSE,"descriptive; no KO contrast; animal n unknown"
"include_putative_doublets","Ambiguous","Nrp2","new_2026",2,2,-0.231055179531411,-0.481504622280659,-0.0114118974583644,TRUE,-0.386833330629148,84.5526428848887,99.3256973938657,FALSE,"descriptive; no KO contrast; animal n unknown"
"include_putative_doublets","Ambiguous","Kirrel3","old_2023",1,2,0.290345023038736,0.248259622047858,0.333695097778698,TRUE,7.29337767913849,1864.63253472405,1524.63095828423,FALSE,"descriptive; no KO contrast; animal n unknown"
"include_putative_doublets","Ambiguous","Kirrel3","new_2026",2,2,-1.06436705981979,-1.46373761837286,-0.734883607945251,TRUE,-19.2953470092622,728.790783933594,1524.63095828423,FALSE,"descriptive; no KO contrast; animal n unknown"
"include_putative_doublets","Ambiguous","Sdk2","old_2023",1,2,-0.192042826879344,-0.333542259873473,-0.0351407662078014,TRUE,-0.640097762938339,101.678787547872,116.227019491587,FALSE,"descriptive; no KO contrast; animal n unknown"
"include_putative_doublets","Ambiguous","Sdk2","new_2026",2,2,-0.780725848585986,-1.46642699592754,-0.229606836273904,TRUE,-4.5572900556105,67.4437475728298,116.227019491587,FALSE,"descriptive; no KO contrast; animal n unknown"
"include_putative_doublets","Ambiguous","Sema5b","old_2023",1,2,-0.117842991983139,-0.248037362072697,0.025276689100366,FALSE,-0.923877854035366,69.5736172671885,75.5376720477332,FALSE,"descriptive; no KO contrast; animal n unknown"
"include_putative_doublets","Ambiguous","Sema5b","new_2026",2,2,-0.627217439348498,-1.24240677124599,-0.121767659953888,TRUE,-4.40519477489945,48.7286072469397,75.5376720477332,FALSE,"descriptive; no KO contrast; animal n unknown"
"include_putative_doublets","Ambiguous","Cdh8","old_2023",1,2,0.698398101192371,0.665145280649659,0.732435488388305,TRUE,8.78789388342931,490.367368811458,302.00000437513,FALSE,"descriptive; no KO contrast; animal n unknown"
"include_putative_doublets","Ambiguous","Cdh8","new_2026",2,2,0.242839262389068,-0.183213576321545,0.58529584650643,FALSE,7.98529159515985,357.454055648801,302.00000437513,FALSE,"descriptive; no KO contrast; animal n unknown"
"include_putative_doublets","Ambiguous","Cdh9","old_2023",1,2,0.275787358574166,0.191928830862347,0.364822730478097,TRUE,2.44735464878468,191.662652278882,158.226235774269,FALSE,"descriptive; no KO contrast; animal n unknown"
"include_putative_doublets","Ambiguous","Cdh9","new_2026",2,2,-0.0850473917130939,-0.610404699298403,0.341562969624225,FALSE,2.41027322882498,149.139724871742,158.226235774269,FALSE,"descriptive; no KO contrast; animal n unknown"
"include_putative_doublets","Ambiguous","Cdh13","old_2023",1,2,0.114170480214657,0.107312824533132,0.121060888582052,TRUE,8.04578038848884,829.222170683451,766.091422735316,FALSE,"descriptive; no KO contrast; animal n unknown"
"include_putative_doublets","Ambiguous","Cdh13","new_2026",2,2,-0.995092681912459,-1.35327539642854,-0.70589748500054,TRUE,-13.4310989762128,384.101709226292,766.091422735316,FALSE,"descriptive; no KO contrast; animal n unknown"
"include_putative_doublets","Ambiguous","Cdh18","old_2023",1,2,-0.0154290430983845,-0.0905229652565342,0.0637892645065445,FALSE,2.00699978795023,552.417500699647,558.362463775044,FALSE,"descriptive; no KO contrast; animal n unknown"
"include_putative_doublets","Ambiguous","Cdh18","new_2026",2,2,-0.733853702961093,-1.21149277162017,-0.340254966500025,TRUE,-5.87995838296339,335.541538218666,558.362463775044,FALSE,"descriptive; no KO contrast; animal n unknown"
"include_putative_doublets","Ambiguous","C1ql3","old_2023",1,2,-0.0461343821166712,-0.258461243800746,0.202925188181167,FALSE,-0.167318101406599,135.199266959258,139.60877452101,FALSE,"descriptive; no KO contrast; animal n unknown"
"include_putative_doublets","Ambiguous","C1ql3","new_2026",2,2,1.18533252159354,0.479585307007135,1.80138395571904,TRUE,16.4688671795776,318.129497254141,139.60877452101,FALSE,"descriptive; no KO contrast; animal n unknown"
"include_putative_doublets","Ambiguous","Slit1","old_2023",1,2,-0.266835332658231,-0.368377926299057,-0.157600977274045,TRUE,0.0943692071618827,144.063571514714,173.433929326714,FALSE,"descriptive; no KO contrast; animal n unknown"
"include_putative_doublets","Ambiguous","Slit1","new_2026",2,2,-1.98216797932228,-2.41260847964999,-1.60527131350038,TRUE,-8.26077397025957,43.5242828361747,173.433929326714,FALSE,"descriptive; no KO contrast; animal n unknown"
"include_putative_doublets","Ambiguous","Slit2","old_2023",1,2,0.872709166523091,0.868222028923092,0.877210303782059,TRUE,10.5814345844037,390.103890394289,212.816735052121,FALSE,"descriptive; no KO contrast; animal n unknown"
"include_putative_doublets","Ambiguous","Slit2","new_2026",2,2,-0.0837439121334944,-0.380328498788776,0.163556255801283,FALSE,1.10292324036297,200.786893982018,212.816735052121,FALSE,"descriptive; no KO contrast; animal n unknown"
"include_putative_doublets","Ambiguous","Slit3","old_2023",1,2,0.252280068674984,0.19633945764892,0.31047758710678,TRUE,12.2253896164312,1087.62782196812,913.057835342399,FALSE,"descriptive; no KO contrast; animal n unknown"
"include_putative_doublets","Ambiguous","Slit3","new_2026",2,2,-1.56593017249369,-1.99821219961106,-1.20953041134861,TRUE,-14.6713524848546,308.063174392302,913.057835342399,FALSE,"descriptive; no KO contrast; animal n unknown"
"include_putative_doublets","Ambiguous","Robo1","old_2023",1,2,0.291964573020336,0.266587494386433,0.317796040395635,TRUE,10.1451771275176,1582.16662821744,1292.20476860479,FALSE,"descriptive; no KO contrast; animal n unknown"
"include_putative_doublets","Ambiguous","Robo1","new_2026",2,2,-0.564080411924937,-0.820308847033736,-0.339292055183225,TRUE,-6.92701881530702,873.867943472869,1292.20476860479,FALSE,"descriptive; no KO contrast; animal n unknown"
"include_putative_doublets","Ambiguous","Robo2","old_2023",1,2,0.795831065503237,0.737346045188181,0.856787536277229,TRUE,18.6778705384106,890.527403029164,512.741822559171,FALSE,"descriptive; no KO contrast; animal n unknown"
"include_putative_doublets","Ambiguous","Robo2","new_2026",2,2,-0.00286579921380547,-0.354217862083182,0.30142064261844,FALSE,5.74530769770345,511.723320328745,512.741822559171,FALSE,"descriptive; no KO contrast; animal n unknown"
"include_putative_doublets","Ambiguous","Ntng1","old_2023",1,2,-0.0292475804987019,-0.0592400272416125,0.00138164616808822,FALSE,2.09535332973128,387.645721904121,395.594856423229,FALSE,"descriptive; no KO contrast; animal n unknown"
"include_putative_doublets","Ambiguous","Ntng1","new_2026",2,2,-0.946635519782723,-1.33844214942135,-0.626980907249185,TRUE,-7.31571384802194,205.010263645739,395.594856423229,FALSE,"descriptive; no KO contrast; animal n unknown"
"include_putative_doublets","Ambiguous","Ntng2","old_2023",1,2,0.294638568440226,0.246473771820853,0.34446706383218,TRUE,0.476599279384256,40.4480451564062,32.8839811561897,FALSE,"descriptive; no KO contrast; animal n unknown"
"include_putative_doublets","Ambiguous","Ntng2","new_2026",2,2,-0.970456316235412,-1.56942276155505,-0.522978944270114,TRUE,-1.43651709468193,16.5373351179201,32.8839811561897,FALSE,"descriptive; no KO contrast; animal n unknown"
"include_putative_doublets","Ambiguous","Lrrc4c","old_2023",1,2,0.364038995956939,0.295228682189437,0.436296359576049,TRUE,9.59630752139512,2951.88790692093,2293.46485738271,FALSE,"descriptive; no KO contrast; animal n unknown"
"include_putative_doublets","Ambiguous","Lrrc4c","new_2026",2,2,-0.574001867607614,-0.881838940030505,-0.29674834117273,TRUE,-2.2575294516873,1540.47282735682,2293.46485738271,FALSE,"descriptive; no KO contrast; animal n unknown"
"include_putative_doublets","Ambiguous","Lrrc4","old_2023",1,2,-0.0803274280212336,-0.110724547213783,-0.0492760414032283,TRUE,1.36740983731083,295.725118362675,312.686365576643,FALSE,"descriptive; no KO contrast; animal n unknown"
"include_putative_doublets","Ambiguous","Lrrc4","new_2026",2,2,-2.42673830964319,-2.67026990551212,-2.21002450063115,TRUE,-18.5776068991013,57.7481081170703,312.686365576643,FALSE,"descriptive; no KO contrast; animal n unknown"
"include_putative_doublets","Ambiguous","Adgrb3","old_2023",1,2,0.336561849421356,0.326002241615791,0.347199317057498,TRUE,11.377080033581,3308.54580785808,2620.02053428561,FALSE,"descriptive; no KO contrast; animal n unknown"
"include_putative_doublets","Ambiguous","Adgrb3","new_2026",2,2,-0.483517638306745,-0.741036383911005,-0.262080747161811,TRUE,-5.43873231009451,1873.77906628779,2620.02053428561,FALSE,"descriptive; no KO contrast; animal n unknown"
"include_putative_doublets","Ambiguous","Igsf21","old_2023",1,2,0.0985729720453613,-0.104665487212996,0.335211997068739,FALSE,0.658595902815933,84.4716081166936,78.8597728645984,FALSE,"descriptive; no KO contrast; animal n unknown"
"include_putative_doublets","Ambiguous","Igsf21","new_2026",2,2,-0.759321216123101,-1.13694174914514,-0.367123327520125,TRUE,-2.63532724000317,46.3837081445989,78.8597728645984,FALSE,"descriptive; no KO contrast; animal n unknown"
"include_putative_doublets","Ambiguous","Nrxn2","old_2023",1,2,0.175873824559492,0.108627004769671,0.246409052858256,TRUE,1.82689001373238,320.753742989844,283.883830589099,FALSE,"descriptive; no KO contrast; animal n unknown"
"include_putative_doublets","Ambiguous","Nrxn2","new_2026",2,2,0.0941812458084005,-0.268265289711523,0.409652830194954,FALSE,0.707907865964511,303.068203000858,283.883830589099,FALSE,"descriptive; no KO contrast; animal n unknown"
"include_putative_doublets","Ambiguous","Cntn4","old_2023",1,2,-0.127917667847069,-0.172973757582456,-0.0814089661641653,TRUE,2.90320095976238,949.895896564441,1038.01221128128,FALSE,"descriptive; no KO contrast; animal n unknown"
"include_putative_doublets","Ambiguous","Cntn4","new_2026",2,2,-1.19216579400033,-1.4775172675304,-0.939729096902651,TRUE,-8.93177485417085,454.000058782431,1038.01221128128,FALSE,"descriptive; no KO contrast; animal n unknown"
"include_putative_doublets","Ambiguous","Cntn6","old_2023",1,2,0.724173523786889,0.634799719123755,0.819451751099199,TRUE,7.31983449322314,295.427158545685,178.637649474612,FALSE,"descriptive; no KO contrast; animal n unknown"
"include_putative_doublets","Ambiguous","Cntn6","new_2026",2,2,-0.319975098885112,-0.678437185239304,0.00200424632307517,FALSE,-0.914358942679762,143.004251818074,178.637649474612,FALSE,"descriptive; no KO contrast; animal n unknown"
"include_putative_doublets","Ambiguous","Ptprg","old_2023",1,2,0.426717009440134,0.396855758671293,0.457209422557256,TRUE,10.3551026898603,891.793732251372,663.324417232525,FALSE,"descriptive; no KO contrast; animal n unknown"
"include_putative_doublets","Ambiguous","Ptprg","new_2026",2,2,-0.277982518829697,-0.72268714966131,0.074321505106612,FALSE,-5.37561447959446,546.984901125644,663.324417232525,FALSE,"descriptive; no KO contrast; animal n unknown"
"include_putative_doublets","Ambiguous","Plxna1","old_2023",1,2,0.296040330469167,0.221145995010693,0.375036552300895,TRUE,0.29869649745072,18.1010588821486,14.6502796093806,FALSE,"descriptive; no KO contrast; animal n unknown"
"include_putative_doublets","Ambiguous","Plxna1","new_2026",2,2,1.81728614934742,1.34409043070509,2.2080748050406,TRUE,3.90853166120597,52.8922582327184,14.6502796093806,FALSE,"descriptive; no KO contrast; animal n unknown"
"include_putative_doublets","Ambiguous","Plxna3","old_2023",1,2,0.924570859555651,0.816955925959975,1.04086485743766,TRUE,0.777117254296167,19.5163680128516,10.045367405059,FALSE,"descriptive; no KO contrast; animal n unknown"
"include_putative_doublets","Ambiguous","Plxna3","new_2026",2,2,0.0436433647275097,-0.253850233939711,0.327707036160363,FALSE,-0.0150686146825256,10.3692524853512,10.045367405059,FALSE,"descriptive; no KO contrast; animal n unknown"
"include_putative_doublets","Astrocyte","Mef2c","old_2023",1,2,0.533923664688632,0.457472951379291,0.614653434609286,TRUE,8.74683365878293,428.510731530764,295.806458357242,FALSE,"descriptive; no KO contrast; animal n unknown"
"include_putative_doublets","Astrocyte","Mef2c","new_2026",2,2,0.801636581466085,0.460115492474443,1.1062112797966,TRUE,19.9285018833045,515.985072716182,295.806458357242,FALSE,"descriptive; no KO contrast; animal n unknown"
"include_putative_doublets","Astrocyte","Mef2a","old_2023",1,2,0.440820172518666,0.377973140150298,0.506530152335891,TRUE,4.33857308395215,181.572343868968,133.635548167916,FALSE,"descriptive; no KO contrast; animal n unknown"
"include_putative_doublets","Astrocyte","Mef2a","new_2026",2,2,0.538794462760026,0.265737758158564,0.787944467329456,TRUE,5.52754074885694,194.36649926102,133.635548167916,FALSE,"descriptive; no KO contrast; animal n unknown"
"include_putative_doublets","Astrocyte","Mef2d","old_2023",1,2,0.0169610362827423,-0.187078395456161,0.254687282998916,FALSE,0.109292019220404,75.0499021325067,74.1669007957099,FALSE,"descriptive; no KO contrast; animal n unknown"
"include_putative_doublets","Astrocyte","Mef2d","new_2026",2,2,-0.393938293021246,-0.632243974819211,-0.122740826264173,TRUE,-1.61186255543786,56.3251882034593,74.1669007957099,FALSE,"descriptive; no KO contrast; animal n unknown"
"include_putative_doublets","Astrocyte","Arc","old_2023",1,2,-2.79491638451136,-3.04022907918572,-2.49916925598411,TRUE,-0.195668540068618,0,2.96995363176207,FALSE,"descriptive; no KO contrast; animal n unknown"
"include_putative_doublets","Astrocyte","Arc","new_2026",2,2,0.687525456078305,0.402084403403602,1.02231491753056,TRUE,0.418691256266766,5.08842538209302,2.96995363176207,FALSE,"descriptive; no KO contrast; animal n unknown"
"include_putative_doublets","Astrocyte","Homer1","old_2023",1,2,0.160494506730907,0.0729318828726688,0.253717006421621,TRUE,0.934718480371614,81.1023135948056,72.5110865094486,FALSE,"descriptive; no KO contrast; animal n unknown"
"include_putative_doublets","Astrocyte","Homer1","new_2026",2,2,0.808090829898596,0.41222129807676,1.15519496856368,TRUE,6.98282425521343,127.334592223166,72.5110865094486,FALSE,"descriptive; no KO contrast; animal n unknown"
"include_putative_doublets","Astrocyte","Nr4a1","old_2023",1,2,0.74354649189066,0.476584445704559,1.07138616925637,TRUE,0.506966410481502,15.7362698019772,9.19742573249046,FALSE,"descriptive; no KO contrast; animal n unknown"
"include_putative_doublets","Astrocyte","Nr4a1","new_2026",2,2,0.336622928487706,0.0691402682382365,0.664983032114633,TRUE,0.350783959764603,11.7458817363186,9.19742573249046,FALSE,"descriptive; no KO contrast; animal n unknown"
"include_putative_doublets","Astrocyte","Bdnf","old_2023",1,2,-0.591787033058593,-0.791236912329833,-0.360271325885279,TRUE,0.0961714993739005,6.05241146229892,9.37522067656712,FALSE,"descriptive; no KO contrast; animal n unknown"
"include_putative_doublets","Astrocyte","Bdnf","new_2026",2,2,1.25306196801956,0.941762080962127,1.58837656735578,TRUE,1.77135105636052,23.0372677742396,9.37522067656712,FALSE,"descriptive; no KO contrast; animal n unknown"
"include_putative_doublets","Astrocyte","Pcdh10","old_2023",1,2,0.13626450532594,-0.0734737931071709,0.381767558054904,FALSE,2.34217950438409,251.780316831635,229.04279437684,FALSE,"descriptive; no KO contrast; animal n unknown"
"include_putative_doublets","Astrocyte","Pcdh10","new_2026",2,2,0.682362154869581,0.308891545389828,1.07489493835595,TRUE,10.1990117481978,367.862270175073,229.04279437684,FALSE,"descriptive; no KO contrast; animal n unknown"
"include_putative_doublets","Astrocyte","Npas4","old_2023",1,2,-3.28274609700883,-3.4903025124169,-3.04022907918572,TRUE,-0.335013759687768,0,4.36603297560478,FALSE,"descriptive; no KO contrast; animal n unknown"
"include_putative_doublets","Astrocyte","Npas4","new_2026",2,2,0.453609953390184,-0.178475668114436,1.02372025935029,FALSE,0.355551764195221,6.16385057132265,4.36603297560478,FALSE,"descriptive; no KO contrast; animal n unknown"
"include_putative_doublets","Astrocyte","Fos","old_2023",1,2,0.782165258202786,0.506253314997608,1.12362778064203,TRUE,0.350982918551398,3.63144687737935,1.90240912429456,FALSE,"descriptive; no KO contrast; animal n unknown"
"include_putative_doublets","Astrocyte","Fos","new_2026",2,2,2.96107187320487,1.98883770622824,3.77018590258628,TRUE,1.35346928093607,18.2076149213882,1.90240912429456,FALSE,"descriptive; no KO contrast; animal n unknown"
"include_putative_doublets","Astrocyte","Egr1","old_2023",1,2,0.2253006046503,0.00674530031112175,0.482980134429168,TRUE,-0.113876931889616,6.05241146229892,5.10504264669709,FALSE,"descriptive; no KO contrast; animal n unknown"
"include_putative_doublets","Astrocyte","Egr1","new_2026",2,2,3.42149295724641,2.95010608755004,3.89423273405054,TRUE,5.27714647224317,59.5552433912729,5.10504264669709,FALSE,"descriptive; no KO contrast; animal n unknown"
"include_putative_doublets","Astrocyte","Ncam1","old_2023",1,2,0.458804728852853,0.377495402187089,0.544971732567742,TRUE,15.8657547454089,1218.955668507,886.762305398976,FALSE,"descriptive; no KO contrast; animal n unknown"
"include_putative_doublets","Astrocyte","Ncam1","new_2026",2,2,0.130106191798416,-0.194139556074491,0.424136539270579,FALSE,5.7756564079902,970.497021270444,886.762305398976,FALSE,"descriptive; no KO contrast; animal n unknown"
"include_putative_doublets","Astrocyte","Sema6d","old_2023",1,2,0.835662907797376,0.719900004906966,0.961531491116562,TRUE,20.7419717978258,1440.47392802714,806.914457439153,FALSE,"descriptive; no KO contrast; animal n unknown"
"include_putative_doublets","Astrocyte","Sema6d","new_2026",2,2,-0.257287599391289,-0.393573160851423,-0.111184206958765,TRUE,-9.20579221330804,675.030927066409,806.914457439153,FALSE,"descriptive; no KO contrast; animal n unknown"
"include_putative_doublets","Astrocyte","Cadm2","old_2023",1,2,0.259838905235345,0.189723564679976,0.333536719096642,TRUE,2.79439469158892,3413.56006473659,2850.85868799178,FALSE,"descriptive; no KO contrast; animal n unknown"
"include_putative_doublets","Astrocyte","Cadm2","new_2026",2,2,-0.228117156115668,-0.470043031181563,-0.000909594644230793,TRUE,-4.62864591885696,2433.84286556735,2850.85868799178,FALSE,"descriptive; no KO contrast; animal n unknown"
"include_putative_doublets","Astrocyte","Pcdh7","old_2023",1,2,0.537554491557521,0.47724164952195,0.600499178819744,TRUE,15.8591245534238,1453.7892332442,1001.41473232312,FALSE,"descriptive; no KO contrast; animal n unknown"
"include_putative_doublets","Astrocyte","Pcdh7","new_2026",2,2,-0.129764454768809,-0.367955690349133,0.091514620546004,FALSE,0.986121063986758,915.230689712903,1001.41473232312,FALSE,"descriptive; no KO contrast; animal n unknown"
"include_putative_doublets","Astrocyte","Grip1","old_2023",1,2,1.7755757028089,1.65631332932966,1.90559279253534,TRUE,44.3417047930666,1481.63032597078,432.397270366519,FALSE,"descriptive; no KO contrast; animal n unknown"
"include_putative_doublets","Astrocyte","Grip1","new_2026",2,2,0.819281899058806,0.492870930701239,1.13040455545006,TRUE,18.3497607099753,763.359130027516,432.397270366519,FALSE,"descriptive; no KO contrast; animal n unknown"
"include_putative_doublets","Astrocyte","C1qa","old_2023",1,2,-0.569990221348785,-1.26582591031094,0.825264541138787,FALSE,-0.126083384577075,1.21048229245978,2.03923406920027,TRUE,"descriptive; no KO contrast; animal n unknown"
"include_putative_doublets","Astrocyte","C1qa","new_2026",2,2,2.78671249902627,1.85073953709036,4.38777919861964,TRUE,1.52920198356765,17.0221255540593,2.03923406920027,TRUE,"descriptive; no KO contrast; animal n unknown"
"include_putative_doublets","Astrocyte","C1qb","old_2023",1,2,-0.962473849835169,-1.13537702642339,-0.765990633671071,TRUE,-0.241444974373149,1.21048229245978,2.83312868685637,TRUE,"descriptive; no KO contrast; animal n unknown"
"include_putative_doublets","Astrocyte","C1qb","new_2026",2,2,2.6014632188723,1.94649412895142,3.1586459513457,TRUE,1.53879382770849,19.728819670786,2.83312868685637,TRUE,"descriptive; no KO contrast; animal n unknown"
"include_putative_doublets","Astrocyte","C1qc","old_2023",1,2,-0.546522811028005,-0.944630708931881,0.00516506961788044,FALSE,-0.0710910111300283,1.21048229245978,1.99826407002931,FALSE,"descriptive; no KO contrast; animal n unknown"
"include_putative_doublets","Astrocyte","C1qc","new_2026",2,2,3.28520421326257,2.53385661817253,4.12042962235789,TRUE,2.21668099310559,23.8547318389488,1.99826407002931,FALSE,"descriptive; no KO contrast; animal n unknown"
"include_putative_doublets","Astrocyte","C3","old_2023",1,2,0,0,0,FALSE,0,0,0,FALSE,"descriptive; no KO contrast; animal n unknown"
"include_putative_doublets","Astrocyte","C3","new_2026",2,2,0.845738115796807,0.505218172867563,1.12103530103019,TRUE,0.060875858847217,0.398591995525004,0,FALSE,"descriptive; no KO contrast; animal n unknown"
"include_putative_doublets","Astrocyte","C4b","old_2023",1,2,-2.01133566756135,-2.12505999415351,-1.88787364162863,TRUE,-2.19692175870756,4.84192916983914,21.0362702603678,FALSE,"descriptive; no KO contrast; animal n unknown"
"include_putative_doublets","Astrocyte","C4b","new_2026",2,2,-2.58831237302333,-2.86319118558312,-2.31990225855576,TRUE,-2.58858705230395,3.08105367183837,21.0362702603678,FALSE,"descriptive; no KO contrast; animal n unknown"
"include_putative_doublets","Astrocyte","Itgam","old_2023",1,2,-0.674996541239657,-1.13537702642339,0.00516506961788044,FALSE,-0.191008260354487,1.21048229245978,2.23094396066976,FALSE,"descriptive; no KO contrast; animal n unknown"
"include_putative_doublets","Astrocyte","Itgam","new_2026",2,2,0.227760294237779,-1.27905327385083,1.5080358357074,FALSE,0.0723392985725065,2.69797797849713,2.23094396066976,FALSE,"descriptive; no KO contrast; animal n unknown"
"include_putative_doublets","Astrocyte","Trem2","old_2023",1,2,0.366561770187695,0.0472756104093897,0.777206767136609,TRUE,0.0745586586987033,2.42096458491957,1.76558417938886,FALSE,"descriptive; no KO contrast; animal n unknown"
"include_putative_doublets","Astrocyte","Trem2","new_2026",2,2,1.81744671770301,1.11910323604701,2.52799295336286,TRUE,0.618524522595531,7.48520703818078,1.76558417938886,FALSE,"descriptive; no KO contrast; animal n unknown"
"include_putative_doublets","Astrocyte","Tyrobp","old_2023",1,2,2.54644486639351,2.5464448663935,2.5464448663935,TRUE,0.0665750455359532,2.42096458491957,0,FALSE,"descriptive; no KO contrast; animal n unknown"
"include_putative_doublets","Astrocyte","Tyrobp","new_2026",2,2,6.07079532028067,5.61297827971706,6.41779519573095,TRUE,3.27249948674207,33.1094567898935,0,FALSE,"descriptive; no KO contrast; animal n unknown"
"include_putative_doublets","Astrocyte","Cd68","old_2023",1,2,0.125896762663362,0.00516506961788044,0.257662253868539,TRUE,0.112292541998517,1.21048229245978,1.06754450746751,FALSE,"descriptive; no KO contrast; animal n unknown"
"include_putative_doublets","Astrocyte","Cd68","new_2026",2,2,1.34413357815188,1.15299172563337,1.54303220275606,TRUE,0.261110242407531,3.47964566736337,1.06754450746751,FALSE,"descriptive; no KO contrast; animal n unknown"
"include_putative_doublets","Astrocyte","Cx3cr1","old_2023",1,2,0.127844014919164,-0.0781952558194714,0.368291021704636,FALSE,0.559685813964859,19.3677166793566,17.6828968456667,TRUE,"descriptive; no KO contrast; animal n unknown"
"include_putative_doublets","Astrocyte","Cx3cr1","new_2026",2,2,0.0566265710572557,-0.417764721669421,0.523252332032424,FALSE,0.240816407598376,18.4107769125902,17.6828968456667,TRUE,"descriptive; no KO contrast; animal n unknown"
"include_putative_doublets","Astrocyte","P2ry12","old_2023",1,2,0.0325878765867103,0.0153216991496574,0.0500632012748659,TRUE,0.640210456770699,82.3127958872654,80.4631727903949,TRUE,"descriptive; no KO contrast; animal n unknown"
"include_putative_doublets","Astrocyte","P2ry12","new_2026",2,2,-1.70642615097999,-1.92012899468358,-1.51608368555406,TRUE,-4.95060325355565,24.3085888792546,80.4631727903949,TRUE,"descriptive; no KO contrast; animal n unknown"
"include_putative_doublets","Astrocyte","Csf1r","old_2023",1,2,-0.184431313901423,-0.287919807349537,-0.072941665421653,TRUE,-0.280261022281178,4.84192916983914,5.57040242797799,TRUE,"descriptive; no KO contrast; animal n unknown"
"include_putative_doublets","Astrocyte","Csf1r","new_2026",2,2,0.979484812175912,0.751978665950508,1.2051700123937,TRUE,0.389444265100853,11.4693837657849,5.57040242797799,TRUE,"descriptive; no KO contrast; animal n unknown"
"include_putative_doublets","Astrocyte","Mertk","old_2023",1,2,-2.03876077478785,-2.04463335868676,-2.03286418841773,TRUE,-36.2146163646512,254.201281416555,1046.04830132691,FALSE,"descriptive; no KO contrast; animal n unknown"
"include_putative_doublets","Astrocyte","Mertk","new_2026",2,2,-3.13524262260531,-3.21193304776941,-3.06184239318138,TRUE,-50.6923599246309,118.612462721426,1046.04830132691,FALSE,"descriptive; no KO contrast; animal n unknown"
"include_putative_doublets","Astrocyte","Megf10","old_2023",1,2,-0.669156511101381,-0.700811954845331,-0.636790875277096,TRUE,-3.13029744774584,91.9966542269436,146.582907202431,FALSE,"descriptive; no KO contrast; animal n unknown"
"include_putative_doublets","Astrocyte","Megf10","new_2026",2,2,-1.93017542464916,-2.21674566978969,-1.68124519127317,TRUE,-10.5196657246495,38.094152246379,146.582907202431,FALSE,"descriptive; no KO contrast; animal n unknown"
"include_putative_doublets","Astrocyte","Axl","old_2023",1,2,-0.967111744018571,-1.15386735009958,-0.752534738098245,TRUE,-2.26774743029822,22.9991635567359,45.4390540398219,FALSE,"descriptive; no KO contrast; animal n unknown"
"include_putative_doublets","Astrocyte","Axl","new_2026",2,2,-1.55961570266016,-1.91187541053426,-1.19658210291385,TRUE,-3.62991566967464,15.0844306212151,45.4390540398219,FALSE,"descriptive; no KO contrast; animal n unknown"
"include_putative_doublets","Astrocyte","Gas6","old_2023",1,2,0.0155432132817626,-0.0956139881729996,0.135985243834294,FALSE,-0.425835148314514,27.841092726575,27.5373922509076,FALSE,"descriptive; no KO contrast; animal n unknown"
"include_putative_doublets","Astrocyte","Gas6","new_2026",2,2,0.636883701466985,0.49735772841539,0.78514740828534,TRUE,2.02167064212117,43.0972118022483,27.5373922509076,FALSE,"descriptive; no KO contrast; animal n unknown"
"include_putative_doublets","Astrocyte","Sema3e","old_2023",1,2,1.38501280216711,1.25453326110078,1.52847721069491,TRUE,0.661623911521561,21.7886812642761,8.03402627928821,FALSE,"descriptive; no KO contrast; animal n unknown"
"include_putative_doublets","Astrocyte","Sema3e","new_2026",2,2,1.77784568239104,1.05206153068659,2.3414909754369,TRUE,1.99356146016529,28.7643480884566,8.03402627928821,FALSE,"descriptive; no KO contrast; animal n unknown"
"include_putative_doublets","Astrocyte","Plxnd1","old_2023",1,2,-0.690322451986257,-0.791236912329833,-0.581814701114163,TRUE,-0.509450845119594,6.05241146229892,10.0732603484885,FALSE,"descriptive; no KO contrast; animal n unknown"
"include_putative_doublets","Astrocyte","Plxnd1","new_2026",2,2,1.16420034688163,0.75680345935882,1.52535275156653,TRUE,1.31807733119741,23.1956240865362,10.0732603484885,FALSE,"descriptive; no KO contrast; animal n unknown"
"include_putative_doublets","Astrocyte","Nrp1","old_2023",1,2,0.627253583337733,0.585406078025271,0.670351291753671,TRUE,3.59585916045456,121.048229245978,78.1912588305542,FALSE,"descriptive; no KO contrast; animal n unknown"
"include_putative_doublets","Astrocyte","Nrp1","new_2026",2,2,0.0394169128807242,-0.199825251277537,0.25612296111334,FALSE,0.357841758079406,80.3708794400886,78.1912588305542,FALSE,"descriptive; no KO contrast; animal n unknown"
"include_putative_doublets","Astrocyte","Nrp2","old_2023",1,2,1.30227609451328,1.19705386286514,1.4157806852776,TRUE,2.38385894809694,64.1555615003686,25.7169231249549,FALSE,"descriptive; no KO contrast; animal n unknown"
"include_putative_doublets","Astrocyte","Nrp2","new_2026",2,2,1.34751082107609,0.855631440632595,1.76564339130804,TRUE,5.03819656793029,66.2149088846068,25.7169231249549,FALSE,"descriptive; no KO contrast; animal n unknown"
"include_putative_doublets","Astrocyte","Kirrel3","old_2023",1,2,-0.0718214963985322,-0.096652085860061,-0.046556045952638,TRUE,3.07247025060703,1830.24922619919,1923.69589583475,FALSE,"descriptive; no KO contrast; animal n unknown"
"include_putative_doublets","Astrocyte","Kirrel3","new_2026",2,2,-1.28755623569962,-1.54781449492136,-1.05994598545224,TRUE,-33.3691314313037,787.735945621368,1923.69589583475,FALSE,"descriptive; no KO contrast; animal n unknown"
"include_putative_doublets","Astrocyte","Sdk2","old_2023",1,2,0.492721257605206,0.202175104372845,0.856926408492561,TRUE,1.08768557729217,70.2079729626675,49.7509769118705,FALSE,"descriptive; no KO contrast; animal n unknown"
"include_putative_doublets","Astrocyte","Sdk2","new_2026",2,2,0.151685138994047,-0.559651914624137,0.841259444280058,FALSE,0.777088260283453,55.3221148422108,49.7509769118705,FALSE,"descriptive; no KO contrast; animal n unknown"
"include_putative_doublets","Astrocyte","Sema5b","old_2023",1,2,2.08996538620731,2.03887266722109,2.14293418656264,TRUE,14.8871989050718,198.519095963405,46.2468636048709,FALSE,"descriptive; no KO contrast; animal n unknown"
"include_putative_doublets","Astrocyte","Sema5b","new_2026",2,2,0.176139476341987,-0.0227135326436754,0.363131110893361,FALSE,-0.243762278509513,52.3172449469042,46.2468636048709,FALSE,"descriptive; no KO contrast; animal n unknown"
"include_putative_doublets","Astrocyte","Cdh8","old_2023",1,2,1.43877818627276,1.10247545927502,1.878096338374,TRUE,7.20145737359706,209.413436595543,76.9327792746248,FALSE,"descriptive; no KO contrast; animal n unknown"
"include_putative_doublets","Astrocyte","Cdh8","new_2026",2,2,1.85784457096551,0.773237371176777,2.78742192069254,TRUE,17.9384400898134,280.167283149448,76.9327792746248,FALSE,"descriptive; no KO contrast; animal n unknown"
"include_putative_doublets","Astrocyte","Cdh9","old_2023",1,2,0.700887175938539,0.386776348057468,1.10298929533307,TRUE,1.56291862588055,85.9442427646447,52.6799605444616,FALSE,"descriptive; no KO contrast; animal n unknown"
"include_putative_doublets","Astrocyte","Cdh9","new_2026",2,2,1.17261138263139,0.190654784915985,2.02947280676442,TRUE,7.66267725207993,119.377923121591,52.6799605444616,FALSE,"descriptive; no KO contrast; animal n unknown"
"include_putative_doublets","Astrocyte","Cdh13","old_2023",1,2,1.63027750690372,1.52032334799059,1.7493082814446,TRUE,25.2972508801841,588.294394135455,189.695937178856,FALSE,"descriptive; no KO contrast; animal n unknown"
"include_putative_doublets","Astrocyte","Cdh13","new_2026",2,2,0.792029253219642,0.29296740522229,1.21720354709658,TRUE,12.3417978298038,328.825832459997,189.695937178856,FALSE,"descriptive; no KO contrast; animal n unknown"
"include_putative_doublets","Astrocyte","Cdh18","old_2023",1,2,1.12589921663865,0.892483472437444,1.40450915980548,TRUE,7.61531108256226,294.147197067728,134.512157626921,FALSE,"descriptive; no KO contrast; animal n unknown"
"include_putative_doublets","Astrocyte","Cdh18","new_2026",2,2,0.906916868210885,-0.0184686076633769,1.65123163531967,FALSE,12.2093916500944,252.652405611331,134.512157626921,FALSE,"descriptive; no KO contrast; animal n unknown"
"include_putative_doublets","Astrocyte","C1ql3","old_2023",1,2,-0.0951596201209847,-0.212901717305382,0.0330525302421663,FALSE,-0.650521284187686,67.787008377748,72.4430614584996,FALSE,"descriptive; no KO contrast; animal n unknown"
"include_putative_doublets","Astrocyte","C1ql3","new_2026",2,2,1.9142535761918,1.04871022291183,2.53251161081147,TRUE,18.3852932639105,274.436077721847,72.4430614584996,FALSE,"descriptive; no KO contrast; animal n unknown"
"include_putative_doublets","Astrocyte","Slit1","old_2023",1,2,0.857370130655033,0.437401819956949,1.45224510129396,TRUE,2.13441175959891,56.8926677456099,31.1783305028129,FALSE,"descriptive; no KO contrast; animal n unknown"
"include_putative_doublets","Astrocyte","Slit1","new_2026",2,2,0.355344577264342,-0.480445746096195,1.27261814613191,FALSE,2.08995419809722,40.0258060915642,31.1783305028129,FALSE,"descriptive; no KO contrast; animal n unknown"
"include_putative_doublets","Astrocyte","Slit2","old_2023",1,2,1.46826690211736,1.39117789735279,1.54970876767266,TRUE,7.02513958742662,194.887649086025,70.1162625520951,FALSE,"descriptive; no KO contrast; animal n unknown"
"include_putative_doublets","Astrocyte","Slit2","new_2026",2,2,1.24541024917313,0.663863496658701,1.69988745047131,TRUE,10.3455689946042,166.921246171887,70.1162625520951,FALSE,"descriptive; no KO contrast; animal n unknown"
"include_putative_doublets","Astrocyte","Slit3","old_2023",1,2,0.957511810857164,0.895262753226318,1.02256836830361,TRUE,7.04975054530713,411.563979436327,211.689982053564,FALSE,"descriptive; no KO contrast; animal n unknown"
"include_putative_doublets","Astrocyte","Slit3","new_2026",2,2,0.126100724854243,-0.59843146586862,0.643354664589804,FALSE,9.56347814428688,231.071429580554,211.689982053564,FALSE,"descriptive; no KO contrast; animal n unknown"
"include_putative_doublets","Astrocyte","Robo1","old_2023",1,2,0.687863564952221,0.532329162924762,0.862214892064792,TRUE,9.9591514918315,725.078893183411,449.919386587532,FALSE,"descriptive; no KO contrast; animal n unknown"
"include_putative_doublets","Astrocyte","Robo1","new_2026",2,2,0.582460609401339,-0.0390505985937626,1.10846205800955,FALSE,18.0828588986441,673.958433525508,449.919386587532,FALSE,"descriptive; no KO contrast; animal n unknown"
"include_putative_doublets","Astrocyte","Robo2","old_2023",1,2,1.34312580785885,1.32733717899734,1.3590891386788,TRUE,20.0454420734873,574.979088918398,226.334125373512,FALSE,"descriptive; no KO contrast; animal n unknown"
"include_putative_doublets","Astrocyte","Robo2","new_2026",2,2,0.956556722977564,0.524558647741539,1.29515086024956,TRUE,17.4932096786446,439.710763739109,226.334125373512,FALSE,"descriptive; no KO contrast; animal n unknown"
"include_putative_doublets","Astrocyte","Ntng1","old_2023",1,2,1.18420105056478,0.964864963501368,1.44296743699692,TRUE,10.4033129908535,252.990799124095,111.053233514414,FALSE,"descriptive; no KO contrast; animal n unknown"
"include_putative_doublets","Astrocyte","Ntng1","new_2026",2,2,0.734414089687317,0.0161659904923237,1.3631882151477,TRUE,9.03371183130993,185.093530628895,111.053233514414,FALSE,"descriptive; no KO contrast; animal n unknown"
"include_putative_doublets","Astrocyte","Ntng2","old_2023",1,2,-0.147145089793574,-0.173318799641644,-0.120487742626805,TRUE,-0.504638799961778,38.7354333587131,42.9483751367336,FALSE,"descriptive; no KO contrast; animal n unknown"
"include_putative_doublets","Astrocyte","Ntng2","new_2026",2,2,-1.29226873295072,-1.59431365412288,-1.03411924794895,TRUE,-2.51115625230995,17.2403379359826,42.9483751367336,FALSE,"descriptive; no KO contrast; animal n unknown"
"include_putative_doublets","Astrocyte","Lrrc4c","old_2023",1,2,0.746006815939028,0.743959183842868,0.748057358391936,TRUE,13.7195182700676,2025.13687528522,1207.28926679668,FALSE,"descriptive; no KO contrast; animal n unknown"
"include_putative_doublets","Astrocyte","Lrrc4c","new_2026",2,2,0.171345117742971,-0.194554020039176,0.463717138281613,FALSE,8.30210060173832,1359.60108140029,1207.28926679668,FALSE,"descriptive; no KO contrast; animal n unknown"
"include_putative_doublets","Astrocyte","Lrrc4","old_2023",1,2,0.482791757106786,0.420563334378549,0.547825776378889,TRUE,10.1536744954839,336.51407730382,240.664423647485,FALSE,"descriptive; no KO contrast; animal n unknown"
"include_putative_doublets","Astrocyte","Lrrc4","new_2026",2,2,-1.85260713916193,-2.16068190556981,-1.57758448061772,TRUE,-14.4832005937476,66.276387763676,240.664423647485,FALSE,"descriptive; no KO contrast; animal n unknown"
"include_putative_doublets","Astrocyte","Adgrb3","old_2023",1,2,0.583768839965502,0.545957796097435,0.622597591590267,TRUE,8.43604846898019,3736.75883682336,2493.06817283649,FALSE,"descriptive; no KO contrast; animal n unknown"
"include_putative_doublets","Astrocyte","Adgrb3","new_2026",2,2,-0.333697395717405,-0.544629528784585,-0.140313768621636,TRUE,-8.98775302429098,1978.14699812677,2493.06817283649,FALSE,"descriptive; no KO contrast; animal n unknown"
"include_putative_doublets","Astrocyte","Igsf21","old_2023",1,2,0.167474860813057,0.0860839875300172,0.253733454390851,TRUE,-0.223288914720714,67.787008377748,60.3027371460251,FALSE,"descriptive; no KO contrast; animal n unknown"
"include_putative_doublets","Astrocyte","Igsf21","new_2026",2,2,-0.50627381201239,-0.711410390751926,-0.306050262343722,TRUE,-1.7812704532058,42.3074666332443,60.3027371460251,FALSE,"descriptive; no KO contrast; animal n unknown"
"include_putative_doublets","Astrocyte","Nrxn2","old_2023",1,2,-0.44896532370518,-0.463440950668019,-0.434342978690655,TRUE,-7.22186930344811,252.990799124095,345.530380217334,FALSE,"descriptive; no KO contrast; animal n unknown"
"include_putative_doublets","Astrocyte","Nrxn2","new_2026",2,2,-0.233237430160811,-0.666343006138641,0.105464193546528,FALSE,-2.85935773516756,293.876249157004,345.530380217334,FALSE,"descriptive; no KO contrast; animal n unknown"
"include_putative_doublets","Astrocyte","Cntn4","old_2023",1,2,0.859032585114587,0.687973442593711,1.05313715574566,TRUE,5.18479423280525,447.87844821012,246.700960699752,FALSE,"descriptive; no KO contrast; animal n unknown"
"include_putative_doublets","Astrocyte","Cntn4","new_2026",2,2,0.438683343021649,-0.283131347050755,1.03041290055201,FALSE,14.3647032727557,334.547976256109,246.700960699752,FALSE,"descriptive; no KO contrast; animal n unknown"
"include_putative_doublets","Astrocyte","Cntn6","old_2023",1,2,1.85485146494687,1.41216373766042,2.49675688206319,TRUE,4.6799601251165,124.679676123358,34.107314135404,FALSE,"descriptive; no KO contrast; animal n unknown"
"include_putative_doublets","Astrocyte","Cntn6","new_2026",2,2,1.72218696247011,0.839334464660158,2.70088941811179,TRUE,8.05048883940779,113.682048158371,34.107314135404,FALSE,"descriptive; no KO contrast; animal n unknown"
"include_putative_doublets","Astrocyte","Ptprg","old_2023",1,2,0.866740837165153,0.75815584882257,0.984168582176981,TRUE,19.1008583805356,779.550596344101,427.267497197067,FALSE,"descriptive; no KO contrast; animal n unknown"
"include_putative_doublets","Astrocyte","Ptprg","new_2026",2,2,0.165006566160246,-0.378667087042102,0.616260688317915,FALSE,4.95914359748425,479.10058994912,427.267497197067,FALSE,"descriptive; no KO contrast; animal n unknown"
"include_putative_doublets","Astrocyte","Plxna1","old_2023",1,2,2.30049438976357,2.1437953927928,2.47631084702733,TRUE,1.87211222437479,22.9991635567359,4.27017802987003,FALSE,"descriptive; no KO contrast; animal n unknown"
"include_putative_doublets","Astrocyte","Plxna1","new_2026",2,2,3.31000906824667,2.53888636858931,3.91537104508399,TRUE,4.50314998958256,46.8093088375352,4.27017802987003,FALSE,"descriptive; no KO contrast; animal n unknown"
"include_putative_doublets","Astrocyte","Plxna3","old_2023",1,2,-0.00417571247491076,-0.195072335394358,0.215888726871228,FALSE,-0.11730481394975,8.47337604721849,8.49938606056911,FALSE,"descriptive; no KO contrast; animal n unknown"
"include_putative_doublets","Astrocyte","Plxna3","new_2026",2,2,0.423690985639924,0.093158722137789,0.771060667246112,TRUE,0.17178601341216,11.5713704637465,8.49938606056911,FALSE,"descriptive; no KO contrast; animal n unknown"
"include_putative_doublets","GABAergic","Mef2c","old_2023",1,2,0.220680430716678,0.129802244582049,0.317670358771473,TRUE,3.60001231372863,481.80687937363,413.396760642572,FALSE,"descriptive; no KO contrast; animal n unknown"
"include_putative_doublets","GABAergic","Mef2c","new_2026",2,2,0.54454469093802,0.381993641485005,0.709814675132094,TRUE,14.0579153521777,603.19324083694,413.396760642572,FALSE,"descriptive; no KO contrast; animal n unknown"
"include_putative_doublets","GABAergic","Mef2a","old_2023",1,2,0.134350548299307,0.0866961811687075,0.183632939320481,TRUE,1.17704829099344,227.867152735638,207.560717682128,FALSE,"descriptive; no KO contrast; animal n unknown"
"include_putative_doublets","GABAergic","Mef2a","new_2026",2,2,0.149117181411356,0.00476722204013225,0.289019311044195,TRUE,1.34455613342875,230.216596630169,207.560717682128,FALSE,"descriptive; no KO contrast; animal n unknown"
"include_putative_doublets","GABAergic","Mef2d","old_2023",1,2,-0.436981357724841,-0.600557680965959,-0.252458028423041,TRUE,-2.10345651139357,72.860343507947,98.8129431533347,FALSE,"descriptive; no KO contrast; animal n unknown"
"include_putative_doublets","GABAergic","Mef2d","new_2026",2,2,-0.583506196050511,-0.763744374896158,-0.38251124593087,TRUE,-3.17792697580923,65.7754957183927,98.8129431533347,FALSE,"descriptive; no KO contrast; animal n unknown"
"include_putative_doublets","GABAergic","Arc","old_2023",1,2,-2.30675183092898,-2.59504128327477,-1.94609236684,TRUE,-0.35807791703447,0.357158546607583,3.74094512922906,FALSE,"descriptive; no KO contrast; animal n unknown"
"include_putative_doublets","GABAergic","Arc","new_2026",2,2,0.602578487603511,-0.11481648677851,1.29354148107676,FALSE,0.145996606758703,5.93956977003264,3.74094512922906,FALSE,"descriptive; no KO contrast; animal n unknown"
"include_putative_doublets","GABAergic","Homer1","old_2023",1,2,-0.150653567941952,-0.270696812555602,-0.0197077742942628,TRUE,-0.974317421713936,101.790185783161,113.0494958409,FALSE,"descriptive; no KO contrast; animal n unknown"
"include_putative_doublets","GABAergic","Homer1","new_2026",2,2,0.433810599555237,0.126077849741009,0.730815257381242,TRUE,3.82053186678817,152.88228847877,113.0494958409,FALSE,"descriptive; no KO contrast; animal n unknown"
"include_putative_doublets","GABAergic","Nr4a1","old_2023",1,2,0.21710401323236,0.185074204445831,0.249861104936878,TRUE,0.529451158811024,26.4297324489612,22.6673958062541,FALSE,"descriptive; no KO contrast; animal n unknown"
"include_putative_doublets","GABAergic","Nr4a1","new_2026",2,2,-0.469364788894285,-0.512257994680619,-0.425825489869447,TRUE,-0.738706256835399,16.2334056039671,22.6673958062541,FALSE,"descriptive; no KO contrast; animal n unknown"
"include_putative_doublets","GABAergic","Bdnf","old_2023",1,2,1.1208702032896,1.10836649140153,1.13348323188492,TRUE,0.456384200318456,6.07169529232891,2.52177320601692,FALSE,"descriptive; no KO contrast; animal n unknown"
"include_putative_doublets","GABAergic","Bdnf","new_2026",2,2,2.69785657597264,2.3039844664061,3.01181250206492,TRUE,2.03789991760992,19.1063891974787,2.52177320601692,FALSE,"descriptive; no KO contrast; animal n unknown"
"include_putative_doublets","GABAergic","Pcdh10","old_2023",1,2,0.535852519177339,0.515583689551917,0.556410173912004,TRUE,4.95545702068694,185.722444235943,127.947111125613,FALSE,"descriptive; no KO contrast; animal n unknown"
"include_putative_doublets","GABAergic","Pcdh10","new_2026",2,2,1.33152225789732,1.06483135405111,1.56248816540457,TRUE,16.8356116071214,322.760381114664,127.947111125613,FALSE,"descriptive; no KO contrast; animal n unknown"
"include_putative_doublets","GABAergic","Npas4","old_2023",1,2,-0.511079562402435,-0.690196094367133,-0.306530096892422,TRUE,-0.0990896975644913,4.64306110589858,6.82945972500487,FALSE,"descriptive; no KO contrast; animal n unknown"
"include_putative_doublets","GABAergic","Npas4","new_2026",2,2,0.763997361845626,-0.490600197609573,1.57781688245477,FALSE,0.18872031310566,11.9468107213467,6.82945972500487,FALSE,"descriptive; no KO contrast; animal n unknown"
"include_putative_doublets","GABAergic","Fos","old_2023",1,2,-0.023952971958044,-0.140683829332116,0.103060890449989,FALSE,-0.0144227679706353,2.50010982625308,2.55033625391503,FALSE,"descriptive; no KO contrast; animal n unknown"
"include_putative_doublets","GABAergic","Fos","new_2026",2,2,2.16620564690059,1.56232302049638,2.65674699931221,TRUE,0.949427914873034,13.191170943311,2.55033625391503,FALSE,"descriptive; no KO contrast; animal n unknown"
"include_putative_doublets","GABAergic","Egr1","old_2023",1,2,-0.272937813124306,-0.524696113283685,0.0322396719894389,FALSE,-0.321426317428863,6.78601238554408,8.30343929519834,FALSE,"descriptive; no KO contrast; animal n unknown"
"include_putative_doublets","GABAergic","Egr1","new_2026",2,2,2.93685350575587,2.65321817341733,3.27321888429958,TRUE,5.81744710077252,66.9114039287916,8.30343929519834,FALSE,"descriptive; no KO contrast; animal n unknown"
"include_putative_doublets","GABAergic","Ncam1","old_2023",1,2,0.511203683926677,0.464050588257491,0.559950157694454,TRUE,12.4510844510629,822.893291383871,577.22303153991,FALSE,"descriptive; no KO contrast; animal n unknown"
"include_putative_doublets","GABAergic","Ncam1","new_2026",2,2,0.643202917821976,0.310882157328184,0.929945938264341,TRUE,15.3243714406698,901.783577978796,577.22303153991,FALSE,"descriptive; no KO contrast; animal n unknown"
"include_putative_doublets","GABAergic","Sema6d","old_2023",1,2,0.590956413425104,0.562902528272602,0.619566656111889,TRUE,13.265379778867,875.395597735186,581.009396771715,FALSE,"descriptive; no KO contrast; animal n unknown"
"include_putative_doublets","GABAergic","Sema6d","new_2026",2,2,0.040993431568872,-0.269276356615544,0.305542686080413,FALSE,0.242028674051177,597.769674427892,581.009396771715,FALSE,"descriptive; no KO contrast; animal n unknown"
"include_putative_doublets","GABAergic","Cadm2","old_2023",1,2,0.787618286486089,0.736599281512724,0.840507863587991,TRUE,13.8264361742819,2903.69898391965,1681.90147244884,FALSE,"descriptive; no KO contrast; animal n unknown"
"include_putative_doublets","GABAergic","Cadm2","new_2026",2,2,0.578696196351345,0.346101842906284,0.792841876565195,TRUE,14.1345878520349,2512.16478552978,1681.90147244884,FALSE,"descriptive; no KO contrast; animal n unknown"
"include_putative_doublets","GABAergic","Pcdh7","old_2023",1,2,0.713391366683819,0.613823666339618,0.820343525476062,TRUE,17.636132092744,1395.06128304922,850.631594982508,FALSE,"descriptive; no KO contrast; animal n unknown"
"include_putative_doublets","GABAergic","Pcdh7","new_2026",2,2,0.0368683024122278,-0.297330440989564,0.345576850136689,FALSE,8.28112852547476,872.662704253649,850.631594982508,FALSE,"descriptive; no KO contrast; animal n unknown"
"include_putative_doublets","GABAergic","Grip1","old_2023",1,2,0.0475434083450331,0.0293433774124594,0.0659759747583166,TRUE,5.73919894286679,2642.2589278029,2556.58730802543,FALSE,"descriptive; no KO contrast; animal n unknown"
"include_putative_doublets","GABAergic","Grip1","new_2026",2,2,-1.15666878096815,-1.32208735423733,-1.00465916028942,TRUE,-23.6331629614524,1146.47396100968,2556.58730802543,FALSE,"descriptive; no KO contrast; animal n unknown"
"include_putative_doublets","GABAergic","C1qa","old_2023",1,2,-1.74130713243964,-1.83026511140901,-1.64650136335958,TRUE,-0.167049744145306,0.357158546607583,2.36580633462813,TRUE,"descriptive; no KO contrast; animal n unknown"
"include_putative_doublets","GABAergic","C1qa","new_2026",2,2,2.67408347573417,2.38724199298326,2.94287546787457,TRUE,1.65130665421759,17.7905251702208,2.36580633462813,TRUE,"descriptive; no KO contrast; animal n unknown"
"include_putative_doublets","GABAergic","C1qb","old_2023",1,2,-0.738897398987112,-0.919042769026191,-0.533004552947785,TRUE,-0.174275636150102,1.78579273303792,3.31475919485903,TRUE,"descriptive; no KO contrast; animal n unknown"
"include_putative_doublets","GABAergic","C1qb","new_2026",2,2,2.58780521782364,1.87064329367096,3.18415151000584,TRUE,1.85207403233818,22.4336997291051,3.31475919485903,TRUE,"descriptive; no KO contrast; animal n unknown"
"include_putative_doublets","GABAergic","C1qc","old_2023",1,2,-1.09731567196796,-1.32287597274619,-0.82983451614709,TRUE,-0.13090288415916,1.07147563982275,2.8622699966926,FALSE,"descriptive; no KO contrast; animal n unknown"
"include_putative_doublets","GABAergic","C1qc","new_2026",2,2,3.03273585773402,2.30198416379108,3.67365152487803,TRUE,2.50378942209914,27.0154770805979,2.8622699966926,FALSE,"descriptive; no KO contrast; animal n unknown"
"include_putative_doublets","GABAergic","C3","old_2023",1,2,0,0,0,FALSE,0,0,0,FALSE,"descriptive; no KO contrast; animal n unknown"
"include_putative_doublets","GABAergic","C3","new_2026",2,2,0.617387019884726,0.450050550671496,0.767315938346848,TRUE,0.0248811040740807,0.267047071622554,0,FALSE,"descriptive; no KO contrast; animal n unknown"
"include_putative_doublets","GABAergic","C4b","old_2023",1,2,0.0241669148137689,-0.058333915926774,0.111673261670275,FALSE,0.00143115739058312,0.714317093215166,0.694145213249562,FALSE,"descriptive; no KO contrast; animal n unknown"
"include_putative_doublets","GABAergic","C4b","new_2026",2,2,0.502476990173694,0.41836177398038,0.591595917993841,TRUE,0.107232289966561,1.19167833834045,0.694145213249562,FALSE,"descriptive; no KO contrast; animal n unknown"
"include_putative_doublets","GABAergic","Itgam","old_2023",1,2,-2.03125717618372,-2.33216185129913,-1.65059191451292,TRUE,-0.363898975491673,0.714317093215166,4.46365339037674,FALSE,"descriptive; no KO contrast; animal n unknown"
"include_putative_doublets","GABAergic","Itgam","new_2026",2,2,-0.632231404119204,-1.23101996633966,-0.00478675933746242,TRUE,-0.140377952046916,2.70243873748746,4.46365339037674,FALSE,"descriptive; no KO contrast; animal n unknown"
"include_putative_doublets","GABAergic","Trem2","old_2023",1,2,-0.838653794113889,-0.911198584559609,-0.762267106623064,TRUE,-0.0549428856325817,0.714317093215166,1.67166112137857,FALSE,"descriptive; no KO contrast; animal n unknown"
"include_putative_doublets","GABAergic","Trem2","new_2026",2,2,2.01196559449645,1.73298639259676,2.26891193584494,TRUE,0.784437321181505,8.2589904041897,1.67166112137857,FALSE,"descriptive; no KO contrast; animal n unknown"
"include_putative_doublets","GABAergic","Tyrobp","old_2023",1,2,-1.5012243049068,-1.70432043851435,-1.26477832064297,TRUE,-0.135284586490691,0.357158546607583,1.9264687683599,FALSE,"descriptive; no KO contrast; animal n unknown"
"include_putative_doublets","GABAergic","Tyrobp","new_2026",2,2,3.72416721796966,3.12516312883925,4.27094062284829,TRUE,3.1134278784912,31.5671783515211,1.9264687683599,FALSE,"descriptive; no KO contrast; animal n unknown"
"include_putative_doublets","GABAergic","Cd68","old_2023",1,2,-0.624595971842533,-0.825706871810708,-0.390837952349632,TRUE,-0.0602666370052413,0.357158546607583,0.821549036740228,FALSE,"descriptive; no KO contrast; animal n unknown"
"include_putative_doublets","GABAergic","Cd68","new_2026",2,2,1.64112892365874,1.06022265364287,2.17524898706403,TRUE,0.305024263389098,3.62204107656801,0.821549036740228,FALSE,"descriptive; no KO contrast; animal n unknown"
"include_putative_doublets","GABAergic","Cx3cr1","old_2023",1,2,-0.438244055954253,-0.458504332804397,-0.417695199432064,TRUE,-0.657974479430222,21.429512796455,29.2134848363796,TRUE,"descriptive; no KO contrast; animal n unknown"
"include_putative_doublets","GABAergic","Cx3cr1","new_2026",2,2,-0.329296520682615,-0.61845724353067,-0.0821797691897466,TRUE,-0.7085694589851,23.1496903725289,29.2134848363796,TRUE,"descriptive; no KO contrast; animal n unknown"
"include_putative_doublets","GABAergic","P2ry12","old_2023",1,2,0.0471018989505741,0.0217216051844895,0.0729366976364707,TRUE,0.505115021764375,111.790625088174,108.183699995848,TRUE,"descriptive; no KO contrast; animal n unknown"
"include_putative_doublets","GABAergic","P2ry12","new_2026",2,2,-1.9983789198578,-2.14128024883721,-1.86387937499138,TRUE,-7.40713010623258,26.7014726900559,108.183699995848,TRUE,"descriptive; no KO contrast; animal n unknown"
"include_putative_doublets","GABAergic","Csf1r","old_2023",1,2,-1.42738761598945,-1.59895224983363,-1.23263169739947,TRUE,-0.501767989280013,2.85726837286066,8.52968389428156,TRUE,"descriptive; no KO contrast; animal n unknown"
"include_putative_doublets","GABAergic","Csf1r","new_2026",2,2,0.944762096870103,0.583081921054631,1.30747252918038,TRUE,1.00687144129078,16.880980686415,8.52968389428156,TRUE,"descriptive; no KO contrast; animal n unknown"
"include_putative_doublets","GABAergic","Mertk","old_2023",1,2,-1.04701500816051,-1.08222421883735,-1.01092496931513,TRUE,-1.08329438377536,13.2148662244806,27.8383460417786,FALSE,"descriptive; no KO contrast; animal n unknown"
"include_putative_doublets","GABAergic","Mertk","new_2026",2,2,-0.100241787190573,-0.822086038678696,0.399155465736916,FALSE,0.37174196997829,25.9361808630896,27.8383460417786,FALSE,"descriptive; no KO contrast; animal n unknown"
"include_putative_doublets","GABAergic","Megf10","old_2023",1,2,-0.495520764175278,-0.624791958885838,-0.353516027387773,TRUE,-0.0772815619826068,4.285902559291,6.24730691924606,FALSE,"descriptive; no KO contrast; animal n unknown"
"include_putative_doublets","GABAergic","Megf10","new_2026",2,2,0.484540090361543,0.0497476222195474,0.878536768722725,TRUE,0.378738313485173,8.94042544859196,6.24730691924606,FALSE,"descriptive; no KO contrast; animal n unknown"
"include_putative_doublets","GABAergic","Axl","old_2023",1,2,-0.0335275323795641,-0.476555823170254,0.609100410242643,FALSE,-0.0166708257497314,1.42863418643033,1.47397957019347,FALSE,"descriptive; no KO contrast; animal n unknown"
"include_putative_doublets","GABAergic","Axl","new_2026",2,2,1.34956298296941,0.724944258386801,2.15345892325099,TRUE,0.391931826095809,4.53038925674863,1.47397957019347,FALSE,"descriptive; no KO contrast; animal n unknown"
"include_putative_doublets","GABAergic","Gas6","old_2023",1,2,0.459546508002102,0.442083069167433,0.477223929961442,TRUE,0.466559985059821,28.5726837286067,20.6420862623017,FALSE,"descriptive; no KO contrast; animal n unknown"
"include_putative_doublets","GABAergic","Gas6","new_2026",2,2,1.02981887578022,0.98082527635882,1.0783520776941,TRUE,2.43813174348284,42.6672330705878,20.6420862623017,FALSE,"descriptive; no KO contrast; animal n unknown"
"include_putative_doublets","GABAergic","Sema3e","old_2023",1,2,-0.225766451405014,-0.2603314134058,-0.190352990670223,TRUE,-0.682878184303525,43.9305012327327,51.4569544923654,FALSE,"descriptive; no KO contrast; animal n unknown"
"include_putative_doublets","GABAergic","Sema3e","new_2026",2,2,-0.387855753455951,-0.755341144416779,-0.0821259201163889,TRUE,-0.721412271900158,39.2088647243415,51.4569544923654,FALSE,"descriptive; no KO contrast; animal n unknown"
"include_putative_doublets","GABAergic","Plxnd1","old_2023",1,2,0.505268956269113,0.438517688939614,0.575259168201029,TRUE,0.341904531776245,5.35737819911375,3.62669293763659,FALSE,"descriptive; no KO contrast; animal n unknown"
"include_putative_doublets","GABAergic","Plxnd1","new_2026",2,2,2.44558217254732,1.93408609831504,2.85503560366485,TRUE,2.06548632450993,21.979970942803,3.62669293763659,FALSE,"descriptive; no KO contrast; animal n unknown"
"include_putative_doublets","GABAergic","Nrp1","old_2023",1,2,0.740751819601667,0.60722920105033,0.887904232676453,TRUE,2.21415699265619,86.4323682790351,51.5227126518564,FALSE,"descriptive; no KO contrast; animal n unknown"
"include_putative_doublets","GABAergic","Nrp1","new_2026",2,2,0.433844879397207,0.0520948891509203,0.792719437254781,TRUE,1.59061460693359,69.7737802578432,51.5227126518564,FALSE,"descriptive; no KO contrast; animal n unknown"
"include_putative_doublets","GABAergic","Nrp2","old_2023",1,2,0.428951291791952,0.417488568837923,0.440505820051257,TRUE,2.69793216234576,140.720467363388,104.398780402721,FALSE,"descriptive; no KO contrast; animal n unknown"
"include_putative_doublets","GABAergic","Nrp2","new_2026",2,2,-0.151764192718299,-0.3341208588781,0.0125681141222209,FALSE,-1.40568528906825,93.9245371447662,104.398780402721,FALSE,"descriptive; no KO contrast; animal n unknown"
"include_putative_doublets","GABAergic","Kirrel3","old_2023",1,2,0.24594418522502,0.16282460427912,0.334146983091678,TRUE,5.12425507745013,2542.25453475278,2143.71268281546,FALSE,"descriptive; no KO contrast; animal n unknown"
"include_putative_doublets","GABAergic","Kirrel3","new_2026",2,2,-1.05825660068458,-1.41058312060337,-0.743268542232414,TRUE,-29.2378706718203,1029.17668848296,2143.71268281546,FALSE,"descriptive; no KO contrast; animal n unknown"
"include_putative_doublets","GABAergic","Sdk2","old_2023",1,2,-0.155405740043395,-0.323765007969509,0.035228745607629,FALSE,-0.738857092997417,172.86473655807,192.582339894636,FALSE,"descriptive; no KO contrast; animal n unknown"
"include_putative_doublets","GABAergic","Sdk2","new_2026",2,2,-1.04071395541568,-1.52560849391844,-0.59065151195949,TRUE,-9.97756079716675,93.354788584129,192.582339894636,FALSE,"descriptive; no KO contrast; animal n unknown"
"include_putative_doublets","GABAergic","Sema5b","old_2023",1,2,-0.208320475033111,-0.244954791433111,-0.170731613045004,TRUE,-1.72901516782641,106.790405435667,123.45715447144,FALSE,"descriptive; no KO contrast; animal n unknown"
"include_putative_doublets","GABAergic","Sema5b","new_2026",2,2,-0.888221992258909,-1.43314520025021,-0.475516723362582,TRUE,-6.52972844683105,66.471516879149,123.45715447144,FALSE,"descriptive; no KO contrast; animal n unknown"
"include_putative_doublets","GABAergic","Cdh8","old_2023",1,2,0.478990400510604,0.463211527572389,0.494943758379215,TRUE,6.20985559801365,374.302156844747,268.412879569413,FALSE,"descriptive; no KO contrast; animal n unknown"
"include_putative_doublets","GABAergic","Cdh8","new_2026",2,2,0.440897097896679,0.0302390321048609,0.766546967012642,TRUE,7.73951811291086,364.535292138187,268.412879569413,FALSE,"descriptive; no KO contrast; animal n unknown"
"include_putative_doublets","GABAergic","Cdh9","old_2023",1,2,0.734087896468842,0.653240229883809,0.819736589427765,TRUE,4.6832336619798,191.436980981665,114.892128176955,FALSE,"descriptive; no KO contrast; animal n unknown"
"include_putative_doublets","GABAergic","Cdh9","new_2026",2,2,0.503144720124284,0.114332783511167,0.842442946073765,TRUE,3.83404679305344,163.045212725966,114.892128176955,FALSE,"descriptive; no KO contrast; animal n unknown"
"include_putative_doublets","GABAergic","Cdh13","old_2023",1,2,0.142436167903394,0.131931504664379,0.153017879868747,TRUE,2.63004918761797,788.248912362936,714.097042373564,FALSE,"descriptive; no KO contrast; animal n unknown"
"include_putative_doublets","GABAergic","Cdh13","new_2026",2,2,-0.656605272942769,-0.915581996493449,-0.43412355075737,TRUE,-14.3475992720254,452.818383998229,714.097042373564,FALSE,"descriptive; no KO contrast; animal n unknown"
"include_putative_doublets","GABAergic","Cdh18","old_2023",1,2,0.115715075718461,0.074366885044693,0.158283376112662,TRUE,1.26571704068839,678.2440800078,625.929708443073,FALSE,"descriptive; no KO contrast; animal n unknown"
"include_putative_doublets","GABAergic","Cdh18","new_2026",2,2,-0.581535288365746,-0.912321741389249,-0.29800621295019,TRUE,-7.89212647953467,418.113066922266,625.929708443073,FALSE,"descriptive; no KO contrast; animal n unknown"
"include_putative_doublets","GABAergic","C1ql3","old_2023",1,2,0.701584475852571,0.28847304193354,1.28270254289381,TRUE,0.894809802738371,37.1444888471886,22.6474648220508,FALSE,"descriptive; no KO contrast; animal n unknown"
"include_putative_doublets","GABAergic","C1ql3","new_2026",2,2,3.51177218063374,2.30607688024503,4.60151239108255,TRUE,22.9214498973503,263.529344237491,22.6474648220508,FALSE,"descriptive; no KO contrast; animal n unknown"
"include_putative_doublets","GABAergic","Slit1","old_2023",1,2,0.195460017484206,0.108179352688036,0.288362983033508,TRUE,1.40505752941891,109.647673808528,95.6913459414574,FALSE,"descriptive; no KO contrast; animal n unknown"
"include_putative_doublets","GABAergic","Slit1","new_2026",2,2,-1.04026831488427,-1.38519669469741,-0.728832915510472,TRUE,-4.74123339114921,46.2717947569933,95.6913459414574,FALSE,"descriptive; no KO contrast; animal n unknown"
"include_putative_doublets","GABAergic","Slit2","old_2023",1,2,0.42730827645304,0.389700107747895,0.465923115152906,TRUE,3.73483907505414,253.939726637992,188.713583869204,FALSE,"descriptive; no KO contrast; animal n unknown"
"include_putative_doublets","GABAergic","Slit2","new_2026",2,2,0.0997329807290342,-0.235463090053416,0.384924254501223,FALSE,2.24066729409197,202.256567542813,188.713583869204,FALSE,"descriptive; no KO contrast; animal n unknown"
"include_putative_doublets","GABAergic","Slit3","old_2023",1,2,0.733184899664345,0.692851334084382,0.774678586001824,TRUE,6.83521119690435,373.94499829814,224.756528430588,FALSE,"descriptive; no KO contrast; animal n unknown"
"include_putative_doublets","GABAergic","Slit3","new_2026",2,2,0.141006924458116,-0.230375589826234,0.451583707606591,FALSE,2.61409429772955,247.88461984137,224.756528430588,FALSE,"descriptive; no KO contrast; animal n unknown"
"include_putative_doublets","GABAergic","Robo1","old_2023",1,2,0.0662240207948189,0.0178197453182616,0.116308870558182,TRUE,0.968270183437454,2035.08939857001,1943.76189070854,FALSE,"descriptive; no KO contrast; animal n unknown"
"include_putative_doublets","GABAergic","Robo1","new_2026",2,2,-0.683446505938706,-0.882237652550387,-0.497181844203991,TRUE,-21.0324356566286,1210.14514566161,1943.76189070854,FALSE,"descriptive; no KO contrast; animal n unknown"
"include_putative_doublets","GABAergic","Robo2","old_2023",1,2,0.704284127115634,0.587256017081803,0.831650034336736,TRUE,11.8708627614909,923.61200152721,566.670929379031,FALSE,"descriptive; no KO contrast; animal n unknown"
"include_putative_doublets","GABAergic","Robo2","new_2026",2,2,-0.0287358951406935,-0.314736382071874,0.249870552731016,FALSE,0.143972491455557,555.485667671429,566.670929379031,FALSE,"descriptive; no KO contrast; animal n unknown"
"include_putative_doublets","GABAergic","Ntng1","old_2023",1,2,0.0599063100285863,-0.00914143273784873,0.132425536874155,FALSE,0.546497743957136,289.65558129875,277.85391413962,FALSE,"descriptive; no KO contrast; animal n unknown"
"include_putative_doublets","GABAergic","Ntng1","new_2026",2,2,-0.160476168528532,-0.491426073607827,0.133626189896148,FALSE,-2.15744598198113,248.551517512046,277.85391413962,FALSE,"descriptive; no KO contrast; animal n unknown"
"include_putative_doublets","GABAergic","Ntng2","old_2023",1,2,0.306619452152619,0.125895049627275,0.513269328223025,TRUE,0.0909466869386182,8.21464657197441,6.54608903012542,FALSE,"descriptive; no KO contrast; animal n unknown"
"include_putative_doublets","GABAergic","Ntng2","new_2026",2,2,0.929065946935607,0.159500940481536,1.55268847161329,TRUE,0.628154964095191,12.9160554423608,6.54608903012542,FALSE,"descriptive; no KO contrast; animal n unknown"
"include_putative_doublets","GABAergic","Lrrc4c","old_2023",1,2,0.301960674862291,0.278394691453176,0.325918002760613,TRUE,7.09682582329299,2012.58841013373,1632.41518560928,FALSE,"descriptive; no KO contrast; animal n unknown"
"include_putative_doublets","GABAergic","Lrrc4c","new_2026",2,2,-0.111049240956383,-0.388474065331426,0.128710619788688,FALSE,0.303952671123113,1511.43971599639,1632.41518560928,FALSE,"descriptive; no KO contrast; animal n unknown"
"include_putative_doublets","GABAergic","Lrrc4","old_2023",1,2,-0.0317758499416323,-0.0480479421374067,-0.0153181298743359,TRUE,0.0940065633038998,291.441374031788,297.942817716773,FALSE,"descriptive; no KO contrast; animal n unknown"
"include_putative_doublets","GABAergic","Lrrc4","new_2026",2,2,-2.13026410092499,-2.5168596742335,-1.81938738806917,TRUE,-19.1317067712532,67.6691279929883,297.942817716773,FALSE,"descriptive; no KO contrast; animal n unknown"
"include_putative_doublets","GABAergic","Adgrb3","old_2023",1,2,0.171362106990254,0.141384618800606,0.201975733321675,TRUE,2.80281331305483,3012.27518208836,2674.85606548178,FALSE,"descriptive; no KO contrast; animal n unknown"
"include_putative_doublets","GABAergic","Adgrb3","new_2026",2,2,-0.409200616934445,-0.651938497396774,-0.193208372394313,TRUE,-10.7198011039769,2014.15149714453,2674.85606548178,FALSE,"descriptive; no KO contrast; animal n unknown"
"include_putative_doublets","GABAergic","Igsf21","old_2023",1,2,0.729456097233521,0.681745461274191,0.778798670207342,TRUE,3.85982269228276,80.3606729867062,48.269599120997,FALSE,"descriptive; no KO contrast; animal n unknown"
"include_putative_doublets","GABAergic","Igsf21","new_2026",2,2,-0.235713586546703,-0.463439304781819,-0.0263463592383912,TRUE,-0.396678899011417,40.9183053767625,48.269599120997,FALSE,"descriptive; no KO contrast; animal n unknown"
"include_putative_doublets","GABAergic","Nrxn2","old_2023",1,2,0.192664731335754,0.160891409817296,0.225153603980415,TRUE,3.29677755430327,298.227386417332,260.882902351565,FALSE,"descriptive; no KO contrast; animal n unknown"
"include_putative_doublets","GABAergic","Nrxn2","new_2026",2,2,0.247915379755235,-0.0908010396892047,0.533361485522089,FALSE,3.71600851452915,309.88958602104,260.882902351565,FALSE,"descriptive; no KO contrast; animal n unknown"
"include_putative_doublets","GABAergic","Cntn4","old_2023",1,2,0.297298056835854,0.17522418953849,0.430664067808591,TRUE,2.16542498074185,580.382638237323,472.207794497193,FALSE,"descriptive; no KO contrast; animal n unknown"
"include_putative_doublets","GABAergic","Cntn4","new_2026",2,2,-0.200144402825309,-0.591090109482144,0.159769211188157,FALSE,0.873635902947619,410.974849202936,472.207794497193,FALSE,"descriptive; no KO contrast; animal n unknown"
"include_putative_doublets","GABAergic","Cntn6","old_2023",1,2,0.480546396504112,0.375639913067014,0.593683636108074,TRUE,4.13316797685298,206.437639939183,147.813475526462,FALSE,"descriptive; no KO contrast; animal n unknown"
"include_putative_doublets","GABAergic","Cntn6","new_2026",2,2,-0.130314496078703,-0.445826587487335,0.166564082333631,FALSE,0.0198348502587002,135.003976416718,147.813475526462,FALSE,"descriptive; no KO contrast; animal n unknown"
"include_putative_doublets","GABAergic","Ptprg","old_2023",1,2,0.339575720711679,0.297981768775436,0.382404547071369,TRUE,7.0901992537753,903.253964370578,713.712978191703,FALSE,"descriptive; no KO contrast; animal n unknown"
"include_putative_doublets","GABAergic","Ptprg","new_2026",2,2,-0.364656179126007,-0.828967624584926,0.0046891909207698,FALSE,-8.76378627760904,554.196326316207,713.712978191703,FALSE,"descriptive; no KO contrast; animal n unknown"
"include_putative_doublets","GABAergic","Plxna1","old_2023",1,2,0.545347101793432,0.524408213584664,0.566594372676232,TRUE,0.774234884424041,19.6437200634171,13.3030112433341,FALSE,"descriptive; no KO contrast; animal n unknown"
"include_putative_doublets","GABAergic","Plxna1","new_2026",2,2,1.8053028482514,1.25204205667069,2.21452907244373,TRUE,3.92378854339272,47.7418718111108,13.3030112433341,FALSE,"descriptive; no KO contrast; animal n unknown"
"include_putative_doublets","GABAergic","Plxna3","old_2023",1,2,0.879005915456388,0.745917839051774,1.0256306387574,TRUE,1.03437531388262,21.7866713430626,11.6181984900574,FALSE,"descriptive; no KO contrast; animal n unknown"
"include_putative_doublets","GABAergic","Plxna3","new_2026",2,2,0.109912032173084,-0.0376459016691113,0.270862923961283,FALSE,0.0177260356456772,12.5775045654447,11.6181984900574,FALSE,"descriptive; no KO contrast; animal n unknown"
"include_putative_doublets","Glutamatergic","Mef2c","old_2023",1,2,0.163964190771234,0.0178703762841383,0.326536469155609,TRUE,2.86816732056899,572.703350244069,511.123613184355,FALSE,"descriptive; no KO contrast; animal n unknown"
"include_putative_doublets","Glutamatergic","Mef2c","new_2026",2,2,0.532665357372154,0.301712920278671,0.775380981895191,TRUE,10.9750928233223,739.614360033412,511.123613184355,FALSE,"descriptive; no KO contrast; animal n unknown"
"include_putative_doublets","Glutamatergic","Mef2a","old_2023",1,2,0.0159209421389649,-0.0343739625500765,0.0680327473149172,FALSE,0.419323329323127,133.301641867154,131.833183862817,FALSE,"descriptive; no KO contrast; animal n unknown"
"include_putative_doublets","Glutamatergic","Mef2a","new_2026",2,2,0.592694536223543,0.296802416088389,0.85461331712586,TRUE,5.89007788497058,199.066479068452,131.833183862817,FALSE,"descriptive; no KO contrast; animal n unknown"
"include_putative_doublets","Glutamatergic","Mef2d","old_2023",1,2,-0.446995404480977,-0.599862597693854,-0.275989550013684,TRUE,-2.17331750356509,74.0564677039744,101.135247417341,FALSE,"descriptive; no KO contrast; animal n unknown"
"include_putative_doublets","Glutamatergic","Mef2d","new_2026",2,2,-0.796776477162919,-1.08626945590665,-0.500971597278432,TRUE,-4.1811627473958,58.0046963028846,101.135247417341,FALSE,"descriptive; no KO contrast; animal n unknown"
"include_putative_doublets","Glutamatergic","Arc","old_2023",1,2,-1.32216897284957,-1.37860359614514,-1.26343658028115,TRUE,-0.167294748204779,0.705299692418804,2.51375237683355,FALSE,"descriptive; no KO contrast; animal n unknown"
"include_putative_doublets","Glutamatergic","Arc","new_2026",2,2,1.30619979442587,1.07072750302779,1.52418419653045,TRUE,0.60866903994607,6.95268704042442,2.51375237683355,FALSE,"descriptive; no KO contrast; animal n unknown"
"include_putative_doublets","Glutamatergic","Homer1","old_2023",1,2,-0.24807324339708,-0.314374110432869,-0.178578047938966,TRUE,-0.940851027849547,163.629528641163,194.423503939667,FALSE,"descriptive; no KO contrast; animal n unknown"
"include_putative_doublets","Glutamatergic","Homer1","new_2026",2,2,-0.307773206591396,-0.505210213539146,-0.118074834137261,TRUE,-1.33886461239337,156.976314638484,194.423503939667,FALSE,"descriptive; no KO contrast; animal n unknown"
"include_putative_doublets","Glutamatergic","Nr4a1","old_2023",1,2,-0.0457870080891251,-0.0771478880195442,-0.0137292377368858,TRUE,-0.589586831427604,31.7384861588462,32.7780525371898,FALSE,"descriptive; no KO contrast; animal n unknown"
"include_putative_doublets","Glutamatergic","Nr4a1","new_2026",2,2,-1.05395753661444,-1.16182842056701,-0.949243763430577,TRUE,-1.65054326405601,15.5282117155766,32.7780525371898,FALSE,"descriptive; no KO contrast; animal n unknown"
"include_putative_doublets","Glutamatergic","Bdnf","old_2023",1,2,0.543192518393743,0.447515523051782,0.645668187947265,TRUE,1.22916973016786,28.917287389171,19.6876321147447,FALSE,"descriptive; no KO contrast; animal n unknown"
"include_putative_doublets","Glutamatergic","Bdnf","new_2026",2,2,0.689463634805525,0.429678984125554,0.939271572528821,TRUE,1.2363255792762,32.056268146787,19.6876321147447,FALSE,"descriptive; no KO contrast; animal n unknown"
"include_putative_doublets","Glutamatergic","Pcdh10","old_2023",1,2,0.665772555641472,0.577364217880157,0.759954272366421,TRUE,7.91147544791357,241.212494807231,151.863728362768,FALSE,"descriptive; no KO contrast; animal n unknown"
"include_putative_doublets","Glutamatergic","Pcdh10","new_2026",2,2,1.29069422220542,0.925643213608103,1.61691055683407,TRUE,17.8822922959902,372.251386445548,151.863728362768,FALSE,"descriptive; no KO contrast; animal n unknown"
"include_putative_doublets","Glutamatergic","Npas4","old_2023",1,2,-1.32930999552654,-1.42981894405486,-1.22127096552794,TRUE,-0.470921087978863,2.82119876967522,7.84559010695717,FALSE,"descriptive; no KO contrast; animal n unknown"
"include_putative_doublets","Glutamatergic","Npas4","new_2026",2,2,0.122948022892418,-0.774396672566021,0.741330985624185,FALSE,0.0598920629203065,8.58799529145105,7.84559010695717,FALSE,"descriptive; no KO contrast; animal n unknown"
"include_putative_doublets","Glutamatergic","Fos","old_2023",1,2,-2.46634396595771,-2.54323886704454,-2.38511871837738,TRUE,-0.296018451520717,0,2.26320761904928,FALSE,"descriptive; no KO contrast; animal n unknown"
"include_putative_doublets","Glutamatergic","Fos","new_2026",2,2,1.8859539439258,1.13796959499156,2.42342575978272,TRUE,0.567992550867559,9.71273881645351,2.26320761904928,FALSE,"descriptive; no KO contrast; animal n unknown"
"include_putative_doublets","Glutamatergic","Egr1","old_2023",1,2,0.504911669125387,0.336461537565531,0.695662698585061,TRUE,0.307900166171985,5.64239753935043,3.828569183418,FALSE,"descriptive; no KO contrast; animal n unknown"
"include_putative_doublets","Glutamatergic","Egr1","new_2026",2,2,3.67202337012239,3.2191449601033,4.10025622502608,TRUE,5.68613978101906,54.6738820877709,3.828569183418,FALSE,"descriptive; no KO contrast; animal n unknown"
"include_putative_doublets","Glutamatergic","Ncam1","old_2023",1,2,0.728833933422881,0.715565824185125,0.742225199698471,TRUE,16.6298735895702,758.902469042633,457.716927609786,FALSE,"descriptive; no KO contrast; animal n unknown"
"include_putative_doublets","Glutamatergic","Ncam1","new_2026",2,2,1.00513061393013,0.750043968926686,1.22556678838663,TRUE,23.0005684023412,919.198743950535,457.716927609786,FALSE,"descriptive; no KO contrast; animal n unknown"
"include_putative_doublets","Glutamatergic","Sema6d","old_2023",1,2,1.45039247807818,1.30605256421485,1.61079539355106,TRUE,21.4970276671907,646.054518255625,236.088433983324,FALSE,"descriptive; no KO contrast; animal n unknown"
"include_putative_doublets","Glutamatergic","Sema6d","new_2026",2,2,0.969975108830342,0.553640102935201,1.35913703141155,TRUE,14.3323176245894,462.931033077446,236.088433983324,FALSE,"descriptive; no KO contrast; animal n unknown"
"include_putative_doublets","Glutamatergic","Cadm2","old_2023",1,2,0.312533213960048,0.300032507485854,0.32514318436675,TRUE,7.51273101610914,3359.34243499076,2704.9345935402,FALSE,"descriptive; no KO contrast; animal n unknown"
"include_putative_doublets","Glutamatergic","Cadm2","new_2026",2,2,-0.200938613144506,-0.468874343484675,0.0286110356793277,FALSE,-1.78506736651167,2353.18581007338,2704.9345935402,FALSE,"descriptive; no KO contrast; animal n unknown"
"include_putative_doublets","Glutamatergic","Pcdh7","old_2023",1,2,0.663127724407237,0.572159767349204,0.760219915463191,TRUE,13.925409969157,1704.70935657625,1076.35287276584,FALSE,"descriptive; no KO contrast; animal n unknown"
"include_putative_doublets","Glutamatergic","Pcdh7","new_2026",2,2,-0.106116535317147,-0.420319233992588,0.184252151311471,FALSE,-7.08377998573941,999.988522476601,1076.35287276584,FALSE,"descriptive; no KO contrast; animal n unknown"
"include_putative_doublets","Glutamatergic","Grip1","old_2023",1,2,1.29814697389546,1.29474410816396,1.30155788490142,TRUE,29.4722539039878,1205.35717434374,489.859613059495,FALSE,"descriptive; no KO contrast; animal n unknown"
"include_putative_doublets","Glutamatergic","Grip1","new_2026",2,2,0.638137497978376,0.392376130744342,0.848988778518008,TRUE,9.96015513239117,762.655822325468,489.859613059495,FALSE,"descriptive; no KO contrast; animal n unknown"
"include_putative_doublets","Glutamatergic","C1qa","old_2023",1,2,-2.15235659416078,-2.17375810945631,-2.13063281361672,TRUE,-0.168127749467735,0,1.72276679565834,TRUE,"descriptive; no KO contrast; animal n unknown"
"include_putative_doublets","Glutamatergic","C1qa","new_2026",2,2,2.76569642714161,2.48910790625712,3.00418109373613,TRUE,1.48451893627989,14.6165082010995,1.72276679565834,TRUE,"descriptive; no KO contrast; animal n unknown"
"include_putative_doublets","Glutamatergic","C1qb","old_2023",1,2,0.281381462758655,0.213548772530173,0.352561547965991,TRUE,0.031946009275121,2.11589907725641,1.65236897900438,TRUE,"descriptive; no KO contrast; animal n unknown"
"include_putative_doublets","Glutamatergic","C1qb","new_2026",2,2,2.84237814833736,2.63540448901711,3.04045223516802,TRUE,1.60445155659178,14.9368187807621,1.65236897900438,TRUE,"descriptive; no KO contrast; animal n unknown"
"include_putative_doublets","Glutamatergic","C1qc","old_2023",1,2,-0.287861622732227,-0.373685459632045,-0.196607508403316,TRUE,0.190407702563233,1.41059938483761,1.8325159201347,FALSE,"descriptive; no KO contrast; animal n unknown"
"include_putative_doublets","Glutamatergic","C1qc","new_2026",2,2,2.9485682795296,2.84080688351897,3.06143136169178,TRUE,1.84117870902387,17.5066164104297,1.8325159201347,FALSE,"descriptive; no KO contrast; animal n unknown"
"include_putative_doublets","Glutamatergic","C3","old_2023",1,2,1.26939191077819,1.26939191077819,1.26939191077819,TRUE,0.0742855954287479,0.705299692418804,0,FALSE,"descriptive; no KO contrast; animal n unknown"
"include_putative_doublets","Glutamatergic","C3","new_2026",2,2,0.897221285022015,0.774952844010348,1.00993220133231,TRUE,0.0335301158895896,0.431237644983151,0,FALSE,"descriptive; no KO contrast; animal n unknown"
"include_putative_doublets","Glutamatergic","C4b","old_2023",1,2,-0.782901483594947,-0.90919168230598,-0.6444862520499,TRUE,-0.0200044498310633,0,0.360293882260629,FALSE,"descriptive; no KO contrast; animal n unknown"
"include_putative_doublets","Glutamatergic","C4b","new_2026",2,2,0.570975724337673,0.367166954738117,0.78295585148566,TRUE,0.0657407677213246,0.777990584992805,0.360293882260629,FALSE,"descriptive; no KO contrast; animal n unknown"
"include_putative_doublets","Glutamatergic","Itgam","old_2023",1,2,0.780387105353649,0.641014627646558,0.934677768744721,TRUE,0.271431077042507,4.23179815451283,2.25490282005843,FALSE,"descriptive; no KO contrast; animal n unknown"
"include_putative_doublets","Glutamatergic","Itgam","new_2026",2,2,-0.259977988644271,-0.953643867613558,0.293767619242434,FALSE,0.0445321645846687,1.80062116479043,2.25490282005843,FALSE,"descriptive; no KO contrast; animal n unknown"
"include_putative_doublets","Glutamatergic","Trem2","old_2023",1,2,0.0990954588055155,-0.196607508403316,0.471456750215171,FALSE,0.0905748366317392,1.41059938483761,1.2837702977529,FALSE,"descriptive; no KO contrast; animal n unknown"
"include_putative_doublets","Glutamatergic","Trem2","new_2026",2,2,2.39844431164379,1.98673681856525,2.87817263229258,TRUE,0.894335746287749,8.90464937493051,1.2837702977529,FALSE,"descriptive; no KO contrast; animal n unknown"
"include_putative_doublets","Glutamatergic","Tyrobp","old_2023",1,2,0.656298819835032,0.36300926918987,1.02483362290742,TRUE,0.126379047350114,1.41059938483761,0.712282965530405,FALSE,"descriptive; no KO contrast; animal n unknown"
"include_putative_doublets","Glutamatergic","Tyrobp","new_2026",2,2,4.4359168021901,3.91865683478134,4.99827904812921,TRUE,2.65191971147441,25.7390446417554,0.712282965530405,FALSE,"descriptive; no KO contrast; animal n unknown"
"include_putative_doublets","Glutamatergic","Cd68","old_2023",1,2,0.279839099592222,-0.301624125245345,1.26939191077819,FALSE,-0.00920942784382607,0.705299692418804,0.492784716577686,FALSE,"descriptive; no KO contrast; animal n unknown"
"include_putative_doublets","Glutamatergic","Cd68","new_2026",2,2,2.34726151093308,1.10863770978095,3.78663965929088,TRUE,0.415560760183472,4.55185882070385,0.492784716577686,FALSE,"descriptive; no KO contrast; animal n unknown"
"include_putative_doublets","Glutamatergic","Cx3cr1","old_2023",1,2,0.576938192558149,0.522079807754833,0.633965301064181,TRUE,1.31811101561398,31.7384861588462,21.1121980458055,TRUE,"descriptive; no KO contrast; animal n unknown"
"include_putative_doublets","Glutamatergic","Cx3cr1","new_2026",2,2,-0.515577622935314,-1.05414486757583,-0.0969357460536555,TRUE,-0.268927568479088,14.6180093288488,21.1121980458055,TRUE,"descriptive; no KO contrast; animal n unknown"
"include_putative_doublets","Glutamatergic","P2ry12","old_2023",1,2,-0.313099616886522,-0.320352329773486,-0.305810258879721,TRUE,-1.56062817004249,88.8677612447693,110.528188702627,TRUE,"descriptive; no KO contrast; animal n unknown"
"include_putative_doublets","Glutamatergic","P2ry12","new_2026",2,2,-2.40932485072167,-2.53482839818613,-2.29274713940852,TRUE,-8.45539635696532,20.4003811159431,110.528188702627,TRUE,"descriptive; no KO contrast; animal n unknown"
"include_putative_doublets","Glutamatergic","Csf1r","old_2023",1,2,-0.361034393476508,-0.471685955640321,-0.241185825991737,TRUE,-0.0400269789991763,4.93709784693163,6.48311719355947,TRUE,"descriptive; no KO contrast; animal n unknown"
"include_putative_doublets","Glutamatergic","Csf1r","new_2026",2,2,0.990771451675752,0.655715009370167,1.30477260109488,TRUE,0.892261578932508,13.3771811145933,6.48311719355947,TRUE,"descriptive; no KO contrast; animal n unknown"
"include_putative_doublets","Glutamatergic","Mertk","old_2023",1,2,-0.42132024999579,-0.528845040003866,-0.305131523109375,TRUE,0.0243734079494671,15.5165932332137,20.9486607026569,FALSE,"descriptive; no KO contrast; animal n unknown"
"include_putative_doublets","Glutamatergic","Mertk","new_2026",2,2,0.198896859280643,-0.549457506026452,0.757265748431512,FALSE,1.09972206958497,24.1192092625262,20.9486607026569,FALSE,"descriptive; no KO contrast; animal n unknown"
"include_putative_doublets","Glutamatergic","Megf10","old_2023",1,2,0.859642447222906,0.694459897435661,1.04621290503549,TRUE,0.359279428357279,6.34769723176924,3.27369144917721,FALSE,"descriptive; no KO contrast; animal n unknown"
"include_putative_doublets","Glutamatergic","Megf10","new_2026",2,2,1.60285840228148,1.18552981188323,2.00399325578854,TRUE,1.08068597595547,10.9623811508246,3.27369144917721,FALSE,"descriptive; no KO contrast; animal n unknown"
"include_putative_doublets","Glutamatergic","Axl","old_2023",1,2,-0.0990809767118574,-0.193176644220043,0.00158268089877894,FALSE,0.0920240026568334,0.705299692418804,0.790985581175214,FALSE,"descriptive; no KO contrast; animal n unknown"
"include_putative_doublets","Glutamatergic","Axl","new_2026",2,2,2.07019193577771,1.79045396969853,2.33531039097173,TRUE,0.490502082041282,4.92139762487732,0.790985581175214,FALSE,"descriptive; no KO contrast; animal n unknown"
"include_putative_doublets","Glutamatergic","Gas6","old_2023",1,2,0.756947197963622,0.55448904996577,0.992528413342958,TRUE,1.34732796709175,34.5596849285214,20.2464692737126,FALSE,"descriptive; no KO contrast; animal n unknown"
"include_putative_doublets","Glutamatergic","Gas6","new_2026",2,2,1.3088186453827,1.05705362070001,1.5920771220085,TRUE,3.14523520087054,50.8970115965613,20.2464692737126,FALSE,"descriptive; no KO contrast; animal n unknown"
"include_putative_doublets","Glutamatergic","Sema3e","old_2023",1,2,0.514937943383904,0.450476616535332,0.582414738624894,TRUE,0.49743567910387,42.3179815451282,29.4650097801902,FALSE,"descriptive; no KO contrast; animal n unknown"
"include_putative_doublets","Glutamatergic","Sema3e","new_2026",2,2,0.186174100137437,-0.244123659845397,0.545232257504579,FALSE,0.546997486844061,33.5924657081074,29.4650097801902,FALSE,"descriptive; no KO contrast; animal n unknown"
"include_putative_doublets","Glutamatergic","Plxnd1","old_2023",1,2,-0.508036795405542,-0.630075928297041,-0.374712245785924,TRUE,-0.578540464555343,14.1059938483761,20.2713836706852,FALSE,"descriptive; no KO contrast; animal n unknown"
"include_putative_doublets","Glutamatergic","Plxnd1","new_2026",2,2,0.1310519456952,-0.278705246631767,0.504145062329755,FALSE,0.0222237555889135,22.2465740090612,20.2713836706852,FALSE,"descriptive; no KO contrast; animal n unknown"
"include_putative_doublets","Glutamatergic","Nrp1","old_2023",1,2,0.689805506042072,0.467561438444061,0.95263224226772,TRUE,2.94970170740678,125.543345250547,77.6389862529019,FALSE,"descriptive; no KO contrast; animal n unknown"
"include_putative_doublets","Glutamatergic","Nrp1","new_2026",2,2,-0.00824503476835065,-0.291860739184196,0.313448794780669,FALSE,-0.25507317872523,77.1936938204178,77.6389862529019,FALSE,"descriptive; no KO contrast; animal n unknown"
"include_putative_doublets","Glutamatergic","Nrp2","old_2023",1,2,0.445314455015855,0.394556820239697,0.497923195292307,TRUE,3.0474681357294,119.900947711197,87.9253722833702,FALSE,"descriptive; no KO contrast; animal n unknown"
"include_putative_doublets","Glutamatergic","Nrp2","new_2026",2,2,0.0629600051657581,-0.129943998784012,0.244957284290917,FALSE,0.194686503473202,91.8697454938931,87.9253722833702,FALSE,"descriptive; no KO contrast; animal n unknown"
"include_putative_doublets","Glutamatergic","Kirrel3","old_2023",1,2,0.166944444408471,0.048063182032033,0.296508671310582,TRUE,-0.763289478675546,1000.11496384986,890.774965277139,FALSE,"descriptive; no KO contrast; animal n unknown"
"include_putative_doublets","Glutamatergic","Kirrel3","new_2026",2,2,-0.460563556774761,-0.934269541960905,-0.0464433146645487,TRUE,-8.40623871376341,647.191596685501,890.774965277139,FALSE,"descriptive; no KO contrast; animal n unknown"
"include_putative_doublets","Glutamatergic","Sdk2","old_2023",1,2,-0.15448449891733,-0.431510657261815,0.188688993960151,FALSE,-0.625521689826945,61.361073240436,68.3528495058877,FALSE,"descriptive; no KO contrast; animal n unknown"
"include_putative_doublets","Glutamatergic","Sdk2","new_2026",2,2,-0.351128118652354,-1.01125288545334,0.294465133455,FALSE,-1.77376958142237,53.4786256018431,68.3528495058877,FALSE,"descriptive; no KO contrast; animal n unknown"
"include_putative_doublets","Glutamatergic","Sema5b","old_2023",1,2,0.737663419312853,0.704884581167295,0.771204359932788,TRUE,0.736830065129205,27.5066880043334,16.2958867421003,FALSE,"descriptive; no KO contrast; animal n unknown"
"include_putative_doublets","Glutamatergic","Sema5b","new_2026",2,2,1.07801104045366,0.458624823055729,1.52741121687847,TRUE,1.61509564345577,34.9581927317315,16.2958867421003,FALSE,"descriptive; no KO contrast; animal n unknown"
"include_putative_doublets","Glutamatergic","Cdh8","old_2023",1,2,0.933797109750533,0.90254681738643,0.965739331903988,TRUE,15.4549509397127,752.554771810864,393.708173713734,FALSE,"descriptive; no KO contrast; animal n unknown"
"include_putative_doublets","Glutamatergic","Cdh8","new_2026",2,2,0.0601829274542119,-0.129889435671283,0.235183962821836,FALSE,3.02662903166796,410.500633528683,393.708173713734,FALSE,"descriptive; no KO contrast; animal n unknown"
"include_putative_doublets","Glutamatergic","Cdh9","old_2023",1,2,0.377073542503761,0.296417209928233,0.462507525866505,TRUE,0.719451630502842,354.06044559424,272.510806327987,FALSE,"descriptive; no KO contrast; animal n unknown"
"include_putative_doublets","Glutamatergic","Cdh9","new_2026",2,2,-0.605544809870175,-0.818513530489919,-0.398920205207915,TRUE,-5.711759019423,178.929020428229,272.510806327987,FALSE,"descriptive; no KO contrast; animal n unknown"
"include_putative_doublets","Glutamatergic","Cdh13","old_2023",1,2,-0.0208677245901997,-0.0822260929000045,0.043216603667334,FALSE,0.936645159672246,610.789533634684,619.695728820506,FALSE,"descriptive; no KO contrast; animal n unknown"
"include_putative_doublets","Glutamatergic","Cdh13","new_2026",2,2,-0.68062058239693,-1.0265721012209,-0.378939614824855,TRUE,-9.60874867323351,386.438158129414,619.695728820506,FALSE,"descriptive; no KO contrast; animal n unknown"
"include_putative_doublets","Glutamatergic","Cdh18","old_2023",1,2,-0.16302196915402,-0.184464416249622,-0.141256013583801,TRUE,-6.75436693799173,439.401708376915,492.027122515381,FALSE,"descriptive; no KO contrast; animal n unknown"
"include_putative_doublets","Glutamatergic","Cdh18","new_2026",2,2,-0.547319638785333,-0.997044419983133,-0.195736663219343,TRUE,-8.16068027528453,336.531522887686,492.027122515381,FALSE,"descriptive; no KO contrast; animal n unknown"
"include_putative_doublets","Glutamatergic","C1ql3","old_2023",1,2,-0.183987645925305,-0.237489988438334,-0.12842449896095,TRUE,-0.981635550719499,227.811800651274,258.866666019911,FALSE,"descriptive; no KO contrast; animal n unknown"
"include_putative_doublets","Glutamatergic","C1ql3","new_2026",2,2,1.02020616658806,0.933101252928106,1.10860701078251,TRUE,9.44896875564989,525.549748636149,258.866666019911,FALSE,"descriptive; no KO contrast; animal n unknown"
"include_putative_doublets","Glutamatergic","Slit1","old_2023",1,2,-0.195214746855967,-0.411134458688373,0.0588063774579215,FALSE,-1.35415067847179,191.841516337915,219.710757029286,FALSE,"descriptive; no KO contrast; animal n unknown"
"include_putative_doublets","Glutamatergic","Slit1","new_2026",2,2,-1.9256550686928,-2.2013133284843,-1.61427098514512,TRUE,-14.3389799296272,57.4640327203302,219.710757029286,FALSE,"descriptive; no KO contrast; animal n unknown"
"include_putative_doublets","Glutamatergic","Slit2","old_2023",1,2,0.97282976596285,0.932045506267025,1.01480060127998,TRUE,13.0000187157307,450.686503455616,229.382102055534,FALSE,"descriptive; no KO contrast; animal n unknown"
"include_putative_doublets","Glutamatergic","Slit2","new_2026",2,2,-0.0204473120314218,-0.211413489861139,0.157535282648546,FALSE,-1.81001092182619,226.146963741918,229.382102055534,FALSE,"descriptive; no KO contrast; animal n unknown"
"include_putative_doublets","Glutamatergic","Slit3","old_2023",1,2,0.139054261191583,0.0893955345157629,0.190483401362128,TRUE,4.21788155181906,1613.02039656181,1464.76088414727,FALSE,"descriptive; no KO contrast; animal n unknown"
"include_putative_doublets","Glutamatergic","Slit3","new_2026",2,2,-1.60315820948372,-1.85578576542242,-1.37382524861693,TRUE,-48.0918416030497,481.798873128252,1464.76088414727,FALSE,"descriptive; no KO contrast; animal n unknown"
"include_putative_doublets","Glutamatergic","Robo1","old_2023",1,2,0.448015051385052,0.408634350169118,0.488500951459661,TRUE,6.3960403163079,1310.44682851414,960.490530635873,FALSE,"descriptive; no KO contrast; animal n unknown"
"include_putative_doublets","Glutamatergic","Robo1","new_2026",2,2,-0.184646132048903,-0.368501293760879,-0.0128458558221993,TRUE,-5.90339483149613,845.041803479535,960.490530635873,FALSE,"descriptive; no KO contrast; animal n unknown"
"include_putative_doublets","Glutamatergic","Robo2","old_2023",1,2,0.582937103470376,0.530137297885823,0.637742926975635,TRUE,14.22972518117,951.449285072967,635.024442465028,FALSE,"descriptive; no KO contrast; animal n unknown"
"include_putative_doublets","Glutamatergic","Robo2","new_2026",2,2,-0.134903037125844,-0.434969785507983,0.130926286513509,FALSE,-4.99642841065133,578.291837290839,635.024442465028,FALSE,"descriptive; no KO contrast; animal n unknown"
"include_putative_doublets","Glutamatergic","Ntng1","old_2023",1,2,-0.0802636444346386,-0.179497065842257,0.0263028856765501,FALSE,-1.55603201988402,338.543852361026,357.940965580188,FALSE,"descriptive; no KO contrast; animal n unknown"
"include_putative_doublets","Glutamatergic","Ntng1","new_2026",2,2,-0.551664511859928,-0.915736057652541,-0.221418569287271,TRUE,-8.20457802128639,244.040092956068,357.940965580188,FALSE,"descriptive; no KO contrast; animal n unknown"
"include_putative_doublets","Glutamatergic","Ntng2","old_2023",1,2,0.479667934046255,0.462530258797508,0.497011636395145,TRUE,2.3287164556248,83.2253637054189,59.5430308875572,FALSE,"descriptive; no KO contrast; animal n unknown"
"include_putative_doublets","Glutamatergic","Ntng2","new_2026",2,2,-1.41821001549121,-1.7902486667919,-1.11626134635711,TRUE,-3.86442667235188,21.9666775337937,59.5430308875572,FALSE,"descriptive; no KO contrast; animal n unknown"
"include_putative_doublets","Glutamatergic","Lrrc4c","old_2023",1,2,0.452872208548152,0.418524318029611,0.488057844265372,TRUE,4.81483210443707,4119.65550341823,3009.6316389899,FALSE,"descriptive; no KO contrast; animal n unknown"
"include_putative_doublets","Glutamatergic","Lrrc4c","new_2026",2,2,-0.776545767211778,-0.977688620122553,-0.591865967923082,TRUE,-16.255448781716,1756.70293356013,3009.6316389899,FALSE,"descriptive; no KO contrast; animal n unknown"
"include_putative_doublets","Glutamatergic","Lrrc4","old_2023",1,2,-0.0390239624199935,-0.119131138208528,0.0457941082397486,FALSE,-1.26585068944597,300.457668970411,308.709478059521,FALSE,"descriptive; no KO contrast; animal n unknown"
"include_putative_doublets","Glutamatergic","Lrrc4","new_2026",2,2,-2.50994258659165,-2.76817450170928,-2.26659502280815,TRUE,-21.6867169794178,53.7856186781423,308.709478059521,FALSE,"descriptive; no KO contrast; animal n unknown"
"include_putative_doublets","Glutamatergic","Adgrb3","old_2023",1,2,0.417318236262028,0.378385333054153,0.457331000563748,TRUE,4.46827231288249,3844.5886233749,2878.76108299167,FALSE,"descriptive; no KO contrast; animal n unknown"
"include_putative_doublets","Glutamatergic","Adgrb3","new_2026",2,2,-0.514124874662833,-0.698490134834286,-0.342006992466025,TRUE,-14.9753114997839,2015.60913968966,2878.76108299167,FALSE,"descriptive; no KO contrast; animal n unknown"
"include_putative_doublets","Glutamatergic","Igsf21","old_2023",1,2,-0.0305237278719836,-0.155183701468501,0.105935399194686,FALSE,-0.771843746014112,90.9836603220257,92.9398409142461,FALSE,"descriptive; no KO contrast; animal n unknown"
"include_putative_doublets","Glutamatergic","Igsf21","new_2026",2,2,-0.722829676979321,-0.914048136723331,-0.522747786630637,TRUE,-3.74736981368711,56.1159339369375,92.9398409142461,FALSE,"descriptive; no KO contrast; animal n unknown"
"include_putative_doublets","Glutamatergic","Nrxn2","old_2023",1,2,0.22796561499973,0.150488959142141,0.30984028035351,TRUE,2.63765618642742,286.351675122034,244.424879059176,FALSE,"descriptive; no KO contrast; animal n unknown"
"include_putative_doublets","Glutamatergic","Nrxn2","new_2026",2,2,0.427217630694384,0.0479706285037516,0.758530010520466,TRUE,5.21307152771474,328.835254855667,244.424879059176,FALSE,"descriptive; no KO contrast; animal n unknown"
"include_putative_doublets","Glutamatergic","Cntn4","old_2023",1,2,-0.267240533275821,-0.27574521539068,-0.258685418643839,TRUE,-6.81779661820749,1311.15212820656,1578.0781413714,FALSE,"descriptive; no KO contrast; animal n unknown"
"include_putative_doublets","Glutamatergic","Cntn4","new_2026",2,2,-1.36859406026576,-1.50412896466837,-1.24329427166264,TRUE,-34.2456401398764,610.833536284672,1578.0781413714,FALSE,"descriptive; no KO contrast; animal n unknown"
"include_putative_doublets","Glutamatergic","Cntn6","old_2023",1,2,0.423722806348933,0.308147291556959,0.549369866689679,TRUE,6.00764360536025,291.994072661385,217.553868069611,FALSE,"descriptive; no KO contrast; animal n unknown"
"include_putative_doublets","Glutamatergic","Cntn6","new_2026",2,2,-0.271715211835054,-0.752384266579281,0.145042009159456,FALSE,-4.68999855781654,180.121467305039,217.553868069611,FALSE,"descriptive; no KO contrast; animal n unknown"
"include_putative_doublets","Glutamatergic","Ptprg","old_2023",1,2,0.622149567253303,0.59960839712187,0.64504852609252,TRUE,13.9112781681048,940.869789686685,611.109996764841,FALSE,"descriptive; no KO contrast; animal n unknown"
"include_putative_doublets","Glutamatergic","Ptprg","new_2026",2,2,-0.138037389948316,-0.476877235184753,0.144130787665388,FALSE,-5.70775931538085,555.303376064312,611.109996764841,FALSE,"descriptive; no KO contrast; animal n unknown"
"include_putative_doublets","Glutamatergic","Plxna1","old_2023",1,2,0.0272455684779765,-0.171511727259062,0.257828105095575,FALSE,0.127626884230381,12.6953944635385,12.4485352735687,FALSE,"descriptive; no KO contrast; animal n unknown"
"include_putative_doublets","Glutamatergic","Plxna1","new_2026",2,2,2.07322088720115,1.36165280740884,2.6813651760027,TRUE,4.46941730152553,53.9906914556166,12.4485352735687,FALSE,"descriptive; no KO contrast; animal n unknown"
"include_putative_doublets","Glutamatergic","Plxna3","old_2023",1,2,1.98020886792212,1.95506442946308,2.00579932881003,TRUE,1.55398886861993,21.8642904649829,5.16830038697501,FALSE,"descriptive; no KO contrast; animal n unknown"
"include_putative_doublets","Glutamatergic","Plxna3","new_2026",2,2,1.22737771758988,1.03521348212572,1.402642888785,TRUE,0.596981589277888,12.7718164357307,5.16830038697501,FALSE,"descriptive; no KO contrast; animal n unknown"
"include_putative_doublets","Immature_neuron","Mef2c","old_2023",1,2,0.343069770127178,0.198347050239384,0.503945667263931,TRUE,6.56747550145851,591.250072949544,466.013298931463,FALSE,"descriptive; no KO contrast; animal n unknown"
"include_putative_doublets","Immature_neuron","Mef2c","new_2026",2,2,0.310024077995402,-0.0220173820166512,0.63666863127294,FALSE,11.4232904590552,577.849781152126,466.013298931463,FALSE,"descriptive; no KO contrast; animal n unknown"
"include_putative_doublets","Immature_neuron","Mef2a","old_2023",1,2,-0.0128760897526562,-0.0522742252111099,0.0276282371559438,FALSE,-0.996239037838716,173.165474439915,174.722380573119,FALSE,"descriptive; no KO contrast; animal n unknown"
"include_putative_doublets","Immature_neuron","Mef2a","new_2026",2,2,0.247458699815099,-0.0377941116102853,0.497957740936795,FALSE,1.62047869158937,207.5089720076,174.722380573119,FALSE,"descriptive; no KO contrast; animal n unknown"
"include_putative_doublets","Immature_neuron","Mef2d","old_2023",1,2,-0.653135956648463,-0.812991089588113,-0.473335424545598,TRUE,-3.07274152866655,67.9267883162097,107.106788606912,FALSE,"descriptive; no KO contrast; animal n unknown"
"include_putative_doublets","Immature_neuron","Mef2d","new_2026",2,2,-0.841671871327838,-1.06394506524752,-0.602042168559866,TRUE,-3.4636861409933,59.544217690781,107.106788606912,FALSE,"descriptive; no KO contrast; animal n unknown"
"include_putative_doublets","Immature_neuron","Arc","old_2023",1,2,-2.12380836886921,-2.4594062406424,-1.68569607838929,TRUE,-0.0901237988476478,0,1.67921474320587,FALSE,"descriptive; no KO contrast; animal n unknown"
"include_putative_doublets","Immature_neuron","Arc","new_2026",2,2,1.1988311553852,0.681990129529491,1.7979375623184,TRUE,0.428410755476619,4.50246623433094,1.67921474320587,FALSE,"descriptive; no KO contrast; animal n unknown"
"include_putative_doublets","Immature_neuron","Homer1","old_2023",1,2,-0.222421571172098,-0.243165579737571,-0.201374935080556,TRUE,0.209767466479105,133.940145975625,156.350006113744,FALSE,"descriptive; no KO contrast; animal n unknown"
"include_putative_doublets","Immature_neuron","Homer1","new_2026",2,2,-0.0823949468096033,-0.353256854020841,0.151746715697211,FALSE,2.05103463360882,147.643018524929,156.350006113744,FALSE,"descriptive; no KO contrast; animal n unknown"
"include_putative_doublets","Immature_neuron","Nr4a1","old_2023",1,2,-0.661515090624043,-0.725100211902316,-0.594997799933853,TRUE,-0.551064841685218,18.1775912395491,29.0431467304165,FALSE,"descriptive; no KO contrast; animal n unknown"
"include_putative_doublets","Immature_neuron","Nr4a1","new_2026",2,2,-0.651705453515946,-0.861573239762219,-0.45238191961181,TRUE,-0.258503395115984,18.305022683269,29.0431467304165,FALSE,"descriptive; no KO contrast; animal n unknown"
"include_putative_doublets","Immature_neuron","Bdnf","old_2023",1,2,0.272374330020792,-0.558718865863936,2.45047088373596,FALSE,0.742864416205434,14.3507299259598,11.7957480840619,FALSE,"descriptive; no KO contrast; animal n unknown"
"include_putative_doublets","Immature_neuron","Bdnf","new_2026",2,2,0.840387073669835,-0.2954252427697,3.26993027365327,FALSE,1.59073187610364,21.5159116573563,11.7957480840619,FALSE,"descriptive; no KO contrast; animal n unknown"
"include_putative_doublets","Immature_neuron","Pcdh10","old_2023",1,2,0.874865055692863,0.527299886695452,1.33367015293389,TRUE,7.6865807672266,219.087810202986,119.242302236732,FALSE,"descriptive; no KO contrast; animal n unknown"
"include_putative_doublets","Immature_neuron","Pcdh10","new_2026",2,2,1.38501606053544,0.616151780640379,2.1694932161708,TRUE,16.184791081564,312.236796073895,119.242302236732,FALSE,"descriptive; no KO contrast; animal n unknown"
"include_putative_doublets","Immature_neuron","Npas4","old_2023",1,2,0.380275419069831,0.232715762869594,0.54466530043554,TRUE,0.271397404542817,6.69700729878124,5.02939525329344,FALSE,"descriptive; no KO contrast; animal n unknown"
"include_putative_doublets","Immature_neuron","Npas4","new_2026",2,2,0.748358489884242,0.388615545468559,1.09768890772526,TRUE,0.42104709673414,8.788722495352,5.02939525329344,FALSE,"descriptive; no KO contrast; animal n unknown"
"include_putative_doublets","Immature_neuron","Fos","old_2023",1,2,-2.11284475563311,-2.93562327456978,0,FALSE,-0.119096873054875,0,1.66271679055754,FALSE,"descriptive; no KO contrast; animal n unknown"
"include_putative_doublets","Immature_neuron","Fos","new_2026",2,2,1.88757060342287,0.7787645683655,4.23900992585872,TRUE,0.637105961581249,7.50230357125744,1.66271679055754,FALSE,"descriptive; no KO contrast; animal n unknown"
"include_putative_doublets","Immature_neuron","Egr1","old_2023",1,2,-0.510216836905885,-0.767747846804424,-0.196504672009685,TRUE,-0.126950594498942,5.74029197038392,8.38782473970517,FALSE,"descriptive; no KO contrast; animal n unknown"
"include_putative_doublets","Immature_neuron","Egr1","new_2026",2,2,2.89237270189876,2.56998305096535,3.26815270027816,TRUE,5.59893156019776,65.4912605162105,8.38782473970517,FALSE,"descriptive; no KO contrast; animal n unknown"
"include_putative_doublets","Immature_neuron","Ncam1","old_2023",1,2,0.768803507092633,0.715285448857422,0.824383604117124,TRUE,18.6536010530451,862.957226214383,506.266516426926,FALSE,"descriptive; no KO contrast; animal n unknown"
"include_putative_doublets","Immature_neuron","Ncam1","new_2026",2,2,0.829199957847139,0.493476915537482,1.12071144232938,TRUE,17.8447583629113,899.871981357404,506.266516426926,FALSE,"descriptive; no KO contrast; animal n unknown"
"include_putative_doublets","Immature_neuron","Sema6d","old_2023",1,2,0.619123561760054,0.589966503900564,0.648882063780324,TRUE,10.2269308590719,657.263430608959,427.747623336134,FALSE,"descriptive; no KO contrast; animal n unknown"
"include_putative_doublets","Immature_neuron","Sema6d","new_2026",2,2,0.490724318562902,0.388903534110636,0.589661544777046,TRUE,2.33610816794228,601.252219654298,427.747623336134,FALSE,"descriptive; no KO contrast; animal n unknown"
"include_putative_doublets","Immature_neuron","Cadm2","old_2023",1,2,0.332312941276991,0.326380958778378,0.338269415264403,TRUE,8.41618655648892,3228.91423334096,2564.50131314961,FALSE,"descriptive; no KO contrast; animal n unknown"
"include_putative_doublets","Immature_neuron","Cadm2","new_2026",2,2,0.0061058201371842,-0.23283037064145,0.212615300417651,FALSE,1.32367363257741,2575.37999814214,2564.50131314961,FALSE,"descriptive; no KO contrast; animal n unknown"
"include_putative_doublets","Immature_neuron","Pcdh7","old_2023",1,2,0.708817572714975,0.704479321289899,0.713168908821009,TRUE,18.3306238068244,1667.55481739653,1020.05160004659,FALSE,"descriptive; no KO contrast; animal n unknown"
"include_putative_doublets","Immature_neuron","Pcdh7","new_2026",2,2,-0.0894871372294175,-0.321395525184423,0.111380404870609,FALSE,-1.80948132852262,958.672359981973,1020.05160004659,FALSE,"descriptive; no KO contrast; animal n unknown"
"include_putative_doublets","Immature_neuron","Grip1","old_2023",1,2,0.915617634663357,0.759943012757759,1.09014522541022,TRUE,22.3663251784478,1353.75218968221,717.411935842152,FALSE,"descriptive; no KO contrast; animal n unknown"
"include_putative_doublets","Immature_neuron","Grip1","new_2026",2,2,0.141300716241761,-0.182595230445033,0.466467009074597,FALSE,0.63103111205573,791.284376275359,717.411935842152,FALSE,"descriptive; no KO contrast; animal n unknown"
"include_putative_doublets","Immature_neuron","C1qa","old_2023",1,2,-1.07620187298074,-1.68569607838929,0,FALSE,-0.0441216309830566,0,0.554238930185847,TRUE,"descriptive; no KO contrast; animal n unknown"
"include_putative_doublets","Immature_neuron","C1qa","new_2026",2,2,3.96460059260739,3.16939970686227,5.20530777067033,TRUE,1.65883300656548,15.9589736024211,0.554238930185847,TRUE,"descriptive; no KO contrast; animal n unknown"
"include_putative_doublets","Immature_neuron","C1qb","old_2023",1,2,-1.40220711285103,-1.41145032189551,-1.39290430137863,TRUE,-0.217004034239321,0.95671532839732,3.35018051008757,TRUE,"descriptive; no KO contrast; animal n unknown"
"include_putative_doublets","Immature_neuron","C1qb","new_2026",2,2,2.27796971767092,1.95767123149309,2.54301259763892,TRUE,1.55966344639155,18.1731809404767,3.35018051008757,TRUE,"descriptive; no KO contrast; animal n unknown"
"include_putative_doublets","Immature_neuron","C1qc","old_2023",1,2,-0.575618003641974,-0.899272080412736,-0.157699271291017,TRUE,-0.177132764264565,0.95671532839732,1.6709657668817,FALSE,"descriptive; no KO contrast; animal n unknown"
"include_putative_doublets","Immature_neuron","C1qc","new_2026",2,2,3.32964003716271,2.97466139507704,3.77821762772654,TRUE,1.88722619401024,21.3260176082582,1.6709657668817,FALSE,"descriptive; no KO contrast; animal n unknown"
"include_putative_doublets","Immature_neuron","C3","old_2023",1,2,0,0,0,FALSE,0,0,0,FALSE,"descriptive; no KO contrast; animal n unknown"
"include_putative_doublets","Immature_neuron","C3","new_2026",2,2,0.313275921676248,0,0.570513249644895,FALSE,0.00895292338016484,0.121262948760826,0,FALSE,"descriptive; no KO contrast; animal n unknown"
"include_putative_doublets","Immature_neuron","C4b","old_2023",1,2,-1.08744642024579,-1.70041824448216,0,FALSE,-0.062840753988599,0,0.56248790651001,FALSE,"descriptive; no KO contrast; animal n unknown"
"include_putative_doublets","Immature_neuron","C4b","new_2026",2,2,0.105643342161482,-0.617931964554067,1.29581433462645,FALSE,-0.0114575391645633,0.643209462047278,0.56248790651001,FALSE,"descriptive; no KO contrast; animal n unknown"
"include_putative_doublets","Immature_neuron","Itgam","old_2023",1,2,-0.445990039027648,-0.664537899013978,-0.188320865086603,TRUE,-0.164447314353935,1.91343065679464,2.78769260357756,FALSE,"descriptive; no KO contrast; animal n unknown"
"include_putative_doublets","Immature_neuron","Itgam","new_2026",2,2,0.162298098407696,-0.483889958195098,0.749404478142926,FALSE,0.104381392237623,3.17915259199324,2.78769260357756,FALSE,"descriptive; no KO contrast; animal n unknown"
"include_putative_doublets","Immature_neuron","Trem2","old_2023",1,2,0.45527255294535,-0.157699271291017,1.54271897319114,FALSE,0.0813399106343155,0.95671532839732,0.56248790651001,FALSE,"descriptive; no KO contrast; animal n unknown"
"include_putative_doublets","Immature_neuron","Trem2","new_2026",2,2,2.41909723582252,1.76674933374964,3.54487351777431,TRUE,0.60454178997976,5.18257041462137,0.56248790651001,FALSE,"descriptive; no KO contrast; animal n unknown"
"include_putative_doublets","Immature_neuron","Tyrobp","old_2023",1,2,0.45527255294535,-0.157699271291017,1.54271897319114,FALSE,0.0791368371667853,0.95671532839732,0.56248790651001,FALSE,"descriptive; no KO contrast; animal n unknown"
"include_putative_doublets","Immature_neuron","Tyrobp","new_2026",2,2,4.80045613391798,4.07675813216414,5.99073294801664,TRUE,2.80311047645018,29.1077417952805,0.56248790651001,FALSE,"descriptive; no KO contrast; animal n unknown"
"include_putative_doublets","Immature_neuron","Cd68","old_2023",1,2,-2.11833697683312,-2.44199105360388,-1.70041824448216,TRUE,-0.164188179229727,0,1.6709657668817,FALSE,"descriptive; no KO contrast; animal n unknown"
"include_putative_doublets","Immature_neuron","Cd68","new_2026",2,2,1.36662661524676,0.910765226872496,1.90564781887482,TRUE,0.45277136132735,5.09820218410369,1.6709657668817,FALSE,"descriptive; no KO contrast; animal n unknown"
"include_putative_doublets","Immature_neuron","Cx3cr1","old_2023",1,2,0.494013787470505,0.3687297430981,0.631221161703007,TRUE,0.288170847436342,27.7447445235223,19.5550931066637,TRUE,"descriptive; no KO contrast; animal n unknown"
"include_putative_doublets","Immature_neuron","Cx3cr1","new_2026",2,2,0.235642471302921,-0.596085017952211,0.844995453136013,FALSE,-0.0605228302921885,23.1134875793098,19.5550931066637,TRUE,"descriptive; no KO contrast; animal n unknown"
"include_putative_doublets","Immature_neuron","P2ry12","old_2023",1,2,-0.383395824633079,-0.589223711739543,-0.143236824123981,TRUE,-1.44545797185205,79.4073722569776,103.731861167852,TRUE,"descriptive; no KO contrast; animal n unknown"
"include_putative_doublets","Immature_neuron","P2ry12","new_2026",2,2,-2.22158102778493,-2.46042893195671,-1.94914088389249,TRUE,-7.28448547884732,21.8479641215447,103.731861167852,TRUE,"descriptive; no KO contrast; animal n unknown"
"include_putative_doublets","Immature_neuron","Csf1r","old_2023",1,2,1.12670645026742,0.893227826362992,1.40540606784577,TRUE,0.397773567582952,6.69700729878124,2.79594157990172,TRUE,"descriptive; no KO contrast; animal n unknown"
"include_putative_doublets","Immature_neuron","Csf1r","new_2026",2,2,2.24226508359082,1.44625143365272,2.92465635077084,TRUE,1.37935721428126,15.094395830915,2.79594157990172,TRUE,"descriptive; no KO contrast; animal n unknown"
"include_putative_doublets","Immature_neuron","Mertk","old_2023",1,2,-1.17998414247699,-1.75000167299232,-0.223912020723656,TRUE,-0.95236828845548,10.5238686123705,24.4772516677431,FALSE,"descriptive; no KO contrast; animal n unknown"
"include_putative_doublets","Immature_neuron","Mertk","new_2026",2,2,-0.264161350058671,-1.59953965684849,1.18933793743658,FALSE,0.363339502996914,20.2981238335991,24.4772516677431,FALSE,"descriptive; no KO contrast; animal n unknown"
"include_putative_doublets","Immature_neuron","Megf10","old_2023",1,2,0.710326967238342,0.169506763467848,1.58546782654852,TRUE,0.180117035681003,7.65372262717856,4.48340529943176,FALSE,"descriptive; no KO contrast; animal n unknown"
"include_putative_doublets","Immature_neuron","Megf10","new_2026",2,2,0.888497044562553,0.0990219188614057,1.97567080315389,TRUE,0.528661018802181,8.72551185289709,4.48340529943176,FALSE,"descriptive; no KO contrast; animal n unknown"
"include_putative_doublets","Immature_neuron","Axl","old_2023",1,2,0.629002717360135,0.293404845586945,1.06711500784005,TRUE,0.0252483000794088,2.87014598519196,1.67921474320587,FALSE,"descriptive; no KO contrast; animal n unknown"
"include_putative_doublets","Immature_neuron","Axl","new_2026",2,2,1.18815140648248,0.486593689375582,1.91792329844414,TRUE,0.237612537100201,4.4655715160878,1.67921474320587,FALSE,"descriptive; no KO contrast; animal n unknown"
"include_putative_doublets","Immature_neuron","Gas6","old_2023",1,2,0.497378562668619,0.453205071453449,0.542947427134355,TRUE,1.14010252560324,32.5283211655089,22.8970246404272,FALSE,"descriptive; no KO contrast; animal n unknown"
"include_putative_doublets","Immature_neuron","Gas6","new_2026",2,2,1.00587443735162,0.906057140674744,1.10502042592937,TRUE,2.79602045974388,46.4849760645883,22.8970246404272,FALSE,"descriptive; no KO contrast; animal n unknown"
"include_putative_doublets","Immature_neuron","Sema3e","old_2023",1,2,0.493706719089067,0.294143768803115,0.725374875347662,TRUE,0.610227145463115,44.965620434674,31.7895944523732,FALSE,"descriptive; no KO contrast; animal n unknown"
"include_putative_doublets","Immature_neuron","Sema3e","new_2026",2,2,-0.0463459062772236,-1.01226637093839,0.683164591019273,FALSE,-0.403302296635291,30.7687904814223,31.7895944523732,FALSE,"descriptive; no KO contrast; animal n unknown"
"include_putative_doublets","Immature_neuron","Plxnd1","old_2023",1,2,0.18212298004962,-0.122441631970593,0.568677813956679,FALSE,0.304661486406293,13.3940145975625,11.7462542261169,FALSE,"descriptive; no KO contrast; animal n unknown"
"include_putative_doublets","Immature_neuron","Plxnd1","new_2026",2,2,1.04772758078513,0.407376403796607,1.70648239109338,TRUE,1.38586197737347,24.8163271981104,11.7462542261169,FALSE,"descriptive; no KO contrast; animal n unknown"
"include_putative_doublets","Immature_neuron","Nrp1","old_2023",1,2,0.522872360714927,0.514368436387424,0.531426708545971,TRUE,3.71904532330686,120.546131378062,83.7462637758651,FALSE,"descriptive; no KO contrast; animal n unknown"
"include_putative_doublets","Immature_neuron","Nrp1","new_2026",2,2,-0.105662888372747,-0.212271386278994,-0.00525251419986006,TRUE,-0.303057151984743,77.7966085256264,83.7462637758651,FALSE,"descriptive; no KO contrast; animal n unknown"
"include_putative_doublets","Immature_neuron","Nrp2","old_2023",1,2,0.0777752455006704,0.0183635371099911,0.139739065708098,TRUE,-0.527105214807307,101.411824810116,96.0632548848162,FALSE,"descriptive; no KO contrast; animal n unknown"
"include_putative_doublets","Immature_neuron","Nrp2","new_2026",2,2,-0.200246036029268,-0.635632849805287,0.15969047471009,FALSE,-2.67409205277906,83.5488610875422,96.0632548848162,FALSE,"descriptive; no KO contrast; animal n unknown"
"include_putative_doublets","Immature_neuron","Kirrel3","old_2023",1,2,-0.101692832294593,-0.235335417376959,0.0456053251201922,FALSE,-10.5650988127316,1309.74328457593,1405.4327104318,FALSE,"descriptive; no KO contrast; animal n unknown"
"include_putative_doublets","Immature_neuron","Kirrel3","new_2026",2,2,-0.741220419975773,-1.16261016352195,-0.354133508081722,TRUE,-26.0657025449927,840.575447900294,1405.4327104318,FALSE,"descriptive; no KO contrast; animal n unknown"
"include_putative_doublets","Immature_neuron","Sdk2","old_2023",1,2,-0.429490809075129,-0.555684701947609,-0.291191269970623,TRUE,-3.84145891619284,91.8446715261427,123.865940133674,FALSE,"descriptive; no KO contrast; animal n unknown"
"include_putative_doublets","Immature_neuron","Sdk2","new_2026",2,2,-0.772416571003325,-1.05506532731578,-0.492981340833232,TRUE,-7.93532433566086,72.3083015710285,123.865940133674,FALSE,"descriptive; no KO contrast; animal n unknown"
"include_putative_doublets","Immature_neuron","Sema5b","old_2023",1,2,-0.348381499701305,-0.414053342306217,-0.279577096639635,TRUE,-2.94135008924034,56.4462043754419,72.0000095497482,FALSE,"descriptive; no KO contrast; animal n unknown"
"include_putative_doublets","Immature_neuron","Sema5b","new_2026",2,2,-0.300997914126448,-0.643874329336912,0.000235917870996083,FALSE,-4.69818733486689,58.3475874550865,72.0000095497482,FALSE,"descriptive; no KO contrast; animal n unknown"
"include_putative_doublets","Immature_neuron","Cdh8","old_2023",1,2,0.839416846092231,0.649521283950444,1.05815137865788,TRUE,10.3404882976795,741.454379507923,414.155617323861,FALSE,"descriptive; no KO contrast; animal n unknown"
"include_putative_doublets","Immature_neuron","Cdh8","new_2026",2,2,-0.162236135687423,-0.879995228022766,0.442115975774778,FALSE,-2.28575484059316,370.05238246513,414.155617323861,FALSE,"descriptive; no KO contrast; animal n unknown"
"include_putative_doublets","Immature_neuron","Cdh9","old_2023",1,2,0.409621422285225,0.148159688881678,0.729193718287528,TRUE,3.32966479969313,263.096715309263,197.941115290188,FALSE,"descriptive; no KO contrast; animal n unknown"
"include_putative_doublets","Immature_neuron","Cdh9","new_2026",2,2,-0.318358166124042,-0.876192431526446,0.24695648586454,FALSE,-0.507776225484529,158.64621048007,197.941115290188,FALSE,"descriptive; no KO contrast; animal n unknown"
"include_putative_doublets","Immature_neuron","Cdh13","old_2023",1,2,-0.119229773283665,-0.230384069054708,0.00120884560916679,FALSE,-2.40582552045213,681.181313818892,739.911452102552,FALSE,"descriptive; no KO contrast; animal n unknown"
"include_putative_doublets","Immature_neuron","Cdh13","new_2026",2,2,-0.737688683438051,-0.999223717093614,-0.481075280943825,TRUE,-16.5902509369864,443.524267281092,739.911452102552,FALSE,"descriptive; no KO contrast; animal n unknown"
"include_putative_doublets","Immature_neuron","Cdh18","old_2023",1,2,-0.692612913801075,-0.876491366784991,-0.481827070310283,TRUE,-9.2443653117326,399.90700727008,646.641023764704,FALSE,"descriptive; no KO contrast; animal n unknown"
"include_putative_doublets","Immature_neuron","Cdh18","new_2026",2,2,-0.644799725541616,-1.09476448325889,-0.209445478845693,TRUE,-10.3126781767133,413.399472626917,646.641023764704,FALSE,"descriptive; no KO contrast; animal n unknown"
"include_putative_doublets","Immature_neuron","C1ql3","old_2023",1,2,0.086047690004685,-0.285216905396347,0.587257922246761,FALSE,2.08873725822664,181.775912395491,171.222160972729,FALSE,"descriptive; no KO contrast; animal n unknown"
"include_putative_doublets","Immature_neuron","C1ql3","new_2026",2,2,0.804607436523787,-0.308730456044579,1.79342798792154,FALSE,12.9070617615785,299.442024298487,171.222160972729,FALSE,"descriptive; no KO contrast; animal n unknown"
"include_putative_doublets","Immature_neuron","Slit1","old_2023",1,2,-0.178646181125562,-0.376701749407998,0.0509919361718474,FALSE,-0.474446885037437,165.511751812736,187.395635180476,FALSE,"descriptive; no KO contrast; animal n unknown"
"include_putative_doublets","Immature_neuron","Slit1","new_2026",2,2,-1.6250806902779,-1.99298696305232,-1.24349891985069,TRUE,-10.3114411972449,60.4142159201696,187.395635180476,FALSE,"descriptive; no KO contrast; animal n unknown"
"include_putative_doublets","Immature_neuron","Slit2","old_2023",1,2,0.969728709302545,0.955522305105351,0.984076398196343,TRUE,12.7400755346929,432.435328435589,220.557674735594,FALSE,"descriptive; no KO contrast; animal n unknown"
"include_putative_doublets","Immature_neuron","Slit2","new_2026",2,2,0.0139716888332303,-0.298146607849984,0.275117959651851,FALSE,-1.3735461599996,222.708893657095,220.557674735594,FALSE,"descriptive; no KO contrast; animal n unknown"
"include_putative_doublets","Immature_neuron","Slit3","old_2023",1,2,0.125397092429368,0.019298482873209,0.239922200242317,TRUE,14.6062142092418,1183.45686122748,1084.8944398454,FALSE,"descriptive; no KO contrast; animal n unknown"
"include_putative_doublets","Immature_neuron","Slit3","new_2026",2,2,-1.42324039570753,-1.78428951350173,-1.09212493823735,TRUE,-18.0586990423647,404.215224903189,1084.8944398454,FALSE,"descriptive; no KO contrast; animal n unknown"
"include_putative_doublets","Immature_neuron","Robo1","old_2023",1,2,-0.0503965796106813,-0.0661367635845291,-0.0344827700295163,TRUE,1.47969787481412,1438.89985390957,1490.06986365068,FALSE,"descriptive; no KO contrast; animal n unknown"
"include_putative_doublets","Immature_neuron","Robo1","new_2026",2,2,-0.54835916461064,-0.681864451452958,-0.42357199007537,TRUE,-15.7661181541378,1018.7477923714,1490.06986365068,FALSE,"descriptive; no KO contrast; animal n unknown"
"include_putative_doublets","Immature_neuron","Robo2","old_2023",1,2,0.614161915013424,0.455174961830608,0.792864553471428,TRUE,13.7368000471038,947.148175113347,618.607367178769,FALSE,"descriptive; no KO contrast; animal n unknown"
"include_putative_doublets","Immature_neuron","Robo2","new_2026",2,2,-0.133741640174131,-0.524506190773982,0.244605107907676,FALSE,-1.67277818170381,563.794382133368,618.607367178769,FALSE,"descriptive; no KO contrast; animal n unknown"
"include_putative_doublets","Immature_neuron","Ntng1","old_2023",1,2,0.278167315089313,0.246724038949473,0.310311189477895,TRUE,5.33404935796474,415.214452524437,342.313895840739,FALSE,"descriptive; no KO contrast; animal n unknown"
"include_putative_doublets","Immature_neuron","Ntng1","new_2026",2,2,-0.612978720365462,-0.90896526348279,-0.357365632023678,TRUE,-7.26623339247937,223.647260865088,342.313895840739,FALSE,"descriptive; no KO contrast; animal n unknown"
"include_putative_doublets","Immature_neuron","Ntng2","old_2023",1,2,-0.350925944061336,-0.721289274243084,0.148635708667208,FALSE,0.366488506422797,51.6626277334553,66.0271159625664,FALSE,"descriptive; no KO contrast; animal n unknown"
"include_putative_doublets","Immature_neuron","Ntng2","new_2026",2,2,-1.31098102646858,-1.71437030887871,-0.779132557872429,TRUE,-2.90693013717897,26.3135356376325,66.0271159625664,FALSE,"descriptive; no KO contrast; animal n unknown"
"include_putative_doublets","Immature_neuron","Lrrc4c","old_2023",1,2,0.71058751844587,0.634060447534104,0.791402439931296,TRUE,10.7016526402164,3841.21204351524,2347.05973255409,FALSE,"descriptive; no KO contrast; animal n unknown"
"include_putative_doublets","Immature_neuron","Lrrc4c","new_2026",2,2,-0.369574066482636,-0.540786224497008,-0.19990742318079,TRUE,-2.9292695763594,1816.53700421679,2347.05973255409,FALSE,"descriptive; no KO contrast; animal n unknown"
"include_putative_doublets","Immature_neuron","Lrrc4","old_2023",1,2,-0.0971436592029432,-0.181841971479018,-0.00716099693952366,TRUE,1.54256470159464,276.490729906825,295.784130150567,FALSE,"descriptive; no KO contrast; animal n unknown"
"include_putative_doublets","Immature_neuron","Lrrc4","new_2026",2,2,-2.0910850909462,-2.50604517335398,-1.73253886374834,TRUE,-17.2775190155508,69.0390981689018,295.784130150567,FALSE,"descriptive; no KO contrast; animal n unknown"
"include_putative_doublets","Immature_neuron","Adgrb3","old_2023",1,2,0.362063123928953,0.216720706569291,0.523705292581591,TRUE,7.09623470143056,3652.73912382097,2841.90683877493,FALSE,"descriptive; no KO contrast; animal n unknown"
"include_putative_doublets","Immature_neuron","Adgrb3","new_2026",2,2,-0.437399821773348,-0.702468447758134,-0.165210390422512,TRUE,-11.2885440123535,2098.51611540678,2841.90683877493,FALSE,"descriptive; no KO contrast; animal n unknown"
"include_putative_doublets","Immature_neuron","Igsf21","old_2023",1,2,0.159709469748243,0.119198529610737,0.201390905564078,TRUE,0.970712589201684,88.0178102125534,78.7416154515442,FALSE,"descriptive; no KO contrast; animal n unknown"
"include_putative_doublets","Immature_neuron","Igsf21","new_2026",2,2,-0.674077009597178,-0.904733532365073,-0.464417622545111,TRUE,-2.29979356408917,49.1633397313579,78.7416154515442,FALSE,"descriptive; no KO contrast; animal n unknown"
"include_putative_doublets","Immature_neuron","Nrxn2","old_2023",1,2,0.455775527867398,0.262891696808348,0.678486348167489,TRUE,6.33438594953295,340.590656909446,248.195380457969,FALSE,"descriptive; no KO contrast; animal n unknown"
"include_putative_doublets","Immature_neuron","Nrxn2","new_2026",2,2,0.33003235007143,-0.173962589004624,0.808520929898775,FALSE,5.83471012395708,312.120429339549,248.195380457969,FALSE,"descriptive; no KO contrast; animal n unknown"
"include_putative_doublets","Immature_neuron","Cntn4","old_2023",1,2,0.00176328179553003,-0.135012646648923,0.152877590126325,FALSE,10.0974114703481,1128.92408750884,1127.54453302427,FALSE,"descriptive; no KO contrast; animal n unknown"
"include_putative_doublets","Immature_neuron","Cntn4","new_2026",2,2,-0.995040716296029,-1.19270282774008,-0.785506093662931,TRUE,-11.3813350437674,565.464436883141,1127.54453302427,FALSE,"descriptive; no KO contrast; animal n unknown"
"include_putative_doublets","Immature_neuron","Cntn6","old_2023",1,2,0.972221183099806,0.837402146061649,1.12095000630018,TRUE,10.687909525898,350.157810193419,178.23754060969,FALSE,"descriptive; no KO contrast; animal n unknown"
"include_putative_doublets","Immature_neuron","Cntn6","new_2026",2,2,0.0387499625233736,-0.121087544317532,0.212070783341934,FALSE,0.344000911424917,183.10338292458,178.23754060969,FALSE,"descriptive; no KO contrast; animal n unknown"
"include_putative_doublets","Immature_neuron","Ptprg","old_2023",1,2,0.568397521014811,0.36918341851981,0.799595430105802,TRUE,11.3449180534622,994.027226204816,670.174777098558,FALSE,"descriptive; no KO contrast; animal n unknown"
"include_putative_doublets","Immature_neuron","Ptprg","new_2026",2,2,-0.166549312412475,-0.656857609339136,0.306754765613817,FALSE,-8.1285276332851,597.051904354195,670.174777098558,FALSE,"descriptive; no KO contrast; animal n unknown"
"include_putative_doublets","Immature_neuron","Plxna1","old_2023",1,2,-0.162167215607403,-0.477431851652933,0.241832459100678,FALSE,0.314695111509265,13.3940145975625,15.0469408782595,FALSE,"descriptive; no KO contrast; animal n unknown"
"include_putative_doublets","Immature_neuron","Plxna1","new_2026",2,2,1.69804655200858,0.861553646977057,2.48412868790829,TRUE,3.69645310848979,49.9438113940798,15.0469408782595,FALSE,"descriptive; no KO contrast; animal n unknown"
"include_putative_doublets","Immature_neuron","Plxna3","old_2023",1,2,0.905757202898972,0.46090729622109,1.55225887268912,TRUE,0.925995078085945,17.2208759111518,8.95856162253935,FALSE,"descriptive; no KO contrast; animal n unknown"
"include_putative_doublets","Immature_neuron","Plxna3","new_2026",2,2,0.28495979731651,-0.683173810104485,1.31464168187707,FALSE,0.265411121117937,11.0240874214704,8.95856162253935,FALSE,"descriptive; no KO contrast; animal n unknown"
"include_putative_doublets","Microglia","Mef2c","old_2023",1,2,-0.398473194344978,-0.519712328237549,-0.26610297239735,TRUE,-9.98805480398475,994.185521043594,1310.60713323235,FALSE,"descriptive; no KO contrast; animal n unknown"
"include_putative_doublets","Microglia","Mef2c","new_2026",2,2,-0.440299919586212,-0.602565119298978,-0.268038107368225,TRUE,-16.2055712318784,965.761548084156,1310.60713323235,FALSE,"descriptive; no KO contrast; animal n unknown"
"include_putative_doublets","Microglia","Mef2a","old_2023",1,2,-1.32726280954588,-1.32955984101766,-1.32496211495136,TRUE,-33.7035073951541,469.978609947881,1180.05384782349,FALSE,"descriptive; no KO contrast; animal n unknown"
"include_putative_doublets","Microglia","Mef2a","new_2026",2,2,-1.40608205110892,-1.47059483262423,-1.34413808512956,TRUE,-41.5848921086786,444.964322952089,1180.05384782349,FALSE,"descriptive; no KO contrast; animal n unknown"
"include_putative_doublets","Microglia","Mef2d","old_2023",1,2,-1.52187207034151,-1.61739761066183,-1.41957013471139,TRUE,-11.6983308739114,54.2283011478324,156.65967061052,FALSE,"descriptive; no KO contrast; animal n unknown"
"include_putative_doublets","Microglia","Mef2d","new_2026",2,2,-1.32863021359132,-1.47850978705737,-1.17394791790789,TRUE,-10.6608923949769,62.0725079956426,156.65967061052,FALSE,"descriptive; no KO contrast; animal n unknown"
"include_putative_doublets","Microglia","Arc","old_2023",1,2,-2.62664123261877,-2.66770571759268,-2.58437356857438,TRUE,-0.357747062351585,0,2.58793253414303,FALSE,"descriptive; no KO contrast; animal n unknown"
"include_putative_doublets","Microglia","Arc","new_2026",2,2,0.715886709560633,0.348441431741858,1.02414962819398,TRUE,0.0902741747573187,4.57190577006204,2.58793253414303,FALSE,"descriptive; no KO contrast; animal n unknown"
"include_putative_doublets","Microglia","Homer1","old_2023",1,2,0.667300533581326,0.642015626342102,0.693036505387641,TRUE,5.34320632438124,123.520019281174,77.5933975571973,FALSE,"descriptive; no KO contrast; animal n unknown"
"include_putative_doublets","Microglia","Homer1","new_2026",2,2,0.546862848440471,-0.222648245861865,1.06112617908346,FALSE,4.45372942514785,113.587073160493,77.5933975571973,FALSE,"descriptive; no KO contrast; animal n unknown"
"include_putative_doublets","Microglia","Nr4a1","old_2023",1,2,0.0149567183538455,-0.0897648186787676,0.127878866391633,FALSE,-0.194471053471624,15.063416985509,14.9029013048692,FALSE,"descriptive; no KO contrast; animal n unknown"
"include_putative_doublets","Microglia","Nr4a1","new_2026",2,2,-0.43804023957593,-0.752466950553216,-0.142062209928941,TRUE,-0.267165131881313,10.8694454224347,14.9029013048692,FALSE,"descriptive; no KO contrast; animal n unknown"
"include_putative_doublets","Microglia","Bdnf","old_2023",1,2,-0.0950647458005687,-0.140479181300861,-0.0481741196811707,TRUE,0.142030732029289,6.0253667942036,6.46983133535757,FALSE,"descriptive; no KO contrast; animal n unknown"
"include_putative_doublets","Microglia","Bdnf","new_2026",2,2,1.08726796391716,0.662939583764031,1.43397026580804,TRUE,0.955750515629438,14.3088910871533,6.46983133535757,FALSE,"descriptive; no KO contrast; animal n unknown"
"include_putative_doublets","Microglia","Pcdh10","old_2023",1,2,1.52324761571814,1.51195835834098,1.53462591003661,TRUE,10.2312614614528,210.887837797126,73.0422263889002,FALSE,"descriptive; no KO contrast; animal n unknown"
"include_putative_doublets","Microglia","Pcdh10","new_2026",2,2,1.71455272283164,1.08736085350676,2.15619324928918,TRUE,16.7926381826723,240.861820065379,73.0422263889002,FALSE,"descriptive; no KO contrast; animal n unknown"
"include_putative_doublets","Microglia","Npas4","old_2023",1,2,-4.0927602533312,-5.04985175582139,0,FALSE,-0.144102534067242,0,8.03126840499009,FALSE,"descriptive; no KO contrast; animal n unknown"
"include_putative_doublets","Microglia","Npas4","new_2026",2,2,-0.550615590275568,-2.32765010512732,4.06172247805409,FALSE,0.532511682302555,5.32454220980836,8.03126840499009,FALSE,"descriptive; no KO contrast; animal n unknown"
"include_putative_doublets","Microglia","Fos","old_2023",1,2,-1.22561102642234,-1.87856427959961,0,FALSE,-0.0100237362072346,0,0.669272367082508,FALSE,"descriptive; no KO contrast; animal n unknown"
"include_putative_doublets","Microglia","Fos","new_2026",2,2,5.4961013388661,3.90598270762828,7.28510676502168,TRUE,3.89713806441024,52.2724246555193,0.669272367082508,FALSE,"descriptive; no KO contrast; animal n unknown"
"include_putative_doublets","Microglia","Egr1","old_2023",1,2,-0.988550194020562,-1.03396462952086,-0.941659567901165,TRUE,-0.661979078631325,3.0126833971018,6.46983133535757,FALSE,"descriptive; no KO contrast; animal n unknown"
"include_putative_doublets","Microglia","Egr1","new_2026",2,2,5.2306178465685,5.04533950091586,5.405003397725,TRUE,18.7887929013323,261.194826038433,6.46983133535757,FALSE,"descriptive; no KO contrast; animal n unknown"
"include_putative_doublets","Microglia","Ncam1","old_2023",1,2,1.384239555581,1.27459412609413,1.50290858020348,TRUE,32.1026376096361,698.942548127617,267.450406440642,FALSE,"descriptive; no KO contrast; animal n unknown"
"include_putative_doublets","Microglia","Ncam1","new_2026",2,2,1.15862719626079,0.337801768861501,1.75152941637068,TRUE,31.8024867268149,597.685608082114,267.450406440642,FALSE,"descriptive; no KO contrast; animal n unknown"
"include_putative_doublets","Microglia","Sema6d","old_2023",1,2,1.25250808049159,1.16890317841701,1.34125758922923,TRUE,24.1975299451126,608.562046214563,255.134246948556,FALSE,"descriptive; no KO contrast; animal n unknown"
"include_putative_doublets","Microglia","Sema6d","new_2026",2,2,0.430351310505068,-0.18816069153254,0.908443919068444,FALSE,12.6855843497026,343.98291566884,255.134246948556,FALSE,"descriptive; no KO contrast; animal n unknown"
"include_putative_doublets","Microglia","Cadm2","old_2023",1,2,1.11474618642306,1.00650394371975,1.23177316011089,TRUE,33.0299499984628,2515.59063658,1161.36118145499,FALSE,"descriptive; no KO contrast; animal n unknown"
"include_putative_doublets","Microglia","Cadm2","new_2026",2,2,0.367427778391961,-0.335028450611851,0.904095841419366,FALSE,26.6035303348064,1498.35984351631,1161.36118145499,FALSE,"descriptive; no KO contrast; animal n unknown"
"include_putative_doublets","Microglia","Pcdh7","old_2023",1,2,0.978421273962697,0.931204974477353,1.02723529870654,TRUE,36.3528413694636,1105.65480673636,560.912087541954,FALSE,"descriptive; no KO contrast; animal n unknown"
"include_putative_doublets","Microglia","Pcdh7","new_2026",2,2,-0.171154832036216,-0.686999217896641,0.23081141932424,FALSE,17.736537629795,498.107745517035,560.912087541954,FALSE,"descriptive; no KO contrast; animal n unknown"
"include_putative_doublets","Microglia","Grip1","old_2023",1,2,1.79933399485394,1.47953240526278,2.21083426924116,TRUE,35.5008805783449,1352.69484529871,388.282609219721,FALSE,"descriptive; no KO contrast; animal n unknown"
"include_putative_doublets","Microglia","Grip1","new_2026",2,2,0.366997498435176,-0.633916608502441,1.23930937229778,FALSE,16.9840432439938,500.899718113727,388.282609219721,FALSE,"descriptive; no KO contrast; animal n unknown"
"include_putative_doublets","Microglia","C1qa","old_2023",1,2,-3.10371026094159,-3.31862888661159,-2.85107454731863,TRUE,-17.6953907483144,21.0887837797126,185.08294537968,TRUE,"descriptive; no KO contrast; animal n unknown"
"include_putative_doublets","Microglia","C1qa","new_2026",2,2,2.36985532591886,0.909321207242725,3.28083695664748,TRUE,25.4132779180517,958.758379450343,185.08294537968,TRUE,"descriptive; no KO contrast; animal n unknown"
"include_putative_doublets","Microglia","C1qb","old_2023",1,2,-1.99488430003725,-2.04349015725392,-1.94458359523003,TRUE,-18.394610537556,63.2663513391378,253.66256217379,TRUE,"descriptive; no KO contrast; animal n unknown"
"include_putative_doublets","Microglia","C1qb","new_2026",2,2,2.17078157417546,0.574589369652536,2.95045502432889,TRUE,22.4900238851772,1143.91080025029,253.66256217379,TRUE,"descriptive; no KO contrast; animal n unknown"
"include_putative_doublets","Microglia","C1qc","old_2023",1,2,-2.85906234470739,-3.18780677968254,-2.43259221904845,TRUE,-16.4456903811823,27.1141505739162,199.852706643948,FALSE,"descriptive; no KO contrast; animal n unknown"
"include_putative_doublets","Microglia","C1qc","new_2026",2,2,2.7440558927473,0.979033248010587,3.8758233446109,TRUE,29.1802041207773,1341.76525156724,199.852706643948,FALSE,"descriptive; no KO contrast; animal n unknown"
"include_putative_doublets","Microglia","C3","old_2023",1,2,0,0,0,FALSE,0,0,0,FALSE,"descriptive; no KO contrast; animal n unknown"
"include_putative_doublets","Microglia","C3","new_2026",2,2,1.4290958886694,1.3330198728086,1.51917127191366,TRUE,0.0612960452512999,0.846389554031932,0,FALSE,"descriptive; no KO contrast; animal n unknown"
"include_putative_doublets","Microglia","C4b","old_2023",1,2,1.00572341257244,0.228199981793241,2.81257355036763,TRUE,0.298518007858278,3.0126833971018,1.24938779997801,FALSE,"descriptive; no KO contrast; animal n unknown"
"include_putative_doublets","Microglia","C4b","new_2026",2,2,1.26988178464855,-0.341762798997808,3.60187407241846,FALSE,0.214668112416363,3.71850532458209,1.24938779997801,FALSE,"descriptive; no KO contrast; animal n unknown"
"include_putative_doublets","Microglia","Itgam","old_2023",1,2,-1.97052435655962,-2.11331397830839,-1.81203406261254,TRUE,-18.4287728191732,60.253667942036,237.60002536381,FALSE,"descriptive; no KO contrast; animal n unknown"
"include_putative_doublets","Microglia","Itgam","new_2026",2,2,-0.624476977711013,-1.00326666162259,-0.263219447418681,TRUE,-13.8604010587111,153.94474635354,237.60002536381,FALSE,"descriptive; no KO contrast; animal n unknown"
"include_putative_doublets","Microglia","Trem2","old_2023",1,2,-1.6365926113627,-1.99034978593942,-1.1668946066615,TRUE,-6.36139298353719,30.126833971018,94.7281990201414,FALSE,"descriptive; no KO contrast; animal n unknown"
"include_putative_doublets","Microglia","Trem2","new_2026",2,2,1.682219452599,0.0767423196934596,2.81189017665894,TRUE,7.93441542049114,305.107554369764,94.7281990201414,FALSE,"descriptive; no KO contrast; animal n unknown"
"include_putative_doublets","Microglia","Tyrobp","old_2023",1,2,-3.20137126323675,-3.24983631235339,-3.15122134323887,TRUE,-6.9423747678864,6.0253667942036,59.5224482852896,FALSE,"descriptive; no KO contrast; animal n unknown"
"include_putative_doublets","Microglia","Tyrobp","new_2026",2,2,3.96667412172392,2.54244331912315,4.70804719682047,TRUE,33.9055173232262,937.929388025006,59.5224482852896,FALSE,"descriptive; no KO contrast; animal n unknown"
"include_putative_doublets","Microglia","Cd68","old_2023",1,2,-5.40014874145767,-5.52287057638259,-5.26600887052,TRUE,-2.74109010888566,0,20.6143033389572,FALSE,"descriptive; no KO contrast; animal n unknown"
"include_putative_doublets","Microglia","Cd68","new_2026",2,2,2.2759419834484,1.24853023056843,2.96182179797469,TRUE,5.02692655081068,101.759475763326,20.6143033389572,FALSE,"descriptive; no KO contrast; animal n unknown"
"include_putative_doublets","Microglia","Cx3cr1","old_2023",1,2,-1.19407049343941,-1.24149166101872,-1.14503746767757,TRUE,-26.1210896128068,328.382490284096,751.974501118963,TRUE,"descriptive; no KO contrast; animal n unknown"
"include_putative_doublets","Microglia","Cx3cr1","new_2026",2,2,0.408262275167333,0.258010553322839,0.553281566011441,TRUE,-6.29177038254257,998.098659267981,751.974501118963,TRUE,"descriptive; no KO contrast; animal n unknown"
"include_putative_doublets","Microglia","P2ry12","old_2023",1,2,-0.357327528142948,-0.401570999345605,-0.311684188637393,TRUE,-4.4160546474376,460.940559756575,590.628733217505,TRUE,"descriptive; no KO contrast; animal n unknown"
"include_putative_doublets","Microglia","P2ry12","new_2026",2,2,0.41166988896855,-0.0670906176796251,0.790804034462779,FALSE,-0.540206579877733,785.834000545033,590.628733217505,TRUE,"descriptive; no KO contrast; animal n unknown"
"include_putative_doublets","Microglia","Csf1r","old_2023",1,2,-1.29176739394341,-1.29311118616179,-1.2904223488884,TRUE,-30.5494573127332,283.192239327569,694.05747300972,TRUE,"descriptive; no KO contrast; animal n unknown"
"include_putative_doublets","Microglia","Csf1r","new_2026",2,2,0.286239218278857,-0.0582611222470213,0.564599397758101,FALSE,-10.8990900809044,846.483166675565,694.05747300972,TRUE,"descriptive; no KO contrast; animal n unknown"
"include_putative_doublets","Microglia","Mertk","old_2023",1,2,-2.53340796695095,-2.55444476014936,-2.51205987900648,TRUE,-48.7315019506434,219.925887988431,1275.62844235772,FALSE,"descriptive; no KO contrast; animal n unknown"
"include_putative_doublets","Microglia","Mertk","new_2026",2,2,-1.91632491461902,-2.09377381412877,-1.75387592417444,TRUE,-48.3831396830904,337.582824170209,1275.62844235772,FALSE,"descriptive; no KO contrast; animal n unknown"
"include_putative_doublets","Microglia","Megf10","old_2023",1,2,0.831046493417974,0.247269863306333,1.82749471898801,TRUE,0.530332823784707,6.0253667942036,3.16804796703853,FALSE,"descriptive; no KO contrast; animal n unknown"
"include_putative_doublets","Microglia","Megf10","new_2026",2,2,0.592648017439076,-0.377269827302362,1.89340461090665,FALSE,0.502723842553468,5.03146076704879,3.16804796703853,FALSE,"descriptive; no KO contrast; animal n unknown"
"include_putative_doublets","Microglia","Axl","old_2023",1,2,-2.27420807823149,-2.58437356857438,-1.87856427959961,TRUE,-0.315436137108925,0,1.91866016706052,FALSE,"descriptive; no KO contrast; animal n unknown"
"include_putative_doublets","Microglia","Axl","new_2026",2,2,1.47378255355523,1.02414962819398,1.99659178725737,TRUE,0.380670354684179,6.2178083209831,1.91866016706052,FALSE,"descriptive; no KO contrast; animal n unknown"
"include_putative_doublets","Microglia","Gas6","old_2023",1,2,0.477080196283488,0.340636490480444,0.627789013085149,TRUE,2.22737904286983,60.253667942036,43.1472668449749,FALSE,"descriptive; no KO contrast; animal n unknown"
"include_putative_doublets","Microglia","Gas6","new_2026",2,2,1.57423951799041,1.05108452821036,2.0296098392642,TRUE,5.94166090824674,129.472169726555,43.1472668449749,FALSE,"descriptive; no KO contrast; animal n unknown"
"include_putative_doublets","Microglia","Sema3e","old_2023",1,2,1.19790184265674,0.983211965208555,1.45022131134554,TRUE,0.853473412619184,30.126833971018,12.8505057365281,FALSE,"descriptive; no KO contrast; animal n unknown"
"include_putative_doublets","Microglia","Sema3e","new_2026",2,2,0.772976433164219,0.0643541637576228,1.39256971671792,TRUE,1.23550797949934,22.3132316304858,12.8505057365281,FALSE,"descriptive; no KO contrast; animal n unknown"
"include_putative_doublets","Microglia","Plxnd1","old_2023",1,2,0.452570630140777,0.407156194640484,0.499461256260175,TRUE,0.248918812544072,9.03805019130539,6.46983133535757,FALSE,"descriptive; no KO contrast; animal n unknown"
"include_putative_doublets","Microglia","Plxnd1","new_2026",2,2,1.50445594919483,0.49291273309527,2.12483961897711,TRUE,1.48833297870841,19.2746423057085,6.46983133535757,FALSE,"descriptive; no KO contrast; animal n unknown"
"include_putative_doublets","Microglia","Nrp1","old_2023",1,2,0.494771743212939,0.483111394028536,0.506527103717574,TRUE,6.22764298004259,207.875154400024,147.378419044872,FALSE,"descriptive; no KO contrast; animal n unknown"
"include_putative_doublets","Microglia","Nrp1","new_2026",2,2,-0.12711254261027,-0.205659982474798,-0.0514342328149455,TRUE,-3.58038880651145,134.906686516538,147.378419044872,FALSE,"descriptive; no KO contrast; animal n unknown"
"include_putative_doublets","Microglia","Nrp2","old_2023",1,2,0.363629751677604,0.203487321686711,0.543793927162101,TRUE,2.71864392604373,129.545386075377,100.57214573415,FALSE,"descriptive; no KO contrast; animal n unknown"
"include_putative_doublets","Microglia","Nrp2","new_2026",2,2,-0.51864693038104,-0.949354478199703,-0.110735219361882,TRUE,-2.49750983910405,70.0510046561764,100.57214573415,FALSE,"descriptive; no KO contrast; animal n unknown"
"include_putative_doublets","Microglia","Kirrel3","old_2023",1,2,1.48174934885653,1.46120640836485,1.50258903661032,TRUE,38.2683218441587,1976.32030849878,707.309184950089,FALSE,"descriptive; no KO contrast; animal n unknown"
"include_putative_doublets","Microglia","Kirrel3","new_2026",2,2,-0.808011824209475,-1.67494581072813,-0.257275534690278,TRUE,5.08437153450644,403.778269511425,707.309184950089,FALSE,"descriptive; no KO contrast; animal n unknown"
"include_putative_doublets","Microglia","Sdk2","old_2023",1,2,1.32764949872216,1.13057830252904,1.55596461366116,TRUE,7.11224459674651,129.545386075377,51.3122706512455,FALSE,"descriptive; no KO contrast; animal n unknown"
"include_putative_doublets","Microglia","Sdk2","new_2026",2,2,-0.234680205270974,-1.09282734895818,0.445274403133721,FALSE,2.02989288248153,43.533868821323,51.3122706512455,FALSE,"descriptive; no KO contrast; animal n unknown"
"include_putative_doublets","Microglia","Sema5b","old_2023",1,2,0.927775521556171,0.49536881347734,1.54811666070609,TRUE,4.0483626402371,81.3424517217486,42.521977584306,FALSE,"descriptive; no KO contrast; animal n unknown"
"include_putative_doublets","Microglia","Sema5b","new_2026",2,2,-0.411268501487786,-1.65164694039927,0.72389246018206,FALSE,0.653717747658559,31.8508886191031,42.521977584306,FALSE,"descriptive; no KO contrast; animal n unknown"
"include_putative_doublets","Microglia","Cdh8","old_2023",1,2,1.76597252958098,1.75213855883235,1.77994043934274,TRUE,21.2243283544385,533.244961287018,156.436182914373,FALSE,"descriptive; no KO contrast; animal n unknown"
"include_putative_doublets","Microglia","Cdh8","new_2026",2,2,0.569126299331328,-0.346988949588701,1.13395545877017,FALSE,12.2170960694879,232.33441465956,156.436182914373,FALSE,"descriptive; no KO contrast; animal n unknown"
"include_putative_doublets","Microglia","Cdh9","old_2023",1,2,1.14973046630714,0.947658136605287,1.38478915426621,TRUE,5.68637066643798,147.621486457988,66.2597504232082,FALSE,"descriptive; no KO contrast; animal n unknown"
"include_putative_doublets","Microglia","Cdh9","new_2026",2,2,0.737090128993688,-0.45680304237435,1.55437459442813,FALSE,6.982315982863,110.775855729981,66.2597504232082,FALSE,"descriptive; no KO contrast; animal n unknown"
"include_putative_doublets","Microglia","Cdh13","old_2023",1,2,0.852957487333813,0.679844727711503,1.04971148862677,TRUE,24.834892817293,662.790347362396,366.72977662908,FALSE,"descriptive; no KO contrast; animal n unknown"
"include_putative_doublets","Microglia","Cdh13","new_2026",2,2,-0.66085477693557,-1.69229163622034,0.0703663370376919,FALSE,5.68012618948134,231.774095656839,366.72977662908,FALSE,"descriptive; no KO contrast; animal n unknown"
"include_putative_doublets","Microglia","Cdh18","old_2023",1,2,1.05397472142183,0.935468302441514,1.18309378847615,TRUE,15.7559460327184,497.092760521797,239.160271712083,FALSE,"descriptive; no KO contrast; animal n unknown"
"include_putative_doublets","Microglia","Cdh18","new_2026",2,2,-0.360173796434542,-1.18481629085801,0.24095506666156,FALSE,4.18529758005797,186.212300936005,239.160271712083,FALSE,"descriptive; no KO contrast; animal n unknown"
"include_putative_doublets","Microglia","C1ql3","old_2023",1,2,0.665854993567293,0.39377946499786,1.00145190443249,TRUE,1.19200138930122,135.570752869581,85.2674428647594,FALSE,"descriptive; no KO contrast; animal n unknown"
"include_putative_doublets","Microglia","C1ql3","new_2026",2,2,1.50166256726604,0.15997564080806,2.44469886617622,TRUE,14.503327165885,242.366681102404,85.2674428647594,FALSE,"descriptive; no KO contrast; animal n unknown"
"include_putative_doublets","Microglia","Slit1","old_2023",1,2,0.636214524748208,0.543793927162101,0.734963393005405,TRUE,5.59925371032607,129.545386075377,83.1710641900048,FALSE,"descriptive; no KO contrast; animal n unknown"
"include_putative_doublets","Microglia","Slit1","new_2026",2,2,-1.20516646968196,-2.10353321393605,-0.592408324159566,TRUE,-0.157111699808727,35.7897549465032,83.1710641900048,FALSE,"descriptive; no KO contrast; animal n unknown"
"include_putative_doublets","Microglia","Slit2","old_2023",1,2,1.45217312870522,1.29976031697316,1.62261044168892,TRUE,15.6968753908092,343.445907269605,125.202083275602,FALSE,"descriptive; no KO contrast; animal n unknown"
"include_putative_doublets","Microglia","Slit2","new_2026",2,2,-0.236264882762277,-0.763655205466366,0.231519487489118,FALSE,4.06757210897536,106.213572376829,125.202083275602,FALSE,"descriptive; no KO contrast; animal n unknown"
"include_putative_doublets","Microglia","Slit3","old_2023",1,2,0.866420477001371,0.809203422930873,0.926000799652011,TRUE,19.2537117950832,786.31036664357,431.070271524548,FALSE,"descriptive; no KO contrast; animal n unknown"
"include_putative_doublets","Microglia","Slit3","new_2026",2,2,-1.03612851876352,-2.10932410704035,-0.38629860344718,TRUE,-0.0609445540571194,209.948462589132,431.070271524548,FALSE,"descriptive; no KO contrast; animal n unknown"
"include_putative_doublets","Microglia","Robo1","old_2023",1,2,1.42831536686597,1.33788591584126,1.52479432005615,TRUE,35.5503402263155,1684.09001897991,625.433873109196,FALSE,"descriptive; no KO contrast; animal n unknown"
"include_putative_doublets","Microglia","Robo1","new_2026",2,2,-0.223844321650469,-0.955678688174665,0.315086299436253,FALSE,13.3690924376865,535.475081940504,625.433873109196,FALSE,"descriptive; no KO contrast; animal n unknown"
"include_putative_doublets","Microglia","Robo2","old_2023",1,2,1.34749969551384,1.17560943066611,1.54267548080209,TRUE,24.8478668613872,659.777663965294,258.970971921997,FALSE,"descriptive; no KO contrast; animal n unknown"
"include_putative_doublets","Microglia","Robo2","new_2026",2,2,0.288150916783273,-0.532681383625353,0.929320503112814,FALSE,15.4412409494856,316.333319728643,258.970971921997,FALSE,"descriptive; no KO contrast; animal n unknown"
"include_putative_doublets","Microglia","Ntng1","old_2023",1,2,0.401637473405291,0.133449297990241,0.731330908428664,TRUE,11.8294447220074,289.217606121773,218.815820618406,FALSE,"descriptive; no KO contrast; animal n unknown"
"include_putative_doublets","Microglia","Ntng1","new_2026",2,2,-0.814185810350427,-1.93928693380394,0.0494369691701406,FALSE,3.49283207803888,124.231346371655,218.815820618406,FALSE,"descriptive; no KO contrast; animal n unknown"
"include_putative_doublets","Microglia","Ntng2","old_2023",1,2,0.639755366460505,0.188115174541252,1.30083282437758,TRUE,1.27275230065083,27.1141505739162,17.2233630364512,FALSE,"descriptive; no KO contrast; animal n unknown"
"include_putative_doublets","Microglia","Ntng2","new_2026",2,2,-0.883953205542329,-1.881751813027,0.172361166833032,FALSE,0.274900328281018,9.10394587442928,17.2233630364512,FALSE,"descriptive; no KO contrast; animal n unknown"
"include_putative_doublets","Microglia","Lrrc4c","old_2023",1,2,1.11661398021972,0.995406501289262,1.24894646447177,TRUE,26.7370715215067,2527.64137016841,1165.41544051778,FALSE,"descriptive; no KO contrast; animal n unknown"
"include_putative_doublets","Microglia","Lrrc4c","new_2026",2,2,-0.297217472305412,-1.05043234565706,0.273111907249982,FALSE,12.5781729775924,948.345887068923,1165.41544051778,FALSE,"descriptive; no KO contrast; animal n unknown"
"include_putative_doublets","Microglia","Lrrc4","old_2023",1,2,-0.260998082753707,-0.375198763341597,-0.136974380316108,TRUE,-2.98292585193862,304.281023107282,364.721364167153,FALSE,"descriptive; no KO contrast; animal n unknown"
"include_putative_doublets","Microglia","Lrrc4","new_2026",2,2,-2.20943067129486,-2.54243637472336,-1.89545830596162,TRUE,-22.7379060571997,78.4680236393529,364.721364167153,FALSE,"descriptive; no KO contrast; animal n unknown"
"include_putative_doublets","Microglia","Adgrb3","old_2023",1,2,1.18968873996419,1.18875720622019,1.19062087557884,TRUE,37.5952562119272,2982.55656313078,1307.26434356102,FALSE,"descriptive; no KO contrast; animal n unknown"
"include_putative_doublets","Microglia","Adgrb3","new_2026",2,2,-0.149619376580212,-0.831069375383931,0.311855080302944,FALSE,18.4337849023867,1178.43421450915,1307.26434356102,FALSE,"descriptive; no KO contrast; animal n unknown"
"include_putative_doublets","Microglia","Igsf21","old_2023",1,2,1.60724147635651,1.32101180268036,1.96467706448994,TRUE,5.36929300159298,84.3551351188504,27.3516054768758,FALSE,"descriptive; no KO contrast; animal n unknown"
"include_putative_doublets","Microglia","Igsf21","new_2026",2,2,0.0171491797728529,-0.608463906313923,0.649139815516778,FALSE,1.0186762025189,27.684650397437,27.3516054768758,FALSE,"descriptive; no KO contrast; animal n unknown"
"include_putative_doublets","Microglia","Nrxn2","old_2023",1,2,1.04203235558497,0.973203019390431,1.11431069592257,TRUE,15.912404970108,319.344440092791,154.830167377647,FALSE,"descriptive; no KO contrast; animal n unknown"
"include_putative_doublets","Microglia","Nrxn2","new_2026",2,2,0.20740599955599,-0.372556063041882,0.656340011114738,FALSE,8.60376645477031,178.845811043789,154.830167377647,FALSE,"descriptive; no KO contrast; animal n unknown"
"include_putative_doublets","Microglia","Cntn4","old_2023",1,2,0.831628728344129,0.737020365391118,0.932879406607112,TRUE,14.4635115742028,792.335733437773,444.99006511064,FALSE,"descriptive; no KO contrast; animal n unknown"
"include_putative_doublets","Microglia","Cntn4","new_2026",2,2,-0.675980852890218,-1.2515835628457,-0.21462848137425,TRUE,2.00580731426614,278.335143545505,444.99006511064,FALSE,"descriptive; no KO contrast; animal n unknown"
"include_putative_doublets","Microglia","Cntn6","old_2023",1,2,1.43672478103841,1.40776750019872,1.46627520825522,TRUE,11.2497632450439,256.078088753653,94.2812236278465,FALSE,"descriptive; no KO contrast; animal n unknown"
"include_putative_doublets","Microglia","Cntn6","new_2026",2,2,-0.264878067586627,-0.926178087122799,0.202828957905757,FALSE,1.13098967817285,78.3834810995086,94.2812236278465,FALSE,"descriptive; no KO contrast; animal n unknown"
"include_putative_doublets","Microglia","Ptprg","old_2023",1,2,1.14729383092561,1.10884099558383,1.18679969895469,TRUE,28.9824751484422,774.259633055162,349.281735175122,FALSE,"descriptive; no KO contrast; animal n unknown"
"include_putative_doublets","Microglia","Ptprg","new_2026",2,2,0.094911487612387,-0.780371171758424,0.660613919003561,FALSE,9.65819521492596,373.066851889113,349.281735175122,FALSE,"descriptive; no KO contrast; animal n unknown"
"include_putative_doublets","Microglia","Plxna1","old_2023",1,2,1.06343717343325,1.00659093872929,1.12261551501265,TRUE,0.986112924199117,18.0761003826108,8.38849150241808,FALSE,"descriptive; no KO contrast; animal n unknown"
"include_putative_doublets","Microglia","Plxna1","new_2026",2,2,2.22152985967442,1.40918939505488,2.77400360053426,TRUE,3.6151963109416,40.9548344935324,8.38849150241808,FALSE,"descriptive; no KO contrast; animal n unknown"
"include_putative_doublets","Microglia","Plxna3","old_2023",1,2,0.514319373415145,0.310827585198363,0.751302107528062,TRUE,0.739143478529313,15.063416985509,10.3963086036656,FALSE,"descriptive; no KO contrast; animal n unknown"
"include_putative_doublets","Microglia","Plxna3","new_2026",2,2,-0.32298225560256,-0.725151529067002,0.0885999756536138,FALSE,0.00945383414632428,8.21067976325454,10.3963086036656,FALSE,"descriptive; no KO contrast; animal n unknown"
"include_putative_doublets","OPC","Mef2c","old_2023",1,2,0.553384158860092,0.488693825384757,0.621111933241176,TRUE,8.36240265054844,368.661296441083,251.053828580184,FALSE,"descriptive; no KO contrast; animal n unknown"
"include_putative_doublets","OPC","Mef2c","new_2026",2,2,0.591615340904067,0.154528924851981,0.95506797790412,TRUE,14.2980103368846,378.574783023282,251.053828580184,FALSE,"descriptive; no KO contrast; animal n unknown"
"include_putative_doublets","OPC","Mef2a","old_2023",1,2,0.00464965273974239,-0.0655120125796094,0.0783986489206976,FALSE,0.199867623660449,197.687941569856,197.050231092634,FALSE,"descriptive; no KO contrast; animal n unknown"
"include_putative_doublets","OPC","Mef2a","new_2026",2,2,-0.0769672248462594,-0.371420374095164,0.190849507530291,FALSE,0.222116950641841,186.787200786522,197.050231092634,FALSE,"descriptive; no KO contrast; animal n unknown"
"include_putative_doublets","OPC","Mef2d","old_2023",1,2,0.122315878043194,0.0603928172864183,0.187016448934784,TRUE,-0.373581248949296,69.4579254164359,63.7711652559377,FALSE,"descriptive; no KO contrast; animal n unknown"
"include_putative_doublets","OPC","Mef2d","new_2026",2,2,-0.330477199984469,-0.485899676123881,-0.177969748032933,TRUE,-1.38302067302536,50.6131473313842,63.7711652559377,FALSE,"descriptive; no KO contrast; animal n unknown"
"include_putative_doublets","OPC","Arc","old_2023",1,2,1.29552156506274,0.747649822360638,2.18964901945615,TRUE,0.19836423200243,1.78097244657528,0.429242764254723,FALSE,"descriptive; no KO contrast; animal n unknown"
"include_putative_doublets","OPC","Arc","new_2026",2,2,1.74247462233313,1.11695124210587,2.71028679816352,TRUE,0.171949335115046,2.60932641271602,0.429242764254723,FALSE,"descriptive; no KO contrast; animal n unknown"
"include_putative_doublets","OPC","Homer1","old_2023",1,2,0.71177698426137,0.680334116859162,0.74392043149432,TRUE,3.14438484690622,121.106126367119,73.7487646432673,FALSE,"descriptive; no KO contrast; animal n unknown"
"include_putative_doublets","OPC","Homer1","new_2026",2,2,0.582110286309346,0.299159476699956,0.828356217085221,TRUE,3.7926989816679,110.653179275959,73.7487646432673,FALSE,"descriptive; no KO contrast; animal n unknown"
"include_putative_doublets","OPC","Nr4a1","old_2023",1,2,0.520773993880436,0.366887399788272,0.69305683436401,TRUE,0.535166699880834,26.7145866986292,18.4685070387186,FALSE,"descriptive; no KO contrast; animal n unknown"
"include_putative_doublets","OPC","Nr4a1","new_2026",2,2,0.211116635764698,-0.0290645832266927,0.464822427172139,FALSE,-0.0786978350424874,21.4576364380871,18.4685070387186,FALSE,"descriptive; no KO contrast; animal n unknown"
"include_putative_doublets","OPC","Bdnf","old_2023",1,2,2.09239977757912,1.30972665289925,3.93052726327906,TRUE,0.350527433523236,7.12388978630112,1.28772829276417,FALSE,"descriptive; no KO contrast; animal n unknown"
"include_putative_doublets","OPC","Bdnf","new_2026",2,2,3.19002075043573,2.02988643932209,5.32705160637927,TRUE,1.52074750758872,15.815239223862,1.28772829276417,FALSE,"descriptive; no KO contrast; animal n unknown"
"include_putative_doublets","OPC","Pcdh10","old_2023",1,2,0.172819673339794,0.00584162387644493,0.361684636778208,TRUE,1.92243251023883,211.935721142458,187.953253585344,FALSE,"descriptive; no KO contrast; animal n unknown"
"include_putative_doublets","OPC","Pcdh10","new_2026",2,2,0.878975849624149,0.462056460356528,1.28080775563793,TRUE,11.394160273013,346.078594370908,187.953253585344,FALSE,"descriptive; no KO contrast; animal n unknown"
"include_putative_doublets","OPC","Npas4","old_2023",1,2,1.03180263239933,0.873580731607675,1.20953903025145,TRUE,0.327392405053022,3.56194489315056,1.48669173594062,FALSE,"descriptive; no KO contrast; animal n unknown"
"include_putative_doublets","OPC","Npas4","new_2026",2,2,1.21878461282224,0.679019594453207,1.6979727468127,TRUE,0.30886440418341,4.12403605720983,1.48669173594062,FALSE,"descriptive; no KO contrast; animal n unknown"
"include_putative_doublets","OPC","Fos","old_2023",1,2,-0.894127454393407,-1.44199919709551,0,FALSE,-0.0939612954631738,0,0.429242764254723,FALSE,"descriptive; no KO contrast; animal n unknown"
"include_putative_doublets","OPC","Fos","new_2026",2,2,4.28317530554097,3.15736290344231,5.58881648064107,TRUE,1.72250659419141,17.5922854719073,0.429242764254723,FALSE,"descriptive; no KO contrast; animal n unknown"
"include_putative_doublets","OPC","Egr1","old_2023",1,2,0.513652127019842,0.0461949380291002,1.20953903025145,TRUE,0.307475456472541,3.56194489315056,2.34517726445007,FALSE,"descriptive; no KO contrast; animal n unknown"
"include_putative_doublets","OPC","Egr1","new_2026",2,2,4.44881576738836,3.82750106256486,5.28372167808701,TRUE,5.88803982527742,61.635002593453,2.34517726445007,FALSE,"descriptive; no KO contrast; animal n unknown"
"include_putative_doublets","OPC","Ncam1","old_2023",1,2,0.0663812226777394,-0.0354559464698312,0.175956568718782,FALSE,2.22227621470243,924.32469977257,882.735834737858,FALSE,"descriptive; no KO contrast; animal n unknown"
"include_putative_doublets","OPC","Ncam1","new_2026",2,2,0.0114676548888122,-0.36959542061749,0.354890524583316,FALSE,-0.789512225574263,889.784452404884,882.735834737858,FALSE,"descriptive; no KO contrast; animal n unknown"
"include_putative_doublets","OPC","Sema6d","old_2023",1,2,0.272362265519445,0.165127482579166,0.388212414628573,TRUE,6.646103236727,2137.16693589033,1769.40855428558,FALSE,"descriptive; no KO contrast; animal n unknown"
"include_putative_doublets","OPC","Sema6d","new_2026",2,2,-0.576467689072531,-0.801091098389609,-0.352065998684928,TRUE,-17.8995795475168,1186.40719448832,1769.40855428558,FALSE,"descriptive; no KO contrast; animal n unknown"
"include_putative_doublets","OPC","Cadm2","old_2023",1,2,0.386084725844439,0.342387462753901,0.431146970407324,TRUE,5.87798860949727,3878.95798864096,2968.07461811249,FALSE,"descriptive; no KO contrast; animal n unknown"
"include_putative_doublets","OPC","Cadm2","new_2026",2,2,-0.186534662090182,-0.357348496166399,-0.0246548232867028,TRUE,-2.33933322770037,2608.02763059578,2968.07461811249,FALSE,"descriptive; no KO contrast; animal n unknown"
"include_putative_doublets","OPC","Pcdh7","old_2023",1,2,0.353918389333973,0.296121492419505,0.414127713605042,TRUE,7.13778216836792,1522.73144182186,1191.36164595761,FALSE,"descriptive; no KO contrast; animal n unknown"
"include_putative_doublets","OPC","Pcdh7","new_2026",2,2,-0.220363598891641,-0.431434006812035,-0.0216121497775479,TRUE,-7.21372034233413,1022.53334915675,1191.36164595761,FALSE,"descriptive; no KO contrast; animal n unknown"
"include_putative_doublets","OPC","Grip1","old_2023",1,2,1.0615063353007,0.961977022200816,1.1684142002701,TRUE,22.5499541935177,1241.33779526297,594.503644583393,FALSE,"descriptive; no KO contrast; animal n unknown"
"include_putative_doublets","OPC","Grip1","new_2026",2,2,-0.0311937097887416,-0.45996058200798,0.343601043657253,FALSE,-0.138448516052684,581.7766619086,594.503644583393,FALSE,"descriptive; no KO contrast; animal n unknown"
"include_putative_doublets","OPC","C1qa","old_2023",1,2,-2.7963416973428,-2.97597572924709,-2.59111679485935,TRUE,-0.245919614013073,0,2.97338347188125,TRUE,"descriptive; no KO contrast; animal n unknown"
"include_putative_doublets","OPC","C1qa","new_2026",2,2,1.57551730895782,1.04993573286196,2.05957025484255,TRUE,0.881788061953869,9.8521534768296,2.97338347188125,TRUE,"descriptive; no KO contrast; animal n unknown"
"include_putative_doublets","OPC","C1qb","old_2023",1,2,-2.95282197137007,-3.4661440944346,-2.14858993566851,TRUE,-0.300132217739011,0,3.37131035823415,TRUE,"descriptive; no KO contrast; animal n unknown"
"include_putative_doublets","OPC","C1qb","new_2026",2,2,1.75868315780485,0.938674016197643,2.81569868954976,TRUE,0.934180308579195,12.6000928231858,3.37131035823415,TRUE,"descriptive; no KO contrast; animal n unknown"
"include_putative_doublets","OPC","C1qc","old_2023",1,2,0.324795311248673,-0.0718076691390452,0.873580731607675,FALSE,0.107841269180953,3.56194489315056,2.74310415080298,FALSE,"descriptive; no KO contrast; animal n unknown"
"include_putative_doublets","OPC","C1qc","new_2026",2,2,2.39871185873054,1.95731547672394,2.99094169513033,TRUE,1.47789754384504,16.6019296853301,2.74310415080298,FALSE,"descriptive; no KO contrast; animal n unknown"
"include_putative_doublets","OPC","C3","old_2023",1,2,0,0,0,FALSE,0,0,0,FALSE,"descriptive; no KO contrast; animal n unknown"
"include_putative_doublets","OPC","C3","new_2026",2,2,0.501657017997812,0,0.873165593414966,FALSE,0.0185510635618489,0.20791940046025,0,FALSE,"descriptive; no KO contrast; animal n unknown"
"include_putative_doublets","OPC","C4b","old_2023",1,2,-1.81263163702474,-2.59111679485935,0,FALSE,-0.122491459596759,0,1.25641241486235,FALSE,"descriptive; no KO contrast; animal n unknown"
"include_putative_doublets","OPC","C4b","new_2026",2,2,-0.608075700260956,-1.43848095246875,1.25467224417657,FALSE,-0.0613460648565713,0.652331603179004,1.25641241486235,FALSE,"descriptive; no KO contrast; animal n unknown"
"include_putative_doublets","OPC","Itgam","old_2023",1,2,2.29134236776763,2.11789562625431,2.48852806618355,TRUE,0.569221364223145,7.12388978630112,1.0574489716859,FALSE,"descriptive; no KO contrast; animal n unknown"
"include_putative_doublets","OPC","Itgam","new_2026",2,2,0.93265717390183,-0.256530371295166,1.72001437242782,FALSE,0.0993478536441174,2.4728405167514,1.0574489716859,FALSE,"descriptive; no KO contrast; animal n unknown"
"include_putative_doublets","OPC","Trem2","old_2023",1,2,0.0577253682435783,-0.238585982556448,0.431053872416836,FALSE,-0.165933368262161,3.56194489315056,3.40262623613597,FALSE,"descriptive; no KO contrast; animal n unknown"
"include_putative_doublets","OPC","Trem2","new_2026",2,2,0.265516472096465,-0.200850695631124,0.790952713563283,FALSE,0.0471329447120205,4.19121548635436,3.40262623613597,FALSE,"descriptive; no KO contrast; animal n unknown"
"include_putative_doublets","OPC","Tyrobp","old_2023",1,2,-2.69737535602752,-3.09397833641523,-2.14858993566851,TRUE,-0.438090482327077,0,2.74310415080298,FALSE,"descriptive; no KO contrast; animal n unknown"
"include_putative_doublets","OPC","Tyrobp","new_2026",2,2,2.49432613382885,1.61064689195453,3.40659717177395,TRUE,1.47451777535385,17.7737585082449,2.74310415080298,FALSE,"descriptive; no KO contrast; animal n unknown"
"include_putative_doublets","OPC","Cd68","old_2023",1,2,-0.894127454393407,-1.44199919709551,0,FALSE,-0.0641015779244356,0,0.429242764254723,FALSE,"descriptive; no KO contrast; animal n unknown"
"include_putative_doublets","OPC","Cd68","new_2026",2,2,1.82963165604744,0.958863785089378,2.98743851118618,TRUE,0.262382901877127,2.80295911227714,0.429242764254723,FALSE,"descriptive; no KO contrast; animal n unknown"
"include_putative_doublets","OPC","Cx3cr1","old_2023",1,2,-0.436963382492146,-0.486149735522216,-0.386040729908885,TRUE,0.408330145580813,19.5906969123281,26.6978194911276,TRUE,"descriptive; no KO contrast; animal n unknown"
"include_putative_doublets","OPC","Cx3cr1","new_2026",2,2,-0.589038195039183,-1.17992943466485,-0.145203164528036,TRUE,-0.390451791325775,17.5807283715135,26.6978194911276,TRUE,"descriptive; no KO contrast; animal n unknown"
"include_putative_doublets","OPC","P2ry12","old_2023",1,2,-0.347722324001027,-0.449579219459117,-0.238124138081943,TRUE,-2.27092297379386,87.2676498821887,111.188721416529,TRUE,"descriptive; no KO contrast; animal n unknown"
"include_putative_doublets","OPC","P2ry12","new_2026",2,2,-1.88416771987964,-2.11254241111222,-1.65825776271807,TRUE,-7.04798086533225,29.7564742430766,111.188721416529,TRUE,"descriptive; no KO contrast; animal n unknown"
"include_putative_doublets","OPC","Csf1r","old_2023",1,2,-2.0697468271895,-2.18947985532571,-1.93917011127691,TRUE,-0.580750675858051,3.56194489315056,16.5525725385233,TRUE,"descriptive; no KO contrast; animal n unknown"
"include_putative_doublets","OPC","Csf1r","new_2026",2,2,-0.66401453680705,-1.29149833217568,-0.158613207796517,TRUE,-0.182815262499727,10.2622137275532,16.5525725385233,TRUE,"descriptive; no KO contrast; animal n unknown"
"include_putative_doublets","OPC","Mertk","old_2023",1,2,-1.41225234709156,-1.59632246658991,-1.20121449299613,TRUE,-5.3711593652946,44.524311164382,119.333265761603,FALSE,"descriptive; no KO contrast; animal n unknown"
"include_putative_doublets","OPC","Mertk","new_2026",2,2,-1.87090032306172,-2.78391830360952,-1.17788550052089,TRUE,-7.45347253160655,32.262744799807,119.333265761603,FALSE,"descriptive; no KO contrast; animal n unknown"
"include_putative_doublets","OPC","Megf10","old_2023",1,2,-5.06961430145033,-5.27397728608662,-4.83144846769744,TRUE,-1.75831280943798,0,16.2909773395432,FALSE,"descriptive; no KO contrast; animal n unknown"
"include_putative_doublets","OPC","Megf10","new_2026",2,2,-1.10535838517415,-1.78118102822192,-0.512440839708974,TRUE,-1.1150018620048,7.30422794306119,16.2909773395432,FALSE,"descriptive; no KO contrast; animal n unknown"
"include_putative_doublets","OPC","Axl","old_2023",1,2,-0.469443533007246,-0.598041657112364,-0.328250690170479,TRUE,-0.340333570849102,8.9048622328764,12.5217400949562,FALSE,"descriptive; no KO contrast; animal n unknown"
"include_putative_doublets","OPC","Axl","new_2026",2,2,-1.22572216608187,-1.65519748829619,-0.835701453966626,TRUE,-0.981321575307124,5.06788022856829,12.5217400949562,FALSE,"descriptive; no KO contrast; animal n unknown"
"include_putative_doublets","OPC","Gas6","old_2023",1,2,-1.06156842475992,-1.09304124199067,-1.02939367748301,TRUE,-4.74155841717083,40.9623662712314,86.0402254171452,FALSE,"descriptive; no KO contrast; animal n unknown"
"include_putative_doublets","OPC","Gas6","new_2026",2,2,-0.667137637295347,-0.768403316165747,-0.568391150283866,TRUE,-3.79240214275732,53.9991315800203,86.0402254171452,FALSE,"descriptive; no KO contrast; animal n unknown"
"include_putative_doublets","OPC","Sema3e","old_2023",1,2,-0.940266824966028,-1.32055755722284,-0.422383760519789,TRUE,-1.93507398118862,17.8097244657528,34.6342208666546,FALSE,"descriptive; no KO contrast; animal n unknown"
"include_putative_doublets","OPC","Sema3e","new_2026",2,2,-0.663865315744602,-1.51287492026675,0.207221334303893,FALSE,-1.30228205460898,21.6761910269251,34.6342208666546,FALSE,"descriptive; no KO contrast; animal n unknown"
"include_putative_doublets","OPC","Plxnd1","old_2023",1,2,-1.17787395783601,-1.19426664391716,-1.16129286632031,TRUE,-0.557933883223209,3.56194489315056,8.68987109456547,FALSE,"descriptive; no KO contrast; animal n unknown"
"include_putative_doublets","OPC","Plxnd1","new_2026",2,2,0.79493215335857,0.0118007609266808,1.30951425795611,TRUE,0.811840440813202,15.4443875633145,8.68987109456547,FALSE,"descriptive; no KO contrast; animal n unknown"
"include_putative_doublets","OPC","Nrp1","old_2023",1,2,2.20281095305655,2.1414521835628,2.26689571894268,TRUE,4.42182693627335,92.6105672219145,19.724919453581,FALSE,"descriptive; no KO contrast; animal n unknown"
"include_putative_doublets","OPC","Nrp1","new_2026",2,2,1.32497901415833,0.819066950983045,1.72841578145871,TRUE,3.06276723318316,50.1693376914952,19.724919453581,FALSE,"descriptive; no KO contrast; animal n unknown"
"include_putative_doublets","OPC","Nrp2","old_2023",1,2,0.831447606659021,0.766487001456484,0.899471692002161,TRUE,2.34323858135843,83.7057049890381,46.8206658310615,FALSE,"descriptive; no KO contrast; animal n unknown"
"include_putative_doublets","OPC","Nrp2","new_2026",2,2,0.101815639196297,-0.0767565906543863,0.275153926570975,FALSE,0.188065493784585,50.2809016981829,46.8206658310615,FALSE,"descriptive; no KO contrast; animal n unknown"
"include_putative_doublets","OPC","Kirrel3","old_2023",1,2,0.675116938231101,0.632127448740881,0.719426877930376,TRUE,13.2596907373307,1248.46168504927,781.701539800305,FALSE,"descriptive; no KO contrast; animal n unknown"
"include_putative_doublets","OPC","Kirrel3","new_2026",2,2,-0.552472701411134,-1.02213828322804,-0.179296313951408,TRUE,-14.2301387654333,532.844488645132,781.701539800305,FALSE,"descriptive; no KO contrast; animal n unknown"
"include_putative_doublets","OPC","Sdk2","old_2023",1,2,0.37523321041719,0.261858780377899,0.498282925136306,TRUE,0.401955517754915,58.7720907369842,45.197642407748,FALSE,"descriptive; no KO contrast; animal n unknown"
"include_putative_doublets","OPC","Sdk2","new_2026",2,2,-0.186775845707735,-0.911418790840366,0.364286661603231,FALSE,-0.543539045184699,39.6484388729119,45.197642407748,FALSE,"descriptive; no KO contrast; animal n unknown"
"include_putative_doublets","OPC","Sema5b","old_2023",1,2,-0.703126515008762,-0.839792055925626,-0.552146962241721,TRUE,-9.34230108344245,201.249886463007,327.954692436373,FALSE,"descriptive; no KO contrast; animal n unknown"
"include_putative_doublets","OPC","Sema5b","new_2026",2,2,-1.61448590948351,-1.86607575105838,-1.35706525017209,TRUE,-18.7085560571316,106.767160495854,327.954692436373,FALSE,"descriptive; no KO contrast; animal n unknown"
"include_putative_doublets","OPC","Cdh8","old_2023",1,2,2.10178043918619,1.8456229085907,2.4134542956323,TRUE,9.93722768916883,290.29850879177,67.2474914236429,FALSE,"descriptive; no KO contrast; animal n unknown"
"include_putative_doublets","OPC","Cdh8","new_2026",2,2,1.4430288786703,0.468390534429439,2.23213443188224,TRUE,11.2905936692716,183.699393432736,67.2474914236429,FALSE,"descriptive; no KO contrast; animal n unknown"
"include_putative_doublets","OPC","Cdh9","old_2023",1,2,1.82731889362309,1.380782415842,2.47742079029108,TRUE,5.15141235397967,128.23001615342,35.7745492962804,FALSE,"descriptive; no KO contrast; animal n unknown"
"include_putative_doublets","OPC","Cdh9","new_2026",2,2,1.15594558448427,-0.0328300587566694,2.29372852256461,FALSE,4.74650521929405,80.3306961979281,35.7745492962804,FALSE,"descriptive; no KO contrast; animal n unknown"
"include_putative_doublets","OPC","Cdh13","old_2023",1,2,-0.0415711824445627,-0.0686114493283725,-0.0140144066792818,TRUE,-2.0316125067711,995.563597635581,1024.68263531759,FALSE,"descriptive; no KO contrast; animal n unknown"
"include_putative_doublets","OPC","Cdh13","new_2026",2,2,-1.07666588928401,-1.3410882753887,-0.845323092271849,TRUE,-28.5782640961843,485.562944494836,1024.68263531759,FALSE,"descriptive; no KO contrast; animal n unknown"
"include_putative_doublets","OPC","Cdh18","old_2023",1,2,0.414097752552249,0.320666991984609,0.514000777976282,TRUE,3.63369726687562,370.442268887658,277.887979758684,FALSE,"descriptive; no KO contrast; animal n unknown"
"include_putative_doublets","OPC","Cdh18","new_2026",2,2,-0.428091282351669,-1.05457210094705,0.06017530408986,FALSE,-2.62714175936405,206.410324823781,277.887979758684,FALSE,"descriptive; no KO contrast; animal n unknown"
"include_putative_doublets","OPC","C1ql3","old_2023",1,2,0.00329440816060037,-0.164158874724484,0.192767772009208,FALSE,-0.600037952093813,81.9247325424628,81.7367295988324,FALSE,"descriptive; no KO contrast; animal n unknown"
"include_putative_doublets","OPC","C1ql3","new_2026",2,2,1.72746952778306,1.05939232051844,2.28788713971501,TRUE,15.2116397002001,271.824036266003,81.7367295988324,FALSE,"descriptive; no KO contrast; animal n unknown"
"include_putative_doublets","OPC","Slit1","old_2023",1,2,0.224704564382079,0.18848321926771,0.261858780377899,TRUE,0.274778320377481,58.7720907369842,50.2232920671975,FALSE,"descriptive; no KO contrast; animal n unknown"
"include_putative_doublets","OPC","Slit1","new_2026",2,2,-0.745752767748564,-1.52257378374908,-0.221617061030857,TRUE,-0.254456159775923,29.7491712180338,50.2232920671975,FALSE,"descriptive; no KO contrast; animal n unknown"
"include_putative_doublets","OPC","Slit2","old_2023",1,2,1.75388166888557,1.70266553201049,1.80698312994426,TRUE,7.00299307989066,238.650307841087,70.408770162935,FALSE,"descriptive; no KO contrast; animal n unknown"
"include_putative_doublets","OPC","Slit2","new_2026",2,2,0.921596364242833,0.435064139327316,1.30865765101636,TRUE,5.36119557988954,133.81610910841,70.408770162935,FALSE,"descriptive; no KO contrast; animal n unknown"
"include_putative_doublets","OPC","Slit3","old_2023",1,2,1.23796852810418,1.0306688466577,1.48013489297105,TRUE,10.9143871863698,495.110340147928,209.623534767628,FALSE,"descriptive; no KO contrast; animal n unknown"
"include_putative_doublets","OPC","Slit3","new_2026",2,2,-0.259152862294646,-1.32492221407444,0.517536048675509,FALSE,4.90024613202748,175.074691107572,209.623534767628,FALSE,"descriptive; no KO contrast; animal n unknown"
"include_putative_doublets","OPC","Robo1","old_2023",1,2,0.412043793981573,0.399887696106108,0.424303189712353,TRUE,2.68286819951376,1394.50142566844,1047.92437634315,FALSE,"descriptive; no KO contrast; animal n unknown"
"include_putative_doublets","OPC","Robo1","new_2026",2,2,-0.310652625982607,-0.550347483905592,-0.101900409926184,TRUE,-7.88239523086732,844.820402749938,1047.92437634315,FALSE,"descriptive; no KO contrast; animal n unknown"
"include_putative_doublets","OPC","Robo2","old_2023",1,2,1.74289145897908,1.41589046156638,2.16642363756759,TRUE,15.667480723658,509.35811972053,151.830452333354,FALSE,"descriptive; no KO contrast; animal n unknown"
"include_putative_doublets","OPC","Robo2","new_2026",2,2,0.951785072692619,0.0104950241144683,1.80479746151232,TRUE,13.6405578317806,294.14738290874,151.830452333354,FALSE,"descriptive; no KO contrast; animal n unknown"
"include_putative_doublets","OPC","Ntng1","old_2023",1,2,0.788033093203626,0.652548494168374,0.937572442680673,TRUE,5.03543259317243,190.564051783555,110.151520146979,FALSE,"descriptive; no KO contrast; animal n unknown"
"include_putative_doublets","OPC","Ntng1","new_2026",2,2,0.528480267873477,-0.0678237297533721,1.02673533893148,FALSE,4.93643478063229,159.104744560681,110.151520146979,FALSE,"descriptive; no KO contrast; animal n unknown"
"include_putative_doublets","OPC","Ntng2","old_2023",1,2,-0.424838973873708,-0.726341942199291,-0.0432136008000068,TRUE,-0.941629755854275,23.1526418054786,31.2518423326549,FALSE,"descriptive; no KO contrast; animal n unknown"
"include_putative_doublets","OPC","Ntng2","new_2026",2,2,-1.17206106492132,-1.62374901488056,-0.654421420227396,TRUE,-1.60013392743271,13.5910511725927,31.2518423326549,FALSE,"descriptive; no KO contrast; animal n unknown"
"include_putative_doublets","OPC","Lrrc4c","old_2023",1,2,-0.319837129705449,-0.395288163415884,-0.240221291930903,TRUE,-1.65565060650991,4582.44210503819,5719.88080567338,FALSE,"descriptive; no KO contrast; animal n unknown"
"include_putative_doublets","OPC","Lrrc4c","new_2026",2,2,-0.986735558945857,-1.06278573983623,-0.906520822712212,TRUE,-13.2324671607313,2886.10885610603,5719.88080567338,FALSE,"descriptive; no KO contrast; animal n unknown"
"include_putative_doublets","OPC","Lrrc4","old_2023",1,2,0.0783972453002238,-0.00759353732488144,0.169840130343242,FALSE,1.89247878989283,284.955591452045,269.857630749452,FALSE,"descriptive; no KO contrast; animal n unknown"
"include_putative_doublets","OPC","Lrrc4","new_2026",2,2,-1.47853535058526,-1.64218973222572,-1.31339697387264,TRUE,-14.1830248402679,96.5186309063699,269.857630749452,FALSE,"descriptive; no KO contrast; animal n unknown"
"include_putative_doublets","OPC","Adgrb3","old_2023",1,2,0.628664240996422,0.617584691742953,0.639829537453023,TRUE,10.2217369203414,3225.34110074783,2085.8932896505,FALSE,"descriptive; no KO contrast; animal n unknown"
"include_putative_doublets","OPC","Adgrb3","new_2026",2,2,-0.188832529910269,-0.404093583688299,0.00116719749892447,FALSE,-4.77634946324309,1829.92492766051,2085.8932896505,FALSE,"descriptive; no KO contrast; animal n unknown"
"include_putative_doublets","OPC","Igsf21","old_2023",1,2,-0.490195089943627,-0.49571603092026,-0.484652940105275,TRUE,-4.19527303891614,124.66807126027,175.315429505152,FALSE,"descriptive; no KO contrast; animal n unknown"
"include_putative_doublets","OPC","Igsf21","new_2026",2,2,-1.38273688178432,-1.47004754899569,-1.29979413716313,TRUE,-9.72627656206086,66.9235644485349,175.315429505152,FALSE,"descriptive; no KO contrast; animal n unknown"
"include_putative_doublets","OPC","Nrxn2","old_2023",1,2,-0.884377495412782,-0.885555738118105,-0.883198289655239,TRUE,-21.3847001705787,384.69004846026,710.548479444702,FALSE,"descriptive; no KO contrast; animal n unknown"
"include_putative_doublets","OPC","Nrxn2","new_2026",2,2,-1.01253235238622,-1.40876956536839,-0.701546330922369,TRUE,-22.9345719952381,351.949259450333,710.548479444702,FALSE,"descriptive; no KO contrast; animal n unknown"
"include_putative_doublets","OPC","Cntn4","old_2023",1,2,-0.274297669174881,-0.345208711254633,-0.199720236675629,TRUE,-5.24326230569043,938.572479345172,1135.21912552576,FALSE,"descriptive; no KO contrast; animal n unknown"
"include_putative_doublets","OPC","Cntn4","new_2026",2,2,-0.959484892207619,-1.19825917994076,-0.734555894973525,TRUE,-23.2714087624792,583.532757129076,1135.21912552576,FALSE,"descriptive; no KO contrast; animal n unknown"
"include_putative_doublets","OPC","Cntn6","old_2023",1,2,0.437901210958328,0.399952379797442,0.476875281668689,TRUE,2.03218362107557,299.203371024647,220.743351233978,FALSE,"descriptive; no KO contrast; animal n unknown"
"include_putative_doublets","OPC","Cntn6","new_2026",2,2,-0.318661932357257,-0.537977636946565,-0.118596160742951,TRUE,-4.4074302641001,176.895838719517,220.743351233978,FALSE,"descriptive; no KO contrast; animal n unknown"
"include_putative_doublets","OPC","Ptprg","old_2023",1,2,0.116587844437426,0.0363637661864278,0.201536986645385,TRUE,3.98046337421162,1081.05027507119,997.085834893679,FALSE,"descriptive; no KO contrast; animal n unknown"
"include_putative_doublets","OPC","Ptprg","new_2026",2,2,-0.625541662693679,-1.02278880123445,-0.280837427107835,TRUE,-17.1231253771929,646.111567758345,997.085834893679,FALSE,"descriptive; no KO contrast; animal n unknown"
"include_putative_doublets","OPC","Plxna1","old_2023",1,2,0.247850912071664,0.0503976535546578,0.476679269979163,TRUE,0.0882685723318035,10.6858346794517,8.92015041564374,FALSE,"descriptive; no KO contrast; animal n unknown"
"include_putative_doublets","OPC","Plxna1","new_2026",2,2,1.97413628943019,1.11345248072718,2.65559939130546,TRUE,2.97020499081143,36.5111070897579,8.92015041564374,FALSE,"descriptive; no KO contrast; animal n unknown"
"include_putative_doublets","OPC","Plxna3","old_2023",1,2,0.0530058807904288,-0.227071391173534,0.400881821592244,FALSE,-0.455021770442527,16.0287520191775,15.4324918110338,FALSE,"descriptive; no KO contrast; animal n unknown"
"include_putative_doublets","OPC","Plxna3","new_2026",2,2,-0.211839740441681,-0.545796636911776,0.187975843136487,FALSE,-0.286136509526479,13.2566785017159,15.4324918110338,FALSE,"descriptive; no KO contrast; animal n unknown"
"include_putative_doublets","Oligodendrocyte","Mef2c","old_2023",1,2,0.593168741003373,0.373665393994045,0.852168137877696,TRUE,6.44675487987929,353.719873242303,234.307162167025,FALSE,"descriptive; no KO contrast; animal n unknown"
"include_putative_doublets","Oligodendrocyte","Mef2c","new_2026",2,2,0.464095096662378,-0.325169566981102,1.13047091215024,FALSE,16.501976486754,323.40517348269,234.307162167025,FALSE,"descriptive; no KO contrast; animal n unknown"
"include_putative_doublets","Oligodendrocyte","Mef2a","old_2023",1,2,0.0255615591908841,-0.0961380917761874,0.158480995315548,FALSE,-0.391671633720501,155.055286900736,152.323443118567,FALSE,"descriptive; no KO contrast; animal n unknown"
"include_putative_doublets","Oligodendrocyte","Mef2a","new_2026",2,2,-0.0536253478627669,-0.287128274302536,0.183052735271556,FALSE,0.6597646884535,146.747232801772,152.323443118567,FALSE,"descriptive; no KO contrast; animal n unknown"
"include_putative_doublets","Oligodendrocyte","Mef2d","old_2023",1,2,0.291143011589526,0.223231875997687,0.362409481949235,TRUE,2.5577371821853,121.1369428912,98.9083160303505,FALSE,"descriptive; no KO contrast; animal n unknown"
"include_putative_doublets","Oligodendrocyte","Mef2d","new_2026",2,2,-0.788822207435298,-1.00758534044206,-0.580994702781542,TRUE,-4.87171936113129,57.0391671300608,98.9083160303505,FALSE,"descriptive; no KO contrast; animal n unknown"
"include_putative_doublets","Oligodendrocyte","Arc","old_2023",1,2,-3.05488304876638,-3.25642117004068,-2.82054731546404,TRUE,-0.479964228706071,0,3.65509956881016,FALSE,"descriptive; no KO contrast; animal n unknown"
"include_putative_doublets","Oligodendrocyte","Arc","new_2026",2,2,-0.468145727346754,-1.12154757253688,0.109770907180945,FALSE,-0.334638085640213,2.50369290695285,3.65509956881016,FALSE,"descriptive; no KO contrast; animal n unknown"
"include_putative_doublets","Oligodendrocyte","Homer1","old_2023",1,2,0.016527833326666,-0.034038642494596,0.0689312441032079,FALSE,2.14450020552225,106.600509744256,105.380544068869,FALSE,"descriptive; no KO contrast; animal n unknown"
"include_putative_doublets","Oligodendrocyte","Homer1","new_2026",2,2,0.205500588751844,0.0444335474306197,0.360539795304628,TRUE,4.6863373416308,121.58941298098,105.380544068869,FALSE,"descriptive; no KO contrast; animal n unknown"
"include_putative_doublets","Oligodendrocyte","Nr4a1","old_2023",1,2,-4.99325175906026,-5.44128839368898,-4.33993644524217,TRUE,-1.20896793072364,0,15.4253343743723,FALSE,"descriptive; no KO contrast; animal n unknown"
"include_putative_doublets","Oligodendrocyte","Nr4a1","new_2026",2,2,0.273345466214944,-1.02499458870891,1.45806163643484,FALSE,0.275239374912678,18.7474741143305,15.4253343743723,FALSE,"descriptive; no KO contrast; animal n unknown"
"include_putative_doublets","Oligodendrocyte","Bdnf","old_2023",1,2,2.10294750840259,1.71787707564172,2.62978100555801,TRUE,2.24791912625146,29.0728662938879,6.3840361204289,FALSE,"descriptive; no KO contrast; animal n unknown"
"include_putative_doublets","Oligodendrocyte","Bdnf","new_2026",2,2,1.25505854171163,0.776652006427428,1.86955487830257,TRUE,1.80567174485658,15.9305994253624,6.3840361204289,FALSE,"descriptive; no KO contrast; animal n unknown"
"include_putative_doublets","Oligodendrocyte","Pcdh10","old_2023",1,2,1.04431299924284,0.924489667522709,1.17499713523957,TRUE,4.85416325715336,193.819108625919,93.7206230995448,FALSE,"descriptive; no KO contrast; animal n unknown"
"include_putative_doublets","Oligodendrocyte","Pcdh10","new_2026",2,2,1.04005179979885,0.530264150136701,1.47740825666804,TRUE,9.49710770591087,193.246007032711,93.7206230995448,FALSE,"descriptive; no KO contrast; animal n unknown"
"include_putative_doublets","Oligodendrocyte","Npas4","old_2023",1,2,-4.17097335190448,-4.72629034919692,-3.25642117004068,TRUE,-0.600233174825736,0,8.50654232724348,FALSE,"descriptive; no KO contrast; animal n unknown"
"include_putative_doublets","Oligodendrocyte","Npas4","new_2026",2,2,-2.37041738037663,-4.72629034919692,-0.679393899928005,TRUE,-0.512254544939809,1.24177222420446,8.50654232724348,FALSE,"descriptive; no KO contrast; animal n unknown"
"include_putative_doublets","Oligodendrocyte","Fos","old_2023",1,2,-2.88440961022044,-3.24641186154729,-2.40000431069783,TRUE,-0.30789526302554,0,3.19201806021445,FALSE,"descriptive; no KO contrast; animal n unknown"
"include_putative_doublets","Oligodendrocyte","Fos","new_2026",2,2,0.681506748202479,-0.285905180832721,1.59106547895996,FALSE,0.192261274707483,5.42130988864051,3.19201806021445,FALSE,"descriptive; no KO contrast; animal n unknown"
"include_putative_doublets","Oligodendrocyte","Egr1","old_2023",1,2,-4.21274333597946,-4.84836295341761,-3.04913656659752,TRUE,-0.887352433867418,0,8.77111808151166,FALSE,"descriptive; no KO contrast; animal n unknown"
"include_putative_doublets","Oligodendrocyte","Egr1","new_2026",2,2,1.91095976151629,1.22262419525359,3.1254239544925,TRUE,3.82143179880453,34.3648917576777,8.77111808151166,FALSE,"descriptive; no KO contrast; animal n unknown"
"include_putative_doublets","Oligodendrocyte","Ncam1","old_2023",1,2,0.418479030174504,0.288171302682212,0.561735724738574,TRUE,6.70177737689789,1269.51516149977,949.741875218491,FALSE,"descriptive; no KO contrast; animal n unknown"
"include_putative_doublets","Oligodendrocyte","Ncam1","new_2026",2,2,0.405963083823128,0.0421596666777049,0.75013658628008,TRUE,8.33472732488939,1258.5449352677,949.741875218491,FALSE,"descriptive; no KO contrast; animal n unknown"
"include_putative_doublets","Oligodendrocyte","Sema6d","old_2023",1,2,1.42384645496443,1.38805488352397,1.46054861174734,TRUE,30.5899381520071,1075.69605287385,400.616846879717,FALSE,"descriptive; no KO contrast; animal n unknown"
"include_putative_doublets","Oligodendrocyte","Sema6d","new_2026",2,2,0.485347234267705,0.227661065181003,0.714320988461258,TRUE,9.9943504079883,561.032605250059,400.616846879717,FALSE,"descriptive; no KO contrast; animal n unknown"
"include_putative_doublets","Oligodendrocyte","Cadm2","old_2023",1,2,1.09472877366762,1.07023930932133,1.11964113070061,TRUE,22.5426717385189,5141.05185630251,2406.89870375668,FALSE,"descriptive; no KO contrast; animal n unknown"
"include_putative_doublets","Oligodendrocyte","Cadm2","new_2026",2,2,0.603414321370128,0.446827436951555,0.749336947582885,TRUE,16.9424030585599,3657.07999104787,2406.89870375668,FALSE,"descriptive; no KO contrast; animal n unknown"
"include_putative_doublets","Oligodendrocyte","Pcdh7","old_2023",1,2,0.740764276664987,0.670826995477446,0.814265392277361,TRUE,25.9538488334752,2132.01019488511,1275.64154986008,FALSE,"descriptive; no KO contrast; animal n unknown"
"include_putative_doublets","Oligodendrocyte","Pcdh7","new_2026",2,2,0.219021492236822,0.0564080813301508,0.379603039828007,TRUE,10.9795670366611,1484.85713915658,1275.64154986008,FALSE,"descriptive; no KO contrast; animal n unknown"
"include_putative_doublets","Oligodendrocyte","Grip1","old_2023",1,2,1.5344088095653,1.2338068673913,1.91458865528186,TRUE,21.4049731651359,969.095543129597,334.224524468999,FALSE,"descriptive; no KO contrast; animal n unknown"
"include_putative_doublets","Oligodendrocyte","Grip1","new_2026",2,2,0.334624790429317,-0.292513812510487,0.980903260793925,FALSE,13.6851545818565,421.604160138394,334.224524468999,FALSE,"descriptive; no KO contrast; animal n unknown"
"include_putative_doublets","Oligodendrocyte","C1qa","old_2023",1,2,0.472754479392481,0.161897714705686,0.869526498715506,TRUE,-0.181061967443422,4.84547771564799,3.35188439640807,TRUE,"descriptive; no KO contrast; animal n unknown"
"include_putative_doublets","Oligodendrocyte","C1qa","new_2026",2,2,1.85005809962204,1.37258012583723,2.39618472035353,TRUE,0.472447030879413,13.3866096013217,3.35188439640807,TRUE,"descriptive; no KO contrast; animal n unknown"
"include_putative_doublets","Oligodendrocyte","C1qb","old_2023",1,2,-3.15649846934724,-3.25642117004068,-3.04913656659752,TRUE,-0.525648214823677,0,3.95831474121224,TRUE,"descriptive; no KO contrast; animal n unknown"
"include_putative_doublets","Oligodendrocyte","C1qb","new_2026",2,2,1.95273232314972,1.83586772096463,2.07683948174572,TRUE,0.888244889476079,16.7584475748321,3.95831474121224,TRUE,"descriptive; no KO contrast; animal n unknown"
"include_putative_doublets","Oligodendrocyte","C1qc","old_2023",1,2,0.0133378983120364,-0.129515694109706,0.171907023199073,FALSE,-0.0849890367249659,4.84547771564799,4.79628584031426,FALSE,"descriptive; no KO contrast; animal n unknown"
"include_putative_doublets","Oligodendrocyte","C1qc","new_2026",2,2,2.52499315319339,1.43072158288771,3.25196029168104,TRUE,1.8408636025861,29.9838695078024,4.79628584031426,FALSE,"descriptive; no KO contrast; animal n unknown"
"include_putative_doublets","Oligodendrocyte","C3","old_2023",1,2,0,0,0,FALSE,0,0,0,FALSE,"descriptive; no KO contrast; animal n unknown"
"include_putative_doublets","Oligodendrocyte","C3","new_2026",2,2,1.43081686624665,0,2.1348735975038,FALSE,0.142582162971431,0.847996608013568,0,FALSE,"descriptive; no KO contrast; animal n unknown"
"include_putative_doublets","Oligodendrocyte","C4b","old_2023",1,2,-2.47631560103296,-2.54879238603086,-2.40000431069783,TRUE,-0.586664905288886,0,2.2823725430082,FALSE,"descriptive; no KO contrast; animal n unknown"
"include_putative_doublets","Oligodendrocyte","C4b","new_2026",2,2,-2.47631560103296,-2.54879238603086,-2.40000431069783,TRUE,-0.586664905288886,0,2.2823725430082,FALSE,"descriptive; no KO contrast; animal n unknown"
"include_putative_doublets","Oligodendrocyte","Itgam","old_2023",1,2,1.72367210221176,1.52867009406505,1.94921309883126,TRUE,1.42928949772953,9.69095543129597,2.58558771541029,FALSE,"descriptive; no KO contrast; animal n unknown"
"include_putative_doublets","Oligodendrocyte","Itgam","new_2026",2,2,-0.0291628513609289,-0.712393374329366,0.560502370016738,FALSE,-0.0279290839215702,2.52384136549678,2.58558771541029,FALSE,"descriptive; no KO contrast; animal n unknown"
"include_putative_doublets","Oligodendrocyte","Trem2","old_2023",1,2,2.36902837292992,1.76800296014195,3.41831888474636,TRUE,0.312063109365363,4.84547771564799,0.534755926699936,FALSE,"descriptive; no KO contrast; animal n unknown"
"include_putative_doublets","Oligodendrocyte","Trem2","new_2026",2,2,2.95994478774491,2.18212555849679,4.16670999551069,TRUE,0.7607928196649,7.5513756379464,0.534755926699936,FALSE,"descriptive; no KO contrast; animal n unknown"
"include_putative_doublets","Oligodendrocyte","Tyrobp","old_2023",1,2,-2.43866445734624,-2.89084960271509,-1.77640781891512,TRUE,-0.167323806694674,0,2.21069812490397,FALSE,"descriptive; no KO contrast; animal n unknown"
"include_putative_doublets","Oligodendrocyte","Tyrobp","new_2026",2,2,3.43825204167095,2.89762164277514,4.18384353439223,TRUE,2.39651924606244,28.8831364934054,2.21069812490397,FALSE,"descriptive; no KO contrast; animal n unknown"
"include_putative_doublets","Oligodendrocyte","Cd68","old_2023",1,2,-2.59163791483031,-2.89084960271509,-2.21368386679666,TRUE,-0.236247311537467,0,2.51391329730605,FALSE,"descriptive; no KO contrast; animal n unknown"
"include_putative_doublets","Oligodendrocyte","Cd68","new_2026",2,2,1.26106561027992,0.559923231749705,1.95302612871403,TRUE,0.172928434073906,6.72352748847676,2.51391329730605,FALSE,"descriptive; no KO contrast; animal n unknown"
"include_putative_doublets","Oligodendrocyte","Cx3cr1","old_2023",1,2,-2.7198069601976,-2.86717310107606,-2.55565726956346,TRUE,-2.58032032152669,4.84547771564799,34.7151871537039,TRUE,"descriptive; no KO contrast; animal n unknown"
"include_putative_doublets","Oligodendrocyte","Cx3cr1","new_2026",2,2,-0.829052575608273,-1.34051487943803,-0.374425963517482,TRUE,-1.510815650241,19.3225858574167,34.7151871537039,TRUE,"descriptive; no KO contrast; animal n unknown"
"include_putative_doublets","Oligodendrocyte","P2ry12","old_2023",1,2,0.438165650903915,0.347358191120357,0.535075020264258,TRUE,3.80399746951116,87.2185988816638,64.2426813766021,TRUE,"descriptive; no KO contrast; animal n unknown"
"include_putative_doublets","Oligodendrocyte","P2ry12","new_2026",2,2,-1.50947199439713,-1.8190566446568,-1.22263492788752,TRUE,-3.90397693137233,22.2402028391044,64.2426813766021,TRUE,"descriptive; no KO contrast; animal n unknown"
"include_putative_doublets","Oligodendrocyte","Csf1r","old_2023",1,2,0.491768341162556,0.0898305618351865,1.0508829286393,TRUE,1.4245882468519,19.3819108625919,13.6390783399301,TRUE,"descriptive; no KO contrast; animal n unknown"
"include_putative_doublets","Oligodendrocyte","Csf1r","new_2026",2,2,-0.427270564441889,-1.35882840724408,0.518393281499555,FALSE,-1.13223055509801,10.0147716278114,13.6390783399301,TRUE,"descriptive; no KO contrast; animal n unknown"
"include_putative_doublets","Oligodendrocyte","Mertk","old_2023",1,2,-2.18059503119775,-2.26268285998917,-2.09355319670907,TRUE,-3.92096376137191,14.536433146944,67.6662401911144,FALSE,"descriptive; no KO contrast; animal n unknown"
"include_putative_doublets","Oligodendrocyte","Mertk","new_2026",2,2,-2.16796198518521,-2.30780590462796,-2.02538750993303,TRUE,-3.24504663611302,14.668678742614,67.6662401911144,FALSE,"descriptive; no KO contrast; animal n unknown"
"include_putative_doublets","Oligodendrocyte","Megf10","old_2023",1,2,-2.18060431285319,-2.31376059312515,-2.03389678891624,TRUE,-2.43141253109792,4.84547771564799,23.7333709472883,FALSE,"descriptive; no KO contrast; animal n unknown"
"include_putative_doublets","Oligodendrocyte","Megf10","new_2026",2,2,-1.66203089151176,-2.51819076296352,-1.03592186868254,TRUE,-2.01238921471287,7.15760002175551,23.7333709472883,FALSE,"descriptive; no KO contrast; animal n unknown"
"include_putative_doublets","Oligodendrocyte","Axl","old_2023",1,2,-1.95932611058017,-2.21368386679666,-1.65031592460441,TRUE,-0.293784002366309,0,1.44440144390618,FALSE,"descriptive; no KO contrast; animal n unknown"
"include_putative_doublets","Oligodendrocyte","Axl","new_2026",2,2,0.98616530151299,0.716634355848324,1.31019075611016,TRUE,0.125031620959804,3.35168951496641,1.44440144390618,FALSE,"descriptive; no KO contrast; animal n unknown"
"include_putative_doublets","Oligodendrocyte","Gas6","old_2023",1,2,0.797775280426672,0.758564797690708,0.838081294961085,TRUE,0.219152947640489,29.0728662938879,16.5113637277573,FALSE,"descriptive; no KO contrast; animal n unknown"
"include_putative_doublets","Oligodendrocyte","Gas6","new_2026",2,2,0.933145645091156,0.220620227874645,1.43071582283503,TRUE,2.32823773458943,31.9820896019884,16.5113637277573,FALSE,"descriptive; no KO contrast; animal n unknown"
"include_putative_doublets","Oligodendrocyte","Sema3e","old_2023",1,2,0.610738727392542,0.313896703467247,0.984911762889324,TRUE,0.209350718110091,53.3002548721278,34.7317046536891,FALSE,"descriptive; no KO contrast; animal n unknown"
"include_putative_doublets","Oligodendrocyte","Sema3e","new_2026",2,2,-0.321086540001847,-0.870062564761342,0.267642178991776,FALSE,-0.885795776601714,27.7018096448327,34.7317046536891,FALSE,"descriptive; no KO contrast; animal n unknown"
"include_putative_doublets","Oligodendrocyte","Plxnd1","old_2023",1,2,0.730402616304633,0.522459504443233,0.973448071510304,TRUE,0.779839478189116,19.3819108625919,11.4835371331452,FALSE,"descriptive; no KO contrast; animal n unknown"
"include_putative_doublets","Oligodendrocyte","Plxnd1","new_2026",2,2,0.462390581644668,-0.656953608942426,1.25961374555017,FALSE,1.04810032248361,16.0111932595381,11.4835371331452,FALSE,"descriptive; no KO contrast; animal n unknown"
"include_putative_doublets","Oligodendrocyte","Nrp1","old_2023",1,2,0.829832653491322,0.590735802365272,1.1165830409563,TRUE,0.437994105659395,67.8366880190718,37.9458446320523,FALSE,"descriptive; no KO contrast; animal n unknown"
"include_putative_doublets","Oligodendrocyte","Nrp1","new_2026",2,2,0.200327538675865,-0.363498400753935,0.751976644290091,FALSE,1.57240388807735,43.672705987283,37.9458446320523,FALSE,"descriptive; no KO contrast; animal n unknown"
"include_putative_doublets","Oligodendrocyte","Nrp2","old_2023",1,2,0.718125054108934,0.567469330895445,0.886367610382175,TRUE,0.976485968758543,77.5276434503678,46.9319859678766,FALSE,"descriptive; no KO contrast; animal n unknown"
"include_putative_doublets","Oligodendrocyte","Nrp2","new_2026",2,2,-0.339374636667052,-0.964030044520793,0.185050257575538,FALSE,0.639971836213549,36.9894754158941,46.9319859678766,FALSE,"descriptive; no KO contrast; animal n unknown"
"include_putative_doublets","Oligodendrocyte","Kirrel3","old_2023",1,2,-0.124784181477503,-0.190723964058638,-0.0556856049450474,TRUE,-2.61944126726215,1414.87949296921,1542.75140331916,FALSE,"descriptive; no KO contrast; animal n unknown"
"include_putative_doublets","Oligodendrocyte","Kirrel3","new_2026",2,2,-1.6192277816887,-1.90068481484877,-1.36266209218461,TRUE,-23.6758402245878,501.843223912148,1542.75140331916,FALSE,"descriptive; no KO contrast; animal n unknown"
"include_putative_doublets","Oligodendrocyte","Sdk2","old_2023",1,2,-0.255489886768235,-0.646193778595551,0.282003119450639,FALSE,-0.642386618852476,33.9183440095359,40.5865892655816,FALSE,"descriptive; no KO contrast; animal n unknown"
"include_putative_doublets","Oligodendrocyte","Sdk2","new_2026",2,2,0.305149201373639,-1.73078714909321,1.59136543825732,FALSE,1.97419727988046,50.26438782064,40.5865892655816,FALSE,"descriptive; no KO contrast; animal n unknown"
"include_putative_doublets","Oligodendrocyte","Sema5b","old_2023",1,2,1.43313390264828,1.35991546285568,1.51026786539985,TRUE,10.6096972479526,150.209809185088,55.3116969588968,FALSE,"descriptive; no KO contrast; animal n unknown"
"include_putative_doublets","Oligodendrocyte","Sema5b","new_2026",2,2,0.438584315648309,0.0921142123208885,0.745364691809407,TRUE,1.48084628145531,75.140129221817,55.3116969588968,FALSE,"descriptive; no KO contrast; animal n unknown"
"include_putative_doublets","Oligodendrocyte","Cdh8","old_2023",1,2,1.27733961280037,0.846081302950132,1.89530133710263,TRUE,8.61963406112485,363.410828673599,149.633441739588,FALSE,"descriptive; no KO contrast; animal n unknown"
"include_putative_doublets","Oligodendrocyte","Cdh8","new_2026",2,2,0.129883415752784,-1.08087460036237,1.25112387123763,FALSE,7.3674667617669,163.776803892363,149.633441739588,FALSE,"descriptive; no KO contrast; animal n unknown"
"include_putative_doublets","Oligodendrocyte","Cdh9","old_2023",1,2,0.864829316923207,0.541147555294125,1.28279433947864,TRUE,5.0372892910547,130.827898322496,71.613641850505,FALSE,"descriptive; no KO contrast; animal n unknown"
"include_putative_doublets","Oligodendrocyte","Cdh9","new_2026",2,2,0.0961477439327988,-0.895517361722555,0.968935249674817,FALSE,3.22638166955866,76.5833860314607,71.613641850505,FALSE,"descriptive; no KO contrast; animal n unknown"
"include_putative_doublets","Oligodendrocyte","Cdh13","old_2023",1,2,1.22899213632853,1.10421226369365,1.36559496448355,TRUE,35.0551302730704,1274.36063921542,543.375148899462,FALSE,"descriptive; no KO contrast; animal n unknown"
"include_putative_doublets","Oligodendrocyte","Cdh13","new_2026",2,2,0.517914503785415,0.194309669241601,0.829230674721837,TRUE,14.4025064424497,778.266060158845,543.375148899462,FALSE,"descriptive; no KO contrast; animal n unknown"
"include_putative_doublets","Oligodendrocyte","Cdh18","old_2023",1,2,-0.217468049236014,-0.307651747073491,-0.121268791306246,TRUE,-2.34699521574174,271.346752076287,315.573841279936,FALSE,"descriptive; no KO contrast; animal n unknown"
"include_putative_doublets","Oligodendrocyte","Cdh18","new_2026",2,2,-0.703846337894087,-1.45153456026954,-0.157662088239988,TRUE,1.17728456728854,193.54823391087,315.573841279936,FALSE,"descriptive; no KO contrast; animal n unknown"
"include_putative_doublets","Oligodendrocyte","C1ql3","old_2023",1,2,-0.980806081517105,-1.48785746518832,-0.19208582909819,TRUE,-4.0693784164111,53.3002548721278,105.678450577613,FALSE,"descriptive; no KO contrast; animal n unknown"
"include_putative_doublets","Oligodendrocyte","C1ql3","new_2026",2,2,0.86051163774156,-0.304372732421864,2.09936929597916,FALSE,11.9636359382239,192.286313228122,105.678450577613,FALSE,"descriptive; no KO contrast; animal n unknown"
"include_putative_doublets","Oligodendrocyte","Slit1","old_2023",1,2,-0.272270087001082,-0.36357377755314,-0.174795322755811,TRUE,0.861839026115736,82.3731211660158,99.5864207932589,FALSE,"descriptive; no KO contrast; animal n unknown"
"include_putative_doublets","Oligodendrocyte","Slit1","new_2026",2,2,-1.78164703481004,-2.51046343847368,-1.24356046333881,TRUE,-3.63082261488938,28.6102516284781,99.5864207932589,FALSE,"descriptive; no KO contrast; animal n unknown"
"include_putative_doublets","Oligodendrocyte","Slit2","old_2023",1,2,1.61154552059912,1.57907168378824,1.64476718099561,TRUE,5.34370020528393,348.874395526655,113.831929477993,FALSE,"descriptive; no KO contrast; animal n unknown"
"include_putative_doublets","Oligodendrocyte","Slit2","new_2026",2,2,-0.0581830540148061,-0.609118096636642,0.355639453868487,FALSE,3.07458244017334,109.312729948743,113.831929477993,FALSE,"descriptive; no KO contrast; animal n unknown"
"include_putative_doublets","Oligodendrocyte","Slit3","old_2023",1,2,0.299794802414621,0.0283457207279145,0.634437657009117,TRUE,2.89990700869797,644.448536181182,523.435509202545,FALSE,"descriptive; no KO contrast; animal n unknown"
"include_putative_doublets","Oligodendrocyte","Slit3","new_2026",2,2,-1.91045138480055,-2.86846257516576,-1.11253418370377,TRUE,-8.58529939077208,138.871720477954,523.435509202545,FALSE,"descriptive; no KO contrast; animal n unknown"
"include_putative_doublets","Oligodendrocyte","Robo1","old_2023",1,2,0.589317377459648,0.320411199867708,0.920098183591342,TRUE,10.8782382049379,998.168409423485,663.272269089013,FALSE,"descriptive; no KO contrast; animal n unknown"
"include_putative_doublets","Oligodendrocyte","Robo1","new_2026",2,2,-0.571459897711849,-1.24145322848065,0.0728135835283936,FALSE,6.54758024716368,446.175913312243,663.272269089013,FALSE,"descriptive; no KO contrast; animal n unknown"
"include_putative_doublets","Oligodendrocyte","Robo2","old_2023",1,2,1.3396795600577,1.1058565764274,1.61887044638787,TRUE,13.1948795246378,717.130701915902,283.041921669329,FALSE,"descriptive; no KO contrast; animal n unknown"
"include_putative_doublets","Oligodendrocyte","Robo2","new_2026",2,2,0.160088664477391,-0.942280890243275,0.977620693812049,FALSE,10.8263664364195,316.317212391254,283.041921669329,FALSE,"descriptive; no KO contrast; animal n unknown"
"include_putative_doublets","Oligodendrocyte","Ntng1","old_2023",1,2,0.224081502127882,-0.195479371374621,0.818133522204673,FALSE,0.372435644450576,222.891974919807,190.754786931869,FALSE,"descriptive; no KO contrast; animal n unknown"
"include_putative_doublets","Oligodendrocyte","Ntng1","new_2026",2,2,-0.499409459377533,-1.80217532819422,0.638473306345206,FALSE,3.46999746643585,134.792925106238,190.754786931869,FALSE,"descriptive; no KO contrast; animal n unknown"
"include_putative_doublets","Oligodendrocyte","Ntng2","old_2023",1,2,-1.45915852816494,-1.81627500417237,-0.983496535370604,TRUE,-3.62159839113319,19.3819108625919,54.1649062692291,FALSE,"descriptive; no KO contrast; animal n unknown"
"include_putative_doublets","Oligodendrocyte","Ntng2","new_2026",2,2,-1.76379898639204,-3.13858973126705,-0.697330861330734,TRUE,-3.6241788399587,15.5972691848033,54.1649062692291,FALSE,"descriptive; no KO contrast; animal n unknown"
"include_putative_doublets","Oligodendrocyte","Lrrc4c","old_2023",1,2,0.68790492755563,0.614287968659315,0.765481311886655,TRUE,16.983963683285,2543.87580071519,1578.93311383492,FALSE,"descriptive; no KO contrast; animal n unknown"
"include_putative_doublets","Oligodendrocyte","Lrrc4c","new_2026",2,2,-0.173411093568607,-0.488961379540044,0.111294291530561,FALSE,5.71275623304737,1400.05219430772,1578.93311383492,FALSE,"descriptive; no KO contrast; animal n unknown"
"include_putative_doublets","Oligodendrocyte","Lrrc4","old_2023",1,2,0.0770389807593674,-0.0235654267029268,0.185188323771529,FALSE,-0.942815537004961,368.256306389247,349.08147640769,FALSE,"descriptive; no KO contrast; animal n unknown"
"include_putative_doublets","Oligodendrocyte","Lrrc4","new_2026",2,2,-1.31886361429176,-1.54091616252059,-1.09870072846997,TRUE,-15.91653697739,139.629929697105,349.08147640769,FALSE,"descriptive; no KO contrast; animal n unknown"
"include_putative_doublets","Oligodendrocyte","Adgrb3","old_2023",1,2,0.895402327376459,0.843476630208894,0.949266945089533,TRUE,35.1810248845737,2689.24013218463,1445.49690756886,FALSE,"descriptive; no KO contrast; animal n unknown"
"include_putative_doublets","Oligodendrocyte","Adgrb3","new_2026",2,2,-0.143950775161534,-0.585599856797474,0.216437485235694,FALSE,20.1158911817927,1308.18119817514,1445.49690756886,FALSE,"descriptive; no KO contrast; animal n unknown"
"include_putative_doublets","Oligodendrocyte","Igsf21","old_2023",1,2,-0.413584699559415,-0.465677705376168,-0.359540022058129,TRUE,-1.31919270572107,53.3002548721278,71.1614734237309,FALSE,"descriptive; no KO contrast; animal n unknown"
"include_putative_doublets","Oligodendrocyte","Igsf21","new_2026",2,2,-0.64559013737304,-0.88477832427432,-0.425951853819584,TRUE,-1.62419856737185,45.3082538276784,71.1614734237309,FALSE,"descriptive; no KO contrast; animal n unknown"
"include_putative_doublets","Oligodendrocyte","Nrxn2","old_2023",1,2,0.105346054257846,0.0139609032279058,0.202913672620862,TRUE,1.60883835583077,222.891974919807,207.161145487046,FALSE,"descriptive; no KO contrast; animal n unknown"
"include_putative_doublets","Oligodendrocyte","Nrxn2","new_2026",2,2,0.0425452683406192,-0.413828192988664,0.431156270337994,FALSE,2.82368296918383,213.376292581053,207.161145487046,FALSE,"descriptive; no KO contrast; animal n unknown"
"include_putative_doublets","Oligodendrocyte","Cntn4","old_2023",1,2,0.27829996904193,0.187492002979115,0.37520991503421,TRUE,4.5103810776938,620.221147602942,511.323124051941,FALSE,"descriptive; no KO contrast; animal n unknown"
"include_putative_doublets","Oligodendrocyte","Cntn4","new_2026",2,2,-1.26098286065658,-1.79602601500763,-0.82490569867711,TRUE,-1.47045129882335,213.063110799038,511.323124051941,FALSE,"descriptive; no KO contrast; animal n unknown"
"include_putative_doublets","Oligodendrocyte","Cntn6","old_2023",1,2,1.10503462414645,1.08949053620497,1.12074801517254,TRUE,3.66933054212616,188.973630910271,87.5846452333989,FALSE,"descriptive; no KO contrast; animal n unknown"
"include_putative_doublets","Oligodendrocyte","Cntn6","new_2026",2,2,0.506441286576206,0.26904149292182,0.714397087752616,TRUE,4.03866817019464,124.627920713931,87.5846452333989,FALSE,"descriptive; no KO contrast; animal n unknown"
"include_putative_doublets","Oligodendrocyte","Ptprg","old_2023",1,2,1.38058781368499,1.22889969715037,1.55011919066886,TRUE,26.6454210327979,906.104332826173,347.692527636408,FALSE,"descriptive; no KO contrast; animal n unknown"
"include_putative_doublets","Oligodendrocyte","Ptprg","new_2026",2,2,0.248818731347756,-0.402000797794717,0.788477967423724,FALSE,10.0432126335243,413.234129905665,347.692527636408,FALSE,"descriptive; no KO contrast; animal n unknown"
"include_putative_doublets","Oligodendrocyte","Plxna1","old_2023",1,2,0.722741203299736,0.293958623258002,1.33559307902038,TRUE,0.01786050828401,14.536433146944,8.61125174531804,FALSE,"descriptive; no KO contrast; animal n unknown"
"include_putative_doublets","Oligodendrocyte","Plxna1","new_2026",2,2,2.00854964611566,1.04665338284787,3.00979867528054,TRUE,3.01968052269514,36.1616272664245,8.61125174531804,FALSE,"descriptive; no KO contrast; animal n unknown"
"include_putative_doublets","Oligodendrocyte","Plxna3","old_2023",1,2,1.59503992592952,1.56046904696526,1.6304595977328,TRUE,0.0509241782707117,24.2273885782399,7.68508872812663,FALSE,"descriptive; no KO contrast; animal n unknown"
"include_putative_doublets","Oligodendrocyte","Plxna3","new_2026",2,2,0.529792546605242,0.425825539399795,0.631422911771688,TRUE,0.110823177456371,11.3169892276476,7.68508872812663,FALSE,"descriptive; no KO contrast; animal n unknown"
"include_putative_doublets","ITC-like GABA (provisional)","Mef2c","old_2023",1,2,0.00716155393211524,-0.171007841667045,0.210476269332935,FALSE,1.54479044246441,409.783283183665,407.751679111288,FALSE,"descriptive; no KO contrast; animal n unknown"
"include_putative_doublets","ITC-like GABA (provisional)","Mef2c","new_2026",2,2,0.514572097055578,0.322353734579858,0.731800288815037,TRUE,11.324272245351,582.716249557767,407.751679111288,FALSE,"descriptive; no KO contrast; animal n unknown"
"include_putative_doublets","ITC-like GABA (provisional)","Mef2a","old_2023",1,2,0.0257289435224359,-0.0405136550692227,0.0951601222184566,FALSE,0.725592119296696,219.108612641062,215.226841325907,FALSE,"descriptive; no KO contrast; animal n unknown"
"include_putative_doublets","ITC-like GABA (provisional)","Mef2a","new_2026",2,2,0.16330541490284,-0.0787544529536017,0.389436235420418,FALSE,3.05717261412473,241.081688798638,215.226841325907,FALSE,"descriptive; no KO contrast; animal n unknown"
"include_putative_doublets","ITC-like GABA (provisional)","Mef2d","old_2023",1,2,-0.361614358933467,-0.491347341585861,-0.219052105035275,TRUE,-2.26990818408994,80.2840718074119,103.296451928633,FALSE,"descriptive; no KO contrast; animal n unknown"
"include_putative_doublets","ITC-like GABA (provisional)","Mef2d","new_2026",2,2,-0.445406710010288,-0.671983023401875,-0.21209498034138,TRUE,-3.09795451810994,75.7257538859051,103.296451928633,FALSE,"descriptive; no KO contrast; animal n unknown"
"include_putative_doublets","ITC-like GABA (provisional)","Arc","old_2023",1,2,-3.99740834902406,-4.46172082742072,-3.30854007135754,TRUE,-0.834077655919048,0,7.48564173588647,FALSE,"descriptive; no KO contrast; animal n unknown"
"include_putative_doublets","ITC-like GABA (provisional)","Arc","new_2026",2,2,0.151573395077801,-1.34899141507364,1.43728863691629,FALSE,-0.250721276565644,8.37029290321221,7.48564173588647,FALSE,"descriptive; no KO contrast; animal n unknown"
"include_putative_doublets","ITC-like GABA (provisional)","Homer1","old_2023",1,2,-0.312260243213158,-0.357807436982601,-0.265228073746932,TRUE,-1.93205755777216,97.0099201006227,120.573333576916,FALSE,"descriptive; no KO contrast; animal n unknown"
"include_putative_doublets","ITC-like GABA (provisional)","Homer1","new_2026",2,2,0.298043702251206,0.109618812109901,0.475069988929889,TRUE,2.98563010384383,148.356771202283,120.573333576916,FALSE,"descriptive; no KO contrast; animal n unknown"
"include_putative_doublets","ITC-like GABA (provisional)","Nr4a1","old_2023",1,2,0.764802020624619,0.727214245166749,0.803395359966491,TRUE,2.03394466233112,40.1420359037059,23.4192251171256,FALSE,"descriptive; no KO contrast; animal n unknown"
"include_putative_doublets","ITC-like GABA (provisional)","Nr4a1","new_2026",2,2,-0.18701696835696,-0.323805720607302,-0.0556071479961515,TRUE,-0.398823659258677,20.5111289942432,23.4192251171256,FALSE,"descriptive; no KO contrast; animal n unknown"
"include_putative_doublets","ITC-like GABA (provisional)","Bdnf","old_2023",1,2,-0.31645424607055,-0.526458376555971,-0.0705866547378131,TRUE,-0.103863971444793,1.67258482932108,2.20544657935484,FALSE,"descriptive; no KO contrast; animal n unknown"
"include_putative_doublets","ITC-like GABA (provisional)","Bdnf","new_2026",2,2,2.14191040854275,1.30509742040156,2.82329213904101,TRUE,1.12864883761577,11.4403826285916,2.20544657935484,FALSE,"descriptive; no KO contrast; animal n unknown"
"include_putative_doublets","ITC-like GABA (provisional)","Pcdh10","old_2023",1,2,0.63652045204547,0.559592925843011,0.717782104652795,TRUE,2.07704258513026,117.080938052476,75.1354110937975,FALSE,"descriptive; no KO contrast; animal n unknown"
"include_putative_doublets","ITC-like GABA (provisional)","Pcdh10","new_2026",2,2,1.69690316680862,1.32532754706158,2.02272169915698,TRUE,13.9528664202975,244.713245062848,75.1354110937975,FALSE,"descriptive; no KO contrast; animal n unknown"
"include_putative_doublets","ITC-like GABA (provisional)","Npas4","old_2023",1,2,0.755668885913548,0.667050377135957,0.850089166935604,TRUE,0.882691855513658,10.0355089759265,5.73988405473145,FALSE,"descriptive; no KO contrast; animal n unknown"
"include_putative_doublets","ITC-like GABA (provisional)","Npas4","new_2026",2,2,1.91457092048205,0.233787682846096,2.74739293672847,TRUE,1.49216719967504,23.0244671948706,5.73988405473145,FALSE,"descriptive; no KO contrast; animal n unknown"
"include_putative_doublets","ITC-like GABA (provisional)","Fos","old_2023",1,2,0.757578743422815,0.277522972217172,1.48208909359991,TRUE,0.178469124659043,3.34516965864216,1.77437242319941,FALSE,"descriptive; no KO contrast; animal n unknown"
"include_putative_doublets","ITC-like GABA (provisional)","Fos","new_2026",2,2,3.10476237859635,1.36130685247621,4.49233387061529,TRUE,1.54237525607637,19.065375451708,1.77437242319941,FALSE,"descriptive; no KO contrast; animal n unknown"
"include_putative_doublets","ITC-like GABA (provisional)","Egr1","old_2023",1,2,-0.00567658112177527,-0.0860486377437888,0.0794385073910302,FALSE,0.151639231761599,8.36292414660541,8.39786584677501,FALSE,"descriptive; no KO contrast; animal n unknown"
"include_putative_doublets","ITC-like GABA (provisional)","Egr1","new_2026",2,2,2.86910378280846,2.62971193361694,3.09743805540127,TRUE,5.10996958024096,64.5088005152789,8.39786584677501,FALSE,"descriptive; no KO contrast; animal n unknown"
"include_putative_doublets","ITC-like GABA (provisional)","Ncam1","old_2023",1,2,0.292857720881749,0.244207336048342,0.343206114574455,TRUE,9.31233239922618,791.132624268871,645.696684374233,FALSE,"descriptive; no KO contrast; animal n unknown"
"include_putative_doublets","ITC-like GABA (provisional)","Ncam1","new_2026",2,2,0.434429544782416,0.135353435256064,0.698096211281365,TRUE,11.3765618705647,872.754936364403,645.696684374233,FALSE,"descriptive; no KO contrast; animal n unknown"
"include_putative_doublets","ITC-like GABA (provisional)","Sema6d","old_2023",1,2,0.426723052138777,0.403741318494554,0.450076812735112,TRUE,13.5892268570975,1130.66734462105,841.031584372879,FALSE,"descriptive; no KO contrast; animal n unknown"
"include_putative_doublets","ITC-like GABA (provisional)","Sema6d","new_2026",2,2,0.192343343939606,-0.139081748544468,0.469671150807248,FALSE,7.78606864367904,961.049256857517,841.031584372879,FALSE,"descriptive; no KO contrast; animal n unknown"
"include_putative_doublets","ITC-like GABA (provisional)","Cadm2","old_2023",1,2,0.688748298355881,0.638091715563256,0.741248488670818,TRUE,9.38255421572158,3734.88192387397,2316.9006026245,FALSE,"descriptive; no KO contrast; animal n unknown"
"include_putative_doublets","ITC-like GABA (provisional)","Cadm2","new_2026",2,2,0.528673160813708,0.293952135645601,0.74438906202017,TRUE,8.02154984012392,3342.58635428849,2316.9006026245,FALSE,"descriptive; no KO contrast; animal n unknown"
"include_putative_doublets","ITC-like GABA (provisional)","Pcdh7","old_2023",1,2,0.820547730570982,0.706768000185459,0.944075063224338,TRUE,19.9317593235154,1180.84488950068,668.409289234802,FALSE,"descriptive; no KO contrast; animal n unknown"
"include_putative_doublets","ITC-like GABA (provisional)","Pcdh7","new_2026",2,2,0.258841546997963,-0.273646514246165,0.706494998558169,FALSE,13.6496349590647,799.861697903676,668.409289234802,FALSE,"descriptive; no KO contrast; animal n unknown"
"include_putative_doublets","ITC-like GABA (provisional)","Grip1","old_2023",1,2,0.389930162232836,0.239790452870116,0.557529312966954,TRUE,12.7431481269916,1420.0245200936,1083.59679269985,FALSE,"descriptive; no KO contrast; animal n unknown"
"include_putative_doublets","ITC-like GABA (provisional)","Grip1","new_2026",2,2,-0.0913383407398926,-0.619218962567436,0.375339188446631,FALSE,0.589569062306069,1017.08917709299,1083.59679269985,FALSE,"descriptive; no KO contrast; animal n unknown"
"include_putative_doublets","ITC-like GABA (provisional)","C1qa","old_2023",1,2,-3.00980713799163,-3.28755456854989,-2.66552428274022,TRUE,-0.262966493066343,0,3.52728378986552,TRUE,"descriptive; no KO contrast; animal n unknown"
"include_putative_doublets","ITC-like GABA (provisional)","C1qa","new_2026",2,2,2.25530011156319,0.966603541188797,3.18817679233763,TRUE,1.2243052738613,18.7276061142818,3.52728378986552,TRUE,"descriptive; no KO contrast; animal n unknown"
"include_putative_doublets","ITC-like GABA (provisional)","C1qb","old_2023",1,2,-0.480108229545569,-0.604051686182109,-0.344507313592493,TRUE,-0.215874300308827,3.34516965864216,4.8634283713984,TRUE,"descriptive; no KO contrast; animal n unknown"
"include_putative_doublets","ITC-like GABA (provisional)","C1qb","new_2026",2,2,2.26889541438936,0.416826472645742,3.16846541893306,TRUE,1.37566067052329,25.3492568401542,4.8634283713984,TRUE,"descriptive; no KO contrast; animal n unknown"
"include_putative_doublets","ITC-like GABA (provisional)","C1qc","old_2023",1,2,-0.533039301967852,-0.882686071399047,-0.0705866547378131,TRUE,-0.113867922601156,1.67258482932108,2.64367442102136,FALSE,"descriptive; no KO contrast; animal n unknown"
"include_putative_doublets","ITC-like GABA (provisional)","C1qc","new_2026",2,2,3.35821670688459,1.49357008511287,4.54322587014009,TRUE,2.36343232142013,31.7375123930264,2.64367442102136,FALSE,"descriptive; no KO contrast; animal n unknown"
"include_putative_doublets","ITC-like GABA (provisional)","C3","old_2023",1,2,0,0,0,FALSE,0,0,0,FALSE,"descriptive; no KO contrast; animal n unknown"
"include_putative_doublets","ITC-like GABA (provisional)","C3","new_2026",2,2,0.898676730394695,0.761685686885985,1.02378040650448,TRUE,0.0332663346832568,0.432177586817571,0,FALSE,"descriptive; no KO contrast; animal n unknown"
"include_putative_doublets","ITC-like GABA (provisional)","C4b","old_2023",1,2,-1.46095816135748,-2.17179055663302,0,FALSE,-0.0618313254511281,0,0.876455683333056,FALSE,"descriptive; no KO contrast; animal n unknown"
"include_putative_doublets","ITC-like GABA (provisional)","C4b","new_2026",2,2,-0.430123665945669,-2.17179055663302,1.62593043090793,FALSE,-0.0114013282149166,0.521602878691514,0.876455683333056,FALSE,"descriptive; no KO contrast; animal n unknown"
"include_putative_doublets","ITC-like GABA (provisional)","Itgam","old_2023",1,2,-3.16344044447207,-3.30854007135754,-3.002098580062,TRUE,-0.362758956944501,0,3.97981900255424,FALSE,"descriptive; no KO contrast; animal n unknown"
"include_putative_doublets","ITC-like GABA (provisional)","Itgam","new_2026",2,2,-0.53208072480135,-0.948749230603939,-0.142281149935454,TRUE,-0.0649840206469131,2.59804847842281,3.97981900255424,FALSE,"descriptive; no KO contrast; animal n unknown"
"include_putative_doublets","ITC-like GABA (provisional)","Trem2","old_2023",1,2,-2.18546851153458,-2.66552428274022,-1.46095816135748,TRUE,-0.14098585372055,0,1.77437242319941,FALSE,"descriptive; no KO contrast; animal n unknown"
"include_putative_doublets","ITC-like GABA (provisional)","Trem2","new_2026",2,2,1.56178738023348,0.194293147386327,2.83169971410094,TRUE,0.429715245534263,6.21438792664173,1.77437242319941,FALSE,"descriptive; no KO contrast; animal n unknown"
"include_putative_doublets","ITC-like GABA (provisional)","Tyrobp","old_2023",1,2,0.650975820875008,0.643535861194604,0.658454347305476,TRUE,0.127674528632051,1.67258482932108,0.883609368844154,FALSE,"descriptive; no KO contrast; animal n unknown"
"include_putative_doublets","ITC-like GABA (provisional)","Tyrobp","new_2026",2,2,4.30002009386943,3.30169452003779,4.88941015152811,TRUE,2.47465175100363,26.7551467225503,0.883609368844154,FALSE,"descriptive; no KO contrast; animal n unknown"
"include_putative_doublets","ITC-like GABA (provisional)","Cd68","old_2023",1,2,-1.46843668778795,-1.47587664746835,-1.46095816135748,TRUE,-0.114286835750999,0,0.883609368844154,FALSE,"descriptive; no KO contrast; animal n unknown"
"include_putative_doublets","ITC-like GABA (provisional)","Cd68","new_2026",2,2,1.19719479848859,-0.218298111670306,1.90349641070437,FALSE,0.225757290330499,2.6725248977446,0.883609368844154,FALSE,"descriptive; no KO contrast; animal n unknown"
"include_putative_doublets","ITC-like GABA (provisional)","Cx3cr1","old_2023",1,2,-0.124704753922816,-0.180761718471689,-0.0663812922089591,TRUE,-0.302226368479634,25.0887724398162,27.3990441196799,TRUE,"descriptive; no KO contrast; animal n unknown"
"include_putative_doublets","ITC-like GABA (provisional)","Cx3cr1","new_2026",2,2,-0.195749380031338,-0.513307691405434,0.0838704626134765,FALSE,-0.375256428040801,23.8591925668403,27.3990441196799,TRUE,"descriptive; no KO contrast; animal n unknown"
"include_putative_doublets","ITC-like GABA (provisional)","P2ry12","old_2023",1,2,0.290951754505997,0.28570296924827,0.296219705542747,TRUE,1.13725688610975,91.9921656126595,75.099642666242,TRUE,"descriptive; no KO contrast; animal n unknown"
"include_putative_doublets","ITC-like GABA (provisional)","P2ry12","new_2026",2,2,-1.19731901551836,-1.92556457642345,-0.712652527290682,TRUE,-3.99333584767242,32.4678636005701,75.099642666242,TRUE,"descriptive; no KO contrast; animal n unknown"
"include_putative_doublets","ITC-like GABA (provisional)","Csf1r","old_2023",1,2,-1.2138875863654,-1.65149170525119,-0.582704454562309,TRUE,-0.220996217953221,3.34516965864216,8.41932690330831,TRUE,"descriptive; no KO contrast; animal n unknown"
"include_putative_doublets","ITC-like GABA (provisional)","Csf1r","new_2026",2,2,0.870902180924444,-0.0125534847285729,1.84219079382946,FALSE,0.755191275799938,15.8117201285022,8.41932690330831,TRUE,"descriptive; no KO contrast; animal n unknown"
"include_putative_doublets","ITC-like GABA (provisional)","Mertk","old_2023",1,2,-1.91968032826969,-2.09588764194849,-1.71891758448877,TRUE,-1.76293238141427,10.0355089759265,39.3599621838759,FALSE,"descriptive; no KO contrast; animal n unknown"
"include_putative_doublets","ITC-like GABA (provisional)","Mertk","new_2026",2,2,-0.976936648503517,-1.58952088382866,-0.441592038234179,TRUE,-0.718543719425676,19.7511479850342,39.3599621838759,FALSE,"descriptive; no KO contrast; animal n unknown"
"include_putative_doublets","ITC-like GABA (provisional)","Megf10","old_2023",1,2,-0.0741613508982468,-0.287669804955684,0.176526696970981,FALSE,0.0882661365463736,5.01775448796324,5.30880989857602,FALSE,"descriptive; no KO contrast; animal n unknown"
"include_putative_doublets","ITC-like GABA (provisional)","Megf10","new_2026",2,2,0.825785497216207,-0.123486267670155,1.56138480109546,FALSE,0.470128389417227,9.79611461567792,5.30880989857602,FALSE,"descriptive; no KO contrast; animal n unknown"
"include_putative_doublets","ITC-like GABA (provisional)","Axl","old_2023",1,2,-1.86539405349707,-2.17179055663302,-1.47587664746835,TRUE,-0.135818285103852,0,1.32183721051068,FALSE,"descriptive; no KO contrast; animal n unknown"
"include_putative_doublets","ITC-like GABA (provisional)","Axl","new_2026",2,2,0.990456690887354,0.188000284120583,1.74841775261666,TRUE,0.268753857856324,3.11965135711432,1.32183721051068,FALSE,"descriptive; no KO contrast; animal n unknown"
"include_putative_doublets","ITC-like GABA (provisional)","Gas6","old_2023",1,2,0.477674390339587,0.352273383977036,0.615022078655553,TRUE,0.21861838656684,21.7436027811741,15.4738944830393,FALSE,"descriptive; no KO contrast; animal n unknown"
"include_putative_doublets","ITC-like GABA (provisional)","Gas6","new_2026",2,2,1.39259311542269,1.25313264455519,1.54386457614465,TRUE,2.32351376507805,41.4394867027519,15.4738944830393,FALSE,"descriptive; no KO contrast; animal n unknown"
"include_putative_doublets","ITC-like GABA (provisional)","Sema3e","old_2023",1,2,-0.2991043773429,-0.310644471476861,-0.287471229347441,TRUE,-1.56642376853592,50.1775448796324,61.8526558190908,FALSE,"descriptive; no KO contrast; animal n unknown"
"include_putative_doublets","ITC-like GABA (provisional)","Sema3e","new_2026",2,2,-0.896088240787713,-1.34274876373247,-0.550610075022713,TRUE,-1.97512484112086,33.0046832952527,61.8526558190908,FALSE,"descriptive; no KO contrast; animal n unknown"
"include_putative_doublets","ITC-like GABA (provisional)","Plxnd1","old_2023",1,2,1.70430662581069,1.12521886015031,2.68682460466881,TRUE,0.692585080813054,8.36292414660541,2.21975395037703,FALSE,"descriptive; no KO contrast; animal n unknown"
"include_putative_doublets","ITC-like GABA (provisional)","Plxnd1","new_2026",2,2,2.48479332773127,1.54615389579546,3.75489382217498,TRUE,1.36219883492477,14.7239356969017,2.21975395037703,FALSE,"descriptive; no KO contrast; animal n unknown"
"include_putative_doublets","ITC-like GABA (provisional)","Nrp1","old_2023",1,2,0.202091089413791,0.0577943806912566,0.362440639750481,TRUE,1.0555459057377,93.6647504419805,81.3564451032621,FALSE,"descriptive; no KO contrast; animal n unknown"
"include_putative_doublets","ITC-like GABA (provisional)","Nrp1","new_2026",2,2,0.150869934042652,-0.195061173997916,0.48809766042358,FALSE,0.953276464474037,90.3801961210024,81.3564451032621,FALSE,"descriptive; no KO contrast; animal n unknown"
"include_putative_doublets","ITC-like GABA (provisional)","Nrp2","old_2023",1,2,0.375925783493042,0.327999216241163,0.425499349446107,TRUE,3.42476891705187,155.550389126861,119.754107377672,FALSE,"descriptive; no KO contrast; animal n unknown"
"include_putative_doublets","ITC-like GABA (provisional)","Nrp2","new_2026",2,2,0.0672339917564207,-0.0843497337893409,0.213513627917604,FALSE,0.215412432519315,125.490954817652,119.754107377672,FALSE,"descriptive; no KO contrast; animal n unknown"
"include_putative_doublets","ITC-like GABA (provisional)","Kirrel3","old_2023",1,2,0.366718188591235,0.354847224809625,0.378687641482511,TRUE,3.78332063913331,3393.67461869247,2631.83408194507,FALSE,"descriptive; no KO contrast; animal n unknown"
"include_putative_doublets","ITC-like GABA (provisional)","Kirrel3","new_2026",2,2,-0.495558082096599,-0.831483351681335,-0.219138488301795,TRUE,-16.6353802083635,1866.58100018857,2631.83408194507,FALSE,"descriptive; no KO contrast; animal n unknown"
"include_putative_doublets","ITC-like GABA (provisional)","Sdk2","old_2023",1,2,-0.293239697448195,-0.293515262052782,-0.292964080198832,TRUE,-1.44826865769321,260.923233374089,319.84513046505,FALSE,"descriptive; no KO contrast; animal n unknown"
"include_putative_doublets","ITC-like GABA (provisional)","Sdk2","new_2026",2,2,-0.726176748640074,-1.1118384313982,-0.422060865519944,TRUE,-9.49432597123016,193.149840322027,319.84513046505,FALSE,"descriptive; no KO contrast; animal n unknown"
"include_putative_doublets","ITC-like GABA (provisional)","Sema5b","old_2023",1,2,-0.0653528856439233,-0.180428214545127,0.0597031815727735,FALSE,-0.776962154890626,235.834460934272,246.786399611408,FALSE,"descriptive; no KO contrast; animal n unknown"
"include_putative_doublets","ITC-like GABA (provisional)","Sema5b","new_2026",2,2,-0.6400348496286,-1.20436433371891,-0.172903570939034,TRUE,-7.88471788241612,158.183051506504,246.786399611408,FALSE,"descriptive; no KO contrast; animal n unknown"
"include_putative_doublets","ITC-like GABA (provisional)","Cdh8","old_2023",1,2,0.448188747458863,0.329752933843983,0.577223992678855,TRUE,8.36048695936919,528.536806065462,387.264128861117,FALSE,"descriptive; no KO contrast; animal n unknown"
"include_putative_doublets","ITC-like GABA (provisional)","Cdh8","new_2026",2,2,0.293045517935961,-0.0391776447605228,0.608238186136447,FALSE,5.12233275668444,474.59791232093,387.264128861117,FALSE,"descriptive; no KO contrast; animal n unknown"
"include_putative_doublets","ITC-like GABA (provisional)","Cdh9","old_2023",1,2,0.798235709170884,0.719928085951323,0.881038952396741,TRUE,9.18529983477134,289.357175472547,166.182944512301,FALSE,"descriptive; no KO contrast; animal n unknown"
"include_putative_doublets","ITC-like GABA (provisional)","Cdh9","new_2026",2,2,0.255875811534668,-0.0635093448251265,0.545180848104266,FALSE,3.4282003717739,198.529502876699,166.182944512301,FALSE,"descriptive; no KO contrast; animal n unknown"
"include_putative_doublets","ITC-like GABA (provisional)","Cdh13","old_2023",1,2,0.0548636863514546,0.0513271279492802,0.0584089354237527,TRUE,3.45487256828785,1139.03026876766,1096.50915093702,FALSE,"descriptive; no KO contrast; animal n unknown"
"include_putative_doublets","ITC-like GABA (provisional)","Cdh13","new_2026",2,2,-0.516728330756863,-0.812585533524826,-0.27023001991385,TRUE,-11.3543874747507,766.260131480093,1096.50915093702,FALSE,"descriptive; no KO contrast; animal n unknown"
"include_putative_doublets","ITC-like GABA (provisional)","Cdh18","old_2023",1,2,-0.052072656168847,-0.170106020542379,0.0764849774558751,FALSE,3.57963315807917,993.515388616722,1030.04874639944,FALSE,"descriptive; no KO contrast; animal n unknown"
"include_putative_doublets","ITC-like GABA (provisional)","Cdh18","new_2026",2,2,-0.486763346500705,-0.902675758401308,-0.111429647553837,TRUE,-9.05455351588748,734.924630985341,1030.04874639944,FALSE,"descriptive; no KO contrast; animal n unknown"
"include_putative_doublets","ITC-like GABA (provisional)","C1ql3","old_2023",1,2,0.490941978235781,0.168435170312284,0.906944515409664,TRUE,0.904293083444904,25.0887724398162,17.7079558044386,FALSE,"descriptive; no KO contrast; animal n unknown"
"include_putative_doublets","ITC-like GABA (provisional)","C1ql3","new_2026",2,2,3.23828047541178,2.06930187889214,4.18421071588904,TRUE,14.190814088213,171.32278262414,17.7079558044386,FALSE,"descriptive; no KO contrast; animal n unknown"
"include_putative_doublets","ITC-like GABA (provisional)","Slit1","old_2023",1,2,-0.145882223782719,-0.336006919494762,0.0731565225851813,FALSE,-0.453857360539025,85.3018262953751,94.4317434981469,FALSE,"descriptive; no KO contrast; animal n unknown"
"include_putative_doublets","ITC-like GABA (provisional)","Slit1","new_2026",2,2,-0.990739598417085,-1.40857505737101,-0.575079844392693,TRUE,-3.87378416399367,47.2715266177499,94.4317434981469,FALSE,"descriptive; no KO contrast; animal n unknown"
"include_putative_doublets","ITC-like GABA (provisional)","Slit2","old_2023",1,2,0.173725407541017,0.141145285995012,0.207058312796857,TRUE,1.33732703363243,404.765528695702,358.788325863793,FALSE,"descriptive; no KO contrast; animal n unknown"
"include_putative_doublets","ITC-like GABA (provisional)","Slit2","new_2026",2,2,-0.438478530208231,-0.756837013936353,-0.166724280667811,TRUE,-7.32337427185301,264.623311801561,358.788325863793,FALSE,"descriptive; no KO contrast; animal n unknown"
"include_putative_doublets","ITC-like GABA (provisional)","Slit3","old_2023",1,2,0.586039412812336,0.548957578850832,0.624099568658862,TRUE,1.27463522688771,183.984331225319,122.397781798693,FALSE,"descriptive; no KO contrast; animal n unknown"
"include_putative_doublets","ITC-like GABA (provisional)","Slit3","new_2026",2,2,0.508025771807972,-0.137014932282584,0.9724855968739,FALSE,3.3733198184646,174.273281369102,122.397781798693,FALSE,"descriptive; no KO contrast; animal n unknown"
"include_putative_doublets","ITC-like GABA (provisional)","Robo1","old_2023",1,2,0.0457751204642177,-0.000301768269579838,0.0933723046726556,FALSE,0.202739961577663,2676.13572691373,2592.54220898177,FALSE,"descriptive; no KO contrast; animal n unknown"
"include_putative_doublets","ITC-like GABA (provisional)","Robo1","new_2026",2,2,-0.2999026624995,-0.507641316790819,-0.106947220369523,TRUE,-8.6389504022044,2105.84685687119,2592.54220898177,FALSE,"descriptive; no KO contrast; animal n unknown"
"include_putative_doublets","ITC-like GABA (provisional)","Robo2","old_2023",1,2,0.773222226116552,0.679066619026022,0.873954489626135,TRUE,12.958180434358,699.140458656212,408.866059441976,FALSE,"descriptive; no KO contrast; animal n unknown"
"include_putative_doublets","ITC-like GABA (provisional)","Robo2","new_2026",2,2,0.333845611983111,-0.154433571121135,0.743810526915231,FALSE,8.59947476640923,515.45208947102,408.866059441976,FALSE,"descriptive; no KO contrast; animal n unknown"
"include_putative_doublets","ITC-like GABA (provisional)","Ntng1","old_2023",1,2,-0.0127301460838653,-0.090955587264423,0.0699812110214673,FALSE,1.54505407957863,560.315917822562,565.286378783925,FALSE,"descriptive; no KO contrast; animal n unknown"
"include_putative_doublets","ITC-like GABA (provisional)","Ntng1","new_2026",2,2,-0.248463875439561,-0.39549734161308,-0.100077376156007,TRUE,-6.74374699575614,475.774586157527,565.286378783925,FALSE,"descriptive; no KO contrast; animal n unknown"
"include_putative_doublets","ITC-like GABA (provisional)","Ntng2","old_2023",1,2,-0.362696749695234,-0.997639561899855,0.798556982780646,FALSE,-0.0375479080830288,5.01775448796324,6.59487868153121,FALSE,"descriptive; no KO contrast; animal n unknown"
"include_putative_doublets","ITC-like GABA (provisional)","Ntng2","new_2026",2,2,0.434854822447373,-0.417449330528319,1.78496877511401,FALSE,0.476614437552806,9.09067819572113,6.59487868153121,FALSE,"descriptive; no KO contrast; animal n unknown"
"include_putative_doublets","ITC-like GABA (provisional)","Lrrc4c","old_2023",1,2,0.186173853641851,0.168129325898597,0.204446935217396,TRUE,6.54656847851901,2162.65218431216,1900.76721806295,FALSE,"descriptive; no KO contrast; animal n unknown"
"include_putative_doublets","ITC-like GABA (provisional)","Lrrc4c","new_2026",2,2,-0.203395699976075,-0.465422879490886,0.0235057061688444,FALSE,-1.05381338506865,1650.75807116445,1900.76721806295,FALSE,"descriptive; no KO contrast; animal n unknown"
"include_putative_doublets","ITC-like GABA (provisional)","Lrrc4","old_2023",1,2,0.199382702609953,0.180174571660475,0.218850026594706,TRUE,2.37848071889275,259.250648544768,225.72284846937,FALSE,"descriptive; no KO contrast; animal n unknown"
"include_putative_doublets","ITC-like GABA (provisional)","Lrrc4","new_2026",2,2,-1.66662477654934,-2.18048851300094,-1.27948566901624,TRUE,-13.4463367525869,70.7578012011034,225.72284846937,FALSE,"descriptive; no KO contrast; animal n unknown"
"include_putative_doublets","ITC-like GABA (provisional)","Adgrb3","old_2023",1,2,0.140375875745542,0.0631599504499043,0.22195941683395,TRUE,1.97644106005869,3291.64694410389,2986.40811179348,FALSE,"descriptive; no KO contrast; animal n unknown"
"include_putative_doublets","ITC-like GABA (provisional)","Adgrb3","new_2026",2,2,-0.240358376284031,-0.505038916065979,0.00710801669170458,FALSE,-4.55926001007197,2528.02226017862,2986.40811179348,FALSE,"descriptive; no KO contrast; animal n unknown"
"include_putative_doublets","ITC-like GABA (provisional)","Igsf21","old_2023",1,2,0.245963329004124,0.133820797227424,0.36756313072223,TRUE,2.09325587985543,70.2485628314854,59.1589055994917,FALSE,"descriptive; no KO contrast; animal n unknown"
"include_putative_doublets","ITC-like GABA (provisional)","Igsf21","new_2026",2,2,-0.259202694756091,-0.589152818963388,0.0515939760001984,FALSE,-0.70272751087058,49.3479722174812,59.1589055994917,FALSE,"descriptive; no KO contrast; animal n unknown"
"include_putative_doublets","ITC-like GABA (provisional)","Nrxn2","old_2023",1,2,0.13751208189519,0.0112576823953727,0.275884305774603,TRUE,2.42962773720332,282.666836155263,256.922869453827,FALSE,"descriptive; no KO contrast; animal n unknown"
"include_putative_doublets","ITC-like GABA (provisional)","Nrxn2","new_2026",2,2,0.174411514614176,-0.247973188949752,0.558359717634529,FALSE,3.04245139626956,290.002734330258,256.922869453827,FALSE,"descriptive; no KO contrast; animal n unknown"
"include_putative_doublets","ITC-like GABA (provisional)","Cntn4","old_2023",1,2,0.313272250249406,0.0886862572901466,0.579383270398552,TRUE,-0.525658624303988,242.524800251557,195.08982166578,FALSE,"descriptive; no KO contrast; animal n unknown"
"include_putative_doublets","ITC-like GABA (provisional)","Cntn4","new_2026",2,2,0.434909773664159,-0.293371842031311,1.07364112615529,FALSE,5.28570358185618,263.90346239593,195.08982166578,FALSE,"descriptive; no KO contrast; animal n unknown"
"include_putative_doublets","ITC-like GABA (provisional)","Cntn6","old_2023",1,2,0.761864960022928,0.617036428233552,0.922871644130558,TRUE,2.10676241915619,68.5759780021643,40.236417867209,FALSE,"descriptive; no KO contrast; animal n unknown"
"include_putative_doublets","ITC-like GABA (provisional)","Cntn6","new_2026",2,2,0.99044689516982,0.598141899575825,1.36262955977423,TRUE,4.30885705711717,80.4351286666809,40.236417867209,FALSE,"descriptive; no KO contrast; animal n unknown"
"include_putative_doublets","ITC-like GABA (provisional)","Ptprg","old_2023",1,2,0.233338613390061,0.186047816876352,0.282232266931109,TRUE,5.85614964815596,1028.63967003246,874.95211729349,FALSE,"descriptive; no KO contrast; animal n unknown"
"include_putative_doublets","ITC-like GABA (provisional)","Ptprg","new_2026",2,2,-0.387896199219345,-0.862656286728757,-0.00966647320889358,TRUE,-10.1343282217173,668.558367057657,874.95211729349,FALSE,"descriptive; no KO contrast; animal n unknown"
"include_putative_doublets","ITC-like GABA (provisional)","Plxna1","old_2023",1,2,-0.0108797019127545,-0.12846753329451,0.117149529577045,FALSE,0.238122414703814,18.3984331225319,18.541489374705,FALSE,"descriptive; no KO contrast; animal n unknown"
"include_putative_doublets","ITC-like GABA (provisional)","Plxna1","new_2026",2,2,1.06501317194321,0.405557414130976,1.58604007340411,TRUE,2.55148366481657,39.3383942588726,18.541489374705,FALSE,"descriptive; no KO contrast; animal n unknown"
"include_putative_doublets","ITC-like GABA (provisional)","Plxna3","old_2023",1,2,0.326961883770752,0.0818109135597975,0.622473728945765,TRUE,0.390497751991261,16.7258482932108,13.232679476129,FALSE,"descriptive; no KO contrast; animal n unknown"
"include_putative_doublets","ITC-like GABA (provisional)","Plxna3","new_2026",2,2,-0.288980203206921,-0.892786907099705,0.293541770839674,FALSE,-0.207540730325292,10.7399291661522,13.232679476129,FALSE,"descriptive; no KO contrast; animal n unknown"
"include_putative_doublets","Rspo2-positive glut","Mef2c","old_2023",1,2,0.0277535561428303,-0.178404543682598,0.268362509135988,FALSE,0.228235325774158,386.207412067736,378.839304355866,FALSE,"descriptive; no KO contrast; animal n unknown"
"include_putative_doublets","Rspo2-positive glut","Mef2c","new_2026",2,2,0.54262152133761,0.0424596010330998,1.02734383036687,TRUE,12.7607265677352,552.052054008149,378.839304355866,FALSE,"descriptive; no KO contrast; animal n unknown"
"include_putative_doublets","Rspo2-positive glut","Mef2a","old_2023",1,2,-0.197251304502646,-0.256591402839072,-0.13536537563524,TRUE,-3.01511975684778,99.666428920706,114.34200077432,FALSE,"descriptive; no KO contrast; animal n unknown"
"include_putative_doublets","Rspo2-positive glut","Mef2a","new_2026",2,2,0.796285476214925,0.311920198455195,1.18605908652427,TRUE,7.23070544882933,198.937381553923,114.34200077432,FALSE,"descriptive; no KO contrast; animal n unknown"
"include_putative_doublets","Rspo2-positive glut","Mef2d","old_2023",1,2,0.0125102201226802,-0.293499766616311,0.401401723923803,FALSE,-0.443278802878715,87.2081253056178,86.4508590134455,FALSE,"descriptive; no KO contrast; animal n unknown"
"include_putative_doublets","Rspo2-positive glut","Mef2d","new_2026",2,2,-0.701062029697215,-1.05150654051886,-0.269063777062164,TRUE,-2.82366176250075,52.9851449502542,86.4508590134455,FALSE,"descriptive; no KO contrast; animal n unknown"
"include_putative_doublets","Rspo2-positive glut","Arc","old_2023",1,2,-2.332382798358,-2.37737900075911,-2.28593790540684,TRUE,-0.203029128359975,0,2.01818242182406,FALSE,"descriptive; no KO contrast; animal n unknown"
"include_putative_doublets","Rspo2-positive glut","Arc","new_2026",2,2,1.62411835282248,1.19811146353946,1.97168324696984,TRUE,1.12491421671118,7.26239124816309,2.01818242182406,FALSE,"descriptive; no KO contrast; animal n unknown"
"include_putative_doublets","Rspo2-positive glut","Homer1","old_2023",1,2,-0.703454273321794,-0.738623743146873,-0.667405987517968,TRUE,-5.782733667769,143.270491573515,233.615730012667,FALSE,"descriptive; no KO contrast; animal n unknown"
"include_putative_doublets","Rspo2-positive glut","Homer1","new_2026",2,2,-0.604341182374045,-0.645087154802008,-0.562737866059252,TRUE,-6.41596139597057,153.49469890738,233.615730012667,FALSE,"descriptive; no KO contrast; animal n unknown"
"include_putative_doublets","Rspo2-positive glut","Nr4a1","old_2023",1,2,0.139486867783917,0.0981160114955903,0.182079191657492,TRUE,-0.719527896329386,46.7186385565809,42.3670630588565,FALSE,"descriptive; no KO contrast; animal n unknown"
"include_putative_doublets","Rspo2-positive glut","Nr4a1","new_2026",2,2,-1.194617017144,-1.78660143203661,-0.75447329250708,TRUE,-2.77935194858532,18.2287233402301,42.3670630588565,FALSE,"descriptive; no KO contrast; animal n unknown"
"include_putative_doublets","Rspo2-positive glut","Bdnf","old_2023",1,2,-0.0916924300752238,-0.229591233739388,0.060793930387554,FALSE,-0.206259048848311,28.0311831339486,29.9033859933621,FALSE,"descriptive; no KO contrast; animal n unknown"
"include_putative_doublets","Rspo2-positive glut","Bdnf","new_2026",2,2,0.480450806916519,0.105657038457456,0.83636427565342,TRUE,0.213775959128437,41.9181826238433,29.9033859933621,FALSE,"descriptive; no KO contrast; animal n unknown"
"include_putative_doublets","Rspo2-positive glut","Pcdh10","old_2023",1,2,0.714390987312293,0.676700725105221,0.753092378504346,TRUE,10.2962195657578,358.176228933787,218.099658520595,FALSE,"descriptive; no KO contrast; animal n unknown"
"include_putative_doublets","Rspo2-positive glut","Pcdh10","new_2026",2,2,0.959235820748301,0.820599542447267,1.09227953609191,TRUE,11.7662057596856,424.518891389656,218.099658520595,FALSE,"descriptive; no KO contrast; animal n unknown"
"include_putative_doublets","Rspo2-positive glut","Npas4","old_2023",1,2,-3.78850401564253,-4.08274456718298,-3.4184633695921,TRUE,-0.544008270558329,0,6.40912980002225,FALSE,"descriptive; no KO contrast; animal n unknown"
"include_putative_doublets","Rspo2-positive glut","Npas4","new_2026",2,2,0.0645514173680414,-2.18342661907496,1.23521526863717,FALSE,0.786230269380724,6.72528969488495,6.40912980002225,FALSE,"descriptive; no KO contrast; animal n unknown"
"include_putative_doublets","Rspo2-positive glut","Fos","old_2023",1,2,-1.48974147801468,-1.55503337157939,-1.42135402765208,TRUE,-0.0685504409142156,0,0.904193230491865,FALSE,"descriptive; no KO contrast; animal n unknown"
"include_putative_doublets","Rspo2-positive glut","Fos","new_2026",2,2,1.71049667154729,-1.55503337157939,2.69818540734563,FALSE,0.315996857626977,4.09555195753732,0.904193230491865,FALSE,"descriptive; no KO contrast; animal n unknown"
"include_putative_doublets","Rspo2-positive glut","Egr1","old_2023",1,2,-2.86083236881837,-2.94738016009279,-2.76875931993125,TRUE,-0.221998100977416,0,3.13217161315625,FALSE,"descriptive; no KO contrast; animal n unknown"
"include_putative_doublets","Rspo2-positive glut","Egr1","new_2026",2,2,3.76823927560564,3.3665018127027,4.11883689923281,TRUE,7.62511949227923,48.9902232270608,3.13217161315625,FALSE,"descriptive; no KO contrast; animal n unknown"
"include_putative_doublets","Rspo2-positive glut","Ncam1","old_2023",1,2,0.644280695376231,0.625970638809784,0.662826125659606,TRUE,13.5329036299505,725.696185578891,464.128824011074,FALSE,"descriptive; no KO contrast; animal n unknown"
"include_putative_doublets","Rspo2-positive glut","Ncam1","new_2026",2,2,1.12528426721252,1.01691362329709,1.22859704503043,TRUE,23.4371852312592,1013.06234245982,464.128824011074,FALSE,"descriptive; no KO contrast; animal n unknown"
"include_putative_doublets","Rspo2-positive glut","Sema6d","old_2023",1,2,1.57393693295941,1.52807307976881,1.62130682498595,TRUE,27.4719899252634,881.424980767494,295.730257568634,FALSE,"descriptive; no KO contrast; animal n unknown"
"include_putative_doublets","Rspo2-positive glut","Sema6d","new_2026",2,2,0.918807635489139,0.807707510036483,1.02859110157053,TRUE,12.383968915819,559.538746282817,295.730257568634,FALSE,"descriptive; no KO contrast; animal n unknown"
"include_putative_doublets","Rspo2-positive glut","Cadm2","old_2023",1,2,0.480687551881641,0.436821845936247,0.525928949486191,TRUE,8.21499694642297,3575.53313753033,2562.21412666418,FALSE,"descriptive; no KO contrast; animal n unknown"
"include_putative_doublets","Rspo2-positive glut","Cadm2","new_2026",2,2,-0.0486270331743184,-0.226845764607557,0.119514565571608,FALSE,-1.64276905128602,2477.27557385704,2562.21412666418,FALSE,"descriptive; no KO contrast; animal n unknown"
"include_putative_doublets","Rspo2-positive glut","Pcdh7","old_2023",1,2,0.644760476117138,0.581879868857326,0.710507160890732,TRUE,14.7472924901599,1762.84996153499,1127.33682168274,FALSE,"descriptive; no KO contrast; animal n unknown"
"include_putative_doublets","Rspo2-positive glut","Pcdh7","new_2026",2,2,0.0964945279040846,-0.270901141825027,0.413549061065373,FALSE,-6.16937709012289,1205.35202399539,1127.33682168274,FALSE,"descriptive; no KO contrast; animal n unknown"
"include_putative_doublets","Rspo2-positive glut","Grip1","old_2023",1,2,1.55094471934471,1.54321635875775,1.55871470298994,TRUE,33.4436405908995,1466.96525067664,500.326088829646,FALSE,"descriptive; no KO contrast; animal n unknown"
"include_putative_doublets","Rspo2-positive glut","Grip1","new_2026",2,2,0.852852006632783,0.718201674140058,0.977275236940388,TRUE,9.73161121868142,904.025843503034,500.326088829646,FALSE,"descriptive; no KO contrast; animal n unknown"
"include_putative_doublets","Rspo2-positive glut","C1qa","old_2023",1,2,-2.2469527412753,-2.76875931993125,-1.42135402765208,TRUE,-0.129385274243642,0,1.87339584811429,TRUE,"descriptive; no KO contrast; animal n unknown"
"include_putative_doublets","Rspo2-positive glut","C1qa","new_2026",2,2,1.51620774755336,0.0473688384398923,2.90867192553559,TRUE,0.411866763868916,6.28881837595072,1.87339584811429,TRUE,"descriptive; no KO contrast; animal n unknown"
"include_putative_doublets","Rspo2-positive glut","C1qb","old_2023",1,2,0.784405706771759,0.567888481073287,1.03925482822032,TRUE,0.102211089763961,3.11457590377206,1.59859050014341,TRUE,"descriptive; no KO contrast; animal n unknown"
"include_putative_doublets","Rspo2-positive glut","C1qb","new_2026",2,2,2.56227089623976,1.42394770872026,3.37504680428952,TRUE,1.77407647400082,11.8950447589786,1.59859050014341,TRUE,"descriptive; no KO contrast; animal n unknown"
"include_putative_doublets","Rspo2-positive glut","C1qc","old_2023",1,2,-0.505476269745064,-0.879065697612342,0,FALSE,-0.0141886356404648,0,0.209795960840325,FALSE,"descriptive; no KO contrast; animal n unknown"
"include_putative_doublets","Rspo2-positive glut","C1qc","new_2026",2,2,3.36753366303281,-0.879065697612342,4.82291772265273,FALSE,0.677080424755668,6.82591992922886,0.209795960840325,FALSE,"descriptive; no KO contrast; animal n unknown"
"include_putative_doublets","Rspo2-positive glut","C3","old_2023",1,2,0,0,0,FALSE,0,0,0,FALSE,"descriptive; no KO contrast; animal n unknown"
"include_putative_doublets","Rspo2-positive glut","C3","new_2026",2,2,1.24195241406911,0,1.89931794810801,FALSE,0.0663982407122829,0.682591992922886,0,FALSE,"descriptive; no KO contrast; animal n unknown"
"include_putative_doublets","Rspo2-positive glut","C4b","old_2023",1,2,-0.977611562432925,-1.55503337157939,0,FALSE,-0.0272486988742691,0,0.484601308811215,FALSE,"descriptive; no KO contrast; animal n unknown"
"include_putative_doublets","Rspo2-positive glut","C4b","new_2026",2,2,0.26434085163619,-1.55503337157939,1.89931794810801,FALSE,0.0312845058421521,0.682591992922886,0.484601308811215,FALSE,"descriptive; no KO contrast; animal n unknown"
"include_putative_doublets","Rspo2-positive glut","Itgam","old_2023",1,2,-2.83477682762441,-3.23140759019518,-2.28593790540684,TRUE,-0.241728668402755,0,3.06716222602568,FALSE,"descriptive; no KO contrast; animal n unknown"
"include_putative_doublets","Rspo2-positive glut","Itgam","new_2026",2,2,-2.83477682762441,-3.23140759019518,-2.28593790540684,TRUE,-0.241728668402755,0,3.06716222602568,FALSE,"descriptive; no KO contrast; animal n unknown"
"include_putative_doublets","Rspo2-positive glut","Trem2","old_2023",1,2,-1.86693578534055,-2.12324748713132,-1.55503337157939,TRUE,-0.0919108725755777,0,1.32378515217252,FALSE,"descriptive; no KO contrast; animal n unknown"
"include_putative_doublets","Rspo2-positive glut","Trem2","new_2026",2,2,2.52438641447464,2.13437366524535,2.9586433063122,TRUE,0.884218239481729,9.99275921985464,1.32378515217252,FALSE,"descriptive; no KO contrast; animal n unknown"
"include_putative_doublets","Rspo2-positive glut","Tyrobp","old_2023",1,2,-0.977611562432925,-1.55503337157939,0,FALSE,-0.0719176111849634,0,0.484601308811215,FALSE,"descriptive; no KO contrast; animal n unknown"
"include_putative_doublets","Rspo2-positive glut","Tyrobp","new_2026",2,2,3.29510992321877,2.15485224254771,4.67656709664927,TRUE,1.92063938234183,9.16467678728701,0.484601308811215,FALSE,"descriptive; no KO contrast; animal n unknown"
"include_putative_doublets","Rspo2-positive glut","Cd68","old_2023",1,2,-1.17554105748667,-1.81457155825981,0,FALSE,-0.0451215107110567,0,0.629387882520975,FALSE,"descriptive; no KO contrast; animal n unknown"
"include_putative_doublets","Rspo2-positive glut","Cd68","new_2026",2,2,0.0664113565824494,-1.81457155825981,1.89931794810801,FALSE,-0.0309785194117619,0.682591992922886,0.629387882520975,FALSE,"descriptive; no KO contrast; animal n unknown"
"include_putative_doublets","Rspo2-positive glut","Cx3cr1","old_2023",1,2,0.175008463253633,-0.0377031929024723,0.424598011336479,FALSE,0.686017099180102,31.1457590377206,27.530621036988,TRUE,"descriptive; no KO contrast; animal n unknown"
"include_putative_doublets","Rspo2-positive glut","Cx3cr1","new_2026",2,2,-0.97125792698864,-3.20551530126169,0.0887384029913409,FALSE,-0.61417275363212,13.7973302981025,27.530621036988,TRUE,"descriptive; no KO contrast; animal n unknown"
"include_putative_doublets","Rspo2-positive glut","P2ry12","old_2023",1,2,-0.495523732806229,-0.596611412361215,-0.386815675617212,TRUE,-1.76323308319204,74.7498216905295,105.58964161682,TRUE,"descriptive; no KO contrast; animal n unknown"
"include_putative_doublets","Rspo2-positive glut","P2ry12","new_2026",2,2,-2.83390601017268,-3.00730994791013,-2.65633423289034,TRUE,-8.62339622550323,14.3792920566814,105.58964161682,TRUE,"descriptive; no KO contrast; animal n unknown"
"include_putative_doublets","Rspo2-positive glut","Csf1r","old_2023",1,2,0.0064070226412309,-0.259039783649282,0.331961298665837,FALSE,0.246589874745376,6.22915180754413,6.19933383918193,TRUE,"descriptive; no KO contrast; animal n unknown"
"include_putative_doublets","Rspo2-positive glut","Csf1r","new_2026",2,2,0.423032696165798,-0.299578837780125,1.09521330829949,FALSE,0.367148712727154,8.48208479436412,6.19933383918193,TRUE,"descriptive; no KO contrast; animal n unknown"
"include_putative_doublets","Rspo2-positive glut","Mertk","old_2023",1,2,-1.46587574962712,-1.72243870786752,-1.15360072062664,TRUE,-0.442899715732363,9.34372771131619,26.6914371936267,FALSE,"descriptive; no KO contrast; animal n unknown"
"include_putative_doublets","Rspo2-positive glut","Mertk","new_2026",2,2,-0.662994463369236,-2.31175784550574,0.344398453574985,FALSE,-0.544786752133018,16.6731887094388,26.6914371936267,FALSE,"descriptive; no KO contrast; animal n unknown"
"include_putative_doublets","Rspo2-positive glut","Megf10","old_2023",1,2,0.784371920073341,0.620544756112082,0.969214603329654,TRUE,0.129053034167706,6.22915180754413,3.40697696112714,FALSE,"descriptive; no KO contrast; animal n unknown"
"include_putative_doublets","Rspo2-positive glut","Megf10","new_2026",2,2,0.797107740644057,-0.31375175377471,1.54881588825939,FALSE,0.0613709163044547,6.28881837595072,3.40697696112714,FALSE,"descriptive; no KO contrast; animal n unknown"
"include_putative_doublets","Rspo2-positive glut","Axl","old_2023",1,2,0,0,0,FALSE,0,0,0,FALSE,"descriptive; no KO contrast; animal n unknown"
"include_putative_doublets","Rspo2-positive glut","Axl","new_2026",2,2,1.89931794810801,0,2.69169851188441,FALSE,0.219855038664157,1.36518398584577,0,FALSE,"descriptive; no KO contrast; animal n unknown"
"include_putative_doublets","Rspo2-positive glut","Gas6","old_2023",1,2,0.812192105256451,0.561546232494593,1.11573461010524,TRUE,1.54309109439091,40.4894867490368,22.8441623220342,FALSE,"descriptive; no KO contrast; animal n unknown"
"include_putative_doublets","Rspo2-positive glut","Gas6","new_2026",2,2,1.1933594989366,0.624600807126083,1.75738727546158,TRUE,3.43202981726113,52.8845147159103,22.8441623220342,FALSE,"descriptive; no KO contrast; animal n unknown"
"include_putative_doublets","Rspo2-positive glut","Sema3e","old_2023",1,2,0.793887081473705,0.680174219724146,0.917335594009185,TRUE,2.60605387252456,109.010156632022,62.6641382519096,FALSE,"descriptive; no KO contrast; animal n unknown"
"include_putative_doublets","Rspo2-positive glut","Sema3e","new_2026",2,2,-0.564560051885498,-1.16239970505232,-0.079264208567932,TRUE,-4.58458188899258,42.2091635031328,62.6641382519096,FALSE,"descriptive; no KO contrast; animal n unknown"
"include_putative_doublets","Rspo2-positive glut","Plxnd1","old_2023",1,2,0.377301264414068,0.0326692195147493,0.830991186220014,TRUE,0.382003565265486,12.4583036150883,9.47629202604793,FALSE,"descriptive; no KO contrast; animal n unknown"
"include_putative_doublets","Rspo2-positive glut","Plxnd1","new_2026",2,2,0.956984303037833,-0.405514588881577,2.00154350628519,FALSE,1.1461649074953,18.8664551278522,9.47629202604793,FALSE,"descriptive; no KO contrast; animal n unknown"
"include_putative_doublets","Rspo2-positive glut","Nrp1","old_2023",1,2,0.335808503039963,0.0131738912572867,0.752024299901064,TRUE,1.26984182602805,118.353884343338,93.6726838264913,FALSE,"descriptive; no KO contrast; animal n unknown"
"include_putative_doublets","Rspo2-positive glut","Nrp1","new_2026",2,2,-0.683057009941943,-1.36195846987614,0.0186398707282613,FALSE,-0.833568790156405,58.1549000143478,93.6726838264913,FALSE,"descriptive; no KO contrast; animal n unknown"
"include_putative_doublets","Rspo2-positive glut","Nrp2","old_2023",1,2,-0.0568252703852867,-0.0814227920950854,-0.0318010832058944,TRUE,-1.9039400612486,65.4060939792133,68.0538238466275,FALSE,"descriptive; no KO contrast; animal n unknown"
"include_putative_doublets","Rspo2-positive glut","Nrp2","new_2026",2,2,0.332779939023441,0.23513312533228,0.427332222794071,TRUE,0.395731215917252,85.8392810211544,68.0538238466275,FALSE,"descriptive; no KO contrast; animal n unknown"
"include_putative_doublets","Rspo2-positive glut","Kirrel3","old_2023",1,2,-0.00184736974259171,-0.106307000455592,0.110770284811144,FALSE,1.63241411823707,691.435850637398,692.322441409349,FALSE,"descriptive; no KO contrast; animal n unknown"
"include_putative_doublets","Rspo2-positive glut","Kirrel3","new_2026",2,2,-0.429898703636619,-1.83362825066962,0.355070268795535,FALSE,-5.81823720295134,513.791731112577,692.322441409349,FALSE,"descriptive; no KO contrast; animal n unknown"
"include_putative_doublets","Rspo2-positive glut","Sdk2","old_2023",1,2,-0.618300028896879,-0.915021736094773,-0.24431854012501,TRUE,-2.89860756913445,49.833214460353,76.7647710265573,FALSE,"descriptive; no KO contrast; animal n unknown"
"include_putative_doublets","Rspo2-positive glut","Sdk2","new_2026",2,2,-0.275696929342289,-1.2545785946649,0.559570561452976,FALSE,-3.79236463208939,63.3246550784414,76.7647710265573,FALSE,"descriptive; no KO contrast; animal n unknown"
"include_putative_doublets","Rspo2-positive glut","Sema5b","old_2023",1,2,-0.701840580220484,-0.912711073000315,-0.454783829725818,TRUE,-0.729942885767047,6.22915180754413,10.4454946436704,FALSE,"descriptive; no KO contrast; animal n unknown"
"include_putative_doublets","Rspo2-positive glut","Sema5b","new_2026",2,2,1.44963055963335,0.30096195967027,2.26030526025594,TRUE,1.34463512369338,29.3963159009849,10.4454946436704,FALSE,"descriptive; no KO contrast; animal n unknown"
"include_putative_doublets","Rspo2-positive glut","Cdh8","old_2023",1,2,0.933229202050898,0.892275773529741,0.975379215304621,TRUE,23.0052390764329,1086.98699041645,569.000470948682,FALSE,"descriptive; no KO contrast; animal n unknown"
"include_putative_doublets","Rspo2-positive glut","Cdh8","new_2026",2,2,0.169618369964271,0.0791219322986905,0.259666389928993,TRUE,-5.25262270134012,640.05187197649,569.000470948682,FALSE,"descriptive; no KO contrast; animal n unknown"
"include_putative_doublets","Rspo2-positive glut","Cdh9","old_2023",1,2,0.62836191382116,0.6192226068103,0.637559486592863,TRUE,6.47308392885023,716.352457867574,463.239398580031,FALSE,"descriptive; no KO contrast; animal n unknown"
"include_putative_doublets","Rspo2-positive glut","Cdh9","new_2026",2,2,-0.171982632467276,-0.666566021948753,0.199794605877944,FALSE,-12.4744786976648,411.125302939261,463.239398580031,FALSE,"descriptive; no KO contrast; animal n unknown"
"include_putative_doublets","Rspo2-positive glut","Cdh13","old_2023",1,2,-0.278886140331096,-0.380996071724274,-0.1689949199379,TRUE,-2.16018338248805,274.082679531942,332.639578877083,FALSE,"descriptive; no KO contrast; animal n unknown"
"include_putative_doublets","Rspo2-positive glut","Cdh13","new_2026",2,2,0.310642319085162,0.0219786940363402,0.585702952210784,TRUE,5.75168998051851,412.67961665972,332.639578877083,FALSE,"descriptive; no KO contrast; animal n unknown"
"include_putative_doublets","Rspo2-positive glut","Cdh18","old_2023",1,2,-0.862660985852133,-0.925358695585779,-0.797114227818171,TRUE,-11.8762450255507,189.989130130096,345.883368588144,FALSE,"descriptive; no KO contrast; animal n unknown"
"include_putative_doublets","Rspo2-positive glut","Cdh18","new_2026",2,2,0.109078685885023,-1.0170467932106,0.780125627022269,FALSE,-3.19581520591449,373.088060159861,345.883368588144,FALSE,"descriptive; no KO contrast; animal n unknown"
"include_putative_doublets","Rspo2-positive glut","C1ql3","old_2023",1,2,-0.401568807374289,-0.562175933202788,-0.220816100266184,TRUE,-4.75729472922616,295.884710858346,391.007470084605,FALSE,"descriptive; no KO contrast; animal n unknown"
"include_putative_doublets","Rspo2-positive glut","C1ql3","new_2026",2,2,1.32086570269859,0.331538816626262,2.02464970847743,TRUE,0.793237227831959,977.548181001013,391.007470084605,FALSE,"descriptive; no KO contrast; animal n unknown"
"include_putative_doublets","Rspo2-positive glut","Slit1","old_2023",1,2,-0.00397460840537838,-0.139073450512717,0.14509486242873,FALSE,1.30527353544238,230.478616879133,231.115837702808,FALSE,"descriptive; no KO contrast; animal n unknown"
"include_putative_doublets","Rspo2-positive glut","Slit1","new_2026",2,2,-1.32919699298161,-1.94566473285983,-0.819816789703098,TRUE,-13.0518695042325,91.6807182544287,231.115837702808,FALSE,"descriptive; no KO contrast; animal n unknown"
"include_putative_doublets","Rspo2-positive glut","Slit2","old_2023",1,2,0.889222074929439,0.791899170639308,0.993588293685789,TRUE,15.5352381982948,622.915180754413,336.085076395003,FALSE,"descriptive; no KO contrast; animal n unknown"
"include_putative_doublets","Rspo2-positive glut","Slit2","new_2026",2,2,0.141030745261252,0.0357354446125733,0.253325546568769,TRUE,-1.75864393409075,370.649893977791,336.085076395003,FALSE,"descriptive; no KO contrast; animal n unknown"
"include_putative_doublets","Rspo2-positive glut","Slit3","old_2023",1,2,0.245018623398004,0.185258864602204,0.307361138285614,TRUE,3.49089564900956,1666.29810851805,1405.95241725916,FALSE,"descriptive; no KO contrast; animal n unknown"
"include_putative_doublets","Rspo2-positive glut","Slit3","new_2026",2,2,-1.05641332169802,-1.29914877745865,-0.831711497325649,TRUE,-41.3694616398198,675.758825900911,1405.95241725916,FALSE,"descriptive; no KO contrast; animal n unknown"
"include_putative_doublets","Rspo2-positive glut","Robo1","old_2023",1,2,0.778873022905148,0.713309701817971,0.847558311919919,TRUE,15.3120442203357,1308.12187958427,762.193481327073,FALSE,"descriptive; no KO contrast; animal n unknown"
"include_putative_doublets","Rspo2-positive glut","Robo1","new_2026",2,2,0.169587589082335,-0.0331777629692489,0.363552468054788,FALSE,3.63578801039127,857.32951692873,762.193481327073,FALSE,"descriptive; no KO contrast; animal n unknown"
"include_putative_doublets","Rspo2-positive glut","Robo2","old_2023",1,2,0.567649188345333,0.506984865214614,0.630976803255113,TRUE,14.2989437400101,1002.8934410146,676.504920391186,FALSE,"descriptive; no KO contrast; animal n unknown"
"include_putative_doublets","Rspo2-positive glut","Robo2","new_2026",2,2,-0.0513527328214909,-0.132663984157483,0.03233048897191,FALSE,-3.19390108902292,652.83076919708,676.504920391186,FALSE,"descriptive; no KO contrast; animal n unknown"
"include_putative_doublets","Rspo2-positive glut","Ntng1","old_2023",1,2,-0.16690975651877,-0.294464335881667,-0.0269740430081171,TRUE,-4.74930129975737,270.96810362817,304.263991155181,FALSE,"descriptive; no KO contrast; animal n unknown"
"include_putative_doublets","Rspo2-positive glut","Ntng1","new_2026",2,2,-0.117686523677951,-0.571234335946757,0.287987337983122,FALSE,-5.08303564422445,280.390129738251,304.263991155181,FALSE,"descriptive; no KO contrast; animal n unknown"
"include_putative_doublets","Rspo2-positive glut","Ntng2","old_2023",1,2,0.238286288504112,0.193894143115774,0.284087876797178,TRUE,1.06333033897726,102.781004824478,87.0566494864053,FALSE,"descriptive; no KO contrast; animal n unknown"
"include_putative_doublets","Rspo2-positive glut","Ntng2","new_2026",2,2,-1.08410573118973,-1.18265501571958,-0.986106659973856,TRUE,-5.32401166201018,40.7991193119862,87.0566494864053,FALSE,"descriptive; no KO contrast; animal n unknown"
"include_putative_doublets","Rspo2-positive glut","Lrrc4c","old_2023",1,2,0.36775578661233,0.367494012782899,0.368017607948664,TRUE,1.2915680177527,5104.78990628241,3956.03385198283,FALSE,"descriptive; no KO contrast; animal n unknown"
"include_putative_doublets","Rspo2-positive glut","Lrrc4c","new_2026",2,2,-0.494367276943895,-0.606850282806692,-0.389986956970786,TRUE,-20.4533662440067,2808.13631359728,3956.03385198283,FALSE,"descriptive; no KO contrast; animal n unknown"
"include_putative_doublets","Rspo2-positive glut","Lrrc4","old_2023",1,2,-0.264560089634441,-0.350197026832362,-0.1735172533905,TRUE,-0.582863533201781,274.082679531942,329.347852890768,FALSE,"descriptive; no KO contrast; animal n unknown"
"include_putative_doublets","Rspo2-positive glut","Lrrc4","new_2026",2,2,-2.56284584375066,-2.70331102407986,-2.41898239397025,TRUE,-22.7135188712195,55.3239018083124,329.347852890768,FALSE,"descriptive; no KO contrast; animal n unknown"
"include_putative_doublets","Rspo2-positive glut","Adgrb3","old_2023",1,2,0.327554827597724,0.229167936344858,0.433145649148754,TRUE,5.44126427156732,3662.74126283595,2918.68550644006,FALSE,"descriptive; no KO contrast; animal n unknown"
"include_putative_doublets","Rspo2-positive glut","Adgrb3","new_2026",2,2,-0.214176345872754,-0.375808854997931,-0.0479964494639926,TRUE,-9.11805119484161,2515.94932751373,2918.68550644006,FALSE,"descriptive; no KO contrast; animal n unknown"
"include_putative_doublets","Rspo2-positive glut","Igsf21","old_2023",1,2,0.0433940895203457,-0.00232335524005123,0.0906078154715537,FALSE,0.343239500210696,99.666428920706,96.6984340749476,FALSE,"descriptive; no KO contrast; animal n unknown"
"include_putative_doublets","Rspo2-positive glut","Igsf21","new_2026",2,2,-0.41634215502175,-0.728092470944254,-0.144598055852976,TRUE,-1.92222216782836,72.3329316023414,96.6984340749476,FALSE,"descriptive; no KO contrast; animal n unknown"
"include_putative_doublets","Rspo2-positive glut","Nrxn2","old_2023",1,2,0.515915143220904,0.425811882524411,0.612022876600431,TRUE,5.92554168022572,339.488773511155,237.270868143644,FALSE,"descriptive; no KO contrast; animal n unknown"
"include_putative_doublets","Rspo2-positive glut","Nrxn2","new_2026",2,2,0.57119078552861,0.355357926361251,0.782943859587236,TRUE,7.9645936721652,352.767921545893,237.270868143644,FALSE,"descriptive; no KO contrast; animal n unknown"
"include_putative_doublets","Rspo2-positive glut","Cntn4","old_2023",1,2,-0.485519696607899,-0.551553437240411,-0.416317935621363,TRUE,-13.3589191763661,1205.34087475979,1687.78589982465,FALSE,"descriptive; no KO contrast; animal n unknown"
"include_putative_doublets","Rspo2-positive glut","Cntn4","new_2026",2,2,-1.20038708349921,-1.3457223003056,-1.05601667244158,TRUE,-34.4757257785311,734.171977323321,1687.78589982465,FALSE,"descriptive; no KO contrast; animal n unknown"
"include_putative_doublets","Rspo2-positive glut","Cntn6","old_2023",1,2,-0.0839474718621578,-0.274301607595332,0.135396007896405,FALSE,-0.0265018166016198,140.155915669743,148.583201137421,FALSE,"descriptive; no KO contrast; animal n unknown"
"include_putative_doublets","Rspo2-positive glut","Cntn6","new_2026",2,2,0.271431133504124,-0.599243572554134,0.951227194956046,FALSE,1.15933891020635,179.444104462191,148.583201137421,FALSE,"descriptive; no KO contrast; animal n unknown"
"include_putative_doublets","Rspo2-positive glut","Ptprg","old_2023",1,2,0.651190485922069,0.557138060752754,0.751804652830385,TRUE,16.6120426665705,1102.55986993531,701.878510621976,FALSE,"descriptive; no KO contrast; animal n unknown"
"include_putative_doublets","Rspo2-positive glut","Ptprg","new_2026",2,2,0.124259070464635,-0.114718562198412,0.356559823719245,FALSE,-8.80154396715373,765.05592709198,701.878510621976,FALSE,"descriptive; no KO contrast; animal n unknown"
"include_putative_doublets","Rspo2-positive glut","Plxna1","old_2023",1,2,-0.342952825057294,-0.380077173173689,-0.304847880693666,TRUE,0.246213251205452,12.4583036150883,15.9356634137521,FALSE,"descriptive; no KO contrast; animal n unknown"
"include_putative_doublets","Rspo2-positive glut","Plxna1","new_2026",2,2,1.34637504032866,0.360375798990308,1.95199009210596,TRUE,3.5769731315234,41.2913606599635,15.9356634137521,FALSE,"descriptive; no KO contrast; animal n unknown"
"include_putative_doublets","Rspo2-positive glut","Plxna3","old_2023",1,2,1.9281656231946,1.80683925982074,2.06063984580243,TRUE,0.890806192371534,21.8020313264044,5.36014999582063,FALSE,"descriptive; no KO contrast; animal n unknown"
"include_putative_doublets","Rspo2-positive glut","Plxna3","new_2026",2,2,1.20545680003951,0.841412722317792,1.54563433133642,TRUE,0.798137391994218,13.0141080708357,5.36014999582063,FALSE,"descriptive; no KO contrast; animal n unknown"
