"gene","present_in_old"
"Xkr4",TRUE
"Gm1992",TRUE
"Gm19938",TRUE
"Gm37381",TRUE
"Rp1",TRUE
"Sox17",TRUE
"Gm37587",TRUE
"Gm37323",TRUE
"Mrpl15",TRUE
"Lypla1",TRUE
"Tcea1",TRUE
"Rgs20",TRUE
"Gm16041",TRUE
"Atp6v1h",TRUE
"Oprk1",TRUE
"Npbwr1",TRUE
"Rb1cc1",TRUE
"4732440D04Rik",TRUE
"Alkal1",TRUE
"St18",TRUE
"Pcmtd1",TRUE
"Gm26901",TRUE
"Gm30414",TRUE
"Sntg1",TRUE
"Rrs1",TRUE
"Adhfe1",TRUE
"2610203C22Rik",TRUE
"Vxn",TRUE
"Gm29520",FALSE
"Mybl1",TRUE
"Vcpip1",TRUE
"1700034P13Rik",TRUE
"Sgk3",TRUE
"Mcmdc2",TRUE
"Snhg6",TRUE
"Tcf24",TRUE
"Ppp1r42",TRUE
"Gm15818",TRUE
"Cops5",TRUE
"Cspp1",TRUE
"Arfgef1",TRUE
"Cpa6",TRUE
"Prex2",TRUE
"A830018L16Rik",TRUE
"Gm17644",FALSE
"Gm29663",FALSE
"Sulf1",TRUE
"Slco5a1",TRUE
"Gm29283",TRUE
"Prdm14",TRUE
"Ncoa2",TRUE
"Gm29570",TRUE
"Tram1",TRUE
"Lactb2",TRUE
"Xkr9",TRUE
"Eya1",TRUE
"Gm9947",TRUE
"Msc",TRUE
"Trpa1",TRUE
"Kcnb2",TRUE
"Terf1",TRUE
"Sbspon",TRUE
"4930444P10Rik",TRUE
"Rpl7",TRUE
"Rdh10",TRUE
"Gm28095",TRUE
"Stau2",TRUE
"Gm7568",TRUE
"Ube2w",TRUE
"Eloc",TRUE
"D030040B21Rik",TRUE
"Tmem70",TRUE
"Ly96",TRUE
"Gm28376",TRUE
"Jph1",TRUE
"Gm28783",TRUE
"Gdap1",TRUE
"Gm28784",TRUE
"Pi15",TRUE
"Gm28154",TRUE
"Gm16070",TRUE
"Crispld1",TRUE
"Gm28153",TRUE
"Gm28756",TRUE
"Crisp4",TRUE
"Defb18",FALSE
"Defb41",FALSE
"Gm15825",TRUE
"Tfap2d",TRUE
"Tfap2b",FALSE
"Gm28340",FALSE
"Pkhd1",TRUE
"4930486I03Rik",TRUE
"Gm28653",TRUE
"Il17a",FALSE
"Il17f",TRUE
"Mcm3",TRUE
"Gm28065",FALSE
"6720483E21Rik",TRUE
"Paqr8",TRUE
"Efhc1",TRUE
"Tram2",TRUE
"Gm28287",FALSE
"Tmem14a",TRUE
"Gsta3",TRUE
"Gm28836",TRUE
"Khdc1a",TRUE
"Khdc1c",FALSE
"Khdc1b",TRUE
"Kcnq5",TRUE
"Rims1",TRUE
"Gm29506",TRUE
"4933415F23Rik",FALSE
"Gm27028",TRUE
"Gm29107",TRUE
"Ogfrl1",TRUE
"Gm28822",TRUE
"B3gat2",TRUE
"Smap1",TRUE
"Sdhaf4",TRUE
"Fam135a",TRUE
"Col9a1",TRUE
"Col19a1",TRUE
"Lmbrd1",TRUE
"Gm28237",FALSE
"Gm29414",FALSE
"Adgrb3",TRUE
"4931408C20Rik",TRUE
"Gm5524",FALSE
"Gm597",FALSE
"Gm9898",TRUE
"Phf3",TRUE
"Ptp4a1",TRUE
"Ptp4a1.1",TRUE
"Gm5698",FALSE
"4931428L18Rik",TRUE
"Gm28644",FALSE
"Gm29128",FALSE
"Lgsn",TRUE
"Pih1d3",FALSE
"Khdrbs2",TRUE
"Gm5415",TRUE
"Gm37724",TRUE
"Gm37591",FALSE
"Prim2",TRUE
"Rab23",TRUE
"Bag2",TRUE
"Zfp451",TRUE
"Bend6",TRUE
"Dst",TRUE
"Gm26788",TRUE
"Gm37958",FALSE
"Gm37233",TRUE
"Ccdc115",TRUE
"Gm28306",TRUE
"Imp4",TRUE
"Ptpn18",TRUE
"Gm28417",TRUE
"4930568A12Rik",TRUE
"Prss39",FALSE
"Cfc1",TRUE
"Prss40",FALSE
"1700101I19Rik",FALSE
"Amer3",TRUE
"Arhgef4",TRUE
"Arhgef4.1",FALSE
"Gm38336",TRUE
"Fam168b",TRUE
"Plekhb2",TRUE
"Gm37068",TRUE
"Gm28415",FALSE
"1110002O04Rik",TRUE
"Gm37146",FALSE
"Gm33222",FALSE
"4930535G08Rik",FALSE
"Hs6st1",TRUE
"Gm37335",FALSE
"Gm33280",TRUE
"Uggt1",TRUE
"Neurl3",TRUE
"Arid5a",TRUE
"4930403P22Rik",TRUE
"Kansl3",TRUE
"Fer1l5",TRUE
"Lman2l",TRUE
"Cnnm4",TRUE
"Cnnm3",TRUE
"Gm38033",TRUE
"Ankrd23",TRUE
"Ankrd39",TRUE
"Sema4c",TRUE
"D430040D24Rik",TRUE
"Fam178b",TRUE
"Cox5b",TRUE
"Actr1b",TRUE
"4933424G06Rik",TRUE
"Gm33533",TRUE
"Zap70",TRUE
"Tmem131",TRUE
"Gm38115",TRUE
"Vwa3b",TRUE
"Gm37020",TRUE
"Cnga3",TRUE
"Inpp4a",TRUE
"4930439A04Rik",TRUE
"Coa5",TRUE
"Unc50",TRUE
"Mgat4a",TRUE
"2010300C02Rik",TRUE
"4930556I23Rik",TRUE
"Tsga10",TRUE
"Gm26805",TRUE
"Lipt1",TRUE
"Mitd1",TRUE
"Mrpl30",TRUE
"Lyg2",TRUE
"Gm15457",TRUE
"Lyg1",FALSE
"Txndc9",TRUE
"Eif5b",TRUE
"Rev1",TRUE
"Gm37062",TRUE
"Gm5099",TRUE
"Aff3",TRUE
"Gm16150",TRUE
"Gm16151",TRUE
"Gm16152",TRUE
"Lonrf2",TRUE
"Chst10",TRUE
"Gm37707",TRUE
"Nms",TRUE
"Pdcl3",TRUE
"Gm37821",FALSE
"Npas2",TRUE
"Rpl31",TRUE
"Tbc1d8",TRUE
"Cnot11",TRUE
"Gm15832",TRUE
"Rnf149",TRUE
"Creg2",TRUE
"D930019O06Rik",TRUE
"Rfx8",TRUE
"Gm3646",FALSE
"1700066B17Rik",TRUE
"Map4k4",TRUE
"Il1r2",TRUE
"Gm16894",TRUE
"Il1r1",TRUE
"Il1rl2",TRUE
"Il1rl1",TRUE
"Il18r1",TRUE
"Il18rap",TRUE
"Gm35801",FALSE
"Slc9a4",TRUE
"Slc9a2",TRUE
"Gm37623",TRUE
"Gm37915",TRUE
"Mfsd9",TRUE
"Tmem182",TRUE
"4930448I06Rik",FALSE
"Gm28634",FALSE
"Gm29260",TRUE
"Gm9915",FALSE
"Gm29664",FALSE
"Gm28175",TRUE
"Gm28140",TRUE
"Pantr1",TRUE
"Gm20646",TRUE
"Pou3f3",TRUE
"Pantr2",TRUE
"Dalir",TRUE
"Mrps9",TRUE
"Gpr45",TRUE
"Tgfbrap1",TRUE
"Gm28782",TRUE
"8430432A02Rik",TRUE
"AI597479",TRUE
"Fhl2",TRUE
"Gm29040",TRUE
"Nck2",TRUE
"Ecrg4",TRUE
"Gm29155",TRUE
"Gm29157",TRUE
"Gm29156",TRUE
"Uxs1",TRUE
"Tpp2",TRUE
"Mettl21c",TRUE
"Gm8251",TRUE
"Tex30",TRUE
"Poglut2",TRUE
"Bivm",TRUE
"Ercc5",TRUE
"Mettl21e",FALSE
"Gm28893",FALSE
"Gulp1",TRUE
"4930521E06Rik",TRUE
"Col3a1",TRUE
"Col5a2",TRUE
"Wdr75",TRUE
"Gm5269",FALSE
"Slc40a1",TRUE
"Dnah7b",TRUE
"Dnah7c",TRUE
"Slc39a10",TRUE
"Gm28151",TRUE
"Gm28826",TRUE
"C230029F24Rik",TRUE
"4933411E06Rik",TRUE
"Gm29665",FALSE
"Gm28321",FALSE
"Tmeff2",TRUE
"Gm28322",TRUE
"Gm28319",TRUE
"Gm28320",TRUE
"Gm29325",TRUE
"9330175M20Rik",TRUE
"Cavin2",TRUE
"1700072G22Rik",FALSE
"Nabp1",TRUE
"Gm17767",TRUE
"Gm28055",TRUE
"Myo1b",TRUE
"Gm29453",TRUE
"Gm28323",TRUE
"Stat4",TRUE
"Gm31812",TRUE
"Stat1",TRUE
"Gls",TRUE
"Nab1",TRUE
"Gm553",TRUE
"Gm28178",TRUE
"Nemp2",TRUE
"Mfsd6",TRUE
"Gm29670",TRUE
"Inpp1",TRUE
"Hibch",TRUE
"1700019D03Rik",TRUE
"Mstn",TRUE
"1700019A02Rik",TRUE
"Pms1",TRUE
"Gm28777",TRUE
"Ormdl1",TRUE
"Osgepl1",TRUE
"Asnsd1",TRUE
"Asdurf",FALSE
"Dnah7a",TRUE
"Stk17b",TRUE
"Hecw2",TRUE
"Ccdc150",TRUE
"Gtf3c3",TRUE
"Gm34066",TRUE
"Pgap1",TRUE
"Ankrd44",TRUE
"4930444A19Rik",TRUE
"Sf3b1",TRUE
"Coq10b",TRUE
"Hspd1",TRUE
"Hspe1",TRUE
"Mob4",TRUE
"Rftn2",TRUE
"Gm10561",TRUE
"Mars2",TRUE
"Boll",TRUE
"Plcl1",TRUE
"9130227L01Rik",TRUE
"1700003I22Rik",FALSE
"Gm28240",FALSE
"Hsfy2",FALSE
"Satb2",TRUE
"9130024F11Rik",TRUE
"1700126A01Rik",FALSE
"BC055402",TRUE
"4930558J18Rik",TRUE
"1700066M21Rik",TRUE
"Tyw5",TRUE
"Maip1",TRUE
"Spats2l",TRUE
"Gm17234",TRUE
"Kctd18",TRUE
"Sgo2a",TRUE
"Aox1",TRUE
"Aox3",TRUE
"Aox4",TRUE
"Gm15759",TRUE
"Aox2",TRUE
"Bzw1",TRUE
"Clk1",TRUE
"Ppil3",TRUE
"Nif3l1",TRUE
"Orc2",TRUE
"Gm15834",TRUE
"Fam126b",TRUE
"Ndufb3",TRUE
"Flacc1",TRUE
"Cflar",TRUE
"Casp8",TRUE
"Trak2",TRUE
"Stradb",TRUE
"C2cd6",TRUE
"AC169382.1",FALSE
"Gm29018",TRUE
"Tmem237",TRUE
"G730003C15Rik",TRUE
"Mpp4",TRUE
"Gm29017",TRUE
"Als2",TRUE
"Cdk15",TRUE
"Gm29016",TRUE
"Fzd7",TRUE
"Gm26813",TRUE
"Gm973",TRUE
"Gm28411",TRUE
"1700122D07Rik",TRUE
"Sumo1",TRUE
"Nop58",TRUE
"Bmpr2",TRUE
"Fam117b",TRUE
"Ica1l",TRUE
"Wdr12",TRUE
"Carf",TRUE
"Nbeal1",TRUE
"Cyp20a1",TRUE
"Abi2",TRUE
"Raph1",TRUE
"Cd28",TRUE
"Gm11579",TRUE
"2310016D23Rik",TRUE
"Ctla4",TRUE
"Icos",TRUE
"Gm28083",TRUE
"Gm11587",TRUE
"9530026F06Rik",TRUE
"Gm11588",TRUE
"Gm28449",FALSE
"4930587A21Rik",TRUE
"Pard3b",TRUE
"Pard3bos1",TRUE
"Pard3bos2",TRUE
"Pard3bos3",TRUE
"Gm29084",TRUE
"Nrp2",TRUE
"Gm29083",TRUE
"Gm4208",TRUE
"Ino80d",TRUE
"Ino80dos",TRUE
"Gm20342",TRUE
"Ndufs1",TRUE
"Eef1b2",TRUE
"Gpr1",TRUE
"Platr12",TRUE
"Gm11608",TRUE
"Zdbf2",TRUE
"Adam23",TRUE
"Gm39653",TRUE
"Dytn",TRUE
"Mdh1b",TRUE
"Fastkd2",TRUE
"4933402D24Rik",TRUE
"Gm13749",TRUE
"Klf7",TRUE
"Gm13748",TRUE
"Gm28981",TRUE
"Creb1",TRUE
"Mettl21a",TRUE
"Gm28982",TRUE
"Gm29152",TRUE
"2810408I11Rik",TRUE
"Ccnyl1",TRUE
"Fzd5",TRUE
"Plekhm3",TRUE
"Akr1cl",TRUE
"Cryge",TRUE
"Crygd",FALSE
"Crygc",FALSE
"Crygb",FALSE
"Cryga",TRUE
"D630023F18Rik",TRUE
"Idh1",TRUE
"Pikfyve",TRUE
"Pth2r",TRUE
"Crygf",FALSE
"Map2",TRUE
"Gm10558",TRUE
"Unc80",TRUE
"Rpe",TRUE
"Kansl1l",TRUE
"Acadl",TRUE
"Myl1",TRUE
"Lancl1",TRUE
"Cps1",TRUE
"Gm15668",TRUE
"Gm15669",FALSE
"Gm15671",FALSE
"Erbb4",TRUE
"Gm16076",TRUE
"Gm28497",TRUE
"Gm29113",TRUE
"Gm29114",TRUE
"Ikzf2",TRUE
"Gm29112",TRUE
"Gm28112",TRUE
"Spag16",TRUE
"Vwc2l",TRUE
"Bard1",TRUE
"Abca12",TRUE
"Atic",TRUE
"Fn1",TRUE
"Apol7d",TRUE
"Gm8883",FALSE
"Gm28818",TRUE
"4933417E11Rik",TRUE
"4930556G22Rik",TRUE
"Gm4319",TRUE
"Mreg",TRUE
"Pecr",TRUE
"Tmem169",TRUE
"Xrcc5",TRUE
"March4",TRUE
"Smarcal1",TRUE
"Gm39662",TRUE
"Ankar",TRUE
"Rpl37a",TRUE
"Igfbp2",TRUE
"Igfbp5",TRUE
"1700027A15Rik",TRUE
"Tnp1",TRUE
"Gm29185",TRUE
"Pinc",FALSE
"D530049I02Rik",TRUE
"C530043A13Rik",FALSE
"Gm29186",TRUE
"6030407O03Rik",TRUE
"Gm29183",FALSE
"Tns1",TRUE
"Rufy4",TRUE
"Cxcr2",TRUE
"Cxcr1",FALSE
"Arpc2",TRUE
"Gpbar1",FALSE
"Aamp",TRUE
"Gm28364",FALSE
"Pnkd",TRUE
"Tmbim1",TRUE
"Gm29358",TRUE
"Catip",TRUE
"Slc11a1",TRUE
"Ctdsp1",TRUE
"Vil1",TRUE
"Usp37",TRUE
"Cnot9",TRUE
"Plcd4",TRUE
"Zfp142",TRUE
"Bcs1l",TRUE
"Rnf25",TRUE
"Stk36",TRUE
"Ttll4",TRUE
"Cyp27a1",TRUE
"Prkag3",TRUE
"Wnt6",TRUE
"Gm29539",FALSE
"Wnt10a",FALSE
"Gm16582",TRUE
"Cdk5r2",TRUE
"Fev",FALSE
"Cryba2",FALSE
"Cfap65",TRUE
"Gm15841",TRUE
"Ihh",TRUE
"Nhej1",TRUE
"Slc23a3",TRUE
"Cnppd1",TRUE
"Retreg2",TRUE
"Zfand2b",TRUE
"Abcb6",TRUE
"Atg9a",TRUE
"Ankzf1",TRUE
"Glb1l",TRUE
"Stk16",TRUE
"Tuba4a",TRUE
"A630095N17Rik",TRUE
"Dnajb2",TRUE
"Ptprn",TRUE
"Gm28294",TRUE
"Resp18",TRUE
"Gm28902",TRUE
"Dnpep",TRUE
"Des",TRUE
"Gm15179",TRUE
"Speg",TRUE
"Gm15178",TRUE
"Gmppa",TRUE
"Asic4",TRUE
"Chpf",TRUE
"Obsl1",TRUE
"Tmem198",TRUE
"Inha",TRUE
"Stk11ip",TRUE
"Slc4a3",TRUE
"Gm29065",FALSE
"Gm29069",TRUE
"Gm17751",TRUE
"Gm816",TRUE
"Epha4",TRUE
"Gm28386",FALSE
"Gm28387",TRUE
"Pax3",TRUE
"Sgpp2",TRUE
"Gm28410",TRUE
"Farsb",TRUE
"BC035947",TRUE
"Mogat1",TRUE
"5730419F03Rik",TRUE
"Gm29611",TRUE
"Acsl3",TRUE
"Utp14b",TRUE
"Gm29536",TRUE
"Kcne4",TRUE
"Gm29187",FALSE
"Scg2",TRUE
"Ap1s3",TRUE
"Wdfy1",TRUE
"Mrpl44",TRUE
"Serpine2",TRUE
"9830004L10Rik",TRUE
"Fam124b",TRUE
"2310015K22Rik",FALSE
"Cul3",TRUE
"Gm29125",FALSE
"1700016L21Rik",TRUE
"Gm45261",TRUE
"Dock10",TRUE
"Nyap2",TRUE
"Irs1",TRUE
"Gm9747",TRUE
"Rhbdd1",TRUE
"Gm28940",TRUE
"Col4a4",TRUE
"Col4a3",TRUE
"C430014B12Rik",TRUE
"Mff",TRUE
"Gm28941",TRUE
"Tm4sf20",TRUE
"Gm47791",FALSE
"Gm28942",FALSE
"Agfg1",TRUE
"A030005L19Rik",TRUE
"A030014E15Rik",FALSE
"Gm6217",TRUE
"A030003K21Rik",FALSE
"Gm7544",FALSE
"Gm47955",FALSE
"Gm47959",FALSE
"Slc19a3",TRUE
"Krtap28-10",TRUE
"Gm47969",TRUE
"A030005K14Rik",FALSE
"Krtap28-13",FALSE
"Ccl20",FALSE
"Daw1",TRUE
"Sphkap",TRUE
"4933436I20Rik",TRUE
"Pid1",TRUE
"Dner",TRUE
"Trip12",TRUE
"Fbxo36",TRUE
"Slc16a14",TRUE
"C130026I21Rik",TRUE
"A530032D15Rik",TRUE
"Gm10553",FALSE
"A530040E14Rik",TRUE
"Gm16028",TRUE
"Gm16025",FALSE
"Gm16092",FALSE
"G530012D18Rik",FALSE
"Sp110",TRUE
"Gm16094",FALSE
"Sp140",TRUE
"Gm10552",TRUE
"Gm17017",FALSE
"Sp100",TRUE
"A630001G21Rik",TRUE
"9930111H07Rik",FALSE
"Cab39",TRUE
"Itm2c",TRUE
"4933407L21Rik",TRUE
"Gm28884",TRUE
"Gpr55",TRUE
"Gm28100",TRUE
"Spata3",TRUE
"2810459M11Rik",TRUE
"Psmd1",TRUE
"Htr2b",TRUE
"Armc9",TRUE
"Gm16341",TRUE
"B3gnt7",TRUE
"Gm28626",FALSE
"Ncl",TRUE
"C130036L24Rik",TRUE
"Nmur1",TRUE
"Tex44",FALSE
"Ptma",TRUE
"Pde6d",TRUE
"Cops7b",TRUE
"Nppc",TRUE
"Dis3l2",TRUE
"Gm29055",TRUE
"Gm28375",TRUE
"Gm29371",TRUE
"Alppl2",FALSE
"Alpi",FALSE
"Akp3",FALSE
"Gm29374",TRUE
"Ecel1",TRUE
"Prss56",TRUE
"Chrnd",FALSE
"Chrng",TRUE
"Eif4e2",TRUE
"Efhd1",TRUE
"Efhd1os",FALSE
"Gigyf2",TRUE
"Kcnj13",TRUE
"Snorc",TRUE
"Ngef",TRUE
"Neu2",TRUE
"Inpp5d",TRUE
"Atg16l1",TRUE
"Sag",TRUE
"Dgkd",TRUE
"Gm19582",TRUE
"Usp40",TRUE
"Ugt1a10",FALSE
"Gm20528",TRUE
"Ugt1a9",FALSE
"Ugt1a8",FALSE
"Ugt1a7c",TRUE
"Ugt1a6b",FALSE
"Ugt1a6a",TRUE
"Ugt1a5",TRUE
"Ugt1a2",FALSE
"Dnajb3",TRUE
"Ugt1a1",FALSE
"Mroh2a",TRUE
"Hjurp",TRUE
"Trpm8",TRUE
"4930453O03Rik",TRUE
"Spp2",FALSE
"Gm29538",TRUE
"Gm28888",TRUE
"Glrp1",TRUE
"Gm19589",TRUE
"Gm29336",TRUE
"Arl4c",TRUE
"Platr5",FALSE
"Gm29337",TRUE
"1700067G17Rik",FALSE
"Sh3bp4",TRUE
"Gm28342",TRUE
"C030007H22Rik",TRUE
"Agap1",TRUE
"Gm28499",FALSE
"4933400F21Rik",TRUE
"Gbx2",FALSE
"D130058E05Rik",TRUE
"Asb18",TRUE
"Iqca",TRUE
"4930434B07Rik",FALSE
"Ackr3",TRUE
"Gm28721",TRUE
"Gm28723",TRUE
"Gm28722",FALSE
"Cops8",TRUE
"Gm9991",FALSE
"Col6a3",TRUE
"Mlph",TRUE
"Prlh",FALSE
"Rab17",FALSE
"Gm28199",FALSE
"Lrrfip1",TRUE
"Rbm44",TRUE
"Ramp1",TRUE
"Ube2f",TRUE
"Scly",TRUE
"Gm17090",TRUE
"Espnl",TRUE
"Klhl30",FALSE
"Erfe",TRUE
"Ilkap",TRUE
"1700020N18Rik",FALSE
"Hes6",TRUE
"Per2",TRUE
"Gm28382",FALSE
"Traf3ip1",TRUE
"Asb1",TRUE
"Gm28380",TRUE
"Gm29100",TRUE
"Twist2",TRUE
"Gm29101",TRUE
"Hdac4",TRUE
"Gm29099",TRUE
"Ndufa10",TRUE
"Olfr1416",FALSE
"Olfr1415",FALSE
"Olfr1414",FALSE
"Olfr1413",FALSE
"1700054K02Rik",FALSE
"Olfr1412",FALSE
"Olfr1411",FALSE
"Olfr1410",FALSE
"Olfr12",FALSE
"Cops9",TRUE
"Otos",TRUE
"Gm29483",TRUE
"Gm29482",FALSE
"Gm29481",TRUE
"Gpc1",TRUE
"Gm29480",TRUE
"Ankmy1",TRUE
"Dusp28",TRUE
"5033417F24Rik",TRUE
"Rnpepl1",TRUE
"9430060I03Rik",TRUE
"Capn10",TRUE
"Gpr35",TRUE
"Aqp12",TRUE
"Kif1a",TRUE
"Gm28086",FALSE
"Agxt",FALSE
"Mab21l4",FALSE
"Crocc2",TRUE
"Sned1",TRUE
"Mterf4",TRUE
"Gm28535",TRUE
"Pask",TRUE
"Ppp1r7",TRUE
"Ano7",TRUE
"Hdlbp",TRUE
"Sept2",TRUE
"Sept2.1",FALSE
"Farp2",TRUE
"Stk25",TRUE
"Gm28536",FALSE
"Bok",TRUE
"Thap4",TRUE
"Gm10550",TRUE
"Atg4b",TRUE
"Dtymk",TRUE
"Ing5",TRUE
"D2hgdh",TRUE
"Gal3st2",TRUE
"Gal3st2b",TRUE
"Gal3st2c",TRUE
"Neu4",TRUE
"Pdcd1",TRUE
"4930440C22Rik",FALSE
"Fam174a",TRUE
"St8sia4",TRUE
"4930598F16Rik",TRUE
"1700063A18Rik",FALSE
"Gm29601",FALSE
"4930533P14Rik",TRUE
"Slco4c1",TRUE
"Panct2",TRUE
"Gm28901",FALSE
"Slco6c1",TRUE
"D1Ertd622e",TRUE
"Ppip5k2",TRUE
"Gin1",TRUE
"Pam",TRUE
"B230216N24Rik",TRUE
"1810006J02Rik",FALSE
"Gm29461",TRUE
"Slco6d1",TRUE
"Gm7967",TRUE
"Cntnap5b",TRUE
"Gm20268",FALSE
"Gm28187",TRUE
"Cdh20",TRUE
"Gm15699",TRUE
"Gm29012",FALSE
"Rnf152",TRUE
"Gm17634",TRUE
"Gm28403",TRUE
"Pign",TRUE
"Gm28404",TRUE
"Relch",TRUE
"Tnfrsf11a",TRUE
"Gm7160",TRUE
"Zcchc2",TRUE
"Gm20753",TRUE
"Phlpp1",TRUE
"A530053M12Rik",TRUE
"Bcl2",TRUE
"D630008O14Rik",TRUE
"Kdsr",TRUE
"Vps4b",TRUE
"Serpinb5",TRUE
"Serpinb12",TRUE
"Serpinb13",FALSE
"Serpinb3a",TRUE
"Serpinb3d",FALSE
"Serpinb3b",TRUE
"Serpinb3c",FALSE
"Serpinb11",FALSE
"Gm15391",FALSE
"Serpinb7",TRUE
"Serpinb2",TRUE
"Serpinb8",TRUE
"Gm15389",TRUE
"D830032E09Rik",TRUE
"Cdh7",TRUE
"Cdh19",TRUE
"Gm29088",TRUE
"Dsel",TRUE
"Gm28189",FALSE
"9330185C12Rik",TRUE
"Cntnap5a",TRUE
"Gm19965",TRUE
"Zfp813-ps",FALSE
"Gm28363",TRUE
"B020011L13Rik",FALSE
"Gm28360",FALSE
"Gm28168",FALSE
"Gm7145",FALSE
"Gm29106",FALSE
"Tsn",TRUE
"Nifk",TRUE
"Gm28867",FALSE
"Clasp1",TRUE
"2900060B14Rik",TRUE
"Tfcp2l1",TRUE
"Gli2",TRUE
"Gm26831",TRUE
"Gm29456",TRUE
"Gm29455",TRUE
"Inhbb",TRUE
"Ralb",TRUE
"Gm27184",TRUE
"Tmem185b",TRUE
"3830432H09Rik",TRUE
"Epb41l5",TRUE
"Ptpn4",TRUE
"Gm28209",TRUE
"Tmem177",TRUE
"Cfap221",TRUE
"Sctr",TRUE
"Tmem37",TRUE
"Dbi",TRUE
"3110009E18Rik",TRUE
"Steap3",TRUE
"C1ql2",TRUE
"1700012E03Rik",FALSE
"Marco",FALSE
"En1",FALSE
"2610027F03Rik",TRUE
"Gm29346",FALSE
"Gm29345",FALSE
"Gm29348",FALSE
"Gm29347",FALSE
"Celrr",TRUE
"Gm29359",TRUE
"Insig2",TRUE
"2210011K15Rik",TRUE
"Ccdc93",TRUE
"Gm15392",TRUE
"Htr5b",TRUE
"Ddx18",TRUE
"Gm28590",TRUE
"Dpp10",TRUE
"1700121L03Rik",FALSE
"Actr3",TRUE
"Gm28706",FALSE
"Slc35f5",TRUE
"Gpr39",TRUE
"Lypd1",TRUE
"Nckap5",TRUE
"4930599A14Rik",TRUE
"Mgat5",TRUE
"Tmem163",TRUE
"Acmsd",TRUE
"2900009J06Rik",TRUE
"Ccnt2",TRUE
"Map3k19",TRUE
"Rab3gap1",TRUE
"Zranb3",TRUE
"Gm28800",TRUE
"R3hdm1",TRUE
"Ubxn4",TRUE
"Lct",TRUE
"Mcm6",TRUE
"Dars",TRUE
"Cxcr4",TRUE
"Gm26686",TRUE
"Thsd7b",TRUE
"Gm16081",TRUE
"Cd55b",TRUE
"Gm15674",TRUE
"Gm15675",TRUE
"Cd55",TRUE
"Gm16083",TRUE
"Zp3r",TRUE
"C4bp",TRUE
"Pfkfb2",TRUE
"Yod1",TRUE
"AA986860",TRUE
"Gm28857",TRUE
"Gm28856",TRUE
"Fcamr",FALSE
"Gm15848",FALSE
"Pigr",TRUE
"Fcmr",TRUE
"Il24",FALSE
"Il20",FALSE
"Il19",TRUE
"Il10",TRUE
"Mapkapk2",TRUE
"Dyrk3",TRUE
"Eif2d",TRUE
"Rassf5",TRUE
"Ikbke",TRUE
"Gm28914",TRUE
"Gm28913",TRUE
"Srgap2",TRUE
"Gm29488",TRUE
"Fam72a",TRUE
"Avpr1b",TRUE
"Ctse",TRUE
"Rab7b",TRUE
"Slc26a9",TRUE
"Pm20d1",TRUE
"Slc41a1",TRUE
"Rab29",TRUE
"Nucks1",TRUE
"Slc45a3",TRUE
"Elk4",TRUE
"Mfsd4a",TRUE
"Cdk18",TRUE
"Gm29629",TRUE
"Lemd1",TRUE
"Gm29695",TRUE
"Gm10188",TRUE
"Gm29630",FALSE
"Klhdc8a",TRUE
"Nuak2",TRUE
"F730311O21Rik",FALSE
"Tmcc2",TRUE
"Gm15849",TRUE
"Dstyk",TRUE
"6030442K20Rik",TRUE
"Rbbp5",TRUE
"Tmem81",TRUE
"Cntn2",TRUE
"Nfasc",TRUE
"Gm10538",TRUE
"Lrrn2",TRUE
"Mdm4",TRUE
"Pik3c2b",TRUE
"Gm28609",TRUE
"Ppp1r15b",TRUE
"Plekha6",TRUE
"Gm19461",TRUE
"Gm28040",TRUE
"Kiss1",FALSE
"Ren1",FALSE
"Etnk2",TRUE
"Sox13",TRUE
"Snrpe",TRUE
"Zc3h11a",TRUE
"Zc3h11a.1",FALSE
"Gm38394",TRUE
"Zbed6",FALSE
"Lax1",TRUE
"Atp2b4",TRUE
"Gm28441",FALSE
"Optc",TRUE
"Gm15851",TRUE
"Prelp",TRUE
"Gm1627",FALSE
"Fmod",TRUE
"Btg2",TRUE
"Chit1",TRUE
"Chil1",TRUE
"Mybph",TRUE
"Adora1",TRUE
"Myog",TRUE
"Ppfia4",TRUE
"Tmem183a",TRUE
"4933406M09Rik",FALSE
"Cyb5r1",TRUE
"Adipor1",TRUE
"Platr1",FALSE
"Klhl12",TRUE
"Rabif",TRUE
"Mgat4e",TRUE
"Kdm5b",TRUE
"Gm26783",FALSE
"Syt2",TRUE
"Ppp1r12b",TRUE
"Gm28892",TRUE
"Ube2t",TRUE
"Lgr6",TRUE
"Gm10535",TRUE
"Ptpn7",TRUE
"Arl8a",TRUE
"Gm15445",TRUE
"Gpr37l1",TRUE
"Gm26642",TRUE
"Elf3",FALSE
"Rnpep",TRUE
"Timm17a",TRUE
"Lmod1",TRUE
"Shisa4",TRUE
"Ipo9",TRUE
"Gm28277",TRUE
"Nav1",TRUE
"Gm4793",TRUE
"Csrp1",TRUE
"Phlda3",TRUE
"Tnni1",TRUE
"Lad1",TRUE
"Tnnt2",TRUE
"Pkp1",TRUE
"Igfn1",TRUE
"Tmem9",TRUE
"Ascl5",FALSE
"Cacna1s",TRUE
"Gm37759",TRUE
"Gm15850",TRUE
"Kif21b",TRUE
"Mroh3",TRUE
"Inava",TRUE
"Gm26568",TRUE
"A430034D21Rik",TRUE
"Gm37552",TRUE
"Gm26781",TRUE
"Gpr25",FALSE
"Camsap2",TRUE
"9230116N13Rik",TRUE
"Ddx59",TRUE
"Kif14",TRUE
"Gm37799",TRUE
"Gm33994",TRUE
"4933409D19Rik",TRUE
"Platr23",TRUE
"Zfp281",TRUE
"Gm19705",TRUE
"Platr22",TRUE
"Nr5a2",TRUE
"Gm4258",TRUE
"Gm26979",TRUE
"Gm26936",TRUE
"Gm26930",TRUE
"A430106G13Rik",TRUE
"Ptprc",TRUE
"Gm28556",FALSE
"Atp6v1g3",TRUE
"Nek7",TRUE
"Gm28501",TRUE
"Gm5833",TRUE
"Lhx9",TRUE
"2310009B15Rik",TRUE
"1700019P21Rik",FALSE
"Dennd1b",TRUE
"4930596I21Rik",FALSE
"Crb1",TRUE
"4933436E23Rik",TRUE
"Gm34816",TRUE
"Zbtb41",TRUE
"Aspm",TRUE
"F13b",TRUE
"Cfhr1",FALSE
"Gm4788",TRUE
"Cfhr2",TRUE
"Cfh",TRUE
"Kcnt2",TRUE
"4930590L20Rik",TRUE
"Cdc73",TRUE
"B3galt2",TRUE
"Glrx2",TRUE
"Ro60",TRUE
"Uchl5",TRUE
"Gm29170",TRUE
"Rgs2",TRUE
"Rgs13",TRUE
"Rgs1",TRUE
"Rgs21",TRUE
"Rgs18",TRUE
"Gm29514",TRUE
"Brinp3",TRUE
"A230059L01Rik",TRUE
"Gm15584",TRUE
"Gm29515",FALSE
"Gm29020",TRUE
"Gm29398",TRUE
"Pla2g4a",TRUE
"Ptgs2os",TRUE
"Ptgs2",TRUE
"Ptgs2os2",FALSE
"Pdc",TRUE
"2310030A07Rik",TRUE
"Odr4",TRUE
"Tpr",TRUE
"Prg4",TRUE
"Hmcn1",TRUE
"Gm20631",TRUE
"Gm29188",FALSE
"C730036E19Rik",FALSE
"Gm47985",FALSE
"Gm8947",FALSE
"Gm47995",FALSE
"3110040M04Rik",FALSE
"Gm47996",FALSE
"Gm10138",TRUE
"Ivns1abp",TRUE
"Swt1",TRUE
"Trmt1l",TRUE
"Rnf2",TRUE
"Gm28181",FALSE
"Fam129a",TRUE
"2810414N06Rik",TRUE
"Edem3",TRUE
"1700025G04Rik",TRUE
"Gm28610",TRUE
"Tsen15",TRUE
"Colgalt2",TRUE
"Rgl1",TRUE
"Gm15479",TRUE
"Gm28792",TRUE
"Apobec4",TRUE
"Arpc5",TRUE
"Ncf2",TRUE
"Smg7",TRUE
"Gm28791",TRUE
"Nmnat2",TRUE
"Gm28960",TRUE
"Lamc2",TRUE
"Lamc1",TRUE
"E330020D12Rik",TRUE
"Shcbp1l",TRUE
"Dhx9",TRUE
"Npl",TRUE
"Rgs8",TRUE
"Gm29529",TRUE
"C230024C17Rik",TRUE
"Rgs16",TRUE
"Gm28513",TRUE
"Rnasel",TRUE
"Gm28512",FALSE
"Rgsl1",TRUE
"Teddm2",TRUE
"Teddm1b",TRUE
"Teddm1a",TRUE
"Glul",TRUE
"Gm29290",FALSE
"Gm29291",TRUE
"Gm28286",TRUE
"A830008E24Rik",TRUE
"Zfp648",TRUE
"4930452N14Rik",TRUE
"4930532M18Rik",TRUE
"Cacna1e",TRUE
"Gm29282",TRUE
"Gm9530",TRUE
"Ier5",TRUE
"Mr1",TRUE
"Stx6",TRUE
"BC034090",TRUE
"Gm37622",FALSE
"Xpr1",TRUE
"Gm5532",TRUE
"Acbd6",TRUE
"Lhx4",TRUE
"Qsox1",TRUE
"Gm37571",TRUE
"Cep350",TRUE
"Tor1aip1",TRUE
"Tor1aip2",TRUE
"Fam163a",TRUE
"Tdrd5",TRUE
"4930518J20Rik",FALSE
"Nphs2",TRUE
"Axdnd1",TRUE
"Gm2000",TRUE
"Soat1",TRUE
"Abl2",TRUE
"Tor3a",TRUE
"Fam20b",TRUE
"Ralgps2",TRUE
"Angptl1",TRUE
"4930439D14Rik",TRUE
"Gm28694",TRUE
"Tex35",TRUE
"Rasal2",TRUE
"Cryzl2",TRUE
"Gm15486",TRUE
"Sec16b",TRUE
"Brinp2",TRUE
"Astn1",TRUE
"Gm37679",TRUE
"Pappa2",TRUE
"1600012P17Rik",FALSE
"4930562F17Rik",TRUE
"Cop1",TRUE
"Tnr",TRUE
"Gm10530",TRUE
"Gm38039",TRUE
"Gm37294",TRUE
"4930523C07Rik",TRUE
"4930562F07Rik",FALSE
"Tnn",TRUE
"Mrps14",TRUE
"Cacybp",TRUE
"Rabgap1l",TRUE
"Gm36975",TRUE
"Gm37529",TRUE
"Gpr52",TRUE
"Gm37328",TRUE
"Gm37083",TRUE
"Gm38060",FALSE
"Rc3h1",TRUE
"Serpinc1",TRUE
"Zbtb37",TRUE
"Gm37362",TRUE
"Gas5",TRUE
"Dars2",TRUE
"Gm37634",TRUE
"Cenpl",TRUE
"Klhl20",TRUE
"Ankrd45",TRUE
"Tex50",TRUE
"Prdx6",TRUE
"Tnfsf4",TRUE
"Tnfsf18",TRUE
"Fasl",TRUE
"Suco",TRUE
"Gm31925",TRUE
"4930558K02Rik",TRUE
"Pigc",TRUE
"Gm38304",TRUE
"Dnm3",TRUE
"2810442N19Rik",TRUE
"Dnm3os",TRUE
"Eef1aknmt",TRUE
"Vamp4",TRUE
"Myoc",TRUE
"Myocos",FALSE
"Prrc2c",TRUE
"Fmo4",TRUE
"Fmo1",TRUE
"Fmo2",TRUE
"Fmo6",FALSE
"Fmo3",TRUE
"Gm37273",TRUE
"Mroh9",TRUE
"Prrx1",TRUE
"Gm20471",TRUE
"Gorab",TRUE
"Gm29500",TRUE
"Mettl11b",TRUE
"Kifap3",TRUE
"Scyl3",TRUE
"BC055324",TRUE
"Mettl18",TRUE
"Sele",FALSE
"Sell",FALSE
"Selp",TRUE
"Gm16587",TRUE
"Gm16548",FALSE
"F5",TRUE
"Slc19a2",TRUE
"Ccdc181",TRUE
"Blzf1",TRUE
"Nme7",TRUE
"Atp1b1",TRUE
"Gm32391",TRUE
"Gm26685",FALSE
"Gm37754",TRUE
"Gm37853",TRUE
"Gm37184",TRUE
"Gm36945",TRUE
"Dpt",TRUE
"Gm32569",TRUE
"Gm20743",TRUE
"Xcl1",FALSE
"1700029M03Rik",FALSE
"4930568G15Rik",TRUE
"Tbx19",TRUE
"Sft2d2",TRUE
"Tiprl",TRUE
"Gm38190",TRUE
"Gpr161",TRUE
"Dcaf6",TRUE
"Gm37864",TRUE
"Mpc2",TRUE
"Adcy10",TRUE
"Gm38325",TRUE
"Mpzl1",TRUE
"Rcsd1",TRUE
"Gm37073",TRUE
"Creg1",TRUE
"Gm36972",TRUE
"Gm16565",TRUE
"Cd247",TRUE
"Gm37469",FALSE
"Pou2f1",TRUE
"Gm26665",TRUE
"Gm37923",FALSE
"Dusp27",TRUE
"Gpa33",TRUE
"Mael",TRUE
"Ildr2",TRUE
"5330438I03Rik",TRUE
"Gm15853",TRUE
"Tada1",TRUE
"Pogk",TRUE
"Gm4846",FALSE
"Gm4847",FALSE
"Fmo9",FALSE
"Gm16701",TRUE
"Gm16701.1",TRUE
"Fam78b",TRUE
"Uck2",TRUE
"Gm37982",TRUE
"Gm2453",TRUE
"Tmco1",TRUE
"Aldh9a1",TRUE
"Mgst3",TRUE
"Lrrc52",TRUE
"Rxrg",TRUE
"Lmx1a",TRUE
"Gm20711",TRUE
"Pbx1",TRUE
"Gm37839",TRUE
"Nuf2",TRUE
"Rgs5",TRUE
"Rgs4",TRUE
"Ccdc190",TRUE
"Gm15852",TRUE
"Hsd17b7",TRUE
"3110045C21Rik",TRUE
"Ddr2",TRUE
"Uap1",TRUE
"Gm37748",TRUE
"Gm37502",TRUE
"Uhmk1",TRUE
"4930500M09Rik",FALSE
"Sh2d1b2",TRUE
"Sh2d1b1",TRUE
"Gm7694",TRUE
"Nos1ap",TRUE
"Spata46",TRUE
"Olfml2b",TRUE
"Atf6",TRUE
"Gm9929",TRUE
"Dusp12",TRUE
"Gm26620",TRUE
"Fcrlb",TRUE
"Fcrla",TRUE
"Fcgr2b",TRUE
"Gm38204",TRUE
"Gm10522",TRUE
"Fcgr4",TRUE
"Fcgr3",TRUE
"Cfap126",TRUE
"Sdhc",TRUE
"Mpz",TRUE
"Pcp4l1",TRUE
"Nr1i3",TRUE
"Tomm40l",TRUE
"Apoa2",TRUE
"Fcer1g",TRUE
"Ndufs2",TRUE
"Adamts4",TRUE
"B4galt3",TRUE
"Ppox",TRUE
"Usp21",TRUE
"Ufc1",TRUE
"Gm20045",TRUE
"Dedd",TRUE
"Nit1",TRUE
"Pfdn2",TRUE
"Klhdc9",TRUE
"Nectin4",TRUE
"Arhgap30",TRUE
"Usf1",TRUE
"Tstd1",TRUE
"F11r",TRUE
"B930036N10Rik",TRUE
"Alyref2",TRUE
"Itln1",TRUE
"Cd244a",TRUE
"Ly9",TRUE
"Slamf7",TRUE
"Gm37787",FALSE
"A630035G10Rik",FALSE
"Cd48",TRUE
"Slamf1",TRUE
"Cd84",TRUE
"Gm10521",TRUE
"Gm37065",TRUE
"Slamf6",TRUE
"Vangl2",TRUE
"Nhlh1",FALSE
"Ncstn",TRUE
"Copa",TRUE
"Gm37756",TRUE
"Pex19",TRUE
"Dcaf8",TRUE
"Pea15a",TRUE
"Casq1",TRUE
"Gm17224",TRUE
"Atp1a4",TRUE
"Gm37950",FALSE
"Igsf8",TRUE
"Atp1a2",TRUE
"Kcnj9",TRUE
"Gm36937",TRUE
"Kcnj10",TRUE
"Pigm",TRUE
"Slamf9",TRUE
"Igsf9",TRUE
"Tagln2",TRUE
"Cfap45",TRUE
"4933439K11Rik",TRUE
"Vsig8",TRUE
"Slamf8",TRUE
"Fcrl6",TRUE
"Dusp23",TRUE
"Crp",TRUE
"Apcs",FALSE
"Olfr16",FALSE
"Olfr1408",FALSE
"Olfr1406",FALSE
"Olfr218",FALSE
"Olfr1404",FALSE
"Fcer1a",FALSE
"Olfr418",FALSE
"Mptx2",FALSE
"Ackr1",TRUE
"Cadm3",TRUE
"Aim2",TRUE
"Ifi206",TRUE
"Ifi214",FALSE
"Ifi213",TRUE
"Ifi209",TRUE
"Ifi208",FALSE
"Ifi207",TRUE
"Ifi204",TRUE
"Mndal",TRUE
"Ifi211",TRUE
"Ifi203",TRUE
"Ifi202b",TRUE
"Ifi205",FALSE
"Olfr433",FALSE
"Olfr432",FALSE
"Olfr430",FALSE
"Olfr429",FALSE
"Olfr427",FALSE
"Olfr231",FALSE
"Olfr424",FALSE
"Olfr420",FALSE
"Spta1",TRUE
"Olfr419",FALSE
"Mptx1",FALSE
"Olfr417",TRUE
"Olfr248",FALSE
"Olfr414",TRUE
"Olfr220",TRUE
"Fmn2",TRUE
"Grem2",TRUE
"Rgs7",TRUE
"Gm36307",TRUE
"Fh1",TRUE
"Kmo",TRUE
"Opn3",TRUE
"Chml",TRUE
"Wdr64",TRUE
"Exo1",TRUE
"Gm38100",FALSE
"Pld5",TRUE
"Rbm8a2",TRUE
"Gm38101",TRUE
"Gm36536",TRUE
"Cep170",TRUE
"Gm36992",TRUE
"Sdccag8",TRUE
"Gm15423",TRUE
"Akt3",TRUE
"Gm26801",TRUE
"Zbtb18",TRUE
"Gm29856",TRUE
"Gm37306",TRUE
"Gm37280",TRUE
"2310043L19Rik",FALSE
"1700016C15Rik",TRUE
"Adss",TRUE
"Catspere1",TRUE
"Catspere2",TRUE
"Desi2",TRUE
"4930527J03Rik",TRUE
"B230369F24Rik",TRUE
"Cox20",TRUE
"Hnrnpu",TRUE
"Efcab2",TRUE
"Kif26b",TRUE
"Gm16564",TRUE
"Smyd3",TRUE
"Tfb2m",TRUE
"Cnst",TRUE
"Sccpdh",TRUE
"Kif28",TRUE
"Ahctf1",TRUE
"Gm10518",FALSE
"Cdc42bpa",TRUE
"Coq8a",TRUE
"Gm37336",TRUE
"Psen2",TRUE
"Gm31728",TRUE
"Itpkb",TRUE
"Stum",TRUE
"Gm37267",TRUE
"Parp1",TRUE
"Lin9",TRUE
"Mixl1",FALSE
"Acbd3",TRUE
"Gm37768",TRUE
"Gm38293",TRUE
"H3f3a",TRUE
"H3f3aos",TRUE
"Sde2",TRUE
"Lefty2",TRUE
"Pycr2",TRUE
"Lefty1",TRUE
"Tmem63a",TRUE
"2210411M09Rik",TRUE
"Ephx1",TRUE
"9130409I23Rik",TRUE
"Gm37406",FALSE
"Nvl",TRUE
"Cnih4",TRUE
"Wdr26",TRUE
"A430110L20Rik",TRUE
"Cnih3",TRUE
"Ccdc121",TRUE
"Dnah14",TRUE
"Lbr",TRUE
"Gm5533",FALSE
"Enah",TRUE
"Srp9",TRUE
"Vmn1r1",TRUE
"Degs1",TRUE
"1700047M11Rik",TRUE
"Fbxo28",TRUE
"Trp53bp2",TRUE
"Capn2",TRUE
"Gm37885",TRUE
"Capn8",TRUE
"Gm37218",FALSE
"Ccdc185",FALSE
"Susd4",TRUE
"Tlr5",TRUE
"Gm38079",FALSE
"Disp1",TRUE
"Brox",TRUE
"Aida",TRUE
"Mia3",TRUE
"Taf1a",TRUE
"Gm37986",TRUE
"Hhipl2",TRUE
"Gm37214",TRUE
"Gm33973",FALSE
"Gm34068",TRUE
"Gm38108",FALSE
"Dusp10",TRUE
"1700056E22Rik",FALSE
"Gm37223",FALSE
"Gm37712",FALSE
"1700112H15Rik",TRUE
"Gm37800",TRUE
"4930488B22Rik",FALSE
"Hlx",TRUE
"Gm34342",TRUE
"Marc1",TRUE
"Marc2",TRUE
"C130074G19Rik",TRUE
"Mark1",TRUE
"Gm38251",TRUE
"Gm34732",FALSE
"4930433J02Rik",FALSE
"Gm37662",FALSE
"Rab3gap2",TRUE
"Gm34882",TRUE
"Iars2",TRUE
"2010103J01Rik",TRUE
"Bpnt1",TRUE
"4930532G15Rik",TRUE
"Eprs",TRUE
"9630028B13Rik",TRUE
"Gm2061",TRUE
"Slc30a10",TRUE
"Gm38093",TRUE
"Lyplal1",TRUE
"Gm37134",TRUE
"A730004F24Rik",TRUE
"Tgfb2",TRUE
"Gm29491",TRUE
"Rrp15",TRUE
"A430105J06Rik",TRUE
"1700023G09Rik",FALSE
"Gm37912",FALSE
"D1Pas1",FALSE
"Spata17",TRUE
"Gm15509",TRUE
"1700007P06Rik",TRUE
"Gpatch2",TRUE
"Gm38155",TRUE
"Gm37896",TRUE
"Esrrg",TRUE
"Gm36388",TRUE
"9330162B11Rik",TRUE
"Gm38064",FALSE
"Ush2a",TRUE
"Kctd3",TRUE
"Kcnk2",TRUE
"2900042K21Rik",TRUE
"A430027H14Rik",TRUE
"Cenpf",TRUE
"Ptpn14",TRUE
"Gm26574",TRUE
"Gm37422",TRUE
"Smyd2",TRUE
"Prox1",TRUE
"Gm28172",TRUE
"Prox1os",TRUE
"Gm29678",FALSE
"Gm30725",TRUE
"Gm30932",FALSE
"Rps6kc1",TRUE
"Angel2",TRUE
"Vash2",TRUE
"Gm31373",FALSE
"Flvcr1",TRUE
"A230020J21Rik",TRUE
"Spata45",TRUE
"Tatdn3",TRUE
"Nsl1",TRUE
"Gm38188",FALSE
"Batf3",TRUE
"Gm38161",FALSE
"Fam71a",FALSE
"Atf3",TRUE
"D730003I15Rik",TRUE
"Gm37168",TRUE
"Nenf",TRUE
"Pacc1",TRUE
"Ppp2r5a",TRUE
"Gm32200",TRUE
"Gm37432",TRUE
"Dtl",TRUE
"Ints7",TRUE
"Lpgat1",TRUE
"Gm38037",TRUE
"Nek2",TRUE
"1700034H15Rik",TRUE
"Slc30a1",TRUE
"Rd3",TRUE
"Gm26670",TRUE
"Traf5",TRUE
"Gm26879",TRUE
"Rcor3",TRUE
"Gm10516",TRUE
"Kcnh1",TRUE
"Hhat",TRUE
"1700065J18Rik",TRUE
"Sertad4",TRUE
"Gm15867",TRUE
"Syt14",TRUE
"Gm31406",FALSE
"Utp25",TRUE
"Irf6",TRUE
"A130010J15Rik",TRUE
"Traf3ip3",TRUE
"Gm15872",TRUE
"4930570N18Rik",TRUE
"Lamb3",TRUE
"Hsd11b1",TRUE
"G0s2",TRUE
"Gm37650",FALSE
"Camk1g",TRUE
"Mir205hg",FALSE
"4930503O07Rik",TRUE
"Plxna2",TRUE
"Cd34",TRUE
"Gm16897",TRUE
"A330023F24Rik",TRUE
"Gm32250",TRUE
"Gm37027",TRUE
"Cd46",TRUE
"Cr1l",TRUE
"Cr2",TRUE
"Fam171a1",TRUE
"Nmt2",TRUE
"Rpp38",TRUE
"Acbd7",TRUE
"Olah",TRUE
"Gm37525",FALSE
"Meig1",TRUE
"Dclre1c",TRUE
"Suv39h2",TRUE
"Gm13184",TRUE
"Hspa14",TRUE
"Gm45902",TRUE
"Cdnf",TRUE
"Fam107b",TRUE
"Gm13185",TRUE
"Gm13180",TRUE
"Gm13191",FALSE
"Frmd4a",TRUE
"Gm10862",TRUE
"Gm38085",TRUE
"1700080N15Rik",TRUE
"Gm13189",FALSE
"Gm37814",TRUE
"Gm37107",TRUE
"Gm38348",TRUE
"Gm13187",TRUE
"Gm36988",TRUE
"Gm13175",TRUE
"Gm13179",TRUE
"Prpf18",TRUE
"Bend7",TRUE
"Sephs1",TRUE
"Phyh",TRUE
"Ucma",TRUE
"Mcm10",TRUE
"Optn",TRUE
"4930551O13Rik",TRUE
"Ccdc3",TRUE
"Camk1d",TRUE
"Cdc123",TRUE
"Nudt5",TRUE
"Gm13199",TRUE
"Sec61a2",TRUE
"Gm13267",TRUE
"Dhtkd1",TRUE
"Upf2",TRUE
"Proser2",TRUE
"Gm10857",FALSE
"Echdc3",TRUE
"A230108P19Rik",TRUE
"Gm13383",TRUE
"AL845275.1",FALSE
"Usp6nl",TRUE
"Gm13388",TRUE
"Gm13391",TRUE
"Celf2",TRUE
"Gm13389",TRUE
"Gm10855",TRUE
"Gm10115",TRUE
"Gm28641",TRUE
"Gm13211",TRUE
"1700061F12Rik",FALSE
"Gm13219",TRUE
"Gm13218",TRUE
"Gata3",FALSE
"Gm13256",FALSE
"4930412O13Rik",FALSE
"9230102O04Rik",FALSE
"Gm13262",TRUE
"Taf3",TRUE
"Atp5c1",TRUE
"Kin",TRUE
"Itih2",TRUE
"Itih5",TRUE
"Gm13261",TRUE
"Sfmbt2",TRUE
"Gm13264",TRUE
"Prkcq",TRUE
"Gm38171",TRUE
"8030442B05Rik",TRUE
"Gm13293",TRUE
"Gm13291",TRUE
"Pfkfb3",TRUE
"Gm10851",TRUE
"Rbm17",TRUE
"Gm17490",FALSE
"Il2ra",TRUE
"Il15ra",TRUE
"Fbh1",TRUE
"Ankrd16",TRUE
"Itga8",TRUE
"E030013I19Rik",TRUE
"Mindy3",TRUE
"Gm37565",TRUE
"Pter",TRUE
"C1ql3",TRUE
"Rsu1",TRUE
"Gm13270",TRUE
"Cubn",TRUE
"Trdmt1",TRUE
"Vim",TRUE
"St8sia6",TRUE
"Gm37126",TRUE
"Hacd1",TRUE
"Stamos",TRUE
"Stam",TRUE
"Tmem236",TRUE
"Mrc1",TRUE
"Slc39a12",TRUE
"Gm13266",TRUE
"Cacnb2",TRUE
"Gm10848",TRUE
"Gm13269",TRUE
"Nsun6",TRUE
"Arl5b",TRUE
"Malrd1",TRUE
"Plxdc2",TRUE
"Gm13322",TRUE
"Nebl",TRUE
"Gm13324",TRUE
"H2al2a",FALSE
"A930004D18Rik",TRUE
"Gm13330",TRUE
"Skida1",TRUE
"1810059C17Rik",TRUE
"Mllt10",TRUE
"Dnajc1",TRUE
"Commd3",TRUE
"Bmi1",TRUE
"Spag6",TRUE
"Gm20539",TRUE
"Carlr",TRUE
"Pip4k2a",TRUE
"4930426L09Rik",TRUE
"Armc3",TRUE
"4930447M23Rik",TRUE
"Msrb2",TRUE
"Gm33940",TRUE
"Gm13344",TRUE
"Ptf1aos",FALSE
"Ptf1a",FALSE
"1810010K12Rik",TRUE
"4921504E06Rik",TRUE
"Gm13348",FALSE
"Otud1",TRUE
"Gm13346",TRUE
"Etl4",TRUE
"Gm17171",TRUE
"Gm13335",TRUE
"Gm13362",TRUE
"Arhgap21",TRUE
"Gm13380",TRUE
"Gm13375",TRUE
"Gm13376",TRUE
"Enkur",TRUE
"Thnsl1",TRUE
"Gm13327",TRUE
"Gpr158",TRUE
"Myo3a",TRUE
"Gad2",TRUE
"1700092C17Rik",TRUE
"Apbb1ip",TRUE
"Pdss1",TRUE
"Abi1",TRUE
"Acbd5",TRUE
"Mastl",TRUE
"Yme1l1",TRUE
"4931423N10Rik",TRUE
"Nxph2",TRUE
"Spopl",TRUE
"Hnmt",TRUE
"Tbpl2",FALSE
"Il1f8",FALSE
"Il1f9",FALSE
"Il1f6",FALSE
"Il1f5",FALSE
"Il1f10",FALSE
"Gm13411",FALSE
"Il1rn",FALSE
"Psd4",TRUE
"Pax8",TRUE
"Gm13415",TRUE
"Gm13417",TRUE
"Cacna1b",TRUE
"Ehmt1",TRUE
"Arrdc1",TRUE
"Zmynd19",TRUE
"Dph7",TRUE
"Mrpl41",TRUE
"Pnpla7",TRUE
"Nsmf",TRUE
"Entpd8",FALSE
"Noxa1",FALSE
"Gm13387",TRUE
"Nrarp",TRUE
"Gm38287",TRUE
"Tor4a",TRUE
"Nelfb",TRUE
"Stpg3",FALSE
"Fam166a",TRUE
"Tubb4b",TRUE
"Slc34a3",FALSE
"Rnf224",FALSE
"Cysrt1",TRUE
"Rnf208",TRUE
"Ndor1",TRUE
"Tmem203",TRUE
"Tprn",TRUE
"Ssna1",TRUE
"Anapc2",TRUE
"Tmem210",TRUE
"Lrrc26",TRUE
"Grin1",TRUE
"Grin1os",TRUE
"Man1b1",TRUE
"Dpp7",TRUE
"Uap1l1",TRUE
"Sapcd2",TRUE
"Entpd2",TRUE
"Npdc1",TRUE
"Fut7",TRUE
"Abca2",TRUE
"Paxx",TRUE
"Clic3",TRUE
"Ptgds",TRUE
"Lcn12",FALSE
"C8g",TRUE
"Fbxw5",TRUE
"Traf2",TRUE
"Edf1",TRUE
"Mamdc4",TRUE
"Phpt1",TRUE
"Ajm1",TRUE
"Rabl6",TRUE
"Fcnaos",TRUE
"Ccdc183",TRUE
"Tmem141",TRUE
"Fcna",TRUE
"Lcn8",FALSE
"Lcn5",FALSE
"Lcn6",FALSE
"Lcn10",FALSE
"Obp2a",FALSE
"A230005M16Rik",TRUE
"Bmyc",TRUE
"Obp2b",TRUE
"Lcn3",FALSE
"Lcn11",FALSE
"Gm13539",FALSE
"Gm13538",TRUE
"Glt6d1",TRUE
"Lcn9",FALSE
"Sohlh1",FALSE
"Kcnt1",TRUE
"Camsap1",TRUE
"Ubac1",TRUE
"Nacc2",TRUE
"Gm13554",TRUE
"Tmem250-ps",TRUE
"1810012K08Rik",TRUE
"Gm13553",FALSE
"Lhx3",TRUE
"Gm27196",TRUE
"Qsox2",TRUE
"Ccdc187",TRUE
"Gpsm1",TRUE
"Dnlz",TRUE
"Card9",TRUE
"Gm13562",TRUE
"Snapc4",TRUE
"Gm13563",TRUE
"Entr1",TRUE
"Pmpca",TRUE
"Inpp5e",TRUE
"Sec16a",TRUE
"0610009E02Rik",TRUE
"Gm13568",TRUE
"Notch1",TRUE
"Egfl7",TRUE
"Agpat2",TRUE
"Dipk1b",TRUE
"Snhg7os",FALSE
"Lcn4",FALSE
"Abo",FALSE
"Surf6",TRUE
"Med22",TRUE
"Rpl7a",TRUE
"Surf1",TRUE
"Surf2",TRUE
"Surf4",TRUE
"Stkld1",TRUE
"Rexo4",TRUE
"Adamts13",TRUE
"Cacfd1",TRUE
"Slc2a6",TRUE
"Gm13398",FALSE
"Mymk",TRUE
"Adamtsl2",TRUE
"Fam163b",TRUE
"Dbhos",TRUE
"Dbh",TRUE
"Sardh",TRUE
"Sardhos",TRUE
"Vav2",TRUE
"AA645442",TRUE
"Brd3os",TRUE
"Brd3",TRUE
"Wdr5",TRUE
"Gm13421",TRUE
"Rxra",TRUE
"2810430I11Rik",FALSE
"Col5a1",TRUE
"Gm13372",TRUE
"Fcnb",TRUE
"Gm13371",FALSE
"F730016J06Rik",TRUE
"Olfm1",TRUE
"Gm13373",TRUE
"Ppp1r26",TRUE
"1700007K13Rik",TRUE
"Mrps2",TRUE
"Gbgt1",TRUE
"Gm10134",TRUE
"Ralgds",TRUE
"Cel",TRUE
"Gm13381",TRUE
"Gtf3c5",TRUE
"Gfi1b",FALSE
"Tsc1",TRUE
"Spaca9",TRUE
"Ak8",TRUE
"Gtf3c4",TRUE
"Ddx31",TRUE
"Barhl1",TRUE
"Cfap77",TRUE
"Ttf1",TRUE
"Gm13393",TRUE
"Setx",TRUE
"Ntng2",TRUE
"6530402F18Rik",TRUE
"Med27",TRUE
"Gm13402",TRUE
"Rapgef1",TRUE
"Gm13420",TRUE
"Gm13547",TRUE
"Trub2",TRUE
"Coq4",TRUE
"Slc27a4",TRUE
"Urm1",TRUE
"2600006K01Rik",TRUE
"Cercam",TRUE
"Odf2",TRUE
"Gle1",TRUE
"Sptan1",TRUE
"Wdr34",TRUE
"Set",TRUE
"Pkn3",TRUE
"Zdhhc12",TRUE
"Zer1",TRUE
"Tbc1d13",TRUE
"Endog",TRUE
"Spout1",TRUE
"Kyat1",TRUE
"1700084E18Rik",TRUE
"Lrrc8a",TRUE
"Phyhd1",TRUE
"Dolk",TRUE
"Nup188",TRUE
"Gm14471",TRUE
"Sh3glb2",TRUE
"Miga2",TRUE
"Dolpp1",TRUE
"Crat",TRUE
"Gm16323",TRUE
"Ptpa",TRUE
"Ier5l",TRUE
"Gm14487",TRUE
"Cstad",TRUE
"9330198N18Rik",TRUE
"Gm14486",TRUE
"Gm14488",TRUE
"1700001O22Rik",TRUE
"4930527E20Rik",TRUE
"Ntmt1",TRUE
"Asb6",TRUE
"Prrx2",TRUE
"Ptges",TRUE
"Tor1b",TRUE
"Tor1a",TRUE
"BC005624",TRUE
"Usp20",TRUE
"Fnbp1",TRUE
"D330023K18Rik",TRUE
"Gpr107",TRUE
"Gm13405",TRUE
"Ncs1",TRUE
"Hmcn2",TRUE
"Ass1",TRUE
"Fubp3",TRUE
"Gm13425",FALSE
"Prdm12",TRUE
"Exosc2",TRUE
"Gm13427",TRUE
"Abl1",TRUE
"Qrfp",TRUE
"Fibcd1",TRUE
"Gm13441",FALSE
"Lamc3",TRUE
"Aif1l",TRUE
"Gm13442",FALSE
"Nup214",TRUE
"Gm13609",TRUE
"Fam78a",TRUE
"Gm16534",FALSE
"Plpp7",TRUE
"Prrc2b",TRUE
"Gm13610",TRUE
"Pomt1",TRUE
"Uck1",TRUE
"Swi5",TRUE
"Golga2",TRUE
"Dnm1",TRUE
"Ciz1",TRUE
"1110008P14Rik",TRUE
"Lcn2",FALSE
"Ptges2",TRUE
"Slc25a25",TRUE
"Naif1",TRUE
"Gm13412",TRUE
"Fam102a",TRUE
"Dpm2",TRUE
"9430097D07Rik",TRUE
"Pip5kl1",TRUE
"St6galnac4",TRUE
"St6galnac6",TRUE
"Ak1",TRUE
"Eng",TRUE
"Fpgs",TRUE
"Cdk9",TRUE
"Sh2d3c",TRUE
"6330409D20Rik",TRUE
"Ttc16",TRUE
"Tor2a",TRUE
"Ptrh1",TRUE
"Cfap157",TRUE
"Stxbp1",TRUE
"Gm13524",TRUE
"Gm13523",TRUE
"Fam129b",TRUE
"Lrsam1",TRUE
"Rpl12",TRUE
"Slc2a8",TRUE
"Garnl3",TRUE
"Ralgps1",TRUE
"Gm13528",TRUE
"Angptl2",TRUE
"Zbtb34",TRUE
"Gm13536",TRUE
"Zbtb43",TRUE
"Gm13530",TRUE
"Lmx1b",TRUE
"C130021I20Rik",FALSE
"9430024E24Rik",TRUE
"Mvb12b",TRUE
"Nron",TRUE
"Gm13403",TRUE
"Gm13404",TRUE
"C230014O12Rik",TRUE
"Gm38389",TRUE
"Pbx3",TRUE
"C79798",TRUE
"Mapkap1",TRUE
"Gapvd1",TRUE
"Hspa5",TRUE
"Rabepk",TRUE
"Fbxw2",TRUE
"Gm34653",TRUE
"Psmd5",TRUE
"Cutal",TRUE
"Phf19",TRUE
"Gm13448",FALSE
"Traf1",TRUE
"Hc",TRUE
"Gm13449",TRUE
"AI182371",TRUE
"Cntrl",TRUE
"Rab14",TRUE
"Gm13605",FALSE
"Gsn",TRUE
"Stom",TRUE
"4930568D16Rik",TRUE
"4930402F06Rik",TRUE
"Ggta1",TRUE
"Gm35202",FALSE
"Gm13446",TRUE
"Dab2ip",TRUE
"Ttll11",TRUE
"9030204H09Rik",TRUE
"Ndufa8",TRUE
"Morn5",TRUE
"Lhx6",TRUE
"Rbm18",TRUE
"Mrrf",TRUE
"Gm13429",TRUE
"Gm13431",TRUE
"Ptgs1",TRUE
"Olfr338",TRUE
"Olfr339",FALSE
"Olfr340",FALSE
"Olfr341",FALSE
"Olfr342",FALSE
"Olfr344",TRUE
"Olfr345",FALSE
"Olfr346",FALSE
"Olfr347",FALSE
"Olfr348",FALSE
"Olfr50",FALSE
"Olfr3",FALSE
"Olfr350",FALSE
"Olfr351",FALSE
"Olfr352",FALSE
"Olfr353",FALSE
"Olfr354",FALSE
"Olfr355",FALSE
"Olfr356",FALSE
"Olfr357",FALSE
"Olfr358",FALSE
"Olfr360",FALSE
"Olfr361",FALSE
"Olfr362",FALSE
"Olfr364-ps1",FALSE
"Olfr365",TRUE
"Olfr366",FALSE
"Olfr368",FALSE
"Pdcl",TRUE
"Rc3h2",TRUE
"Zbtb6",TRUE
"Zbtb26",TRUE
"Rabgap1",TRUE
"Strbp",TRUE
"Gpr21",TRUE
"Crb2",TRUE
"Dennd1a",TRUE
"Gm13556",TRUE
"Lhx2",TRUE
"Gm27197",TRUE
"Gm13584",TRUE
"Gm13589",TRUE
"Nek6",TRUE
"Psmb7",TRUE
"Gm13587",FALSE
"Nr5a1",TRUE
"Nr5a1os",TRUE
"Nr6a1",TRUE
"Nr6a1os",TRUE
"Olfml2a",TRUE
"Gm13496",TRUE
"Wdr38",TRUE
"Rpl35",TRUE
"Arpc5l",TRUE
"Golga1",TRUE
"Scai",TRUE
"Ppp6c",TRUE
"Lrp1b",TRUE
"Kynu",TRUE
"Arhgap15",TRUE
"Arhgap15os",TRUE
"Gtdc1",TRUE
"Zeb2",TRUE
"Zeb2os",TRUE
"Gm28643",TRUE
"Gm13479",TRUE
"1700019E08Rik",FALSE
"Gm13465",TRUE
"Gm13467",FALSE
"Gm13470",TRUE
"Gm13481",TRUE
"Acvr2a",TRUE
"Orc4",TRUE
"Mbd5",TRUE
"Epc2",TRUE
"Kif5c",TRUE
"Lypd6b",TRUE
"Gm13480",TRUE
"Lypd6",TRUE
"Mmadhc",TRUE
"Gm13483",TRUE
"Gm48908",TRUE
"Gm13485",TRUE
"Rnd3",TRUE
"Gm28639",FALSE
"Gm13497",TRUE
"Gm13499",TRUE
"1700057H21Rik",TRUE
"Tas2r134",FALSE
"Gm13490",TRUE
"Rbm43",TRUE
"Nmi",TRUE
"Tnfaip6",TRUE
"Rif1",TRUE
"Neb",TRUE
"Gm13522",TRUE
"Arl5a",TRUE
"A430018G15Rik",TRUE
"Cacnb4",TRUE
"Stam2",TRUE
"Fmnl2",TRUE
"Prpf40a",TRUE
"Arl6ip6",TRUE
"Rprm",TRUE
"Galnt13",TRUE
"Gm14033",TRUE
"Kcnj3",TRUE
"Nr4a2",TRUE
"BB557941",TRUE
"4930555B11Rik",TRUE
"A930012O16Rik",TRUE
"Gpd2",TRUE
"Gm33594",TRUE
"Galnt5",TRUE
"Ermn",TRUE
"Cytip",TRUE
"Gm13546",FALSE
"Acvr1c",TRUE
"Gm13544",TRUE
"Acvr1",TRUE
"Upp2",TRUE
"Gm13558",TRUE
"Ccdc148",TRUE
"Gm11099",TRUE
"Pkp4",TRUE
"5330411J11Rik",TRUE
"Dapl1",TRUE
"Tanc1",TRUE
"Wdsub1",TRUE
"Baz2b",TRUE
"Gm13572",TRUE
"Gm13620",TRUE
"March7",TRUE
"Cd302",TRUE
"Ly75",TRUE
"Gm13571",TRUE
"Gm13580",FALSE
"Pla2r1",TRUE
"Gm13583",TRUE
"Itgb6",TRUE
"Rbms1",TRUE
"Gm13582",TRUE
"Tank",TRUE
"Psmd14",TRUE
"Tbr1",TRUE
"Slc4a10",TRUE
"Dpp4",TRUE
"Gm13561",TRUE
"Gm13565",TRUE
"Gm13564",FALSE
"Gcg",TRUE
"Fap",TRUE
"Ifih1",TRUE
"Gca",TRUE
"Kcnh7",TRUE
"Gm13569",TRUE
"Fign",TRUE
"Gm13575",TRUE
"Grb14",TRUE
"Cobll1",TRUE
"Gm13594",TRUE
"Slc38a11",TRUE
"Scn3a",TRUE
"Gm13595",TRUE
"Scn2a",TRUE
"Csrnp3",TRUE
"Gm13619",TRUE
"Gm13617",TRUE
"Galnt3",TRUE
"Gm28638",TRUE
"Ttc21b",TRUE
"Gm13618",TRUE
"Scn1a",TRUE
"Gm13630",TRUE
"Gm13629",TRUE
"Scn9a",TRUE
"Scn7a",TRUE
"Gm13598",TRUE
"Xirp2",TRUE
"Gm13599",TRUE
"Gm21830",FALSE
"Gm13601",TRUE
"B3galt1",TRUE
"Gm26743",TRUE
"Stk39",TRUE
"Gm13596",TRUE
"Gm49462",FALSE
"Gm36002",FALSE
"4933409G03Rik",TRUE
"4932414N04Rik",TRUE
"Gm36231",TRUE
"Cers6",TRUE
"Nostrin",TRUE
"Spc25",TRUE
"G6pc2",TRUE
"Abcb11",TRUE
"Gm13613",TRUE
"Dhrs9",TRUE
"Lrp2",TRUE
"Bbs5",TRUE
"Klhl41",TRUE
"Fastkd1",TRUE
"Ppig",TRUE
"Ccdc173",TRUE
"Phospho2",TRUE
"Klhl23",TRUE
"Ssb",TRUE
"Mettl5",TRUE
"Gm13625",TRUE
"Mettl5os",TRUE
"Ubr3",TRUE
"Gm13631",FALSE
"Myo3b",TRUE
"Sp5",FALSE
"Gad1os",TRUE
"Erich2os",TRUE
"Erich2",TRUE
"Gad1",TRUE
"Gm26558",FALSE
"Gorasp2",TRUE
"Tlk1",TRUE
"Gm13632",TRUE
"Mettl8",TRUE
"Dcaf17",TRUE
"Cybrd1",TRUE
"Dync1i2",TRUE
"Slc25a12",TRUE
"Hat1",TRUE
"Metap1d",TRUE
"Dlx1as",TRUE
"Dlx1",TRUE
"Dlx2",TRUE
"Platr26",TRUE
"Gm13647",TRUE
"Itga6",TRUE
"Gm13663",TRUE
"Gm13662",FALSE
"Pdk1",TRUE
"Gm13746",FALSE
"Rapgef4",TRUE
"Rapgef4os1",TRUE
"Rapgef4os2",TRUE
"Rapgef4os3",TRUE
"Map3k20",TRUE
"Cdca7",TRUE
"8430437L04Rik",TRUE
"6430710C18Rik",TRUE
"Sp3",TRUE
"Gm11084",TRUE
"Sp3os",TRUE
"Ola1",TRUE
"Sp9",TRUE
"Cir1",TRUE
"Scrn3",TRUE
"Gpr155",TRUE
"Gm13703",TRUE
"Gm13709",TRUE
"D230022J07Rik",TRUE
"Gm13707",TRUE
"Wipf1",TRUE
"Gm13708",TRUE
"Chrna1",TRUE
"Chrna1os",TRUE
"Chn1os3",TRUE
"Chn1",TRUE
"Chn1os1",TRUE
"Atf2",TRUE
"Atp5g3",TRUE
"A630050E04Rik",FALSE
"Gm28640",FALSE
"Gm13667",TRUE
"4930441J16Rik",TRUE
"Lnpk",TRUE
"4930445N08Rik",TRUE
"Evx2",FALSE
"Hoxd13",FALSE
"Hoxd12",FALSE
"Hoxd11",FALSE
"Hoxd10",FALSE
"Gm14396",FALSE
"Gm28793",FALSE
"Hoxd9",FALSE
"Hoxd3os1",FALSE
"Hoxd8",FALSE
"Hoxd3",FALSE
"Hoxd4",FALSE
"Haglr",TRUE
"Gm14424",FALSE
"Gm14426",FALSE
"Hoxd1",FALSE
"Mtx2",TRUE
"Gm13652",FALSE
"2600014E21Rik",TRUE
"A330043C09Rik",TRUE
"Gm13658",TRUE
"Gm13660",TRUE
"Hnrnpa3",TRUE
"Nfe2l2",TRUE
"E030042O20Rik",TRUE
"Gm13656",FALSE
"Gm13657",TRUE
"Agps",TRUE
"Ttc30b",TRUE
"Ttc30a2",TRUE
"Ttc30a1",TRUE
"Pde11a",TRUE
"Cyct",TRUE
"Rbm45",TRUE
"Osbpl6",TRUE
"Prkra",TRUE
"Pjvk",TRUE
"Fkbp7",TRUE
"Plekha3",TRUE
"Ttn",TRUE
"Gm13938",TRUE
"Ccdc141",TRUE
"Sestd1",TRUE
"Gm13943",TRUE
"Zfp385b",TRUE
"Gm13944",TRUE
"Gm13661",TRUE
"Gm13727",TRUE
"Cwc22",TRUE
"4930440I19Rik",TRUE
"Gm14461",TRUE
"Ube2e3",TRUE
"Itga4",TRUE
"Cerkl",TRUE
"Neurod1",TRUE
"Itprid2",TRUE
"Ppp1r1c",TRUE
"Pde1a",TRUE
"Prdx6b",TRUE
"Dnajc10",TRUE
"Gm13752",FALSE
"Frzb",TRUE
"Nckap1",TRUE
"Dusp19",TRUE
"Nup35",TRUE
"Zfp804a",TRUE
"A130030D18Rik",TRUE
"Fsip2",TRUE
"Gm28675",TRUE
"Zc3h15",TRUE
"Gm13686",TRUE
"Itgav",TRUE
"Gm13684",TRUE
"Fam171b",TRUE
"Zswim2",TRUE
"Gm13698",FALSE
"Gm13693",FALSE
"Gm13695",FALSE
"Gm13696",FALSE
"Gm13694",FALSE
"Gm13697",FALSE
"Gm13691",FALSE
"Calcrl",TRUE
"Tfpi",TRUE
"Gm13710",TRUE
"Ctnnd1",TRUE
"Btbd18",TRUE
"Selenoh",TRUE
"Tmx2",TRUE
"Med19",TRUE
"Zdhhc5",TRUE
"Clp1",TRUE
"Ypel4",TRUE
"Gm19426",TRUE
"Serping1",TRUE
"Ube2l6",TRUE
"Smtnl1",FALSE
"Timm10",TRUE
"Slc43a1",TRUE
"Rtn4rl2",TRUE
"Slc43a3",TRUE
"Prg2",FALSE
"Prg3",FALSE
"P2rx3",TRUE
"Ssrp1",TRUE
"Tnks1bp1",TRUE
"4930443O20Rik",TRUE
"Aplnr",TRUE
"Gm13713",TRUE
"Lrrc55",TRUE
"Gm13716",TRUE
"Gm13715",TRUE
"Olfr987",TRUE
"Olfr988",FALSE
"Olfr992",FALSE
"Olfr993",FALSE
"Olfr994",FALSE
"Olfr995",FALSE
"4833423E24Rik",TRUE
"Olfr996",FALSE
"Olfr998",FALSE
"Olfr1000",FALSE
"Olfr1002",FALSE
"Olfr154",FALSE
"Olfr1006",FALSE
"Olfr1008",FALSE
"Olfr1009",FALSE
"Olfr1012",FALSE
"Olfr1013",FALSE
"Olfr1014",FALSE
"Olfr1015",FALSE
"Olfr1016",FALSE
"Olfr1018",FALSE
"Olfr1019",FALSE
"Olfr1020",FALSE
"Olfr1022",FALSE
"Olfr1023",FALSE
"Olfr1024",FALSE
"Olfr1025-ps1",FALSE
"Olfr1026",FALSE
"Olfr1028",FALSE
"Olfr1029",TRUE
"Olfr1030",FALSE
"Olfr1031",FALSE
"Olfr1032",FALSE
"Olfr1033",TRUE
"Olfr1034",FALSE
"Olfr1036",FALSE
"Olfr1037",FALSE
"Olfr1039",FALSE
"Olfr1040",FALSE
"Olfr1042",FALSE
"Olfr1043",FALSE
"Olfr1044",FALSE
"Olfr52",TRUE
"Olfr1045",FALSE
"Olfr1046",FALSE
"Olfr1047",FALSE
"Olfr1048",FALSE
"Olfr1049",FALSE
"Olfr1051",FALSE
"Olfr1052",FALSE
"Olfr1053",FALSE
"Olfr1054",FALSE
"Olfr1055",FALSE
"Olfr1056",FALSE
"Olfr1057",FALSE
"Olfr1058",FALSE
"Olfr1061",FALSE
"Olfr1062",FALSE
"Olfr1065",FALSE
"Olfr1066",FALSE
"Olfr228",FALSE
"Olfr1076",FALSE
"Olfr1079",FALSE
"Olfr1080",FALSE
"Olfr1082",FALSE
"Olfr1084",FALSE
"Olfr1085",FALSE
"Olfr1086",FALSE
"Olfr1087",TRUE
"Olfr1089",FALSE
"Olfr1090",TRUE
"Olfr1093",FALSE
"Olfr141",FALSE
"Olfr1094",FALSE
"Olfr1095",FALSE
"Gm13723",FALSE
"Olfr1097",FALSE
"Olfr1098",FALSE
"Olfr1099",FALSE
"Olfr1100",FALSE
"Olfr1101",FALSE
"Olfr1102",FALSE
"Olfr1104",FALSE
"Olfr1105",FALSE
"Olfr1106",FALSE
"Olfr1107",FALSE
"Olfr1109",FALSE
"Olfr259",TRUE
"Olfr1110",FALSE
"Olfr1111",FALSE
"Olfr1112",FALSE
"Olfr1113",FALSE
"Olfr1115",FALSE
"Olfr1116",TRUE
"Olfr1118",FALSE
"Olfr1120",FALSE
"Olfr1121",FALSE
"Olfr1122",TRUE
"Olfr1123",FALSE
"Olfr1124",TRUE
"Olfr1126",FALSE
"Pramel7",TRUE
"Pramel6",FALSE
"Olfr153",FALSE
"Olfr1128",FALSE
"Olfr1129",TRUE
"Olfr1130",FALSE
"Olfr1131",FALSE
"Olfr1132",TRUE
"Olfr1133",FALSE
"Olfr1134",FALSE
"Olfr1135",FALSE
"Olfr1136",FALSE
"Olfr1137",FALSE
"Olfr1138",TRUE
"Olfr1140",FALSE
"Olfr1141",FALSE
"Olfr152",FALSE
"Olfr1143",FALSE
"Olfr1145",FALSE
"Olfr1148",FALSE
"Olfr1150-ps1",FALSE
"Olfr1151",FALSE
"Olfr1152",TRUE
"Olfr1153",FALSE
"Olfr1154",FALSE
"Olfr1155",FALSE
"Olfr1156",TRUE
"Olfr1157",FALSE
"Olfr74",FALSE
"Olfr1158",FALSE
"Olfr1160",FALSE
"Olfr1161",FALSE
"Olfr73",TRUE
"Olfr1162",FALSE
"Olfr1163",FALSE
"Olfr1164",FALSE
"Olfr1166",FALSE
"Olfr1167",FALSE
"Olfr1168",FALSE
"Olfr1170",FALSE
"Olfr1173",FALSE
"Olfr1174-ps",FALSE
"Olfr1175-ps",FALSE
"Olfr1176",FALSE
"Olfr1177-ps",FALSE
"Olfr1178",FALSE
"Olfr1179",TRUE
"Olfr1180",FALSE
"Olfr1181",FALSE
"Gm13757",FALSE
"Olfr1183",FALSE
"Olfr1184",FALSE
"Olfr1185-ps1",FALSE
"Olfr1186",FALSE
"Olfr1188",FALSE
"Olfr1189",FALSE
"Olfr1191-ps1",FALSE
"Olfr1192-ps1",FALSE
"Olfr1193",FALSE
"Olfr1195",FALSE
"Olfr1196",FALSE
"Olfr1197",FALSE
"Olfr1198",FALSE
"Olfr1199",FALSE
"Olfr1200",FALSE
"Olfr1201",FALSE
"Olfr1202",FALSE
"Olfr1205",FALSE
"Olfr1204",FALSE
"Olfr1206",FALSE
"Olfr1208",FALSE
"Olfr1209",FALSE
"Olfr1211",FALSE
"Olfr1212",FALSE
"Gm13762",FALSE
"Olfr1214",FALSE
"Olfr1215",FALSE
"Olfr1216",FALSE
"Olfr1217",FALSE
"Olfr1218",FALSE
"Olfr1219",FALSE
"Olfr1220",TRUE
"Olfr1221",FALSE
"Olfr1222",FALSE
"Olfr1223",TRUE
"Olfr1224-ps1",FALSE
"Olfr1225",FALSE
"Olfr1226",FALSE
"Olfr1228",FALSE
"Olfr1229",FALSE
"Olfr1230",FALSE
"Olfr1231",FALSE
"Olfr1232",FALSE
"Olfr1233",FALSE
"Olfr1234",FALSE
"Olfr1238",TRUE
"Olfr1239",FALSE
"Olfr1240",FALSE
"Olfr1241",FALSE
"Olfr1242",FALSE
"Olfr1243",FALSE
"Olfr1245",FALSE
"Olfr1246",TRUE
"Olfr1247",TRUE
"Olfr1248",FALSE
"Olfr1249",FALSE
"Olfr1250",TRUE
"Olfr1251",FALSE
"Olfr1252",FALSE
"Olfr1253",FALSE
"Olfr1254",TRUE
"Olfr1255",FALSE
"Olfr1256",TRUE
"Olfr48",TRUE
"Olfr1257",FALSE
"Olfr1258",TRUE
"Olfr1259",FALSE
"Olfr1260",FALSE
"Olfr1261",FALSE
"Olfr1262",FALSE
"Olfr1263",FALSE
"Olfr1264",FALSE
"Olfr1265",FALSE
"Olfr140",FALSE
"Olfr1269",FALSE
"Olfr32",FALSE
"Olfr1270",FALSE
"Olfr1506",FALSE
"Olfr142",FALSE
"Olfr1271",FALSE
"Olfr1272",FALSE
"Olfr1565",FALSE
"Olfr1274-ps",FALSE
"Ptprj",TRUE
"4933423P22Rik",TRUE
"Nup160",TRUE
"Fnbp4",TRUE
"Agbl2",TRUE
"Mtch2",TRUE
"C1qtnf4",TRUE
"Ndufs3",TRUE
"Kbtbd4",TRUE
"Ptpmt1",TRUE
"Celf1",TRUE
"Rapsn",TRUE
"Gm13778",TRUE
"Psmc3",TRUE
"Slc39a13",TRUE
"Spi1",TRUE
"Mybpc3",TRUE
"Madd",TRUE
"Nr1h3",TRUE
"Gm13783",TRUE
"Acp2",TRUE
"Ddb2",TRUE
"Pacsin3",TRUE
"Arfgap2",TRUE
"1110051M20Rik",TRUE
"Lrp4",TRUE
"Ckap5",TRUE
"F2",TRUE
"Zfp408",TRUE
"Arhgap1",TRUE
"Atg13",TRUE
"Harbi1",TRUE
"Ambra1",TRUE
"Chrm4",TRUE
"Mdk",TRUE
"Dgkz",TRUE
"Gm9821",TRUE
"Creb3l1",TRUE
"Gm13780",TRUE
"2900072N19Rik",TRUE
"Phf21a",TRUE
"Large2",TRUE
"Pex16",TRUE
"1700029I15Rik",TRUE
"Mapk8ip1",TRUE
"Cry2",TRUE
"D930015M05Rik",TRUE
"Slc35c1",TRUE
"Gm13814",TRUE
"Gm13817",TRUE
"Chst1",TRUE
"Gm13816",TRUE
"Gm13791",TRUE
"Syt13",TRUE
"Prdm11",TRUE
"4631405J19Rik",TRUE
"Gm13802",TRUE
"Trp53i11",TRUE
"Tspan18",TRUE
"Gm13807",TRUE
"Cd82",TRUE
"Gm10804",TRUE
"Alx4",TRUE
"Ext2",TRUE
"Accs",TRUE
"Accsl",TRUE
"Gm13889",TRUE
"Alkbh3os1",TRUE
"Alkbh3",TRUE
"Hsd17b12",TRUE
"Mir670hg",TRUE
"Ttc17",TRUE
"2810002D19Rik",TRUE
"Api5",TRUE
"Gm13793",FALSE
"Gm13794",FALSE
"Gm13799",FALSE
"Lrrc4c",TRUE
"4930445B16Rik",TRUE
"Gm10801",TRUE
"Gm10800",TRUE
"Gm29235",FALSE
"B230118H07Rik",TRUE
"Rag2",TRUE
"Rag1",FALSE
"Traf6",TRUE
"Prr5l",TRUE
"Gm13905",TRUE
"Commd9",TRUE
"Ldlrad3",TRUE
"Gm13919",TRUE
"Gm13920",TRUE
"Trim44",TRUE
"Fjx1",TRUE
"Pamr1",TRUE
"Slc1a2",TRUE
"Gm13872",TRUE
"Cd44",TRUE
"Pdhx",TRUE
"Apip",TRUE
"Gm13874",FALSE
"Gm13869",TRUE
"Ehf",TRUE
"A930006I01Rik",TRUE
"BC016548",TRUE
"Elf5",TRUE
"Cat",TRUE
"Abtb2",TRUE
"Nat10",TRUE
"Caprin1",TRUE
"4930547E08Rik",TRUE
"Gm13881",FALSE
"Lmo2",TRUE
"4931422A03Rik",TRUE
"Fbxo3",TRUE
"Gm10799",FALSE
"Cd59b",TRUE
"Cd59a",TRUE
"A930018P22Rik",TRUE
"D430041D05Rik",TRUE
"Gm13883",TRUE
"Hipk3",TRUE
"Platr14",TRUE
"Cstf3",TRUE
"Tcp11l1",TRUE
"Pin1rt1",TRUE
"Depdc7",TRUE
"Qser1",TRUE
"Prrg4",TRUE
"Ccdc73",TRUE
"Eif3m",TRUE
"Wt1os",TRUE
"Gm11060",FALSE
"Wt1",TRUE
"Them7",TRUE
"Rcn1",TRUE
"4930527A07Rik",FALSE
"Pax6os1",TRUE
"Paupar",TRUE
"Pax6",TRUE
"Elp4",TRUE
"Gm13954",TRUE
"Immp1l",TRUE
"Dnajc24",TRUE
"Gm29053",TRUE
"Gm14015",TRUE
"Gm14014",FALSE
"BB218582",TRUE
"Mpped2",TRUE
"Arl14ep",TRUE
"Fshb",FALSE
"Kcna4",TRUE
"Gm13912",TRUE
"Gm13923",TRUE
"Mettl15",TRUE
"Kif18a",TRUE
"Gm45346",TRUE
"Gm20638",FALSE
"Bdnf",TRUE
"Lin7c",TRUE
"Platr8",TRUE
"Lgr4",TRUE
"Ccdc34",TRUE
"Ccdc34os",TRUE
"Gm13936",TRUE
"Bbox1",TRUE
"Fibin",TRUE
"Slc5a12",TRUE
"Ano3",TRUE
"Muc15",TRUE
"Gm13942",FALSE
"Gm13941",TRUE
"Gm15130",TRUE
"4930430A15Rik",TRUE
"Olfr1275",FALSE
"Gm13962",FALSE
"Olfr1276",FALSE
"Olfr1277",FALSE
"Olfr1278",FALSE
"Olfr1279",FALSE
"Olfr1280",FALSE
"Olfr1281",FALSE
"Olfr1282",FALSE
"Olfr1283",FALSE
"Olfr1284",TRUE
"Olfr1286",FALSE
"Olfr1287",FALSE
"Olfr1288",FALSE
"Olfr1289",FALSE
"Olfr1290",FALSE
"Olfr1291-ps1",FALSE
"Olfr1293-ps",FALSE
"Olfr1294",FALSE
"Olfr1295",FALSE
"Olfr1297",FALSE
"Olfr1298",FALSE
"Olfr1299",FALSE
"Olfr1301",FALSE
"Olfr1302",FALSE
"Olfr1303",FALSE
"Olfr1305",FALSE
"Olfr1306",FALSE
"Olfr1307",TRUE
"Olfr1308",FALSE
"Olfr1309",FALSE
"Olfr1310",FALSE
"Olfr1311",FALSE
"Olfr1312",FALSE
"Olfr1313",FALSE
"Olfr1314",FALSE
"Olfr1315-ps1",FALSE
"Olfr1316",FALSE
"Olfr1317",TRUE
"Olfr1318",TRUE
"Lpcat4",TRUE
"Nutm1",TRUE
"Nop10",TRUE
"Slc12a6",TRUE
"Emc4",TRUE
"Katnbl1",TRUE
"Emc7",TRUE
"Chrm5",TRUE
"Aven",TRUE
"Ryr3",TRUE
"Tmco5b",TRUE
"Fmn1",TRUE
"Gm13963",TRUE
"Gm13966",TRUE
"Gm13964",TRUE
"4930533B01Rik",TRUE
"Grem1",TRUE
"Scg5",TRUE
"Arhgap11a",TRUE
"Gjd2",TRUE
"A530058N18Rik",TRUE
"Actc1",TRUE
"C130080G10Rik",TRUE
"Aqr",TRUE
"Zfp770",TRUE
"Gm29234",FALSE
"Dph6",TRUE
"Gm13972",TRUE
"Gm13974",TRUE
"Gm28494",TRUE
"Gm28492",TRUE
"Gm28493",FALSE
"4930528P14Rik",TRUE
"Gm13976",TRUE
"3110099E03Rik",TRUE
"Gm13977",TRUE
"BC052040",TRUE
"Meis2",TRUE
"2700033N17Rik",TRUE
"G630016G05Rik",TRUE
"Gm13990",TRUE
"Tmco5",TRUE
"D330050G23Rik",TRUE
"Gm29340",TRUE
"Spred1",TRUE
"Fam98b",TRUE
"Rasgrp1",TRUE
"Gm13982",TRUE
"Gm28183",TRUE
"Gm13985",TRUE
"4930412B13Rik",TRUE
"Gm13986",TRUE
"Thbs1",TRUE
"Gm29233",FALSE
"Fsip1",TRUE
"A930104D05Rik",TRUE
"Gpr176",TRUE
"1700054M17Rik",TRUE
"Eif2ak4",TRUE
"Srp14",TRUE
"Bmf",TRUE
"Bub1b",TRUE
"Pak6",TRUE
"Ankrd63",TRUE
"Plcb2",TRUE
"Inafm2",TRUE
"Ccdc9b",TRUE
"Phgr1",TRUE
"Disp2",TRUE
"Knstrn",TRUE
"Gm14091",TRUE
"Ivd",TRUE
"Bahd1",TRUE
"Chst14",TRUE
"Gm14089",FALSE
"Ccdc32",TRUE
"Rpusd2",TRUE
"Knl1",TRUE
"Rad51",TRUE
"Rmdn3",TRUE
"Gchfr",TRUE
"Dnajc17",TRUE
"Gm14137",TRUE
"Zfyve19",TRUE
"Ppp1r14d",TRUE
"Spint1",TRUE
"Rhov",TRUE
"Vps18",TRUE
"Gm14207",TRUE
"Dll4",TRUE
"Chac1",TRUE
"Ino80",TRUE
"Exd1",TRUE
"Chp1",TRUE
"Oip5os1",TRUE
"Oip5",TRUE
"Nusap1",TRUE
"Ndufaf1",TRUE
"Rtf1",TRUE
"Itpka",TRUE
"Ltk",TRUE
"Rpap1",TRUE
"Tyro3",TRUE
"Mga",TRUE
"Mapkbp1",TRUE
"Gm13999",TRUE
"Jmjd7",TRUE
"Pla2g4b",TRUE
"Sptbn5",TRUE
"Ehd4",TRUE
"Pla2g4e",TRUE
"Gm13997",FALSE
"Pla2g4d",TRUE
"Pla2g4f",TRUE
"Vps39",TRUE
"Tmem87a",TRUE
"Ganc",TRUE
"Capn3",TRUE
"Zfp106",TRUE
"Snap23",TRUE
"Lrrc57",TRUE
"Haus2",TRUE
"Stard9",TRUE
"Cdan1",TRUE
"Ttbk2",TRUE
"AV039307",TRUE
"Ubr1",TRUE
"Tmem62",TRUE
"Ccndbp1",TRUE
"Epb42",TRUE
"Tgm5",TRUE
"Tgm7",TRUE
"Lcmt2",TRUE
"Adal",TRUE
"Zscan29",TRUE
"Tubgcp4",TRUE
"Trp53bp1",TRUE
"Map1a",TRUE
"Gm14978",TRUE
"Ppip5k1",TRUE
"Ckmt1",TRUE
"Strc",TRUE
"Catsper2",TRUE
"Pdia3",TRUE
"Ell3",FALSE
"Serinc4",TRUE
"Serf2",TRUE
"Hypk",TRUE
"Mfap1b",TRUE
"Mfap1a",TRUE
"Wdr76",TRUE
"Frmd5",TRUE
"Gm14019",TRUE
"Casc4",TRUE
"Mageb3",TRUE
"Ctdspl2",TRUE
"Eif3j1",TRUE
"Spg11",TRUE
"Patl2",TRUE
"B2m",TRUE
"Trim69",TRUE
"Terb2",TRUE
"Sord",TRUE
"Duox2",TRUE
"Duoxa2",FALSE
"Duoxa1",TRUE
"Duox1",TRUE
"Shf",TRUE
"Slc28a2",TRUE
"Gm14085",TRUE
"Gatm",TRUE
"Spata5l1",TRUE
"AA467197",TRUE
"Slc30a4",TRUE
"4930417H01Rik",TRUE
"Bloc1s6os",TRUE
"Bloc1s6",TRUE
"Sqor",TRUE
"Sema6d",TRUE
"4930517E11Rik",TRUE
"4930583P06Rik",TRUE
"Gm13994",FALSE
"Slc24a5",TRUE
"Myef2",TRUE
"Gm14004",TRUE
"Ctxn2",TRUE
"Slc12a1",TRUE
"Gm14002",TRUE
"Dut",TRUE
"A530010F05Rik",FALSE
"Gm14003",FALSE
"Fbn1",TRUE
"Gm9913",TRUE
"Cep152",TRUE
"Shc4",TRUE
"Eid1",TRUE
"Secisbp2l",TRUE
"Cops2",TRUE
"Galk2",TRUE
"Fam227b",TRUE
"Fgf7",TRUE
"Dtwd1",TRUE
"Gm17555",TRUE
"Atp8b4",TRUE
"Slc27a2",TRUE
"Hdc",TRUE
"Gabpb1",TRUE
"Gm27003",TRUE
"Usp8",TRUE
"Usp50",TRUE
"Trpm7",TRUE
"Sppl2a",TRUE
"Ap4e1",TRUE
"Blvra",TRUE
"Ncaph",TRUE
"Itpripl1",TRUE
"1810024B03Rik",TRUE
"Snrnp200",TRUE
"Ciao1",TRUE
"Tmem127",TRUE
"Stard7",TRUE
"Dusp2",TRUE
"Astl",TRUE
"Adra2b",TRUE
"Gpat2",TRUE
"Fahd2a",TRUE
"Kcnip3",TRUE
"Prom2",TRUE
"Zfp661",TRUE
"Mrps5",TRUE
"Mal",TRUE
"Gm14244",FALSE
"Mall",TRUE
"Nphp1",TRUE
"Mtln",TRUE
"Bub1",TRUE
"Acoxl",TRUE
"Bcl2l11",TRUE
"Morrbid",TRUE
"Gm14009",TRUE
"Gm14012",FALSE
"Gm14010",TRUE
"Gm29010",TRUE
"Spdye4c",TRUE
"Gm39929",TRUE
"Anapc1",TRUE
"Mertk",TRUE
"Gm14011",TRUE
"Tmem87b",TRUE
"Fbln7",TRUE
"Zc3h8",TRUE
"4933427J07Rik",TRUE
"Gm10762",TRUE
"Zc3h6",TRUE
"Gm14027",TRUE
"Vinac1",TRUE
"Gm14022",TRUE
"Ttl",TRUE
"Polr1b",TRUE
"Chchd5",TRUE
"AI847159",TRUE
"Gm14029",TRUE
"Slc20a1",TRUE
"9830144P21Rik",TRUE
"A730036I17Rik",TRUE
"Gm14024",TRUE
"Ckap2l",TRUE
"Gm14023",TRUE
"Il1a",TRUE
"Il1b",TRUE
"Il1bos",TRUE
"F830045P16Rik",TRUE
"Gm14040",FALSE
"Gm14041",TRUE
"Sirpa",TRUE
"Pdyn",TRUE
"Stk35",TRUE
"Gm28196",TRUE
"Tgm3",TRUE
"Tgm6",TRUE
"Snrpb",TRUE
"Tmc2",TRUE
"Nop56",TRUE
"Idh3b",TRUE
"Ebf4",TRUE
"Cpxm1",TRUE
"1700020A23Rik",TRUE
"Tmem239",TRUE
"Pced1a",TRUE
"Vps16",TRUE
"Ptpra",TRUE
"4930473A02Rik",TRUE
"Mrps26",TRUE
"Oxt",TRUE
"Avp",FALSE
"Ubox5",TRUE
"Fastkd5",TRUE
"Lzts3",TRUE
"Ddrgk1",TRUE
"Itpa",TRUE
"Slc4a11",TRUE
"4930402H24Rik",TRUE
"A730017L22Rik",TRUE
"Atrn",TRUE
"Gfra4",TRUE
"Adam33",TRUE
"Siglec1",TRUE
"Hspa12b",TRUE
"Gm11037",FALSE
"1700037H04Rik",TRUE
"Gm14232",TRUE
"Spef1",TRUE
"Cenpb",TRUE
"Cdc25b",TRUE
"Ap5s1",TRUE
"Mavs",TRUE
"Pank2",TRUE
"Rnf24",TRUE
"Gm14233",TRUE
"Smox",TRUE
"Adra1d",TRUE
"Gm14285",TRUE
"Gm14280",TRUE
"5330413P13Rik",TRUE
"Erv3",FALSE
"Prnp",TRUE
"Prnd",TRUE
"Rassf2",TRUE
"Slc23a2",TRUE
"Gm14051",TRUE
"Tmem230",TRUE
"Pcna",TRUE
"AV099323",TRUE
"Cds2",TRUE
"Prokr2",TRUE
"4921508D12Rik",TRUE
"Gm14095",FALSE
"1700026D11Rik",TRUE
"Gpcpd1",TRUE
"AU019990",TRUE
"Shld1",TRUE
"Gm14097",TRUE
"Chgb",TRUE
"Trmt6",TRUE
"Mcm8",TRUE
"Gm14104",TRUE
"Crls1",TRUE
"Lrrn4",TRUE
"Fermt1",TRUE
"Gm14102",TRUE
"A430048G15Rik",TRUE
"Gm14100",FALSE
"Bmp2",TRUE
"Hao1",TRUE
"Tmx4",TRUE
"Plcb1",TRUE
"4930545L23Rik",TRUE
"9630028H03Rik",TRUE
"Platr3",TRUE
"Plcb4",TRUE
"Gm14209",TRUE
"Gm14211",TRUE
"Gm14210",TRUE
"Lamp5",TRUE
"Pak7",TRUE
"Gm14218",TRUE
"Ankef1",TRUE
"Snap25",TRUE
"Mkks",TRUE
"AL731706.1",FALSE
"AL731706.2",FALSE
"Slx4ip",TRUE
"Jag1",TRUE
"Gm28214",FALSE
"Gm14055",TRUE
"Gm14064",TRUE
"Gm14062",FALSE
"Btbd3",TRUE
"Gm14061",TRUE
"Gm14066",TRUE
"Sptlc3",TRUE
"Ism1",TRUE
"Tasp1",TRUE
"Esf1",TRUE
"Gm17374",TRUE
"Ndufaf5",TRUE
"Sel1l2",TRUE
"Macrod2",TRUE
"Flrt3",TRUE
"Macrod2os2",TRUE
"Macrod2os1",TRUE
"Kif16b",TRUE
"Kif16bos",TRUE
"Snrpb2",TRUE
"Otor",FALSE
"Pcsk2os1",TRUE
"Pcsk2",TRUE
"Pcsk2os2",TRUE
"Bfsp1",TRUE
"Dstn",TRUE
"Rrbp1",TRUE
"Banf2",TRUE
"Banf2os",TRUE
"Gm5535",TRUE
"4930444E06Rik",TRUE
"Snx5",TRUE
"Mgme1",TRUE
"Ovol2",TRUE
"1700108N11Rik",FALSE
"Kat14",TRUE
"Pet117",FALSE
"Dzank1",TRUE
"Polr3f",TRUE
"Rbbp9",TRUE
"Sec23b",TRUE
"Smim26",TRUE
"Dtd1",TRUE
"Scp2d1",FALSE
"Slc24a3",TRUE
"Gm14093",FALSE
"Gm14092",TRUE
"Rin2",TRUE
"Naa20",TRUE
"Crnkl1",TRUE
"Cfap61",TRUE
"Insm1",TRUE
"Ralgapa2",TRUE
"A930019D19Rik",TRUE
"4933406D12Rik",FALSE
"Gm14114",TRUE
"Kiz",TRUE
"Xrn2",TRUE
"Nkx2-4",FALSE
"Nkx2-2",TRUE
"Nkx2-2os",TRUE
"6430503K07Rik",TRUE
"Gm14110",TRUE
"AI646519",TRUE
"Pax1",TRUE
"A530006G24Rik",FALSE
"9030622O22Rik",TRUE
"Foxa2",FALSE
"Sstr4",TRUE
"Thbd",TRUE
"Cd93",TRUE
"Gm14120",TRUE
"Nxt1",TRUE
"Gzf1",TRUE
"Napb",TRUE
"Cstl1",TRUE
"Cst11",FALSE
"Cstdc1",FALSE
"Cst12",FALSE
"Cst8",FALSE
"Cst13",FALSE
"Cst9",FALSE
"Cstdc2",TRUE
"Cst3",TRUE
"Gm1330",FALSE
"Gm14135",TRUE
"Cst10",TRUE
"Gm14133",TRUE
"C530025M09Rik",TRUE
"Syndig1",TRUE
"Zfp120",TRUE
"Gm10770",FALSE
"Gm14139",FALSE
"Zfp937",TRUE
"Gm21994",FALSE
"Gm14124",TRUE
"3300002I08Rik",TRUE
"Gm10130",TRUE
"Zfp442",TRUE
"Zfp345",FALSE
"Cst7",TRUE
"Apmap",TRUE
"Gm14123",TRUE
"Acss1",TRUE
"E130215H24Rik",TRUE
"Vsx1",TRUE
"Platr15",TRUE
"Gm28450",FALSE
"Entpd6",TRUE
"Pygb",TRUE
"Abhd12",TRUE
"Gins1",TRUE
"Ninl",TRUE
"Nanp",TRUE
"Gm14151",FALSE
"Gm14147",FALSE
"Gm14145",FALSE
"Gm14149",FALSE
"Gm14144",FALSE
"4930442J19Rik",FALSE
"Gm14152",TRUE
"Gm14146",TRUE
"4921509C19Rik",FALSE
"Nsfl1c",TRUE
"Gm14167",TRUE
"Fkbp1a",TRUE
"Sdcbp2",TRUE
"Snph",TRUE
"Rad21l",TRUE
"Tmem74bos",TRUE
"Tmem74b",TRUE
"Psmf1",TRUE
"4930556L07Rik",FALSE
"Gm14155",FALSE
"Rspo4",TRUE
"Rspo4os",FALSE
"Angpt4",TRUE
"Gm14154",TRUE
"Fam110a",TRUE
"Slc52a3",TRUE
"AA387200",FALSE
"Scrt2",TRUE
"Srxn1",TRUE
"Tcf15",TRUE
"Csnk2a1",TRUE
"Tbc1d20",TRUE
"Rbck1",TRUE
"Trib3",TRUE
"Gm14164",TRUE
"Nrsn2",TRUE
"Sox12",TRUE
"Zcchc3",TRUE
"6820408C15Rik",TRUE
"Defb23",TRUE
"Defb20",TRUE
"Defb22",FALSE
"Defb26",FALSE
"Defb28",FALSE
"Defb29",FALSE
"Gm14161",FALSE
"Gm17416",FALSE
"Defb21",FALSE
"Defb19",TRUE
"Defb45",FALSE
"Defb36",TRUE
"Defb25",FALSE
"Rem1",TRUE
"1700030C14Rik",TRUE
"H13",TRUE
"Mcts2",TRUE
"Id1",TRUE
"Cox4i2",TRUE
"Bcl2l1",TRUE
"Tpx2",TRUE
"Mylk2",TRUE
"Foxs1",TRUE
"Dusp15",TRUE
"Ttll9",TRUE
"Gm14199",FALSE
"Pdrg1",TRUE
"Xkr7",TRUE
"Ccm2l",TRUE
"Hck",TRUE
"Tm9sf4",TRUE
"Tspyl3",TRUE
"Plagl2",TRUE
"Pofut1",TRUE
"Kif3b",TRUE
"2500004C02Rik",TRUE
"Asxl1",TRUE
"Nol4l",TRUE
"4930404H24Rik",FALSE
"Commd7",TRUE
"Dnmt3bos",FALSE
"Dnmt3b",TRUE
"Dnmt3c",TRUE
"Mapre1",TRUE
"Efcab8",TRUE
"Sun5",FALSE
"Bpifb2",TRUE
"Bpifb6",TRUE
"Bpifb3",FALSE
"Bpifb4",FALSE
"Bpifa6",TRUE
"Bpifa2",FALSE
"Bpifa3",FALSE
"Bpifa1",FALSE
"Bpifa5",TRUE
"Bpifb1",TRUE
"Bpifb5",TRUE
"Bpifb9a",TRUE
"Bpifb9b",TRUE
"Cdk5rap1",TRUE
"Snta1",TRUE
"Cbfa2t2",TRUE
"Necab3",TRUE
"1700003F12Rik",TRUE
"Actl10",TRUE
"E2f1",TRUE
"Pxmp4",TRUE
"4930519P11Rik",FALSE
"Zfp341",TRUE
"Gm14198",TRUE
"Chmp4b",TRUE
"Gm14216",TRUE
"Gm14214",FALSE
"Raly",TRUE
"a",TRUE
"Eif2s2",TRUE
"Gm14226",TRUE
"Ahcy",TRUE
"Gm45609",TRUE
"2310005A03Rik",FALSE
"Itch",TRUE
"Dynlrb1",TRUE
"Map1lc3a",TRUE
"Pigu",TRUE
"Trp53inp2",TRUE
"Ncoa6",TRUE
"Ggt7",TRUE
"Acss2",TRUE
"Acss2os",TRUE
"Gss",TRUE
"Gssos2",TRUE
"Gssos1",TRUE
"Gm14257",FALSE
"Myh7b",TRUE
"Trpc4ap",TRUE
"Edem2",TRUE
"Gm17581",FALSE
"Procr",TRUE
"Mmp24",TRUE
"BC029722",TRUE
"Eif6",TRUE
"Gm16098",TRUE
"Fam83c",TRUE
"Uqcc1",TRUE
"Gm15557",FALSE
"Gdf5",FALSE
"Cep250",TRUE
"6430550D23Rik",TRUE
"Ergic3",TRUE
"Fer1l4",TRUE
"Spag4",TRUE
"Cpne1",TRUE
"Nfs1",TRUE
"Romo1",TRUE
"Rbm39",TRUE
"Phf20",TRUE
"Scand1",TRUE
"Cnbd2",TRUE
"Gm14252",TRUE
"Gm14170",FALSE
"2900097C17Rik",TRUE
"Epb41l1",TRUE
"Gm14225",TRUE
"Gm14224",TRUE
"Aar2",TRUE
"Gm14168",TRUE
"Gm14169",TRUE
"Dlgap4",TRUE
"Gm14174",TRUE
"4930405A21Rik",TRUE
"Myl9",TRUE
"Gm14230",TRUE
"Tgif2",TRUE
"5430405H02Rik",TRUE
"Rab5if",TRUE
"Sla2",TRUE
"Ndrg3",TRUE
"Dsn1",TRUE
"Soga1",TRUE
"Tldc2",TRUE
"Samhd1",TRUE
"Rbl1",TRUE
"Mroh8",TRUE
"Rpn2",TRUE
"Ghrh",TRUE
"Manbal",TRUE
"Src",TRUE
"Gm14286",TRUE
"Blcap",TRUE
"Nnat",TRUE
"Platr27",TRUE
"Ctnnbl1",TRUE
"Vstm2l",TRUE
"Tti1",TRUE
"Rprd1b",TRUE
"2010009K17Rik",TRUE
"Tgm2",TRUE
"Gm20412",FALSE
"D630003M21Rik",TRUE
"1700060C20Rik",TRUE
"Bpi",TRUE
"Lbp",TRUE
"Snhg17",TRUE
"Gm23925",FALSE
"Snhg11",TRUE
"Ralgapb",TRUE
"Adig",TRUE
"Arhgap40",TRUE
"Gm14204",TRUE
"Slc32a1",TRUE
"Gm14205",TRUE
"Actr5",TRUE
"Ppp1r16b",TRUE
"Fam83d",TRUE
"Dhx35",TRUE
"Gm14223",TRUE
"4933416E03Rik",TRUE
"9130015L21Rik",TRUE
"Gm826",TRUE
"Mafb",TRUE
"Gm14221",TRUE
"Gm14222",FALSE
"Top1",TRUE
"Plcg1",TRUE
"Gm27206",TRUE
"Zhx3",TRUE
"Gm16751",TRUE
"Lpin3",TRUE
"Emilin3",TRUE
"Gm14228",TRUE
"Chd6",TRUE
"Gm45447",TRUE
"Gm14243",TRUE
"Gm14242",FALSE
"Gm14241",FALSE
"Gm29229",FALSE
"Ptprt",TRUE
"Ptprtos",TRUE
"9430021M05Rik",TRUE
"Gm14246",TRUE
"Gm14255",FALSE
"Srsf6",TRUE
"L3mbtl1",TRUE
"Sgk2",TRUE
"Ift52",TRUE
"Mybl2",TRUE
"Gtsf1l",TRUE
"Gm11454",TRUE
"Gm14254",TRUE
"Tox2",TRUE
"Jph2",TRUE
"Oser1",TRUE
"2900093K20Rik",TRUE
"Gdap1l1",TRUE
"Fitm2",TRUE
"2310001K24Rik",TRUE
"R3hdml",TRUE
"Hnf4aos",TRUE
"Hnf4a",TRUE
"Ttpal",TRUE
"Serinc3",TRUE
"0610039K10Rik",TRUE
"Pkig",TRUE
"Gm16316",TRUE
"Ada",TRUE
"Ccn5",TRUE
"Kcnk15",TRUE
"Rims4",TRUE
"Ywhab",TRUE
"Pabpc1l",TRUE
"Tomm34",TRUE
"Stk4",TRUE
"Gm11455",TRUE
"Kcns1",TRUE
"Wfdc5",FALSE
"A730032A03Rik",FALSE
"Wfdc12",FALSE
"Wfdc15a",FALSE
"Wfdc15b",FALSE
"Svs2",FALSE
"Svs3b",FALSE
"Svs4",FALSE
"Svs3a",FALSE
"Svs6",FALSE
"Svs5",FALSE
"Slpi",TRUE
"Matn4",TRUE
"Rbpjl",TRUE
"Sdc4",TRUE
"Sys1",TRUE
"Gm14302",TRUE
"Trp53tg5",TRUE
"Dbndd2",TRUE
"Pigt",TRUE
"Gm14317",TRUE
"Wfdc2",TRUE
"Spint3",TRUE
"Wfdc6a",FALSE
"Eppin",FALSE
"Wfdc8",TRUE
"Wfdc6b",FALSE
"Wfdc16",FALSE
"Wfdc9",TRUE
"Wfdc10",FALSE
"Wfdc11",FALSE
"Wfdc13",FALSE
"Spint4",FALSE
"Spint5",FALSE
"Wfdc3",TRUE
"Dnttip1",TRUE
"Gm11457",TRUE
"Ube2c",TRUE
"Tnnc2",TRUE
"Snx21",TRUE
"Acot8",TRUE
"Zswim3",TRUE
"Zswim1",TRUE
"Spata25",TRUE
"Neurl2",TRUE
"Ctsa",TRUE
"Pltp",TRUE
"Pcif1",TRUE
"Zfp335",TRUE
"Zfp335os",TRUE
"Mmp9",TRUE
"Slc12a5",TRUE
"Ncoa5",TRUE
"Cd40",TRUE
"1700025C18Rik",FALSE
"Cdh22",TRUE
"Gm14397",TRUE
"Slc35c2",TRUE
"Elmo2",TRUE
"Zfp663",TRUE
"Zfp334",TRUE
"Ocstamp",FALSE
"Slc13a3",TRUE
"Gm14437",TRUE
"Trp53rka",TRUE
"Slc2a10",TRUE
"Eya2",TRUE
"Gm28163",TRUE
"Zmynd8",TRUE
"BC046401",TRUE
"Gm11465",TRUE
"Platr29",TRUE
"Gm11464",TRUE
"Ncoa3",TRUE
"Sulf2",TRUE
"Gm11466",FALSE
"Gm11467",FALSE
"Gm11468",TRUE
"Gm14268",FALSE
"5031425F14Rik",TRUE
"Prex1",TRUE
"Trp53rkb",TRUE
"Arfgef2",TRUE
"Cse1l",TRUE
"Gm17096",TRUE
"Stau1",TRUE
"Ddx27",TRUE
"Znfx1",TRUE
"Zfas1",TRUE
"Kcnb1",TRUE
"1110018N20Rik",TRUE
"Ptgis",TRUE
"Gm14291",TRUE
"B4galt5",TRUE
"Slc9a8",TRUE
"Spata2",TRUE
"Rnf114",TRUE
"Snai1",TRUE
"Gm11476",TRUE
"Ube2v1",TRUE
"Tmem189",TRUE
"Gm14320",TRUE
"Cebpb",TRUE
"A530013C23Rik",TRUE
"Gm14321",TRUE
"9230111E07Rik",TRUE
"1200007C13Rik",TRUE
"Gm14319",FALSE
"Ptpn1",TRUE
"Ripor3",TRUE
"Gm14236",FALSE
"Pard6b",TRUE
"Gm14235",TRUE
"E130018N17Rik",FALSE
"Adnp",TRUE
"Dpm1",TRUE
"Mocs3",TRUE
"Kcng1",TRUE
"Gm14262",TRUE
"Nfatc2",TRUE
"Atp9a",TRUE
"Sall4",TRUE
"Gm14261",FALSE
"Zfp64",TRUE
"1700017J07Rik",FALSE
"Gm14260",TRUE
"Gm9873",TRUE
"Gm14258",TRUE
"9430093N23Rik",FALSE
"Gm14250",FALSE
"4930529I22Rik",FALSE
"Gm14249",TRUE
"Gm11011",FALSE
"Tshz2",TRUE
"Zfp217",TRUE
"Bcas1",TRUE
"Bcas1os2",TRUE
"Bcas1os1",TRUE
"Cyp24a1",TRUE
"Pfdn4",TRUE
"Gm16796",TRUE
"Gm14637",TRUE
"4930470P17Rik",TRUE
"Gm14264",TRUE
"Dok5",TRUE
"Gm14266",TRUE
"Gm14640",FALSE
"1700007M16Rik",FALSE
"1700028P15Rik",FALSE
"Gm14272",FALSE
"Gm14641",FALSE
"Cbln4",TRUE
"Gm14271",TRUE
"Mc3r",TRUE
"Gm14275",FALSE
"Gm14273",TRUE
"Fam210b",TRUE
"Aurka",TRUE
"Cstf1",TRUE
"Cass4",TRUE
"Gm14455",TRUE
"Rtf2",TRUE
"Gcnt7",TRUE
"Fam209",TRUE
"Tfap2c",TRUE
"Bmp7",TRUE
"Spo11",TRUE
"Rae1",TRUE
"Rbm38",TRUE
"Gm20490",FALSE
"Gm14453",TRUE
"Ctcfl",TRUE
"Ctcflos",TRUE
"Pck1",FALSE
"Zbp1",TRUE
"Pmepa1",TRUE
"Pmepa1os",TRUE
"Gm14642",FALSE
"1700021F07Rik",TRUE
"Ankrd60",FALSE
"Rab22a",TRUE
"1700010B08Rik",FALSE
"Vapb",TRUE
"Stx16",TRUE
"Npepl1",TRUE
"Gm10714",TRUE
"Gnasas1",TRUE
"Gnas",TRUE
"Gm20721",TRUE
"Nelfcd",TRUE
"Ctsz",TRUE
"Tubb1",TRUE
"Atp5e",TRUE
"Prelid3b",TRUE
"Zfp831",TRUE
"Edn3",TRUE
"Gm14617",FALSE
"Gm14618",TRUE
"Gm14616",FALSE
"Gm14444",TRUE
"Gm14393",TRUE
"Gm14399",TRUE
"Gm14443",TRUE
"Gm14391",TRUE
"Gm14440",FALSE
"Gm4631",TRUE
"Zfp968",TRUE
"Gm4724",TRUE
"Zfp965",TRUE
"Gm11007",FALSE
"Zfp969",FALSE
"Gm2007",FALSE
"Gm14288",FALSE
"Gm6710",TRUE
"Zfp966",TRUE
"Gm2026",TRUE
"Gm11008",TRUE
"Gm2004",FALSE
"2210418O10Rik",TRUE
"Gm11009",FALSE
"Gm14435",TRUE
"Gm14434",FALSE
"Zfp967",TRUE
"Gm14308",TRUE
"Zfp973",TRUE
"Gm14305",TRUE
"Gm14295",TRUE
"Gm14408",FALSE
"Gm14296",TRUE
"Gm14419",TRUE
"Gm14401",TRUE
"Gm14410",TRUE
"Gm14409",FALSE
"Gm14412",TRUE
"Gm14418",TRUE
"Zfp970",TRUE
"Gm14403",TRUE
"Gm14406",TRUE
"Gm14322",TRUE
"Gm14325",TRUE
"Gm14327",TRUE
"Zfp972",TRUE
"Gm14326",TRUE
"Zfp971",TRUE
"Zfp931",TRUE
"Phactr3",TRUE
"Sycp2",TRUE
"Ppp1r3d",TRUE
"Fam217b",TRUE
"Cdh26",TRUE
"4930591A17Rik",FALSE
"Cdh4",TRUE
"Taf4",TRUE
"4921531C22Rik",TRUE
"Lsm14b",TRUE
"Psma7",TRUE
"Ss18l1",TRUE
"Mtg2",TRUE
"Hrh3",TRUE
"Gm17180",FALSE
"Osbpl2",TRUE
"Adrm1",TRUE
"Lama5",TRUE
"Rps21",TRUE
"Cables2",TRUE
"Rbbp8nl",FALSE
"Gata5",FALSE
"Gata5os",FALSE
"B230312C02Rik",TRUE
"Slco4a1",TRUE
"Ntsr1",TRUE
"Mrgbp",TRUE
"Ogfr",TRUE
"Col9a3",TRUE
"Tcfl5",TRUE
"Dido1",TRUE
"Gid8",TRUE
"Slc17a9",TRUE
"Gm14343",TRUE
"Bhlhe23",TRUE
"Gm14340",TRUE
"Gm14342",TRUE
"Gm14344",TRUE
"Gm14339",FALSE
"Gm27032",TRUE
"Ythdf1",TRUE
"Birc7",TRUE
"Nkain4",TRUE
"Gm14341",TRUE
"Arfgap1",TRUE
"9230112E08Rik",TRUE
"Col20a1",TRUE
"Chrna4",TRUE
"Kcnq2",TRUE
"Eef1a2",TRUE
"Ppdpf",TRUE
"Ptk6",TRUE
"Srms",TRUE
"Fndc11",FALSE
"Helz2",TRUE
"Gmeb2",TRUE
"Stmn3",TRUE
"Rtel1",TRUE
"Arfrp1",TRUE
"Zgpat",TRUE
"Lime1",FALSE
"Zbtb46",TRUE
"Abhd16b",FALSE
"Tpd52l2",TRUE
"Dnajc5",TRUE
"Uckl1",TRUE
"Uckl1os",TRUE
"Zfp512b",TRUE
"Prpf6",TRUE
"Samd10",TRUE
"Gm29797",TRUE
"Sox18",TRUE
"Tcea2",TRUE
"Rgs19",TRUE
"Lkaaear1",FALSE
"Oprl1",TRUE
"Myt1",TRUE
"Pcmtd2",TRUE
"Polr3k",TRUE
"Gm14496",TRUE
"Hnf4g",TRUE
"1110015O18Rik",TRUE
"Gm17308",FALSE
"2700069I18Rik",TRUE
"Zfhx4",TRUE
"4930555M17Rik",FALSE
"Pex2",TRUE
"Gm8797",TRUE
"Gm37350",TRUE
"1700008P02Rik",FALSE
"Pkia",TRUE
"Zc2hc1a",TRUE
"Il7",TRUE
"Gm16685",TRUE
"1700010I02Rik",TRUE
"Stmn2",TRUE
"Gm32496",TRUE
"Hey1",TRUE
"C230057A21Rik",FALSE
"Mrps28",TRUE
"Tpd52",TRUE
"4930539M17Rik",TRUE
"Zbtb10",TRUE
"C030034L19Rik",TRUE
"Zfp704",TRUE
"Pag1",TRUE
"Gm16337",TRUE
"Fabp5",TRUE
"Gm38335",TRUE
"Gm9833",TRUE
"Pmp2",FALSE
"Fabp9",FALSE
"Fabp4",TRUE
"Fabp12",TRUE
"Impa1",TRUE
"Slc10a5",TRUE
"Zfand1",TRUE
"Chmp4c",TRUE
"Snx16",TRUE
"Gm10745",TRUE
"Gm2464",TRUE
"Ralyl",TRUE
"Slc7a12",TRUE
"Lrrcc1",TRUE
"E2f5",TRUE
"Rbis",TRUE
"Car13",TRUE
"Car1",TRUE
"Car3",TRUE
"Car2",TRUE
"A930001A20Rik",TRUE
"Gm33819",TRUE
"Gm9733",TRUE
"Sirpb1a",FALSE
"Sirpb1b",TRUE
"Gm37468",FALSE
"Sirpb1c",FALSE
"Gm5150",TRUE
"Ythdf3",TRUE
"Gm30340",TRUE
"Mir124-2hg",TRUE
"Cypt12",FALSE
"Bhlhe22",TRUE
"Cyp7b1",TRUE
"Gm30667",TRUE
"4930433B08Rik",TRUE
"Armc1",TRUE
"Mtfr1",TRUE
"Pde7a",TRUE
"Gm16093",TRUE
"Dnajc5b",TRUE
"1700064H15Rik",TRUE
"Trim55",TRUE
"BC002189",TRUE
"Crh",TRUE
"Cp",TRUE
"Hps3",TRUE
"Hltf",TRUE
"Gyg",TRUE
"Cpa3",TRUE
"Cpb1",TRUE
"Gm43525",FALSE
"Agtr1b",TRUE
"Gm31466",FALSE
"Gm29137",FALSE
"Gm31693",TRUE
"Gm43674",TRUE
"Gm43672",TRUE
"Tbl1xr1",TRUE
"Gm38324",TRUE
"Gm37021",FALSE
"4930412E21Rik",TRUE
"Naaladl2",TRUE
"Nlgn1",TRUE
"Gm37573",TRUE
"A830092H15Rik",TRUE
"Spata16",TRUE
"Ect2",TRUE
"1700125G22Rik",TRUE
"Nceh1",TRUE
"Tnfsf10",TRUE
"Ghsr",TRUE
"Fndc3b",TRUE
"Tmem212",TRUE
"Pld1",TRUE
"Gm42196",TRUE
"Tnik",TRUE
"Slc2a2",TRUE
"1700112D23Rik",TRUE
"Eif5a2",TRUE
"Gm32950",TRUE
"Rpl22l1",TRUE
"Gm33051",TRUE
"Gm37867",FALSE
"Gm1527",FALSE
"Egfem1",TRUE
"Gm33206",TRUE
"Mannr",TRUE
"Mecom",TRUE
"Mecomos",TRUE
"Gm38258",FALSE
"Actrt3",FALSE
"Mynn",TRUE
"Lrrc34",TRUE
"Lrriq4",FALSE
"Lrrc31",FALSE
"Gm15462",TRUE
"Samd7",TRUE
"4933429H19Rik",TRUE
"Sec62",TRUE
"Gpr160",TRUE
"Phc3",TRUE
"Prkci",TRUE
"Skil",TRUE
"Cldn11",TRUE
"Slc7a14",TRUE
"Gm15496",TRUE
"Gm38025",TRUE
"Kcnmb2",TRUE
"Zmat3",TRUE
"Pik3ca",TRUE
"Kcnmb3",TRUE
"Zfp639",TRUE
"Gm37592",TRUE
"Mfn1",TRUE
"Gnb4",TRUE
"Gm37640",TRUE
"Actl6a",TRUE
"Mrpl47",TRUE
"Ndufb5",TRUE
"Usp13",TRUE
"Gm37459",TRUE
"Pex5l",TRUE
"4930419G24Rik",TRUE
"Gm43666",TRUE
"Ttc14",TRUE
"Ccdc39",TRUE
"Gm43140",TRUE
"4930431L21Rik",TRUE
"Gm43077",TRUE
"Fxr1",TRUE
"Dnajc19",TRUE
"Sox2ot",TRUE
"Gm38505",TRUE
"Gm34599",TRUE
"Gm20515",TRUE
"Gm29135",TRUE
"Gm42695",TRUE
"Gm42205",TRUE
"Sox2",TRUE
"Gm3143",TRUE
"Gm38509",TRUE
"Gm21388",TRUE
"1700017M07Rik",TRUE
"Gm6639",TRUE
"Atp11b",TRUE
"Dcun1d1",TRUE
"Gm15952",TRUE
"Mccc1",TRUE
"Mccc1os",TRUE
"Ccdc144b",TRUE
"Acad9",TRUE
"Gm43079",FALSE
"Zfp267",TRUE
"Qrfpr",TRUE
"Gm43255",TRUE
"Gm42208",FALSE
"Anxa5",TRUE
"1810062G17Rik",TRUE
"Gm11548",TRUE
"Gm11549",TRUE
"Exosc9",TRUE
"Ccna2",TRUE
"Bbs7",TRUE
"Trpc3",TRUE
"4932438A13Rik",TRUE
"Gm12531",TRUE
"Adad1",TRUE
"Il2",TRUE
"Gm12532",TRUE
"Il21",FALSE
"Gm12534",FALSE
"Cetn4",TRUE
"Bbs12",TRUE
"Fgf2os",TRUE
"Fgf2",TRUE
"Nudt6",TRUE
"Spata5",TRUE
"4930594O21Rik",FALSE
"Spry1",TRUE
"Gm5148",TRUE
"Gm42921",FALSE
"Gm20755",TRUE
"Gm43821",TRUE
"5430434I15Rik",FALSE
"Gm42920",FALSE
"Gm36823",TRUE
"Ankrd50",TRUE
"Gm43538",FALSE
"C230034O21Rik",TRUE
"Fat4",TRUE
"Gm43539",TRUE
"1700017G19Rik",TRUE
"Intu",TRUE
"Slc25a31",TRUE
"Hspa4l",TRUE
"Plk4",TRUE
"Mfsd8",TRUE
"Abhd18",TRUE
"6430590A07Rik",TRUE
"1700034I23Rik",TRUE
"Larp1b",TRUE
"Pgrmc2",TRUE
"Gm40038",TRUE
"Gm16508",FALSE
"1700052H01Rik",TRUE
"Gm40040",TRUE
"Platr4",TRUE
"2400006E01Rik",FALSE
"Jade1",TRUE
"Gm31266",TRUE
"Sclt1",TRUE
"D3Ertd751e",TRUE
"2610316D01Rik",TRUE
"Pcdh10",TRUE
"1700027H10Rik",TRUE
"Pabpc4l",TRUE
"1700018B24Rik",FALSE
"Gm37190",FALSE
"Gm31415",TRUE
"Gm20557",TRUE
"Pcdh18",TRUE
"Slc7a11",TRUE
"Gm37854",FALSE
"Gm6209",TRUE
"Gm29230",FALSE
"Gm38246",TRUE
"Noct",TRUE
"Elf2",TRUE
"Gm5103",TRUE
"Mgarp",TRUE
"Ndufc1",TRUE
"Naa15",TRUE
"Rab33b",TRUE
"Setd7",TRUE
"5031434O11Rik",TRUE
"Mgst2",TRUE
"Maml3",TRUE
"Gm37229",TRUE
"Gm20089",TRUE
"Gm37202",TRUE
"Gm30074",FALSE
"Gm38132",FALSE
"Gm37170",TRUE
"Foxo1",TRUE
"Gm20402",FALSE
"Gm30173",TRUE
"Gm2447",TRUE
"Gm30292",TRUE
"Gm20750",TRUE
"Cog6",TRUE
"Gm42901",TRUE
"Lhfp",TRUE
"Gm43803",TRUE
"Nhlrc3",TRUE
"Gm16206",TRUE
"Proser1",TRUE
"Stoml3",TRUE
"Frem2",TRUE
"Gm30735",TRUE
"C820005J03Rik",TRUE
"Gm10985",FALSE
"Ufm1",TRUE
"Gm31026",TRUE
"Trpc4",TRUE
"Postn",TRUE
"Supt20",TRUE
"Gm21958",TRUE
"Exosc8",TRUE
"Alg5",TRUE
"Smad9",TRUE
"Rfxap",TRUE
"Sertm1",TRUE
"Ccna1",TRUE
"4931419H13Rik",TRUE
"Spg20",TRUE
"Ccdc169",TRUE
"Sohlh2",FALSE
"Dclk1",TRUE
"Gm42609",TRUE
"Gm21954",TRUE
"Gm43549",TRUE
"Nbea",TRUE
"Mab21l1",TRUE
"Gm43376",TRUE
"Tm4sf1",TRUE
"Tm4sf4",TRUE
"Wwtr1",TRUE
"Gm26671",TRUE
"Commd2",TRUE
"Ankub1",TRUE
"Rnf13",TRUE
"Pfn2",TRUE
"Gm40055",TRUE
"4921539H07Rik",TRUE
"1700007F19Rik",TRUE
"Tsc22d2",TRUE
"Serp1",TRUE
"Eif2a",TRUE
"Selenot",TRUE
"Erich6",TRUE
"Siah2",TRUE
"4930593A02Rik",TRUE
"Mindy4b-ps",TRUE
"Clrn1",TRUE
"Gm43570",TRUE
"Med12l",TRUE
"Gpr171",TRUE
"P2ry14",TRUE
"Gpr87",TRUE
"P2ry13",TRUE
"P2ry12",TRUE
"Igsf10",TRUE
"Gm38186",TRUE
"Gm5538",FALSE
"Gm8298",FALSE
"C130079G13Rik",FALSE
"Aadacl2",FALSE
"Aadac",TRUE
"Sucnr1",FALSE
"Mbnl1",TRUE
"Gm38326",TRUE
"Gm37035",TRUE
"P2ry1",TRUE
"Gm37696",TRUE
"Rap2b",TRUE
"B430305J03Rik",TRUE
"9330121J05Rik",TRUE
"Arhgef26",TRUE
"Dhx36",TRUE
"Gpr149",TRUE
"Mme",TRUE
"Gm34240",TRUE
"Strit1",FALSE
"Plch1",TRUE
"E130311K13Rik",TRUE
"Slc33a1",TRUE
"Gm26850",TRUE
"Gmps",TRUE
"Vmn2r1",TRUE
"Vmn2r2",TRUE
"Vmn2r3",TRUE
"Vmn2r4",TRUE
"Vmn2r5",TRUE
"Vmn2r6",TRUE
"Vmn2r7",TRUE
"Kcnab1",TRUE
"A330015K06Rik",TRUE
"A730090N16Rik",TRUE
"Ssr3",TRUE
"Tiparp",TRUE
"Lekr1",TRUE
"Gm37359",TRUE
"Ccnl1",TRUE
"Gm37305",TRUE
"Veph1",TRUE
"Ptx3",TRUE
"Shox2",FALSE
"Rsrc1",TRUE
"Gm17402",TRUE
"Mlf1",TRUE
"Gfm1",TRUE
"Lxn",TRUE
"Rarres1",TRUE
"Gm35299",FALSE
"4930402C01Rik",FALSE
"Mfsd1",TRUE
"Schip1",TRUE
"Il12a",TRUE
"4930535E02Rik",FALSE
"Gm35584",FALSE
"1110032F04Rik",TRUE
"Ift80",TRUE
"Smc4",TRUE
"Trim59",TRUE
"Kpna4",TRUE
"Gm1647",TRUE
"Arl14",FALSE
"Ppm1l",TRUE
"B3galnt1",TRUE
"Nmd3",TRUE
"Sptssb",TRUE
"Otol1",TRUE
"Sis",TRUE
"Slitrk3",TRUE
"Gm20754",TRUE
"Gm38353",TRUE
"4930509J09Rik",TRUE
"Bche",TRUE
"Gm20356",TRUE
"Zbbx",TRUE
"Serpini2",TRUE
"Wdr49",TRUE
"Pdcd10",TRUE
"Serpini1",TRUE
"Platr10",TRUE
"Gm29133",TRUE
"Golim4",TRUE
"Gm37256",TRUE
"Fstl5",TRUE
"Rapgef2",TRUE
"4921511C10Rik",TRUE
"6430573P05Rik",TRUE
"Gm17359",TRUE
"Fnip2",TRUE
"Gm3513",TRUE
"4930589L23Rik",TRUE
"Ppid",TRUE
"Etfdh",TRUE
"4930579G24Rik",TRUE
"Rxfp1",TRUE
"Gm26984",TRUE
"Tmem144",TRUE
"Gm36569",TRUE
"Gask1b",TRUE
"A330069K06Rik",TRUE
"Gm37892",TRUE
"Gm37971",TRUE
"Gria2",TRUE
"Glrb",TRUE
"Gm42468",TRUE
"Gm42476",FALSE
"Pdgfc",TRUE
"Gm16000",TRUE
"Gm43346",FALSE
"A830029E22Rik",TRUE
"Gm9989",TRUE
"Ctso",TRUE
"Tdo2",TRUE
"Asic5",TRUE
"Gucy1b1",TRUE
"Gucy1a1",TRUE
"Map9",TRUE
"Npy2r",TRUE
"Gm29999",FALSE
"Gm30043",FALSE
"Gm43348",FALSE
"Rbm46",TRUE
"Rbm46os",TRUE
"Lrat",TRUE
"Gm30097",TRUE
"Fgg",FALSE
"Fga",FALSE
"Fgb",FALSE
"Plrg1",TRUE
"Gm10710",TRUE
"Dchs2",TRUE
"Gm38096",TRUE
"1700028M03Rik",TRUE
"Sfrp2",TRUE
"Gm26771",TRUE
"Tlr2",TRUE
"Tmem131l",TRUE
"Mnd1",TRUE
"Trim2",TRUE
"Gm6525",TRUE
"4930565D16Rik",TRUE
"Fhdc1",TRUE
"Arfip1",TRUE
"Gm37240",TRUE
"Tigd4",TRUE
"Tmem154",TRUE
"Fbxw7",TRUE
"1700036G14Rik",FALSE
"Gm42813",TRUE
"Gm45790",TRUE
"Gm42812",FALSE
"Gm15535",TRUE
"Gatb",TRUE
"Fam160a1",TRUE
"Glt28d2",TRUE
"Sh3d19",TRUE
"Prss48",TRUE
"Rps3a1",TRUE
"Gm37933",FALSE
"Lrba",TRUE
"Mab21l2",TRUE
"Gm37876",TRUE
"Dclk2",TRUE
"Cd1d1",TRUE
"Kirrel",TRUE
"Gm37855",TRUE
"Fcrls",TRUE
"Cd5l",TRUE
"Fcrl1",TRUE
"Fcrl5",TRUE
"Etv3",TRUE
"ETV3L",FALSE
"Arhgef11",TRUE
"Lrrc71",TRUE
"Pear1",TRUE
"Ntrk1",FALSE
"Insrr",TRUE
"Sh2d2a",TRUE
"Prcc",TRUE
"Hdgf",TRUE
"Mrpl24",TRUE
"Rrnad1",TRUE
"Isg20l2",TRUE
"Crabp2",TRUE
"Nes",TRUE
"Bcan",TRUE
"Hapln2",TRUE
"Gpatch4",TRUE
"Naxe",TRUE
"Ttc24",TRUE
"Iqgap3",TRUE
"Mef2d",TRUE
"1700113A16Rik",TRUE
"AI849053",TRUE
"AW047730",TRUE
"Gm3764",TRUE
"Rhbg",TRUE
"Tsacc",TRUE
"Cct3",TRUE
"Glmp",TRUE
"Tmem79",TRUE
"Smg5",TRUE
"Paqr6",TRUE
"Bglap3",FALSE
"Bglap2",FALSE
"Bglap",FALSE
"Pmf1",TRUE
"Slc25a44",TRUE
"Sema4a",TRUE
"Lmna",TRUE
"Gm37584",TRUE
"Mex3a",TRUE
"Rab25",TRUE
"Lamtor2",TRUE
"Ubqln4",TRUE
"Ssr2",TRUE
"Arhgef2",TRUE
"Gm20652",TRUE
"Rxfp4",FALSE
"Gm43714",TRUE
"Khdc4",TRUE
"Rit1",TRUE
"Gm17146",TRUE
"Syt11",TRUE
"1500004A13Rik",TRUE
"Gon4l",TRUE
"Gm43713",TRUE
"Msto1",TRUE
"Dap3",TRUE
"Ash1l",TRUE
"Rusc1",TRUE
"Fdps",TRUE
"Pklr",TRUE
"Hcn3",TRUE
"Clk2",TRUE
"Scamp3",TRUE
"Gm16069",TRUE
"Fam189b",TRUE
"Gba",TRUE
"Mtx1",TRUE
"Thbs3",TRUE
"Muc1",TRUE
"Trim46",TRUE
"Krtcap2",TRUE
"Dpm3",TRUE
"Slc50a1",TRUE
"Efna1",TRUE
"Efna3",TRUE
"Gm15998",TRUE
"Efna4",TRUE
"4731419I09Rik",TRUE
"Adam15",TRUE
"Dcst1",TRUE
"Dcst2",TRUE
"Zbtb7b",TRUE
"Gm15417",TRUE
"Lenep",FALSE
"Flad1",TRUE
"Cks1b",TRUE
"Shc1",TRUE
"Pygo2",TRUE
"Pbxip1",TRUE
"Pmvk",TRUE
"Kcnn3",TRUE
"Adar",TRUE
"Chrnb2",TRUE
"4632404H12Rik",TRUE
"Ube2q1",TRUE
"She",TRUE
"Il6ra",TRUE
"Gm42809",FALSE
"Atp8b2",TRUE
"Hax1",TRUE
"Gm19710",TRUE
"Ubap2l",TRUE
"4933434E20Rik",TRUE
"Gm16540",TRUE
"1700094D03Rik",TRUE
"Tpm3",TRUE
"Nup210l",TRUE
"Rps27",TRUE
"Rab13",TRUE
"Jtb",TRUE
"Creb3l4",TRUE
"Slc39a1",TRUE
"Crtc2",TRUE
"Dennd4b",TRUE
"4930537H20Rik",TRUE
"Gatad2b",TRUE
"Slc27a3",TRUE
"Ints3",TRUE
"Npr1",TRUE
"Gm16048",TRUE
"Ilf2",TRUE
"Snapin",TRUE
"Chtop",TRUE
"S100a1",TRUE
"S100a13",TRUE
"S100a14",TRUE
"S100a16",TRUE
"S100a2",TRUE
"S100a3",TRUE
"S100a4",TRUE
"S100a5",FALSE
"S100a6",TRUE
"S100a7a",TRUE
"S100a8",FALSE
"S100a9",FALSE
"Pglyrp4",FALSE
"Gm5849",FALSE
"9130204L05Rik",FALSE
"Pglyrp3",TRUE
"Lor",TRUE
"Gm43736",FALSE
"4930511M18Rik",TRUE
"Gm43735",FALSE
"Prr9",FALSE
"Lelp1",FALSE
"Gm35439",TRUE
"Sprr2a1",FALSE
"Sprr2a2",FALSE
"Sprr2a3",FALSE
"Sprr2b",FALSE
"Sprr2d",FALSE
"Sprr2e",FALSE
"Sprr2f",FALSE
"Sprr2h",FALSE
"Sprr2i",FALSE
"Sprr2j-ps",FALSE
"Gm9774",TRUE
"Sprr2k",FALSE
"Sprr1b",FALSE
"Sprr3",FALSE
"Sprr1a",FALSE
"Sprr4",FALSE
"2310046K23Rik",FALSE
"Ivl",FALSE
"Smcp",FALSE
"2210017I01Rik",FALSE
"Lce6a",FALSE
"Lce1a1",FALSE
"Lce1b",FALSE
"Lce1a2",FALSE
"Lce1c",FALSE
"Lce1d",FALSE
"Lce1e",FALSE
"Lce1f",FALSE
"Gm38119",FALSE
"Lce1g",FALSE
"Lce1h",FALSE
"Lce1i",FALSE
"Lce1j",FALSE
"Lce1k",FALSE
"Kprp",FALSE
"Gm38201",FALSE
"Lce1l",FALSE
"2310050C09Rik",FALSE
"Lce3a",FALSE
"Lce3b",FALSE
"Lce3c",FALSE
"Lce3d",FALSE
"Lce3e",FALSE
"Lce3f",FALSE
"Crct1",FALSE
"Lce1m",FALSE
"Gm4858",FALSE
"Crnn",FALSE
"Flg2",FALSE
"Flg",FALSE
"Gm37245",TRUE
"Hrnr",FALSE
"Rptn",FALSE
"Tchh",TRUE
"Tchhl1",FALSE
"S100a11",TRUE
"S100a10",TRUE
"Tdpoz2",FALSE
"Tdpoz1",FALSE
"Gm37596",FALSE
"Gm5773",FALSE
"Tdpoz4",FALSE
"Tdpoz3",FALSE
"Gm9117",FALSE
"Tdpoz5",FALSE
"Gm9125",FALSE
"Gm10697",FALSE
"Gm10696",FALSE
"Gm5286",FALSE
"Gm4778",FALSE
"Them4",TRUE
"Them5",FALSE
"Gm36070",TRUE
"C2cd4d",TRUE
"Gm38411",TRUE
"Rorc",TRUE
"Gm43401",TRUE
"Lingo4",TRUE
"1700040D17Rik",TRUE
"Tdrkh",TRUE
"Gm42463",TRUE
"Oaz3",TRUE
"Mrpl9",TRUE
"Riiad1",TRUE
"Celf3",TRUE
"Snx27",TRUE
"Gm43773",TRUE
"Gm43774",TRUE
"Gm43768",TRUE
"Tuft1",TRUE
"Gm15234",TRUE
"Selenbp2",TRUE
"Cgn",TRUE
"Pogz",TRUE
"Psmb4",TRUE
"Selenbp1",TRUE
"Rfx5",TRUE
"B230398E01Rik",TRUE
"Pi4kb",TRUE
"A730011C13Rik",TRUE
"Gm15265",TRUE
"Zfp687",TRUE
"4930481B07Rik",TRUE
"Psmd4",TRUE
"Pip5k1a",TRUE
"Vps72",TRUE
"Tmod4",TRUE
"Scnm1",TRUE
"Lysmd1",TRUE
"Tnfaip8l2",TRUE
"Sema6c",TRUE
"Gabpb2",TRUE
"Gm16740",TRUE
"Mllt11",TRUE
"Cdc42se1",TRUE
"Gm128",TRUE
"Bnipl",TRUE
"Prune1",TRUE
"Mindy1",TRUE
"Anxa9",TRUE
"6330562C20Rik",TRUE
"Cers2",TRUE
"Setdb1",TRUE
"4930558C23Rik",FALSE
"Arnt",TRUE
"Ctsk",TRUE
"Ctss",TRUE
"Hormad1",TRUE
"Golph3l",TRUE
"Ensa",TRUE
"Mcl1",TRUE
"Adamtsl4",TRUE
"Ecm1",TRUE
"Tars2",TRUE
"Rprd2",TRUE
"Prpf3",TRUE
"Gm26594",TRUE
"Mrps21",TRUE
"C920021L13Rik",TRUE
"Ciart",TRUE
"BC028528",TRUE
"Aph1a",TRUE
"Car14",TRUE
"Anp32e",TRUE
"Plekho1",TRUE
"Vps45",TRUE
"Otud7b",TRUE
"Mtmr11",TRUE
"Gm17690",TRUE
"Sf3b4",TRUE
"Sv2a",TRUE
"Bola1",TRUE
"Gm15444",TRUE
"Hist2h2ab",TRUE
"Hist2h2ac",TRUE
"Hist2h2be",TRUE
"Hist2h3c2",TRUE
"Gm20632",TRUE
"Hist2h2aa2",FALSE
"Gm20633",TRUE
"Hist2h2aa1",TRUE
"Hist2h3c1",TRUE
"Gm20627",TRUE
"Hist2h4",TRUE
"Gm20628",TRUE
"Hist2h3b",FALSE
"Gm42743",TRUE
"Hist2h2bb",TRUE
"Fcgr1",TRUE
"Platr30",FALSE
"Gm26553",FALSE
"4930477E14Rik",FALSE
"Gm26654",FALSE
"AC121792.1",FALSE
"BC107364",TRUE
"Gm10685",FALSE
"Hjv",FALSE
"Gm15441",TRUE
"Txnip",TRUE
"Gm16253",TRUE
"Polr3gl",TRUE
"Ankrd34a",TRUE
"Lix1l",TRUE
"Rbm8a",TRUE
"Pex11b",TRUE
"Itga10",TRUE
"Ankrd35",TRUE
"Pias3",TRUE
"Nudt17",TRUE
"Polr3c",TRUE
"Rnf115",TRUE
"Cd160",TRUE
"Pdzk1",TRUE
"4930442L01Rik",FALSE
"Gpr89",TRUE
"Gja5",TRUE
"Gja8",TRUE
"9230114J08Rik",TRUE
"4930573H18Rik",TRUE
"Acp6",TRUE
"Bcl9",TRUE
"Olfr1402",TRUE
"Chd1l",TRUE
"Fmo5",TRUE
"Prkab2",TRUE
"Gm17651",FALSE
"Pde4dip",TRUE
"Gm31305",TRUE
"Gm15999",TRUE
"Sec22b",TRUE
"Gm5544",TRUE
"Notch2",TRUE
"Adam30",TRUE
"Reg4",FALSE
"Hmgcs2",TRUE
"Gm43189",TRUE
"Phgdh",TRUE
"Zfp697",TRUE
"Gm4450",TRUE
"Gm43190",TRUE
"Hsd3b4",FALSE
"Gm10681",TRUE
"Hsd3b5",TRUE
"Hsd3b2",TRUE
"Hsd3b3",TRUE
"Hsd3b6",TRUE
"Hsd3b1",TRUE
"Hao2",TRUE
"5730437C11Rik",TRUE
"Gm12440",FALSE
"Wars2",TRUE
"Gm43024",TRUE
"Gm42717",TRUE
"Tbx15",TRUE
"Gm43120",TRUE
"Spag17",TRUE
"Spag17os",FALSE
"Wdr3",TRUE
"Gdap2",TRUE
"4930406D18Rik",TRUE
"Gm43121",FALSE
"Tent5c",TRUE
"Gm12474",TRUE
"Gm42868",TRUE
"Man1a2",TRUE
"Gm43466",TRUE
"Gm42869",TRUE
"Gm43462",TRUE
"Gm43463",TRUE
"Gm43464",TRUE
"Vtcn1",TRUE
"Trim45",TRUE
"Ttf2",TRUE
"Cd101",TRUE
"Ptgfrn",TRUE
"Gm43465",TRUE
"Cd2",FALSE
"Igsf3",TRUE
"Gm42939",TRUE
"Gm42938",TRUE
"Gm42538",TRUE
"Atp1a1",TRUE
"Gm42937",TRUE
"Gm42941",TRUE
"Gm43135",FALSE
"Gm43134",FALSE
"Mab21l3",TRUE
"Slc22a15",TRUE
"Nhlh2",TRUE
"Casq2",TRUE
"Gm43244",TRUE
"4632404M16Rik",TRUE
"Vangl1",TRUE
"Gm16160",FALSE
"Gm43241",FALSE
"A230001M10Rik",TRUE
"Gm43242",TRUE
"Ngf",TRUE
"Gm42679",TRUE
"Gm42678",TRUE
"Gm42682",TRUE
"Tspan2os",TRUE
"Tspan2",TRUE
"Tshb",TRUE
"Gm42681",FALSE
"Sycp1",TRUE
"Nr1h5",TRUE
"Sike1",TRUE
"Csde1",TRUE
"Nras",TRUE
"Gm43062",TRUE
"Ampd1",TRUE
"Gm43063",TRUE
"Dennd2c",TRUE
"Bcas2",TRUE
"Trim33",TRUE
"Gm43061",TRUE
"Syt6",TRUE
"Gm43066",TRUE
"Atg4a-ps",TRUE
"Olfml3",TRUE
"Gm10964",TRUE
"Hipk1",TRUE
"Gm43149",TRUE
"Gm15886",TRUE
"Gm43387",TRUE
"Dclre1b",TRUE
"Gm15471",TRUE
"Ap4b1",TRUE
"Bcl2l15",TRUE
"Ptpn22",TRUE
"Gm15472",TRUE
"Gm43065",TRUE
"Rsbn1",TRUE
"Phtf1os",TRUE
"Phtf1",TRUE
"Magi3",TRUE
"Gm42696",TRUE
"9530097N15Rik",TRUE
"Gm42700",TRUE
"Gm42699",TRUE
"Gm42702",TRUE
"Gm42701",TRUE
"Gm43258",TRUE
"C030032O16Rik",TRUE
"Gm43259",TRUE
"Gm43260",TRUE
"Gm43256",TRUE
"Gm5546",TRUE
"Lrig2",TRUE
"Gm38412",TRUE
"Gm43696",TRUE
"A530041M06Rik",TRUE
"4930509H03Rik",TRUE
"Slc16a1",TRUE
"Gm43581",TRUE
"Gm43585",TRUE
"Gm29561",TRUE
"Tafa3",FALSE
"Ppm1j",FALSE
"Rhoc",TRUE
"Mov10",TRUE
"Capza1",TRUE
"Gm42658",TRUE
"Gm42659",TRUE
"St7l",TRUE
"Wnt2b",TRUE
"Gm43846",TRUE
"Gm40117",TRUE
"Cttnbp2nl",TRUE
"4930564D02Rik",FALSE
"Kcnd3os",TRUE
"Kcnd3",TRUE
"Gm43847",TRUE
"Ddx20",TRUE
"Inka2",TRUE
"Gm43848",TRUE
"Rap1a",TRUE
"Gm43328",TRUE
"Gm43329",TRUE
"Gm43330",TRUE
"Gm43331",TRUE
"Gm5547",TRUE
"Adora3",TRUE
"Tmigd3",TRUE
"I830077J02Rik",TRUE
"Atp5f1",TRUE
"Wdr77",TRUE
"Ovgp1",TRUE
"Pifo",TRUE
"Gm42722",TRUE
"Gm42721",TRUE
"Chil5",TRUE
"Chia1",TRUE
"Chil3",TRUE
"Chil4",TRUE
"Chil6",TRUE
"2010016I18Rik",TRUE
"Dennd2d",TRUE
"Cept1",TRUE
"Dram2",TRUE
"Lrif1",TRUE
"Cd53",TRUE
"Olfr266",TRUE
"Gm35507",TRUE
"Gm27008",TRUE
"Kcna3",TRUE
"AI504432",TRUE
"A930002I21Rik",FALSE
"Kcna2",TRUE
"Kcna10",TRUE
"Cym",TRUE
"A630076J17Rik",FALSE
"Prok1",TRUE
"Lamtor5",TRUE
"Slc16a4",TRUE
"Rbm15",TRUE
"Kcnc4",TRUE
"Slc6a17",TRUE
"Ubl4b",FALSE
"Alx3",TRUE
"Strip1",TRUE
"Gm10961",TRUE
"Ahcyl1",TRUE
"Csf1",TRUE
"Gm36211",TRUE
"Eps8l3",TRUE
"4933431E20Rik",TRUE
"Gstm5",TRUE
"Gstm7",TRUE
"Gstm6",TRUE
"Gstm3",FALSE
"Gstm2",TRUE
"Gstm1",TRUE
"Gm12498",FALSE
"Gstm4",TRUE
"Ampd2",TRUE
"Gm12500",TRUE
"Gnat2",TRUE
"Gnai3",TRUE
"Gpr61",TRUE
"Gm12524",TRUE
"Amigo1",TRUE
"Cyb561d1",TRUE
"Atxn7l2",TRUE
"Sypl2",TRUE
"Gm40123",TRUE
"1700010K24Rik",TRUE
"Psma5",TRUE
"Gm12523",TRUE
"Sort1",TRUE
"Gm12525",TRUE
"Mybphl",TRUE
"Gm12522",TRUE
"Psrc1",TRUE
"Celsr2",TRUE
"Sars",TRUE
"5330417C22Rik",TRUE
"1700013F07Rik",TRUE
"Tmem167b",TRUE
"Taf13",TRUE
"Wdr47",TRUE
"Clcc1",TRUE
"Gpsm2",TRUE
"Gm27244",TRUE
"Aknad1",FALSE
"Stxbp3",TRUE
"Fndc7",TRUE
"Prpf38b",TRUE
"Gm9857",TRUE
"Henmt1",TRUE
"Fam102b",TRUE
"Gm43221",TRUE
"4930408K08Rik",FALSE
"Slc25a54",TRUE
"Gm19391",TRUE
"Slc25a24",TRUE
"Vav3",TRUE
"Ntng1",TRUE
"Prmt6",TRUE
"C130013H08Rik",TRUE
"Gm6602",TRUE
"Amy2a5",FALSE
"Amy2a4",FALSE
"Amy2a3",FALSE
"Amy2a2",FALSE
"Amy2a1",FALSE
"Amy1",TRUE
"Rnpc3",TRUE
"Col11a1",TRUE
"Olfm3",TRUE
"S1pr1",TRUE
"Gm9889",TRUE
"A930005H10Rik",TRUE
"Dph5",TRUE
"Slc30a7",TRUE
"Extl2",TRUE
"Vcam1",TRUE
"Gm43109",TRUE
"Gm26544",TRUE
"Gm31651",FALSE
"Gpr88",TRUE
"Cdc14a",TRUE
"Gm29151",TRUE
"Rtca",TRUE
"Dbt",TRUE
"Lrrc39",TRUE
"Trmt13",TRUE
"Sass6",TRUE
"Gm42893",TRUE
"Mfsd14a",TRUE
"Gm42457",TRUE
"4930512P04Rik",TRUE
"Slc35a3",TRUE
"Agl",TRUE
"Frrs1",TRUE
"Palmd",TRUE
"4930455H04Rik",TRUE
"1700061I17Rik",TRUE
"Gm42891",FALSE
"Plppr4",TRUE
"Plppr5",TRUE
"Snx7",TRUE
"4921521D15Rik",FALSE
"Gm26871",TRUE
"Gm9916",TRUE
"Dpyd",TRUE
"Ptbp2",TRUE
"Gm42664",TRUE
"6530403H02Rik",TRUE
"Rwdd3",TRUE
"Tmem56",TRUE
"Alg14",TRUE
"Cnn3",TRUE
"Slc44a3",TRUE
"A530020G20Rik",FALSE
"A730020M07Rik",TRUE
"4930432M17Rik",FALSE
"Gm43608",TRUE
"Gm43607",FALSE
"F3",TRUE
"Abcd3",TRUE
"Arhgap29",TRUE
"Abca4",TRUE
"Gclm",TRUE
"Gm17494",TRUE
"Dnttip2",TRUE
"Gm40190",TRUE
"Bcar3",TRUE
"Gm4610",TRUE
"Gm42836",TRUE
"Fnbp1l",TRUE
"Gm43569",TRUE
"Gm43568",TRUE
"Pde5a",TRUE
"4930447N08Rik",TRUE
"4933405D12Rik",TRUE
"Fabp2",TRUE
"Gm10959",FALSE
"1810037I17Rik",TRUE
"Usp53",TRUE
"Myoz2",TRUE
"Synpo2",TRUE
"Sec24d",TRUE
"Mettl14",TRUE
"Gm35065",FALSE
"Prss12",TRUE
"Snhg8",TRUE
"Ndst3",TRUE
"Gm43731",TRUE
"Tram1l1",TRUE
"1700006A11Rik",FALSE
"Gm42823",FALSE
"1700003H04Rik",FALSE
"Gm42825",TRUE
"Ndst4",TRUE
"Ugt8a",TRUE
"Gm42827",TRUE
"Arsj",TRUE
"Gm17225",TRUE
"Camk2d",TRUE
"Gm15551",TRUE
"Ank2",TRUE
"Gm16958",TRUE
"Larp7",TRUE
"Zgrf1",TRUE
"Gm43729",TRUE
"Neurog2",TRUE
"Alpk1",TRUE
"Tifa",TRUE
"Ap1ar",TRUE
"Gm43653",TRUE
"Gm35585",TRUE
"Fam241a",TRUE
"9830132P13Rik",TRUE
"Gm35667",FALSE
"D030025E07Rik",TRUE
"Gm43824",TRUE
"4933424H11Rik",FALSE
"Gm28543",FALSE
"Pitx2",FALSE
"Gm27195",FALSE
"Enpep",TRUE
"Gm35986",TRUE
"Elovl6",TRUE
"Egf",TRUE
"Gm42697",TRUE
"Gm42650",TRUE
"6330410L21Rik",TRUE
"Lrit3",TRUE
"Rrh",TRUE
"Gar1",TRUE
"Cfi",TRUE
"Pla2g12a",TRUE
"Casp6",TRUE
"Mcub",TRUE
"Sec24b",TRUE
"Col25a1",TRUE
"Etnppl",TRUE
"Ostc",TRUE
"Rpl34",TRUE
"Gm42997",TRUE
"Gm43522",TRUE
"2010110G14Rik",TRUE
"Gm36520",FALSE
"Gm43351",TRUE
"Gm43349",FALSE
"Lef1os1",TRUE
"Lef1",TRUE
"Hadh",TRUE
"Cyp2u1",TRUE
"4930534D22Rik",TRUE
"Sgms2",TRUE
"Papss1",TRUE
"Gm29865",TRUE
"Dkk2",TRUE
"Gm42880",FALSE
"Gimd1",TRUE
"Aimp1",TRUE
"Tbck",TRUE
"Gm29811",TRUE
"Npnt",TRUE
"Gstcd",TRUE
"Ints12",TRUE
"Arhgef38",TRUE
"Gm43254",TRUE
"Ppa2",TRUE
"Tet2",TRUE
"Gm42567",TRUE
"Gm40153",TRUE
"Gm6135",FALSE
"Gm30484",TRUE
"Gm26691",TRUE
"Gm43192",TRUE
"Gm30648",TRUE
"Cxxc4",TRUE
"4930539C22Rik",TRUE
"Gm26820",TRUE
"Tacr3",TRUE
"Cenpe",TRUE
"Bdh2",TRUE
"Slc9b2",TRUE
"Slc9b1",TRUE
"Cisd2",TRUE
"4930539J05Rik",TRUE
"Ube2d3",TRUE
"Manba",TRUE
"Nfkb1",TRUE
"Slc39a8",TRUE
"4933401H06Rik",TRUE
"Gm31243",TRUE
"Bank1",TRUE
"1700030L20Rik",TRUE
"Ppp3ca",TRUE
"Gm43357",TRUE
"Gm43356",FALSE
"Gm567",TRUE
"Emcn",TRUE
"Gm4861",FALSE
"Ddit4l",TRUE
"Gm21962",TRUE
"Gm42610",TRUE
"Gm31678",FALSE
"Gm43403",TRUE
"H2afz",TRUE
"Dnajb14",TRUE
"Gm40155",TRUE
"Gm43689",TRUE
"Lamtor3",TRUE
"Dapp1",TRUE
"Gm19708",TRUE
"Gm5105",TRUE
"1110002E22Rik",TRUE
"Mttp",TRUE
"Gm43691",TRUE
"Trmt10a",TRUE
"4930579F01Rik",TRUE
"0610031O16Rik",FALSE
"Adh7",TRUE
"Adh1",TRUE
"Gm16559",FALSE
"Adh6a",FALSE
"Adh6b",TRUE
"Adh4",TRUE
"Adh5",TRUE
"Metap1",TRUE
"Eif4e",TRUE
"4930425O10Rik",TRUE
"Tspan5",TRUE
"Rap1gds1",TRUE
"Stpg2",TRUE
"Gm32693",TRUE
"Gm43678",FALSE
"Gm43049",TRUE
"Gm32754",TRUE
"4930590L14Rik",FALSE
"Pdha2",FALSE
"Gm15688",TRUE
"Unc5c",TRUE
"Gm15689",TRUE
"Bmpr1b",TRUE
"Pdlim5",TRUE
"Gbp5",TRUE
"Gbp7",TRUE
"Gbp3",TRUE
"Gbp2b",FALSE
"Gbp2",TRUE
"Kyat3",TRUE
"Gm15540",TRUE
"Gtf2b",TRUE
"Pkn2",TRUE
"Gm43646",TRUE
"9530052C20Rik",FALSE
"4930519L02Rik",FALSE
"Gm43614",TRUE
"A830019L24Rik",TRUE
"Gm43613",TRUE
"Gm43612",TRUE
"1700001N15Rik",TRUE
"Gm43616",FALSE
"Gm33651",TRUE
"Gm33758",TRUE
"Gm42704",TRUE
"Gm6260",TRUE
"Gm42705",TRUE
"Gm42706",FALSE
"Gm42707",TRUE
"Gm42708",TRUE
"Gm34078",TRUE
"Lmo4",TRUE
"Gm43445",TRUE
"Gm43446",FALSE
"Gm43447",TRUE
"Hs2st1",TRUE
"Gm43707",TRUE
"Gm43560",TRUE
"Selenof",TRUE
"Sh3glb1",TRUE
"Clca3a1",TRUE
"Gm34866",TRUE
"Clca3a2",TRUE
"Gm43240",TRUE
"Clca3b",TRUE
"Clca4b",TRUE
"Gm16233",TRUE
"Clca4a",TRUE
"Gm35066",FALSE
"Clca1",TRUE
"Clca2",TRUE
"Odf2l",TRUE
"Col24a1",TRUE
"9530034A14Rik",TRUE
"D530037P16Rik",TRUE
"Znhit6",TRUE
"Ccn1",TRUE
"Gm17501",TRUE
"Ddah1",TRUE
"Bcl10",TRUE
"2410004B18Rik",TRUE
"Syde2",TRUE
"Gm35409",FALSE
"Wdr63",TRUE
"Mcoln3",FALSE
"Mcoln2",TRUE
"Lpar3",TRUE
"Gm10636",TRUE
"Ssx2ip",TRUE
"Ctbs",TRUE
"Spata1",TRUE
"Gng5",TRUE
"Rpf1",TRUE
"Uox",TRUE
"Dnase2b",TRUE
"Gm16325",TRUE
"4930503B20Rik",FALSE
"Samd13",TRUE
"Prkacb",TRUE
"Ttll7",TRUE
"Gm29771",TRUE
"Gm36831",FALSE
"Gm37041",FALSE
"Gm36888",TRUE
"Gm43574",FALSE
"Adgrl2",TRUE
"Gm43573",TRUE
"Gm43572",TRUE
"Gm10287",TRUE
"Gm30382",TRUE
"Gm5149",TRUE
"Gm31121",TRUE
"Gm43470",TRUE
"Gm43468",FALSE
"4930555A03Rik",FALSE
"Gm42949",FALSE
"Adgrl4",TRUE
"Ifi44",TRUE
"Ifi44l",FALSE
"Ptgfr",TRUE
"Gm43617",TRUE
"Gm43619",TRUE
"Gipc2",TRUE
"Gm31881",TRUE
"Dnajb4",TRUE
"Fubp1",TRUE
"Nexn",TRUE
"Miga1",TRUE
"Usp33",TRUE
"Zzz3",TRUE
"Ak5",TRUE
"AI115009",TRUE
"Pigk",TRUE
"St6galnac5",TRUE
"Gm16213",TRUE
"Gm16231",TRUE
"1700094M23Rik",TRUE
"St6galnac3",TRUE
"1700012D16Rik",TRUE
"1700015C17Rik",FALSE
"5730460C07Rik",FALSE
"Asb17os",TRUE
"Asb17",TRUE
"Msh4",TRUE
"Rabggtb",TRUE
"Gm43400",TRUE
"Acadm",TRUE
"Slc44a5",TRUE
"Lhx8",TRUE
"AI606473",TRUE
"Tyw3",TRUE
"Cryz",TRUE
"Gm38139",TRUE
"Erich3",TRUE
"Gm20389",TRUE
"Tnni3k",TRUE
"Fpgt",TRUE
"Lrriq3",TRUE
"9330178D15Rik",TRUE
"Gm42947",FALSE
"4930570G19Rik",TRUE
"Negr1",TRUE
"Gm15577",TRUE
"4930592C13Rik",TRUE
"Zranb2",TRUE
"Ptger3",TRUE
"Gm33466",TRUE
"Cth",TRUE
"1810013D15Rik",TRUE
"Ankrd13c",TRUE
"Srsf11",TRUE
"Lrrc40",TRUE
"B230334C09Rik",TRUE
"Lrrc7",TRUE
"Gm20752",TRUE
"Depdc1a",TRUE
"Rpe65",TRUE
"Wls",TRUE
"Vmn1r2",FALSE
"Vmn1r3",FALSE
"AI838599",TRUE
"Tmem68",TRUE
"Tgs1",TRUE
"2210414B05Rik",TRUE
"Lyn",TRUE
"Rps20",TRUE
"Mos",FALSE
"Plag1",TRUE
"Chchd7",TRUE
"Gm11808",TRUE
"Sdr16c5",TRUE
"Sdr16c6",TRUE
"Penk",TRUE
"A830012C17Rik",TRUE
"Impad1",TRUE
"Gm11782",FALSE
"4930423M02Rik",TRUE
"Fam110b",TRUE
"Ubxn2b",TRUE
"Cyp7a1",FALSE
"4930430E12Rik",FALSE
"Sdcbp",TRUE
"Nsmaf",TRUE
"Tox",TRUE
"Gm11802",TRUE
"8430436N08Rik",TRUE
"Gm11795",FALSE
"Car8",TRUE
"Rab2a",TRUE
"Chd7",TRUE
"Clvs1",TRUE
"Gm11816",TRUE
"Gm11817",TRUE
"Asph",TRUE
"4930412C18Rik",TRUE
"Gdf6",FALSE
"1700123O12Rik",TRUE
"Gm11815",TRUE
"2610301B20Rik",TRUE
"Plekhf2",TRUE
"Ndufaf6",TRUE
"Gm11827",TRUE
"Trp53inp1",TRUE
"Ccne2",TRUE
"Ints8",TRUE
"Dpy19l4",TRUE
"Esrp1",TRUE
"Virma",TRUE
"Gm11831",TRUE
"Rad54b",TRUE
"Fsbp",TRUE
"Gm11832",TRUE
"Gem",TRUE
"Cdh17",TRUE
"Pdp1",TRUE
"1700123M08Rik",TRUE
"Gm11840",TRUE
"Gm11842",TRUE
"Tmem67",TRUE
"Rbm12b2",TRUE
"Rbm12b1",TRUE
"Fam92a",TRUE
"Gm11846",TRUE
"Triqk",TRUE
"Gm11820",TRUE
"Runx1t1",TRUE
"Gm11823",TRUE
"1700120G11Rik",TRUE
"Slc26a7",TRUE
"Lrrc69",TRUE
"Otud6b",TRUE
"Pip4p2",TRUE
"Gm11837",TRUE
"Necab1",TRUE
"Gm11844",TRUE
"Tmem64",TRUE
"Calb1",TRUE
"Decr1",TRUE
"Nbn",TRUE
"Osgin2",TRUE
"Ripk2",TRUE
"A530072M11Rik",TRUE
"Gm11861",TRUE
"Gm11851",TRUE
"Mmp16",TRUE
"Gm11867",TRUE
"Cnbd1",TRUE
"Cngb3",TRUE
"Cpne3",TRUE
"Rmdn1",TRUE
"Gm12353",TRUE
"Wwp1",TRUE
"Gm12354",FALSE
"Slc7a13",TRUE
"Atp6v0d2",FALSE
"4930480G23Rik",FALSE
"Ttpa",TRUE
"Ggh",TRUE
"Nkain3",TRUE
"Gm11872",TRUE
"Prdm13",FALSE
"Ccnc",TRUE
"Tstd3",TRUE
"Usp45",TRUE
"Pnisr",TRUE
"Coq3",TRUE
"Faxc",TRUE
"Fbxl4",TRUE
"Pou3f2",TRUE
"Gm30731",TRUE
"1700025O08Rik",FALSE
"Gm11884",TRUE
"Gm28448",TRUE
"Gm27243",TRUE
"Mms22l",TRUE
"Klhl32",TRUE
"Gm11899",TRUE
"Ndufaf4",TRUE
"C230012O17Rik",TRUE
"Gpr63",TRUE
"Gm11906",TRUE
"Fhl5",TRUE
"Ufl1",TRUE
"Fut9",TRUE
"Manea",TRUE
"4930548K13Rik",TRUE
"Epha7",TRUE
"Gm11915",TRUE
"Gm11917",TRUE
"Gm11916",FALSE
"Gm11924",TRUE
"4930556G01Rik",TRUE
"Map3k7",TRUE
"Bach2",TRUE
"Bach2it1",TRUE
"Bach2os",TRUE
"Gja10",TRUE
"Casp8ap2",TRUE
"Mdn1",TRUE
"Lyrm2",TRUE
"Ankrd6",TRUE
"Rragd",TRUE
"4933421O10Rik",TRUE
"Ube2j1",TRUE
"Gabrr2",TRUE
"Gabrr1",TRUE
"Pm20d2",TRUE
"Srsf12",TRUE
"Pnrc1",TRUE
"Gm11934",TRUE
"Rngtt",TRUE
"Cnr1",TRUE
"Spaca1",TRUE
"Gm12753",FALSE
"Akirin2",TRUE
"Orc3",TRUE
"Rars2",TRUE
"Slc35a1",TRUE
"Cfap206",TRUE
"Gm136",TRUE
"Smim8",TRUE
"Zfp292",TRUE
"Cga",TRUE
"Platr9",FALSE
"Mob3b",TRUE
"Gm12364",TRUE
"Ifnk",TRUE
"C9orf72",TRUE
"Gm12367",TRUE
"Lingo2",TRUE
"Gm12371",TRUE
"Gm12374",TRUE
"Gm12381",TRUE
"Gm17094",FALSE
"1700009N14Rik",FALSE
"Aco1",TRUE
"Ddx58",TRUE
"Topors",TRUE
"Smim27",TRUE
"Ndufb6",TRUE
"4930509K18Rik",TRUE
"Tmem215",TRUE
"4933428C19Rik",TRUE
"Aptx",TRUE
"Dnaja1",TRUE
"Smu1",TRUE
"B4galt1",TRUE
"Spink4",TRUE
"Bag1",TRUE
"Chmp5",TRUE
"Nfx1",TRUE
"Aqp7",TRUE
"Aqp3",FALSE
"Nol6",TRUE
"Ube2r2",TRUE
"Ubap2",TRUE
"Dcaf12",TRUE
"Ubap1",TRUE
"Kif24",TRUE
"Nudt2",TRUE
"Myorg",TRUE
"1110017D15Rik",TRUE
"Fam219aos",TRUE
"Fam219a",TRUE
"Gm12404",TRUE
"Dnaic1",TRUE
"Enho",TRUE
"Gm12406",TRUE
"Gm12405",FALSE
"Cntfr",TRUE
"Il11ra1",TRUE
"Rpp25l",TRUE
"Dctn3",TRUE
"Arid3c",TRUE
"Sigmar1",TRUE
"Galt",TRUE
"Ccl27a",TRUE
"Gm13307",TRUE
"Gm21541",FALSE
"Gm20878",TRUE
"Fam205a4",FALSE
"Gm3892",TRUE
"Gm3893",FALSE
"Gm13304",FALSE
"Gm13299",FALSE
"Gm13306",TRUE
"Gm13305",FALSE
"Gm17167",TRUE
"Ccl21b",FALSE
"Gm21980",FALSE
"Gm21953",FALSE
"Fam205a3",FALSE
"Gm21586",FALSE
"Fam205a2",FALSE
"Gm10591",FALSE
"Ccl27b",FALSE
"Il11ra2",FALSE
"4930578G10Rik",TRUE
"Gm12395",TRUE
"Ccl19",TRUE
"Ccl21a",TRUE
"Gm12394",TRUE
"Fam205a1",TRUE
"Fam205c",TRUE
"Phf24",TRUE
"Dnajb5",TRUE
"1700022I11Rik",TRUE
"Vcp",TRUE
"Fancg",TRUE
"Pigo",TRUE
"Stoml2",TRUE
"Fam214b",TRUE
"Gm26881",TRUE
"Unc13b",TRUE
"Atp8b5",TRUE
"Rusc2",TRUE
"Fam166b",TRUE
"Tesk1",TRUE
"Cd72",TRUE
"Sit1",FALSE
"Rmrp",TRUE
"Ccdc107",TRUE
"Arhgef39",TRUE
"Gm12454",TRUE
"Car9",TRUE
"Tpm2",TRUE
"Tln1",TRUE
"Creb3",TRUE
"Gba2",TRUE
"Rgp1",TRUE
"Msmp",TRUE
"Gm12472",TRUE
"Gm12473",TRUE
"Npr2",TRUE
"Spag8",TRUE
"Hint2",TRUE
"Fam221b",TRUE
"Tmem8b",TRUE
"Olfr70",TRUE
"Olfr71",TRUE
"Hrct1",TRUE
"Spaar",TRUE
"Olfr159",FALSE
"Olfr156",FALSE
"Olfr157",FALSE
"Olfr155",FALSE
"Reck",TRUE
"Glipr2",TRUE
"Ccin",FALSE
"Clta",TRUE
"Gne",TRUE
"Gm12503",TRUE
"Rnf38",TRUE
"Melk",TRUE
"Pax5",TRUE
"Gm12462",TRUE
"Zcchc7",TRUE
"Gm12678",TRUE
"Gm12493",TRUE
"Gm12679",TRUE
"Grhpr",TRUE
"Zbtb5",TRUE
"1700055D18Rik",TRUE
"Polr1e",TRUE
"Fbxo10",TRUE
"Tomm5",TRUE
"Frmpd1",TRUE
"Frmpd1os",TRUE
"Trmt10b",TRUE
"Exosc3",TRUE
"Dcaf10",TRUE
"Slc25a51",TRUE
"Shb",TRUE
"Gm12408",TRUE
"Gm829",TRUE
"Gm12410",FALSE
"Gm12409",FALSE
"Aldh1b1",TRUE
"Igfbpl1",TRUE
"Stra6l",TRUE
"Ccdc180",TRUE
"Tdrd7",TRUE
"Tmod1",TRUE
"Tstd2",TRUE
"Ncbp1",TRUE
"Xpa",TRUE
"Gm12446",TRUE
"Foxe1",FALSE
"Trmo",TRUE
"Hemgn",TRUE
"Anp32b",TRUE
"Nans",TRUE
"Trim14",TRUE
"Gm16731",TRUE
"Coro2a",TRUE
"Tbc1d2",TRUE
"Gabbr2",TRUE
"Gm568",TRUE
"Anks6",TRUE
"Galnt12",TRUE
"Gm12426",TRUE
"Col15a1",TRUE
"Tgfbr1",TRUE
"Alg2",TRUE
"Sec61b",TRUE
"Gm12434",TRUE
"Nr4a3",TRUE
"Stx17",TRUE
"Erp44",TRUE
"Invs",TRUE
"Tex10",TRUE
"Msantd3",TRUE
"Tmeff1",TRUE
"Cavin4",TRUE
"Gm12436",TRUE
"Plppr1",TRUE
"Acnat2",TRUE
"Acnat1",TRUE
"Baat",TRUE
"Mrpl50",TRUE
"Zfp189",TRUE
"Aldob",TRUE
"Tmem246",TRUE
"Rnf20",TRUE
"Grin3a",TRUE
"Ppp3r2",TRUE
"Cylc2",TRUE
"C630028M04Rik",TRUE
"Smc2os",TRUE
"Smc2",TRUE
"Toporsl",FALSE
"Olfr275",TRUE
"Olfr273",FALSE
"Olfr272",TRUE
"Olfr270",FALSE
"Nipsnap3a",FALSE
"Nipsnap3b",TRUE
"Abca1",TRUE
"4930412L05Rik",TRUE
"4930522O17Rik",FALSE
"AI427809",TRUE
"Gm12496",TRUE
"Slc44a1",TRUE
"1700060J05Rik",TRUE
"Fsd1l",TRUE
"Fktn",TRUE
"Tal2",TRUE
"Tmem38b",TRUE
"Gm12484",TRUE
"Gm29067",FALSE
"Gm12478",TRUE
"Gm12480",FALSE
"Zfp462",TRUE
"Gm12514",TRUE
"Rad23b",TRUE
"Gm12505",FALSE
"Gm12510",TRUE
"Klf4",TRUE
"Gm12511",TRUE
"Gm12506",TRUE
"Gm12519",TRUE
"2310081O03Rik",TRUE
"Actl7b",TRUE
"Gm26657",FALSE
"Actl7a",TRUE
"Elp1",TRUE
"Abitram",TRUE
"Ctnnal1",TRUE
"Tmem245",TRUE
"Frrs1l",TRUE
"Epb41l4b",TRUE
"Gm12530",TRUE
"Ptpn3",TRUE
"Gm12536",TRUE
"1700042G15Rik",FALSE
"Pakap",TRUE
"Pakap.1",TRUE
"Gm12526",TRUE
"D630039A03Rik",TRUE
"Txn1",TRUE
"Txndc8",TRUE
"Svep1",TRUE
"Musk",TRUE
"Lpar1",TRUE
"Gm12580",TRUE
"Olfr267",TRUE
"Ecpas",TRUE
"Zkscan16",TRUE
"Ptgr1",TRUE
"Dnajc25",TRUE
"Gng10",TRUE
"Shoc1",TRUE
"Gm12594",FALSE
"Ugcg",TRUE
"Gm12596",TRUE
"Susd1",TRUE
"Ptbp3",TRUE
"Hsdl2",TRUE
"E130308A19Rik",TRUE
"Inip",TRUE
"Snx30",TRUE
"Gm12542",TRUE
"Slc46a2",TRUE
"Mup4",FALSE
"Mup6",TRUE
"Mup7",FALSE
"Mup2",TRUE
"Mup8",FALSE
"Mup9",FALSE
"Mup1",FALSE
"Gm13773",FALSE
"Mup10",FALSE
"Mup11",FALSE
"Mup12",FALSE
"Mup22",FALSE
"Mup13",FALSE
"Mup14",FALSE
"Mup15",FALSE
"Mup16",FALSE
"Mup17",FALSE
"Mup18",FALSE
"Mup19",FALSE
"Gm13775",FALSE
"Mup5",FALSE
"Mup20",FALSE
"Mup3",FALSE
"Gm12909",FALSE
"Gm12910",FALSE
"Mup21",FALSE
"Zfp37",TRUE
"Slc31a2",TRUE
"Fkbp15",TRUE
"Slc31a1",TRUE
"Cdc26",TRUE
"Prpf4",TRUE
"Rnf183",TRUE
"Wdr31",TRUE
"Bspry",TRUE
"Hdhd3",TRUE
"Alad",TRUE
"Pole3",TRUE
"4933430I17Rik",TRUE
"Rgs3",TRUE
"Gm11209",TRUE
"Gm11210",TRUE
"Gm11211",TRUE
"Zfp618",TRUE
"Ambp",TRUE
"Kif12",TRUE
"Col27a1",TRUE
"Orm1",FALSE
"Orm3",TRUE
"Orm2",TRUE
"Akna",TRUE
"Aknaos",TRUE
"Whrn",TRUE
"Atp6v1g1",TRUE
"Tmem268",TRUE
"Gm11213",FALSE
"Tex48",TRUE
"Gm11482",FALSE
"Gm11214",FALSE
"Tnfsf15",TRUE
"Tnfsf8",TRUE
"Tnc",TRUE
"8030451A03Rik",TRUE
"Gm11216",FALSE
"Gm11217",TRUE
"Pappa",TRUE
"Astn2",TRUE
"Trim32",TRUE
"Tlr4",TRUE
"Gm11751",TRUE
"Gm12911",TRUE
"Brinp1",TRUE
"Cdk5rap2",TRUE
"Megf9",TRUE
"Gm11228",TRUE
"Gm11232",TRUE
"Gm11234",TRUE
"Tle1",TRUE
"Gm11250",TRUE
"C630043F03Rik",TRUE
"Aldoart1",FALSE
"Gm11487",FALSE
"Gm11238",FALSE
"Gm11237",FALSE
"Gm11236",FALSE
"Gm11239",FALSE
"Gm428",FALSE
"Rasef",TRUE
"Gm11240",TRUE
"Gm11758",FALSE
"Gm11757",FALSE
"Gm13871",FALSE
"Gm11756",FALSE
"2310002L09Rik",TRUE
"Frmd3",TRUE
"Kdm4c",TRUE
"A230083N12Rik",TRUE
"Dmac1",TRUE
"Ptprd",TRUE
"Gm42303",TRUE
"B230208B08Rik",TRUE
"Gm11261",TRUE
"Tyrp1",TRUE
"Lurap1l",TRUE
"Mpdz",TRUE
"Gm11412",FALSE
"Gm12914",FALSE
"Gm11264",TRUE
"Gm5860",TRUE
"Nfib",TRUE
"Gm11266",TRUE
"Gm11267",TRUE
"Gm11269",TRUE
"Zdhhc21",TRUE
"Cer1",FALSE
"Frem1",TRUE
"Ttc39b",TRUE
"Gm11413",TRUE
"Gm11184",TRUE
"Snapc3",TRUE
"Psip1",TRUE
"Ccdc171",TRUE
"Gm26968",FALSE
"Gm11415",FALSE
"6030471H07Rik",FALSE
"Gm12414",FALSE
"Bnc2",TRUE
"Gm12415",FALSE
"Cntln",TRUE
"Sh3gl2",TRUE
"Adamtsl1",TRUE
"Saxo1",TRUE
"Saxo1os",FALSE
"Rraga",TRUE
"Haus6",TRUE
"Plin2",TRUE
"Dennd4c",TRUE
"Rps6",TRUE
"Acer2",TRUE
"Slc24a2",TRUE
"Gm12600",TRUE
"Mllt3",TRUE
"Gm12631",TRUE
"Focad",TRUE
"Hacd4",TRUE
"Ifnb1",FALSE
"Ifna15",FALSE
"Ifna14",FALSE
"Ifna9",FALSE
"Ifna12",FALSE
"C87499",TRUE
"Ifna13",FALSE
"Ifna16",FALSE
"Ifna2",FALSE
"Ifnab",FALSE
"Klhl9",TRUE
"Gm26566",TRUE
"Gm13274",TRUE
"Gm13271",FALSE
"Gm13283",FALSE
"Gm13290",FALSE
"Gm13289",FALSE
"Gm13272",FALSE
"Ifnz",FALSE
"Gm13276",FALSE
"Gm13277",FALSE
"Gm13278",FALSE
"Gm13275",FALSE
"Gm13279",FALSE
"Gm13285",FALSE
"Gm13287",FALSE
"Gm13288",TRUE
"Ifna7",FALSE
"Ifna11",FALSE
"Ifna6",FALSE
"Ifna5",FALSE
"Ifna4",FALSE
"Ifna1",FALSE
"4930553M12Rik",FALSE
"Ifne",FALSE
"Gm49890",TRUE
"Gm49891",TRUE
"Wincr1",TRUE
"Gm12602",TRUE
"Mtap",TRUE
"Gm12606",FALSE
"Cdkn2a",TRUE
"Cdkn2b",TRUE
"Gm12609",TRUE
"Gm12610",TRUE
"Dmrta1",TRUE
"Gm12629",FALSE
"Zfp352",TRUE
"Elavl2",TRUE
"Gm12668",FALSE
"Gm12670",FALSE
"4930577H14Rik",FALSE
"Izumo3",TRUE
"Gm12666",FALSE
"Gm12637",FALSE
"Tusc1",TRUE
"Gm12649",TRUE
"Gm12648",TRUE
"Gm12655",TRUE
"Caap1",TRUE
"Plaa",TRUE
"Ift74",TRUE
"Lrrc19",TRUE
"Tek",TRUE
"Eqtn",TRUE
"Mysm1",TRUE
"Gm12694",TRUE
"Gm12703",TRUE
"Jun",TRUE
"Junos",TRUE
"4930551L18Rik",TRUE
"Gm28096",TRUE
"Gm12708",TRUE
"Gm29064",TRUE
"Gm830",TRUE
"Gm12707",TRUE
"Fggy",TRUE
"9530080O11Rik",TRUE
"Hook1",TRUE
"Cyp2j13",TRUE
"Cyp2j12",TRUE
"Cyp2j7",TRUE
"Cyp2j11",TRUE
"Cyp2j8",TRUE
"Cyp2j6",TRUE
"Cyp2j9",TRUE
"Cyp2j5",TRUE
"Gm12695",TRUE
"E130114P18Rik",TRUE
"Gm12676",TRUE
"Nfia",TRUE
"0610025J13Rik",TRUE
"Tm2d1",TRUE
"Patj",TRUE
"L1td1",FALSE
"Kank4",TRUE
"Kank4os",TRUE
"I0C0044D17Rik",FALSE
"Usp1",TRUE
"Dock7",TRUE
"Angptl3",TRUE
"Gm12705",TRUE
"Gm12681",TRUE
"Atg4c",TRUE
"Gm12689",TRUE
"Gm12690",FALSE
"Gm12688",FALSE
"Foxd3",FALSE
"Gm12682",TRUE
"Alg6",TRUE
"Itgb3bp",TRUE
"Efcab7",TRUE
"Pgm1",TRUE
"Gm12702",FALSE
"Ror1",TRUE
"Gm12701",FALSE
"Ube2u",TRUE
"Ube2uos",TRUE
"Cachd1",TRUE
"Raver2",TRUE
"Jak1",TRUE
"Gm12801",FALSE
"Gm12796",TRUE
"E130102H24Rik",TRUE
"0610043K17Rik",TRUE
"Gm12798",TRUE
"Ak4",TRUE
"Dnajc6",TRUE
"Leprot",TRUE
"Lepr",TRUE
"B020004J07Rik",TRUE
"C130073F10Rik",FALSE
"Gm12800",FALSE
"Gm12794",FALSE
"Gm12790",TRUE
"Gm12789",FALSE
"Pde4b",TRUE
"Sgip1",TRUE
"Gm12709",TRUE
"Tctex1d1",TRUE
"BB031773",TRUE
"Insl5",TRUE
"Wdr78",TRUE
"Mier1",TRUE
"Slc35d1",TRUE
"Gm44037",TRUE
"4921539E11Rik",TRUE
"4930456L15Rik",TRUE
"Oma1",TRUE
"Gm12718",TRUE
"Gm12720",FALSE
"Dab1",TRUE
"C8b",TRUE
"C8a",TRUE
"Gm17662",TRUE
"Fyb2",TRUE
"Prkaa2",TRUE
"Plpp3",TRUE
"Gm12728",TRUE
"Gm12729",TRUE
"Gm12724",TRUE
"Gm12730",FALSE
"Usp24",TRUE
"Pcsk9",TRUE
"Bsnd",FALSE
"Tmem61",TRUE
"2700068H02Rik",TRUE
"Dhcr24",TRUE
"Gm12744",TRUE
"Lexm",TRUE
"Ttc22",TRUE
"Pars2",TRUE
"Ttc4",TRUE
"Mroh7",TRUE
"Fam151a",TRUE
"Acot11",TRUE
"Gm12746",FALSE
"Ssbp3",TRUE
"Gm12786",TRUE
"Mrpl37",TRUE
"Cyb5rl",TRUE
"Cdcp2",FALSE
"Gm12802",TRUE
"Tceanc2",TRUE
"Tmem59",TRUE
"Ldlrad1",TRUE
"Lrrc42",TRUE
"Hspb11",TRUE
"Dio1",TRUE
"Yipf1",TRUE
"Gm12869",TRUE
"Ndc1",TRUE
"Glis1",TRUE
"Dmrtb1",TRUE
"1700047F07Rik",TRUE
"Gm12907",FALSE
"4933424M12Rik",TRUE
"Lrp8os3",TRUE
"Lrp8",TRUE
"Lrp8os2",TRUE
"Lrp8os1",TRUE
"Magoh",TRUE
"Czib",TRUE
"Cpt2",TRUE
"4930407G08Rik",TRUE
"Slc1a7",TRUE
"Podn",TRUE
"Scp2",TRUE
"Echdc2",TRUE
"Zyg11a",TRUE
"Zyg11b",TRUE
"Coa7",TRUE
"Shisal2a",TRUE
"Gpx7",TRUE
"Tut4",TRUE
"Gm12737",TRUE
"Prpf38a",TRUE
"Orc1",TRUE
"Gm12743",TRUE
"Cc2d1b",TRUE
"Gm17354",TRUE
"Zfyve9",TRUE
"3110021N24Rik",TRUE
"Btf3l4",TRUE
"Txndc12",TRUE
"Kti12",TRUE
"Rab3b",TRUE
"8030443G20Rik",TRUE
"Nrd1",TRUE
"Osbpl9",TRUE
"Calr4",TRUE
"Eps15",TRUE
"Ttc39aos1",TRUE
"Ttc39a",TRUE
"Rnf11",TRUE
"4930522H14Rik",TRUE
"Gm12811",TRUE
"9630013D21Rik",TRUE
"Cdkn2c",TRUE
"Faf1",TRUE
"Dmrta2os",TRUE
"Dmrta2",TRUE
"Elavl4",TRUE
"Agbl4",TRUE
"Bend5",TRUE
"Spata6",TRUE
"Slc5a9",FALSE
"Skint8",TRUE
"Skint7",FALSE
"Skint1",FALSE
"Skint4",TRUE
"Skint3",TRUE
"Skint9",TRUE
"Skint2",TRUE
"Skint10",TRUE
"Skint6",TRUE
"Gm12823",TRUE
"Skint5",TRUE
"Skint11",TRUE
"Trabd2b",TRUE
"Gm28864",FALSE
"Gm12829",TRUE
"9130410C08Rik",TRUE
"Gm12830",TRUE
"Foxd2",FALSE
"Foxd2os",TRUE
"Foxe3",FALSE
"Cmpk1",TRUE
"Stil",TRUE
"Tal1",TRUE
"Pdzk1ip1",FALSE
"Cyp4x1",TRUE
"Cyp4x1os",TRUE
"Cyp4a29",FALSE
"Cyp4a12a",FALSE
"Cyp4a12b",TRUE
"Cyp4a30b",FALSE
"Cyp4a14",FALSE
"Cyp4a10",FALSE
"Cyp4a31",FALSE
"Cyp4a32",TRUE
"Cyp4b1",TRUE
"Efcab14",TRUE
"Tex38",TRUE
"Atpaf1",TRUE
"Mob3c",TRUE
"Mknk1",TRUE
"Gm29434",TRUE
"Kncn",TRUE
"6430628N08Rik",TRUE
"Dmbx1",TRUE
"Faah",TRUE
"Nsun4",TRUE
"Uqcrh",TRUE
"Lrrc41",TRUE
"Rad54l",TRUE
"Pomgnt1",TRUE
"Lurap1",TRUE
"Tspan1",TRUE
"1700042G07Rik",FALSE
"Gm12951",TRUE
"Pik3r3",TRUE
"Mast2",TRUE
"Ipp",TRUE
"Tmem69",TRUE
"Gm12953",TRUE
"Gpbp1l1",TRUE
"C530005A16Rik",TRUE
"Ccdc17",TRUE
"Nasp",TRUE
"Akr1a1",TRUE
"Prdx1",TRUE
"Mmachc",TRUE
"Ccdc163",TRUE
"Tesk2",TRUE
"Toe1",TRUE
"Mutyh",TRUE
"Hpdl",FALSE
"Gm12996",TRUE
"Zswim5",TRUE
"Urod",TRUE
"Hectd3",TRUE
"1700021J08Rik",TRUE
"Eif2b3",TRUE
"Ptch2",TRUE
"Btbd19",TRUE
"Tctex1d4",TRUE
"Plk3",TRUE
"Rps8",TRUE
"Kif2c",TRUE
"1700012C08Rik",FALSE
"Armh1",TRUE
"Tmem53",TRUE
"Rnf220",TRUE
"Gm12843",TRUE
"Gm12828",TRUE
"Gm12827",FALSE
"Eri3",TRUE
"Dmap1",TRUE
"Gm12840",TRUE
"Gm12845",FALSE
"Klf17",FALSE
"Slc6a9",TRUE
"Gm17114",TRUE
"Ccdc24",TRUE
"B4galt2",TRUE
"Gm12841",TRUE
"Atp6v0b",TRUE
"Dph2",TRUE
"Ipo13",TRUE
"Artn",FALSE
"St3gal3",TRUE
"9530034E10Rik",TRUE
"Kdm4a",TRUE
"Ptprf",TRUE
"Szt2",TRUE
"Med8",TRUE
"Elovl1",TRUE
"Cdc20",TRUE
"Mpl",TRUE
"Tie1",TRUE
"2610528J11Rik",FALSE
"Tmem125",TRUE
"Cfap57",TRUE
"Ebna1bp2",TRUE
"Gm12853",TRUE
"Olfr62",FALSE
"Olfr1342",FALSE
"Olfr1341",FALSE
"Olfr1340",TRUE
"Olfr1339",FALSE
"Olfr1338",FALSE
"Olfr1337",FALSE
"Olfr1335",FALSE
"Olfr1333",TRUE
"Olfr1331",FALSE
"Olfr1330",TRUE
"Olfr1329",FALSE
"Olfr1328",FALSE
"Gm12863",FALSE
"Lao1",TRUE
"Gm12861",TRUE
"Gm12865",TRUE
"Gm12862",FALSE
"Gm12866",TRUE
"Slc2a1",TRUE
"Gm12867",TRUE
"Gm12868",TRUE
"Zfp691",TRUE
"Ermap",TRUE
"Svbp",TRUE
"AU022252",TRUE
"Tmem269",FALSE
"Gm12898",TRUE
"P3h1",TRUE
"Gm12927",TRUE
"Cldn19",TRUE
"Ybx1",TRUE
"Ppih",TRUE
"Ccdc30",TRUE
"BX470216.1",TRUE
"Ppcs",TRUE
"Zmynd12",TRUE
"Rimkla",TRUE
"Frg2f1",TRUE
"Foxj3",TRUE
"Guca2a",TRUE
"Guca2b",FALSE
"Hivep3",TRUE
"AL607142.1",FALSE
"Edn2",TRUE
"Foxo6",TRUE
"Foxo6os",TRUE
"Scmh1",TRUE
"Slfnl1",TRUE
"Ctps",TRUE
"Gm8439",TRUE
"Gm12860",TRUE
"Gm45579",TRUE
"Cited4",TRUE
"Kcnq4",TRUE
"Nfyc",TRUE
"Rims3",TRUE
"Exo5",TRUE
"Zfp69",TRUE
"Smap2",TRUE
"Col9a2",TRUE
"Zmpste24",TRUE
"Tmco2",FALSE
"Rlf",TRUE
"Gm12888",FALSE
"Gm12886",FALSE
"Gm12887",FALSE
"9530002B09Rik",FALSE
"Ppt1",TRUE
"Cap1",TRUE
"Mfsd2a",TRUE
"4933421A08Rik",TRUE
"Mycl",TRUE
"Trit1",TRUE
"Gm12923",FALSE
"Bmp8b",TRUE
"Oxct2b",FALSE
"Ppie",TRUE
"Hpcal4",TRUE
"Nt5c1a",TRUE
"Heyl",TRUE
"Pabpc4",TRUE
"Bmp8a",TRUE
"Oxct2a",FALSE
"Macf1",TRUE
"Gm12925",TRUE
"Ndufs5",TRUE
"Akirin1",TRUE
"Rhbdl2",TRUE
"1700121C08Rik",TRUE
"4933427I04Rik",TRUE
"Mycbp",TRUE
"Gm12905",TRUE
"Rragc",TRUE
"Gm12916",FALSE
"1700021L23Rik",FALSE
"4933435F18Rik",FALSE
"1700057H15Rik",TRUE
"Gm2164",TRUE
"4933407E24Rik",TRUE
"Pou3f1",TRUE
"Utp11",TRUE
"Fhl3",TRUE
"Sf3a3",TRUE
"Gm12915",TRUE
"Inpp5b",TRUE
"Mtf1",TRUE
"1110065P20Rik",TRUE
"Yrdc",TRUE
"Maneal",TRUE
"Epha10",TRUE
"1700125G02Rik",TRUE
"Cdca8",TRUE
"9930104L06Rik",TRUE
"Gm12930",TRUE
"Rspo1",TRUE
"Gnl2",TRUE
"Dnali1",TRUE
"Snip1",TRUE
"Gm12932",TRUE
"Meaf6",TRUE
"Zc3h12a",TRUE
"1700041M05Rik",TRUE
"Grik3",TRUE
"2610028E06Rik",TRUE
"Csf3r",TRUE
"Mrps15",TRUE
"Oscp1",TRUE
"Lsm10",TRUE
"Stk40",TRUE
"Gm12946",FALSE
"Eva1b",TRUE
"Sh3d21",TRUE
"Thrap3",TRUE
"Map7d1",TRUE
"Trappc3",TRUE
"Col8a2",TRUE
"Adprhl2",TRUE
"Tekt2",TRUE
"Gm12945",FALSE
"Ago3",TRUE
"Ago1",TRUE
"Ago4",TRUE
"Clspn",TRUE
"5730409E04Rik",TRUE
"Psmb2",TRUE
"Tfap2e",TRUE
"Ncdn",TRUE
"AU040320",TRUE
"Zmym4",TRUE
"Sfpq",TRUE
"Gm12940",TRUE
"Zmym1",TRUE
"Zmym6",TRUE
"Tmem35b",TRUE
"Dlgap3",TRUE
"Smim12",TRUE
"Gja4",TRUE
"Gjb3",TRUE
"Gjb4",FALSE
"Gjb5",TRUE
"4930471C06Rik",FALSE
"1700080G11Rik",TRUE
"A630031M04Rik",TRUE
"1700112K13Rik",FALSE
"CK137956",TRUE
"Csmd2",TRUE
"Csmd2os",TRUE
"Hmgb4",TRUE
"Hmgb4os",FALSE
"Zscan20",TRUE
"Tlr12",TRUE
"Gm12958",FALSE
"Phc2",TRUE
"A3galt2",TRUE
"Zfp362",TRUE
"Gm12968",TRUE
"Trim62",TRUE
"Azin2",TRUE
"Gm15904",TRUE
"Ak2",TRUE
"1700086P04Rik",TRUE
"Rnf19b",TRUE
"Tmem54",FALSE
"Hpca",TRUE
"Gm15906",FALSE
"Fndc5",TRUE
"S100pbp",TRUE
"Yars",TRUE
"C77080",TRUE
"Gm12976",TRUE
"Sync",TRUE
"Rbbp4",TRUE
"Zbtb8os",TRUE
"Zbtb8a",TRUE
"Zbtb8b",TRUE
"Bsdc1",TRUE
"Tssk3",TRUE
"Fam229a",FALSE
"Gm12979",TRUE
"Marcksl1",TRUE
"Hdac1",TRUE
"Lck",TRUE
"Fam167b",TRUE
"Eif3i",TRUE
"Tmem234",TRUE
"Dcdc2b",TRUE
"Iqcc",TRUE
"Ccdc28b",TRUE
"Txlna",TRUE
"Kpna6",TRUE
"Tmem39b",TRUE
"Khdrbs1",TRUE
"Ptp4a2",TRUE
"E330017L17Rik",TRUE
"Spocd1",TRUE
"1700003M07Rik",TRUE
"Adgrb2",TRUE
"Gm12963",TRUE
"Col16a1",TRUE
"Pef1",TRUE
"Hcrtr1",TRUE
"Tinagl1",TRUE
"Ldc1",TRUE
"Serinc2",TRUE
"Gm10570",TRUE
"Fabp3",TRUE
"Zcchc17",TRUE
"Snrnp40",TRUE
"Nkain1",TRUE
"Pum1",TRUE
"Gm12971",TRUE
"Gm12972",FALSE
"Sdc3",TRUE
"Gm12970",TRUE
"Gm26716",TRUE
"Laptm5",TRUE
"Matn1",TRUE
"Gm12973",TRUE
"A930031H19Rik",TRUE
"Gm831",TRUE
"Gm12962",TRUE
"Gm16080",FALSE
"Ptpru",TRUE
"Mecr",TRUE
"Srsf4",TRUE
"Gm12992",TRUE
"AL607088.1",FALSE
"Tmem200b",TRUE
"Epb41",TRUE
"Gm13063",TRUE
"Gm10300",FALSE
"Oprd1",TRUE
"Ythdf2",TRUE
"Gmeb1",TRUE
"Gm28874",TRUE
"Gm28872",FALSE
"Taf12",TRUE
"Rab42",TRUE
"Snhg12",TRUE
"Trnau1ap",TRUE
"Rcc1",TRUE
"Snhg3",TRUE
"Gm17300",TRUE
"Phactr4",TRUE
"Med18",TRUE
"Sesn2",TRUE
"Gm12981",TRUE
"Atpif1",TRUE
"Gm12999",TRUE
"Dnajc8",TRUE
"Ptafr",TRUE
"Eya3",TRUE
"Xkr8",TRUE
"Smpdl3b",TRUE
"Rpa2",TRUE
"Themis2",TRUE
"Ppp1r8",TRUE
"Stx12",TRUE
"Fam76a",TRUE
"Fgr",TRUE
"Ahdc1",TRUE
"Wasf2",TRUE
"Gpr3",TRUE
"Cd164l2",TRUE
"Map3k6",TRUE
"Sytl1",TRUE
"Tmem222",TRUE
"Wdtc1",TRUE
"Slc9a1",TRUE
"Gm13257",FALSE
"Tent5b",TRUE
"Trnp1",TRUE
"Kdf1",TRUE
"Nudc",TRUE
"Nr0b2",TRUE
"Gpatch3",TRUE
"Gpn2",TRUE
"Sfn",TRUE
"Zdhhc18",TRUE
"Pigv",TRUE
"Arid1a",TRUE
"Gm12974",TRUE
"Rps6ka1",TRUE
"Gm12977",TRUE
"Hmgn2",TRUE
"Dhdds",TRUE
"Lin28a",FALSE
"Gm13061",FALSE
"Zfp683",FALSE
"Crybg2",TRUE
"Cd52",TRUE
"Ubxn11",TRUE
"Sh3bgrl3",TRUE
"Cep85",TRUE
"Gm7534",FALSE
"Catsper4",TRUE
"Cnksr1",TRUE
"Zfp593",TRUE
"E130218I03Rik",FALSE
"Gm30191",FALSE
"Grrp1",TRUE
"Pdik1l",TRUE
"Trim63",TRUE
"Slc30a2",TRUE
"Extl1",TRUE
"Pafah2",TRUE
"1700021N21Rik",TRUE
"Stmn1",TRUE
"Paqr7",TRUE
"Aunip",TRUE
"Mtfr1l",TRUE
"Selenon",TRUE
"Man1c1",TRUE
"Ldlrap1",TRUE
"Maco1",TRUE
"Rhd",TRUE
"Tmem50a",TRUE
"Rsrp1",TRUE
"Syf2",TRUE
"Gm16225",FALSE
"Runx3",TRUE
"Gm16224",FALSE
"Clic4",TRUE
"Gm12984",FALSE
"Srrm1",TRUE
"Ncmap",TRUE
"Rcan3",TRUE
"Gm15979",TRUE
"Nipal3",TRUE
"Stpg1",TRUE
"Grhl3",TRUE
"1700029M20Rik",FALSE
"Ifnlr1",TRUE
"Il22ra1",TRUE
"Myom3",TRUE
"Srsf10",TRUE
"Pnrc2",TRUE
"Cnr2",TRUE
"Fuca1",TRUE
"Hmgcl",TRUE
"Gale",TRUE
"Lypla2",TRUE
"Pithd1",TRUE
"Eloa",TRUE
"Gm13008",TRUE
"Gm24362",TRUE
"Rpl11",TRUE
"Id3",TRUE
"E2f2",TRUE
"Asap3",TRUE
"Tcea3",TRUE
"Zfp46",TRUE
"Hnrnpr",TRUE
"Gm27022",TRUE
"Htr1d",TRUE
"6030445D17Rik",TRUE
"Luzp1",TRUE
"Kdm1a",TRUE
"Tex46",TRUE
"Lactbl1",TRUE
"Ephb2",TRUE
"C1qb",TRUE
"C1qc",TRUE
"C1qa",TRUE
"Epha8",TRUE
"Zbtb40",TRUE
"1700037C06Rik",FALSE
"Gm13001",FALSE
"Gm13003",TRUE
"Wnt4",TRUE
"Cdc42",TRUE
"2810405F17Rik",TRUE
"Cela3a",FALSE
"Cela3b",FALSE
"Gm13010",FALSE
"1700013G24Rik",FALSE
"Hspg2",TRUE
"Ldlrad2",TRUE
"Usp48",TRUE
"Rap1gap",TRUE
"Rap1gapos",TRUE
"Alpl",TRUE
"Ece1",TRUE
"Gm13012",TRUE
"Eif4g3",TRUE
"1700095J12Rik",TRUE
"2310026L22Rik",TRUE
"Hp1bp3",TRUE
"Sh2d5",TRUE
"Kif17",TRUE
"Ddost",TRUE
"Pink1",TRUE
"Cda",TRUE
"Fam43b",TRUE
"AB041806",TRUE
"Mul1",TRUE
"Camk2n1",TRUE
"Vwa5b1",TRUE
"Ubxn10",TRUE
"Pla2g2c",TRUE
"Pla2g2f",FALSE
"Pla2g2d",TRUE
"Pla2g5",TRUE
"Gm13030",FALSE
"Pla2g2e",FALSE
"Otud3",TRUE
"Rnf186",FALSE
"Tmco4",TRUE
"Htr6",TRUE
"Gm45533",TRUE
"Nbl1",TRUE
"Micos10",TRUE
"Gm16287",TRUE
"Capzb",TRUE
"Pqlc2",TRUE
"Akr7a5",TRUE
"Mrto4",TRUE
"Emc1",TRUE
"Ubr4",TRUE
"Iffo2",TRUE
"Aldh4a1",TRUE
"Tas1r2",TRUE
"Pax7",TRUE
"Gm1667",FALSE
"Gm13028",TRUE
"4933427I22Rik",TRUE
"Klhdc7a",TRUE
"Igsf21",TRUE
"Gm13027",TRUE
"Gm13029",TRUE
"Gm13016",TRUE
"Gm13017",FALSE
"Gm13021",TRUE
"Gm13026",TRUE
"Arhgef10l",TRUE
"Gm13025",TRUE
"Rcc2",TRUE
"Padi6",TRUE
"Padi4",TRUE
"Padi3",FALSE
"Gm13032",FALSE
"Padi1",TRUE
"4930515B02Rik",TRUE
"Padi2",TRUE
"Gm13031",TRUE
"Sdhb",TRUE
"Atp13a2",TRUE
"Mfap2",TRUE
"Crocc",TRUE
"Necap2",TRUE
"Spata21",TRUE
"Szrd1",TRUE
"4921514A10Rik",TRUE
"Fbxo42",TRUE
"Cplane2",TRUE
"Arhgef19",TRUE
"Gm13055",FALSE
"Gm13056",TRUE
"Epha2",TRUE
"Gm13074",FALSE
"Fam131c",TRUE
"Clcnka",TRUE
"Gm13075",TRUE
"Clcnkb",TRUE
"Hspb7",FALSE
"Srarp",TRUE
"Zbtb17",TRUE
"Spen",TRUE
"Fblim1",TRUE
"Tmem82",TRUE
"AI507597",FALSE
"Slc25a34",TRUE
"Plekhm2",TRUE
"Ddi2",TRUE
"Rsc1a1",FALSE
"Agmat",TRUE
"Dnajc16",TRUE
"Casp9",TRUE
"Cela2a",FALSE
"Ctrc",TRUE
"Ctrcos",FALSE
"Efhd2",TRUE
"Gm29367",TRUE
"Fhad1os2",TRUE
"Fhad1",TRUE
"Fhad1os1",TRUE
"4930455G09Rik",TRUE
"Tmem51",TRUE
"Gm13053",FALSE
"Tmem51os1",TRUE
"Kazn",TRUE
"Gm13062",TRUE
"Gm13052",TRUE
"6330411D24Rik",TRUE
"Prdm2",TRUE
"Pdpn",TRUE
"Lrrc38",TRUE
"Pramel1",FALSE
"Pramef8",TRUE
"Oog4",FALSE
"Gm13043",FALSE
"Gm13040",FALSE
"BC080695",FALSE
"Gm13057",FALSE
"Gm13083",FALSE
"Gm13088",FALSE
"Gm13089",FALSE
"Gm13078",FALSE
"Gm13023",FALSE
"Gm13084",FALSE
"Gm13103",TRUE
"Pramef6",FALSE
"Pramef25",FALSE
"Gm13101",FALSE
"Pramef17",FALSE
"Pramel4",FALSE
"Gm13102",FALSE
"Oog3",FALSE
"Oog2",FALSE
"C87977",FALSE
"Pramel5",FALSE
"Gm13128",FALSE
"Gm13119",FALSE
"Pramef20",FALSE
"Pramef12",FALSE
"Pramef12os",FALSE
"1700012P22Rik",TRUE
"Gm9944",FALSE
"Aadacl3",FALSE
"9430007A20Rik",FALSE
"Gm13124",FALSE
"Aadacl4",FALSE
"Gm436",FALSE
"Gm13178",FALSE
"Gm438",FALSE
"Dhrs3",TRUE
"Vps13d",TRUE
"Tnfrsf1b",TRUE
"Tnfrsf8",TRUE
"Platr16",TRUE
"Zfp990",FALSE
"Gm13212",TRUE
"Zfp980",TRUE
"Gm13236",FALSE
"Zfp986",TRUE
"Zfp987",TRUE
"Zfp600",TRUE
"Gm13165",TRUE
"Gm13166",TRUE
"Zfp992",TRUE
"Zfp981",TRUE
"1700095A21Rik",TRUE
"Zfp993",TRUE
"Gm21411",FALSE
"Zfp989",FALSE
"Rex2",TRUE
"4933438K21Rik",FALSE
"Zfp991",TRUE
"Zfp988",TRUE
"Zfp978",TRUE
"Zfp982",TRUE
"Zfp985",TRUE
"Zfp979",TRUE
"Gm16211",TRUE
"Zfp534",FALSE
"Zfp984",TRUE
"Gm20707",TRUE
"Zfp933",TRUE
"Miip",TRUE
"Fv1",TRUE
"Mfn2",TRUE
"Plod1",TRUE
"2510039O18Rik",TRUE
"Nppb",FALSE
"Nppa",TRUE
"Gm13054",TRUE
"Clcn6",TRUE
"Mthfr",TRUE
"Gm13201",TRUE
"Agtrap",TRUE
"Draxin",TRUE
"Mad2l2",TRUE
"Fbxo6",TRUE
"Fbxo44",TRUE
"Fbxo2",TRUE
"Disp3",TRUE
"Gm13206",TRUE
"Gm13200",FALSE
"Ubiad1",TRUE
"Mtor",TRUE
"Angptl7",TRUE
"Exosc10",TRUE
"Gm13209",TRUE
"Srm",TRUE
"Masp2",TRUE
"Tardbp",TRUE
"Gm572",TRUE
"Gm13203",FALSE
"Casz1",TRUE
"Gm15969",FALSE
"Gm13205",TRUE
"Gm17029",TRUE
"Pex14",TRUE
"Dffa",TRUE
"Cort",TRUE
"Cenps",TRUE
"Pgd",TRUE
"Kif1b",TRUE
"Ube4b",TRUE
"Ube4bos3",TRUE
"Ube4bos2",TRUE
"Ube4bos1",TRUE
"Rbp7",TRUE
"Nmnat1",TRUE
"Tmem274",TRUE
"Lzic",TRUE
"Ctnnbip1",TRUE
"Gm13066",TRUE
"Clstn1",TRUE
"Pik3cd",TRUE
"Tmem201",TRUE
"Slc25a33",TRUE
"Gm13068",FALSE
"Gm16188",TRUE
"Gm13073",FALSE
"Spsb1",TRUE
"Gm13070",TRUE
"H6pd",TRUE
"Gm13067",TRUE
"Gpr157",TRUE
"Gm13093",TRUE
"Slc2a5",TRUE
"Slc2a7",TRUE
"Car6",TRUE
"Eno1",TRUE
"Rere",TRUE
"Gm13091",TRUE
"Slc45a1",TRUE
"Gm16079",FALSE
"Gm13049",FALSE
"1700045H11Rik",TRUE
"Errfi1",TRUE
"Park7",TRUE
"Tnfrsf9",TRUE
"Camta1",TRUE
"Uts2",TRUE
"Per3",TRUE
"Vamp3",TRUE
"Gm13090",TRUE
"4930589P08Rik",TRUE
"Dnajc11",TRUE
"Thap3",TRUE
"Phf13",TRUE
"Klhl21",TRUE
"Zbtb48",TRUE
"Tas1r1",TRUE
"Nol9",TRUE
"Plekhg5",TRUE
"Tnfrsf25",TRUE
"Espn",TRUE
"Hes2",FALSE
"Acot7",TRUE
"Gm13096",FALSE
"Gpr153",TRUE
"Hes3",FALSE
"Icmt",TRUE
"Rnf207",TRUE
"Rpl22",TRUE
"Chd5",TRUE
"Gm13645",TRUE
"Kcnab2",TRUE
"Gm16333",TRUE
"Nphp4",TRUE
"Gm833",FALSE
"Gm13173",FALSE
"Gm13174",FALSE
"Ajap1",TRUE
"Gm13115",FALSE
"BC039966",TRUE
"A430005L14Rik",TRUE
"Dffb",TRUE
"Cep104",TRUE
"Lrrc47",TRUE
"Smim1",TRUE
"Ccdc27",TRUE
"Trp73",TRUE
"Trp73os",FALSE
"Wrap73",TRUE
"Tprgl",TRUE
"Megf6",TRUE
"Arhgef16",TRUE
"Prdm16",TRUE
"B230104I21Rik",TRUE
"Gm13133",TRUE
"Gm13134",TRUE
"Prdm16os",TRUE
"Gm27202",FALSE
"Gm13110",TRUE
"Actrt2",FALSE
"Ttc34",TRUE
"Gm13112",TRUE
"Mmel1",TRUE
"Prxl2b",TRUE
"Tnfrsf14",TRUE
"Gm20421",TRUE
"Hes5",TRUE
"Pank4",TRUE
"Plch2",TRUE
"Gm10564",TRUE
"Pex10",TRUE
"Rer1",TRUE
"Morn1",TRUE
"Ski",TRUE
"Faap20",TRUE
"Prkcz",TRUE
"Gm27200",TRUE
"Gabrd",TRUE
"5830444B04Rik",TRUE
"Cfap74",TRUE
"Tmem52",TRUE
"Gnb1",TRUE
"Nadk",TRUE
"Slc35e2",TRUE
"Gm16023",TRUE
"Gm10563",TRUE
"Gm16024",FALSE
"Cdk11b",TRUE
"Mmp23",TRUE
"Mib2",TRUE
"Fndc10",TRUE
"Ssu72",TRUE
"1500002C15Rik",TRUE
"Tmem240",TRUE
"Atad3a",TRUE
"Atad3aos",TRUE
"Vwa1",TRUE
"Tmem88b",TRUE
"Ankrd65",TRUE
"Mrpl20",TRUE
"Ccnl2",TRUE
"Aurkaip1",TRUE
"Mxra8os",FALSE
"Mxra8",TRUE
"Dvl1",TRUE
"Tas1r3",TRUE
"Cptp",TRUE
"Ints11",TRUE
"Pusl1",TRUE
"Acap3",TRUE
"Ube2j2",TRUE
"C1qtnf12",TRUE
"B3galt6",TRUE
"Sdf4",TRUE
"Tnfrsf4",TRUE
"Gm16008",TRUE
"Tnfrsf18",TRUE
"Ttll10",TRUE
"Gm13648",FALSE
"9430015G10Rik",TRUE
"Rnf223",TRUE
"Agrn",TRUE
"Isg15",TRUE
"AW011738",TRUE
"Perm1",TRUE
"Plekhn1",TRUE
"Noc2l",TRUE
"Samd11",TRUE
"Gm47252",TRUE
"Vmn2r-ps159",FALSE
"Gm36548",TRUE
"Cdk6",TRUE
"Gm17590",TRUE
"Gm42435",TRUE
"Fam133b",TRUE
"Gm43017",TRUE
"1700109H08Rik",TRUE
"Rbm48",TRUE
"2510017J16Rik",TRUE
"Pex1",TRUE
"Gm43825",TRUE
"4833413G10Rik",TRUE
"Gatad1",TRUE
"Tmbim7",TRUE
"Ankib1",TRUE
"Krit1",TRUE
"Lrrd1",TRUE
"Mterf1a",TRUE
"Akap9",TRUE
"Gm43031",TRUE
"Cyp51",TRUE
"Mterf1b",TRUE
"Fzd1",TRUE
"Gm42744",TRUE
"Cdk14",TRUE
"Gm43112",TRUE
"Gm43113",TRUE
"Gm43111",TRUE
"Gm43623",TRUE
"Gm43577",TRUE
"Gm10484",TRUE
"Gm43727",TRUE
"Gm43728",TRUE
"1700015F17Rik",TRUE
"Cldn12",TRUE
"Gtpbp10",TRUE
"Gm8773",TRUE
"Cfap69",TRUE
"Steap2",TRUE
"Steap1",TRUE
"Gm40263",TRUE
"Zfp804b",TRUE
"Tex47",TRUE
"Gm30835",TRUE
"Steap4",TRUE
"Gm15731",TRUE
"Sri",TRUE
"Adam22",TRUE
"Dbf4",TRUE
"Slc25a40",TRUE
"Rundc3b",TRUE
"Abcb1a",TRUE
"Gm5106",TRUE
"Abcb1b",TRUE
"Abcb4",TRUE
"Crot",TRUE
"Gm15611",TRUE
"Gm40264",TRUE
"Tmem243",TRUE
"Dmtf1",TRUE
"Gm15734",TRUE
"9330182L06Rik",TRUE
"Grm3",TRUE
"Gm10482",TRUE
"Gm5152",FALSE
"Gm31831",TRUE
"Gm6455",FALSE
"Gm43358",FALSE
"Gm8871",TRUE
"Gm8857",FALSE
"Gm43492",FALSE
"4930558F17Rik",FALSE
"Gm8879",FALSE
"Gm32554",FALSE
"Gm5861",FALSE
"Gm33093",FALSE
"Gm8890",FALSE
"Gm32877",FALSE
"Speer1",FALSE
"1700108N06Rik",FALSE
"Gm8897",FALSE
"4930437M23Rik",FALSE
"Gm8906",FALSE
"Gm43640",FALSE
"Gm6460",FALSE
"Gm33847",FALSE
"Gm8922",FALSE
"1700003C15Rik",TRUE
"Gm8926",FALSE
"Gm43132",FALSE
"Gm6465",FALSE
"Gm43131",FALSE
"4933402N22Rik",FALSE
"Gm29066",FALSE
"Gm8953",FALSE
"Sema3d",TRUE
"Sema3a",TRUE
"4930568A13Rik",TRUE
"Speer3",FALSE
"Sema3e",TRUE
"Gm4128",TRUE
"Pclo",TRUE
"Gm26918",TRUE
"Gm26954",TRUE
"Gm9758",FALSE
"Speer4e",FALSE
"Gm10354",FALSE
"Gm17019",FALSE
"Gm43391",TRUE
"Gm21149",FALSE
"Gm21847",TRUE
"Gm21190",FALSE
"Gm30613",TRUE
"Gm21083",FALSE
"Speer4d",FALSE
"4930572O03Rik",FALSE
"Speer4cos",FALSE
"Speer4c",FALSE
"4930519H02Rik",TRUE
"Gm3510",TRUE
"Cacna2d1",TRUE
"Gm43000",TRUE
"Hgf",TRUE
"Gm28710",TRUE
"Gm28710.1",FALSE
"Speer4f2",FALSE
"Speer4f1",FALSE
"Sema3c",TRUE
"Cd36",TRUE
"Gnat3",TRUE
"Gnai1",TRUE
"Gm31752",FALSE
"4921504A21Rik",TRUE
"Magi2",TRUE
"Gm29254",TRUE
"Phtf2",TRUE
"Tmem60",TRUE
"Rsbn1l",TRUE
"A630072M18Rik",TRUE
"Ptpn12",TRUE
"Gsap",TRUE
"Ccdc146",TRUE
"Fgl2",TRUE
"Fam185a",TRUE
"Fbxl13",TRUE
"Lrrc17",TRUE
"Armc10",TRUE
"Napepld",TRUE
"Pmpcb",TRUE
"Dnajc2",TRUE
"Psmc2",TRUE
"Slc26a5",TRUE
"Reln",TRUE
"Gm10475",TRUE
"Gm16110",TRUE
"Gm43657",TRUE
"Orc5",TRUE
"6030443J06Rik",TRUE
"A930003O13Rik",TRUE
"Lhfpl3",TRUE
"Gm42948",TRUE
"Gm42951",TRUE
"5031425E22Rik",TRUE
"4930580E04Rik",TRUE
"Kmt2e",TRUE
"Srpk2",TRUE
"Gm43566",TRUE
"AI506816",TRUE
"Pus7",TRUE
"Rint1",TRUE
"Tomm7",TRUE
"2700038G22Rik",TRUE
"Fam126a",TRUE
"Klhl7",TRUE
"Nupl2",TRUE
"Kcnh2",TRUE
"Gm15589",TRUE
"Nos3",TRUE
"Gm15587",TRUE
"Atg9b",TRUE
"Abcb8",TRUE
"Asic3",TRUE
"Cdk5",TRUE
"Slc4a2",TRUE
"Fastk",TRUE
"Tmub1",TRUE
"2310074N15Rik",TRUE
"Agap3",TRUE
"Gbx1",TRUE
"Asb10",TRUE
"Iqca1l",TRUE
"Abcf2",TRUE
"Chpf2",TRUE
"Smarcd3",TRUE
"Nub1",TRUE
"Gm26648",TRUE
"Wdr86",TRUE
"Crygn",TRUE
"Rheb",TRUE
"Prkag2",TRUE
"Prkag2os2",TRUE
"Prkag2os1",TRUE
"1500035N22Rik",TRUE
"2900005J15Rik",TRUE
"Galntl5",TRUE
"Galnt11",TRUE
"E130116L18Rik",FALSE
"Kmt2c",TRUE
"Cct8l1",TRUE
"1700096K18Rik",TRUE
"Gm10062",TRUE
"Gm43972",TRUE
"Xrcc2",TRUE
"Actr3b",TRUE
"Gm21655",TRUE
"Gm21663",TRUE
"Gm21671",TRUE
"Gm21680",TRUE
"Gm21698",TRUE
"Gm1979",TRUE
"Gm5862",TRUE
"Speer4a",TRUE
"Gm7347",TRUE
"Gm10471",TRUE
"5031410I06Rik",TRUE
"Gm10220",TRUE
"Gm7361",TRUE
"4930584F24Rik",TRUE
"Dpp6",TRUE
"Speer4b",TRUE
"Gm16058",TRUE
"Paxip1",TRUE
"Htr5a",TRUE
"Gm26608",TRUE
"Insig1",TRUE
"En2",TRUE
"Cnpy1",TRUE
"Rbm33",TRUE
"Shh",TRUE
"9530036O11Rik",TRUE
"Rnf32",TRUE
"Lmbr1",TRUE
"4632411P08Rik",TRUE
"Nom1",TRUE
"Mnx1",FALSE
"Ube3c",TRUE
"Gm5129",TRUE
"Dnajb6",TRUE
"Gm42450",TRUE
"A230098N10Rik",TRUE
"Il6",TRUE
"Tyms",TRUE
"Gm4961",TRUE
"3110082J24Rik",TRUE
"Garem2",TRUE
"Hadha",TRUE
"Hadhb",TRUE
"Adgrf3",TRUE
"Selenoi",TRUE
"Drc1",TRUE
"Gm43755",TRUE
"Otof",TRUE
"1700001C02Rik",TRUE
"Cib4",TRUE
"Gm42765",TRUE
"Gm9899",TRUE
"Kcnk3",TRUE
"Slc35f6",TRUE
"Cenpa",TRUE
"Dpysl5",TRUE
"Gm42764",TRUE
"Mapre3",TRUE
"Gm19409",TRUE
"Gm15461",TRUE
"Tmem214",TRUE
"Agbl5",TRUE
"Ost4",TRUE
"Emilin1",TRUE
"Khk",TRUE
"Cgref1",TRUE
"Preb",TRUE
"Tcf23",FALSE
"Slc5a6",TRUE
"Atraid",TRUE
"Cad",TRUE
"Slc30a3",TRUE
"Dnajc5g",TRUE
"Trim54",TRUE
"Gm15469",FALSE
"Ucn",TRUE
"Mpv17",TRUE
"Gtf3c2",TRUE
"Eif2b4",TRUE
"Snx17",TRUE
"Zfp513",TRUE
"Ppm1g",TRUE
"Gm9970",TRUE
"Nrbp1",TRUE
"Krtcap3",TRUE
"Ift172",TRUE
"Fndc4",TRUE
"Gckr",TRUE
"Zfp512",TRUE
"4930548H24Rik",TRUE
"4930566F21Rik",TRUE
"Gpn1",TRUE
"Supt7l",TRUE
"Slc4a1ap",TRUE
"Gm43660",TRUE
"AI839979",TRUE
"Mrpl33",TRUE
"Rbks",TRUE
"Babam2",TRUE
"Gm17130",TRUE
"Fosl2",TRUE
"Plb1",TRUE
"Gm36840",TRUE
"Gm7596",FALSE
"Ppp1cb",TRUE
"Gm15614",TRUE
"Yes1",TRUE
"Pisd",TRUE
"Gm43695",FALSE
"Prr14l",TRUE
"Depdc5",TRUE
"Ywhah",TRUE
"Slc5a1",TRUE
"Spon2",TRUE
"Ctbp1",TRUE
"Gm20465",TRUE
"Maea",TRUE
"Uvssa",TRUE
"Nkx1-1",FALSE
"Gm43851",FALSE
"Fam53a",TRUE
"Gm9903",TRUE
"Slbp",TRUE
"Tmem129",TRUE
"Tacc3",TRUE
"Fgfr3",TRUE
"Letm1",TRUE
"Nsd2",TRUE
"Nelfa",TRUE
"Gm42849",TRUE
"Gm42851",TRUE
"Gm1673",TRUE
"Nat8l",TRUE
"Poln",TRUE
"4930557J02Rik",TRUE
"Haus3",TRUE
"Mxd4",TRUE
"Gm42846",TRUE
"Zfyve28",TRUE
"Gm15513",TRUE
"Gm42848",TRUE
"Cfap99",TRUE
"Gm43458",TRUE
"Rnf4",TRUE
"Fam193a",TRUE
"Tnip2",TRUE
"Sh3bp2",TRUE
"Add1",TRUE
"Mfsd10",TRUE
"Nop14",TRUE
"Gm15522",TRUE
"Grk4",TRUE
"Gm42560",TRUE
"Htt",TRUE
"Msantd1",TRUE
"Rgs12",TRUE
"Gm43791",TRUE
"Hgfac",TRUE
"Dok7",TRUE
"Lrpap1",TRUE
"Adra2c",TRUE
"4930478P22Rik",FALSE
"E130018O15Rik",FALSE
"Hmx1",FALSE
"Cpz",FALSE
"Trmt44",TRUE
"4931431C16Rik",TRUE
"Acox3",TRUE
"Htra3",TRUE
"Sh3tc1",TRUE
"Gm15650",FALSE
"Ablim2",TRUE
"Afap1",TRUE
"Sorcs2",TRUE
"Psapl1",TRUE
"2210406O10Rik",TRUE
"Grpel1",TRUE
"Tada2b",TRUE
"Ccdc96",TRUE
"Tbc1d14",TRUE
"D5Ertd579e",TRUE
"Bloc1s4",TRUE
"Gm43701",FALSE
"Mrfap1",TRUE
"Man2b2",TRUE
"Ppp2r2c",TRUE
"Ppp2r2cos",TRUE
"Wfs1",TRUE
"Jakmip1",TRUE
"Gm26647",TRUE
"Gm1043",TRUE
"Jakmip1.1",FALSE
"Crmp1",TRUE
"Evc",TRUE
"Evc2",TRUE
"Stk32b",TRUE
"Cytl1",FALSE
"Gm43763",FALSE
"Msx1",TRUE
"Gm20052",FALSE
"Gm40289",FALSE
"Stx18",TRUE
"Nsg1",TRUE
"Zbtb49",TRUE
"Lyar",TRUE
"Tmem128",TRUE
"Otop1",FALSE
"Gm26560",FALSE
"Drd5",TRUE
"4930487D11Rik",FALSE
"Slc2a9",TRUE
"Wdr1",TRUE
"Zfp518b",TRUE
"Clnk",TRUE
"Clnkos",TRUE
"Gm40293",TRUE
"Gm40292",FALSE
"Gm42524",TRUE
"4930513D17Rik",TRUE
"Hs3st1",TRUE
"Gm35191",TRUE
"Rab28",TRUE
"Nkx3-2",FALSE
"Bod1l",TRUE
"Gm16223",TRUE
"Gm43700",TRUE
"Gm42711",TRUE
"Gm7854",TRUE
"Cpeb2",TRUE
"Gm43020",FALSE
"Gm43699",FALSE
"Gm43021",FALSE
"C1qtnf7",TRUE
"Gm15866",TRUE
"Cc2d2a",TRUE
"Fbxl5",TRUE
"Gm42555",FALSE
"Bst1",TRUE
"Cd38",TRUE
"Gm16014",TRUE
"Gm16015",FALSE
"Gm7879",TRUE
"Fgfbp1",TRUE
"Prom1",TRUE
"Gm42716",TRUE
"Gm16401",TRUE
"Gm42428",FALSE
"Tapt1",TRUE
"Gm42982",TRUE
"Gm42984",TRUE
"Gm36017",TRUE
"Ldb2",TRUE
"Gm43507",TRUE
"Gm3364",TRUE
"Gm42750",TRUE
"4930431F12Rik",TRUE
"D5Ertd615e",TRUE
"Gm43303",TRUE
"Qdpr",TRUE
"Gm42413",TRUE
"Clrn2",FALSE
"Lap3",TRUE
"Med28",TRUE
"Fam184b",TRUE
"9630001P10Rik",TRUE
"Ncapg",TRUE
"Lcorl",TRUE
"4930405L22Rik",TRUE
"Slit2",TRUE
"4930518C09Rik",TRUE
"Gm20475",FALSE
"5730480H06Rik",TRUE
"Kcnip4",TRUE
"Gm20700",TRUE
"Adgra3",TRUE
"4930448I18Rik",FALSE
"Gm36814",TRUE
"Gm43016",TRUE
"Ppargc1a",TRUE
"Gm43177",TRUE
"Dhx15",TRUE
"9230114K14Rik",TRUE
"C130083M11Rik",TRUE
"Gm43179",FALSE
"Sod3",TRUE
"Ccdc149",TRUE
"Gm3519",TRUE
"Lgi2",TRUE
"Gm43685",FALSE
"8030423F21Rik",TRUE
"Sepsecs",TRUE
"Pi4k2b",TRUE
"Zcchc4",TRUE
"Anapc4",TRUE
"5033403H07Rik",TRUE
"Gm30301",TRUE
"Slc34a2",TRUE
"Gm17182",FALSE
"Sel1l3",TRUE
"Smim20",TRUE
"Gm45495",TRUE
"Gm42745",TRUE
"Rbpj",TRUE
"Gm10441",TRUE
"Gm40304",TRUE
"Cckar",TRUE
"Tbc1d19",TRUE
"Stim2",TRUE
"Gm10440",TRUE
"4932441J04Rik",TRUE
"Pcdh7",TRUE
"4930459L07Rik",TRUE
"1700029E06Rik",FALSE
"Gm43042",TRUE
"4933402J10Rik",TRUE
"1700014F14Rik",FALSE
"G6pd2",FALSE
"Arap2",TRUE
"Dthd1",TRUE
"Nwd2",TRUE
"0610040J01Rik",TRUE
"Rell1",TRUE
"Gm15819",TRUE
"5830416I19Rik",TRUE
"Pgm2",TRUE
"Tbc1d1",TRUE
"Gm43838",TRUE
"Gm43837",TRUE
"Gm31363",TRUE
"1700027F09Rik",TRUE
"C030018K13Rik",TRUE
"Gm3716",TRUE
"Gm42564",FALSE
"Gm42565",FALSE
"Gm26761",TRUE
"Gm20033",TRUE
"Klf3",TRUE
"Tlr1",TRUE
"Tlr6",TRUE
"Fam114a1",TRUE
"Tmem156",TRUE
"Klhl5",TRUE
"Wdr19",TRUE
"Rfc1",TRUE
"Klb",TRUE
"Rpl9",TRUE
"Lias",TRUE
"Ugdh",TRUE
"Smim14",TRUE
"Ube2k",TRUE
"Gm42726",TRUE
"Pds5a",TRUE
"N4bp2os",TRUE
"N4bp2",TRUE
"Rhoh",TRUE
"Chrna9",TRUE
"9130230L23Rik",TRUE
"Rbm47",TRUE
"Gm26725",TRUE
"1700126H18Rik",TRUE
"Nsun7",TRUE
"Apbb2",TRUE
"Uchl1os",TRUE
"Uchl1",TRUE
"Limch1",TRUE
"Gm15949",TRUE
"Gm15948",TRUE
"Phox2b",FALSE
"Gm42670",TRUE
"Tmem33",TRUE
"Slc30a9",TRUE
"Gm43698",TRUE
"Bend4",TRUE
"Gm26756",TRUE
"C330024D21Rik",TRUE
"Shisa3",TRUE
"Atp8a1",TRUE
"Gm15478",TRUE
"Gm15477",TRUE
"Gm21905",TRUE
"4930425K10Rik",FALSE
"Gm5108",TRUE
"Grxcr1",TRUE
"Kctd8",TRUE
"Yipf7",TRUE
"Guf1",TRUE
"Gnpda2",TRUE
"Gabrg1",TRUE
"Gabra2",TRUE
"Cox7b2",TRUE
"Gabra4",TRUE
"Gabrb1",TRUE
"Gm38562",TRUE
"Commd8",TRUE
"Corin",TRUE
"Gm20647",TRUE
"AU023070",FALSE
"Nfxl1",TRUE
"Zar1",TRUE
"Gm5868",TRUE
"Cnga1",TRUE
"4933408A14Rik",FALSE
"Nipal1",TRUE
"Txk",TRUE
"Tec",TRUE
"Slain2",TRUE
"Gm10135",TRUE
"Slc10a4",TRUE
"Fryl",TRUE
"1700071G01Rik",TRUE
"Gm17207",FALSE
"Gm34411",FALSE
"1700025M24Rik",TRUE
"Ociad1",TRUE
"Ociad2",TRUE
"Cwh43",TRUE
"Dcun1d4",TRUE
"Lrrc66",TRUE
"Sgcb",TRUE
"Spata18",TRUE
"1700019F05Rik",TRUE
"C78283",TRUE
"Usp46",TRUE
"Usp46os1",TRUE
"Usp46os2",TRUE
"Dancr",TRUE
"Rasl11b",TRUE
"Scfd2",TRUE
"Fip1l1",TRUE
"Lnx1",TRUE
"Gm15984",TRUE
"Gm15985",FALSE
"Gm42575",FALSE
"Gm6116",TRUE
"Chic2",TRUE
"Gsx2",FALSE
"Gm19583",TRUE
"Pdgfra",TRUE
"Gm42802",FALSE
"Gm42800",FALSE
"Kit",TRUE
"Gm43101",FALSE
"Gm43100",FALSE
"Gm19590",FALSE
"Gm28865",FALSE
"Kdr",TRUE
"Gm32780",TRUE
"Srd5a3",TRUE
"Tmem165",TRUE
"Clock",TRUE
"Gm7467",TRUE
"Pdcl2",TRUE
"4930432L08Rik",TRUE
"Nmu",TRUE
"Gm7271",TRUE
"Exoc1",TRUE
"Cep135",TRUE
"C530008M17Rik",TRUE
"Aasdh",TRUE
"Ppat",TRUE
"Paics",TRUE
"Srp72",TRUE
"Arl9",TRUE
"1700112J05Rik",TRUE
"Thegl",TRUE
"Hopx",TRUE
"Hopxos",TRUE
"Gm15831",TRUE
"Chaer1",FALSE
"Spink2",TRUE
"Rest",TRUE
"Noa1",TRUE
"Polr2b",TRUE
"Igfbp7",TRUE
"Gm34648",TRUE
"Gm34728",TRUE
"1700017L05Rik",FALSE
"Gm42761",TRUE
"Adgrl3",TRUE
"Gm16054",TRUE
"1700031L13Rik",FALSE
"Tecrl",TRUE
"Epha5",TRUE
"Gm43532",TRUE
"Gm43567",TRUE
"Cenpc1",TRUE
"Stap1",TRUE
"Uba6",TRUE
"Gnrhr",TRUE
"Tmprss11c",TRUE
"Tmprss11d",TRUE
"Tmprss11a",TRUE
"Tmprss11g",FALSE
"Tmprss11f",TRUE
"Tmprss11b",FALSE
"Gm43056",TRUE
"Tmprss11e",TRUE
"Gm16579",TRUE
"Gm43057",TRUE
"Ythdc1",TRUE
"Ugt2b34",FALSE
"Ugt2b1",FALSE
"Ugt2b35",FALSE
"Ugt2b36",FALSE
"Ugt2b5",TRUE
"Ugt2b37",TRUE
"Ugt2a3",TRUE
"Ugt2b38",FALSE
"Ugt2a2",FALSE
"Ugt2a1",FALSE
"Sult1b1",FALSE
"Sult1d1",FALSE
"Sult1e1",TRUE
"Csn1s1",FALSE
"Csn2",FALSE
"Csn1s2a",TRUE
"Csn1s2b",FALSE
"Prr27",TRUE
"Gm42794",FALSE
"Odam",FALSE
"1700066N21Rik",TRUE
"BC037156",FALSE
"Csn3",TRUE
"BC051076",FALSE
"2310003L06Rik",FALSE
"Cabs1",FALSE
"Smr3a",FALSE
"Smr2",FALSE
"Gm11116",FALSE
"Gm11115",FALSE
"Gm7714",FALSE
"Prol1",TRUE
"Amtn",TRUE
"Ambn",TRUE
"Enam",TRUE
"Jchain",TRUE
"Utp3",TRUE
"Rufy3",TRUE
"Grsf1",TRUE
"Mob1b",TRUE
"Dck",TRUE
"Gm42912",TRUE
"Slc4a4",TRUE
"Gc",TRUE
"Npffr2",TRUE
"Adamts3",TRUE
"Cox18",TRUE
"Ankrd17",TRUE
"Gm9958",TRUE
"Alb",TRUE
"Afp",TRUE
"Gm43449",FALSE
"Afm",TRUE
"Gm42109",TRUE
"Albfm1",TRUE
"Rassf6",TRUE
"Cxcl5",TRUE
"Ppbp",FALSE
"Pf4",TRUE
"Cxcl3",FALSE
"Cxcl15",FALSE
"Gm43086",FALSE
"Cxcl1",TRUE
"Cxcl2",FALSE
"Gm42530",FALSE
"Mthfd2l",TRUE
"Epgn",TRUE
"Gm19610",TRUE
"Ereg",FALSE
"Areg",TRUE
"Gm19619",TRUE
"Btc",TRUE
"Parm1",TRUE
"Gm28271",TRUE
"1700063O14Rik",FALSE
"Gm43688",FALSE
"Rchy1",TRUE
"Odaph",TRUE
"Cdkl2",TRUE
"G3bp2",TRUE
"Uso1",TRUE
"U90926",FALSE
"Ppef2",TRUE
"Naaa",TRUE
"Sdad1",TRUE
"Gm43599",TRUE
"Cxcl9",FALSE
"Art3",TRUE
"Cxcl10",FALSE
"Nup54",TRUE
"Scarb2",TRUE
"Fam47e",TRUE
"Stbd1",TRUE
"Ccdc158",TRUE
"Shroom3",TRUE
"Gm20500",FALSE
"Sowahb",TRUE
"Sept11",TRUE
"Ccni",TRUE
"2010109A12Rik",TRUE
"Ccng2",TRUE
"Gm16427",FALSE
"C87414",FALSE
"Gm7792",FALSE
"Gm16429",FALSE
"BC061212",FALSE
"Gm6351",FALSE
"Gm3106",FALSE
"A430089I19Rik",FALSE
"Gm6502",FALSE
"AA792892",TRUE
"Gm7682",FALSE
"Gm3139",FALSE
"Gm3147",FALSE
"Gm6509",FALSE
"Gm6205",FALSE
"Gm3183",FALSE
"Gm6367",FALSE
"Gm7942",FALSE
"Gm16513",FALSE
"Gm10424",FALSE
"Gm3259",TRUE
"D5Ertd577e",FALSE
"Gm3286",FALSE
"Gm7971",FALSE
"Gm7978",FALSE
"Gm7982",FALSE
"E330014E10Rik",FALSE
"Cxcl13",FALSE
"Cnot6l",TRUE
"Mrpl1",TRUE
"Fras1",TRUE
"Gm33050",TRUE
"Gm42604",TRUE
"Anxa3",TRUE
"1700016F12Rik",TRUE
"Gm42601",TRUE
"Gm33370",TRUE
"Gm8013",TRUE
"Gm9484",TRUE
"Bmp2k",TRUE
"Paqr3",TRUE
"Gm33609",TRUE
"Gm2861",TRUE
"Gm33969",TRUE
"Naa11",TRUE
"4930467D21Rik",TRUE
"Gk2",TRUE
"Antxr2",TRUE
"Prdm8",TRUE
"A730035I17Rik",TRUE
"Fgf5",TRUE
"Cfap299",TRUE
"Gm11111",FALSE
"1700010H22Rik",TRUE
"Bmp3",TRUE
"Prkg2",TRUE
"Gm43251",TRUE
"Rasgef1b",TRUE
"Gm35394",TRUE
"Gm35172",TRUE
"Gm16227",TRUE
"4930405H06Rik",TRUE
"Gm16226",TRUE
"4930522N08Rik",TRUE
"Gm38413",TRUE
"Vamp9",TRUE
"Hnrnpd",TRUE
"Gm17092",TRUE
"Hnrnpdl",TRUE
"Enoph1",TRUE
"Tmem150c",TRUE
"Tmem150cos",TRUE
"Gm9932",TRUE
"2310034O05Rik",TRUE
"Sec31a",TRUE
"5430416N02Rik",TRUE
"Lin54",TRUE
"Cops4",TRUE
"Plac8",TRUE
"Coq2",TRUE
"Gm15777",TRUE
"Hpse",TRUE
"Helq",TRUE
"Mrps18c",TRUE
"Abraxas1",TRUE
"Gm43514",TRUE
"4930458D05Rik",TRUE
"Gpat3",TRUE
"Gm36793",FALSE
"Gm20484",FALSE
"Nkx6-1",TRUE
"Gm42133",FALSE
"9430085M18Rik",TRUE
"Cds1",TRUE
"Wdfy3",TRUE
"Gm20548",TRUE
"Gm29707",TRUE
"1700013M08Rik",TRUE
"Arhgap24",TRUE
"Mapk10",TRUE
"4930429D17Rik",TRUE
"1700021F02Rik",FALSE
"5430427N15Rik",TRUE
"Ptpn13",TRUE
"Gm42620",TRUE
"Slc10a6",TRUE
"1700016H13Rik",FALSE
"Aff1",TRUE
"Klhl8",TRUE
"Hsd17b13",TRUE
"Hsd17b11",TRUE
"Nudt9",TRUE
"Gm17660",TRUE
"Sparcl1",TRUE
"Gm26703",TRUE
"Dspp",FALSE
"Dmp1",TRUE
"Gm31048",FALSE
"Ibsp",TRUE
"Mepe",FALSE
"Spp1",TRUE
"Pkd2",TRUE
"BC005561",TRUE
"D930016D06Rik",TRUE
"Zfp951",TRUE
"Abcg3",TRUE
"Gbp8",TRUE
"Gbp9",TRUE
"Gbp4",TRUE
"Gbp10",FALSE
"Gbp6",TRUE
"Gm26519",TRUE
"Gm32051",TRUE
"Lrrc8b",TRUE
"Lrrc8c",TRUE
"C230066G23Rik",TRUE
"Lrrc8d",TRUE
"Lrrc8dos",TRUE
"Zfp326",TRUE
"Gm32736",TRUE
"Gm32921",FALSE
"4930458A03Rik",TRUE
"4930432H08Rik",FALSE
"Gm42916",FALSE
"Barhl2",TRUE
"Gm26872",FALSE
"Gm28050",TRUE
"Gm29464",FALSE
"Gm17304",FALSE
"Zfp644",TRUE
"Hfm1",TRUE
"Cdc7",TRUE
"Gm33474",FALSE
"Tgfbr3",TRUE
"Brdt",TRUE
"Gm42902",TRUE
"Ephx4",TRUE
"Gm17202",TRUE
"Lpcat2b",TRUE
"Btbd8",TRUE
"1700028K03Rik",TRUE
"Glmn",TRUE
"Rpap2",TRUE
"A930041C12Rik",TRUE
"Gm26692",TRUE
"4930428O21Rik",FALSE
"Gfi1",FALSE
"A430072P03Rik",FALSE
"Evi5",TRUE
"Ube2d2b",TRUE
"Rpl5",TRUE
"Dipk1a",TRUE
"Mtf2",TRUE
"Tmed5",TRUE
"Ccdc18",TRUE
"Dr1",TRUE
"Pigg",TRUE
"9330198I05Rik",TRUE
"Gm42518",TRUE
"Gm42517",TRUE
"Gm10419",TRUE
"Pde6b",TRUE
"Atp5k",TRUE
"Mfsd7a",TRUE
"Pcgf3",TRUE
"Cplx1",TRUE
"Gak",TRUE
"Tmem175",TRUE
"Dgkq",TRUE
"Idua",TRUE
"Slc26a1",TRUE
"Fgfrl1",TRUE
"Rnf212",TRUE
"1700047L14Rik",TRUE
"Tmed11",FALSE
"Vmn2r8",FALSE
"Vmn2r9",FALSE
"Gm20629",TRUE
"Vmn2r10",TRUE
"Vmn2r11",FALSE
"Vmn2r12",FALSE
"Vmn2r13",FALSE
"Vmn2r14",FALSE
"Vmn2r15",FALSE
"Vmn2r16",TRUE
"Vmn2r17",FALSE
"Crlf2",TRUE
"5430403G16Rik",TRUE
"4930522L14Rik",TRUE
"A430073D23Rik",TRUE
"Gm26779",TRUE
"Gm15446",TRUE
"1010001B22Rik",TRUE
"Zfp932",TRUE
"Gm17655",TRUE
"Gm35315",TRUE
"Plcxd1",TRUE
"Gtpbp6",TRUE
"Zfp605",TRUE
"Chfr",TRUE
"Gm43136",TRUE
"Gm15787",TRUE
"Golga3",TRUE
"Gm43138",TRUE
"Gm43137",TRUE
"Ankle2",TRUE
"Pgam5",TRUE
"Gm15788",TRUE
"Pxmp2",TRUE
"Pole",TRUE
"Gm15792",FALSE
"P2rx2",TRUE
"Lrcol1",TRUE
"Fbrsl1",TRUE
"Gm42596",FALSE
"A630023P12Rik",TRUE
"Galnt9",TRUE
"Noc4l",TRUE
"Ddx51",TRUE
"Gm42595",TRUE
"Ep400",TRUE
"Gm15559",TRUE
"Pus1",TRUE
"Ulk1",TRUE
"Hscb",TRUE
"Chek2",TRUE
"Ttc28",TRUE
"Pitpnb",TRUE
"Gm43118",TRUE
"Mn1",TRUE
"C130026L21Rik",TRUE
"Gm42489",TRUE
"Gm26897",FALSE
"E130006D01Rik",TRUE
"Gm16019",TRUE
"Gm36535",TRUE
"Gm42488",TRUE
"1700016B01Rik",TRUE
"1700028D13Rik",FALSE
"Miat",TRUE
"Gm26953",TRUE
"Cryba4",TRUE
"Crybb1",TRUE
"Tpst2",TRUE
"Tfip11",TRUE
"Srrd",TRUE
"Hps4",TRUE
"Gm6583",TRUE
"Gm20636",TRUE
"Asphd2",TRUE
"Sez6l",TRUE
"Gm6588",TRUE
"Gm27004",TRUE
"1700034G24Rik",TRUE
"Gm42864",TRUE
"Gm42865",TRUE
"Myo18b",TRUE
"1700095B10Rik",TRUE
"Grk3",TRUE
"Crybb2",FALSE
"Crybb3",TRUE
"2900026A02Rik",TRUE
"Gm42161",TRUE
"Tmem211",TRUE
"Sgsm1",TRUE
"Aym1",TRUE
"Wscd2",TRUE
"Cmklr1",TRUE
"Gm15736",TRUE
"1700069L16Rik",TRUE
"Ficd",TRUE
"Sart3",TRUE
"Iscu",TRUE
"Tmem119",TRUE
"Selplg",TRUE
"Coro1c",TRUE
"Gm17122",FALSE
"Gm42797",TRUE
"Ssh1",TRUE
"Dao",TRUE
"Svop",TRUE
"Usp30",TRUE
"Alkbh2",TRUE
"Ung",TRUE
"Acacb",TRUE
"Foxn4",TRUE
"Myo1h",TRUE
"Kctd10",TRUE
"Ube3b",TRUE
"Mmab",TRUE
"Mvk",TRUE
"Gm13790",FALSE
"Fam222a",TRUE
"Trpv4",TRUE
"Gltp",TRUE
"Tchp",TRUE
"Gm42789",TRUE
"Git2",TRUE
"4930515G01Rik",TRUE
"Ankrd13a",TRUE
"1500011B03Rik",TRUE
"4930519G04Rik",TRUE
"Gm9936",TRUE
"Oasl2",TRUE
"Gm13822",TRUE
"Oasl1",TRUE
"2210016L21Rik",TRUE
"Hnf1a",TRUE
"Hnf1aos1",TRUE
"Hnf1aos2",FALSE
"Sppl3",TRUE
"Gm10401",TRUE
"Acads",TRUE
"Unc119b",TRUE
"Mlec",TRUE
"Cabp1",TRUE
"Pop5",TRUE
"Rnf10",TRUE
"Coq5",TRUE
"Dynll1",TRUE
"Gm13830",TRUE
"Srsf9",TRUE
"Gatc",TRUE
"Triap1",TRUE
"Cox6a1",TRUE
"Gm42903",TRUE
"4930401G09Rik",TRUE
"Gm13832",TRUE
"Msi1",TRUE
"4930430O22Rik",TRUE
"Pla2g1b",TRUE
"Sirt4",TRUE
"Pxn",TRUE
"Gm13840",FALSE
"Rplp0",TRUE
"Gcn1",TRUE
"1110006O24Rik",TRUE
"Rab35",TRUE
"Bicdl1",TRUE
"Cit",TRUE
"Gm14508",TRUE
"Prkab1",TRUE
"Gm13842",TRUE
"Tmem233",TRUE
"C330018A13Rik",TRUE
"Ccdc60",TRUE
"Gm14507",TRUE
"Gm13837",TRUE
"Gm13839",FALSE
"Gm13838",FALSE
"B230112J18Rik",TRUE
"4930562A09Rik",FALSE
"Hspb8",TRUE
"Srrm4os",TRUE
"Srrm4",TRUE
"Gm42854",TRUE
"Gm43122",TRUE
"Gm29926",FALSE
"Suds3",TRUE
"9530046B11Rik",TRUE
"Taok3",TRUE
"Pebp1",TRUE
"BC051077",TRUE
"Gm10399",TRUE
"Vsig10",TRUE
"Wsb2",TRUE
"Rfc5",TRUE
"Gm15728",TRUE
"Ksr2",TRUE
"Nos1",TRUE
"Gm26995",TRUE
"Fbxo21",TRUE
"Tesc",TRUE
"Fbxw8",TRUE
"Gm9754",TRUE
"Hrk",TRUE
"Rnft2",TRUE
"2410131K14Rik",TRUE
"Gm28563",FALSE
"Med13l",TRUE
"Gm43782",FALSE
"Gm43342",FALSE
"4930413E15Rik",TRUE
"1700081H04Rik",FALSE
"Gm7538",TRUE
"Gm31314",FALSE
"Tbx3os1",TRUE
"Gm16063",TRUE
"Gm16064",TRUE
"Tbx3",TRUE
"Tbx3os2",TRUE
"1700021F13Rik",FALSE
"Gm43050",FALSE
"Tbx5",TRUE
"Gm43269",FALSE
"Gm38554",FALSE
"Rbm19",TRUE
"Gm10390",TRUE
"Gm42654",TRUE
"Gm27199",TRUE
"Lhx5",TRUE
"Sdsl",TRUE
"Sds",TRUE
"Gm15690",TRUE
"Plbd2",TRUE
"Slc8b1",TRUE
"Tpcn1",TRUE
"Iqcd",TRUE
"Rita1",TRUE
"Ddx54",TRUE
"Gm43579",TRUE
"Cfap73",TRUE
"Gm15749",TRUE
"Rasal1",TRUE
"Dtx1",TRUE
"Oas2",TRUE
"Oas3",TRUE
"Gm43069",TRUE
"Oas1e",FALSE
"Oas1c",TRUE
"Oas1f",FALSE
"Oas1h",FALSE
"Oas1g",FALSE
"Oas1a",TRUE
"Oas1d",FALSE
"Rph3a",TRUE
"Ptpn11",TRUE
"Rpl6",TRUE
"Hectd4",TRUE
"Trafd1",TRUE
"Gm42917",TRUE
"Gm42918",TRUE
"Naa25",TRUE
"Erp29",TRUE
"Tmem116",TRUE
"Adam1b",TRUE
"Adam1a",TRUE
"Mapkapk5",TRUE
"Aldh2",TRUE
"Acad12",TRUE
"Acad10",TRUE
"Brap",TRUE
"Atxn2",TRUE
"Gm16552",TRUE
"Sh2b3",TRUE
"1700008B11Rik",TRUE
"Pheta1",TRUE
"Cux2",TRUE
"Gm3970",TRUE
"Gm15637",TRUE
"Myl2",TRUE
"Ccdc63",TRUE
"Ppp1cc",TRUE
"Hvcn1",TRUE
"Tctn1",TRUE
"Pptc7",TRUE
"Rad9b",TRUE
"Vps29",TRUE
"Fam216a",TRUE
"Gpn3",TRUE
"Arpc3",TRUE
"Gm42829",TRUE
"Anapc7",TRUE
"Atp2a2",TRUE
"Ift81",TRUE
"Gm43301",TRUE
"P2rx7",TRUE
"P2rx4",TRUE
"Camkk2",TRUE
"Anapc5",TRUE
"Rnf34",TRUE
"Kdm2b",TRUE
"A930024E05Rik",TRUE
"Gm2479",TRUE
"Orai1",TRUE
"Morn3",TRUE
"Tmem120b",TRUE
"Rhof",TRUE
"AI480526",TRUE
"Gm38102",TRUE
"4932422M17Rik",TRUE
"Setd1b",TRUE
"Psmd9",TRUE
"Hpd",TRUE
"Gm43409",TRUE
"Wdr66",TRUE
"Gm15857",TRUE
"Gm15860",TRUE
"Bcl7a",TRUE
"5830487J09Rik",TRUE
"Gm15747",TRUE
"Mlxip",TRUE
"Gm43813",TRUE
"Il31",FALSE
"Lrrc43",TRUE
"Gm15751",TRUE
"Diablo",TRUE
"B3gnt4",TRUE
"Gm49027",TRUE
"Vps33a",TRUE
"Clip1",TRUE
"Zcchc8",TRUE
"Rsrc2",TRUE
"Kntc1",TRUE
"Hcar2",FALSE
"Hcar1",FALSE
"Denr",TRUE
"Ccdc62",TRUE
"Hip1r",TRUE
"Vps37b",TRUE
"Gm34086",TRUE
"Gm43661",TRUE
"Abcb9",TRUE
"Gm16001",TRUE
"Ogfod2",TRUE
"Arl6ip4",TRUE
"Pitpnm2",TRUE
"Pitpnm2os2",TRUE
"Pitpnm2os1",TRUE
"Gm42425",TRUE
"Mphosph9",TRUE
"2810006K23Rik",TRUE
"Cdk2ap1",TRUE
"Sbno1",TRUE
"Kmt5a",TRUE
"Rilpl2",TRUE
"Snrnp35",TRUE
"Rilpl1",TRUE
"Tmed2",TRUE
"Ddx55",TRUE
"Eif2b1",TRUE
"Gtf2h3",TRUE
"Tctn2",TRUE
"Atp6v0a2",TRUE
"4930404A12Rik",TRUE
"Dnah10",TRUE
"Gm43777",FALSE
"Ccdc92",TRUE
"Zfp664",TRUE
"Rflna",TRUE
"Ncor2",TRUE
"Gm42838",TRUE
"Gm42839",TRUE
"Gm32585",TRUE
"Scarb1",TRUE
"Gm40323",TRUE
"Ubc",TRUE
"Gm10382",TRUE
"Dhx37",TRUE
"Bri3bp",TRUE
"Aacs",TRUE
"Tmem132b",TRUE
"1700048F04Rik",TRUE
"Gm42945",FALSE
"Gm42952",TRUE
"Gm40330",FALSE
"1700081B01Rik",TRUE
"Gm33347",FALSE
"Gm42953",TRUE
"Gm40331",TRUE
"4933438B17Rik",TRUE
"Gm43475",FALSE
"4930572K03Rik",FALSE
"Gm43476",FALSE
"Tmem132c",TRUE
"Tmem132cos",TRUE
"Gm42980",FALSE
"Slc15a4",TRUE
"Glt1d1",TRUE
"Tmem132d",TRUE
"Gm42817",TRUE
"Gm42495",TRUE
"Gm42500",TRUE
"4930573I07Rik",FALSE
"Fzd10os",TRUE
"Fzd10",TRUE
"Piwil1",TRUE
"Rimbp2",TRUE
"Gm42875",TRUE
"Gm42871",FALSE
"Stx2",TRUE
"Ran",TRUE
"Adgrd1",TRUE
"Gm43001",TRUE
"Sfswap",TRUE
"Mmp17",TRUE
"Zfp11",TRUE
"Sept14",TRUE
"Mrps17",TRUE
"Nipsnap2",TRUE
"Gm15903",TRUE
"Psph",TRUE
"Cct6a",TRUE
"Sumf2",TRUE
"Phkg1",TRUE
"Chchd2",TRUE
"Zbed5",TRUE
"Nupr1l",TRUE
"Vkorc1l1",TRUE
"Gusb",TRUE
"Asl",TRUE
"Crcp",TRUE
"Tpst1",TRUE
"Kctd7",TRUE
"Rabgef1",TRUE
"Tmem248",TRUE
"Gm6598",TRUE
"Sbds",TRUE
"Tyw1",TRUE
"Caln1",TRUE
"A330070K13Rik",TRUE
"Galnt17",TRUE
"Gm43166",TRUE
"Gm29681",TRUE
"Auts2",TRUE
"2810432F15Rik",TRUE
"4930563F08Rik",TRUE
"Gm42439",TRUE
"Gm28616",FALSE
"Gm42626",FALSE
"Gm36667",TRUE
"Gm15627",TRUE
"Castor2",TRUE
"Rcc1l",TRUE
"Gtf2ird2",TRUE
"Ncf1",TRUE
"Gtf2i",TRUE
"Gm43480",TRUE
"Gtf2ird1",TRUE
"Gm42882",TRUE
"Clip2",TRUE
"Gm42884",TRUE
"Syna",FALSE
"Rfc2",TRUE
"Lat2",TRUE
"Eif4h",TRUE
"Limk1",TRUE
"Gm10369",TRUE
"Eln",TRUE
"Gm30003",TRUE
"Tmem270",TRUE
"Cldn13",FALSE
"4933439J24Rik",FALSE
"Mettl27",TRUE
"Cldn4",FALSE
"Cldn3",TRUE
"Wbscr25",TRUE
"Abhd11",TRUE
"Stx1a",TRUE
"Bud23",TRUE
"Dnajc30",TRUE
"Vps37d",TRUE
"Mlxipl",TRUE
"Gm43500",FALSE
"Tbl2",TRUE
"Bcl7b",TRUE
"Baz1b",TRUE
"Fzd9",TRUE
"Fkbp6",TRUE
"Trim50",TRUE
"Nsun5",TRUE
"Pom121",TRUE
"Hip1",TRUE
"Ccl26",TRUE
"Ccl24",TRUE
"Rhbdd2",TRUE
"Gm43091",TRUE
"Por",TRUE
"Tmem120a",TRUE
"Styxl1",TRUE
"Mdh2",TRUE
"Srrm3",TRUE
"Srrm3os",TRUE
"Hspb1",TRUE
"Ywhag",TRUE
"Ssc4d",TRUE
"Zp3",TRUE
"Dtx2",TRUE
"Upk3b",TRUE
"Upk3bl",TRUE
"Rasa4",TRUE
"Gm15701",TRUE
"Polr2j",TRUE
"Gm43604",TRUE
"Lrwd1",TRUE
"Alkbh4",TRUE
"Orai2",TRUE
"Prkrip1",TRUE
"Sh2b2",TRUE
"Cux1",TRUE
"Gm16599",TRUE
"Myl10",FALSE
"Col26a1",TRUE
"Gm20485",TRUE
"Ift22",TRUE
"4933404O12Rik",TRUE
"Fis1",TRUE
"Cldn15",TRUE
"Znhit1",TRUE
"Plod3",TRUE
"Vgf",TRUE
"Ap1s1",TRUE
"Serpine1",TRUE
"Trim56",TRUE
"Muc3",TRUE
"Gm3054",FALSE
"Gm40348",TRUE
"CAAA01077340.1",TRUE
"Muc3a",TRUE
"Gm42456",TRUE
"Ache",TRUE
"Ufsp1",TRUE
"Srrt",TRUE
"Trip6",TRUE
"Slc12a9",TRUE
"Ephb4",TRUE
"Zan",TRUE
"Epo",TRUE
"Pop7",TRUE
"9130604C24Rik",TRUE
"Gm8066",TRUE
"Gigyf1",TRUE
"Gnb2",TRUE
"Gm17112",TRUE
"Actl6b",TRUE
"Tfr2",TRUE
"Mospd3",TRUE
"Pcolce",TRUE
"Fbxo24",TRUE
"Gm36266",TRUE
"Lrch4",TRUE
"Sap25",TRUE
"Irs3",TRUE
"Agfg2",TRUE
"Gm15498",TRUE
"Nyap1",TRUE
"Tsc22d4",TRUE
"Ppp1r35",TRUE
"Mepce",TRUE
"Zcwpw1",TRUE
"Pilra",TRUE
"Pilrb1",FALSE
"Gm36551",FALSE
"Pilrb2",FALSE
"Gm43495",FALSE
"Cyp3a13",TRUE
"Gjc3",TRUE
"Azgp1",TRUE
"Smok3a",FALSE
"Smok3b",FALSE
"Smok3c",FALSE
"Zkscan1",TRUE
"Zscan21",TRUE
"Zfp113",TRUE
"Cops6",TRUE
"Mcm7",TRUE
"Ap4m1",TRUE
"Taf6",TRUE
"Cnpy4",TRUE
"Mblac1",TRUE
"Gm454",TRUE
"Gm43645",FALSE
"Nxpe5",TRUE
"Lamtor4",TRUE
"Map11",TRUE
"6330418K02Rik",TRUE
"Gal3st4",TRUE
"Gpc2",TRUE
"Stag3",TRUE
"Pvrig",FALSE
"Gm10874",TRUE
"Zfp157",TRUE
"1700123K08Rik",TRUE
"Zfp68",TRUE
"A430033K04Rik",TRUE
"Fam20c",TRUE
"Gm5294",FALSE
"Pdgfa",TRUE
"6330403L08Rik",TRUE
"Prkar1b",TRUE
"Gm15672",TRUE
"Dnaaf5",TRUE
"Sun1",TRUE
"4930520M14Rik",TRUE
"Get4",TRUE
"Adap1",TRUE
"Cox19",TRUE
"Cyp2w1",FALSE
"3110082I17Rik",TRUE
"Gpr146",TRUE
"C130050O18Rik",TRUE
"Gper1",TRUE
"Zfand2a",TRUE
"4930500L23Rik",TRUE
"Uncx",TRUE
"Micall2",TRUE
"Ints1",TRUE
"Mafk",TRUE
"Tmem184a",TRUE
"Psmg3",TRUE
"Gm42423",TRUE
"Elfn1",TRUE
"Mad1l1",TRUE
"Gm16122",TRUE
"Gm16121",TRUE
"Gm16120",TRUE
"Nudt1",TRUE
"Mrm2",TRUE
"Snx8",TRUE
"Eif3b",TRUE
"Gm4869",TRUE
"Chst12",TRUE
"Gm42808",FALSE
"Grifin",FALSE
"Gm43703",TRUE
"Lfng",TRUE
"Ttyh3",TRUE
"Iqce",TRUE
"Brat1",TRUE
"Amz1",TRUE
"Gna12",TRUE
"Card11",TRUE
"Sdk1",TRUE
"Gm16035",TRUE
"Gm16036",TRUE
"Foxk1",TRUE
"Ap5z1",TRUE
"Radil",TRUE
"Papolb",TRUE
"Mmd2",TRUE
"Wipi2",TRUE
"Slc29a4",TRUE
"Tnrc18",TRUE
"Fbxl18",TRUE
"D430018E03Rik",TRUE
"Actb",TRUE
"Fscn1",TRUE
"Rnf216",TRUE
"Gm43378",TRUE
"Olfr718-ps1",TRUE
"Rbakdn",FALSE
"Rbak",TRUE
"Spdye4b",TRUE
"Spdye4a",FALSE
"4930448H16Rik",TRUE
"Zfp12",TRUE
"Zfp316",TRUE
"BC030343",TRUE
"Zfp853",TRUE
"E130309D02Rik",TRUE
"Zdhhc4",TRUE
"0610040B10Rik",TRUE
"Gm43397",FALSE
"Grid2ip",TRUE
"Gm20635",TRUE
"Gm42504",TRUE
"Kdelr2",TRUE
"Daglb",TRUE
"Rac1",TRUE
"Fam220a",FALSE
"Fam220a.1",TRUE
"Cyth3",TRUE
"Usp42",TRUE
"D130017N08Rik",TRUE
"Eif2ak1",TRUE
"Ankrd61",TRUE
"Aimp2",TRUE
"Pms2",TRUE
"Gm17135",TRUE
"Rsph10b",TRUE
"Ccz1",TRUE
"Ocm",TRUE
"Lmtk2",TRUE
"Bhlha15",TRUE
"Tecpr1",TRUE
"2900089D17Rik",TRUE
"Bri3",TRUE
"Baiap2l1",TRUE
"Gm15708",TRUE
"Dmrt1i",FALSE
"Nptx2",TRUE
"Tmem130",TRUE
"Trrap",TRUE
"Smurf1",TRUE
"Kpna7",TRUE
"Gm4871",FALSE
"Gm43562",FALSE
"1700018F24Rik",FALSE
"Arpc1a",TRUE
"Arpc1b",TRUE
"Pdap1",TRUE
"Bud31",TRUE
"Ptcd1",TRUE
"Cpsf4",TRUE
"Atp5j2",TRUE
"Zkscan14",TRUE
"Zkscan5",TRUE
"Zfp655",TRUE
"Zscan25",TRUE
"Cyp3a57",TRUE
"Cyp3a16",FALSE
"Cyp3a41b",FALSE
"Cyp3a41a",FALSE
"Cyp3a44",FALSE
"Cyp3a11",FALSE
"Cyp3a25",FALSE
"Cyp3a59",TRUE
"Gm5565",FALSE
"Gm6309",FALSE
"1700001J03Rik",TRUE
"B230303O12Rik",TRUE
"Gm43625",TRUE
"Rnf6",TRUE
"Cdk8",TRUE
"Wasf3",TRUE
"Gm6408",FALSE
"Gm6370",FALSE
"4930449I24Rik",FALSE
"Gm3402",FALSE
"Gm3404",FALSE
"Gm3409",FALSE
"Gm3415",FALSE
"Gpr12",TRUE
"Gm34333",TRUE
"4930573C15Rik",FALSE
"Usp12",TRUE
"1700041I07Rik",TRUE
"Rpl21",TRUE
"Rasl11a",TRUE
"Gtf3a",TRUE
"Mtif3",TRUE
"Lnx2",TRUE
"Polr1d",TRUE
"Gsx1",TRUE
"Plut",TRUE
"Pdx1",FALSE
"Gm27033",FALSE
"Cdx2",FALSE
"Urad",FALSE
"Flt3",TRUE
"Gm26597",TRUE
"D5Ertd605e",TRUE
"Pan3",TRUE
"Flt1",TRUE
"Gm43156",FALSE
"Pomp",TRUE
"Slc46a3",TRUE
"Gm15721",TRUE
"Mtus2",TRUE
"Slc7a1",TRUE
"Ubl3",TRUE
"Gm36186",FALSE
"2210417A02Rik",FALSE
"4930505K14Rik",FALSE
"Gm15407",FALSE
"Katnal1",TRUE
"Gm42791",TRUE
"Gm15410",FALSE
"Gm15406",TRUE
"8430423G03Rik",TRUE
"1810059H22Rik",TRUE
"Gm15409",TRUE
"5930430L01Rik",TRUE
"Gm15411",TRUE
"Gm15408",TRUE
"Hmgb1",TRUE
"Mm2pr",TRUE
"Gm42787",TRUE
"Gm42788",TRUE
"Gm43332",TRUE
"Uspl1",TRUE
"2310047D07Rik",TRUE
"Gm29264",TRUE
"Alox5ap",TRUE
"Gm19719",TRUE
"BC028471",TRUE
"Medag",TRUE
"Gm43151",FALSE
"Gm43150",TRUE
"Tex26",TRUE
"4933425D22Rik",FALSE
"Gm15997",TRUE
"Wdr95",TRUE
"Hsph1",TRUE
"Gm20005",TRUE
"B3glct",TRUE
"Gm21221",TRUE
"4930500F04Rik",FALSE
"Gm43450",FALSE
"Gm43452",FALSE
"Gm36241",FALSE
"Rxfp2",TRUE
"Gm42558",FALSE
"Gm42557",TRUE
"Fry",TRUE
"Gm42556",TRUE
"Gm5",TRUE
"Zar1l",TRUE
"Brca2",TRUE
"Gm42529",TRUE
"Gm42531",TRUE
"Gm43690",TRUE
"N4bp2l1",TRUE
"Gm43598",TRUE
"Gm43597",TRUE
"N4bp2l2",TRUE
"Pds5b",TRUE
"Gm43807",TRUE
"Gm36447",TRUE
"Gm43298",TRUE
"Kl",TRUE
"Stard13",TRUE
"5430435K18Rik",TRUE
"D730045B01Rik",TRUE
"1700028E10Rik",TRUE
"Vmn2r18",TRUE
"Rfc3",TRUE
"Gm43129",FALSE
"Gm8579",TRUE
"Gm20559",TRUE
"Samd9l",TRUE
"Hepacam2",TRUE
"Vps50",TRUE
"Calcr",TRUE
"Tfpi2",TRUE
"Gngt1",FALSE
"Gng11",TRUE
"4930528H21Rik",TRUE
"Bet1",TRUE
"Col1a2",TRUE
"Casd1",TRUE
"Sgce",TRUE
"Peg10",TRUE
"Gm20714",TRUE
"Ppp1r9a",TRUE
"Pon1",TRUE
"Pon3",TRUE
"Pon2",TRUE
"Asb4",TRUE
"Pdk4",TRUE
"Dync1i1",TRUE
"1700019G24Rik",TRUE
"Slc25a13",TRUE
"Gm20619",TRUE
"Gm20617",TRUE
"Gm20685",TRUE
"Sem1",TRUE
"Gm20618",TRUE
"Dlx6os1",TRUE
"Dlx6",TRUE
"Dlx5",TRUE
"Gm26774",FALSE
"Sdhaf3",TRUE
"Gm19272",TRUE
"Tac1",TRUE
"Asns",TRUE
"1700012J15Rik",FALSE
"C1galt1",TRUE
"Col28a1",TRUE
"Mios",TRUE
"Rpa3",TRUE
"Umad1",TRUE
"Gm16055",TRUE
"Gm16043",TRUE
"A430035B10Rik",TRUE
"Glcci1",TRUE
"Ica1",TRUE
"Nxph1",TRUE
"Gm35822",TRUE
"AA545190",FALSE
"Ndufa4",TRUE
"Phf14",TRUE
"Thsd7a",TRUE
"Gm44129",TRUE
"Tmem106b",TRUE
"Vwde",TRUE
"1700016P04Rik",FALSE
"Tmem168",TRUE
"Bmt2",TRUE
"Gpr85",TRUE
"2610001J05Rik",TRUE
"1110019D14Rik",TRUE
"Ppp1r3a",TRUE
"Foxp2",TRUE
"Mdfic",TRUE
"Gm36406",FALSE
"Gm36503",TRUE
"Gm36669",FALSE
"Tfec",TRUE
"Gm15473",TRUE
"Gm4876",TRUE
"Tes",TRUE
"D830026I12Rik",TRUE
"Gm15581",TRUE
"Cav2",TRUE
"Cav1",TRUE
"Gm29591",FALSE
"Met",TRUE
"Capza2",TRUE
"St7",TRUE
"Gm26738",TRUE
"Wnt2",TRUE
"Asz1",TRUE
"Cftr",TRUE
"Gm15592",TRUE
"Cttnbp2",TRUE
"Gm15594",TRUE
"Gm20186",TRUE
"Lsm8",TRUE
"Ankrd7",TRUE
"4930524B17Rik",TRUE
"Kcnd2",TRUE
"Tspan12",TRUE
"Gm30270",TRUE
"Gm3289",FALSE
"Ing3",TRUE
"Cped1",TRUE
"Wnt16",TRUE
"Fam3c",TRUE
"Ptprz1",TRUE
"Aass",TRUE
"Fezf1",TRUE
"Cadps2",TRUE
"Rnf133",TRUE
"Rnf148",TRUE
"Tas2r118",FALSE
"Slc13a1",TRUE
"Iqub",TRUE
"Ndufa5",TRUE
"Asb15",TRUE
"Lmod2",TRUE
"Wasl",TRUE
"Hyal6",TRUE
"Hyal4",TRUE
"Spam1",TRUE
"Hyal5",TRUE
"Tmem229a",TRUE
"Gpr37",TRUE
"Pot1a",TRUE
"Gm20756",TRUE
"Grm8",TRUE
"6530409C15Rik",TRUE
"Zfp800",TRUE
"Gcc1",TRUE
"Arf5",TRUE
"Fscn3",TRUE
"Pax4",FALSE
"Snd1",TRUE
"Lrrc4",TRUE
"Gm3294",TRUE
"Lep",TRUE
"Rbm28",TRUE
"Prrt4",TRUE
"Impdh1",TRUE
"Hilpda",TRUE
"Fam71f2",TRUE
"Fam71f1",FALSE
"Gm17172",FALSE
"Calu",TRUE
"Opn1sw",TRUE
"Ccdc136",TRUE
"Flnc",TRUE
"Atp6v1f",TRUE
"Atp6v1fnb",TRUE
"Kcp",TRUE
"Gm26627",TRUE
"Irf5",TRUE
"Tnpo3",TRUE
"Tspan33",TRUE
"Smo",TRUE
"Ahcyl2",TRUE
"Strip2",TRUE
"Nrf1",TRUE
"Rncr4",FALSE
"Ube2h",TRUE
"1700095J07Rik",TRUE
"Zc3hc1",TRUE
"Klhdc10",TRUE
"1700012C14Rik",TRUE
"Tmem209",TRUE
"Ssmem1",TRUE
"Cpa2",TRUE
"Cpa4",TRUE
"Gm13781",FALSE
"Cpa5",TRUE
"Cpa1",FALSE
"Cep41",TRUE
"Gm13782",TRUE
"Mest",TRUE
"Gm44296",FALSE
"Copg2",TRUE
"4930412F09Rik",TRUE
"Tsga13",TRUE
"Klf14",FALSE
"Gm27019",TRUE
"Lncpint",TRUE
"Gm13833",TRUE
"2210408F21Rik",TRUE
"Gm14532",TRUE
"Mkln1os",TRUE
"Gm13844",TRUE
"Mkln1",TRUE
"Podxl",TRUE
"Gm6117",TRUE
"Gm43154",TRUE
"Gm13848",TRUE
"Gm43293",TRUE
"Gm13849",TRUE
"1700012A03Rik",FALSE
"Gm13850",FALSE
"Plxna4",TRUE
"Plxna4os3",TRUE
"Plxna4os2",TRUE
"Plxna4os1",TRUE
"BC049739",FALSE
"Chchd3",TRUE
"Gm14540",TRUE
"Exoc4",TRUE
"Gm13853",TRUE
"Lrguk",TRUE
"Gm13856",TRUE
"Slc35b4",TRUE
"Gm13855",FALSE
"Gm14546",TRUE
"Akr1b3",TRUE
"Akr1b8",TRUE
"Akr1b10",TRUE
"Akr1b7",FALSE
"Bpgm",TRUE
"Gm13860",FALSE
"Cald1",TRUE
"Gm13861",TRUE
"Npn2",FALSE
"Gm14547",TRUE
"Agbl3",TRUE
"Tmem140",TRUE
"Cyren",TRUE
"Wdr91",TRUE
"Stra8",TRUE
"Slc23a4",TRUE
"Cnot4",TRUE
"Nup205",TRUE
"1810058I24Rik",TRUE
"Slc13a4",TRUE
"Fam180a",TRUE
"1700065J11Rik",FALSE
"Mtpn",TRUE
"Gm42931",FALSE
"9330158H04Rik",TRUE
"Chrm2",TRUE
"Ptn",TRUE
"Dgki",TRUE
"1700111E14Rik",TRUE
"Creb3l2",TRUE
"Akr1d1",TRUE
"Trim24",TRUE
"Svopl",TRUE
"Atp6v0a4",TRUE
"Tmem213",TRUE
"D630045J12Rik",TRUE
"Zc3hav1l",TRUE
"Zc3hav1",TRUE
"Ttc26",TRUE
"Ubn2",TRUE
"Fmc1",TRUE
"Luc7l2",TRUE
"Klrg2",TRUE
"Clec2l",TRUE
"Hipk2",TRUE
"Tbxas1",TRUE
"Gm42962",TRUE
"1700025N23Rik",TRUE
"Parp12",TRUE
"4930599N23Rik",TRUE
"Kdm7a",TRUE
"Gm49041",TRUE
"Gm43479",TRUE
"Slc37a3",TRUE
"Rab19",TRUE
"Mkrn1",TRUE
"Gm10244",TRUE
"Dennd2a",TRUE
"8030453O22Rik",TRUE
"Adck2",TRUE
"Gm16272",TRUE
"Ndufb2",TRUE
"Braf",TRUE
"Mrps33",TRUE
"Tmem178b",TRUE
"Gm26833",TRUE
"Gm26638",TRUE
"Gm26807",TRUE
"Agk",TRUE
"E330009J07Rik",TRUE
"Wee2",TRUE
"Ssbp1",TRUE
"Tas2r137",TRUE
"Tas2r108",FALSE
"Prss37",TRUE
"Olfr461",TRUE
"Olfr460",TRUE
"Clec5a",TRUE
"Tas2r138",FALSE
"Mgam",TRUE
"Mgam2-ps",TRUE
"Moxd2",FALSE
"Trbv1",FALSE
"Prss58",FALSE
"1700074P13Rik",FALSE
"Gm4744",FALSE
"Gm29588",FALSE
"1810009J06Rik",FALSE
"Gm2663",FALSE
"2210010C04Rik",FALSE
"Trbv2",FALSE
"Trbv3",FALSE
"5830405F06Rik",FALSE
"Trbv4",FALSE
"Trbv5",FALSE
"Trbv6",FALSE
"Trbv7",FALSE
"Gm49885",FALSE
"Trbv8",FALSE
"Trbv9",FALSE
"Trbv10",FALSE
"Trbv11",FALSE
"Trbv12-1",FALSE
"Trbv13-1",FALSE
"Trbv12-2",FALSE
"Trbv13-2",FALSE
"Trbv12-3",FALSE
"Trbv13-3",FALSE
"Trbv14",FALSE
"Trbv15",FALSE
"Trbv16",FALSE
"Trbv17",FALSE
"Trbv18",FALSE
"Trbv19",FALSE
"Trbv20",FALSE
"Trbv21",FALSE
"Trbv22",FALSE
"Trbv23",FALSE
"Trbv24",FALSE
"Trbv25",FALSE
"Trbv26",FALSE
"Trbv27",FALSE
"Trbv28",FALSE
"Trbv29",FALSE
"Trbv30",FALSE
"Try4",FALSE
"Try5",TRUE
"Try10",TRUE
"Prss3",FALSE
"Gm5771",FALSE
"Gm10334",FALSE
"Prss1",FALSE
"Prss2",FALSE
"Trbd1",FALSE
"Trbj1-1",FALSE
"Trbj1-2",FALSE
"Trbj1-3",FALSE
"Trbj1-4",FALSE
"Trbj1-5",FALSE
"Trbj1-6",FALSE
"Trbj1-7",FALSE
"Trbc1",TRUE
"Trbd2",FALSE
"Trbj2-1",FALSE
"Trbj2-2",FALSE
"Trbj2-3",FALSE
"Trbj2-4",FALSE
"Trbj2-5",FALSE
"Trbj2-6",FALSE
"Trbj2-7",FALSE
"Trbc2",TRUE
"Trbv31",FALSE
"Ephb6",TRUE
"Trpv6",TRUE
"Trpv5",TRUE
"Llcfc1",FALSE
"Kel",FALSE
"Olfr459",FALSE
"Pip",FALSE
"Sval2",FALSE
"Sval1",FALSE
"Sval3",FALSE
"Sva",FALSE
"Tas2r139",FALSE
"Tas2r144",FALSE
"Gstk1",TRUE
"Tmem139",FALSE
"Casp2",TRUE
"Clcn1",TRUE
"Fam131b",TRUE
"Gm44284",TRUE
"Zyx",TRUE
"Epha1",TRUE
"2010310C07Rik",TRUE
"Tas2r143",FALSE
"Tas2r135",FALSE
"Tas2r126",FALSE
"Olfr458",TRUE
"Olfr457",TRUE
"Olfr456",FALSE
"Olfr455",TRUE
"Tcaf3",TRUE
"Tcaf2",TRUE
"Tcaf1",TRUE
"Olfr453",FALSE
"Olfr38",FALSE
"Olfr452",FALSE
"Olfr450",FALSE
"Olfr449",FALSE
"Olfr448",FALSE
"Olfr447",FALSE
"Olfr446",FALSE
"Olfr444",TRUE
"Gm17472",FALSE
"Gm20730",FALSE
"Olfr441",TRUE
"Olfr237-ps1",TRUE
"Olfr437",TRUE
"Olfr13",FALSE
"Olfr435",FALSE
"Olfr434",FALSE
"Olfr47",FALSE
"Gm44731",TRUE
"Arhgef5",TRUE
"Nobox",FALSE
"Tpk1",TRUE
"9430018G01Rik",TRUE
"Gm35216",FALSE
"Cntnap2",TRUE
"Cul1",TRUE
"Ezh2",TRUE
"Pdia4",TRUE
"Zfp786",TRUE
"Zfp398",TRUE
"Zfp282",TRUE
"Zfp212",TRUE
"Zfp956",TRUE
"Zfp777",TRUE
"Gm45738",TRUE
"Zfp746",TRUE
"Gm16630",TRUE
"Gm44696",TRUE
"Krba1",TRUE
"Zfp467",TRUE
"Sspo",TRUE
"1700026J14Rik",TRUE
"Atp6v0e2",TRUE
"Lrrc61",TRUE
"Rarres2",TRUE
"Gm5111",TRUE
"Repin1",TRUE
"Zfp775",TRUE
"Gm38804",TRUE
"AI854703",TRUE
"Gimap8",TRUE
"Gimap9",TRUE
"Gimap4",TRUE
"Gimap6",TRUE
"Gimap7",FALSE
"Gimap1os",FALSE
"Gimap1",TRUE
"Gimap5",TRUE
"Gm44226",FALSE
"4833403J16Rik",TRUE
"Gimap3",FALSE
"Gm30781",FALSE
"Tmem176b",TRUE
"Tmem176a",TRUE
"Gm44764",TRUE
"Gm7932",TRUE
"Aoc1",TRUE
"Doxl1",FALSE
"Doxl2",FALSE
"4930563H07Rik",FALSE
"Svs1",TRUE
"Gpnmb",TRUE
"Malsu1",TRUE
"Igf2bp3",TRUE
"Tra2a",TRUE
"Ccdc126",TRUE
"Fam221a",TRUE
"Stk31",TRUE
"Npy",TRUE
"Gm3455",TRUE
"Mpp6",TRUE
"Gsdme",TRUE
"Osbpl3",TRUE
"Cycs",TRUE
"5430402O13Rik",TRUE
"4921507P07Rik",TRUE
"Npvf",TRUE
"C530044C16Rik",TRUE
"Gm44109",TRUE
"G930045G22Rik",TRUE
"Gm32479",FALSE
"Gm6559",TRUE
"0610033M10Rik",FALSE
"Nfe2l3",TRUE
"Hnrnpa2b1",TRUE
"Cbx3",TRUE
"Snx10",TRUE
"Gm38811",TRUE
"Skap2",TRUE
"Gm44077",TRUE
"Halr1",FALSE
"Hoxa1",FALSE
"Hotairm1",TRUE
"Hoxa2",FALSE
"Hoxaas2",FALSE
"Hoxa3",FALSE
"Gm15050",FALSE
"Hoxaas3",FALSE
"Gm29430",FALSE
"Hoxa4",FALSE
"Hoxa5",FALSE
"Hoxa6",FALSE
"Hoxa7",FALSE
"Hoxa9",FALSE
"Hoxa10",FALSE
"Hoxa11",FALSE
"Hoxa11os",FALSE
"Hoxa13",FALSE
"Hottip",FALSE
"Evx1os",FALSE
"Evx1",FALSE
"1700094M24Rik",FALSE
"Gm44028",TRUE
"Hibadh",TRUE
"Tax1bp1",TRUE
"Jazf1",TRUE
"Gm4872",FALSE
"Creb5",TRUE
"Tril",TRUE
"Gm16499",TRUE
"Gm16499.1",TRUE
"Cpvl",TRUE
"4921529L05Rik",TRUE
"Chn2",TRUE
"9530036M11Rik",TRUE
"Gm15527",TRUE
"9130019P16Rik",TRUE
"Prr15",TRUE
"Wipf3",TRUE
"Gm44026",TRUE
"Scrn1",TRUE
"Fkbp14",TRUE
"Plekha8",TRUE
"Gm28402",FALSE
"Mturn",TRUE
"Znrf2",TRUE
"Nod1",TRUE
"Ggct",TRUE
"Gars",TRUE
"Crhr2",TRUE
"Gm34358",FALSE
"Inmt",TRUE
"Mindy4",TRUE
"Gm44073",TRUE
"Aqp1",TRUE
"Ghrhr",FALSE
"6430584L05Rik",TRUE
"Adcyap1r1",TRUE
"Neurod6",TRUE
"Gm3279",TRUE
"Itprid1",TRUE
"Ppp1r17",TRUE
"Pde1c",TRUE
"Lsm5",TRUE
"Avl9",TRUE
"Kbtbd2",TRUE
"Fkbp9",TRUE
"Nt5c3",TRUE
"Vmn1r4",TRUE
"Vmn1r5",TRUE
"Vmn1r6",FALSE
"Vmn1r7",FALSE
"Vmn1r8",FALSE
"Vmn1r9",FALSE
"Vmn1r10",FALSE
"Vmn1r11",FALSE
"Vmn1r12",TRUE
"Vmn1r13",TRUE
"Vmn1r14",FALSE
"Vmn1r15",TRUE
"Vmn1r16",TRUE
"Vmn1r17",FALSE
"Vmn1r18",TRUE
"Vmn1r19",FALSE
"Vmn1r20",FALSE
"4930533I22Rik",TRUE
"Ppm1k",TRUE
"Herc6",TRUE
"Lancl2",TRUE
"Vopp1",TRUE
"Vmn1r21",TRUE
"Vmn1r22",TRUE
"Vmn1r23",FALSE
"Vmn1r24",TRUE
"Vmn1r25",TRUE
"Vmn1r26",TRUE
"Gm43994",FALSE
"Vmn1r27",TRUE
"Vmn1r28",FALSE
"Vmn1r29",TRUE
"Vmn1r30",TRUE
"Gm35077",TRUE
"Vmn1r31",FALSE
"Abcg2",TRUE
"Herc3",TRUE
"Nap1l5",TRUE
"Fam13a",TRUE
"Gm45060",TRUE
"BB365896",TRUE
"Tigd2",TRUE
"Gprin3",TRUE
"Gm5570",TRUE
"A530053G22Rik",TRUE
"Gm44410",FALSE
"Gm35386",FALSE
"Snca",TRUE
"Mmrn1",TRUE
"Gm43893",FALSE
"Gm43894",FALSE
"A730020E08Rik",TRUE
"Ccser1",TRUE
"9330118I20Rik",TRUE
"Grid2",TRUE
"Gm44071",TRUE
"Gm44072",TRUE
"Atoh1",FALSE
"Smarcad1",TRUE
"Hpgds",TRUE
"Qrfprl",TRUE
"Tnip3",TRUE
"Ndnf",TRUE
"Gm16838",TRUE
"Prdm5",TRUE
"4930544G11Rik",FALSE
"2610300M13Rik",TRUE
"Mad2l1",TRUE
"Vmn1r32",TRUE
"Vmn1r33",FALSE
"Vmn1r34",FALSE
"Vmn1r35",FALSE
"Vmn1r36",FALSE
"Vmn1r37",FALSE
"Vmn1r38",FALSE
"Vmn1r39",FALSE
"4930597O21Rik",TRUE
"Gng12",TRUE
"Gm36816",TRUE
"Gadd45a",TRUE
"E230016M11Rik",TRUE
"A430010J10Rik",TRUE
"Gm38825",TRUE
"Serbp1",TRUE
"Il12rb2",TRUE
"Il23r",TRUE
"Gm42889",TRUE
"Tacstd2",TRUE
"Igkv2-137",FALSE
"Igkv1-136",FALSE
"Igkv1-135",FALSE
"Igkv14-134-1",FALSE
"Igkv17-134",FALSE
"Igkv1-133",FALSE
"Gm43284",FALSE
"Igkv1-132",FALSE
"Igkv1-131",FALSE
"Igkv14-130",FALSE
"Igkv9-129",FALSE
"Igkv9-128",FALSE
"Igkv17-127",FALSE
"Igkv14-126-1",FALSE
"Igkv14-126",FALSE
"Igkv11-125",FALSE
"Igkv9-124",FALSE
"Igkv9-123",FALSE
"Igkv1-122",FALSE
"Igkv17-121",FALSE
"Igkv9-120",FALSE
"Igkv9-119",FALSE
"Igkv14-118-2",FALSE
"Igkv14-118-1",FALSE
"Gm43739",FALSE
"Igkv11-118",FALSE
"Igkv1-117",FALSE
"Igkv2-116",FALSE
"Igkv1-115",FALSE
"Igkv11-114",FALSE
"Igkv2-113",FALSE
"Igkv2-112",FALSE
"Igkv14-111",FALSE
"Igkv1-110",FALSE
"Igkv2-109",FALSE
"Igkv1-108",FALSE
"Igkv2-107",FALSE
"Igkv11-106",FALSE
"Igkv2-105",FALSE
"Igkv16-104",FALSE
"Igkv15-103",FALSE
"Igkv15-102",FALSE
"Igkv20-101-2",FALSE
"Igkv15-101-1",FALSE
"Igkv15-101",FALSE
"Igkv14-100",FALSE
"Igkv1-99",FALSE
"Igkv12-98",FALSE
"Igkv15-97",FALSE
"Igkv10-96",FALSE
"Igkv2-95-2",FALSE
"Igkv2-95-1",FALSE
"Igkv10-95",FALSE
"Igkv10-94",FALSE
"Igkv2-93-1",FALSE
"Igkv19-93",FALSE
"Igkv4-92",FALSE
"Gm42925",FALSE
"Igkv4-91",FALSE
"Igkv4-90",FALSE
"Gm42924",FALSE
"Igkv12-89",FALSE
"Igkv1-88",FALSE
"Gm42539",FALSE
"Gm42543",FALSE
"Gm42542",FALSE
"Igkv13-87",FALSE
"Igkv4-86",FALSE
"Igkv13-85",FALSE
"Igkv13-84",FALSE
"Igkv4-83",FALSE
"Igkv13-82",FALSE
"Igkv4-81",FALSE
"Igkv13-80-1",FALSE
"Igkv4-80",FALSE
"Igkv4-79",FALSE
"Igkv13-78-1",FALSE
"Igkv4-78",FALSE
"Gm43583",FALSE
"Igkv4-77",FALSE
"Igkv13-76",FALSE
"Igkv4-75",FALSE
"Igkv13-74-1",FALSE
"Igkv4-74",FALSE
"Igkv13-73-1",FALSE
"Igkv4-73",FALSE
"Igkv4-72",FALSE
"Igkv13-71-1",FALSE
"Igkv4-71",FALSE
"Igkv4-70",FALSE
"Igkv4-69",FALSE
"Igkv4-68",FALSE
"Igkv12-67",FALSE
"Rprl1",FALSE
"Igkv12-66",FALSE
"Igkv4-65",FALSE
"Igkv13-64",FALSE
"Igkv4-63",FALSE
"Igkv13-62-1",FALSE
"Igkv4-62",FALSE
"Igkv13-61-1",FALSE
"Igkv4-61",FALSE
"Igkv4-59",FALSE
"Igkv4-60",FALSE
"Igkv4-58",FALSE
"Igkv13-57-2",FALSE
"Igkv4-57-1",FALSE
"Igkv13-57-1",FALSE
"Igkv4-57",FALSE
"Igkv13-56-1",FALSE
"Igkv4-56",FALSE
"Igkv13-55-1",FALSE
"Igkv4-55",FALSE
"Igkv13-54-1",FALSE
"Igkv4-54",FALSE
"Igkv4-53",FALSE
"Gm42606",FALSE
"Igkv4-51",FALSE
"Gm42958",FALSE
"Igkv4-50",FALSE
"Igkv12-49",FALSE
"Igkv5-48",FALSE
"Igkv12-47",FALSE
"Igkv12-46",FALSE
"Igkv5-45",FALSE
"Igkv12-44",FALSE
"Igkv5-43",FALSE
"Igkv12-42",FALSE
"Igkv12-41",FALSE
"Igkv5-40-1",FALSE
"Igkv12-40",FALSE
"Igkv5-39",FALSE
"Gm43220",FALSE
"Igkv12-38",FALSE
"Igkv5-37",FALSE
"Igkv18-36",FALSE
"Igkv1-35",FALSE
"Gm43586",FALSE
"Igkv8-34",FALSE
"Igkv7-33",FALSE
"Igkv6-32",FALSE
"Igkv8-31",FALSE
"Igkv8-30",FALSE
"Igkv6-29",FALSE
"Igkv8-28",FALSE
"Igkv8-27",FALSE
"Igkv8-26",FALSE
"Igkv6-25",FALSE
"Igkv8-24",FALSE
"Gm43218",FALSE
"Igkv6-23",FALSE
"Igkv8-22",FALSE
"Igkv8-21",FALSE
"Igkv6-20",TRUE
"Igkv8-19",FALSE
"Igkv8-18",FALSE
"Igkv6-17",FALSE
"Igkv8-16",FALSE
"Gm42667",FALSE
"Igkv6-15",FALSE
"Gm10360",FALSE
"Igkv6-14",FALSE
"Igkv6-13",FALSE
"Gm42720",FALSE
"Igkv3-12-1",FALSE
"Igkv3-12",FALSE
"Igkv3-11",FALSE
"Igkv3-10",FALSE
"Igkv3-9",FALSE
"Igkv3-8",FALSE
"Igkv3-7",FALSE
"Igkv3-6",FALSE
"Igkv3-5",FALSE
"Igkv3-4",FALSE
"Igkv3-3",FALSE
"Igkv3-2",FALSE
"Igkv3-1",FALSE
"Gm30211",FALSE
"Igkj1",FALSE
"Igkj2",FALSE
"Igkj3",FALSE
"Igkj4",FALSE
"Igkj5",FALSE
"Igkc",FALSE
"Rpia",TRUE
"Eif2ak3",TRUE
"Tex37",FALSE
"Foxi3",FALSE
"Thnsl2",TRUE
"Gm44427",FALSE
"Fabp1",FALSE
"Smyd1",TRUE
"Krcc1",TRUE
"Cd8b1",TRUE
"Gm44110",FALSE
"Gm44174",TRUE
"Gm44175",TRUE
"Cd8a",TRUE
"Rmnd5a",TRUE
"Gm44172",TRUE
"Rnf103",TRUE
"1700040L08Rik",TRUE
"Chmp3",TRUE
"Kdm3a",TRUE
"Reep1",TRUE
"Mrpl35",TRUE
"Immt",TRUE
"Ptcd3",TRUE
"Polr1a",TRUE
"Gm26628",TRUE
"9130221F21Rik",TRUE
"St3gal5",TRUE
"4933431G14Rik",TRUE
"Gm38832",TRUE
"Atoh8",TRUE
"Sftpb",TRUE
"Usp39",TRUE
"Gm45051",TRUE
"0610030E20Rik",TRUE
"Tmem150a",TRUE
"Rnf181",TRUE
"Vamp5",TRUE
"Vamp8",TRUE
"Ggcx",TRUE
"Mat2a",TRUE
"Sh2d6",TRUE
"Capg",TRUE
"Elmod3",TRUE
"Retsat",TRUE
"Tgoln1",TRUE
"Gm20536",TRUE
"Tcf7l1",TRUE
"Gm15401",TRUE
"Gm15402",TRUE
"Kcmf1",TRUE
"Gm26640",TRUE
"Tmsb10",TRUE
"Gm20560",TRUE
"Dnah6",TRUE
"Suclg1",TRUE
"1700065L07Rik",TRUE
"4931417E11Rik",FALSE
"Gm31747",TRUE
"Gm44113",TRUE
"Gm9008",TRUE
"Gm44166",FALSE
"Ctnna2",TRUE
"Lrrtm1",TRUE
"Reg3b",TRUE
"Reg3d",FALSE
"Reg3a",TRUE
"Reg2",TRUE
"Reg1",FALSE
"Reg3g",FALSE
"Gm29005",FALSE
"Gm20362",FALSE
"Gm44271",TRUE
"Gm20594",FALSE
"Gm4409",TRUE
"Lrrtm4",TRUE
"Gm38839",TRUE
"1700009C05Rik",TRUE
"Gcfc2",TRUE
"Mrpl19",TRUE
"Gm20383",TRUE
"Gm44202",TRUE
"Eva1a",TRUE
"Gm15864",TRUE
"Tacr1",TRUE
"Pole4",TRUE
"Gm44145",TRUE
"Hk2",TRUE
"Gm17034",TRUE
"Gm38843",TRUE
"Gm32591",TRUE
"2310069B03Rik",FALSE
"Gm45145",FALSE
"Sema4f",TRUE
"M1ap",TRUE
"Dok1",TRUE
"Loxl3",TRUE
"Htra2",TRUE
"Aup1",TRUE
"Dqx1",TRUE
"Tlx2",FALSE
"Pcgf1",TRUE
"Lbx2",FALSE
"Ccdc142",TRUE
"Ccdc142os",TRUE
"Mrpl53",TRUE
"Mogs",TRUE
"Wbp1",TRUE
"Ino80b",TRUE
"Gm44287",TRUE
"Rtkn",TRUE
"Wdr54",TRUE
"1700003E16Rik",TRUE
"Dctn1",TRUE
"Gm15624",TRUE
"Slc4a5",TRUE
"Mthfd2",TRUE
"Mob1a",TRUE
"Bola3",TRUE
"Tet3",TRUE
"B230319C09Rik",TRUE
"Dguok",TRUE
"Actg2",TRUE
"Stambp",TRUE
"Gm21284",TRUE
"Clec4f",FALSE
"Cd207",FALSE
"Vax2os",TRUE
"Vax2",TRUE
"Atp6v1b1",TRUE
"1700124L16Rik",TRUE
"Ankrd53",TRUE
"Tex261",TRUE
"Nagk",TRUE
"Paip2b",TRUE
"Zfp638",TRUE
"Gm43920",TRUE
"Dysf",TRUE
"Gm33024",FALSE
"Gm15475",TRUE
"Gm44127",TRUE
"Gm10445",TRUE
"4930504D19Rik",FALSE
"Cyp26b1",TRUE
"Exoc6b",TRUE
"Gm44012",TRUE
"Gm5878",TRUE
"Spr",TRUE
"Emx1",TRUE
"Sfxn5",TRUE
"Rab11fip5",TRUE
"Noto",FALSE
"Smyd5",TRUE
"Pradc1",TRUE
"Cct7",TRUE
"Fbxo41",TRUE
"Egr4",TRUE
"Alms1",TRUE
"Nat8f7",TRUE
"Nat8f3",TRUE
"Nat8f6",TRUE
"Nat8f5",TRUE
"Nat8",TRUE
"Nat8f2",TRUE
"Nat8f4",TRUE
"Nat8f1",TRUE
"Tprkb",TRUE
"Dusp11",TRUE
"Gm19265",TRUE
"4930553P18Rik",TRUE
"Figla",TRUE
"Add2",TRUE
"Gm44089",TRUE
"Tgfa",TRUE
"Fam136a",TRUE
"Snrpg",TRUE
"Gm44941",TRUE
"Pcyox1",TRUE
"Tia1",TRUE
"C87436",TRUE
"A430078I02Rik",TRUE
"2310040G24Rik",TRUE
"Gm43936",TRUE
"Gm44386",TRUE
"Pcbp1",TRUE
"1600020E01Rik",TRUE
"Asprv1",TRUE
"Mxd1",TRUE
"Snrnp27",TRUE
"Gm44214",TRUE
"Gmcl1",TRUE
"Gm44036",TRUE
"Anxa4",TRUE
"2610306M01Rik",TRUE
"Aak1",TRUE
"Gm44091",TRUE
"Nfu1",TRUE
"Gfpt1",TRUE
"D6Ertd527e",TRUE
"Antxr1",TRUE
"Gm44418",TRUE
"Gkn1",FALSE
"Gkn2",FALSE
"Gkn3",TRUE
"Bmp10",FALSE
"Arhgap25",TRUE
"Prokr1",FALSE
"Gm34312",TRUE
"Aplf",TRUE
"Gm44097",TRUE
"1810020O05Rik",TRUE
"Gm44210",TRUE
"Efcc1",TRUE
"Gm43904",FALSE
"Gp9",TRUE
"Rab43",TRUE
"Isy1",TRUE
"Cnbp",TRUE
"Copg1",TRUE
"Gm26636",TRUE
"Hmces",TRUE
"H1fx",TRUE
"Gm5577",TRUE
"Rab7",TRUE
"Rpn1",TRUE
"Gm38708",FALSE
"Gata2",TRUE
"Dnajb8",TRUE
"1700031F10Rik",FALSE
"Eefsec",TRUE
"Gm44265",TRUE
"Gm44264",TRUE
"Ruvbl1",TRUE
"Sec61a1",TRUE
"Gm44170",TRUE
"Kbtbd12",TRUE
"Gm26588",TRUE
"Mgll",TRUE
"Abtb1",TRUE
"Podxl2",TRUE
"Gm15612",TRUE
"Mcm2",TRUE
"Tpra1",TRUE
"4933427D06Rik",TRUE
"Gm1965",FALSE
"Gm6507",FALSE
"Gm839",FALSE
"Gm44204",FALSE
"4930512J16Rik",TRUE
"Gm26811",TRUE
"Plxna1",TRUE
"Chchd6",TRUE
"Txnrd3",TRUE
"Vmn1r40",FALSE
"Vmn1r41",FALSE
"Vmn1r42",FALSE
"Vmn1r43",FALSE
"Vmn1r44",FALSE
"Vmn1r45",FALSE
"Vmn1r46",FALSE
"Vmn1r47",FALSE
"Vmn1r48",FALSE
"Vmn1r49",TRUE
"Vmn1r50",FALSE
"Vmn1r51",FALSE
"Vmn1r52",FALSE
"V1ra8",TRUE
"Vmn1r53",FALSE
"Vmn1r54",FALSE
"BC048671",FALSE
"Chst13",FALSE
"Uroc1",TRUE
"Zxdc",TRUE
"Cfap100",TRUE
"Gm44117",TRUE
"Klf15",TRUE
"Gm44421",TRUE
"Gm45901",FALSE
"Aldh1l1",TRUE
"Gm15756",TRUE
"Slc41a3",TRUE
"Iqsec1",TRUE
"Gm44123",TRUE
"Gm44105",TRUE
"Nup210",TRUE
"Gm44278",FALSE
"Hdac11",TRUE
"Gm14573",TRUE
"Fbln2",TRUE
"Wnt7a",TRUE
"1810044D09Rik",TRUE
"Chchd4",TRUE
"Tmem43",TRUE
"Xpc",TRUE
"Lsm3",TRUE
"Gm45216",TRUE
"Gm45218",TRUE
"Slc6a6",TRUE
"Grip2",TRUE
"Ccdc174",TRUE
"4930590J08Rik",TRUE
"Fgd5",TRUE
"4930466I24Rik",FALSE
"Nr2c2",TRUE
"Mrps25",TRUE
"Rbsn",TRUE
"Trh",TRUE
"Prickle2",TRUE
"Adamts9",TRUE
"A730049H05Rik",TRUE
"Gm15737",TRUE
"9530026P05Rik",TRUE
"Magi1",TRUE
"Slc25a26",TRUE
"Lrig1",TRUE
"4930511E03Rik",FALSE
"Kbtbd8os",TRUE
"Kbtbd8",TRUE
"AY512915",TRUE
"Gm10234",FALSE
"Suclg2",TRUE
"Tafa1",TRUE
"1700123L14Rik",TRUE
"Tafa4",TRUE
"Eogt",TRUE
"Tmf1",TRUE
"Uba3",TRUE
"Arl6ip5",TRUE
"Lmod3",TRUE
"Frmd4b",TRUE
"Mitf",TRUE
"Gm32592",TRUE
"Gm765",TRUE
"Gm44196",TRUE
"4930595L18Rik",FALSE
"Foxp1",TRUE
"Gm20705",TRUE
"Eif4e3",TRUE
"Gpr27",TRUE
"Prok2",TRUE
"Gm26748",TRUE
"Gm43067",FALSE
"Gm44442",FALSE
"Gm33201",TRUE
"Rybp",TRUE
"Gm44107",FALSE
"1700049E22Rik",FALSE
"Shq1",TRUE
"Gxylt2",TRUE
"Ppp4r2",TRUE
"Gm43950",TRUE
"Gm43948",TRUE
"Pdzrn3",TRUE
"Gm26911",TRUE
"Gm44169",TRUE
"Gm9871",TRUE
"Gm44176",FALSE
"Cntn3",TRUE
"4930587E11Rik",TRUE
"Chl1",TRUE
"Cntn6",TRUE
"Gm19757",TRUE
"Gm15631",TRUE
"Cntn4",TRUE
"Il5ra",TRUE
"Trnt1",TRUE
"Crbn",TRUE
"Gm34933",TRUE
"Lrrn1",TRUE
"4933431M02Rik",TRUE
"Setmar",TRUE
"Sumf1",TRUE
"Itpr1",TRUE
"Gm44040",TRUE
"0610040F04Rik",TRUE
"Gm17055",TRUE
"Bhlhe40",TRUE
"Arl8b",TRUE
"Edem1",TRUE
"Gm20387",TRUE
"Grm7",TRUE
"1700054K19Rik",TRUE
"Lmcd1",TRUE
"5031434C07Rik",TRUE
"Ssu2",TRUE
"Cav3",TRUE
"Oxtr",TRUE
"Rad18",TRUE
"Srgap3",TRUE
"Gm44081",TRUE
"Thumpd3",TRUE
"Gt(ROSA)26Sor",TRUE
"Setd5",TRUE
"Lhfpl4",TRUE
"Mtmr14",TRUE
"Gm16161",TRUE
"Cpne9",TRUE
"Brpf1",TRUE
"Gm15492",TRUE
"Ogg1",TRUE
"Camk1",TRUE
"Tada3",TRUE
"Arpc4",TRUE
"Ttll3",TRUE
"Rpusd3",TRUE
"Cidec",TRUE
"Jagn1",TRUE
"Il17re",TRUE
"Il17rc",TRUE
"Creld1",TRUE
"Prrt3",TRUE
"Emc3",TRUE
"Fancd2",TRUE
"Fancd2os",TRUE
"Brk1",TRUE
"Gm44200",TRUE
"Gm44199",TRUE
"Vhl",TRUE
"1700015O11Rik",TRUE
"Irak2",TRUE
"Gm43964",TRUE
"Tatdn2",TRUE
"Gm26982",TRUE
"Ghrl",TRUE
"Gm44053",TRUE
"Sec13",TRUE
"Atp2b2",TRUE
"Gm44167",TRUE
"Gm15082",TRUE
"Gm15083",TRUE
"Slc6a11",TRUE
"Slc6a1",TRUE
"Hrh1",TRUE
"Atg7",TRUE
"Vgll4",TRUE
"Tamm41",TRUE
"Gm17733",TRUE
"Syn2",TRUE
"Gm17482",FALSE
"Timp4",TRUE
"Pparg",TRUE
"Gm44079",TRUE
"Gm36355",TRUE
"Tsen2",TRUE
"Mkrn2os",TRUE
"Mkrn2",TRUE
"Raf1",TRUE
"D830050J10Rik",TRUE
"Tmem40",TRUE
"Cand2",TRUE
"Rpl32",TRUE
"Efcab12",TRUE
"Gm44206",TRUE
"Mbd4",TRUE
"Ift122",TRUE
"Rho",TRUE
"H1foo",FALSE
"Plxnd1",TRUE
"Tmcc1",TRUE
"Gm20404",TRUE
"9530062K07Rik",TRUE
"Washc2",TRUE
"Zfand4",TRUE
"Gm44957",TRUE
"March8",TRUE
"Alox5",TRUE
"Olfr211",FALSE
"Olfr212",FALSE
"Olfr213",FALSE
"Gm5580",FALSE
"Olfr214",FALSE
"Olfr215",FALSE
"Zfp422",TRUE
"Rassf4",TRUE
"Depp1",TRUE
"Tmem72",TRUE
"D030044L04Rik",TRUE
"Cxcl12",TRUE
"Gm4640",TRUE
"6820426E19Rik",TRUE
"Gm9946",TRUE
"Gm45083",TRUE
"1700030F04Rik",TRUE
"Gm7292",TRUE
"Zfp637",TRUE
"Zfp239",TRUE
"Gm29509",FALSE
"Hnrnpf",TRUE
"Fxyd4",TRUE
"Rasgef1a",TRUE
"Csgalnact2",TRUE
"Ret",TRUE
"1700069P05Rik",FALSE
"Gm30557",FALSE
"Gm30498",TRUE
"Bms1",TRUE
"Zfp248",TRUE
"Zfp9",TRUE
"Ankrd26",TRUE
"Cacna1c",TRUE
"Dcp1b",TRUE
"Cacna2d4",TRUE
"Lrtm2",TRUE
"Adipor2",TRUE
"Wnt5b",TRUE
"Fbxl14",TRUE
"Erc1",TRUE
"Gm44317",TRUE
"4930540M05Rik",TRUE
"Rad52",TRUE
"Wnk1",TRUE
"Ninj2",TRUE
"B4galnt3",TRUE
"Ccdc77",TRUE
"Kdm5a",TRUE
"Il17ra",TRUE
"Tmem121b",TRUE
"Hdhd5",TRUE
"Gm20692",TRUE
"1700072O05Rik",FALSE
"Cecr2",TRUE
"Slc25a18",TRUE
"Atp6v1e1",TRUE
"Bcl2l13",TRUE
"Bid",TRUE
"Mical3",TRUE
"Gm43916",TRUE
"Gm43915",TRUE
"Gm4651",TRUE
"Pex26",TRUE
"Tuba8",TRUE
"Gm15856",TRUE
"Usp18",TRUE
"Gm44148",TRUE
"Slc6a13",TRUE
"Slc6a12",TRUE
"Iqsec3",TRUE
"A2m",TRUE
"Gm7298",TRUE
"Mug1",FALSE
"Mug2",TRUE
"Klrg1",TRUE
"M6pr",TRUE
"Phc1",TRUE
"1700063H04Rik",FALSE
"Rimklb",TRUE
"Mfap5",TRUE
"Aicda",TRUE
"Gm16556",FALSE
"Apobec1",TRUE
"Gdf3",FALSE
"Dppa3",FALSE
"Nanog",TRUE
"Slc2a3",TRUE
"Gm26826",TRUE
"Foxj2",TRUE
"C3ar1",TRUE
"Necap1",TRUE
"Clec4a1",TRUE
"Clec4a3",TRUE
"Clec4a4",TRUE
"Clec4b1",TRUE
"Clec4a2",TRUE
"Clec4b2",FALSE
"Clec4n",TRUE
"Clec4d",FALSE
"Clec4e",FALSE
"Vmn2r19",TRUE
"Vmn2r20",FALSE
"Vmn2r21",FALSE
"Vmn2r22",FALSE
"Vmn2r23",FALSE
"Vmn2r24",FALSE
"Vmn2r25",FALSE
"Vmn2r26",TRUE
"Vmn2r27",TRUE
"Gm43971",FALSE
"Cd163",TRUE
"1700013D24Rik",TRUE
"1700027F06Rik",FALSE
"Gm44006",TRUE
"Pex5",TRUE
"Clstn3",TRUE
"Gm44096",TRUE
"C1rl",TRUE
"C1ra",TRUE
"C1s1",TRUE
"Gm16567",TRUE
"C1rb",FALSE
"C1s2",TRUE
"Lpcat3",TRUE
"Emg1",TRUE
"Phb2",TRUE
"Gm15884",TRUE
"Ptpn6",TRUE
"Gm20531",TRUE
"Grcc10",TRUE
"Atn1",TRUE
"Eno2",TRUE
"Lrrc23",TRUE
"Spsb2",TRUE
"Tpi1",TRUE
"Usp5",TRUE
"Cdca3",TRUE
"Gnb3",TRUE
"P3h3",TRUE
"Gpr162",TRUE
"Cd4",TRUE
"Lag3",TRUE
"Ptms",TRUE
"A230083G16Rik",TRUE
"Mlf2",TRUE
"Cops7a",TRUE
"Pianp",TRUE
"Zfp384",TRUE
"4930557K07Rik",TRUE
"Ing4",TRUE
"Acrbp",TRUE
"Lpar5",TRUE
"Chd4",TRUE
"Nop2",TRUE
"Iffo1",TRUE
"Gapdh",TRUE
"Ncapd2",TRUE
"Gm28967",FALSE
"Mrpl51",TRUE
"Vamp1",TRUE
"Tapbpl",TRUE
"Cd27",TRUE
"4930417O13Rik",TRUE
"Tuba3a",TRUE
"Ltbr",TRUE
"Scnn1a",TRUE
"Tnfrsf1a",TRUE
"Plekhg6",TRUE
"Cd9",TRUE
"Gm28809",TRUE
"Gm26728",TRUE
"Vwf",TRUE
"Ano2",TRUE
"Ntf3",TRUE
"Gm10415",FALSE
"Gm29009",FALSE
"Kcna5",TRUE
"Gm45869",TRUE
"Kcna1",TRUE
"Kcna6",TRUE
"Gm26673",TRUE
"Ndufa9",TRUE
"1700018A23Rik",TRUE
"Akap3",TRUE
"Dyrk4",TRUE
"Rad51ap1",TRUE
"D6Wsu163e",TRUE
"Fgf6",FALSE
"Fgf23",TRUE
"Tigar",TRUE
"Platr31",TRUE
"Gm43126",TRUE
"Ccnd2",TRUE
"9330179D12Rik",TRUE
"Gm43635",FALSE
"Gm38404",TRUE
"Parp11",TRUE
"Cracr2a",TRUE
"Gm43634",FALSE
"Prmt8",TRUE
"Gm42738",TRUE
"Gm38901",FALSE
"Tspan11",TRUE
"Gm15870",TRUE
"Tspan9",TRUE
"9330102E08Rik",TRUE
"Gm10010",TRUE
"Tead4",TRUE
"Tulp3",TRUE
"Gm44190",TRUE
"Gm26770",TRUE
"Rhno1",TRUE
"Foxm1",TRUE
"Tex52",TRUE
"Gm15862",TRUE
"Nrip2",TRUE
"Itfg2",TRUE
"Fkbp4",TRUE
"Gm10069",TRUE
"Pzp",TRUE
"A2ml1",TRUE
"Gm44009",FALSE
"Klrb1a",TRUE
"Clec2h",TRUE
"Klrb1",TRUE
"Klrb1c",TRUE
"Klrb1b",TRUE
"Gm44066",TRUE
"Gm44067",TRUE
"BC035044",TRUE
"Clec2i",FALSE
"Clec2g",TRUE
"Gm15987",TRUE
"Clec2f",FALSE
"Klrb1f",FALSE
"Gm44000",FALSE
"Clec2e",FALSE
"Clec2d",TRUE
"2310001H17Rik",TRUE
"Gm47861",FALSE
"Cd69",FALSE
"4922502D21Rik",FALSE
"Clec12a",TRUE
"Clec12b",TRUE
"Clec1b",TRUE
"Clec9a",TRUE
"Gm43914",TRUE
"Clec1a",TRUE
"Olr1",TRUE
"Tmem52b",FALSE
"1700101I11Rik",TRUE
"Gabarapl1",TRUE
"Klre1",TRUE
"Klrd1",TRUE
"Klrk1",TRUE
"Klrc3",FALSE
"Klrc2",FALSE
"Klrc1",FALSE
"Klri1",TRUE
"Klri2",FALSE
"Gm156",FALSE
"Klra17",TRUE
"Gm17631",TRUE
"Klra5",FALSE
"Klra6",FALSE
"Klra4",FALSE
"Klra8",FALSE
"Klra9",FALSE
"Klra7",FALSE
"Klra10",FALSE
"Klra3",FALSE
"Klra1",FALSE
"Klra2",TRUE
"Magohb",TRUE
"Styk1",TRUE
"Ybx3",TRUE
"Gm6619",FALSE
"5430401F13Rik",TRUE
"Tas2r130",FALSE
"Tas2r107",FALSE
"Tas2r106",FALSE
"Tas2r104",FALSE
"Tas2r105",FALSE
"Tas2r114",FALSE
"Gm43974",FALSE
"Prb1",FALSE
"Prpmp5",FALSE
"Gm8882",FALSE
"Prh1",FALSE
"Prp2",FALSE
"A630073D07Rik",TRUE
"Tas2r120",FALSE
"Tas2r121",FALSE
"Tas2r122",FALSE
"Tas2r115",FALSE
"Tas2r124",FALSE
"Tas2r102",FALSE
"Tas2r136",FALSE
"Tas2r117",FALSE
"Tas2r123",FALSE
"Tas2r116",FALSE
"Tas2r110",FALSE
"Tas2r113",FALSE
"Tas2r125",FALSE
"Tas2r129",FALSE
"Tas2r131",FALSE
"Tas2r109",FALSE
"Tas2r103",FALSE
"Tas2r140",FALSE
"Smim10l1",TRUE
"5530400C23Rik",FALSE
"Kap",FALSE
"Etv6",TRUE
"Gm17088",TRUE
"Gm17089",TRUE
"4933406J09Rik",TRUE
"Bcl2l14",TRUE
"Gm44448",FALSE
"Lrp6",TRUE
"Gm38910",TRUE
"Mansc1",TRUE
"Borcs5",TRUE
"Gm44017",FALSE
"Dusp16",TRUE
"Gm36328",TRUE
"Crebl2",TRUE
"Gpr19",TRUE
"Gm44366",TRUE
"2810454H06Rik",TRUE
"Cdkn1b",TRUE
"Gm44238",TRUE
"Lockd",TRUE
"Apold1",TRUE
"Ddx47",TRUE
"Gprc5a",FALSE
"Gprc5d",TRUE
"Hebp1",TRUE
"Gm19434",TRUE
"Fam234b",TRUE
"Gsg1",TRUE
"Gm36640",TRUE
"Pbp2",FALSE
"Gm44275",TRUE
"Emp1",TRUE
"4930425L21Rik",TRUE
"Grin2b",TRUE
"Gm14329",TRUE
"Gm14330",TRUE
"Gm26653",TRUE
"Gm8994",FALSE
"E330021D16Rik",FALSE
"Atf7ip",TRUE
"Gm44140",TRUE
"Plbd1",TRUE
"Gucy2c",TRUE
"Hist4h4",TRUE
"H2afj",TRUE
"Wbp11",TRUE
"BC049715",TRUE
"Smco3",TRUE
"Art4",TRUE
"Mgp",TRUE
"Erp27",TRUE
"Arhgdib",TRUE
"Pde6h",TRUE
"Rerg",TRUE
"Ptpro",TRUE
"Gm44258",TRUE
"Eps8",TRUE
"Strap",TRUE
"Dera",TRUE
"Slc15a5",TRUE
"Mgst1",TRUE
"Lmo3",TRUE
"A830011K09Rik",TRUE
"Gm30332",TRUE
"B230110G15Rik",TRUE
"Igbp1b",TRUE
"4922502N22Rik",TRUE
"Rergl",TRUE
"4930404I20Rik",FALSE
"Pik3c2g",TRUE
"Plcz1",TRUE
"Capza3",FALSE
"Plekha5",TRUE
"Aebp2",TRUE
"Gm11077",TRUE
"Gm30524",TRUE
"Gm28523",TRUE
"Pde3a",TRUE
"Slco1c1",TRUE
"Slco1b2",TRUE
"Gm5724",TRUE
"Slco1a4",TRUE
"Gm30784",FALSE
"Slco1a1",FALSE
"Gm6614",FALSE
"Slco1a6",TRUE
"Gm20400",TRUE
"Slco1a5",TRUE
"Iapp",FALSE
"Pyroxd1",TRUE
"Recql",TRUE
"Golt1b",TRUE
"Spx",TRUE
"Gys2",TRUE
"Ldhb",TRUE
"Kcnj8",TRUE
"Abcc9",TRUE
"5330439B14Rik",TRUE
"Cmas",TRUE
"Sult6b2",TRUE
"Gm7457",TRUE
"St8sia1",TRUE
"A930014E10Rik",TRUE
"4930434O05Rik",FALSE
"C2cd5",TRUE
"Gm31108",TRUE
"Etnk1",TRUE
"1700126G02Rik",TRUE
"D6Ertd474e",TRUE
"4930579D09Rik",FALSE
"1700060C16Rik",TRUE
"Sox5",TRUE
"Sox5os1",TRUE
"Sox5os2",TRUE
"Sox5it",TRUE
"Sox5os3",TRUE
"Sox5os4",TRUE
"Sox5os5",FALSE
"Bcat1",TRUE
"Gm26666",TRUE
"Gm15687",TRUE
"Lrmp",TRUE
"Casc1",TRUE
"Gm15543",TRUE
"Etfrf1",TRUE
"Kras",TRUE
"Gm15706",TRUE
"2010013B24Rik",TRUE
"Lmntd1",TRUE
"Gm15499",TRUE
"Tuba3b",TRUE
"Gm15704",TRUE
"Rassf8",TRUE
"Bhlhe41",TRUE
"Sspn",TRUE
"Sspnos",TRUE
"Gm32914",TRUE
"Itpr2",TRUE
"Ints13",TRUE
"Fgfr1op2",TRUE
"Tm7sf3",TRUE
"Med21",TRUE
"4930479D17Rik",TRUE
"Stk38l",TRUE
"Arntl2",TRUE
"Smco2",TRUE
"Ppfibp1",TRUE
"1700034J05Rik",TRUE
"Gm44085",TRUE
"Rep15",TRUE
"Mrps35",TRUE
"Mansc4",TRUE
"Klhl42",TRUE
"E330012B07Rik",TRUE
"Gm15767",FALSE
"Pthlh",TRUE
"Gm6288",TRUE
"Ccdc91",TRUE
"1700049E15Rik",TRUE
"Gm15762",TRUE
"Far2os2",TRUE
"Far2",TRUE
"Far2os1",TRUE
"Ergic2",TRUE
"Gm17216",TRUE
"Tmtc1",TRUE
"Gm44020",TRUE
"Gm6313",TRUE
"4930528G23Rik",TRUE
"Gm44115",TRUE
"Ipo8",TRUE
"Caprin2",TRUE
"Gm43913",FALSE
"Sinhcaf",TRUE
"3010003L21Rik",TRUE
"Dennd5b",TRUE
"Gm10203",FALSE
"Etfbkmt",TRUE
"Amn1",TRUE
"1700003I16Rik",TRUE
"Resf1",TRUE
"Bicd1",TRUE
"Gm21814",TRUE
"Speer9-ps1",FALSE
"AU018091",TRUE
"Nlrp12",TRUE
"Myadm",TRUE
"Prkcg",TRUE
"Cacng7",TRUE
"Gm44257",TRUE
"Cacng8",TRUE
"Gm44151",TRUE
"3300002P13Rik",TRUE
"Cacng6",TRUE
"Gm35037",TRUE
"Tarm1",TRUE
"Gm44920",TRUE
"Oscar",TRUE
"Ndufa3",TRUE
"Tfpt",TRUE
"Prpf31",TRUE
"Gm15927",TRUE
"Cnot3",TRUE
"Leng1",TRUE
"Tmc4",TRUE
"Gm15929",TRUE
"Mboat7",TRUE
"Tsen34",TRUE
"Rps9",TRUE
"Pirb",TRUE
"Gm15448",FALSE
"Pira2",TRUE
"Gm14548",FALSE
"Lilra6",FALSE
"Gm44581",TRUE
"1700095K22Rik",FALSE
"Lair1",TRUE
"9430041J12Rik",TRUE
"Ttyh1",TRUE
"D030047H15Rik",TRUE
"Leng8",TRUE
"Leng9",TRUE
"Cdc42ep5",TRUE
"Lilra5",TRUE
"Ncr1",TRUE
"Gp6",TRUE
"Rdh13",TRUE
"Gm15494",TRUE
"Eps8l1",TRUE
"Ppp1r12c",TRUE
"Tnnt1",TRUE
"Tnni3",TRUE
"Dnaaf3",TRUE
"Gm15873",TRUE
"Syt5",TRUE
"Ptprh",TRUE
"Gm44877",TRUE
"Tmem86b",TRUE
"Ppp6r1",TRUE
"Hspbp1",TRUE
"Brsk1",TRUE
"Tmem150b",TRUE
"Kmt5c",TRUE
"Cox6b2",TRUE
"Fam71e2",TRUE
"Il11",TRUE
"Tmem190",TRUE
"Tmem238",TRUE
"Rpl28",TRUE
"Ube2s",TRUE
"Shisa7",TRUE
"Isoc2b",TRUE
"Isoc2a",TRUE
"Gm36210",TRUE
"Gm44983",TRUE
"Zfp628",TRUE
"Nat14",TRUE
"Ssc5d",TRUE
"Sbk2",TRUE
"Sbk3",TRUE
"Zfp579",TRUE
"Fiz1",TRUE
"Zfp524",TRUE
"Zfp865",TRUE
"Ccdc106",TRUE
"4632433K11Rik",FALSE
"Zfp784",TRUE
"Gm15510",TRUE
"Zfp580",TRUE
"U2af2",TRUE
"Epn1",TRUE
"Rfpl4",TRUE
"Rasl2-9",TRUE
"Vmn1r55",TRUE
"Vmn1r56",FALSE
"Vmn1r57",FALSE
"Nlrp2",FALSE
"Gm5065",FALSE
"Vmn1r58",FALSE
"Vmn1r59",FALSE
"Vmn2r28",TRUE
"Vmn1r60",TRUE
"Vmn1r61",FALSE
"Vmn1r62",FALSE
"Vmn1r63",FALSE
"Vmn1r64",FALSE
"Vmn1r65",FALSE
"4933402C05Rik",FALSE
"Gm44733",FALSE
"Nlrp4c",TRUE
"Zfp787",TRUE
"Gm36371",TRUE
"Zfp444",TRUE
"Gm45148",TRUE
"Galp",TRUE
"Zscan5b",FALSE
"Epp13",TRUE
"Gm45069",TRUE
"Zfp667",TRUE
"Zfp583",TRUE
"Gm38944",TRUE
"Gm3854",TRUE
"Zfp78",TRUE
"Zfp28",TRUE
"Smim17",TRUE
"Gm16306",FALSE
"Olfr1344",TRUE
"Olfr1336",TRUE
"Olfr1346",TRUE
"Olfr5",TRUE
"Olfr1347",TRUE
"Olfr1348",TRUE
"Olfr1349",TRUE
"Olfr1350",TRUE
"Zim2",FALSE
"Zim1",TRUE
"Peg3",TRUE
"Usp29",TRUE
"Zim3",TRUE
"Aurkc",TRUE
"Zfp954",TRUE
"Zfp773",TRUE
"Zfp418",TRUE
"Zfp772",TRUE
"Vmn2r29",TRUE
"Clcn4",TRUE
"Gm45631",TRUE
"Vmn2r30",TRUE
"Vmn2r31",FALSE
"Vmn2r32",FALSE
"Vmn2r33",FALSE
"Vmn2r34",FALSE
"Vmn2r35",FALSE
"Vmn2r36",FALSE
"Vmn2r41",FALSE
"Vmn2r42",FALSE
"Vmn2r43",FALSE
"Vmn2r44",TRUE
"Vmn2r45",FALSE
"Vmn2r40",FALSE
"Vmn2r39",FALSE
"Vmn2r38",TRUE
"Vmn2r37",FALSE
"Gm10302",FALSE
"Vmn2r46",TRUE
"Vmn2r47",FALSE
"Vmn2r48",FALSE
"Vmn2r49",FALSE
"Vmn2r50",FALSE
"Vmn2r51",FALSE
"Vmn2r52",FALSE
"Vmn1r66",FALSE
"Vmn1r67",FALSE
"Zik1",TRUE
"Vmn1r68",FALSE
"Vmn1r69",TRUE
"Vmn1r70",FALSE
"Nlrp4b",TRUE
"Gm45379",FALSE
"Vmn1r71",FALSE
"Zscan4b",FALSE
"Zscan4c",FALSE
"Zscan4-ps1",FALSE
"Zscan4d",FALSE
"Zscan4e",FALSE
"Zscan4f",FALSE
"Zscan4-ps2",FALSE
"Zscan4-ps3",FALSE
"Vmn1r72",FALSE
"Vmn1r73",TRUE
"Vmn1r74",FALSE
"Vmn1r75",FALSE
"Vmn1r76",TRUE
"Vmn1r77",FALSE
"Vmn1r78",FALSE
"Vmn1r79",FALSE
"Vmn1r80",FALSE
"Gm4224",FALSE
"Vmn1r81",TRUE
"Vmn1r82",FALSE
"Vmn1r83",FALSE
"Vmn1r84",TRUE
"Zfp551",TRUE
"Zfp606",TRUE
"2900092C05Rik",TRUE
"Vmn2r53",TRUE
"Vmn2r54",TRUE
"Vmn2r55",TRUE
"Vmn2r56",TRUE
"Zscan18",TRUE
"Zfp329",TRUE
"Gm45593",FALSE
"Zfp110",TRUE
"Gm31152",TRUE
"Zfp128",TRUE
"Zscan22",TRUE
"Rps5",TRUE
"Rnf225",TRUE
"1810019N24Rik",TRUE
"Gm29638",TRUE
"Zfp324",TRUE
"Zfp446",TRUE
"Slc27a5",TRUE
"Trim28",TRUE
"Zbtb45",TRUE
"Chmp2a",TRUE
"Ube2m",TRUE
"Mzf1",TRUE
"Vmn1r85",TRUE
"Gm45436",FALSE
"Vmn1r86",TRUE
"Vmn1r87",FALSE
"Vmn1r88",TRUE
"Gm38947",TRUE
"Vmn1r89",FALSE
"Zswim9",TRUE
"Lig1",TRUE
"Pla2g4c",TRUE
"Cabp5",TRUE
"Bsph1",FALSE
"Bsph2",FALSE
"Sult2a5",FALSE
"Sult2a2",TRUE
"Sult2a1",FALSE
"Sult2a4",FALSE
"Sult2a3",TRUE
"Sult2a6",FALSE
"Obox8",FALSE
"Sult2a8",TRUE
"Sult2a7",FALSE
"Vmn1r90",TRUE
"Obox7",FALSE
"Obox2",FALSE
"Obox1",TRUE
"Obox3",TRUE
"Obox5",FALSE
"Obox4-ps35",FALSE
"Obox6",FALSE
"Crx",FALSE
"Crxos",TRUE
"Selenow",TRUE
"Nop53",TRUE
"Ehd2",TRUE
"Bicra",TRUE
"Gm38948",TRUE
"Zfp541",TRUE
"Napa",TRUE
"Kptn",TRUE
"Slc8a2",TRUE
"Meis3",TRUE
"Dhx34",TRUE
"C5ar2",TRUE
"C5ar1",TRUE
"Inafm1",TRUE
"Ccdc9",TRUE
"Bbc3",TRUE
"Sae1",TRUE
"Zc3h4",TRUE
"Gm45509",TRUE
"Gm45510",TRUE
"Tmem160",TRUE
"Npas1",TRUE
"Arhgap35",TRUE
"Gm29443",TRUE
"Gm29442",TRUE
"Ceacam15",TRUE
"Ceacam9",TRUE
"Ap2s1",TRUE
"Slc1a5",TRUE
"Fkrp",TRUE
"Strn4",TRUE
"Prkd2",TRUE
"9330104G04Rik",TRUE
"Dact3",TRUE
"Gng8",TRUE
"Ptgir",TRUE
"Calm3",TRUE
"Pnmal2",TRUE
"Pnmal1",TRUE
"Gm42372",TRUE
"Ccdc8",TRUE
"Ppp5c",TRUE
"Hif3a",TRUE
"Psg16",TRUE
"Ceacam3",TRUE
"Psg29",TRUE
"Gm32772",TRUE
"Gm32846",TRUE
"Ceacam5",FALSE
"Ceacam14",FALSE
"Gm5155",FALSE
"Ceacam11",FALSE
"Ceacam13",FALSE
"Ceacam12",FALSE
"Gm44613",TRUE
"Igfl3",FALSE
"Mill1",FALSE
"Psg18",FALSE
"Psg28",FALSE
"Psg26",FALSE
"Psg25",FALSE
"Psg27",FALSE
"Psg23",FALSE
"Psg21",FALSE
"Psg20",FALSE
"Psg22",FALSE
"Psg19",FALSE
"Psg17",TRUE
"Mill2",TRUE
"Pglyrp1",TRUE
"Ccdc61",TRUE
"Nova2",TRUE
"Nanos2",TRUE
"Gm45058",TRUE
"Mypop",TRUE
"Mypopos",TRUE
"Irf2bp1",TRUE
"Foxa3",TRUE
"Sympk",TRUE
"Rsph6a",TRUE
"Dmwd",TRUE
"Dmpk",TRUE
"Six5",TRUE
"Gm4969",TRUE
"Fbxo46",TRUE
"Qpctl",TRUE
"Snrpd2",TRUE
"Gipr",TRUE
"Eml2",TRUE
"Gpr4",TRUE
"Opa3",TRUE
"Vasp",TRUE
"1700058P15Rik",TRUE
"Ppm1n",TRUE
"Rtn2",TRUE
"Gm26802",TRUE
"Fosb",TRUE
"D830036C21Rik",TRUE
"Gm44698",TRUE
"Ercc1",TRUE
"Cd3eap",TRUE
"Ppp1r13l",TRUE
"Ercc2",TRUE
"Gm26852",TRUE
"Klc3",TRUE
"Ckm",TRUE
"A930016O22Rik",TRUE
"Mark4",TRUE
"Exoc3l2",TRUE
"Bloc1s3",TRUE
"Trappc6a",TRUE
"Nkpd1",TRUE
"Ppp1r37",TRUE
"Gemin7",TRUE
"Zfp296",TRUE
"Clasrp",TRUE
"Relb",TRUE
"Clptm1",TRUE
"Apoc2",FALSE
"Apoc4",TRUE
"Apoc1",TRUE
"Apoe",TRUE
"Tomm40",TRUE
"Gm20512",TRUE
"Nectin2",TRUE
"Bcam",TRUE
"Gm26600",TRUE
"Cblc",TRUE
"Bcl3",TRUE
"Gm16175",TRUE
"Gm16174",FALSE
"Gm44658",FALSE
"Gm19345",TRUE
"Ceacam16",TRUE
"Gm44659",FALSE
"Ceacam19",FALSE
"Pvr",TRUE
"Gm16251",TRUE
"Igsf23",TRUE
"Ceacam20",FALSE
"Nlrp9b",TRUE
"Vmn1r91",FALSE
"Gm16442",FALSE
"Vmn1r93",FALSE
"Vmn1r94",FALSE
"Vmn1r95",FALSE
"Gm6164",FALSE
"Gm4498",FALSE
"Gm5890",FALSE
"Gm4133",FALSE
"Gm5728",FALSE
"Vmn1r100",FALSE
"Vmn1r101",FALSE
"Gm10670",FALSE
"Vmn1r103",FALSE
"Vmn1r104",FALSE
"Gm5726",FALSE
"Gm4141",FALSE
"Gm4513",FALSE
"Vmn1r107",FALSE
"Vmn1r111",FALSE
"Gm10668",FALSE
"Vmn1r112",FALSE
"Vmn1r113",FALSE
"Vmn1r114",FALSE
"Vmn1r115",FALSE
"Vmn1r116",FALSE
"Vmn1r117",FALSE
"Vmn1r118",FALSE
"Vmn1r119",FALSE
"Vmn1r120",FALSE
"Vmn1r121",FALSE
"Vmn1r122",FALSE
"Vmn1r123",FALSE
"Gm5157",FALSE
"Vmn1r124",FALSE
"Vmn1r125",FALSE
"Vmn1r126",FALSE
"Vmn1r127",FALSE
"Vmn1r128",FALSE
"Vmn1r129",FALSE
"Gm6882",FALSE
"Vmn1r130",FALSE
"Vmn1r131",FALSE
"Vmn1r132",FALSE
"Gm4175",FALSE
"Gm4177",FALSE
"Vmn1r135",FALSE
"Gm5725",FALSE
"Gm5891",FALSE
"Vmn1r137",FALSE
"Vmn1r138",FALSE
"Gm6176",FALSE
"Vmn1r139",FALSE
"Gm16451",FALSE
"Gm10666",FALSE
"Vmn1r142",FALSE
"Vmn1r143",FALSE
"Gm8653",FALSE
"Gm8453",FALSE
"Gm4187",FALSE
"Gm8660",FALSE
"Vmn1r148",FALSE
"Vmn1r149",FALSE
"Gm10665",FALSE
"Vmn1r151",FALSE
"Vmn1r152",FALSE
"Gm8677",FALSE
"Gm4201",FALSE
"Gm4565",FALSE
"Vmn1r155",FALSE
"Gm8693",FALSE
"Gm4567",FALSE
"Vmn1r157",FALSE
"Vmn1r158",FALSE
"Vmn1r159",FALSE
"Vmn1r160",FALSE
"Gm4214",FALSE
"Gm4216",FALSE
"Vmn1r163",FALSE
"Gm8720",FALSE
"Gm10662",FALSE
"Vmn1r165",FALSE
"Vmn1r166",FALSE
"Gm6902",FALSE
"Nlrp4e",FALSE
"Nlrp5",TRUE
"Vmn1r167",FALSE
"Vmn1r168",TRUE
"Vmn1r169",FALSE
"Vmn1r170",FALSE
"Vmn1r171",FALSE
"Vmn1r172",FALSE
"Vmn1r173",FALSE
"Vmn1r174",FALSE
"Vmn1r175",FALSE
"Vmn1r176",FALSE
"Vmn1r177",FALSE
"Vmn1r178",FALSE
"Vmn1r179",FALSE
"Vmn1r180",FALSE
"Vmn1r181",FALSE
"V1rd19",FALSE
"Vmn1r183",TRUE
"Gm36694",TRUE
"Zfp180",TRUE
"Zfp112",TRUE
"Gm44793",TRUE
"Zfp235",TRUE
"Zfp114",TRUE
"Zfp111",TRUE
"Gm44796",FALSE
"Zfp109",TRUE
"Zfp108",TRUE
"Zfp93",TRUE
"AC159140.1",TRUE
"Zfp61",TRUE
"Zfp94",TRUE
"Tescl",FALSE
"Lypd5",TRUE
"Kcnn4",TRUE
"Smg9",TRUE
"Irgc1",TRUE
"Gm36159",TRUE
"Plaur",TRUE
"Cadm4",TRUE
"Zfp428",TRUE
"Gm50092",TRUE
"Irgq",TRUE
"Pinlyp",TRUE
"Xrcc1",TRUE
"Zfp575",TRUE
"Ethe1",TRUE
"Phldb3",TRUE
"Gm26550",FALSE
"Lypd3",FALSE
"Gm4598",TRUE
"Tex101",TRUE
"Lypd10",FALSE
"Lypd11",FALSE
"Cd177",FALSE
"Ceacam10",TRUE
"Gm5893",TRUE
"Gm9844",FALSE
"Lypd4",FALSE
"Dmrtc2",TRUE
"Rps19",TRUE
"Cd79a",TRUE
"Arhgef1",TRUE
"Gm4881",TRUE
"Gm44970",FALSE
"Rabac1",TRUE
"Atp1a3",TRUE
"Grik5",TRUE
"Zfp574",TRUE
"Pou2f2",TRUE
"D930028M14Rik",TRUE
"Dedd2",TRUE
"4933430L12Rik",FALSE
"Zfp526",TRUE
"Gsk3a",TRUE
"9130221H12Rik",TRUE
"Erf",TRUE
"Cic",TRUE
"Pafah1b3",TRUE
"Prr19",FALSE
"Tmem145",TRUE
"Megf8",TRUE
"Cnfn",FALSE
"4732471J01Rik",TRUE
"Lipe",TRUE
"Cxcl17",TRUE
"Ceacam1",TRUE
"Ceacam2",TRUE
"Gm29918",FALSE
"Gm38569",TRUE
"Erich4",TRUE
"Dmac2",TRUE
"B3gnt8",TRUE
"Bckdha",TRUE
"Exosc5",TRUE
"Tmem91",TRUE
"B9d2",TRUE
"Tgfb1",TRUE
"Ccdc97",TRUE
"Hnrnpul1",TRUE
"Axl",TRUE
"Cyp2s1",TRUE
"Gm26707",TRUE
"Gm30146",FALSE
"Cyp2b10",FALSE
"BC026762",FALSE
"Cyp2b13",TRUE
"Cyp2b9",TRUE
"Vmn1r184",FALSE
"Gm42375",FALSE
"Cyp2a4",FALSE
"Nlrp9c",FALSE
"Nlrp4a",TRUE
"Nlrp9a",FALSE
"Vmn1r185",FALSE
"Cyp2b23",FALSE
"Cyp2b19",TRUE
"Cyp2g1",TRUE
"Cyp2a5",FALSE
"Cyp2a22",FALSE
"Cyp2a12",FALSE
"Cyp2f2",TRUE
"Gm15883",TRUE
"Cyp2t4",TRUE
"Egln2",TRUE
"Rab4b",TRUE
"Mia",TRUE
"Snrpa",TRUE
"BC024978",TRUE
"Itpkc",TRUE
"Coq8b",TRUE
"Gm15567",TRUE
"Numbl",TRUE
"Ltbp4",TRUE
"Shkbp1",TRUE
"Sptbn4",TRUE
"Gm44924",TRUE
"Blvrb",TRUE
"Sertad3",TRUE
"Sertad1",TRUE
"Prx",TRUE
"Gm15541",TRUE
"Hipk4",TRUE
"Pld3",TRUE
"2310022A10Rik",TRUE
"Akt2",TRUE
"Gm38973",TRUE
"Ttc9b",TRUE
"Map3k10",TRUE
"Gm44684",TRUE
"Zfp607b",TRUE
"Zfp60",TRUE
"Zfp626",TRUE
"Zfp59",TRUE
"Zfp607a",TRUE
"Zfp974",TRUE
"Gm26891",TRUE
"Zfp780b",TRUE
"Zfp850",TRUE
"Psmc4",TRUE
"Gm44744",FALSE
"Fcgbp",TRUE
"9530053A07Rik",TRUE
"Fbl",TRUE
"Dyrk1b",TRUE
"Eid2",TRUE
"Eid2b",TRUE
"Selenov",TRUE
"Dll3",TRUE
"Timm50",TRUE
"Supt5",TRUE
"Gm44709",TRUE
"Rps16",TRUE
"Plekhg2",TRUE
"Zfp36",TRUE
"Gm44710",TRUE
"Med29",TRUE
"Paf1",TRUE
"Samd4b",TRUE
"Gmfg",TRUE
"Lrfn1",TRUE
"Ifnl2",FALSE
"Ifnl3",FALSE
"Sycn",FALSE
"Nccrp1",FALSE
"Pak4",TRUE
"Acp7",TRUE
"Gm44618",TRUE
"Gm44617",TRUE
"Fbxo27",TRUE
"Fbxo17",TRUE
"Mrps12",TRUE
"Sars2",TRUE
"Ccer2",TRUE
"Nfkbib",TRUE
"Sirt2",TRUE
"Rinl",TRUE
"Hnrnpl",TRUE
"Gm44702",TRUE
"Ech1",TRUE
"Lgals4",TRUE
"Gm10648",TRUE
"Lgals7",TRUE
"Capn12",TRUE
"Gm44700",FALSE
"Actn4",TRUE
"Gm44699",TRUE
"Eif3k",TRUE
"Map4k1",TRUE
"Ryr1",TRUE
"Gm38979",TRUE
"Gm26604",TRUE
"Rasgrp4",TRUE
"Gm16282",TRUE
"Fam98c",TRUE
"1110035H17Rik",TRUE
"Spred3",TRUE
"Ggn",TRUE
"Psmd8",TRUE
"Catsperg1",TRUE
"Kcnk6",TRUE
"Yif1b",TRUE
"2200002D01Rik",TRUE
"Spint2",TRUE
"Ppp1r14a",TRUE
"Dpf1",TRUE
"Gm44632",TRUE
"Sipa1l3",TRUE
"Gm29326",FALSE
"A330087D11Rik",TRUE
"Catsperg2",TRUE
"Zfp84",TRUE
"Zfp30",TRUE
"Zfp790",TRUE
"Zfp940",TRUE
"Gm26554",TRUE
"Zfp420",TRUE
"Zfp27",TRUE
"Zfp383",TRUE
"Zfp74",TRUE
"Zfp568",TRUE
"Zfp14",TRUE
"Zfp82",TRUE
"Zfp566",TRUE
"Zfp260",TRUE
"Zfp382",TRUE
"Zfp146",TRUE
"Cox7a1",TRUE
"Capns1",TRUE
"Gm26810",TRUE
"Tbcb",TRUE
"Polr2i",TRUE
"Ovol3",TRUE
"Wdr62",TRUE
"Thap8",TRUE
"Clip3",TRUE
"Alkbh6",TRUE
"Syne4",TRUE
"Sdhaf1",TRUE
"E130208F15Rik",TRUE
"4930479H17Rik",FALSE
"Lrfn3",TRUE
"Tyrobp",TRUE
"Hcst",TRUE
"Nfkbid",TRUE
"Aplp1",TRUE
"Kirrel2",TRUE
"Nphs1",TRUE
"Nphs1os",TRUE
"Prodh2",TRUE
"Arhgap33os",TRUE
"Arhgap33",TRUE
"Proser3",TRUE
"Hspb6",TRUE
"Lin37",TRUE
"Psenen",TRUE
"U2af1l4",TRUE
"Igflr1",TRUE
"Kmt2b",TRUE
"Zbtb32",TRUE
"Upk1a",TRUE
"Cox6b1",TRUE
"Etv2",FALSE
"Rbm42",TRUE
"Haus5",TRUE
"Pmis2",FALSE
"2200002J24Rik",FALSE
"Atp4a",TRUE
"Tmem147",TRUE
"Tmem147os",TRUE
"Gapdhs",TRUE
"Gm26935",TRUE
"Sbsn",TRUE
"Dmkn",TRUE
"Krtdap",FALSE
"Ffar2",FALSE
"Ffar3",FALSE
"Ffar1",TRUE
"Cd22",TRUE
"Gm29439",FALSE
"D7Ertd128e",FALSE
"Mag",TRUE
"Gm44662",TRUE
"Hamp2",TRUE
"Hamp",TRUE
"Usf2",TRUE
"Gm17077",TRUE
"Gm4673",TRUE
"Lsr",TRUE
"Fam187b",TRUE
"Fxyd5",TRUE
"Fxyd7",TRUE
"Fxyd1",TRUE
"Lgi4",TRUE
"Fxyd3",TRUE
"Hpn",TRUE
"Scn1b",TRUE
"Gramd1a",TRUE
"G630030J09Rik",TRUE
"Gm10640",TRUE
"Scgb2b2",FALSE
"Scgb1b2",FALSE
"Scgb2b3",FALSE
"Scgb1b3",FALSE
"Scgb2b7",FALSE
"Scgb1b7",FALSE
"Scgb1b10",FALSE
"Scgb2b11",FALSE
"Scgb1b11",FALSE
"Scgb2b12",FALSE
"Scgb1b12",FALSE
"Scgb1b29",FALSE
"Scgb2b15",FALSE
"Scgb1b15",FALSE
"Scgb2b17",FALSE
"Scgb1b17",FALSE
"Scgb2b18",FALSE
"Scgb1b18",FALSE
"Scgb2b19",FALSE
"Scgb1b19",FALSE
"Scgb2b20",FALSE
"Scgb1b20",FALSE
"Scgb2b21",FALSE
"Gm12763",FALSE
"Scgb2b24",FALSE
"Scgb1b24",FALSE
"Scgb2b26",FALSE
"Scgb2b27",FALSE
"Scgb1b27",FALSE
"Scgb1b30",TRUE
"Wtip",TRUE
"Uba2",TRUE
"Pdcd2l",TRUE
"Gpi1",TRUE
"Gm12762",TRUE
"Gm12758",TRUE
"4931406P16Rik",TRUE
"Lsm14a",TRUE
"Gm12764",TRUE
"Gm12766",TRUE
"Gm12784",TRUE
"Gm44837",TRUE
"Kctd15",TRUE
"Gm12781",TRUE
"Gm12756",TRUE
"Chst8",TRUE
"Pepd",TRUE
"Cebpg",TRUE
"Gm44836",TRUE
"Gm45095",FALSE
"Gm45096",TRUE
"Gm35611",TRUE
"Gm45091",FALSE
"Cebpa",TRUE
"Gm35665",FALSE
"Slc7a10",TRUE
"Lrp3",TRUE
"AC150683.1",TRUE
"Gpatch1",TRUE
"Rhpn2",TRUE
"Faap24",TRUE
"Cep89",TRUE
"Slc7a9",TRUE
"Tdrd12",TRUE
"Nudt19",TRUE
"B230322F03Rik",TRUE
"Rgs9bp",FALSE
"Ankrd27",TRUE
"Pdcd5",TRUE
"Dpy19l3",TRUE
"Zfp507",TRUE
"E130304I02Rik",TRUE
"Gm28514",FALSE
"Gm38991",FALSE
"Gm29129",TRUE
"Tshz3",TRUE
"Gm28078",TRUE
"Gm28076",FALSE
"Gm28075",TRUE
"Gm28077",TRUE
"Zfp536",TRUE
"4930505M18Rik",TRUE
"Uri1",TRUE
"Gm30684",TRUE
"Gm30771",TRUE
"Ccne1",TRUE
"D530033B14Rik",TRUE
"1600014C10Rik",TRUE
"Plekhf1",TRUE
"Pop4",TRUE
"Gm44767",TRUE
"Gm29087",TRUE
"Gm5591",FALSE
"Gm5114",FALSE
"Zfp619",TRUE
"Gm37494",TRUE
"Gm45839",FALSE
"4930558N11Rik",TRUE
"Gm44992",TRUE
"4933404I11Rik",TRUE
"Gm28807",TRUE
"4933402C06Rik",TRUE
"A230077H06Rik",TRUE
"Gm28307",TRUE
"Vstm2b",TRUE
"4930433I11Rik",FALSE
"Gm38997",FALSE
"Gm4884",TRUE
"1700110I07Rik",FALSE
"Gm44839",FALSE
"Gm44748",TRUE
"Gm5592",TRUE
"Gm34811",FALSE
"AI987944",TRUE
"Gm17102",TRUE
"Vmn2r57",TRUE
"AW146154",TRUE
"Gm6871",TRUE
"2610021A01Rik",TRUE
"Zfp788",TRUE
"Vmn2r58",TRUE
"Vmn2r59",TRUE
"Vmn2r60",TRUE
"Vmn2r61",FALSE
"4933421I07Rik",FALSE
"Zfp141",TRUE
"Gm44997",TRUE
"Gm21028",FALSE
"Zfp977",TRUE
"Zfp976",TRUE
"Zfp975",TRUE
"Gm17067",TRUE
"Vmn2r62",FALSE
"Gm2381",TRUE
"Vmn2r63",TRUE
"Vmn2r126",TRUE
"Gm17768",FALSE
"Zfp936",TRUE
"EU599041",FALSE
"Zfp715",TRUE
"Siglecf",TRUE
"Siglecg",TRUE
"AC149091.1",FALSE
"Lim2",TRUE
"Nkg7",FALSE
"Cldnd2",TRUE
"Etfb",TRUE
"Vsig10l",TRUE
"Iglon5",TRUE
"4931406B18Rik",TRUE
"Gm2511",FALSE
"Cd33",TRUE
"Gm44818",FALSE
"Zfp658",TRUE
"Zfp719",TRUE
"Zfp819",TRUE
"Ceacam18",TRUE
"Siglece",TRUE
"Gm36546",FALSE
"Ctu1",TRUE
"Klk14",TRUE
"2310002F09Rik",TRUE
"Klk13",TRUE
"Klk12",TRUE
"Klk11",TRUE
"Klk10",TRUE
"Klk9",TRUE
"Klk8",TRUE
"Klk7",TRUE
"Klk6",TRUE
"Klk5",FALSE
"Gm44707",FALSE
"Klk4",FALSE
"Klk15",FALSE
"Gm44756",FALSE
"Klk1b8",FALSE
"Klk1b1",FALSE
"Klk1b9",FALSE
"Klk1b11",FALSE
"Klk1b26",FALSE
"Klk1b27",FALSE
"Klk1b21",FALSE
"Klk1b22",FALSE
"Klk1b16",FALSE
"Klk1b24",FALSE
"Klk1b3",FALSE
"Klk1b4",FALSE
"Klk1b5",FALSE
"Klk1",FALSE
"1700028J19Rik",TRUE
"Gm36864",TRUE
"2410002F23Rik",TRUE
"Acp4",TRUE
"Gm15517",TRUE
"Clec11a",TRUE
"Shank1",TRUE
"1700008O03Rik",TRUE
"Gm44780",TRUE
"Syt3",TRUE
"Lrrc4b",TRUE
"Aspdh",TRUE
"Josd2",TRUE
"5430431A17Rik",TRUE
"Emc10",TRUE
"Fam71e1",TRUE
"Gm44646",TRUE
"Mybpc2",TRUE
"Spib",FALSE
"Pold1",TRUE
"Nr1h2",TRUE
"Napsa",TRUE
"Gm15396",TRUE
"Kcnc3",TRUE
"Gm44832",TRUE
"Myh14",TRUE
"2310016G11Rik",TRUE
"Izumo2",FALSE
"Zfp473",TRUE
"Vrk3",TRUE
"Atf5",TRUE
"Nup62",TRUE
"Il4i1",TRUE
"Tbc1d17",TRUE
"Akt1s1",TRUE
"Pnkp",TRUE
"Ptov1",TRUE
"Med25",TRUE
"Fuz",TRUE
"Ap2a1",TRUE
"Tsks",TRUE
"Cpt1c",TRUE
"6530437J22Rik",TRUE
"Prmt1",TRUE
"Gm15545",TRUE
"Bcl2l12",TRUE
"Irf3",TRUE
"Scaf1",TRUE
"Rras",TRUE
"Prr12",TRUE
"Prrg2",TRUE
"Nosip",TRUE
"Rcn3",TRUE
"Gm45669",TRUE
"Fcgrt",TRUE
"Gm45552",TRUE
"Rps11",TRUE
"Rpl13a",TRUE
"Flt3l",TRUE
"Aldh16a1",TRUE
"Pih1d1",TRUE
"Slc17a7",TRUE
"Gfy",TRUE
"Pth2",TRUE
"Ccdc155",TRUE
"Dkkl1",TRUE
"Tead2",TRUE
"Cd37",TRUE
"Slc6a16",TRUE
"Slc6a21",TRUE
"Trpm4",TRUE
"Hrc",TRUE
"Ppfia3",TRUE
"Mtag2",TRUE
"Lin7b",TRUE
"Gm45619",TRUE
"Snrnp70",TRUE
"Kcna7",TRUE
"Ntf5",TRUE
"AC151602.1",TRUE
"Lhb",FALSE
"Ruvbl2",TRUE
"Gys1",TRUE
"Ftl1",TRUE
"Bax",TRUE
"Dhdh",TRUE
"Tulp2",TRUE
"Nucb1",TRUE
"Ppp1r15a",TRUE
"Plekha4",TRUE
"Gm45564",FALSE
"Hsd17b14",TRUE
"0610005C13Rik",TRUE
"Bcat2",TRUE
"Gm31479",TRUE
"Fgf21",FALSE
"Fut1",TRUE
"Izumo1",FALSE
"Rasip1",TRUE
"Gm45437",TRUE
"A030001D20Rik",TRUE
"Mamstr",TRUE
"Fut2",TRUE
"Sec1",TRUE
"Ntn5",TRUE
"Car11",TRUE
"Dbp",TRUE
"Sphk2",TRUE
"Rpl18",TRUE
"Fam83e",TRUE
"Spaca4",FALSE
"Sult2b1",TRUE
"Gm31597",TRUE
"Lmtk3",TRUE
"Cyth2",TRUE
"Kcnj14",TRUE
"Grwd1",TRUE
"Gm45441",TRUE
"Grin2d",TRUE
"Kdelr1",TRUE
"Syngr4",TRUE
"Tmem143",TRUE
"Emp3",TRUE
"Gm45442",TRUE
"Ccdc114",TRUE
"Abcc6",TRUE
"Nomo1",TRUE
"Kcnj11",TRUE
"Abcc8",TRUE
"Gm45486",TRUE
"Ush1c",TRUE
"Otog",TRUE
"1700025L06Rik",FALSE
"Myod1",FALSE
"Kcnc1",TRUE
"Sergef",TRUE
"Gm45311",TRUE
"Gm15700",TRUE
"Tph1",TRUE
"Saal1",TRUE
"Saa3",TRUE
"Saa4",FALSE
"Saa1",FALSE
"Saa2",TRUE
"Hps5",TRUE
"Gm45309",TRUE
"Gtf2h1",TRUE
"Ldha",TRUE
"Ldhc",TRUE
"Tsg101",TRUE
"Uevld",TRUE
"C86187",TRUE
"Gm9999",TRUE
"Spty2d1",TRUE
"Gm32031",TRUE
"Gm45474",FALSE
"Tmem86a",TRUE
"Ptpn5",TRUE
"Gm14377",TRUE
"Gm44969",TRUE
"Mrgpra6",TRUE
"Mrgpra9",TRUE
"Mrgpra1",TRUE
"Mrgpra2a",TRUE
"Mrgpra2b",TRUE
"Mrgpra3",FALSE
"Mrgpra4",FALSE
"Mrgprx1",TRUE
"Mrgprb5",FALSE
"Mrgprb4",FALSE
"Mrgprb8",FALSE
"Mrgprb1",FALSE
"Mrgprx2",FALSE
"Mrgprb2",FALSE
"Mrgprb3",FALSE
"Gm45086",FALSE
"Zdhhc13",TRUE
"Csrp3",TRUE
"E2f8",TRUE
"Gm2788",TRUE
"Gm45282",TRUE
"Nav2",TRUE
"Gm32849",TRUE
"9130015G15Rik",TRUE
"Dbx1",FALSE
"Htatip2",TRUE
"Prmt3",TRUE
"Slc6a5",TRUE
"Nell1",TRUE
"Nell1os",TRUE
"4933405O20Rik",TRUE
"Ano5",TRUE
"Slc17a6",TRUE
"Gm29296",TRUE
"Gm45235",TRUE
"Fancf",TRUE
"Gas2",TRUE
"Svip",TRUE
"1700015G11Rik",TRUE
"Luzp2",TRUE
"Siglech",TRUE
"Tubgcp5",TRUE
"Cyfip1",TRUE
"Nipa2",TRUE
"A230056P14Rik",TRUE
"Nipa1",TRUE
"Gm15888",FALSE
"Gm34121",TRUE
"Herc2",TRUE
"Oca2",TRUE
"Gm44506",FALSE
"Gabrg3",TRUE
"Gm9962",TRUE
"Gabra5",TRUE
"Gabrb3",TRUE
"Atp10a",TRUE
"Ube3a",TRUE
"Snhg14",TRUE
"Gm38393",TRUE
"Snrpn",TRUE
"Snurf",FALSE
"Gm44644",TRUE
"Gm44643",TRUE
"A230006K03Rik",TRUE
"B230209E15Rik",TRUE
"A230057D06Rik",TRUE
"A330076H08Rik",TRUE
"Gm9801",TRUE
"Gm32061",TRUE
"Ndn",TRUE
"Magel2",TRUE
"Mkrn3",TRUE
"Peg12",TRUE
"A26c2",TRUE
"Chrna7",TRUE
"4930554H23Rik",TRUE
"Otud7a",TRUE
"Gm44718",TRUE
"Klf13",TRUE
"Gm27252",TRUE
"E030018B13Rik",TRUE
"Gm45052",TRUE
"Gm32633",TRUE
"Gm45054",TRUE
"Gm20670",FALSE
"Trpm1",TRUE
"Mtmr10",TRUE
"Gm20457",TRUE
"Fan1",TRUE
"Mphosph10",TRUE
"Mcee",TRUE
"Apba2",TRUE
"Fam189a1",TRUE
"Nsmce3",TRUE
"1810049I09Rik",FALSE
"Tjp1",TRUE
"BC046251",TRUE
"Tarsl2",TRUE
"Tm2d3",TRUE
"1810008I18Rik",FALSE
"Gm20684",TRUE
"Pcsk6",TRUE
"Snrpa1",TRUE
"Gm45081",TRUE
"Selenos",TRUE
"Gm26827",TRUE
"Chsy1",TRUE
"Lrrk1",TRUE
"Gm44752",TRUE
"Gm10974",TRUE
"Aldh1a3",TRUE
"Gm44753",FALSE
"Gm33570",FALSE
"Asb7",TRUE
"Lins1",TRUE
"Cers3",TRUE
"Adamts17",TRUE
"1700112J16Rik",TRUE
"Lysmd4",TRUE
"Mef2a",TRUE
"Gm33926",TRUE
"Lrrc28",TRUE
"Ttc23",TRUE
"Synm",TRUE
"4833412C05Rik",TRUE
"Gm34350",TRUE
"Gm39027",TRUE
"Igf1r",TRUE
"Pgpep1l",TRUE
"Gm16157",TRUE
"Fam169b",TRUE
"Gm16158",TRUE
"Gm44889",FALSE
"4933436H12Rik",FALSE
"Gm34549",FALSE
"Gm44886",FALSE
"Gm44692",FALSE
"Arrdc4",TRUE
"Gm34664",TRUE
"Gm44691",TRUE
"Gm34838",TRUE
"Gm38584",TRUE
"4930402F11Rik",TRUE
"Gm29683",TRUE
"Gm35325",TRUE
"Gm29327",FALSE
"Gm44946",TRUE
"Gm44948",FALSE
"Nr2f2",TRUE
"B130024G19Rik",TRUE
"Gm28258",TRUE
"Gm44532",TRUE
"Gm35842",TRUE
"Gm44813",TRUE
"Gm44812",TRUE
"Gm44808",FALSE
"Gm42397",TRUE
"Gm36011",TRUE
"Gm39033",TRUE
"6030442E23Rik",FALSE
"Gm29328",TRUE
"Gm29295",TRUE
"Gm44689",FALSE
"4930441H08Rik",TRUE
"Gm36633",TRUE
"1700011C11Rik",TRUE
"Mctp2",TRUE
"Gm36696",TRUE
"Gm45715",TRUE
"Gm28745",FALSE
"Gm28744",FALSE
"Gm44725",TRUE
"Gm6567",FALSE
"4933435G04Rik",TRUE
"Gm28746",FALSE
"Gm20083",TRUE
"Gm30075",TRUE
"4930429H19Rik",TRUE
"A730056A06Rik",TRUE
"Rgma",TRUE
"Chd2",TRUE
"Gm44686",TRUE
"1810026B05Rik",TRUE
"Gm44734",TRUE
"Gm44738",TRUE
"Gm44737",TRUE
"Gm44736",FALSE
"Gm44739",TRUE
"Fam174b",TRUE
"Gm10619",TRUE
"Gm21269",TRUE
"St8sia2",TRUE
"Gm38143",TRUE
"Gm45004",FALSE
"Slco3a1",TRUE
"Gm7580",TRUE
"Gm30459",TRUE
"0610006L08Rik",TRUE
"4930533N22Rik",TRUE
"Sv2b",TRUE
"1500012K07Rik",TRUE
"Akap13",TRUE
"AU020206",TRUE
"Klhl25",TRUE
"Agbl1",TRUE
"Ntrk3",TRUE
"4921513I08Rik",TRUE
"Gm39038",FALSE
"Gm9885",TRUE
"Mrpl46",TRUE
"Mrps11",TRUE
"5330411O13Rik",TRUE
"Det1",TRUE
"1700011D18Rik",FALSE
"Gm44730",FALSE
"Aen",TRUE
"Isg20",TRUE
"Gm26633",TRUE
"Acan",TRUE
"Hapln3",TRUE
"Mfge8",TRUE
"Gm31510",TRUE
"Abhd2",TRUE
"Rlbp1",TRUE
"Fanci",TRUE
"Polg",TRUE
"Mir9-3hg",TRUE
"Gm35040",TRUE
"Gm45168",TRUE
"Gm45169",TRUE
"Rhcg",TRUE
"Ticrr",TRUE
"Kif7",TRUE
"9330171B17Rik",TRUE
"Plin1",TRUE
"Pex11a",TRUE
"Gm44706",TRUE
"Wdr93",TRUE
"Mesp1",TRUE
"Mesp2",FALSE
"Anpep",TRUE
"Ap3s2",TRUE
"Gm26646",TRUE
"5430400D12Rik",TRUE
"Arpin",TRUE
"Zfp710",TRUE
"Gm21057",TRUE
"Gm44949",TRUE
"Idh2",TRUE
"Gm45202",FALSE
"Sema4b",TRUE
"Cib1",TRUE
"Gdpgp1",TRUE
"Ttll13",TRUE
"Ngrn",TRUE
"Vps33b",TRUE
"Rccd1",TRUE
"Prc1",TRUE
"Unc45a",TRUE
"Hddc3",TRUE
"Man2a2",TRUE
"Fes",TRUE
"Furin",TRUE
"Gm44851",TRUE
"Blm",TRUE
"Crtc3",TRUE
"Gm15880",TRUE
"Iqgap1",TRUE
"Gm44649",TRUE
"Zscan2",TRUE
"Wdr73",TRUE
"Nmb",TRUE
"Sec11a",TRUE
"Gm44899",TRUE
"Zfp592",TRUE
"Alpk3",TRUE
"Platr32",TRUE
"Slc28a1",TRUE
"Gm44968",FALSE
"Pde8a",TRUE
"Rps17",TRUE
"Cpeb1",TRUE
"Ap3b2",TRUE
"BC048679",FALSE
"2900076A07Rik",TRUE
"Fsd2",TRUE
"Whamm",TRUE
"Homer2",TRUE
"Gm44570",TRUE
"Ramac",TRUE
"3110040N11Rik",TRUE
"Gm45016",TRUE
"Btbd1",TRUE
"Gm10160",TRUE
"Tm6sf1",TRUE
"Gm45014",TRUE
"Hdgfl3",TRUE
"Bnc1",FALSE
"Gm20744",TRUE
"Gm45056",FALSE
"Gm32850",TRUE
"Gm45090",FALSE
"Sh3gl3",TRUE
"Adamtsl3",TRUE
"Saxo2",TRUE
"Efl1",TRUE
"4933406J10Rik",TRUE
"1700010L04Rik",TRUE
"Gm36584",TRUE
"Mex3b",TRUE
"4933430H16Rik",TRUE
"A530021J07Rik",TRUE
"5930435M05Rik",TRUE
"Gm44724",TRUE
"Gm44991",TRUE
"Gm10610",TRUE
"Tmc3",TRUE
"Gm16638",TRUE
"Stard5",TRUE
"Il16",TRUE
"2310044K18Rik",FALSE
"Cfap161",TRUE
"Gm44993",TRUE
"Gm39043",TRUE
"Tlnrd1",TRUE
"Mesd",TRUE
"Cemip",TRUE
"Abhd17c",TRUE
"Gm26708",TRUE
"Gm44827",TRUE
"Arnt2",TRUE
"Gm30873",TRUE
"Gm44933",TRUE
"Gm45175",TRUE
"Gm2115",TRUE
"Fah",TRUE
"Zfand6",TRUE
"2610206C17Rik",TRUE
"Olfr291",FALSE
"Olfr290",FALSE
"Olfr290.1",FALSE
"Vmn2r65",TRUE
"Vmn2r66",FALSE
"Vmn2r67",FALSE
"Vmn2r68",FALSE
"Vmn2r69",FALSE
"Vmn2r70",FALSE
"Vmn2r71",FALSE
"Vmn2r72",FALSE
"Vmn2r73",FALSE
"Vmn2r74",FALSE
"Vmn2r75",FALSE
"Vmn2r76",FALSE
"Olfr310",FALSE
"Olfr309",FALSE
"Olfr308",FALSE
"Olfr307",FALSE
"Olfr305",FALSE
"Olfr304",FALSE
"Olfr303",FALSE
"Olfr301",FALSE
"Olfr299",FALSE
"Olfr298",FALSE
"Olfr297",FALSE
"Olfr295",FALSE
"Olfr294",FALSE
"Olfr293",FALSE
"Olfr292",FALSE
"Folh1",TRUE
"Vmn2r77",TRUE
"Vmn2r78",TRUE
"Vmn2r79",TRUE
"Nox4",TRUE
"Tyr",TRUE
"Grm5",TRUE
"Ctsc",TRUE
"Gm44751",TRUE
"Rab38",TRUE
"Gm45144",TRUE
"Tmem135",TRUE
"Gm44995",TRUE
"Fzd4",TRUE
"AI314278",TRUE
"Prss23",TRUE
"Prss23os",TRUE
"Gm45064",TRUE
"A230065N10Rik",TRUE
"Me3",TRUE
"Ccdc81",TRUE
"Hikeshi",TRUE
"Eed",TRUE
"E230029C05Rik",TRUE
"2310010J17Rik",TRUE
"Picalm",TRUE
"Ccdc83",TRUE
"Sytl2",TRUE
"Ccdc89",TRUE
"Crebzf",TRUE
"Tmem126a",TRUE
"Tmem126b",TRUE
"Dlg2",TRUE
"Gm45159",TRUE
"4930567K12Rik",TRUE
"Ccdc90b",TRUE
"Ankrd42",TRUE
"Gm26944",TRUE
"Pcf11",TRUE
"Gm26981",TRUE
"4632427E13Rik",TRUE
"Rab30",TRUE
"Ddias",TRUE
"Prcp",TRUE
"Gm26862",TRUE
"Gm9934",TRUE
"Fam181b",TRUE
"Gm44947",TRUE
"Gm45037",TRUE
"Gm32647",TRUE
"Gm44601",TRUE
"Tenm4",TRUE
"Gm15412",TRUE
"Gm15414",TRUE
"Gm15413",TRUE
"Gm15416",TRUE
"Gm44633",TRUE
"C230038L03Rik",TRUE
"Nars2",TRUE
"Gab2",TRUE
"Usp35",TRUE
"Kctd21",TRUE
"Alg8",TRUE
"Ndufc2",TRUE
"Thrsp",TRUE
"Kctd14",TRUE
"Ints4",TRUE
"Aamdc",TRUE
"Rsf1",TRUE
"Rsf1os1",TRUE
"Rsf1os2",TRUE
"Clns1a",TRUE
"Aqp11",TRUE
"Pak1",TRUE
"Gdpd4",TRUE
"Myo7a",TRUE
"Capn5",TRUE
"Omp",TRUE
"Gm16938",TRUE
"B3gnt6",TRUE
"Acer3",TRUE
"Tsku",TRUE
"Gm44507",TRUE
"Gucy2d",TRUE
"Lrrc32",TRUE
"A630091E08Rik",TRUE
"Emsy",TRUE
"Thap12",TRUE
"Gm19656",TRUE
"Gm44934",FALSE
"Wnt11",TRUE
"Uvrag",TRUE
"Gm45188",TRUE
"Gm45187",TRUE
"Dgat2",TRUE
"Gm45012",TRUE
"Mogat2",FALSE
"Gm26705",TRUE
"Map6",TRUE
"Gm45591",TRUE
"Serpinh1",TRUE
"Gdpd5",TRUE
"Klhl35",TRUE
"Rps3",TRUE
"Arrb1",TRUE
"Tpbgl",TRUE
"Gm10605",TRUE
"Slco2b1",TRUE
"Gm15635",TRUE
"Gm34280",TRUE
"Olfr520",TRUE
"Olfr521",TRUE
"F730035P03Rik",TRUE
"Neu3",TRUE
"Spcs2",TRUE
"Xrra1",TRUE
"Gm38405",TRUE
"Rnf169",TRUE
"Chrdl2",TRUE
"Pold3",TRUE
"Lipt2",TRUE
"Gm34821",TRUE
"Kcne3",TRUE
"Pgm2l1",TRUE
"P4ha3",TRUE
"Ppme1",TRUE
"C2cd3",TRUE
"Gm10603",TRUE
"Ucp3",TRUE
"Ucp2",TRUE
"Dnajb13",TRUE
"Coa4",TRUE
"Gm39059",FALSE
"Mrpl48",TRUE
"Rab6a",TRUE
"Plekhb1",TRUE
"Gm35082",TRUE
"Fam168a",TRUE
"Relt",TRUE
"Arhgef17",TRUE
"P2ry6",TRUE
"P2ry2",TRUE
"Fchsd2",TRUE
"Atg16l2",TRUE
"Stard10",TRUE
"Gm20476",TRUE
"Gm45620",TRUE
"Arap1",TRUE
"Pde2a",TRUE
"Gm35363",TRUE
"Art2b",FALSE
"Clpb",TRUE
"Phox2a",FALSE
"Inppl1",TRUE
"Gm10602",TRUE
"Folr2",TRUE
"Folr1",TRUE
"Anapc15",TRUE
"Tomt",TRUE
"Lamtor1",TRUE
"Lrrc51",TRUE
"Numa1",TRUE
"Il18bp",TRUE
"Rnf121",TRUE
"Xndc1",TRUE
"Art5",TRUE
"Art1",TRUE
"Chrna10",TRUE
"Nup98",TRUE
"Pgap2",TRUE
"AC139579.1",FALSE
"Rhog",TRUE
"Stim1",TRUE
"Rrm1",TRUE
"Olfr543",TRUE
"Olfr544",TRUE
"Olfr545",TRUE
"Olfr547",FALSE
"Olfr548-ps1",FALSE
"Olfr549",FALSE
"Trim21",TRUE
"Olfr550",TRUE
"Olfr551",TRUE
"Olfr552",TRUE
"Olfr553",TRUE
"Olfr554",TRUE
"Olfr555",FALSE
"Olfr556",TRUE
"Trim68",TRUE
"Olfr557",TRUE
"Olfr558",TRUE
"Olfr33",TRUE
"Olfr559",FALSE
"Olfr78",TRUE
"Olfr560",TRUE
"Olfr561",TRUE
"Olfr564",FALSE
"Olfr566",FALSE
"Olfr568",FALSE
"Olfr569",FALSE
"Olfr570",FALSE
"Olfr571",TRUE
"Olfr572",FALSE
"Olfr573-ps1",FALSE
"Olfr574",FALSE
"Olfr575",FALSE
"Olfr576",FALSE
"Olfr577",FALSE
"Olfr578",FALSE
"Olfr582",FALSE
"Olfr583",FALSE
"Olfr584",FALSE
"Olfr585",FALSE
"Olfr586",FALSE
"Olfr588-ps1",FALSE
"Olfr589",FALSE
"Olfr591",FALSE
"Olfr592",FALSE
"Olfr593",FALSE
"Olfr594",FALSE
"Usp17ld",FALSE
"Olfr596",FALSE
"Olfr597",FALSE
"Olfr598",FALSE
"Olfr599",FALSE
"Olfr600",FALSE
"Olfr601",TRUE
"Olfr603",FALSE
"Usp17lc",TRUE
"Olfr605",FALSE
"Olfr606",FALSE
"Olfr607",FALSE
"Olfr608",FALSE
"Olfr609",FALSE
"Olfr610",FALSE
"Olfr611",FALSE
"Olfr612",FALSE
"Olfr613",FALSE
"Olfr615",FALSE
"Olfr616",FALSE
"Olfr617",TRUE
"Olfr618",TRUE
"Olfr619",FALSE
"Olfr620",TRUE
"Olfr622",FALSE
"Olfr623",FALSE
"Olfr624",TRUE
"Olfr625-ps1",FALSE
"Olfr243",TRUE
"Olfr628",FALSE
"Olfr629",FALSE
"Olfr630",FALSE
"Olfr69",FALSE
"Olfr68",FALSE
"Olfr67",FALSE
"Hbb-bt",TRUE
"Hbb-bs",TRUE
"Hbb-bh2",FALSE
"Hbb-bh1",FALSE
"Hbb-y",FALSE
"Olfr66",FALSE
"Olfr64",FALSE
"Olfr65",FALSE
"Olfr631",FALSE
"Olfr632",FALSE
"Olfr633",FALSE
"Olfr635",TRUE
"Olfr638",FALSE
"Olfr639",TRUE
"Olfr640",FALSE
"Olfr641",FALSE
"Olfr642",FALSE
"4930516K23Rik",FALSE
"Olfr644",FALSE
"Olfr645",FALSE
"Olfr646",FALSE
"Ubqln5",FALSE
"Ubqln3",FALSE
"Ubqlnl",FALSE
"Olfm5",FALSE
"Olfr648",TRUE
"Olfr649",FALSE
"Trim6",TRUE
"Trim34a",TRUE
"Gm47248",TRUE
"Trim5",TRUE
"Trim12a",TRUE
"Gm15133",TRUE
"Trim34b",FALSE
"Trim12c",TRUE
"Trim30b",TRUE
"Trim30c",TRUE
"Trim30a",TRUE
"Trim30d",TRUE
"Olfr651",FALSE
"Olfr652",TRUE
"Olfr653",TRUE
"Olfr654",TRUE
"Olfr655",TRUE
"Olfr656",TRUE
"Olfr657",TRUE
"Olfr658",TRUE
"Olfr659",FALSE
"Olfr661",FALSE
"Usp17le",FALSE
"Usp17lb",FALSE
"Usp17la",FALSE
"Gm45556",FALSE
"Olfr665",FALSE
"Olfr666",FALSE
"Gm45272",FALSE
"Olfr667",FALSE
"Olfr668",FALSE
"Olfr669",TRUE
"Olfr670",FALSE
"Olfr671",TRUE
"Olfr672",TRUE
"Olfr675",FALSE
"Olfr676",FALSE
"Olfr677",TRUE
"Olfr678",TRUE
"Gm45557",FALSE
"Olfr679",TRUE
"Olfr680-ps1",FALSE
"Gm45558",FALSE
"Olfr681",TRUE
"Olfr683",TRUE
"Olfr684",TRUE
"Olfr685",TRUE
"Olfr686",TRUE
"Olfr688",FALSE
"Olfr689",TRUE
"Olfr690",TRUE
"Olfr691",TRUE
"Olfr692",TRUE
"Fam160a2",TRUE
"Gm5901",TRUE
"Gm45885",TRUE
"Cnga4",TRUE
"Cckbr",TRUE
"Cavin3",TRUE
"Smpd1",TRUE
"Apbb1",TRUE
"Hpx",TRUE
"Trim3",TRUE
"Arfip2",TRUE
"Timm10b",TRUE
"Dnhd1",TRUE
"Rrp8",TRUE
"Ilk",TRUE
"Taf10",TRUE
"Tpp1",TRUE
"Dchs1",TRUE
"Mrpl17",TRUE
"Gm4070",TRUE
"Gm20663",TRUE
"Gvin1",TRUE
"Olfr693",FALSE
"Olfr694",TRUE
"Olfr695",TRUE
"Olfr697",FALSE
"Olfr698",FALSE
"Olfr699",TRUE
"Olfr700",FALSE
"4930458B22Rik",FALSE
"Olfr701",FALSE
"Olfr702",FALSE
"Olfr703",FALSE
"Olfr704",FALSE
"Olfr705",FALSE
"Olfr706",FALSE
"Olfr707",FALSE
"Olfr1532-ps1",FALSE
"Olfr709-ps1",FALSE
"Olfr710",FALSE
"Olfr6",FALSE
"Olfr711",FALSE
"Olfr2",FALSE
"Olfr713",FALSE
"Olfr714",FALSE
"Olfr17",FALSE
"Olfr715b",TRUE
"Gm45868",TRUE
"Olfr715",FALSE
"Olfr716",FALSE
"Nlrp14",FALSE
"Rbmxl2",FALSE
"Platr28",TRUE
"Syt9",TRUE
"Olfml1",TRUE
"Gm44773",TRUE
"Ppfibp2",TRUE
"Cyb5r2",TRUE
"Gm45040",FALSE
"Ovch2",FALSE
"Olfr467",FALSE
"Olfr469",TRUE
"Olfr470",FALSE
"Olfr472",FALSE
"Olfr473",FALSE
"Olfr474",FALSE
"Olfr476",FALSE
"Olfr477",FALSE
"Olfr478",FALSE
"Olfr479",FALSE
"Olfr480",FALSE
"Olfr481",FALSE
"Olfr482",FALSE
"Olfr483",FALSE
"Olfr484",FALSE
"Olfr485",FALSE
"Olfr486",FALSE
"Olfr487",FALSE
"Olfr488",FALSE
"Olfr490",FALSE
"Olfr491",FALSE
"Olfr492",FALSE
"Olfr493",FALSE
"Olfr494",FALSE
"Olfr495",FALSE
"Olfr497",FALSE
"Olfr498",FALSE
"Olfr502",FALSE
"Olfr503",FALSE
"Olfr504",FALSE
"Olfr506",FALSE
"Olfr507",FALSE
"Olfr508",FALSE
"Olfr509",FALSE
"Olfr510",FALSE
"Olfr512",FALSE
"Olfr513",TRUE
"Olfr514",FALSE
"Olfr516",FALSE
"Olfr517",FALSE
"Olfr518",FALSE
"Olfr519",FALSE
"Nlrp10",TRUE
"Eif3f",TRUE
"Tub",TRUE
"Ric3",TRUE
"Lmo1",TRUE
"Gm44781",TRUE
"Gm45024",TRUE
"Stk33",TRUE
"1700095J03Rik",TRUE
"Trim66",TRUE
"Rpl27a",TRUE
"St5",TRUE
"Gm44864",TRUE
"Akip1",TRUE
"BC051019",TRUE
"Ascl3",TRUE
"Tmem9b",TRUE
"Nrip3",TRUE
"Scube2",TRUE
"Dennd5a",TRUE
"Tmem41b",TRUE
"1600010M07Rik",TRUE
"Ipo7",TRUE
"Zfp143",TRUE
"Wee1",TRUE
"Swap70",TRUE
"Gm45515",FALSE
"Sbf2",TRUE
"Gm28863",TRUE
"Adm",TRUE
"Gm21123",FALSE
"Ampd3",TRUE
"Rnf141",TRUE
"Lyve1",TRUE
"Mrvi1",TRUE
"Gm16336",FALSE
"Ctr9",TRUE
"Eif4g2",TRUE
"1700012D14Rik",TRUE
"5430402P08Rik",TRUE
"Galnt18",TRUE
"Usp47",TRUE
"Dkk3",TRUE
"Mical2",TRUE
"Parva",TRUE
"Parvaos",TRUE
"2310014F06Rik",TRUE
"Tead1",TRUE
"Rassf10",TRUE
"Gm33586",TRUE
"4930543E12Rik",TRUE
"Arntl",TRUE
"Gm45355",TRUE
"Btbd10",TRUE
"Pth",FALSE
"Far1",TRUE
"Far1os",TRUE
"Gm5600",TRUE
"Gm29507",TRUE
"Spon1",TRUE
"Rras2",TRUE
"Gm45615",TRUE
"Copb1",TRUE
"Psma1",TRUE
"4933406I18Rik",TRUE
"Pde3b",TRUE
"Cyp2r1",TRUE
"Calca",TRUE
"Calcb",TRUE
"Insc",TRUE
"Gm45017",TRUE
"Gm45020",FALSE
"A730082K24Rik",TRUE
"Gm34225",FALSE
"Sox6",TRUE
"Gm45025",TRUE
"Sox6os",TRUE
"1110004F10Rik",TRUE
"1700003G18Rik",TRUE
"Plekha7",TRUE
"Gm44867",FALSE
"Rps13",TRUE
"Gm44777",TRUE
"Pik3c2a",TRUE
"AV356131",TRUE
"Nucb2",TRUE
"Gm45151",TRUE
"4732496C06Rik",TRUE
"Gm39075",TRUE
"Xylt1",TRUE
"Rps15a",TRUE
"Arl6ip1",TRUE
"Smg1",TRUE
"4930583K01Rik",TRUE
"Gm45155",TRUE
"Gm35309",FALSE
"Syt17",TRUE
"Itpripl2",TRUE
"Coq7",TRUE
"Tmc7",TRUE
"B230311B06Rik",TRUE
"Tmc5",TRUE
"Gde1",TRUE
"Ccp110",TRUE
"Vps35l",TRUE
"Gm44549",TRUE
"Knop1",TRUE
"Iqck",TRUE
"Gm44763",TRUE
"Gprc5b",TRUE
"Gpr139",TRUE
"Gp2",TRUE
"Umod",FALSE
"Gm44588",FALSE
"Pdilt",FALSE
"Gm26967",FALSE
"Acsm5",FALSE
"Acsm2",TRUE
"Gm39078",TRUE
"Acsm1",TRUE
"Gm19950",TRUE
"Gm45792",TRUE
"Acsm4",TRUE
"Thumpd1",TRUE
"Gm44866",TRUE
"Acsm3",TRUE
"Eri2",TRUE
"Rexo5",TRUE
"Dcun1d3",TRUE
"Lyrm1",TRUE
"Dnah3",TRUE
"Tmem159",TRUE
"Zp2",TRUE
"4930505K13Rik",TRUE
"Anks4b",TRUE
"Crym",TRUE
"Abca14",TRUE
"Abca15",TRUE
"Abca16",TRUE
"Gm32916",TRUE
"Uqcrc2",TRUE
"Pdzd9",TRUE
"4930588G17Rik",TRUE
"9030407P20Rik",TRUE
"Mosmo",TRUE
"Vwa3a",TRUE
"Gm5737",TRUE
"Eef2k",TRUE
"Gm15774",TRUE
"Polr3e",TRUE
"Cdr2",TRUE
"Mfsd13b",TRUE
"Mettl9",TRUE
"Igsf6",TRUE
"Otoa",TRUE
"Gm45079",TRUE
"Gm36736",TRUE
"Hs3st2",TRUE
"4933432K03Rik",TRUE
"1700025J12Rik",FALSE
"Usp31",TRUE
"1700069B07Rik",FALSE
"Scnn1g",TRUE
"Scnn1b",TRUE
"Cog7",TRUE
"Gm44987",TRUE
"Gga2",TRUE
"Ears2",TRUE
"Ubfd1",TRUE
"Ndufab1",TRUE
"Palb2",TRUE
"Dctn5",TRUE
"Gm15489",TRUE
"Plk1",TRUE
"Ern2",TRUE
"Chp2",TRUE
"Prkcb",TRUE
"Cacng3",TRUE
"Rbbp6",TRUE
"Gm20274",TRUE
"Gm45847",TRUE
"Tnrc6a",TRUE
"Slc5a11",TRUE
"Arhgap17",TRUE
"Lcmt1",TRUE
"Aqp8",FALSE
"Zkscan2",TRUE
"Gm26974",TRUE
"Gm27040",TRUE
"Hs3st4",TRUE
"Gm15338",TRUE
"Gm15339",TRUE
"3100003L05Rik",TRUE
"Gm45092",TRUE
"4933440M02Rik",TRUE
"4930571K23Rik",FALSE
"Gm30717",FALSE
"Kdm8",TRUE
"Nsmce1",TRUE
"Il4ra",TRUE
"Gm44876",FALSE
"Il21r",TRUE
"Gtf3c1",TRUE
"D430042O09Rik",TRUE
"Gsg1l",TRUE
"Xpo6",TRUE
"1700123J17Rik",TRUE
"Sbk1",TRUE
"Gm30928",FALSE
"Lat",TRUE
"Spns1",TRUE
"Nfatc2ip",TRUE
"Cd19",FALSE
"Rabep2",TRUE
"Atp2a1",TRUE
"Sh2b1",TRUE
"Tufm",TRUE
"Atxn2l",TRUE
"Eif3c",TRUE
"Cln3",TRUE
"Apobr",TRUE
"Il27",TRUE
"Nupr1",TRUE
"2510046G10Rik",TRUE
"Sgf29",TRUE
"Sult1a1",TRUE
"Slx1b",TRUE
"Bola2",TRUE
"Coro1a",TRUE
"4930448A20Rik",FALSE
"Mapk3",TRUE
"Gdpd3",TRUE
"Gm9967",TRUE
"Ypel3",TRUE
"Tbx6",TRUE
"Ppp4c",TRUE
"Aldoa",TRUE
"Fam57b",TRUE
"Aldoa.1",TRUE
"4930451I11Rik",TRUE
"Gm44854",TRUE
"Doc2a",TRUE
"Ino80e",TRUE
"Hirip3",TRUE
"Taok2",TRUE
"Tmem219",TRUE
"Gm20650",TRUE
"Kctd13",TRUE
"Asphd1",TRUE
"Sez6l2",TRUE
"Cdiptos",TRUE
"Cdipt",TRUE
"Mvp",TRUE
"Pagr1a",TRUE
"Gm42742",TRUE
"Prrt2",TRUE
"Maz",TRUE
"Kif22",TRUE
"Gm31749",TRUE
"Zg16",TRUE
"Gm44939",FALSE
"AI467606",TRUE
"Qprt",TRUE
"Spn",TRUE
"Cd2bp2",TRUE
"Tbc1d10b",TRUE
"Mylpf",TRUE
"Sept1",TRUE
"Zfp553",TRUE
"Zfp771",TRUE
"Dctpp1",TRUE
"Sephs2",TRUE
"Gm31897",FALSE
"Itgal",TRUE
"Zfp768",TRUE
"Zfp747",TRUE
"9130019O22Rik",TRUE
"E430018J23Rik",TRUE
"Zfp764",TRUE
"Zfp688",TRUE
"Gm45184",TRUE
"Zfp689",TRUE
"B130055M24Rik",TRUE
"Prr14",TRUE
"Fbrs",TRUE
"1700008J07Rik",TRUE
"Srcap",TRUE
"Gm28198",TRUE
"Tmem265",TRUE
"Phkg2",TRUE
"Ccdc189",TRUE
"Rnf40",TRUE
"Gm44759",TRUE
"1700120K04Rik",FALSE
"Zfp629",TRUE
"Bcl7c",TRUE
"Gm39090",TRUE
"Ctf1",TRUE
"Ctf2",TRUE
"Fbxl19",TRUE
"Orai3",TRUE
"Setd1a",TRUE
"Hsd3b7",TRUE
"Stx1b",TRUE
"Stx4a",TRUE
"Zfp668",TRUE
"Zfp646",TRUE
"Prss53",TRUE
"Vkorc1",TRUE
"Bckdk",TRUE
"Kat8",TRUE
"Prss8",TRUE
"Prss36",TRUE
"Fus",TRUE
"Pycard",TRUE
"Gm15533",TRUE
"Trim72",TRUE
"Itgam",TRUE
"Itgax",TRUE
"Itgad",TRUE
"Gm39091",FALSE
"4931431B13Rik",TRUE
"Cox6a2",TRUE
"Gm44850",TRUE
"9130023H24Rik",TRUE
"Armc5",TRUE
"Tgfb1i1",TRUE
"Slc5a2",TRUE
"BC017158",TRUE
"Rgs10",TRUE
"Gm15503",TRUE
"Tial1",TRUE
"Gm32816",TRUE
"Gm40457",TRUE
"Bag3",TRUE
"Gm45121",TRUE
"Inpp5f",TRUE
"Mcmbp",TRUE
"Gm44674",TRUE
"Gm44672",TRUE
"Sec23ip",TRUE
"Gm32884",TRUE
"Plpp4",TRUE
"Gm33027",TRUE
"Wdr11",TRUE
"Gm39094",TRUE
"Gm33248",FALSE
"Gm44778",TRUE
"Gm4265",TRUE
"Fgfr2",TRUE
"Ate1",TRUE
"Gm44647",TRUE
"Nsmce4a",TRUE
"Tacc2",TRUE
"Etos1",TRUE
"Btbd16",TRUE
"Gm5602",TRUE
"Plekha1",TRUE
"Htra1",TRUE
"Dmbt1",FALSE
"4933402N03Rik",FALSE
"1700029B22Rik",FALSE
"5430419D17Rik",TRUE
"Cuzd1",TRUE
"Fam24b",TRUE
"Fam24a",TRUE
"2310057M21Rik",TRUE
"Pstk",TRUE
"Gm44623",TRUE
"Ikzf5",TRUE
"Acadsb",TRUE
"Gm44982",TRUE
"Hmx3",FALSE
"Hmx2",FALSE
"Bub3",TRUE
"Gm44546",TRUE
"Gpr26",TRUE
"Cpxm2",TRUE
"Gm15677",FALSE
"Chst15",TRUE
"Gm10584",TRUE
"Gm44892",FALSE
"Gm34908",FALSE
"Gm44893",TRUE
"Gm35147",FALSE
"Oat",TRUE
"Nkx1-2",FALSE
"Gm16764",FALSE
"Lhpp",TRUE
"Gm15582",TRUE
"Fam53b",TRUE
"Eef1akmt2",TRUE
"Abraxas2",TRUE
"1500002F19Rik",TRUE
"Gm45502",TRUE
"Zranb1",TRUE
"Gm15718",TRUE
"Ctbp2",TRUE
"4930483O08Rik",TRUE
"Gm45672",TRUE
"Tex36",TRUE
"Gm35625",FALSE
"Gm45671",TRUE
"Gm28747",FALSE
"Edrf1",TRUE
"Mmp21",TRUE
"Uros",TRUE
"Bccip",TRUE
"Dhx32",TRUE
"Gm45670",TRUE
"Fank1",TRUE
"Adam12",TRUE
"A130023I24Rik",FALSE
"D7Ertd443e",TRUE
"Dock1",TRUE
"Insyn2a",TRUE
"1700120G07Rik",TRUE
"Nps",TRUE
"Gm45339",FALSE
"Foxi2",FALSE
"Gm36356",TRUE
"Clrn3",FALSE
"Ptpre",TRUE
"5830432E09Rik",TRUE
"Mki67",TRUE
"Gm36431",TRUE
"Gm45241",FALSE
"6330420H09Rik",TRUE
"Gm36737",TRUE
"C030029H02Rik",TRUE
"C230079O03Rik",TRUE
"Gm36849",TRUE
"Gm6249",TRUE
"Mgmt",TRUE
"Ebf3",TRUE
"Gm45278",TRUE
"Gm10578",TRUE
"9430038I01Rik",TRUE
"Glrx3",TRUE
"Gm45397",TRUE
"Gm45682",FALSE
"Tcerg1l",TRUE
"Gm45686",FALSE
"4930543N07Rik",FALSE
"Gm30808",FALSE
"Mapk1ip1",TRUE
"Ppp2r2d",TRUE
"Bnip3",TRUE
"Gm45507",TRUE
"Jakmip3",TRUE
"Gm45613",TRUE
"Dpysl4",TRUE
"Stk32c",TRUE
"Lrrc27",TRUE
"Pwwp2b",TRUE
"Gm32486",TRUE
"Inpp5a",TRUE
"Nkx6-2",TRUE
"Cfap46",TRUE
"Adgra1",TRUE
"Kndc1",TRUE
"Utf1",FALSE
"Gm16201",TRUE
"Gm2044",TRUE
"6430531B16Rik",TRUE
"Adam8",TRUE
"Tubgcp2",TRUE
"Zfp511",TRUE
"Msx3",FALSE
"Caly",TRUE
"Prap1",TRUE
"Fuom",TRUE
"Echs1",TRUE
"Paox",TRUE
"Mtg1",TRUE
"Sprn",TRUE
"Olfr522",FALSE
"Olfr523",FALSE
"Olfr524",TRUE
"Cd163l1",TRUE
"5830411N06Rik",FALSE
"Olfr525",FALSE
"Olfr527",FALSE
"Olfr60",FALSE
"Olfr530",FALSE
"Olfr531",FALSE
"Olfr532",FALSE
"Olfr533",FALSE
"Olfr535",TRUE
"Olfr536",FALSE
"Olfr538",TRUE
"Olfr46",TRUE
"Olfr61",TRUE
"Olfr53",TRUE
"Olfr539",TRUE
"Olfr45",TRUE
"Olfr541",FALSE
"Cyp2e1",TRUE
"Syce1",TRUE
"Zfp941",TRUE
"Urah",TRUE
"C330022C24Rik",TRUE
"Scgb1c1",FALSE
"Odf3",TRUE
"Bet1l",TRUE
"Ric8a",TRUE
"Sirt3",TRUE
"Psmd13",TRUE
"Cox8b",TRUE
"BC024386",TRUE
"Nlrp6",TRUE
"Pgghg",TRUE
"Ifitm5",FALSE
"Ifitm2",TRUE
"Ifitm1",TRUE
"Ifitm3",TRUE
"Ifitm6",FALSE
"Gm17387",TRUE
"B4galnt4",TRUE
"Pkp3",TRUE
"Sigirr",TRUE
"Ano9",FALSE
"Ptdss2",TRUE
"Rnh1",TRUE
"Hras",TRUE
"Lrrc56",TRUE
"Lmntd2",FALSE
"Rassf7",TRUE
"Phrf1",TRUE
"Irf7",TRUE
"Cdhr5",FALSE
"Sct",FALSE
"Drd4",TRUE
"Deaf1",TRUE
"Tmem80",TRUE
"Eps8l2",TRUE
"B230206H07Rik",TRUE
"Taldo1",TRUE
"Gatd1",TRUE
"Cend1",TRUE
"Slc25a22",TRUE
"Pidd1",TRUE
"Rplp2",TRUE
"Pnpla2",TRUE
"Cracr2b",TRUE
"Gm10575",TRUE
"Cd151",TRUE
"Polr2l",TRUE
"Tspan4",TRUE
"Chid1",TRUE
"Ap2a2",TRUE
"Gm16982",TRUE
"Muc6",TRUE
"Muc2",TRUE
"Muc5ac",FALSE
"Muc5b",TRUE
"Tollip",TRUE
"Gm20501",TRUE
"Brsk2",TRUE
"Mob2",TRUE
"Dusp8",TRUE
"Gm32786",TRUE
"Gm45618",TRUE
"Gm39115",FALSE
"Gm45337",FALSE
"Gm29735",FALSE
"Gm4553",FALSE
"Krtap5-2",FALSE
"Gm10153",FALSE
"Krtap5-3",FALSE
"Gm7579",FALSE
"Krtap5-5",FALSE
"Gm40460",FALSE
"Gm4559",FALSE
"Gm45889",FALSE
"Krtap5-1",FALSE
"Krtap5-4",FALSE
"Ifitm10",TRUE
"Ctsd",TRUE
"Syt8",TRUE
"Tnni2",TRUE
"Lsp1",TRUE
"Prr33",TRUE
"Tnnt3",TRUE
"Mrpl23",TRUE
"Nctc1",TRUE
"H19",TRUE
"Gm33148",TRUE
"Igf2",TRUE
"Igf2os",FALSE
"Ins2",TRUE
"Gm6471",TRUE
"Gm39117",TRUE
"Th",TRUE
"Ascl2",TRUE
"Tspan32os",TRUE
"Tspan32",TRUE
"R74862",TRUE
"Cd81",TRUE
"Trpm5",FALSE
"Tssc4",TRUE
"Kcnq1",TRUE
"Gm28821",FALSE
"Kcnq1ot1",TRUE
"4933417O13Rik",TRUE
"Cdkn1c",TRUE
"Gm44732",FALSE
"Slc22a18",TRUE
"Phlda2",FALSE
"Nap1l4",TRUE
"Cars",TRUE
"Gm15579",TRUE
"Tnfrsf26",TRUE
"E230032D23Rik",TRUE
"Tnfrsf22",TRUE
"Tnfrsf23",TRUE
"Osbpl5",TRUE
"Mrgprg",FALSE
"Mrgpre",TRUE
"Nadsyn1",TRUE
"Dhcr7",TRUE
"Acte1",FALSE
"Shank2",TRUE
"Gm14372",TRUE
"Cttn",TRUE
"Gm14376",FALSE
"Ppfia1",TRUE
"Faddos",TRUE
"Fadd",TRUE
"Ano1",TRUE
"Gm44930",FALSE
"Gm44929",FALSE
"Gm34964",TRUE
"Fgf3",TRUE
"Fgf4",FALSE
"Gm26793",TRUE
"Fgf15",FALSE
"Gm39119",TRUE
"Bc1",TRUE
"LTO1",TRUE
"Ccnd1",TRUE
"Gm45181",TRUE
"Tpcn2",TRUE
"Smim38",TRUE
"Mrgprf",TRUE
"Mrgprd",FALSE
"Insr",TRUE
"Gm16180",TRUE
"Arhgef18",TRUE
"Pex11g",TRUE
"Tex45",TRUE
"Zfp358",TRUE
"Mcoln1",TRUE
"Pnpla6",TRUE
"C330021F23Rik",TRUE
"Camsap3",TRUE
"Xab2",TRUE
"Pet100",TRUE
"Pcp2",TRUE
"Stxbp2",TRUE
"Retn",TRUE
"Mcemp1",TRUE
"Fcor",TRUE
"Gm39121",TRUE
"Gm45231",TRUE
"Trappc5",TRUE
"Fcer2a",TRUE
"Clec4g",TRUE
"Gm16553",TRUE
"Cd209a",FALSE
"Cd209e",FALSE
"Cd209d",FALSE
"Cd209b",FALSE
"Cd209c",TRUE
"Cd209f",FALSE
"Cd209g",TRUE
"4932443L11Rik",TRUE
"Evi5l",TRUE
"Prr36",TRUE
"Lrrc8e",TRUE
"Map2k7",TRUE
"Tgfbr3l",TRUE
"Snapc2",TRUE
"Ctxn1",TRUE
"Timm44",TRUE
"Elavl1",TRUE
"Ccl25",TRUE
"Cers4",TRUE
"Zfp958",TRUE
"Gm6410",TRUE
"Shcbp1",TRUE
"Slc10a2",TRUE
"Gm44693",TRUE
"Gm17215",TRUE
"Gm30954",TRUE
"Gm28262",TRUE
"Gm31135",TRUE
"Gm31401",FALSE
"Gm45076",FALSE
"A630009H07Rik",FALSE
"Gm31343",TRUE
"D530014G21Rik",TRUE
"Gm31463",FALSE
"Gm45075",TRUE
"Efnb2",TRUE
"4921522P10Rik",TRUE
"Arglu1",TRUE
"Gm44621",FALSE
"Gm44626",TRUE
"Gm44622",FALSE
"Gm44515",TRUE
"4933430N04Rik",FALSE
"4930453L07Rik",FALSE
"Gm44516",TRUE
"Gm39128",FALSE
"Fam155a",TRUE
"Gm44761",TRUE
"Gm10217",TRUE
"Gm10067",TRUE
"Lig4",TRUE
"Abhd13",TRUE
"Tnfsf13b",TRUE
"Gm44788",TRUE
"Myo16",TRUE
"5330413D20Rik",FALSE
"Gm44786",TRUE
"Gm44785",FALSE
"Gm44784",FALSE
"Gm45045",FALSE
"Gm39129",TRUE
"Gm32540",TRUE
"B930025P03Rik",TRUE
"Gm45044",TRUE
"Gm2814",TRUE
"4833411C07Rik",TRUE
"3930402G23Rik",TRUE
"Gm44955",FALSE
"Gm44956",TRUE
"Irs2",TRUE
"9530052E02Rik",TRUE
"B830042I05Rik",TRUE
"Gm44714",FALSE
"Gm44717",FALSE
"Gm15418",TRUE
"Col4a1",TRUE
"Col4a2",TRUE
"Gm15419",TRUE
"Rab20",TRUE
"E230013L22Rik",FALSE
"Naxd",TRUE
"Cars2",TRUE
"Ing1",TRUE
"Ankrd10",TRUE
"1700016D06Rik",TRUE
"4930465I24Rik",FALSE
"1700128E19Rik",FALSE
"Arhgef7",TRUE
"Gm15875",TRUE
"Tex29",TRUE
"Gm39132",TRUE
"Gm45680",TRUE
"B020031H02Rik",TRUE
"A230072I06Rik",TRUE
"Gm29175",TRUE
"Gm33175",TRUE
"Sox1ot",TRUE
"Sox1",TRUE
"Gm33326",TRUE
"4933439N14Rik",FALSE
"D630011A20Rik",TRUE
"Spaca7",TRUE
"Tubgcp3",TRUE
"4931415C17Rik",TRUE
"Gm15348",FALSE
"Atp11a",TRUE
"Gm15350",TRUE
"Gm15347",TRUE
"Mcf2l",TRUE
"Gm15353",TRUE
"Gm15351",TRUE
"F7",TRUE
"F10",TRUE
"Proz",TRUE
"Gm17023",TRUE
"Pcid2",TRUE
"Cul4a",TRUE
"Lamp1",TRUE
"Grtp1",TRUE
"2810030D12Rik",TRUE
"Adprhl1",TRUE
"Dcun1d2",TRUE
"Tmco3",TRUE
"Tfdp1",TRUE
"Atp4b",FALSE
"Grk1",TRUE
"Tmem255b",TRUE
"Gas6",TRUE
"Gm5608",TRUE
"1700029H14Rik",TRUE
"Rasa3",TRUE
"Cfap97d2",TRUE
"Cdc16",TRUE
"Upf3a",TRUE
"AF366264",FALSE
"Champ1",TRUE
"Coprs",TRUE
"Fbxo25",TRUE
"Tdrp",TRUE
"Gm5907",TRUE
"Erich1",TRUE
"Dlgap2",TRUE
"C030037F17Rik",TRUE
"Cln8",TRUE
"Arhgef10",TRUE
"Gm16350",TRUE
"Kbtbd11",TRUE
"5830468F06Rik",TRUE
"BB014433",TRUE
"Gm45274",FALSE
"Myom2",TRUE
"Gm7706",TRUE
"Gm45271",TRUE
"Gm35392",TRUE
"Gm35453",TRUE
"Gm45676",FALSE
"Gm45408",TRUE
"Csmd1",TRUE
"Gm16346",TRUE
"Gm16347",TRUE
"1700014L14Rik",FALSE
"Mcph1",TRUE
"Gm16725",TRUE
"Angpt2",TRUE
"Agpat5",TRUE
"Gm35934",TRUE
"Xkr5",TRUE
"Defb40",TRUE
"Defb37",TRUE
"Defb38",FALSE
"Defb39",TRUE
"Defb12",FALSE
"Defb34",FALSE
"Spag11b",FALSE
"Spag11a",FALSE
"Gm39139",TRUE
"Defb14",FALSE
"Defb4",FALSE
"Defb6",TRUE
"Defb46",FALSE
"Defb5",FALSE
"Defb3",FALSE
"Defb8",FALSE
"Defb7",FALSE
"Gm35998",TRUE
"4930467E23Rik",TRUE
"Gm31371",TRUE
"Gm15319",TRUE
"Gm21119",TRUE
"Defb33",FALSE
"Gm15056",FALSE
"Gm6040",TRUE
"AY761185",FALSE
"Defa21",FALSE
"Defa23",FALSE
"Defa35",FALSE
"Defa25",FALSE
"Gm14851",FALSE
"Defa30",FALSE
"Defa22",FALSE
"Defa31",FALSE
"Gm15293",FALSE
"Gm15292",FALSE
"Defa3",FALSE
"Defa5",FALSE
"Defa27",FALSE
"Defa29",FALSE
"Defa2",FALSE
"Defa33",FALSE
"Defa36",FALSE
"Gm7849",FALSE
"Defa20",FALSE
"Defa32",FALSE
"Defa37",FALSE
"Defa28",FALSE
"Gm7861",FALSE
"Defa26",FALSE
"Defa17",FALSE
"Defa34",FALSE
"AY761184",FALSE
"Defa24",FALSE
"Defb1",FALSE
"Defb50",FALSE
"Defb2",FALSE
"Defb10",FALSE
"Defb9",TRUE
"Defb11",FALSE
"Gm36879",FALSE
"Defb15",FALSE
"Defb35",FALSE
"Defb13",FALSE
"Fam90a1a",FALSE
"Ccdc70",FALSE
"Atp7b",TRUE
"Alg11",TRUE
"Nek5",TRUE
"Nek3",TRUE
"Ckap2",TRUE
"Vps36",TRUE
"Thsd1",TRUE
"Tpte",TRUE
"Slc25a15",TRUE
"1810012K16Rik",TRUE
"Mrps31",TRUE
"Smim19",TRUE
"Slc20a2",TRUE
"Gm17491",TRUE
"Vdac3",TRUE
"Dkk4",TRUE
"Polb",TRUE
"Ikbkb",TRUE
"Gm15346",TRUE
"Plat",TRUE
"Ap3m2",TRUE
"1700041G16Rik",TRUE
"Kat6a",TRUE
"Ank1",TRUE
"Gm15816",TRUE
"Nkx6-3",TRUE
"Gpat4",TRUE
"Gins4",TRUE
"Golga7",TRUE
"Sfrp1",TRUE
"Zmat4",TRUE
"A730045E13Rik",TRUE
"Gm45163",TRUE
"Gm45164",FALSE
"Gm30692",FALSE
"Gm26714",TRUE
"Tcim",TRUE
"Ido2",TRUE
"Ido1",TRUE
"Adam18",TRUE
"Adam3",TRUE
"Adam5",TRUE
"Adam32",TRUE
"Adam9",TRUE
"Tm2d2",TRUE
"Htra4",TRUE
"Gm16933",TRUE
"Plekha2",TRUE
"5830408C22Rik",TRUE
"Tacc1",TRUE
"5430421F17Rik",TRUE
"Gm30978",FALSE
"Gm45237",TRUE
"Gm45238",TRUE
"Gm31045",TRUE
"Fgfr1",TRUE
"Gm16159",TRUE
"Letm2",TRUE
"Gm45570",TRUE
"D830025C05Rik",TRUE
"Nsd3",TRUE
"Plpp5",TRUE
"Ddhd2",TRUE
"Gm17484",TRUE
"Bag4",TRUE
"Lsm1",TRUE
"Star",TRUE
"Ash2l",TRUE
"Kcnu1",TRUE
"Hgsnat",TRUE
"Pomk",TRUE
"Fnta",TRUE
"Hook3",TRUE
"Gm45411",TRUE
"1700047A11Rik",TRUE
"Rnf170",TRUE
"Gm45250",TRUE
"Thap1",TRUE
"Gm45305",FALSE
"Gm31727",FALSE
"Gm31784",TRUE
"Gm45307",FALSE
"Gm31898",FALSE
"Gm45580",FALSE
"Gm31983",FALSE
"Gm39149",TRUE
"Gm32050",FALSE
"Gm45584",TRUE
"Gm32098",TRUE
"Gm45646",TRUE
"2310008N11Rik",TRUE
"Gm45572",TRUE
"Zfp703",TRUE
"Gm45371",TRUE
"Gm45370",TRUE
"Gm32389",TRUE
"Erlin2",TRUE
"Proscos",TRUE
"Plpbp",TRUE
"Adgra2",TRUE
"Brf2",TRUE
"Rab11fip1",TRUE
"4933416M07Rik",TRUE
"Gm45267",TRUE
"Got1l1",TRUE
"Adrb3",TRUE
"Gm45470",TRUE
"Eif4ebp1",TRUE
"Tex24",FALSE
"Chrnb3",TRUE
"Chrna6",TRUE
"Poteg",TRUE
"Gm1698",TRUE
"1700008N11Rik",FALSE
"Gm8110",FALSE
"Gm45571",FALSE
"Gm26795",FALSE
"Unc5d",TRUE
"Gm32567",TRUE
"Gm39154",TRUE
"Gm45490",TRUE
"Gm45489",TRUE
"4933433F19Rik",TRUE
"Dusp26",TRUE
"Rnf122",TRUE
"Tti2",TRUE
"Mak16",TRUE
"Fut10",TRUE
"7420700N18Rik",TRUE
"Gm45303",TRUE
"Gm45304",TRUE
"Nrg1",TRUE
"AC132407.1",FALSE
"Gm3985",TRUE
"Gm45587",TRUE
"Wrn",TRUE
"Purg",TRUE
"Tex15",TRUE
"Ppp2cb",TRUE
"Ubxn8",TRUE
"Gsr",TRUE
"1700104B16Rik",FALSE
"Gtf2e2",TRUE
"Smim18",TRUE
"Rbpms",TRUE
"Gm26632",TRUE
"Gm26978",FALSE
"Gm39157",FALSE
"Gm9951",TRUE
"Dctn6",TRUE
"Gm10131",TRUE
"Mboat4",TRUE
"Gm39158",FALSE
"Leprotl1",TRUE
"Saraf",TRUE
"Gm29243",FALSE
"Gm45350",TRUE
"Gm33831",FALSE
"Gm45349",TRUE
"Gm33968",FALSE
"B930018H19Rik",TRUE
"Gm34096",TRUE
"Gm45627",FALSE
"Dusp4",TRUE
"Tnks",TRUE
"Gm9939",TRUE
"Gm34368",TRUE
"Gm34419",TRUE
"Gm45625",FALSE
"Gm34474",TRUE
"Gm34533",FALSE
"Gm34597",FALSE
"Gm45469",TRUE
"Ppp1r3b",TRUE
"Gm45301",FALSE
"Gm34853",FALSE
"Eri1",TRUE
"Gm16793",TRUE
"Mfhas1",TRUE
"1700015I17Rik",TRUE
"Gm35021",TRUE
"Gm19410",TRUE
"Cldn23",TRUE
"5430403N17Rik",TRUE
"Prag1",TRUE
"Gm38414",TRUE
"Gm39164",FALSE
"4933430A20Rik",FALSE
"Gm35520",TRUE
"Lonrf1",TRUE
"Trmt9b",TRUE
"Dlc1",TRUE
"G630064G18Rik",TRUE
"AI429214",TRUE
"Gm45524",TRUE
"Gm45368",TRUE
"Sgcz",TRUE
"Gm40493",TRUE
"Tusc3",TRUE
"Gm6213",TRUE
"Msr1",TRUE
"Fgf20",TRUE
"Micu3",TRUE
"Zdhhc2",TRUE
"Cnot7",TRUE
"Vps37a",TRUE
"Mtmr7",TRUE
"Adam24",FALSE
"Adam25",TRUE
"Adam20",TRUE
"Adam39",TRUE
"Slc7a2",TRUE
"Pdgfrl",TRUE
"Mtus1",TRUE
"B430010I23Rik",TRUE
"Gm16192",TRUE
"Gm16193",TRUE
"Fgl1",TRUE
"Gm16348",TRUE
"Pcm1",TRUE
"Asah1",TRUE
"Frg1",TRUE
"2810404M03Rik",TRUE
"Triml1",FALSE
"Triml2",TRUE
"Zfp42",FALSE
"Adam26b",FALSE
"Adam26a",FALSE
"Gm5346",FALSE
"Adam34",TRUE
"Gm45488",TRUE
"Gm45659",FALSE
"Gm9908",TRUE
"Fat1",TRUE
"Gm2366",TRUE
"AY512931",TRUE
"Mtnr1a",TRUE
"Gm30504",TRUE
"Gm6329",TRUE
"F11",TRUE
"Klkb1",TRUE
"Cyp4v3",TRUE
"Fam149a",TRUE
"Tlr3",TRUE
"Gm45542",TRUE
"Sorbs2",TRUE
"Gm16351",TRUE
"Sorbs2os",TRUE
"Pdlim3",TRUE
"Ccdc110",TRUE
"1700029J07Rik",TRUE
"Ufsp2",TRUE
"Ankrd37",TRUE
"Lrp2bp",TRUE
"Snx25",TRUE
"Cfap97",TRUE
"Gm15634",TRUE
"Slc25a4",TRUE
"Helt",TRUE
"Gm39168",TRUE
"Gm30931",FALSE
"Gm45253",TRUE
"Acsl1",TRUE
"Cenpu",TRUE
"Primpol",TRUE
"Gm45607",TRUE
"Casp3",TRUE
"Gm16675",TRUE
"Irf2",TRUE
"Gm45479",TRUE
"Gm31172",TRUE
"1700011L03Rik",FALSE
"Enpp6",TRUE
"Gm45600",TRUE
"4930579M01Rik",TRUE
"E330018M18Rik",TRUE
"Stox2",TRUE
"Trappc11",TRUE
"Rwdd4a",TRUE
"Gm45576",TRUE
"Ing2",TRUE
"AA386476",TRUE
"Cdkn2aip",TRUE
"E030037K01Rik",TRUE
"Gm31786",TRUE
"Gm45824",TRUE
"Gm45864",FALSE
"1700061N14Rik",TRUE
"Cldn24",FALSE
"Wwc2",TRUE
"Cldn22",FALSE
"Gm32052",TRUE
"Dctd",TRUE
"Tenm3",TRUE
"Gm19744",TRUE
"Gm45830",TRUE
"Gm45829",TRUE
"4930555F03Rik",TRUE
"Gm45321",TRUE
"Gm45322",FALSE
"Gm45323",TRUE
"Gm45341",TRUE
"Gm45455",TRUE
"Gm2516",TRUE
"C130073E24Rik",TRUE
"Gm32975",FALSE
"Gm45389",TRUE
"Gm45388",TRUE
"1190028D05Rik",TRUE
"Gm45554",TRUE
"Aga",TRUE
"Neil3",TRUE
"Vegfc",TRUE
"Spcs3",TRUE
"Asb5",TRUE
"5330439A09Rik",TRUE
"Spata4",TRUE
"Wdr17",TRUE
"Gm15758",TRUE
"Gpm6a",TRUE
"Adam29",TRUE
"Glra3",TRUE
"Hpgd",TRUE
"4930518J21Rik",TRUE
"Cep44",TRUE
"Fbxo8",TRUE
"Gm33501",TRUE
"Hand2os1",TRUE
"Hand2",FALSE
"Gm34030",FALSE
"5033428I22Rik",TRUE
"Gm34099",TRUE
"Scrg1",TRUE
"Sap30",TRUE
"2500002B13Rik",TRUE
"Hmgb2",TRUE
"Galnt7",TRUE
"AW046200",TRUE
"Gm45359",TRUE
"Gm45356",TRUE
"Galntl6",TRUE
"Gm15882",TRUE
"BC030500",TRUE
"Gm34370",TRUE
"4930470O06Rik",TRUE
"Gm34623",TRUE
"Gm10283",TRUE
"Aadat",TRUE
"Gm34730",TRUE
"Mfap3l",TRUE
"Gm45650",TRUE
"Hpf1",TRUE
"Clcn3",TRUE
"B230317F23Rik",TRUE
"Nek1",TRUE
"Gm16178",TRUE
"Sh3rf1",TRUE
"1700001D01Rik",TRUE
"Cbr4",TRUE
"Palld",TRUE
"4930512H18Rik",TRUE
"Gm45418",FALSE
"Ddx60",TRUE
"Anxa10",TRUE
"Gm45460",TRUE
"Gm45459",TRUE
"Gm45462",TRUE
"Spock3",TRUE
"Gm35368",FALSE
"Gm45589",TRUE
"Sgo2b",TRUE
"Tll1",TRUE
"Gm35521",TRUE
"Cpe",TRUE
"Gm45518",TRUE
"Msmo1",TRUE
"Klhl2",TRUE
"Gm45345",TRUE
"Gm32507",TRUE
"Tmem192",TRUE
"Trim75",TRUE
"Trim60",TRUE
"Trim61",FALSE
"Apela",TRUE
"Gm10663",TRUE
"Smim31",TRUE
"March1",TRUE
"Gm15354",TRUE
"Gm15356",TRUE
"Tma16",TRUE
"Gm32568",FALSE
"Tktl2",TRUE
"Npy5r",TRUE
"Npy1r",TRUE
"Gm45911",FALSE
"Naf1",TRUE
"Gm39185",TRUE
"Gm45827",FALSE
"Gm10660",FALSE
"Nat1",TRUE
"Nat2",TRUE
"Nat3",TRUE
"Psd3",TRUE
"Gm15991",TRUE
"Sh2d4a",TRUE
"Csgalnact1",TRUE
"1700125H03Rik",TRUE
"Gm15656",TRUE
"Ints10",TRUE
"Lpl",TRUE
"Gm33103",TRUE
"Slc18a1",TRUE
"Gm15716",TRUE
"Atp6v1b2",TRUE
"Lzts1",TRUE
"Zfp930",TRUE
"D130040H23Rik",TRUE
"Gm45848",TRUE
"Gm9495",TRUE
"Gm43263",TRUE
"Gm7697",TRUE
"Zfp868",TRUE
"Zfp964",TRUE
"Zfp869",TRUE
"Zfp963",TRUE
"Zfp866",TRUE
"Atp13a1",TRUE
"Gmip",TRUE
"Lpar2",TRUE
"Pbx4",TRUE
"Cilp2",TRUE
"Yjefn3",TRUE
"Ndufa13",TRUE
"Tssk6",TRUE
"Gatad2a",TRUE
"Mau2",TRUE
"Sugp1",TRUE
"Tm6sf2",TRUE
"Hapln4",TRUE
"Ncan",TRUE
"Rfxank",TRUE
"Nr2c2ap",TRUE
"Borcs8",TRUE
"Mef2b",TRUE
"Tmem161a",TRUE
"Slc25a42",TRUE
"Armc6",TRUE
"Sugp2",TRUE
"Homer3",TRUE
"Ddx49",TRUE
"Cope",TRUE
"Cers1",TRUE
"Gdf1",FALSE
"Upf1",TRUE
"Comp",TRUE
"Crtc1",TRUE
"Klhl26",TRUE
"Tmem59l",TRUE
"Crlf1",TRUE
"Rex1bd",TRUE
"Uba52",TRUE
"Kxd1",TRUE
"Fkbp8",TRUE
"Ell",TRUE
"Isyna1",TRUE
"Ssbp4",TRUE
"Lrrc25",TRUE
"Gdf15",TRUE
"Pgpep1",TRUE
"Lsm4",TRUE
"Jund",TRUE
"Gm11175",TRUE
"Iqcn",TRUE
"Gm3336",TRUE
"Pde4c",TRUE
"Rab3a",TRUE
"Mpv17l2",TRUE
"Ifi30",TRUE
"Pik3r2",TRUE
"2010320M18Rik",TRUE
"Mast3",TRUE
"Il12rb1",TRUE
"Arrdc2",TRUE
"Kcnn1",TRUE
"Ccdc124",TRUE
"Slc5a5",TRUE
"Rpl18a",TRUE
"Map1s",TRUE
"1700026F02Rik",TRUE
"Gm35256",TRUE
"Haus8",TRUE
"Myo9b",TRUE
"Use1",TRUE
"Ocel1",TRUE
"Nr2f6",TRUE
"Ushbp1",TRUE
"Babam1",TRUE
"Ankle1",TRUE
"Abhd8",TRUE
"Mrpl34",TRUE
"Dda1",TRUE
"Ano8",TRUE
"Gtpbp3",TRUE
"Plvap",TRUE
"Ccdc194",FALSE
"Bst2",TRUE
"Mvb12a",TRUE
"Tmem221",FALSE
"Nxnl1",TRUE
"Slc27a1",TRUE
"Pgls",TRUE
"Fam129c",TRUE
"Colgalt1",TRUE
"Unc13a",TRUE
"Jak3",TRUE
"Insl3",FALSE
"B3gnt3",TRUE
"Fcho1",TRUE
"Gm35572",TRUE
"Zfp709",TRUE
"Zfp882",TRUE
"Zfp617",TRUE
"Zfp961",TRUE
"Cyp4f18",TRUE
"Olfr372",TRUE
"Olfr373",TRUE
"Olfr374",TRUE
"Tpm4",TRUE
"Gm26586",TRUE
"Gm16091",TRUE
"Rab8a",TRUE
"Hsh2d",TRUE
"Cib3",TRUE
"Gm11034",FALSE
"Fam32a",TRUE
"Ap1m1",TRUE
"Gm10282",TRUE
"Klf2",TRUE
"Eps15l1",TRUE
"Calr3",TRUE
"1700030K09Rik",TRUE
"Cherp",TRUE
"Slc35e1",TRUE
"Gm17435",TRUE
"Med26",TRUE
"Smim7",TRUE
"Tmem38a",TRUE
"Nwd1",TRUE
"Sin3b",TRUE
"F2rl3",TRUE
"Large1",TRUE
"Gm45821",TRUE
"Gm11033",TRUE
"Isx",FALSE
"Hmgxb4",TRUE
"Gm45822",TRUE
"Tom1",TRUE
"Gm45820",TRUE
"Hmox1",TRUE
"Mcm5",TRUE
"Gm45899",FALSE
"Gm45903",FALSE
"Rasd2",TRUE
"Gm10358",FALSE
"Iqcm",TRUE
"Gm45740",TRUE
"Gm45741",FALSE
"Gm45798",TRUE
"Gm10649",TRUE
"Nr3c2",TRUE
"Arhgap10",TRUE
"Gm45406",TRUE
"4933421D24Rik",TRUE
"Gm45285",TRUE
"0610038B21Rik",TRUE
"Prmt9",TRUE
"Tmem184c",TRUE
"4933431K23Rik",TRUE
"1700092C02Rik",FALSE
"Ednra",TRUE
"Gm29895",TRUE
"Ttc29",TRUE
"Pou4f2",FALSE
"Rbmxl1",TRUE
"Slc10a7",TRUE
"Lsm6",TRUE
"Gm45326",TRUE
"Gm39204",TRUE
"Zfp827",TRUE
"1700011L22Rik",TRUE
"Gm30329",TRUE
"Mmaa",TRUE
"Gm4890",TRUE
"Smad1",TRUE
"Gm45601",TRUE
"Gm45602",TRUE
"Otud4",TRUE
"Abce1",TRUE
"Anapc10",TRUE
"Gm45435",TRUE
"Hhip",TRUE
"Gm45431",TRUE
"Gm45430",FALSE
"Gypa",TRUE
"4930505O20Rik",FALSE
"Frem3",TRUE
"Smarca5",TRUE
"Gab1",TRUE
"Gm31105",TRUE
"Gm27048",FALSE
"Usp38",TRUE
"Gm9725",TRUE
"Gm45538",TRUE
"Inpp4b",TRUE
"4930579O11Rik",TRUE
"Gm38590",TRUE
"Il15",TRUE
"Zfp330",TRUE
"Gm31545",TRUE
"Rnf150",TRUE
"Gm45449",TRUE
"Tbc1d9",TRUE
"Ucp1",TRUE
"Elmod2",TRUE
"Mgat4d",FALSE
"Clgn",TRUE
"Scoc",TRUE
"Olfr370",TRUE
"Ndufb7",TRUE
"Tecr",TRUE
"D830024N08Rik",TRUE
"Gm45823",TRUE
"Dnajb1",TRUE
"Gipc1",TRUE
"Pkn1",TRUE
"Ptger1",TRUE
"Ddx39",TRUE
"Adgre5",TRUE
"Adgrl1",TRUE
"Gm10644",TRUE
"Asf1b",TRUE
"Prkaca",TRUE
"Samd1",TRUE
"1700067K01Rik",TRUE
"2210011C24Rik",TRUE
"Palm3",TRUE
"Il27ra",TRUE
"Rln3",FALSE
"Gm10643",TRUE
"C330011M18Rik",TRUE
"Rfx1",TRUE
"Dcaf15",TRUE
"Podnl1",TRUE
"Cc2d1a",TRUE
"4930432K21Rik",TRUE
"Nanos3",TRUE
"Gm26887",TRUE
"Gm26532",TRUE
"Zswim4",TRUE
"D8Ertd738e",TRUE
"Mri1",TRUE
"Ccdc130",TRUE
"Cacna1a",TRUE
"Gm16183",TRUE
"Ier2",TRUE
"Nacc1",TRUE
"Trmt1",TRUE
"Nfix",TRUE
"Lyl1",TRUE
"G430095P16Rik",TRUE
"Dand5",TRUE
"Gadd45gip1",TRUE
"Rad23a",TRUE
"Calr",TRUE
"1700122E12Rik",TRUE
"Farsa",TRUE
"Syce2",TRUE
"Gcdh",TRUE
"Klf1",TRUE
"Dnase2a",TRUE
"Mast1",TRUE
"Rtbdn",TRUE
"Rnaseh2a",TRUE
"Gm49661",FALSE
"Prdx2",TRUE
"Junb",TRUE
"Hook2",TRUE
"Best2",TRUE
"Asna1",TRUE
"Trir",TRUE
"Tnpo2",TRUE
"A230103J11Rik",TRUE
"Fbxw9",TRUE
"Gm5741",TRUE
"Dhps",TRUE
"Wdr83",TRUE
"Wdr83os",TRUE
"Man2b1",TRUE
"Zfp791",TRUE
"Gm42031",TRUE
"Cks1brt",TRUE
"Olfr371",FALSE
"Vps35",TRUE
"Orc6",TRUE
"Mylk3",TRUE
"AA672651",FALSE
"4921524J17Rik",TRUE
"Gpt2",TRUE
"Dnaja2",TRUE
"Gm45425",TRUE
"Neto2",TRUE
"Itfg1",TRUE
"Gm39214",TRUE
"Phkb",TRUE
"Hm629797",TRUE
"Abcc12",TRUE
"Lonp2",TRUE
"Siah1a",TRUE
"Gm10638",TRUE
"N4bp1",TRUE
"2010110E17Rik",TRUE
"Gm27167",TRUE
"Gm27168",FALSE
"Gm5118",TRUE
"Gm27246",TRUE
"Gm10637",TRUE
"Gm27169",TRUE
"Gm27207",FALSE
"Gm27208",FALSE
"4930535O05Rik",FALSE
"Gm19872",FALSE
"Gm2694",TRUE
"Cbln1",TRUE
"Gm27016",TRUE
"1700120C18Rik",TRUE
"4933402J07Rik",TRUE
"Zfp423",TRUE
"Cnep1r1",TRUE
"Heatr3",TRUE
"9430002A10Rik",TRUE
"Tent4b",TRUE
"Adcy7",TRUE
"Brd7",TRUE
"Nkd1",TRUE
"Snx20",TRUE
"Nod2",TRUE
"Cyld",TRUE
"Sall1",TRUE
"Tox3",TRUE
"Gm45639",TRUE
"Gm35850",TRUE
"Gm35963",TRUE
"Gm19935",TRUE
"Chd9",TRUE
"Gm45641",TRUE
"Rbl2",TRUE
"Aktip",TRUE
"Gm45464",TRUE
"Gm45666",FALSE
"Gm36243",TRUE
"Rpgrip1l",TRUE
"Fto",TRUE
"4831440D22Rik",TRUE
"Gm3235",TRUE
"Gm36325",TRUE
"Gm36380",FALSE
"Irx3",TRUE
"Irx3os",FALSE
"Gm28511",FALSE
"Gm28515",TRUE
"Gm36670",TRUE
"Gm36843",FALSE
"Gm28516",FALSE
"Gm45332",FALSE
"Gm45335",FALSE
"Gm45334",FALSE
"Crnde",TRUE
"Gm21817",FALSE
"Irx5",TRUE
"Gm45336",FALSE
"Irx6",FALSE
"Gm45505",FALSE
"Mmp2",TRUE
"Gm45472",TRUE
"Lpcat2",TRUE
"Capns2",TRUE
"Slc6a2",TRUE
"Gm45463",TRUE
"Ces1a",TRUE
"Ces1b",FALSE
"Ces1c",TRUE
"Ces1d",TRUE
"Ces1e",TRUE
"Ces1f",TRUE
"Ces1g",TRUE
"Ces1h",TRUE
"Gm45765",TRUE
"Gm45764",FALSE
"Gm30132",FALSE
"Gm45766",FALSE
"Ces5a",TRUE
"Gm45708",TRUE
"Gm26843",TRUE
"Gm30606",TRUE
"4930488L21Rik",TRUE
"Gnao1",TRUE
"Amfr",TRUE
"Nudt21",TRUE
"Ogfod1",TRUE
"Bbs2",TRUE
"Mt4",FALSE
"Mt3",TRUE
"Gm45774",TRUE
"Mt2",TRUE
"Mt1",TRUE
"Gm39228",FALSE
"Nup93",TRUE
"C78859",TRUE
"Slc12a3",TRUE
"Gm15889",FALSE
"Gm15890",TRUE
"Herpud1",TRUE
"9330175E14Rik",TRUE
"Nlrc5",TRUE
"Cpne2",TRUE
"Fam192a",TRUE
"Rspry1",TRUE
"Arl2bp",TRUE
"Pllp",TRUE
"Gm45767",TRUE
"Ccl22",TRUE
"Cx3cl1",TRUE
"Ccl17",TRUE
"Ciapin1",TRUE
"Coq9",TRUE
"Polr2c",TRUE
"Dok4",TRUE
"Ccdc102a",TRUE
"Adgrg5",FALSE
"Adgrg1",TRUE
"Adgrg3",TRUE
"Drc7",TRUE
"Katnb1",TRUE
"Kifc3",TRUE
"Gm31224",TRUE
"Gm45812",TRUE
"Gm31036",TRUE
"Cngb1",TRUE
"Tepp",TRUE
"Zfp319",TRUE
"Usb1",TRUE
"Mmp15",TRUE
"Cfap20",TRUE
"Csnk2a2",TRUE
"4933406B17Rik",TRUE
"Ccdc113",TRUE
"Prss54",TRUE
"Gm31518",TRUE
"Gm45702",FALSE
"Gins3",TRUE
"Ndrg4",TRUE
"Setd6",TRUE
"Cnot1",TRUE
"4930513N10Rik",TRUE
"Gm31659",TRUE
"Sap18b",TRUE
"Gm31805",TRUE
"Slc38a7",TRUE
"Got2",TRUE
"Gm45895",TRUE
"Gm32005",TRUE
"Gm32122",TRUE
"1700047G07Rik",FALSE
"Gm45703",FALSE
"Gm45788",FALSE
"Gm39231",TRUE
"Gm15679",TRUE
"Cdh8",TRUE
"Gm15680",TRUE
"A330008L17Rik",TRUE
"Gm39232",TRUE
"Cdh11",TRUE
"Gm45391",TRUE
"Gm32531",TRUE
"1600027J07Rik",FALSE
"Gm45277",FALSE
"4933400L20Rik",TRUE
"Gm29682",TRUE
"Cdh5",TRUE
"Bean1",TRUE
"Gm10631",TRUE
"Gm45892",TRUE
"Tk2",TRUE
"Cklf",TRUE
"Cmtm2a",TRUE
"Cmtm1",TRUE
"Gm11020",FALSE
"Cmtm2b",TRUE
"Cmtm3",TRUE
"Cmtm4",TRUE
"Gm45877",TRUE
"Dync1li2",TRUE
"K230015D01Rik",TRUE
"Terb1",TRUE
"Nae1",TRUE
"Car7",TRUE
"Gm45843",FALSE
"Pdp2",TRUE
"Cdh16",TRUE
"Rrad",TRUE
"Gm33023",TRUE
"Ciao2b",TRUE
"1700082M22Rik",TRUE
"9230110F11Rik",TRUE
"Ces2a",FALSE
"4932416K20Rik",FALSE
"Ces2b",TRUE
"Ces2c",FALSE
"Ces2e",FALSE
"Ces2f",FALSE
"Ces2g",FALSE
"Ces2h",FALSE
"Ces3a",FALSE
"Ces3b",FALSE
"Ces4a",TRUE
"Gm3830",TRUE
"Cbfb",TRUE
"D230025D16Rik",TRUE
"B3gnt9",TRUE
"Tradd",TRUE
"Fbxl8",TRUE
"Hsf4",TRUE
"Nol3",TRUE
"4931428F04Rik",TRUE
"Gm20163",TRUE
"Exoc3l",TRUE
"E2f4",TRUE
"Elmo3",TRUE
"Lrrc29",TRUE
"Tmem208",TRUE
"Fhod1",TRUE
"Slc9a5",TRUE
"Plekhg4",TRUE
"Kctd19",TRUE
"Lrrc36",TRUE
"Tppp3",TRUE
"Zdhhc1",TRUE
"Hsd11b2",TRUE
"Atp6v0d1",TRUE
"Gm38250",TRUE
"Agrp",TRUE
"Ripor1",TRUE
"Gm5914",TRUE
"Ctcf",TRUE
"Carmil2",TRUE
"Acd",TRUE
"Pard6a",TRUE
"Enkd1",TRUE
"4933405L10Rik",TRUE
"Gfod2",TRUE
"Ranbp10",TRUE
"Tsnaxip1",TRUE
"Cenpt",TRUE
"Thap11",TRUE
"4930578M07Rik",TRUE
"Nutf2",TRUE
"Edc4",TRUE
"Nrn1l",TRUE
"Pskh1",TRUE
"Ctrl",TRUE
"Gm16156",TRUE
"Psmb10",TRUE
"Lcat",TRUE
"Slc12a4",TRUE
"Gm45752",TRUE
"Dpep3",FALSE
"Dpep2",TRUE
"Dpep2.1",TRUE
"Dus2",TRUE
"Dpep2nb",TRUE
"Ddx28",TRUE
"Nfatc3",TRUE
"Esrp2",TRUE
"1810019D21Rik",FALSE
"Pla2g15",TRUE
"Slc7a6",TRUE
"Slc7a6os",TRUE
"Prmt7",TRUE
"Smpd3",TRUE
"Gm10629",TRUE
"Zfp90",TRUE
"6030452D12Rik",TRUE
"Cdh3",TRUE
"1110028F18Rik",FALSE
"Cdh1",TRUE
"Tango6",TRUE
"Has3",TRUE
"Chtf8",TRUE
"Gm50241",FALSE
"Utp4",TRUE
"Sntb2",TRUE
"Gm16208",TRUE
"Vps4a",TRUE
"Pdf",TRUE
"Cog8",TRUE
"Nip7",TRUE
"Tmed6",TRUE
"Terf2",TRUE
"Cyb5b",TRUE
"Nfat5",TRUE
"Nqo1",TRUE
"Nob1",TRUE
"Wwp2",TRUE
"Psmd7",TRUE
"5033426E14Rik",FALSE
"Zfhx3",TRUE
"Gm39244",TRUE
"Lncbate1",TRUE
"Gm20686",TRUE
"D030068K23Rik",TRUE
"Pmfbp1",TRUE
"Dhx38",TRUE
"Txnl4b",TRUE
"Hp",TRUE
"Dhodh",TRUE
"Pkd1l3",TRUE
"Ist1",TRUE
"Zfp821",TRUE
"Atxn1l",TRUE
"Ap1g1",TRUE
"Gm17344",TRUE
"Phlpp2",TRUE
"Gm16349",FALSE
"Marveld3",TRUE
"Tat",TRUE
"Chst4",TRUE
"8030455M16Rik",TRUE
"Zfp612",TRUE
"Gm17720",TRUE
"Tle7",FALSE
"Calb2",TRUE
"Cmtr2",TRUE
"Gm26832",TRUE
"Hydin",TRUE
"Vac14",TRUE
"Mtss2",TRUE
"Il34",TRUE
"Gm15894",TRUE
"Gm15895",FALSE
"Sf3b3",TRUE
"Cog4",TRUE
"Fcsk",TRUE
"St3gal2",TRUE
"Ddx19a",TRUE
"Ddx19b",TRUE
"Aars",TRUE
"Exosc6",FALSE
"Clec18a",TRUE
"Pdpr",TRUE
"9430091E24Rik",TRUE
"Glg1",TRUE
"Rfwd3",TRUE
"Mlkl",TRUE
"Fa2h",TRUE
"Wdr59",TRUE
"Znrf1",TRUE
"Ldhd",TRUE
"Zfp1",TRUE
"Ctrb1",FALSE
"Bcar1",TRUE
"Cfdp1",TRUE
"Tmem170",TRUE
"Chst5",TRUE
"Tmem231",TRUE
"Gabarapl2",TRUE
"Adat1",TRUE
"Kars",TRUE
"Terf2ip",TRUE
"Gm26994",TRUE
"Cntnap4",TRUE
"Gm45904",TRUE
"Gm10280",TRUE
"Mon1b",TRUE
"Syce1l",TRUE
"Gm30052",TRUE
"Adamts18",TRUE
"Nudt7",TRUE
"Vat1l",TRUE
"4933408N05Rik",TRUE
"Clec3a",FALSE
"Wwox",TRUE
"Gm16116",TRUE
"Gm16117",TRUE
"Gm16118",TRUE
"4930488N15Rik",TRUE
"Maf",TRUE
"Gm15655",TRUE
"Gm45733",TRUE
"4930422C21Rik",FALSE
"1700018P08Rik",FALSE
"Dynlrb2",TRUE
"Cdyl2",TRUE
"Cmc2",TRUE
"Cenpn",TRUE
"Atmin",TRUE
"1700030J22Rik",TRUE
"Gcsh",TRUE
"Pkd1l2",TRUE
"Gm15395",FALSE
"Bco1",TRUE
"Gan",TRUE
"Cmip",TRUE
"Plcg2",TRUE
"Sdr42e1",TRUE
"Gm31717",FALSE
"Gm38416",TRUE
"Hsd17b2",TRUE
"Gm31774",TRUE
"Mphosph6",TRUE
"Cdh13",TRUE
"Gm45721",TRUE
"Gm45720",TRUE
"Hsbp1",TRUE
"Gm45723",FALSE
"Mlycd",TRUE
"Osgin1",TRUE
"Necab2",TRUE
"Slc38a8",TRUE
"Mbtps1",TRUE
"Hsdl1",TRUE
"Dnaaf1",TRUE
"Taf1c",TRUE
"Adad2",TRUE
"Kcng4",TRUE
"Gm32352",TRUE
"Wfdc1",TRUE
"Atp2c2",TRUE
"Meak7",TRUE
"Cotl1",TRUE
"Klhl36",TRUE
"Usp10",TRUE
"Crispld2",TRUE
"Gm15684",TRUE
"Zdhhc7",TRUE
"Gm15898",TRUE
"A130014A01Rik",TRUE
"6430548M08Rik",TRUE
"Fam92b",TRUE
"A330074K22Rik",TRUE
"Gse1",TRUE
"Gm26971",FALSE
"Gins2",TRUE
"Gm10614",TRUE
"Gm26739",TRUE
"1190005I06Rik",TRUE
"Gm26537",TRUE
"Emc8",TRUE
"Cox4i1",TRUE
"Irf8",TRUE
"Gm26878",FALSE
"Gm28324",FALSE
"Fendrr",TRUE
"Foxf1",TRUE
"Mthfsd",TRUE
"Foxc2",FALSE
"Foxl1",TRUE
"5033426O07Rik",FALSE
"Gm26815",TRUE
"Gm26747",TRUE
"Gm26784",TRUE
"1700018B08Rik",TRUE
"Gm27045",FALSE
"1700030M09Rik",TRUE
"Fbxo31",TRUE
"Map1lc3b",TRUE
"Zcchc14",TRUE
"Gm27030",TRUE
"Gm45833",TRUE
"Jph3",TRUE
"Klhdc4",TRUE
"Gm20406",TRUE
"Gm42047",TRUE
"Gm26812",TRUE
"Slc7a5",TRUE
"BC048644",TRUE
"Car5a",TRUE
"Gm27011",TRUE
"Banp",TRUE
"Zfp469",TRUE
"Zfpm1",TRUE
"Gm45353",TRUE
"Trhr2",TRUE
"Gm20681",TRUE
"Zc3h18",TRUE
"Il17c",TRUE
"Cyba",TRUE
"Mvd",TRUE
"Gm20735",TRUE
"Snai3",TRUE
"Rnf166",TRUE
"Ctu2",TRUE
"Piezo1",TRUE
"Cdt1",TRUE
"Aprt",TRUE
"Galns",TRUE
"Trappc2l",TRUE
"Pabpn1l",FALSE
"Cbfa2t3",TRUE
"Gm10612",FALSE
"C230057M02Rik",TRUE
"A530010L16Rik",FALSE
"Gm39271",TRUE
"Acsf3",TRUE
"Cdh15",TRUE
"Gm45894",TRUE
"Ankrd11",TRUE
"2810013P06Rik",TRUE
"Spg7",TRUE
"Rpl13",TRUE
"Cpne7",TRUE
"Sult5a1",TRUE
"Gm4316",TRUE
"Dpep1",TRUE
"Chmp1a",TRUE
"Spata33",TRUE
"Cdk10",TRUE
"Spata2l",TRUE
"4933417D19Rik",TRUE
"Vps9d1",TRUE
"Zfp276",TRUE
"Fanca",TRUE
"Spire2",TRUE
"Tcf25",TRUE
"Mc1r",TRUE
"Tubb3",TRUE
"Def8",TRUE
"Afg3l1",TRUE
"Dbndd1",TRUE
"Gas8",TRUE
"Rhou",TRUE
"Gm45781",FALSE
"6030466F02Rik",FALSE
"4732419C18Rik",TRUE
"Gm45866",TRUE
"Rab4a",TRUE
"2810455O05Rik",TRUE
"Ccsap",TRUE
"Acta1",TRUE
"Gm29773",TRUE
"Nup133",TRUE
"Gm45890",TRUE
"Abcb10",TRUE
"Taf5l",TRUE
"Urb2",TRUE
"Gm45732",TRUE
"Galnt2",TRUE
"1810008B01Rik",TRUE
"Gm15775",TRUE
"Pgbd5",TRUE
"Cog2",TRUE
"Agt",TRUE
"Capn9",TRUE
"2310022B05Rik",TRUE
"Ttc13",TRUE
"Arv1",TRUE
"Fam89a",TRUE
"Trim67",TRUE
"2810004N23Rik",TRUE
"Gnpat",TRUE
"Exoc8",TRUE
"Sprtn",TRUE
"Gm45709",TRUE
"Egln1",TRUE
"Tsnax",TRUE
"Disc1",TRUE
"Gm16237",TRUE
"Sipa1l2",TRUE
"4930567H12Rik",TRUE
"Map10",TRUE
"Ntpcr",TRUE
"Pcnx2",TRUE
"A730098A19Rik",TRUE
"Map3k21",TRUE
"Kcnk1",TRUE
"Gm45875",TRUE
"Slc35f3",TRUE
"Coa6",TRUE
"Tarbp1",TRUE
"Gm26759",TRUE
"Irf2bp2",TRUE
"Gm45805",TRUE
"Gm31718",TRUE
"A630001O12Rik",TRUE
"Tomm20",TRUE
"Rbm34",TRUE
"Pard3",TRUE
"Nrp1",TRUE
"Itgb1",TRUE
"Ccdc7a",TRUE
"Gm3952",FALSE
"Ccdc7b",TRUE
"Gm10999",TRUE
"2610044O15Rik8",TRUE
"Gm32856",TRUE
"Gm10722",FALSE
"Gm11168",FALSE
"Gm10721",FALSE
"Gm10720",FALSE
"Gm10719",FALSE
"Gm10718",FALSE
"Gm10717",FALSE
"Gm17535",FALSE
"Gm10715",FALSE
"4930433N12Rik",TRUE
"Gm31138",FALSE
"Alkbh8",TRUE
"Cwf19l2",TRUE
"Gucy1a2",TRUE
"Aasdhppt",TRUE
"Kbtbd3",TRUE
"Msantd4",TRUE
"Gria4",TRUE
"Casp1",TRUE
"Casp4",TRUE
"Casp12",TRUE
"Pdgfd",TRUE
"Ddi1",TRUE
"Dync2h1",TRUE
"Dcun1d5",TRUE
"Mmp13",FALSE
"Mmp12",TRUE
"Mmp1b",FALSE
"Mmp3",FALSE
"Mmp10",FALSE
"Mmp8",TRUE
"Mmp27",TRUE
"Mmp20",FALSE
"AV064505",FALSE
"Mmp7",FALSE
"Tmem123",TRUE
"Birc2",TRUE
"Birc3",TRUE
"Yap1",TRUE
"Gm20416",TRUE
"Gm45494",TRUE
"Cfap300",TRUE
"Cep126",TRUE
"Trpc6",TRUE
"Gm32014",TRUE
"Pgr",TRUE
"Arhgap42",TRUE
"Gm16833",TRUE
"Gm46102",TRUE
"Gm47334",TRUE
"Cntn5",TRUE
"Gm32710",TRUE
"Gm47001",TRUE
"Gm47002",TRUE
"Gm47034",TRUE
"4930568E12Rik",FALSE
"Gm47051",TRUE
"Jrkl",TRUE
"Ccdc82",TRUE
"Maml2",TRUE
"Gm17571",TRUE
"Mtmr2",TRUE
"Cep57",TRUE
"Fam76b",TRUE
"Gm47535",TRUE
"Gm47557",TRUE
"1700019J19Rik",TRUE
"Gm47559",FALSE
"Gm47564",TRUE
"Gm47565",TRUE
"Gm34069",TRUE
"Sesn3",TRUE
"Gm47326",TRUE
"Endod1",TRUE
"Gm47319",TRUE
"Kdm4d",TRUE
"Cwc15",TRUE
"Amotl1",TRUE
"Gm34263",FALSE
"Gm7607",FALSE
"Piwil4",TRUE
"Gm10706",TRUE
"Fut4",TRUE
"1700012B09Rik",TRUE
"Ankrd49",TRUE
"Mre11a",TRUE
"Gm16302",TRUE
"Gpr83",TRUE
"Izumo1r",TRUE
"Gm47214",TRUE
"Panx1",TRUE
"Hephl1",TRUE
"Vstm5",TRUE
"Med17",TRUE
"4931406C07Rik",TRUE
"Taf1d",TRUE
"Cep295",TRUE
"Gm16568",TRUE
"Gm34973",FALSE
"Smco4",TRUE
"Deup1",TRUE
"4930540M03Rik",TRUE
"Slc36a4",TRUE
"Mtnr1b",TRUE
"Fat3",TRUE
"Chordc1",TRUE
"Naalad2",TRUE
"Ubtfl1",FALSE
"Mbd3l2",TRUE
"Zfp558",TRUE
"Mbd3l1",FALSE
"Muc16",TRUE
"Olfr24",FALSE
"Olfr828",FALSE
"Olfr829",FALSE
"Olfr830",FALSE
"Olfr832",FALSE
"Olfr834",FALSE
"Olfr835",FALSE
"Olfr836",FALSE
"Olfr837",FALSE
"Olfr839-ps1",FALSE
"Olfr843",FALSE
"Olfr844",FALSE
"Olfr845",FALSE
"Olfr846",FALSE
"Olfr847",FALSE
"Olfr849",FALSE
"Olfr850",FALSE
"Olfr851",FALSE
"Olfr853",FALSE
"Olfr854",FALSE
"Olfr855",FALSE
"Zfp317",TRUE
"Olfr857",FALSE
"Olfr58",FALSE
"Olfr859",TRUE
"Gm45699",TRUE
"Olfr860",FALSE
"Olfr862",FALSE
"Olfr77",FALSE
"Olfr866",FALSE
"Olfr867",FALSE
"Olfr868",FALSE
"Olfr869",FALSE
"Olfr870",FALSE
"Olfr871",FALSE
"Olfr872",TRUE
"Olfr39",TRUE
"Olfr873",TRUE
"Olfr18",TRUE
"Zfp560",TRUE
"Zfp26",TRUE
"Zfp426",TRUE
"Zfp266",TRUE
"Zfp846",TRUE
"Fbxl12os",TRUE
"Fbxl12",TRUE
"Ubl5",TRUE
"Pin1",TRUE
"Olfm2",TRUE
"Col5a3",TRUE
"Rdh8",TRUE
"Shfl",TRUE
"Angptl6",TRUE
"Ppan",TRUE
"Eif3g",TRUE
"Dnmt1",TRUE
"S1pr2",TRUE
"Mrpl4",TRUE
"Icam1",TRUE
"Gm47079",TRUE
"Icam4",TRUE
"Icam5",TRUE
"Gm26592",TRUE
"Zglp1",TRUE
"Fdx2",TRUE
"1700084C06Rik",TRUE
"Tyk2",TRUE
"Cdc37",TRUE
"Pde4a",TRUE
"Gm16754",TRUE
"Keap1",TRUE
"S1pr5",TRUE
"Atg4d",TRUE
"Kri1",TRUE
"Cdkn2d",TRUE
"Ap1m2",TRUE
"Gm39302",TRUE
"Slc44a2",TRUE
"Gm36198",TRUE
"Ilf3",TRUE
"Gm16853",TRUE
"Qtrt1",TRUE
"Dnm2",TRUE
"Tmed1",TRUE
"AB124611",TRUE
"Carm1",TRUE
"Yipf2",TRUE
"Timm29",TRUE
"Smarca4",TRUE
"Gm26511",TRUE
"Ldlr",TRUE
"Spc24",TRUE
"Kank2",TRUE
"Dock6",TRUE
"Angptl8",TRUE
"Rab3d",TRUE
"Tmem205",TRUE
"Ccdc159",TRUE
"Plppr2",TRUE
"Swsap1",TRUE
"Epor",TRUE
"Rgl3",TRUE
"Ccdc151",TRUE
"Prkcsh",TRUE
"Elavl3",TRUE
"Zfp653",TRUE
"Gm16845",TRUE
"Ecsit",TRUE
"Cnn1",TRUE
"Elof1",TRUE
"6530413G14Rik",TRUE
"Acp5",TRUE
"Pigyl",TRUE
"Zfp872",TRUE
"1810064F22Rik",TRUE
"Zfp809",TRUE
"Zfp599",TRUE
"Gm39307",TRUE
"Zfp810",TRUE
"Anln",TRUE
"Gm48646",TRUE
"Rp9",TRUE
"9530077C05Rik",TRUE
"Gm17545",TRUE
"Bbs9",TRUE
"Bmper",TRUE
"Gm47663",TRUE
"Npsr1",TRUE
"Gm15600",TRUE
"Gm10701",TRUE
"Dpy19l1",TRUE
"Gm47772",TRUE
"Dpy19l2",TRUE
"Cypt4",FALSE
"Tbx20",TRUE
"Gm29824",TRUE
"E130101E03Rik",TRUE
"Gm48256",TRUE
"Gm10181",FALSE
"Herpud2",TRUE
"Gm29642",TRUE
"Sept7",TRUE
"Eepd1",TRUE
"Gm48362",TRUE
"Gm39312",FALSE
"Gm30313",TRUE
"Gm48393",TRUE
"B3gat1",TRUE
"Glb1l2",TRUE
"Glb1l3",TRUE
"Gm1110",TRUE
"Acad8",TRUE
"Thyn1",TRUE
"Vps26b",TRUE
"Ncapd3",TRUE
"Jam3",TRUE
"Gm48796",TRUE
"Gm48801",FALSE
"Gm48803",FALSE
"Igsf9b",TRUE
"Spata19",TRUE
"Gm48901",FALSE
"Gm48902",TRUE
"Opcml",TRUE
"Gm15606",TRUE
"Gm48091",TRUE
"Ntm",TRUE
"Gm15520",TRUE
"Gm15521",TRUE
"Gm47677",FALSE
"Gm30933",TRUE
"Snx19",TRUE
"Gm47716",TRUE
"Gm31013",TRUE
"Adamts15",TRUE
"Adamts8",TRUE
"Gm29724",TRUE
"Zbtb44",TRUE
"Gm17508",TRUE
"St14",TRUE
"Aplp2",TRUE
"4930517E14Rik",TRUE
"Prdm10",TRUE
"Nfrkb",TRUE
"Tmem45b",TRUE
"4930434F21Rik",TRUE
"Gm31408",TRUE
"Gm47436",FALSE
"Barx2",TRUE
"Gm31497",TRUE
"Gm47465",TRUE
"Arhgap32",TRUE
"Kcnj5",TRUE
"Gm39317",TRUE
"Kcnj1",FALSE
"Fli1",TRUE
"Gm27201",TRUE
"Gm47680",TRUE
"Ets1",TRUE
"Gm27240",TRUE
"Gm3331",TRUE
"Gm27162",TRUE
"Gm27166",TRUE
"Gm32171",TRUE
"Gm47775",TRUE
"Gm47777",TRUE
"Gm47778",FALSE
"Gm47784",FALSE
"Gm47785",TRUE
"Gm27164",TRUE
"7630403G23Rik",TRUE
"Gm47858",FALSE
"Kirrel3",TRUE
"Kirrel3os",TRUE
"St3gal4",TRUE
"4930581F22Rik",TRUE
"Dcps",TRUE
"Tirap",TRUE
"Gm39318",TRUE
"Srpr",TRUE
"Foxred1",TRUE
"Fam118b",TRUE
"Rpusd4",TRUE
"4933422A05Rik",TRUE
"Gm33838",FALSE
"Cdon",TRUE
"Gm1113",TRUE
"Ddx25",TRUE
"Pus3",TRUE
"Hyls1",TRUE
"Pate2",TRUE
"Pate4",TRUE
"Pate3",FALSE
"Pate1",TRUE
"Pate10",FALSE
"Pate7",TRUE
"Pate6",TRUE
"Pate5",TRUE
"Gm3428",TRUE
"Pate13",TRUE
"Gm27187",TRUE
"Gm5916",TRUE
"Gm3434",FALSE
"Pate12",FALSE
"Pate11",FALSE
"Pate9",FALSE
"Pate8",FALSE
"Pate14",FALSE
"1700027I24Rik",TRUE
"Acrv1",TRUE
"Chek1",TRUE
"Stt3a",TRUE
"Gm26787",TRUE
"Ei24",TRUE
"Fez1",TRUE
"Pknox2",TRUE
"Gm3896",TRUE
"Gm48716",TRUE
"Tmem218",TRUE
"Slc37a2",TRUE
"Gm48081",FALSE
"Gm47633",TRUE
"Ccdc15",TRUE
"Gm34885",TRUE
"Hepacam",TRUE
"Robo4",TRUE
"Robo3",TRUE
"Msantd2",TRUE
"Esam",TRUE
"Vsig2",TRUE
"Nrgn",TRUE
"Siae",TRUE
"Spa17",TRUE
"Tbrg1",TRUE
"Panx3",TRUE
"Olfr160",TRUE
"Olfr874",FALSE
"Olfr875",FALSE
"Olfr876",FALSE
"Olfr877",FALSE
"Olfr145",TRUE
"Olfr878",TRUE
"Olfr881",FALSE
"Olfr883",FALSE
"Olfr884",FALSE
"Olfr885",FALSE
"Olfr887",FALSE
"Olfr888",FALSE
"Olfr889",TRUE
"Olfr890",FALSE
"Olfr891",FALSE
"Olfr893",FALSE
"Olfr894",FALSE
"Olfr143",FALSE
"Olfr895",FALSE
"Olfr896-ps1",FALSE
"Olfr25",TRUE
"Olfr898",FALSE
"Olfr250",FALSE
"Olfr251",FALSE
"Olfr147",FALSE
"Olfr901",FALSE
"Olfr902",FALSE
"Olfr904",FALSE
"Olfr905",FALSE
"Olfr906",FALSE
"Olfr907",FALSE
"Olfr911-ps1",FALSE
"Olfr910",FALSE
"Olfr912",FALSE
"Olfr913",FALSE
"Olfr914",FALSE
"Olfr916",FALSE
"Olfr917",FALSE
"Olfr918",FALSE
"Olfr919",FALSE
"Vwa5a",TRUE
"Olfr920",TRUE
"Olfr921",FALSE
"Olfr922",FALSE
"Olfr923",FALSE
"Olfr924",FALSE
"Olfr26",FALSE
"Olfr926",FALSE
"Olfr930",FALSE
"Olfr933",FALSE
"Olfr934",FALSE
"Olfr935",FALSE
"Olfr146",FALSE
"Olfr937",FALSE
"Olfr938",FALSE
"Olfr27",FALSE
"Olfr943",FALSE
"Olfr944",FALSE
"Olfr1537",FALSE
"Olfr945",FALSE
"Olfr948",FALSE
"Olfr951",FALSE
"Olfr952",FALSE
"Olfr954",FALSE
"Olfr955",FALSE
"Olfr44",FALSE
"Olfr957",FALSE
"Olfr958",FALSE
"Olfr959",TRUE
"AW551984",TRUE
"Olfr148",FALSE
"Olfr960",FALSE
"Olfr961",FALSE
"Olfr963",FALSE
"Olfr149",FALSE
"Olfr965",FALSE
"Olfr150",FALSE
"Olfr967",TRUE
"Olfr968",FALSE
"Olfr969",FALSE
"Olfr970",FALSE
"Olfr971",FALSE
"Olfr972",FALSE
"Olfr229",FALSE
"Olfr974",FALSE
"Olfr975",TRUE
"Olfr976",FALSE
"Olfr978",FALSE
"Olfr979",FALSE
"Olfr980",FALSE
"Olfr981",FALSE
"Olfr982",FALSE
"Olfr983",FALSE
"Olfr984",FALSE
"Olfr985",FALSE
"Tmem225",FALSE
"Olfr986",TRUE
"Zfp202",TRUE
"Scn3b",TRUE
"Gramd1b",TRUE
"1700110K17Rik",TRUE
"Gm48129",TRUE
"Gm48127",TRUE
"Gm17540",FALSE
"Gm35177",FALSE
"Gm48277",FALSE
"Gm48284",TRUE
"Gm35371",FALSE
"Gm21915",FALSE
"Clmp",TRUE
"Gm48294",TRUE
"Gm16095",TRUE
"Gm48293",TRUE
"Gm16096",TRUE
"Hspa8",TRUE
"Bsx",FALSE
"Jhy",TRUE
"Crtam",TRUE
"Ubash3b",TRUE
"Gm35657",TRUE
"1700063D05Rik",TRUE
"Mir100hg",TRUE
"Gm48742",TRUE
"Gm48740",TRUE
"Gm28119",TRUE
"Gm48784",TRUE
"Gm35835",TRUE
"AC160966.1",TRUE
"Gm35940",TRUE
"Gm48814",FALSE
"Gm40513",TRUE
"Sorl1",TRUE
"Gm16214",TRUE
"Gm39321",FALSE
"4930546K05Rik",TRUE
"Sc5d",TRUE
"Gm36435",TRUE
"Tecta",TRUE
"Gm47629",TRUE
"Tbcel",TRUE
"Gm16322",TRUE
"Grik4",TRUE
"Gm47931",FALSE
"Arhgef12",TRUE
"Tmem136",TRUE
"Pou2f3",TRUE
"Oaf",TRUE
"D630033O11Rik",TRUE
"Trim29",TRUE
"Gm36799",FALSE
"Gm47475",FALSE
"Gm28215",FALSE
"Gm36855",TRUE
"Gm29909",FALSE
"Gm29961",TRUE
"Gm30015",TRUE
"Nectin1",TRUE
"Gm3898",TRUE
"Gm30373",TRUE
"Gm10688",FALSE
"E230034D01Rik",TRUE
"Gm39323",TRUE
"Thy1",TRUE
"Gm49380",TRUE
"Gm39325",FALSE
"Usp2",TRUE
"Rnf26",TRUE
"Mfrp",TRUE
"C1qtnf5",FALSE
"Gm20444",FALSE
"Gm26737",TRUE
"Gm10687",TRUE
"Mcam",TRUE
"Cbl",TRUE
"Ccdc153",TRUE
"Pdzd3",TRUE
"Nlrx1",TRUE
"Abcg4",TRUE
"Gm48604",TRUE
"Hinfp",TRUE
"C2cd2l",TRUE
"Dpagt1",TRUE
"Gm48853",TRUE
"H2afx",TRUE
"Hmbs",TRUE
"Vps11",TRUE
"Hyou1",TRUE
"Slc37a4",TRUE
"Trappc4",TRUE
"Rps25",TRUE
"Ccdc84",TRUE
"Gm47186",TRUE
"Foxr1",TRUE
"Upk2",FALSE
"C030014I23Rik",TRUE
"Gm47204",TRUE
"Bcl9l",TRUE
"Cxcr5",TRUE
"Gm47230",TRUE
"Gm47231",TRUE
"Gm47232",TRUE
"Ddx6",TRUE
"BC049987",TRUE
"Treh",TRUE
"Phldb1",TRUE
"Arcn1",TRUE
"Ift46",TRUE
"Tmem25",TRUE
"Gm48702",TRUE
"Ttc36",TRUE
"Kmt2a",TRUE
"Gm39326",TRUE
"Atp5l",TRUE
"Gm30934",TRUE
"Ube4a",TRUE
"Cd3g",FALSE
"Cd3d",FALSE
"Cd3e",FALSE
"Gm48719",FALSE
"Mpzl2",TRUE
"Mpzl3",TRUE
"Jaml",TRUE
"Gm10684",TRUE
"Scn2b",TRUE
"Scn4b",TRUE
"Gm39327",FALSE
"Tmprss4",TRUE
"Gm17099",FALSE
"BC049352",TRUE
"Il10ra",TRUE
"Lncbate3",FALSE
"Tmprss13",TRUE
"Fxyd6",TRUE
"Fxyd2",TRUE
"4833428L15Rik",TRUE
"Dscaml1",TRUE
"Cep164",TRUE
"Bace1",TRUE
"Gm16536",TRUE
"Rnf214",TRUE
"Pcsk7",TRUE
"Tagln",TRUE
"Gm48529",TRUE
"Sidt2",TRUE
"A830035O19Rik",TRUE
"Pafah1b2",TRUE
"Sik3",TRUE
"Apoa1",TRUE
"Apoc3",FALSE
"Apoa4",FALSE
"Gm10680",FALSE
"Apoa5",FALSE
"Gm47544",FALSE
"Zpr1",TRUE
"Bud13",TRUE
"4931429L15Rik",TRUE
"Gm39329",FALSE
"4930448E22Rik",TRUE
"Gm31374",TRUE
"Gm47141",TRUE
"Gm47144",TRUE
"Gm31432",TRUE
"Gm48945",TRUE
"Gm31557",TRUE
"Gm31614",TRUE
"2900052N01Rik",TRUE
"Gm47153",TRUE
"Gm4791",TRUE
"Gm31698",TRUE
"Gm31816",TRUE
"Cadm1",TRUE
"A730065G17Rik",TRUE
"Gm40518",TRUE
"Nxpe4",TRUE
"Nxpe2",TRUE
"Rexo2",TRUE
"Rbm7",TRUE
"Gm5617",TRUE
"Nnmt",TRUE
"Zbtb16",TRUE
"Gm32335",TRUE
"Htr3a",TRUE
"Htr3b",TRUE
"Usp28",TRUE
"1700042D02Rik",FALSE
"Zw10",TRUE
"Tmprss5",TRUE
"Gm4894",TRUE
"Drd2",TRUE
"Ankk1",TRUE
"Ttc12",TRUE
"Ncam1",TRUE
"Gm11149",TRUE
"Gm47543",FALSE
"2310003N18Rik",FALSE
"Gm39336",FALSE
"Rpl10-ps3",TRUE
"Plet1os",TRUE
"Plet1",TRUE
"Pts",TRUE
"Gm47077",TRUE
"Bco2",TRUE
"Il18",TRUE
"Tex12",TRUE
"Sdhd",TRUE
"Timm8b",TRUE
"Nkapd1",TRUE
"Pih1d2",TRUE
"Dlat",TRUE
"Dixdc1",TRUE
"2310030G06Rik",TRUE
"Hspb2",FALSE
"Cryab",TRUE
"1110032A03Rik",TRUE
"Fdxacb1",TRUE
"Alg9",TRUE
"Ppp2r1b",TRUE
"Sik2",TRUE
"Layn",TRUE
"Btg4",TRUE
"4833427G06Rik",TRUE
"Gm32742",TRUE
"Pou2af1",TRUE
"Gm47828",FALSE
"Colca2",TRUE
"2010007H06Rik",TRUE
"1810046K07Rik",TRUE
"Gm47854",TRUE
"Arhgap20",TRUE
"Arhgap20os",TRUE
"Gm6980",TRUE
"4933407I05Rik",TRUE
"Fdx1",TRUE
"Rdx",TRUE
"Zc3h12c",TRUE
"Gm47957",TRUE
"Gm47960",TRUE
"Gm33125",TRUE
"AI593442",TRUE
"Gm1715",TRUE
"Ddx10",TRUE
"4930510E17Rik",TRUE
"Exph5",TRUE
"Poglut3",TRUE
"4930550C14Rik",TRUE
"Atm",TRUE
"Npat",TRUE
"Acat1",TRUE
"Cul5",TRUE
"Gm16124",TRUE
"Rab39",TRUE
"Slc35f2",TRUE
"Sln",TRUE
"Elmod1",TRUE
"Tnfaip8l3",TRUE
"Gm48346",TRUE
"Cyp19a1",TRUE
"Gldnos",TRUE
"Gldn",TRUE
"Dmxl2",TRUE
"Sh2d7",TRUE
"Cib2",TRUE
"Idh3a",TRUE
"Acsbg1",TRUE
"Dnaja4",TRUE
"Wdr61",TRUE
"Crabp1",TRUE
"Ireb2",TRUE
"Hykk",TRUE
"AY074887",TRUE
"Psma4",TRUE
"Chrna5",TRUE
"Chrna3",TRUE
"Chrnb4",TRUE
"Gm47877",FALSE
"Gm47887",FALSE
"Ube2q2",TRUE
"Fbxo22",TRUE
"Nrg4",TRUE
"Tmem266",TRUE
"Etfa",TRUE
"Isl2",FALSE
"Gm17226",FALSE
"Scaper",TRUE
"4930563M21Rik",TRUE
"Rcn2",TRUE
"Pstpip1",TRUE
"Tspan3",TRUE
"Peak1",TRUE
"Gm29322",TRUE
"Peak1os",TRUE
"Hmg20a",TRUE
"Gm47176",FALSE
"Gm26868",TRUE
"Lingo1",TRUE
"Gm47235",TRUE
"Odf3l1",TRUE
"Cspg4",TRUE
"Gm47237",TRUE
"Snx33",TRUE
"4930442G15Rik",FALSE
"Imp3",TRUE
"Snupn",TRUE
"Ptpn9",TRUE
"Gm10658",TRUE
"Sin3a",TRUE
"Man2c1os",TRUE
"Man2c1",TRUE
"Neil1",TRUE
"Commd4",TRUE
"1700041C23Rik",TRUE
"Trcg1",TRUE
"1700017B05Rik",TRUE
"Ppcdc",TRUE
"Scamp5",TRUE
"Rpp25",TRUE
"Cox5a",TRUE
"Gm26631",TRUE
"Fam219b",TRUE
"Mpi",TRUE
"Scamp2",TRUE
"Ulk3",TRUE
"Cplx3",TRUE
"Lman1l",TRUE
"Csk",TRUE
"Cyp1a2",FALSE
"Cyp1a1",TRUE
"Edc3",TRUE
"Clk3",TRUE
"Gm17231",TRUE
"Arid3b",TRUE
"Ubl7",TRUE
"Sema7a",TRUE
"Gm17322",TRUE
"Cyp11a1",TRUE
"Ccdc33",TRUE
"Gm16130",TRUE
"Stra6",TRUE
"Gm16131",FALSE
"Islr",TRUE
"Islr2",TRUE
"Pml",TRUE
"Stoml1",TRUE
"Loxl1",TRUE
"Tbc1d21",FALSE
"1700072B07Rik",FALSE
"4930461G14Rik",TRUE
"Insyn1",TRUE
"Cd276",TRUE
"Nptn",TRUE
"Rec114",TRUE
"Hcn4",TRUE
"Neo1",TRUE
"Gm47271",TRUE
"Gm33053",TRUE
"Adpgk",TRUE
"Bbs4",TRUE
"Arih1",TRUE
"Gm33180",TRUE
"Tmem202",TRUE
"Hexa",TRUE
"Celf6",TRUE
"Parp6",TRUE
"Pkm",TRUE
"Gramd2",TRUE
"Senp8",TRUE
"Myo9a",TRUE
"Gm20275",TRUE
"Nr2e3",TRUE
"Gm7616",FALSE
"Gm15507",FALSE
"Thsd4",TRUE
"2010001M07Rik",TRUE
"9230112J17Rik",TRUE
"Gm49334",TRUE
"Lrrc49",TRUE
"Larp6",TRUE
"1700036A12Rik",TRUE
"Uaca",TRUE
"Gm9869",TRUE
"Gm47923",FALSE
"Gm5122",FALSE
"Gm33699",TRUE
"Gm39348",TRUE
"Gm34004",TRUE
"Gm33914",TRUE
"4933433G08Rik",FALSE
"I730028E13Rik",FALSE
"Gm34105",FALSE
"B930092H01Rik",TRUE
"Gm10655",FALSE
"Tle3",TRUE
"Gm34322",FALSE
"Rplp1",TRUE
"Kif23",TRUE
"Paqr5",TRUE
"Glce",TRUE
"Gm47262",FALSE
"A730043L09Rik",TRUE
"Spesp1",TRUE
"Gm35288",TRUE
"Anp32a",TRUE
"Coro2b",TRUE
"Itga11",TRUE
"Fem1b",TRUE
"Cln6",TRUE
"Calml4",TRUE
"Pias1",TRUE
"Gm48193",TRUE
"Skor1",TRUE
"Map2k5",TRUE
"2300009A05Rik",TRUE
"Gm16759",TRUE
"Iqch",TRUE
"Aagab",TRUE
"Smad3",TRUE
"Gm36033",TRUE
"Smad6",TRUE
"1700055C04Rik",FALSE
"Scarletltr",FALSE
"Lctl",TRUE
"Zwilch",TRUE
"Rpl4",TRUE
"Snapc5",TRUE
"Map2k1",TRUE
"Gm48855",TRUE
"Uchl4",TRUE
"Tipin",TRUE
"Dis3l",TRUE
"Megf11",TRUE
"Rab11a",TRUE
"Dennd4a",TRUE
"Slc24a1",TRUE
"Ints14",TRUE
"Hacd3",TRUE
"Dpp8",TRUE
"Gm47350",TRUE
"Igdcc4",TRUE
"Igdcc3",TRUE
"Parp16",TRUE
"Cilp",TRUE
"Clpx",TRUE
"Gm39363",TRUE
"Pdcd7",TRUE
"Ubap1l",TRUE
"Kbtbd13",FALSE
"Rasl12",TRUE
"Slc51b",TRUE
"Mtfmt",TRUE
"Gm47270",TRUE
"Spg21",TRUE
"Ankdd1a",TRUE
"Gm17749",TRUE
"Plekho2",TRUE
"Pif1",TRUE
"Rbpms2",TRUE
"Oaz2",TRUE
"Zfp609",TRUE
"Trip4",TRUE
"Pclaf",TRUE
"Csnk1g1",TRUE
"Ppib",TRUE
"Snx22",TRUE
"Snx1",TRUE
"Ciao2a",TRUE
"Dapk2",TRUE
"Herc1",TRUE
"Gm28379",TRUE
"Fbxl22",TRUE
"Usp3",TRUE
"Gm15563",TRUE
"Car12",TRUE
"Aph1b",TRUE
"BC050972",TRUE
"Aph1c",TRUE
"Gm17098",TRUE
"Rab8b",TRUE
"Rps27l",TRUE
"Lactb",TRUE
"Tpm1",TRUE
"Gm10646",TRUE
"Gm19299",TRUE
"Tln2",TRUE
"Gm47047",TRUE
"M5C1000I18Rik",TRUE
"C2cd4b",TRUE
"C2cd4a",TRUE
"Vps13c",TRUE
"Gm20745",FALSE
"Gm28195",FALSE
"4930502A04Rik",TRUE
"Rora",TRUE
"Gm15511",TRUE
"Ice2",TRUE
"Anxa2",TRUE
"Gm16144",TRUE
"Foxb1",TRUE
"B230323A14Rik",TRUE
"Gm28731",TRUE
"Bnip2",TRUE
"Gtf2a2",TRUE
"Gcnt3",TRUE
"2210414F02Rik",FALSE
"Fam81a",TRUE
"Myo1e",TRUE
"Ccnb2",TRUE
"Rnf111",TRUE
"Sltm",TRUE
"Mindy2",TRUE
"Gm10642",TRUE
"Adam10",TRUE
"Lipc",TRUE
"Gm32017",TRUE
"Aqp9",TRUE
"Gm32511",TRUE
"Aldh1a2",TRUE
"Polr2m",TRUE
"Myzap",TRUE
"Cgnl1",TRUE
"Tcf12",TRUE
"Gm27159",TRUE
"Gm27188",TRUE
"Gm27253",TRUE
"Zfp280d",TRUE
"BC065403",TRUE
"Gm27230",TRUE
"Gm27255",FALSE
"Mns1",TRUE
"Gm27231",FALSE
"Tex9",TRUE
"4930509E16Rik",TRUE
"Rfx7",TRUE
"Gm27241",TRUE
"Gm27232",TRUE
"Nedd4",TRUE
"Gm27204",FALSE
"Prtg",TRUE
"Pygo1",TRUE
"Dnaaf4",TRUE
"Ccpg1os",TRUE
"Ccpg1",TRUE
"Pigb",TRUE
"2310009A05Rik",TRUE
"Rab27a",TRUE
"Khdc3",TRUE
"Rsl24d1",TRUE
"Gm27211",TRUE
"Unc13c",TRUE
"Wdr72",TRUE
"Gm28622",FALSE
"Gm16551",TRUE
"Gm28182",TRUE
"Onecut1",TRUE
"Fam214a",TRUE
"Arpp19",TRUE
"Myo5a",TRUE
"Myo5c",TRUE
"Gnb5",TRUE
"Gm19531",TRUE
"Gm48677",TRUE
"Bcl2l10",TRUE
"Mapk6",TRUE
"4933433G15Rik",TRUE
"Leo1",TRUE
"Tmod3",TRUE
"Tmod2",TRUE
"Lysmd2",TRUE
"Scg3",TRUE
"Bmp5",TRUE
"Gm26903",TRUE
"Hmgcll1",TRUE
"Gfral",TRUE
"Hcrtr2",TRUE
"Gm27234",TRUE
"Fam83b",TRUE
"Gm34158",FALSE
"Gm47800",TRUE
"Tinag",TRUE
"Gm19541",FALSE
"Mlip",TRUE
"5730403I07Rik",TRUE
"Lrrc1",TRUE
"Gm19569",FALSE
"Klhl31",TRUE
"Gm47790",TRUE
"Gm47789",FALSE
"Gm47795",TRUE
"Gclc",TRUE
"Gm34654",FALSE
"Gm47818",TRUE
"Elovl5",TRUE
"Gm34829",TRUE
"Gm39375",FALSE
"Gcm1",TRUE
"Fbxo9",TRUE
"Ick",TRUE
"Gsta4",TRUE
"Gsta1",FALSE
"Gm3776",FALSE
"Gm10639",TRUE
"Omt2a",FALSE
"Omt2b",FALSE
"Gsta2",TRUE
"Dppa5a",TRUE
"Ooep",TRUE
"4930542C12Rik",FALSE
"Ddx43",TRUE
"Cgas",TRUE
"Gm17324",TRUE
"Mto1",TRUE
"Eef1a1",TRUE
"Gm47430",TRUE
"Slc17a5",TRUE
"Cd109",TRUE
"4921509A06Rik",FALSE
"Gm35024",FALSE
"Gm47499",TRUE
"Gm47501",TRUE
"Gm28620",FALSE
"Gm39377",TRUE
"Gm10635",TRUE
"Col12a1",TRUE
"4930562D21Rik",TRUE
"Cox7a2",TRUE
"Tmem30a",TRUE
"4930429F24Rik",TRUE
"Filip1",TRUE
"Gm3211",FALSE
"Senp6",TRUE
"Gm17477",TRUE
"Myo6",TRUE
"Gm27227",TRUE
"Impg1",TRUE
"Gm48387",TRUE
"Gm39380",FALSE
"Gm27224",TRUE
"Gm26713",TRUE
"Gm27226",TRUE
"Htr1b",TRUE
"D430036J16Rik",TRUE
"Gm26907",TRUE
"Mei4",TRUE
"Gm35548",TRUE
"1700063H06Rik",TRUE
"Irak1bp1",TRUE
"Phip",TRUE
"Gm39383",TRUE
"Gm38398",TRUE
"Hmgn3",TRUE
"Gm29054",TRUE
"Gm27216",TRUE
"Gm46123",TRUE
"Lca5",TRUE
"Gm2087",TRUE
"Sh3bgrl2",TRUE
"Gm39384",TRUE
"Gm36120",TRUE
"Gm2109",TRUE
"Elovl4",TRUE
"Ttk",TRUE
"Gm36278",TRUE
"Bckdhb",TRUE
"Gm46124",TRUE
"Gm39388",TRUE
"4930554C24Rik",TRUE
"Gm48820",FALSE
"Gm28625",FALSE
"Gm48821",TRUE
"Gm48830",TRUE
"Gm48831",TRUE
"Gm11114",FALSE
"Tent5a",TRUE
"Gm48832",TRUE
"Gm48833",FALSE
"Gm48834",TRUE
"Gm48842",FALSE
"Ibtk",TRUE
"9330154J02Rik",TRUE
"Tpbg",TRUE
"Gm47604",FALSE
"Ube2cbp",TRUE
"Dop1a",TRUE
"Pgm3",TRUE
"Rwdd2a",TRUE
"Me1",TRUE
"A330041J22Rik",TRUE
"Prss35",TRUE
"Snap91",TRUE
"Gm36539",TRUE
"Ripply2",TRUE
"Cyb5r4",TRUE
"Mrap2",TRUE
"Cep162",TRUE
"Tbx18",TRUE
"Gm28231",FALSE
"Nt5e",TRUE
"Snx14",TRUE
"Gm28229",TRUE
"Syncrip",TRUE
"Snhg5",TRUE
"Zfp949",TRUE
"Trim43a",TRUE
"9430037G07Rik",TRUE
"Mthfsl",TRUE
"Gm10634",TRUE
"Bcl2a1d",TRUE
"Gm29562",TRUE
"Trim43c",TRUE
"9330159M07Rik",TRUE
"Gm26611",FALSE
"Gm2396",TRUE
"Bcl2a1a",TRUE
"Trim43b",TRUE
"4930579C12Rik",TRUE
"Bcl2a1b",TRUE
"Mthfs",TRUE
"Gm47403",TRUE
"Minar1",TRUE
"Gm47409",TRUE
"Tmed3",TRUE
"Ankrd34c",TRUE
"1700017I07Rik",FALSE
"4930524O08Rik",TRUE
"Rasgrf1",TRUE
"Ctsh",TRUE
"Morf4l1",TRUE
"Adamts7",TRUE
"Tbc1d2b",TRUE
"Gm30849",TRUE
"Gm28703",FALSE
"Gm29408",FALSE
"Gm28652",TRUE
"Zic1",TRUE
"Zic4",TRUE
"Gm29478",TRUE
"Gm31409",TRUE
"Plscr5",TRUE
"Plscr1",TRUE
"Plscr2",TRUE
"Gm29139",FALSE
"1700057G04Rik",TRUE
"Plscr4",TRUE
"Plod2",TRUE
"4933400C23Rik",TRUE
"Gm28054",TRUE
"1700034K08Rik",TRUE
"Dipk2a",TRUE
"Gm29395",TRUE
"Slc9a9",TRUE
"Gm16262",TRUE
"Chst2",TRUE
"U2surp",TRUE
"Gm28424",TRUE
"Gm32281",TRUE
"Paqr9",TRUE
"Gm16126",TRUE
"Gm16127",FALSE
"Pcolce2",TRUE
"Trpc1",TRUE
"Pls1",TRUE
"1700065D16Rik",TRUE
"Atr",TRUE
"Gm16794",TRUE
"Xrn1",TRUE
"C78334",TRUE
"Gm28085",TRUE
"Gk5",TRUE
"Tfdp2",TRUE
"Atp1b3",TRUE
"BC043934",TRUE
"Rnf7",TRUE
"Gm28729",TRUE
"Rasa2",TRUE
"Zbtb38",TRUE
"A930006L05Rik",TRUE
"C430002N11Rik",TRUE
"Pxylp1",TRUE
"Spsb4",TRUE
"Gm16010",TRUE
"Gm19325",TRUE
"Slc25a36",TRUE
"Gm16185",TRUE
"Trim42",TRUE
"Gm15891",TRUE
"Clstn2",TRUE
"4921534H16Rik",TRUE
"2610303G11Rik",FALSE
"Nmnat3",TRUE
"Rbp1",TRUE
"Rbp2",TRUE
"4930579K19Rik",TRUE
"Copb2",TRUE
"Mrps22",TRUE
"Gm37637",TRUE
"E330023G01Rik",FALSE
"Prr23a1",FALSE
"Prr23a2",FALSE
"Prr23a3",FALSE
"7420426K07Rik",FALSE
"Foxl2os",FALSE
"Foxl2",TRUE
"Faim",TRUE
"Gm1123",TRUE
"Pik3cb",TRUE
"Faiml",TRUE
"Cep70",TRUE
"4930422M22Rik",TRUE
"Esyt3",TRUE
"Gm28087",TRUE
"Mras",TRUE
"Nme9",TRUE
"Armc8",TRUE
"Dbr1",TRUE
"A4gnt",TRUE
"Dzip1l",TRUE
"Cldn18",TRUE
"Gm16004",TRUE
"Gm47757",FALSE
"Sox14",FALSE
"4930519F24Rik",FALSE
"Gm28167",FALSE
"Gm34397",FALSE
"Gm28166",FALSE
"Il20rb",TRUE
"Nck1",TRUE
"Gm28586",FALSE
"Slc35g2",TRUE
"Stag1",TRUE
"Pccb",TRUE
"Msl2",TRUE
"Ppp2r3a",TRUE
"Gm28979",FALSE
"Gm29521",TRUE
"9630041A04Rik",TRUE
"Ephb1",TRUE
"Gm29388",FALSE
"Ky",TRUE
"Gm29387",FALSE
"Cep63",TRUE
"Anapc13",TRUE
"4930533D04Rik",FALSE
"Amotl2",TRUE
"Gm5627",TRUE
"Gm47416",TRUE
"Ryk",TRUE
"Slco2a1",TRUE
"Gm47468",TRUE
"Rab6b",TRUE
"Srprb",TRUE
"Trf",TRUE
"1300017J02Rik",TRUE
"Topbp1",TRUE
"Cdv3",TRUE
"Gm47328",TRUE
"5830418P13Rik",TRUE
"Bfsp2",TRUE
"Gm16252",TRUE
"Tmem108",TRUE
"Gm32743",TRUE
"4932413F04Rik",TRUE
"Gm29154",TRUE
"Gm33054",FALSE
"Nphp3",TRUE
"Uba5",TRUE
"Acad11",TRUE
"Ackr4",TRUE
"Dnajc13",TRUE
"Acpp",TRUE
"Gm28548",FALSE
"Cpne4",TRUE
"Mrpl3",TRUE
"Gm47106",TRUE
"Nudt16",TRUE
"Nudt16l2",FALSE
"Nek11",TRUE
"Gm20643",TRUE
"Gm15619",TRUE
"Aste1",TRUE
"Atp2c1",TRUE
"Gm19667",TRUE
"Pik3r4",TRUE
"Col6a6",TRUE
"Col6a5",TRUE
"Col6a4",TRUE
"Gm47575",FALSE
"Gm29208",FALSE
"D030055H07Rik",TRUE
"Glyctk",TRUE
"Wdr82",TRUE
"Ppm1m",TRUE
"Twf2",TRUE
"Tlr9",TRUE
"Alas1",TRUE
"4930500F10Rik",TRUE
"Poc1a",TRUE
"Gm29123",TRUE
"Dusp7",TRUE
"Rpl29",TRUE
"Acy1",TRUE
"Abhd14a",TRUE
"Abhd14b",TRUE
"Gm28959",TRUE
"Pcbp4",TRUE
"Gpr62",TRUE
"Parp3",TRUE
"Rrp9",TRUE
"Iqcf1",FALSE
"Iqcf3",TRUE
"Iqcf5",FALSE
"Iqcf4",TRUE
"Iqcf6",FALSE
"Gm28111",TRUE
"Grm2",TRUE
"Tex264",TRUE
"Rad54l2",TRUE
"Dcaf1",TRUE
"Manf",TRUE
"Gm37612",TRUE
"Rbm15b",TRUE
"4930524O07Rik",TRUE
"Dock3",TRUE
"1700039M15Rik",TRUE
"Mapkapk3",TRUE
"Cish",TRUE
"Gm17041",TRUE
"Hemk1",TRUE
"6430571L13Rik",TRUE
"4930429P21Rik",FALSE
"Cacna2d2",TRUE
"Gm17141",TRUE
"Gm17118",TRUE
"Tmem115",TRUE
"Cyb561d2",TRUE
"Nprl2",TRUE
"Zmynd10",TRUE
"Gm34106",TRUE
"Rassf1",TRUE
"Gm9917",TRUE
"Tusc2",TRUE
"Hyal2",TRUE
"Gm16343",TRUE
"Hyal1",TRUE
"Naa80",TRUE
"Hyal3",TRUE
"Ifrd2",TRUE
"Lsmem2",TRUE
"Gm38150",TRUE
"Sema3b",TRUE
"Gnai2",TRUE
"Slc38a3",TRUE
"Gnat1",TRUE
"Sema3f",TRUE
"Rbm5",TRUE
"Gm37850",TRUE
"Rbm6",TRUE
"Mon1a",TRUE
"Mst1r",TRUE
"Actl11",FALSE
"Gm37974",FALSE
"Camkv",TRUE
"Traip",TRUE
"Uba7",TRUE
"Inka1",TRUE
"4921523L03Rik",TRUE
"Cdhr4",TRUE
"4930535L15Rik",TRUE
"Ip6k1",TRUE
"Gm38134",TRUE
"Gmppb",TRUE
"Rnf123",TRUE
"Gm20529",TRUE
"Amigo3",TRUE
"Mst1",TRUE
"Apeh",TRUE
"Bsn",TRUE
"4930447F24Rik",TRUE
"Dag1",TRUE
"Nicn1",TRUE
"Amt",TRUE
"Tcta",TRUE
"Rhoa",TRUE
"Gm37401",TRUE
"Gpx1",TRUE
"Usp4",TRUE
"Gm37963",TRUE
"1700102P08Rik",TRUE
"Ccdc36",TRUE
"BC048562",TRUE
"Klhdc8b",TRUE
"Ccdc71",TRUE
"Lamb2",TRUE
"Usp19",TRUE
"Qars",TRUE
"Qrich1",TRUE
"Impdh2",TRUE
"Ndufaf3",TRUE
"4833445I07Rik",TRUE
"Dalrd3",TRUE
"Wdr6",TRUE
"P4htm",TRUE
"Gm38163",TRUE
"Arih2",TRUE
"Slc25a20",TRUE
"Prkar2a",TRUE
"Ip6k2",TRUE
"Nckipsd",TRUE
"Gm35025",TRUE
"Celsr3",TRUE
"Slc26a6",TRUE
"Tmem89",TRUE
"Uqcrc1",TRUE
"Col7a1",TRUE
"Ucn2",TRUE
"Gm38004",TRUE
"Pfkfb4",TRUE
"Shisa5",TRUE
"Trex1",FALSE
"Atrip",TRUE
"Tma7",TRUE
"Ccdc51",TRUE
"Gm7628",TRUE
"Plxnb1",TRUE
"Fbxw21",TRUE
"Fbxw13",TRUE
"Fbxw20",FALSE
"Fbxw14",FALSE
"Fbxw28",FALSE
"Fbxw22",FALSE
"Fbxw16",FALSE
"Gm42493",FALSE
"Fbxw19",FALSE
"Gm42756",TRUE
"Fbxw15",TRUE
"Fbxw24",FALSE
"Fbxw25",TRUE
"Fbxw18",TRUE
"Fbxw26",TRUE
"Fbxw27",TRUE
"Spink8",TRUE
"Nme6",TRUE
"Camp",TRUE
"Cdc25a",TRUE
"Map4",TRUE
"Gm43732",TRUE
"Dhx30",TRUE
"Smarcc1",TRUE
"Cspg5",TRUE
"Gm42775",TRUE
"Elp6",TRUE
"Scap",TRUE
"Ptpn23",TRUE
"Ngp",TRUE
"Klhl18",TRUE
"Kif9",TRUE
"Setd2",TRUE
"Nradd",TRUE
"Nbeal2",TRUE
"Gm42470",FALSE
"Ccdc12",TRUE
"Gm35715",TRUE
"Pth1r",TRUE
"Myl3",TRUE
"Prss42",FALSE
"Prss44",FALSE
"Prss43",TRUE
"Prss45",TRUE
"Prss46",TRUE
"Prss50",TRUE
"Tmie",TRUE
"Als2cl",TRUE
"Fam240a",TRUE
"Tdgf1",TRUE
"Lrrc2",TRUE
"Rtp3",TRUE
"1700061E17Rik",FALSE
"Gm10030",TRUE
"Ltf",TRUE
"Ccrl2",TRUE
"Lrrfip2",TRUE
"Mlh1",TRUE
"Epm2aip1",TRUE
"Trank1",TRUE
"Dclk3",TRUE
"Gm42523",FALSE
"Gm43236",FALSE
"Stac",TRUE
"4930545L08Rik",TRUE
"Arpp21",TRUE
"2310075C17Rik",TRUE
"2900079G21Rik",TRUE
"4933411E02Rik",TRUE
"Gm36251",TRUE
"Gm4657",TRUE
"Gm36367",TRUE
"Gm39436",TRUE
"Gm36485",TRUE
"Gm47875",TRUE
"AU023762",TRUE
"Gm36745",TRUE
"Pdcd6ip",TRUE
"Clasp2",TRUE
"Ubp1",TRUE
"Fbxl2",TRUE
"Gm47950",TRUE
"Susd5",TRUE
"Gm29825",TRUE
"4921528I07Rik",TRUE
"Bcl2a1c",FALSE
"4930520O04Rik",TRUE
"Crtap",TRUE
"Glb1",TRUE
"Tmppe",TRUE
"Ccr4",TRUE
"Trim71",TRUE
"C130032M10Rik",FALSE
"Cnot10",TRUE
"Dync1li1",TRUE
"Cmtm6",TRUE
"Cmtm7",TRUE
"Gm9888",TRUE
"Cmtm8",TRUE
"Gpd1l",TRUE
"Osbpl10",TRUE
"Rps27rt",TRUE
"Gm4665",TRUE
"Gm26962",TRUE
"Gm27002",TRUE
"Stt3b",TRUE
"D330037F02Rik",TRUE
"Gm48007",FALSE
"Gadl1",TRUE
"Gm16142",FALSE
"Tgfbr2",TRUE
"Gm4668",TRUE
"Gm48038",FALSE
"Gm31410",TRUE
"D730003K21Rik",TRUE
"Rbms3",TRUE
"Gm17396",TRUE
"Gm26614",TRUE
"Zcwpw2",TRUE
"Azi2",TRUE
"Cmc1",TRUE
"Gm17399",TRUE
"Platr11",FALSE
"4933432G23Rik",FALSE
"Eomes",TRUE
"Gm33460",FALSE
"Golga4",TRUE
"Gm45897",TRUE
"Itga9",TRUE
"Gm2415",TRUE
"Gm16295",FALSE
"Ctdspl",TRUE
"Vill",TRUE
"Plcd1",TRUE
"Dlec1",TRUE
"Acaa1b",TRUE
"Gm47289",TRUE
"Slc22a14",TRUE
"Slc22a13",TRUE
"Oxsr1",TRUE
"Myd88",TRUE
"Acaa1a",TRUE
"Xylb",TRUE
"Acvr2b",TRUE
"Gm47320",TRUE
"4930516B21Rik",TRUE
"Exog",TRUE
"Scn5a",TRUE
"Scn10a",TRUE
"Scn11a",TRUE
"Gm2449",TRUE
"Wdr48",TRUE
"Cx3cr1",TRUE
"Gorasp1",TRUE
"Ttc21a",TRUE
"Csrnp1",TRUE
"1700019L13Rik",TRUE
"Gm47043",TRUE
"Gm49427",FALSE
"Xirp1",FALSE
"Gm33858",TRUE
"Ccr8",FALSE
"Slc25a38",TRUE
"Rpsa",TRUE
"Gm5922",FALSE
"Mobp",TRUE
"Gm38642",TRUE
"Gm47059",TRUE
"Myrip",TRUE
"D830035M03Rik",TRUE
"Eif1b",TRUE
"Entpd3",TRUE
"Rpl14",TRUE
"5830454E08Rik",TRUE
"Gm39456",TRUE
"Gm39458",TRUE
"Gm47064",FALSE
"Gm47066",FALSE
"Gm39459",TRUE
"Gm47068",FALSE
"Gm47069",FALSE
"Gm19385",TRUE
"Gm34425",FALSE
"Gm47070",FALSE
"Gm39460",FALSE
"1700020M21Rik",FALSE
"4930593C16Rik",TRUE
"Ctnnb1",TRUE
"Ulk4",TRUE
"Gm34655",TRUE
"Trak1",TRUE
"Cck",TRUE
"Gm47095",TRUE
"Gm38661",TRUE
"Lyzl4",TRUE
"Lyzl4os",TRUE
"Vipr1",TRUE
"Sec22c",TRUE
"Ss18l2",TRUE
"Nktr",TRUE
"E530011L22Rik",TRUE
"Zfp651",TRUE
"Klhl40",TRUE
"Hhatl",TRUE
"Ccdc13",TRUE
"Gm17163",TRUE
"Higd1a",TRUE
"Gm47112",TRUE
"Gm47113",TRUE
"Ackr2",TRUE
"Cyp8b1",FALSE
"1700048O20Rik",TRUE
"Gask1a",TRUE
"Pomgnt2",TRUE
"Gm39463",TRUE
"Gm47117",TRUE
"Gm39465",TRUE
"Gm39464",TRUE
"Snrk",TRUE
"Gm47121",TRUE
"Ano10",TRUE
"Gm26797",TRUE
"Gm47126",TRUE
"Abhd5",TRUE
"A730085K08Rik",TRUE
"Gm47128",FALSE
"Gm35454",FALSE
"Gm47131",FALSE
"Gm47133",FALSE
"9530059O14Rik",TRUE
"Gm47134",TRUE
"Gm35501",TRUE
"Gm47136",TRUE
"Topaz1",TRUE
"Tcaim",TRUE
"Gm35549",TRUE
"Zfp445",TRUE
"Gm47140",TRUE
"A530083I20Rik",TRUE
"Zkscan7",TRUE
"Zfp105",TRUE
"1110059G10Rik",TRUE
"Kif15",TRUE
"Gm9856",TRUE
"Tmem42",TRUE
"Tgm4",TRUE
"Zdhhc3",TRUE
"Exosc7",TRUE
"Clec3b",TRUE
"Cdcp1",TRUE
"Tmem158",TRUE
"Gm47162",FALSE
"Lars2",TRUE
"Limd1",TRUE
"Sacm1l",TRUE
"Slc6a20b",TRUE
"Slc6a20a",TRUE
"Gm17120",TRUE
"Gm17200",TRUE
"Ccr9",TRUE
"Lztfl1",TRUE
"Gm17021",TRUE
"Fyco1",TRUE
"Cxcr6",TRUE
"Xcr1",TRUE
"Ccr1",TRUE
"Ccr1l1",FALSE
"Ccr3",FALSE
"Ccr2",TRUE
"Ccr5",TRUE
"Gm39469",TRUE
"2010315B03Rik",TRUE
"Gm47181",TRUE
"Ppp2r3d",TRUE
"Gm21836",FALSE
"9230019H11Rik",FALSE
"B020014A21Rik",FALSE
"H60c",FALSE
"Ppp1r14c",TRUE
"Iyd",TRUE
"Plekhg1",TRUE
"Mthfd1l",TRUE
"Gm30570",FALSE
"Akap12",TRUE
"Zbtb2",TRUE
"Gm21781",TRUE
"Rmnd1",TRUE
"Gm16153",TRUE
"Armt1",TRUE
"Ccdc170",TRUE
"Esr1",TRUE
"Syne1",TRUE
"Gm10097",TRUE
"Myct1",TRUE
"Vip",TRUE
"Fbxo5",TRUE
"Mtrf1l",TRUE
"Rgs17",TRUE
"Gm10945",TRUE
"Oprm1",TRUE
"Ipcef1",TRUE
"Cnksr3",TRUE
"Ulbp1",TRUE
"Lrp11",TRUE
"Pcmt1",TRUE
"Nup43",TRUE
"Lats1",TRUE
"Katna1",TRUE
"Gm20470",TRUE
"Ginm1",TRUE
"B430219N15Rik",TRUE
"Ppil4",TRUE
"Zc3h12d",TRUE
"Tab2",TRUE
"Gm48614",TRUE
"Gm30906",TRUE
"Ust",TRUE
"Gm48654",TRUE
"Sash1",TRUE
"Gm26674",TRUE
"Gm48727",TRUE
"Gm48728",TRUE
"Gm48748",TRUE
"Gm48749",TRUE
"Gm48757",TRUE
"Gm48759",TRUE
"Samd5",TRUE
"Stxbp5",TRUE
"Gm46210",TRUE
"Gm28905",TRUE
"Gm48278",TRUE
"Gm48281",TRUE
"Gm48279",TRUE
"4930598N05Rik",TRUE
"Gm31904",TRUE
"Gm48324",TRUE
"Adgb",TRUE
"Rab32",TRUE
"Gm10944",TRUE
"Grm1",TRUE
"4930567K20Rik",TRUE
"Shprh",TRUE
"Gm16577",TRUE
"4930432B10Rik",TRUE
"Fbxo30",TRUE
"Epm2a",TRUE
"Gm48680",TRUE
"Gm48697",TRUE
"Gm48721",FALSE
"Gm48722",TRUE
"Gm48723",FALSE
"Gm48724",TRUE
"Utrn",TRUE
"B230208H11Rik",TRUE
"Stx11",TRUE
"Sf3b5",TRUE
"Gm47691",FALSE
"Plagl1",TRUE
"Zc2hc1b",TRUE
"Ltv1",TRUE
"Phactr2",TRUE
"Fuca2",TRUE
"Pex3",TRUE
"Adat2",TRUE
"Gm48773",TRUE
"Aig1",TRUE
"Gm32172",TRUE
"Gm32105",FALSE
"Hivep2",TRUE
"Gm28289",TRUE
"Gm48843",TRUE
"Gm48845",TRUE
"Gm48844",TRUE
"Gm40603",TRUE
"Gm48854",TRUE
"Adgrg6",TRUE
"Gm46212",TRUE
"Vta1",TRUE
"Gm16234",TRUE
"Nmbr",TRUE
"Gje1",FALSE
"B230364G03Rik",TRUE
"Gm47698",TRUE
"Gm47710",TRUE
"Gm47712",TRUE
"Gm40604",TRUE
"Gm32283",FALSE
"C330004P14Rik",FALSE
"Gm47729",FALSE
"Gm20125",TRUE
"Gm47760",TRUE
"Gm47761",TRUE
"Gm47769",TRUE
"Gm47770",TRUE
"Gm47771",TRUE
"Cited2",TRUE
"Gm20655",TRUE
"Txlnb",TRUE
"Heca",TRUE
"Abracl",TRUE
"Reps1",TRUE
"Ect2l",TRUE
"Ccdc28a",TRUE
"Gm10827",TRUE
"Nhsl1",TRUE
"Hebp2",TRUE
"Arfgef3",TRUE
"Gm32926",TRUE
"Gm4922",TRUE
"4930444F02Rik",TRUE
"Perp",TRUE
"Gm48483",TRUE
"Tnfaip3",TRUE
"1700124M09Rik",FALSE
"Gm48545",FALSE
"Gm20139",TRUE
"Gm33056",TRUE
"Olig3",TRUE
"Gm33104",TRUE
"Ifngr1",TRUE
"Il22ra2",FALSE
"9230106D20Rik",FALSE
"Il20ra",TRUE
"Gm33332",TRUE
"Slc35d3",TRUE
"Pex7",TRUE
"Map3k5",TRUE
"Map7",TRUE
"4930405J17Rik",TRUE
"Gm48249",TRUE
"4933406P04Rik",TRUE
"Bclaf1",TRUE
"Mtfr2",TRUE
"Pde7b",TRUE
"Gm48651",TRUE
"Ahi1",TRUE
"Gm20149",TRUE
"Gm48189",FALSE
"Myb",TRUE
"Gm26577",TRUE
"Gm40608",TRUE
"Gm33619",FALSE
"Gm33728",TRUE
"Hbs1l",TRUE
"4930455C13Rik",TRUE
"Aldh8a1",TRUE
"1700021A07Rik",FALSE
"1700020N01Rik",TRUE
"Gm5420",TRUE
"Gm29323",FALSE
"Platr6",TRUE
"Sgk1",TRUE
"4930444G20Rik",FALSE
"E030030I06Rik",TRUE
"Raet1e",TRUE
"H60b",FALSE
"Gm26740",TRUE
"Gm26581",TRUE
"Raet1d",FALSE
"Gm10825",FALSE
"Slc2a12",TRUE
"Tbpl1",TRUE
"AC166256.1",FALSE
"Gm47634",FALSE
"Gm10824",FALSE
"Tcf21",FALSE
"Eya4",TRUE
"Gm47843",TRUE
"4930520K02Rik",FALSE
"Rps12",TRUE
"Slc18b1",TRUE
"Vnn3",FALSE
"Vnn1",TRUE
"Taar1",FALSE
"Taar2",FALSE
"Taar3",FALSE
"Taar4",TRUE
"Taar5",FALSE
"Taar6",FALSE
"Taar7a",FALSE
"Taar7b",FALSE
"Taar7d",FALSE
"Taar7e",FALSE
"Taar7f",FALSE
"Taar8a",FALSE
"Taar8b",FALSE
"Taar8c",FALSE
"Taar9",FALSE
"Gm40614",FALSE
"Stx7",TRUE
"Moxd1",TRUE
"Gm15271",TRUE
"Gm15270",TRUE
"Ccn2",TRUE
"Enpp1",TRUE
"Enpp3",TRUE
"Med23",TRUE
"Arg1",TRUE
"Gm36172",TRUE
"Gm47715",TRUE
"Akap7",TRUE
"Gm40617",TRUE
"Epb41l2",TRUE
"Smlr1",TRUE
"Gm29571",TRUE
"Gm36908",TRUE
"Gm36543",TRUE
"4930401C15Rik",TRUE
"Gm47939",TRUE
"Tmem200a",TRUE
"Gm9767",TRUE
"Samd3",TRUE
"L3mbtl3",TRUE
"Gm30034",FALSE
"Gm48893",TRUE
"Arhgap18",TRUE
"Gm48084",TRUE
"Lama2",TRUE
"4930579H20Rik",TRUE
"Gm30165",TRUE
"Gm30228",TRUE
"Ptprk",TRUE
"Themis",TRUE
"2310057J18Rik",TRUE
"Soga3",TRUE
"9330159F19Rik",TRUE
"Gm46218",TRUE
"Echdc1",TRUE
"Rnf146",TRUE
"Gm40621",TRUE
"Rspo3",TRUE
"Gm48159",TRUE
"Gm48215",TRUE
"Cenpw",TRUE
"Trmt11",TRUE
"Gm20300",TRUE
"Hint3",TRUE
"Ncoa7",TRUE
"Hey2",TRUE
"Gm30676",TRUE
"Hddc2",TRUE
"Tpd52l1",TRUE
"Gm48094",TRUE
"Gm48093",TRUE
"Rnf217",TRUE
"Nkain2",TRUE
"Gm47823",TRUE
"Trdn",TRUE
"D830005E20Rik",TRUE
"Clvs2",TRUE
"Gm15939",TRUE
"Sult3a2",TRUE
"Sult3a1",TRUE
"Rsph4a",TRUE
"Zup1",TRUE
"A830082N09Rik",TRUE
"Rwdd1",TRUE
"Gm48045",TRUE
"Trappc3l",TRUE
"Calhm4",FALSE
"Calhm5",TRUE
"Calhm6",TRUE
"Dse",TRUE
"Gm26564",FALSE
"Tspyl1",TRUE
"Nt5dc1",TRUE
"Gm47512",TRUE
"Tspyl4",TRUE
"Col10a1",TRUE
"Frk",TRUE
"1700054O05Rik",FALSE
"Amd2",TRUE
"Gm49446",FALSE
"Gm47049",FALSE
"Hs3st5",TRUE
"Hdac2",TRUE
"Marcks",TRUE
"5930403N24Rik",TRUE
"4930543K20Rik",FALSE
"Gm26535",TRUE
"Gm31378",FALSE
"4930591E09Rik",TRUE
"Gm48197",FALSE
"Rfpl4b",FALSE
"Lama4",TRUE
"Fam229b",TRUE
"Tube1",TRUE
"Ccn6",TRUE
"D030034A15Rik",FALSE
"Gm31562",FALSE
"Gm48486",TRUE
"Fyn",TRUE
"Gm16364",TRUE
"Gm16364.1",TRUE
"Traf3ip2",TRUE
"E130307A14Rik",TRUE
"Rev3l",TRUE
"Mfsd4b4",TRUE
"4930547M16Rik",TRUE
"Mfsd4b5",TRUE
"Mfsd4b1",TRUE
"Slc16a10",TRUE
"Gm31992",FALSE
"Gm47598",FALSE
"Rpf2",TRUE
"Gtf3c6",TRUE
"A930033M14Rik",TRUE
"Amd1",TRUE
"Cdk19",TRUE
"Cdk19os",FALSE
"Slc22a16",TRUE
"Ddo",TRUE
"Mettl24",TRUE
"Cdc40",TRUE
"Wasf1",TRUE
"Gm48057",FALSE
"Gpr6",TRUE
"Gm32284",TRUE
"Gm32338",FALSE
"Fig4",TRUE
"Ak9",TRUE
"Zbtb24",TRUE
"Mical1",TRUE
"Smpd2",TRUE
"Ppil6",TRUE
"Cd164",TRUE
"Ccdc162",TRUE
"Gm17196",TRUE
"5730435O14Rik",TRUE
"Cep57l1",TRUE
"BC048559",TRUE
"Sesn1",TRUE
"Armc2",TRUE
"1700016J18Rik",TRUE
"Foxo3",TRUE
"Afg1l",TRUE
"Snx3",TRUE
"Nr2e1",TRUE
"Ostm1",TRUE
"Gm15200",FALSE
"Gm15199",TRUE
"Sec63",TRUE
"Scml4",TRUE
"Gm34006",TRUE
"Gm48671",TRUE
"Sobp",TRUE
"Gm47815",TRUE
"Gm29246",TRUE
"9030612E09Rik",TRUE
"Pdss2",TRUE
"Bend3",TRUE
"Gm47889",TRUE
"Gm9803",TRUE
"1700021F05Rik",TRUE
"Cd24a",TRUE
"F930017D23Rik",TRUE
"Gm34481",FALSE
"Gm47927",TRUE
"Gm47926",FALSE
"Gm40634",FALSE
"1700027J07Rik",TRUE
"4933404K13Rik",FALSE
"Qrsl1",TRUE
"Rtn4ip1",TRUE
"Crybg1",TRUE
"Atg5",TRUE
"Gm35028",TRUE
"Prdm1",TRUE
"Gm48061",TRUE
"Gm48065",TRUE
"Gm35154",TRUE
"Gm48066",FALSE
"Gm47389",FALSE
"4930431F10Rik",TRUE
"Gm47392",TRUE
"Gm47398",TRUE
"Gm40638",TRUE
"Gm40639",FALSE
"Prep",TRUE
"Popdc3",TRUE
"Gm15934",TRUE
"Bves",TRUE
"Lin28b",TRUE
"Hace1",TRUE
"D030045P18Rik",TRUE
"Gm35430",TRUE
"Gm35552",TRUE
"Gm47568",TRUE
"Gm47354",FALSE
"Grik2",TRUE
"Gm26543",TRUE
"Gm47018",TRUE
"Gm48275",FALSE
"Ascc3",TRUE
"Sim1",TRUE
"Gm46189",TRUE
"Lilr4b",TRUE
"Gm40645",TRUE
"Lilrb4a",TRUE
"Gm46224",TRUE
"Fam162b",FALSE
"Gprc6a",TRUE
"1700042O05Rik",FALSE
"Rfx6",TRUE
"4933411G06Rik",FALSE
"Gm47613",FALSE
"Gm47614",FALSE
"Gm40646",TRUE
"Vgll2",FALSE
"Ros1",TRUE
"Dcbld1",TRUE
"Gopc",TRUE
"Gm26741",FALSE
"Nepn",FALSE
"Nus1",TRUE
"Gm36065",TRUE
"Slc35f1",TRUE
"Gm47622",TRUE
"Gm40649",TRUE
"Gm36173",TRUE
"Cep85l",TRUE
"Gm19395",TRUE
"Pln",TRUE
"Gm47644",TRUE
"Gm36229",FALSE
"Gm40650",TRUE
"Gm20597",TRUE
"Mcm9",TRUE
"Gm47738",TRUE
"Gm47739",TRUE
"Asf1a",TRUE
"Fam184a",TRUE
"Gm47915",TRUE
"Man1a",TRUE
"Gm47917",TRUE
"Gm16998",TRUE
"Tbc1d32",TRUE
"Msl3l2",TRUE
"Gja1",TRUE
"Gm36595",TRUE
"4930452L12Rik",FALSE
"Gm48053",FALSE
"Gm36827",TRUE
"Gm40652",TRUE
"4930467K11Rik",FALSE
"Hsf2",TRUE
"Serinc1",TRUE
"Pkib",TRUE
"Fabp7",TRUE
"Smpdl3a",TRUE
"AW822073",FALSE
"Duxf3",FALSE
"Gm4981",FALSE
"Gcc2",TRUE
"Lims1",TRUE
"Ranbp2",TRUE
"Ccdc138",TRUE
"Edar",TRUE
"BB019430",TRUE
"Gm17542",TRUE
"Sh3rf3",TRUE
"Sept10",TRUE
"Sowahc",TRUE
"P4ha1",TRUE
"Pla2g12b",TRUE
"Oit3",TRUE
"Mcu",TRUE
"Gm10322",TRUE
"Micu1",TRUE
"Gm17059",TRUE
"Dnajb12",TRUE
"Ddit4",TRUE
"Anapc16",TRUE
"Ascc1",TRUE
"Spock2",TRUE
"Chst3",TRUE
"Psap",TRUE
"Cdh23",TRUE
"Vsir",TRUE
"Gm17455",TRUE
"Slc29a3",TRUE
"Unc5b",TRUE
"Pldi",TRUE
"Gm26947",TRUE
"Gm20611",TRUE
"Gm20625",FALSE
"Gm20610",FALSE
"Pcbd1",TRUE
"Sgpl1",TRUE
"Tbata",TRUE
"Adamts14",TRUE
"Prf1",TRUE
"Pald1",TRUE
"Nodal",TRUE
"Eif4ebp2",TRUE
"Gm48086",TRUE
"D830039M14Rik",TRUE
"Lrrc20",TRUE
"Gm47595",TRUE
"Gm47593",TRUE
"Gm28447",TRUE
"Npffr1",TRUE
"Ppa1",TRUE
"1700022H01Rik",TRUE
"Sar1a",TRUE
"Tysnd1",TRUE
"Aifm2",TRUE
"H2afy2",TRUE
"Col13a1",TRUE
"Fam241b",TRUE
"Neurog3",FALSE
"Tspan15",TRUE
"Tacr2",TRUE
"Hk1",TRUE
"Hk1os",TRUE
"Hkdc1",TRUE
"Supv3l1",TRUE
"4930507D05Rik",TRUE
"Vps26a",TRUE
"Srgn",TRUE
"Kif1bp",TRUE
"4933428P19Rik",TRUE
"Ddx21",TRUE
"Gm47257",TRUE
"Ddx50",TRUE
"Stox1",TRUE
"Ccar1",TRUE
"Tet1",TRUE
"Slc25a16",TRUE
"Dna2",TRUE
"Rufy2",TRUE
"Gm16135",TRUE
"Hnrnph3",TRUE
"Pbld2",TRUE
"Gm16143",FALSE
"Pbld1",TRUE
"Gm48072",TRUE
"Atoh7",TRUE
"Mypn",TRUE
"1700120B22Rik",TRUE
"Herc4",TRUE
"Gm26789",TRUE
"Sirt1",TRUE
"Gm16145",TRUE
"Dnajc12",TRUE
"Gm7075",FALSE
"Ctnna3",TRUE
"Lrrtm3",TRUE
"Gm28881",FALSE
"Gm30853",TRUE
"1700023F02Rik",TRUE
"4930407I19Rik",TRUE
"Gm28139",FALSE
"Gm31181",TRUE
"Gm47895",FALSE
"Gm47896",TRUE
"Gm47897",TRUE
"Gm47900",FALSE
"Gm47903",TRUE
"1110002J07Rik",TRUE
"Gm26576",TRUE
"Gm31763",TRUE
"Reep3",TRUE
"Jmjd1c",TRUE
"Nrbf2",TRUE
"Gm49454",TRUE
"Gm32023",FALSE
"Gm47531",FALSE
"Gm32255",FALSE
"Egr2",TRUE
"Ado",TRUE
"4930563J15Rik",TRUE
"Gm32364",TRUE
"Gm32515",FALSE
"1700030E10Rik",TRUE
"Gm49766",FALSE
"Zfp365",TRUE
"4930521O17Rik",FALSE
"Rtkn2",TRUE
"Gm16212",TRUE
"Arid5b",TRUE
"Gm47078",TRUE
"4930545H06Rik",TRUE
"Cabcoco1",TRUE
"Gm32872",TRUE
"Tmem26",TRUE
"1700048P04Rik",FALSE
"Gm33035",TRUE
"Gm47107",FALSE
"Gm33263",FALSE
"Rhobtb1",TRUE
"A930033H14Rik",TRUE
"Gm40685",FALSE
"Cdk1",TRUE
"Ank3",TRUE
"Ccdc6",TRUE
"Mrln",TRUE
"Slc16a9",TRUE
"Gm7097",FALSE
"Gm47946",TRUE
"Fam13c",TRUE
"Phyhipl",TRUE
"Gm33979",TRUE
"Gm48021",TRUE
"Gm48022",FALSE
"Gm40689",TRUE
"Gm48023",FALSE
"Gm48024",TRUE
"4930533K18Rik",TRUE
"Gm48036",FALSE
"Bicc1",TRUE
"Gm48025",TRUE
"Gm15647",FALSE
"C730027H18Rik",FALSE
"C730027H18Rik.1",FALSE
"1700113B09Rik",TRUE
"Tfam",TRUE
"Ube2d1",TRUE
"Gm34376",TRUE
"Gm20609",FALSE
"Cisd1",TRUE
"Ipmk",TRUE
"4930551I15Rik",TRUE
"Gm47028",FALSE
"Gm34544",TRUE
"Gm34609",TRUE
"Zwint",TRUE
"Gm34776",TRUE
"A330049N07Rik",TRUE
"Pcdh15",TRUE
"Gm15398",TRUE
"Gm15397",TRUE
"Rsph14",TRUE
"Gnaz",TRUE
"Rab36",TRUE
"Bcr",TRUE
"Specc1l",TRUE
"Adora2a",TRUE
"Gucd1",TRUE
"Upb1",TRUE
"Snrpd3",TRUE
"Lrrc75b",TRUE
"Ggt1",TRUE
"Ggt5",TRUE
"Susd2",TRUE
"Cabin1",TRUE
"Ddt",TRUE
"Gstt3",TRUE
"Gstt1",TRUE
"Gstt4",FALSE
"Gstt2",TRUE
"Mif",TRUE
"Derl3",TRUE
"Smarcb1",TRUE
"Mmp11",TRUE
"Chchd10",TRUE
"Gm867",TRUE
"Vpreb3",FALSE
"Gm5134",TRUE
"Gm16220",FALSE
"Zfp280b",TRUE
"Slc5a4b",TRUE
"Gm16222",TRUE
"Slc5a4a",TRUE
"Prmt2",TRUE
"S100b",TRUE
"Dip2a",TRUE
"Gm16240",TRUE
"Pcnt",TRUE
"1700094J05Rik",TRUE
"AC141477.1",FALSE
"2610028H24Rik",TRUE
"Ybey",TRUE
"Mcm3ap",TRUE
"Lss",TRUE
"4930483K19Rik",TRUE
"Spatc1l",TRUE
"Gm15343",TRUE
"Ftcd",TRUE
"Col6a2",TRUE
"Gm35608",FALSE
"Col6a1",TRUE
"Gm48276",FALSE
"Pcbp3",TRUE
"Gm35721",TRUE
"Gm3137",FALSE
"Gm10787",FALSE
"Slc19a1",TRUE
"Col18a1",TRUE
"Gm10941",TRUE
"Pofut2",TRUE
"Adarb1",TRUE
"Gm35920",FALSE
"Fam207a",TRUE
"Itgb2",TRUE
"Pttg1ip",TRUE
"Sumo3",TRUE
"Ube2g2",TRUE
"Tspear",TRUE
"Gm19402",FALSE
"Gm9508",FALSE
"Gm10272",FALSE
"Gm10024",FALSE
"Gm10142",FALSE
"Krtap12-1",FALSE
"Gm10100",FALSE
"Gm18596",FALSE
"Gm9736",FALSE
"Gm3233",FALSE
"Gm3238",FALSE
"Gm7138",FALSE
"Gm3250",FALSE
"Gm7137",FALSE
"Gm9639",FALSE
"Gm19668",FALSE
"Gm9507",FALSE
"Gm49918",FALSE
"Krtap10-4",FALSE
"Krtap10-10",FALSE
"Gm36176",FALSE
"Gm10318",FALSE
"Gm3285",FALSE
"1700009J07Rik",FALSE
"Lrrc3",TRUE
"Trpm2",TRUE
"Cfap410",TRUE
"Pfkl",TRUE
"Aire",TRUE
"Dnmt3l",FALSE
"Icosl",TRUE
"Gm47922",TRUE
"Gatd3a",TRUE
"Pwp2",TRUE
"Trappc10",TRUE
"Gm30122",TRUE
"Agpat3",TRUE
"Gm40709",TRUE
"Rrp1",TRUE
"Cstb",TRUE
"4921516A02Rik",TRUE
"Pdxk",TRUE
"Gm47944",FALSE
"Olfr1358",FALSE
"Ilvbl",TRUE
"Syde1",TRUE
"Olfr1357",TRUE
"Gm47459",FALSE
"Casp14",FALSE
"Ccdc105",TRUE
"Gm30400",TRUE
"Slc1a6",TRUE
"Olfr1356",TRUE
"Olfr1355",FALSE
"Olfr1354",FALSE
"Olfr8",FALSE
"Olfr1353",FALSE
"Gm47343",TRUE
"Olfr1352",TRUE
"Olfr1351",TRUE
"Olfr57",TRUE
"2610008E11Rik",TRUE
"Vmn2r80",FALSE
"Vmn2r81",TRUE
"Vmn2r82",FALSE
"Gm47015",TRUE
"Vmn2r83",FALSE
"Plpp2",TRUE
"Mier2",TRUE
"Theg",TRUE
"C2cd4c",TRUE
"Shc2",TRUE
"Gm47163",TRUE
"Odf3l2",TRUE
"Madcam1",TRUE
"Tpgs1",TRUE
"Cdc34",TRUE
"Gzmm",TRUE
"Bsg",TRUE
"Hcn2",TRUE
"Polrmt",TRUE
"Fgf22",TRUE
"Rnf126",TRUE
"Fstl3",TRUE
"Prss57",TRUE
"Palm",TRUE
"Gm48495",TRUE
"Misp",TRUE
"E130317F20Rik",TRUE
"Ptbp1",TRUE
"Plppr3",TRUE
"Gm17134",TRUE
"Prtn3",TRUE
"Elane",FALSE
"Cfd",FALSE
"Med16",TRUE
"R3hdm4",TRUE
"Gm26602",TRUE
"Kiss1r",TRUE
"Arid3a",TRUE
"Wdr18",TRUE
"Grin3b",TRUE
"Tmem259",TRUE
"Cnn2",TRUE
"Abca7",TRUE
"Arhgap45",TRUE
"Polr2e",TRUE
"Gpx4",TRUE
"Sbno2",TRUE
"Stk11",TRUE
"Cbarp",TRUE
"Atp5d",TRUE
"Midn",TRUE
"Cirbp",TRUE
"1600002K03Rik",TRUE
"Efna2",TRUE
"Pwwp3a",TRUE
"Ndufs7",TRUE
"Gamt",TRUE
"Dazap1",TRUE
"Gm15122",TRUE
"Rps15",TRUE
"Apc2",TRUE
"2310011J03Rik",TRUE
"Pcsk4",TRUE
"Reep6",TRUE
"Adamtsl5",TRUE
"Plk5",TRUE
"Gm15123",FALSE
"Gm15124",TRUE
"Mex3d",TRUE
"Mbd3",TRUE
"Uqcr11",TRUE
"Tcf3",TRUE
"Onecut3",TRUE
"Atp8b3",TRUE
"Rexo1",TRUE
"Klf16",TRUE
"Abhd17a",TRUE
"Gm29093",TRUE
"Scamp4",FALSE
"Adat3",FALSE
"Gm49322",TRUE
"Csnk1g2",TRUE
"Btbd2",TRUE
"Mknk2",TRUE
"Mob3a",TRUE
"Izumo4",TRUE
"Ap3d1",TRUE
"Dot1l",TRUE
"Gm17151",TRUE
"Plekhj1",TRUE
"Sf3a2",TRUE
"Amh",TRUE
"Jsrp1",TRUE
"Oaz1",TRUE
"Lingo3",TRUE
"Lsm7",TRUE
"Sppl2b",TRUE
"Tmprss9",TRUE
"Timm13",TRUE
"Lmnb2",TRUE
"Gadd45b",TRUE
"Gng7",TRUE
"Diras1",TRUE
"Gm16099",TRUE
"Slc39a3",TRUE
"Sgta",TRUE
"Thop1",TRUE
"Creb3l3",TRUE
"Map2k2",TRUE
"Zbtb7a",TRUE
"Pias4",TRUE
"Eef2",TRUE
"Dapk3",TRUE
"Atcayos",TRUE
"Nmrk2",TRUE
"Atcay",TRUE
"Zfr2",TRUE
"Matk",TRUE
"Mrpl54",TRUE
"Apba3",TRUE
"Tjp3",TRUE
"Pip5k1c",TRUE
"Gm16315",TRUE
"Cactin",TRUE
"Tbxa2r",TRUE
"Gipc3",TRUE
"Hmg20b",TRUE
"Mfsd12",TRUE
"4930404N11Rik",TRUE
"Fzr1",TRUE
"Dohh",TRUE
"Gm48552",TRUE
"Smim24",TRUE
"Nfic",TRUE
"Gm16104",TRUE
"Celf5",TRUE
"Gm16105",TRUE
"Ncln",TRUE
"S1pr4",TRUE
"Gna15",TRUE
"Gm47697",TRUE
"Gna11",TRUE
"Tle5",TRUE
"Gm15917",TRUE
"Tle2",TRUE
"Tle6",TRUE
"BC025920",TRUE
"Sirt6",TRUE
"Ankrd24",TRUE
"Gm10778",TRUE
"Zfp433",TRUE
"Gm3055",TRUE
"Gm4767",FALSE
"Gm32687",TRUE
"Zfp781",TRUE
"Zfp873",TRUE
"BC024063",TRUE
"AU041133",TRUE
"Gm15608",TRUE
"Zfp938",TRUE
"4932415D10Rik",TRUE
"Gm4924",TRUE
"Gm1553",TRUE
"1190007I07Rik",TRUE
"Tdg",TRUE
"Glt8d2",TRUE
"Hcfc2",TRUE
"Nfyb",TRUE
"Gm47561",TRUE
"1700028I16Rik",FALSE
"Txnrd1",TRUE
"Gm38560",TRUE
"Eid3",TRUE
"Chst11",TRUE
"1700025N21Rik",TRUE
"Slc41a2",TRUE
"Gm40723",TRUE
"D10Wsu102e",TRUE
"Aldh1l2",TRUE
"Washc4",TRUE
"Appl2",TRUE
"1500009L16Rik",TRUE
"C230099D08Rik",TRUE
"Gm34184",TRUE
"Gm34113",TRUE
"Gm47253",TRUE
"Nuak1",TRUE
"Gm47962",TRUE
"4930463O16Rik",TRUE
"E230014E18Rik",TRUE
"Ckap4",TRUE
"Platr7",TRUE
"Tcp11l2",TRUE
"Gm17249",TRUE
"Polr3b",TRUE
"Rfx4",TRUE
"Ric8b",TRUE
"Fhl4",TRUE
"Tmem263",TRUE
"Mterf2",TRUE
"Cry1",TRUE
"Gm38575",TRUE
"Btbd11",TRUE
"Gm47358",FALSE
"Gm1559",TRUE
"Pwp1",TRUE
"Prdm4",TRUE
"Ascl4",TRUE
"Rtcb",TRUE
"Bpifc",TRUE
"A230060F14Rik",TRUE
"Fbxo7",TRUE
"Syn3",TRUE
"4930486F22Rik",TRUE
"Gm15990",TRUE
"Timp3",TRUE
"Gm6729",TRUE
"Gm48485",TRUE
"Hsp90b1",TRUE
"Gm15344",TRUE
"Ttc41",TRUE
"Nt5dc3",TRUE
"Gm16268",TRUE
"Stab2",TRUE
"Gm16280",FALSE
"Gm16271",TRUE
"1700113H08Rik",TRUE
"4930555G07Rik",TRUE
"Ascl1",TRUE
"Pah",TRUE
"Igf1os",TRUE
"Igf1",TRUE
"Gm48306",FALSE
"Pmch",TRUE
"Parpbp",TRUE
"4921515L22Rik",FALSE
"Nup37",TRUE
"Washc3",TRUE
"Dram1",TRUE
"Gnptab",TRUE
"Gm16235",TRUE
"Chpt1",TRUE
"Sycp3",TRUE
"Mybpc1",TRUE
"Spic",FALSE
"Arl1",TRUE
"Utp20",TRUE
"Slc5a8",TRUE
"Ano4",TRUE
"Gas2l3",TRUE
"Nr1h4",TRUE
"Slc17a8",TRUE
"Scyl2",TRUE
"1500026H17Rik",TRUE
"Actr6",TRUE
"Uhrf1bp1l",TRUE
"Anks1b",TRUE
"Gm47591",TRUE
"Apaf1",TRUE
"Ikbip",TRUE
"Slc25a3",TRUE
"Tmpo",TRUE
"4930534H03Rik",TRUE
"Gm47082",FALSE
"Gm31592",TRUE
"Rmst",TRUE
"Gm20757",TRUE
"4930401A07Rik",FALSE
"Gm31822",FALSE
"Nedd1",TRUE
"Cfap54",TRUE
"Gm32468",TRUE
"Cdk17",TRUE
"Elk3",TRUE
"Gm32688",TRUE
"Gm17745",TRUE
"Lta4h",TRUE
"Hal",TRUE
"Amdhd1",TRUE
"Ccdc38",TRUE
"Snrpf",TRUE
"4933408J17Rik",TRUE
"Gm47156",TRUE
"Ntn4",TRUE
"Gm15915",TRUE
"Gm15963",TRUE
"Usp44",TRUE
"Metap2",TRUE
"4930471D02Rik",FALSE
"Vezt",TRUE
"Fgd6",TRUE
"Nr2c1",TRUE
"Ndufa12",TRUE
"Gm4792",TRUE
"Tmcc3",TRUE
"Gm16155",TRUE
"Tmcc3os",TRUE
"Gm48657",TRUE
"Cep83os",TRUE
"Cep83",TRUE
"Gm48689",TRUE
"Plxnc1",TRUE
"Gm48867",TRUE
"Gm29684",TRUE
"Gm33091",FALSE
"Cradd",TRUE
"Gm48882",TRUE
"2310039L15Rik",TRUE
"Socs2",TRUE
"5730420D15Rik",TRUE
"Gm47599",TRUE
"Mrpl42",TRUE
"Ube2n",TRUE
"Nudt4",TRUE
"Gm33336",FALSE
"Gm47667",FALSE
"Anapc15-ps",FALSE
"Gm47671",FALSE
"1110019B22Rik",FALSE
"Gm47708",TRUE
"4732465J04Rik",TRUE
"Gm47718",TRUE
"Gm47719",TRUE
"Gm33543",TRUE
"Gm47725",TRUE
"Eea1",TRUE
"Gm5426",FALSE
"4930459C07Rik",TRUE
"Gm48427",TRUE
"Gm33782",TRUE
"Gm48428",TRUE
"Gm48505",TRUE
"Gm33843",TRUE
"Btg1",TRUE
"Gm48521",TRUE
"Gm33981",TRUE
"4930556N09Rik",TRUE
"Dcn",TRUE
"Lum",TRUE
"4930473O22Rik",TRUE
"Kera",TRUE
"Epyc",TRUE
"Gm10754",TRUE
"Ccer1",TRUE
"4930525C09Rik",TRUE
"C030005K15Rik",TRUE
"Gm8633",TRUE
"Gm34297",TRUE
"Gm5427",TRUE
"Atp2b1",TRUE
"Gm48768",TRUE
"Poc1b",TRUE
"Galnt4",TRUE
"Phxr2",TRUE
"Gm16239",TRUE
"Gm34574",TRUE
"Gm48884",FALSE
"Gm34777",TRUE
"Dusp6",TRUE
"Gm34921",TRUE
"Gm48089",TRUE
"B530045E10Rik",TRUE
"Gm35035",TRUE
"Gm34983",TRUE
"Gm20110",TRUE
"Gm35101",TRUE
"Gm47578",TRUE
"Csl",FALSE
"Gm35206",TRUE
"Kitl",TRUE
"Gm35533",TRUE
"Gm4301",FALSE
"Gm4302",FALSE
"Gm4303",FALSE
"Gm4305",FALSE
"Gm4307",FALSE
"Gm47631",FALSE
"Gm4312",FALSE
"Tmtc3",TRUE
"Cep290",TRUE
"4930430F08Rik",TRUE
"Gm47956",TRUE
"1700017N19Rik",FALSE
"Gm35722",TRUE
"Mgat4c",TRUE
"Gm47031",TRUE
"Gm47033",TRUE
"Gm47101",TRUE
"Nts",TRUE
"Rassf9",TRUE
"Gm47143",TRUE
"Alx1",TRUE
"Gm17028",FALSE
"Lrriq1",TRUE
"Slc6a15",TRUE
"Gm47223",FALSE
"Gm47221",TRUE
"Gm47224",TRUE
"Gm47226",FALSE
"Gm21293",FALSE
"Gm6763",FALSE
"Gm8764",FALSE
"Gm21304",FALSE
"Gm21312",FALSE
"Gm20765",FALSE
"Gm4340",FALSE
"Tmtc2",TRUE
"Gm15663",TRUE
"Mettl25",TRUE
"Ccdc59",TRUE
"Ppfia2",TRUE
"4930532I03Rik",TRUE
"Acss3",TRUE
"Gm29674",TRUE
"Lin7a",TRUE
"Myf5",FALSE
"Myf6",FALSE
"Ptprq",TRUE
"Otogl",TRUE
"Gm29685",TRUE
"Ppp1r12a",TRUE
"Pawr",TRUE
"Gm36283",TRUE
"Syt1",TRUE
"Gm5136",TRUE
"Nav3",TRUE
"9230102K24Rik",TRUE
"E2f7",TRUE
"1700020G17Rik",TRUE
"Csrp2",TRUE
"Zdhhc17",TRUE
"Osbpl8",TRUE
"Bbs10",TRUE
"Gm40761",TRUE
"Nap1l1",TRUE
"Phlda1",TRUE
"Gm28592",TRUE
"4933440J02Rik",TRUE
"Gm30262",TRUE
"Gm30624",TRUE
"Gm47865",TRUE
"Gm20758",TRUE
"Krr1",TRUE
"Glipr1",TRUE
"Glipr1l1",TRUE
"Glipr1l2",FALSE
"Glipr1l3",TRUE
"Caps2",TRUE
"Gm47419",TRUE
"Kcnc2",TRUE
"1700010J16Rik",TRUE
"Gm3942",TRUE
"Atxn7l3b",TRUE
"Gm47524",FALSE
"Gm47532",FALSE
"Gm40765",FALSE
"Trhde",TRUE
"4930473D10Rik",TRUE
"Gm15723",TRUE
"Gm31182",TRUE
"Gm31267",FALSE
"Tph2",TRUE
"Tbc1d15",TRUE
"Rab21",TRUE
"Tmem19",TRUE
"Thap2",TRUE
"Zfc3h1",TRUE
"Lgr5",TRUE
"A930009A15Rik",TRUE
"4930422I22Rik",TRUE
"Tspan8",TRUE
"Ptprr",TRUE
"Taf7l2",TRUE
"Ptprb",TRUE
"Kcnmb4",TRUE
"Kcnmb4os1",TRUE
"Kcnmb4os2",TRUE
"Cnot2",TRUE
"5330438D12Rik",TRUE
"Gm26579",FALSE
"1700030O20Rik",FALSE
"4930579P08Rik",FALSE
"Myrfl",TRUE
"Rab3ip",TRUE
"4933412E12Rik",TRUE
"Gm10271",TRUE
"D630029K05Rik",TRUE
"Best3",TRUE
"Gm10747",FALSE
"Lrrc10",TRUE
"Cct2",TRUE
"Frs2",TRUE
"4930423D24Rik",FALSE
"Yeats4",TRUE
"Gm48772",TRUE
"9530003J23Rik",TRUE
"Lyz2",TRUE
"Lyz1",TRUE
"Cpsf6",TRUE
"Gm48903",TRUE
"Gm40770",TRUE
"Gm32141",TRUE
"Gm32235",FALSE
"Gm32365",FALSE
"Cpm",TRUE
"Mdm2",TRUE
"Slc35e3",TRUE
"Nup107",TRUE
"Rap1b",TRUE
"Gm32552",FALSE
"Gm40773",TRUE
"4933411E08Rik",TRUE
"5330439M10Rik",TRUE
"Mdm1",TRUE
"Gm47958",TRUE
"Il22",TRUE
"Gm32717",FALSE
"Gm32802",FALSE
"Iltifb",TRUE
"Gm9040",FALSE
"Gm9044",FALSE
"Gm9045",FALSE
"Gm9046",FALSE
"Gm9048",FALSE
"Gm9049",FALSE
"Ifng",FALSE
"Ifngas1",TRUE
"Gm33337",FALSE
"Gm47425",TRUE
"Gm4065",FALSE
"Dyrk2",TRUE
"Gm38403",TRUE
"Gm47461",TRUE
"Gm33677",TRUE
"1700064J06Rik",TRUE
"Gm47480",TRUE
"Gm34045",TRUE
"Cand1",TRUE
"4930477N07Rik",TRUE
"1700025F24Rik",TRUE
"Grip1os3",TRUE
"Gm16321",FALSE
"Grip1",TRUE
"Gm47027",TRUE
"Grip1os2",TRUE
"Grip1os1",TRUE
"Helb",TRUE
"Irak3",TRUE
"Gm47009",TRUE
"Tmbim4",TRUE
"Llph",TRUE
"Hmga2",TRUE
"1700006J14Rik",TRUE
"9230105E05Rik",TRUE
"4930471E19Rik",TRUE
"Gm48202",TRUE
"4921513I03Rik",TRUE
"Msrb3",TRUE
"Gm15961",FALSE
"Gm15910",TRUE
"Gm4473",TRUE
"Lemd3",TRUE
"Gm48341",TRUE
"Wif1",TRUE
"Gm48410",FALSE
"4930432O09Rik",FALSE
"Gm35404",FALSE
"Tbc1d30",TRUE
"Gm48435",FALSE
"Gns",TRUE
"Rassf3",TRUE
"Gm48591",FALSE
"Gm40787",FALSE
"Gm46204",FALSE
"Gm35696",TRUE
"Tbk1",TRUE
"Xpot",TRUE
"D930020B18Rik",TRUE
"Gm35865",FALSE
"BC048403",TRUE
"Srgap1",TRUE
"Rxylt1",TRUE
"Gm4489",TRUE
"Gm36041",TRUE
"Gm48877",TRUE
"Avpr1a",TRUE
"A130077B15Rik",TRUE
"Ppm1h",TRUE
"Gm36208",TRUE
"Mon2",TRUE
"Usp15",TRUE
"Gm4129",FALSE
"Tafa2",TRUE
"Gm47839",TRUE
"Gm36719",TRUE
"Slc16a7",TRUE
"Gm45604",TRUE
"Lrig3",TRUE
"1700021G15Rik",TRUE
"1700025K04Rik",TRUE
"Gm40797",TRUE
"Gm47966",TRUE
"4930484H19Rik",TRUE
"Atp23",TRUE
"Gm49335",TRUE
"Gm47972",TRUE
"Ctdsp2",TRUE
"Avil",TRUE
"Tsfm",TRUE
"Eef1akmt3",TRUE
"Mettl1",TRUE
"Cyp27b1",TRUE
"March9",TRUE
"Cdk4",TRUE
"Tspan31",TRUE
"A730063M14Rik",TRUE
"Agap2",TRUE
"Os9",TRUE
"B4galnt1",TRUE
"Slc26a10",TRUE
"Arhgef25",TRUE
"Dtx3",TRUE
"F420014N23Rik",TRUE
"Pip4k2c",TRUE
"Kif5a",TRUE
"Dctn2",TRUE
"Mbd6",TRUE
"Gm20492",TRUE
"Gm4189",TRUE
"Ddit3",TRUE
"Ddit3.1",FALSE
"Mars",TRUE
"Arhgap9",TRUE
"Gli1",TRUE
"Gm47200",TRUE
"Inhbe",TRUE
"Inhbc",TRUE
"R3hdm2",TRUE
"Stac3",TRUE
"Ndufa4l2",TRUE
"Shmt2",TRUE
"Nxph4",TRUE
"Lrp1",TRUE
"Gm16217",TRUE
"Stat6",TRUE
"Nab2",TRUE
"Gm16229",TRUE
"Nemp1",TRUE
"Gm16230",TRUE
"Myo1a",TRUE
"Tac2",TRUE
"Zbtb39",TRUE
"Gpr182",TRUE
"Rdh1",TRUE
"Rdh9",TRUE
"Rdh16",TRUE
"Rdh19",FALSE
"Rdh16f2",TRUE
"Rdh7",FALSE
"Sdr9c7",TRUE
"Hsd17b6",TRUE
"Prim1",TRUE
"Naca",TRUE
"Ptges3",TRUE
"Gm47438",TRUE
"Atp5b",TRUE
"Baz2a",TRUE
"Rbms2",TRUE
"Gls2",TRUE
"AC135859.1",TRUE
"Spryd4",TRUE
"Mip",TRUE
"Timeless",TRUE
"Apon",FALSE
"Apof",FALSE
"Stat2",TRUE
"Il23a",TRUE
"Pan2",TRUE
"Cnpy2",TRUE
"Cs",TRUE
"Coq10a",TRUE
"Ankrd52",TRUE
"Gm17201",TRUE
"Slc39a5",TRUE
"Nabp2",TRUE
"Rnf41",TRUE
"Smarcc2",TRUE
"Myl6",TRUE
"Myl6b",TRUE
"Esyt1",TRUE
"Gm29585",TRUE
"Zc3h10",TRUE
"Rpl41",TRUE
"Pa2g4",TRUE
"Erbb3",TRUE
"Gm47540",FALSE
"Rps26",TRUE
"Ikzf4",TRUE
"Gm26876",TRUE
"Suox",TRUE
"Rab5b",TRUE
"Cdk2",TRUE
"Pmel",TRUE
"Dgka",TRUE
"Pym1",TRUE
"Gm47093",TRUE
"Mmp19",TRUE
"Tmem198b",TRUE
"Dnajc14",TRUE
"Sarnp",TRUE
"Ormdl2",TRUE
"Gdf11",TRUE
"Cd63",TRUE
"Rdh5",TRUE
"Bloc1s1",TRUE
"Itga7",TRUE
"Mettl7b",FALSE
"9030616G12Rik",FALSE
"Olfr9",FALSE
"Olfr763",FALSE
"Olfr764-ps1",FALSE
"Olfr765",FALSE
"Olfr766-ps1",FALSE
"Olfr767",FALSE
"Olfr768",FALSE
"Olfr769",FALSE
"Olfr770",FALSE
"Olfr771",FALSE
"Olfr772",FALSE
"Olfr773",FALSE
"Olfr774",FALSE
"Olfr775",TRUE
"Olfr776",FALSE
"Olfr777",FALSE
"Olfr780",FALSE
"Olfr781",FALSE
"Olfr782",FALSE
"Olfr784",TRUE
"Olfr785",FALSE
"Olfr786",FALSE
"Olfr787",FALSE
"Olfr788",FALSE
"Olfr789",FALSE
"Olfr790",FALSE
"Olfr791",FALSE
"Olfr792",FALSE
"Olfr794",FALSE
"Olfr796",FALSE
"Olfr798",FALSE
"Olfr799",FALSE
"Olfr800",FALSE
"Olfr801",FALSE
"Olfr802",TRUE
"Olfr803",FALSE
"Olfr804",FALSE
"Olfr805",FALSE
"Olfr806",FALSE
"Olfr807",FALSE
"Olfr808",FALSE
"Olfr809",FALSE
"Olfr810",FALSE
"Olfr811",FALSE
"Olfr812",FALSE
"Olfr813",FALSE
"Olfr814",FALSE
"Olfr815",FALSE
"Olfr816",FALSE
"Olfr818",FALSE
"Olfr819",FALSE
"Olfr247",FALSE
"Gm10310",FALSE
"Olfr820",FALSE
"Olfr821",FALSE
"Olfr822",FALSE
"Olfr823",FALSE
"Olfr824",FALSE
"Olfr825",FALSE
"Olfr826",FALSE
"Olfr827",FALSE
"Neurod4",TRUE
"Tespa1",TRUE
"Vmn2r84",TRUE
"Vmn2r85",TRUE
"Vmn2r86",TRUE
"Vmn2r87",TRUE
"Gm31793",TRUE
"Sfi1",TRUE
"Gm11399",TRUE
"Drg1",TRUE
"Gm12735",TRUE
"Eif4enif1",TRUE
"Patz1",TRUE
"Gm12592",TRUE
"Gm11944",TRUE
"Pik3ip1",TRUE
"Limk2",TRUE
"Gm11948",TRUE
"Rnf185",TRUE
"8430429K09Rik",TRUE
"Pla2g3",TRUE
"Inpp5j",TRUE
"Selenom",TRUE
"Smtn",TRUE
"Gm11946",TRUE
"Gm11947",FALSE
"Tug1",TRUE
"Morc2a",TRUE
"Osbp2",TRUE
"4921536K21Rik",TRUE
"Dusp18",TRUE
"Slc35e4",TRUE
"Tcn2",TRUE
"4930556J24Rik",TRUE
"Pes1",TRUE
"Gal3st1",TRUE
"Sec14l4",TRUE
"Sec14l3",TRUE
"Mtfp1",TRUE
"Sec14l2",TRUE
"Rnf215",TRUE
"Ccdc157",TRUE
"Sf3a1",TRUE
"Tbc1d10a",TRUE
"Castor1",TRUE
"Osm",FALSE
"Lif",TRUE
"Gm11959",FALSE
"Gm11958",FALSE
"Hormad2",TRUE
"Mtmr3",TRUE
"Gm11032",FALSE
"Gm11961",TRUE
"Ascc2",TRUE
"Uqcr10",TRUE
"Zmat5",TRUE
"Cabp7",TRUE
"Nf2",TRUE
"Nipsnap1",TRUE
"Thoc5",TRUE
"Nefh",TRUE
"Ap1b1",TRUE
"Gas2l1",TRUE
"Rasl10a",TRUE
"Ewsr1",TRUE
"Rhbdd3",TRUE
"Emid1",TRUE
"Kremen1",TRUE
"Znrf3",TRUE
"Gm11963",TRUE
"Xbp1",TRUE
"Ccdc117",TRUE
"Ankrd36",TRUE
"Mrps24",TRUE
"Urgcp",TRUE
"Dbnl",TRUE
"Pgam2",TRUE
"Polm",TRUE
"Aebp1",TRUE
"Pold2",TRUE
"Myl7",FALSE
"Gck",TRUE
"Gm11967",TRUE
"Ykt6",TRUE
"Camk2b",TRUE
"Nudcd3",TRUE
"A730071L15Rik",TRUE
"Npc1l1",TRUE
"Ddx56",TRUE
"Tmed4",TRUE
"Ogdh",TRUE
"Zmiz2",TRUE
"Ppia",TRUE
"H2afv",TRUE
"Purb",TRUE
"Gm11973",TRUE
"Myo1g",TRUE
"Snhg15",TRUE
"Ccm2",TRUE
"Nacad",TRUE
"Tbrg4",TRUE
"Wap",TRUE
"Ramp3",TRUE
"Gm11981",TRUE
"Gm11983",FALSE
"Adcy1",TRUE
"Cccd201",TRUE
"Igfbp1",TRUE
"Igfbp3",TRUE
"Gm11986",TRUE
"Tns3",TRUE
"Pkd1l1",TRUE
"Hus1",TRUE
"Sun3",TRUE
"Gm11992",TRUE
"Upp1",TRUE
"Abca13",TRUE
"Vwc2",TRUE
"Zpbp",TRUE
"Spata48",TRUE
"Gm11998",TRUE
"4930512M02Rik",TRUE
"Gm11999",TRUE
"Ikzf1",TRUE
"Gm12000",TRUE
"Fignl1",TRUE
"Ddc",TRUE
"1700042O10Rik",TRUE
"Grb10",TRUE
"Cobl",TRUE
"Gm12002",TRUE
"4930554G24Rik",TRUE
"1700046C09Rik",TRUE
"Pom121l12",FALSE
"Vstm2a",TRUE
"Sec61g",TRUE
"Egfr",TRUE
"Egfros",TRUE
"Eldr",TRUE
"Fbxo48",TRUE
"Plek",TRUE
"Cnrip1",TRUE
"Ppp3r1",TRUE
"Wdr92",TRUE
"Pno1",TRUE
"C1d",TRUE
"Etaa1",TRUE
"Etaa1os",TRUE
"Gm12018",FALSE
"Gm12022",TRUE
"Gm12023",TRUE
"Gm28401",TRUE
"8430419K02Rik",TRUE
"Meis1",TRUE
"Gm16140",TRUE
"Gm16141",TRUE
"4933406G16Rik",TRUE
"Gm12027",TRUE
"Spred2",TRUE
"Actr2",TRUE
"Gm12031",TRUE
"Rab1a",TRUE
"Cep68",TRUE
"Slc1a4",TRUE
"Sertad2",TRUE
"Aftph",TRUE
"Lgalsl",TRUE
"Gm12037",FALSE
"Peli1",TRUE
"Vps54",TRUE
"Ugp2",TRUE
"Gm12043",TRUE
"4932414J04Rik",TRUE
"Mdh1",TRUE
"Wdpcp",TRUE
"Otx1",TRUE
"Ehbp1",TRUE
"Gm12050",TRUE
"Gm12051",TRUE
"Tmem17",TRUE
"Gm12052",TRUE
"Gm12055",FALSE
"Gm12056",TRUE
"B3gnt2",TRUE
"Gm20456",TRUE
"9130230N09Rik",TRUE
"Commd1",TRUE
"Zrsr1",TRUE
"Cct4",TRUE
"Fam161a",TRUE
"Gm12059",TRUE
"1700061J23Rik",TRUE
"Xpo1",TRUE
"Usp34",TRUE
"Ahsa2",TRUE
"1700030C12Rik",TRUE
"1700093K21Rik",TRUE
"Selenok-ps1",TRUE
"0610010F05Rik",TRUE
"Pex13",TRUE
"Pus10",TRUE
"Rel",TRUE
"Papolg",TRUE
"Gm12061",FALSE
"A830031A19Rik",TRUE
"Gm12063",TRUE
"Bcl11a",TRUE
"Gm12064",TRUE
"4930538E20Rik",TRUE
"Gm12065",FALSE
"Gm12066",TRUE
"Gm12068",TRUE
"4933430M04Rik",TRUE
"Gm10466",TRUE
"Gm12665",TRUE
"4933427E13Rik",TRUE
"Gm12069",TRUE
"5730522E02Rik",TRUE
"Fancl",TRUE
"Vrk2",TRUE
"Gm12081",TRUE
"Ccdc85a",TRUE
"2810471M01Rik",TRUE
"Gm12082",TRUE
"Efemp1",TRUE
"Pnpt1",TRUE
"A630052C17Rik",TRUE
"Ppp4r3b",TRUE
"Cfap36",TRUE
"Ccdc88a",TRUE
"Prorsd1",TRUE
"Gm12089",TRUE
"Mtif2",TRUE
"Rps27a",TRUE
"Clhc1",TRUE
"Gm12088",TRUE
"Gm12092",TRUE
"Rtn4",TRUE
"Eml6",TRUE
"4931440F15Rik",TRUE
"Sptbn1",TRUE
"Gm29237",TRUE
"Gm8098",TRUE
"4930505A04Rik",TRUE
"Acyp2",TRUE
"Gm12100",TRUE
"Psme4",TRUE
"Gpr75",TRUE
"Asb3",TRUE
"Erlec1",TRUE
"Chac2",TRUE
"Gm17332",FALSE
"Stc2",TRUE
"Bod1",TRUE
"D630024D03Rik",TRUE
"Gm12107",TRUE
"Cpeb4",TRUE
"4930524B15Rik",TRUE
"Nsg2",TRUE
"Gm12108",TRUE
"Il9r",TRUE
"Snrnp25",TRUE
"Rhbdf1",TRUE
"Nprl3",TRUE
"Mpg",TRUE
"Hba-x",FALSE
"Hba-a1",TRUE
"Hbq1b",FALSE
"Hba-a2",TRUE
"Hbq1a",FALSE
"Sh3pxd2b",TRUE
"Ubtd2",TRUE
"Efcab9",TRUE
"Stk10",TRUE
"Fbxw11",TRUE
"4930555O08Rik",FALSE
"Smim23",TRUE
"Gm12111",TRUE
"Gm12114",TRUE
"Fgf18",TRUE
"Npm1",TRUE
"Tlx3",FALSE
"Gm12116",TRUE
"Ranbp17",TRUE
"Gm12117",TRUE
"Gabrp",TRUE
"D130052B06Rik",TRUE
"Kcnip1",TRUE
"Gm12119",TRUE
"Gm12120",TRUE
"Kcnmb1",TRUE
"4930469K13Rik",TRUE
"Lcp2",TRUE
"Gm12121",FALSE
"Foxi1",FALSE
"Dock2",TRUE
"4930403D09Rik",TRUE
"Insyn2b",TRUE
"Spdl1",TRUE
"Gm12711",FALSE
"Slit3",TRUE
"Gm12122",TRUE
"Pank3",TRUE
"Fbll1",TRUE
"Rars",TRUE
"Wwc1",TRUE
"Tenm2",TRUE
"Gm12126",TRUE
"Gm12127",TRUE
"Gm12128",TRUE
"Gm12130",TRUE
"Gm12132",TRUE
"3110004A20Rik",TRUE
"Mat2b",TRUE
"Hmmr",TRUE
"Nudcd2",TRUE
"Ccng1",TRUE
"Platr13",FALSE
"A230004M16Rik",TRUE
"Gabrg2",TRUE
"Gabra1",TRUE
"Gabra6",TRUE
"Gabrb2",TRUE
"Gm12145",TRUE
"Atp10b",TRUE
"Gm12146",TRUE
"Gm12144",TRUE
"Gm12147",TRUE
"Gm12148",FALSE
"Pttg1",TRUE
"Slu7",TRUE
"C1qtnf2",TRUE
"Ccnjl",TRUE
"Gm12150",TRUE
"4933415A04Rik",TRUE
"Fabp6",TRUE
"Pwwp2a",TRUE
"Ttc1",TRUE
"Adra1b",TRUE
"Gm12153",TRUE
"Gm12154",FALSE
"Il12b",FALSE
"Ublcp1",TRUE
"Rnf145",TRUE
"4930597A21Rik",TRUE
"Ebf1",TRUE
"Gm12158",TRUE
"Gm12159",TRUE
"Gm12160",TRUE
"Gm12162",FALSE
"F630206G17Rik",TRUE
"Clint1",TRUE
"Lsm11",TRUE
"Thg1l",TRUE
"Sox30",TRUE
"Gm12166",TRUE
"Adam19",TRUE
"Gm16033",TRUE
"Gm16034",FALSE
"Nipal4",TRUE
"Cyfip2",TRUE
"Fndc9",TRUE
"Itk",TRUE
"Gm12167",FALSE
"Fam71b",TRUE
"Med7",TRUE
"Havcr2",TRUE
"Gm12169",FALSE
"Gm12171",TRUE
"BC053393",TRUE
"Dppa1",TRUE
"Gm4926",TRUE
"Timd2",TRUE
"Havcr1",TRUE
"Timd4",TRUE
"Sgcd",TRUE
"Rack1",TRUE
"Trim41",TRUE
"Gm12184",TRUE
"Trim7",TRUE
"Gm16170",TRUE
"Irgm1",TRUE
"Gm5431",TRUE
"Gm12185",TRUE
"Psme2b",TRUE
"9930111J21Rik1",TRUE
"Olfr56",TRUE
"Tgtp1",FALSE
"9930111J21Rik2",TRUE
"Tgtp2",TRUE
"Ifi47",TRUE
"Olfr1396",FALSE
"Olfr1395",FALSE
"Olfr1394",FALSE
"Btnl9",TRUE
"Zfp62",TRUE
"Mgat1",TRUE
"Olfr1393",TRUE
"Olfr1392",TRUE
"Olfr10",TRUE
"Olfr1391",TRUE
"Olfr1390",TRUE
"Olfr1389",TRUE
"Olfr1388",TRUE
"Olfr1387",FALSE
"Olfr1386",TRUE
"Olfr1385",TRUE
"Olfr1384",TRUE
"Olfr1383",TRUE
"Olfr1382",TRUE
"Olfr1381",TRUE
"Olfr1380",FALSE
"Flt4",TRUE
"Scgb3a1",TRUE
"Cnot6",TRUE
"Gfpt2",TRUE
"Mapk9",TRUE
"Rasgef1c",TRUE
"Rnf130",TRUE
"Tbc1d9b",TRUE
"Gm12195",TRUE
"Mrnip",TRUE
"Sqstm1",TRUE
"Mgat4b",TRUE
"Ltc4s",TRUE
"Gm26542",TRUE
"Maml1",TRUE
"Canx",TRUE
"Cby3",TRUE
"Hnrnph1",TRUE
"Rufy1",TRUE
"Gm12198",TRUE
"Adamts2",TRUE
"Gm12199",TRUE
"Gm12200",TRUE
"Zfp354c",TRUE
"Zfp879",TRUE
"Grm6",FALSE
"Gm12660",FALSE
"Zfp454",TRUE
"Zfp2",TRUE
"Zfp354b",TRUE
"4933414I15Rik",FALSE
"Prop1",FALSE
"Olfr1378",FALSE
"Olfr1377",FALSE
"Olfr51",TRUE
"Olfr54",TRUE
"Olfr1375",FALSE
"Zfp354a",TRUE
"9230009I02Rik",TRUE
"Platr20",FALSE
"Gm12569",TRUE
"BC049762",TRUE
"Clk4",TRUE
"Col23a1",TRUE
"Phykpl",TRUE
"Hnrnpab",TRUE
"Nhp2",TRUE
"Rmnd5b",TRUE
"N4bp3",TRUE
"D930048N14Rik",TRUE
"0610009B22Rik",TRUE
"Sec24a",TRUE
"Sar1b",TRUE
"Jade2",TRUE
"Gm39822",TRUE
"Cdkn2aipnl",TRUE
"Ube2b",TRUE
"Gm12204",TRUE
"Cdkl3",TRUE
"Gm12205",TRUE
"Ppp2ca",TRUE
"Olfr1373",FALSE
"Olfr1371",FALSE
"Skp1a",TRUE
"Gm12207",TRUE
"Tcf7",TRUE
"A630014C17Rik",TRUE
"Vdac1",TRUE
"9530068E07Rik",TRUE
"Fstl4",TRUE
"Gm11186",TRUE
"Hspa4",TRUE
"Zcchc10",TRUE
"Aff4",TRUE
"Leap2",TRUE
"Uqcrq",TRUE
"Gdf9",TRUE
"Gm10447",TRUE
"Shroom1",TRUE
"Gm12212",TRUE
"Sowaha",TRUE
"Sept8",TRUE
"A430108G06Rik",TRUE
"Kif3a",TRUE
"Il4",TRUE
"Il13",FALSE
"Rad50",TRUE
"Il5",TRUE
"Gm12214",FALSE
"Irf1",TRUE
"Gm12216",TRUE
"Slc22a5",TRUE
"Slc22a21",TRUE
"Slc22a4",TRUE
"Pdlim4",TRUE
"P4ha2",TRUE
"4933405E24Rik",TRUE
"Csf2",FALSE
"Gm12223",TRUE
"Il3",FALSE
"Acsl6",TRUE
"Gm12224",TRUE
"Meikin",TRUE
"Fnip1",TRUE
"Rapgef6",TRUE
"Cdc42se2",TRUE
"Gm12227",TRUE
"Lyrm7os",TRUE
"Lyrm7",TRUE
"Hint1",TRUE
"Gpx3",TRUE
"Tnip1",TRUE
"Anxa6",TRUE
"Ccdc69",TRUE
"Gm2a",TRUE
"Slc36a3",TRUE
"Slc36a3os",FALSE
"Slc36a2",TRUE
"Slc36a1os",FALSE
"Slc36a1",TRUE
"Fat2",TRUE
"Sparc",TRUE
"Atox1",TRUE
"G3bp1",TRUE
"Gm12238",FALSE
"Glra1",TRUE
"Gm12236",TRUE
"Gm12239",TRUE
"Nmur2",TRUE
"Gria1",TRUE
"Fam114a2",TRUE
"Mfap3",TRUE
"Gm12243",TRUE
"4933424L21Rik",TRUE
"Galnt10",TRUE
"4933426K07Rik",TRUE
"2010001A14Rik",TRUE
"Sap30l",TRUE
"Hand1",FALSE
"Gm12249",FALSE
"Larp1",TRUE
"Gm12248",TRUE
"Cnot8",TRUE
"Gemin5",TRUE
"Gm12246",TRUE
"Mrpl22",TRUE
"Igtp",TRUE
"Irgm2",TRUE
"4930438A08Rik",FALSE
"Zfp692",TRUE
"Zfp672",TRUE
"1700047K16Rik",TRUE
"Sh3bp5l",TRUE
"Lypd8",TRUE
"1810065E05Rik",FALSE
"Gm12253",FALSE
"Lypd9",FALSE
"Olfr30",FALSE
"Olfr332",FALSE
"Olfr331",FALSE
"Olfr330",FALSE
"Olfr329-ps",FALSE
"Olfr328",TRUE
"Olfr224",FALSE
"Olfr325",FALSE
"Olfr324",FALSE
"2210407C18Rik",FALSE
"Olfr323",TRUE
"Trim58",TRUE
"Olfr322",TRUE
"Olfr320",FALSE
"Olfr319",FALSE
"Olfr318",FALSE
"Olfr317",FALSE
"Olfr316",TRUE
"Olfr315",TRUE
"Olfr314",TRUE
"Fam183b",TRUE
"Olfr313",TRUE
"Olfr312",TRUE
"Olfr311",TRUE
"Gm12258",TRUE
"Gm12259",TRUE
"2810021J22Rik",TRUE
"Zfp39",TRUE
"Gm12256",FALSE
"Gm12257",FALSE
"Btnl10",FALSE
"Rnf187",TRUE
"Hist3h2ba",TRUE
"Hist3h2a",TRUE
"Trim17",TRUE
"2310058D17Rik",TRUE
"Trim11",TRUE
"Obscn",TRUE
"Gm10435",FALSE
"Iba57",TRUE
"Gjc2",TRUE
"Guk1",TRUE
"2610507I01Rik",TRUE
"Mrpl55",TRUE
"2310033P09Rik",TRUE
"Arf1",TRUE
"Wnt3a",TRUE
"Wnt9a",TRUE
"Prss38",TRUE
"Gm15755",TRUE
"Snap47",TRUE
"Jmjd4",TRUE
"Zfp867",TRUE
"Zkscan17",TRUE
"4933439C10Rik",TRUE
"Nlrp3",TRUE
"Olfr222",FALSE
"Olfr223",FALSE
"Mprip",TRUE
"1700007J10Rik",TRUE
"Gm12264",TRUE
"Pld6",TRUE
"Flcn",TRUE
"Gm16062",TRUE
"Cops3",TRUE
"Nt5m",TRUE
"Gm12714",TRUE
"1810063I02Rik",FALSE
"Med9os",TRUE
"Med9",TRUE
"Rasd1",TRUE
"Pemt",TRUE
"Rai1",TRUE
"4930412M03Rik",TRUE
"Srebf1",TRUE
"Tom1l2",TRUE
"Gm12265",TRUE
"Drc3",TRUE
"Atpaf2",TRUE
"Gid4",TRUE
"Drg2",TRUE
"Myo15",TRUE
"Alkbh5",TRUE
"Llgl1",TRUE
"Flii",TRUE
"Mief2",TRUE
"Top3a",TRUE
"Smcr8",TRUE
"Shmt1",TRUE
"Dhrs7b",TRUE
"Tmem11",TRUE
"Natd1",TRUE
"Map2k3os",TRUE
"Map2k3",TRUE
"Kcnj12",TRUE
"Tnfrsf13b",TRUE
"Usp22",TRUE
"Aldh3a1",TRUE
"Aldh3a2",TRUE
"Slc47a2",TRUE
"Slc47a1",TRUE
"Gm45605",TRUE
"Rnf112",TRUE
"Mfap4",TRUE
"Mapk7",TRUE
"B9d1os",TRUE
"B9d1",TRUE
"Epn2",TRUE
"Gm12272",TRUE
"Grap",TRUE
"Slc5a10",TRUE
"Fam83g",TRUE
"Prpsap2",TRUE
"Ulk2",TRUE
"A530017D24Rik",TRUE
"Gm26964",TRUE
"Akap10",TRUE
"Gm12273",FALSE
"Specc1",TRUE
"Adora2b",TRUE
"Zswim7",TRUE
"Ttc19",TRUE
"Ncor1",TRUE
"Pigl",TRUE
"Gm12278",TRUE
"Gm12949",FALSE
"Cenpv",TRUE
"Gm12279",TRUE
"Ubb",TRUE
"Gm12280",FALSE
"Trpv2",TRUE
"2410006H16Rik",TRUE
"Lrrc75a",TRUE
"Lrrc75aos2",TRUE
"Lrrc75aos1",TRUE
"Mmgt2",TRUE
"Zfp287",TRUE
"Gm27194",TRUE
"Zfp286",TRUE
"Gm10428",FALSE
"Zfp286os",TRUE
"Trim16",TRUE
"Fbxw10",TRUE
"Tvp23b",TRUE
"Tvp23bos",TRUE
"Cdrt4os2",FALSE
"Cdrt4",TRUE
"Cdrt4os1",TRUE
"Tekt3",TRUE
"Pmp22",TRUE
"B430319H21Rik",TRUE
"B130011K05Rik",TRUE
"Hs3st3b1",TRUE
"Cox10",TRUE
"9630013K17Rik",TRUE
"Gm12289",TRUE
"2810001G20Rik",TRUE
"Gm12290",TRUE
"Hs3st3a1",TRUE
"Gm12292",FALSE
"Elac2",TRUE
"Arhgap44",TRUE
"1700086D15Rik",TRUE
"Myocd",TRUE
"Gm12295",TRUE
"Map2k4",TRUE
"Zkscan6",TRUE
"Dnah9",TRUE
"Gm12296",TRUE
"Shisa6",TRUE
"Gm12298",TRUE
"Pirt",TRUE
"Tmem238l",FALSE
"Gm12299",TRUE
"Tmem220",TRUE
"Adprm",TRUE
"Sco1",TRUE
"Myh3",TRUE
"2310065F04Rik",TRUE
"Myh2",TRUE
"9430073C21Rik",FALSE
"Myh1",TRUE
"Myhas",TRUE
"Myh4",TRUE
"Myh8",TRUE
"Myh13",TRUE
"Gas7",TRUE
"Gm12301",TRUE
"Glp2r",TRUE
"Rcvrn",TRUE
"Gsg1l2",TRUE
"Dhrs7c",FALSE
"Usp43",TRUE
"9130017K11Rik",TRUE
"Cfap52",TRUE
"Stx8",TRUE
"C78197",TRUE
"Ntn1",TRUE
"Gm12305",TRUE
"Pik3r5",TRUE
"Pik3r6",TRUE
"Mfsd6l",FALSE
"Ccdc42os",TRUE
"Ccdc42",TRUE
"Myh10",TRUE
"Ndel1",TRUE
"Rnf222",FALSE
"Rpl26",TRUE
"Odf4",TRUE
"Arhgef15",TRUE
"Slc25a35",TRUE
"Rangrf",TRUE
"Pfas",TRUE
"Ctc1",TRUE
"Aurkb",TRUE
"9330160F10Rik",TRUE
"Borcs6",TRUE
"Tmem107",TRUE
"Vamp2",TRUE
"Per1",TRUE
"9130213A22Rik",TRUE
"Hes7",TRUE
"Aloxe3",TRUE
"Alox12b",TRUE
"Alox8",TRUE
"Gucy2e",TRUE
"Cntrobos",FALSE
"Cntrob",TRUE
"Trappc1",TRUE
"Kcnab3",TRUE
"Kcnab3os",TRUE
"Rnf227",TRUE
"Chd3",TRUE
"Cyb5d1",TRUE
"Naa38",TRUE
"Tmem88",TRUE
"Kdm6b",TRUE
"Kdm6bos",TRUE
"Dnah2",TRUE
"Dnah2os",TRUE
"Efnb3",TRUE
"Wrap53",TRUE
"Trp53",TRUE
"Atp1b2",TRUE
"Shbg",FALSE
"Sat2",TRUE
"Fxr2",TRUE
"Sox15",FALSE
"Mpdu1",TRUE
"Cd68",TRUE
"Eif4a1",TRUE
"Senp3",TRUE
"Tnfsf13os",TRUE
"Tnfsf13",TRUE
"Tnfsf12",TRUE
"Polr2a",TRUE
"Slc35g3",TRUE
"Zbtb4",TRUE
"Chrnb1",TRUE
"Fgf11",TRUE
"Tmem102",FALSE
"Gm39566",FALSE
"Spem2",FALSE
"Spem1",TRUE
"Nlgn2",TRUE
"Tmem256",TRUE
"Plscr3",TRUE
"Tnk1",TRUE
"Tmem95",TRUE
"Kctd11",TRUE
"Acap1",TRUE
"2810408A11Rik",TRUE
"Neurl4",TRUE
"Gps2",TRUE
"Eif5a",TRUE
"Ybx2",TRUE
"Slc2a4",TRUE
"Cldn7",TRUE
"Elp5",TRUE
"Ctdnep1",TRUE
"Gabarap",TRUE
"Phf23",TRUE
"Dvl2",TRUE
"Acadvl",TRUE
"Dlg4",TRUE
"Asgr1",TRUE
"Asgr2",FALSE
"Mgl2",FALSE
"Clec10a",TRUE
"Slc16a11",TRUE
"Slc16a13",TRUE
"Bcl6b",TRUE
"0610010K14Rik",TRUE
"Rnasek",TRUE
"Alox12",TRUE
"Alox12e",TRUE
"Alox15",TRUE
"Pelp1",TRUE
"Arrb2",TRUE
"Med11",TRUE
"Cxcl16",TRUE
"Zmynd15",TRUE
"Tm4sf5",TRUE
"Vmo1",TRUE
"Gltpd2",FALSE
"Psmb6",TRUE
"Gm40193",FALSE
"Pld2",TRUE
"Mink1",TRUE
"Gm12316",TRUE
"Chrne",TRUE
"4930544D05Rik",TRUE
"Gm12315",FALSE
"Gp1ba",TRUE
"Slc25a11",TRUE
"Rnf167",TRUE
"Pfn1",TRUE
"Gm12319",TRUE
"Eno3",TRUE
"Spag7",TRUE
"Camta2",TRUE
"Inca1",TRUE
"Kif1c",TRUE
"Gm12320",TRUE
"Zfp3",TRUE
"Scimp",TRUE
"Rabep1",TRUE
"Gm19967",TRUE
"Nup88",TRUE
"Rpain",TRUE
"C1qbp",TRUE
"Dhx33",TRUE
"Derl2",TRUE
"Mis12",TRUE
"6330403K07Rik",TRUE
"Nlrp1a",TRUE
"Nlrp1b",TRUE
"Gm16013",TRUE
"9230020A06Rik",TRUE
"Gm33351",TRUE
"Gm12324",TRUE
"Gm12325",FALSE
"Gm12326",TRUE
"Wscd1",TRUE
"4930401O10Rik",TRUE
"Aipl1",TRUE
"Pimreg",TRUE
"Pitpnm3",TRUE
"4933427D14Rik",TRUE
"Gm43951",TRUE
"Txndc17",TRUE
"Med31",TRUE
"4930563E22Rik",TRUE
"Slc13a5",TRUE
"1700051A21Rik",FALSE
"Xaf1",TRUE
"Fbxo39",FALSE
"Tekt1",TRUE
"Smtnl2",TRUE
"Ggt6",FALSE
"Mybbp1a",TRUE
"Spns2",TRUE
"Spns3",TRUE
"Ube2g1",TRUE
"Ankfy1",TRUE
"Cyb5d2",TRUE
"Zzef1",TRUE
"Atp2a3",TRUE
"P2rx1",TRUE
"4732414G09Rik",TRUE
"Camkk1",TRUE
"Ncbp3",TRUE
"Itgae",TRUE
"Haspin",TRUE
"P2rx5",TRUE
"Emc6",TRUE
"Tax1bp3",TRUE
"Ctns",TRUE
"Shpk",TRUE
"Trpv1",TRUE
"Trpv3",TRUE
"Aspa",TRUE
"Spata22",TRUE
"Olfr20",FALSE
"Olfr376",FALSE
"Olfr1",FALSE
"Olfr378",FALSE
"Olfr380",FALSE
"Olfr381",FALSE
"Olfr382",FALSE
"Olfr385",FALSE
"Olfr384",FALSE
"Zfp735",FALSE
"Olfr389",FALSE
"Olfr390",FALSE
"Olfr391-ps",FALSE
"Olfr392",FALSE
"Olfr393",FALSE
"Olfr394",TRUE
"Olfr395",FALSE
"Olfr23",FALSE
"Olfr397",FALSE
"Olfr398",FALSE
"Olfr139",FALSE
"Olfr399",FALSE
"Zfp616",FALSE
"Olfr401",FALSE
"Olfr402",FALSE
"Olfr403",FALSE
"Olfr43",FALSE
"Olfr406",FALSE
"Olfr59",FALSE
"Olfr410",FALSE
"Olfr411",TRUE
"Olfr412",FALSE
"Rap1gap2",TRUE
"Ccdc92b",TRUE
"Cluh",TRUE
"Pafah1b1",TRUE
"Mettl16",TRUE
"Mnt",TRUE
"Sgsm2",TRUE
"Tsr1",TRUE
"Srr",TRUE
"Smg6",TRUE
"Gm28180",TRUE
"Gm12333",TRUE
"Hic1",TRUE
"1700016P03Rik",TRUE
"Ovca2",TRUE
"Dph1",TRUE
"Rtn4rl1",TRUE
"Rpa1",TRUE
"Smyd4",TRUE
"Serpinf1",TRUE
"Gm12336",FALSE
"Serpinf2",TRUE
"Wdr81",TRUE
"Mir22hg",TRUE
"Tlcd2",TRUE
"Prpf8",TRUE
"Rilp",TRUE
"Scarf1",TRUE
"Gm45606",TRUE
"Slc43a2",TRUE
"Pitpna",TRUE
"4931413K12Rik",TRUE
"Inpp5k",TRUE
"Myo1c",TRUE
"Crk",TRUE
"Ywhae",TRUE
"Doc2b",TRUE
"Gm12339",TRUE
"Rph3al",TRUE
"Gm16075",TRUE
"1700016K19Rik",TRUE
"Rflnb",TRUE
"Vps53",TRUE
"Glod4",TRUE
"Fam57a",TRUE
"Gemin4",TRUE
"Dbil5",TRUE
"Mrm3",TRUE
"Nxn",TRUE
"Timm22",TRUE
"Abr",TRUE
"Bhlha9",TRUE
"Trarg1",TRUE
"Gosr1",TRUE
"Cpd",TRUE
"Tmigd1",TRUE
"Blmh",TRUE
"Slc6a4",TRUE
"Gm12343",FALSE
"Nsrp1",TRUE
"Efcab5",TRUE
"Gm45027",TRUE
"Ssh2",TRUE
"Coro6",TRUE
"Ankrd13b",TRUE
"Git1",TRUE
"Trp53i13",TRUE
"Abhd15",TRUE
"Gm10392",TRUE
"Taok1",TRUE
"Nufip2",TRUE
"Cryba1",TRUE
"Myo18a",TRUE
"Gm10277",TRUE
"Pipox",TRUE
"Gm11190",TRUE
"Sez6",TRUE
"Phf12",TRUE
"Dhrs13os",TRUE
"Dhrs13",TRUE
"Flot2",TRUE
"Eral1",TRUE
"Fam222b",TRUE
"Traf4",TRUE
"Nek8",TRUE
"Tlcd1",TRUE
"Rpl23a",TRUE
"Rab34",TRUE
"Proca1",TRUE
"Supt6",TRUE
"Sdf2",TRUE
"2610507B11Rik",TRUE
"Gm11192",TRUE
"Rskr",TRUE
"Gm3948",TRUE
"Spag5",TRUE
"Aldoc",TRUE
"Pigs",TRUE
"Unc119",TRUE
"Foxn1",TRUE
"Slc13a2os",FALSE
"Slc13a2",TRUE
"Gm11195",FALSE
"Slc46a1",TRUE
"Sarm1",TRUE
"Vtn",TRUE
"Sebox",TRUE
"Tmem199",TRUE
"Poldip2",TRUE
"Tnfaip1",TRUE
"Ift20",TRUE
"Tmem97",TRUE
"Nlk",TRUE
"Ccnq",TRUE
"Lyrm9",TRUE
"Nos2",TRUE
"Lgals9",TRUE
"Ksr1",TRUE
"Gm11201",TRUE
"Wsb1",TRUE
"Gm44787",TRUE
"Nf1",TRUE
"AU040972",TRUE
"Omg",TRUE
"Evi2",TRUE
"Evi2b",FALSE
"Evi2a",TRUE
"Rab11fip4",TRUE
"Rab11fip4os1",TRUE
"Rab11fip4os2",TRUE
"Gm11205",TRUE
"9130204K15Rik",TRUE
"Utp6",TRUE
"Suz12",TRUE
"Crlf3",TRUE
"Atad5",TRUE
"Tefm",TRUE
"Adap2",TRUE
"Adap2os",TRUE
"Rnf135",TRUE
"Rhot1",TRUE
"Rhbdl3",TRUE
"5730455P16Rik",TRUE
"Zfp207",TRUE
"Psmd11",TRUE
"Cdk5r1",TRUE
"Myo1d",TRUE
"C030013C21Rik",TRUE
"Tmem98",TRUE
"4930507D10Rik",TRUE
"Spaca3",TRUE
"Asic2",TRUE
"Gm11417",TRUE
"4930527B05Rik",TRUE
"Gm11418",TRUE
"5530401A14Rik",TRUE
"Gm31522",TRUE
"Gm11419",TRUE
"Gm17268",TRUE
"Ccl2",TRUE
"Ccl7",FALSE
"Ccl11",TRUE
"Ccl12",TRUE
"Ccl8",FALSE
"Ccl1",TRUE
"Gm38577",TRUE
"Tmem132e",TRUE
"Gm11426",FALSE
"Cct6b",TRUE
"Zfp830",TRUE
"Gm11423",TRUE
"Lig3",TRUE
"Rffl",TRUE
"Rad51d",TRUE
"Fndc8",TRUE
"Nle1",TRUE
"Unc45b",TRUE
"Unc45bos",TRUE
"Slfn5os",TRUE
"Slfn5",TRUE
"1190001M18Rik",FALSE
"Slfn9",TRUE
"Slfn8",TRUE
"Slfn2",TRUE
"Gm20234",TRUE
"Gm48462",FALSE
"Slfn1",FALSE
"Slfn4",FALSE
"Slfn3",TRUE
"AI662270",TRUE
"Slfn14",TRUE
"AA465934",TRUE
"Pex12",TRUE
"Ap2b1",TRUE
"Rasl10b",TRUE
"Gas2l2",TRUE
"1700020L24Rik",TRUE
"Mmp28",TRUE
"Taf15",TRUE
"Heatr9",TRUE
"Ccl5",TRUE
"Ccl9",TRUE
"E230016K23Rik",TRUE
"Ccl6",TRUE
"Rpl9-ps1",FALSE
"Ccl3",TRUE
"Ccl4",TRUE
"Wfdc17",FALSE
"Wfdc18",TRUE
"Wfdc21",TRUE
"Heatr6",TRUE
"Gm12576",TRUE
"Hnf1b",TRUE
"Ddx52",TRUE
"Synrg",TRUE
"Dusp14",TRUE
"Tada2a",TRUE
"Acaca",TRUE
"Gm11437",TRUE
"Aatf",TRUE
"Lhx1",FALSE
"Lhx1os",TRUE
"1700109G15Rik",TRUE
"Gm11431",FALSE
"Mrm1",TRUE
"Dhrs11",TRUE
"4930502E09Rik",TRUE
"Ggnbp2",TRUE
"Pigw",TRUE
"Myo19",TRUE
"Znhit3",TRUE
"Car4",TRUE
"Usp32",TRUE
"1700125H20Rik",TRUE
"Appbp2",TRUE
"Appbp2os",TRUE
"Ppm1d",TRUE
"Bcas3",TRUE
"Bcas3os1",TRUE
"Bcas3os2",TRUE
"2610027K06Rik",TRUE
"Tbx2",TRUE
"Gm11444",TRUE
"Tbx4",TRUE
"Brip1",TRUE
"Brip1os",TRUE
"Ints2",TRUE
"Med13",TRUE
"Rnft1",TRUE
"Rps6kb1",TRUE
"Tubd1",TRUE
"Vmp1",TRUE
"Ptrh2",TRUE
"Cltc",TRUE
"Dhx40",TRUE
"Ypel2",TRUE
"Gdpd1",TRUE
"Gm11479",TRUE
"Smg8",TRUE
"Prr11",TRUE
"Ska2",TRUE
"Gm11491",TRUE
"Trim37",TRUE
"Ppm1e",TRUE
"Rad51c",TRUE
"Tex14",TRUE
"Sept4",TRUE
"Mtmr4",TRUE
"Hsf5",TRUE
"Rnf43",TRUE
"1110028F11Rik",TRUE
"Supt4a",TRUE
"Mir142hg",TRUE
"Tspoap1",TRUE
"Mpo",TRUE
"Gm11505",FALSE
"Lpo",TRUE
"Mks1",TRUE
"Epx",TRUE
"Olfr462",FALSE
"Olfr463",FALSE
"Olfr464",FALSE
"Dynll2",TRUE
"Gm11508",TRUE
"Srsf1",TRUE
"Gm15892",TRUE
"Vezf1",TRUE
"Cuedc1",TRUE
"Mrps23",TRUE
"Gm38534",TRUE
"Ccdc182",FALSE
"Msi2",TRUE
"Gm15893",TRUE
"C030037D09Rik",TRUE
"Gm11493",TRUE
"Akap1",TRUE
"4930556N13Rik",TRUE
"Scpep1os",TRUE
"Scpep1",TRUE
"Elobl",FALSE
"Coil",TRUE
"Gm11496",TRUE
"Trim25",TRUE
"Dgke",TRUE
"Dgkeos",TRUE
"Gm525",TRUE
"Gm11497",FALSE
"Nog",TRUE
"Gm2018",TRUE
"Ankfn1",TRUE
"Pctp",TRUE
"Tmem100",TRUE
"Gm11494",FALSE
"Gm45716",TRUE
"Mmd",TRUE
"Hlf",TRUE
"Stxbp4",TRUE
"Cox11",TRUE
"Tom1l1",TRUE
"4930405D11Rik",TRUE
"Kif2b",FALSE
"Car10",TRUE
"Utp18",TRUE
"Mbtd1",TRUE
"Nme2",TRUE
"Nme1",TRUE
"Spag9",TRUE
"B230206L02Rik",TRUE
"Tob1",TRUE
"Wfikkn2",TRUE
"Gm21885",TRUE
"Luc7l3",TRUE
"Ankrd40",TRUE
"Abcc3",TRUE
"Cacna1g",TRUE
"Spata20",FALSE
"Epn3",TRUE
"Mycbpap",TRUE
"Rsad1",TRUE
"Acsf2",TRUE
"Chad",TRUE
"Lrrc59",TRUE
"Eme1",TRUE
"Mrpl27",TRUE
"Xylt2",TRUE
"Gm11542",TRUE
"Gm11541",TRUE
"Cdc34b",FALSE
"Tmem92",FALSE
"Col1a1",TRUE
"Sgca",TRUE
"Hils1",FALSE
"Ppp1r9b",TRUE
"Samd14",TRUE
"Pdk2",TRUE
"Gm11513",TRUE
"Itga3",TRUE
"Dlx3",FALSE
"Dlx4",TRUE
"Dlx4os",TRUE
"Gm11515",FALSE
"Tac4",TRUE
"Kat7",TRUE
"Gm11520",TRUE
"Gm11521",TRUE
"Fam117a",TRUE
"Gm29477",TRUE
"Slc35b1",TRUE
"Spop",TRUE
"Nxph3",TRUE
"Ngfr",TRUE
"Gm11528",FALSE
"Phb",TRUE
"Gm9796",TRUE
"Zfp652os",TRUE
"Zfp652",TRUE
"Phospho1",FALSE
"Abi3",TRUE
"Gngt2",TRUE
"Gm11527",TRUE
"4833417C18Rik",TRUE
"B4galnt2",TRUE
"Gm11534",FALSE
"Igf2bp1",TRUE
"Gm29202",FALSE
"Gip",TRUE
"Snf8",TRUE
"Ube2z",TRUE
"Atp5g1",TRUE
"Calcoco2",TRUE
"Ttll6",TRUE
"Gm11535",FALSE
"Hoxb13",FALSE
"Gm53",FALSE
"Hoxb9",FALSE
"Hoxb8",FALSE
"Hoxb7",FALSE
"Hoxb5os",FALSE
"Hoxb6",FALSE
"Hoxb5",FALSE
"Hoxb4",TRUE
"Hoxb3",FALSE
"Gm11536",FALSE
"Hoxb3os",FALSE
"Hoxb2",FALSE
"Hoxb1",FALSE
"Gm11529",TRUE
"Skap1",TRUE
"Gm11537",TRUE
"Snx11",TRUE
"Cbx1",TRUE
"Nfe2l1",TRUE
"Copz2",TRUE
"Gm11523",TRUE
"Cdk5rap3",TRUE
"D030028A08Rik",TRUE
"Gm11525",TRUE
"Prr15l",TRUE
"Pnpo",TRUE
"Sp2",TRUE
"Sp6",TRUE
"Gm11532",TRUE
"Scrn2",TRUE
"Lrrc46",TRUE
"Mrpl10",TRUE
"Gm11574",TRUE
"Osbpl7",TRUE
"Tbx21",TRUE
"Tbkbp1",TRUE
"Kpnb1",TRUE
"Gm11583",TRUE
"Npepps",TRUE
"Gm11592",TRUE
"Mrpl45",TRUE
"Gpr179",TRUE
"Socs7",TRUE
"Arhgap23",TRUE
"4933428G20Rik",TRUE
"Srcin1",TRUE
"Gm11611",TRUE
"2410003L11Rik",TRUE
"Epop",TRUE
"Gm11613",TRUE
"Mllt6",TRUE
"Cisd3",TRUE
"Pcgf2",TRUE
"Psmb3",TRUE
"Pip4k2b",TRUE
"Gm11614",TRUE
"Cwc25",TRUE
"1700001P01Rik",TRUE
"Rpl23",TRUE
"Lasp1",TRUE
"B230217C12Rik",TRUE
"Fbxo47",TRUE
"Gm11630",TRUE
"Plxdc1",TRUE
"Arl5c",TRUE
"Cacnb1",TRUE
"Gm11629",TRUE
"Rpl19",TRUE
"Stac2",TRUE
"Fbxl20",TRUE
"Gm11632",FALSE
"Med1",TRUE
"Cdk12",TRUE
"Gm20644",TRUE
"Neurod2",TRUE
"Ppp1r1b",TRUE
"1700003D09Rik",TRUE
"Stard3",TRUE
"Tcap",TRUE
"Pnmt",FALSE
"Pgap3",TRUE
"Erbb2",TRUE
"Mien1",TRUE
"Gm12352",FALSE
"Grb7",TRUE
"Ikzf3",TRUE
"Zpbp2",FALSE
"Ormdl3",TRUE
"Lrrc3c",FALSE
"Gsdma3",FALSE
"Gsdma2",FALSE
"Gsdma",TRUE
"Psmd3",TRUE
"Gm12356",TRUE
"Csf3",TRUE
"Med24",TRUE
"Thra",TRUE
"Nr1d1",TRUE
"Msl1",TRUE
"Gm12359",TRUE
"Casc3",TRUE
"Rapgefl1",TRUE
"Wipf2",TRUE
"Cdc6",TRUE
"Rara",TRUE
"Gjd3",FALSE
"Top2a",TRUE
"Igfbp4",TRUE
"Tns4",TRUE
"Ccr7",FALSE
"Smarce1",TRUE
"Krt222",TRUE
"Krt24",TRUE
"Krt25",TRUE
"Krt26",TRUE
"Krt27",TRUE
"Krt28",TRUE
"Krt10",TRUE
"Gm11940",TRUE
"Krt12",TRUE
"A830036E02Rik",TRUE
"Krt20",TRUE
"Krt23",TRUE
"Krt39",FALSE
"Krt40",FALSE
"Krtap3-3",FALSE
"Krtap3-2",FALSE
"Gm11939",FALSE
"Krtap3-1",FALSE
"Krtap1-5",FALSE
"Krtap1-4",FALSE
"Krtap1-3",FALSE
"Krtap9-3",FALSE
"Gm11938",FALSE
"Gm11937",FALSE
"Krtap2-4",FALSE
"Gm11562",FALSE
"Krtap4-1",FALSE
"Krtap4-2",FALSE
"Krtap4-7",FALSE
"Gm11555",FALSE
"Gm11563",FALSE
"Krtap4-6",FALSE
"Gm14190",FALSE
"Gm14180",FALSE
"Gm11595",FALSE
"Krtap4-8",FALSE
"Krtap4-9",FALSE
"Gm11596",FALSE
"Gm11569",FALSE
"Gm11554",FALSE
"Krtap4-13",FALSE
"Gm11564",FALSE
"2300003K06Rik",FALSE
"Krtap4-16",FALSE
"Gm11568",FALSE
"Gm11559",FALSE
"Krtap9-1",FALSE
"Gm11567",FALSE
"Krtap31-1",FALSE
"Gm11565",FALSE
"Krtap31-2",FALSE
"Krtap9-5",FALSE
"Krtap29-1",FALSE
"Krtap16-1",FALSE
"Krtap17-1",FALSE
"Krt33a",FALSE
"Krt33b",FALSE
"Krt34",FALSE
"Krt31",FALSE
"Gm11571",TRUE
"Krt32",FALSE
"Krt35",FALSE
"Krt36",FALSE
"Gm12347",FALSE
"Krt13",FALSE
"Krt15",TRUE
"Krt19",FALSE
"Krt9",TRUE
"Krt14",FALSE
"Krt16",FALSE
"Krt17",TRUE
"Krt42",FALSE
"Gm14206",TRUE
"Gm12349",FALSE
"Eif1",TRUE
"Gast",FALSE
"Hap1",TRUE
"Gm20394",TRUE
"Jup",TRUE
"Gm12348",TRUE
"P3h4",TRUE
"Fkbp10",TRUE
"Nt5c3b",TRUE
"Klhl10",TRUE
"Klhl11",TRUE
"Acly",TRUE
"Ttc25",TRUE
"Cnp",TRUE
"Dnajc7",TRUE
"Nkiras2",TRUE
"Zfp385c",TRUE
"Dhx58os",TRUE
"Dhx58",TRUE
"Kat2a",TRUE
"Hspb9",FALSE
"Rab5c",TRUE
"Kcnh4",TRUE
"Hcrt",TRUE
"Ghdc",TRUE
"Stat5b",TRUE
"Stat5a",TRUE
"Stat3",TRUE
"Cavin1",TRUE
"Atp6v0a1",TRUE
"Naglu",TRUE
"Hsd17b1",TRUE
"Coasy",TRUE
"Mlx",TRUE
"Psmc3ip",TRUE
"Retreg3",TRUE
"Tubg1",TRUE
"Tubg2",TRUE
"Plekhh3",TRUE
"Cntnap1",TRUE
"Ccr10",TRUE
"Ezh1",TRUE
"Ramp2",TRUE
"Vps25",TRUE
"Wnk4",TRUE
"Gm11615",FALSE
"Coa3",TRUE
"Cntd1",TRUE
"Becn1",TRUE
"Psme3",TRUE
"Aoc2",TRUE
"Aoc3",TRUE
"Gm28156",TRUE
"G6pc",FALSE
"Aarsd1",TRUE
"Ptges3l",TRUE
"Rundc1",TRUE
"Rpl27",TRUE
"Ifi35",TRUE
"Gm11626",TRUE
"Vat1",TRUE
"Rnd2",TRUE
"Brca1",TRUE
"Nbr1",TRUE
"Tmem106a",TRUE
"Gm11634",TRUE
"Gm11635",FALSE
"Rdm1",TRUE
"Arl4d",TRUE
"Dhx8",TRUE
"Etv4",TRUE
"Meox1",TRUE
"Gm11551",TRUE
"4930417O22Rik",FALSE
"Sost",FALSE
"Gm20659",FALSE
"Dusp3",TRUE
"Cfap97d1",TRUE
"Mpp3",TRUE
"E130111B04Rik",TRUE
"Cd300lg",TRUE
"Mpp2",TRUE
"Ppy",FALSE
"Pyy",FALSE
"Nags",TRUE
"Gm11586",FALSE
"Tmem101",TRUE
"Lsm12",TRUE
"G6pc3",TRUE
"Hdac5",TRUE
"BC030867",TRUE
"Asb16",TRUE
"Tmub2",TRUE
"Atxn7l3",TRUE
"Ubtf",TRUE
"Slc4a1",TRUE
"Bloodlinc",FALSE
"Rundc3a",TRUE
"Slc25a39",TRUE
"Grn",TRUE
"Fam171a2",TRUE
"Itga2b",TRUE
"Gpatch8",TRUE
"Gm11627",TRUE
"Fzd2",TRUE
"Gm11636",FALSE
"2810433D01Rik",TRUE
"Meioc",TRUE
"Ccdc43",TRUE
"Adam11",TRUE
"Gjc1",TRUE
"Higd1b",TRUE
"Eftud2",TRUE
"Ccdc103",TRUE
"Fam187a",TRUE
"Gfap",TRUE
"Kif18b",TRUE
"C1ql1",TRUE
"2410004I01Rik",TRUE
"Dcakd",TRUE
"Nmt1",TRUE
"Plcd3",TRUE
"Acbd4",TRUE
"Hexim1",TRUE
"Hexim2",TRUE
"Fmnl1",TRUE
"Gm20511",TRUE
"1700023F06Rik",TRUE
"Spata32",TRUE
"Map3k14",TRUE
"1700028N14Rik",TRUE
"Arhgap27",TRUE
"Arhgap27os3",TRUE
"Arhgap27os2",TRUE
"Arhgap27os1",TRUE
"Plekhm1",TRUE
"Gm39397",TRUE
"Lrrc37a",TRUE
"Gm884",TRUE
"Lyzl6",FALSE
"Rprml",TRUE
"Gosr2",TRUE
"C130046K22Rik",TRUE
"Gm11642",TRUE
"Wnt9b",TRUE
"Wnt3",TRUE
"Nsf",TRUE
"Arf2",TRUE
"Crhr1",TRUE
"Sppl2c",FALSE
"Mapt",TRUE
"Gm11659",TRUE
"Kansl1",TRUE
"Cdc27",TRUE
"Myl4",TRUE
"Gm11665",FALSE
"Gm22000",TRUE
"Itgb3",TRUE
"Gm11639",TRUE
"Efcab3",TRUE
"Mettl2",TRUE
"1700052K11Rik",TRUE
"Tlk2",TRUE
"Mrc2",TRUE
"March10",TRUE
"Gm11638",TRUE
"Gm11640",FALSE
"Tanc2",TRUE
"Cyb561",TRUE
"Gm11651",TRUE
"Ace",TRUE
"Kcnh6",TRUE
"Dcaf7",TRUE
"Gm11646",TRUE
"Taco1os",TRUE
"Taco1",TRUE
"Map3k3",TRUE
"Gm11672",TRUE
"Limd2",TRUE
"Strada",TRUE
"Ccdc47",TRUE
"Ddx42",TRUE
"Ftsj3",TRUE
"Psmc5",TRUE
"Smarcd2",TRUE
"Tcam1",TRUE
"Gh",FALSE
"Cd79b",TRUE
"Scn4a",TRUE
"Prr29",TRUE
"Icam2",TRUE
"Ern1",TRUE
"Tex2",TRUE
"Pecam1",TRUE
"Milr1",TRUE
"Polg2",TRUE
"Ddx5",TRUE
"Cep95",TRUE
"Gm11706",TRUE
"Smurf2",TRUE
"Gm11707",FALSE
"Kpna2",TRUE
"1810010H24Rik",TRUE
"Bptf",TRUE
"Gm11715",TRUE
"Nol11",TRUE
"Pitpnc1",TRUE
"Gm11716",TRUE
"Gm11712",TRUE
"Gm11713",TRUE
"Gm11714",TRUE
"Psmd12",TRUE
"Gm11722",TRUE
"C330019F10Rik",TRUE
"A830035A12Rik",TRUE
"Helz",TRUE
"Cacng1",TRUE
"Cacng4",TRUE
"Gm11650",TRUE
"Cacng5",TRUE
"Prkca",TRUE
"Gm11657",FALSE
"Gm11655",TRUE
"Apoh",TRUE
"Gm11656",FALSE
"Cep112",TRUE
"Cep112os1",TRUE
"Cep112it",TRUE
"Axin2",TRUE
"Gm11670",TRUE
"E030025P04Rik",TRUE
"Rgs9",TRUE
"1700096J18Rik",TRUE
"Gm11696",TRUE
"Gna13",TRUE
"9930022D16Rik",TRUE
"Amz2",TRUE
"Gm15642",FALSE
"Slc16a6",TRUE
"Arsg",TRUE
"Wipi1",TRUE
"Gm11685",TRUE
"Prkar1a",TRUE
"Fam20a",TRUE
"Gm11684",FALSE
"1700012B07Rik",TRUE
"Gm11683",FALSE
"1700023C21Rik",FALSE
"Abca8b",TRUE
"Gm11697",TRUE
"Abca8a",TRUE
"Abca9",TRUE
"Abca6",TRUE
"Abca5",TRUE
"Map2k6",TRUE
"Gm11682",FALSE
"Kcnj16",TRUE
"Kcnj2",TRUE
"Gm11674",TRUE
"Gm11680",TRUE
"BC006965",TRUE
"Sox9",TRUE
"Gm11681",TRUE
"4933434M16Rik",TRUE
"2610035D17Rik",TRUE
"4732490B19Rik",TRUE
"Slc39a11",TRUE
"Sstr2",TRUE
"Cog1",TRUE
"Fam104a",TRUE
"D11Wsu47e",TRUE
"Cpsf4l",TRUE
"Cdc42ep4",TRUE
"Sdk2",TRUE
"1700025D23Rik",FALSE
"1700001J04Rik",FALSE
"1700092K14Rik",TRUE
"Gm11690",TRUE
"Gm11691",FALSE
"4932435O22Rik",TRUE
"Rpl38",TRUE
"Ttyh2",TRUE
"Dnaic2",TRUE
"Kif19a",TRUE
"Btbd17",TRUE
"Gpr142",TRUE
"Gprc5c",TRUE
"Cd300a",TRUE
"Cd300lb",TRUE
"Cd300c",FALSE
"Cd300ld",TRUE
"Cd300c2",TRUE
"Cd300ld2",FALSE
"Cd300ld4",FALSE
"Cd300ld5",FALSE
"Cd300ld3",FALSE
"Cd300e",FALSE
"Rab37",TRUE
"Cd300lf",TRUE
"Slc9a3r1",TRUE
"Nat9",TRUE
"Tmem104",TRUE
"Grin2c",TRUE
"Fdxr",TRUE
"Fads6",TRUE
"Otop2",TRUE
"Ush1g",TRUE
"Otop3",TRUE
"Hid1",TRUE
"Cdr2l",TRUE
"Mrpl58",TRUE
"Ict1os",TRUE
"Atp5h",TRUE
"Kctd2",TRUE
"Trim80",TRUE
"Gm11695",FALSE
"Slc16a5",TRUE
"Armc7",TRUE
"Nt5c",TRUE
"Jpt1",TRUE
"Sumo2",TRUE
"Nup85",TRUE
"Gga3",TRUE
"Mrps7",TRUE
"Mif4gd",TRUE
"Slc25a19",TRUE
"Grb2",TRUE
"Tmem94",TRUE
"Caskin2",TRUE
"Tsen54",TRUE
"Llgl2",TRUE
"Myo15b",TRUE
"Recql5",TRUE
"Smim5",TRUE
"Smim6",TRUE
"Recql5os1",TRUE
"Sap30bp",TRUE
"Sap30bpos",TRUE
"Itgb4",TRUE
"Galk1",TRUE
"H3f3b",TRUE
"Unk",TRUE
"Unc13d",TRUE
"Wbp2",TRUE
"Trim47",TRUE
"Trim65",TRUE
"Mrpl38",TRUE
"Fbf1",TRUE
"Acox1",TRUE
"Ten1",TRUE
"Evpl",TRUE
"Srp68",TRUE
"Galr2",TRUE
"Exoc7",TRUE
"Foxj1",TRUE
"Rnf157",TRUE
"Ubald2",TRUE
"Qrich2",TRUE
"Gm11739",TRUE
"Prpsap1",TRUE
"Gm29292",FALSE
"Sphk1",TRUE
"Ube2o",TRUE
"Aanat",TRUE
"Rhbdf2",TRUE
"Cygb",TRUE
"Prcd",TRUE
"Snhg16",TRUE
"St6galnac2",TRUE
"St6galnac2.1",FALSE
"BC018473",TRUE
"St6galnac1",TRUE
"Mxra7",TRUE
"Jmjd6",TRUE
"Mettl23",TRUE
"Srsf2",TRUE
"Mfsd11",TRUE
"Mgat5b",TRUE
"Gm11728",TRUE
"Gm11731",FALSE
"Snhg20",TRUE
"Gm11730",FALSE
"Sec14l1",TRUE
"Sept9",TRUE
"Gm16045",TRUE
"Gm11729",FALSE
"Gm11732",TRUE
"Gm34418",TRUE
"Gm11733",FALSE
"Gm11734",TRUE
"2900041M22Rik",TRUE
"Tnrc6c",TRUE
"Tmc6",TRUE
"Tmc8",TRUE
"Gm11723",FALSE
"Gm11724",TRUE
"6030468B19Rik",TRUE
"Syngr2",TRUE
"Tk1",TRUE
"Afmid",TRUE
"Birc5",TRUE
"Tmem235",FALSE
"Tha1",TRUE
"Gm11725",TRUE
"Socs3",TRUE
"Pgs1",TRUE
"Dnah17",TRUE
"Gm11738",TRUE
"Cyth1",TRUE
"Usp36",TRUE
"Timp2",TRUE
"Cep295nl",TRUE
"Lgals3bp",TRUE
"Cant1",TRUE
"C1qtnf1",TRUE
"Gm11747",TRUE
"Gm11748",TRUE
"Engase",TRUE
"Rbfox3",TRUE
"Gm11750",TRUE
"Gm11749",TRUE
"Enpp7",FALSE
"Cbx2",TRUE
"Cbx8",TRUE
"Cbx4",TRUE
"Gm11754",TRUE
"Gm11755",TRUE
"Tbc1d16",TRUE
"Gm11753",FALSE
"Gm11752",TRUE
"Ccdc40",TRUE
"Gaa",TRUE
"Eif4a3",TRUE
"Card14",TRUE
"Sgsh",TRUE
"Slc26a11",TRUE
"Rnf213",TRUE
"A930037H05Rik",TRUE
"Endov",TRUE
"Nptx1",TRUE
"Gm11762",TRUE
"Rptor",TRUE
"Rptoros",TRUE
"Chmp6",TRUE
"Gm11767",TRUE
"Gm11766",TRUE
"Baiap2",TRUE
"Aatk",TRUE
"Cep131",TRUE
"Tepsin",TRUE
"Ndufaf8",TRUE
"Slc38a10",TRUE
"Gm11769",TRUE
"2810410L24Rik",TRUE
"Gm11770",TRUE
"2900052L18Rik",TRUE
"Bahcc1",TRUE
"Gm11772",TRUE
"Actg1",TRUE
"0610009L18Rik",TRUE
"Fscn2",TRUE
"Faap100",TRUE
"Nploc4",TRUE
"Tspan10",FALSE
"Pde6g",TRUE
"Oxld1",TRUE
"Ccdc137",TRUE
"Arl16",TRUE
"Hgs",TRUE
"Mrpl12",TRUE
"Gm11788",FALSE
"Slc25a10",TRUE
"Gm11789",FALSE
"Gcgr",FALSE
"Mcrip1",TRUE
"Ppp1r27",FALSE
"P4hb",TRUE
"Arhgdia",TRUE
"Alyref",TRUE
"Anapc11",TRUE
"Npb",TRUE
"Pcyt2",TRUE
"Sirt7",TRUE
"Mafg",TRUE
"Pycr1",TRUE
"Myadml2",TRUE
"Myadml2os",TRUE
"Notum",TRUE
"Notumos",FALSE
"Aspscr1",TRUE
"Gm17178",TRUE
"Cenpx",TRUE
"Lrrc45",TRUE
"Rac3",TRUE
"Dcxr",TRUE
"Cbr2",TRUE
"Hmga1b",TRUE
"Rfng",TRUE
"Gps1",TRUE
"Dus1l",TRUE
"Fasn",TRUE
"Ccdc57",TRUE
"Gm11773",TRUE
"Slc16a3",TRUE
"Csnk1d",TRUE
"Gm28192",TRUE
"Gm11775",TRUE
"Cd7",FALSE
"Sectm1b",FALSE
"Sectm1a",TRUE
"Gm11791",FALSE
"Tex19.2",FALSE
"Tex19.1",FALSE
"Uts2r",FALSE
"Ogfod3",TRUE
"Hexdc",TRUE
"Cybc1",TRUE
"Narf",TRUE
"Foxk2",TRUE
"Wdr45b",TRUE
"Rab40b",TRUE
"Fn3krp",TRUE
"Fn3k",TRUE
"Tbcd",TRUE
"Zfp750",TRUE
"B3gntl1",TRUE
"Metrnl",TRUE
"Gm12589",TRUE
"Gm29513",FALSE
"Gm15643",FALSE
"Ptchd3",FALSE
"Gm12590",TRUE
"Rab10os",TRUE
"Rab10",TRUE
"Gm26520",TRUE
"Kif3c",TRUE
"Gm48512",TRUE
"1110002L01Rik",TRUE
"Asxl2",TRUE
"Dtnb",TRUE
"Dtnbos",TRUE
"Dnmt3a",TRUE
"Dnmt3aos",TRUE
"Pomc",TRUE
"Efr3b",TRUE
"Gm48001",TRUE
"Dnajc27",TRUE
"Adcy3",TRUE
"Cenpo",TRUE
"Ptrhd1",TRUE
"4921501I09Rik",TRUE
"Ncoa1",TRUE
"2900045O20Rik",TRUE
"Gm31938",TRUE
"Gm46332",TRUE
"Gm48610",TRUE
"AC241534.1",TRUE
"Itsn2",TRUE
"Gm48678",TRUE
"Fam228a",TRUE
"Fam228b",TRUE
"Pfn4",TRUE
"Sf3b6",TRUE
"Fkbp1b",TRUE
"Wdcp",TRUE
"Mfsd2b",TRUE
"Ubxn2a",TRUE
"Atad2b",TRUE
"Klhl29",TRUE
"2810032G03Rik",TRUE
"Gm32442",TRUE
"Gm48619",TRUE
"1700101O22Rik",TRUE
"Gm32828",TRUE
"Gm48633",TRUE
"Apob",TRUE
"Gm33037",TRUE
"Ldah",TRUE
"Gm48898",TRUE
"Gdf7",TRUE
"Hs1bp3",TRUE
"Gm48071",TRUE
"Gm48075",TRUE
"Rhob",TRUE
"5033421B08Rik",TRUE
"Slc7a15",TRUE
"Pum2",TRUE
"Gm4755",TRUE
"Sdc1",TRUE
"9930038B18Rik",TRUE
"Gm47391",TRUE
"Laptm4a",TRUE
"Matn3",TRUE
"Wdr35",TRUE
"Ttc32",TRUE
"Gm46323",TRUE
"Gm48762",TRUE
"Gm48764",TRUE
"1700022H16Rik",FALSE
"Osr1",TRUE
"Gm48790",TRUE
"Gm48791",TRUE
"Nt5c1b",TRUE
"Rdh14",TRUE
"Gm38407",TRUE
"7420701I03Rik",TRUE
"Kcns3",TRUE
"9530020I12Rik",TRUE
"Msgn1",FALSE
"Gen1",TRUE
"Smc6",TRUE
"Vsnl1",TRUE
"4930511A02Rik",TRUE
"Rad51ap2",TRUE
"Gm47808",TRUE
"Gm47833",TRUE
"Gm34237",TRUE
"Fam49a",TRUE
"4921511I17Rik",TRUE
"Platr19",TRUE
"Gm48187",FALSE
"4930519A11Rik",TRUE
"Gm40271",FALSE
"Mycn",TRUE
"Gm35208",FALSE
"Gm48209",FALSE
"Gm35298",TRUE
"Gm48213",FALSE
"Ddx1",TRUE
"Nbas",TRUE
"Gm48311",TRUE
"Gm35725",TRUE
"Gm35890",TRUE
"Gm48479",TRUE
"Gm48480",FALSE
"Lratd1",TRUE
"Gm16497",TRUE
"4930448C13Rik",TRUE
"Gm48539",FALSE
"Trib2",TRUE
"Gm5432",TRUE
"Gm48558",TRUE
"Gm48584",TRUE
"Gm36235",TRUE
"Gm48607",TRUE
"Gm36372",TRUE
"Gm48606",TRUE
"Gm48605",TRUE
"Lpin1",TRUE
"Ntsr2",TRUE
"Greb1",TRUE
"Gm48140",TRUE
"Gm48227",FALSE
"E2f6",TRUE
"Gm36495",TRUE
"Rock2",TRUE
"Pqlc3",TRUE
"2410004P03Rik",TRUE
"Gm48538",TRUE
"Kcnf1",TRUE
"Pdia6",TRUE
"Atp6v1c2",TRUE
"Gm46336",TRUE
"Nol10",TRUE
"Gm36752",TRUE
"Odc1",TRUE
"Gm36862",TRUE
"Gm48313",TRUE
"Hpcal1",TRUE
"5730507C01Rik",TRUE
"Gm49764",FALSE
"Gm40849",FALSE
"Gm49957",TRUE
"Gm5784",TRUE
"Gm29737",FALSE
"Gm49769",TRUE
"Gm49371",TRUE
"Gm21863",FALSE
"Gm49692",TRUE
"Gm10479",TRUE
"Gm49698",TRUE
"Gm48693",TRUE
"Gm49700",TRUE
"Asap2",TRUE
"Gm30124",TRUE
"Itgb1bp1",TRUE
"Gm20535",TRUE
"Cpsf3",TRUE
"Iah1",TRUE
"Adam17",TRUE
"Gm49586",TRUE
"Ywhaq",TRUE
"Gm4419",TRUE
"Gm4425",TRUE
"Gm47997",FALSE
"2410018L13Rik",TRUE
"9030624G23Rik",TRUE
"Taf1b",TRUE
"Grhl1",TRUE
"Klf11",TRUE
"Cys1",TRUE
"Rrm2",TRUE
"Gm48896",FALSE
"2900060N12Rik",TRUE
"Mboat2",TRUE
"Gm36236",TRUE
"Kidins220",TRUE
"Gm47701",TRUE
"Id2",TRUE
"Gm17746",TRUE
"Gm36287",TRUE
"Gm47705",FALSE
"Gm47713",TRUE
"Gm36723",TRUE
"Gm47733",FALSE
"Gm29687",TRUE
"4930480M12Rik",TRUE
"Gm29968",TRUE
"Rnf144a",TRUE
"4930549C15Rik",TRUE
"Rsad2",TRUE
"Cmpk2",TRUE
"1700020D12Rik",TRUE
"Gm47847",TRUE
"4933409F18Rik",TRUE
"Gm9866",TRUE
"Sox11",TRUE
"Gm4166",FALSE
"Gm45941",TRUE
"Gm31025",TRUE
"Gm47872",TRUE
"Gm47871",FALSE
"Dcdc2c",TRUE
"Allc",TRUE
"Colec11",TRUE
"Rps7",TRUE
"Rnaseh1",TRUE
"Adi1",TRUE
"Trappc12",TRUE
"Eipr1",TRUE
"Gm48905",TRUE
"Gm31508",TRUE
"4833405L11Rik",TRUE
"Gm31333",TRUE
"Gm20208",TRUE
"Myt1l",TRUE
"C630031E19Rik",TRUE
"Pxdn",TRUE
"Tpo",TRUE
"Gm15691",FALSE
"Sntg2",TRUE
"2310016D03Rik",TRUE
"Gm28806",TRUE
"Tmem18",TRUE
"Alkal2",TRUE
"Acp1",TRUE
"Sh3yl1",TRUE
"Fam110c",FALSE
"Gm32443",FALSE
"6030469F06Rik",TRUE
"Gm6993",FALSE
"Lamb1",TRUE
"Dld",TRUE
"Slc26a3",TRUE
"Cbll1",TRUE
"Gm29542",TRUE
"Slc26a4",TRUE
"Bcap29",TRUE
"Dus4l",TRUE
"Cog5",TRUE
"Gpr22",TRUE
"Gm48809",TRUE
"Hbp1",TRUE
"Prkar2b",TRUE
"Gm33111",TRUE
"5430401H09Rik",FALSE
"Pik3cg",TRUE
"Gm33308",FALSE
"Ccdc71l",TRUE
"Gm40375",TRUE
"Nampt",TRUE
"Gm47948",FALSE
"4933406C10Rik",TRUE
"Sypl",TRUE
"Cdhr3",TRUE
"F730043M19Rik",TRUE
"Gm16267",TRUE
"Atxn7l1",TRUE
"Atxn7l1os1",TRUE
"Atxn7l1os2",TRUE
"Efcab10",TRUE
"Twistnb",TRUE
"Gm40383",TRUE
"Ferd3l",FALSE
"Twist1",FALSE
"Hdac9",TRUE
"Gm47357",TRUE
"Prps1l1",TRUE
"Snx13",TRUE
"Ahr",TRUE
"Gm48236",TRUE
"Gm48237",FALSE
"Gm34047",TRUE
"9130015A21Rik",TRUE
"Agr3",TRUE
"Agr2",TRUE
"Tspan13",TRUE
"Bzw2",TRUE
"Ankmy2",TRUE
"Lrrc72",TRUE
"Gm40392",TRUE
"Sostdc1",TRUE
"Gm34215",FALSE
"D630036H23Rik",TRUE
"Crppa",TRUE
"Gm40394",TRUE
"Gm48613",TRUE
"Gm48616",FALSE
"Gm48617",TRUE
"Gm29007",FALSE
"Meox2",TRUE
"Agmo",TRUE
"Gm34408",TRUE
"Dgkb",TRUE
"Gm48715",TRUE
"4930428E07Rik",TRUE
"Etv1",TRUE
"Gm34611",FALSE
"Gm34662",TRUE
"Gm34809",TRUE
"Gm47855",FALSE
"Gm34923",TRUE
"Gm47859",FALSE
"Gm47868",TRUE
"Arl4a",TRUE
"Arl4aos",TRUE
"Scin",TRUE
"Lsmem1",TRUE
"Gm17056",TRUE
"Ifrd1",TRUE
"Gm17024",TRUE
"Gm7008",TRUE
"Zfp277",TRUE
"Dock4",TRUE
"Immp2l",TRUE
"Gm47375",TRUE
"Gm47376",TRUE
"Gm47373",TRUE
"Gm47368",TRUE
"Lrrn3",TRUE
"Gm47371",TRUE
"Gm46348",TRUE
"Gm47013",TRUE
"Gm47020",TRUE
"Gm33340",TRUE
"Gm47030",TRUE
"Gm10165",TRUE
"Gm46349",TRUE
"Dnajb9",TRUE
"Gm47096",TRUE
"Pnpla8",TRUE
"Nrcam",TRUE
"Stxbp6",TRUE
"Gm15902",TRUE
"Gm48508",TRUE
"Gm9921",FALSE
"Gm33680",TRUE
"Gm48522",TRUE
"Gm48535",TRUE
"B230217J21Rik",TRUE
"Nova1",TRUE
"Gm48578",FALSE
"Gm34304",TRUE
"Foxg1",TRUE
"3110039M20Rik",TRUE
"1810007C17Rik",TRUE
"Gm40418",TRUE
"Prkd1",TRUE
"Gm48779",TRUE
"Gm40421",TRUE
"1700008C04Rik",TRUE
"G2e3",TRUE
"Scfd1",TRUE
"Coch",TRUE
"Strn3",TRUE
"Ap4s1",TRUE
"Hectd1",TRUE
"Heatr5a",TRUE
"Dtd2",TRUE
"Gpr33",FALSE
"Nubpl",TRUE
"Gm47431",TRUE
"Gm35135",FALSE
"Gm35188",TRUE
"Arhgap5",TRUE
"1700031P21Rik",TRUE
"Gm35239",TRUE
"Akap6",TRUE
"Npas3",TRUE
"1700030L22Rik",TRUE
"1700060O08Rik",TRUE
"Gm35818",TRUE
"Egln3",TRUE
"1700104L18Rik",FALSE
"Gm47552",FALSE
"Gm7550",FALSE
"Gm46328",FALSE
"Gm10465",TRUE
"Sptssa",TRUE
"Gm40884",FALSE
"Eapp",TRUE
"Snx6",TRUE
"Cfl2",TRUE
"1700081N11Rik",TRUE
"Baz1a",TRUE
"Gm20403",FALSE
"2700097O09Rik",TRUE
"Srp54a",TRUE
"Fam177a",TRUE
"Srp54b",TRUE
"1700047I17Rik2",FALSE
"Srp54c",TRUE
"Ppp2r3c",TRUE
"Prorp",TRUE
"Psma6",TRUE
"Nfkbia",TRUE
"Gm36634",TRUE
"Aldoart2",FALSE
"Insm2",TRUE
"Ralgapa1",TRUE
"Brms1l",TRUE
"Gm47682",TRUE
"Gm19990",TRUE
"Mbip",TRUE
"Sfta3-ps",TRUE
"Nkx2-1",TRUE
"Gm26973",TRUE
"C87198",FALSE
"Nkx2-9",FALSE
"Gm15524",FALSE
"Pax9",TRUE
"Slc25a21",TRUE
"Prps1l3",TRUE
"Mipol1",TRUE
"Gm16246",TRUE
"Foxa1",FALSE
"Ttc6",TRUE
"4921518K17Rik",TRUE
"BC042761",TRUE
"Gm46329",TRUE
"Sstr1",TRUE
"Clec14a",TRUE
"Gm47645",FALSE
"Gm17529",TRUE
"Sec23a",TRUE
"Gemin2",TRUE
"Trappc6b",TRUE
"Pnn",TRUE
"Mia2",TRUE
"Fbxo33",TRUE
"Gm48301",TRUE
"Gm20063",TRUE
"Lrfn5",TRUE
"Gm48421",TRUE
"Gm48422",TRUE
"Fscb",FALSE
"Gm527",TRUE
"Klhl28",TRUE
"Togaram1",TRUE
"Gm48559",TRUE
"Prpf39",TRUE
"Fkbp3",TRUE
"Fancm",TRUE
"Mis18bp1",TRUE
"4930471E15Rik",FALSE
"Gm31063",TRUE
"Wdr20rt",FALSE
"Rpl10l",FALSE
"Gm47979",TRUE
"Mdga2",TRUE
"Gm47432",FALSE
"Gm47453",FALSE
"Gm47456",TRUE
"Gm47489",TRUE
"Gm47515",TRUE
"Gm2912",TRUE
"Gm47518",TRUE
"Gm31447",TRUE
"Rps29",TRUE
"Lrr1",TRUE
"Rpl36al",TRUE
"Mgat2",TRUE
"Dnaaf2",TRUE
"9330151L19Rik",TRUE
"Pole2",TRUE
"Gm47545",TRUE
"Klhdc1",TRUE
"Gm15561",TRUE
"Klhdc2",TRUE
"Nemf",TRUE
"Gm9887",TRUE
"Arf6",TRUE
"5830428M24Rik",TRUE
"Vcpkmt",TRUE
"Sos2",TRUE
"L2hgdh",TRUE
"Dmac2l",TRUE
"Cdkl1",TRUE
"4930512B01Rik",TRUE
"Map4k5",TRUE
"Atl1",TRUE
"Sav1",TRUE
"Nin",TRUE
"Gm48695",TRUE
"Abhd12b",TRUE
"Pygl",TRUE
"F730035M05Rik",TRUE
"Trim9",TRUE
"Gm48747",TRUE
"Gm32151",TRUE
"Tmx1",TRUE
"Gm48847",FALSE
"Gm32219",TRUE
"Gm24474",TRUE
"Gm48866",FALSE
"Gm32369",TRUE
"Gm40437",TRUE
"Frmd6",TRUE
"Gm46355",FALSE
"Gm10457",TRUE
"Actr10",TRUE
"Psma3",TRUE
"3110056K07Rik",TRUE
"Arid4a",TRUE
"Tomm20l",TRUE
"Timm9",TRUE
"2700049A03Rik",TRUE
"Dact1",TRUE
"4930474H06Rik",TRUE
"Gm33016",FALSE
"Gm40438",TRUE
"1700083H02Rik",FALSE
"4930404H11Rik",TRUE
"9630002D21Rik",TRUE
"Daam1",TRUE
"Gpr135",TRUE
"L3hypdh",TRUE
"Jkamp",TRUE
"Ccdc175",TRUE
"Rtn1",TRUE
"Lrrc9",TRUE
"Pcnx4",TRUE
"Gm4756",TRUE
"Dhrs7",TRUE
"Ppm1a",TRUE
"Gm33785",FALSE
"4930447C04Rik",TRUE
"Six6",FALSE
"Gm26709",FALSE
"Six1",TRUE
"Six4",TRUE
"Mnat1",TRUE
"Trmt5",TRUE
"Slc38a6",TRUE
"Gm48653",TRUE
"D830013O20Rik",TRUE
"Gm33929",FALSE
"Gm48656",TRUE
"Gm34016",TRUE
"Tmem30b",FALSE
"2210039B01Rik",FALSE
"Prkch",TRUE
"Gm8075",FALSE
"Gm48823",FALSE
"Gm15283",TRUE
"Hif1a",TRUE
"Snapc1",TRUE
"Syt16",TRUE
"Gm29587",TRUE
"Dbpht2",TRUE
"Gm34552",TRUE
"Gm11042",FALSE
"Gm39473",TRUE
"4930442G10Rik",TRUE
"Kcnh5",TRUE
"Rhoj",TRUE
"Gphb5",TRUE
"Ppp2r5e",TRUE
"Gm47689",TRUE
"Wdr89",TRUE
"AC124742.1",FALSE
"Sgpp1",TRUE
"Syne2",TRUE
"Esr2",TRUE
"Tex21",TRUE
"Gm47525",TRUE
"Mthfd1",TRUE
"Gm34868",TRUE
"Akap5",TRUE
"Zbtb25",TRUE
"Zbtb1",TRUE
"4930426I24Rik",TRUE
"Hspa2",TRUE
"Ppp1r36",TRUE
"Gm10451",TRUE
"Plekhg3",TRUE
"AI463170",FALSE
"Sptb",TRUE
"Churc1",TRUE
"Fntb",TRUE
"Gpx2",FALSE
"Rab15",TRUE
"Max",TRUE
"Gm35041",TRUE
"Gm35189",TRUE
"9530018F02Rik",TRUE
"Fut8",TRUE
"Gm35240",TRUE
"4930458K08Rik",FALSE
"Gm6657",TRUE
"Gm48226",TRUE
"Gphn",TRUE
"Fam71d",TRUE
"Mpp5",TRUE
"Atp6v1d",TRUE
"Eif2s1",TRUE
"Plek2",TRUE
"Tmem229b",TRUE
"Plekhh1",TRUE
"Pigh",TRUE
"9230116L04Rik",TRUE
"Arg2",TRUE
"Gm48780",TRUE
"Vti1b",TRUE
"Rdh11",TRUE
"Rdh12",TRUE
"Zfyve26",TRUE
"Rad51b",TRUE
"9430078K24Rik",TRUE
"Gm36660",TRUE
"Gm47752",TRUE
"Zfp36l1",TRUE
"1300014J16Rik",TRUE
"2310015A10Rik",TRUE
"Actn1",TRUE
"Gm47765",FALSE
"Gm47767",TRUE
"Gm47766",TRUE
"Dcaf5",TRUE
"Gm50278",FALSE
"Gm30025",TRUE
"Exd2",TRUE
"2310002D06Rik",TRUE
"Gm26777",TRUE
"Galnt16",TRUE
"4933406B15Rik",TRUE
"Erh",TRUE
"Gm47879",TRUE
"Slc39a9",TRUE
"Plekhd1os",TRUE
"Plekhd1",TRUE
"Ccdc177",TRUE
"Gm26796",TRUE
"Gm47941",TRUE
"Susd6",TRUE
"1700052I22Rik",FALSE
"Gm20337",TRUE
"Srsf5",TRUE
"Slc10a1",TRUE
"Smoc1",TRUE
"Slc8a3",TRUE
"Gm3693",TRUE
"Cox16",TRUE
"Gm4787",TRUE
"Adam4",TRUE
"Gm28370",TRUE
"Synj2bp",TRUE
"Gm17191",TRUE
"6530401F13Rik",TRUE
"Adam21",TRUE
"Med6",TRUE
"Gm16572",TRUE
"Ttc9",TRUE
"Gm49654",TRUE
"Map3k9",TRUE
"4930423D22Rik",TRUE
"Gm47080",TRUE
"Pcnx",TRUE
"Gm49749",FALSE
"Gm48242",TRUE
"Sipa1l1",TRUE
"Rgs6",TRUE
"1700085C21Rik",TRUE
"Gm29530",TRUE
"Dpf3",TRUE
"Dcaf4",TRUE
"Zfyve1",TRUE
"Rbm25",TRUE
"Gm29361",TRUE
"Psen1",TRUE
"Gm47666",TRUE
"Papln",TRUE
"Numb",TRUE
"Gm46367",TRUE
"Gm26571",TRUE
"Riox1",TRUE
"Heatr4",TRUE
"Acot2",TRUE
"Acot1",TRUE
"Acot4",TRUE
"4732463B04Rik",TRUE
"Acot3",TRUE
"Acot5",TRUE
"Acot6",TRUE
"Dnal1",TRUE
"Pnma1",TRUE
"Elmsan1",TRUE
"Gm31513",TRUE
"Gm47447",FALSE
"Ptgr2",TRUE
"Gm47484",TRUE
"Zfp410",TRUE
"Fam161b",TRUE
"Coq6",TRUE
"Entpd5",TRUE
"Bbof1",TRUE
"Rnf113a2",TRUE
"Aldh6a1",TRUE
"Lin52",TRUE
"Vsx2",TRUE
"Abcd4",TRUE
"Vrtn",FALSE
"Syndig1l",TRUE
"Gm48573",FALSE
"Npc2",TRUE
"Isca2",TRUE
"Ltbp2",TRUE
"D030025P21Rik",FALSE
"Gm48709",FALSE
"Gm17139",TRUE
"Arel1",TRUE
"Gm17193",TRUE
"Fcf1",TRUE
"Ylpm1",TRUE
"Prox2os",TRUE
"Prox2",TRUE
"Dlst",TRUE
"Rps6kl1",TRUE
"Pgf",TRUE
"Eif2b2",TRUE
"Mlh3",TRUE
"Acyp1",TRUE
"Zc2hc1c",TRUE
"Nek9",TRUE
"Tmed10",TRUE
"Gm47819",TRUE
"Gm40477",TRUE
"Fos",TRUE
"Gm32296",TRUE
"Gm47863",TRUE
"Jdp2",TRUE
"Batf",TRUE
"Flvcr2",TRUE
"Erg28",TRUE
"Ttll5",TRUE
"Gm26531",TRUE
"Tgfb3",TRUE
"Gm48008",TRUE
"Ift43",TRUE
"Gm805",TRUE
"Gpatch2l",TRUE
"4732487G21Rik",TRUE
"Esrrb",TRUE
"Vash1",TRUE
"Angel1",TRUE
"Lrrc74a",TRUE
"Irf2bpl",TRUE
"Cipc",TRUE
"Zdhhc22",TRUE
"Tmem63c",TRUE
"Ngb",TRUE
"Pomt2",TRUE
"Gstz1",TRUE
"Gm6566",TRUE
"Tmed8",TRUE
"Samd15",TRUE
"Noxred1",TRUE
"Vipas39",TRUE
"Ahsa1",TRUE
"Ism2",TRUE
"Sptlc2",TRUE
"Alkbh1",TRUE
"Gm29362",FALSE
"Slirp",TRUE
"Snw1",TRUE
"Gm5788",FALSE
"Gm8300",FALSE
"Oog1",FALSE
"Gm4027",FALSE
"Gm16381",FALSE
"Gm21319",FALSE
"Gm21936",FALSE
"BB287469",FALSE
"Gm2001",FALSE
"Gm2016",FALSE
"Gm2022",FALSE
"Gm2035",FALSE
"Gm2042",FALSE
"Gm2075",FALSE
"Gm6803",FALSE
"Gm2056",FALSE
"Gm16368",FALSE
"Gm10436",FALSE
"Gm8332",FALSE
"Gm5662",FALSE
"Gm5039",FALSE
"Adck1",TRUE
"3200001D21Rik",TRUE
"4930473H19Rik",TRUE
"Gm48665",FALSE
"Gm48664",TRUE
"1700040E09Rik",FALSE
"Nrxn3",TRUE
"Gm2270",TRUE
"Gm47684",TRUE
"Gm40538",TRUE
"Dio2",TRUE
"Gm26512",TRUE
"4930544I03Rik",TRUE
"1700105G05Rik",TRUE
"Cep128",TRUE
"5430427M07Rik",TRUE
"Tshr",TRUE
"Gtf2a1",TRUE
"Gm47804",TRUE
"Ston2",TRUE
"Gm8378",TRUE
"Gm16876",TRUE
"Sel1l",TRUE
"Gm40548",FALSE
"4930559C10Rik",FALSE
"Flrt2",TRUE
"Gm47396",FALSE
"Gm47397",TRUE
"Gm40552",TRUE
"Gm35274",FALSE
"Gm35326",TRUE
"Gm47415",TRUE
"Galc",TRUE
"Gm47439",TRUE
"Gpr65",FALSE
"Gm47566",TRUE
"Kcnk10",TRUE
"Gm40893",TRUE
"Spata7",TRUE
"Ptpn21",TRUE
"Zc3h14",TRUE
"Eml5",TRUE
"Ttc8",TRUE
"Gm47109",TRUE
"Gm47116",TRUE
"4930474N09Rik",TRUE
"Foxn3",TRUE
"Gm20682",TRUE
"3300002A11Rik",TRUE
"Gm26839",TRUE
"Gm47177",TRUE
"1700064M15Rik",TRUE
"Gm19951",TRUE
"Efcab11",TRUE
"Gm47207",TRUE
"Tdp1",TRUE
"Kcnk13",TRUE
"4930477G07Rik",TRUE
"Psmc1",TRUE
"Nrde2",TRUE
"Gm10433",TRUE
"Calm1",TRUE
"Gm40557",TRUE
"Gm10432",TRUE
"Ttc7b",TRUE
"Gm48383",TRUE
"Rps6ka5",TRUE
"Dglucy",TRUE
"Gpr68",TRUE
"Ccdc88c",TRUE
"A630072L19Rik",TRUE
"Gm36756",TRUE
"Gm47639",TRUE
"Ppp4r3a",TRUE
"D130020L05Rik",TRUE
"Catsperb",TRUE
"Tc2n",TRUE
"Fbln5",TRUE
"Trip11",TRUE
"Gm20036",TRUE
"Atxn3",TRUE
"Ndufb1-ps",TRUE
"Cpsf2",TRUE
"Gm16339",TRUE
"Slc24a4",TRUE
"Rin3",TRUE
"Lgmn",TRUE
"Gm30198",TRUE
"Golga5",TRUE
"Chga",TRUE
"Itpk1",TRUE
"Gm20069",TRUE
"Moap1",TRUE
"Tmem251",TRUE
"Ubr7",TRUE
"Btbd7",TRUE
"Gm47167",TRUE
"Cox8c",FALSE
"Unc79",TRUE
"Prima1",TRUE
"Fam181a",TRUE
"Gm29508",TRUE
"Asb2",TRUE
"Gm15523",TRUE
"Otub2",TRUE
"Ddx24",TRUE
"Ifi27",TRUE
"Ifi27l2a",TRUE
"Ifi27l2b",TRUE
"Gm47267",FALSE
"Ppp4r4",TRUE
"Serpina10",TRUE
"Serpina6",FALSE
"Serpina16",FALSE
"Serpina1f",FALSE
"Serpina1b",TRUE
"Serpina1d",FALSE
"Serpina1a",FALSE
"Serpina1c",FALSE
"B430119L08Rik",FALSE
"Serpina1e",FALSE
"Serpina11",FALSE
"Serpina9",TRUE
"Serpina12",TRUE
"Serpina5",FALSE
"Serpina3a",FALSE
"Serpina3b",FALSE
"Serpina3c",FALSE
"Serpina3f",FALSE
"Serpina3g",TRUE
"Serpina3i",TRUE
"Serpina3j",FALSE
"Serpina3k",FALSE
"Serpina3m",FALSE
"Serpina3n",TRUE
"Gsc",FALSE
"Gm10000",FALSE
"Gm49732",FALSE
"Dicer1",TRUE
"Clmn",TRUE
"4930408O17Rik",TRUE
"Gm28875",TRUE
"Syne3",TRUE
"Gm47648",TRUE
"Snhg10",TRUE
"Glrx5",TRUE
"Tcl1b2",TRUE
"Tcl1b1",FALSE
"Tcl1b5",FALSE
"Tcl1b3",FALSE
"Tcl1b4",TRUE
"Tcl1",FALSE
"Tunar",TRUE
"Gm2721",TRUE
"Gm46376",TRUE
"D430019H16Rik",TRUE
"AU015791",FALSE
"Gm47796",TRUE
"Bdkrb2",TRUE
"Bdkrb1",TRUE
"Atg2b",TRUE
"Gskip",TRUE
"Ak7",TRUE
"Papola",TRUE
"Gm48807",TRUE
"Gm19554",TRUE
"Vrk1",TRUE
"Gm46378",TRUE
"Gm32635",TRUE
"Gm47646",TRUE
"Gm17032",FALSE
"1700121N20Rik",FALSE
"Gm17033",TRUE
"4933406K04Rik",TRUE
"1700013N06Rik",FALSE
"Gm16087",TRUE
"Gm16086",TRUE
"Gm16085",FALSE
"Gm16084",FALSE
"Gm2800",TRUE
"Gm3234",FALSE
"3110018I06Rik",FALSE
"4930465M20Rik",TRUE
"Gm15208",TRUE
"Bcl11b",TRUE
"Setd3",TRUE
"Ccnk",TRUE
"Ccdc85c",TRUE
"Hhipl1",TRUE
"4930478K11Rik",TRUE
"Cyp46a1",TRUE
"Eml1",TRUE
"Gm16596",TRUE
"Evl",TRUE
"Degs2",TRUE
"Gm33467",FALSE
"Gm33682",FALSE
"Yy1",TRUE
"Slc25a29",TRUE
"Slc25a47",TRUE
"Wars",TRUE
"Wdr25",TRUE
"Begain",TRUE
"Dlk1",TRUE
"Gm34081",TRUE
"Meg3",TRUE
"Rtl1",TRUE
"Rian",TRUE
"B830012L14Rik",TRUE
"Mirg",TRUE
"4930511J24Rik",FALSE
"Gm34667",TRUE
"Gm34719",TRUE
"3110009F21Rik",TRUE
"Gm34785",FALSE
"Gm40576",TRUE
"Dio3os",TRUE
"Dio3",TRUE
"Ppp2r5c",TRUE
"Gm19605",TRUE
"B930059L03Rik",TRUE
"Gm35558",FALSE
"Gm35558.1",TRUE
"Dync1h1",TRUE
"Gm17111",TRUE
"1700001K19Rik",TRUE
"Hsp90aa1",TRUE
"Wdr20",TRUE
"Mok",TRUE
"4921507G05Rik",TRUE
"Gm26912",TRUE
"Zfp839",TRUE
"Cinp",TRUE
"Tecpr2",TRUE
"Ankrd9",TRUE
"6030440G07Rik",TRUE
"Rcor1",TRUE
"4930595D18Rik",TRUE
"Traf3",TRUE
"Amn",TRUE
"A230087F16Rik",TRUE
"Cdc42bpb",TRUE
"Lbhd2",TRUE
"Exoc3l4",TRUE
"Gm10425",TRUE
"Tnfaip2",TRUE
"Gm40578",TRUE
"Gm266",TRUE
"Eif5",TRUE
"2810029C07Rik",TRUE
"Mark3",TRUE
"Gm48286",TRUE
"Ckb",TRUE
"Trmt61a",TRUE
"Gm36635",FALSE
"Bag5",TRUE
"Apopt1",TRUE
"Gm15995",FALSE
"Gm15996",TRUE
"Klc1",TRUE
"Xrcc3",TRUE
"Zfyve21",TRUE
"Ppp1r13b",TRUE
"5033406O09Rik",TRUE
"Gm36757",TRUE
"Atp5mpl",TRUE
"Tdrd9",TRUE
"Rd3l",TRUE
"Aspg",TRUE
"Kif26a",TRUE
"E330035G20Rik",TRUE
"A730018C14Rik",TRUE
"B020018J22Rik",TRUE
"A530016L24Rik",TRUE
"Tmem179",TRUE
"Inf2",TRUE
"Adssl1",TRUE
"Siva1",TRUE
"Akt1",TRUE
"Zbtb42",FALSE
"Cep170b",TRUE
"Pld4",TRUE
"Ahnak2",TRUE
"Clba1",TRUE
"Cdca4",TRUE
"Gpr132",TRUE
"1700127F24Rik",FALSE
"Jag2",TRUE
"Nudt14",TRUE
"Gm26583",TRUE
"Brf1",TRUE
"Gm47541",FALSE
"Btbd6",TRUE
"9230104M06Rik",TRUE
"Pacs2",TRUE
"Tex22",TRUE
"Mta1",TRUE
"Crip2",TRUE
"Crip1",TRUE
"Tedc1",TRUE
"Tmem121",TRUE
"Igha",FALSE
"Ighe",FALSE
"Ighg2c",FALSE
"Ighg2b",FALSE
"Gm37944",FALSE
"Ighg1",FALSE
"Ighg3",FALSE
"Ighd",TRUE
"Ighm",TRUE
"Ighj4",FALSE
"Ighj3",FALSE
"Ighj2",FALSE
"Ighj1",FALSE
"Ighd4-1",FALSE
"Ighd3-2",FALSE
"Ighd5-6",FALSE
"Ighd2-8",FALSE
"Ighd5-5",FALSE
"Ighd2-7",FALSE
"Ighd5-8",FALSE
"Ighd5-4",FALSE
"Ighd2-6",FALSE
"Ighd5-7",FALSE
"Ighd5-3",FALSE
"Ighd2-5",FALSE
"Gm37327",FALSE
"Ighd5-2",FALSE
"Ighd2-4",FALSE
"Ighd2-3",FALSE
"Ighd1-1",FALSE
"Adam6b",FALSE
"Ighd3-1",FALSE
"Gm16968",FALSE
"Adam6a",FALSE
"Ighv5-1",FALSE
"Ighv2-1",FALSE
"Ighv5-2",FALSE
"Ighv2-2",FALSE
"Ighv5-3",FALSE
"Ighv5-4",FALSE
"Ighv6-1",FALSE
"Ighv2-3",FALSE
"Ighv5-5",FALSE
"Ighv5-6",FALSE
"Ighv5-7",FALSE
"Ighv2-4",FALSE
"Ighv5-8",FALSE
"Ighv5-8.1",FALSE
"Ighv5-9",FALSE
"Ighv5-10",FALSE
"Ighv2-5",FALSE
"Ighv5-11",FALSE
"Ighv5-12",FALSE
"Ighv2-6",FALSE
"Gm37976",FALSE
"Gm37418",FALSE
"Ighv5-9-1",FALSE
"Gm38203",FALSE
"Ighv5-12-4",FALSE
"Gm38205",FALSE
"Ighv2-9-1",FALSE
"Gm37722",FALSE
"Ighv5-13",FALSE
"Ighv2-6-8",FALSE
"Gm7003",FALSE
"Ighv2-7",FALSE
"Ighv5-15",FALSE
"Ighv5-16",FALSE
"Ighv5-17",FALSE
"Ighv5-18",FALSE
"Ighv2-8",FALSE
"Ighv2-9",FALSE
"Ighv5-19",FALSE
"Ighv7-1",FALSE
"Ighv7-2",FALSE
"Ighv14-1",FALSE
"Ighv4-1",FALSE
"Ighv3-1",FALSE
"Gm37961",FALSE
"Ighv11-1",FALSE
"Ighv14-2",FALSE
"Ighv4-2",FALSE
"Ighv3-2",FALSE
"Ighv11-2",FALSE
"Ighv14-3",FALSE
"Ighv16-1",FALSE
"Ighv6-2",FALSE
"Ighv9-1",FALSE
"Ighv12-1",FALSE
"Ighv9-2",FALSE
"Ighv12-2",FALSE
"Ighv9-3",FALSE
"Ighv7-3",FALSE
"Ighv15-1",FALSE
"Ighv14-4",FALSE
"Ighv3-3",FALSE
"Ighv7-4",FALSE
"Ighv3-4",FALSE
"Ighv3-5",FALSE
"Ighv13-1",FALSE
"Ighv3-6",FALSE
"Ighv9-4",FALSE
"Ighv3-7",FALSE
"Ighv5-21",FALSE
"Ighv3-8",FALSE
"Ighv8-1",FALSE
"Ighv1-1",FALSE
"Ighv13-2",FALSE
"Ighv12-3",FALSE
"Ighv6-3",FALSE
"Ighv6-4",FALSE
"Ighv6-5",FALSE
"Ighv6-6",FALSE
"Ighv6-7",FALSE
"Ighv8-2",FALSE
"Ighv1-2",FALSE
"Ighv10-1",FALSE
"Ighv1-3",FALSE
"Ighv1-4",FALSE
"Ighv10-2",FALSE
"Ighv1-5",FALSE
"Ighv10-3",FALSE
"Ighv1-6",FALSE
"Ighv1-7",FALSE
"Ighv10-4",FALSE
"Ighv1-8",FALSE
"Ighv15-2",FALSE
"Ighv1-9",FALSE
"Ighv1-10",FALSE
"Ighv1-11",FALSE
"Ighv1-12",FALSE
"Ighv1-13",FALSE
"Ighv1-13.1",FALSE
"Ighv1-14",FALSE
"Ighv1-15",FALSE
"Ighv1-16",FALSE
"Ighv1-17-1",FALSE
"Ighv1-17",FALSE
"Ighv1-18",FALSE
"Ighv1-19-1",FALSE
"Ighv1-19",FALSE
"Ighv1-20",FALSE
"Ighv1-21-1",FALSE
"Ighv1-21",FALSE
"Ighv1-22",FALSE
"Ighv1-23",FALSE
"Ighv1-24",FALSE
"Ighv1-25",FALSE
"Ighv1-26",FALSE
"Ighv1-27",FALSE
"Ighv1-28",FALSE
"Ighv1-29",FALSE
"Ighv1-30",FALSE
"Ighv1-31",FALSE
"Ighv1-32",FALSE
"Ighv1-33",FALSE
"Ighv1-34",FALSE
"Ighv1-35",FALSE
"Ighv1-36",FALSE
"Ighv1-37",FALSE
"Ighv1-38",FALSE
"Ighv1-39",FALSE
"Ighv1-40",FALSE
"Ighv1-41",FALSE
"Ighv1-42",FALSE
"Ighv1-43",FALSE
"Ighv1-44",FALSE
"Ighv1-45",FALSE
"Ighv1-46",FALSE
"Ighv1-47",FALSE
"Ighv8-3",FALSE
"Ighv8-4",FALSE
"Ighv1-48",FALSE
"Ighv1-49",FALSE
"Ighv8-5",FALSE
"Ighv1-50",FALSE
"Ighv1-51",FALSE
"Ighv1-52",FALSE
"Ighv1-53",FALSE
"Ighv8-6",FALSE
"Ighv1-54",FALSE
"Ighv1-55",FALSE
"Ighv1-56",FALSE
"Ighv8-7",FALSE
"Gm30948",FALSE
"Ighv1-57",FALSE
"Ighv8-8",FALSE
"Ighv1-58",FALSE
"Ighv1-59",FALSE
"Ighv1-60",FALSE
"Ighv1-61",FALSE
"Ighv1-62",FALSE
"Ighv1-62-1",FALSE
"Gm19331",FALSE
"Gm37511",FALSE
"Gm38184",FALSE
"Ighv1-62-2",FALSE
"Ighv1-62-3",FALSE
"Ighv8-9",FALSE
"Ighv1-63",FALSE
"Ighv1-64",FALSE
"Ighv8-10",FALSE
"Ighv1-65",FALSE
"Ighv8-11",FALSE
"Ighv1-66",FALSE
"Ighv1-67",FALSE
"Ighv1-68",FALSE
"Ighv1-69",FALSE
"Ighv8-12",FALSE
"Ighv1-70",FALSE
"Ighv1-71",FALSE
"Ighv1-72",FALSE
"Ighv8-13",FALSE
"Ighv1-73",FALSE
"Ighv1-74",FALSE
"Ighv8-14",FALSE
"Ighv1-75",FALSE
"Ighv8-15",FALSE
"Ighv1-76",FALSE
"Ighv8-16",FALSE
"Ighv1-77",FALSE
"Ighv1-78",FALSE
"Gm42643",FALSE
"Ighv1-79",FALSE
"Ighv1-80",FALSE
"Ighv1-81",FALSE
"Gm42990",FALSE
"Ighv1-82",FALSE
"Ighv1-83",FALSE
"Ighv1-84",FALSE
"Ighv1-85",FALSE
"Ighv1-86",FALSE
"Zfp386",TRUE
"Vipr2",TRUE
"Gm20658",TRUE
"Wdr60",TRUE
"Gm11027",TRUE
"Gm48079",TRUE
"Esyt2",TRUE
"D430020J02Rik",TRUE
"Ncapg2",TRUE
"Ptprn2",TRUE
"Gm10421",TRUE
"Gm5441",TRUE
"Rapgef5",TRUE
"A930023M06Rik",TRUE
"Cdca7l",TRUE
"Dnah11",TRUE
"Gm49602",TRUE
"Sp4",TRUE
"D230030E09Rik",TRUE
"Sp8",TRUE
"Abcb5",TRUE
"Itgb8",TRUE
"Macc1",TRUE
"Gm48681",FALSE
"Tmem196",TRUE
"Gm46400",FALSE
"Gm40653",TRUE
"Gm48530",TRUE
"2810429I04Rik",TRUE
"Gdi2",TRUE
"Tasor2",TRUE
"Asb13",TRUE
"Gm47695",TRUE
"Gm35190",TRUE
"Calml3",FALSE
"Gm40655",FALSE
"Calm4",FALSE
"Calm5",FALSE
"Net1",TRUE
"Tubal3",TRUE
"Ucn3",TRUE
"Akr1c14",TRUE
"Gm47904",FALSE
"Akr1c18",TRUE
"Gm47925",FALSE
"Akr1c13",TRUE
"Akr1c19",TRUE
"Akr1c12",TRUE
"Akr1c6",TRUE
"Gm48010",FALSE
"Akr1c20",TRUE
"Akr1c21",TRUE
"Akr1e1",TRUE
"Gm40658",TRUE
"Gm5444",TRUE
"Gm47450",TRUE
"Gm40660",TRUE
"Gm35330",TRUE
"1700016G22Rik",FALSE
"Klf6",TRUE
"Gm47507",TRUE
"Gm46401",TRUE
"Gm47514",FALSE
"Gm47548",FALSE
"Gm47549",FALSE
"Gm35615",TRUE
"Gm28465",FALSE
"Pitrm1",TRUE
"Pfkp",TRUE
"Gm40662",TRUE
"Gm40663",TRUE
"Gm36074",FALSE
"Gm48257",TRUE
"Adarb2",TRUE
"Wdr37",TRUE
"Idi1",TRUE
"Gm9745",FALSE
"Idi2",TRUE
"Gtpbp4",TRUE
"Gm36264",TRUE
"Larp4b",TRUE
"Gm48825",TRUE
"Dip2c",TRUE
"Gm36423",TRUE
"Zmynd11",TRUE
"Gm47802",TRUE
"Chrm3",TRUE
"Gm47405",TRUE
"Gm47404",TRUE
"Gm26861",TRUE
"Gm47407",FALSE
"Gm36525",TRUE
"Gm47408",TRUE
"Gm47486",TRUE
"Ryr2",TRUE
"Mtr",TRUE
"Actn2",TRUE
"Heatr1",TRUE
"Lgals8",TRUE
"Edaradd",TRUE
"Gm30239",TRUE
"Ero1lb",TRUE
"Prl2c3",TRUE
"Prl2c2",FALSE
"Gm48544",FALSE
"Prl2c5",FALSE
"Gpr137b",TRUE
"Nid1",TRUE
"Gm48682",TRUE
"Lyst",TRUE
"Gng4",TRUE
"Gm47882",TRUE
"Gm47884",TRUE
"B3galnt2",TRUE
"Tbce",TRUE
"Ggps1",TRUE
"Arid4b",TRUE
"Gm48027",TRUE
"Hecw1",TRUE
"Gm30893",TRUE
"Mrpl32",TRUE
"Psma2",TRUE
"AW209491",TRUE
"Gm20043",TRUE
"Gm6556",TRUE
"Gm26645",TRUE
"Gli3",TRUE
"4933412O06Rik",TRUE
"A530046M15Rik",TRUE
"Gm31450",TRUE
"Inhba",TRUE
"Gm48444",TRUE
"Gm48491",FALSE
"Gm48492",TRUE
"Sugct",TRUE
"Gm48503",TRUE
"Mplkip",TRUE
"Cdk13",TRUE
"Rala",TRUE
"Gm48754",TRUE
"Yae1d1",TRUE
"Gm48799",TRUE
"4930448F12Rik",TRUE
"Pou6f2",TRUE
"Gm48829",TRUE
"Vps41",TRUE
"Amph",TRUE
"Gm47658",TRUE
"Gm47661",TRUE
"Gm31887",TRUE
"Tcrg-V7",FALSE
"Tcrg-V4",FALSE
"Tcrg-V6",FALSE
"Tcrg-V5",FALSE
"Trgj1",FALSE
"Tcrg-C1",FALSE
"Tcrg-V3",FALSE
"Trgj3",FALSE
"Tcrg-C3",FALSE
"Tcrg-C2",FALSE
"Trgj2",FALSE
"Trgv2",FALSE
"Tcrg-V1",FALSE
"Trgj4",FALSE
"Tcrg-C4",TRUE
"Stard3nl",TRUE
"9330199G10Rik",TRUE
"Epdr1",TRUE
"Sfrp4",TRUE
"Nme8",TRUE
"Gpr141b",FALSE
"Gpr141",TRUE
"Elmo1",TRUE
"Gm32036",TRUE
"Gm47664",TRUE
"Aoah",TRUE
"Olfr1370",FALSE
"Olfr1369-ps1",TRUE
"Olfr263",FALSE
"Olfr1368",FALSE
"Gm47806",TRUE
"Trim27",TRUE
"Gpx5",FALSE
"Gpx6",FALSE
"Olfr1367",FALSE
"Zscan12",TRUE
"Zkscan3",TRUE
"Pgbd1",TRUE
"4930470G03Rik",TRUE
"Zscan26",TRUE
"Nkapl",TRUE
"Gm40828",TRUE
"Zkscan4",TRUE
"AK157302",TRUE
"Gm11273",TRUE
"Zkscan8",TRUE
"Olfr1366",TRUE
"Olfr1535",TRUE
"Olfr1364",TRUE
"Olfr1362",FALSE
"Olfr11",FALSE
"Olfr1361",FALSE
"Olfr1360",FALSE
"Olfr1359",FALSE
"Hist1h2bl",FALSE
"Hist1h2ai",TRUE
"Hist1h3h",FALSE
"Hist1h2bm",TRUE
"Hist1h4j",TRUE
"Hist1h4k",TRUE
"Hist1h2ak",TRUE
"Hist1h2bn",FALSE
"Gm11274",TRUE
"Hist1h1b",TRUE
"Hist1h3i",TRUE
"Hist1h2an",TRUE
"Hist1h2bp",FALSE
"Hist1h2bq",FALSE
"Hist1h2ao",FALSE
"Hist1h4m",FALSE
"Hist1h4n",TRUE
"Hist1h2ap",TRUE
"Hist1h2br",TRUE
"Gm11280",TRUE
"Zfp184",TRUE
"Pom121l2",FALSE
"Prss16",TRUE
"Gm11290",TRUE
"Gm11292",TRUE
"Hist1h2ah",FALSE
"Hist1h2bk",FALSE
"Hist1h4i",TRUE
"Hist1h2ag",FALSE
"Hist1h2bj",TRUE
"Vmn1r188",TRUE
"Vmn1r189",FALSE
"Vmn1r191",FALSE
"Vmn1r192",FALSE
"Vmn1r193",FALSE
"Vmn1r194",FALSE
"Vmn1r195",TRUE
"Vmn1r196",FALSE
"Vmn1r197",FALSE
"Vmn1r198",FALSE
"Vmn1r199",FALSE
"Vmn1r200",FALSE
"Vmn1r201",FALSE
"Vmn1r202",TRUE
"Vmn1r203",TRUE
"Gm11300",FALSE
"Vmn1r204",FALSE
"Vmn1r205",FALSE
"Vmn1r206",TRUE
"Gm11309",TRUE
"Vmn1r207-ps",TRUE
"Vmn1r208",TRUE
"Gm11314",FALSE
"Vmn1r209",TRUE
"Vmn1r210",FALSE
"Vmn1r211",TRUE
"Vmn1r212",FALSE
"Vmn1r213",FALSE
"Vmn1r214",FALSE
"Vmn1r215",FALSE
"Vmn1r216",FALSE
"Vmn1r217",FALSE
"Vmn1r218",TRUE
"Vmn1r219",FALSE
"Vmn1r220",FALSE
"Vmn1r221",FALSE
"Vmn1r222",FALSE
"Vmn1r223",FALSE
"4930557F10Rik",TRUE
"4933404K08Rik",TRUE
"4930586N03Rik",TRUE
"Zfp322a",TRUE
"Abt1",TRUE
"C230035I16Rik",TRUE
"Gm46404",TRUE
"Btn1a1",TRUE
"Btn2a2",TRUE
"Gm11335",TRUE
"Hist1h4h",TRUE
"Hist1h2af",TRUE
"Hist1h3g",FALSE
"Hist1h2bh",TRUE
"Hist1h3f",FALSE
"Hist1h4f",FALSE
"Hist1h1d",TRUE
"Hist1h3e",TRUE
"Hist1h2ae",TRUE
"Hist1h2bg",TRUE
"Hist1h2bf",TRUE
"Hist1h2ad",TRUE
"Hist1h3d",TRUE
"Hist1h4d",TRUE
"Hist1h2be",TRUE
"Hist1h1e",TRUE
"Hist1h2ac",TRUE
"Hist1h2bc",TRUE
"Hist1h1t",FALSE
"Hist1h4c",TRUE
"Hfe",TRUE
"Hist1h1c",TRUE
"Hist1h3c",FALSE
"Hist1h2bb",TRUE
"Hist1h2ab",TRUE
"Hist1h3b",FALSE
"4930558J22Rik",FALSE
"Hist1h4b",FALSE
"Hist1h4a",FALSE
"Hist1h3a",TRUE
"Hist1h1a",TRUE
"Trim38",TRUE
"Gm11337",TRUE
"Slc17a2",TRUE
"Slc17a3",FALSE
"Slc17a1",TRUE
"Slc17a4",FALSE
"Hist1h2ba",FALSE
"Hist1h2aa",FALSE
"Scgn",TRUE
"Gm11339",TRUE
"Carmil1",TRUE
"Cmah",TRUE
"Gm11342",TRUE
"Ripor2",TRUE
"Armh2",TRUE
"Gmnn",TRUE
"BC005537",TRUE
"Acot13",TRUE
"Tdp2",TRUE
"D130043K22Rik",TRUE
"4932702P03Rik",TRUE
"Aldh5a1",TRUE
"9330162012Rik",TRUE
"Gpld1",TRUE
"Mrs2",TRUE
"Dcdc2a",TRUE
"Nrsn1",TRUE
"Gm11351",TRUE
"1700092E19Rik",TRUE
"Hdgfl1",FALSE
"4921520N01Rik",FALSE
"Gm47888",TRUE
"Prl",TRUE
"Prl3d1",FALSE
"Prl3d2",FALSE
"Prl3d3",FALSE
"Prl3c1",TRUE
"Prl3b1",FALSE
"Prl3a1",TRUE
"4930511O05Rik",TRUE
"Prl6a1",FALSE
"Prl8a2",FALSE
"Prl2b1",FALSE
"Prl8a6",FALSE
"Prl8a8",FALSE
"Prl8a9",TRUE
"Prl8a1",TRUE
"Prl7b1",FALSE
"Prl7a1",FALSE
"Prl7a2",FALSE
"Prl7d1",FALSE
"Prl7c1",FALSE
"Prl2a1",TRUE
"Prl2c1",TRUE
"Prl4a1",TRUE
"Prl5a1",TRUE
"Gm11361",TRUE
"Gm40841",TRUE
"2610307P16Rik",TRUE
"Gm34639",TRUE
"Sox4",TRUE
"A330102I10Rik",TRUE
"Cdkal1",TRUE
"Gm11364",FALSE
"E2f3",TRUE
"Gm11365",TRUE
"Gm11368",TRUE
"Mboat1",TRUE
"Agtr1a",TRUE
"Gm48161",TRUE
"Uqcrfs1",TRUE
"4930519D14Rik",FALSE
"Dusp22",TRUE
"Irf4",TRUE
"Gm29675",TRUE
"Exoc2",TRUE
"Hus1b",TRUE
"Gm48662",FALSE
"4930401O12Rik",FALSE
"Gm11373",TRUE
"G630018N14Rik",TRUE
"Gm11376",TRUE
"A530084C06Rik",TRUE
"Foxq1",TRUE
"Gm11377",TRUE
"1700018A04Rik",TRUE
"Gm11378",TRUE
"Foxf2",TRUE
"Gm11379",TRUE
"Foxc1",TRUE
"Gmds",TRUE
"Gm35732",TRUE
"Gm11381",FALSE
"Gm48073",FALSE
"Mylk4",TRUE
"D930007J09Rik",TRUE
"Wrnip1",TRUE
"Serpinb1a",TRUE
"Serpinb1c",TRUE
"Serpinb6b",TRUE
"Gm47662",FALSE
"Serpinb9",TRUE
"Serpinb9b",FALSE
"Gm36099",FALSE
"Serpinb1b",TRUE
"Serpinb9c",FALSE
"Serpinb9d",FALSE
"Serpinb9e",FALSE
"Serpinb9f",FALSE
"Serpinb9h",FALSE
"Serpinb9g",FALSE
"Gm6093",FALSE
"Gm47916",FALSE
"Serpinb6d",FALSE
"Serpinb6e",FALSE
"Serpinb6c",TRUE
"Serpinb6a",TRUE
"1110046J04Rik",TRUE
"Nqo2",TRUE
"Ripk1",TRUE
"Bphl",TRUE
"Tubb2a",TRUE
"4930447K03Rik",TRUE
"Gm47076",TRUE
"Tubb2b",TRUE
"Gm36500",TRUE
"Psmg4",TRUE
"Slc22a23",TRUE
"Gm40909",TRUE
"Gm47127",FALSE
"Pxdc1",TRUE
"Gm15908",TRUE
"Gm47150",FALSE
"Gm47151",FALSE
"Gm47152",TRUE
"Fam50b",TRUE
"Gm47157",TRUE
"Gm36839",TRUE
"Prpf4b",TRUE
"Fam217a",TRUE
"4933417A18Rik",TRUE
"Eci3",TRUE
"Gm16984",TRUE
"Eci2",TRUE
"Gm48626",TRUE
"Gm40910",TRUE
"Gm48629",FALSE
"4930529N20Rik",FALSE
"1700011B04Rik",FALSE
"1700019C18Rik",TRUE
"Gm48694",FALSE
"Gm48703",TRUE
"Gm48704",FALSE
"Gm48707",TRUE
"Cdyl",TRUE
"Gm48708",TRUE
"Rpp40",TRUE
"Gm48746",TRUE
"Gm30127",TRUE
"Ppp1r3g",TRUE
"Lyrm4",TRUE
"Gm48770",TRUE
"Gm48765",TRUE
"Fars2",TRUE
"Gm48767",TRUE
"Gm46409",TRUE
"Nrn1",TRUE
"Gm30177",TRUE
"Gm49144",TRUE
"Gm47675",TRUE
"F13a1",TRUE
"Gm30489",TRUE
"Gm47707",FALSE
"Gm30600",TRUE
"Gm47709",FALSE
"Gm47711",FALSE
"Ly86",TRUE
"Gm4035",TRUE
"Gm47730",FALSE
"Gm29459",FALSE
"Gm29458",FALSE
"Gm47731",TRUE
"Gm47732",TRUE
"Gm47734",TRUE
"Gm29590",FALSE
"Lncbate6",TRUE
"Gm47751",TRUE
"Gm47754",TRUE
"Gm40915",TRUE
"Gm40916",TRUE
"AI463229",TRUE
"Gm49350",TRUE
"Gm40918",TRUE
"Gm31600",TRUE
"Rreb1",TRUE
"Gm46411",TRUE
"Ssr1",TRUE
"Cage1",TRUE
"Riok1",TRUE
"Dsp",TRUE
"Snrnp48",TRUE
"Gm47990",TRUE
"Bmp6",TRUE
"4930579J19Rik",TRUE
"Txndc5",TRUE
"Gm31834",TRUE
"Gm48056",FALSE
"Gm40922",TRUE
"Bloc1s5",TRUE
"Gm47400",TRUE
"Eef1e1",TRUE
"Gm46392",TRUE
"Gm47510",FALSE
"Gm47511",TRUE
"Gm47509",TRUE
"Slc35b3",TRUE
"5033403F01Rik",TRUE
"Gm47348",FALSE
"Gm3509",FALSE
"Gm47349",FALSE
"Gm47351",FALSE
"Gm47352",TRUE
"Gm32243",TRUE
"Gm40923",TRUE
"A230103O09Rik",TRUE
"Gm47316",FALSE
"Ofcc1",TRUE
"Gm47039",TRUE
"Gm9979",FALSE
"Tfap2a",TRUE
"Gm47061",FALSE
"Gm26688",TRUE
"Gm47067",FALSE
"Gm48107",FALSE
"Gcnt2",TRUE
"Gm31683",TRUE
"A730081D07Rik",TRUE
"Pak1ip1",TRUE
"Tmem14c",TRUE
"Mak",TRUE
"Gcm2",TRUE
"Sycp2l",TRUE
"Gm48510",TRUE
"Elovl2",TRUE
"Gm32063",FALSE
"Smim13",TRUE
"Gm17364",FALSE
"Nedd9",TRUE
"Gm26877",TRUE
"Gm48571",TRUE
"Gm48570",FALSE
"Gm32401",TRUE
"Gm32184",TRUE
"Tmem170b",TRUE
"Gm5082",TRUE
"Adtrp",TRUE
"1700061E18Rik",TRUE
"Gm28564",FALSE
"Gm10790",TRUE
"Gm28707",TRUE
"Hivep1",TRUE
"Edn1",TRUE
"Gm47118",TRUE
"Phactr1",TRUE
"Gm15810",TRUE
"Gm15809",TRUE
"Gm15813",TRUE
"Tbc1d7",TRUE
"Gfod1",TRUE
"Sirt5",TRUE
"Nol7",TRUE
"Ranbp9",TRUE
"Gm47683",TRUE
"Gm32939",TRUE
"Mcur1",TRUE
"Rnf182",TRUE
"Gm47728",TRUE
"Gm20751",TRUE
"Cd83",TRUE
"Gm33115",FALSE
"Gm33195",TRUE
"Gm2233",FALSE
"Gm33489",FALSE
"Gm33630",TRUE
"Gm5083",TRUE
"Gm33684",FALSE
"A330076C08Rik",TRUE
"Gm47781",TRUE
"Gm29676",TRUE
"Gm33958",FALSE
"Gm27007",TRUE
"1700029N11Rik",FALSE
"Gm34084",TRUE
"Gm47792",FALSE
"Gm34276",TRUE
"Gm47805",FALSE
"Jarid2",TRUE
"Dtnbp1",TRUE
"Gm40932",TRUE
"Gm47448",TRUE
"Gm34466",TRUE
"Mylip",TRUE
"Gmpr",TRUE
"Atxn1",TRUE
"Gm47460",TRUE
"4930453C13Rik",TRUE
"5033430I15Rik",TRUE
"Gm45949",TRUE
"Gm10113",TRUE
"Stmnd1",TRUE
"Rbm24",TRUE
"Gm35110",TRUE
"Cap2",TRUE
"Gm47523",TRUE
"Fam8a1",TRUE
"Nup153",TRUE
"Kif13a",TRUE
"Gm48250",TRUE
"2010001K21Rik",TRUE
"Nhlrc1",TRUE
"Tpmt",TRUE
"Kdm1b",TRUE
"Dek",TRUE
"1700026N04Rik",TRUE
"Rnf144b",TRUE
"A930002C04Rik",TRUE
"Gm48612",FALSE
"Gm35733",TRUE
"4930471G24Rik",FALSE
"G630093K05Rik",TRUE
"4931429P17Rik",TRUE
"Gm36101",TRUE
"A330033J07Rik",TRUE
"Gm36346",TRUE
"Gm49291",TRUE
"Id4",TRUE
"A330048O09Rik",TRUE
"Gm48648",TRUE
"Zfp169",TRUE
"A830005F24Rik",TRUE
"6720427I07Rik",TRUE
"Ptpdc1",TRUE
"Gm36550",TRUE
"Barx1",FALSE
"Phf2",TRUE
"Phf2os1",TRUE
"Fam120a",TRUE
"Wnk2",TRUE
"Ninj1",TRUE
"Card19",TRUE
"Susd3",TRUE
"Fgd3",TRUE
"Bicd2",TRUE
"Ippk",TRUE
"Cenpp",TRUE
"Tes3-ps",TRUE
"Ecm2",TRUE
"Aspn",TRUE
"Omd",TRUE
"Ogn",TRUE
"Nol8",TRUE
"Iars",TRUE
"Gm30302",TRUE
"Gm47977",FALSE
"Gm48051",FALSE
"4933433N18Rik",FALSE
"Gm906",FALSE
"Gm31126",FALSE
"Gm8739",TRUE
"Fbxw17",TRUE
"Gm47429",FALSE
"Nutm2",FALSE
"Gm904",FALSE
"Gm8765",FALSE
"4930518P08Rik",FALSE
"Spin1",TRUE
"Nxnl2",TRUE
"Gm32834",TRUE
"S1pr3",TRUE
"Shc3",TRUE
"Cks2",TRUE
"Secisbp2",TRUE
"Sema4d",TRUE
"Gadd45g",TRUE
"Gm26651",FALSE
"Gm48190",FALSE
"4921525O09Rik",TRUE
"Gm48199",FALSE
"Diras2",TRUE
"Syk",TRUE
"BB123696",TRUE
"Auh",TRUE
"Nfil3",TRUE
"Gm33424",FALSE
"Gm48336",FALSE
"Ror2",TRUE
"Sptlc1",TRUE
"Gm2762",TRUE
"Gm43262",TRUE
"Msx2",TRUE
"Gm34022",TRUE
"9530014B07Rik",FALSE
"4930555G21Rik",FALSE
"Gm34278",TRUE
"Gm48548",TRUE
"E130119H09Rik",TRUE
"Gm34557",TRUE
"Gm48550",TRUE
"Drd1",TRUE
"Sfxn1",TRUE
"Hrh2",TRUE
"Gm16578",TRUE
"Gm48615",FALSE
"Gm48623",TRUE
"Gm48622",TRUE
"Cplx2",TRUE
"Gm16248",FALSE
"Thoc3",TRUE
"Simc1",TRUE
"4833439L19Rik",TRUE
"Arl10",TRUE
"Nop16",TRUE
"Higd2a",TRUE
"Cltb",TRUE
"Faf2",TRUE
"Rnf44",TRUE
"Cdhr2",TRUE
"Gprin1",TRUE
"Sncb",TRUE
"Gm16249",FALSE
"Eif4e1b",FALSE
"Tspan17",TRUE
"Gm29431",TRUE
"5330429C05Rik",TRUE
"4930526F13Rik",TRUE
"Unc5a",TRUE
"Hk3",TRUE
"Uimc1",TRUE
"Zfp346",TRUE
"Gm17617",FALSE
"Fgfr4",TRUE
"Nsd1",TRUE
"Rab24",TRUE
"Prelid1",TRUE
"Mxd3",TRUE
"Lman2",TRUE
"Rgs14",TRUE
"Slc34a1",TRUE
"Pfn3",FALSE
"F12",TRUE
"Grk6",TRUE
"Prr7",TRUE
"Dbn1",TRUE
"Pdlim7",TRUE
"Dok3",TRUE
"Ddx41",TRUE
"Gm46416",FALSE
"Fam193b",TRUE
"Tmed9",TRUE
"B4galt7",TRUE
"Gm15911",TRUE
"Caml",TRUE
"Ddx46",TRUE
"B230219D22Rik",TRUE
"Txndc15",TRUE
"Pcbd2",TRUE
"4930451E10Rik",TRUE
"Catsper3",TRUE
"Pitx1",TRUE
"Gm47071",TRUE
"Gm28760",FALSE
"H2afy",TRUE
"Tifab",TRUE
"4930550C17Rik",TRUE
"Neurog1",TRUE
"Cxcl14",TRUE
"Gm10782",FALSE
"Gm3045",TRUE
"Slc25a48",TRUE
"Il9",FALSE
"Fbxl21",TRUE
"Lect2",TRUE
"2010203P06Rik",FALSE
"Tgfbi",TRUE
"Smad5",TRUE
"Gm45623",FALSE
"Trpc7",TRUE
"Spock1",TRUE
"Klhl3",TRUE
"Hnrnpa0",TRUE
"1700066J03Rik",FALSE
"Gm48295",TRUE
"Idnk",TRUE
"Ubqln1",TRUE
"Gm48357",TRUE
"Gm48441",TRUE
"Gkap1",TRUE
"Gm26555",TRUE
"Kif27",TRUE
"2210016F16Rik",TRUE
"Hnrnpk",TRUE
"Rmi1",TRUE
"Gm47918",TRUE
"Slc28a3",TRUE
"4930455J16Rik",TRUE
"Gm47947",FALSE
"Gm40968",TRUE
"Ntrk2",TRUE
"Gm47423",TRUE
"4930415C11Rik",TRUE
"Gm34307",TRUE
"Gm34354",TRUE
"Gm47359",TRUE
"Gm34558",TRUE
"Gm34672",TRUE
"Gm47360",TRUE
"Gm34721",TRUE
"Gm34788",TRUE
"4930455M05Rik",TRUE
"Agtpbp1",TRUE
"Naa35",TRUE
"Golm1",TRUE
"4921517D22Rik",FALSE
"Spata31d1a",TRUE
"Spata31d1b",TRUE
"Spata31d1d",TRUE
"Gm46419",TRUE
"4930528D03Rik",TRUE
"1700014D04Rik",TRUE
"Isca1",TRUE
"Etohd2",TRUE
"Tut7",TRUE
"Gm48194",TRUE
"Gm34961",TRUE
"Gm48384",FALSE
"Gm19866",TRUE
"A530065N20Rik",TRUE
"Gm48396",TRUE
"Gm48397",TRUE
"Gas1",TRUE
"Gm48488",TRUE
"Gm5084",TRUE
"Gm35333",FALSE
"Gm48500",TRUE
"A530001N23Rik",TRUE
"Dapk1",TRUE
"BC051665",FALSE
"Ctsll3",FALSE
"4930486L24Rik",TRUE
"Ctla2b",TRUE
"Tpbpb",FALSE
"Ctla2a",TRUE
"Tpbpa",FALSE
"Gm40975",FALSE
"Ctsj",FALSE
"Ctsq",FALSE
"Ctsr",FALSE
"Cts6",FALSE
"Cts8",FALSE
"Cts7",FALSE
"Ctsm",FALSE
"Cts3",FALSE
"Gm49357",TRUE
"Gm48116",FALSE
"Gm48228",TRUE
"Gm40977",TRUE
"Zfp808",TRUE
"Gm19792",TRUE
"Gm3604",TRUE
"Gm49359",TRUE
"Zfp934",TRUE
"6720489N17Rik",TRUE
"Platr25",TRUE
"Gm5141",TRUE
"Gm48795",FALSE
"Fbp2",TRUE
"Fbp1",TRUE
"Gm48812",FALSE
"Aopep",TRUE
"Gm30409",TRUE
"Gm47587",FALSE
"Fancc",TRUE
"Gm16133",TRUE
"Gm16132",TRUE
"Ptch1",TRUE
"Gm30655",TRUE
"Gm30709",TRUE
"1700024I08Rik",TRUE
"Gm47390",TRUE
"Gm47418",FALSE
"Ercc6l2",TRUE
"Gm47424",TRUE
"Hsd17b3",TRUE
"Slc35d2",TRUE
"Zfp367",TRUE
"Habp4",TRUE
"Cdc14b",TRUE
"1810034E14Rik",TRUE
"Prxl2c",TRUE
"Gm47003",TRUE
"Ctsl",TRUE
"Gm47123",TRUE
"1700015C15Rik",TRUE
"Cdk20",TRUE
"Gm31218",TRUE
"Fam240b",TRUE
"Gm47193",TRUE
"Gm47194",TRUE
"Cntnap3",TRUE
"Spata31",FALSE
"Spata31d1c",FALSE
"Prss47",TRUE
"Mfsd14b",TRUE
"Olfr465-ps1",FALSE
"Olfr466",FALSE
"Nlrp4f",TRUE
"Gm47249",TRUE
"Gm36445",TRUE
"Gm47251",TRUE
"Gm10775",TRUE
"Zfp369",TRUE
"Gm7762",TRUE
"Gm40983",FALSE
"Gm48168",FALSE
"Gm48166",TRUE
"Gm10139",FALSE
"Gm26639",FALSE
"Gm48170",TRUE
"Gm40987",FALSE
"Gm48221",FALSE
"Gm48222",FALSE
"Gm10324",FALSE
"AC192334.1",FALSE
"Gm48223",FALSE
"Gm10772",FALSE
"Gm26754",TRUE
"2410141K09Rik",FALSE
"Gm26806",FALSE
"Gm40988",FALSE
"Gm48412",FALSE
"Uqcrb",TRUE
"Gm10767",TRUE
"Mterf3",TRUE
"Ptdss1",TRUE
"4933433G19Rik",TRUE
"Zfp712",TRUE
"Gm46440",TRUE
"Zfp708",FALSE
"Gm28557",TRUE
"Rslcan18",TRUE
"Zfp759",TRUE
"Gm48732",TRUE
"Rsl1",TRUE
"Zfp455",TRUE
"Gm49064",TRUE
"Zfp458",TRUE
"F630042J09Rik",TRUE
"Zfp457",TRUE
"Gm48824",TRUE
"Zfp595",TRUE
"Gm17039",TRUE
"Zfp456",TRUE
"Zfp429",TRUE
"Gm48900",TRUE
"Zfp459",TRUE
"Zfp874a",TRUE
"Zfp874b",TRUE
"Gm48899",TRUE
"Zfp58",TRUE
"Zfp87",TRUE
"Zfp748",TRUE
"9430065F17Rik",TRUE
"Zfp729b",TRUE
"Zfp729a",TRUE
"Gm48095",TRUE
"Zfp738",TRUE
"Zfp65",TRUE
"Zfp85os",TRUE
"Zfp85",TRUE
"Zfp493",TRUE
"4930525G20Rik",TRUE
"Zfp273",TRUE
"Gm10037",TRUE
"BC048507",TRUE
"Gm7969",FALSE
"Gm48419",FALSE
"Gm48423",FALSE
"Gm8016",FALSE
"Gm48436",FALSE
"Mtrr",TRUE
"Fastkd3",TRUE
"Gm48556",TRUE
"1700001L19Rik",TRUE
"Adcy2",TRUE
"Gm35161",TRUE
"Gm26844",FALSE
"Gm35514",FALSE
"Tent4a",TRUE
"Nsun2",TRUE
"A530095I07Rik",TRUE
"Srd5a1",TRUE
"Gm17108",TRUE
"Gm35618",TRUE
"Gm48819",TRUE
"Ube2ql1",TRUE
"4930547H16Rik",FALSE
"Med10",TRUE
"4933416O17Rik",FALSE
"1700084F23Rik",TRUE
"Gm3772",TRUE
"AU017674",TRUE
"4930520P13Rik",FALSE
"Ice1",TRUE
"1700100L14Rik",TRUE
"D030007L05Rik",FALSE
"Gm36377",FALSE
"Gm36426",FALSE
"Gm36607",TRUE
"Adamts16",TRUE
"Gm36529",TRUE
"8030423J24Rik",FALSE
"1700112M02Rik",TRUE
"Gm40999",TRUE
"Irx1",TRUE
"Gm20554",FALSE
"Irx2",TRUE
"Gm47902",TRUE
"D730050B12Rik",FALSE
"Irx4",FALSE
"Ndufs6",TRUE
"Mrpl36",TRUE
"Eprn",FALSE
"Lpcat1",TRUE
"Slc6a3",TRUE
"Clptm1l",TRUE
"Tert",TRUE
"Slc6a18",FALSE
"Slc6a19",TRUE
"Slc6a19os",FALSE
"Slc12a7",TRUE
"Nkd2",TRUE
"Trip13",TRUE
"Brd9",TRUE
"Gm41002",TRUE
"Zdhhc11",TRUE
"Gm15912",TRUE
"Tppp",TRUE
"Cep72",TRUE
"Slc9a3",TRUE
"Exoc3",TRUE
"Ahrr",TRUE
"Pdcd6",TRUE
"Sdha",TRUE
"Ccdc127",TRUE
"Lrrc14b",TRUE
"Zfp72",TRUE
"Ftl1-ps1",TRUE
"Gm47428",TRUE
"E430024I08Rik",TRUE
"Gm49762",TRUE
"Zfp825",TRUE
"Gm49763",TRUE
"Gm47467",TRUE
"Gm47469",TRUE
"Gm46430",TRUE
"Erap1",TRUE
"Cast",TRUE
"Pcsk1",TRUE
"1700037F03Rik",TRUE
"Ell2",TRUE
"Gm48302",TRUE
"Glrx",TRUE
"Rhobtb3",TRUE
"Spata9",TRUE
"Rfesd",TRUE
"Gpr150",TRUE
"Arsk",TRUE
"Ttc37",TRUE
"Fam81b",TRUE
"Gm31219",TRUE
"Mctp1",TRUE
"Slf1",TRUE
"2210408I21Rik",TRUE
"Fam172a",TRUE
"Pou5f2",TRUE
"Gm38604",TRUE
"3110006O06Rik",TRUE
"Nr2f1",TRUE
"A830082K12Rik",TRUE
"Gm48399",TRUE
"Gm31946",TRUE
"Gm32067",TRUE
"Gm48402",TRUE
"Gm29318",TRUE
"Gm28526",TRUE
"Arrdc3",TRUE
"1700023H06Rik",TRUE
"5430425K12Rik",FALSE
"Gm4211",TRUE
"9330111N05Rik",TRUE
"Gm49375",TRUE
"Adgrv1",TRUE
"Lysmd3",TRUE
"Polr3g",TRUE
"Mblac2",TRUE
"Gm17259",TRUE
"Cetn3",TRUE
"Gm48155",TRUE
"2310067P03Rik",TRUE
"Mef2c",TRUE
"C130071C03Rik",TRUE
"Gm26803",TRUE
"2810049E08Rik",TRUE
"Gm4241",TRUE
"Gm17750",TRUE
"A230107N01Rik",TRUE
"Tmem161b",TRUE
"Gm49223",TRUE
"Ccnh",TRUE
"Rasa1",TRUE
"Cox7c",TRUE
"Gm34585",TRUE
"Edil3",TRUE
"Hapln1",TRUE
"Vcan",TRUE
"Gm4117",TRUE
"Xrcc4",TRUE
"Tmem167",TRUE
"Gm29680",TRUE
"Gm47520",TRUE
"Atp6ap1l",TRUE
"Rps23",TRUE
"Atg10",TRUE
"Gm47381",TRUE
"A830009L08Rik",TRUE
"Gm29540",FALSE
"Ssbp2",TRUE
"4833422C13Rik",TRUE
"Acot12",TRUE
"Zcchc9",TRUE
"Ckmt2",TRUE
"1700119I11Rik",TRUE
"Rasgrf2",TRUE
"Msh3",TRUE
"Gm20379",TRUE
"Dhfr",TRUE
"C030017D09Rik",TRUE
"Ankrd34b",TRUE
"Fam151b",TRUE
"Zfyve16",TRUE
"Spz1",FALSE
"Serinc5",TRUE
"Thbs4",TRUE
"Mtx3",TRUE
"Gm31630",FALSE
"Cmya5",TRUE
"Gm4814",TRUE
"A630019I02Rik",TRUE
"Tent2",TRUE
"Homer1",TRUE
"Jmy",TRUE
"Bhmt",TRUE
"Gm15622",TRUE
"Bhmt2",TRUE
"Dmgdh",TRUE
"AW495222",TRUE
"Gm47210",TRUE
"Arsb",TRUE
"Gm47216",TRUE
"Lhfpl2",TRUE
"Gm15907",TRUE
"Scamp1",TRUE
"Gm32089",TRUE
"Gm48102",TRUE
"Gm9776",TRUE
"Ap3b1",TRUE
"Gm48287",TRUE
"Gm32305",TRUE
"Gm32351",TRUE
"Tbca",TRUE
"Otp",TRUE
"Wdr41",TRUE
"Gm48350",TRUE
"Gm48420",TRUE
"Pde8b",TRUE
"Gm16243",TRUE
"Zbed3",TRUE
"Aggf1",TRUE
"Crhbp",TRUE
"S100z",FALSE
"F2rl1",FALSE
"Gm48730",TRUE
"F2r",TRUE
"Iqgap2",TRUE
"F2rl2",TRUE
"AC171003.1",TRUE
"AC163685.1",TRUE
"Sv2c",TRUE
"Gm20075",TRUE
"Gm17190",TRUE
"Gm29543",TRUE
"Poc5",TRUE
"Ankdd1b",TRUE
"Polk",TRUE
"Gm17622",TRUE
"Col4a3bp",TRUE
"Gm48133",FALSE
"Hmgcr",TRUE
"Ankrd31",TRUE
"Gcnt4",TRUE
"Gm48597",TRUE
"1700029F12Rik",FALSE
"Fam169a",TRUE
"Gm6169",TRUE
"Nsa2",TRUE
"Gfm2",TRUE
"Hexb",TRUE
"Enc1",TRUE
"C430039J16Rik",FALSE
"Gm33447",FALSE
"Lncenc1",TRUE
"Gm2379",TRUE
"Gm41030",TRUE
"Gm5086",TRUE
"5330416C01Rik",TRUE
"Gm26619",TRUE
"Gm10260",TRUE
"Gm41031",TRUE
"Gm34388",TRUE
"Arhgef28",TRUE
"Utp15",TRUE
"Ankra2",TRUE
"Gm21976",TRUE
"Btf3",TRUE
"Gm9828",TRUE
"Foxd1",TRUE
"2310005E17Rik",TRUE
"Gm29501",FALSE
"Gm10320",FALSE
"Gm48050",TRUE
"Tmem174",TRUE
"Tmem171",FALSE
"Gm9465",TRUE
"Fcho2",TRUE
"D130062J10Rik",TRUE
"Gm47551",TRUE
"Tnpo1",TRUE
"Gm35215",TRUE
"1700024P04Rik",FALSE
"Gm35279",TRUE
"A930014D07Rik",TRUE
"2310020H05Rik",TRUE
"Gm807",TRUE
"Zfp366",TRUE
"Ptcd2",TRUE
"Mrps27",TRUE
"6430562O15Rik",TRUE
"Map1b",TRUE
"Gm26559",TRUE
"Cartpt",TRUE
"Mccc2",TRUE
"Bdp1",TRUE
"BC001981",TRUE
"Serf1",TRUE
"Smn1",TRUE
"Naip2",TRUE
"Naip5",TRUE
"Naip6",TRUE
"Naip1",TRUE
"Gtf2h2",TRUE
"Ocln",TRUE
"Gm48596",TRUE
"Marveld2",TRUE
"Rad17",TRUE
"Ak6",TRUE
"Taf9",TRUE
"Ccdc125",TRUE
"Cdk7",TRUE
"Mrps36",TRUE
"Cenph",TRUE
"Ccnb1",TRUE
"Slc30a5",TRUE
"Gm29502",TRUE
"5930438M14Rik",TRUE
"4932411K12Rik",TRUE
"Gm41043",TRUE
"Gm47533",TRUE
"Gm29341",FALSE
"Pik3r1",TRUE
"Gm47007",FALSE
"Gm29927",TRUE
"Cd180",TRUE
"Mast4",TRUE
"1700099I09Rik",TRUE
"Gm17160",TRUE
"Gm30551",TRUE
"Srek1",TRUE
"Erbin",TRUE
"Gm47849",TRUE
"Gm47851",TRUE
"Nln",TRUE
"Sgtb",TRUE
"Trappc13",TRUE
"Shld3",TRUE
"Trim23",TRUE
"Ppwd1",TRUE
"Cenpk",TRUE
"Adamts6",TRUE
"Cwc27",TRUE
"2610204G07Rik",TRUE
"Srek1ip1",TRUE
"Shisal2b",TRUE
"Rgs7bp",TRUE
"4933425L06Rik",TRUE
"Rnf180",TRUE
"Htr1a",TRUE
"Gm10739",TRUE
"Gm30411",TRUE
"Gm28989",TRUE
"Ipo11",TRUE
"Gm28988",TRUE
"Dimt1",TRUE
"Kif2a",TRUE
"3830408C21Rik",TRUE
"Gm48684",TRUE
"Gm31452",TRUE
"AI197445",TRUE
"Gm32004",TRUE
"Gm32090",FALSE
"1700006H21Rik",FALSE
"Zswim6",TRUE
"B230220B15Rik",TRUE
"Ndufaf2",TRUE
"Smim15",TRUE
"Ercc8",TRUE
"Elovl7",TRUE
"Gm2822",TRUE
"Depdc1b",TRUE
"Pde4d",TRUE
"Rab3c",TRUE
"Gapt",FALSE
"Plk2",TRUE
"Gm33045",TRUE
"Gm33172",FALSE
"4930526H09Rik",TRUE
"Gm38397",TRUE
"3110015C05Rik",TRUE
"Actbl2",FALSE
"Gm6270",FALSE
"Gpbp1",TRUE
"Gm15290",TRUE
"Gm15288",FALSE
"Gm15286",TRUE
"Gm10198",FALSE
"Mier3",TRUE
"Gm15287",TRUE
"Map3k1",TRUE
"Gm15327",TRUE
"Gm15325",FALSE
"Gm15324",FALSE
"Gm15326",TRUE
"Gm15322",FALSE
"Gm15323",FALSE
"Gm48802",TRUE
"Ankrd55",TRUE
"Gm48837",TRUE
"2810403G07Rik",FALSE
"Gm48876",FALSE
"Gm48879",FALSE
"Il6st",TRUE
"Il31ra",TRUE
"Ddx4",TRUE
"Slc38a9",TRUE
"Gm47827",TRUE
"Gm47850",FALSE
"Plpp1",TRUE
"Mtrex",TRUE
"Dhx29",TRUE
"Ccno",TRUE
"Mcidas",TRUE
"Cdc20b",TRUE
"Gpx8",TRUE
"4930563N14Rik",FALSE
"Gzma",TRUE
"1700084D21Rik",FALSE
"Gzmk",TRUE
"Esm1",TRUE
"BC067074",TRUE
"Gm41071",TRUE
"4921509O07Rik",TRUE
"Gm34471",TRUE
"Snx18",TRUE
"Hspb3",TRUE
"Gm34586",TRUE
"Arl15",TRUE
"A430090L17Rik",TRUE
"Ndufs4",TRUE
"Fst",TRUE
"Gm47040",FALSE
"4930467J12Rik",TRUE
"4930544M13Rik",TRUE
"Mocs2",TRUE
"Itga2",TRUE
"Itga1",TRUE
"Pelo",TRUE
"Gm10734",TRUE
"Isl1",TRUE
"Gm47914",TRUE
"Gm47913",FALSE
"4930435F18Rik",TRUE
"Parp8",TRUE
"Gm6416",FALSE
"Emb",TRUE
"Gm17509",TRUE
"Hcn1",TRUE
"4933413L06Rik",TRUE
"Mrps30",TRUE
"B430218F22Rik",TRUE
"1700003P14Rik",TRUE
"Gm10732",TRUE
"Fgf10",TRUE
"Gm16263",TRUE
"Gm47336",TRUE
"Nnt",TRUE
"Nnt.1",FALSE
"Paip1",TRUE
"4833420G17Rik",TRUE
"Gm9752",TRUE
"3110070M22Rik",TRUE
"Tmem267",TRUE
"Gm48265",TRUE
"Ccl28",TRUE
"1700074H08Rik",TRUE
"Hmgcs1",TRUE
"Gm48342",TRUE
"Nim1k",TRUE
"Gm41077",TRUE
"Zfp131",TRUE
"AF067063",FALSE
"D13Ertd608e",FALSE
"Tcstv1",FALSE
"Gm21761",TRUE
"B020031M17Rik",FALSE
"Gm36161",FALSE
"Gm36079",FALSE
"Gm21188",FALSE
"Gm20767",FALSE
"Gm21818",FALSE
"Gm21762",FALSE
"Gm21731",FALSE
"AF067061",FALSE
"BC147527",FALSE
"Tcstv3",FALSE
"Gm2888",FALSE
"Gm2897",TRUE
"Gm10340",FALSE
"Gm17188",TRUE
"Gm5795",TRUE
"D830030K20Rik",TRUE
"1700110I01Rik",TRUE
"Gm2956",TRUE
"Gm10413",FALSE
"Gm10409",FALSE
"Gm3005",FALSE
"Gm10408",FALSE
"Gm3012",FALSE
"Gm3020",FALSE
"Gm3043",FALSE
"Gm3002",TRUE
"Gm26886",TRUE
"Gm3033",FALSE
"Gm2916",FALSE
"Gm3029",FALSE
"Gm3095",FALSE
"Gm3099",FALSE
"Gm5796",TRUE
"Gm3115",TRUE
"Gm8108",TRUE
"Gm3127",FALSE
"Gm2974",TRUE
"Gm3138",FALSE
"Gm3149",FALSE
"2610042L04Rik",TRUE
"Gm3159",FALSE
"Gm3164",TRUE
"Gm3173",TRUE
"Gm3182",FALSE
"Gm26655",TRUE
"Gm3047",FALSE
"Gm8159",FALSE
"Gm3239",FALSE
"Gm7876",FALSE
"Gm3252",TRUE
"Gm9602",FALSE
"Gm3269",FALSE
"Gm3264",TRUE
"Gm26650",TRUE
"Gm3278",TRUE
"Gm8297",FALSE
"Gm3298",FALSE
"4930555G01Rik",FALSE
"Gm8281",TRUE
"Gm8279",FALSE
"Gm26552",FALSE
"Gm3317",FALSE
"Gm8271",FALSE
"Gm3526",FALSE
"Gm3542",FALSE
"Gm3500",TRUE
"Gm3194",FALSE
"Gm8246",FALSE
"Gm3187",FALSE
"Gm3488",TRUE
"Gm26893",FALSE
"Gm3532",FALSE
"Gm3383",TRUE
"Gm8265",FALSE
"Gm9603",FALSE
"Gm3373",FALSE
"Gm3424",FALSE
"Gm8237",TRUE
"Gm3248",TRUE
"Gm3453",FALSE
"Gm8206",TRUE
"Gm6337",FALSE
"Gm3468",TRUE
"Gm3476",FALSE
"Gm21560",FALSE
"Gm3411",TRUE
"Gm21103",FALSE
"Gm26630",TRUE
"Gm16440",FALSE
"Gm3591",TRUE
"Gm3594",FALSE
"Gm8356",FALSE
"Gm3629",TRUE
"Gm3460",FALSE
"Gm10251",FALSE
"Gm26680",TRUE
"Gm8050",TRUE
"Gm3636",TRUE
"Gm8362",FALSE
"Gm3642",FALSE
"Gm3667",TRUE
"Gm6356",FALSE
"Gm10406",TRUE
"Gm3685",FALSE
"Gm3696",TRUE
"Gm6676",FALSE
"Gm3512",TRUE
"Gm16434",FALSE
"Gm3727",FALSE
"Gm3739",TRUE
"Gm5797",FALSE
"Gm8374",FALSE
"Gm10339",FALSE
"4933406F09Rik",TRUE
"Gm3755",FALSE
"Gm3752",TRUE
"Gm3558",TRUE
"Gm10338",TRUE
"Gm10128",FALSE
"Gm16741",TRUE
"Flnb",TRUE
"Gm45521",FALSE
"Dnase1l3",TRUE
"Abhd6",TRUE
"Rpp14",TRUE
"Pxk",TRUE
"Pdhb",TRUE
"Kctd6",TRUE
"Acox2",TRUE
"Fam107a",TRUE
"Oit1",TRUE
"2610318M16Rik",TRUE
"4930452B06Rik",TRUE
"4930455B14Rik",FALSE
"Gm48370",TRUE
"Gm48371",TRUE
"Fhit",TRUE
"Gm48439",TRUE
"Fhitos",TRUE
"Gm3839",TRUE
"Gm48594",TRUE
"Gm48595",FALSE
"Ptprg",TRUE
"Gm3848",TRUE
"3830406C13Rik",TRUE
"D030051J21Rik",TRUE
"Fezf2",TRUE
"Cadps",TRUE
"Gm48239",TRUE
"Gm48526",FALSE
"Gm5087",TRUE
"Synpr",TRUE
"Sntn",TRUE
"Gm281",TRUE
"Gm11100",TRUE
"Thoc7",TRUE
"Atxn7",TRUE
"Psmd6",TRUE
"Olfr720",TRUE
"Gm48857",FALSE
"Olfr31",TRUE
"Gm48860",TRUE
"Il3ra",TRUE
"Olfr721-ps1",FALSE
"Slc4a7",TRUE
"Nek10",TRUE
"Gm31517",TRUE
"4921522A10Rik",FALSE
"Gm47758",FALSE
"Gm31577",TRUE
"Lrrc3b",TRUE
"B230110C06Rik",TRUE
"Gm47782",TRUE
"Gm31804",TRUE
"Gm47780",FALSE
"1700062C10Rik",TRUE
"Oxsm",TRUE
"Gm47794",TRUE
"Ngly1",TRUE
"5430414B19Rik",TRUE
"Gm47798",TRUE
"Gm48163",TRUE
"Top2b",TRUE
"Rarb",TRUE
"Gm48162",TRUE
"Thrb",TRUE
"Gm48321",TRUE
"Nr1d2",TRUE
"Rpl15",TRUE
"Nkiras1",TRUE
"Ube2e1",TRUE
"Ube2e2",TRUE
"Gm48099",TRUE
"Gm21738",FALSE
"Gm48105",FALSE
"Gm2244",FALSE
"Gm2237",TRUE
"Gm5458",FALSE
"Gm41102",TRUE
"4930469B13Rik",TRUE
"Nid2",TRUE
"Rtraf",TRUE
"D14Ertd670e",FALSE
"Gm48283",TRUE
"Gng2",TRUE
"Saysd1",TRUE
"Kcnk5",TRUE
"Gm48395",TRUE
"Kcnk16",TRUE
"Nudt13",TRUE
"Ecd",TRUE
"Fam149b",TRUE
"Gm30054",TRUE
"Dnajc9",TRUE
"Mrps16",TRUE
"Cfap70",TRUE
"7330404K18Rik",TRUE
"Anxa7",TRUE
"Mss51",TRUE
"Ppp3cb",TRUE
"1810062O18Rik",TRUE
"Usp54",TRUE
"2810402E24Rik",TRUE
"Myoz1",TRUE
"Synpo2l",TRUE
"Sec24c",TRUE
"6230400D17Rik",TRUE
"Fut11",TRUE
"Chchd1",TRUE
"Zswim8",TRUE
"Ndst2",TRUE
"Camk2g",TRUE
"Gm30108",TRUE
"Plau",TRUE
"Vcl",TRUE
"Ap3m1",TRUE
"Adk",TRUE
"Gm30363",TRUE
"Kat6b",TRUE
"Dupd1",TRUE
"Dusp13",TRUE
"Gm15935",FALSE
"Samd8",TRUE
"Vdac2",TRUE
"Comtd1",TRUE
"A430057M04Rik",TRUE
"4931407E12Rik",TRUE
"Zfp503",TRUE
"Lrmda",TRUE
"Gm7480",TRUE
"4930405A10Rik",TRUE
"Gm47601",TRUE
"Gm10248",TRUE
"Kcnma1",TRUE
"Gm29626",TRUE
"4930519K11Rik",TRUE
"Gm31392",TRUE
"AC163638.2",TRUE
"Dlg5",TRUE
"Gm17105",TRUE
"E330034G19Rik",FALSE
"Gm47774",FALSE
"Gm47814",TRUE
"Polr3a",TRUE
"Rps24",TRUE
"4930542C16Rik",TRUE
"4930428N03Rik",TRUE
"Gm47906",FALSE
"Gm10398",FALSE
"Gm38408",FALSE
"Gm32123",FALSE
"Gm32224",TRUE
"4930572O13Rik",TRUE
"Zmiz1os1",TRUE
"Gm26660",TRUE
"Gm17747",TRUE
"Zmiz1",TRUE
"Gm47920",TRUE
"Gm47921",FALSE
"Ppif",TRUE
"Ppifos",TRUE
"Zcchc24",TRUE
"Anxa11",TRUE
"Anxa11os",TRUE
"Plac9a",FALSE
"Tmem254a",TRUE
"Cphx1",FALSE
"Duxbl1",TRUE
"Gm9780",FALSE
"Tmem254c",FALSE
"Cphx2",TRUE
"Cphx3",FALSE
"Duxbl2",FALSE
"Plac9b",FALSE
"Tmem254b",FALSE
"Duxbl3",TRUE
"Gm34059",TRUE
"4933413J09Rik",TRUE
"Slmapos2",TRUE
"Slmap",TRUE
"Dennd6a",TRUE
"Arf4os",TRUE
"Arf4",TRUE
"Pde12",TRUE
"9930004E17Rik",TRUE
"Dnah12",TRUE
"Asb14",TRUE
"Appl1",TRUE
"Hesx1",TRUE
"Il17rd",TRUE
"Arhgef3",TRUE
"Tasor",TRUE
"Ccdc66",TRUE
"Erc2",TRUE
"Gm45645",TRUE
"Wnt5a",TRUE
"Gm2670",TRUE
"Gm35164",TRUE
"Gm35217",TRUE
"Cacna2d3",TRUE
"Lrtm1",TRUE
"Gm48004",TRUE
"Gm48006",TRUE
"Gm48003",TRUE
"Gm48058",FALSE
"Gm41118",TRUE
"Gm35281",TRUE
"Gm47414",TRUE
"Selenok",TRUE
"Actr8",TRUE
"Il17rb",TRUE
"Chdh",TRUE
"Cacna1d",TRUE
"CT009536.1",TRUE
"Dcp1a",TRUE
"Tkt",TRUE
"Prkcd",TRUE
"Gm7644",TRUE
"Rft1",TRUE
"Sfmbt1",TRUE
"1700087M22Rik",TRUE
"Stimate",TRUE
"Mustn1",TRUE
"Itih4",TRUE
"Itih3",TRUE
"Itih1",FALSE
"Nek4",TRUE
"Spcs1",TRUE
"Glt8d1",TRUE
"Gnl3",TRUE
"Pbrm1",TRUE
"Smim4",TRUE
"Nt5dc2",TRUE
"Stab1",TRUE
"Nisch",TRUE
"Tnnc1",TRUE
"Sema3g",TRUE
"Phf7",TRUE
"Bap1",TRUE
"Dnah1",TRUE
"Gm35823",TRUE
"Gm49217",FALSE
"Gm49791",FALSE
"Capn7",TRUE
"Sh3bp5",TRUE
"Mettl6",TRUE
"Eaf1",TRUE
"Colq",TRUE
"Hacl1",TRUE
"Btd",TRUE
"Ankrd28",TRUE
"D830044D21Rik",TRUE
"4930425P05Rik",TRUE
"Galnt15",TRUE
"Dph3",TRUE
"Oxnad1",TRUE
"Msmb",TRUE
"Ncoa4",TRUE
"Timm23",TRUE
"Parg",TRUE
"Gm17210",TRUE
"Gm46447",TRUE
"Gm48914",TRUE
"Ogdhl",TRUE
"1700024G13Rik",TRUE
"Chat",TRUE
"Slc18a3",FALSE
"Gm2990",TRUE
"Ercc6",TRUE
"Prrxl1",TRUE
"3425401B19Rik",TRUE
"Gm28651",TRUE
"Tmem273",TRUE
"Fam170b",FALSE
"Vstm4",TRUE
"Wdfy4",TRUE
"Lrrc18",TRUE
"Arhgap22",TRUE
"Gm49030",TRUE
"Gm15512",TRUE
"Mapk8",TRUE
"Frmpd2",TRUE
"Ptpn20",TRUE
"Gm49108",FALSE
"4930503F20Rik",FALSE
"Gdf10",TRUE
"Gdf2",FALSE
"Rbp3",FALSE
"Zfp488",TRUE
"Gm30083",FALSE
"Gm5460",FALSE
"A630023A22Rik",TRUE
"Antxrl",TRUE
"Anxa8",TRUE
"Gm30556",FALSE
"Npy4r",FALSE
"Gprin2",TRUE
"Syt15",TRUE
"Gm49201",TRUE
"Shld2",TRUE
"Glud1",TRUE
"Fam25c",FALSE
"Sncg",TRUE
"Mmrn2",TRUE
"Bmpr1a",TRUE
"Gm17110",TRUE
"9230112D13Rik",TRUE
"Ldb3",TRUE
"Opn4",TRUE
"Gm49012",TRUE
"Gm49024",FALSE
"Gm49025",TRUE
"5830448L01Rik",TRUE
"Wapl",TRUE
"A930038B10Rik",TRUE
"Gm49032",TRUE
"Grid1",TRUE
"4930596D02Rik",FALSE
"4930474N05Rik",FALSE
"Ccser2",TRUE
"Rgr",FALSE
"Lrit1",FALSE
"Lrit2",FALSE
"Cdhr1",TRUE
"2610528A11Rik",TRUE
"Ghitm",TRUE
"Gm31393",TRUE
"Gm31456",TRUE
"Nrg3",TRUE
"Gm20641",TRUE
"Nrg3os",TRUE
"Gm20642",TRUE
"1700109I08Rik",FALSE
"Sh2d4b",TRUE
"Tspan14",TRUE
"Prxl2a",TRUE
"Dydc2",TRUE
"Gm47547",TRUE
"Dydc1",TRUE
"Mat1a",TRUE
"Sftpa1",FALSE
"Mbl1",FALSE
"Sftpd",FALSE
"Gm2832",FALSE
"Gm5798",FALSE
"Gm7945",FALSE
"Gm6482",FALSE
"Gm7954",FALSE
"Gm3486",FALSE
"Gm7970",FALSE
"1700049E17Rik2",FALSE
"Gm3072",FALSE
"Gm3676",FALSE
"Gm8068",FALSE
"Gm7929",FALSE
"Gm47189",FALSE
"Gm7980",FALSE
"1700049E17Rik1",FALSE
"1700024B05Rik",TRUE
"Gm6401",FALSE
"Gm3543",FALSE
"Gm7951",FALSE
"Gm17027",FALSE
"Gm3573",FALSE
"Gm17026",FALSE
"Gm9611",FALSE
"Gm7995",FALSE
"Gm8005",FALSE
"Gm8011",FALSE
"Gm8020",FALSE
"Gm8024",FALSE
"Gm17124",FALSE
"Gm3633",FALSE
"Gm10378",FALSE
"Gm3015",FALSE
"Gm10377",FALSE
"Gm21977",FALSE
"Gm8082",FALSE
"Gm10376",FALSE
"Gm8094",FALSE
"Gm8104",TRUE
"Gm49135",FALSE
"Gm7233",FALSE
"Gm8122",FALSE
"Gm8126",FALSE
"Gm9732",TRUE
"Gm8127",FALSE
"1700001F09Rik",FALSE
"Gm8138",FALSE
"Gm5799",FALSE
"Gm17654",FALSE
"Gm10375",FALSE
"Gm21154",TRUE
"Gm8165",FALSE
"Gm7324",TRUE
"Gm16506",FALSE
"Gm6526",FALSE
"Gm49965",TRUE
"Gm8180",FALSE
"Gm41138",FALSE
"Gm49083",TRUE
"Ear1",TRUE
"Ear10",FALSE
"Gm8113",TRUE
"Ang5",FALSE
"Gm49087",FALSE
"Ang6",FALSE
"Gm3287",FALSE
"Gm49099",FALSE
"Gm49101",FALSE
"Ear2",FALSE
"Gm3327",FALSE
"4930503E14Rik",TRUE
"1700047E10Rik",FALSE
"Gm8212",FALSE
"Gm32857",TRUE
"Gm8220",FALSE
"Gm5930",FALSE
"Gm8229",FALSE
"Gm3371",FALSE
"Gm8232",FALSE
"Gm49779",FALSE
"BC061237",FALSE
"Gm17093",FALSE
"AC160336.1",TRUE
"Gm5624",FALSE
"Gm8247",FALSE
"Gm8257",TRUE
"Gm8267",TRUE
"Gm34060",FALSE
"Gm49145",TRUE
"Ptgdr",TRUE
"4930431P03Rik",TRUE
"Gm17173",TRUE
"Ptger2",TRUE
"Gm49180",TRUE
"Txndc16",TRUE
"Gpr137c",TRUE
"Gm49194",TRUE
"Ero1l",TRUE
"Psmc6",TRUE
"Styx",TRUE
"Gnpnat1",TRUE
"Gm34250",TRUE
"Fermt2",TRUE
"4930527F14Rik",TRUE
"Gm41144",TRUE
"Gm49123",TRUE
"Gm15601",TRUE
"Gm49124",TRUE
"Ddhd1",TRUE
"A530076I17Rik",TRUE
"Gm15218",TRUE
"Gm49192",TRUE
"Gm15217",TRUE
"Bmp4",TRUE
"Gm15222",TRUE
"Gm15221",TRUE
"Gm48910",FALSE
"Gm48911",FALSE
"Gm34756",FALSE
"Gm48912",FALSE
"E130120K24Rik",FALSE
"Rubie",TRUE
"4933425B07Rik",TRUE
"D330046F09Rik",TRUE
"Gm48917",TRUE
"Gm48924",FALSE
"Cdkn3",TRUE
"Cnih1",TRUE
"Gm48933",TRUE
"Gmfb",TRUE
"Gm10101",TRUE
"Cgrrf1",TRUE
"Gm48949",TRUE
"Gm34934",TRUE
"Samd4",TRUE
"2810457G06Rik",TRUE
"Gm15562",FALSE
"Gm10371",TRUE
"Gch1",TRUE
"Wdhd1",TRUE
"Gm49150",FALSE
"Socs4",TRUE
"Mapk1ip1l",TRUE
"Gm49189",TRUE
"Lgals3",TRUE
"Dlgap5",TRUE
"Gm48975",FALSE
"Fbxo34",TRUE
"Gm35166",TRUE
"Atg14",TRUE
"Gm49004",TRUE
"Ktn1",TRUE
"4930538L07Rik",FALSE
"Gm41148",TRUE
"Gm49302",FALSE
"Gm35360",FALSE
"4930447J18Rik",TRUE
"Gm49303",TRUE
"Gm49304",FALSE
"Gm49305",FALSE
"Gm49306",TRUE
"Peli2",TRUE
"1700128I11Rik",FALSE
"Tmem260",TRUE
"Gm49519",TRUE
"4930572G02Rik",TRUE
"Gm49120",FALSE
"Gm35766",FALSE
"Gm49151",FALSE
"Otx2",TRUE
"Otx2os1",TRUE
"Gm49156",FALSE
"Gm534",TRUE
"4933429O19Rik",TRUE
"Exoc5",TRUE
"Ap5m1",TRUE
"Naa30",TRUE
"Gm48935",TRUE
"ccdc198",TRUE
"Slc35f4",TRUE
"Gm48940",TRUE
"Armh4",TRUE
"Gm36146",TRUE
"Olfr722",FALSE
"Olfr723",FALSE
"Olfr724",FALSE
"Olfr725",FALSE
"Olfr726",FALSE
"Olfr727",FALSE
"Olfr728",FALSE
"Olfr729",TRUE
"Olfr730",FALSE
"Olfr731",TRUE
"Olfr732",FALSE
"Olfr733",TRUE
"Olfr734",FALSE
"Olfr735",FALSE
"Tlr11",FALSE
"Olfr736",FALSE
"Olfr738",TRUE
"Olfr739",FALSE
"Olfr740",FALSE
"Olfr741",FALSE
"Olfr742",TRUE
"Olfr743",FALSE
"Olfr744",FALSE
"Olfr745",FALSE
"Olfr746",FALSE
"Olfr747",TRUE
"Olfr748",FALSE
"Olfr749",TRUE
"Ttc5",TRUE
"Ccnb1ip1",TRUE
"Parp2",TRUE
"Tep1",TRUE
"Gm26782",TRUE
"Klhl33",TRUE
"Osgep",TRUE
"Apex1",TRUE
"Pip4p1",TRUE
"Pnp",TRUE
"Pnp2",TRUE
"Rnase10",TRUE
"Rnase9",FALSE
"Rnase11",FALSE
"Rnase12",FALSE
"Olfr750",FALSE
"Rnase4",TRUE
"Ang",TRUE
"Eddm3b",FALSE
"Rnase6",TRUE
"1810028F09Rik",FALSE
"Rnase1",TRUE
"Rnase2b",FALSE
"Ang2",TRUE
"Ear14",FALSE
"Rnase2a",FALSE
"Gm21718",FALSE
"4930597G03Rik",TRUE
"Gm7247",TRUE
"Vmn2r88",FALSE
"Vmn2r89",FALSE
"Gm5622",TRUE
"Gm17175",FALSE
"Gm17174",FALSE
"Gm17078",FALSE
"Gm4181",FALSE
"Gm17079",FALSE
"Gm5800",FALSE
"Ang4",FALSE
"AY358078",TRUE
"Ear6",FALSE
"Mettl17",TRUE
"Slc39a2",TRUE
"Ndrg2",TRUE
"Tppp2",FALSE
"Rnase13",FALSE
"Gm49076",FALSE
"Arhgef40",TRUE
"Gm16617",TRUE
"Zfp219",TRUE
"Tmem253",TRUE
"Gm49086",TRUE
"Gm49256",TRUE
"Olfr221",TRUE
"Hnrnpc",TRUE
"Rpgrip1",TRUE
"Supt16",TRUE
"Gm26590",TRUE
"Chd8",TRUE
"Rab2b",TRUE
"Tox4",TRUE
"Mettl3",TRUE
"Sall2",TRUE
"Olfr1513",TRUE
"Olfr1512",TRUE
"Olfr1511",TRUE
"Olfr1510",TRUE
"Trav1",FALSE
"Olfr1509",FALSE
"Olfr1508",TRUE
"Olfr1507",TRUE
"Trav2",FALSE
"Trav3-1",FALSE
"Trav4-1",FALSE
"Trav5-1",FALSE
"Trav6-1",FALSE
"Trav7-1",FALSE
"Trav6-2",FALSE
"Trav7d-2",FALSE
"Trav4d-2",FALSE
"Trav6d-3",FALSE
"Trav7d-3",FALSE
"Trav6d-4",FALSE
"Trav7d-4",FALSE
"Trav8d-1",FALSE
"Trav9d-1",FALSE
"Trav6d-5",FALSE
"Trav10d",FALSE
"Trav6d-6",FALSE
"Trav11d",FALSE
"Trav7d-5",FALSE
"Trav12d-1",FALSE
"Trav13d-1",FALSE
"Trav14d-1",FALSE
"Trav15d-1-dv6d-1",FALSE
"Trav3d-2",FALSE
"Trav9d-2",FALSE
"Trav4d-3",FALSE
"Trav5d-2",FALSE
"Trav12d-2",FALSE
"Trav9d-3",FALSE
"Trav5d-3",FALSE
"Trav12d-3",FALSE
"Trav13d-2",FALSE
"Trav14d-2",FALSE
"Trav15d-2-dv6d-2",FALSE
"Trav3d-3",FALSE
"Trav9d-4",FALSE
"Trav4d-4",FALSE
"Trav5d-4",FALSE
"Trav6d-7",FALSE
"C920008G01Rik",FALSE
"Gm30214",TRUE
"Trav13d-3",FALSE
"Trav8d-2",FALSE
"Trav16d-dv11",FALSE
"Trav13d-4",FALSE
"Trav14d-3-dv8",FALSE
"Trav15d-3",FALSE
"Trav7n-4",FALSE
"Trav9n-1",FALSE
"Trav6n-5",FALSE
"Trav10n",FALSE
"Trav6n-6",FALSE
"Trav11n",FALSE
"Trav7n-5",FALSE
"Trav12n-1",FALSE
"Trav13n-1",FALSE
"Trav14n-1",FALSE
"Trav15n-1",FALSE
"Trav3n-2",FALSE
"Trav9n-2",FALSE
"Trav4n-3",FALSE
"Trav5n-2",FALSE
"Trav12n-2",FALSE
"Trav9n-3",FALSE
"Trav5n-3",FALSE
"Trav12n-3",FALSE
"Trav13n-2",FALSE
"Trav14n-2",FALSE
"Trav15n-2",FALSE
"Trav3n-3",FALSE
"Trav9n-4",FALSE
"Trav4n-4",FALSE
"Trav5n-4",FALSE
"Trav6n-7",FALSE
"Trav7n-6",FALSE
"Gm43650",FALSE
"Trav13n-3",FALSE
"Trav8n-2",FALSE
"Trav16n",FALSE
"Trav13n-4",FALSE
"Trav14n-3",FALSE
"Trav15n-3",FALSE
"Trav7-2",FALSE
"Trav4-2",FALSE
"Trav6-3",FALSE
"Trav7-3",FALSE
"Trav6-4",FALSE
"Trav7-4",FALSE
"Trav8-1",FALSE
"Trav9-1",FALSE
"Trav6-5",FALSE
"Trav10",FALSE
"Trav6-6",FALSE
"Trav11",FALSE
"Trav7-5",FALSE
"Trav12-1",FALSE
"Trav13-1",FALSE
"Trav14-1",FALSE
"Trav15-1-dv6-1",FALSE
"Trav3-2",FALSE
"Trav9-2",FALSE
"Trav4-3",FALSE
"Trav5-2",FALSE
"Trav12-2",FALSE
"Trav12-3",FALSE
"Trav13-2",FALSE
"Trav14-2",FALSE
"Trav15-2-dv6-2",FALSE
"Trav3-3",FALSE
"Trav9-4",FALSE
"Trav4-4-dv10",FALSE
"Trav5-4",FALSE
"Trav6-7-dv9",FALSE
"Trav7-6",FALSE
"Trav13-3",FALSE
"Trav8-2",FALSE
"Trav16",FALSE
"Trav13-4-dv7",FALSE
"Trav14-3",FALSE
"Trav15-3",FALSE
"Trav3-4",TRUE
"Trav12-4",FALSE
"B230359F08Rik",FALSE
"Trav17",FALSE
"Trav18",FALSE
"Trav19",FALSE
"Trav20",FALSE
"Trav21-dv12",FALSE
"Trdv1",FALSE
"Gm43647",TRUE
"Trav22",TRUE
"Trdv2-1",FALSE
"Trdv2-2",FALSE
"Trav23",FALSE
"Trdv3",TRUE
"Gm30275",TRUE
"Trdv4",FALSE
"Trdd1",FALSE
"Trdd2",FALSE
"Trdj1",FALSE
"Gm43434",TRUE
"Trdj2",FALSE
"Trdc",TRUE
"Trdv5",FALSE
"Traj61",FALSE
"Traj60",FALSE
"Traj59",FALSE
"Traj58",FALSE
"Traj57",FALSE
"Traj56",FALSE
"Traj55",FALSE
"Traj54",FALSE
"Traj53",FALSE
"Traj52",FALSE
"Traj51",FALSE
"Traj50",FALSE
"Traj49",TRUE
"Traj48",FALSE
"Traj47",FALSE
"Traj46",FALSE
"Traj45",FALSE
"Traj44",FALSE
"Traj43",FALSE
"Traj42",FALSE
"Traj41",FALSE
"Traj40",FALSE
"Traj39",FALSE
"Traj38",FALSE
"Traj37",FALSE
"Traj36",FALSE
"Traj35",FALSE
"Traj34",FALSE
"Traj33",FALSE
"Traj32",FALSE
"Traj31",FALSE
"Traj30",FALSE
"Traj29",FALSE
"Traj28",FALSE
"Traj27",TRUE
"Traj26",FALSE
"Traj25",FALSE
"Traj24",FALSE
"Traj23",FALSE
"Traj22",FALSE
"Traj21",FALSE
"Traj20",FALSE
"Traj19",FALSE
"Traj18",TRUE
"Traj17",FALSE
"Traj16",FALSE
"Traj15",FALSE
"Traj14",FALSE
"Traj13",FALSE
"Traj12",TRUE
"Traj11",FALSE
"Traj9",FALSE
"Traj8",FALSE
"Traj7",FALSE
"Traj6",FALSE
"Traj5",FALSE
"Traj4",FALSE
"Traj3",FALSE
"Traj2",FALSE
"Traj1",FALSE
"Trac",TRUE
"Dad1",TRUE
"Abhd4",TRUE
"Olfr49",TRUE
"Gm43305",TRUE
"5330426L24Rik",TRUE
"Oxa1l",TRUE
"Slc7a7",TRUE
"Mrpl52",TRUE
"Mmp14",TRUE
"Gm10366",TRUE
"Lrp10",TRUE
"Rem2",TRUE
"Prmt5",TRUE
"Haus4",TRUE
"Ajuba",TRUE
"4931414P19Rik",TRUE
"Psmb5",TRUE
"Psmb11",TRUE
"Cdh24",TRUE
"Gm17606",TRUE
"Acin1",TRUE
"4930579G18Rik",TRUE
"1700123O20Rik",TRUE
"Gm29776",TRUE
"Cebpe",FALSE
"Slc7a8",TRUE
"Rnf212b",TRUE
"Homez",TRUE
"Ppp1r3e",TRUE
"Bcl2l2",TRUE
"Pabpn1",TRUE
"Slc22a17",TRUE
"Efs",TRUE
"Il25",TRUE
"Cmtm5",TRUE
"Gm49130",TRUE
"Myh6",TRUE
"Mhrt",TRUE
"Myh7",TRUE
"Gm29015",FALSE
"Gm17428",TRUE
"Gm31251",TRUE
"Ngdn",TRUE
"Zfhx2os",TRUE
"Zfhx2",TRUE
"Thtpa",TRUE
"Ap1g2",TRUE
"Jph4",TRUE
"Dhrs2",TRUE
"Gm49022",FALSE
"Dhrs4",TRUE
"Carmil3",TRUE
"Cpne6",TRUE
"Nrl",TRUE
"Gm10876",TRUE
"Pck2",TRUE
"A730061H03Rik",TRUE
"Dcaf11",TRUE
"Gm15932",TRUE
"Fitm1",TRUE
"Psme1",TRUE
"Emc9",TRUE
"Psme2",TRUE
"Rnf31",TRUE
"Irf9",TRUE
"Rec8",TRUE
"Ipo4",TRUE
"Tm9sf1",TRUE
"Gm49747",TRUE
"Tssk4",TRUE
"Mdp1",TRUE
"Nedd8",TRUE
"Gmpr2",TRUE
"Tinf2",TRUE
"Gm49067",TRUE
"Tgm1",TRUE
"Rabggta",TRUE
"Dhrs1",TRUE
"Nop9",TRUE
"Cideb",TRUE
"Ltb4r2",FALSE
"Ltb4r1",TRUE
"Adcy4",TRUE
"Ripk3",TRUE
"Nfatc4",TRUE
"Nynrin",TRUE
"Cbln3",TRUE
"Khnyn",TRUE
"Sdr39u1",TRUE
"Gm48925",FALSE
"Cma1",FALSE
"Cma2",TRUE
"Mcpt1",FALSE
"Mcpt9",FALSE
"Mcpt2",FALSE
"Mcpt4",FALSE
"Mcpt8",FALSE
"Ctsg",FALSE
"Gzme",FALSE
"Gzmd",FALSE
"Gzmg",FALSE
"Gzmn",FALSE
"Gm4022",TRUE
"Gzmf",FALSE
"Gzmc",FALSE
"Gzmb",FALSE
"Atp12a",TRUE
"Gm10873",TRUE
"Rnf17",TRUE
"Cenpj",TRUE
"Parp4",TRUE
"Gm16573",TRUE
"Mphosph8",TRUE
"Gm16973",TRUE
"Pspc1",TRUE
"Zmym5",TRUE
"2410022M11Rik",TRUE
"Zmym2",TRUE
"B020004C17Rik",FALSE
"Gja3",TRUE
"Gjb2",TRUE
"Gm4491",TRUE
"Gjb6",TRUE
"Cryl1",TRUE
"Ift88",TRUE
"Ift88os",TRUE
"Il17d",TRUE
"Eef1akmt1",TRUE
"1700039M10Rik",TRUE
"Xpo4",TRUE
"Lats2",TRUE
"Sap18",TRUE
"Ska3",TRUE
"Mrpl57",TRUE
"Zdhhc20",TRUE
"Micu2",TRUE
"3110083C13Rik",TRUE
"Fgf9",TRUE
"Gm33321",TRUE
"Gm48447",FALSE
"Gm33472",FALSE
"Gm41162",TRUE
"Gm48453",FALSE
"1700129C05Rik",FALSE
"Gm5142",FALSE
"Rcbtb1",TRUE
"Phf11a",FALSE
"Phf11b",TRUE
"Phf11d",TRUE
"Phf11c",TRUE
"Setdb2",TRUE
"Cab39l",TRUE
"Cdadc1",TRUE
"Shisa2",TRUE
"Atp8a2",TRUE
"4930563I02Rik",TRUE
"Gm49336",TRUE
"Mtmr6",TRUE
"Amer2",TRUE
"Gm29266",TRUE
"Spata13",TRUE
"C1qtnf9",TRUE
"Mipepos",TRUE
"Mipep",TRUE
"Tnfrsf19",TRUE
"Gm41168",TRUE
"Sacs",TRUE
"Sgcg",TRUE
"1700109G14Rik",TRUE
"Arl11",TRUE
"Ebpl",TRUE
"Kpna3",TRUE
"4930556J02Rik",TRUE
"Spryd7",TRUE
"Trim13",TRUE
"Dleu2",TRUE
"Kcnrg",TRUE
"Gm27010",TRUE
"Gm26916",TRUE
"Gm27017",TRUE
"Gm35419",TRUE
"Gm26969",FALSE
"Dleu7",TRUE
"Rnaseh2b",TRUE
"Gucy1b2",TRUE
"Gm4131",TRUE
"Fam124a",TRUE
"Serpine3",TRUE
"Ints6",TRUE
"Wdfy2",TRUE
"Defb48",TRUE
"Defb47",FALSE
"Defb43",FALSE
"Defb30",TRUE
"Defb42",TRUE
"Ctsb",TRUE
"Fdft1",TRUE
"Neil2",TRUE
"Gata4",TRUE
"Gm49390",FALSE
"Gm5463",TRUE
"Blk",TRUE
"Fam167a",TRUE
"Tdh",TRUE
"Gm17232",TRUE
"Mtmr9",TRUE
"Gm15918",TRUE
"Xkr6",TRUE
"Pinx1",TRUE
"Sox7",TRUE
"4930578I06Rik",FALSE
"Rp1l1",FALSE
"Prss55",TRUE
"Prss51",TRUE
"4930471C04Rik",TRUE
"Prss52",TRUE
"Gm17116",TRUE
"9630015K15Rik",TRUE
"Msra",TRUE
"Gm47202",TRUE
"Mir124a-1hg",TRUE
"Kif13b",TRUE
"Hmbox1",TRUE
"Ints9",TRUE
"Extl3",TRUE
"Gm30008",TRUE
"Gm41177",TRUE
"Fzd3",TRUE
"Fbxo16",TRUE
"Gm48433",TRUE
"Gm48449",TRUE
"Zfp395",TRUE
"Pnoc",TRUE
"Elp3",TRUE
"Nuggc",TRUE
"Scara5",TRUE
"Pbk",TRUE
"Esco2",TRUE
"Ccdc25",TRUE
"Scara3",TRUE
"Clu",TRUE
"Gulo",TRUE
"Adam2",TRUE
"Ephx2",TRUE
"Chrna2",TRUE
"Ptk2b",TRUE
"1700001G11Rik",TRUE
"Trim35",TRUE
"Gm41183",FALSE
"Stmn4",TRUE
"Adra1a",TRUE
"Gm10032",TRUE
"Dpysl2",TRUE
"Gm5464",TRUE
"Pnma2",TRUE
"Bnip3l",TRUE
"Ppp2r2a",TRUE
"Gm30806",TRUE
"Gm20675",FALSE
"Ebf2",TRUE
"Gm6878",TRUE
"1700120O09Rik",TRUE
"4930438E09Rik",TRUE
"Gm10860",TRUE
"Gm38409",TRUE
"Gm20667",TRUE
"Cdca2",TRUE
"Kctd9",TRUE
"Gnrh1",TRUE
"Dock5",TRUE
"Gm31107",TRUE
"Nefm",TRUE
"Nefl",TRUE
"Gm47212",TRUE
"Gm31227",TRUE
"Adam7",TRUE
"Adamdec1",TRUE
"Adam28",TRUE
"Gm41192",TRUE
"Stc1",TRUE
"1700092C10Rik",FALSE
"Nkx2-6",FALSE
"Nkx3-1",FALSE
"Slc25a37",TRUE
"Gm27222",FALSE
"Gm27223",FALSE
"Synb",TRUE
"Gm16677",FALSE
"Entpd4",FALSE
"Gm27221",FALSE
"Gm16867",TRUE
"Gm27175",FALSE
"Gm27179",FALSE
"Gm27174",FALSE
"Entpd4b",FALSE
"Gm27176",FALSE
"Gm27177",FALSE
"Loxl2",TRUE
"R3hcc1",TRUE
"Chmp7",TRUE
"Tnfrsf10b",TRUE
"Rhobtb2",TRUE
"Pebp4",TRUE
"Gm33524",TRUE
"Egr3",TRUE
"Bin3",TRUE
"Ccar2",TRUE
"9930012K11Rik",TRUE
"Pdlim2",TRUE
"Sorbs3",TRUE
"Gm49417",TRUE
"Ppp3cc",TRUE
"Slc39a14",TRUE
"Piwil2",TRUE
"Polr3d",TRUE
"Phyhip",TRUE
"Bmp1",TRUE
"Sftpc",TRUE
"Lgi3",TRUE
"Reep4",TRUE
"Hr",TRUE
"Nudt18",TRUE
"Fam160b2",TRUE
"Dmtn",TRUE
"Fgf17",TRUE
"Npm2",TRUE
"Xpo7",TRUE
"Dok2",TRUE
"2410012E07Rik",TRUE
"Gfra2",TRUE
"Gm49289",TRUE
"Gm4251",TRUE
"4930429C20Rik",FALSE
"4930434J06Rik",TRUE
"Gm9195",TRUE
"Fndc3a",TRUE
"Gm16549",TRUE
"Gm49293",FALSE
"Gm41206",TRUE
"Cysltr2",TRUE
"Rcbtb2",TRUE
"Gm17233",TRUE
"Rb1",TRUE
"Lpar6",TRUE
"Itm2b",TRUE
"Med4",TRUE
"Nudt15",TRUE
"Sucla2",TRUE
"Gm21750",TRUE
"Gm49165",TRUE
"Gm49164",TRUE
"Gm49171",TRUE
"4933402J15Rik",TRUE
"Gm49175",TRUE
"Htr2a",TRUE
"Esd",TRUE
"Lrch1",TRUE
"Gm10847",TRUE
"Gm4278",TRUE
"Rubcnl",TRUE
"Lrrc63",TRUE
"Lcp1",TRUE
"Gm15628",FALSE
"Gm15629",TRUE
"Cpb2",TRUE
"Zc3h13",TRUE
"Gm49200",TRUE
"Siah3",TRUE
"Spert",FALSE
"Erich6b",TRUE
"Cog3",TRUE
"Slc25a30",TRUE
"Gm4285",TRUE
"Tpt1",TRUE
"Gtf2f2",TRUE
"Kctd4",TRUE
"Gpalpp1",TRUE
"Nufip1",TRUE
"2900040C04Rik",FALSE
"Tsc22d1",TRUE
"E130202H07Rik",TRUE
"Serp2",TRUE
"1700108F19Rik",TRUE
"4930431P22Rik",FALSE
"Gm30246",TRUE
"Gm48968",TRUE
"Gm48969",TRUE
"Lacc1",TRUE
"Ccdc122",TRUE
"Enox1",TRUE
"Gm49002",TRUE
"Gm6994",TRUE
"Gm49003",TRUE
"Gm30467",TRUE
"Gm1587",TRUE
"Dnajc15",TRUE
"Epsti1",TRUE
"Gm48954",TRUE
"Gm19301",TRUE
"Fam216b",TRUE
"Tnfsf11",TRUE
"Akap11",TRUE
"Dgkh",TRUE
"Vwa8",TRUE
"Gm49016",TRUE
"Gm49015",FALSE
"Gm4632",TRUE
"Zfp957",TRUE
"Rgcc",TRUE
"Naa16",TRUE
"Mtrf1",TRUE
"Kbtbd7",TRUE
"Kbtbd6",FALSE
"Wbp4",TRUE
"Elf1",TRUE
"Sugt1",TRUE
"Cnmd",TRUE
"Gm49042",TRUE
"4930452G13Rik",TRUE
"Pcdh8",TRUE
"Gm9748",TRUE
"Gm6999",TRUE
"Gm10845",TRUE
"Gm49542",TRUE
"Olfm4",TRUE
"Gm49046",TRUE
"Gm41219",FALSE
"Gm49048",FALSE
"Gm49054",FALSE
"Gm32455",TRUE
"Pcdh17",TRUE
"9630013A20Rik",TRUE
"Gm32729",TRUE
"4930529K09Rik",TRUE
"Gm32815",TRUE
"Gm32913",TRUE
"Diaph3",TRUE
"Tdrd3",TRUE
"Gm33203",TRUE
"Pcdh20",TRUE
"Gm41225",TRUE
"Gm48941",FALSE
"4930474H20Rik",TRUE
"Gm33246",TRUE
"Gm48942",FALSE
"4930433E05Rik",TRUE
"Pcdh9",TRUE
"Gm33450",TRUE
"Spertl",FALSE
"Klhl1",TRUE
"Gm49007",FALSE
"Gm33525",TRUE
"Dach1",TRUE
"Gm49018",TRUE
"Rpl36a-ps1",TRUE
"Mzt1",TRUE
"Bora",TRUE
"Dis3",TRUE
"Pibf1",TRUE
"Klf5",TRUE
"Gm41230",TRUE
"Gm49225",TRUE
"Klf12",TRUE
"4930517O19Rik",TRUE
"Gm41231",TRUE
"6330576A10Rik",TRUE
"Gm49237",FALSE
"Prr30",FALSE
"Tbc1d4",TRUE
"Commd6",TRUE
"Uchl3",TRUE
"Gm9922",TRUE
"Lmo7",TRUE
"Gm49292",TRUE
"Gm34589",TRUE
"Kctd12",TRUE
"4933432I03Rik",TRUE
"Gm34643",TRUE
"Acod1",FALSE
"Cln5",TRUE
"Fbxl3",TRUE
"Mycbp2",TRUE
"1700087I21Rik",TRUE
"Gm34907",TRUE
"Scel",TRUE
"Slain1",TRUE
"Slain1os",TRUE
"Ednrb",TRUE
"4930432J09Rik",TRUE
"D130079A08Rik",TRUE
"Pou4f1",TRUE
"Rnf219",TRUE
"D130009I18Rik",TRUE
"Rbm26",TRUE
"Gm17066",TRUE
"Ndfip2",TRUE
"5430440P10Rik",TRUE
"4930449E01Rik",TRUE
"Gm35909",TRUE
"9330188P03Rik",TRUE
"Gm6145",TRUE
"Gm10076",TRUE
"Gm48970",TRUE
"Spry2",TRUE
"Trim52",FALSE
"Gm48972",TRUE
"Gm36107",FALSE
"1700128A07Rik",TRUE
"Gm48977",TRUE
"Slitrk1",TRUE
"Slitrk6",TRUE
"Gm48992",TRUE
"Slitrk5",TRUE
"Tpm3-rs7",TRUE
"4930524C18Rik",TRUE
"Gm49010",FALSE
"1700100I10Rik",FALSE
"Gm31072",FALSE
"Mir17hg",TRUE
"Gpc5",TRUE
"4930505G20Rik",TRUE
"Gm20713",TRUE
"Gpc6",TRUE
"Dct",TRUE
"4930435M08Rik",FALSE
"Tgds",TRUE
"Gpr180",TRUE
"4933431J24Rik",FALSE
"Sox21",TRUE
"Gm4675",TRUE
"Gm9376",FALSE
"Gm32093",FALSE
"Gm26791",FALSE
"1700044C05Rik",FALSE
"Abcc4",TRUE
"Gm27198",TRUE
"Cldn10",TRUE
"Dzip1",TRUE
"Gm49179",TRUE
"Dnajc3",TRUE
"Gm49768",TRUE
"Uggt2",TRUE
"Gm16835",TRUE
"Hs6st3",TRUE
"1700006F04Rik",TRUE
"4930404K13Rik",TRUE
"Oxgr1",TRUE
"Gm4681",TRUE
"Gm48997",FALSE
"Mbnl2",TRUE
"Gm26679",TRUE
"Rap2a",TRUE
"Gm49008",TRUE
"Gm17613",FALSE
"Gm41253",FALSE
"Ipo5",TRUE
"Farp1",TRUE
"B930095G15Rik",TRUE
"Stk24",TRUE
"Gm33299",FALSE
"Slc15a1",TRUE
"Gm49035",FALSE
"Dock9",TRUE
"1810041H14Rik",TRUE
"Ubac2",TRUE
"Gpr18",TRUE
"Gpr183",TRUE
"Timm8a2",TRUE
"Gm49236",TRUE
"A330035P11Rik",TRUE
"Tm9sf2",TRUE
"Clybl",TRUE
"1700108J01Rik",TRUE
"Gm5089",TRUE
"Gm5089.1",TRUE
"Zic5",TRUE
"2610035F20Rik",TRUE
"Zic2",TRUE
"Gm10837",TRUE
"Pcca",TRUE
"Ggact",TRUE
"4930594M22Rik",TRUE
"Tmtc4",TRUE
"4930594M22Rik.1",TRUE
"Gm33906",TRUE
"Nalcn",TRUE
"Itgbl1",TRUE
"Fgf14",TRUE
"Gm28932",TRUE
"1700024B18Rik",TRUE
"4930404O17Rik",FALSE
"Gm49231",FALSE
"Selenop",TRUE
"Ccdc152",TRUE
"Ghr",TRUE
"Fbxo4",TRUE
"AW549877",TRUE
"Gm2093",TRUE
"BC037032",TRUE
"Oxct1",TRUE
"Gm15632",TRUE
"Plcxd3",TRUE
"C6",TRUE
"Mroh2b",TRUE
"C7",TRUE
"Card6",TRUE
"Rpl37",TRUE
"Prkaa1",TRUE
"Gm15938",TRUE
"Ttc33",TRUE
"Ptger4",TRUE
"Dab2",TRUE
"Gm16311",FALSE
"C9",TRUE
"Fyb",TRUE
"Gm2245",TRUE
"Rictor",TRUE
"Osmr",TRUE
"Lifr",TRUE
"Egflam",TRUE
"Gm16029",TRUE
"Gm49207",TRUE
"Gdnf",TRUE
"Wdr70",TRUE
"Nup155",TRUE
"Cplane1",TRUE
"Nipbl",TRUE
"Gm49247",TRUE
"Gm31282",TRUE
"Gm49249",TRUE
"Gm2310",TRUE
"Slc1a3",TRUE
"Ranbp3l",TRUE
"Nadk2",TRUE
"Skp2",TRUE
"Lmbrd2",TRUE
"Ugt3a1",TRUE
"Ugt3a2",TRUE
"Capsl",TRUE
"Il7r",TRUE
"Spef2",TRUE
"Prlr",TRUE
"Agxt2",TRUE
"Dnajc21",TRUE
"Brix1",TRUE
"Rad1",TRUE
"Ttc23l",TRUE
"Rai14",TRUE
"Gm10389",TRUE
"4930556M19Rik",TRUE
"Gm19276",TRUE
"C1qtnf3",TRUE
"Amacr",TRUE
"Slc45a2",TRUE
"Rxfp3",TRUE
"Adamts12",TRUE
"Tars",TRUE
"Gm49106",TRUE
"Gm49107",FALSE
"Gm41271",TRUE
"Npr3",TRUE
"Gm5144",FALSE
"1700047G03Rik",TRUE
"Sub1",TRUE
"Gm34759",TRUE
"Zfr",TRUE
"Gm49240",TRUE
"Mtmr12",TRUE
"1810049J17Rik",TRUE
"Golph3",TRUE
"Pdzd2",TRUE
"6030458C11Rik",TRUE
"Drosha",TRUE
"Cdh6",TRUE
"Gm49113",TRUE
"Gm49116",TRUE
"4930557F08Rik",TRUE
"Gm41276",FALSE
"Gm49126",TRUE
"Cdh9",TRUE
"Gm49127",TRUE
"Gm49128",TRUE
"Gm41277",FALSE
"4921515E04Rik",TRUE
"C030047K22Rik",TRUE
"Cdh10",TRUE
"Gm35496",TRUE
"Gm49160",FALSE
"Gm49162",TRUE
"Gm49166",TRUE
"Gm49685",TRUE
"Cdh12",TRUE
"Acot10",TRUE
"Cdh18",TRUE
"Gm49191",TRUE
"Gm49729",TRUE
"Gm35769",TRUE
"Gm2824",TRUE
"Gm35996",TRUE
"9230109A22Rik",TRUE
"4930445E18Rik",TRUE
"Basp1",TRUE
"Gm5468",TRUE
"Gm48956",TRUE
"Gm48957",TRUE
"Gm36642",TRUE
"Myo10",TRUE
"Retreg1",TRUE
"Zfp622",TRUE
"Gm41279",TRUE
"March11",TRUE
"Fbxl7",TRUE
"Gm49267",TRUE
"Gm36899",TRUE
"Ank",TRUE
"Otulin",TRUE
"Otulinl",TRUE
"Trio",TRUE
"Gm31458",TRUE
"Gm49233",FALSE
"Dnah5",TRUE
"Ctnnd2",TRUE
"4930570B17Rik",TRUE
"9630009A06Rik",TRUE
"4930430F21Rik",TRUE
"Dap",TRUE
"Ankrd33b",TRUE
"Ropn1l",TRUE
"Gm49208",TRUE
"March6",TRUE
"Gm49216",TRUE
"Cmbl",TRUE
"Cct5",TRUE
"Atpsckmt",TRUE
"Tas2r119",FALSE
"4930518I17Rik",FALSE
"Snhg18",TRUE
"Sema5a",TRUE
"4930465K09Rik",TRUE
"Gm41289",TRUE
"Gm32618",TRUE
"Sdc2",TRUE
"Gm32764",TRUE
"Cpq",TRUE
"4930592A05Rik",TRUE
"Tspyl5",TRUE
"Gm41290",TRUE
"Mtdh",TRUE
"Laptm4b",TRUE
"Matn2",TRUE
"9430069I07Rik",TRUE
"Rpl30",TRUE
"Erich5",TRUE
"Rida",TRUE
"Pop1",TRUE
"Nipal2",TRUE
"4930413F20Rik",TRUE
"Kcns2",TRUE
"Stk3",TRUE
"Gm33497",TRUE
"Osr2",FALSE
"BC048602",TRUE
"Gm48960",TRUE
"Vps13b",TRUE
"Cox6c",TRUE
"Rgs22",TRUE
"Fbxo43",TRUE
"Polr2k",TRUE
"Spag1",TRUE
"Gm41293",TRUE
"Rnf19a",TRUE
"Gm33936",TRUE
"Gm34150",FALSE
"Gm34093",TRUE
"Gm49224",TRUE
"Ankrd46",TRUE
"Snx31",TRUE
"Pabpc1",TRUE
"Gm49262",FALSE
"Gm46515",TRUE
"Gm10385",TRUE
"Gm49263",FALSE
"Ywhaz",TRUE
"Gm49282",TRUE
"Gm10384",TRUE
"Gm41300",TRUE
"Gm34590",TRUE
"Zfp706",TRUE
"Gm26766",TRUE
"Gm16136",FALSE
"Grhl2",TRUE
"Gm16137",FALSE
"Ncald",TRUE
"Gm28221",TRUE
"Gm15941",TRUE
"4930447A16Rik",TRUE
"Gm15942",TRUE
"Gm15940",TRUE
"Gm35019",TRUE
"Rrm2b",TRUE
"Gm49085",TRUE
"Ubr5",TRUE
"Gm49312",TRUE
"Gm35167",TRUE
"Odf1",FALSE
"Gm49313",TRUE
"Klf10",TRUE
"Gm35248",TRUE
"Gm41307",TRUE
"G930009F23Rik",TRUE
"Azin1",TRUE
"Gm49077",TRUE
"2310043O21Rik",TRUE
"1100001I12Rik",TRUE
"Atp6v1c1",TRUE
"Gm45924",TRUE
"Gm49097",TRUE
"Baalc",TRUE
"Gm26704",TRUE
"Fzd6",TRUE
"Gm49786",TRUE
"Cthrc1",TRUE
"Slc25a32",TRUE
"Dcaf13",TRUE
"Rims2",TRUE
"Dcstamp",TRUE
"Dpys",TRUE
"Gm16291",TRUE
"Lrp12",TRUE
"AU022793",TRUE
"Gm33251",TRUE
"9330182O14Rik",FALSE
"Gm33301",TRUE
"Gm41311",TRUE
"Gm16294",TRUE
"Zfpm2",TRUE
"Oxr1",TRUE
"Gm26854",TRUE
"Abra",TRUE
"Gm49439",TRUE
"Gm49441",TRUE
"Gm49452",TRUE
"Angpt1",TRUE
"Gm17473",TRUE
"Rspo2",TRUE
"Eif3e",TRUE
"Gm49271",TRUE
"Gm10373",TRUE
"Emc2",TRUE
"Tmem74",TRUE
"Trhr",TRUE
"Nudcd1",TRUE
"Eny2",TRUE
"Pkhd1l1",TRUE
"Ebag9",TRUE
"Sybu",TRUE
"Kcnv1",TRUE
"1700022A22Rik",TRUE
"4930523O13Rik",TRUE
"4930548G14Rik",FALSE
"Csmd3",TRUE
"Gm41318",FALSE
"Gm49198",TRUE
"Trps1",TRUE
"Gm48913",TRUE
"Gm19303",TRUE
"Gm34562",TRUE
"Eif3h",TRUE
"Utp23",TRUE
"Gm34678",TRUE
"Gm48923",TRUE
"Rad21",TRUE
"Aard",TRUE
"Slc30a8",TRUE
"Gm41322",FALSE
"Med30",TRUE
"Gm34794",TRUE
"Ext1",TRUE
"Samd12",TRUE
"1700015H07Rik",TRUE
"Gm7489",TRUE
"Tnfrsf11b",TRUE
"Colec10",TRUE
"Mal2",TRUE
"Ccn3",TRUE
"Enpp2",TRUE
"Gm26684",TRUE
"4930478E11Rik",FALSE
"Taf2",TRUE
"Dscc1",TRUE
"Gm41325",TRUE
"Gm9920",TRUE
"Deptor",TRUE
"Col14a1",TRUE
"1700040F17Rik",FALSE
"Gm49257",TRUE
"Mrpl13",TRUE
"Mtbp",TRUE
"Sntb1",TRUE
"Gm46516",TRUE
"Gm49211",FALSE
"Gm49212",FALSE
"Has2",TRUE
"Has2os",TRUE
"Gm2582",TRUE
"Slc22a22",TRUE
"Zhx2",TRUE
"Gm16006",TRUE
"9330154K18Rik",TRUE
"Derl1",TRUE
"Tbc1d31",TRUE
"Fam83a",TRUE
"9130401M01Rik",TRUE
"Gm29394",TRUE
"Zhx1",TRUE
"Atad2",TRUE
"Wdyhv1",TRUE
"Fbxo32",TRUE
"Gm15943",TRUE
"Klhl38",TRUE
"Anxa13",TRUE
"Gm2675",TRUE
"Fam91a1",TRUE
"Fer1l6",TRUE
"Gm20712",TRUE
"Tmem65",TRUE
"Trmt12",TRUE
"Rnf139",TRUE
"Tatdn1",TRUE
"Ndufb9",TRUE
"Mtss1",TRUE
"4930544F09Rik",TRUE
"Gm36617",TRUE
"Sqle",TRUE
"Washc5",TRUE
"Nsmce2",TRUE
"Gm36677",TRUE
"Trib1",TRUE
"Gm19510",FALSE
"4933412E24Rik",FALSE
"Gm2682",TRUE
"Gm48946",FALSE
"Lratd2",TRUE
"9930014A18Rik",TRUE
"A1bg",TRUE
"4930402D18Rik",TRUE
"Gm38563",TRUE
"Gm49497",TRUE
"Gm29904",TRUE
"Gm49498",FALSE
"D030024E09Rik",TRUE
"Myc",TRUE
"Pvt1",TRUE
"Gm41333",TRUE
"Gm30159",TRUE
"Gm41335",TRUE
"Gm49014",TRUE
"4930449C09Rik",TRUE
"Gm41336",FALSE
"Gm49019",FALSE
"Gsdmc",TRUE
"Gsdmc2",FALSE
"Gsdmc3",FALSE
"Gsdmc4",TRUE
"Fam49b",TRUE
"Asap1",TRUE
"Gm20717",TRUE
"1700010G06Rik",TRUE
"Gm30563",TRUE
"Gm30691",TRUE
"Adcy8",TRUE
"Gm21798",TRUE
"Gm21961",TRUE
"Efr3a",TRUE
"Gm20405",FALSE
"Oc90",TRUE
"Hhla1",TRUE
"Kcnq3",TRUE
"Gm27153",TRUE
"Gm27242",TRUE
"Gm30929",TRUE
"Lrrc6",TRUE
"Tmem71",TRUE
"Phf20l1",TRUE
"Tg",TRUE
"Gm17140",FALSE
"Sla",TRUE
"Ccn4",TRUE
"Ndrg1",TRUE
"Gm17035",TRUE
"Gm2895",TRUE
"Gm31342",TRUE
"St3gal1",TRUE
"1700012I11Rik",TRUE
"Zfat",TRUE
"Gm26621",TRUE
"Gm20732",TRUE
"Gm49415",FALSE
"Gm7125",TRUE
"Khdrbs3",TRUE
"Gm49422",TRUE
"4930504C09Rik",FALSE
"Gm19782",TRUE
"Fam135b",TRUE
"Col22a1",TRUE
"Gm16308",TRUE
"Gm49457",TRUE
"Kcnk9",TRUE
"Gm49460",TRUE
"Trappc9",TRUE
"Peg13",TRUE
"Chrac1",TRUE
"Ago2",TRUE
"Ptk2",TRUE
"1700085D07Rik",TRUE
"Gm49066",TRUE
"Dennd3",TRUE
"Slc45a4",TRUE
"1700010B13Rik",TRUE
"Gpr20",TRUE
"Ptp4a3",TRUE
"Mroh5",TRUE
"Gm6569",TRUE
"Gm32405",TRUE
"Adgrb1",TRUE
"Mroh4",TRUE
"Arc",TRUE
"Jrk",TRUE
"4933427E11Rik",TRUE
"Psca",FALSE
"Them6",TRUE
"Slurp1",TRUE
"Lypd2",FALSE
"Slurp2",FALSE
"Lynx1",TRUE
"Ly6d",FALSE
"Ly6g6g",FALSE
"Gm17189",FALSE
"Ly6k",FALSE
"Gml",FALSE
"Gml2",TRUE
"Cyp11b1",FALSE
"Cyp11b2",FALSE
"Ly6m",TRUE
"Gm39556",TRUE
"Ly6e",TRUE
"Ly6i",FALSE
"Ly6a",TRUE
"Gm28068",TRUE
"Ly6c1",TRUE
"Gm28502",TRUE
"Ly6c2",FALSE
"Ly6g",FALSE
"Ly6g2",FALSE
"Ly6f",FALSE
"Ly6l",FALSE
"Ly6h",TRUE
"Gpihbp1",TRUE
"Zfp41",TRUE
"Gm46519",TRUE
"Top1mt",TRUE
"Gm15945",TRUE
"Rhpn1",TRUE
"Mafa",TRUE
"Zc3h3",TRUE
"Gsdmd",TRUE
"Mroh6",FALSE
"Naprt",TRUE
"Eef1d",TRUE
"Tigd5",TRUE
"Pycrl",TRUE
"Tsta3",TRUE
"Zfp623",TRUE
"Zfp707",TRUE
"Ccdc166",TRUE
"Mapk15",TRUE
"Fam83h",TRUE
"Iqank1",TRUE
"Scrib",TRUE
"Puf60",TRUE
"Gm48952",TRUE
"Nrbp2",TRUE
"Gm41349",TRUE
"Eppk1",TRUE
"BC024139",TRUE
"Plec",TRUE
"Parp10",TRUE
"Grina",TRUE
"Mirt2",FALSE
"Spatc1",TRUE
"Smpd5",TRUE
"Oplah",TRUE
"Exosc4",TRUE
"Gpaa1",TRUE
"Cyc1",TRUE
"Sharpin",TRUE
"Maf1",TRUE
"Gm35339",TRUE
"Hgh1",TRUE
"Tssk5",TRUE
"Mroh1",TRUE
"Bop1",TRUE
"Scx",TRUE
"Hsf1",TRUE
"Dgat1",TRUE
"Scrt1",TRUE
"Tmem249",TRUE
"Fbxl6",TRUE
"Slc52a2",TRUE
"Adck5",TRUE
"Cpsf1",TRUE
"Slc39a4",TRUE
"Vps28",TRUE
"Tonsl",TRUE
"Cyhr1",TRUE
"Kifc2",TRUE
"Foxh1",FALSE
"Ppp1r16a",TRUE
"Gpt",TRUE
"Mfsd3",TRUE
"Recql4",TRUE
"Lrrc14",TRUE
"Lrrc24",TRUE
"C030006K11Rik",TRUE
"Arhgap39",TRUE
"Zfp251",TRUE
"Zfp7",TRUE
"Gm49527",TRUE
"Commd5",TRUE
"Rpl8",TRUE
"Zfp647",TRUE
"1110038F14Rik",TRUE
"Gm35933",TRUE
"Gm49540",FALSE
"Mb",TRUE
"Apol6",TRUE
"Rbfox2",TRUE
"1700109K24Rik",TRUE
"Apol7a",TRUE
"Gm20688",FALSE
"Apol9a",TRUE
"Apol7b",TRUE
"4930571N24Rik",TRUE
"Apol10a",FALSE
"Apol11a",FALSE
"Apol7c",FALSE
"1700025B11Rik",FALSE
"Apol10b",FALSE
"Gm36245",FALSE
"Apol11b",FALSE
"Apol7e",FALSE
"Gm36329",FALSE
"Apol9b",TRUE
"Apol8",TRUE
"Myh9",TRUE
"Txn2",TRUE
"Foxred2",TRUE
"Eif3d",TRUE
"Gm17638",TRUE
"Cacng2",TRUE
"A730060N03Rik",TRUE
"Ift27",TRUE
"Gm49694",TRUE
"Pvalb",TRUE
"Ncf4",TRUE
"Csf2rb2",TRUE
"Csf2rb",TRUE
"Tex33",TRUE
"Gm49481",FALSE
"Tst",TRUE
"Mpst",TRUE
"Gm36644",FALSE
"Kctd17",TRUE
"Tmprss6",TRUE
"Il2rb",TRUE
"C1qtnf6",TRUE
"Gm49490",FALSE
"Sstr3",TRUE
"Rac2",TRUE
"Gm36738",TRUE
"Cyth4",TRUE
"Elfn2",TRUE
"1700041B01Rik",TRUE
"Mfng",TRUE
"Card10",TRUE
"Cdc42ep1",TRUE
"Lgals2",TRUE
"Gm26634",TRUE
"Gga1",TRUE
"Sh3bp1",TRUE
"1700027A07Rik",TRUE
"Pdxp",TRUE
"Lgals1",TRUE
"Nol12",TRUE
"Triobp",TRUE
"Gm10865",TRUE
"Gm17753",TRUE
"Gm49544",FALSE
"H1f0",TRUE
"Gcat",TRUE
"Galr3",FALSE
"Gm3924",TRUE
"Ankrd54",TRUE
"Eif3l",TRUE
"Micall1",TRUE
"1700088E04Rik",TRUE
"Polr2f",TRUE
"Sox10",TRUE
"Gm10863",TRUE
"Pick1",TRUE
"Slc16a8",TRUE
"Baiap2l2",TRUE
"Pla2g6",TRUE
"Gm20420",TRUE
"Maff",TRUE
"Tmem184b",TRUE
"Csnk1e",TRUE
"Gm16059",TRUE
"Kcnj4",TRUE
"Kdelr3",TRUE
"Ddx17",TRUE
"Dmc1",TRUE
"Fam227a",TRUE
"Cby1",TRUE
"Tomm22",TRUE
"Josd1",TRUE
"Gtpbp1",TRUE
"Sun2",TRUE
"Gm16575",TRUE
"Gm16576",TRUE
"Dnal4",TRUE
"Nptxr",TRUE
"Cbx6",TRUE
"Gm10856",TRUE
"AC113595.1",TRUE
"Apobec3",TRUE
"Cbx7",TRUE
"Pdgfb",TRUE
"Gm41361",TRUE
"Rpl3",TRUE
"Syngr1",TRUE
"Tab1",TRUE
"Mgat3",TRUE
"Mief1",TRUE
"AC140267.1",FALSE
"Atf4",TRUE
"Rps19bp1",TRUE
"Cacna1i",TRUE
"Gm31369",TRUE
"Enthd1",TRUE
"Grap2",TRUE
"Fam83f",TRUE
"A430088P11Rik",TRUE
"Tnrc6b",TRUE
"Gm49512",TRUE
"Adsl",TRUE
"Sgsm3",TRUE
"Gm31462",TRUE
"Mrtfa",TRUE
"4930483J18Rik",TRUE
"Mchr1",TRUE
"8430426J06Rik",TRUE
"Slc25a17",TRUE
"St13",TRUE
"Xpnpep3",TRUE
"Dnajb7",TRUE
"Gm17025",TRUE
"Rbx1",TRUE
"Ep300",TRUE
"L3mbtl2",TRUE
"Chadl",TRUE
"Rangap1",TRUE
"Zc3h7b",TRUE
"Gm17597",TRUE
"Tef",TRUE
"Tob2",TRUE
"Gm49476",FALSE
"Phf5a",TRUE
"Aco2",TRUE
"Polr3h",TRUE
"Csdc2",TRUE
"Pmm1",TRUE
"1700029P11Rik",FALSE
"Xrcc6",TRUE
"Desi1",TRUE
"Snu13",TRUE
"4930407I10Rik",FALSE
"Mei1",TRUE
"Ccdc134",TRUE
"Srebf2",TRUE
"Shisa8",TRUE
"Tnfrsf13c",TRUE
"Gm49503",TRUE
"Cenpm",TRUE
"1500009C09Rik",TRUE
"Sept3",TRUE
"Wbp2nl",TRUE
"Naga",TRUE
"Pheta2",TRUE
"Smdt1",TRUE
"Ndufa6",TRUE
"Cyp2d22",TRUE
"Cyp2d11",TRUE
"Cyp2d10",FALSE
"Cyp2d9",FALSE
"Cyp2d12",FALSE
"Cyp2d34",FALSE
"Gm49431",TRUE
"Cyp2d40",TRUE
"Cyp2d26",TRUE
"Tcf20",TRUE
"Gm20324",TRUE
"Gm29019",TRUE
"Nfam1",TRUE
"Serhl",TRUE
"Gm17206",TRUE
"Rrp7a",TRUE
"Poldip3",TRUE
"Cyb5r3",TRUE
"Gm49463",TRUE
"7530414M10Rik",TRUE
"A4galt",TRUE
"Arfgap3",TRUE
"1700001L05Rik",TRUE
"Pacsin2",TRUE
"Ttll1",TRUE
"Bik",TRUE
"Mcat",TRUE
"Tspo",TRUE
"Ttll12",TRUE
"Scube1",TRUE
"Mpped1",TRUE
"Efcab6",TRUE
"Sult4a1",TRUE
"Gm46526",TRUE
"Pnpla5",TRUE
"Gm33432",FALSE
"Pnpla3",TRUE
"Samm50",TRUE
"Parvb",TRUE
"Parvg",TRUE
"Shisal1",TRUE
"Rtl6",TRUE
"Gm34095",FALSE
"Prr5",TRUE
"Gm20556",FALSE
"Arhgap8",TRUE
"Phf21b",TRUE
"4930513L16Rik",TRUE
"Gm29666",TRUE
"Nup50",TRUE
"5031439G07Rik",TRUE
"Upk3a",TRUE
"Fam118a",TRUE
"Smc1b",TRUE
"Ribc2",TRUE
"Gm19277",FALSE
"Fbln1",TRUE
"Atxn10",TRUE
"7530416G11Rik",TRUE
"Wnt7b",TRUE
"AU022754",TRUE
"Gm49539",TRUE
"Lncppara",TRUE
"Ppara",TRUE
"Cdpf1",TRUE
"Pkdrej",TRUE
"Ttc38",TRUE
"Gtse1",TRUE
"Gm49548",TRUE
"Trmu",TRUE
"Celsr1",TRUE
"Gramd4",TRUE
"Gm15722",TRUE
"Cerk",TRUE
"Gm15569",TRUE
"Tbc1d22a",TRUE
"A930001M01Rik",TRUE
"Gm49464",TRUE
"4930543I03Rik",TRUE
"Gm49466",FALSE
"Gm49468",FALSE
"Gm49469",FALSE
"Gm49470",TRUE
"A930027H12Rik",TRUE
"Tafa5",TRUE
"Gm49472",TRUE
"Gm35772",FALSE
"4930445N06Rik",TRUE
"B230214G05Rik",TRUE
"Zdhhc25",FALSE
"Brd1",TRUE
"Zbed4",TRUE
"Alg12",TRUE
"Creld2",TRUE
"Pim3",TRUE
"Gm20621",TRUE
"Ttll8",TRUE
"Mlc1",TRUE
"Mov10l1",TRUE
"Panx2",TRUE
"1810021B22Rik",TRUE
"Trabd",TRUE
"Selenoo",TRUE
"Tubgcp6",TRUE
"Hdac10",TRUE
"Mapk12",TRUE
"Mapk11",TRUE
"Plxnb2",TRUE
"Dennd6b",TRUE
"Ppp6r2",TRUE
"Sbf1",TRUE
"Adm2",FALSE
"Miox",FALSE
"Lmf2",TRUE
"Ncaph2",TRUE
"Sco2",TRUE
"Odf3b",TRUE
"Klhdc7b",FALSE
"Syce3",TRUE
"Cpt1b",TRUE
"Chkb",TRUE
"C730034F03Rik",TRUE
"Mapk8ip2",TRUE
"Arsa",TRUE
"C230037L18Rik",TRUE
"AC137513.1",TRUE
"Shank3",TRUE
"Gm15609",TRUE
"Acr",TRUE
"Rabl2",TRUE
"Syt10",TRUE
"Gm36330",FALSE
"Alg10b",TRUE
"Gm36480",TRUE
"Cpne8",TRUE
"Gm36618",TRUE
"Kif21a",TRUE
"Abcd2",TRUE
"CN725425",TRUE
"Slc2a13",TRUE
"4933438A12Rik",FALSE
"Lrrk2",TRUE
"Smgc",FALSE
"Muc19",TRUE
"Cntn1",TRUE
"Gm26760",TRUE
"Pdzrn4",TRUE
"4930588J15Rik",TRUE
"Gm49418",TRUE
"Gm30085",TRUE
"Gm49420",FALSE
"Gxylt1",TRUE
"Yaf2",TRUE
"Zcrb1",TRUE
"Pphln1",TRUE
"Prickle1",TRUE
"Gm41386",FALSE
"Gm30339",TRUE
"Gm49445",TRUE
"9430014N10Rik",TRUE
"Gm30564",TRUE
"Adamts20",TRUE
"Pus7l",TRUE
"Irak4",TRUE
"Twf1",TRUE
"Tmem117",TRUE
"Nell2",TRUE
"1700129L04Rik",TRUE
"Dbx2",TRUE
"Gm49169",TRUE
"Gm6961",FALSE
"A130051J06Rik",TRUE
"Ano6",TRUE
"Gm49173",TRUE
"Gm17546",TRUE
"Gm49172",TRUE
"D030018L15Rik",TRUE
"2610037D02Rik",TRUE
"4833422M21Rik",TRUE
"Arid2",TRUE
"Scaf11",TRUE
"Gm41392",FALSE
"Gm41392.1",FALSE
"Slc38a1",TRUE
"Slc38a2",TRUE
"Slc38a4",TRUE
"Gm32885",TRUE
"Amigo2",TRUE
"Pced1b",TRUE
"Rpap3",TRUE
"Endou",TRUE
"Rapgef3",TRUE
"Rapgef3os1",TRUE
"Rapgef3os2",TRUE
"Slc48a1",TRUE
"Hdac7",TRUE
"Vdr",TRUE
"Tmem106c",TRUE
"Col2a1",TRUE
"Senp1",TRUE
"Pfkm",TRUE
"Gm26513",TRUE
"Asb8",TRUE
"Ccdc184",TRUE
"Olfr288",TRUE
"Olfr287",TRUE
"Olfr286",TRUE
"H1fnt",FALSE
"Zfp641",TRUE
"Olfr285",TRUE
"Olfr284",FALSE
"Olfr283",FALSE
"Olfr282",TRUE
"Olfr281",FALSE
"OR5BS1P",FALSE
"Lalba",FALSE
"Olfr279",TRUE
"Kansl2",TRUE
"Ccnt1",TRUE
"9330020H09Rik",TRUE
"4930415O20Rik",TRUE
"Adcy6",TRUE
"Gm29331",TRUE
"Cacnb3",TRUE
"Ddx23",TRUE
"Rnd1",TRUE
"Gm34152",FALSE
"Ccdc65",TRUE
"Fkbp11",TRUE
"Arf3",TRUE
"Wnt10b",TRUE
"Wnt1",TRUE
"Ddn",TRUE
"B130046B21Rik",TRUE
"Prkag1",TRUE
"Kmt2d",TRUE
"5730414N17Rik",TRUE
"Rhebl1",TRUE
"Dhh",TRUE
"Gm49442",FALSE
"Lmbr1l",TRUE
"Tuba1b",TRUE
"Gm41396",TRUE
"Tuba1a",TRUE
"4930578M01Rik",TRUE
"Tuba1c",TRUE
"Prph",TRUE
"Gm34284",TRUE
"Troap",TRUE
"C1ql4",TRUE
"Dnajc22",FALSE
"Spats2",TRUE
"Kcnh3",TRUE
"Mcrs1",TRUE
"1700120C14Rik",TRUE
"Fam186b",TRUE
"Prpf40b",TRUE
"Fmnl3",TRUE
"Tmbim6",TRUE
"Nckap5l",TRUE
"Nckap5los",TRUE
"Gm49484",TRUE
"Bcdin3d",TRUE
"Faim2",TRUE
"Aqp2",FALSE
"Aqp5",TRUE
"Aqp6",FALSE
"Racgap1",TRUE
"Asic1",TRUE
"Smarcd1",TRUE
"Gm17349",TRUE
"Gm34939",TRUE
"Gm16537",TRUE
"Gpd1",TRUE
"Cox14",TRUE
"Cers5",TRUE
"Gm17058",TRUE
"Lima1",TRUE
"Gm17057",TRUE
"Gm49494",TRUE
"Fam186a",TRUE
"Gm21917",TRUE
"Larp4",TRUE
"2310068J16Rik",TRUE
"Dip2b",TRUE
"4930478M13Rik",TRUE
"Gm49475",TRUE
"Atf1",TRUE
"Tmprss12",TRUE
"Mettl7a1",TRUE
"Mettl7a3",TRUE
"Mettl7a2",TRUE
"Higd1c",TRUE
"Slc11a2",TRUE
"Gm5475",TRUE
"5330439K02Rik",TRUE
"Letmd1",TRUE
"Csrnp2",TRUE
"Tfcp2",TRUE
"Pou6f1",TRUE
"Gm27209",TRUE
"Gm49492",TRUE
"1110013H19Rik",TRUE
"C330013E15Rik",TRUE
"Dazap2",TRUE
"Smagp",TRUE
"Bin2",TRUE
"Cela1",TRUE
"Galnt6",TRUE
"Galnt6os",TRUE
"I730030J21Rik",TRUE
"Slc4a8",TRUE
"Gm35569",TRUE
"Scn8a",TRUE
"Gm47841",FALSE
"Fignl2",TRUE
"Ankrd33",FALSE
"Acvrl1",TRUE
"Gm16031",TRUE
"Acvr1b",TRUE
"A330009N23Rik",TRUE
"AU021063",FALSE
"Grasp",TRUE
"Nr4a1",TRUE
"Atg101",TRUE
"Smim41",TRUE
"Gm35853",TRUE
"Krt80",TRUE
"Gm671",TRUE
"Krt7",TRUE
"Krt87",FALSE
"Krt88",FALSE
"Krt81",FALSE
"Krt86",FALSE
"Gm49501",FALSE
"Krt83",FALSE
"Gm49425",FALSE
"Krt84",FALSE
"Krt82",FALSE
"Krt90",FALSE
"Krt75",FALSE
"Gm5414",FALSE
"Gm5478",FALSE
"Krt6b",FALSE
"Krt6a",FALSE
"Gm49428",FALSE
"Krt5",FALSE
"Krt71",FALSE
"Krt72",FALSE
"Krt73",TRUE
"Krt2",TRUE
"Krt1",TRUE
"Krt77",TRUE
"Krt76",FALSE
"Krt4",FALSE
"Krt79",FALSE
"Krt78",FALSE
"Krt8",TRUE
"Gm36026",FALSE
"Krt18",TRUE
"Eif4b",TRUE
"Tns2",TRUE
"Spryd3",TRUE
"Igfbp6",TRUE
"Soat2",TRUE
"Csad",TRUE
"Zfp740",TRUE
"Itgb7",TRUE
"Rarg",TRUE
"Gm9918",FALSE
"Mfsd5",TRUE
"Gm49479",TRUE
"Espl1",TRUE
"Pfdn5",TRUE
"Myg1",TRUE
"Aaas",TRUE
"Gm36246",TRUE
"Sp7",TRUE
"Sp1",TRUE
"Amhr2",TRUE
"Prr13",TRUE
"Pcbp2",TRUE
"Map3k12",TRUE
"Gm10337",TRUE
"Tarbp2",TRUE
"Npff",TRUE
"Atf7",TRUE
"Gm4544",TRUE
"Atp5g2",TRUE
"Calcoco1",TRUE
"Gm36560",TRUE
"Hoxc13",FALSE
"Hoxc12",FALSE
"Hotair",FALSE
"Hoxc11",FALSE
"Hoxc10",FALSE
"Hoxc5",FALSE
"Hoxc9",FALSE
"Hoxc8",FALSE
"Hoxc6",FALSE
"Hoxc4",FALSE
"Gm28876",TRUE
"Gm10830",FALSE
"Gm28265",FALSE
"D930007P13Rik",TRUE
"Gm49477",TRUE
"Smug1",TRUE
"Cbx5",TRUE
"Hnrnpa1",TRUE
"Nfe2",TRUE
"Copz1",TRUE
"Gm49482",TRUE
"Gpr84",TRUE
"Zfp385a",TRUE
"Itga5",TRUE
"Gtsf1",TRUE
"Gtsf2",TRUE
"Nckap1l",TRUE
"Pde1b",TRUE
"Ppp1r1a",TRUE
"Glycam1",TRUE
"Gm49272",TRUE
"Mucl1",FALSE
"Mucl2",TRUE
"Gm35912",FALSE
"Gm49504",FALSE
"Gm49507",TRUE
"Gm35974",TRUE
"Olfr161",FALSE
"Mefv",FALSE
"Zfp263",TRUE
"Gm41409",TRUE
"Olfr15",TRUE
"Zfp174",TRUE
"Zfp597",TRUE
"Naa60",TRUE
"1700037C18Rik",TRUE
"Cluap1",TRUE
"Gm15537",TRUE
"Nlrc3",TRUE
"Slx4",TRUE
"Gm15879",TRUE
"Dnase1",TRUE
"Trap1",TRUE
"Crebbp",TRUE
"Adcy9",TRUE
"Srl",TRUE
"Tfap4",TRUE
"Glis2",TRUE
"Pam16",TRUE
"Coro7",TRUE
"Vasn",TRUE
"Dnaja3",TRUE
"Nmral1",TRUE
"Hmox2",TRUE
"Gm15859",TRUE
"Cdip1",TRUE
"Gm15835",TRUE
"4930562C15Rik",TRUE
"Ubald1",TRUE
"Mgrn1",TRUE
"Gm16861",TRUE
"Nudt16l1",TRUE
"Anks3",TRUE
"Sept12",FALSE
"Smim22",TRUE
"Gm42477",TRUE
"Rogdi",TRUE
"Glyr1",TRUE
"Ubn1",TRUE
"Ppl",TRUE
"Sec14l5",TRUE
"Nagpa",TRUE
"AU021092",TRUE
"Alg1",TRUE
"Eef2kmt",TRUE
"Gm15983",TRUE
"Gm41414",TRUE
"Rbfox1",TRUE
"1700123O21Rik",TRUE
"Gm49534",FALSE
"Tmem114",TRUE
"Mettl22",TRUE
"Abat",TRUE
"Tmem186",TRUE
"Pmm2",TRUE
"Carhsp1",TRUE
"Gm5767",TRUE
"Usp7",TRUE
"1810013L24Rik",TRUE
"Gm30371",TRUE
"Gm30567",FALSE
"Gm49448",TRUE
"Gm49451",TRUE
"Grin2a",TRUE
"Rpl39l",FALSE
"Gm49455",TRUE
"Atf7ip2",TRUE
"Emp2",TRUE
"Gm1600",FALSE
"Tekt5",TRUE
"Nubp1",TRUE
"Tvp23a",TRUE
"Ciita",TRUE
"Dexi",TRUE
"Clec16a",TRUE
"Gm15558",TRUE
"Socs1",TRUE
"Tnp2",TRUE
"Prm3",FALSE
"Prm2",TRUE
"Prm1",TRUE
"Gm46563",TRUE
"Gm11172",FALSE
"Gm26822",TRUE
"Rmi2",TRUE
"Gm21859",TRUE
"Litaf",TRUE
"Gm10832",TRUE
"Snn",TRUE
"Txndc11",TRUE
"Zc3h7a",TRUE
"4930509G22Rik",TRUE
"Rsl1d1",TRUE
"2610020C07Rik",TRUE
"Gspt1",TRUE
"Tnfrsf17",TRUE
"Snx29",TRUE
"Gm4279",TRUE
"4833415N18Rik",TRUE
"Cpped1",TRUE
"Gm9961",TRUE
"Shisa9",TRUE
"4930414F18Rik",TRUE
"Gm38619",TRUE
"Gm38619.1",FALSE
"1700003L19Rik",TRUE
"Ercc4",TRUE
"Mrtfb",TRUE
"Gm15738",TRUE
"Gm32817",TRUE
"2310015D24Rik",TRUE
"Parn",TRUE
"Bfar",TRUE
"3110001I22Rik",TRUE
"Pla2g10",TRUE
"Pla2g10os",TRUE
"Gm49432",FALSE
"Rrn3",TRUE
"Ntan1",TRUE
"Pdxdc1",TRUE
"Mpv17l",TRUE
"Ifitm7",TRUE
"Bmerb1",TRUE
"Marf1",TRUE
"Nde1",TRUE
"Myh11",TRUE
"Fopnl",TRUE
"Gm15868",TRUE
"Abcc1",TRUE
"A630010A05Rik",TRUE
"Snai2",TRUE
"Gm33696",TRUE
"Efcab1",TRUE
"Gm21897",TRUE
"Ube2v2",TRUE
"Mcm4",TRUE
"Prkdc",TRUE
"Mzt2",TRUE
"Cebpd",TRUE
"Spidr",TRUE
"Pkp2",TRUE
"Yars2",TRUE
"Dnm1l",TRUE
"Gm49521",TRUE
"Fgd4",TRUE
"Olfr19",FALSE
"4933404G15Rik",TRUE
"Spag6l",TRUE
"Igll1",FALSE
"Vpreb1",TRUE
"Top3b",TRUE
"Ppm1f",TRUE
"Gm49595",TRUE
"Mapk1",TRUE
"1700056N10Rik",TRUE
"Ypel1",TRUE
"Ppil2",TRUE
"Gm49584",TRUE
"2610318N02Rik",TRUE
"Sdf2l1",TRUE
"Ccdc116",TRUE
"Ydjc",TRUE
"Ube2l3",TRUE
"Rimbp3",TRUE
"Hic2",TRUE
"Tmem191c",TRUE
"Pi4ka",TRUE
"Serpind1",TRUE
"Snap29",TRUE
"Crkl",TRUE
"Aifm3",TRUE
"Lztr1",TRUE
"Thap7",TRUE
"Gm49785",TRUE
"Lrrc74b",TRUE
"P2rx6",TRUE
"Slc7a4",TRUE
"Smpd4",TRUE
"Ccdc74a",TRUE
"Med15",TRUE
"Klhl22",TRUE
"Scarf2",TRUE
"B830017H08Rik",TRUE
"Car15",TRUE
"Dgcr2",TRUE
"Tssk1",FALSE
"Tssk2",FALSE
"Ess2",TRUE
"Gsc2",FALSE
"Slc25a1",TRUE
"Vpreb2",FALSE
"Gm49580",FALSE
"Dgcr6",TRUE
"Prodh",TRUE
"Rtn4r",TRUE
"4933432I09Rik",TRUE
"4930483P17Rik",TRUE
"Ccdc188",TRUE
"Zdhhc8",TRUE
"Ranbp1",TRUE
"Trmt2a",TRUE
"Dgcr8",TRUE
"Tango2",TRUE
"Arvcf",TRUE
"Comt",TRUE
"Gm15764",TRUE
"Txnrd2",TRUE
"Gnb1l",TRUE
"Rtl10",TRUE
"Tbx1",TRUE
"4930588K23Rik",TRUE
"Gp1bb",TRUE
"Sept5",TRUE
"Cldn5",TRUE
"Cdc45",TRUE
"Ufd1",TRUE
"2510002D24Rik",TRUE
"Mrpl40",TRUE
"Hira",TRUE
"2010309G21Rik",TRUE
"Iglc1",FALSE
"Iglj1",FALSE
"Iglc3",FALSE
"Iglj3p",FALSE
"Iglj3",FALSE
"Iglv1",FALSE
"Iglc4",FALSE
"Iglj4",FALSE
"Iglc2",FALSE
"Iglj2",FALSE
"Gm43388",TRUE
"Iglv3",FALSE
"Iglv2",FALSE
"Olfr164",TRUE
"Olfr165",TRUE
"Olfr166",FALSE
"Olfr167",FALSE
"Olfr168",FALSE
"Olfr169",FALSE
"Olfr170",FALSE
"Olfr171",FALSE
"Lamp3",TRUE
"B3gnt5",TRUE
"A930003A15Rik",TRUE
"Gm49598",FALSE
"Klhl6",TRUE
"Klhl24",TRUE
"Yeats2",TRUE
"Map6d1",TRUE
"Gm49566",FALSE
"Parl",TRUE
"Cyp2ab1",TRUE
"Abcc5",TRUE
"Eif2b5",TRUE
"Gm16618",TRUE
"Dvl3",TRUE
"Ap2m1",TRUE
"Abcf3",TRUE
"Gm49745",TRUE
"Vwa5b2",TRUE
"Gm49748",TRUE
"Alg3",TRUE
"Eef1akmt4",TRUE
"Camk2n2",TRUE
"Ece2",TRUE
"Psmd2",TRUE
"Eif4g1",TRUE
"Fam131a",TRUE
"Clcn2",TRUE
"Polr2h",TRUE
"Thpo",TRUE
"Chrd",TRUE
"4833419O12Rik",FALSE
"Gm49742",TRUE
"Teddm3",TRUE
"Ephb3",TRUE
"Gm49750",TRUE
"Gm16863",TRUE
"Vps8",TRUE
"2510009E07Rik",TRUE
"Ehhadh",TRUE
"1300002E11Rik",TRUE
"Map3k13",TRUE
"Gm49607",TRUE
"Gm26744",TRUE
"Tmem41a",TRUE
"Liph",TRUE
"Senp2",TRUE
"Igf2bp2",TRUE
"Tra2b",TRUE
"Etv5",TRUE
"Dgkg",TRUE
"9230117E06Rik",TRUE
"Gm15651",TRUE
"Crygs",FALSE
"Tbccd1",TRUE
"Dnajb11",TRUE
"Gm30505",TRUE
"Ahsg",TRUE
"Fetub",TRUE
"Hrg",TRUE
"Kng2",TRUE
"Kng1",TRUE
"Eif4a2",TRUE
"Rfc4",TRUE
"6330408M09Rik",TRUE
"Adipoq",FALSE
"B630019A10Rik",TRUE
"BC106179",TRUE
"St6gal1",TRUE
"Rtp1",TRUE
"Masp1",TRUE
"Gm45338",TRUE
"Rtp4",TRUE
"Sst",TRUE
"Rtp2",TRUE
"Bcl6",TRUE
"Gm37419",FALSE
"Gm49518",TRUE
"Gm46545",TRUE
"Gm31583",TRUE
"Gm32126",FALSE
"Gm31814",TRUE
"Lpp",TRUE
"A230028O05Rik",TRUE
"Tprg",TRUE
"Trp63",TRUE
"Gm4524",TRUE
"P3h2",TRUE
"AU015336",TRUE
"Cldn1",TRUE
"Cldn16",FALSE
"Tmem207",FALSE
"Il1rap",TRUE
"Gm20319",TRUE
"Gmnc",TRUE
"Ostn",FALSE
"Gm32312",TRUE
"Uts2b",TRUE
"Ccdc50",TRUE
"Gm10823",TRUE
"Fgf12",TRUE
"Mb21d2",TRUE
"Plaat1",TRUE
"Atp13a5",TRUE
"Atp13a4",TRUE
"Opa1",TRUE
"Gm49636",FALSE
"Gm26834",TRUE
"Gm32679",TRUE
"Gm26569",TRUE
"Gm1968",TRUE
"4632428C04Rik",TRUE
"9030404E10Rik",TRUE
"Hes1",TRUE
"1700025H01Rik",FALSE
"Gm26562",TRUE
"Cpn2",FALSE
"Lrrc15",FALSE
"Gp5",TRUE
"Atp13a3",TRUE
"Tmem44",TRUE
"Lsg1",TRUE
"Fam43a",TRUE
"Gm49754",FALSE
"Gm49755",FALSE
"Gm49756",TRUE
"Gm49757",FALSE
"Gm46565",TRUE
"Xxylt1",TRUE
"Gm15742",FALSE
"Acap2",TRUE
"Gm41442",TRUE
"Ppp1r2",TRUE
"Gm49767",TRUE
"Apod",TRUE
"AV205837",FALSE
"Gm49736",TRUE
"Bdh1",TRUE
"Gm15743",TRUE
"Gm49695",TRUE
"Gm46560",TRUE
"Gm34256",TRUE
"Gm536",TRUE
"Dlg1",TRUE
"Meltf",TRUE
"Pigz",TRUE
"0610012G03Rik",TRUE
"Ncbp2",TRUE
"Senp5",TRUE
"Gm49733",TRUE
"Pak2",TRUE
"Pigx",TRUE
"Cep19",TRUE
"Gm15729",TRUE
"Nrros",TRUE
"Bex6",TRUE
"Fbxo45",TRUE
"Wdr53",TRUE
"Smco1",TRUE
"Rnf168",TRUE
"Ubxn7",TRUE
"Tm4sf19",TRUE
"Tctex1d2",TRUE
"Pcyt1a",TRUE
"2210020O09Rik",TRUE
"Slc51a",TRUE
"Zdhhc19",TRUE
"Gm34680",TRUE
"Tfrc",TRUE
"Tnk2",TRUE
"Tnk2os",TRUE
"Muc4",TRUE
"Muc20",TRUE
"Smbd1",FALSE
"Gm26769",FALSE
"Rubcn",TRUE
"Fyttd1",TRUE
"Lrch3",TRUE
"Gm17106",TRUE
"Iqcg",TRUE
"Rpl35a",TRUE
"Lmln",TRUE
"Osbpl11",TRUE
"Snx4",TRUE
"1700007L15Rik",TRUE
"Zfp148",TRUE
"Slc12a8",TRUE
"Heg1",TRUE
"Gm15657",TRUE
"Muc13",TRUE
"Itgb5",TRUE
"Umps",TRUE
"Gm15829",TRUE
"Kalrn",TRUE
"Ropn1",TRUE
"Ccdc14",TRUE
"Mylk",TRUE
"1700119H24Rik",FALSE
"E130310I04Rik",TRUE
"Gm21691",TRUE
"Hacd2",TRUE
"Adcy5",TRUE
"Sec22a",TRUE
"Pdia5",TRUE
"1600019K03Rik",FALSE
"Sema5b",TRUE
"Slc49a4",TRUE
"Hspbap1",TRUE
"Gm26838",TRUE
"Parp14",TRUE
"Dtx3l",TRUE
"Parp9",TRUE
"Gm15564",TRUE
"Kpna1",TRUE
"Wdr5b",TRUE
"Fam162a",TRUE
"Ccdc58",TRUE
"Csta1",TRUE
"Stfa2l1",FALSE
"Cstdc4",FALSE
"Csta3",FALSE
"Csta2",TRUE
"Stfa1",FALSE
"Cstdc6",FALSE
"Cstdc5",FALSE
"Gm15845",TRUE
"Stfa2",FALSE
"Stfa3",FALSE
"Casr",TRUE
"Gm49662",TRUE
"Cd86",TRUE
"Ildr1",TRUE
"Slc15a2",TRUE
"Eaf2",TRUE
"Iqcb1",TRUE
"2600002D14Rik",TRUE
"Golgb1",TRUE
"4930565N06Rik",TRUE
"Hcls1",TRUE
"Fbxo40",TRUE
"Polq",TRUE
"Stxbp5l",TRUE
"Gtf2e1",TRUE
"Rabl3",TRUE
"Hgd",TRUE
"Gm46559",TRUE
"Ndufb4",TRUE
"Fstl1",TRUE
"Gm36028",TRUE
"Lrrc58",TRUE
"Gpr156",TRUE
"Gsk3b",TRUE
"Nr1i2",TRUE
"Maats1",TRUE
"Maats1os",FALSE
"Cox17",TRUE
"Popdc2",TRUE
"Pla1a",TRUE
"Adprh",TRUE
"D930030I03Rik",TRUE
"Cd80",TRUE
"Timmdc1",TRUE
"Poglut1",TRUE
"Tmem39a",TRUE
"Gm17103",TRUE
"Arhgap31",TRUE
"B4galt4",TRUE
"Upk1b",TRUE
"Tex55",FALSE
"Gm15802",TRUE
"Igsf11",TRUE
"Gm36742",TRUE
"Gm36903",TRUE
"Lsamp",TRUE
"Gm28750",TRUE
"Gap43",TRUE
"4932412D23Rik",TRUE
"Zbtb20",TRUE
"Gm19522",TRUE
"Gm9968",TRUE
"Gm15713",TRUE
"Tigit",TRUE
"Gm49735",TRUE
"Drd3",TRUE
"Qtrt2",TRUE
"Ccdc191",TRUE
"Zdhhc23",TRUE
"Gramd1c",TRUE
"Atp6v1a",TRUE
"Naa50",TRUE
"Usf3",TRUE
"Sidt1",TRUE
"Spice1",TRUE
"Cfap44",TRUE
"Boc",TRUE
"Nepro",TRUE
"Gtpbp8",TRUE
"Cd200r1",TRUE
"Cd200r4",TRUE
"Cd200r2",TRUE
"Cd200r3",TRUE
"Ccdc80",TRUE
"Slc35a5",TRUE
"Atg3",TRUE
"Btla",TRUE
"Cd200",TRUE
"Gm609",TRUE
"Gm17783",TRUE
"Slc9c1",TRUE
"Gcsam",FALSE
"BC016579",TRUE
"Tmprss7",TRUE
"Tagln3",TRUE
"Abhd10",TRUE
"Gm15591",TRUE
"Phldb2",TRUE
"Gm15640",FALSE
"Gm15638",TRUE
"Plcxd2",TRUE
"Cd96",TRUE
"Gm4737",TRUE
"Nectin3",TRUE
"6430553K19Rik",TRUE
"Dppa4",FALSE
"Dppa2",TRUE
"Gm5485",TRUE
"Morc1",TRUE
"Trat1",TRUE
"Retnlb",TRUE
"Retnla",TRUE
"Retnlg",TRUE
"Dzip3",TRUE
"Cip2a",TRUE
"Myh15",TRUE
"1700026J12Rik",TRUE
"Ift57",TRUE
"Gm15518",TRUE
"Cd47",TRUE
"Bbx",TRUE
"G730013B05Rik",TRUE
"Ccdc54",FALSE
"4930542D17Rik",TRUE
"Dubr",TRUE
"1700116B05Rik",FALSE
"Gm32431",TRUE
"Gm29686",TRUE
"Cblb",TRUE
"Alcam",TRUE
"4930404A05Rik",FALSE
"4930405D01Rik",TRUE
"Zpld1",TRUE
"Nfkbiz",TRUE
"Nxpe3",TRUE
"Cep97",TRUE
"Rpl24",TRUE
"Zbtb11os1",TRUE
"Zbtb11",TRUE
"Pcnp",TRUE
"Trmt10c",TRUE
"Senp7",TRUE
"Impg2",TRUE
"Abi3bp",TRUE
"Tfg",TRUE
"Adgrg7",TRUE
"Tmem45a",TRUE
"Gm15839",TRUE
"Lnp1",TRUE
"Tmem45a2",TRUE
"Tomm70a",TRUE
"Nit2",TRUE
"Gm16892",TRUE
"Tbc1d23",TRUE
"Tmem30c",TRUE
"Gm26800",TRUE
"Cmss1",TRUE
"4921517D16Rik",TRUE
"Gm49579",TRUE
"Filip1l",TRUE
"Col8a1",TRUE
"Gm49575",TRUE
"Gm49576",TRUE
"Gm49574",TRUE
"4930461C15Rik",TRUE
"Dcbld2",TRUE
"St3gal6",TRUE
"Gm813",FALSE
"E330017A01Rik",FALSE
"Gm49701",TRUE
"Cpox",TRUE
"Gpr15",FALSE
"Cldnd1",TRUE
"Olfr172",TRUE
"Olfr173",TRUE
"Olfr175-ps1",FALSE
"Olfr177",TRUE
"Olfr178",FALSE
"Olfr180",FALSE
"Olfr181",FALSE
"Olfr183",FALSE
"Olfr186",FALSE
"Olfr187",FALSE
"Olfr190",TRUE
"Olfr191",FALSE
"Olfr193",FALSE
"Olfr194",FALSE
"Olfr195",FALSE
"Olfr196",FALSE
"Olfr198",FALSE
"Olfr199",FALSE
"Olfr201",FALSE
"Olfr202",FALSE
"Olfr203",FALSE
"Olfr204",TRUE
"Olfr205",FALSE
"Olfr206",FALSE
"Olfr209",FALSE
"Gabrr3",TRUE
"1700022E09Rik",FALSE
"Riox2",TRUE
"Crybg3",TRUE
"Arl6",TRUE
"4930547E14Rik",TRUE
"Epha6",TRUE
"Gm9017",TRUE
"Gm49615",TRUE
"Nsun3",TRUE
"Arl13b",TRUE
"Stx19",TRUE
"Pros1",TRUE
"Gm18870",TRUE
"Gm33912",FALSE
"Gm49622",TRUE
"Epha3",TRUE
"Csnka2ip",TRUE
"4930453N24Rik",TRUE
"Zfp654",TRUE
"Cggbp1",TRUE
"Htr1f",TRUE
"Gm49631",FALSE
"Pou1f1",TRUE
"Chmp2b",TRUE
"Vgll3",TRUE
"Cadm2",TRUE
"1700010K23Rik",TRUE
"4933411O13Rik",TRUE
"Gm49648",TRUE
"4930428D20Rik",FALSE
"Speer2",FALSE
"Gm49655",TRUE
"Gbe1",TRUE
"D16Ertd519e",TRUE
"Gm29823",TRUE
"4931420L22Rik",FALSE
"4930567J20Rik",FALSE
"8030451O07Rik",TRUE
"Robo1",TRUE
"4930500H12Rik",TRUE
"Robo2",TRUE
"Gm49678",TRUE
"Lipi",FALSE
"Rbm11",TRUE
"Hspa13",TRUE
"Samsn1",TRUE
"Gm15555",TRUE
"4930578N18Rik",TRUE
"Nrip1",TRUE
"Gm49587",TRUE
"Gm45030",TRUE
"Gm30726",FALSE
"Gm45029",TRUE
"Gm30790",TRUE
"1700041M19Rik",TRUE
"Usp25",TRUE
"Mir99ahg",TRUE
"Gm11146",TRUE
"Gm17333",TRUE
"E330011O21Rik",TRUE
"Cxadr",TRUE
"Btg3",TRUE
"D16Ertd472e",TRUE
"4930478L05Rik",TRUE
"4930570E03Rik",TRUE
"Chodl",TRUE
"Tmprss15",TRUE
"1700066C05Rik",FALSE
"Ncam2",TRUE
"Gm49560",TRUE
"Gm41480",TRUE
"Gm21833",TRUE
"Gm41481",TRUE
"4930553E22Rik",TRUE
"A730009L09Rik",TRUE
"4930551I23Rik",TRUE
"Mir155hg",TRUE
"Mrpl39",TRUE
"Jam2",TRUE
"Atp5j",TRUE
"Gabpa",TRUE
"App",TRUE
"Gm10791",TRUE
"Gm49227",TRUE
"Gm49226",TRUE
"Cyyr1",TRUE
"Adamts1",TRUE
"4930556C24Rik",FALSE
"Adamts5",TRUE
"1700007H22Rik",FALSE
"Gm32357",TRUE
"Gm32461",TRUE
"Gm32624",TRUE
"Gm38477",TRUE
"Gm32865",FALSE
"N6amt1",TRUE
"Ltn1",TRUE
"Rwdd2b",TRUE
"Usp16",TRUE
"Cct8",TRUE
"B130034C11Rik",TRUE
"Map3k7cl",TRUE
"Bach1",TRUE
"2810407A14Rik",TRUE
"Grik1",TRUE
"Gm33255",TRUE
"4930420G21Rik",TRUE
"Cldn17",FALSE
"Cldn8",FALSE
"Gm49688",TRUE
"Krtap24-1",FALSE
"2310079G19Rik",FALSE
"Krtap26-1",FALSE
"Krtap27-1",FALSE
"2310061N02Rik",FALSE
"Krtap13-1",FALSE
"Krtap13",FALSE
"2310034C09Rik",FALSE
"2310057N15Rik",FALSE
"Gm5965",FALSE
"4930553J12Rik",TRUE
"Gm20741",FALSE
"Krtap14",FALSE
"Krtap15",FALSE
"Krtap19-1",FALSE
"Krtap19-2",FALSE
"Krtap19-3",FALSE
"Krtap19-4",FALSE
"Krtap19-5",FALSE
"Krtap19-9b",FALSE
"Krtap16-3",FALSE
"Krtap22-2",FALSE
"Gm10229",FALSE
"Krtap6-1",FALSE
"Gm10228",FALSE
"Krtap6-5",FALSE
"1110025L11Rik",FALSE
"Krtap6-3",FALSE
"Gm6358",FALSE
"Gm10061",FALSE
"Gm9789",FALSE
"Gm7735",FALSE
"1110057P08Rik",FALSE
"Krtap20-2",FALSE
"Krtap21-1",FALSE
"Krtap6-2",FALSE
"Krtap8-1",FALSE
"Krtap7-1",TRUE
"Krtap11-1",FALSE
"Gm49696",FALSE
"Tiam1",TRUE
"Sod1",TRUE
"Scaf4",TRUE
"Gm49707",TRUE
"Gm49708",TRUE
"Gm49709",FALSE
"Gm49710",TRUE
"Hunk",TRUE
"Gm36001",TRUE
"1110008E08Rik",FALSE
"Gm49714",TRUE
"Gm36169",TRUE
"Gm49715",FALSE
"Mis18a",TRUE
"Mrap",TRUE
"Urb1",TRUE
"Eva1c",TRUE
"Gm36363",TRUE
"Cfap298",TRUE
"4930534H18Rik",TRUE
"Synj1",TRUE
"Gm15965",TRUE
"4930404I05Rik",TRUE
"Paxbp1",TRUE
"4931406G06Rik",TRUE
"4932438H23Rik",TRUE
"Gm41492",TRUE
"Olig2",TRUE
"Olig1",TRUE
"Gm15966",TRUE
"Ifnar2",TRUE
"Il10rb",TRUE
"Gm49625",TRUE
"A930006K02Rik",TRUE
"Ifnar1",TRUE
"Ifngr2",TRUE
"Tmem50b",TRUE
"Gm15964",TRUE
"Dnajc28",TRUE
"Gart",TRUE
"Son",TRUE
"Donson",TRUE
"Gm10785",TRUE
"Cryzl1",TRUE
"Itsn1",TRUE
"Gm15976",TRUE
"Atp5o",TRUE
"D430001F17Rik",TRUE
"Mrps6",TRUE
"Slc5a3",TRUE
"Gm16310",TRUE
"Gm41496",TRUE
"Gm41495",FALSE
"Gm29880",TRUE
"Kcne2",TRUE
"Smim11",TRUE
"1700048M11Rik",TRUE
"Fam243",FALSE
"Kcne1",FALSE
"Gm29805",FALSE
"Rcan1",TRUE
"Gm46555",TRUE
"2410124H12Rik",TRUE
"Clic6",TRUE
"Gm49722",TRUE
"Runx1",TRUE
"Gm26626",TRUE
"Gm49723",TRUE
"1810053B23Rik",FALSE
"1810044K17Rik",FALSE
"1700029J03Rik",TRUE
"Gm30695",FALSE
"Gm49725",FALSE
"Setd4",TRUE
"Gm49961",TRUE
"Cbr1",TRUE
"Gm5678",FALSE
"Cbr3",TRUE
"Dop1b",TRUE
"2310043M15Rik",TRUE
"Gm30881",TRUE
"Morc3",TRUE
"Chaf1b",TRUE
"Gm49617",FALSE
"Cldn14",TRUE
"Gm49618",FALSE
"2410003I16Rik",FALSE
"Gm49620",FALSE
"Sim2",TRUE
"Hlcs",TRUE
"Gm48984",TRUE
"Ripply3",TRUE
"Pigp",TRUE
"Ttc3",TRUE
"Gm31323",TRUE
"Vps26c",TRUE
"Dyrk1a",TRUE
"Gm41505",TRUE
"Kcnj6",TRUE
"Gm31641",TRUE
"Kcnj15",FALSE
"Gm49643",FALSE
"Erg",TRUE
"Ets2",TRUE
"1600002D24Rik",TRUE
"2810404F17Rik",FALSE
"Gm15340",FALSE
"Psmg1",TRUE
"Brwd1",TRUE
"Gm15342",TRUE
"1700093J21Rik",TRUE
"Gm49953",TRUE
"Hmgn1",TRUE
"Wrb",TRUE
"Gm49928",TRUE
"Lca5l",TRUE
"Sh3bgr",TRUE
"B3galt5",TRUE
"Igsf5",TRUE
"Itgb2l",TRUE
"Pcp4",TRUE
"Dscam",TRUE
"Gm49907",TRUE
"Gm32509",TRUE
"Gm32432",TRUE
"Bace2",TRUE
"Fam3b",TRUE
"Tmprss2",TRUE
"Ripk4",TRUE
"Prdm15",TRUE
"C2cd2",TRUE
"Zbtb21",TRUE
"C030010L15Rik",TRUE
"B230307C23Rik",TRUE
"A630089N07Rik",TRUE
"Scaf8",TRUE
"Gm49797",TRUE
"Gm34035",TRUE
"Tiam2",TRUE
"Tfb1m",TRUE
"Cldn20",TRUE
"1700102H20Rik",TRUE
"Nox3",TRUE
"4930470H14Rik",TRUE
"4930548J01Rik",FALSE
"4930517M08Rik",FALSE
"4930579D07Rik",TRUE
"Gm41517",FALSE
"Arid1b",TRUE
"Gm29050",TRUE
"Tmem242",TRUE
"Ldhal6b",TRUE
"Zdhhc14",TRUE
"3300005D01Rik",FALSE
"Snx9",TRUE
"Synj2",TRUE
"Serac1",TRUE
"Gtf2h5",TRUE
"Tulp4",TRUE
"Tmem181a",TRUE
"Dynlt1a",TRUE
"Dynlt1b",TRUE
"Dynlt1c",TRUE
"Dynlt1f",TRUE
"Sytl3",TRUE
"Ezr",TRUE
"4933426B08Rik",TRUE
"1700122H20Rik",TRUE
"Rsph3b",TRUE
"Gm49719",TRUE
"Tagap1",TRUE
"Rnaset2b",TRUE
"Gm1604b",TRUE
"Rps6ka2",TRUE
"Tcp10a",TRUE
"Ttll2",FALSE
"Unc93a2",FALSE
"Gm33086",FALSE
"Gm49632",FALSE
"Fndc1",TRUE
"E430024P14Rik",TRUE
"Tagap",TRUE
"Rsph3a",TRUE
"Gm1604a",TRUE
"Rnaset2a",TRUE
"Fgfr1op",TRUE
"Ccr6",TRUE
"Mpc1",TRUE
"4930506C21Rik",TRUE
"Sft2d1",TRUE
"Prr18",TRUE
"T2",TRUE
"T",TRUE
"Pde10a",TRUE
"Gm17087",TRUE
"1700010I14Rik",TRUE
"6530411M01Rik",TRUE
"C87487",TRUE
"Gm17728",FALSE
"Gm49807",TRUE
"Pabpc6",FALSE
"Gm34684",TRUE
"4930452A19Rik",TRUE
"Gm49808",TRUE
"Gm34799",FALSE
"Qk",TRUE
"1700110C19Rik",TRUE
"Pacrg",TRUE
"A230009B12Rik",TRUE
"Gm16168",TRUE
"Gm16169",TRUE
"Prkn",TRUE
"Gm28505",TRUE
"Agpat4",TRUE
"Map3k4",TRUE
"4732491K20Rik",TRUE
"Gm49964",TRUE
"Plg",TRUE
"Slc22a3",TRUE
"C030013G03Rik",TRUE
"Slc22a2",TRUE
"Slc22a1",TRUE
"Igf2r",TRUE
"Airn",TRUE
"Gm49959",TRUE
"Gm49958",TRUE
"Mas1",TRUE
"Mrgprh",FALSE
"Pnldc1",TRUE
"Gm49926",TRUE
"Mrpl18",TRUE
"Tcp1",TRUE
"Acat3",TRUE
"Acat2",TRUE
"Wtap",TRUE
"Sod2",TRUE
"Gpr31b",FALSE
"Tcp10b",TRUE
"Unc93a",FALSE
"Gm49898",FALSE
"Smok2a",FALSE
"Smok2b",FALSE
"Gm36684",FALSE
"Tcp10c",FALSE
"2700054A10Rik",TRUE
"Gm16050",TRUE
"Gm16046",TRUE
"Tcte2",TRUE
"Afdn",TRUE
"Gm7168",FALSE
"Gm7356",FALSE
"Gm7358",FALSE
"Dact2",TRUE
"Gm34510",TRUE
"Gm34567",TRUE
"Smoc2",TRUE
"4930474M22Rik",TRUE
"Gm38551",TRUE
"Thbs2",TRUE
"Wdr27",TRUE
"1600012H06Rik",TRUE
"Phf10",TRUE
"Gm3417",TRUE
"9030025P20Rik",TRUE
"Gm3448",TRUE
"Gm3435",TRUE
"Tcte3",TRUE
"Ermard",TRUE
"Gm35455",TRUE
"Gm5091",FALSE
"Gm35576",TRUE
"Dll1",TRUE
"Fam120b",TRUE
"Gm49668",TRUE
"Psmb1",TRUE
"Tbp",TRUE
"Pdcd2",TRUE
"Prdm9",TRUE
"4933401D09Rik",TRUE
"Chd1",TRUE
"Rgmb",TRUE
"Gm49778",FALSE
"BC002059",TRUE
"Zfp960",TRUE
"Zfp97",TRUE
"Gm5165",TRUE
"Gm6712",TRUE
"AC154200.1",TRUE
"Riok2",TRUE
"Gm26873",TRUE
"Lix1",TRUE
"Lnpep",TRUE
"Vmn2r90",TRUE
"Spaca6",TRUE
"Has1",TRUE
"Fpr1",TRUE
"Fpr2",TRUE
"Fpr3",TRUE
"Fpr-rs4",FALSE
"Vmn2r124",TRUE
"Vmn2r91",TRUE
"Vmn2r92",FALSE
"Vmn2r94",FALSE
"Vmn2r93",FALSE
"Vmn2r95",TRUE
"Vmn2r96",TRUE
"Vmn2r97",TRUE
"Vmn2r98",FALSE
"Gm49753",TRUE
"Vmn2r99",FALSE
"4930549P19Rik",TRUE
"Vmn2r100",FALSE
"Vmn2r101",TRUE
"Vmn2r102",FALSE
"Vmn2r103",FALSE
"Vmn2r104",FALSE
"Fpr-rs7",FALSE
"Fpr-rs6",FALSE
"Vmn2r105",FALSE
"Vmn2r106",FALSE
"Vmn2r107",FALSE
"Vmn1r224",TRUE
"Vmn2r108",TRUE
"Vmn1r225",FALSE
"Vmn2r109",TRUE
"Vmn2r110",FALSE
"Fpr-rs3",FALSE
"Vmn1r226",FALSE
"Vmn1r227",TRUE
"Vmn1r228",FALSE
"Vmn1r229",TRUE
"Vmn1r230",FALSE
"Vmn1r231",FALSE
"Gm49761",TRUE
"Vmn1r232",FALSE
"Ppp2r1a",TRUE
"Vmn1r233",FALSE
"Zfp160",TRUE
"Gm5092",FALSE
"Vmn1r234",FALSE
"Vmn1r235",FALSE
"Vmn1r236",FALSE
"Vmn1r237",FALSE
"Zfp677",TRUE
"Gm49691",TRUE
"Zfp54",TRUE
"Zfp51",TRUE
"Zfp53",TRUE
"9330136K24Rik",TRUE
"Zfp52",TRUE
"Zfp948",TRUE
"Gm41541",TRUE
"Zfp983",TRUE
"Gm10226",TRUE
"Zfp760",TRUE
"Zfp229",TRUE
"Zfp820",TRUE
"Zfp995",TRUE
"Zfp942",TRUE
"Zfp943",TRUE
"Zfp947",TRUE
"Zfp994",TRUE
"Gm7072",TRUE
"Zfp944",TRUE
"Zfp758",TRUE
"Zfp946",TRUE
"Vmn2r111",TRUE
"Vmn2r112",TRUE
"Gm5493",TRUE
"Zfp945",TRUE
"Vmn2r113",TRUE
"Vmn2r-ps130",FALSE
"Zfp40",TRUE
"Vmn2r114",TRUE
"Vmn2r115",FALSE
"Vmn2r116",TRUE
"Vmn2r117",FALSE
"6330415G19Rik",TRUE
"Zfp213",TRUE
"Gm49092",TRUE
"Zfp13",TRUE
"Zscan10",TRUE
"Mmp25",TRUE
"Bicdl2",TRUE
"Thoc6",TRUE
"Hcfc1r1",TRUE
"Tnfrsf12a",TRUE
"Cldn6",FALSE
"Cldn9",FALSE
"1520401A03Rik",TRUE
"Pkmyt1",TRUE
"Paqr4",TRUE
"Kremen2",TRUE
"9530082P21Rik",TRUE
"Flywch1",TRUE
"Gm49163",TRUE
"Gm16275",TRUE
"Flywch2",TRUE
"Srrm2",TRUE
"Elob",TRUE
"Prss33",FALSE
"Prss41",TRUE
"Prss32",TRUE
"Gm15947",FALSE
"Prss21",FALSE
"Dcpp1",FALSE
"Dcpp2",TRUE
"Gm50057",TRUE
"Gm41545",TRUE
"Dcpp3",FALSE
"Sbp",FALSE
"Sbpl",FALSE
"Prss30",TRUE
"Prss22",TRUE
"Prss27",TRUE
"Kctd5",TRUE
"Pdpk1",TRUE
"Gm50071",TRUE
"Gm50070",TRUE
"Amdhd2",TRUE
"Atp6v0c",TRUE
"Tbc1d24",TRUE
"Ntn3",TRUE
"BC028777",TRUE
"Tedc2",TRUE
"Ccnf",TRUE
"Abca17",TRUE
"Abca3",TRUE
"D330041H03Rik",TRUE
"Rnps1",TRUE
"Eci1",TRUE
"Dnase1l2",TRUE
"E4f1",TRUE
"Pgp",TRUE
"Mlst8",TRUE
"Bricd5",TRUE
"Gm50062",TRUE
"Caskin1",TRUE
"Traf7",TRUE
"Rab26",TRUE
"Rab26os",TRUE
"Gm33508",TRUE
"Pkd1",TRUE
"Tsc2",TRUE
"Nthl1",TRUE
"Slc9a3r2",TRUE
"Npw",FALSE
"Zfp598",TRUE
"Syngr3",TRUE
"Gfer",TRUE
"Noxo1",TRUE
"Tbl3",TRUE
"Rnf151",TRUE
"Rps2",TRUE
"Snhg9",TRUE
"Ndufb10",TRUE
"Rpl3l",TRUE
"Msrb1",TRUE
"Hs3st6",FALSE
"Gm50022",FALSE
"Meiob",TRUE
"Hagh",TRUE
"Fahd1",TRUE
"Igfals",TRUE
"Nubp2",TRUE
"Spsb3",TRUE
"Eme2",TRUE
"Mapk8ip3",TRUE
"Mrps34",TRUE
"Nme3",TRUE
"Jpt2",TRUE
"Cramp1l",TRUE
"Ift140",TRUE
"Tmem204",TRUE
"Telo2",TRUE
"Ptx4",TRUE
"Clcn7",TRUE
"Ccdc154",TRUE
"Gm38655",TRUE
"BC003965",TRUE
"Unkl",TRUE
"Gnptg",TRUE
"Tsr3",TRUE
"Baiap3",TRUE
"Ube2i",TRUE
"Prss34",FALSE
"Prss28",FALSE
"Prss29",FALSE
"Tpsab1",FALSE
"Tpsb2",FALSE
"Tpsg1",TRUE
"Cacna1h",TRUE
"Tekt4",TRUE
"Sstr5",TRUE
"Gm33727",TRUE
"Gm50025",FALSE
"Gm33801",FALSE
"Gm50026",TRUE
"Sox8",TRUE
"2810468N07Rik",TRUE
"Lmf1",TRUE
"4930541O19Rik",FALSE
"Gm50312",FALSE
"Gng13",TRUE
"Chtf18",TRUE
"Rpusd1",TRUE
"Mslnl",TRUE
"Msln",TRUE
"1700080C20Rik",FALSE
"Ciao3",TRUE
"Haghl",TRUE
"Ccdc78",TRUE
"Fam173a",TRUE
"Metrn",TRUE
"Fbxl16",TRUE
"Wdr24",TRUE
"Jmjd8",TRUE
"Stub1",TRUE
"Rhbdl1",TRUE
"Rhot2",TRUE
"Wdr90",TRUE
"Mcrip2",TRUE
"Mettl26",TRUE
"Wfikkn1",TRUE
"Rab40c",TRUE
"Gm16278",TRUE
"Pigq",TRUE
"Nhlrc4",TRUE
"A930017K11Rik",TRUE
"D630044L22Rik",TRUE
"Capn15",TRUE
"1700022N22Rik",TRUE
"Rab11fip3",TRUE
"Decr2",TRUE
"Nme4",TRUE
"Tmem8",TRUE
"Mrpl28",TRUE
"Axin1",TRUE
"Pdia2",TRUE
"Arhgdig",TRUE
"Rgs11",TRUE
"Fam234a",TRUE
"Luc7l",TRUE
"Gm50013",TRUE
"Gm50015",TRUE
"Neurl1b",TRUE
"Gm50269",TRUE
"Gm34455",TRUE
"Dusp1",TRUE
"Gm50275",FALSE
"Ergic1",TRUE
"Gm17218",TRUE
"Atp6v0e",TRUE
"Crebrf",TRUE
"Bnip1",TRUE
"Nkx2-5",FALSE
"Gm17382",TRUE
"Gm20468",TRUE
"Gm41555",TRUE
"Kifc5b",TRUE
"Phf1",TRUE
"Cuta",TRUE
"Syngap1",TRUE
"Zbtb9",TRUE
"Gm50254",TRUE
"Ggnbp1",TRUE
"Bak1",TRUE
"Gm50295",TRUE
"Itpr3",TRUE
"Itpr3os",FALSE
"Uqcc2",TRUE
"Gm50316",FALSE
"Ip6k3",TRUE
"Lemd2",TRUE
"Gm26724",TRUE
"9630028I04Rik",TRUE
"Gm50328",FALSE
"Gm49793",TRUE
"Gm10505",TRUE
"Gm49795",TRUE
"Gm49794",TRUE
"Gm49796",FALSE
"Grm4",TRUE
"Gm49774",TRUE
"Hmga1",TRUE
"AI413582",TRUE
"C130040N14Rik",TRUE
"Nudt3",TRUE
"Gm49741",TRUE
"Rps10",TRUE
"Gm15420",TRUE
"Pacsin1",TRUE
"Spdef",TRUE
"Gm15458",TRUE
"Ilrun",TRUE
"Snrpc",TRUE
"Uhrf1bp1",TRUE
"Taf11",TRUE
"Gm49801",TRUE
"Anks1",TRUE
"Gm15597",TRUE
"Gm49802",TRUE
"Gm35290",TRUE
"Tcp11",TRUE
"Scube3",TRUE
"C230013L11Rik",TRUE
"Zfp523",TRUE
"Def6",TRUE
"Gm49874",TRUE
"Ppard",TRUE
"Fance",TRUE
"Gm49886",TRUE
"Gm49889",FALSE
"Rpl10a",TRUE
"Tead3",TRUE
"Tulp1",TRUE
"Fkbp5",TRUE
"Gm49838",TRUE
"Gm22146",TRUE
"Gm20109",TRUE
"E230001N04Rik",TRUE
"Gm41506",FALSE
"Armc12",TRUE
"Clpsl2",TRUE
"Clps",TRUE
"Lhfpl5",TRUE
"Srpk1",TRUE
"Slc26a8",TRUE
"Mapk14",TRUE
"Gm4356",TRUE
"Mapk13",TRUE
"Gm49864",TRUE
"Brpf3",TRUE
"Gm35883",TRUE
"Pnpla1os",FALSE
"Pnpla1",TRUE
"4930539E08Rik",TRUE
"1700030A11Rik",FALSE
"Gm16191",TRUE
"Pxt1",TRUE
"1700063J08Rik",TRUE
"Kctd20",TRUE
"Stk38",TRUE
"Gm16196",TRUE
"Gm16195",TRUE
"Srsf3",TRUE
"Gm41556",TRUE
"Trp53cor1",TRUE
"Cdkn1a",TRUE
"Rab44",TRUE
"Cpne5",TRUE
"Ppil1",TRUE
"Gm50068",FALSE
"BC004004",TRUE
"Pi16",TRUE
"Gm46603",TRUE
"Mtch1",TRUE
"Fgd2",TRUE
"Gm36486",TRUE
"Gm36199",TRUE
"Gm26885",TRUE
"Pim1",TRUE
"Gm17657",TRUE
"Tmem217",TRUE
"Tbc1d22b",TRUE
"Tbc1d22bos",TRUE
"2010106G04Rik",TRUE
"Rnf8",TRUE
"Gm20161",TRUE
"Cmtr1",TRUE
"Ccdc167",TRUE
"1810014P07Rik",TRUE
"Gm50016",FALSE
"Mdga1",TRUE
"Gm16758",TRUE
"Gm50017",FALSE
"Gm50019",TRUE
"Zfand3",TRUE
"Btbd9",TRUE
"Gm50250",TRUE
"Gm50240",TRUE
"Glo1",TRUE
"1700097N02Rik",FALSE
"Dnah8",TRUE
"Gm41561",TRUE
"Gm9937",FALSE
"Gm50242",TRUE
"Glp1r",TRUE
"Gm10503",TRUE
"Gm41562",TRUE
"Umodl1",TRUE
"Gm50249",FALSE
"Abcg1",TRUE
"Tff3",FALSE
"Tff2",FALSE
"Gm15318",FALSE
"Tff1",FALSE
"Tmprss3",FALSE
"Ubash3a",TRUE
"Gm50218",TRUE
"Rsph1",TRUE
"Slc37a1",TRUE
"Pde9a",TRUE
"Gm9902",TRUE
"Gm50138",TRUE
"Wdr4",TRUE
"Gm50103",TRUE
"Ndufv3",TRUE
"Gm50105",TRUE
"4833413E03Rik",TRUE
"AC166172.1",TRUE
"Pknox1",TRUE
"Gm50107",TRUE
"Cbs",TRUE
"U2af1",TRUE
"Gm50222",FALSE
"Cryaa",FALSE
"Gm50225",FALSE
"Gm49999",FALSE
"Sik1",TRUE
"Gm50000",FALSE
"2310015A16Rik",FALSE
"Hsf2bp",TRUE
"Rrp1b",TRUE
"Gm17276",TRUE
"Notch3",TRUE
"Ephx3",TRUE
"Brd4",TRUE
"Gm26549",TRUE
"Akap8",TRUE
"Akap8l",TRUE
"Wiz",TRUE
"Rasal3",TRUE
"A530088E08Rik",TRUE
"Pglyrp2",TRUE
"Cyp4f39",TRUE
"Cyp4f17",TRUE
"Cyp4f16",TRUE
"Cyp4f37",FALSE
"Cyp4f40",TRUE
"Cyp4f15",TRUE
"Gm50046",TRUE
"Zfp871",TRUE
"Gm17115",TRUE
"Zfp811",TRUE
"Gm26693",TRUE
"Zfp799",TRUE
"Gm50050",TRUE
"Zfp870",TRUE
"Gm50051",TRUE
"Cyp4f14",TRUE
"Cyp4f13",TRUE
"Zfp472",TRUE
"Zfp952",TRUE
"Zfp763",TRUE
"Zfp563",TRUE
"Morc2b",TRUE
"Olfr55",TRUE
"Olfr239",TRUE
"Olfr1564",TRUE
"Zfp955a",TRUE
"Olfr63",TRUE
"Zfp955b",TRUE
"Zfp81",TRUE
"Zfp101",TRUE
"Actl9",TRUE
"Gm4125",FALSE
"Adamts10",TRUE
"Myo1f",TRUE
"Zfp414",TRUE
"Pram1",TRUE
"Hnrnpm",TRUE
"March2",TRUE
"Rab11b",TRUE
"Gm17251",TRUE
"Angptl4",TRUE
"4931413I07Rik",FALSE
"Kank3",TRUE
"Rps28",TRUE
"Ndufa7",TRUE
"Cd320",TRUE
"Smim40-ps",FALSE
"Kifc1",TRUE
"Smim40",TRUE
"BC051226",TRUE
"Daxx",TRUE
"Tapbp",TRUE
"Zbtb22",TRUE
"Gm19412",TRUE
"Rgl2",TRUE
"Pfdn6",TRUE
"Gm50037",TRUE
"Wdr46",TRUE
"B3galt4",TRUE
"Rps18",TRUE
"Vps52",TRUE
"AA388235",TRUE
"H2-K1",TRUE
"Ring1",TRUE
"Gm26940",FALSE
"H2-Ke6",TRUE
"Slc39a7",TRUE
"Rxrb",TRUE
"Col11a2",TRUE
"BC051537",TRUE
"H2-Oa",FALSE
"Gm50333",TRUE
"Brd2",TRUE
"H2-DMa",TRUE
"Gm50336",FALSE
"Gm50335",TRUE
"H2-DMb2",TRUE
"H2-DMb1",TRUE
"Psmb9",TRUE
"Tap1",TRUE
"Psmb8",TRUE
"Gm20496",FALSE
"Tap2",TRUE
"Gm15821",TRUE
"H2-Ob",TRUE
"H2-Ab1",FALSE
"H2-Aa",TRUE
"Gm20513",FALSE
"H2-Eb1",TRUE
"H2-Eb2",FALSE
"Btnl2",FALSE
"Btnl1",FALSE
"BC051142",TRUE
"Btnl4",FALSE
"Btnl6",TRUE
"Notch4",TRUE
"Gpsm3",TRUE
"Pbx2",TRUE
"Ager",TRUE
"Rnf5",TRUE
"Gm20463",TRUE
"Agpat1",TRUE
"Egfl8",TRUE
"Ppt2",TRUE
"Prrt1",TRUE
"Gm20461",TRUE
"Fkbpl",TRUE
"Atf6b",TRUE
"Tnxb",TRUE
"C4b",TRUE
"Cyp21a1",TRUE
"C4a",TRUE
"Stk19",TRUE
"Dxo",TRUE
"Skiv2l",TRUE
"Nelfe",TRUE
"Cfb",TRUE
"C2",TRUE
"Zbtb12",TRUE
"Ehmt2",TRUE
"Slc44a4",TRUE
"Neu1",TRUE
"1110038B12Rik",TRUE
"Hspa1b",TRUE
"Hspa1a",TRUE
"Gm20481",FALSE
"Hspa1l",TRUE
"Gm10501",TRUE
"Lsm2",TRUE
"Vars",TRUE
"Vwa7",TRUE
"Sapcd1",TRUE
"Msh5",TRUE
"Clic1",TRUE
"Ddah2",TRUE
"Mpig6b",FALSE
"Ly6g6c",FALSE
"Ly6g6d",TRUE
"Ly6g6e",TRUE
"Ly6g6f",TRUE
"Abhd16a",TRUE
"Ly6g5c",FALSE
"Ly6g5b",TRUE
"Csnk2b",TRUE
"Gpank1",TRUE
"Gm20522",TRUE
"D17H6S53E",TRUE
"Apom",TRUE
"Bag6",TRUE
"Prrc2a",TRUE
"Gm17705",TRUE
"Aif1",TRUE
"Lst1",TRUE
"Ltb",TRUE
"Tnf",FALSE
"Lta",FALSE
"Nfkbil1",TRUE
"Gm16181",TRUE
"Atp6v1g2",TRUE
"Ddx39b",TRUE
"H2-D1",TRUE
"H2-Q1",FALSE
"H2-Q2",TRUE
"Gm11131",FALSE
"H2-Q4",TRUE
"H2-Q6",FALSE
"H2-Q7",TRUE
"H2-Q10",TRUE
"Pou5f1",TRUE
"Gm19553",TRUE
"Tcf19",TRUE
"Cchcr1",TRUE
"Psors1c2",TRUE
"Cdsn",FALSE
"2300002M23Rik",FALSE
"Sfta2",TRUE
"Gm9573",TRUE
"Mucl3",TRUE
"Gm20483",TRUE
"Vars2",TRUE
"Gtf2h4",TRUE
"Ddr1",TRUE
"Gm4577",TRUE
"Gm20443",FALSE
"Gm20442",TRUE
"4833427F10Rik",TRUE
"Ier3",TRUE
"Flot1",TRUE
"Tubb5",TRUE
"Mdc1",TRUE
"Ppp1r18os",TRUE
"Nrm",TRUE
"Ppp1r18",TRUE
"Dhx16",TRUE
"2310061I04Rik",TRUE
"Gm16279",TRUE
"Atat1",TRUE
"Mrps18b",TRUE
"Ppp1r10",TRUE
"Abcf1",TRUE
"Prr3",TRUE
"Gnl1",TRUE
"Gm20508",TRUE
"A930015D03Rik",TRUE
"H2-T24",TRUE
"H2-T23",TRUE
"H2-T22",TRUE
"Gm6034",TRUE
"Gm11127",FALSE
"Gm7030",TRUE
"BC023719",TRUE
"Gm19684",TRUE
"2410017I17Rik",FALSE
"Gm8909",FALSE
"Gm20478",FALSE
"H2-T3",FALSE
"Gm20546",TRUE
"Rpp21",TRUE
"Trim39",TRUE
"H2-M10.2",TRUE
"H2-M10.1",FALSE
"H2-M10.3",FALSE
"H2-M10.4",FALSE
"H2-M11",FALSE
"H2-M9",FALSE
"H2-M1",FALSE
"H2-M10.5",FALSE
"H2-M10.6",FALSE
"Trim26",TRUE
"Trim15",TRUE
"Trim10",FALSE
"Trim40",TRUE
"Trim31",TRUE
"1700031A10Rik",TRUE
"Rnf39",TRUE
"Ppp1r11",TRUE
"Znrd1",TRUE
"Znrd1as",TRUE
"2410137M14Rik",TRUE
"H2-M5",TRUE
"Zfp57",TRUE
"Mog",TRUE
"Gabbr1",TRUE
"Olfr90",TRUE
"Olfr91",TRUE
"Olfr92",TRUE
"Olfr93",FALSE
"Ubd",FALSE
"Olfr94",FALSE
"Olfr95",FALSE
"Olfr96",FALSE
"Olfr97",FALSE
"Gm20429",FALSE
"Olfr98",FALSE
"H2-M3",TRUE
"Olfr99",TRUE
"Olfr101",FALSE
"Olfr102",FALSE
"Olfr103",FALSE
"Olfr104-ps",FALSE
"Olfr105-ps",FALSE
"Olfr106-ps",FALSE
"Olfr107",TRUE
"Olfr108",FALSE
"Olfr109",FALSE
"H2-M2",FALSE
"Olfr110",TRUE
"Olfr111",TRUE
"Olfr112",TRUE
"Olfr113",TRUE
"Olfr114",TRUE
"Olfr115",TRUE
"Olfr116",FALSE
"Olfr117",FALSE
"Olfr118",FALSE
"Olfr119",FALSE
"Olfr120",FALSE
"Olfr121",FALSE
"Olfr122",FALSE
"Olfr123",FALSE
"Olfr124",FALSE
"Olfr125",TRUE
"Olfr126",FALSE
"Olfr127",FALSE
"Olfr128",FALSE
"Olfr761",FALSE
"Olfr129",TRUE
"Olfr130",FALSE
"Olfr131",TRUE
"Olfr132",FALSE
"Olfr133",FALSE
"Olfr134",FALSE
"Olfr135",FALSE
"Olfr138",FALSE
"Olfr137",FALSE
"Olfr136",FALSE
"Esp36",FALSE
"Esp34",FALSE
"Esp31",FALSE
"Esp24",FALSE
"Gm21903",FALSE
"Esp23",FALSE
"Esp22",FALSE
"Esp18",FALSE
"Esp16",FALSE
"Esp15",FALSE
"Gm26917",TRUE
"Gm42418",TRUE
"AY036118",TRUE
"Esp38",FALSE
"Gm49835",FALSE
"Pgk2",FALSE
"Crisp3",FALSE
"Crisp1",TRUE
"Esp8",FALSE
"Esp6",FALSE
"Gm44501",FALSE
"Esp4",FALSE
"Esp3",FALSE
"Esp1",FALSE
"Crisp2",TRUE
"Rhag",TRUE
"9130008F23Rik",TRUE
"Glyatl3",FALSE
"Cenpq",TRUE
"Mmut",TRUE
"Gm49857",TRUE
"Ptchd4",TRUE
"Opn5",TRUE
"Adgrf4",TRUE
"Adgrf2",TRUE
"Cd2ap",TRUE
"Tnfrsf21",TRUE
"E130008D07Rik",TRUE
"Adgrf1",TRUE
"Adgrf5",TRUE
"Mep1a",FALSE
"Ankrd66",TRUE
"Pla2g7",TRUE
"1700071M16Rik",TRUE
"Tdrd6",TRUE
"Slc25a27",TRUE
"Cyp39a1",TRUE
"Rcan2",TRUE
"Enpp5",TRUE
"Enpp4",TRUE
"Clic5",TRUE
"Gm49872",FALSE
"Runx2",TRUE
"Runx2os3",TRUE
"Runx2os2",TRUE
"Runx2os1",TRUE
"Supt3",TRUE
"Gm35097",TRUE
"Cdc5l",TRUE
"B230354K17Rik",TRUE
"Spats1",TRUE
"Aars2",TRUE
"Tcte1",TRUE
"Tmem151b",TRUE
"Nfkbie",TRUE
"Slc35b2",TRUE
"Hsp90ab1",TRUE
"Slc29a1",TRUE
"Gm17080",TRUE
"Mymx",FALSE
"Capn11",TRUE
"Tmem63b",TRUE
"Gm16172",TRUE
"Mrpl14",TRUE
"1600014C23Rik",FALSE
"F630040K05Rik",TRUE
"Gm35692",FALSE
"4930542M03Rik",FALSE
"Gm41584",TRUE
"Gm49805",FALSE
"Vegfa",TRUE
"Gm36200",TRUE
"Mrps18a",TRUE
"Rsph9",TRUE
"Mad2l1bp",TRUE
"Gtpbp2",TRUE
"Polh",TRUE
"Xpo5",TRUE
"Polr1c",TRUE
"Yipf3",TRUE
"Lrrc73",TRUE
"Tjap1",TRUE
"Dlk2",TRUE
"Abcc10",TRUE
"Zfp318",TRUE
"Crip3",TRUE
"Slc22a7",TRUE
"Ttbk1",TRUE
"Gm47119",TRUE
"Dnph1",TRUE
"Cul9",TRUE
"Srf",TRUE
"Ptk7",TRUE
"Klc4",TRUE
"Mrpl2",TRUE
"Cul7",TRUE
"Rrp36",TRUE
"Klhdc3",TRUE
"Mea1",TRUE
"Ppp2r5d",TRUE
"Pex6",TRUE
"Gnmt",TRUE
"Cnpy3",TRUE
"Ptcra",TRUE
"2310039H08Rik",TRUE
"Rpl7l1",TRUE
"Bicral",TRUE
"Tbcc",TRUE
"Prph2",TRUE
"Ubr2",TRUE
"Trerf1",TRUE
"Mrps10",TRUE
"Guca1b",TRUE
"Guca1a",FALSE
"1700001C19Rik",TRUE
"AI661453",TRUE
"Taf8",TRUE
"Ccnd3",TRUE
"Bysl",TRUE
"Med20",TRUE
"Usp49",TRUE
"Tomm6",TRUE
"Tomm6os",TRUE
"Prickle4",TRUE
"Frs3",TRUE
"Frs3os",TRUE
"Pgc",TRUE
"Tfeb",TRUE
"Mdfi",TRUE
"Foxp4",TRUE
"Gm15556",TRUE
"1700122O11Rik",FALSE
"A730006G06Rik",TRUE
"1700067P10Rik",TRUE
"Gm49946",FALSE
"9830107B12Rik",FALSE
"A530064D06Rik",FALSE
"Trem1",FALSE
"Trem3",TRUE
"Treml4",TRUE
"Treml2",TRUE
"B430306N03Rik",TRUE
"Trem2",TRUE
"Treml1",TRUE
"Nfya",TRUE
"Oard1",TRUE
"Gm49893",TRUE
"Apobec2",TRUE
"Tspo2",TRUE
"Unc5cl",TRUE
"Gm49896",TRUE
"Gm45330",TRUE
"Lrfn2",TRUE
"1700008K24Rik",TRUE
"Gm17830",TRUE
"Gm20540",TRUE
"Mocs1",TRUE
"Daam2",TRUE
"Kif6",TRUE
"Gm16555",TRUE
"Gm16554",TRUE
"Rftn1",TRUE
"Gm49901",TRUE
"Gm37173",FALSE
"Gm41597",FALSE
"AY702103",FALSE
"Dazl",TRUE
"Gm49906",TRUE
"Plcl2",TRUE
"Tbc1d5",TRUE
"C330011F03Rik",FALSE
"Gm31143",TRUE
"Satb1",TRUE
"Gm20098",TRUE
"Gm19585",TRUE
"Gm41600",TRUE
"Gm49912",TRUE
"Gm5094",TRUE
"Gm27217",TRUE
"Kcnh8",TRUE
"Efhb",TRUE
"Rab5a",TRUE
"Gm49915",TRUE
"Pp2d1",TRUE
"Kat2b",TRUE
"Sgo1",TRUE
"Sult1c2",FALSE
"Sult1c1",TRUE
"Slc5a7",TRUE
"1700025K24Rik",TRUE
"Gm32055",FALSE
"St6gal2",TRUE
"Vmn2r118",TRUE
"Pot1b",TRUE
"Adgre4",TRUE
"Zfp119a",TRUE
"Zfp959",TRUE
"Zfp119b",TRUE
"Ebi3",TRUE
"Gm16712",TRUE
"Yju2",TRUE
"Shd",TRUE
"Fsd1",TRUE
"Stap2",TRUE
"Mpnd",TRUE
"Sh3gl1",TRUE
"Chaf1a",TRUE
"Ubxn6",TRUE
"Hdgfl2",TRUE
"Plin4",TRUE
"Plin5",TRUE
"Lrg1",TRUE
"Sema6b",TRUE
"Tnfaip8l1",TRUE
"Mydgf",TRUE
"Dpp9",TRUE
"A230051N06Rik",TRUE
"Fem1a",TRUE
"Ticam1",TRUE
"Plin3",TRUE
"Arrdc5",TRUE
"Uhrf1",TRUE
"Kdm4b",TRUE
"Ptprs",TRUE
"Znrf4",FALSE
"Gm20219",TRUE
"Safb2",TRUE
"Safb",TRUE
"Micos13",TRUE
"Rpl36",TRUE
"Lonp1",TRUE
"Catsperd",TRUE
"Ranbp3",TRUE
"Vmac",TRUE
"Ndufa11",TRUE
"Nrtn",TRUE
"Dus3l",TRUE
"Prr22",TRUE
"Rfx2",TRUE
"Acsbg2",TRUE
"1700061G19Rik",TRUE
"Mllt1",TRUE
"Acer1",TRUE
"Gm49887",FALSE
"Clpp",TRUE
"Alkbh7",TRUE
"Pspn",TRUE
"Gtf2f1",TRUE
"Gm17949",TRUE
"Khsrp",TRUE
"Slc25a41",TRUE
"Gm17168",TRUE
"Slc25a23",TRUE
"Crb3",TRUE
"Dennd1c",TRUE
"Gm49888",FALSE
"Tubb4a",TRUE
"Gm11110",TRUE
"Tnfsf9",TRUE
"Cd70",TRUE
"Tnfsf14",FALSE
"C3",TRUE
"Gpr108",TRUE
"Trip10",TRUE
"Vav1",TRUE
"Adgre1",TRUE
"Vmn2r120",TRUE
"Gm21834",FALSE
"Cntnap5c",TRUE
"A330072L02Rik",TRUE
"Pdzph1",TRUE
"Nudt12os",TRUE
"Nudt12",TRUE
"Gm49853",TRUE
"Gm29051",TRUE
"Gm33890",FALSE
"Gm49860",TRUE
"Efna5",TRUE
"Fbxl17",TRUE
"4930405O22Rik",TRUE
"Fer",TRUE
"A930002H24Rik",FALSE
"Pja2",TRUE
"AU016765",TRUE
"Man2a1",TRUE
"Gm17133",TRUE
"Dreh",FALSE
"4930583I09Rik",TRUE
"Tmem232",TRUE
"Vapa",TRUE
"Txndc2",TRUE
"Rab31",TRUE
"Ppp4r1",TRUE
"Ralbp1",TRUE
"Gm49870",TRUE
"Gm49871",TRUE
"Gm35550",TRUE
"Twsg1",TRUE
"Ankrd12",TRUE
"Ndufv2",TRUE
"Washc1",TRUE
"Ddx11",TRUE
"Gm20742",FALSE
"Gm49932",TRUE
"Mtcl1",TRUE
"Gm49937",TRUE
"Rab12",TRUE
"Gm49938",TRUE
"Themis3",TRUE
"Ptprm",TRUE
"1700016K05Rik",TRUE
"Gm47471",TRUE
"Gm9984",TRUE
"Gm36201",TRUE
"Lrrc30",FALSE
"Lama1",TRUE
"Arhgap28",TRUE
"Gm49944",TRUE
"Gm49945",FALSE
"Gm36252",FALSE
"L3mbtl4",TRUE
"Tmem200c",TRUE
"Gm38593",TRUE
"Epb41l3",TRUE
"2410021H03Rik",TRUE
"Gm36487",TRUE
"Gm49894",TRUE
"Zbtb14",TRUE
"A930029G22Rik",TRUE
"C030034I22Rik",TRUE
"Akain1",TRUE
"A730049N16Rik",TRUE
"Gm49895",TRUE
"Gm36594",TRUE
"Dlgap1",TRUE
"5031415H12Rik",TRUE
"Gm41609",TRUE
"Gm20703",TRUE
"Tgif1",TRUE
"Gm26510",TRUE
"Gm41611",TRUE
"Myl12b",TRUE
"Myl12a",TRUE
"Myom1",TRUE
"1600022D10Rik",TRUE
"Lpin2",TRUE
"Emilin2",TRUE
"4930471L23Rik",TRUE
"Gm4566",TRUE
"Smchd1",TRUE
"Gm4707",TRUE
"Ndc80",TRUE
"Spdya",TRUE
"Trmt61b",TRUE
"Gm30091",TRUE
"Wdr43",TRUE
"Togaram2",TRUE
"Gm15641",FALSE
"Pcare",FALSE
"Clip4",TRUE
"Alk",TRUE
"Ypel5",TRUE
"Lbh",TRUE
"Gm30420",FALSE
"Lclat1",TRUE
"E330032C10Rik",TRUE
"Capn13",TRUE
"Galnt14",TRUE
"Gm49876",TRUE
"Gm49878",TRUE
"D630014O11Rik",TRUE
"Ehd3",TRUE
"Xdh",TRUE
"Srd5a2",TRUE
"Gm31084",TRUE
"Memo1",TRUE
"Dpy30",TRUE
"Spast",TRUE
"Slc30a6",TRUE
"Nlrc4",TRUE
"Yipf4",TRUE
"Gm31645",TRUE
"Birc6",TRUE
"Gm26749",TRUE
"Ttc27",TRUE
"Gm50020",TRUE
"Gm50021",TRUE
"Gm31759",FALSE
"Gm31818",FALSE
"Ltbp1",TRUE
"Rasgrp3",TRUE
"Fam98a",TRUE
"Gm4710",TRUE
"Gm50028",TRUE
"Gm32282",TRUE
"Crim1",TRUE
"Fez2",TRUE
"Gm50034",TRUE
"Vit",TRUE
"Strn",TRUE
"Heatr5b",TRUE
"Gpatch11",TRUE
"Eif2ak2",TRUE
"Sult6b1",TRUE
"Cebpzos",TRUE
"Cebpz",TRUE
"Ndufaf7",TRUE
"Prkd3",TRUE
"Qpct",TRUE
"Cdc42ep3",TRUE
"Rmdn2",TRUE
"Cyp1b1",TRUE
"Gm33055",FALSE
"Gm49984",FALSE
"1700106O07Rik",FALSE
"Gm49985",FALSE
"Atl2",TRUE
"Gm41625",FALSE
"Hnrnpll",TRUE
"Galm",TRUE
"Srsf7",TRUE
"Ttc39d",TRUE
"Gemin6",TRUE
"Dhx57",TRUE
"Gm50087",TRUE
"Morn2",TRUE
"Arhgef33",TRUE
"Gm10190",FALSE
"Sos1",TRUE
"Cdkl4",TRUE
"Gm33373",TRUE
"Map4k3",TRUE
"C230072F16Rik",TRUE
"Tmem178",TRUE
"Thumpd2",TRUE
"Gm50044",TRUE
"Slc8a1",TRUE
"Gm11096",FALSE
"Gm19689",TRUE
"Gm29052",FALSE
"Gm46606",TRUE
"Pkdcc",TRUE
"Eml4",TRUE
"Cox7a2l",TRUE
"Kcng3",TRUE
"Mta3",TRUE
"Haao",TRUE
"C430042M11Rik",TRUE
"1810073O08Rik",FALSE
"Gm41639",TRUE
"Gm35229",FALSE
"Gm41638",FALSE
"8430430B14Rik",TRUE
"Gm35551",FALSE
"Gm49967",FALSE
"4933433H22Rik",TRUE
"Gm19696",TRUE
"Zfp36l2",TRUE
"Gm36279",TRUE
"Thada",TRUE
"Plekhh2",TRUE
"4930500A05Rik",TRUE
"Gm49969",TRUE
"Dync2li1",TRUE
"Abcg5",TRUE
"Abcg8",TRUE
"Lrpprc",TRUE
"Gm49981",FALSE
"1110020A21Rik",TRUE
"Ppm1b",TRUE
"Slc3a1",TRUE
"Prepl",TRUE
"Camkmt",TRUE
"Six3os1",TRUE
"Six3",TRUE
"Gm28528",TRUE
"Six2",FALSE
"CJ186046Rik",TRUE
"Gm29418",TRUE
"Gm30117",TRUE
"Srbd1",TRUE
"Prkce",TRUE
"2010106C02Rik",TRUE
"Gm10309",TRUE
"Epas1",TRUE
"Gm29168",FALSE
"Tmem247",FALSE
"Gm50011",TRUE
"Atp6v1e2",FALSE
"Rhoq",TRUE
"Gm50012",TRUE
"Pigf",TRUE
"Cript",TRUE
"Socs5",TRUE
"C330024C12Rik",TRUE
"Mcfd2",TRUE
"4833418N02Rik",TRUE
"Ttc7",TRUE
"Gm15978",TRUE
"0610012D04Rik",TRUE
"Stpg4",TRUE
"Calm2",TRUE
"Gm30794",TRUE
"Gm30938",TRUE
"Gm28676",FALSE
"Gm30984",TRUE
"Gm46587",FALSE
"Epcam",TRUE
"Msh2",TRUE
"Kcnk12",TRUE
"Gm50039",TRUE
"Rpl36-ps4",TRUE
"Msh6",TRUE
"Fbxo11",TRUE
"Gm26612",TRUE
"Gm31499",FALSE
"Gm31615",TRUE
"1700116H05Rik",TRUE
"Foxn2",TRUE
"Ppp1r21",TRUE
"Ston1",TRUE
"Gm50056",FALSE
"Gtf2a1l",TRUE
"Lhcgr",TRUE
"Fshr",TRUE
"4933400B14Rik",FALSE
"Gm4719",FALSE
"Gm50061",TRUE
"Gm10184",TRUE
"Gm41653",TRUE
"Nrxn1",TRUE
"4930480K15Rik",TRUE
"Gm10308",TRUE
"Gm15404",TRUE
"Gm49991",TRUE
"Gm41654",TRUE
"Adcyap1",TRUE
"Mettl4",TRUE
"Gm1976",TRUE
"Gm20939",TRUE
"Vmn1r238",FALSE
"Crem",TRUE
"Gm6225",TRUE
"Cul2",TRUE
"Bambi",TRUE
"Lyzl1",TRUE
"Map3k8",TRUE
"4833419F23Rik",TRUE
"Gm26865",TRUE
"Mtpap",TRUE
"Gm50023",TRUE
"Gm50024",TRUE
"Jcad",TRUE
"Gm10556",FALSE
"Svil",TRUE
"Gm26682",TRUE
"Zfp438",TRUE
"Gm50064",TRUE
"Gm50065",FALSE
"Gm10125",TRUE
"Gm26575",TRUE
"Zeb1",TRUE
"Gm34804",TRUE
"Arhgap12",TRUE
"Kif5b",TRUE
"Gm17036",TRUE
"Gm41664",TRUE
"Epc1",TRUE
"Gm28529",TRUE
"4921524L21Rik",TRUE
"Rab18",TRUE
"Gm50081",FALSE
"Gm2350",TRUE
"Mkx",TRUE
"Gm46633",TRUE
"Armc4",TRUE
"Mpp7",TRUE
"Gm9993",TRUE
"Wac",TRUE
"Gm35031",TRUE
"Fzd8",TRUE
"Gjd4",TRUE
"Ccny",TRUE
"Cetn1",FALSE
"Colec12",TRUE
"Thoc1",TRUE
"Usp14",TRUE
"Rock1",TRUE
"Greb1l",TRUE
"Esco1",TRUE
"Snrpd1",TRUE
"Abhd3",TRUE
"4930563E18Rik",TRUE
"Mib1",TRUE
"Mir133a-1hg",TRUE
"1010001N08Rik",TRUE
"Gata6",FALSE
"Rbbp8",TRUE
"Gm50069",TRUE
"Gm6277",TRUE
"Cables1",TRUE
"Tmem241",TRUE
"Riok3",TRUE
"Rmc1",TRUE
"Npc1",TRUE
"Gm15956",TRUE
"Ankrd29",TRUE
"Lama3",TRUE
"Gm29200",TRUE
"Ttc39c",TRUE
"Gm50063",TRUE
"Gm41668",TRUE
"Cabyr",TRUE
"Osbpl1a",TRUE
"Gm49970",TRUE
"Impact",TRUE
"Hrh4",TRUE
"Gm41669",TRUE
"AC103362.1",TRUE
"Zfp521",TRUE
"8430422H06Rik",TRUE
"Gm29992",TRUE
"Gm50097",FALSE
"Ss18",TRUE
"Psma8",TRUE
"Taf4b",TRUE
"Kctd1",TRUE
"4933424G05Rik",TRUE
"Gm2629",TRUE
"Gm50035",TRUE
"E430002N23Rik",TRUE
"A830021F12Rik",TRUE
"Aqp4",TRUE
"Gm50048",TRUE
"Chst9",TRUE
"Gm50076",FALSE
"Cdh2",TRUE
"Gm15485",TRUE
"Gm15328",TRUE
"1700001G01Rik",TRUE
"4930545E07Rik",TRUE
"Gm50084",TRUE
"Gm31086",TRUE
"Dsc3",TRUE
"Dsc2",TRUE
"Dsc1",TRUE
"Dsg1c",TRUE
"Dsg1a",TRUE
"Dsg1b",FALSE
"Dsg4",TRUE
"Dsg3",TRUE
"Dsg2",TRUE
"Gm16090",TRUE
"Ttr",TRUE
"B4galt6",TRUE
"Trappc8",TRUE
"Rnf125",TRUE
"Rnf138",TRUE
"Mep1b",TRUE
"Garem1",TRUE
"Gm50049",TRUE
"Klhl14",TRUE
"4930426D05Rik",TRUE
"Ccdc178",TRUE
"Asxl3",TRUE
"Nol4",TRUE
"Dtna",TRUE
"Gm47898",TRUE
"Gm15972",TRUE
"Mapre2",TRUE
"Zfp397",TRUE
"Zfp35",TRUE
"Zfp24",TRUE
"Ino80c",TRUE
"Galnt1",TRUE
"Gm38410",FALSE
"2700062C07Rik",TRUE
"Rprd1a",TRUE
"Slc39a6",TRUE
"Elp2",TRUE
"Mocos",TRUE
"Fhod3",TRUE
"Gm9955",FALSE
"Tpgs2",TRUE
"AW554918",TRUE
"Celf4",TRUE
"Gm3227",TRUE
"0710001A04Rik",TRUE
"Gm50304",TRUE
"Gm33228",TRUE
"Gm49976",TRUE
"Gm49978",TRUE
"Gm33674",FALSE
"BC051408",TRUE
"Gm33948",TRUE
"4930578E11Rik",TRUE
"4930527G23Rik",TRUE
"Gm49980",TRUE
"Pik3c3",TRUE
"Rit2",TRUE
"Syt4",TRUE
"Gm26658",TRUE
"Slc25a46",TRUE
"B930094E09Rik",FALSE
"Sap130",TRUE
"Ammecr1l",TRUE
"Gm26533",TRUE
"Polr2d",TRUE
"Wdr33",TRUE
"Sft2d3",TRUE
"Lims2",TRUE
"Gpr17",TRUE
"Myo7b",TRUE
"Gm16344",FALSE
"Iws1",TRUE
"4933435E02Rik",TRUE
"Proc",TRUE
"Gm26717",FALSE
"Map3k2",TRUE
"Ercc3",TRUE
"A830052D11Rik",TRUE
"Bin1",TRUE
"Gm35060",TRUE
"Gm44577",TRUE
"Gypc",TRUE
"Tslp",TRUE
"Wdr36",TRUE
"2310026I22Rik",TRUE
"Camk4",TRUE
"Stard4",TRUE
"Nrep",TRUE
"Gm10549",TRUE
"Epb41l4aos",TRUE
"Epb41l4a",TRUE
"Gm50265",FALSE
"Apc",TRUE
"Srp19",TRUE
"Reep5",TRUE
"Pkd2l2",TRUE
"Fam13b",TRUE
"Wnt8a",TRUE
"Nme5",TRUE
"4933408B17Rik",TRUE
"Brd8",TRUE
"Kif20a",TRUE
"Cdc23",TRUE
"Gfra3",TRUE
"Cdc25c",TRUE
"Gm3550",TRUE
"2010110K18Rik",TRUE
"Fam53c",TRUE
"Kdm3b",TRUE
"Reep2",TRUE
"Egr1",TRUE
"Etf1",TRUE
"Hspa9",TRUE
"Gm36037",TRUE
"Gm3587",TRUE
"Ctnna1",TRUE
"Lrrtm2",TRUE
"Gm50146",TRUE
"Sil1",TRUE
"Gm50145",TRUE
"Gm50149",FALSE
"Snhg4",TRUE
"Snhg4.1",TRUE
"Matr3",TRUE
"Gm50163",TRUE
"Paip2",TRUE
"Slc23a1",TRUE
"Mzb1",TRUE
"Prob1",TRUE
"Spata24",TRUE
"Dnajc18",TRUE
"1700066B19Rik",TRUE
"Ecscr",TRUE
"Tmem173",TRUE
"Ube2d2a",TRUE
"Cxxc5",TRUE
"Gm29417",TRUE
"Gm50399",TRUE
"Gm41693",FALSE
"Gm36315",TRUE
"C330008A17Rik",TRUE
"Gm50405",TRUE
"Psd2",TRUE
"Nrg2",TRUE
"4930471G03Rik",TRUE
"Pura",TRUE
"Igip",TRUE
"Cystm1",TRUE
"Pfdn1",TRUE
"Hbegf",TRUE
"Gm50199",TRUE
"Slc4a9",TRUE
"Ankhd1",TRUE
"Eif4ebp3",TRUE
"Sra1",TRUE
"Apbb3",TRUE
"Slc35a4",TRUE
"E230025N22Rik",TRUE
"Cd14",TRUE
"Tmco6",TRUE
"Ndufa2",TRUE
"Ik",TRUE
"Wdr55",TRUE
"Dnd1",TRUE
"Hars",TRUE
"Hars2",TRUE
"Zmat2",TRUE
"Pcdha1",TRUE
"Gm37751",TRUE
"Pcdha2",TRUE
"Pcdha3",TRUE
"Pcdha4",TRUE
"Gm38225",TRUE
"Pcdha5",TRUE
"Gm37753",TRUE
"Pcdha6",TRUE
"Pcdha7",TRUE
"Pcdha8",TRUE
"Pcdha9",TRUE
"Pcdha11",TRUE
"Gm10545",TRUE
"Pcdha11.1",TRUE
"Pcdha12",TRUE
"Pcdhac1",TRUE
"Pcdhac2",TRUE
"Gm10544",TRUE
"Gm38097",TRUE
"Pcdhb1",FALSE
"Pcdhb2",TRUE
"Pcdhb3",TRUE
"Pcdhb4",TRUE
"Pcdhb5",TRUE
"Pcdhb6",TRUE
"Pcdhb7",TRUE
"Pcdhb8",TRUE
"Pcdhb9",TRUE
"Pcdhb10",TRUE
"Pcdhb11",TRUE
"Gm37446",TRUE
"Pcdhb12",TRUE
"Pcdhb13",TRUE
"Pcdhb14",TRUE
"Pcdhb15",TRUE
"Pcdhb16",TRUE
"Pcdhb17",TRUE
"Pcdhb18",TRUE
"Pcdhb19",TRUE
"Pcdhb20",TRUE
"Pcdhb21",TRUE
"Pcdhb22",TRUE
"4930517L18Rik",FALSE
"Slc25a2",TRUE
"Taf7",TRUE
"3222401L13Rik",TRUE
"Pcdhga1",TRUE
"Gm37118",TRUE
"Pcdhga2",TRUE
"Pcdhga3",TRUE
"Pcdhgb1",TRUE
"Pcdhga4",TRUE
"Pcdhgb2",TRUE
"Pcdhga5",TRUE
"Pcdhga6",TRUE
"Gm37165",TRUE
"Pcdhga7",TRUE
"Pcdhgb4",TRUE
"Pcdhga8",TRUE
"Pcdhgb5",TRUE
"Pcdhga9",TRUE
"Pcdhgb6",TRUE
"Gm26672",TRUE
"Pcdhga10",TRUE
"Pcdhgb7",TRUE
"Pcdhga11",TRUE
"Pcdhga12",TRUE
"BC037039",TRUE
"Pcdhgc3",TRUE
"Pcdhgc4",TRUE
"Pcdhgc5",TRUE
"Gm38182",FALSE
"Gm29994",TRUE
"Diaph1",TRUE
"Hdac3",TRUE
"Rell2",TRUE
"Fchsd1",TRUE
"Arap3",TRUE
"Gm30093",TRUE
"Pcdh1",TRUE
"2010320O07Rik",TRUE
"1700086O06Rik",TRUE
"Dele1",TRUE
"Pcdh12",TRUE
"Rnf14",TRUE
"Gnpda1",TRUE
"Ndfip1",TRUE
"Spry4",TRUE
"9630014M24Rik",TRUE
"Fgf1",TRUE
"Gm5820",TRUE
"Arhgap26",TRUE
"Gm15334",FALSE
"Gm15336",TRUE
"Gm15337",TRUE
"Nr3c1",TRUE
"Gm50397",TRUE
"Gm30961",TRUE
"Pabpc2",FALSE
"Gm41708",TRUE
"Gm50395",TRUE
"Gm50396",FALSE
"Yipf5",TRUE
"Gm31087",TRUE
"Kctd16",TRUE
"Gm31019",TRUE
"C030017B01Rik",TRUE
"Gm31205",TRUE
"Gm50410",TRUE
"Prelid2",TRUE
"Grxcr2",TRUE
"Sh3rf2",TRUE
"Plac8l1",TRUE
"Lars",TRUE
"Gm4013",TRUE
"Rbm27",TRUE
"Pou4f3",FALSE
"Tcerg1",TRUE
"Gpr151",TRUE
"Gm50214",TRUE
"C030004G16Rik",TRUE
"Ppp2r2b",TRUE
"4933407I08Rik",TRUE
"4930588A03Rik",TRUE
"Stk32a",TRUE
"Dpysl3",TRUE
"Eif3j2",TRUE
"AC156546.1",TRUE
"Jakmip2",TRUE
"Spink1",TRUE
"Scgb3a2",FALSE
"Gm94",TRUE
"Gm41715",FALSE
"Gm50207",TRUE
"Spink5",FALSE
"Spink14",FALSE
"Spink6",TRUE
"Spink12",FALSE
"Gm37797",FALSE
"Gm10267",FALSE
"Spinkl",TRUE
"Spink11",FALSE
"Gm10542",FALSE
"Npy6r",TRUE
"Gm41717",TRUE
"Myot",FALSE
"Dcp2",TRUE
"Mcc",TRUE
"A930012L18Rik",TRUE
"Ythdc2",TRUE
"Gm31706",TRUE
"Kcnn2",TRUE
"A330093E20Rik",TRUE
"Trim36",TRUE
"Pggt1b",TRUE
"Ccdc112",TRUE
"Gm4107",TRUE
"Fem1c",TRUE
"Ticam2",TRUE
"Tmed7",TRUE
"Eif1a",TRUE
"Gm3734",TRUE
"Cdo1",TRUE
"Atg12",TRUE
"Ap3s1",TRUE
"Lvrn",TRUE
"Arl14epl",TRUE
"Gm49974",TRUE
"Commd10",TRUE
"Hspe1-rs1",TRUE
"Gm49975",TRUE
"Sema6a",TRUE
"Gm50086",FALSE
"9130209A04Rik",TRUE
"Gm50223",TRUE
"Gm5095",TRUE
"Gm41720",TRUE
"Gm4146",TRUE
"G630055G22Rik",TRUE
"Eno1b",TRUE
"Gm50229",TRUE
"1700044K03Rik",FALSE
"Dtwd2",TRUE
"Gm16283",TRUE
"1700065O20Rik",TRUE
"Dmxl1",TRUE
"Tnfaip8",TRUE
"C030005K06Rik",TRUE
"Hsd17b4",TRUE
"Fam170a",FALSE
"Pudp",TRUE
"Prr16",TRUE
"Gm50446",FALSE
"Ftmt",FALSE
"Srfbp1",TRUE
"Lox",TRUE
"Gm41724",TRUE
"Zfp474",TRUE
"1700034E13Rik",TRUE
"Gykl1",FALSE
"Sncaip",TRUE
"Ancv1r",TRUE
"Snx2",TRUE
"Snx24",TRUE
"Ppic",TRUE
"Prdm6",TRUE
"Gm19466",TRUE
"Cep120",TRUE
"Csnk1g3",TRUE
"Redrum",TRUE
"Gm50361",TRUE
"4933434P08Rik",FALSE
"9330117O12Rik",TRUE
"Gm33732",TRUE
"Zfp608",TRUE
"Gm4221",TRUE
"AC163347.1",TRUE
"Gm4230",TRUE
"Gramd3",TRUE
"Aldh7a1",TRUE
"Phax",TRUE
"Tex43",TRUE
"Gm50288",FALSE
"Lmnb1",TRUE
"March3",TRUE
"Gm15345",TRUE
"C330018D20Rik",TRUE
"Megf10",TRUE
"Gm50201",FALSE
"Prrc1",TRUE
"4930511M06Rik",TRUE
"Gm19500",TRUE
"Ctxn3",TRUE
"1700066O22Rik",FALSE
"Ccdc192",TRUE
"2210409D07Rik",TRUE
"Gm19519",TRUE
"Slc12a2",TRUE
"Fbn2",TRUE
"Slc27a6",TRUE
"Isoc1",TRUE
"Gm50227",FALSE
"Adamts19",TRUE
"Minar2",TRUE
"Chsy3",TRUE
"Gm38695",TRUE
"Gm4951",TRUE
"Gm4841",FALSE
"Gm50237",TRUE
"F830016B08Rik",TRUE
"Iigp1",TRUE
"Smim3",TRUE
"Dctn4",TRUE
"Rbm22",TRUE
"Myoz3",TRUE
"Synpo",TRUE
"Ndst1",TRUE
"Rps14",TRUE
"Cd74",TRUE
"Tcof1",TRUE
"Arsi",TRUE
"Camk2a",TRUE
"Slc6a7",TRUE
"Cdx1",FALSE
"Pdgfrb",TRUE
"Csf1r",TRUE
"Hmgxb3",TRUE
"Slc26a2",TRUE
"Pde6a",TRUE
"Ppargc1b",TRUE
"Lncbate10",TRUE
"Gm46637",TRUE
"Arhgef37",TRUE
"Csnk1a1",TRUE
"Bvht",TRUE
"Carmn",TRUE
"Il17b",TRUE
"Gm38165",TRUE
"Pcyox1l",TRUE
"Grpel2",TRUE
"1500015A07Rik",TRUE
"Afap1l1",TRUE
"Ablim3",TRUE
"Sh3tc2",TRUE
"Gm41750",TRUE
"Adrb2",TRUE
"Gm9949",TRUE
"Htr4",TRUE
"Fbxo38",TRUE
"Spink10",TRUE
"Gm36368",TRUE
"Spink7",TRUE
"Spink13",TRUE
"2700046A07Rik",TRUE
"Gm50128",TRUE
"Apcdd1",TRUE
"Napg",TRUE
"Piezo2",TRUE
"Gm26972",TRUE
"Txnl1",TRUE
"Wdr7",TRUE
"Gm50106",TRUE
"St8sia3os",TRUE
"St8sia3",TRUE
"Onecut2",TRUE
"Fech",TRUE
"Nars",TRUE
"Atp8b1",TRUE
"Gm50353",FALSE
"Gm29860",FALSE
"A330084C13Rik",TRUE
"Nedd4l",TRUE
"Gm50368",TRUE
"Gm29966",TRUE
"Alpk2",TRUE
"F730048M01Rik",FALSE
"Gm41757",TRUE
"Gm50221",FALSE
"Gm50228",FALSE
"Malt1",TRUE
"Gm30018",TRUE
"Gm41760",TRUE
"Zfp532",TRUE
"Gm50115",TRUE
"AC132307.1",TRUE
"Oacyl",TRUE
"Sec11c",TRUE
"Gm30094",TRUE
"Grp",TRUE
"Rax",TRUE
"Raxos1",FALSE
"Cplx4",TRUE
"Lman1",TRUE
"Gm50142",FALSE
"Ccbe1",TRUE
"Gm50143",TRUE
"Gm15958",TRUE
"Pmaip1",TRUE
"Gm9926",TRUE
"Gm50161",FALSE
"Gm30190",TRUE
"Gm22219",FALSE
"Gm50162",TRUE
"Mc4r",TRUE
"Gm19784",TRUE
"Gm50164",TRUE
"Gm50165",FALSE
"Gm50166",TRUE
"Gnal",TRUE
"Gm50169",TRUE
"Chmp1b",TRUE
"Mppe1",TRUE
"Impa2",TRUE
"B430212C06Rik",TRUE
"Cidea",TRUE
"Tubb6",TRUE
"Afg3l2",TRUE
"Prelid3a",TRUE
"Spire1",TRUE
"Cep76",TRUE
"Psmg2",TRUE
"Ptpn2",TRUE
"4930549G23Rik",TRUE
"Gm26910",TRUE
"Seh1l",TRUE
"Cep192",TRUE
"Ldlrad4",TRUE
"Gm41764",TRUE
"Fam210a",TRUE
"Rnmt",TRUE
"Mc5r",TRUE
"Mc2r",TRUE
"Gm29677",FALSE
"Gm30641",TRUE
"Gm50260",TRUE
"4930546C10Rik",TRUE
"Gm31294",TRUE
"A730085E03Rik",FALSE
"Gm4402",FALSE
"Tcf4",TRUE
"Gm50215",TRUE
"Ccdc68",TRUE
"1700061H18Rik",TRUE
"4930448D08Rik",FALSE
"Rab27b",TRUE
"Dynap",FALSE
"AC124764.1",TRUE
"4930503L19Rik",TRUE
"Stard6",TRUE
"Poli",TRUE
"Mbd2",TRUE
"Gm50261",TRUE
"Dcc",TRUE
"Gm31819",TRUE
"Gm31908",FALSE
"Mex3c",TRUE
"Smad4",TRUE
"Gm32548",TRUE
"Elac1",TRUE
"Me2",TRUE
"Mro",TRUE
"Mapk4",TRUE
"D730045A05Rik",TRUE
"Gm9925",TRUE
"Ska1",TRUE
"Cxxc1",TRUE
"Mbd1",TRUE
"Cfap53",TRUE
"Myo5b",TRUE
"1700120E14Rik",TRUE
"Acaa2",TRUE
"Lipg",TRUE
"9030625G05Rik",FALSE
"Rpl17",TRUE
"BC031181",TRUE
"Dym",TRUE
"Gm20544",TRUE
"Smad7",TRUE
"Ctif",TRUE
"Gm10532",TRUE
"1700034B16Rik",FALSE
"Zbtb7c",TRUE
"1700003O11Rik",TRUE
"2900057B20Rik",TRUE
"BC026513",TRUE
"Smad2",TRUE
"Gm31933",FALSE
"Skor2",FALSE
"Ier3ip1",TRUE
"Hdhd2",TRUE
"Katnal2",TRUE
"Pias2",TRUE
"Gm7276",TRUE
"St8sia5",TRUE
"Gm50284",TRUE
"Loxhd1",TRUE
"Rnf165",TRUE
"8030462N17Rik",TRUE
"A330094K24Rik",FALSE
"Haus1",TRUE
"Atp5a1",TRUE
"Pstpip2",TRUE
"F830208F22Rik",TRUE
"Epg5",TRUE
"Siglec15",TRUE
"Slc14a1",TRUE
"Slc14a2",TRUE
"Gm6133",TRUE
"4931439C15Rik",TRUE
"Setbp1",TRUE
"Pard6g",TRUE
"Gm21886",FALSE
"Adnp2",TRUE
"Gm41787",TRUE
"Rbfaos",TRUE
"Rbfa",TRUE
"Gm16286",TRUE
"Txnl4a",TRUE
"Hsbp1l1",TRUE
"Pqlc1",TRUE
"Kcng2",TRUE
"Gm26676",TRUE
"Ctdp1",TRUE
"Gm50209",TRUE
"Gm41790",TRUE
"Nfatc1",TRUE
"Gm50211",TRUE
"Atp9b",TRUE
"Gm47272",TRUE
"Sall3",TRUE
"Gm27239",TRUE
"Gm50424",FALSE
"Gm50423",FALSE
"4930594M17Rik",TRUE
"Gm30192",FALSE
"Gm30288",TRUE
"Gm50412",FALSE
"Gm41792",FALSE
"Gm50414",FALSE
"Gm50290",FALSE
"Gm50291",FALSE
"Gm46614",TRUE
"Gm30454",FALSE
"Gm50292",FALSE
"Gm30593",TRUE
"Gm50294",FALSE
"Gm50298",FALSE
"B020010K11Rik",TRUE
"Galr1",TRUE
"Mbp",TRUE
"Zfp236",TRUE
"Gm46620",TRUE
"Gm50350",TRUE
"Gm41793",TRUE
"Gm50351",TRUE
"2210420H20Rik",TRUE
"Gm50356",TRUE
"4930445N18Rik",TRUE
"Gm30889",FALSE
"Zfp516",TRUE
"4930592I03Rik",TRUE
"AC142100.1",TRUE
"Gm50437",TRUE
"1700095A13Rik",TRUE
"4921531P14Rik",TRUE
"Gm31265",TRUE
"Gm31503",FALSE
"Gm50413",FALSE
"4933401L05Rik",FALSE
"Gm50415",FALSE
"Gm50416",TRUE
"Gm50417",TRUE
"Gm50418",FALSE
"Gm31621",TRUE
"Gm50419",FALSE
"Tshz1",TRUE
"Zadh2",TRUE
"Gm31854",TRUE
"Gm50309",FALSE
"Zfp407",TRUE
"Gm50311",TRUE
"Cndp1",TRUE
"Gm50314",TRUE
"Cndp2",TRUE
"D030046N08Rik",TRUE
"Dipk1c",TRUE
"Gm38576",TRUE
"Gm17266",TRUE
"Cyb5a",TRUE
"Gm16146",TRUE
"Fbxo15",TRUE
"Timm21",TRUE
"Gm50370",TRUE
"Neto1",TRUE
"Gm50384",TRUE
"Gm50386",TRUE
"Cbln2",TRUE
"Gm5096",FALSE
"Gm50401",TRUE
"Socs6",TRUE
"Rttn",TRUE
"Cd226",TRUE
"Dok6",TRUE
"Gm18280",TRUE
"Tmx3",TRUE
"Gm45871",TRUE
"1700030N03Rik",TRUE
"Gm50428",FALSE
"Gm50427",FALSE
"Gm50426",FALSE
"Ighmbp2",TRUE
"Mrpl21",TRUE
"Cpt1a",TRUE
"Tesmin",TRUE
"Gal",TRUE
"Ppp6r3",TRUE
"Gm48696",TRUE
"Gm48683",TRUE
"Lrp5",TRUE
"Gm36608",TRUE
"1810055G02Rik",TRUE
"Gm36787",TRUE
"Gm50375",TRUE
"Kmt5b",TRUE
"Gm16066",TRUE
"Chka",TRUE
"Gm50383",TRUE
"Tcirg1",TRUE
"Ndufs8",TRUE
"Aldh3b1",TRUE
"Unc93b1",TRUE
"Aldh3b3",TRUE
"Aldh3b2",TRUE
"Acy3",TRUE
"Tbx10",TRUE
"4833408A19Rik",TRUE
"Nudt8",TRUE
"Gm16312",TRUE
"Doc2g",TRUE
"Ndufv1",TRUE
"Gstp1",TRUE
"Gstp2",TRUE
"Gstp3",FALSE
"Cabp2",FALSE
"Cdk2ap2",TRUE
"Pitpnm1",TRUE
"Aip",TRUE
"Tmem134",TRUE
"Cabp4",TRUE
"Gpr152",TRUE
"Coro1b",TRUE
"Ptprcap",TRUE
"Rps6kb2",TRUE
"Carns1",TRUE
"Gm17552",TRUE
"Tbc1d10c",TRUE
"Ppp1ca",TRUE
"Gm50251",FALSE
"Rad9a",TRUE
"Gm30082",TRUE
"Clcf1",TRUE
"Pold4",TRUE
"1500032F14Rik",TRUE
"Ssh3",TRUE
"Ankrd13d",TRUE
"Gm50152",TRUE
"Grk2",TRUE
"Kdm2a",TRUE
"Rhod",TRUE
"A930001C03Rik",TRUE
"Syt12",TRUE
"2010003K11Rik",FALSE
"Pcx",TRUE
"Lrfn4",TRUE
"Rce1",TRUE
"Gm960",TRUE
"Sptbn2",TRUE
"Rbm4b",TRUE
"Rbm4",TRUE
"Rbm14",TRUE
"Gm21844",TRUE
"Ccs",TRUE
"Ccdc87",TRUE
"Ctsf",TRUE
"Actn3",TRUE
"Zdhhc24",TRUE
"Bbs1",TRUE
"Dpp3",TRUE
"Peli3",TRUE
"Mrpl11",TRUE
"Npas4",TRUE
"Slc29a2",TRUE
"B4gat1",TRUE
"Brms1",TRUE
"Rin1",TRUE
"Cd248",TRUE
"Tmem151a",TRUE
"Gm46658",TRUE
"Yif1a",TRUE
"Cnih2",TRUE
"Rab1b",TRUE
"Klc2",TRUE
"Gm10817",TRUE
"Pacs1",TRUE
"Sf3b2",TRUE
"Gm50203",TRUE
"Gal3st3",TRUE
"Gm42064",TRUE
"Catsper1",TRUE
"Cst6",TRUE
"Banf1",TRUE
"Eif1ad",TRUE
"Sart1",TRUE
"D330050I16Rik",TRUE
"Tsga10ip",TRUE
"4930481A15Rik",TRUE
"Drap1",TRUE
"AI837181",TRUE
"Fosl1",TRUE
"Ccdc85b",TRUE
"Fibp",TRUE
"Ctsw",TRUE
"Efemp2",TRUE
"Mus81",TRUE
"Cfl1",TRUE
"Snx32",TRUE
"1700020D05Rik",TRUE
"Ovol1",TRUE
"1810058N15Rik",FALSE
"Ap5b1",TRUE
"Rnaseh2c",TRUE
"Kat5",TRUE
"Rela",TRUE
"Sipa1",TRUE
"Pcnx3",TRUE
"Map3k11",TRUE
"Gm50315",TRUE
"Kcnk7",TRUE
"Ehbp1l1",TRUE
"Gm16538",TRUE
"Fam89b",TRUE
"Znrd2",TRUE
"Ltbp3",TRUE
"Scyl1",TRUE
"Malat1",TRUE
"Neat1",TRUE
"Frmd8os",TRUE
"Frmd8",TRUE
"Slc25a45",TRUE
"Tigd3",TRUE
"Dpf2",TRUE
"Gm42067",TRUE
"Cdc42ep2",TRUE
"Pola2",TRUE
"Slc22a20",TRUE
"Capn1",TRUE
"Gm10814",TRUE
"Syvn1",TRUE
"Mrpl49",TRUE
"Fau",TRUE
"Znhit2",TRUE
"Tm7sf2",TRUE
"Vps51",TRUE
"Tmem262",TRUE
"Zfpl1",TRUE
"Cdca5",TRUE
"Gm550",TRUE
"Naaladl1",TRUE
"Sac3d1",TRUE
"Snx15",TRUE
"Arl2",TRUE
"Batf2",TRUE
"Majin",TRUE
"Gpha2",TRUE
"Ppp2r5b",TRUE
"Atg2a",TRUE
"Gm14963",TRUE
"Ehd1",TRUE
"Cdc42bpg",TRUE
"Men1",TRUE
"Map4k2",TRUE
"Gm14966",TRUE
"Sf1",TRUE
"Pygm",TRUE
"Rasgrp2",TRUE
"Gm14965",TRUE
"Nrxn2",TRUE
"Gm14964",TRUE
"Slc22a12",TRUE
"2410152P15Rik",TRUE
"Gm14968",FALSE
"CAAA01066123.1",TRUE
"Rps6ka4",TRUE
"Ccdc88b",TRUE
"Prdx5",TRUE
"Trmt112",TRUE
"Esrra",TRUE
"Catsperz",TRUE
"Kcnk4",TRUE
"Gpr137",TRUE
"Bad",TRUE
"Plcb3",TRUE
"Ppp1r14b",TRUE
"Fkbp2",TRUE
"Vegfb",TRUE
"Dnajc4",TRUE
"Nudt22",TRUE
"Trpt1",TRUE
"Fermt3",TRUE
"Stip1",TRUE
"Macrod1",TRUE
"AC109619.1",TRUE
"Flrt1",TRUE
"Otub1",TRUE
"Cox8a",TRUE
"Naa40",TRUE
"Rcor2",TRUE
"Mark2",TRUE
"Gm17227",TRUE
"Spindoc",TRUE
"Gm50232",TRUE
"1700105P06Rik",TRUE
"2700081O15Rik",TRUE
"Rtn3",TRUE
"Atl3",TRUE
"Plaat3",TRUE
"Lgals12",TRUE
"Plaat5",TRUE
"Slc22a19",TRUE
"Slc22a26",FALSE
"Slc22a27",TRUE
"Slc22a28",FALSE
"Slc22a29",FALSE
"Gm41804",TRUE
"Slc22a30",TRUE
"Slc22a8",TRUE
"Slc22a6",TRUE
"9830166K06Rik",TRUE
"Chrm1",TRUE
"Slc3a2",TRUE
"Snhg1",TRUE
"Wdr74",TRUE
"1700092M07Rik",TRUE
"Stx5a",TRUE
"Nxf1",TRUE
"Tmem223",TRUE
"Tmem179b",TRUE
"Taf6l",TRUE
"Polr2g",TRUE
"Zbtb3",TRUE
"Ttc9c",TRUE
"Hnrnpul2",TRUE
"Gng3",TRUE
"Bscl2",TRUE
"Lrrn4cl",TRUE
"Ubxn1",TRUE
"Uqcc3",TRUE
"Lbhd1",TRUE
"Gm49403",FALSE
"1810009A15Rik",TRUE
"Ints5",TRUE
"Ganab",TRUE
"B3gat3",TRUE
"Rom1",TRUE
"Eml3",TRUE
"Gm10353",TRUE
"Mta2",TRUE
"Tut1",TRUE
"Eef1g",TRUE
"Ahnak",TRUE
"Scgb1a1",FALSE
"Asrgl1",TRUE
"Gm9750",TRUE
"Gm50321",TRUE
"Scgb2a2",FALSE
"Gm50322",TRUE
"Incenp",TRUE
"Gm50340",TRUE
"Gm36913",TRUE
"Fth1",TRUE
"Best1",TRUE
"Rab3il1",TRUE
"Fads3",TRUE
"Fads2",TRUE
"Fads1",TRUE
"Gm10143",TRUE
"Fen1",TRUE
"Tmem258",TRUE
"Myrf",TRUE
"Dagla",TRUE
"Gm30042",TRUE
"Syt7",TRUE
"Lrrc10b",TRUE
"Ppp1r32",TRUE
"Sdhaf2",TRUE
"Cpsf7",TRUE
"Tmem216",TRUE
"Tmem138",TRUE
"Cyb561a3",TRUE
"Tkfc",TRUE
"Ddb1",TRUE
"Vwce",TRUE
"4930524O05Rik",TRUE
"Pga5",TRUE
"2210404E10Rik",FALSE
"Vps37c",TRUE
"Cd5",TRUE
"A430093F15Rik",TRUE
"Cd6",TRUE
"Slc15a3",TRUE
"Gm10802",FALSE
"Tmem132a",TRUE
"Tmem109",TRUE
"Prpf19",TRUE
"Zp1",FALSE
"Ptgdr2",TRUE
"Ccdc86",TRUE
"Ms4a10",TRUE
"Ms4a15",FALSE
"Ms4a18",FALSE
"Gm28347",FALSE
"AW112010",TRUE
"Ms4a8a",TRUE
"1700017D01Rik",TRUE
"1700025F22Rik",TRUE
"Ms4a13",FALSE
"4930526L06Rik",TRUE
"Ms4a12",TRUE
"Ms4a1",TRUE
"Ms4a5",FALSE
"Ms4a14",TRUE
"Ms4a7",TRUE
"Gm28935",FALSE
"Ms4a4a",TRUE
"Ms4a4c",TRUE
"Ms4a4b",TRUE
"Ms4a6c",TRUE
"BE692007",TRUE
"Gm8369",TRUE
"Gm19261",FALSE
"Ms4a6b",TRUE
"Ms4a4d",TRUE
"Ms4a6d",TRUE
"Ms4a2",FALSE
"Ms4a3",FALSE
"Oosp2",FALSE
"Oosp1",FALSE
"Oosp3",TRUE
"Cblif",TRUE
"Mrpl16",TRUE
"Stx3",TRUE
"Olfr1417",TRUE
"Olfr1418",TRUE
"Olfr1419",TRUE
"Olfr1420",TRUE
"Patl1",TRUE
"Osbp",TRUE
"Olfr1423",TRUE
"Olfr1424",FALSE
"Olfr1425",TRUE
"Olfr1426",TRUE
"Olfr1427",TRUE
"Olfr1428",FALSE
"Olfr76",TRUE
"Olfr1555-ps1",FALSE
"Olfr1431",TRUE
"Olfr1432",TRUE
"Olfr262",FALSE
"Olfr235",FALSE
"Olfr1434",FALSE
"Olfr1436",FALSE
"Olfr1437",FALSE
"Olfr1438-ps1",TRUE
"Olfr1440",FALSE
"Olfr1441",FALSE
"Pfpl",FALSE
"Mpeg1",TRUE
"Dtx4",TRUE
"A330040F15Rik",TRUE
"Gm47243",TRUE
"Gm47242",FALSE
"Fam111a",TRUE
"Gm4952",TRUE
"Glyat",TRUE
"Olfr1442",FALSE
"Olfr1443",FALSE
"Keg1",TRUE
"Gm15962",FALSE
"Cntf",TRUE
"Zfp91",TRUE
"Lpxn",TRUE
"Gm5244",FALSE
"Olfr1444",FALSE
"Olfr1445",FALSE
"Olfr1446",FALSE
"Olfr1447",FALSE
"Olfr1448",FALSE
"Olfr1449",FALSE
"Olfr1450",FALSE
"Olfr1451",FALSE
"Olfr1453",FALSE
"Olfr1454",FALSE
"Olfr1457",FALSE
"Olfr1458",FALSE
"Olfr1459",TRUE
"Olfr1461",FALSE
"Olfr1462",FALSE
"Olfr1463",FALSE
"Olfr1465",FALSE
"Olfr1466",FALSE
"Olfr1467",FALSE
"Olfr1469",FALSE
"Olfr1471",FALSE
"Olfr1472",FALSE
"Olfr1474",FALSE
"Olfr1475",FALSE
"Olfr1477",FALSE
"Olfr1480",FALSE
"Olfr1484",FALSE
"Olfr1487",FALSE
"Olfr1489",FALSE
"Olfr1490",FALSE
"Olfr1491",FALSE
"Olfr1493-ps1",FALSE
"Olfr1494",FALSE
"Olfr1495",FALSE
"Olfr1496",FALSE
"Olfr1497",FALSE
"Olfr1499",FALSE
"Olfr1500",FALSE
"Olfr1501",FALSE
"Olfr1502",FALSE
"Olfr1504",FALSE
"Olfr1505",FALSE
"Tle4",TRUE
"Gm50348",TRUE
"Psat1",TRUE
"Cep78",TRUE
"C130060C02Rik",TRUE
"Gnaq",TRUE
"Gm50362",FALSE
"Gna14",TRUE
"Vps13a",TRUE
"Gm32341",TRUE
"Foxb2",FALSE
"Prune2",TRUE
"Gm50276",FALSE
"Gm50277",TRUE
"Gcnt1",TRUE
"Rfk",TRUE
"Pcsk5",TRUE
"Gm50181",TRUE
"Gm50182",TRUE
"Ostf1",TRUE
"Nmrk1",TRUE
"Carnmt1",TRUE
"D030056L22Rik",TRUE
"Gm50202",FALSE
"Trpm6",TRUE
"Rorb",TRUE
"Gm50212",TRUE
"Gm41815",TRUE
"Gm50216",TRUE
"Gm3728",TRUE
"Gm32629",FALSE
"1500015L24Rik",TRUE
"Anxa1",TRUE
"C730002L08Rik",TRUE
"Aldh1a1",TRUE
"Aldh1a7",TRUE
"Tmc1",TRUE
"Gm32750",TRUE
"4930554I06Rik",FALSE
"AC106834.1",TRUE
"Gm50236",FALSE
"Zfand5",TRUE
"Gm50255",TRUE
"Gda",TRUE
"1110059E24Rik",TRUE
"Abhd17b",TRUE
"Cemip2",TRUE
"Gm50130",TRUE
"Gm50133",FALSE
"Gm41819",FALSE
"Gm50134",FALSE
"Trpm3",TRUE
"Gm27151",TRUE
"C330002G04Rik",TRUE
"Gm50136",TRUE
"2410080I02Rik",TRUE
"Klf9",TRUE
"Smc5",TRUE
"Gm41821",TRUE
"Mamdc2",TRUE
"Gm50445",TRUE
"1700028P14Rik",TRUE
"Ptar1",TRUE
"Gm50299",FALSE
"Apba1",TRUE
"Gm50301",TRUE
"Fam189a2",TRUE
"1700021P04Rik",FALSE
"Tjp2",TRUE
"Fxn",TRUE
"Pip5k1b",TRUE
"Pip5k1bos",TRUE
"Fam122a",TRUE
"Gm50341",TRUE
"Tmem252",TRUE
"Pgm5",TRUE
"Gm10053",TRUE
"Foxd4",FALSE
"Cbwd1",TRUE
"Dock8",TRUE
"Kank1",TRUE
"Dmrt1",TRUE
"Dmrt3",TRUE
"2610016A17Rik",FALSE
"Dmrt2",TRUE
"1700048O14Rik",FALSE
"Gm50376",TRUE
"Gm50377",TRUE
"Gm50378",TRUE
"Gm34808",TRUE
"Gm48775",TRUE
"Smarca2",TRUE
"Gm20616",TRUE
"4931403E22Rik",TRUE
"Gm815",TRUE
"Gm35438",TRUE
"Gm35438.1",TRUE
"Vldlr",TRUE
"Gm50114",TRUE
"Kcnv2",TRUE
"Gm35554",TRUE
"Pum3",TRUE
"Rfx3",TRUE
"Gm20407",TRUE
"Gm28228",FALSE
"Glis3",TRUE
"4933413C19Rik",TRUE
"D930032P07Rik",TRUE
"Slc1a1",TRUE
"4430402I18Rik",TRUE
"Plpp6",TRUE
"Cdc37l1",TRUE
"Ak3",TRUE
"1700018L02Rik",TRUE
"Gm9895",TRUE
"Rcl1",TRUE
"Jak2",TRUE
"Insl6",TRUE
"Rln1",TRUE
"Plgrkt",TRUE
"Cd274",TRUE
"Gm36043",TRUE
"Pdcd1lg2",TRUE
"A930007I19Rik",TRUE
"Ric1",TRUE
"Ermp1",TRUE
"Mlana",TRUE
"9930021J03Rik",TRUE
"Gm50373",TRUE
"Ranbp6",TRUE
"Il33",TRUE
"Trpd52l3",FALSE
"Uhrf2",TRUE
"Gldc",TRUE
"Mbl2",TRUE
"Dkk1",FALSE
"Prkg1",TRUE
"Cstf2t",TRUE
"A1cf",TRUE
"9130016M20Rik",FALSE
"Asah2",TRUE
"Sgms1",TRUE
"Gm50210",TRUE
"2700046G09Rik",TRUE
"Rpl9-ps6",TRUE
"Minpp1",TRUE
"Gm36419",TRUE
"Papss2",TRUE
"Atad1",TRUE
"Pten",TRUE
"Gm36860",TRUE
"Gm29863",TRUE
"Gm29946",TRUE
"Lipo4",FALSE
"Lipo3",TRUE
"Gm8978",FALSE
"Lipo2",FALSE
"Lipo1",FALSE
"Lipf",FALSE
"Lipk",TRUE
"Lipn",TRUE
"Lipm",TRUE
"Ankrd22",TRUE
"Stambpl1",TRUE
"Acta2",TRUE
"Fas",TRUE
"Ch25h",TRUE
"Gm26902",TRUE
"Lipa",TRUE
"Ifit2",TRUE
"Ifit3",TRUE
"Ifit1bl1",TRUE
"Ifit3b",TRUE
"Ifit1bl2",TRUE
"Ifit1",TRUE
"Slc16a12",TRUE
"Pank1",TRUE
"Kif20b",TRUE
"Gm50137",TRUE
"Gm50140",TRUE
"Gm41836",TRUE
"A830019P07Rik",TRUE
"Htr7",TRUE
"Rpp30",TRUE
"Ankrd1",TRUE
"Gm32081",TRUE
"Gm32027",TRUE
"Gm50147",TRUE
"Gm47735",FALSE
"Pcgf5",TRUE
"F530104D19Rik",TRUE
"Hectd2",TRUE
"Hectd2os",TRUE
"Ppp1r3c",TRUE
"Tnks2",TRUE
"Fgfbp3",TRUE
"Btaf1",TRUE
"Cpeb3",TRUE
"A330032B11Rik",TRUE
"March5",TRUE
"Ide",TRUE
"Kif11",TRUE
"Hhex",TRUE
"1700122C19Rik",FALSE
"Exoc6",TRUE
"Cyp26c1",TRUE
"Cyp26a1",TRUE
"Myof",TRUE
"I830134H01Rik",TRUE
"Cep55",TRUE
"Ffar4",TRUE
"Rbp4",TRUE
"Pde6c",TRUE
"Fra10ac1",TRUE
"Lgi1",TRUE
"Gm42723",TRUE
"Slc35g1",TRUE
"Plce1",TRUE
"Gm28991",TRUE
"Noc3l",TRUE
"Tbc1d12",TRUE
"Hells",TRUE
"Cyp2c55",TRUE
"Cyp2c65",TRUE
"Cyp2c66",TRUE
"Cyp2c29",TRUE
"Cyp2c38",TRUE
"Cyp2c39",TRUE
"Cyp2c67",FALSE
"Cyp2c68",TRUE
"Cyp2c40",FALSE
"Cyp2c69",TRUE
"Cyp2c37",FALSE
"Cyp2c54",TRUE
"Cyp2c50",FALSE
"Cyp2c70",FALSE
"Pdlim1",TRUE
"Sorbs1",TRUE
"A930028N01Rik",TRUE
"Aldh18a1",TRUE
"Gm27042",TRUE
"Tctn3",TRUE
"Entpd1",TRUE
"Gm50132",FALSE
"Cc2d2b",TRUE
"Ccnj",TRUE
"E030044B06Rik",TRUE
"Zfp518a",TRUE
"Blnk",TRUE
"Dntt",TRUE
"Opalin",TRUE
"Tll2",TRUE
"Tm9sf3",TRUE
"Pik3ap1",TRUE
"Lcor",TRUE
"Slit1",TRUE
"Arhgap19",TRUE
"Frat1",TRUE
"Frat2",TRUE
"Rrp12",TRUE
"Pgam1",TRUE
"Exosc1",TRUE
"Zdhhc16",TRUE
"Mms19",TRUE
"Ubtd1",TRUE
"Ankrd2",TRUE
"Hoga1",TRUE
"4933411K16Rik",TRUE
"Morn4",TRUE
"Pi4k2a",TRUE
"Avpi1",TRUE
"Marveld1",TRUE
"Zfyve27",TRUE
"Sfrp5",TRUE
"Golga7b",TRUE
"Crtac1",TRUE
"Gm34299",TRUE
"R3hcc1l",TRUE
"Gm16541",TRUE
"Loxl4",TRUE
"Pyroxd2",TRUE
"Gm19437",TRUE
"Hps1",TRUE
"Gm16244",TRUE
"Hpse2",TRUE
"Gm34517",TRUE
"Gm47936",TRUE
"Cnnm1",TRUE
"Gm47938",TRUE
"Got1",TRUE
"Gm50194",TRUE
"Gm34636",TRUE
"Gm20467",FALSE
"Nkx2-3",FALSE
"Gm34922",TRUE
"Slc25a28",TRUE
"BC037704",TRUE
"Entpd7",TRUE
"Cox15",TRUE
"Cutc",TRUE
"Abcc2",TRUE
"Dnmbp",TRUE
"Gm50217",TRUE
"Cpn1",TRUE
"Cyp2c23",TRUE
"Erlin1",TRUE
"Chuk",TRUE
"Cwf19l1",TRUE
"Bloc1s2",TRUE
"Pkd2l1",TRUE
"Scd3",TRUE
"Gm50323",TRUE
"Scd2",TRUE
"Gm50334",TRUE
"Scd4",TRUE
"Scd1",TRUE
"Gm50337",FALSE
"Gm35406",FALSE
"Wnt8b",TRUE
"Sec31b",TRUE
"Ndufb8",TRUE
"Hif1an",TRUE
"Gm35460",TRUE
"Gm26644",TRUE
"Gm35610",FALSE
"Pax2",TRUE
"Gm20395",FALSE
"1700039E22Rik",TRUE
"Slf2",TRUE
"4930414N06Rik",TRUE
"Sema4g",TRUE
"Mrpl43",TRUE
"Twnk",TRUE
"Lzts2",TRUE
"Pdzd7",TRUE
"Sfxn3",TRUE
"Gm35867",TRUE
"Kazald1",TRUE
"Tlx1",FALSE
"Tlx1os",FALSE
"Lbx1",FALSE
"Gm28578",TRUE
"Gm29594",FALSE
"1700016H03Rik",FALSE
"Btrc",TRUE
"Poll",TRUE
"Gm17018",TRUE
"Fbxw4",TRUE
"Fgf8",TRUE
"Npm3",TRUE
"Gm15491",TRUE
"Oga",TRUE
"Kcnip2",TRUE
"Armh3",TRUE
"Gm50196",TRUE
"4930505N22Rik",TRUE
"Hps6",TRUE
"Ldb1",TRUE
"Pprc1",TRUE
"Nolc1",TRUE
"Gm50306",TRUE
"Elovl3",TRUE
"Pitx3",TRUE
"Gbf1",TRUE
"Gm16726",TRUE
"4833438C02Rik",TRUE
"Nfkb2",TRUE
"Psd",TRUE
"Fbxl15",TRUE
"Cuedc2",TRUE
"Mfsd13a",TRUE
"2310034G01Rik",TRUE
"Actr1a",TRUE
"Sufu",TRUE
"Trim8",TRUE
"Arl3",TRUE
"Sfxn2",TRUE
"Wbp1l",TRUE
"Gm36602",TRUE
"Cyp17a1",FALSE
"Borcs7",TRUE
"As3mt",TRUE
"Cnnm2",TRUE
"Gm50431",TRUE
"Nt5c2",TRUE
"Ina",TRUE
"Pcgf6",TRUE
"Taf5",TRUE
"Atp5md",TRUE
"Pdcd11",TRUE
"Calhm2",TRUE
"Calhm1",TRUE
"Calhm3",TRUE
"Neurl1a",TRUE
"Gm36693",TRUE
"Gm50339",TRUE
"Sh3pxd2a",TRUE
"Stn1",TRUE
"Gm19557",TRUE
"Slk",TRUE
"Gm50358",TRUE
"Gm16068",TRUE
"Col17a1",TRUE
"Gm50281",FALSE
"Gm50282",FALSE
"Sfr1",TRUE
"Cfap43",TRUE
"Gsto1",TRUE
"Gsto2",TRUE
"Itprip",TRUE
"Cfap58",TRUE
"Gm50430",TRUE
"Sorcs3",TRUE
"Gm50441",FALSE
"Gm50442",FALSE
"Sorcs1",TRUE
"Gm45352",TRUE
"Gm26629",TRUE
"Gm50302",TRUE
"Gm50330",TRUE
"Gm50329",TRUE
"Ins1",FALSE
"Gm50331",TRUE
"Gm50332",FALSE
"AA387883",TRUE
"Xpnpep1",TRUE
"1700054A03Rik",TRUE
"Gm30381",FALSE
"Add3",TRUE
"1700001K23Rik",TRUE
"Mxi1",TRUE
"Gm30541",TRUE
"Gm10197",TRUE
"Smndc1",TRUE
"8030456M14Rik",TRUE
"Mirt1",TRUE
"4833407H14Rik",TRUE
"Gm50394",TRUE
"Dusp5",TRUE
"Nutf2-ps1",TRUE
"Smc3",TRUE
"Rbm20",TRUE
"Gm16299",TRUE
"Pdcd4",TRUE
"Bbip1",TRUE
"Shoc2",TRUE
"4930484I04Rik",TRUE
"Adra2a",TRUE
"Gm50186",FALSE
"Gm50191",TRUE
"Gpam",TRUE
"Gm31356",TRUE
"Tectb",TRUE
"Gucy2g",TRUE
"Acsl5",TRUE
"Zdhhc6",TRUE
"Vti1a",TRUE
"Tcf7l2",TRUE
"Ppnr",TRUE
"D730002M21Rik",FALSE
"Gm31912",TRUE
"Habp2",FALSE
"Nrap",TRUE
"Gm17197",TRUE
"Casp7",TRUE
"Plekhs1",TRUE
"Dclre1a",TRUE
"Nhlrc2",TRUE
"Gm32441",FALSE
"Gm32492",FALSE
"Adrb1",TRUE
"Gm50100",TRUE
"Ccdc186",TRUE
"Tdrd1",TRUE
"Vwa2",TRUE
"Afap1l2",TRUE
"Ablim1",TRUE
"4930449E18Rik",TRUE
"B230217O12Rik",TRUE
"Gm50270",TRUE
"Fam160b1",TRUE
"Gm50271",TRUE
"Trub1",TRUE
"6720468P15Rik",TRUE
"Gm32932",TRUE
"Gm50285",TRUE
"Atrnl1",TRUE
"Gm50287",TRUE
"Gm16277",TRUE
"Gfra1",TRUE
"Ccdc172",TRUE
"1810007D17Rik",TRUE
"Pnlip",TRUE
"1810035K13Rik",FALSE
"Pnliprp1",TRUE
"Pnliprp2",TRUE
"1700019N19Rik",TRUE
"Hspa12a",TRUE
"Eno4",TRUE
"Shtn1",TRUE
"Vax1",TRUE
"Kcnk18",TRUE
"Gm29261",TRUE
"Slc18a2",TRUE
"Pdzd8",TRUE
"Gm33756",TRUE
"Emx2os",TRUE
"Emx2",TRUE
"2700089I24Rik",TRUE
"Gm19956",TRUE
"Gm50411",FALSE
"Gm17203",TRUE
"Rab11fip2",TRUE
"Gm4219",TRUE
"E330013P04Rik",TRUE
"Fam204a",TRUE
"Gm28351",FALSE
"Prlhr",FALSE
"Cacul1",TRUE
"Gm46652",TRUE
"Nanos1",TRUE
"Eif3a",TRUE
"Fam45a",TRUE
"Sfxn4",TRUE
"Prdx3",TRUE
"Grk5",TRUE
"Zfp950",TRUE
"Gm7102",FALSE
"Gm6020",FALSE
"Csf2ra",TRUE
"Gm21060",FALSE
"Btbd35f23",FALSE
"Btbd35f24",FALSE
"Btbd35f11",FALSE
"Btbd35f18",FALSE
"Btbd35f10",FALSE
"Btbd35f16",FALSE
"Btbd35f3",FALSE
"Btbd35f28",FALSE
"Btbd35f20",FALSE
"Btbd35f17",FALSE
"Btbd35f4",FALSE
"Btbd35f27",FALSE
"Mycs",FALSE
"Btbd35f7",FALSE
"Gm26618",TRUE
"Nudt11",TRUE
"AU022751",TRUE
"Nudt10",TRUE
"Bmp15",TRUE
"Shroom4",TRUE
"Dgkk",TRUE
"Ccnb3",TRUE
"Akap4",FALSE
"Clcn5",TRUE
"Usp27x",TRUE
"Gm14379",TRUE
"2010204K13Rik",TRUE
"Ppp1r3f",TRUE
"Flicr",TRUE
"Foxp3",TRUE
"Ccdc22",TRUE
"Cacna1f",TRUE
"Syp",TRUE
"Gm14703",TRUE
"Prickle3",TRUE
"Plp2",TRUE
"Magix",TRUE
"Gpkow",TRUE
"Wdr45",TRUE
"Praf2",TRUE
"Ccdc120",TRUE
"Tfe3",TRUE
"Gripap1",TRUE
"Kcnd1",TRUE
"Otud5",TRUE
"Pim2",TRUE
"Slc35a2",TRUE
"Pqbp1",TRUE
"Timm17b",TRUE
"Gm10491",FALSE
"Gm10490",FALSE
"Pcsk1n",TRUE
"Eras",TRUE
"Hdac6",TRUE
"Gata1",TRUE
"Glod5",TRUE
"Gm14820",TRUE
"Suv39h1",TRUE
"Was",TRUE
"Gm6787",TRUE
"Wdr13",TRUE
"Rbm3",TRUE
"Rbm3os",TRUE
"Tbc1d25",TRUE
"Ebp",TRUE
"Porcn",TRUE
"Ftsj1",TRUE
"Slc38a5",TRUE
"Ssxb10",FALSE
"Ssxb9",FALSE
"Ssxb1",FALSE
"Ssxb2",FALSE
"Gm14459",FALSE
"Ssxb6",FALSE
"Ssxb3",FALSE
"Ssxb8",FALSE
"Ssx9",TRUE
"Ssxb5",TRUE
"Gm6592",TRUE
"Gm5751",TRUE
"B630019K06Rik",TRUE
"Fthl17b",FALSE
"Fthl17c",FALSE
"Fthl17d",FALSE
"Fthl17e",FALSE
"Fthl17f",FALSE
"4930402K13Rik",FALSE
"Lancl3",TRUE
"Gm14862",TRUE
"Xk",TRUE
"H2al1m",FALSE
"H2al1k",FALSE
"Cybb",TRUE
"H2al1o",FALSE
"Dynlt3",TRUE
"Hypm",TRUE
"H2al3",FALSE
"Sytl5",TRUE
"Srpx",TRUE
"Rpgr",TRUE
"Otc",TRUE
"Tspan7",TRUE
"Mid1ip1",TRUE
"Gm14493",TRUE
"H2al1a",FALSE
"H2al1b",FALSE
"H2al1c",FALSE
"H2al1d",FALSE
"H2al1e",FALSE
"H2al1f",FALSE
"H2al1g",FALSE
"H2al1h",FALSE
"H2al1i",FALSE
"H2al1j",FALSE
"Bcor",TRUE
"Gm14635",FALSE
"Atp6ap2",TRUE
"1810030O07Rik",TRUE
"Med14",TRUE
"Gm14634",TRUE
"5730405O15Rik",TRUE
"Usp9x",TRUE
"2010308F09Rik",TRUE
"Ddx3x",TRUE
"Nyx",TRUE
"Cask",TRUE
"Gpr34",TRUE
"Gpr82",TRUE
"H2al1n",FALSE
"Gm14505",TRUE
"Drr1",TRUE
"Cypt1",FALSE
"Maoa",TRUE
"Maob",TRUE
"Ndp",TRUE
"Efhc2",TRUE
"Fundc1",TRUE
"Dusp21",FALSE
"Kdm6a",TRUE
"Dipk2b",TRUE
"Gm14636",TRUE
"Gm26652",TRUE
"Tex13c3",FALSE
"Chst7",TRUE
"Slc9a7",TRUE
"Rp2",TRUE
"Jade3",TRUE
"Rgn",TRUE
"Ndufb11",TRUE
"Rbm10",TRUE
"Uba1",TRUE
"Cdk16",TRUE
"Usp11",TRUE
"Araf",TRUE
"Syn1",TRUE
"Timp1",TRUE
"Cfp",TRUE
"Elk1",TRUE
"Uxt",TRUE
"A230072C01Rik",TRUE
"Zfp182",TRUE
"Spaca5",TRUE
"Zfp300",TRUE
"Ssxa1",FALSE
"Gm21876",FALSE
"4930453H23Rik",TRUE
"Gm6938",TRUE
"Agtr2",TRUE
"Slc6a14",FALSE
"Gm28269",FALSE
"Gm28268",TRUE
"Klhl13",TRUE
"Wdr44",TRUE
"Gm4907",TRUE
"Gm4985",FALSE
"Gm27192",FALSE
"Gm5934",FALSE
"Gm4297",FALSE
"Gm5935",FALSE
"Gm5169",FALSE
"Gm1993",FALSE
"E330010L02Rik",TRUE
"Gm5168",FALSE
"Gm2012",FALSE
"Gm2030",FALSE
"Slx",FALSE
"Gm14525",TRUE
"Gm6121",FALSE
"Gm10230",FALSE
"Gm2101",FALSE
"Gm10058",FALSE
"Gm2117",FALSE
"Gm4836",FALSE
"Gm10147",FALSE
"Gm2165",FALSE
"Gm10096",FALSE
"Gm2200",FALSE
"Gm3669",FALSE
"Gm10488",FALSE
"E330016L19Rik",FALSE
"Gm14632",FALSE
"Gm7437",FALSE
"Gm14974",FALSE
"Gm10487",FALSE
"Btbd35f29",FALSE
"Spin2f",FALSE
"Btbd35f26",FALSE
"CT867961.1",FALSE
"Spin2e",FALSE
"Btbd35f25",FALSE
"Gm21637",FALSE
"CT868697.1",FALSE
"Btbd35f2",FALSE
"Btbd35f1",FALSE
"Gm5926",FALSE
"Btbd35f21",FALSE
"FQ976806.1",FALSE
"Btbd35f1.1",FALSE
"Btbd35f12",FALSE
"Btbd35f15",FALSE
"Btbd35f13",FALSE
"Btbd35f14",FALSE
"Btbd35f6",FALSE
"CU019598.1",FALSE
"Spin2g",FALSE
"Btbd35f8",FALSE
"Gm14552",FALSE
"Gm10486",FALSE
"Gm2309",FALSE
"Gm14553",TRUE
"Gm14819",FALSE
"Dock11",TRUE
"Il13ra1",TRUE
"Zcchc12",TRUE
"Lonrf3",TRUE
"Gm6268",FALSE
"Gm14569",TRUE
"Pgrmc1",TRUE
"Akap17b",TRUE
"Slc25a43",TRUE
"Slc25a5",TRUE
"Gm14549",TRUE
"C330007P06Rik",TRUE
"Ube2a",TRUE
"Nkrf",TRUE
"Gm15008",TRUE
"Sept6",TRUE
"Sowahd",FALSE
"Rpl39",TRUE
"Upf3b",TRUE
"Nkap",TRUE
"Akap14",TRUE
"Ndufa1",TRUE
"Rnf113a1",TRUE
"Gm9",FALSE
"Rhox1",FALSE
"Rhox2a",FALSE
"Rhox3a",FALSE
"Rhox4a",FALSE
"Rhox3a2",FALSE
"Rhox4a2",FALSE
"Rhox2b",FALSE
"Rhox4b",FALSE
"Rhox2c",FALSE
"Rhox3c",FALSE
"Rhox4c",FALSE
"Rhox2d",FALSE
"Rhox4d",FALSE
"Rhox2e",FALSE
"Rhox3e",FALSE
"Rhox4e",FALSE
"Rhox2f",FALSE
"Rhox3f",FALSE
"Rhox4f",FALSE
"Rhox3g",FALSE
"Rhox2g",FALSE
"Rhox4g",FALSE
"Rhox3h",FALSE
"Rhox2h",FALSE
"Rhox5",FALSE
"Rhox6",FALSE
"Rhox7a",FALSE
"Rhox8",TRUE
"Rhox7b",FALSE
"Rhox9",FALSE
"Btg1-ps1",FALSE
"Btg1-ps2",FALSE
"Rhox10",FALSE
"Rhox11",FALSE
"Rhox12",TRUE
"Rhox13",FALSE
"Zbtb33",TRUE
"Tmem255a",TRUE
"Atp1b4",TRUE
"Lamp2",TRUE
"Gm7598",TRUE
"Cul4b",TRUE
"Mcts1",TRUE
"C1galt1c1",TRUE
"Gm14565",TRUE
"6030498E09Rik",TRUE
"Cypt15",FALSE
"Cypt14",FALSE
"Gm14643",TRUE
"Gria3",TRUE
"Thoc2",TRUE
"Xiap",TRUE
"Stag2",TRUE
"Tex13c2",FALSE
"Sh2d1a",TRUE
"Tenm1",TRUE
"Tex13c1",FALSE
"Dcaf12l2",TRUE
"Dcaf12l1",TRUE
"Prr32",FALSE
"4930515L19Rik",TRUE
"Actrt1",FALSE
"Gm29242",TRUE
"Smarca1",TRUE
"Ocrl",TRUE
"Apln",TRUE
"Xpnpep2",TRUE
"Sash3",TRUE
"Zdhhc9",TRUE
"Utp14a",TRUE
"Bcorl1",TRUE
"Elf4",TRUE
"Aifm1",TRUE
"Rab33a",TRUE
"Zfp280c",TRUE
"Slc25a14",TRUE
"Gpr119",TRUE
"Rbmx2",TRUE
"Gm595",TRUE
"Enox2",TRUE
"Gm14696",TRUE
"Gm14697",TRUE
"Arhgap36",TRUE
"Olfr1320",FALSE
"Olfr1321",FALSE
"Igsf1",TRUE
"Olfr1322",TRUE
"Olfr1323",FALSE
"Olfr1324",FALSE
"Firre",TRUE
"Stk26",TRUE
"Frmd7",TRUE
"Rap2c",TRUE
"Mbnl3",TRUE
"Hs6st2",TRUE
"Usp26",TRUE
"1700080O16Rik",FALSE
"Gpc4",TRUE
"Gpc3",TRUE
"Gm14582",TRUE
"A630012P03Rik",TRUE
"Kis2",FALSE
"Ccdc160",TRUE
"Phf6",TRUE
"Hprt",TRUE
"Gm28730",TRUE
"C430049B03Rik",TRUE
"Plac1",TRUE
"Fam122b",TRUE
"Fam122c",TRUE
"Mospd1",TRUE
"Etd",TRUE
"Gm14597",TRUE
"Rtl8c",FALSE
"Rtl8a",TRUE
"Rtl8b",TRUE
"4930502E18Rik",TRUE
"1700013H16Rik",TRUE
"Zfp36l3",FALSE
"Xlr",TRUE
"Gm15482",TRUE
"Gm16405",FALSE
"Gm16430",FALSE
"Slxl1",FALSE
"3830403N18Rik",TRUE
"Gm773",FALSE
"1600025M17Rik",FALSE
"Zfp449",TRUE
"Gm2155",TRUE
"Smim10l2a",TRUE
"Gm2174",FALSE
"Ints6l",TRUE
"Gm648",TRUE
"Mmgt1",TRUE
"Slc9a6",TRUE
"Fhl1",TRUE
"Map7d3",TRUE
"Adgrg4",TRUE
"Brs3",TRUE
"Htatsf1",TRUE
"Vgll1",FALSE
"Gm14718",TRUE
"Cd40lg",TRUE
"Arhgef6",TRUE
"Rbmx",TRUE
"Gm364",TRUE
"Gpr101",TRUE
"Zic3",TRUE
"4930550L24Rik",FALSE
"Fgf13",TRUE
"F9",TRUE
"Mcf2",TRUE
"Atp11c",TRUE
"Gm7073",FALSE
"Gm14661",TRUE
"Sox3",TRUE
"Gm14662",TRUE
"Gm14664",TRUE
"Cdr1os",TRUE
"Cdr1",TRUE
"Ldoc1",TRUE
"4933402E13Rik",FALSE
"4931400O07Rik",FALSE
"Tslrn1",FALSE
"Gm6760",TRUE
"3830417A13Rik",FALSE
"Slitrk4",TRUE
"Ctag2",FALSE
"4930447F04Rik",TRUE
"Slitrk2",TRUE
"1700036O09Rik",FALSE
"Gm1140",FALSE
"Gm14692",FALSE
"4933436I01Rik",FALSE
"Fmr1",TRUE
"Fmr1nb",TRUE
"Gm14698",TRUE
"Gm6812",FALSE
"Gm14705",TRUE
"Aff2",TRUE
"1700111N16Rik",TRUE
"1700020N15Rik",FALSE
"Ids",TRUE
"1110012L19Rik",TRUE
"4930567H17Rik",FALSE
"Tmem185a",TRUE
"Mamld1",TRUE
"Mtm1",TRUE
"Mtmr1",TRUE
"Cd99l2",TRUE
"Gm16189",TRUE
"Hmgb3",TRUE
"Gpr50",TRUE
"Vma21",TRUE
"Gm1141",TRUE
"Prrg3",TRUE
"Fate1",TRUE
"Cnga2",TRUE
"Magea4",FALSE
"Gabre",TRUE
"Magea10",FALSE
"Gabra3",TRUE
"Gabrq",TRUE
"Cetn2",TRUE
"Nsdhl",TRUE
"Gm14684",TRUE
"Zfp185",TRUE
"Pnma5",TRUE
"Pnma3",TRUE
"Xlr4a",TRUE
"Xlr3a",TRUE
"Gm20455",FALSE
"Xlr5a",TRUE
"Gm14685",FALSE
"DXBay18",FALSE
"Xlr5b",FALSE
"Spin2d",FALSE
"Xlr3b",TRUE
"Xlr4b",TRUE
"F8a",TRUE
"Xlr4c",TRUE
"Xlr3c",FALSE
"Xlr5c",FALSE
"Gm45015",FALSE
"Zfp275",TRUE
"Gm18336",TRUE
"Gm26726",TRUE
"Zfp92",TRUE
"Trex2",FALSE
"Haus7",TRUE
"Bgn",TRUE
"Atp2b3",TRUE
"Dusp9",TRUE
"Pnck",TRUE
"Slc6a8",TRUE
"Bcap31",TRUE
"Abcd1",TRUE
"Plxnb3",TRUE
"Srpk3",TRUE
"Idh3g",TRUE
"Ssr4",TRUE
"Pdzd4",TRUE
"Gm14817",TRUE
"L1cam",TRUE
"Arhgap4",TRUE
"Avpr2",TRUE
"Naa10",TRUE
"Renbp",TRUE
"Hcfc1",TRUE
"Irak1",TRUE
"Mecp2",TRUE
"Opn1mw",TRUE
"Tex28",TRUE
"Tktl1",TRUE
"Flna",TRUE
"Emd",TRUE
"Rpl10",TRUE
"Dnase1l1",TRUE
"Taz",TRUE
"Atp6ap1",TRUE
"Gdi1",TRUE
"Fam50a",TRUE
"Plxna3",TRUE
"Lage3",TRUE
"Ubl4a",TRUE
"Slc10a3",TRUE
"Fam3a",TRUE
"Ikbkg",TRUE
"G6pdx",TRUE
"Gm6880",FALSE
"Olfr1326-ps1",FALSE
"Olfr1325",FALSE
"Gm5640",FALSE
"Gm6890",FALSE
"Gm5936",FALSE
"Gab3",TRUE
"Dkc1",TRUE
"Mpp1",TRUE
"Smim9",TRUE
"F8",TRUE
"Fundc2",TRUE
"Cmc4",TRUE
"Mtcp1",TRUE
"Brcc3",TRUE
"Vbp1",TRUE
"Gm15384",FALSE
"Rab39b",TRUE
"Gm15063",TRUE
"4933407K13Rik",TRUE
"Pls3",TRUE
"Gm14715",TRUE
"Gm14707",FALSE
"Gm14717",TRUE
"Cldn34b3",FALSE
"Cldn34b4",FALSE
"Cldn34d",TRUE
"Tbl1x",TRUE
"Prkx",TRUE
"Gm14742",FALSE
"Pbsn",TRUE
"Gm14744",FALSE
"5430402E10Rik",FALSE
"Obp1a",FALSE
"Gm5938",FALSE
"Obp1b",FALSE
"Gm14743",FALSE
"4930480E11Rik",FALSE
"Prrg1",TRUE
"Fam47c",FALSE
"Cfap47",TRUE
"Mageb16",TRUE
"Tmem47",TRUE
"4930595M18Rik",TRUE
"Dmd",TRUE
"Tsga8",FALSE
"Fthl17a",TRUE
"Tab3",TRUE
"Gk",TRUE
"Gm14764",TRUE
"Gm14762",TRUE
"5430427O19Rik",TRUE
"Samt3",FALSE
"Nr0b1",FALSE
"Mageb4",FALSE
"Il1rapl1",TRUE
"Gm27000",TRUE
"Pet2",FALSE
"4932429P05Rik",FALSE
"4930415L06Rik",FALSE
"Gm44",FALSE
"Gm14773",FALSE
"Mageb2",FALSE
"Gm5072",FALSE
"Gm8914",FALSE
"1700084M14Rik",FALSE
"Gm14781",FALSE
"Mageb5",FALSE
"Mageb1",FALSE
"Mageb18",TRUE
"Gm5941",FALSE
"1700003E24Rik",FALSE
"BC061195",TRUE
"Arx",TRUE
"Pola1",TRUE
"Pcyt1b",TRUE
"Pdk3",TRUE
"AU015836",FALSE
"Gm14798",TRUE
"Zfx",TRUE
"Eif2s3x",TRUE
"Klhl15",TRUE
"Fam90a1b",TRUE
"Fam90a1b.1",TRUE
"Apoo",TRUE
"Gm14827",TRUE
"Maged1",TRUE
"Gspt2",TRUE
"Zxdb",TRUE
"Gm39526",TRUE
"Spin4",TRUE
"Arhgef9",TRUE
"Amer1",TRUE
"Asb12",TRUE
"Pfn5",FALSE
"Zc4h2",TRUE
"Zc3h12b",TRUE
"1700010D01Rik",TRUE
"Las1l",TRUE
"Msn",TRUE
"F630028O10Rik",TRUE
"Vsig4",TRUE
"Hsf3",TRUE
"Heph",TRUE
"Gpr165",TRUE
"Pgr15l",TRUE
"Eda2r",TRUE
"Ar",TRUE
"Ophn1",TRUE
"Yipf6",TRUE
"Stard8",TRUE
"Efnb1",TRUE
"Gm14812",FALSE
"Gm14809",FALSE
"Gm14808",FALSE
"Pja1",TRUE
"Tmem28",TRUE
"Eda",TRUE
"Awat2",TRUE
"Otud6a",FALSE
"Igbp1",TRUE
"Dgat2l6",TRUE
"Awat1",TRUE
"P2ry4",FALSE
"Arr3",TRUE
"Pdzd11",TRUE
"Kif4",TRUE
"Gdpd2",TRUE
"Gm14866",TRUE
"Gm14902",TRUE
"Dlg3",TRUE
"Tex11",TRUE
"Slc7a3",TRUE
"Snx12",TRUE
"Foxo4",TRUE
"Gm614",FALSE
"Il2rg",TRUE
"Med12",TRUE
"Nlgn3",TRUE
"Gjb1",TRUE
"Zmym3",TRUE
"Nono",TRUE
"Itgb1bp2",TRUE
"Taf1",TRUE
"Ogt",TRUE
"Cxcr3",FALSE
"Gm4779",TRUE
"8030474K03Rik",FALSE
"Nhsl2",TRUE
"Rtl5",TRUE
"Pin4",TRUE
"Ercc6l",TRUE
"Rps4x",TRUE
"Cited1",TRUE
"Gm14858",TRUE
"Hdac8",TRUE
"Phka1",TRUE
"Gm3880",FALSE
"Gm9112",FALSE
"Dmrtc1b",TRUE
"Dmrtc1c1",FALSE
"Dmrtc1c2",FALSE
"1700031F05Rik",FALSE
"Dmrtc1a",TRUE
"1700011M02Rik",FALSE
"1700018G05Rik",TRUE
"Nap1l2",TRUE
"Cdx4",FALSE
"Chic1",TRUE
"Gm26952",TRUE
"Tsx",TRUE
"Tsix",TRUE
"Xist",TRUE
"Jpx",TRUE
"Ftx",TRUE
"Zcchc13",TRUE
"Slc16a2",TRUE
"Rlim",TRUE
"Nexmif",TRUE
"Abcb7",TRUE
"Uprt",TRUE
"Zdhhc15",TRUE
"1700121L16Rik",TRUE
"Magee2",TRUE
"5530601H04Rik",TRUE
"Pbdc1",TRUE
"Magee1",TRUE
"5330434G04Rik",TRUE
"Cypt2",FALSE
"Fgf16",TRUE
"Atrx",TRUE
"Magt1",TRUE
"Cox7b",TRUE
"Atp7a",TRUE
"Tlr13",TRUE
"Pgk1",TRUE
"Taf9b",TRUE
"Fnd3c2",TRUE
"Fndc3c1",TRUE
"Cysltr1",TRUE
"Gm5127",TRUE
"Rtl3",TRUE
"Lpar4",TRUE
"P2ry10",FALSE
"P2ry10b",TRUE
"Gpr174",TRUE
"Itm2a",TRUE
"Tbx22",TRUE
"2610002M06Rik",TRUE
"Tent5d",TRUE
"Gm732",FALSE
"Brwd3",TRUE
"2810403D21Rik",TRUE
"Hmgn5",TRUE
"Sh3bgrl",TRUE
"Gm6377",FALSE
"Gm44593",TRUE
"Pou3f4",TRUE
"Cylc1",TRUE
"Rps6ka6",TRUE
"Hdx",TRUE
"Gm45194",TRUE
"Tex16",TRUE
"4933403O08Rik",FALSE
"Apool",TRUE
"Satl1",TRUE
"2010106E10Rik",TRUE
"Zfp711",TRUE
"Pof1b",TRUE
"Gm14936",TRUE
"Chm",TRUE
"Dach2",TRUE
"Klhl4",TRUE
"Ube2dnl1",FALSE
"Ube2dnl2",FALSE
"4930555B12Rik",FALSE
"Cpxcr1",FALSE
"H2afb2",FALSE
"H2afb1",FALSE
"Gm28579",FALSE
"Tgif2lx2",FALSE
"Tgif2lx1",FALSE
"Gm14929",TRUE
"Pabpc5",TRUE
"Pcdh11x",TRUE
"H2afb3",FALSE
"Nap1l3",TRUE
"Gm17521",FALSE
"Cldn34c1",TRUE
"Astx6",FALSE
"Gm17577",FALSE
"Gm14951",FALSE
"BX088531.1",TRUE
"Astx2",FALSE
"Gm17412",FALSE
"Cldn34c2",TRUE
"Gm14950",FALSE
"Gm17467",FALSE
"Astx5",FALSE
"BX571804.1",TRUE
"Vmn2r121",FALSE
"Astx1a",FALSE
"CR974424.1",FALSE
"Astx4a",FALSE
"CR974480.1",FALSE
"Astx4b",FALSE
"CR628363.1",FALSE
"Astx1b",FALSE
"CR628363.2",FALSE
"CU041232.1",FALSE
"CU041232.2",FALSE
"BX571788.1",FALSE
"Astx4c",FALSE
"BX571788.2",FALSE
"Astx1c",FALSE
"CR974488.1",FALSE
"Gm17522",FALSE
"Astx4d",FALSE
"BX119993.1",FALSE
"Astx3",FALSE
"4932411N23Rik",FALSE
"Gm382",TRUE
"4921511C20Rik",FALSE
"Cldn34c4",TRUE
"4930558G05Rik",FALSE
"Diaph2",TRUE
"Pcdh19",TRUE
"Tnmd",TRUE
"Tspan6",TRUE
"4930570D08Rik",FALSE
"Srpx2",TRUE
"Sytl4",TRUE
"Cstf2",TRUE
"Nox1",TRUE
"Xkrx",TRUE
"Arl13a",TRUE
"Trmt2b",TRUE
"Tmem35a",TRUE
"Cenpi",TRUE
"Drp2",TRUE
"Taf7l",TRUE
"Timm8a1",TRUE
"Btk",TRUE
"Rpl36a",TRUE
"Gla",TRUE
"Hnrnph2",TRUE
"B230119M05Rik",TRUE
"Armcx4",TRUE
"Armcx1",TRUE
"Armcx6",TRUE
"Armcx3",TRUE
"Armcx2",TRUE
"Nxf2",TRUE
"Zmat1",TRUE
"3632454L22Rik",TRUE
"Gm15020",FALSE
"Gm15023",FALSE
"Tceal6",TRUE
"Pramel3",FALSE
"Gm15017",FALSE
"Gm5128",FALSE
"Gm7903",FALSE
"AV320801",FALSE
"Gm15015",FALSE
"Nxf7",TRUE
"Prame",TRUE
"Tcp11x2",TRUE
"Tmsb15a",FALSE
"Armcx5",TRUE
"Gprasp1",TRUE
"Bhlhb9",TRUE
"Gprasp2",TRUE
"Arxes2",TRUE
"Arxes1",TRUE
"Bex2",TRUE
"Nxf3",TRUE
"5730412P04Rik",TRUE
"Bex4",TRUE
"Tceal8",TRUE
"Tceal5",TRUE
"Bex1",TRUE
"Tceal7",TRUE
"Tceal9",TRUE
"Bex3",TRUE
"Kir3dl2",TRUE
"Kir3dl1",TRUE
"Tceal3",TRUE
"Tceal1",TRUE
"Morf4l2",TRUE
"BC065397",TRUE
"Glra4",TRUE
"Plp1",TRUE
"Rab9b",TRUE
"H2bfm",FALSE
"Tmsb15b2",TRUE
"Tmsb15b1",TRUE
"Slc25a53",TRUE
"Zcchc18",TRUE
"Fam199x",TRUE
"Esx1",TRUE
"Il1rapl2",TRUE
"Tex13a",TRUE
"Nrk",TRUE
"Serpina7",FALSE
"4930513O06Rik",FALSE
"4933428M09Rik",FALSE
"Pwwp3b",TRUE
"Platr21",TRUE
"Trap1a",FALSE
"Radx",TRUE
"Rnf128",TRUE
"Tbc1d8b",TRUE
"Gm15013",TRUE
"Ripply1",FALSE
"Cldn2",TRUE
"Morc4",TRUE
"Rbm41",TRUE
"Nup62cl",TRUE
"Pih1h3b",TRUE
"Gm15046",TRUE
"Frmpd3",TRUE
"Prps1",TRUE
"Tsc22d3",TRUE
"Mid2",TRUE
"Eif2c5",TRUE
"Tex13b",FALSE
"Vsig1",FALSE
"Psmd10",TRUE
"Atg4a",TRUE
"Col4a6",TRUE
"Col4a5",TRUE
"Irs4",TRUE
"Gm15295",FALSE
"Gm15294",FALSE
"Gm15298",TRUE
"Gucy2f",TRUE
"Nxt2",TRUE
"Kcne1l",TRUE
"Acsl4",TRUE
"Tmem164",TRUE
"Ammecr1",TRUE
"Rtl9",TRUE
"Chrdl1",TRUE
"Pak3",TRUE
"Capn6",TRUE
"Dcx",TRUE
"A730046J19Rik",TRUE
"Alg13",TRUE
"Trpc5",TRUE
"Trpc5os",TRUE
"Rtl4",TRUE
"Lhfpl1",TRUE
"Amot",TRUE
"Htr2c",TRUE
"Il13ra2",TRUE
"Vmn1r239-ps",FALSE
"Lrch2",TRUE
"Gm15128",FALSE
"Gm15080",FALSE
"Gm15107",FALSE
"Gm15114",FALSE
"Gm8334",FALSE
"Gm15127",FALSE
"Luzp4",TRUE
"Gm15099",FALSE
"Ott",FALSE
"Gm15092",FALSE
"Gm15093",FALSE
"Gm15100",FALSE
"Gm15085",FALSE
"Gm15086",FALSE
"Gm10439",FALSE
"Gm15097",TRUE
"Gm15091",TRUE
"Gm15104",TRUE
"Tmem29",TRUE
"Apex2",TRUE
"Alas2",TRUE
"Pfkfb1",TRUE
"Tro",TRUE
"Maged2",TRUE
"Gm27191",FALSE
"Gnl3l",TRUE
"Fgd1",TRUE
"Tsr2",TRUE
"Gm15138",TRUE
"Wnk3",TRUE
"A230072E10Rik",TRUE
"Fam120c",TRUE
"Phf8",TRUE
"Huwe1",TRUE
"Hsd17b10",TRUE
"Ribc1",TRUE
"Smc1a",TRUE
"Iqsec2",TRUE
"Kdm5c",TRUE
"Kantr",TRUE
"Tspyl2",TRUE
"Gpr173",TRUE
"3010001F23Rik",TRUE
"Cldn34a",TRUE
"Shroom2",TRUE
"Gpr143",TRUE
"Usp51",TRUE
"Mageh1",TRUE
"9530051G07Rik",TRUE
"Foxr2",TRUE
"Rragb",TRUE
"Klf8",TRUE
"Ubqln2",TRUE
"Cypt3",FALSE
"Kctd12b",TRUE
"Gm45022",TRUE
"Nbdy",TRUE
"Spin2c",TRUE
"Samt1",FALSE
"4921511M17Rik",FALSE
"Gm10057",FALSE
"Gm15140",FALSE
"4930524N10Rik",FALSE
"Samt4",FALSE
"Samt2",FALSE
"Cldn34b1",FALSE
"Magea6",FALSE
"Magea3",FALSE
"Magea8",FALSE
"Magea2",TRUE
"Magea5",FALSE
"Magea1",FALSE
"Cldn34b2",FALSE
"Sat1",TRUE
"Acot9",TRUE
"Prdx4",TRUE
"Ptchd1",TRUE
"Gm15156",FALSE
"Gm15155",TRUE
"Phex",TRUE
"Sms",TRUE
"Mbtps2",TRUE
"Yy2",FALSE
"Smpx",TRUE
"Gm15169",TRUE
"Klhl34",TRUE
"Cnksr2",TRUE
"Rps6ka3",TRUE
"Eif1ax",TRUE
"Map7d2",TRUE
"Bclaf3",TRUE
"Sh3kbp1",TRUE
"Map3k15",TRUE
"Pdha1",TRUE
"Adgrg2",TRUE
"Gm15241",TRUE
"Phka2",TRUE
"Gm15243",TRUE
"Ppef1",TRUE
"Rs1",TRUE
"Cdkl5",TRUE
"Gja6",TRUE
"Scml2",TRUE
"Gm15262",TRUE
"Rai2",TRUE
"Nhs",TRUE
"Gm15202",TRUE
"Reps2",TRUE
"Gm15201",TRUE
"Rbbp7",TRUE
"Txlng",TRUE
"Syap1",TRUE
"Ctps2",TRUE
"S100g",TRUE
"Grpr",TRUE
"Rnf138rt1",TRUE
"Ap1s2",TRUE
"Zrsr2",TRUE
"Car5b",TRUE
"Siah1b",TRUE
"Cltrn",TRUE
"Ace2",TRUE
"Bmx",TRUE
"Pir",TRUE
"Vegfd",TRUE
"Piga",TRUE
"Asb11",TRUE
"Asb9",TRUE
"Mospd2",TRUE
"Fancb",TRUE
"Gm17604",FALSE
"Glra2",TRUE
"Gemin8",TRUE
"Gpm6b",TRUE
"Ofd1",TRUE
"Trappc2",TRUE
"Rab9",TRUE
"Tceanc",TRUE
"Egfl6",TRUE
"Gm15226",FALSE
"Gm1720",TRUE
"Gm15230",TRUE
"Gm8817",TRUE
"Gm15232",TRUE
"Gm15228",TRUE
"Tmsb4x",TRUE
"Tlr8",TRUE
"Tlr7",TRUE
"Prps2",TRUE
"Gm15239",TRUE
"Frmpd4",TRUE
"Msl3",TRUE
"Arhgap6",TRUE
"Gm15261",TRUE
"Amelx",TRUE
"Hccs",TRUE
"Gm15246",TRUE
"Gm15245",TRUE
"Mid1",TRUE
"4933400A11Rik",TRUE
"G530011O06Rik",TRUE
"Gm15726",TRUE
"Gm15247",TRUE
"Gm21887",TRUE
"Asmt",TRUE
"Gm29277",FALSE
"Gm29089",FALSE
"Zfy1",TRUE
"Uba1y",TRUE
"Gm28588",TRUE
"Gm28587",TRUE
"Kdm5d",TRUE
"Eif2s3y",TRUE
"Gm29650",TRUE
"Uty",TRUE
"Ddx3y",TRUE
"Usp9y",TRUE
"Zfy2",FALSE
"H2al2c",FALSE
"Sry",FALSE
"H2al2b",FALSE
"Gm4064",FALSE
"Rbmy",FALSE
"Gm10256",FALSE
"Gm10352",FALSE
"Gm29289",FALSE
"Gm21677",FALSE
"Gm21693",FALSE
"Gm21704",FALSE
"Gm21708",FALSE
"Gm3376",FALSE
"Gm28242",FALSE
"Gm28357",FALSE
"Gm29351",FALSE
"Gm29349",FALSE
"Gm20918",FALSE
"Gm29353",FALSE
"Gm21820",FALSE
"Gm29158",FALSE
"Gm21854",FALSE
"Gm20914",FALSE
"Gm28171",FALSE
"Gm28173",FALSE
"Gm29194",FALSE
"Gm21778",FALSE
"Gm29198",FALSE
"Gm29193",FALSE
"Gm28430",FALSE
"Gm28593",FALSE
"Gm20873",FALSE
"Gm28919",FALSE
"Gm21719",FALSE
"Gm28444",FALSE
"Gm20830",FALSE
"Gm28442",FALSE
"Gm28445",FALSE
"Gm28999",FALSE
"Gm21244",FALSE
"Gm28998",FALSE
"Gm28398",FALSE
"Gm28395",FALSE
"Gm28394",FALSE
"Gm28393",FALSE
"Gm20826",FALSE
"Gm28576",FALSE
"Gm28575",FALSE
"Gm28571",FALSE
"Gm28570",FALSE
"Gm29049",FALSE
"Gm20825",FALSE
"Gm29046",FALSE
"Gm29043",FALSE
"Gm29044",FALSE
"Gm20824",FALSE
"Gm28147",FALSE
"Gm28331",FALSE
"Gm20815",FALSE
"Gm29364",FALSE
"Gm29363",FALSE
"Gm21292",FALSE
"Gm21721",FALSE
"Gm29329",FALSE
"Gm21812",FALSE
"Gm21874",FALSE
"Gm20821",FALSE
"Gm21310",FALSE
"Gm28509",FALSE
"Gm20834",FALSE
"Gm28510",FALSE
"Gm20737",FALSE
"Gm29527",FALSE
"Gm29522",FALSE
"Gm20777",FALSE
"Gm28955",FALSE
"Gm28954",FALSE
"Gm20828",FALSE
"Gm28656",FALSE
"Gm29554",FALSE
"Gm20812",FALSE
"Gm37739",FALSE
"Gm20807",FALSE
"Gm38084",FALSE
"Gm37231",FALSE
"Gm21891",FALSE
"Gm21425",FALSE
"Gm37252",FALSE
"Gm21828",FALSE
"Gm21440",FALSE
"Gm21454",FALSE
"Gm37147",FALSE
"Gm38159",FALSE
"Gm21725",FALSE
"Gm37870",FALSE
"Gm37378",FALSE
"Gm21866",FALSE
"Gm20773",FALSE
"Gm37561",FALSE
"Gm37263",FALSE
"Gm21767",FALSE
"Gm37130",FALSE
"Gm37467",FALSE
"Gm38363",FALSE
"Gm30174",FALSE
"Gm30353",FALSE
"Gm30686",FALSE
"Gm30737",FALSE
"Gm37654",FALSE
"Gm37572",FALSE
"Gm37344",FALSE
"Gm37059",FALSE
"Gm31942",FALSE
"Gm37440",FALSE
"Gm37577",FALSE
"Gm20822",FALSE
"Gm21809",FALSE
"Gm20877",FALSE
"Gm38003",FALSE
"Rbm31y",FALSE
"Gm37865",FALSE
"Gm36941",FALSE
"Gm21904",FALSE
"Gm37937",FALSE
"Gm20772",FALSE
"Gm20831",FALSE
"Gm37286",FALSE
"Srsy",FALSE
"Gm38028",FALSE
"Gm21764",FALSE
"Ssty1",FALSE
"Gm38072",FALSE
"Gm37473",FALSE
"Gm37656",FALSE
"Gm38127",FALSE
"Gm38361",FALSE
"Gm38209",FALSE
"Gm21822",FALSE
"Gm37734",FALSE
"Gm38013",FALSE
"Gm37948",FALSE
"Gm34550",FALSE
"Gm37544",FALSE
"Gm34716",FALSE
"Gm37635",FALSE
"Gm35070",FALSE
"Gm35134",FALSE
"Gm37998",FALSE
"Gm38168",FALSE
"Gm37740",FALSE
"Gm36261",FALSE
"Gm37898",FALSE
"Gm36467",FALSE
"Gm37927",FALSE
"Gm36929",FALSE
"Gm38174",FALSE
"Gm29866",FALSE
"Gm36950",FALSE
"Gm20909",FALSE
"Gm20865",FALSE
"Gm37462",FALSE
"Gm38370",FALSE
"Gm38054",FALSE
"Gm37690",FALSE
"Gm31571",FALSE
"Gm32114",FALSE
"Gm37075",FALSE
"Gm38371",FALSE
"Gm37657",FALSE
"Gm37721",FALSE
"Gm21366",FALSE
"Gm33954",FALSE
"Gm37538",FALSE
"Gm34217",FALSE
"Gm37952",FALSE
"Gm37454",FALSE
"Gm37840",FALSE
"Gm37574",FALSE
"Gm35670",FALSE
"Gm37687",FALSE
"Gm38296",FALSE
"Gm36345",FALSE
"Gm37157",FALSE
"Gm20809",FALSE
"Gm37434",FALSE
"Gm30045",FALSE
"Gm21921",FALSE
"Gm37112",FALSE
"Gm37071",FALSE
"Gm37547",FALSE
"Gm30705",FALSE
"Gm21773",FALSE
"Gm37451",FALSE
"Gm37875",FALSE
"Gm31422",FALSE
"Gm37798",FALSE
"Gm37346",FALSE
"Gm38136",FALSE
"Gm37808",FALSE
"Gm32181",FALSE
"Gm28853",FALSE
"Gm28852",FALSE
"Gm28858",FALSE
"Gm20890",FALSE
"Gm28245",FALSE
"Gm28246",FALSE
"Gm28249",FALSE
"Gm28250",FALSE
"Gm28244",FALSE
"Gm29021",FALSE
"Gm28880",FALSE
"Gm21488",FALSE
"Gm28454",FALSE
"Gm28878",FALSE
"Gm29399",FALSE
"Gm28799",FALSE
"Gm28798",FALSE
"Gm20894",FALSE
"Gm28938",FALSE
"Gm29122",FALSE
"Gm28985",FALSE
"Gm28725",FALSE
"Gm28984",FALSE
"Gm28987",FALSE
"Gm28986",FALSE
"Gm28129",FALSE
"Gm28127",FALSE
"Gm28128",FALSE
"Gm28132",FALSE
"Gm28130",FALSE
"Gm28131",FALSE
"Gm29316",FALSE
"Gm29315",FALSE
"Gm28216",FALSE
"Gm28217",FALSE
"Gm28092",FALSE
"Gm28091",FALSE
"Gm29580",FALSE
"Gm28089",FALSE
"Gm28088",FALSE
"Gm29579",FALSE
"Gm29582",FALSE
"Gm21529",FALSE
"Gm29581",FALSE
"Gm21539",FALSE
"Gm29578",FALSE
"Gm21780",FALSE
"Gm28486",FALSE
"Gm28487",FALSE
"Gm28488",FALSE
"Gm28491",FALSE
"Gm28490",FALSE
"Gm21562",FALSE
"Gm28298",FALSE
"Gm21572",FALSE
"Gm28297",FALSE
"Gm21723",FALSE
"Gm28296",FALSE
"Gm21821",FALSE
"Gm28295",FALSE
"Gm21842",FALSE
"Gm28170",FALSE
"Gm28764",FALSE
"Gm28762",FALSE
"Gm28763",FALSE
"Gm21094",FALSE
"Gm21588",FALSE
"Gm28761",FALSE
"Gm21599",FALSE
"Gm28765",FALSE
"Gm21916",FALSE
"Gm29191",FALSE
"Gm28210",FALSE
"Gm29074",FALSE
"Gm28518",FALSE
"Gm28519",FALSE
"Gm28520",FALSE
"Gm20838",FALSE
"Gm21626",FALSE
"Gm28521",FALSE
"Gm21633",FALSE
"Gm28522",FALSE
"Gm28517",FALSE
"Gm29532",FALSE
"Gm29531",FALSE
"Gm28464",FALSE
"Gm29656",FALSE
"Gm29655",FALSE
"Gm29653",FALSE
"Gm29654",FALSE
"Gm29080",FALSE
"Gm29081",FALSE
"Gm29077",FALSE
"Gm29078",FALSE
"Gm29225",FALSE
"Gm29226",FALSE
"Gm20855",FALSE
"Gm29386",FALSE
"Gm29384",FALSE
"Gm28260",FALSE
"Gm28264",FALSE
"Gm28463",FALSE
"Gm28585",FALSE
"Gm20896",FALSE
"Gm28470",FALSE
"Gm28469",FALSE
"Gm28332",FALSE
"Gm28333",FALSE
"Gm28336",FALSE
"Gm28338",FALSE
"Gm28811",FALSE
"Gm28810",FALSE
"Gm20835",FALSE
"Gm29027",FALSE
"Gm29028",FALSE
"Gm29023",FALSE
"Gm29025",FALSE
"Gm28212",FALSE
"Gm20905",FALSE
"Gm28820",FALSE
"Gm29671",FALSE
"Gm20738",FALSE
"Gm28545",FALSE
"Gm28547",FALSE
"Gm28771",FALSE
"Gm28772",FALSE
"Gm20897",FALSE
"Gm28774",FALSE
"Gm28775",FALSE
"Gm28176",FALSE
"Gm28786",FALSE
"Gm29360",FALSE
"Gm29497",FALSE
"Gm29498",FALSE
"Gm36782",FALSE
"Gm29839",FALSE
"Gm28595",FALSE
"Gm21865",FALSE
"Gm29433",FALSE
"Gm29215",FALSE
"Gm21882",FALSE
"Gm21801",FALSE
"Gm28850",FALSE
"Gm21914",FALSE
"Gm28617",FALSE
"Gm28619",FALSE
"Gm28993",FALSE
"Gm28994",FALSE
"Gm21797",FALSE
"Gm20795",FALSE
"Gm28427",FALSE
"Gm21800",FALSE
"Gm28426",FALSE
"Gm28425",FALSE
"Gm28834",FALSE
"Gm29537",FALSE
"Gm29274",FALSE
"Gm29275",FALSE
"Gm29276",FALSE
"Gm29645",FALSE
"Gm28312",FALSE
"Gm29042",FALSE
"Gm28311",FALSE
"Gm28310",FALSE
"Gm28568",FALSE
"Gm29286",FALSE
"Gm29285",FALSE
"Gm28280",FALSE
"Gm28278",FALSE
"Gm28279",FALSE
"Gm21739",FALSE
"Gm28886",FALSE
"Gm29426",FALSE
"Gm28887",FALSE
"Gm29444",FALSE
"Gm29445",FALSE
"Gm28457",FALSE
"Gm28458",FALSE
"Gm28461",FALSE
"Gm28460",FALSE
"Gm28851",FALSE
"Gm28456",FALSE
"Gm29648",FALSE
"Gm29646",FALSE
"Gm28549",FALSE
"Gm29210",FALSE
"Gm29213",FALSE
"Gm28550",FALSE
"Gm28604",FALSE
"Gm28565",FALSE
"Gm28566",FALSE
"Gm28697",FALSE
"Gm28554",FALSE
"Gm21256",FALSE
"Gm29056",FALSE
"Gm29098",FALSE
"Gm29373",FALSE
"Gm29370",FALSE
"Gm29166",FALSE
"Gm28194",FALSE
"Gm20792",FALSE
"Gm28754",FALSE
"Gm28753",FALSE
"Gm29070",FALSE
"Gm28553",FALSE
"Gm28726",FALSE
"Gm29270",FALSE
"Gm29271",FALSE
"Gm21209",FALSE
"Gm28681",FALSE
"Gm28684",FALSE
"Gm28679",FALSE
"Gm28870",FALSE
"Gm29511",FALSE
"Gm29117",FALSE
"Gm20883",FALSE
"Gm29116",FALSE
"Gm29321",FALSE
"Gm21117",FALSE
"Gm28317",FALSE
"Gm28318",FALSE
"Gm28313",FALSE
"Gm28315",FALSE
"Gm28316",FALSE
"Gm28944",FALSE
"Gm28945",FALSE
"Gm28947",FALSE
"Gm20920",FALSE
"Gm28948",FALSE
"Gm28950",FALSE
"Gm29063",FALSE
"Gm28197",FALSE
"Gm28735",FALSE
"Gm21258",FALSE
"Gm28732",FALSE
"Gm28733",FALSE
"Gm28233",FALSE
"Gm28235",FALSE
"Gm28236",FALSE
"Gm20747",FALSE
"Gm29250",FALSE
"Gm29252",FALSE
"Gm29248",FALSE
"Gm28908",FALSE
"Gm20929",FALSE
"Gm28276",FALSE
"Gm28274",FALSE
"Gm28291",FALSE
"Gm28293",FALSE
"Gm29305",FALSE
"Gm29303",FALSE
"Gm29557",FALSE
"Gm29301",FALSE
"Gm20931",FALSE
"Gm29555",FALSE
"Gm28355",FALSE
"Gm28352",FALSE
"Gm21858",FALSE
"Gm28201",FALSE
"Gm28202",FALSE
"Gm28206",FALSE
"Gm28207",FALSE
"Gm28208",FALSE
"Gm29222",FALSE
"Gm29221",TRUE
"Gm29220",FALSE
"Gm29405",FALSE
"Gm29406",FALSE
"Gm29404",FALSE
"Gm28964",FALSE
"Sly",FALSE
"Gm28709",FALSE
"Gm28965",FALSE
"Gm21943",FALSE
"Gm28532",FALSE
"Gm28966",FALSE
"Gm28961",FALSE
"Gm28962",FALSE
"Gm28963",FALSE
"Gm29466",FALSE
"Gm29467",FALSE
"Gm20963",FALSE
"Gm28326",FALSE
"Gm28325",FALSE
"Gm28284",FALSE
"Gm29368",FALSE
"Gm21861",FALSE
"Gm21413",FALSE
"Gm28073",FALSE
"Gm21419",FALSE
"Gm28074",FALSE
"Gm21428",FALSE
"Gm28072",FALSE
"Gm29672",FALSE
"Gm29131",FALSE
"Gm29130",FALSE
"Gm20978",FALSE
"Gm29132",FALSE
"Gm21450",FALSE
"Gm28889",FALSE
"Gm28890",FALSE
"Gm28891",FALSE
"Gm28691",FALSE
"Gm28692",FALSE
"Gm28690",FALSE
"Gm28689",FALSE
"Gm28687",FALSE
"Gm20987",FALSE
"1700040F15Rik",FALSE
"Gm29207",FALSE
"Gm29204",FALSE
"Gm29206",FALSE
"Gm29203",FALSE
"Gm21497",FALSE
"Gm29612",FALSE
"Gm29343",FALSE
"Gm29342",FALSE
"Gm28600",FALSE
"Gm21518",FALSE
"Gm20823",FALSE
"Gm29547",FALSE
"Gm29209",FALSE
"Gm29549",FALSE
"Gm29421",FALSE
"Gm21627",FALSE
"Gm29060",FALSE
"Gm29061",FALSE
"Gm29625",FALSE
"Gm29628",FALSE
"Gm29622",FALSE
"Gm29265",FALSE
"Gm20908",FALSE
"Gm28252",FALSE
"Gm28254",FALSE
"Gm20924",FALSE
"Gm29457",FALSE
"Gm20736",FALSE
"Gm28561",FALSE
"Gm29584",FALSE
"Gm28134",FALSE
"Gm28135",FALSE
"Gm28133",FALSE
"Gm28137",FALSE
"Gm28138",FALSE
"Gm29379",FALSE
"Gm29380",FALSE
"Gm29381",FALSE
"Gm20852",FALSE
"Gm29003",FALSE
"Ssty2",FALSE
"Gm28612",TRUE
"Gm28613",FALSE
"Gm29219",FALSE
"Gm29632",FALSE
"Gm29082",FALSE
"Gm29217",FALSE
"Gm29636",FALSE
"Gm29662",FALSE
"Gm29660",FALSE
"Gm20937",FALSE
"Gm29450",FALSE
"Gm29449",FALSE
"Gm20816",FALSE
"Gm29447",FALSE
"Gm29446",FALSE
"Gm20817",FALSE
"Gm28633",FALSE
"Gm28462",FALSE
"Gm29409",FALSE
"Gm28632",FALSE
"Gm33815",FALSE
"Gm28824",FALSE
"Gm28081",FALSE
"Gm28079",FALSE
"Gm28082",FALSE
"Gm21118",FALSE
"Gm29423",FALSE
"Gm29425",FALSE
"Gm20888",FALSE
"Gm28238",FALSE
"Gm28431",FALSE
"Gm28432",FALSE
"Gm28842",FALSE
"Gm28839",FALSE
"Gm28668",FALSE
"Gm20869",FALSE
"Gm28482",FALSE
"Gm28485",FALSE
"Gm20870",FALSE
"Gm20843",FALSE
"Gm29182",FALSE
"Gm29255",FALSE
"Gm20903",FALSE
"Gm28259",FALSE
"Gm29616",FALSE
"Gm29108",FALSE
"Gm29110",FALSE
"Gm21913",FALSE
"Gm28174",FALSE
"Gm29416",FALSE
"Gm28789",FALSE
"Gm20814",FALSE
"Gm29278",FALSE
"Gm28606",FALSE
"Gm20850",FALSE
"Gm21776",FALSE
"Gm21173",FALSE
"Gm29313",FALSE
"Gm29311",FALSE
"Gm29309",FALSE
"Gm28702",FALSE
"Gm28701",FALSE
"Gm28704",FALSE
"Gm28540",FALSE
"Gm21650",FALSE
"Gm28541",FALSE
"Gm28538",FALSE
"Gm29569",FALSE
"Gm20867",FALSE
"Gm29568",FALSE
"Gm29566",FALSE
"Gm29565",FALSE
"Gm29564",FALSE
"Gm29146",FALSE
"Gm28664",FALSE
"Gm28663",FALSE
"Gm28817",FALSE
"Gm28816",FALSE
"Gm20806",FALSE
"Gm28813",FALSE
"Gm20917",FALSE
"Gm28421",FALSE
"Gm28422",FALSE
"Gm20916",FALSE
"Gm29606",FALSE
"Gm29190",FALSE
"Gm21760",FALSE
"Gm28157",FALSE
"Gm28696",FALSE
"Gm28898",FALSE
"Gm28897",FALSE
"Gm29324",FALSE
"Gm20911",FALSE
"Gm28741",FALSE
"Gm28743",FALSE
"Gm28124",FALSE
"Gm28126",FALSE
"Gm21317",FALSE
"Gm29472",FALSE
"Gm29473",FALSE
"Gm28226",FALSE
"Gm28225",FALSE
"Gm28827",FALSE
"Gm28832",FALSE
"Gm28472",FALSE
"Gm21095",FALSE
"Gm28475",FALSE
"Gm21394",FALSE
"Gm29338",FALSE
"Gm21409",FALSE
"Gm28758",FALSE
"Gm29071",FALSE
"Gm28348",FALSE
"Gm28972",FALSE
"Gm28970",FALSE
"Gm28971",FALSE
"Gm20854",FALSE
"Gm28346",FALSE
"Gm28345",FALSE
"Gm29090",FALSE
"Gm28152",FALSE
"Gm28823",FALSE
"Gm28220",FALSE
"Gm20820",FALSE
"Gm28218",FALSE
"Gm29302",FALSE
"Gm28440",FALSE
"Gm29091",FALSE
"Gm29297",FALSE
"Gm28365",FALSE
"Gm21477",TRUE
"Gm28367",FALSE
"Gm20906",FALSE
"Gm28109",FALSE
"Gm28108",FALSE
"Gm28104",FALSE
"Gm28103",FALSE
"Gm28102",FALSE
"Gm28718",FALSE
"Gm29162",FALSE
"Gm28866",FALSE
"Gm28405",FALSE
"Gm28406",FALSE
"Gm29436",FALSE
"Gm28977",FALSE
"Gm28407",FALSE
"Gm29392",FALSE
"Gm29393",FALSE
"Gm21294",TRUE
"Gm28672",FALSE
"Gm28670",FALSE
"Gm28673",FALSE
"Gm28674",FALSE
"Gm21996",FALSE
"Gm28930",FALSE
"Gm29504",FALSE
"Gm20837",FALSE
"Gm28300",FALSE
"Gm28301",FALSE
"Gm21860",TRUE
"Gm47283",TRUE
"Gm21748",FALSE
"mt-Nd1",TRUE
"mt-Nd2",TRUE
"mt-Co1",TRUE
"mt-Co2",TRUE
"mt-Atp8",TRUE
"mt-Atp6",TRUE
"mt-Co3",TRUE
"mt-Nd3",TRUE
"mt-Nd4l",TRUE
"mt-Nd4",TRUE
"mt-Nd5",TRUE
"mt-Nd6",TRUE
"mt-Cytb",TRUE
"AC125149.3",FALSE
"AC125149.5",FALSE
"AC125149.1",FALSE
"AC125149.2",FALSE
"AC125149.4",FALSE
"AC133103.4",FALSE
"AC133103.6",FALSE
"AC133103.7",FALSE
"AC133103.5",FALSE
"AC133103.1",FALSE
"AC133103.3",FALSE
"AC168977.2",FALSE
"AC168977.1",TRUE
"CAAA01118383.1",TRUE
"Vmn1r186",FALSE
"AC102264.1",FALSE
"AC132444.1",FALSE
"AC132444.3",FALSE
"AC132444.5",TRUE
"AC132444.4",FALSE
"AC132444.2",FALSE
"Csprs",FALSE
"AC132444.6",TRUE
"Vamp7",TRUE
"CAAA01165726.1",TRUE
"Spry3",TRUE
"Tmlhe",TRUE
"Ccl21b.1",FALSE
"AC087559.3",FALSE
"Fam205a4.1",FALSE
"AC087559.2",FALSE
"Ccl21c",FALSE
"AC140325.2",FALSE
"AC140325.1",FALSE
"Gm3286.1",FALSE
"AC140325.3",FALSE
"AC140325.4",FALSE
"Vmn2r122",FALSE
"Il11ra2.1",FALSE
"Ccl27a.1",FALSE
"CR974586.2",FALSE
"Ccl21c.1",FALSE
"CR974586.3",FALSE
"CR974586.5",FALSE
"CR974586.4",FALSE
"4933409K07Rik",TRUE
"CR974586.1",FALSE
"Ccl27a.2",FALSE
"Il11ra2.2",FALSE
"Ccl19.1",FALSE
"Ccl21a.1",FALSE
"Gm10931",TRUE
"CT868723.1",TRUE
"CAAA01147332.1",TRUE
"AC164084.2",FALSE
"AC164084.3",FALSE
"AC164084.1",FALSE
"AC165294.1",FALSE
"AC165294.2",FALSE
"AC165294.3",FALSE
"AC125178.1",FALSE
"AC125178.3",FALSE
"AC125178.2",FALSE
"AC123873.3",FALSE
"AC123873.1",FALSE
"AC123873.2",FALSE
"AC126035.1",FALSE
"Gm16367",FALSE
"AC163611.1",FALSE
"AC163611.2",FALSE
"AC140365.1",FALSE
"AC124606.2",FALSE
"AC124606.1",FALSE
"AC133095.2",FALSE
"AC133095.1",FALSE
"AC234645.1",FALSE
"AC149090.1",TRUE
